Conflicting CPU frequency values detected: 783.149000 != 2100.000000. CPU Frequency is not max.
Conflicting CPU frequency values detected: 789.300000 != 2100.000000. CPU Frequency is not max.
Disabling dynamic polling
---------------------------------------------------------------------------------------
                    RDMA_Write Latency Test
 Dual-port       : OFF		Device         : mlx5_10
 Number of qps   : 1		Transport type : IB
 Connection type : RC		Using SRQ      : OFF
 PCIe relax order: OFF		Lock-free      : OFF
 ibv_wr* API     : ON		Using Enhanced Reorder      : OFF
 TX depth        : 1
 Mtu             : 1024[B]
 Link type       : Ethernet
 GID index       : 3
 Max inline data : 220[B]
 rdma_cm QPs	 : OFF
 Data ex. method : Ethernet
---------------------------------------------------------------------------------------
 local address: LID 0000 QPN 0x01e6 PSN 0x7c1718 RKey 0x04d100 VAddr 0x007f5054842000
 GID: 00:00:00:00:00:00:00:00:00:00:255:255:10:01:04:01
 remote address: LID 0000 QPN 0x020a PSN 0xaee1a7 RKey 0x04d100 VAddr 0x007ffab9096000
 GID: 00:00:00:00:00:00:00:00:00:00:255:255:10:01:04:02
---------------------------------------------------------------------------------------
 #bytes #iterations    t_min[usec]    t_max[usec]  t_typical[usec]    t_avg[usec]    t_stdev[usec]   99% percentile[usec]   99.9% percentile[usec] 
#, usec
1, 113.641
2, 115.795
3, 116.029
4, 117.38
5, 118.765
6, 119.636
7, 120.524
8, 120.689
9, 120.941
10, 121.357
11, 121.634
12, 121.668
13, 121.676
14, 121.863
15, 122.204
16, 122.458
17, 123.16
18, 124.084
19, 124.14
20, 124.245
21, 124.64
22, 124.846
23, 125.612
24, 125.831
25, 125.935
26, 126.569
27, 126.96
28, 127.481
29, 127.493
30, 127.526
31, 127.642
32, 127.69
33, 127.725
34, 127.743
35, 127.793
36, 128.053
37, 128.521
38, 128.626
39, 128.647
40, 128.729
41, 128.861
42, 128.906
43, 128.975
44, 129.231
45, 129.509
46, 129.669
47, 129.677
48, 129.729
49, 129.736
50, 129.87
51, 129.892
52, 130.257
53, 130.421
54, 130.546
55, 130.969
56, 131.004
57, 131.039
58, 131.073
59, 131.369
60, 131.423
61, 131.487
62, 131.528
63, 131.639
64, 131.893
65, 132.024
66, 132.242
67, 132.302
68, 132.648
69, 132.697
70, 132.808
71, 132.821
72, 132.912
73, 133.182
74, 133.239
75, 133.617
76, 133.707
77, 133.84
78, 133.995
79, 134.097
80, 134.144
81, 134.336
82, 134.368
83, 134.43
84, 134.574
85, 134.593
86, 134.7
87, 134.823
88, 135.124
89, 135.126
90, 135.155
91, 135.199
92, 135.291
93, 135.477
94, 135.493
95, 135.536
96, 135.678
97, 135.743
98, 135.748
99, 135.762
100, 135.766
101, 135.776
102, 135.818
103, 135.851
104, 136.058
105, 136.114
106, 136.179
107, 136.277
108, 136.313
109, 136.644
110, 136.645
111, 136.715
112, 136.719
113, 136.792
114, 136.934
115, 136.984
116, 137.023
117, 137.282
118, 137.307
119, 137.342
120, 137.407
121, 137.429
122, 137.471
123, 137.774
124, 137.823
125, 137.907
126, 137.94
127, 137.942
128, 137.952
129, 137.995
130, 138.065
131, 138.088
132, 138.139
133, 138.155
134, 138.186
135, 138.322
136, 138.429
137, 138.46
138, 138.606
139, 138.643
140, 138.645
141, 138.684
142, 138.71
143, 138.863
144, 138.981
145, 139.055
146, 139.062
147, 139.122
148, 139.175
149, 139.323
150, 139.433
151, 139.476
152, 139.521
153, 139.677
154, 139.719
155, 139.746
156, 139.835
157, 140.031
158, 140.062
159, 140.093
160, 140.344
161, 140.358
162, 140.474
163, 140.516
164, 140.713
165, 140.735
166, 140.946
167, 140.973
168, 141.118
169, 141.241
170, 141.329
171, 141.455
172, 141.508
173, 141.591
174, 141.82
175, 141.887
176, 141.891
177, 142.131
178, 142.159
179, 142.184
180, 142.328
181, 142.349
182, 142.384
183, 142.46
184, 142.492
185, 142.503
186, 142.532
187, 142.559
188, 142.562
189, 142.838
190, 142.904
191, 142.91
192, 142.912
193, 142.925
194, 143
195, 143.081
196, 143.139
197, 143.193
198, 143.205
199, 143.21
200, 143.263
201, 143.301
202, 143.364
203, 143.378
204, 143.538
205, 143.567
206, 143.588
207, 143.595
208, 143.649
209, 143.768
210, 143.777
211, 143.779
212, 143.798
213, 143.824
214, 143.83
215, 143.861
216, 143.864
217, 143.9
218, 143.909
219, 143.947
220, 143.957
221, 144.019
222, 144.029
223, 144.088
224, 144.089
225, 144.164
226, 144.276
227, 144.313
228, 144.315
229, 144.33
230, 144.406
231, 144.521
232, 144.524
233, 144.558
234, 144.619
235, 144.687
236, 144.691
237, 144.711
238, 144.796
239, 144.961
240, 144.977
241, 144.994
242, 145.025
243, 145.126
244, 145.169
245, 145.271
246, 145.411
247, 145.444
248, 145.451
249, 145.551
250, 145.562
251, 145.619
252, 145.649
253, 145.721
254, 145.953
255, 146.151
256, 146.167
257, 146.203
258, 146.225
259, 146.236
260, 146.263
261, 146.297
262, 146.334
263, 146.366
264, 146.378
265, 146.47
266, 146.634
267, 146.659
268, 146.678
269, 146.759
270, 146.763
271, 146.765
272, 146.803
273, 146.816
274, 146.837
275, 146.893
276, 147.044
277, 147.06
278, 147.096
279, 147.149
280, 147.162
281, 147.173
282, 147.207
283, 147.255
284, 147.342
285, 147.384
286, 147.456
287, 147.508
288, 147.527
289, 147.603
290, 147.614
291, 147.618
292, 147.713
293, 147.715
294, 147.752
295, 147.795
296, 147.842
297, 147.857
298, 148.015
299, 148.033
300, 148.062
301, 148.075
302, 148.213
303, 148.229
304, 148.247
305, 148.318
306, 148.328
307, 148.329
308, 148.349
309, 148.382
310, 148.427
311, 148.438
312, 148.446
313, 148.46
314, 148.461
315, 148.485
316, 148.498
317, 148.507
318, 148.557
319, 148.62
320, 148.65
321, 148.68
322, 148.691
323, 148.692
324, 148.714
325, 148.76
326, 148.789
327, 148.814
328, 148.903
329, 148.906
330, 148.933
331, 148.953
332, 148.966
333, 148.987
334, 148.994
335, 149.041
336, 149.132
337, 149.152
338, 149.203
339, 149.231
340, 149.238
341, 149.24
342, 149.267
343, 149.285
344, 149.296
345, 149.303
346, 149.34
347, 149.348
348, 149.35
349, 149.364
350, 149.365
351, 149.388
352, 149.388
353, 149.405
354, 149.417
355, 149.477
356, 149.486
357, 149.588
358, 149.611
359, 149.677
360, 149.712
361, 149.739
362, 149.763
363, 149.805
364, 149.806
365, 149.941
366, 150.021
367, 150.134
368, 150.146
369, 150.147
370, 150.203
371, 150.203
372, 150.23
373, 150.332
374, 150.341
375, 150.354
376, 150.403
377, 150.424
378, 150.425
379, 150.466
380, 150.469
381, 150.551
382, 150.58
383, 150.671
384, 150.783
385, 150.837
386, 150.86
387, 150.891
388, 150.907
389, 150.977
390, 150.982
391, 150.992
392, 150.994
393, 150.998
394, 151.036
395, 151.078
396, 151.138
397, 151.14
398, 151.146
399, 151.179
400, 151.214
401, 151.326
402, 151.329
403, 151.411
404, 151.416
405, 151.436
406, 151.465
407, 151.486
408, 151.519
409, 151.535
410, 151.545
411, 151.638
412, 151.692
413, 151.804
414, 151.82
415, 151.883
416, 151.928
417, 151.981
418, 151.994
419, 151.998
420, 151.999
421, 152.006
422, 152.106
423, 152.115
424, 152.161
425, 152.179
426, 152.182
427, 152.218
428, 152.226
429, 152.251
430, 152.261
431, 152.273
432, 152.296
433, 152.33
434, 152.33
435, 152.344
436, 152.357
437, 152.37
438, 152.415
439, 152.446
440, 152.458
441, 152.481
442, 152.52
443, 152.524
444, 152.537
445, 152.548
446, 152.561
447, 152.565
448, 152.643
449, 152.659
450, 152.688
451, 152.739
452, 152.74
453, 152.743
454, 152.745
455, 152.78
456, 152.79
457, 152.795
458, 152.849
459, 152.909
460, 152.938
461, 152.948
462, 153.001
463, 153.039
464, 153.057
465, 153.174
466, 153.207
467, 153.229
468, 153.29
469, 153.296
470, 153.298
471, 153.369
472, 153.43
473, 153.451
474, 153.487
475, 153.509
476, 153.51
477, 153.545
478, 153.585
479, 153.593
480, 153.664
481, 153.692
482, 153.693
483, 153.697
484, 153.712
485, 153.719
486, 153.759
487, 153.814
488, 153.854
489, 153.883
490, 153.898
491, 153.929
492, 153.994
493, 154.004
494, 154.044
495, 154.055
496, 154.085
497, 154.095
498, 154.107
499, 154.111
500, 154.183
501, 154.192
502, 154.194
503, 154.222
504, 154.249
505, 154.254
506, 154.264
507, 154.278
508, 154.338
509, 154.347
510, 154.359
511, 154.367
512, 154.375
513, 154.404
514, 154.475
515, 154.508
516, 154.514
517, 154.517
518, 154.588
519, 154.615
520, 154.654
521, 154.663
522, 154.705
523, 154.714
524, 154.73
525, 154.737
526, 154.74
527, 154.751
528, 154.759
529, 154.765
530, 154.77
531, 154.77
532, 154.772
533, 154.781
534, 154.804
535, 154.824
536, 154.851
537, 154.858
538, 154.866
539, 154.87
540, 154.874
541, 154.884
542, 154.954
543, 155.058
544, 155.087
545, 155.133
546, 155.154
547, 155.154
548, 155.175
549, 155.207
550, 155.229
551, 155.233
552, 155.307
553, 155.317
554, 155.328
555, 155.336
556, 155.35
557, 155.385
558, 155.426
559, 155.496
560, 155.509
561, 155.512
562, 155.536
563, 155.539
564, 155.565
565, 155.582
566, 155.61
567, 155.636
568, 155.651
569, 155.679
570, 155.686
571, 155.715
572, 155.717
573, 155.769
574, 155.784
575, 155.786
576, 155.793
577, 155.837
578, 155.88
579, 155.894
580, 155.942
581, 156.018
582, 156.04
583, 156.04
584, 156.048
585, 156.083
586, 156.159
587, 156.173
588, 156.189
589, 156.195
590, 156.235
591, 156.287
592, 156.311
593, 156.323
594, 156.348
595, 156.354
596, 156.358
597, 156.372
598, 156.398
599, 156.45
600, 156.459
601, 156.459
602, 156.463
603, 156.469
604, 156.49
605, 156.494
606, 156.513
607, 156.542
608, 156.601
609, 156.603
610, 156.616
611, 156.661
612, 156.707
613, 156.77
614, 156.813
615, 156.816
616, 156.821
617, 156.875
618, 156.905
619, 156.907
620, 156.924
621, 156.944
622, 156.96
623, 156.983
624, 157.065
625, 157.084
626, 157.121
627, 157.125
628, 157.173
629, 157.216
630, 157.251
631, 157.256
632, 157.276
633, 157.306
634, 157.308
635, 157.318
636, 157.344
637, 157.451
638, 157.51
639, 157.56
640, 157.561
641, 157.592
642, 157.644
643, 157.648
644, 157.653
645, 157.661
646, 157.664
647, 157.675
648, 157.701
649, 157.817
650, 157.817
651, 157.889
652, 157.899
653, 157.913
654, 157.913
655, 157.937
656, 157.947
657, 157.951
658, 157.991
659, 158.061
660, 158.108
661, 158.135
662, 158.164
663, 158.202
664, 158.216
665, 158.257
666, 158.259
667, 158.295
668, 158.297
669, 158.31
670, 158.311
671, 158.361
672, 158.377
673, 158.382
674, 158.4
675, 158.433
676, 158.475
677, 158.479
678, 158.495
679, 158.497
680, 158.519
681, 158.538
682, 158.619
683, 158.644
684, 158.652
685, 158.662
686, 158.675
687, 158.681
688, 158.687
689, 158.701
690, 158.73
691, 158.733
692, 158.764
693, 158.766
694, 158.768
695, 158.792
696, 158.795
697, 158.795
698, 158.815
699, 158.866
700, 158.877
701, 158.908
702, 158.914
703, 158.921
704, 158.942
705, 158.961
706, 158.972
707, 158.974
708, 159.02
709, 159.021
710, 159.047
711, 159.058
712, 159.069
713, 159.093
714, 159.122
715, 159.127
716, 159.132
717, 159.202
718, 159.228
719, 159.241
720, 159.242
721, 159.253
722, 159.259
723, 159.342
724, 159.372
725, 159.376
726, 159.378
727, 159.382
728, 159.442
729, 159.48
730, 159.481
731, 159.481
732, 159.483
733, 159.492
734, 159.501
735, 159.521
736, 159.522
737, 159.544
738, 159.549
739, 159.552
740, 159.563
741, 159.589
742, 159.595
743, 159.602
744, 159.607
745, 159.649
746, 159.653
747, 159.654
748, 159.67
749, 159.711
750, 159.729
751, 159.742
752, 159.748
753, 159.764
754, 159.788
755, 159.797
756, 159.798
757, 159.828
758, 159.831
759, 159.839
760, 159.867
761, 159.874
762, 159.877
763, 159.883
764, 159.908
765, 159.909
766, 159.909
767, 159.931
768, 159.939
769, 159.952
770, 159.965
771, 160.002
772, 160.023
773, 160.025
774, 160.027
775, 160.028
776, 160.035
777, 160.039
778, 160.11
779, 160.143
780, 160.15
781, 160.157
782, 160.209
783, 160.225
784, 160.23
785, 160.243
786, 160.292
787, 160.328
788, 160.331
789, 160.371
790, 160.374
791, 160.374
792, 160.376
793, 160.383
794, 160.391
795, 160.441
796, 160.443
797, 160.474
798, 160.506
799, 160.526
800, 160.537
801, 160.564
802, 160.601
803, 160.608
804, 160.656
805, 160.683
806, 160.694
807, 160.701
808, 160.707
809, 160.734
810, 160.763
811, 160.78
812, 160.791
813, 160.791
814, 160.852
815, 160.886
816, 160.899
817, 160.911
818, 160.911
819, 160.947
820, 160.969
821, 160.976
822, 160.994
823, 161.053
824, 161.081
825, 161.101
826, 161.117
827, 161.159
828, 161.175
829, 161.214
830, 161.227
831, 161.239
832, 161.24
833, 161.267
834, 161.317
835, 161.33
836, 161.347
837, 161.366
838, 161.385
839, 161.428
840, 161.432
841, 161.471
842, 161.475
843, 161.484
844, 161.493
845, 161.509
846, 161.523
847, 161.524
848, 161.531
849, 161.539
850, 161.599
851, 161.643
852, 161.648
853, 161.656
854, 161.688
855, 161.731
856, 161.743
857, 161.748
858, 161.755
859, 161.756
860, 161.761
861, 161.773
862, 161.786
863, 161.856
864, 161.874
865, 161.877
866, 161.911
867, 161.917
868, 161.925
869, 161.932
870, 161.934
871, 161.952
872, 162.008
873, 162.023
874, 162.034
875, 162.042
876, 162.047
877, 162.05
878, 162.077
879, 162.104
880, 162.165
881, 162.18
882, 162.24
883, 162.262
884, 162.279
885, 162.28
886, 162.31
887, 162.33
888, 162.339
889, 162.344
890, 162.366
891, 162.37
892, 162.375
893, 162.376
894, 162.401
895, 162.403
896, 162.407
897, 162.433
898, 162.454
899, 162.462
900, 162.475
901, 162.52
902, 162.524
903, 162.532
904, 162.534
905, 162.541
906, 162.55
907, 162.564
908, 162.572
909, 162.581
910, 162.583
911, 162.586
912, 162.587
913, 162.619
914, 162.648
915, 162.674
916, 162.705
917, 162.717
918, 162.744
919, 162.75
920, 162.759
921, 162.764
922, 162.768
923, 162.786
924, 162.788
925, 162.789
926, 162.811
927, 162.824
928, 162.843
929, 162.844
930, 162.861
931, 162.933
932, 162.936
933, 162.951
934, 162.976
935, 162.98
936, 162.98
937, 162.997
938, 163.005
939, 163.059
940, 163.093
941, 163.103
942, 163.108
943, 163.108
944, 163.147
945, 163.149
946, 163.16
947, 163.165
948, 163.173
949, 163.175
950, 163.194
951, 163.208
952, 163.22
953, 163.223
954, 163.299
955, 163.304
956, 163.311
957, 163.342
958, 163.349
959, 163.357
960, 163.377
961, 163.38
962, 163.381
963, 163.406
964, 163.42
965, 163.422
966, 163.427
967, 163.441
968, 163.445
969, 163.449
970, 163.454
971, 163.464
972, 163.481
973, 163.484
974, 163.492
975, 163.51
976, 163.51
977, 163.521
978, 163.521
979, 163.528
980, 163.556
981, 163.558
982, 163.559
983, 163.606
984, 163.611
985, 163.644
986, 163.647
987, 163.648
988, 163.649
989, 163.659
990, 163.689
991, 163.697
992, 163.707
993, 163.709
994, 163.72
995, 163.731
996, 163.739
997, 163.741
998, 163.745
999, 163.746
1000, 163.774
1001, 163.792
1002, 163.807
1003, 163.825
1004, 163.83
1005, 163.833
1006, 163.849
1007, 163.855
1008, 163.857
1009, 163.864
1010, 163.874
1011, 163.875
1012, 163.96
1013, 163.966
1014, 163.982
1015, 163.985
1016, 164.007
1017, 164.008
1018, 164.014
1019, 164.041
1020, 164.058
1021, 164.069
1022, 164.077
1023, 164.078
1024, 164.079
1025, 164.091
1026, 164.103
1027, 164.144
1028, 164.164
1029, 164.165
1030, 164.178
1031, 164.189
1032, 164.211
1033, 164.236
1034, 164.238
1035, 164.242
1036, 164.267
1037, 164.278
1038, 164.283
1039, 164.29
1040, 164.298
1041, 164.32
1042, 164.321
1043, 164.324
1044, 164.329
1045, 164.331
1046, 164.343
1047, 164.349
1048, 164.357
1049, 164.358
1050, 164.36
1051, 164.361
1052, 164.374
1053, 164.379
1054, 164.386
1055, 164.388
1056, 164.39
1057, 164.394
1058, 164.396
1059, 164.41
1060, 164.416
1061, 164.435
1062, 164.437
1063, 164.443
1064, 164.461
1065, 164.466
1066, 164.487
1067, 164.488
1068, 164.494
1069, 164.499
1070, 164.519
1071, 164.526
1072, 164.534
1073, 164.535
1074, 164.542
1075, 164.568
1076, 164.585
1077, 164.606
1078, 164.609
1079, 164.612
1080, 164.621
1081, 164.632
1082, 164.633
1083, 164.636
1084, 164.637
1085, 164.638
1086, 164.644
1087, 164.645
1088, 164.679
1089, 164.683
1090, 164.684
1091, 164.689
1092, 164.726
1093, 164.759
1094, 164.787
1095, 164.808
1096, 164.817
1097, 164.823
1098, 164.829
1099, 164.85
1100, 164.855
1101, 164.888
1102, 164.899
1103, 164.917
1104, 164.92
1105, 164.922
1106, 164.939
1107, 164.943
1108, 164.943
1109, 164.991
1110, 165
1111, 165.003
1112, 165.017
1113, 165.018
1114, 165.032
1115, 165.036
1116, 165.042
1117, 165.043
1118, 165.092
1119, 165.101
1120, 165.121
1121, 165.144
1122, 165.152
1123, 165.152
1124, 165.156
1125, 165.169
1126, 165.17
1127, 165.218
1128, 165.227
1129, 165.256
1130, 165.287
1131, 165.298
1132, 165.319
1133, 165.332
1134, 165.345
1135, 165.371
1136, 165.373
1137, 165.39
1138, 165.395
1139, 165.397
1140, 165.401
1141, 165.406
1142, 165.439
1143, 165.446
1144, 165.453
1145, 165.474
1146, 165.488
1147, 165.491
1148, 165.507
1149, 165.554
1150, 165.56
1151, 165.566
1152, 165.578
1153, 165.606
1154, 165.607
1155, 165.617
1156, 165.628
1157, 165.642
1158, 165.671
1159, 165.683
1160, 165.7
1161, 165.703
1162, 165.732
1163, 165.735
1164, 165.768
1165, 165.769
1166, 165.78
1167, 165.796
1168, 165.808
1169, 165.825
1170, 165.84
1171, 165.842
1172, 165.853
1173, 165.855
1174, 165.864
1175, 165.871
1176, 165.897
1177, 165.905
1178, 165.909
1179, 165.915
1180, 165.918
1181, 165.919
1182, 165.922
1183, 165.924
1184, 165.929
1185, 165.931
1186, 165.937
1187, 165.958
1188, 165.963
1189, 165.99
1190, 165.999
1191, 166.018
1192, 166.034
1193, 166.039
1194, 166.051
1195, 166.057
1196, 166.075
1197, 166.096
1198, 166.108
1199, 166.129
1200, 166.132
1201, 166.134
1202, 166.138
1203, 166.155
1204, 166.157
1205, 166.19
1206, 166.192
1207, 166.203
1208, 166.222
1209, 166.229
1210, 166.247
1211, 166.269
1212, 166.295
1213, 166.313
1214, 166.315
1215, 166.318
1216, 166.341
1217, 166.345
1218, 166.353
1219, 166.368
1220, 166.389
1221, 166.39
1222, 166.401
1223, 166.409
1224, 166.433
1225, 166.439
1226, 166.439
1227, 166.45
1228, 166.49
1229, 166.491
1230, 166.525
1231, 166.53
1232, 166.551
1233, 166.579
1234, 166.58
1235, 166.61
1236, 166.618
1237, 166.661
1238, 166.667
1239, 166.667
1240, 166.679
1241, 166.7
1242, 166.734
1243, 166.745
1244, 166.776
1245, 166.779
1246, 166.784
1247, 166.787
1248, 166.798
1249, 166.814
1250, 166.815
1251, 166.829
1252, 166.829
1253, 166.842
1254, 166.859
1255, 166.877
1256, 166.902
1257, 166.921
1258, 166.928
1259, 166.952
1260, 166.967
1261, 166.978
1262, 166.981
1263, 166.982
1264, 167.001
1265, 167.008
1266, 167.034
1267, 167.052
1268, 167.067
1269, 167.091
1270, 167.099
1271, 167.126
1272, 167.127
1273, 167.144
1274, 167.148
1275, 167.179
1276, 167.192
1277, 167.206
1278, 167.217
1279, 167.223
1280, 167.235
1281, 167.237
1282, 167.244
1283, 167.249
1284, 167.273
1285, 167.29
1286, 167.306
1287, 167.338
1288, 167.342
1289, 167.386
1290, 167.397
1291, 167.402
1292, 167.404
1293, 167.42
1294, 167.423
1295, 167.438
1296, 167.439
1297, 167.443
1298, 167.443
1299, 167.445
1300, 167.45
1301, 167.457
1302, 167.457
1303, 167.464
1304, 167.464
1305, 167.467
1306, 167.484
1307, 167.501
1308, 167.522
1309, 167.523
1310, 167.53
1311, 167.532
1312, 167.536
1313, 167.539
1314, 167.539
1315, 167.587
1316, 167.613
1317, 167.615
1318, 167.623
1319, 167.632
1320, 167.641
1321, 167.644
1322, 167.649
1323, 167.652
1324, 167.653
1325, 167.66
1326, 167.687
1327, 167.731
1328, 167.731
1329, 167.754
1330, 167.763
1331, 167.766
1332, 167.772
1333, 167.779
1334, 167.781
1335, 167.795
1336, 167.802
1337, 167.804
1338, 167.824
1339, 167.833
1340, 167.834
1341, 167.873
1342, 167.876
1343, 167.883
1344, 167.898
1345, 167.918
1346, 167.933
1347, 167.935
1348, 167.957
1349, 167.977
1350, 168.027
1351, 168.029
1352, 168.031
1353, 168.037
1354, 168.037
1355, 168.067
1356, 168.078
1357, 168.081
1358, 168.096
1359, 168.099
1360, 168.122
1361, 168.137
1362, 168.143
1363, 168.158
1364, 168.19
1365, 168.194
1366, 168.2
1367, 168.201
1368, 168.208
1369, 168.211
1370, 168.224
1371, 168.226
1372, 168.242
1373, 168.249
1374, 168.27
1375, 168.274
1376, 168.295
1377, 168.296
1378, 168.319
1379, 168.326
1380, 168.345
1381, 168.364
1382, 168.366
1383, 168.368
1384, 168.398
1385, 168.415
1386, 168.417
1387, 168.448
1388, 168.451
1389, 168.452
1390, 168.466
1391, 168.482
1392, 168.485
1393, 168.487
1394, 168.513
1395, 168.532
1396, 168.532
1397, 168.537
1398, 168.54
1399, 168.559
1400, 168.562
1401, 168.57
1402, 168.584
1403, 168.608
1404, 168.613
1405, 168.617
1406, 168.634
1407, 168.635
1408, 168.647
1409, 168.688
1410, 168.691
1411, 168.691
1412, 168.702
1413, 168.713
1414, 168.715
1415, 168.725
1416, 168.749
1417, 168.758
1418, 168.769
1419, 168.805
1420, 168.821
1421, 168.827
1422, 168.835
1423, 168.852
1424, 168.855
1425, 168.863
1426, 168.876
1427, 168.897
1428, 168.9
1429, 168.906
1430, 168.907
1431, 168.911
1432, 168.919
1433, 168.939
1434, 168.939
1435, 168.944
1436, 168.947
1437, 168.969
1438, 168.969
1439, 168.975
1440, 168.977
1441, 168.989
1442, 168.992
1443, 169.002
1444, 169.031
1445, 169.052
1446, 169.054
1447, 169.061
1448, 169.066
1449, 169.073
1450, 169.085
1451, 169.09
1452, 169.119
1453, 169.126
1454, 169.129
1455, 169.144
1456, 169.151
1457, 169.164
1458, 169.211
1459, 169.212
1460, 169.245
1461, 169.249
1462, 169.25
1463, 169.278
1464, 169.293
1465, 169.34
1466, 169.409
1467, 169.411
1468, 169.425
1469, 169.44
1470, 169.464
1471, 169.476
1472, 169.479
1473, 169.485
1474, 169.486
1475, 169.496
1476, 169.497
1477, 169.525
1478, 169.529
1479, 169.543
1480, 169.561
1481, 169.569
1482, 169.573
1483, 169.574
1484, 169.581
1485, 169.606
1486, 169.609
1487, 169.614
1488, 169.632
1489, 169.636
1490, 169.644
1491, 169.654
1492, 169.663
1493, 169.67
1494, 169.67
1495, 169.676
1496, 169.689
1497, 169.697
1498, 169.712
1499, 169.735
1500, 169.742
1501, 169.745
1502, 169.751
1503, 169.751
1504, 169.76
1505, 169.773
1506, 169.773
1507, 169.775
1508, 169.784
1509, 169.787
1510, 169.799
1511, 169.808
1512, 169.819
1513, 169.825
1514, 169.828
1515, 169.839
1516, 169.842
1517, 169.844
1518, 169.847
1519, 169.855
1520, 169.855
1521, 169.87
1522, 169.877
1523, 169.88
1524, 169.883
1525, 169.896
1526, 169.903
1527, 169.913
1528, 169.925
1529, 169.933
1530, 169.936
1531, 169.963
1532, 169.982
1533, 169.988
1534, 169.996
1535, 170.007
1536, 170.023
1537, 170.046
1538, 170.057
1539, 170.059
1540, 170.06
1541, 170.087
1542, 170.089
1543, 170.109
1544, 170.118
1545, 170.128
1546, 170.131
1547, 170.134
1548, 170.138
1549, 170.151
1550, 170.164
1551, 170.171
1552, 170.175
1553, 170.186
1554, 170.189
1555, 170.22
1556, 170.243
1557, 170.244
1558, 170.244
1559, 170.244
1560, 170.245
1561, 170.257
1562, 170.266
1563, 170.269
1564, 170.275
1565, 170.299
1566, 170.307
1567, 170.333
1568, 170.343
1569, 170.345
1570, 170.346
1571, 170.385
1572, 170.386
1573, 170.392
1574, 170.42
1575, 170.421
1576, 170.435
1577, 170.435
1578, 170.459
1579, 170.464
1580, 170.473
1581, 170.486
1582, 170.49
1583, 170.49
1584, 170.501
1585, 170.506
1586, 170.519
1587, 170.529
1588, 170.549
1589, 170.566
1590, 170.571
1591, 170.587
1592, 170.596
1593, 170.596
1594, 170.598
1595, 170.602
1596, 170.617
1597, 170.638
1598, 170.646
1599, 170.649
1600, 170.65
1601, 170.65
1602, 170.657
1603, 170.69
1604, 170.697
1605, 170.698
1606, 170.705
1607, 170.71
1608, 170.72
1609, 170.723
1610, 170.735
1611, 170.742
1612, 170.743
1613, 170.762
1614, 170.766
1615, 170.768
1616, 170.788
1617, 170.793
1618, 170.81
1619, 170.812
1620, 170.816
1621, 170.817
1622, 170.823
1623, 170.827
1624, 170.827
1625, 170.829
1626, 170.829
1627, 170.833
1628, 170.836
1629, 170.854
1630, 170.863
1631, 170.881
1632, 170.885
1633, 170.885
1634, 170.892
1635, 170.926
1636, 170.938
1637, 170.948
1638, 170.973
1639, 170.981
1640, 171.005
1641, 171.006
1642, 171.011
1643, 171.021
1644, 171.023
1645, 171.041
1646, 171.042
1647, 171.053
1648, 171.062
1649, 171.064
1650, 171.066
1651, 171.072
1652, 171.081
1653, 171.105
1654, 171.113
1655, 171.122
1656, 171.135
1657, 171.152
1658, 171.156
1659, 171.183
1660, 171.198
1661, 171.204
1662, 171.226
1663, 171.226
1664, 171.248
1665, 171.256
1666, 171.268
1667, 171.275
1668, 171.295
1669, 171.297
1670, 171.348
1671, 171.357
1672, 171.361
1673, 171.367
1674, 171.373
1675, 171.391
1676, 171.394
1677, 171.424
1678, 171.431
1679, 171.438
1680, 171.439
1681, 171.44
1682, 171.441
1683, 171.461
1684, 171.464
1685, 171.466
1686, 171.486
1687, 171.498
1688, 171.51
1689, 171.52
1690, 171.546
1691, 171.547
1692, 171.548
1693, 171.56
1694, 171.56
1695, 171.567
1696, 171.582
1697, 171.585
1698, 171.586
1699, 171.59
1700, 171.593
1701, 171.597
1702, 171.62
1703, 171.636
1704, 171.656
1705, 171.666
1706, 171.669
1707, 171.69
1708, 171.701
1709, 171.731
1710, 171.735
1711, 171.738
1712, 171.744
1713, 171.756
1714, 171.761
1715, 171.767
1716, 171.769
1717, 171.783
1718, 171.789
1719, 171.795
1720, 171.8
1721, 171.801
1722, 171.81
1723, 171.813
1724, 171.83
1725, 171.834
1726, 171.834
1727, 171.872
1728, 171.881
1729, 171.885
1730, 171.904
1731, 171.918
1732, 171.935
1733, 171.953
1734, 171.967
1735, 171.968
1736, 171.987
1737, 172.009
1738, 172.015
1739, 172.019
1740, 172.025
1741, 172.029
1742, 172.051
1743, 172.052
1744, 172.052
1745, 172.052
1746, 172.057
1747, 172.063
1748, 172.082
1749, 172.092
1750, 172.096
1751, 172.124
1752, 172.134
1753, 172.143
1754, 172.15
1755, 172.161
1756, 172.178
1757, 172.179
1758, 172.182
1759, 172.187
1760, 172.19
1761, 172.205
1762, 172.232
1763, 172.239
1764, 172.267
1765, 172.279
1766, 172.29
1767, 172.304
1768, 172.323
1769, 172.326
1770, 172.334
1771, 172.349
1772, 172.354
1773, 172.363
1774, 172.366
1775, 172.37
1776, 172.374
1777, 172.386
1778, 172.391
1779, 172.412
1780, 172.431
1781, 172.443
1782, 172.475
1783, 172.481
1784, 172.485
1785, 172.491
1786, 172.495
1787, 172.502
1788, 172.504
1789, 172.509
1790, 172.515
1791, 172.528
1792, 172.529
1793, 172.532
1794, 172.535
1795, 172.537
1796, 172.537
1797, 172.538
1798, 172.553
1799, 172.566
1800, 172.59
1801, 172.602
1802, 172.611
1803, 172.614
1804, 172.615
1805, 172.627
1806, 172.635
1807, 172.64
1808, 172.641
1809, 172.648
1810, 172.654
1811, 172.655
1812, 172.658
1813, 172.658
1814, 172.658
1815, 172.665
1816, 172.676
1817, 172.683
1818, 172.698
1819, 172.733
1820, 172.743
1821, 172.747
1822, 172.754
1823, 172.756
1824, 172.757
1825, 172.794
1826, 172.802
1827, 172.807
1828, 172.808
1829, 172.815
1830, 172.829
1831, 172.846
1832, 172.846
1833, 172.863
1834, 172.864
1835, 172.873
1836, 172.902
1837, 172.912
1838, 172.93
1839, 172.93
1840, 172.934
1841, 172.943
1842, 172.945
1843, 172.951
1844, 172.961
1845, 172.967
1846, 172.969
1847, 172.973
1848, 172.979
1849, 172.984
1850, 173.008
1851, 173.009
1852, 173.013
1853, 173.016
1854, 173.044
1855, 173.07
1856, 173.081
1857, 173.087
1858, 173.095
1859, 173.114
1860, 173.116
1861, 173.135
1862, 173.142
1863, 173.145
1864, 173.148
1865, 173.163
1866, 173.164
1867, 173.164
1868, 173.171
1869, 173.178
1870, 173.182
1871, 173.188
1872, 173.19
1873, 173.212
1874, 173.217
1875, 173.219
1876, 173.224
1877, 173.224
1878, 173.245
1879, 173.255
1880, 173.259
1881, 173.267
1882, 173.283
1883, 173.285
1884, 173.292
1885, 173.299
1886, 173.302
1887, 173.314
1888, 173.333
1889, 173.349
1890, 173.378
1891, 173.379
1892, 173.39
1893, 173.406
1894, 173.41
1895, 173.415
1896, 173.417
1897, 173.424
1898, 173.435
1899, 173.461
1900, 173.468
1901, 173.507
1902, 173.51
1903, 173.515
1904, 173.535
1905, 173.544
1906, 173.546
1907, 173.55
1908, 173.555
1909, 173.556
1910, 173.574
1911, 173.584
1912, 173.586
1913, 173.592
1914, 173.596
1915, 173.614
1916, 173.639
1917, 173.648
1918, 173.655
1919, 173.669
1920, 173.67
1921, 173.67
1922, 173.682
1923, 173.692
1924, 173.698
1925, 173.702
1926, 173.707
1927, 173.708
1928, 173.712
1929, 173.718
1930, 173.722
1931, 173.74
1932, 173.749
1933, 173.774
1934, 173.776
1935, 173.782
1936, 173.788
1937, 173.797
1938, 173.804
1939, 173.804
1940, 173.817
1941, 173.818
1942, 173.827
1943, 173.833
1944, 173.836
1945, 173.84
1946, 173.846
1947, 173.869
1948, 173.894
1949, 173.922
1950, 173.922
1951, 173.926
1952, 173.927
1953, 173.939
1954, 173.952
1955, 173.969
1956, 173.974
1957, 173.984
1958, 173.992
1959, 173.999
1960, 174.005
1961, 174.006
1962, 174.062
1963, 174.067
1964, 174.075
1965, 174.081
1966, 174.082
1967, 174.083
1968, 174.084
1969, 174.094
1970, 174.106
1971, 174.112
1972, 174.115
1973, 174.129
1974, 174.142
1975, 174.152
1976, 174.161
1977, 174.163
1978, 174.166
1979, 174.168
1980, 174.178
1981, 174.182
1982, 174.191
1983, 174.2
1984, 174.211
1985, 174.217
1986, 174.223
1987, 174.231
1988, 174.234
1989, 174.239
1990, 174.243
1991, 174.243
1992, 174.263
1993, 174.269
1994, 174.27
1995, 174.279
1996, 174.288
1997, 174.289
1998, 174.299
1999, 174.3
2000, 174.314
2001, 174.331
2002, 174.334
2003, 174.335
2004, 174.339
2005, 174.343
2006, 174.356
2007, 174.369
2008, 174.391
2009, 174.393
2010, 174.415
2011, 174.416
2012, 174.428
2013, 174.462
2014, 174.464
2015, 174.472
2016, 174.525
2017, 174.526
2018, 174.53
2019, 174.538
2020, 174.538
2021, 174.543
2022, 174.547
2023, 174.548
2024, 174.564
2025, 174.575
2026, 174.582
2027, 174.587
2028, 174.591
2029, 174.603
2030, 174.615
2031, 174.617
2032, 174.622
2033, 174.628
2034, 174.629
2035, 174.629
2036, 174.644
2037, 174.645
2038, 174.658
2039, 174.666
2040, 174.674
2041, 174.678
2042, 174.679
2043, 174.687
2044, 174.692
2045, 174.694
2046, 174.697
2047, 174.715
2048, 174.717
2049, 174.724
2050, 174.755
2051, 174.78
2052, 174.785
2053, 174.787
2054, 174.787
2055, 174.792
2056, 174.799
2057, 174.806
2058, 174.81
2059, 174.817
2060, 174.826
2061, 174.828
2062, 174.833
2063, 174.838
2064, 174.847
2065, 174.848
2066, 174.852
2067, 174.858
2068, 174.862
2069, 174.863
2070, 174.871
2071, 174.871
2072, 174.881
2073, 174.886
2074, 174.887
2075, 174.89
2076, 174.909
2077, 174.916
2078, 174.921
2079, 174.944
2080, 174.958
2081, 174.967
2082, 174.972
2083, 174.973
2084, 174.98
2085, 174.982
2086, 174.994
2087, 175
2088, 175.034
2089, 175.036
2090, 175.071
2091, 175.071
2092, 175.072
2093, 175.084
2094, 175.084
2095, 175.092
2096, 175.096
2097, 175.102
2098, 175.106
2099, 175.128
2100, 175.13
2101, 175.136
2102, 175.137
2103, 175.144
2104, 175.156
2105, 175.158
2106, 175.162
2107, 175.17
2108, 175.175
2109, 175.182
2110, 175.187
2111, 175.188
2112, 175.19
2113, 175.191
2114, 175.217
2115, 175.22
2116, 175.258
2117, 175.272
2118, 175.277
2119, 175.296
2120, 175.296
2121, 175.305
2122, 175.311
2123, 175.344
2124, 175.352
2125, 175.366
2126, 175.367
2127, 175.371
2128, 175.377
2129, 175.383
2130, 175.394
2131, 175.404
2132, 175.404
2133, 175.409
2134, 175.413
2135, 175.413
2136, 175.421
2137, 175.421
2138, 175.429
2139, 175.431
2140, 175.435
2141, 175.457
2142, 175.466
2143, 175.494
2144, 175.51
2145, 175.514
2146, 175.524
2147, 175.524
2148, 175.526
2149, 175.53
2150, 175.536
2151, 175.557
2152, 175.569
2153, 175.569
2154, 175.591
2155, 175.598
2156, 175.608
2157, 175.614
2158, 175.617
2159, 175.62
2160, 175.626
2161, 175.628
2162, 175.631
2163, 175.646
2164, 175.653
2165, 175.662
2166, 175.663
2167, 175.67
2168, 175.674
2169, 175.685
2170, 175.687
2171, 175.717
2172, 175.732
2173, 175.744
2174, 175.763
2175, 175.792
2176, 175.799
2177, 175.812
2178, 175.816
2179, 175.831
2180, 175.838
2181, 175.844
2182, 175.848
2183, 175.853
2184, 175.872
2185, 175.91
2186, 175.912
2187, 175.922
2188, 175.929
2189, 175.97
2190, 175.976
2191, 175.983
2192, 175.992
2193, 175.994
2194, 176.003
2195, 176.004
2196, 176.006
2197, 176.012
2198, 176.017
2199, 176.043
2200, 176.047
2201, 176.065
2202, 176.065
2203, 176.068
2204, 176.079
2205, 176.086
2206, 176.093
2207, 176.138
2208, 176.166
2209, 176.174
2210, 176.18
2211, 176.201
2212, 176.201
2213, 176.205
2214, 176.21
2215, 176.216
2216, 176.223
2217, 176.223
2218, 176.235
2219, 176.237
2220, 176.242
2221, 176.254
2222, 176.256
2223, 176.257
2224, 176.258
2225, 176.269
2226, 176.272
2227, 176.293
2228, 176.297
2229, 176.3
2230, 176.307
2231, 176.316
2232, 176.321
2233, 176.323
2234, 176.325
2235, 176.328
2236, 176.329
2237, 176.329
2238, 176.34
2239, 176.342
2240, 176.348
2241, 176.353
2242, 176.367
2243, 176.376
2244, 176.378
2245, 176.397
2246, 176.399
2247, 176.409
2248, 176.411
2249, 176.421
2250, 176.426
2251, 176.43
2252, 176.435
2253, 176.437
2254, 176.45
2255, 176.467
2256, 176.468
2257, 176.469
2258, 176.47
2259, 176.473
2260, 176.482
2261, 176.485
2262, 176.494
2263, 176.503
2264, 176.511
2265, 176.516
2266, 176.521
2267, 176.528
2268, 176.53
2269, 176.533
2270, 176.54
2271, 176.541
2272, 176.542
2273, 176.544
2274, 176.547
2275, 176.555
2276, 176.556
2277, 176.557
2278, 176.557
2279, 176.586
2280, 176.587
2281, 176.59
2282, 176.611
2283, 176.611
2284, 176.628
2285, 176.637
2286, 176.648
2287, 176.652
2288, 176.662
2289, 176.669
2290, 176.677
2291, 176.678
2292, 176.685
2293, 176.686
2294, 176.687
2295, 176.694
2296, 176.703
2297, 176.703
2298, 176.724
2299, 176.727
2300, 176.735
2301, 176.748
2302, 176.753
2303, 176.758
2304, 176.766
2305, 176.767
2306, 176.78
2307, 176.781
2308, 176.786
2309, 176.799
2310, 176.813
2311, 176.817
2312, 176.831
2313, 176.834
2314, 176.843
2315, 176.85
2316, 176.855
2317, 176.86
2318, 176.866
2319, 176.869
2320, 176.874
2321, 176.893
2322, 176.895
2323, 176.926
2324, 176.931
2325, 176.934
2326, 176.941
2327, 176.943
2328, 176.951
2329, 176.964
2330, 176.965
2331, 176.971
2332, 176.973
2333, 176.979
2334, 176.979
2335, 176.982
2336, 176.988
2337, 176.995
2338, 176.996
2339, 177.002
2340, 177.003
2341, 177.026
2342, 177.027
2343, 177.045
2344, 177.048
2345, 177.048
2346, 177.067
2347, 177.087
2348, 177.088
2349, 177.097
2350, 177.102
2351, 177.112
2352, 177.116
2353, 177.119
2354, 177.12
2355, 177.121
2356, 177.134
2357, 177.156
2358, 177.166
2359, 177.169
2360, 177.179
2361, 177.18
2362, 177.183
2363, 177.186
2364, 177.197
2365, 177.219
2366, 177.221
2367, 177.249
2368, 177.256
2369, 177.268
2370, 177.279
2371, 177.304
2372, 177.304
2373, 177.314
2374, 177.331
2375, 177.332
2376, 177.333
2377, 177.34
2378, 177.34
2379, 177.342
2380, 177.344
2381, 177.362
2382, 177.372
2383, 177.389
2384, 177.39
2385, 177.391
2386, 177.393
2387, 177.421
2388, 177.422
2389, 177.425
2390, 177.431
2391, 177.431
2392, 177.444
2393, 177.465
2394, 177.468
2395, 177.469
2396, 177.47
2397, 177.48
2398, 177.481
2399, 177.483
2400, 177.495
2401, 177.506
2402, 177.518
2403, 177.519
2404, 177.52
2405, 177.527
2406, 177.528
2407, 177.535
2408, 177.545
2409, 177.551
2410, 177.552
2411, 177.568
2412, 177.575
2413, 177.575
2414, 177.581
2415, 177.593
2416, 177.6
2417, 177.603
2418, 177.605
2419, 177.609
2420, 177.611
2421, 177.613
2422, 177.614
2423, 177.616
2424, 177.617
2425, 177.628
2426, 177.653
2427, 177.672
2428, 177.675
2429, 177.677
2430, 177.681
2431, 177.682
2432, 177.682
2433, 177.686
2434, 177.691
2435, 177.702
2436, 177.707
2437, 177.731
2438, 177.733
2439, 177.753
2440, 177.759
2441, 177.76
2442, 177.767
2443, 177.779
2444, 177.784
2445, 177.803
2446, 177.811
2447, 177.835
2448, 177.837
2449, 177.838
2450, 177.838
2451, 177.839
2452, 177.846
2453, 177.852
2454, 177.859
2455, 177.866
2456, 177.871
2457, 177.873
2458, 177.877
2459, 177.878
2460, 177.879
2461, 177.93
2462, 177.933
2463, 177.943
2464, 177.945
2465, 177.949
2466, 177.968
2467, 177.97
2468, 177.974
2469, 177.978
2470, 177.985
2471, 178
2472, 178.002
2473, 178.003
2474, 178.024
2475, 178.025
2476, 178.028
2477, 178.029
2478, 178.04
2479, 178.047
2480, 178.047
2481, 178.05
2482, 178.06
2483, 178.069
2484, 178.07
2485, 178.072
2486, 178.074
2487, 178.077
2488, 178.078
2489, 178.082
2490, 178.082
2491, 178.087
2492, 178.091
2493, 178.093
2494, 178.099
2495, 178.103
2496, 178.11
2497, 178.117
2498, 178.121
2499, 178.129
2500, 178.139
2501, 178.144
2502, 178.146
2503, 178.146
2504, 178.174
2505, 178.182
2506, 178.187
2507, 178.19
2508, 178.198
2509, 178.203
2510, 178.206
2511, 178.232
2512, 178.238
2513, 178.244
2514, 178.245
2515, 178.252
2516, 178.253
2517, 178.262
2518, 178.274
2519, 178.284
2520, 178.312
2521, 178.348
2522, 178.355
2523, 178.362
2524, 178.376
2525, 178.379
2526, 178.39
2527, 178.396
2528, 178.397
2529, 178.398
2530, 178.414
2531, 178.415
2532, 178.424
2533, 178.425
2534, 178.426
2535, 178.434
2536, 178.44
2537, 178.452
2538, 178.453
2539, 178.486
2540, 178.488
2541, 178.502
2542, 178.502
2543, 178.514
2544, 178.518
2545, 178.522
2546, 178.522
2547, 178.528
2548, 178.533
2549, 178.535
2550, 178.537
2551, 178.544
2552, 178.552
2553, 178.553
2554, 178.557
2555, 178.559
2556, 178.576
2557, 178.64
2558, 178.642
2559, 178.645
2560, 178.652
2561, 178.659
2562, 178.661
2563, 178.676
2564, 178.678
2565, 178.683
2566, 178.719
2567, 178.721
2568, 178.728
2569, 178.73
2570, 178.74
2571, 178.765
2572, 178.775
2573, 178.782
2574, 178.782
2575, 178.785
2576, 178.797
2577, 178.801
2578, 178.803
2579, 178.807
2580, 178.819
2581, 178.825
2582, 178.827
2583, 178.834
2584, 178.844
2585, 178.852
2586, 178.857
2587, 178.858
2588, 178.859
2589, 178.884
2590, 178.887
2591, 178.888
2592, 178.898
2593, 178.904
2594, 178.907
2595, 178.927
2596, 178.942
2597, 178.947
2598, 178.949
2599, 178.983
2600, 178.983
2601, 179.009
2602, 179.027
2603, 179.028
2604, 179.033
2605, 179.04
2606, 179.042
2607, 179.046
2608, 179.057
2609, 179.073
2610, 179.077
2611, 179.079
2612, 179.079
2613, 179.081
2614, 179.095
2615, 179.097
2616, 179.111
2617, 179.121
2618, 179.136
2619, 179.145
2620, 179.167
2621, 179.168
2622, 179.169
2623, 179.17
2624, 179.183
2625, 179.194
2626, 179.202
2627, 179.203
2628, 179.212
2629, 179.243
2630, 179.262
2631, 179.269
2632, 179.27
2633, 179.271
2634, 179.273
2635, 179.291
2636, 179.293
2637, 179.302
2638, 179.31
2639, 179.331
2640, 179.333
2641, 179.383
2642, 179.388
2643, 179.388
2644, 179.392
2645, 179.407
2646, 179.418
2647, 179.421
2648, 179.43
2649, 179.432
2650, 179.435
2651, 179.444
2652, 179.447
2653, 179.455
2654, 179.482
2655, 179.494
2656, 179.508
2657, 179.523
2658, 179.524
2659, 179.528
2660, 179.539
2661, 179.544
2662, 179.549
2663, 179.554
2664, 179.56
2665, 179.564
2666, 179.569
2667, 179.573
2668, 179.574
2669, 179.576
2670, 179.578
2671, 179.587
2672, 179.594
2673, 179.609
2674, 179.622
2675, 179.637
2676, 179.642
2677, 179.642
2678, 179.645
2679, 179.65
2680, 179.663
2681, 179.668
2682, 179.678
2683, 179.695
2684, 179.703
2685, 179.71
2686, 179.712
2687, 179.716
2688, 179.716
2689, 179.729
2690, 179.736
2691, 179.765
2692, 179.785
2693, 179.813
2694, 179.817
2695, 179.822
2696, 179.828
2697, 179.843
2698, 179.847
2699, 179.85
2700, 179.85
2701, 179.866
2702, 179.866
2703, 179.893
2704, 179.893
2705, 179.896
2706, 179.897
2707, 179.905
2708, 179.923
2709, 179.933
2710, 179.949
2711, 179.951
2712, 179.963
2713, 179.964
2714, 179.978
2715, 179.982
2716, 179.983
2717, 179.989
2718, 179.991
2719, 179.998
2720, 180.036
2721, 180.046
2722, 180.055
2723, 180.068
2724, 180.072
2725, 180.077
2726, 180.088
2727, 180.095
2728, 180.099
2729, 180.108
2730, 180.109
2731, 180.111
2732, 180.114
2733, 180.181
2734, 180.192
2735, 180.202
2736, 180.209
2737, 180.214
2738, 180.214
2739, 180.215
2740, 180.221
2741, 180.249
2742, 180.25
2743, 180.254
2744, 180.256
2745, 180.261
2746, 180.262
2747, 180.273
2748, 180.281
2749, 180.284
2750, 180.292
2751, 180.293
2752, 180.296
2753, 180.302
2754, 180.303
2755, 180.312
2756, 180.32
2757, 180.334
2758, 180.345
2759, 180.347
2760, 180.351
2761, 180.354
2762, 180.358
2763, 180.376
2764, 180.377
2765, 180.379
2766, 180.381
2767, 180.386
2768, 180.394
2769, 180.396
2770, 180.423
2771, 180.424
2772, 180.431
2773, 180.434
2774, 180.437
2775, 180.44
2776, 180.442
2777, 180.451
2778, 180.451
2779, 180.451
2780, 180.455
2781, 180.459
2782, 180.463
2783, 180.464
2784, 180.466
2785, 180.467
2786, 180.469
2787, 180.472
2788, 180.473
2789, 180.488
2790, 180.494
2791, 180.5
2792, 180.503
2793, 180.504
2794, 180.524
2795, 180.531
2796, 180.531
2797, 180.54
2798, 180.56
2799, 180.56
2800, 180.562
2801, 180.565
2802, 180.566
2803, 180.57
2804, 180.571
2805, 180.572
2806, 180.58
2807, 180.581
2808, 180.583
2809, 180.583
2810, 180.585
2811, 180.594
2812, 180.603
2813, 180.613
2814, 180.615
2815, 180.625
2816, 180.631
2817, 180.634
2818, 180.638
2819, 180.641
2820, 180.644
2821, 180.644
2822, 180.644
2823, 180.644
2824, 180.645
2825, 180.662
2826, 180.667
2827, 180.669
2828, 180.682
2829, 180.684
2830, 180.687
2831, 180.693
2832, 180.708
2833, 180.726
2834, 180.728
2835, 180.732
2836, 180.735
2837, 180.737
2838, 180.738
2839, 180.739
2840, 180.74
2841, 180.746
2842, 180.752
2843, 180.757
2844, 180.783
2845, 180.783
2846, 180.785
2847, 180.799
2848, 180.799
2849, 180.799
2850, 180.801
2851, 180.817
2852, 180.818
2853, 180.822
2854, 180.823
2855, 180.825
2856, 180.832
2857, 180.837
2858, 180.84
2859, 180.844
2860, 180.844
2861, 180.848
2862, 180.862
2863, 180.873
2864, 180.881
2865, 180.884
2866, 180.885
2867, 180.93
2868, 180.933
2869, 180.943
2870, 180.945
2871, 180.946
2872, 180.947
2873, 180.963
2874, 180.967
2875, 180.972
2876, 180.974
2877, 180.981
2878, 180.988
2879, 180.992
2880, 181.007
2881, 181.007
2882, 181.016
2883, 181.019
2884, 181.025
2885, 181.037
2886, 181.039
2887, 181.049
2888, 181.054
2889, 181.061
2890, 181.07
2891, 181.072
2892, 181.078
2893, 181.09
2894, 181.11
2895, 181.111
2896, 181.117
2897, 181.119
2898, 181.138
2899, 181.15
2900, 181.152
2901, 181.16
2902, 181.177
2903, 181.177
2904, 181.177
2905, 181.179
2906, 181.191
2907, 181.198
2908, 181.201
2909, 181.206
2910, 181.211
2911, 181.213
2912, 181.215
2913, 181.216
2914, 181.22
2915, 181.227
2916, 181.271
2917, 181.278
2918, 181.284
2919, 181.284
2920, 181.29
2921, 181.291
2922, 181.31
2923, 181.339
2924, 181.343
2925, 181.348
2926, 181.366
2927, 181.379
2928, 181.382
2929, 181.384
2930, 181.393
2931, 181.411
2932, 181.418
2933, 181.426
2934, 181.429
2935, 181.432
2936, 181.44
2937, 181.441
2938, 181.442
2939, 181.449
2940, 181.454
2941, 181.461
2942, 181.474
2943, 181.478
2944, 181.483
2945, 181.496
2946, 181.499
2947, 181.505
2948, 181.505
2949, 181.514
2950, 181.526
2951, 181.528
2952, 181.536
2953, 181.538
2954, 181.56
2955, 181.584
2956, 181.596
2957, 181.612
2958, 181.613
2959, 181.643
2960, 181.643
2961, 181.647
2962, 181.648
2963, 181.657
2964, 181.682
2965, 181.685
2966, 181.698
2967, 181.702
2968, 181.741
2969, 181.745
2970, 181.75
2971, 181.755
2972, 181.785
2973, 181.789
2974, 181.79
2975, 181.833
2976, 181.837
2977, 181.843
2978, 181.843
2979, 181.859
2980, 181.867
2981, 181.877
2982, 181.887
2983, 181.891
2984, 181.891
2985, 181.896
2986, 181.901
2987, 181.905
2988, 181.913
2989, 181.926
2990, 181.928
2991, 181.929
2992, 181.95
2993, 181.958
2994, 181.963
2995, 181.97
2996, 181.99
2997, 181.992
2998, 181.995
2999, 182.018
3000, 182.027
3001, 182.029
3002, 182.033
3003, 182.046
3004, 182.054
3005, 182.067
3006, 182.075
3007, 182.08
3008, 182.081
3009, 182.084
3010, 182.097
3011, 182.104
3012, 182.108
3013, 182.125
3014, 182.143
3015, 182.161
3016, 182.165
3017, 182.168
3018, 182.172
3019, 182.173
3020, 182.183
3021, 182.202
3022, 182.208
3023, 182.222
3024, 182.229
3025, 182.23
3026, 182.237
3027, 182.24
3028, 182.242
3029, 182.259
3030, 182.264
3031, 182.27
3032, 182.271
3033, 182.284
3034, 182.29
3035, 182.296
3036, 182.302
3037, 182.309
3038, 182.311
3039, 182.314
3040, 182.315
3041, 182.321
3042, 182.329
3043, 182.331
3044, 182.338
3045, 182.344
3046, 182.349
3047, 182.353
3048, 182.353
3049, 182.36
3050, 182.362
3051, 182.367
3052, 182.374
3053, 182.374
3054, 182.38
3055, 182.383
3056, 182.386
3057, 182.393
3058, 182.393
3059, 182.414
3060, 182.419
3061, 182.42
3062, 182.421
3063, 182.438
3064, 182.443
3065, 182.444
3066, 182.447
3067, 182.464
3068, 182.464
3069, 182.465
3070, 182.465
3071, 182.467
3072, 182.472
3073, 182.491
3074, 182.502
3075, 182.504
3076, 182.505
3077, 182.52
3078, 182.53
3079, 182.538
3080, 182.54
3081, 182.547
3082, 182.572
3083, 182.572
3084, 182.585
3085, 182.592
3086, 182.592
3087, 182.595
3088, 182.596
3089, 182.607
3090, 182.615
3091, 182.619
3092, 182.625
3093, 182.631
3094, 182.639
3095, 182.645
3096, 182.66
3097, 182.664
3098, 182.666
3099, 182.671
3100, 182.674
3101, 182.678
3102, 182.686
3103, 182.699
3104, 182.704
3105, 182.717
3106, 182.737
3107, 182.745
3108, 182.75
3109, 182.763
3110, 182.767
3111, 182.777
3112, 182.788
3113, 182.789
3114, 182.812
3115, 182.827
3116, 182.829
3117, 182.836
3118, 182.853
3119, 182.863
3120, 182.877
3121, 182.881
3122, 182.883
3123, 182.883
3124, 182.889
3125, 182.889
3126, 182.911
3127, 182.913
3128, 182.918
3129, 182.92
3130, 182.922
3131, 182.926
3132, 182.93
3133, 182.93
3134, 182.935
3135, 182.944
3136, 182.95
3137, 182.95
3138, 182.955
3139, 182.96
3140, 182.968
3141, 182.974
3142, 182.978
3143, 182.983
3144, 183
3145, 183.003
3146, 183.007
3147, 183.007
3148, 183.011
3149, 183.013
3150, 183.053
3151, 183.067
3152, 183.067
3153, 183.1
3154, 183.104
3155, 183.109
3156, 183.126
3157, 183.128
3158, 183.13
3159, 183.136
3160, 183.138
3161, 183.14
3162, 183.142
3163, 183.142
3164, 183.146
3165, 183.164
3166, 183.169
3167, 183.171
3168, 183.187
3169, 183.196
3170, 183.196
3171, 183.218
3172, 183.22
3173, 183.22
3174, 183.229
3175, 183.257
3176, 183.26
3177, 183.265
3178, 183.269
3179, 183.27
3180, 183.272
3181, 183.281
3182, 183.282
3183, 183.282
3184, 183.297
3185, 183.299
3186, 183.339
3187, 183.346
3188, 183.346
3189, 183.359
3190, 183.36
3191, 183.364
3192, 183.374
3193, 183.376
3194, 183.38
3195, 183.387
3196, 183.39
3197, 183.398
3198, 183.404
3199, 183.405
3200, 183.406
3201, 183.413
3202, 183.414
3203, 183.424
3204, 183.432
3205, 183.445
3206, 183.456
3207, 183.461
3208, 183.487
3209, 183.487
3210, 183.491
3211, 183.498
3212, 183.51
3213, 183.515
3214, 183.528
3215, 183.542
3216, 183.548
3217, 183.552
3218, 183.564
3219, 183.566
3220, 183.573
3221, 183.573
3222, 183.603
3223, 183.604
3224, 183.608
3225, 183.609
3226, 183.609
3227, 183.61
3228, 183.612
3229, 183.613
3230, 183.639
3231, 183.647
3232, 183.661
3233, 183.676
3234, 183.677
3235, 183.73
3236, 183.73
3237, 183.736
3238, 183.75
3239, 183.752
3240, 183.762
3241, 183.763
3242, 183.77
3243, 183.773
3244, 183.775
3245, 183.777
3246, 183.784
3247, 183.786
3248, 183.798
3249, 183.798
3250, 183.81
3251, 183.818
3252, 183.825
3253, 183.829
3254, 183.834
3255, 183.842
3256, 183.862
3257, 183.863
3258, 183.865
3259, 183.865
3260, 183.868
3261, 183.879
3262, 183.895
3263, 183.898
3264, 183.898
3265, 183.907
3266, 183.914
3267, 183.915
3268, 183.918
3269, 183.948
3270, 183.951
3271, 183.953
3272, 183.967
3273, 183.981
3274, 183.983
3275, 183.987
3276, 183.991
3277, 184.028
3278, 184.03
3279, 184.039
3280, 184.048
3281, 184.071
3282, 184.089
3283, 184.093
3284, 184.099
3285, 184.102
3286, 184.113
3287, 184.116
3288, 184.119
3289, 184.12
3290, 184.122
3291, 184.14
3292, 184.141
3293, 184.152
3294, 184.153
3295, 184.156
3296, 184.159
3297, 184.162
3298, 184.163
3299, 184.17
3300, 184.177
3301, 184.178
3302, 184.216
3303, 184.264
3304, 184.267
3305, 184.27
3306, 184.282
3307, 184.289
3308, 184.289
3309, 184.303
3310, 184.305
3311, 184.305
3312, 184.311
3313, 184.326
3314, 184.331
3315, 184.339
3316, 184.34
3317, 184.343
3318, 184.343
3319, 184.345
3320, 184.354
3321, 184.369
3322, 184.414
3323, 184.419
3324, 184.429
3325, 184.431
3326, 184.451
3327, 184.46
3328, 184.468
3329, 184.514
3330, 184.524
3331, 184.527
3332, 184.533
3333, 184.537
3334, 184.54
3335, 184.553
3336, 184.554
3337, 184.563
3338, 184.568
3339, 184.589
3340, 184.603
3341, 184.606
3342, 184.608
3343, 184.61
3344, 184.61
3345, 184.61
3346, 184.612
3347, 184.616
3348, 184.635
3349, 184.642
3350, 184.651
3351, 184.662
3352, 184.683
3353, 184.687
3354, 184.701
3355, 184.705
3356, 184.707
3357, 184.71
3358, 184.716
3359, 184.717
3360, 184.727
3361, 184.741
3362, 184.748
3363, 184.755
3364, 184.759
3365, 184.763
3366, 184.776
3367, 184.797
3368, 184.808
3369, 184.81
3370, 184.83
3371, 184.832
3372, 184.834
3373, 184.836
3374, 184.838
3375, 184.838
3376, 184.839
3377, 184.85
3378, 184.852
3379, 184.855
3380, 184.861
3381, 184.863
3382, 184.871
3383, 184.871
3384, 184.903
3385, 184.905
3386, 184.913
3387, 184.918
3388, 184.919
3389, 184.928
3390, 184.944
3391, 184.945
3392, 184.947
3393, 184.954
3394, 184.959
3395, 184.962
3396, 184.964
3397, 184.987
3398, 184.995
3399, 184.995
3400, 184.999
3401, 185.008
3402, 185.023
3403, 185.033
3404, 185.046
3405, 185.049
3406, 185.049
3407, 185.057
3408, 185.064
3409, 185.082
3410, 185.089
3411, 185.095
3412, 185.096
3413, 185.101
3414, 185.102
3415, 185.127
3416, 185.135
3417, 185.143
3418, 185.144
3419, 185.151
3420, 185.151
3421, 185.152
3422, 185.155
3423, 185.155
3424, 185.159
3425, 185.175
3426, 185.179
3427, 185.182
3428, 185.194
3429, 185.194
3430, 185.196
3431, 185.198
3432, 185.198
3433, 185.202
3434, 185.204
3435, 185.208
3436, 185.208
3437, 185.21
3438, 185.216
3439, 185.235
3440, 185.236
3441, 185.246
3442, 185.25
3443, 185.255
3444, 185.262
3445, 185.266
3446, 185.273
3447, 185.276
3448, 185.28
3449, 185.295
3450, 185.302
3451, 185.311
3452, 185.32
3453, 185.321
3454, 185.341
3455, 185.348
3456, 185.35
3457, 185.355
3458, 185.356
3459, 185.386
3460, 185.389
3461, 185.393
3462, 185.401
3463, 185.405
3464, 185.411
3465, 185.412
3466, 185.43
3467, 185.431
3468, 185.433
3469, 185.448
3470, 185.45
3471, 185.452
3472, 185.456
3473, 185.458
3474, 185.46
3475, 185.486
3476, 185.491
3477, 185.491
3478, 185.492
3479, 185.497
3480, 185.498
3481, 185.5
3482, 185.506
3483, 185.507
3484, 185.511
3485, 185.515
3486, 185.526
3487, 185.542
3488, 185.557
3489, 185.601
3490, 185.602
3491, 185.613
3492, 185.617
3493, 185.618
3494, 185.622
3495, 185.625
3496, 185.63
3497, 185.651
3498, 185.659
3499, 185.669
3500, 185.67
3501, 185.671
3502, 185.683
3503, 185.684
3504, 185.686
3505, 185.688
3506, 185.689
3507, 185.694
3508, 185.709
3509, 185.716
3510, 185.719
3511, 185.722
3512, 185.723
3513, 185.727
3514, 185.737
3515, 185.741
3516, 185.744
3517, 185.756
3518, 185.771
3519, 185.774
3520, 185.78
3521, 185.781
3522, 185.784
3523, 185.784
3524, 185.787
3525, 185.789
3526, 185.789
3527, 185.804
3528, 185.805
3529, 185.805
3530, 185.808
3531, 185.85
3532, 185.855
3533, 185.866
3534, 185.866
3535, 185.875
3536, 185.879
3537, 185.881
3538, 185.881
3539, 185.884
3540, 185.884
3541, 185.892
3542, 185.901
3543, 185.906
3544, 185.912
3545, 185.917
3546, 185.923
3547, 185.925
3548, 185.926
3549, 185.927
3550, 185.944
3551, 185.95
3552, 185.958
3553, 185.963
3554, 185.965
3555, 185.972
3556, 185.975
3557, 185.98
3558, 185.988
3559, 185.989
3560, 185.991
3561, 186.013
3562, 186.018
3563, 186.032
3564, 186.037
3565, 186.044
3566, 186.048
3567, 186.048
3568, 186.055
3569, 186.059
3570, 186.061
3571, 186.076
3572, 186.082
3573, 186.088
3574, 186.099
3575, 186.103
3576, 186.104
3577, 186.108
3578, 186.109
3579, 186.138
3580, 186.146
3581, 186.148
3582, 186.155
3583, 186.163
3584, 186.17
3585, 186.172
3586, 186.188
3587, 186.197
3588, 186.205
3589, 186.231
3590, 186.238
3591, 186.245
3592, 186.254
3593, 186.273
3594, 186.289
3595, 186.289
3596, 186.298
3597, 186.305
3598, 186.308
3599, 186.318
3600, 186.32
3601, 186.329
3602, 186.341
3603, 186.344
3604, 186.346
3605, 186.351
3606, 186.354
3607, 186.356
3608, 186.359
3609, 186.363
3610, 186.368
3611, 186.38
3612, 186.391
3613, 186.394
3614, 186.394
3615, 186.395
3616, 186.395
3617, 186.4
3618, 186.409
3619, 186.417
3620, 186.419
3621, 186.425
3622, 186.425
3623, 186.432
3624, 186.441
3625, 186.441
3626, 186.452
3627, 186.461
3628, 186.461
3629, 186.464
3630, 186.465
3631, 186.468
3632, 186.468
3633, 186.468
3634, 186.478
3635, 186.487
3636, 186.492
3637, 186.492
3638, 186.495
3639, 186.497
3640, 186.51
3641, 186.515
3642, 186.528
3643, 186.529
3644, 186.558
3645, 186.56
3646, 186.563
3647, 186.568
3648, 186.57
3649, 186.607
3650, 186.611
3651, 186.613
3652, 186.617
3653, 186.621
3654, 186.629
3655, 186.635
3656, 186.639
3657, 186.642
3658, 186.648
3659, 186.652
3660, 186.676
3661, 186.679
3662, 186.689
3663, 186.693
3664, 186.709
3665, 186.712
3666, 186.716
3667, 186.719
3668, 186.733
3669, 186.746
3670, 186.757
3671, 186.759
3672, 186.767
3673, 186.77
3674, 186.773
3675, 186.776
3676, 186.783
3677, 186.788
3678, 186.79
3679, 186.794
3680, 186.813
3681, 186.815
3682, 186.818
3683, 186.818
3684, 186.834
3685, 186.861
3686, 186.864
3687, 186.866
3688, 186.883
3689, 186.884
3690, 186.893
3691, 186.896
3692, 186.898
3693, 186.917
3694, 186.918
3695, 186.921
3696, 186.926
3697, 186.927
3698, 186.929
3699, 186.932
3700, 186.937
3701, 186.94
3702, 186.948
3703, 186.958
3704, 186.958
3705, 186.96
3706, 186.972
3707, 186.992
3708, 186.994
3709, 186.996
3710, 187.008
3711, 187.009
3712, 187.023
3713, 187.034
3714, 187.085
3715, 187.096
3716, 187.102
3717, 187.112
3718, 187.115
3719, 187.128
3720, 187.135
3721, 187.138
3722, 187.156
3723, 187.157
3724, 187.159
3725, 187.169
3726, 187.186
3727, 187.192
3728, 187.213
3729, 187.218
3730, 187.218
3731, 187.235
3732, 187.235
3733, 187.254
3734, 187.258
3735, 187.262
3736, 187.264
3737, 187.265
3738, 187.267
3739, 187.275
3740, 187.279
3741, 187.28
3742, 187.291
3743, 187.291
3744, 187.296
3745, 187.301
3746, 187.304
3747, 187.306
3748, 187.313
3749, 187.322
3750, 187.327
3751, 187.328
3752, 187.348
3753, 187.369
3754, 187.369
3755, 187.376
3756, 187.38
3757, 187.386
3758, 187.387
3759, 187.395
3760, 187.41
3761, 187.419
3762, 187.422
3763, 187.429
3764, 187.437
3765, 187.439
3766, 187.447
3767, 187.465
3768, 187.467
3769, 187.476
3770, 187.483
3771, 187.484
3772, 187.491
3773, 187.493
3774, 187.498
3775, 187.513
3776, 187.529
3777, 187.555
3778, 187.564
3779, 187.566
3780, 187.573
3781, 187.588
3782, 187.599
3783, 187.604
3784, 187.606
3785, 187.608
3786, 187.608
3787, 187.614
3788, 187.619
3789, 187.62
3790, 187.629
3791, 187.631
3792, 187.633
3793, 187.638
3794, 187.645
3795, 187.646
3796, 187.647
3797, 187.647
3798, 187.654
3799, 187.655
3800, 187.668
3801, 187.674
3802, 187.679
3803, 187.698
3804, 187.702
3805, 187.712
3806, 187.722
3807, 187.724
3808, 187.728
3809, 187.736
3810, 187.743
3811, 187.745
3812, 187.752
3813, 187.755
3814, 187.767
3815, 187.768
3816, 187.774
3817, 187.775
3818, 187.779
3819, 187.784
3820, 187.798
3821, 187.799
3822, 187.805
3823, 187.812
3824, 187.816
3825, 187.823
3826, 187.836
3827, 187.844
3828, 187.858
3829, 187.858
3830, 187.873
3831, 187.873
3832, 187.88
3833, 187.891
3834, 187.895
3835, 187.903
3836, 187.904
3837, 187.908
3838, 187.913
3839, 187.919
3840, 187.921
3841, 187.924
3842, 187.934
3843, 187.937
3844, 187.961
3845, 187.966
3846, 187.969
3847, 187.979
3848, 187.98
3849, 187.982
3850, 187.986
3851, 188.001
3852, 188.013
3853, 188.014
3854, 188.015
3855, 188.022
3856, 188.037
3857, 188.043
3858, 188.057
3859, 188.058
3860, 188.067
3861, 188.07
3862, 188.083
3863, 188.084
3864, 188.098
3865, 188.102
3866, 188.104
3867, 188.108
3868, 188.109
3869, 188.112
3870, 188.117
3871, 188.137
3872, 188.139
3873, 188.14
3874, 188.156
3875, 188.157
3876, 188.162
3877, 188.165
3878, 188.165
3879, 188.166
3880, 188.18
3881, 188.194
3882, 188.196
3883, 188.208
3884, 188.211
3885, 188.213
3886, 188.225
3887, 188.228
3888, 188.231
3889, 188.236
3890, 188.24
3891, 188.242
3892, 188.245
3893, 188.256
3894, 188.265
3895, 188.277
3896, 188.285
3897, 188.286
3898, 188.289
3899, 188.29
3900, 188.304
3901, 188.315
3902, 188.321
3903, 188.333
3904, 188.336
3905, 188.342
3906, 188.347
3907, 188.348
3908, 188.357
3909, 188.357
3910, 188.361
3911, 188.363
3912, 188.364
3913, 188.375
3914, 188.381
3915, 188.403
3916, 188.405
3917, 188.406
3918, 188.409
3919, 188.41
3920, 188.416
3921, 188.416
3922, 188.417
3923, 188.418
3924, 188.422
3925, 188.427
3926, 188.436
3927, 188.446
3928, 188.455
3929, 188.456
3930, 188.456
3931, 188.476
3932, 188.485
3933, 188.486
3934, 188.486
3935, 188.488
3936, 188.5
3937, 188.508
3938, 188.513
3939, 188.532
3940, 188.535
3941, 188.536
3942, 188.543
3943, 188.549
3944, 188.552
3945, 188.557
3946, 188.576
3947, 188.578
3948, 188.579
3949, 188.582
3950, 188.583
3951, 188.604
3952, 188.608
3953, 188.609
3954, 188.612
3955, 188.623
3956, 188.624
3957, 188.631
3958, 188.636
3959, 188.636
3960, 188.642
3961, 188.643
3962, 188.643
3963, 188.644
3964, 188.649
3965, 188.652
3966, 188.66
3967, 188.673
3968, 188.682
3969, 188.692
3970, 188.695
3971, 188.699
3972, 188.699
3973, 188.711
3974, 188.72
3975, 188.722
3976, 188.729
3977, 188.746
3978, 188.757
3979, 188.77
3980, 188.779
3981, 188.779
3982, 188.784
3983, 188.805
3984, 188.807
3985, 188.817
3986, 188.824
3987, 188.832
3988, 188.841
3989, 188.851
3990, 188.86
3991, 188.861
3992, 188.865
3993, 188.866
3994, 188.872
3995, 188.874
3996, 188.877
3997, 188.879
3998, 188.883
3999, 188.91
4000, 188.914
4001, 188.918
4002, 188.923
4003, 188.933
4004, 188.95
4005, 188.952
4006, 188.954
4007, 188.956
4008, 188.96
4009, 188.96
4010, 188.979
4011, 188.985
4012, 188.987
4013, 188.996
4014, 189.003
4015, 189.017
4016, 189.023
4017, 189.025
4018, 189.031
4019, 189.036
4020, 189.041
4021, 189.046
4022, 189.053
4023, 189.053
4024, 189.091
4025, 189.107
4026, 189.129
4027, 189.132
4028, 189.144
4029, 189.148
4030, 189.148
4031, 189.155
4032, 189.163
4033, 189.171
4034, 189.176
4035, 189.181
4036, 189.189
4037, 189.194
4038, 189.222
4039, 189.224
4040, 189.235
4041, 189.237
4042, 189.241
4043, 189.243
4044, 189.244
4045, 189.26
4046, 189.266
4047, 189.269
4048, 189.275
4049, 189.276
4050, 189.28
4051, 189.289
4052, 189.301
4053, 189.313
4054, 189.331
4055, 189.334
4056, 189.337
4057, 189.34
4058, 189.344
4059, 189.353
4060, 189.355
4061, 189.355
4062, 189.361
4063, 189.366
4064, 189.375
4065, 189.38
4066, 189.384
4067, 189.386
4068, 189.387
4069, 189.389
4070, 189.409
4071, 189.423
4072, 189.434
4073, 189.439
4074, 189.44
4075, 189.441
4076, 189.454
4077, 189.457
4078, 189.457
4079, 189.459
4080, 189.464
4081, 189.477
4082, 189.492
4083, 189.502
4084, 189.505
4085, 189.508
4086, 189.514
4087, 189.516
4088, 189.519
4089, 189.538
4090, 189.539
4091, 189.541
4092, 189.541
4093, 189.542
4094, 189.582
4095, 189.586
4096, 189.588
4097, 189.591
4098, 189.599
4099, 189.617
4100, 189.63
4101, 189.638
4102, 189.638
4103, 189.642
4104, 189.645
4105, 189.655
4106, 189.665
4107, 189.681
4108, 189.688
4109, 189.691
4110, 189.702
4111, 189.712
4112, 189.712
4113, 189.717
4114, 189.721
4115, 189.729
4116, 189.732
4117, 189.734
4118, 189.734
4119, 189.741
4120, 189.744
4121, 189.746
4122, 189.746
4123, 189.748
4124, 189.751
4125, 189.76
4126, 189.762
4127, 189.762
4128, 189.764
4129, 189.767
4130, 189.777
4131, 189.777
4132, 189.777
4133, 189.777
4134, 189.778
4135, 189.778
4136, 189.78
4137, 189.786
4138, 189.802
4139, 189.803
4140, 189.808
4141, 189.812
4142, 189.817
4143, 189.822
4144, 189.824
4145, 189.83
4146, 189.837
4147, 189.84
4148, 189.85
4149, 189.856
4150, 189.877
4151, 189.879
4152, 189.887
4153, 189.888
4154, 189.892
4155, 189.893
4156, 189.901
4157, 189.916
4158, 189.917
4159, 189.932
4160, 189.942
4161, 189.945
4162, 189.946
4163, 189.958
4164, 189.969
4165, 189.985
4166, 189.994
4167, 190.01
4168, 190.021
4169, 190.032
4170, 190.034
4171, 190.041
4172, 190.05
4173, 190.078
4174, 190.082
4175, 190.086
4176, 190.087
4177, 190.097
4178, 190.106
4179, 190.106
4180, 190.107
4181, 190.121
4182, 190.125
4183, 190.126
4184, 190.128
4185, 190.13
4186, 190.135
4187, 190.135
4188, 190.135
4189, 190.153
4190, 190.156
4191, 190.16
4192, 190.161
4193, 190.17
4194, 190.173
4195, 190.176
4196, 190.185
4197, 190.186
4198, 190.191
4199, 190.199
4200, 190.205
4201, 190.214
4202, 190.216
4203, 190.221
4204, 190.223
4205, 190.228
4206, 190.231
4207, 190.233
4208, 190.237
4209, 190.24
4210, 190.257
4211, 190.261
4212, 190.264
4213, 190.266
4214, 190.274
4215, 190.275
4216, 190.284
4217, 190.284
4218, 190.295
4219, 190.308
4220, 190.311
4221, 190.332
4222, 190.338
4223, 190.343
4224, 190.352
4225, 190.359
4226, 190.361
4227, 190.365
4228, 190.365
4229, 190.365
4230, 190.367
4231, 190.367
4232, 190.38
4233, 190.402
4234, 190.416
4235, 190.416
4236, 190.418
4237, 190.425
4238, 190.432
4239, 190.435
4240, 190.436
4241, 190.436
4242, 190.436
4243, 190.444
4244, 190.446
4245, 190.448
4246, 190.455
4247, 190.458
4248, 190.458
4249, 190.46
4250, 190.473
4251, 190.482
4252, 190.483
4253, 190.491
4254, 190.491
4255, 190.494
4256, 190.496
4257, 190.505
4258, 190.51
4259, 190.514
4260, 190.532
4261, 190.541
4262, 190.56
4263, 190.563
4264, 190.572
4265, 190.583
4266, 190.588
4267, 190.592
4268, 190.594
4269, 190.595
4270, 190.6
4271, 190.611
4272, 190.613
4273, 190.616
4274, 190.62
4275, 190.623
4276, 190.626
4277, 190.635
4278, 190.636
4279, 190.641
4280, 190.656
4281, 190.666
4282, 190.678
4283, 190.685
4284, 190.709
4285, 190.712
4286, 190.713
4287, 190.714
4288, 190.716
4289, 190.716
4290, 190.718
4291, 190.723
4292, 190.725
4293, 190.735
4294, 190.746
4295, 190.754
4296, 190.756
4297, 190.759
4298, 190.764
4299, 190.793
4300, 190.799
4301, 190.815
4302, 190.826
4303, 190.839
4304, 190.84
4305, 190.842
4306, 190.845
4307, 190.845
4308, 190.849
4309, 190.851
4310, 190.858
4311, 190.864
4312, 190.875
4313, 190.884
4314, 190.888
4315, 190.888
4316, 190.889
4317, 190.891
4318, 190.897
4319, 190.897
4320, 190.903
4321, 190.912
4322, 190.92
4323, 190.926
4324, 190.931
4325, 190.936
4326, 190.937
4327, 190.938
4328, 190.946
4329, 190.95
4330, 190.964
4331, 190.971
4332, 190.977
4333, 190.977
4334, 190.99
4335, 190.998
4336, 190.998
4337, 190.998
4338, 191.007
4339, 191.01
4340, 191.012
4341, 191.023
4342, 191.026
4343, 191.032
4344, 191.034
4345, 191.037
4346, 191.049
4347, 191.055
4348, 191.055
4349, 191.072
4350, 191.075
4351, 191.096
4352, 191.102
4353, 191.103
4354, 191.105
4355, 191.112
4356, 191.119
4357, 191.121
4358, 191.135
4359, 191.148
4360, 191.149
4361, 191.149
4362, 191.15
4363, 191.153
4364, 191.155
4365, 191.156
4366, 191.16
4367, 191.161
4368, 191.167
4369, 191.17
4370, 191.188
4371, 191.191
4372, 191.194
4373, 191.197
4374, 191.199
4375, 191.201
4376, 191.211
4377, 191.212
4378, 191.222
4379, 191.223
4380, 191.226
4381, 191.232
4382, 191.247
4383, 191.249
4384, 191.255
4385, 191.257
4386, 191.26
4387, 191.267
4388, 191.276
4389, 191.28
4390, 191.299
4391, 191.302
4392, 191.316
4393, 191.348
4394, 191.348
4395, 191.349
4396, 191.36
4397, 191.364
4398, 191.379
4399, 191.381
4400, 191.386
4401, 191.392
4402, 191.394
4403, 191.394
4404, 191.396
4405, 191.402
4406, 191.406
4407, 191.408
4408, 191.408
4409, 191.409
4410, 191.416
4411, 191.421
4412, 191.422
4413, 191.426
4414, 191.429
4415, 191.458
4416, 191.46
4417, 191.462
4418, 191.464
4419, 191.471
4420, 191.479
4421, 191.483
4422, 191.488
4423, 191.492
4424, 191.493
4425, 191.503
4426, 191.504
4427, 191.509
4428, 191.51
4429, 191.516
4430, 191.519
4431, 191.532
4432, 191.542
4433, 191.546
4434, 191.553
4435, 191.56
4436, 191.561
4437, 191.57
4438, 191.573
4439, 191.575
4440, 191.58
4441, 191.588
4442, 191.591
4443, 191.608
4444, 191.61
4445, 191.615
4446, 191.625
4447, 191.628
4448, 191.644
4449, 191.646
4450, 191.649
4451, 191.655
4452, 191.669
4453, 191.67
4454, 191.67
4455, 191.671
4456, 191.672
4457, 191.674
4458, 191.677
4459, 191.68
4460, 191.695
4461, 191.697
4462, 191.704
4463, 191.711
4464, 191.719
4465, 191.736
4466, 191.736
4467, 191.737
4468, 191.754
4469, 191.757
4470, 191.764
4471, 191.779
4472, 191.788
4473, 191.796
4474, 191.801
4475, 191.816
4476, 191.832
4477, 191.836
4478, 191.851
4479, 191.853
4480, 191.861
4481, 191.862
4482, 191.865
4483, 191.865
4484, 191.866
4485, 191.882
4486, 191.884
4487, 191.885
4488, 191.887
4489, 191.889
4490, 191.89
4491, 191.891
4492, 191.891
4493, 191.897
4494, 191.897
4495, 191.908
4496, 191.917
4497, 191.924
4498, 191.939
4499, 191.955
4500, 191.964
4501, 191.967
4502, 191.969
4503, 191.997
4504, 191.997
4505, 192.001
4506, 192.006
4507, 192.016
4508, 192.022
4509, 192.033
4510, 192.043
4511, 192.047
4512, 192.054
4513, 192.069
4514, 192.07
4515, 192.07
4516, 192.078
4517, 192.081
4518, 192.082
4519, 192.099
4520, 192.1
4521, 192.102
4522, 192.112
4523, 192.117
4524, 192.118
4525, 192.124
4526, 192.134
4527, 192.137
4528, 192.138
4529, 192.141
4530, 192.144
4531, 192.144
4532, 192.145
4533, 192.148
4534, 192.15
4535, 192.151
4536, 192.162
4537, 192.163
4538, 192.176
4539, 192.18
4540, 192.181
4541, 192.183
4542, 192.188
4543, 192.19
4544, 192.191
4545, 192.193
4546, 192.198
4547, 192.204
4548, 192.213
4549, 192.22
4550, 192.227
4551, 192.229
4552, 192.241
4553, 192.258
4554, 192.26
4555, 192.263
4556, 192.271
4557, 192.286
4558, 192.291
4559, 192.297
4560, 192.309
4561, 192.347
4562, 192.358
4563, 192.361
4564, 192.366
4565, 192.372
4566, 192.394
4567, 192.395
4568, 192.398
4569, 192.401
4570, 192.407
4571, 192.421
4572, 192.432
4573, 192.441
4574, 192.442
4575, 192.445
4576, 192.472
4577, 192.477
4578, 192.499
4579, 192.502
4580, 192.508
4581, 192.511
4582, 192.512
4583, 192.518
4584, 192.519
4585, 192.523
4586, 192.545
4587, 192.55
4588, 192.554
4589, 192.559
4590, 192.563
4591, 192.584
4592, 192.587
4593, 192.592
4594, 192.596
4595, 192.598
4596, 192.607
4597, 192.621
4598, 192.624
4599, 192.625
4600, 192.635
4601, 192.635
4602, 192.637
4603, 192.64
4604, 192.647
4605, 192.657
4606, 192.661
4607, 192.665
4608, 192.666
4609, 192.667
4610, 192.67
4611, 192.672
4612, 192.676
4613, 192.677
4614, 192.678
4615, 192.679
4616, 192.683
4617, 192.684
4618, 192.686
4619, 192.714
4620, 192.72
4621, 192.722
4622, 192.73
4623, 192.73
4624, 192.732
4625, 192.744
4626, 192.753
4627, 192.77
4628, 192.771
4629, 192.779
4630, 192.793
4631, 192.805
4632, 192.815
4633, 192.817
4634, 192.818
4635, 192.824
4636, 192.835
4637, 192.836
4638, 192.838
4639, 192.84
4640, 192.841
4641, 192.844
4642, 192.847
4643, 192.853
4644, 192.857
4645, 192.865
4646, 192.875
4647, 192.882
4648, 192.886
4649, 192.888
4650, 192.889
4651, 192.893
4652, 192.899
4653, 192.904
4654, 192.912
4655, 192.915
4656, 192.925
4657, 192.925
4658, 192.944
4659, 192.947
4660, 192.95
4661, 192.955
4662, 192.959
4663, 192.959
4664, 192.964
4665, 192.97
4666, 192.985
4667, 193
4668, 193.007
4669, 193.011
4670, 193.025
4671, 193.028
4672, 193.03
4673, 193.03
4674, 193.035
4675, 193.04
4676, 193.044
4677, 193.051
4678, 193.055
4679, 193.064
4680, 193.065
4681, 193.078
4682, 193.085
4683, 193.085
4684, 193.088
4685, 193.1
4686, 193.102
4687, 193.109
4688, 193.111
4689, 193.116
4690, 193.122
4691, 193.136
4692, 193.141
4693, 193.146
4694, 193.15
4695, 193.154
4696, 193.155
4697, 193.155
4698, 193.165
4699, 193.172
4700, 193.176
4701, 193.178
4702, 193.182
4703, 193.186
4704, 193.186
4705, 193.187
4706, 193.204
4707, 193.215
4708, 193.216
4709, 193.226
4710, 193.229
4711, 193.234
4712, 193.258
4713, 193.259
4714, 193.261
4715, 193.267
4716, 193.27
4717, 193.274
4718, 193.276
4719, 193.295
4720, 193.296
4721, 193.297
4722, 193.313
4723, 193.313
4724, 193.325
4725, 193.327
4726, 193.328
4727, 193.329
4728, 193.332
4729, 193.335
4730, 193.338
4731, 193.349
4732, 193.352
4733, 193.353
4734, 193.355
4735, 193.355
4736, 193.357
4737, 193.361
4738, 193.364
4739, 193.365
4740, 193.365
4741, 193.372
4742, 193.38
4743, 193.394
4744, 193.397
4745, 193.402
4746, 193.407
4747, 193.411
4748, 193.413
4749, 193.414
4750, 193.428
4751, 193.431
4752, 193.437
4753, 193.438
4754, 193.444
4755, 193.446
4756, 193.462
4757, 193.464
4758, 193.479
4759, 193.487
4760, 193.498
4761, 193.511
4762, 193.528
4763, 193.552
4764, 193.558
4765, 193.561
4766, 193.563
4767, 193.567
4768, 193.572
4769, 193.594
4770, 193.597
4771, 193.608
4772, 193.617
4773, 193.634
4774, 193.637
4775, 193.655
4776, 193.659
4777, 193.666
4778, 193.669
4779, 193.681
4780, 193.682
4781, 193.682
4782, 193.69
4783, 193.703
4784, 193.706
4785, 193.719
4786, 193.725
4787, 193.731
4788, 193.734
4789, 193.741
4790, 193.745
4791, 193.75
4792, 193.771
4793, 193.778
4794, 193.781
4795, 193.786
4796, 193.807
4797, 193.811
4798, 193.812
4799, 193.816
4800, 193.824
4801, 193.849
4802, 193.859
4803, 193.865
4804, 193.875
4805, 193.878
4806, 193.878
4807, 193.882
4808, 193.903
4809, 193.904
4810, 193.908
4811, 193.917
4812, 193.925
4813, 193.927
4814, 193.936
4815, 193.937
4816, 193.94
4817, 193.944
4818, 193.952
4819, 193.953
4820, 193.954
4821, 193.973
4822, 193.988
4823, 193.989
4824, 193.991
4825, 193.995
4826, 194.007
4827, 194.007
4828, 194.011
4829, 194.012
4830, 194.013
4831, 194.014
4832, 194.015
4833, 194.025
4834, 194.035
4835, 194.04
4836, 194.04
4837, 194.041
4838, 194.049
4839, 194.05
4840, 194.054
4841, 194.058
4842, 194.059
4843, 194.06
4844, 194.067
4845, 194.075
4846, 194.084
4847, 194.099
4848, 194.103
4849, 194.119
4850, 194.121
4851, 194.151
4852, 194.153
4853, 194.156
4854, 194.164
4855, 194.173
4856, 194.174
4857, 194.187
4858, 194.202
4859, 194.209
4860, 194.224
4861, 194.234
4862, 194.238
4863, 194.247
4864, 194.251
4865, 194.254
4866, 194.261
4867, 194.271
4868, 194.281
4869, 194.285
4870, 194.289
4871, 194.295
4872, 194.297
4873, 194.298
4874, 194.3
4875, 194.314
4876, 194.314
4877, 194.32
4878, 194.321
4879, 194.325
4880, 194.326
4881, 194.327
4882, 194.333
4883, 194.346
4884, 194.348
4885, 194.349
4886, 194.349
4887, 194.353
4888, 194.354
4889, 194.355
4890, 194.356
4891, 194.359
4892, 194.361
4893, 194.362
4894, 194.363
4895, 194.368
4896, 194.372
4897, 194.377
4898, 194.386
4899, 194.391
4900, 194.402
4901, 194.404
4902, 194.409
4903, 194.414
4904, 194.422
4905, 194.435
4906, 194.436
4907, 194.438
4908, 194.441
4909, 194.452
4910, 194.454
4911, 194.454
4912, 194.456
4913, 194.469
4914, 194.47
4915, 194.474
4916, 194.478
4917, 194.486
4918, 194.504
4919, 194.521
4920, 194.541
4921, 194.552
4922, 194.554
4923, 194.558
4924, 194.563
4925, 194.57
4926, 194.586
4927, 194.587
4928, 194.596
4929, 194.598
4930, 194.621
4931, 194.626
4932, 194.641
4933, 194.641
4934, 194.642
4935, 194.644
4936, 194.648
4937, 194.664
4938, 194.676
4939, 194.676
4940, 194.697
4941, 194.698
4942, 194.701
4943, 194.703
4944, 194.715
4945, 194.716
4946, 194.717
4947, 194.719
4948, 194.722
4949, 194.723
4950, 194.726
4951, 194.727
4952, 194.738
4953, 194.756
4954, 194.763
4955, 194.763
4956, 194.764
4957, 194.772
4958, 194.778
4959, 194.779
4960, 194.781
4961, 194.788
4962, 194.822
4963, 194.824
4964, 194.839
4965, 194.845
4966, 194.853
4967, 194.854
4968, 194.855
4969, 194.855
4970, 194.856
4971, 194.862
4972, 194.866
4973, 194.873
4974, 194.877
4975, 194.878
4976, 194.881
4977, 194.891
4978, 194.913
4979, 194.915
4980, 194.926
4981, 194.927
4982, 194.934
4983, 194.938
4984, 194.944
4985, 194.952
4986, 194.96
4987, 194.964
4988, 194.986
4989, 194.991
4990, 194.994
4991, 195.004
4992, 195.008
4993, 195.02
4994, 195.029
4995, 195.034
4996, 195.054
4997, 195.07
4998, 195.077
4999, 195.097
5000, 195.108
5001, 195.109
5002, 195.113
5003, 195.114
5004, 195.124
5005, 195.13
5006, 195.132
5007, 195.146
5008, 195.149
5009, 195.154
5010, 195.171
5011, 195.174
5012, 195.177
5013, 195.202
5014, 195.204
5015, 195.212
5016, 195.215
5017, 195.219
5018, 195.225
5019, 195.232
5020, 195.233
5021, 195.234
5022, 195.247
5023, 195.248
5024, 195.251
5025, 195.254
5026, 195.257
5027, 195.263
5028, 195.267
5029, 195.282
5030, 195.29
5031, 195.307
5032, 195.313
5033, 195.317
5034, 195.318
5035, 195.325
5036, 195.329
5037, 195.334
5038, 195.339
5039, 195.357
5040, 195.357
5041, 195.366
5042, 195.368
5043, 195.374
5044, 195.377
5045, 195.378
5046, 195.382
5047, 195.382
5048, 195.384
5049, 195.388
5050, 195.39
5051, 195.406
5052, 195.432
5053, 195.432
5054, 195.434
5055, 195.444
5056, 195.462
5057, 195.473
5058, 195.494
5059, 195.496
5060, 195.505
5061, 195.517
5062, 195.524
5063, 195.529
5064, 195.534
5065, 195.538
5066, 195.551
5067, 195.551
5068, 195.558
5069, 195.565
5070, 195.585
5071, 195.595
5072, 195.601
5073, 195.602
5074, 195.607
5075, 195.608
5076, 195.617
5077, 195.626
5078, 195.633
5079, 195.639
5080, 195.645
5081, 195.648
5082, 195.657
5083, 195.664
5084, 195.676
5085, 195.687
5086, 195.698
5087, 195.698
5088, 195.711
5089, 195.731
5090, 195.738
5091, 195.753
5092, 195.755
5093, 195.767
5094, 195.772
5095, 195.773
5096, 195.777
5097, 195.778
5098, 195.779
5099, 195.781
5100, 195.783
5101, 195.788
5102, 195.792
5103, 195.793
5104, 195.793
5105, 195.794
5106, 195.796
5107, 195.81
5108, 195.811
5109, 195.816
5110, 195.824
5111, 195.826
5112, 195.826
5113, 195.835
5114, 195.837
5115, 195.845
5116, 195.854
5117, 195.86
5118, 195.862
5119, 195.877
5120, 195.881
5121, 195.884
5122, 195.897
5123, 195.899
5124, 195.902
5125, 195.908
5126, 195.914
5127, 195.915
5128, 195.928
5129, 195.934
5130, 195.935
5131, 195.941
5132, 195.95
5133, 195.961
5134, 195.964
5135, 195.966
5136, 195.981
5137, 195.981
5138, 195.981
5139, 195.984
5140, 195.984
5141, 195.985
5142, 195.992
5143, 195.996
5144, 195.998
5145, 196.004
5146, 196.015
5147, 196.016
5148, 196.017
5149, 196.017
5150, 196.018
5151, 196.019
5152, 196.021
5153, 196.035
5154, 196.035
5155, 196.047
5156, 196.056
5157, 196.063
5158, 196.066
5159, 196.082
5160, 196.085
5161, 196.089
5162, 196.094
5163, 196.098
5164, 196.104
5165, 196.107
5166, 196.116
5167, 196.121
5168, 196.125
5169, 196.128
5170, 196.13
5171, 196.133
5172, 196.151
5173, 196.16
5174, 196.164
5175, 196.165
5176, 196.174
5177, 196.179
5178, 196.184
5179, 196.185
5180, 196.201
5181, 196.202
5182, 196.22
5183, 196.225
5184, 196.253
5185, 196.254
5186, 196.278
5187, 196.298
5188, 196.302
5189, 196.311
5190, 196.312
5191, 196.315
5192, 196.33
5193, 196.344
5194, 196.346
5195, 196.353
5196, 196.353
5197, 196.354
5198, 196.354
5199, 196.361
5200, 196.363
5201, 196.369
5202, 196.399
5203, 196.403
5204, 196.41
5205, 196.422
5206, 196.423
5207, 196.425
5208, 196.427
5209, 196.429
5210, 196.43
5211, 196.432
5212, 196.442
5213, 196.45
5214, 196.451
5215, 196.457
5216, 196.464
5217, 196.474
5218, 196.475
5219, 196.483
5220, 196.492
5221, 196.493
5222, 196.495
5223, 196.502
5224, 196.502
5225, 196.503
5226, 196.507
5227, 196.514
5228, 196.515
5229, 196.515
5230, 196.516
5231, 196.525
5232, 196.525
5233, 196.528
5234, 196.533
5235, 196.537
5236, 196.541
5237, 196.581
5238, 196.582
5239, 196.583
5240, 196.592
5241, 196.603
5242, 196.605
5243, 196.607
5244, 196.616
5245, 196.627
5246, 196.64
5247, 196.654
5248, 196.663
5249, 196.675
5250, 196.678
5251, 196.697
5252, 196.701
5253, 196.702
5254, 196.71
5255, 196.714
5256, 196.719
5257, 196.721
5258, 196.724
5259, 196.726
5260, 196.73
5261, 196.741
5262, 196.743
5263, 196.745
5264, 196.756
5265, 196.769
5266, 196.77
5267, 196.771
5268, 196.778
5269, 196.787
5270, 196.79
5271, 196.791
5272, 196.803
5273, 196.806
5274, 196.807
5275, 196.81
5276, 196.823
5277, 196.851
5278, 196.86
5279, 196.863
5280, 196.87
5281, 196.872
5282, 196.873
5283, 196.877
5284, 196.877
5285, 196.878
5286, 196.881
5287, 196.883
5288, 196.886
5289, 196.911
5290, 196.913
5291, 196.913
5292, 196.92
5293, 196.92
5294, 196.933
5295, 196.934
5296, 196.949
5297, 196.951
5298, 196.956
5299, 196.958
5300, 196.961
5301, 196.962
5302, 196.963
5303, 196.964
5304, 196.965
5305, 196.976
5306, 196.976
5307, 196.995
5308, 197.019
5309, 197.029
5310, 197.033
5311, 197.035
5312, 197.039
5313, 197.041
5314, 197.073
5315, 197.073
5316, 197.086
5317, 197.091
5318, 197.11
5319, 197.122
5320, 197.129
5321, 197.135
5322, 197.14
5323, 197.14
5324, 197.141
5325, 197.143
5326, 197.16
5327, 197.161
5328, 197.168
5329, 197.171
5330, 197.175
5331, 197.176
5332, 197.176
5333, 197.181
5334, 197.192
5335, 197.195
5336, 197.198
5337, 197.203
5338, 197.205
5339, 197.223
5340, 197.226
5341, 197.234
5342, 197.235
5343, 197.24
5344, 197.243
5345, 197.256
5346, 197.259
5347, 197.261
5348, 197.27
5349, 197.287
5350, 197.29
5351, 197.294
5352, 197.306
5353, 197.35
5354, 197.352
5355, 197.352
5356, 197.359
5357, 197.371
5358, 197.373
5359, 197.383
5360, 197.391
5361, 197.394
5362, 197.397
5363, 197.402
5364, 197.404
5365, 197.405
5366, 197.406
5367, 197.412
5368, 197.417
5369, 197.419
5370, 197.44
5371, 197.44
5372, 197.445
5373, 197.447
5374, 197.451
5375, 197.461
5376, 197.461
5377, 197.462
5378, 197.463
5379, 197.463
5380, 197.465
5381, 197.466
5382, 197.475
5383, 197.48
5384, 197.484
5385, 197.496
5386, 197.497
5387, 197.499
5388, 197.504
5389, 197.504
5390, 197.52
5391, 197.529
5392, 197.541
5393, 197.55
5394, 197.566
5395, 197.569
5396, 197.59
5397, 197.591
5398, 197.594
5399, 197.596
5400, 197.603
5401, 197.613
5402, 197.629
5403, 197.633
5404, 197.645
5405, 197.647
5406, 197.648
5407, 197.668
5408, 197.671
5409, 197.673
5410, 197.676
5411, 197.677
5412, 197.681
5413, 197.69
5414, 197.691
5415, 197.692
5416, 197.696
5417, 197.699
5418, 197.7
5419, 197.703
5420, 197.706
5421, 197.716
5422, 197.717
5423, 197.722
5424, 197.723
5425, 197.724
5426, 197.727
5427, 197.729
5428, 197.739
5429, 197.739
5430, 197.742
5431, 197.746
5432, 197.748
5433, 197.751
5434, 197.752
5435, 197.757
5436, 197.758
5437, 197.762
5438, 197.763
5439, 197.769
5440, 197.771
5441, 197.774
5442, 197.774
5443, 197.775
5444, 197.802
5445, 197.807
5446, 197.814
5447, 197.82
5448, 197.823
5449, 197.825
5450, 197.828
5451, 197.841
5452, 197.843
5453, 197.866
5454, 197.871
5455, 197.876
5456, 197.878
5457, 197.878
5458, 197.881
5459, 197.884
5460, 197.888
5461, 197.891
5462, 197.906
5463, 197.93
5464, 197.933
5465, 197.938
5466, 197.939
5467, 197.94
5468, 197.947
5469, 197.948
5470, 197.948
5471, 197.949
5472, 197.951
5473, 197.955
5474, 197.956
5475, 197.963
5476, 197.965
5477, 197.966
5478, 197.972
5479, 197.972
5480, 197.975
5481, 197.98
5482, 197.998
5483, 198.006
5484, 198.015
5485, 198.016
5486, 198.016
5487, 198.021
5488, 198.026
5489, 198.032
5490, 198.065
5491, 198.066
5492, 198.07
5493, 198.073
5494, 198.092
5495, 198.106
5496, 198.112
5497, 198.12
5498, 198.122
5499, 198.122
5500, 198.136
5501, 198.14
5502, 198.153
5503, 198.166
5504, 198.173
5505, 198.173
5506, 198.173
5507, 198.183
5508, 198.186
5509, 198.189
5510, 198.189
5511, 198.19
5512, 198.207
5513, 198.208
5514, 198.213
5515, 198.213
5516, 198.216
5517, 198.217
5518, 198.228
5519, 198.229
5520, 198.239
5521, 198.241
5522, 198.244
5523, 198.253
5524, 198.262
5525, 198.262
5526, 198.265
5527, 198.283
5528, 198.288
5529, 198.298
5530, 198.299
5531, 198.305
5532, 198.307
5533, 198.309
5534, 198.333
5535, 198.333
5536, 198.338
5537, 198.342
5538, 198.35
5539, 198.353
5540, 198.355
5541, 198.356
5542, 198.358
5543, 198.359
5544, 198.359
5545, 198.364
5546, 198.365
5547, 198.37
5548, 198.371
5549, 198.374
5550, 198.391
5551, 198.392
5552, 198.394
5553, 198.402
5554, 198.414
5555, 198.416
5556, 198.417
5557, 198.421
5558, 198.422
5559, 198.423
5560, 198.435
5561, 198.435
5562, 198.435
5563, 198.437
5564, 198.444
5565, 198.448
5566, 198.449
5567, 198.463
5568, 198.47
5569, 198.472
5570, 198.472
5571, 198.48
5572, 198.48
5573, 198.486
5574, 198.488
5575, 198.491
5576, 198.491
5577, 198.492
5578, 198.501
5579, 198.502
5580, 198.504
5581, 198.518
5582, 198.519
5583, 198.528
5584, 198.529
5585, 198.531
5586, 198.533
5587, 198.539
5588, 198.553
5589, 198.573
5590, 198.577
5591, 198.582
5592, 198.582
5593, 198.587
5594, 198.592
5595, 198.593
5596, 198.604
5597, 198.607
5598, 198.607
5599, 198.608
5600, 198.609
5601, 198.609
5602, 198.616
5603, 198.62
5604, 198.63
5605, 198.633
5606, 198.635
5607, 198.636
5608, 198.637
5609, 198.656
5610, 198.669
5611, 198.674
5612, 198.678
5613, 198.681
5614, 198.683
5615, 198.684
5616, 198.688
5617, 198.688
5618, 198.694
5619, 198.695
5620, 198.697
5621, 198.703
5622, 198.703
5623, 198.722
5624, 198.723
5625, 198.73
5626, 198.734
5627, 198.749
5628, 198.757
5629, 198.758
5630, 198.771
5631, 198.774
5632, 198.779
5633, 198.786
5634, 198.793
5635, 198.795
5636, 198.828
5637, 198.832
5638, 198.832
5639, 198.833
5640, 198.834
5641, 198.835
5642, 198.837
5643, 198.847
5644, 198.848
5645, 198.849
5646, 198.853
5647, 198.853
5648, 198.855
5649, 198.856
5650, 198.857
5651, 198.869
5652, 198.89
5653, 198.893
5654, 198.899
5655, 198.901
5656, 198.912
5657, 198.923
5658, 198.939
5659, 198.94
5660, 198.94
5661, 198.945
5662, 198.96
5663, 198.963
5664, 198.976
5665, 198.985
5666, 198.986
5667, 198.988
5668, 198.989
5669, 198.998
5670, 199.005
5671, 199.014
5672, 199.019
5673, 199.068
5674, 199.071
5675, 199.073
5676, 199.093
5677, 199.105
5678, 199.12
5679, 199.129
5680, 199.136
5681, 199.154
5682, 199.162
5683, 199.163
5684, 199.165
5685, 199.168
5686, 199.169
5687, 199.171
5688, 199.173
5689, 199.179
5690, 199.188
5691, 199.191
5692, 199.196
5693, 199.212
5694, 199.215
5695, 199.221
5696, 199.231
5697, 199.231
5698, 199.239
5699, 199.252
5700, 199.255
5701, 199.266
5702, 199.266
5703, 199.267
5704, 199.268
5705, 199.272
5706, 199.274
5707, 199.275
5708, 199.28
5709, 199.28
5710, 199.282
5711, 199.283
5712, 199.286
5713, 199.298
5714, 199.31
5715, 199.311
5716, 199.323
5717, 199.326
5718, 199.342
5719, 199.342
5720, 199.342
5721, 199.344
5722, 199.346
5723, 199.348
5724, 199.348
5725, 199.357
5726, 199.358
5727, 199.362
5728, 199.366
5729, 199.375
5730, 199.378
5731, 199.387
5732, 199.388
5733, 199.403
5734, 199.406
5735, 199.411
5736, 199.422
5737, 199.429
5738, 199.435
5739, 199.443
5740, 199.453
5741, 199.457
5742, 199.48
5743, 199.492
5744, 199.496
5745, 199.506
5746, 199.523
5747, 199.524
5748, 199.527
5749, 199.532
5750, 199.538
5751, 199.541
5752, 199.542
5753, 199.542
5754, 199.551
5755, 199.555
5756, 199.563
5757, 199.569
5758, 199.578
5759, 199.585
5760, 199.589
5761, 199.602
5762, 199.609
5763, 199.609
5764, 199.622
5765, 199.627
5766, 199.634
5767, 199.639
5768, 199.644
5769, 199.652
5770, 199.655
5771, 199.672
5772, 199.689
5773, 199.691
5774, 199.707
5775, 199.711
5776, 199.722
5777, 199.729
5778, 199.738
5779, 199.746
5780, 199.749
5781, 199.754
5782, 199.762
5783, 199.774
5784, 199.777
5785, 199.79
5786, 199.792
5787, 199.798
5788, 199.804
5789, 199.83
5790, 199.837
5791, 199.842
5792, 199.843
5793, 199.845
5794, 199.848
5795, 199.854
5796, 199.858
5797, 199.862
5798, 199.875
5799, 199.887
5800, 199.89
5801, 199.895
5802, 199.895
5803, 199.896
5804, 199.897
5805, 199.898
5806, 199.904
5807, 199.908
5808, 199.939
5809, 199.941
5810, 199.957
5811, 199.966
5812, 199.973
5813, 199.974
5814, 199.984
5815, 199.984
5816, 199.992
5817, 199.993
5818, 199.997
5819, 199.997
5820, 200.005
5821, 200.005
5822, 200.01
5823, 200.017
5824, 200.019
5825, 200.024
5826, 200.034
5827, 200.034
5828, 200.035
5829, 200.039
5830, 200.042
5831, 200.048
5832, 200.052
5833, 200.062
5834, 200.065
5835, 200.073
5836, 200.073
5837, 200.076
5838, 200.081
5839, 200.085
5840, 200.097
5841, 200.101
5842, 200.112
5843, 200.121
5844, 200.129
5845, 200.133
5846, 200.136
5847, 200.14
5848, 200.141
5849, 200.151
5850, 200.152
5851, 200.156
5852, 200.164
5853, 200.168
5854, 200.176
5855, 200.178
5856, 200.182
5857, 200.184
5858, 200.198
5859, 200.204
5860, 200.206
5861, 200.212
5862, 200.216
5863, 200.22
5864, 200.225
5865, 200.228
5866, 200.231
5867, 200.232
5868, 200.239
5869, 200.248
5870, 200.249
5871, 200.253
5872, 200.255
5873, 200.262
5874, 200.266
5875, 200.267
5876, 200.269
5877, 200.276
5878, 200.287
5879, 200.288
5880, 200.288
5881, 200.288
5882, 200.294
5883, 200.296
5884, 200.301
5885, 200.301
5886, 200.301
5887, 200.309
5888, 200.31
5889, 200.31
5890, 200.316
5891, 200.32
5892, 200.33
5893, 200.338
5894, 200.346
5895, 200.363
5896, 200.365
5897, 200.382
5898, 200.386
5899, 200.394
5900, 200.4
5901, 200.4
5902, 200.404
5903, 200.407
5904, 200.408
5905, 200.409
5906, 200.414
5907, 200.417
5908, 200.421
5909, 200.422
5910, 200.425
5911, 200.433
5912, 200.435
5913, 200.439
5914, 200.441
5915, 200.442
5916, 200.45
5917, 200.451
5918, 200.457
5919, 200.458
5920, 200.466
5921, 200.467
5922, 200.472
5923, 200.476
5924, 200.479
5925, 200.48
5926, 200.489
5927, 200.496
5928, 200.499
5929, 200.501
5930, 200.509
5931, 200.54
5932, 200.541
5933, 200.543
5934, 200.548
5935, 200.551
5936, 200.56
5937, 200.56
5938, 200.561
5939, 200.561
5940, 200.571
5941, 200.574
5942, 200.579
5943, 200.583
5944, 200.586
5945, 200.587
5946, 200.595
5947, 200.598
5948, 200.606
5949, 200.617
5950, 200.651
5951, 200.656
5952, 200.657
5953, 200.659
5954, 200.664
5955, 200.67
5956, 200.671
5957, 200.706
5958, 200.721
5959, 200.727
5960, 200.744
5961, 200.744
5962, 200.747
5963, 200.753
5964, 200.756
5965, 200.756
5966, 200.763
5967, 200.764
5968, 200.769
5969, 200.783
5970, 200.787
5971, 200.789
5972, 200.795
5973, 200.799
5974, 200.807
5975, 200.809
5976, 200.823
5977, 200.827
5978, 200.828
5979, 200.836
5980, 200.836
5981, 200.839
5982, 200.839
5983, 200.845
5984, 200.846
5985, 200.848
5986, 200.849
5987, 200.851
5988, 200.855
5989, 200.857
5990, 200.873
5991, 200.885
5992, 200.892
5993, 200.9
5994, 200.901
5995, 200.902
5996, 200.905
5997, 200.907
5998, 200.91
5999, 200.916
6000, 200.918
6001, 200.922
6002, 200.934
6003, 200.935
6004, 200.936
6005, 200.947
6006, 200.949
6007, 200.957
6008, 200.983
6009, 200.985
6010, 200.988
6011, 200.993
6012, 200.998
6013, 201.007
6014, 201.008
6015, 201.028
6016, 201.041
6017, 201.042
6018, 201.059
6019, 201.071
6020, 201.071
6021, 201.073
6022, 201.079
6023, 201.089
6024, 201.1
6025, 201.107
6026, 201.118
6027, 201.12
6028, 201.132
6029, 201.139
6030, 201.141
6031, 201.145
6032, 201.151
6033, 201.165
6034, 201.166
6035, 201.167
6036, 201.171
6037, 201.173
6038, 201.174
6039, 201.177
6040, 201.181
6041, 201.186
6042, 201.186
6043, 201.206
6044, 201.207
6045, 201.211
6046, 201.212
6047, 201.218
6048, 201.225
6049, 201.228
6050, 201.23
6051, 201.251
6052, 201.264
6053, 201.271
6054, 201.275
6055, 201.286
6056, 201.293
6057, 201.301
6058, 201.306
6059, 201.31
6060, 201.311
6061, 201.313
6062, 201.313
6063, 201.313
6064, 201.328
6065, 201.333
6066, 201.333
6067, 201.337
6068, 201.34
6069, 201.346
6070, 201.349
6071, 201.352
6072, 201.352
6073, 201.367
6074, 201.38
6075, 201.388
6076, 201.419
6077, 201.43
6078, 201.436
6079, 201.437
6080, 201.438
6081, 201.451
6082, 201.454
6083, 201.455
6084, 201.458
6085, 201.47
6086, 201.48
6087, 201.481
6088, 201.483
6089, 201.484
6090, 201.496
6091, 201.499
6092, 201.504
6093, 201.511
6094, 201.511
6095, 201.519
6096, 201.52
6097, 201.52
6098, 201.521
6099, 201.524
6100, 201.527
6101, 201.535
6102, 201.536
6103, 201.543
6104, 201.546
6105, 201.551
6106, 201.552
6107, 201.566
6108, 201.57
6109, 201.575
6110, 201.582
6111, 201.586
6112, 201.595
6113, 201.605
6114, 201.609
6115, 201.613
6116, 201.62
6117, 201.63
6118, 201.635
6119, 201.637
6120, 201.641
6121, 201.664
6122, 201.681
6123, 201.685
6124, 201.686
6125, 201.695
6126, 201.709
6127, 201.711
6128, 201.711
6129, 201.718
6130, 201.721
6131, 201.726
6132, 201.728
6133, 201.73
6134, 201.734
6135, 201.741
6136, 201.745
6137, 201.749
6138, 201.769
6139, 201.779
6140, 201.779
6141, 201.78
6142, 201.783
6143, 201.784
6144, 201.794
6145, 201.794
6146, 201.804
6147, 201.816
6148, 201.832
6149, 201.834
6150, 201.838
6151, 201.852
6152, 201.859
6153, 201.861
6154, 201.864
6155, 201.884
6156, 201.891
6157, 201.893
6158, 201.895
6159, 201.895
6160, 201.896
6161, 201.896
6162, 201.902
6163, 201.908
6164, 201.91
6165, 201.911
6166, 201.917
6167, 201.924
6168, 201.928
6169, 201.93
6170, 201.931
6171, 201.931
6172, 201.95
6173, 201.954
6174, 201.959
6175, 201.963
6176, 201.981
6177, 201.983
6178, 201.985
6179, 201.988
6180, 201.988
6181, 201.993
6182, 201.996
6183, 202
6184, 202.003
6185, 202.005
6186, 202.009
6187, 202.013
6188, 202.015
6189, 202.019
6190, 202.021
6191, 202.031
6192, 202.035
6193, 202.042
6194, 202.047
6195, 202.053
6196, 202.058
6197, 202.067
6198, 202.074
6199, 202.081
6200, 202.087
6201, 202.089
6202, 202.091
6203, 202.093
6204, 202.098
6205, 202.115
6206, 202.115
6207, 202.117
6208, 202.124
6209, 202.129
6210, 202.143
6211, 202.146
6212, 202.151
6213, 202.155
6214, 202.155
6215, 202.158
6216, 202.158
6217, 202.16
6218, 202.17
6219, 202.174
6220, 202.181
6221, 202.201
6222, 202.205
6223, 202.205
6224, 202.213
6225, 202.22
6226, 202.225
6227, 202.242
6228, 202.244
6229, 202.261
6230, 202.27
6231, 202.273
6232, 202.277
6233, 202.278
6234, 202.284
6235, 202.296
6236, 202.296
6237, 202.306
6238, 202.32
6239, 202.343
6240, 202.344
6241, 202.344
6242, 202.348
6243, 202.35
6244, 202.382
6245, 202.39
6246, 202.39
6247, 202.393
6248, 202.395
6249, 202.412
6250, 202.419
6251, 202.424
6252, 202.43
6253, 202.43
6254, 202.455
6255, 202.459
6256, 202.474
6257, 202.476
6258, 202.488
6259, 202.488
6260, 202.499
6261, 202.509
6262, 202.513
6263, 202.517
6264, 202.523
6265, 202.539
6266, 202.56
6267, 202.56
6268, 202.577
6269, 202.587
6270, 202.589
6271, 202.592
6272, 202.596
6273, 202.598
6274, 202.611
6275, 202.618
6276, 202.618
6277, 202.619
6278, 202.621
6279, 202.626
6280, 202.63
6281, 202.631
6282, 202.635
6283, 202.644
6284, 202.645
6285, 202.645
6286, 202.649
6287, 202.65
6288, 202.652
6289, 202.666
6290, 202.67
6291, 202.674
6292, 202.678
6293, 202.697
6294, 202.7
6295, 202.701
6296, 202.712
6297, 202.717
6298, 202.717
6299, 202.718
6300, 202.718
6301, 202.721
6302, 202.723
6303, 202.729
6304, 202.733
6305, 202.756
6306, 202.761
6307, 202.774
6308, 202.78
6309, 202.786
6310, 202.789
6311, 202.796
6312, 202.798
6313, 202.8
6314, 202.802
6315, 202.802
6316, 202.803
6317, 202.809
6318, 202.817
6319, 202.818
6320, 202.827
6321, 202.833
6322, 202.837
6323, 202.841
6324, 202.849
6325, 202.862
6326, 202.867
6327, 202.87
6328, 202.875
6329, 202.881
6330, 202.883
6331, 202.89
6332, 202.895
6333, 202.904
6334, 202.905
6335, 202.908
6336, 202.916
6337, 202.928
6338, 202.935
6339, 202.937
6340, 202.94
6341, 202.958
6342, 202.965
6343, 202.966
6344, 202.967
6345, 202.98
6346, 202.98
6347, 202.983
6348, 202.998
6349, 203.005
6350, 203.006
6351, 203.012
6352, 203.027
6353, 203.03
6354, 203.03
6355, 203.05
6356, 203.06
6357, 203.071
6358, 203.084
6359, 203.092
6360, 203.094
6361, 203.097
6362, 203.114
6363, 203.12
6364, 203.12
6365, 203.123
6366, 203.129
6367, 203.139
6368, 203.148
6369, 203.154
6370, 203.155
6371, 203.161
6372, 203.17
6373, 203.173
6374, 203.182
6375, 203.202
6376, 203.204
6377, 203.206
6378, 203.206
6379, 203.208
6380, 203.219
6381, 203.23
6382, 203.236
6383, 203.237
6384, 203.24
6385, 203.243
6386, 203.247
6387, 203.259
6388, 203.263
6389, 203.267
6390, 203.269
6391, 203.27
6392, 203.272
6393, 203.272
6394, 203.276
6395, 203.278
6396, 203.281
6397, 203.291
6398, 203.3
6399, 203.3
6400, 203.301
6401, 203.314
6402, 203.319
6403, 203.32
6404, 203.321
6405, 203.329
6406, 203.331
6407, 203.333
6408, 203.344
6409, 203.346
6410, 203.347
6411, 203.351
6412, 203.355
6413, 203.366
6414, 203.374
6415, 203.38
6416, 203.384
6417, 203.385
6418, 203.385
6419, 203.387
6420, 203.396
6421, 203.397
6422, 203.399
6423, 203.415
6424, 203.418
6425, 203.43
6426, 203.44
6427, 203.442
6428, 203.448
6429, 203.449
6430, 203.454
6431, 203.456
6432, 203.464
6433, 203.475
6434, 203.489
6435, 203.493
6436, 203.494
6437, 203.499
6438, 203.501
6439, 203.504
6440, 203.507
6441, 203.521
6442, 203.53
6443, 203.536
6444, 203.559
6445, 203.579
6446, 203.58
6447, 203.583
6448, 203.589
6449, 203.593
6450, 203.594
6451, 203.595
6452, 203.595
6453, 203.596
6454, 203.597
6455, 203.6
6456, 203.602
6457, 203.609
6458, 203.636
6459, 203.644
6460, 203.647
6461, 203.652
6462, 203.655
6463, 203.659
6464, 203.666
6465, 203.682
6466, 203.687
6467, 203.694
6468, 203.706
6469, 203.707
6470, 203.71
6471, 203.712
6472, 203.713
6473, 203.719
6474, 203.733
6475, 203.733
6476, 203.737
6477, 203.74
6478, 203.743
6479, 203.764
6480, 203.766
6481, 203.768
6482, 203.776
6483, 203.78
6484, 203.786
6485, 203.791
6486, 203.792
6487, 203.794
6488, 203.795
6489, 203.799
6490, 203.818
6491, 203.822
6492, 203.823
6493, 203.831
6494, 203.831
6495, 203.838
6496, 203.84
6497, 203.854
6498, 203.856
6499, 203.864
6500, 203.867
6501, 203.868
6502, 203.869
6503, 203.872
6504, 203.875
6505, 203.881
6506, 203.894
6507, 203.9
6508, 203.908
6509, 203.937
6510, 203.938
6511, 203.94
6512, 203.942
6513, 203.951
6514, 203.954
6515, 203.956
6516, 203.961
6517, 203.969
6518, 203.979
6519, 203.988
6520, 203.992
6521, 203.993
6522, 203.998
6523, 204.002
6524, 204.006
6525, 204.007
6526, 204.011
6527, 204.028
6528, 204.03
6529, 204.03
6530, 204.042
6531, 204.047
6532, 204.051
6533, 204.064
6534, 204.085
6535, 204.086
6536, 204.096
6537, 204.1
6538, 204.101
6539, 204.114
6540, 204.116
6541, 204.122
6542, 204.128
6543, 204.129
6544, 204.132
6545, 204.138
6546, 204.144
6547, 204.16
6548, 204.162
6549, 204.163
6550, 204.164
6551, 204.168
6552, 204.17
6553, 204.172
6554, 204.174
6555, 204.187
6556, 204.196
6557, 204.205
6558, 204.205
6559, 204.214
6560, 204.22
6561, 204.223
6562, 204.24
6563, 204.244
6564, 204.246
6565, 204.249
6566, 204.256
6567, 204.259
6568, 204.26
6569, 204.268
6570, 204.269
6571, 204.282
6572, 204.282
6573, 204.287
6574, 204.291
6575, 204.302
6576, 204.308
6577, 204.321
6578, 204.325
6579, 204.328
6580, 204.341
6581, 204.354
6582, 204.355
6583, 204.359
6584, 204.366
6585, 204.381
6586, 204.388
6587, 204.39
6588, 204.397
6589, 204.404
6590, 204.408
6591, 204.414
6592, 204.415
6593, 204.42
6594, 204.423
6595, 204.428
6596, 204.429
6597, 204.43
6598, 204.436
6599, 204.445
6600, 204.448
6601, 204.451
6602, 204.457
6603, 204.458
6604, 204.459
6605, 204.459
6606, 204.461
6607, 204.466
6608, 204.473
6609, 204.475
6610, 204.476
6611, 204.479
6612, 204.479
6613, 204.481
6614, 204.494
6615, 204.497
6616, 204.515
6617, 204.517
6618, 204.522
6619, 204.527
6620, 204.534
6621, 204.534
6622, 204.544
6623, 204.546
6624, 204.551
6625, 204.558
6626, 204.558
6627, 204.559
6628, 204.561
6629, 204.565
6630, 204.569
6631, 204.57
6632, 204.571
6633, 204.584
6634, 204.589
6635, 204.59
6636, 204.594
6637, 204.595
6638, 204.596
6639, 204.611
6640, 204.628
6641, 204.629
6642, 204.63
6643, 204.632
6644, 204.637
6645, 204.637
6646, 204.647
6647, 204.652
6648, 204.652
6649, 204.655
6650, 204.661
6651, 204.672
6652, 204.678
6653, 204.689
6654, 204.705
6655, 204.708
6656, 204.709
6657, 204.709
6658, 204.711
6659, 204.714
6660, 204.721
6661, 204.723
6662, 204.728
6663, 204.736
6664, 204.767
6665, 204.768
6666, 204.776
6667, 204.789
6668, 204.792
6669, 204.797
6670, 204.799
6671, 204.809
6672, 204.815
6673, 204.823
6674, 204.824
6675, 204.826
6676, 204.835
6677, 204.836
6678, 204.842
6679, 204.843
6680, 204.845
6681, 204.852
6682, 204.853
6683, 204.857
6684, 204.857
6685, 204.864
6686, 204.878
6687, 204.889
6688, 204.889
6689, 204.91
6690, 204.915
6691, 204.919
6692, 204.924
6693, 204.926
6694, 204.93
6695, 204.935
6696, 204.946
6697, 204.951
6698, 204.956
6699, 204.967
6700, 204.968
6701, 204.974
6702, 204.982
6703, 204.984
6704, 204.999
6705, 205.009
6706, 205.017
6707, 205.022
6708, 205.027
6709, 205.027
6710, 205.028
6711, 205.032
6712, 205.041
6713, 205.043
6714, 205.049
6715, 205.051
6716, 205.059
6717, 205.075
6718, 205.079
6719, 205.082
6720, 205.083
6721, 205.085
6722, 205.095
6723, 205.099
6724, 205.101
6725, 205.105
6726, 205.107
6727, 205.112
6728, 205.114
6729, 205.115
6730, 205.12
6731, 205.126
6732, 205.129
6733, 205.131
6734, 205.134
6735, 205.135
6736, 205.145
6737, 205.152
6738, 205.153
6739, 205.155
6740, 205.157
6741, 205.161
6742, 205.168
6743, 205.176
6744, 205.189
6745, 205.19
6746, 205.194
6747, 205.196
6748, 205.196
6749, 205.198
6750, 205.2
6751, 205.216
6752, 205.229
6753, 205.231
6754, 205.233
6755, 205.233
6756, 205.237
6757, 205.237
6758, 205.264
6759, 205.265
6760, 205.265
6761, 205.282
6762, 205.286
6763, 205.286
6764, 205.288
6765, 205.295
6766, 205.299
6767, 205.305
6768, 205.309
6769, 205.311
6770, 205.313
6771, 205.327
6772, 205.328
6773, 205.33
6774, 205.333
6775, 205.345
6776, 205.353
6777, 205.355
6778, 205.363
6779, 205.368
6780, 205.375
6781, 205.376
6782, 205.394
6783, 205.397
6784, 205.398
6785, 205.399
6786, 205.399
6787, 205.409
6788, 205.412
6789, 205.414
6790, 205.417
6791, 205.42
6792, 205.427
6793, 205.432
6794, 205.434
6795, 205.434
6796, 205.435
6797, 205.45
6798, 205.454
6799, 205.454
6800, 205.456
6801, 205.473
6802, 205.479
6803, 205.481
6804, 205.488
6805, 205.503
6806, 205.53
6807, 205.532
6808, 205.538
6809, 205.539
6810, 205.541
6811, 205.549
6812, 205.549
6813, 205.55
6814, 205.551
6815, 205.555
6816, 205.555
6817, 205.563
6818, 205.565
6819, 205.576
6820, 205.579
6821, 205.597
6822, 205.6
6823, 205.609
6824, 205.622
6825, 205.625
6826, 205.635
6827, 205.647
6828, 205.651
6829, 205.663
6830, 205.673
6831, 205.684
6832, 205.685
6833, 205.686
6834, 205.692
6835, 205.699
6836, 205.713
6837, 205.736
6838, 205.74
6839, 205.762
6840, 205.769
6841, 205.775
6842, 205.776
6843, 205.778
6844, 205.783
6845, 205.786
6846, 205.787
6847, 205.802
6848, 205.808
6849, 205.814
6850, 205.82
6851, 205.824
6852, 205.826
6853, 205.838
6854, 205.839
6855, 205.849
6856, 205.858
6857, 205.863
6858, 205.868
6859, 205.871
6860, 205.871
6861, 205.874
6862, 205.874
6863, 205.879
6864, 205.883
6865, 205.911
6866, 205.915
6867, 205.926
6868, 205.928
6869, 205.929
6870, 205.935
6871, 205.939
6872, 205.944
6873, 205.948
6874, 205.95
6875, 205.951
6876, 205.996
6877, 205.996
6878, 205.997
6879, 206.017
6880, 206.018
6881, 206.026
6882, 206.028
6883, 206.031
6884, 206.036
6885, 206.038
6886, 206.051
6887, 206.056
6888, 206.064
6889, 206.064
6890, 206.078
6891, 206.084
6892, 206.109
6893, 206.123
6894, 206.135
6895, 206.135
6896, 206.144
6897, 206.146
6898, 206.152
6899, 206.161
6900, 206.162
6901, 206.167
6902, 206.169
6903, 206.172
6904, 206.178
6905, 206.186
6906, 206.19
6907, 206.192
6908, 206.196
6909, 206.199
6910, 206.202
6911, 206.212
6912, 206.213
6913, 206.215
6914, 206.217
6915, 206.223
6916, 206.23
6917, 206.23
6918, 206.246
6919, 206.253
6920, 206.257
6921, 206.276
6922, 206.289
6923, 206.292
6924, 206.294
6925, 206.301
6926, 206.307
6927, 206.309
6928, 206.31
6929, 206.323
6930, 206.325
6931, 206.331
6932, 206.336
6933, 206.341
6934, 206.343
6935, 206.353
6936, 206.372
6937, 206.378
6938, 206.387
6939, 206.396
6940, 206.401
6941, 206.412
6942, 206.418
6943, 206.428
6944, 206.439
6945, 206.44
6946, 206.442
6947, 206.447
6948, 206.448
6949, 206.455
6950, 206.458
6951, 206.468
6952, 206.485
6953, 206.499
6954, 206.5
6955, 206.5
6956, 206.503
6957, 206.508
6958, 206.512
6959, 206.515
6960, 206.526
6961, 206.528
6962, 206.535
6963, 206.536
6964, 206.538
6965, 206.55
6966, 206.563
6967, 206.574
6968, 206.597
6969, 206.599
6970, 206.603
6971, 206.612
6972, 206.612
6973, 206.624
6974, 206.624
6975, 206.643
6976, 206.644
6977, 206.645
6978, 206.649
6979, 206.652
6980, 206.657
6981, 206.657
6982, 206.658
6983, 206.674
6984, 206.681
6985, 206.686
6986, 206.689
6987, 206.699
6988, 206.704
6989, 206.707
6990, 206.708
6991, 206.711
6992, 206.718
6993, 206.724
6994, 206.729
6995, 206.73
6996, 206.732
6997, 206.732
6998, 206.737
6999, 206.742
7000, 206.746
7001, 206.748
7002, 206.749
7003, 206.755
7004, 206.764
7005, 206.764
7006, 206.767
7007, 206.774
7008, 206.775
7009, 206.78
7010, 206.782
7011, 206.796
7012, 206.798
7013, 206.802
7014, 206.804
7015, 206.805
7016, 206.806
7017, 206.816
7018, 206.816
7019, 206.832
7020, 206.835
7021, 206.842
7022, 206.844
7023, 206.847
7024, 206.851
7025, 206.863
7026, 206.87
7027, 206.875
7028, 206.88
7029, 206.88
7030, 206.882
7031, 206.897
7032, 206.898
7033, 206.908
7034, 206.912
7035, 206.912
7036, 206.937
7037, 206.938
7038, 206.948
7039, 206.95
7040, 206.951
7041, 206.962
7042, 206.968
7043, 206.974
7044, 206.975
7045, 206.976
7046, 206.977
7047, 206.982
7048, 206.986
7049, 206.988
7050, 207.008
7051, 207.01
7052, 207.019
7053, 207.024
7054, 207.027
7055, 207.038
7056, 207.041
7057, 207.043
7058, 207.052
7059, 207.058
7060, 207.059
7061, 207.06
7062, 207.07
7063, 207.072
7064, 207.073
7065, 207.076
7066, 207.085
7067, 207.087
7068, 207.089
7069, 207.093
7070, 207.099
7071, 207.108
7072, 207.108
7073, 207.113
7074, 207.114
7075, 207.12
7076, 207.122
7077, 207.136
7078, 207.137
7079, 207.137
7080, 207.138
7081, 207.138
7082, 207.138
7083, 207.139
7084, 207.15
7085, 207.172
7086, 207.172
7087, 207.176
7088, 207.179
7089, 207.185
7090, 207.186
7091, 207.188
7092, 207.203
7093, 207.204
7094, 207.205
7095, 207.205
7096, 207.208
7097, 207.221
7098, 207.223
7099, 207.25
7100, 207.255
7101, 207.257
7102, 207.257
7103, 207.26
7104, 207.261
7105, 207.275
7106, 207.278
7107, 207.279
7108, 207.28
7109, 207.288
7110, 207.29
7111, 207.291
7112, 207.298
7113, 207.304
7114, 207.308
7115, 207.325
7116, 207.336
7117, 207.341
7118, 207.343
7119, 207.348
7120, 207.349
7121, 207.353
7122, 207.36
7123, 207.364
7124, 207.378
7125, 207.382
7126, 207.383
7127, 207.395
7128, 207.401
7129, 207.403
7130, 207.413
7131, 207.419
7132, 207.42
7133, 207.428
7134, 207.436
7135, 207.438
7136, 207.452
7137, 207.459
7138, 207.466
7139, 207.473
7140, 207.478
7141, 207.479
7142, 207.482
7143, 207.487
7144, 207.495
7145, 207.5
7146, 207.501
7147, 207.51
7148, 207.512
7149, 207.521
7150, 207.531
7151, 207.536
7152, 207.54
7153, 207.551
7154, 207.551
7155, 207.556
7156, 207.565
7157, 207.566
7158, 207.568
7159, 207.576
7160, 207.578
7161, 207.579
7162, 207.583
7163, 207.598
7164, 207.606
7165, 207.607
7166, 207.623
7167, 207.624
7168, 207.631
7169, 207.631
7170, 207.638
7171, 207.641
7172, 207.643
7173, 207.648
7174, 207.66
7175, 207.67
7176, 207.678
7177, 207.678
7178, 207.683
7179, 207.686
7180, 207.687
7181, 207.696
7182, 207.696
7183, 207.7
7184, 207.702
7185, 207.704
7186, 207.719
7187, 207.723
7188, 207.736
7189, 207.74
7190, 207.75
7191, 207.754
7192, 207.754
7193, 207.755
7194, 207.764
7195, 207.773
7196, 207.778
7197, 207.782
7198, 207.794
7199, 207.802
7200, 207.809
7201, 207.815
7202, 207.815
7203, 207.817
7204, 207.829
7205, 207.83
7206, 207.836
7207, 207.838
7208, 207.839
7209, 207.843
7210, 207.848
7211, 207.858
7212, 207.87
7213, 207.877
7214, 207.877
7215, 207.877
7216, 207.886
7217, 207.888
7218, 207.895
7219, 207.896
7220, 207.898
7221, 207.899
7222, 207.901
7223, 207.908
7224, 207.911
7225, 207.916
7226, 207.917
7227, 207.918
7228, 207.921
7229, 207.936
7230, 207.946
7231, 207.96
7232, 207.964
7233, 207.965
7234, 207.984
7235, 207.985
7236, 207.986
7237, 207.991
7238, 207.992
7239, 208.004
7240, 208.005
7241, 208.014
7242, 208.015
7243, 208.021
7244, 208.025
7245, 208.027
7246, 208.028
7247, 208.029
7248, 208.057
7249, 208.078
7250, 208.079
7251, 208.085
7252, 208.088
7253, 208.095
7254, 208.101
7255, 208.102
7256, 208.109
7257, 208.112
7258, 208.123
7259, 208.124
7260, 208.135
7261, 208.136
7262, 208.139
7263, 208.141
7264, 208.156
7265, 208.16
7266, 208.169
7267, 208.17
7268, 208.175
7269, 208.176
7270, 208.182
7271, 208.182
7272, 208.192
7273, 208.193
7274, 208.197
7275, 208.213
7276, 208.217
7277, 208.22
7278, 208.221
7279, 208.231
7280, 208.237
7281, 208.237
7282, 208.238
7283, 208.238
7284, 208.252
7285, 208.252
7286, 208.254
7287, 208.256
7288, 208.262
7289, 208.264
7290, 208.266
7291, 208.272
7292, 208.276
7293, 208.289
7294, 208.29
7295, 208.29
7296, 208.304
7297, 208.311
7298, 208.313
7299, 208.314
7300, 208.325
7301, 208.327
7302, 208.329
7303, 208.338
7304, 208.359
7305, 208.359
7306, 208.365
7307, 208.371
7308, 208.379
7309, 208.389
7310, 208.391
7311, 208.395
7312, 208.397
7313, 208.399
7314, 208.405
7315, 208.407
7316, 208.418
7317, 208.426
7318, 208.435
7319, 208.461
7320, 208.462
7321, 208.473
7322, 208.487
7323, 208.488
7324, 208.504
7325, 208.511
7326, 208.515
7327, 208.52
7328, 208.522
7329, 208.532
7330, 208.537
7331, 208.55
7332, 208.551
7333, 208.557
7334, 208.563
7335, 208.571
7336, 208.571
7337, 208.582
7338, 208.583
7339, 208.584
7340, 208.593
7341, 208.598
7342, 208.598
7343, 208.606
7344, 208.607
7345, 208.608
7346, 208.61
7347, 208.617
7348, 208.632
7349, 208.634
7350, 208.635
7351, 208.637
7352, 208.637
7353, 208.647
7354, 208.659
7355, 208.66
7356, 208.669
7357, 208.67
7358, 208.677
7359, 208.677
7360, 208.684
7361, 208.685
7362, 208.687
7363, 208.698
7364, 208.703
7365, 208.704
7366, 208.707
7367, 208.709
7368, 208.709
7369, 208.711
7370, 208.712
7371, 208.718
7372, 208.719
7373, 208.723
7374, 208.725
7375, 208.727
7376, 208.73
7377, 208.742
7378, 208.763
7379, 208.763
7380, 208.779
7381, 208.78
7382, 208.793
7383, 208.795
7384, 208.806
7385, 208.807
7386, 208.826
7387, 208.827
7388, 208.856
7389, 208.86
7390, 208.866
7391, 208.89
7392, 208.895
7393, 208.898
7394, 208.902
7395, 208.907
7396, 208.934
7397, 208.94
7398, 208.942
7399, 208.966
7400, 208.967
7401, 208.979
7402, 208.986
7403, 208.987
7404, 208.999
7405, 209.001
7406, 209.008
7407, 209.009
7408, 209.015
7409, 209.026
7410, 209.039
7411, 209.048
7412, 209.051
7413, 209.053
7414, 209.057
7415, 209.065
7416, 209.067
7417, 209.07
7418, 209.072
7419, 209.074
7420, 209.075
7421, 209.077
7422, 209.085
7423, 209.094
7424, 209.101
7425, 209.102
7426, 209.119
7427, 209.121
7428, 209.123
7429, 209.128
7430, 209.133
7431, 209.142
7432, 209.156
7433, 209.164
7434, 209.196
7435, 209.2
7436, 209.21
7437, 209.212
7438, 209.22
7439, 209.224
7440, 209.227
7441, 209.232
7442, 209.233
7443, 209.237
7444, 209.24
7445, 209.241
7446, 209.247
7447, 209.255
7448, 209.266
7449, 209.268
7450, 209.27
7451, 209.272
7452, 209.281
7453, 209.287
7454, 209.29
7455, 209.3
7456, 209.303
7457, 209.304
7458, 209.306
7459, 209.312
7460, 209.313
7461, 209.313
7462, 209.323
7463, 209.326
7464, 209.342
7465, 209.342
7466, 209.348
7467, 209.349
7468, 209.358
7469, 209.362
7470, 209.366
7471, 209.369
7472, 209.376
7473, 209.389
7474, 209.396
7475, 209.409
7476, 209.417
7477, 209.419
7478, 209.42
7479, 209.433
7480, 209.435
7481, 209.437
7482, 209.445
7483, 209.457
7484, 209.462
7485, 209.472
7486, 209.477
7487, 209.48
7488, 209.484
7489, 209.485
7490, 209.486
7491, 209.487
7492, 209.491
7493, 209.495
7494, 209.509
7495, 209.557
7496, 209.568
7497, 209.57
7498, 209.574
7499, 209.577
7500, 209.589
7501, 209.596
7502, 209.616
7503, 209.617
7504, 209.617
7505, 209.625
7506, 209.628
7507, 209.628
7508, 209.631
7509, 209.647
7510, 209.65
7511, 209.669
7512, 209.679
7513, 209.679
7514, 209.687
7515, 209.688
7516, 209.702
7517, 209.705
7518, 209.707
7519, 209.708
7520, 209.709
7521, 209.712
7522, 209.712
7523, 209.716
7524, 209.731
7525, 209.735
7526, 209.744
7527, 209.755
7528, 209.758
7529, 209.771
7530, 209.774
7531, 209.787
7532, 209.797
7533, 209.808
7534, 209.811
7535, 209.827
7536, 209.833
7537, 209.848
7538, 209.855
7539, 209.858
7540, 209.858
7541, 209.859
7542, 209.861
7543, 209.863
7544, 209.864
7545, 209.866
7546, 209.884
7547, 209.896
7548, 209.897
7549, 209.897
7550, 209.904
7551, 209.915
7552, 209.92
7553, 209.93
7554, 209.937
7555, 209.948
7556, 209.95
7557, 209.95
7558, 209.954
7559, 209.957
7560, 209.964
7561, 209.971
7562, 209.984
7563, 209.984
7564, 209.991
7565, 210.008
7566, 210.013
7567, 210.023
7568, 210.029
7569, 210.029
7570, 210.042
7571, 210.049
7572, 210.052
7573, 210.061
7574, 210.061
7575, 210.079
7576, 210.079
7577, 210.079
7578, 210.082
7579, 210.082
7580, 210.092
7581, 210.095
7582, 210.1
7583, 210.113
7584, 210.115
7585, 210.117
7586, 210.12
7587, 210.123
7588, 210.128
7589, 210.129
7590, 210.131
7591, 210.132
7592, 210.134
7593, 210.137
7594, 210.141
7595, 210.158
7596, 210.164
7597, 210.166
7598, 210.167
7599, 210.167
7600, 210.174
7601, 210.187
7602, 210.199
7603, 210.199
7604, 210.201
7605, 210.203
7606, 210.206
7607, 210.206
7608, 210.209
7609, 210.219
7610, 210.223
7611, 210.226
7612, 210.23
7613, 210.253
7614, 210.257
7615, 210.259
7616, 210.261
7617, 210.267
7618, 210.283
7619, 210.283
7620, 210.297
7621, 210.298
7622, 210.302
7623, 210.303
7624, 210.307
7625, 210.312
7626, 210.342
7627, 210.347
7628, 210.354
7629, 210.355
7630, 210.356
7631, 210.359
7632, 210.363
7633, 210.365
7634, 210.368
7635, 210.377
7636, 210.379
7637, 210.387
7638, 210.392
7639, 210.396
7640, 210.406
7641, 210.407
7642, 210.412
7643, 210.417
7644, 210.418
7645, 210.442
7646, 210.452
7647, 210.453
7648, 210.454
7649, 210.459
7650, 210.463
7651, 210.476
7652, 210.483
7653, 210.486
7654, 210.494
7655, 210.495
7656, 210.502
7657, 210.505
7658, 210.515
7659, 210.526
7660, 210.531
7661, 210.533
7662, 210.534
7663, 210.536
7664, 210.547
7665, 210.567
7666, 210.567
7667, 210.575
7668, 210.577
7669, 210.596
7670, 210.61
7671, 210.614
7672, 210.614
7673, 210.623
7674, 210.641
7675, 210.642
7676, 210.643
7677, 210.644
7678, 210.662
7679, 210.664
7680, 210.666
7681, 210.667
7682, 210.671
7683, 210.678
7684, 210.684
7685, 210.697
7686, 210.703
7687, 210.707
7688, 210.715
7689, 210.716
7690, 210.745
7691, 210.751
7692, 210.758
7693, 210.763
7694, 210.764
7695, 210.766
7696, 210.772
7697, 210.773
7698, 210.781
7699, 210.787
7700, 210.791
7701, 210.793
7702, 210.796
7703, 210.803
7704, 210.83
7705, 210.836
7706, 210.836
7707, 210.84
7708, 210.848
7709, 210.856
7710, 210.858
7711, 210.859
7712, 210.869
7713, 210.871
7714, 210.872
7715, 210.875
7716, 210.878
7717, 210.879
7718, 210.883
7719, 210.898
7720, 210.909
7721, 210.923
7722, 210.926
7723, 210.947
7724, 210.966
7725, 210.971
7726, 210.972
7727, 211
7728, 211.002
7729, 211.013
7730, 211.013
7731, 211.026
7732, 211.028
7733, 211.03
7734, 211.033
7735, 211.039
7736, 211.042
7737, 211.057
7738, 211.061
7739, 211.062
7740, 211.071
7741, 211.077
7742, 211.079
7743, 211.096
7744, 211.114
7745, 211.121
7746, 211.121
7747, 211.121
7748, 211.126
7749, 211.129
7750, 211.134
7751, 211.136
7752, 211.136
7753, 211.141
7754, 211.145
7755, 211.149
7756, 211.151
7757, 211.156
7758, 211.157
7759, 211.167
7760, 211.171
7761, 211.172
7762, 211.175
7763, 211.186
7764, 211.189
7765, 211.19
7766, 211.208
7767, 211.208
7768, 211.226
7769, 211.227
7770, 211.233
7771, 211.238
7772, 211.238
7773, 211.243
7774, 211.266
7775, 211.284
7776, 211.297
7777, 211.298
7778, 211.3
7779, 211.306
7780, 211.315
7781, 211.317
7782, 211.32
7783, 211.32
7784, 211.332
7785, 211.346
7786, 211.348
7787, 211.359
7788, 211.365
7789, 211.389
7790, 211.393
7791, 211.399
7792, 211.413
7793, 211.414
7794, 211.415
7795, 211.417
7796, 211.429
7797, 211.444
7798, 211.445
7799, 211.449
7800, 211.459
7801, 211.46
7802, 211.466
7803, 211.473
7804, 211.48
7805, 211.48
7806, 211.482
7807, 211.482
7808, 211.485
7809, 211.492
7810, 211.493
7811, 211.503
7812, 211.507
7813, 211.508
7814, 211.508
7815, 211.514
7816, 211.529
7817, 211.538
7818, 211.545
7819, 211.553
7820, 211.56
7821, 211.563
7822, 211.565
7823, 211.57
7824, 211.577
7825, 211.584
7826, 211.586
7827, 211.59
7828, 211.593
7829, 211.595
7830, 211.596
7831, 211.604
7832, 211.604
7833, 211.611
7834, 211.614
7835, 211.615
7836, 211.636
7837, 211.637
7838, 211.644
7839, 211.655
7840, 211.657
7841, 211.668
7842, 211.678
7843, 211.681
7844, 211.685
7845, 211.686
7846, 211.694
7847, 211.698
7848, 211.702
7849, 211.703
7850, 211.714
7851, 211.719
7852, 211.721
7853, 211.735
7854, 211.739
7855, 211.741
7856, 211.751
7857, 211.757
7858, 211.758
7859, 211.778
7860, 211.785
7861, 211.787
7862, 211.787
7863, 211.794
7864, 211.794
7865, 211.797
7866, 211.806
7867, 211.814
7868, 211.823
7869, 211.837
7870, 211.841
7871, 211.844
7872, 211.844
7873, 211.848
7874, 211.852
7875, 211.854
7876, 211.861
7877, 211.869
7878, 211.876
7879, 211.887
7880, 211.888
7881, 211.892
7882, 211.898
7883, 211.904
7884, 211.906
7885, 211.907
7886, 211.908
7887, 211.909
7888, 211.909
7889, 211.914
7890, 211.918
7891, 211.918
7892, 211.923
7893, 211.923
7894, 211.928
7895, 211.928
7896, 211.946
7897, 211.958
7898, 211.961
7899, 211.963
7900, 211.966
7901, 211.972
7902, 211.978
7903, 211.982
7904, 211.984
7905, 211.99
7906, 212.013
7907, 212.014
7908, 212.017
7909, 212.021
7910, 212.023
7911, 212.043
7912, 212.043
7913, 212.053
7914, 212.061
7915, 212.061
7916, 212.078
7917, 212.082
7918, 212.083
7919, 212.087
7920, 212.1
7921, 212.104
7922, 212.111
7923, 212.13
7924, 212.139
7925, 212.139
7926, 212.141
7927, 212.143
7928, 212.145
7929, 212.149
7930, 212.156
7931, 212.163
7932, 212.166
7933, 212.168
7934, 212.168
7935, 212.169
7936, 212.172
7937, 212.179
7938, 212.186
7939, 212.189
7940, 212.193
7941, 212.205
7942, 212.209
7943, 212.215
7944, 212.22
7945, 212.22
7946, 212.239
7947, 212.245
7948, 212.25
7949, 212.252
7950, 212.26
7951, 212.284
7952, 212.288
7953, 212.293
7954, 212.297
7955, 212.297
7956, 212.3
7957, 212.304
7958, 212.31
7959, 212.317
7960, 212.322
7961, 212.324
7962, 212.328
7963, 212.331
7964, 212.337
7965, 212.35
7966, 212.352
7967, 212.359
7968, 212.362
7969, 212.364
7970, 212.365
7971, 212.371
7972, 212.379
7973, 212.379
7974, 212.387
7975, 212.389
7976, 212.395
7977, 212.407
7978, 212.413
7979, 212.413
7980, 212.414
7981, 212.419
7982, 212.423
7983, 212.424
7984, 212.434
7985, 212.436
7986, 212.44
7987, 212.446
7988, 212.448
7989, 212.448
7990, 212.452
7991, 212.452
7992, 212.459
7993, 212.475
7994, 212.483
7995, 212.492
7996, 212.495
7997, 212.495
7998, 212.495
7999, 212.496
8000, 212.499
8001, 212.506
8002, 212.507
8003, 212.51
8004, 212.518
8005, 212.522
8006, 212.523
8007, 212.531
8008, 212.535
8009, 212.545
8010, 212.546
8011, 212.548
8012, 212.552
8013, 212.552
8014, 212.56
8015, 212.562
8016, 212.57
8017, 212.572
8018, 212.58
8019, 212.582
8020, 212.585
8021, 212.586
8022, 212.587
8023, 212.592
8024, 212.594
8025, 212.604
8026, 212.605
8027, 212.607
8028, 212.614
8029, 212.623
8030, 212.625
8031, 212.628
8032, 212.628
8033, 212.638
8034, 212.64
8035, 212.645
8036, 212.645
8037, 212.645
8038, 212.655
8039, 212.66
8040, 212.666
8041, 212.668
8042, 212.669
8043, 212.67
8044, 212.676
8045, 212.685
8046, 212.687
8047, 212.69
8048, 212.695
8049, 212.708
8050, 212.711
8051, 212.716
8052, 212.716
8053, 212.722
8054, 212.724
8055, 212.755
8056, 212.755
8057, 212.76
8058, 212.771
8059, 212.771
8060, 212.775
8061, 212.776
8062, 212.777
8063, 212.786
8064, 212.787
8065, 212.799
8066, 212.804
8067, 212.807
8068, 212.814
8069, 212.816
8070, 212.82
8071, 212.821
8072, 212.824
8073, 212.827
8074, 212.829
8075, 212.838
8076, 212.84
8077, 212.857
8078, 212.863
8079, 212.866
8080, 212.869
8081, 212.9
8082, 212.904
8083, 212.913
8084, 212.916
8085, 212.918
8086, 212.924
8087, 212.936
8088, 212.943
8089, 212.946
8090, 212.962
8091, 212.972
8092, 212.98
8093, 212.993
8094, 212.995
8095, 212.998
8096, 213.004
8097, 213.006
8098, 213.008
8099, 213.011
8100, 213.016
8101, 213.021
8102, 213.023
8103, 213.034
8104, 213.036
8105, 213.041
8106, 213.058
8107, 213.06
8108, 213.063
8109, 213.081
8110, 213.087
8111, 213.095
8112, 213.098
8113, 213.1
8114, 213.103
8115, 213.115
8116, 213.123
8117, 213.127
8118, 213.128
8119, 213.132
8120, 213.136
8121, 213.141
8122, 213.148
8123, 213.148
8124, 213.158
8125, 213.161
8126, 213.17
8127, 213.177
8128, 213.183
8129, 213.185
8130, 213.191
8131, 213.192
8132, 213.229
8133, 213.231
8134, 213.238
8135, 213.238
8136, 213.241
8137, 213.242
8138, 213.243
8139, 213.251
8140, 213.255
8141, 213.257
8142, 213.27
8143, 213.274
8144, 213.289
8145, 213.291
8146, 213.296
8147, 213.299
8148, 213.305
8149, 213.307
8150, 213.309
8151, 213.31
8152, 213.316
8153, 213.318
8154, 213.319
8155, 213.321
8156, 213.325
8157, 213.333
8158, 213.338
8159, 213.344
8160, 213.345
8161, 213.347
8162, 213.347
8163, 213.352
8164, 213.354
8165, 213.372
8166, 213.373
8167, 213.374
8168, 213.374
8169, 213.381
8170, 213.389
8171, 213.392
8172, 213.395
8173, 213.397
8174, 213.403
8175, 213.409
8176, 213.41
8177, 213.41
8178, 213.417
8179, 213.427
8180, 213.428
8181, 213.436
8182, 213.439
8183, 213.441
8184, 213.445
8185, 213.455
8186, 213.455
8187, 213.458
8188, 213.463
8189, 213.466
8190, 213.485
8191, 213.486
8192, 213.495
8193, 213.503
8194, 213.515
8195, 213.515
8196, 213.525
8197, 213.526
8198, 213.531
8199, 213.534
8200, 213.554
8201, 213.555
8202, 213.559
8203, 213.564
8204, 213.57
8205, 213.57
8206, 213.572
8207, 213.58
8208, 213.586
8209, 213.587
8210, 213.59
8211, 213.59
8212, 213.602
8213, 213.61
8214, 213.618
8215, 213.621
8216, 213.63
8217, 213.633
8218, 213.639
8219, 213.649
8220, 213.658
8221, 213.661
8222, 213.674
8223, 213.68
8224, 213.689
8225, 213.693
8226, 213.699
8227, 213.716
8228, 213.72
8229, 213.739
8230, 213.741
8231, 213.751
8232, 213.753
8233, 213.754
8234, 213.757
8235, 213.758
8236, 213.765
8237, 213.772
8238, 213.792
8239, 213.792
8240, 213.795
8241, 213.803
8242, 213.805
8243, 213.812
8244, 213.822
8245, 213.822
8246, 213.832
8247, 213.855
8248, 213.859
8249, 213.875
8250, 213.877
8251, 213.885
8252, 213.895
8253, 213.895
8254, 213.895
8255, 213.899
8256, 213.899
8257, 213.901
8258, 213.902
8259, 213.906
8260, 213.911
8261, 213.914
8262, 213.916
8263, 213.921
8264, 213.925
8265, 213.93
8266, 213.934
8267, 213.949
8268, 213.955
8269, 213.959
8270, 213.96
8271, 213.967
8272, 213.973
8273, 213.974
8274, 213.976
8275, 213.985
8276, 213.985
8277, 213.986
8278, 213.993
8279, 213.997
8280, 213.999
8281, 214.007
8282, 214.01
8283, 214.021
8284, 214.021
8285, 214.03
8286, 214.035
8287, 214.044
8288, 214.049
8289, 214.053
8290, 214.054
8291, 214.055
8292, 214.081
8293, 214.083
8294, 214.087
8295, 214.089
8296, 214.1
8297, 214.102
8298, 214.105
8299, 214.107
8300, 214.114
8301, 214.122
8302, 214.128
8303, 214.129
8304, 214.154
8305, 214.164
8306, 214.168
8307, 214.169
8308, 214.178
8309, 214.179
8310, 214.186
8311, 214.188
8312, 214.189
8313, 214.195
8314, 214.196
8315, 214.197
8316, 214.199
8317, 214.202
8318, 214.208
8319, 214.21
8320, 214.229
8321, 214.231
8322, 214.231
8323, 214.24
8324, 214.241
8325, 214.253
8326, 214.255
8327, 214.267
8328, 214.272
8329, 214.273
8330, 214.276
8331, 214.277
8332, 214.28
8333, 214.297
8334, 214.301
8335, 214.307
8336, 214.307
8337, 214.308
8338, 214.319
8339, 214.321
8340, 214.331
8341, 214.331
8342, 214.335
8343, 214.339
8344, 214.345
8345, 214.349
8346, 214.349
8347, 214.352
8348, 214.354
8349, 214.354
8350, 214.356
8351, 214.359
8352, 214.379
8353, 214.384
8354, 214.386
8355, 214.397
8356, 214.403
8357, 214.407
8358, 214.409
8359, 214.41
8360, 214.413
8361, 214.421
8362, 214.424
8363, 214.425
8364, 214.425
8365, 214.435
8366, 214.435
8367, 214.435
8368, 214.444
8369, 214.445
8370, 214.45
8371, 214.451
8372, 214.451
8373, 214.457
8374, 214.459
8375, 214.463
8376, 214.477
8377, 214.48
8378, 214.483
8379, 214.486
8380, 214.49
8381, 214.492
8382, 214.501
8383, 214.502
8384, 214.505
8385, 214.505
8386, 214.508
8387, 214.509
8388, 214.515
8389, 214.519
8390, 214.521
8391, 214.531
8392, 214.534
8393, 214.534
8394, 214.539
8395, 214.543
8396, 214.551
8397, 214.565
8398, 214.568
8399, 214.57
8400, 214.571
8401, 214.574
8402, 214.575
8403, 214.581
8404, 214.584
8405, 214.586
8406, 214.61
8407, 214.622
8408, 214.635
8409, 214.644
8410, 214.645
8411, 214.654
8412, 214.66
8413, 214.67
8414, 214.674
8415, 214.675
8416, 214.684
8417, 214.687
8418, 214.688
8419, 214.703
8420, 214.707
8421, 214.713
8422, 214.714
8423, 214.737
8424, 214.737
8425, 214.745
8426, 214.745
8427, 214.75
8428, 214.758
8429, 214.761
8430, 214.765
8431, 214.767
8432, 214.774
8433, 214.776
8434, 214.778
8435, 214.778
8436, 214.782
8437, 214.787
8438, 214.79
8439, 214.799
8440, 214.806
8441, 214.811
8442, 214.811
8443, 214.814
8444, 214.817
8445, 214.834
8446, 214.835
8447, 214.847
8448, 214.852
8449, 214.854
8450, 214.856
8451, 214.857
8452, 214.858
8453, 214.865
8454, 214.882
8455, 214.886
8456, 214.899
8457, 214.902
8458, 214.903
8459, 214.91
8460, 214.918
8461, 214.92
8462, 214.924
8463, 214.924
8464, 214.933
8465, 214.947
8466, 214.95
8467, 214.951
8468, 214.951
8469, 214.962
8470, 214.966
8471, 214.977
8472, 214.979
8473, 214.979
8474, 214.988
8475, 215.006
8476, 215.014
8477, 215.017
8478, 215.024
8479, 215.024
8480, 215.024
8481, 215.025
8482, 215.027
8483, 215.028
8484, 215.037
8485, 215.039
8486, 215.054
8487, 215.054
8488, 215.074
8489, 215.082
8490, 215.085
8491, 215.091
8492, 215.096
8493, 215.102
8494, 215.114
8495, 215.116
8496, 215.151
8497, 215.152
8498, 215.152
8499, 215.152
8500, 215.155
8501, 215.168
8502, 215.168
8503, 215.192
8504, 215.194
8505, 215.233
8506, 215.237
8507, 215.237
8508, 215.237
8509, 215.247
8510, 215.251
8511, 215.26
8512, 215.265
8513, 215.266
8514, 215.272
8515, 215.277
8516, 215.282
8517, 215.289
8518, 215.294
8519, 215.296
8520, 215.314
8521, 215.33
8522, 215.33
8523, 215.333
8524, 215.337
8525, 215.339
8526, 215.368
8527, 215.371
8528, 215.379
8529, 215.382
8530, 215.384
8531, 215.385
8532, 215.39
8533, 215.412
8534, 215.415
8535, 215.428
8536, 215.438
8537, 215.441
8538, 215.444
8539, 215.457
8540, 215.457
8541, 215.457
8542, 215.474
8543, 215.49
8544, 215.491
8545, 215.495
8546, 215.497
8547, 215.498
8548, 215.501
8549, 215.508
8550, 215.525
8551, 215.532
8552, 215.544
8553, 215.547
8554, 215.556
8555, 215.568
8556, 215.577
8557, 215.578
8558, 215.579
8559, 215.585
8560, 215.585
8561, 215.586
8562, 215.606
8563, 215.61
8564, 215.631
8565, 215.638
8566, 215.646
8567, 215.647
8568, 215.661
8569, 215.662
8570, 215.668
8571, 215.669
8572, 215.671
8573, 215.679
8574, 215.687
8575, 215.688
8576, 215.69
8577, 215.691
8578, 215.699
8579, 215.715
8580, 215.724
8581, 215.734
8582, 215.736
8583, 215.737
8584, 215.744
8585, 215.745
8586, 215.747
8587, 215.773
8588, 215.777
8589, 215.797
8590, 215.8
8591, 215.814
8592, 215.817
8593, 215.823
8594, 215.826
8595, 215.831
8596, 215.834
8597, 215.835
8598, 215.839
8599, 215.85
8600, 215.854
8601, 215.86
8602, 215.864
8603, 215.871
8604, 215.877
8605, 215.889
8606, 215.892
8607, 215.904
8608, 215.905
8609, 215.906
8610, 215.908
8611, 215.913
8612, 215.92
8613, 215.927
8614, 215.928
8615, 215.934
8616, 215.941
8617, 215.948
8618, 215.952
8619, 215.957
8620, 215.958
8621, 215.963
8622, 215.971
8623, 215.971
8624, 215.995
8625, 216.003
8626, 216.008
8627, 216.009
8628, 216.01
8629, 216.012
8630, 216.017
8631, 216.022
8632, 216.031
8633, 216.035
8634, 216.04
8635, 216.044
8636, 216.054
8637, 216.063
8638, 216.067
8639, 216.067
8640, 216.094
8641, 216.095
8642, 216.099
8643, 216.104
8644, 216.109
8645, 216.112
8646, 216.113
8647, 216.118
8648, 216.121
8649, 216.125
8650, 216.132
8651, 216.134
8652, 216.135
8653, 216.138
8654, 216.146
8655, 216.15
8656, 216.158
8657, 216.161
8658, 216.176
8659, 216.193
8660, 216.196
8661, 216.209
8662, 216.211
8663, 216.216
8664, 216.222
8665, 216.223
8666, 216.239
8667, 216.244
8668, 216.249
8669, 216.249
8670, 216.256
8671, 216.262
8672, 216.269
8673, 216.274
8674, 216.279
8675, 216.282
8676, 216.296
8677, 216.297
8678, 216.304
8679, 216.305
8680, 216.312
8681, 216.32
8682, 216.324
8683, 216.329
8684, 216.334
8685, 216.344
8686, 216.35
8687, 216.353
8688, 216.368
8689, 216.371
8690, 216.373
8691, 216.375
8692, 216.39
8693, 216.391
8694, 216.391
8695, 216.398
8696, 216.402
8697, 216.404
8698, 216.41
8699, 216.417
8700, 216.424
8701, 216.434
8702, 216.438
8703, 216.441
8704, 216.444
8705, 216.449
8706, 216.455
8707, 216.456
8708, 216.476
8709, 216.479
8710, 216.488
8711, 216.49
8712, 216.491
8713, 216.495
8714, 216.495
8715, 216.497
8716, 216.503
8717, 216.506
8718, 216.52
8719, 216.522
8720, 216.524
8721, 216.524
8722, 216.524
8723, 216.528
8724, 216.531
8725, 216.54
8726, 216.551
8727, 216.551
8728, 216.554
8729, 216.555
8730, 216.561
8731, 216.562
8732, 216.563
8733, 216.564
8734, 216.569
8735, 216.572
8736, 216.573
8737, 216.576
8738, 216.577
8739, 216.581
8740, 216.581
8741, 216.582
8742, 216.583
8743, 216.587
8744, 216.59
8745, 216.592
8746, 216.593
8747, 216.605
8748, 216.605
8749, 216.608
8750, 216.611
8751, 216.621
8752, 216.621
8753, 216.622
8754, 216.627
8755, 216.642
8756, 216.643
8757, 216.645
8758, 216.664
8759, 216.677
8760, 216.677
8761, 216.683
8762, 216.685
8763, 216.687
8764, 216.687
8765, 216.695
8766, 216.696
8767, 216.7
8768, 216.701
8769, 216.715
8770, 216.729
8771, 216.74
8772, 216.74
8773, 216.752
8774, 216.752
8775, 216.761
8776, 216.761
8777, 216.763
8778, 216.777
8779, 216.779
8780, 216.786
8781, 216.788
8782, 216.803
8783, 216.813
8784, 216.821
8785, 216.835
8786, 216.836
8787, 216.84
8788, 216.843
8789, 216.844
8790, 216.844
8791, 216.853
8792, 216.854
8793, 216.859
8794, 216.86
8795, 216.872
8796, 216.873
8797, 216.875
8798, 216.878
8799, 216.916
8800, 216.916
8801, 216.933
8802, 216.934
8803, 216.935
8804, 216.945
8805, 216.957
8806, 216.957
8807, 216.96
8808, 216.973
8809, 216.982
8810, 216.984
8811, 216.989
8812, 216.997
8813, 217.001
8814, 217.007
8815, 217.01
8816, 217.019
8817, 217.02
8818, 217.027
8819, 217.034
8820, 217.038
8821, 217.038
8822, 217.04
8823, 217.042
8824, 217.043
8825, 217.051
8826, 217.053
8827, 217.06
8828, 217.063
8829, 217.067
8830, 217.068
8831, 217.073
8832, 217.074
8833, 217.076
8834, 217.077
8835, 217.088
8836, 217.09
8837, 217.093
8838, 217.099
8839, 217.103
8840, 217.103
8841, 217.107
8842, 217.127
8843, 217.131
8844, 217.132
8845, 217.139
8846, 217.146
8847, 217.153
8848, 217.156
8849, 217.167
8850, 217.168
8851, 217.168
8852, 217.169
8853, 217.178
8854, 217.179
8855, 217.18
8856, 217.184
8857, 217.19
8858, 217.192
8859, 217.193
8860, 217.203
8861, 217.203
8862, 217.204
8863, 217.207
8864, 217.211
8865, 217.216
8866, 217.218
8867, 217.224
8868, 217.236
8869, 217.243
8870, 217.25
8871, 217.251
8872, 217.251
8873, 217.254
8874, 217.26
8875, 217.26
8876, 217.263
8877, 217.263
8878, 217.27
8879, 217.272
8880, 217.277
8881, 217.277
8882, 217.282
8883, 217.285
8884, 217.29
8885, 217.294
8886, 217.297
8887, 217.301
8888, 217.303
8889, 217.317
8890, 217.321
8891, 217.332
8892, 217.34
8893, 217.344
8894, 217.349
8895, 217.357
8896, 217.363
8897, 217.363
8898, 217.375
8899, 217.378
8900, 217.38
8901, 217.384
8902, 217.387
8903, 217.389
8904, 217.391
8905, 217.395
8906, 217.407
8907, 217.415
8908, 217.419
8909, 217.426
8910, 217.432
8911, 217.435
8912, 217.438
8913, 217.446
8914, 217.451
8915, 217.452
8916, 217.453
8917, 217.463
8918, 217.463
8919, 217.464
8920, 217.465
8921, 217.47
8922, 217.472
8923, 217.475
8924, 217.475
8925, 217.482
8926, 217.483
8927, 217.495
8928, 217.505
8929, 217.517
8930, 217.532
8931, 217.535
8932, 217.538
8933, 217.54
8934, 217.549
8935, 217.551
8936, 217.561
8937, 217.564
8938, 217.576
8939, 217.589
8940, 217.589
8941, 217.604
8942, 217.604
8943, 217.607
8944, 217.613
8945, 217.619
8946, 217.625
8947, 217.627
8948, 217.631
8949, 217.633
8950, 217.634
8951, 217.638
8952, 217.639
8953, 217.639
8954, 217.648
8955, 217.657
8956, 217.66
8957, 217.662
8958, 217.664
8959, 217.683
8960, 217.685
8961, 217.689
8962, 217.69
8963, 217.692
8964, 217.701
8965, 217.701
8966, 217.714
8967, 217.715
8968, 217.722
8969, 217.723
8970, 217.725
8971, 217.735
8972, 217.738
8973, 217.74
8974, 217.74
8975, 217.743
8976, 217.744
8977, 217.746
8978, 217.748
8979, 217.754
8980, 217.756
8981, 217.78
8982, 217.78
8983, 217.784
8984, 217.787
8985, 217.793
8986, 217.799
8987, 217.806
8988, 217.812
8989, 217.815
8990, 217.817
8991, 217.819
8992, 217.826
8993, 217.827
8994, 217.829
8995, 217.829
8996, 217.84
8997, 217.846
8998, 217.883
8999, 217.899
9000, 217.903
9001, 217.905
9002, 217.905
9003, 217.907
9004, 217.919
9005, 217.922
9006, 217.925
9007, 217.929
9008, 217.93
9009, 217.93
9010, 217.93
9011, 217.933
9012, 217.935
9013, 217.943
9014, 217.957
9015, 217.957
9016, 217.957
9017, 217.963
9018, 217.968
9019, 217.983
9020, 217.988
9021, 217.988
9022, 218.003
9023, 218.004
9024, 218.005
9025, 218.017
9026, 218.017
9027, 218.021
9028, 218.022
9029, 218.024
9030, 218.035
9031, 218.048
9032, 218.049
9033, 218.059
9034, 218.06
9035, 218.074
9036, 218.076
9037, 218.085
9038, 218.092
9039, 218.098
9040, 218.099
9041, 218.102
9042, 218.111
9043, 218.114
9044, 218.118
9045, 218.121
9046, 218.132
9047, 218.138
9048, 218.153
9049, 218.158
9050, 218.166
9051, 218.17
9052, 218.172
9053, 218.181
9054, 218.185
9055, 218.188
9056, 218.193
9057, 218.203
9058, 218.206
9059, 218.207
9060, 218.209
9061, 218.228
9062, 218.236
9063, 218.237
9064, 218.239
9065, 218.239
9066, 218.24
9067, 218.243
9068, 218.243
9069, 218.272
9070, 218.277
9071, 218.28
9072, 218.28
9073, 218.293
9074, 218.299
9075, 218.31
9076, 218.314
9077, 218.315
9078, 218.321
9079, 218.328
9080, 218.328
9081, 218.329
9082, 218.33
9083, 218.332
9084, 218.339
9085, 218.35
9086, 218.359
9087, 218.367
9088, 218.387
9089, 218.389
9090, 218.398
9091, 218.412
9092, 218.413
9093, 218.416
9094, 218.419
9095, 218.427
9096, 218.432
9097, 218.436
9098, 218.439
9099, 218.444
9100, 218.474
9101, 218.48
9102, 218.483
9103, 218.507
9104, 218.512
9105, 218.518
9106, 218.523
9107, 218.526
9108, 218.536
9109, 218.542
9110, 218.544
9111, 218.548
9112, 218.549
9113, 218.551
9114, 218.553
9115, 218.555
9116, 218.569
9117, 218.569
9118, 218.57
9119, 218.592
9120, 218.595
9121, 218.609
9122, 218.613
9123, 218.632
9124, 218.634
9125, 218.634
9126, 218.635
9127, 218.642
9128, 218.643
9129, 218.653
9130, 218.662
9131, 218.665
9132, 218.672
9133, 218.684
9134, 218.69
9135, 218.697
9136, 218.706
9137, 218.713
9138, 218.727
9139, 218.747
9140, 218.749
9141, 218.752
9142, 218.754
9143, 218.759
9144, 218.76
9145, 218.764
9146, 218.768
9147, 218.772
9148, 218.774
9149, 218.774
9150, 218.778
9151, 218.783
9152, 218.785
9153, 218.792
9154, 218.796
9155, 218.801
9156, 218.805
9157, 218.808
9158, 218.811
9159, 218.812
9160, 218.825
9161, 218.825
9162, 218.832
9163, 218.835
9164, 218.844
9165, 218.845
9166, 218.848
9167, 218.848
9168, 218.852
9169, 218.857
9170, 218.859
9171, 218.862
9172, 218.863
9173, 218.863
9174, 218.874
9175, 218.877
9176, 218.887
9177, 218.89
9178, 218.896
9179, 218.897
9180, 218.898
9181, 218.908
9182, 218.913
9183, 218.922
9184, 218.922
9185, 218.924
9186, 218.933
9187, 218.934
9188, 218.935
9189, 218.935
9190, 218.943
9191, 218.964
9192, 218.964
9193, 218.976
9194, 218.978
9195, 218.989
9196, 219
9197, 219.007
9198, 219.011
9199, 219.015
9200, 219.017
9201, 219.025
9202, 219.031
9203, 219.036
9204, 219.038
9205, 219.039
9206, 219.052
9207, 219.053
9208, 219.054
9209, 219.055
9210, 219.059
9211, 219.066
9212, 219.069
9213, 219.079
9214, 219.081
9215, 219.091
9216, 219.093
9217, 219.096
9218, 219.104
9219, 219.11
9220, 219.114
9221, 219.116
9222, 219.116
9223, 219.139
9224, 219.139
9225, 219.146
9226, 219.148
9227, 219.157
9228, 219.161
9229, 219.165
9230, 219.178
9231, 219.178
9232, 219.185
9233, 219.186
9234, 219.19
9235, 219.191
9236, 219.197
9237, 219.201
9238, 219.211
9239, 219.213
9240, 219.231
9241, 219.234
9242, 219.244
9243, 219.264
9244, 219.266
9245, 219.276
9246, 219.281
9247, 219.29
9248, 219.301
9249, 219.302
9250, 219.304
9251, 219.304
9252, 219.334
9253, 219.363
9254, 219.369
9255, 219.37
9256, 219.374
9257, 219.379
9258, 219.384
9259, 219.385
9260, 219.385
9261, 219.387
9262, 219.388
9263, 219.388
9264, 219.391
9265, 219.392
9266, 219.397
9267, 219.398
9268, 219.409
9269, 219.411
9270, 219.424
9271, 219.432
9272, 219.434
9273, 219.442
9274, 219.448
9275, 219.452
9276, 219.452
9277, 219.455
9278, 219.456
9279, 219.463
9280, 219.465
9281, 219.473
9282, 219.473
9283, 219.477
9284, 219.477
9285, 219.484
9286, 219.488
9287, 219.497
9288, 219.498
9289, 219.517
9290, 219.52
9291, 219.525
9292, 219.541
9293, 219.543
9294, 219.546
9295, 219.547
9296, 219.549
9297, 219.551
9298, 219.558
9299, 219.558
9300, 219.571
9301, 219.573
9302, 219.575
9303, 219.582
9304, 219.589
9305, 219.596
9306, 219.598
9307, 219.601
9308, 219.601
9309, 219.604
9310, 219.607
9311, 219.607
9312, 219.615
9313, 219.619
9314, 219.623
9315, 219.626
9316, 219.629
9317, 219.632
9318, 219.634
9319, 219.642
9320, 219.644
9321, 219.645
9322, 219.645
9323, 219.651
9324, 219.662
9325, 219.664
9326, 219.665
9327, 219.671
9328, 219.672
9329, 219.673
9330, 219.681
9331, 219.683
9332, 219.687
9333, 219.696
9334, 219.703
9335, 219.705
9336, 219.712
9337, 219.722
9338, 219.726
9339, 219.733
9340, 219.744
9341, 219.76
9342, 219.761
9343, 219.769
9344, 219.772
9345, 219.773
9346, 219.778
9347, 219.779
9348, 219.78
9349, 219.785
9350, 219.788
9351, 219.8
9352, 219.807
9353, 219.808
9354, 219.81
9355, 219.815
9356, 219.83
9357, 219.842
9358, 219.843
9359, 219.857
9360, 219.861
9361, 219.861
9362, 219.861
9363, 219.862
9364, 219.863
9365, 219.863
9366, 219.864
9367, 219.877
9368, 219.902
9369, 219.912
9370, 219.929
9371, 219.935
9372, 219.955
9373, 219.957
9374, 219.959
9375, 219.962
9376, 219.965
9377, 219.97
9378, 219.97
9379, 219.972
9380, 219.981
9381, 219.982
9382, 219.986
9383, 219.987
9384, 219.988
9385, 220.007
9386, 220.011
9387, 220.015
9388, 220.017
9389, 220.021
9390, 220.026
9391, 220.031
9392, 220.044
9393, 220.048
9394, 220.05
9395, 220.068
9396, 220.083
9397, 220.087
9398, 220.088
9399, 220.095
9400, 220.109
9401, 220.115
9402, 220.118
9403, 220.12
9404, 220.151
9405, 220.152
9406, 220.152
9407, 220.155
9408, 220.167
9409, 220.181
9410, 220.192
9411, 220.198
9412, 220.204
9413, 220.206
9414, 220.215
9415, 220.232
9416, 220.236
9417, 220.248
9418, 220.248
9419, 220.249
9420, 220.27
9421, 220.285
9422, 220.287
9423, 220.309
9424, 220.311
9425, 220.318
9426, 220.332
9427, 220.338
9428, 220.343
9429, 220.348
9430, 220.349
9431, 220.351
9432, 220.374
9433, 220.375
9434, 220.38
9435, 220.395
9436, 220.397
9437, 220.4
9438, 220.401
9439, 220.402
9440, 220.403
9441, 220.405
9442, 220.408
9443, 220.41
9444, 220.411
9445, 220.411
9446, 220.419
9447, 220.419
9448, 220.429
9449, 220.439
9450, 220.462
9451, 220.463
9452, 220.472
9453, 220.475
9454, 220.477
9455, 220.478
9456, 220.479
9457, 220.499
9458, 220.5
9459, 220.502
9460, 220.506
9461, 220.515
9462, 220.532
9463, 220.532
9464, 220.536
9465, 220.536
9466, 220.537
9467, 220.539
9468, 220.541
9469, 220.542
9470, 220.55
9471, 220.558
9472, 220.563
9473, 220.564
9474, 220.566
9475, 220.579
9476, 220.589
9477, 220.606
9478, 220.606
9479, 220.614
9480, 220.616
9481, 220.626
9482, 220.629
9483, 220.631
9484, 220.641
9485, 220.646
9486, 220.651
9487, 220.654
9488, 220.655
9489, 220.656
9490, 220.658
9491, 220.664
9492, 220.678
9493, 220.691
9494, 220.699
9495, 220.7
9496, 220.719
9497, 220.729
9498, 220.73
9499, 220.747
9500, 220.747
9501, 220.751
9502, 220.752
9503, 220.755
9504, 220.755
9505, 220.755
9506, 220.761
9507, 220.766
9508, 220.769
9509, 220.773
9510, 220.78
9511, 220.781
9512, 220.788
9513, 220.799
9514, 220.81
9515, 220.814
9516, 220.816
9517, 220.831
9518, 220.831
9519, 220.841
9520, 220.842
9521, 220.854
9522, 220.861
9523, 220.861
9524, 220.866
9525, 220.868
9526, 220.875
9527, 220.878
9528, 220.881
9529, 220.881
9530, 220.886
9531, 220.888
9532, 220.888
9533, 220.89
9534, 220.899
9535, 220.905
9536, 220.913
9537, 220.918
9538, 220.919
9539, 220.925
9540, 220.934
9541, 220.94
9542, 220.941
9543, 220.942
9544, 220.946
9545, 220.951
9546, 220.952
9547, 220.959
9548, 220.965
9549, 220.967
9550, 220.974
9551, 220.986
9552, 220.987
9553, 220.987
9554, 220.988
9555, 220.991
9556, 220.991
9557, 220.998
9558, 221.002
9559, 221.003
9560, 221.028
9561, 221.031
9562, 221.041
9563, 221.043
9564, 221.057
9565, 221.059
9566, 221.059
9567, 221.067
9568, 221.08
9569, 221.081
9570, 221.081
9571, 221.081
9572, 221.084
9573, 221.092
9574, 221.094
9575, 221.097
9576, 221.105
9577, 221.113
9578, 221.116
9579, 221.12
9580, 221.124
9581, 221.125
9582, 221.126
9583, 221.129
9584, 221.133
9585, 221.135
9586, 221.135
9587, 221.153
9588, 221.154
9589, 221.159
9590, 221.165
9591, 221.17
9592, 221.18
9593, 221.181
9594, 221.182
9595, 221.182
9596, 221.185
9597, 221.203
9598, 221.204
9599, 221.213
9600, 221.215
9601, 221.225
9602, 221.231
9603, 221.237
9604, 221.246
9605, 221.251
9606, 221.279
9607, 221.279
9608, 221.281
9609, 221.289
9610, 221.291
9611, 221.299
9612, 221.306
9613, 221.32
9614, 221.326
9615, 221.328
9616, 221.33
9617, 221.334
9618, 221.337
9619, 221.337
9620, 221.341
9621, 221.344
9622, 221.347
9623, 221.348
9624, 221.359
9625, 221.361
9626, 221.371
9627, 221.373
9628, 221.382
9629, 221.383
9630, 221.383
9631, 221.388
9632, 221.39
9633, 221.395
9634, 221.398
9635, 221.399
9636, 221.399
9637, 221.407
9638, 221.409
9639, 221.41
9640, 221.412
9641, 221.413
9642, 221.422
9643, 221.423
9644, 221.441
9645, 221.448
9646, 221.459
9647, 221.467
9648, 221.467
9649, 221.486
9650, 221.491
9651, 221.494
9652, 221.507
9653, 221.514
9654, 221.528
9655, 221.529
9656, 221.53
9657, 221.534
9658, 221.539
9659, 221.539
9660, 221.544
9661, 221.552
9662, 221.556
9663, 221.571
9664, 221.587
9665, 221.587
9666, 221.589
9667, 221.591
9668, 221.591
9669, 221.593
9670, 221.601
9671, 221.605
9672, 221.607
9673, 221.608
9674, 221.608
9675, 221.611
9676, 221.62
9677, 221.621
9678, 221.623
9679, 221.629
9680, 221.63
9681, 221.634
9682, 221.635
9683, 221.641
9684, 221.648
9685, 221.649
9686, 221.652
9687, 221.661
9688, 221.667
9689, 221.67
9690, 221.67
9691, 221.682
9692, 221.698
9693, 221.705
9694, 221.708
9695, 221.712
9696, 221.714
9697, 221.716
9698, 221.716
9699, 221.717
9700, 221.718
9701, 221.723
9702, 221.732
9703, 221.735
9704, 221.746
9705, 221.75
9706, 221.779
9707, 221.781
9708, 221.786
9709, 221.794
9710, 221.807
9711, 221.817
9712, 221.831
9713, 221.832
9714, 221.833
9715, 221.834
9716, 221.836
9717, 221.84
9718, 221.841
9719, 221.843
9720, 221.851
9721, 221.851
9722, 221.855
9723, 221.855
9724, 221.861
9725, 221.871
9726, 221.881
9727, 221.882
9728, 221.884
9729, 221.884
9730, 221.89
9731, 221.892
9732, 221.892
9733, 221.896
9734, 221.898
9735, 221.902
9736, 221.908
9737, 221.912
9738, 221.915
9739, 221.922
9740, 221.946
9741, 221.964
9742, 221.967
9743, 221.97
9744, 221.97
9745, 221.972
9746, 221.984
9747, 221.988
9748, 222.007
9749, 222.011
9750, 222.023
9751, 222.029
9752, 222.038
9753, 222.051
9754, 222.056
9755, 222.059
9756, 222.062
9757, 222.065
9758, 222.075
9759, 222.084
9760, 222.084
9761, 222.086
9762, 222.088
9763, 222.089
9764, 222.093
9765, 222.1
9766, 222.1
9767, 222.104
9768, 222.127
9769, 222.135
9770, 222.136
9771, 222.142
9772, 222.147
9773, 222.152
9774, 222.153
9775, 222.156
9776, 222.158
9777, 222.161
9778, 222.172
9779, 222.176
9780, 222.181
9781, 222.185
9782, 222.192
9783, 222.199
9784, 222.202
9785, 222.205
9786, 222.205
9787, 222.211
9788, 222.212
9789, 222.212
9790, 222.219
9791, 222.22
9792, 222.221
9793, 222.223
9794, 222.232
9795, 222.247
9796, 222.247
9797, 222.253
9798, 222.257
9799, 222.273
9800, 222.28
9801, 222.29
9802, 222.295
9803, 222.298
9804, 222.302
9805, 222.31
9806, 222.315
9807, 222.331
9808, 222.335
9809, 222.34
9810, 222.35
9811, 222.351
9812, 222.352
9813, 222.357
9814, 222.358
9815, 222.365
9816, 222.366
9817, 222.369
9818, 222.371
9819, 222.371
9820, 222.373
9821, 222.378
9822, 222.38
9823, 222.382
9824, 222.388
9825, 222.391
9826, 222.401
9827, 222.408
9828, 222.42
9829, 222.422
9830, 222.433
9831, 222.439
9832, 222.444
9833, 222.458
9834, 222.462
9835, 222.499
9836, 222.503
9837, 222.506
9838, 222.511
9839, 222.512
9840, 222.517
9841, 222.524
9842, 222.53
9843, 222.533
9844, 222.536
9845, 222.544
9846, 222.546
9847, 222.554
9848, 222.557
9849, 222.568
9850, 222.571
9851, 222.575
9852, 222.575
9853, 222.581
9854, 222.586
9855, 222.587
9856, 222.593
9857, 222.596
9858, 222.596
9859, 222.605
9860, 222.612
9861, 222.617
9862, 222.618
9863, 222.619
9864, 222.622
9865, 222.634
9866, 222.648
9867, 222.648
9868, 222.649
9869, 222.65
9870, 222.654
9871, 222.657
9872, 222.66
9873, 222.668
9874, 222.669
9875, 222.673
9876, 222.674
9877, 222.675
9878, 222.678
9879, 222.681
9880, 222.684
9881, 222.686
9882, 222.695
9883, 222.701
9884, 222.704
9885, 222.705
9886, 222.705
9887, 222.707
9888, 222.708
9889, 222.715
9890, 222.722
9891, 222.735
9892, 222.745
9893, 222.752
9894, 222.758
9895, 222.758
9896, 222.776
9897, 222.777
9898, 222.778
9899, 222.779
9900, 222.792
9901, 222.795
9902, 222.798
9903, 222.818
9904, 222.827
9905, 222.828
9906, 222.837
9907, 222.837
9908, 222.849
9909, 222.883
9910, 222.89
9911, 222.897
9912, 222.899
9913, 222.903
9914, 222.905
9915, 222.908
9916, 222.923
9917, 222.924
9918, 222.931
9919, 222.936
9920, 222.944
9921, 222.956
9922, 222.956
9923, 222.959
9924, 222.963
9925, 222.979
9926, 222.98
9927, 222.981
9928, 222.991
9929, 222.995
9930, 223.002
9931, 223.004
9932, 223.017
9933, 223.019
9934, 223.023
9935, 223.024
9936, 223.039
9937, 223.04
9938, 223.045
9939, 223.05
9940, 223.05
9941, 223.051
9942, 223.054
9943, 223.066
9944, 223.068
9945, 223.073
9946, 223.078
9947, 223.084
9948, 223.093
9949, 223.1
9950, 223.1
9951, 223.101
9952, 223.103
9953, 223.107
9954, 223.109
9955, 223.111
9956, 223.129
9957, 223.13
9958, 223.133
9959, 223.133
9960, 223.137
9961, 223.138
9962, 223.166
9963, 223.173
9964, 223.174
9965, 223.178
9966, 223.194
9967, 223.194
9968, 223.199
9969, 223.204
9970, 223.208
9971, 223.209
9972, 223.209
9973, 223.21
9974, 223.21
9975, 223.223
9976, 223.228
9977, 223.229
9978, 223.242
9979, 223.252
9980, 223.258
9981, 223.269
9982, 223.271
9983, 223.275
9984, 223.279
9985, 223.283
9986, 223.298
9987, 223.299
9988, 223.301
9989, 223.303
9990, 223.312
9991, 223.319
9992, 223.322
9993, 223.332
9994, 223.334
9995, 223.339
9996, 223.339
9997, 223.347
9998, 223.348
9999, 223.348
10000, 223.36
10001, 223.368
10002, 223.369
10003, 223.371
10004, 223.376
10005, 223.383
10006, 223.384
10007, 223.389
10008, 223.394
10009, 223.416
10010, 223.417
10011, 223.434
10012, 223.436
10013, 223.45
10014, 223.455
10015, 223.457
10016, 223.466
10017, 223.468
10018, 223.469
10019, 223.479
10020, 223.482
10021, 223.485
10022, 223.486
10023, 223.487
10024, 223.494
10025, 223.495
10026, 223.495
10027, 223.501
10028, 223.502
10029, 223.503
10030, 223.509
10031, 223.523
10032, 223.526
10033, 223.53
10034, 223.531
10035, 223.533
10036, 223.534
10037, 223.536
10038, 223.541
10039, 223.549
10040, 223.554
10041, 223.566
10042, 223.567
10043, 223.571
10044, 223.574
10045, 223.578
10046, 223.579
10047, 223.585
10048, 223.588
10049, 223.599
10050, 223.599
10051, 223.599
10052, 223.608
10053, 223.611
10054, 223.617
10055, 223.623
10056, 223.634
10057, 223.639
10058, 223.644
10059, 223.652
10060, 223.656
10061, 223.661
10062, 223.666
10063, 223.681
10064, 223.686
10065, 223.693
10066, 223.696
10067, 223.697
10068, 223.698
10069, 223.702
10070, 223.715
10071, 223.716
10072, 223.716
10073, 223.728
10074, 223.736
10075, 223.747
10076, 223.748
10077, 223.754
10078, 223.759
10079, 223.768
10080, 223.771
10081, 223.776
10082, 223.785
10083, 223.796
10084, 223.799
10085, 223.81
10086, 223.825
10087, 223.838
10088, 223.846
10089, 223.847
10090, 223.855
10091, 223.859
10092, 223.862
10093, 223.862
10094, 223.866
10095, 223.866
10096, 223.87
10097, 223.87
10098, 223.873
10099, 223.876
10100, 223.907
10101, 223.91
10102, 223.913
10103, 223.915
10104, 223.92
10105, 223.923
10106, 223.925
10107, 223.933
10108, 223.936
10109, 223.936
10110, 223.937
10111, 223.942
10112, 223.954
10113, 223.954
10114, 223.959
10115, 223.97
10116, 223.979
10117, 223.985
10118, 223.999
10119, 224.005
10120, 224.007
10121, 224.007
10122, 224.014
10123, 224.022
10124, 224.023
10125, 224.027
10126, 224.03
10127, 224.04
10128, 224.041
10129, 224.042
10130, 224.043
10131, 224.045
10132, 224.048
10133, 224.048
10134, 224.055
10135, 224.057
10136, 224.058
10137, 224.077
10138, 224.078
10139, 224.093
10140, 224.099
10141, 224.101
10142, 224.104
10143, 224.118
10144, 224.156
10145, 224.157
10146, 224.158
10147, 224.16
10148, 224.179
10149, 224.186
10150, 224.187
10151, 224.189
10152, 224.19
10153, 224.201
10154, 224.203
10155, 224.213
10156, 224.221
10157, 224.245
10158, 224.246
10159, 224.263
10160, 224.273
10161, 224.291
10162, 224.295
10163, 224.295
10164, 224.301
10165, 224.303
10166, 224.306
10167, 224.31
10168, 224.315
10169, 224.32
10170, 224.337
10171, 224.341
10172, 224.345
10173, 224.346
10174, 224.347
10175, 224.352
10176, 224.365
10177, 224.368
10178, 224.374
10179, 224.379
10180, 224.389
10181, 224.397
10182, 224.405
10183, 224.41
10184, 224.419
10185, 224.419
10186, 224.426
10187, 224.438
10188, 224.447
10189, 224.447
10190, 224.449
10191, 224.45
10192, 224.454
10193, 224.457
10194, 224.457
10195, 224.465
10196, 224.473
10197, 224.473
10198, 224.485
10199, 224.486
10200, 224.488
10201, 224.488
10202, 224.5
10203, 224.503
10204, 224.506
10205, 224.526
10206, 224.53
10207, 224.531
10208, 224.533
10209, 224.545
10210, 224.551
10211, 224.553
10212, 224.563
10213, 224.568
10214, 224.568
10215, 224.576
10216, 224.576
10217, 224.577
10218, 224.586
10219, 224.587
10220, 224.589
10221, 224.59
10222, 224.59
10223, 224.592
10224, 224.592
10225, 224.604
10226, 224.609
10227, 224.612
10228, 224.614
10229, 224.615
10230, 224.617
10231, 224.62
10232, 224.623
10233, 224.631
10234, 224.638
10235, 224.639
10236, 224.646
10237, 224.651
10238, 224.651
10239, 224.652
10240, 224.661
10241, 224.667
10242, 224.672
10243, 224.674
10244, 224.677
10245, 224.677
10246, 224.68
10247, 224.685
10248, 224.69
10249, 224.691
10250, 224.693
10251, 224.693
10252, 224.706
10253, 224.709
10254, 224.71
10255, 224.719
10256, 224.722
10257, 224.734
10258, 224.735
10259, 224.754
10260, 224.766
10261, 224.766
10262, 224.768
10263, 224.769
10264, 224.77
10265, 224.776
10266, 224.777
10267, 224.78
10268, 224.79
10269, 224.795
10270, 224.798
10271, 224.798
10272, 224.817
10273, 224.833
10274, 224.838
10275, 224.847
10276, 224.847
10277, 224.854
10278, 224.857
10279, 224.869
10280, 224.87
10281, 224.882
10282, 224.892
10283, 224.895
10284, 224.898
10285, 224.902
10286, 224.904
10287, 224.911
10288, 224.914
10289, 224.914
10290, 224.919
10291, 224.92
10292, 224.929
10293, 224.946
10294, 224.948
10295, 224.955
10296, 224.956
10297, 224.956
10298, 224.957
10299, 224.964
10300, 224.969
10301, 224.973
10302, 224.983
10303, 224.988
10304, 224.992
10305, 224.994
10306, 224.995
10307, 224.998
10308, 225.001
10309, 225.004
10310, 225.009
10311, 225.019
10312, 225.033
10313, 225.046
10314, 225.047
10315, 225.049
10316, 225.054
10317, 225.058
10318, 225.061
10319, 225.064
10320, 225.068
10321, 225.068
10322, 225.069
10323, 225.073
10324, 225.079
10325, 225.079
10326, 225.087
10327, 225.102
10328, 225.103
10329, 225.106
10330, 225.107
10331, 225.109
10332, 225.169
10333, 225.17
10334, 225.179
10335, 225.182
10336, 225.192
10337, 225.198
10338, 225.203
10339, 225.207
10340, 225.208
10341, 225.223
10342, 225.228
10343, 225.23
10344, 225.246
10345, 225.247
10346, 225.252
10347, 225.256
10348, 225.26
10349, 225.261
10350, 225.262
10351, 225.268
10352, 225.269
10353, 225.269
10354, 225.279
10355, 225.282
10356, 225.284
10357, 225.294
10358, 225.296
10359, 225.296
10360, 225.297
10361, 225.301
10362, 225.31
10363, 225.312
10364, 225.312
10365, 225.323
10366, 225.325
10367, 225.331
10368, 225.332
10369, 225.335
10370, 225.335
10371, 225.336
10372, 225.338
10373, 225.341
10374, 225.352
10375, 225.353
10376, 225.36
10377, 225.36
10378, 225.364
10379, 225.365
10380, 225.369
10381, 225.389
10382, 225.391
10383, 225.394
10384, 225.396
10385, 225.402
10386, 225.405
10387, 225.411
10388, 225.415
10389, 225.419
10390, 225.433
10391, 225.433
10392, 225.437
10393, 225.441
10394, 225.442
10395, 225.445
10396, 225.448
10397, 225.45
10398, 225.463
10399, 225.469
10400, 225.469
10401, 225.471
10402, 225.472
10403, 225.474
10404, 225.474
10405, 225.474
10406, 225.491
10407, 225.491
10408, 225.493
10409, 225.497
10410, 225.499
10411, 225.519
10412, 225.52
10413, 225.527
10414, 225.529
10415, 225.534
10416, 225.539
10417, 225.54
10418, 225.543
10419, 225.546
10420, 225.553
10421, 225.56
10422, 225.572
10423, 225.574
10424, 225.579
10425, 225.584
10426, 225.604
10427, 225.605
10428, 225.608
10429, 225.616
10430, 225.619
10431, 225.625
10432, 225.637
10433, 225.637
10434, 225.637
10435, 225.639
10436, 225.64
10437, 225.647
10438, 225.647
10439, 225.653
10440, 225.663
10441, 225.679
10442, 225.68
10443, 225.683
10444, 225.699
10445, 225.712
10446, 225.715
10447, 225.716
10448, 225.72
10449, 225.738
10450, 225.747
10451, 225.751
10452, 225.756
10453, 225.759
10454, 225.761
10455, 225.768
10456, 225.769
10457, 225.771
10458, 225.771
10459, 225.776
10460, 225.777
10461, 225.785
10462, 225.789
10463, 225.795
10464, 225.802
10465, 225.821
10466, 225.824
10467, 225.829
10468, 225.832
10469, 225.836
10470, 225.838
10471, 225.843
10472, 225.845
10473, 225.85
10474, 225.852
10475, 225.856
10476, 225.861
10477, 225.866
10478, 225.868
10479, 225.879
10480, 225.882
10481, 225.883
10482, 225.89
10483, 225.902
10484, 225.905
10485, 225.913
10486, 225.92
10487, 225.932
10488, 225.958
10489, 225.967
10490, 225.976
10491, 225.977
10492, 225.988
10493, 225.988
10494, 225.988
10495, 225.989
10496, 225.989
10497, 225.995
10498, 225.995
10499, 226.001
10500, 226.003
10501, 226.013
10502, 226.013
10503, 226.018
10504, 226.022
10505, 226.025
10506, 226.031
10507, 226.045
10508, 226.046
10509, 226.048
10510, 226.05
10511, 226.052
10512, 226.054
10513, 226.059
10514, 226.059
10515, 226.061
10516, 226.063
10517, 226.067
10518, 226.074
10519, 226.076
10520, 226.076
10521, 226.082
10522, 226.085
10523, 226.085
10524, 226.087
10525, 226.099
10526, 226.104
10527, 226.106
10528, 226.106
10529, 226.113
10530, 226.119
10531, 226.124
10532, 226.125
10533, 226.128
10534, 226.134
10535, 226.135
10536, 226.136
10537, 226.138
10538, 226.14
10539, 226.142
10540, 226.146
10541, 226.153
10542, 226.158
10543, 226.166
10544, 226.169
10545, 226.177
10546, 226.178
10547, 226.184
10548, 226.189
10549, 226.193
10550, 226.199
10551, 226.209
10552, 226.226
10553, 226.232
10554, 226.238
10555, 226.239
10556, 226.243
10557, 226.248
10558, 226.249
10559, 226.255
10560, 226.259
10561, 226.262
10562, 226.276
10563, 226.287
10564, 226.293
10565, 226.295
10566, 226.301
10567, 226.302
10568, 226.303
10569, 226.303
10570, 226.306
10571, 226.309
10572, 226.31
10573, 226.312
10574, 226.316
10575, 226.321
10576, 226.322
10577, 226.329
10578, 226.336
10579, 226.337
10580, 226.343
10581, 226.349
10582, 226.351
10583, 226.351
10584, 226.355
10585, 226.357
10586, 226.363
10587, 226.366
10588, 226.369
10589, 226.372
10590, 226.383
10591, 226.384
10592, 226.384
10593, 226.385
10594, 226.386
10595, 226.393
10596, 226.394
10597, 226.404
10598, 226.405
10599, 226.419
10600, 226.425
10601, 226.429
10602, 226.434
10603, 226.449
10604, 226.453
10605, 226.468
10606, 226.479
10607, 226.481
10608, 226.483
10609, 226.49
10610, 226.493
10611, 226.499
10612, 226.502
10613, 226.502
10614, 226.507
10615, 226.509
10616, 226.511
10617, 226.514
10618, 226.527
10619, 226.531
10620, 226.535
10621, 226.535
10622, 226.539
10623, 226.54
10624, 226.549
10625, 226.55
10626, 226.553
10627, 226.556
10628, 226.557
10629, 226.558
10630, 226.56
10631, 226.572
10632, 226.573
10633, 226.58
10634, 226.583
10635, 226.597
10636, 226.6
10637, 226.604
10638, 226.607
10639, 226.613
10640, 226.616
10641, 226.63
10642, 226.631
10643, 226.638
10644, 226.653
10645, 226.653
10646, 226.654
10647, 226.666
10648, 226.68
10649, 226.694
10650, 226.694
10651, 226.695
10652, 226.703
10653, 226.71
10654, 226.718
10655, 226.721
10656, 226.728
10657, 226.732
10658, 226.732
10659, 226.735
10660, 226.738
10661, 226.739
10662, 226.742
10663, 226.745
10664, 226.746
10665, 226.75
10666, 226.751
10667, 226.76
10668, 226.762
10669, 226.764
10670, 226.773
10671, 226.778
10672, 226.788
10673, 226.797
10674, 226.802
10675, 226.815
10676, 226.823
10677, 226.824
10678, 226.83
10679, 226.833
10680, 226.839
10681, 226.849
10682, 226.856
10683, 226.858
10684, 226.86
10685, 226.866
10686, 226.875
10687, 226.876
10688, 226.888
10689, 226.894
10690, 226.896
10691, 226.899
10692, 226.912
10693, 226.912
10694, 226.914
10695, 226.929
10696, 226.932
10697, 226.954
10698, 226.966
10699, 226.966
10700, 226.97
10701, 226.97
10702, 226.973
10703, 226.973
10704, 226.982
10705, 226.998
10706, 227
10707, 227.003
10708, 227.006
10709, 227.01
10710, 227.019
10711, 227.022
10712, 227.022
10713, 227.025
10714, 227.033
10715, 227.037
10716, 227.039
10717, 227.041
10718, 227.046
10719, 227.049
10720, 227.05
10721, 227.051
10722, 227.064
10723, 227.065
10724, 227.072
10725, 227.073
10726, 227.074
10727, 227.078
10728, 227.084
10729, 227.085
10730, 227.094
10731, 227.098
10732, 227.104
10733, 227.106
10734, 227.116
10735, 227.125
10736, 227.128
10737, 227.135
10738, 227.137
10739, 227.139
10740, 227.152
10741, 227.152
10742, 227.173
10743, 227.182
10744, 227.192
10745, 227.198
10746, 227.213
10747, 227.223
10748, 227.229
10749, 227.232
10750, 227.232
10751, 227.236
10752, 227.238
10753, 227.238
10754, 227.244
10755, 227.244
10756, 227.254
10757, 227.254
10758, 227.26
10759, 227.26
10760, 227.265
10761, 227.266
10762, 227.267
10763, 227.268
10764, 227.272
10765, 227.274
10766, 227.278
10767, 227.282
10768, 227.288
10769, 227.29
10770, 227.294
10771, 227.294
10772, 227.295
10773, 227.302
10774, 227.307
10775, 227.313
10776, 227.317
10777, 227.318
10778, 227.321
10779, 227.323
10780, 227.327
10781, 227.329
10782, 227.334
10783, 227.338
10784, 227.342
10785, 227.345
10786, 227.347
10787, 227.351
10788, 227.353
10789, 227.356
10790, 227.377
10791, 227.38
10792, 227.381
10793, 227.382
10794, 227.386
10795, 227.405
10796, 227.41
10797, 227.411
10798, 227.413
10799, 227.415
10800, 227.416
10801, 227.418
10802, 227.419
10803, 227.421
10804, 227.433
10805, 227.443
10806, 227.444
10807, 227.458
10808, 227.458
10809, 227.462
10810, 227.465
10811, 227.467
10812, 227.482
10813, 227.489
10814, 227.498
10815, 227.502
10816, 227.508
10817, 227.508
10818, 227.51
10819, 227.522
10820, 227.529
10821, 227.53
10822, 227.534
10823, 227.535
10824, 227.535
10825, 227.538
10826, 227.54
10827, 227.548
10828, 227.565
10829, 227.572
10830, 227.573
10831, 227.582
10832, 227.583
10833, 227.584
10834, 227.584
10835, 227.586
10836, 227.59
10837, 227.59
10838, 227.597
10839, 227.6
10840, 227.618
10841, 227.625
10842, 227.626
10843, 227.627
10844, 227.627
10845, 227.635
10846, 227.645
10847, 227.646
10848, 227.648
10849, 227.65
10850, 227.653
10851, 227.66
10852, 227.662
10853, 227.666
10854, 227.68
10855, 227.691
10856, 227.691
10857, 227.714
10858, 227.723
10859, 227.733
10860, 227.736
10861, 227.741
10862, 227.747
10863, 227.748
10864, 227.763
10865, 227.774
10866, 227.778
10867, 227.778
10868, 227.782
10869, 227.787
10870, 227.791
10871, 227.792
10872, 227.793
10873, 227.799
10874, 227.801
10875, 227.805
10876, 227.808
10877, 227.808
10878, 227.812
10879, 227.813
10880, 227.814
10881, 227.819
10882, 227.82
10883, 227.828
10884, 227.842
10885, 227.859
10886, 227.861
10887, 227.878
10888, 227.892
10889, 227.911
10890, 227.916
10891, 227.917
10892, 227.92
10893, 227.925
10894, 227.927
10895, 227.935
10896, 227.957
10897, 227.958
10898, 227.971
10899, 227.973
10900, 227.978
10901, 227.979
10902, 227.983
10903, 227.984
10904, 227.985
10905, 227.989
10906, 227.998
10907, 228.003
10908, 228.01
10909, 228.026
10910, 228.028
10911, 228.038
10912, 228.038
10913, 228.039
10914, 228.041
10915, 228.042
10916, 228.045
10917, 228.053
10918, 228.056
10919, 228.059
10920, 228.06
10921, 228.064
10922, 228.069
10923, 228.078
10924, 228.083
10925, 228.095
10926, 228.096
10927, 228.101
10928, 228.113
10929, 228.118
10930, 228.122
10931, 228.124
10932, 228.126
10933, 228.127
10934, 228.128
10935, 228.128
10936, 228.136
10937, 228.14
10938, 228.141
10939, 228.143
10940, 228.156
10941, 228.157
10942, 228.159
10943, 228.169
10944, 228.174
10945, 228.175
10946, 228.178
10947, 228.19
10948, 228.191
10949, 228.192
10950, 228.197
10951, 228.199
10952, 228.201
10953, 228.202
10954, 228.215
10955, 228.235
10956, 228.237
10957, 228.244
10958, 228.258
10959, 228.261
10960, 228.282
10961, 228.286
10962, 228.291
10963, 228.293
10964, 228.297
10965, 228.3
10966, 228.3
10967, 228.302
10968, 228.302
10969, 228.317
10970, 228.327
10971, 228.335
10972, 228.336
10973, 228.337
10974, 228.337
10975, 228.338
10976, 228.341
10977, 228.351
10978, 228.355
10979, 228.358
10980, 228.366
10981, 228.37
10982, 228.373
10983, 228.377
10984, 228.393
10985, 228.424
10986, 228.429
10987, 228.436
10988, 228.444
10989, 228.454
10990, 228.457
10991, 228.462
10992, 228.465
10993, 228.468
10994, 228.476
10995, 228.479
10996, 228.479
10997, 228.484
10998, 228.508
10999, 228.508
11000, 228.52
11001, 228.523
11002, 228.523
11003, 228.527
11004, 228.531
11005, 228.538
11006, 228.541
11007, 228.55
11008, 228.565
11009, 228.569
11010, 228.57
11011, 228.577
11012, 228.579
11013, 228.583
11014, 228.584
11015, 228.588
11016, 228.589
11017, 228.592
11018, 228.6
11019, 228.6
11020, 228.601
11021, 228.606
11022, 228.616
11023, 228.616
11024, 228.626
11025, 228.644
11026, 228.648
11027, 228.648
11028, 228.651
11029, 228.659
11030, 228.677
11031, 228.677
11032, 228.677
11033, 228.678
11034, 228.68
11035, 228.691
11036, 228.699
11037, 228.699
11038, 228.7
11039, 228.701
11040, 228.703
11041, 228.704
11042, 228.705
11043, 228.714
11044, 228.716
11045, 228.718
11046, 228.719
11047, 228.731
11048, 228.742
11049, 228.743
11050, 228.747
11051, 228.75
11052, 228.759
11053, 228.76
11054, 228.76
11055, 228.764
11056, 228.772
11057, 228.775
11058, 228.776
11059, 228.777
11060, 228.791
11061, 228.799
11062, 228.8
11063, 228.802
11064, 228.804
11065, 228.807
11066, 228.808
11067, 228.809
11068, 228.811
11069, 228.815
11070, 228.824
11071, 228.828
11072, 228.83
11073, 228.83
11074, 228.832
11075, 228.834
11076, 228.836
11077, 228.838
11078, 228.84
11079, 228.842
11080, 228.843
11081, 228.843
11082, 228.848
11083, 228.855
11084, 228.862
11085, 228.865
11086, 228.874
11087, 228.874
11088, 228.884
11089, 228.885
11090, 228.886
11091, 228.887
11092, 228.891
11093, 228.894
11094, 228.895
11095, 228.903
11096, 228.916
11097, 228.917
11098, 228.919
11099, 228.923
11100, 228.923
11101, 228.924
11102, 228.926
11103, 228.929
11104, 228.932
11105, 228.934
11106, 228.938
11107, 228.955
11108, 228.962
11109, 228.964
11110, 228.978
11111, 228.98
11112, 228.992
11113, 228.994
11114, 229.006
11115, 229.016
11116, 229.021
11117, 229.026
11118, 229.036
11119, 229.045
11120, 229.047
11121, 229.047
11122, 229.052
11123, 229.054
11124, 229.06
11125, 229.076
11126, 229.079
11127, 229.08
11128, 229.091
11129, 229.093
11130, 229.096
11131, 229.101
11132, 229.12
11133, 229.129
11134, 229.129
11135, 229.135
11136, 229.153
11137, 229.157
11138, 229.16
11139, 229.16
11140, 229.162
11141, 229.168
11142, 229.186
11143, 229.189
11144, 229.202
11145, 229.21
11146, 229.215
11147, 229.218
11148, 229.222
11149, 229.229
11150, 229.238
11151, 229.245
11152, 229.258
11153, 229.262
11154, 229.263
11155, 229.272
11156, 229.282
11157, 229.285
11158, 229.298
11159, 229.298
11160, 229.299
11161, 229.3
11162, 229.301
11163, 229.301
11164, 229.307
11165, 229.318
11166, 229.324
11167, 229.329
11168, 229.33
11169, 229.331
11170, 229.332
11171, 229.333
11172, 229.343
11173, 229.344
11174, 229.345
11175, 229.353
11176, 229.356
11177, 229.357
11178, 229.363
11179, 229.365
11180, 229.368
11181, 229.37
11182, 229.389
11183, 229.392
11184, 229.394
11185, 229.394
11186, 229.394
11187, 229.399
11188, 229.403
11189, 229.414
11190, 229.415
11191, 229.418
11192, 229.419
11193, 229.419
11194, 229.43
11195, 229.432
11196, 229.438
11197, 229.441
11198, 229.451
11199, 229.459
11200, 229.46
11201, 229.461
11202, 229.476
11203, 229.479
11204, 229.489
11205, 229.494
11206, 229.496
11207, 229.503
11208, 229.515
11209, 229.516
11210, 229.517
11211, 229.527
11212, 229.529
11213, 229.536
11214, 229.542
11215, 229.547
11216, 229.549
11217, 229.556
11218, 229.563
11219, 229.569
11220, 229.573
11221, 229.574
11222, 229.577
11223, 229.58
11224, 229.588
11225, 229.601
11226, 229.607
11227, 229.61
11228, 229.62
11229, 229.625
11230, 229.635
11231, 229.637
11232, 229.646
11233, 229.658
11234, 229.666
11235, 229.672
11236, 229.679
11237, 229.68
11238, 229.681
11239, 229.683
11240, 229.685
11241, 229.686
11242, 229.693
11243, 229.699
11244, 229.701
11245, 229.71
11246, 229.723
11247, 229.729
11248, 229.737
11249, 229.752
11250, 229.757
11251, 229.758
11252, 229.771
11253, 229.775
11254, 229.795
11255, 229.8
11256, 229.807
11257, 229.812
11258, 229.816
11259, 229.817
11260, 229.824
11261, 229.825
11262, 229.825
11263, 229.831
11264, 229.831
11265, 229.832
11266, 229.841
11267, 229.851
11268, 229.857
11269, 229.857
11270, 229.861
11271, 229.866
11272, 229.868
11273, 229.871
11274, 229.874
11275, 229.876
11276, 229.879
11277, 229.88
11278, 229.883
11279, 229.889
11280, 229.897
11281, 229.901
11282, 229.902
11283, 229.907
11284, 229.911
11285, 229.929
11286, 229.93
11287, 229.934
11288, 229.935
11289, 229.937
11290, 229.938
11291, 229.938
11292, 229.941
11293, 229.941
11294, 229.946
11295, 229.949
11296, 229.963
11297, 229.967
11298, 229.977
11299, 229.99
11300, 229.99
11301, 229.995
11302, 229.998
11303, 230
11304, 230.009
11305, 230.01
11306, 230.019
11307, 230.021
11308, 230.024
11309, 230.025
11310, 230.028
11311, 230.029
11312, 230.03
11313, 230.036
11314, 230.04
11315, 230.046
11316, 230.063
11317, 230.064
11318, 230.073
11319, 230.084
11320, 230.088
11321, 230.089
11322, 230.093
11323, 230.099
11324, 230.1
11325, 230.101
11326, 230.104
11327, 230.107
11328, 230.12
11329, 230.124
11330, 230.13
11331, 230.138
11332, 230.146
11333, 230.148
11334, 230.155
11335, 230.163
11336, 230.165
11337, 230.175
11338, 230.18
11339, 230.183
11340, 230.186
11341, 230.192
11342, 230.198
11343, 230.212
11344, 230.212
11345, 230.217
11346, 230.218
11347, 230.219
11348, 230.222
11349, 230.231
11350, 230.238
11351, 230.246
11352, 230.251
11353, 230.254
11354, 230.255
11355, 230.26
11356, 230.273
11357, 230.277
11358, 230.281
11359, 230.288
11360, 230.289
11361, 230.291
11362, 230.3
11363, 230.302
11364, 230.312
11365, 230.313
11366, 230.314
11367, 230.327
11368, 230.34
11369, 230.342
11370, 230.345
11371, 230.356
11372, 230.363
11373, 230.373
11374, 230.377
11375, 230.384
11376, 230.397
11377, 230.417
11378, 230.42
11379, 230.429
11380, 230.434
11381, 230.435
11382, 230.437
11383, 230.439
11384, 230.44
11385, 230.452
11386, 230.452
11387, 230.463
11388, 230.472
11389, 230.478
11390, 230.482
11391, 230.483
11392, 230.487
11393, 230.493
11394, 230.496
11395, 230.497
11396, 230.505
11397, 230.505
11398, 230.506
11399, 230.51
11400, 230.518
11401, 230.524
11402, 230.527
11403, 230.53
11404, 230.536
11405, 230.537
11406, 230.54
11407, 230.546
11408, 230.554
11409, 230.557
11410, 230.564
11411, 230.564
11412, 230.564
11413, 230.566
11414, 230.57
11415, 230.571
11416, 230.571
11417, 230.571
11418, 230.575
11419, 230.587
11420, 230.592
11421, 230.601
11422, 230.601
11423, 230.605
11424, 230.607
11425, 230.616
11426, 230.62
11427, 230.62
11428, 230.625
11429, 230.636
11430, 230.637
11431, 230.639
11432, 230.642
11433, 230.652
11434, 230.655
11435, 230.667
11436, 230.685
11437, 230.692
11438, 230.692
11439, 230.701
11440, 230.702
11441, 230.704
11442, 230.704
11443, 230.705
11444, 230.707
11445, 230.707
11446, 230.713
11447, 230.724
11448, 230.729
11449, 230.735
11450, 230.742
11451, 230.746
11452, 230.758
11453, 230.772
11454, 230.775
11455, 230.786
11456, 230.789
11457, 230.8
11458, 230.801
11459, 230.803
11460, 230.803
11461, 230.804
11462, 230.804
11463, 230.805
11464, 230.808
11465, 230.808
11466, 230.828
11467, 230.833
11468, 230.84
11469, 230.842
11470, 230.845
11471, 230.852
11472, 230.853
11473, 230.856
11474, 230.864
11475, 230.87
11476, 230.89
11477, 230.9
11478, 230.906
11479, 230.914
11480, 230.922
11481, 230.926
11482, 230.929
11483, 230.93
11484, 230.931
11485, 230.961
11486, 230.964
11487, 230.967
11488, 230.98
11489, 230.99
11490, 230.992
11491, 230.992
11492, 230.994
11493, 230.997
11494, 231.002
11495, 231.005
11496, 231.028
11497, 231.03
11498, 231.038
11499, 231.038
11500, 231.047
11501, 231.053
11502, 231.057
11503, 231.058
11504, 231.064
11505, 231.069
11506, 231.07
11507, 231.071
11508, 231.083
11509, 231.083
11510, 231.091
11511, 231.093
11512, 231.096
11513, 231.102
11514, 231.111
11515, 231.112
11516, 231.116
11517, 231.119
11518, 231.12
11519, 231.122
11520, 231.126
11521, 231.136
11522, 231.145
11523, 231.145
11524, 231.147
11525, 231.15
11526, 231.153
11527, 231.159
11528, 231.165
11529, 231.166
11530, 231.173
11531, 231.18
11532, 231.184
11533, 231.191
11534, 231.2
11535, 231.207
11536, 231.216
11537, 231.223
11538, 231.229
11539, 231.235
11540, 231.235
11541, 231.236
11542, 231.239
11543, 231.251
11544, 231.257
11545, 231.259
11546, 231.263
11547, 231.265
11548, 231.265
11549, 231.27
11550, 231.272
11551, 231.278
11552, 231.289
11553, 231.299
11554, 231.302
11555, 231.304
11556, 231.318
11557, 231.319
11558, 231.324
11559, 231.325
11560, 231.333
11561, 231.344
11562, 231.346
11563, 231.352
11564, 231.354
11565, 231.359
11566, 231.362
11567, 231.364
11568, 231.395
11569, 231.399
11570, 231.402
11571, 231.403
11572, 231.409
11573, 231.411
11574, 231.421
11575, 231.424
11576, 231.424
11577, 231.426
11578, 231.437
11579, 231.445
11580, 231.446
11581, 231.455
11582, 231.474
11583, 231.474
11584, 231.476
11585, 231.481
11586, 231.486
11587, 231.493
11588, 231.501
11589, 231.504
11590, 231.513
11591, 231.527
11592, 231.53
11593, 231.536
11594, 231.54
11595, 231.543
11596, 231.544
11597, 231.548
11598, 231.558
11599, 231.559
11600, 231.562
11601, 231.565
11602, 231.567
11603, 231.568
11604, 231.57
11605, 231.57
11606, 231.574
11607, 231.577
11608, 231.582
11609, 231.582
11610, 231.584
11611, 231.593
11612, 231.597
11613, 231.601
11614, 231.604
11615, 231.604
11616, 231.607
11617, 231.608
11618, 231.609
11619, 231.612
11620, 231.613
11621, 231.625
11622, 231.627
11623, 231.629
11624, 231.63
11625, 231.636
11626, 231.636
11627, 231.638
11628, 231.644
11629, 231.644
11630, 231.647
11631, 231.654
11632, 231.669
11633, 231.673
11634, 231.675
11635, 231.694
11636, 231.711
11637, 231.711
11638, 231.714
11639, 231.729
11640, 231.748
11641, 231.751
11642, 231.755
11643, 231.758
11644, 231.76
11645, 231.763
11646, 231.767
11647, 231.768
11648, 231.776
11649, 231.786
11650, 231.79
11651, 231.794
11652, 231.803
11653, 231.807
11654, 231.808
11655, 231.809
11656, 231.814
11657, 231.816
11658, 231.825
11659, 231.832
11660, 231.835
11661, 231.836
11662, 231.837
11663, 231.839
11664, 231.843
11665, 231.849
11666, 231.857
11667, 231.86
11668, 231.864
11669, 231.879
11670, 231.891
11671, 231.897
11672, 231.904
11673, 231.912
11674, 231.912
11675, 231.913
11676, 231.917
11677, 231.93
11678, 231.955
11679, 231.958
11680, 231.962
11681, 231.965
11682, 231.967
11683, 231.967
11684, 231.968
11685, 231.971
11686, 231.976
11687, 231.98
11688, 232.006
11689, 232.015
11690, 232.018
11691, 232.02
11692, 232.025
11693, 232.029
11694, 232.029
11695, 232.031
11696, 232.032
11697, 232.034
11698, 232.034
11699, 232.041
11700, 232.052
11701, 232.056
11702, 232.06
11703, 232.06
11704, 232.064
11705, 232.066
11706, 232.067
11707, 232.076
11708, 232.095
11709, 232.097
11710, 232.099
11711, 232.114
11712, 232.116
11713, 232.118
11714, 232.131
11715, 232.14
11716, 232.147
11717, 232.161
11718, 232.163
11719, 232.164
11720, 232.185
11721, 232.185
11722, 232.19
11723, 232.196
11724, 232.198
11725, 232.199
11726, 232.21
11727, 232.22
11728, 232.237
11729, 232.238
11730, 232.261
11731, 232.264
11732, 232.269
11733, 232.275
11734, 232.29
11735, 232.29
11736, 232.307
11737, 232.315
11738, 232.319
11739, 232.327
11740, 232.328
11741, 232.334
11742, 232.341
11743, 232.343
11744, 232.362
11745, 232.37
11746, 232.375
11747, 232.376
11748, 232.377
11749, 232.38
11750, 232.383
11751, 232.387
11752, 232.389
11753, 232.405
11754, 232.408
11755, 232.41
11756, 232.411
11757, 232.416
11758, 232.423
11759, 232.432
11760, 232.441
11761, 232.445
11762, 232.448
11763, 232.449
11764, 232.458
11765, 232.458
11766, 232.46
11767, 232.463
11768, 232.471
11769, 232.476
11770, 232.477
11771, 232.486
11772, 232.489
11773, 232.498
11774, 232.499
11775, 232.502
11776, 232.507
11777, 232.514
11778, 232.525
11779, 232.531
11780, 232.532
11781, 232.534
11782, 232.536
11783, 232.537
11784, 232.546
11785, 232.549
11786, 232.552
11787, 232.575
11788, 232.586
11789, 232.589
11790, 232.592
11791, 232.593
11792, 232.605
11793, 232.605
11794, 232.607
11795, 232.622
11796, 232.623
11797, 232.63
11798, 232.635
11799, 232.636
11800, 232.638
11801, 232.644
11802, 232.648
11803, 232.658
11804, 232.672
11805, 232.676
11806, 232.681
11807, 232.684
11808, 232.684
11809, 232.69
11810, 232.693
11811, 232.693
11812, 232.694
11813, 232.703
11814, 232.704
11815, 232.707
11816, 232.727
11817, 232.728
11818, 232.729
11819, 232.73
11820, 232.737
11821, 232.744
11822, 232.745
11823, 232.747
11824, 232.757
11825, 232.757
11826, 232.768
11827, 232.769
11828, 232.769
11829, 232.775
11830, 232.777
11831, 232.783
11832, 232.802
11833, 232.811
11834, 232.812
11835, 232.812
11836, 232.817
11837, 232.827
11838, 232.828
11839, 232.832
11840, 232.832
11841, 232.839
11842, 232.847
11843, 232.847
11844, 232.849
11845, 232.852
11846, 232.856
11847, 232.869
11848, 232.871
11849, 232.875
11850, 232.884
11851, 232.892
11852, 232.894
11853, 232.904
11854, 232.907
11855, 232.918
11856, 232.92
11857, 232.925
11858, 232.936
11859, 232.946
11860, 232.949
11861, 232.963
11862, 232.965
11863, 232.968
11864, 232.992
11865, 232.996
11866, 232.997
11867, 232.997
11868, 232.998
11869, 233.008
11870, 233.009
11871, 233.013
11872, 233.013
11873, 233.014
11874, 233.015
11875, 233.018
11876, 233.019
11877, 233.022
11878, 233.042
11879, 233.06
11880, 233.065
11881, 233.072
11882, 233.073
11883, 233.074
11884, 233.076
11885, 233.078
11886, 233.085
11887, 233.085
11888, 233.088
11889, 233.096
11890, 233.101
11891, 233.102
11892, 233.108
11893, 233.111
11894, 233.112
11895, 233.115
11896, 233.115
11897, 233.116
11898, 233.117
11899, 233.125
11900, 233.127
11901, 233.128
11902, 233.136
11903, 233.138
11904, 233.139
11905, 233.141
11906, 233.152
11907, 233.156
11908, 233.163
11909, 233.17
11910, 233.174
11911, 233.177
11912, 233.178
11913, 233.18
11914, 233.183
11915, 233.187
11916, 233.196
11917, 233.201
11918, 233.201
11919, 233.201
11920, 233.205
11921, 233.205
11922, 233.206
11923, 233.219
11924, 233.224
11925, 233.229
11926, 233.233
11927, 233.234
11928, 233.244
11929, 233.245
11930, 233.245
11931, 233.246
11932, 233.258
11933, 233.258
11934, 233.265
11935, 233.271
11936, 233.278
11937, 233.279
11938, 233.286
11939, 233.291
11940, 233.296
11941, 233.301
11942, 233.303
11943, 233.307
11944, 233.308
11945, 233.309
11946, 233.31
11947, 233.316
11948, 233.32
11949, 233.331
11950, 233.331
11951, 233.333
11952, 233.341
11953, 233.348
11954, 233.349
11955, 233.352
11956, 233.354
11957, 233.355
11958, 233.358
11959, 233.365
11960, 233.367
11961, 233.369
11962, 233.372
11963, 233.387
11964, 233.389
11965, 233.396
11966, 233.409
11967, 233.411
11968, 233.427
11969, 233.434
11970, 233.447
11971, 233.451
11972, 233.451
11973, 233.46
11974, 233.469
11975, 233.475
11976, 233.482
11977, 233.493
11978, 233.494
11979, 233.495
11980, 233.498
11981, 233.506
11982, 233.508
11983, 233.514
11984, 233.518
11985, 233.523
11986, 233.524
11987, 233.525
11988, 233.532
11989, 233.532
11990, 233.535
11991, 233.536
11992, 233.559
11993, 233.573
11994, 233.587
11995, 233.587
11996, 233.588
11997, 233.589
11998, 233.599
11999, 233.603
12000, 233.605
12001, 233.615
12002, 233.655
12003, 233.669
12004, 233.681
12005, 233.692
12006, 233.693
12007, 233.701
12008, 233.704
12009, 233.709
12010, 233.713
12011, 233.727
12012, 233.739
12013, 233.74
12014, 233.752
12015, 233.753
12016, 233.758
12017, 233.768
12018, 233.772
12019, 233.778
12020, 233.78
12021, 233.781
12022, 233.781
12023, 233.785
12024, 233.787
12025, 233.789
12026, 233.805
12027, 233.807
12028, 233.813
12029, 233.82
12030, 233.825
12031, 233.829
12032, 233.833
12033, 233.846
12034, 233.853
12035, 233.861
12036, 233.862
12037, 233.863
12038, 233.865
12039, 233.87
12040, 233.871
12041, 233.877
12042, 233.883
12043, 233.883
12044, 233.884
12045, 233.919
12046, 233.922
12047, 233.924
12048, 233.928
12049, 233.929
12050, 233.931
12051, 233.935
12052, 233.943
12053, 233.954
12054, 233.959
12055, 233.96
12056, 233.961
12057, 233.965
12058, 233.973
12059, 233.974
12060, 233.982
12061, 233.997
12062, 234.009
12063, 234.013
12064, 234.035
12065, 234.049
12066, 234.064
12067, 234.065
12068, 234.07
12069, 234.074
12070, 234.082
12071, 234.082
12072, 234.108
12073, 234.11
12074, 234.115
12075, 234.119
12076, 234.121
12077, 234.122
12078, 234.123
12079, 234.127
12080, 234.129
12081, 234.13
12082, 234.133
12083, 234.134
12084, 234.135
12085, 234.138
12086, 234.139
12087, 234.141
12088, 234.142
12089, 234.146
12090, 234.149
12091, 234.149
12092, 234.15
12093, 234.151
12094, 234.152
12095, 234.162
12096, 234.163
12097, 234.163
12098, 234.165
12099, 234.178
12100, 234.191
12101, 234.192
12102, 234.208
12103, 234.217
12104, 234.221
12105, 234.231
12106, 234.233
12107, 234.234
12108, 234.235
12109, 234.235
12110, 234.239
12111, 234.242
12112, 234.25
12113, 234.253
12114, 234.254
12115, 234.259
12116, 234.27
12117, 234.28
12118, 234.296
12119, 234.297
12120, 234.305
12121, 234.306
12122, 234.31
12123, 234.316
12124, 234.326
12125, 234.332
12126, 234.332
12127, 234.337
12128, 234.338
12129, 234.34
12130, 234.344
12131, 234.35
12132, 234.371
12133, 234.378
12134, 234.38
12135, 234.384
12136, 234.389
12137, 234.397
12138, 234.399
12139, 234.403
12140, 234.413
12141, 234.417
12142, 234.419
12143, 234.42
12144, 234.421
12145, 234.426
12146, 234.427
12147, 234.428
12148, 234.437
12149, 234.44
12150, 234.445
12151, 234.448
12152, 234.454
12153, 234.455
12154, 234.455
12155, 234.459
12156, 234.46
12157, 234.462
12158, 234.473
12159, 234.478
12160, 234.484
12161, 234.485
12162, 234.491
12163, 234.507
12164, 234.511
12165, 234.513
12166, 234.522
12167, 234.524
12168, 234.532
12169, 234.532
12170, 234.533
12171, 234.549
12172, 234.556
12173, 234.571
12174, 234.58
12175, 234.583
12176, 234.584
12177, 234.586
12178, 234.588
12179, 234.599
12180, 234.6
12181, 234.601
12182, 234.603
12183, 234.612
12184, 234.63
12185, 234.647
12186, 234.652
12187, 234.655
12188, 234.662
12189, 234.675
12190, 234.675
12191, 234.68
12192, 234.685
12193, 234.686
12194, 234.69
12195, 234.7
12196, 234.703
12197, 234.703
12198, 234.708
12199, 234.712
12200, 234.715
12201, 234.717
12202, 234.731
12203, 234.738
12204, 234.753
12205, 234.756
12206, 234.76
12207, 234.764
12208, 234.774
12209, 234.783
12210, 234.788
12211, 234.793
12212, 234.793
12213, 234.795
12214, 234.801
12215, 234.806
12216, 234.816
12217, 234.823
12218, 234.827
12219, 234.835
12220, 234.835
12221, 234.836
12222, 234.843
12223, 234.844
12224, 234.845
12225, 234.845
12226, 234.846
12227, 234.852
12228, 234.853
12229, 234.857
12230, 234.862
12231, 234.866
12232, 234.874
12233, 234.883
12234, 234.891
12235, 234.892
12236, 234.896
12237, 234.9
12238, 234.904
12239, 234.908
12240, 234.908
12241, 234.909
12242, 234.911
12243, 234.918
12244, 234.922
12245, 234.924
12246, 234.93
12247, 234.934
12248, 234.939
12249, 234.949
12250, 234.955
12251, 234.961
12252, 234.966
12253, 234.971
12254, 234.975
12255, 234.978
12256, 234.982
12257, 234.988
12258, 234.989
12259, 234.998
12260, 235.001
12261, 235.002
12262, 235.005
12263, 235.008
12264, 235.01
12265, 235.012
12266, 235.017
12267, 235.025
12268, 235.03
12269, 235.056
12270, 235.062
12271, 235.064
12272, 235.068
12273, 235.071
12274, 235.08
12275, 235.083
12276, 235.093
12277, 235.106
12278, 235.113
12279, 235.122
12280, 235.125
12281, 235.129
12282, 235.136
12283, 235.138
12284, 235.139
12285, 235.142
12286, 235.146
12287, 235.16
12288, 235.162
12289, 235.17
12290, 235.171
12291, 235.184
12292, 235.185
12293, 235.188
12294, 235.196
12295, 235.203
12296, 235.214
12297, 235.217
12298, 235.226
12299, 235.229
12300, 235.233
12301, 235.239
12302, 235.241
12303, 235.242
12304, 235.245
12305, 235.245
12306, 235.251
12307, 235.257
12308, 235.258
12309, 235.265
12310, 235.272
12311, 235.275
12312, 235.277
12313, 235.277
12314, 235.278
12315, 235.278
12316, 235.282
12317, 235.284
12318, 235.284
12319, 235.285
12320, 235.293
12321, 235.293
12322, 235.294
12323, 235.3
12324, 235.303
12325, 235.305
12326, 235.31
12327, 235.31
12328, 235.314
12329, 235.324
12330, 235.327
12331, 235.33
12332, 235.331
12333, 235.334
12334, 235.341
12335, 235.341
12336, 235.347
12337, 235.347
12338, 235.351
12339, 235.357
12340, 235.357
12341, 235.369
12342, 235.369
12343, 235.37
12344, 235.373
12345, 235.378
12346, 235.381
12347, 235.382
12348, 235.385
12349, 235.387
12350, 235.389
12351, 235.389
12352, 235.391
12353, 235.394
12354, 235.403
12355, 235.409
12356, 235.411
12357, 235.415
12358, 235.415
12359, 235.427
12360, 235.432
12361, 235.434
12362, 235.441
12363, 235.444
12364, 235.455
12365, 235.457
12366, 235.461
12367, 235.464
12368, 235.474
12369, 235.477
12370, 235.484
12371, 235.484
12372, 235.484
12373, 235.485
12374, 235.489
12375, 235.492
12376, 235.495
12377, 235.512
12378, 235.512
12379, 235.514
12380, 235.525
12381, 235.538
12382, 235.546
12383, 235.55
12384, 235.56
12385, 235.564
12386, 235.574
12387, 235.58
12388, 235.585
12389, 235.589
12390, 235.593
12391, 235.611
12392, 235.615
12393, 235.618
12394, 235.628
12395, 235.639
12396, 235.644
12397, 235.648
12398, 235.664
12399, 235.674
12400, 235.682
12401, 235.682
12402, 235.683
12403, 235.684
12404, 235.684
12405, 235.692
12406, 235.694
12407, 235.694
12408, 235.705
12409, 235.707
12410, 235.713
12411, 235.718
12412, 235.719
12413, 235.734
12414, 235.737
12415, 235.739
12416, 235.739
12417, 235.748
12418, 235.756
12419, 235.761
12420, 235.765
12421, 235.771
12422, 235.792
12423, 235.793
12424, 235.797
12425, 235.797
12426, 235.8
12427, 235.801
12428, 235.808
12429, 235.812
12430, 235.813
12431, 235.819
12432, 235.825
12433, 235.826
12434, 235.827
12435, 235.833
12436, 235.847
12437, 235.849
12438, 235.852
12439, 235.856
12440, 235.867
12441, 235.88
12442, 235.884
12443, 235.888
12444, 235.89
12445, 235.924
12446, 235.924
12447, 235.926
12448, 235.927
12449, 235.928
12450, 235.932
12451, 235.948
12452, 235.95
12453, 235.951
12454, 235.955
12455, 235.955
12456, 235.959
12457, 235.962
12458, 235.974
12459, 235.982
12460, 235.985
12461, 235.985
12462, 235.987
12463, 235.994
12464, 235.995
12465, 236.012
12466, 236.02
12467, 236.021
12468, 236.027
12469, 236.03
12470, 236.031
12471, 236.031
12472, 236.034
12473, 236.044
12474, 236.045
12475, 236.047
12476, 236.047
12477, 236.055
12478, 236.057
12479, 236.061
12480, 236.087
12481, 236.09
12482, 236.096
12483, 236.105
12484, 236.108
12485, 236.113
12486, 236.115
12487, 236.123
12488, 236.136
12489, 236.141
12490, 236.141
12491, 236.143
12492, 236.149
12493, 236.159
12494, 236.165
12495, 236.166
12496, 236.166
12497, 236.167
12498, 236.18
12499, 236.181
12500, 236.189
12501, 236.19
12502, 236.194
12503, 236.194
12504, 236.198
12505, 236.201
12506, 236.209
12507, 236.212
12508, 236.231
12509, 236.236
12510, 236.24
12511, 236.243
12512, 236.25
12513, 236.254
12514, 236.255
12515, 236.263
12516, 236.264
12517, 236.266
12518, 236.279
12519, 236.285
12520, 236.288
12521, 236.292
12522, 236.292
12523, 236.294
12524, 236.297
12525, 236.299
12526, 236.314
12527, 236.317
12528, 236.325
12529, 236.327
12530, 236.328
12531, 236.337
12532, 236.341
12533, 236.344
12534, 236.344
12535, 236.353
12536, 236.355
12537, 236.359
12538, 236.362
12539, 236.373
12540, 236.384
12541, 236.388
12542, 236.39
12543, 236.393
12544, 236.4
12545, 236.409
12546, 236.414
12547, 236.416
12548, 236.421
12549, 236.433
12550, 236.442
12551, 236.449
12552, 236.454
12553, 236.461
12554, 236.472
12555, 236.486
12556, 236.488
12557, 236.488
12558, 236.488
12559, 236.491
12560, 236.499
12561, 236.504
12562, 236.505
12563, 236.516
12564, 236.524
12565, 236.525
12566, 236.527
12567, 236.528
12568, 236.533
12569, 236.539
12570, 236.544
12571, 236.546
12572, 236.548
12573, 236.55
12574, 236.551
12575, 236.555
12576, 236.555
12577, 236.557
12578, 236.558
12579, 236.564
12580, 236.566
12581, 236.575
12582, 236.583
12583, 236.588
12584, 236.594
12585, 236.595
12586, 236.596
12587, 236.597
12588, 236.597
12589, 236.603
12590, 236.608
12591, 236.621
12592, 236.627
12593, 236.632
12594, 236.634
12595, 236.649
12596, 236.655
12597, 236.659
12598, 236.659
12599, 236.666
12600, 236.674
12601, 236.678
12602, 236.682
12603, 236.691
12604, 236.698
12605, 236.701
12606, 236.72
12607, 236.73
12608, 236.733
12609, 236.734
12610, 236.735
12611, 236.736
12612, 236.736
12613, 236.737
12614, 236.743
12615, 236.744
12616, 236.746
12617, 236.747
12618, 236.749
12619, 236.759
12620, 236.765
12621, 236.767
12622, 236.778
12623, 236.78
12624, 236.792
12625, 236.794
12626, 236.794
12627, 236.802
12628, 236.805
12629, 236.808
12630, 236.809
12631, 236.814
12632, 236.821
12633, 236.839
12634, 236.843
12635, 236.846
12636, 236.862
12637, 236.864
12638, 236.865
12639, 236.868
12640, 236.873
12641, 236.878
12642, 236.885
12643, 236.887
12644, 236.896
12645, 236.897
12646, 236.901
12647, 236.907
12648, 236.912
12649, 236.925
12650, 236.928
12651, 236.93
12652, 236.933
12653, 236.935
12654, 236.939
12655, 236.944
12656, 236.944
12657, 236.946
12658, 236.966
12659, 236.983
12660, 236.997
12661, 236.998
12662, 237.001
12663, 237.003
12664, 237.004
12665, 237.023
12666, 237.038
12667, 237.041
12668, 237.045
12669, 237.045
12670, 237.05
12671, 237.057
12672, 237.061
12673, 237.061
12674, 237.078
12675, 237.081
12676, 237.084
12677, 237.09
12678, 237.097
12679, 237.097
12680, 237.099
12681, 237.102
12682, 237.108
12683, 237.112
12684, 237.122
12685, 237.122
12686, 237.129
12687, 237.133
12688, 237.133
12689, 237.151
12690, 237.153
12691, 237.163
12692, 237.165
12693, 237.183
12694, 237.183
12695, 237.188
12696, 237.193
12697, 237.194
12698, 237.195
12699, 237.203
12700, 237.216
12701, 237.218
12702, 237.219
12703, 237.226
12704, 237.23
12705, 237.23
12706, 237.233
12707, 237.242
12708, 237.259
12709, 237.262
12710, 237.262
12711, 237.27
12712, 237.27
12713, 237.273
12714, 237.281
12715, 237.281
12716, 237.287
12717, 237.292
12718, 237.304
12719, 237.312
12720, 237.314
12721, 237.314
12722, 237.32
12723, 237.32
12724, 237.326
12725, 237.331
12726, 237.331
12727, 237.332
12728, 237.335
12729, 237.343
12730, 237.361
12731, 237.365
12732, 237.365
12733, 237.378
12734, 237.379
12735, 237.381
12736, 237.393
12737, 237.399
12738, 237.405
12739, 237.406
12740, 237.421
12741, 237.444
12742, 237.444
12743, 237.447
12744, 237.449
12745, 237.45
12746, 237.45
12747, 237.461
12748, 237.461
12749, 237.462
12750, 237.463
12751, 237.481
12752, 237.482
12753, 237.502
12754, 237.505
12755, 237.51
12756, 237.512
12757, 237.513
12758, 237.523
12759, 237.527
12760, 237.537
12761, 237.537
12762, 237.538
12763, 237.553
12764, 237.554
12765, 237.559
12766, 237.561
12767, 237.566
12768, 237.571
12769, 237.581
12770, 237.584
12771, 237.593
12772, 237.598
12773, 237.603
12774, 237.606
12775, 237.617
12776, 237.623
12777, 237.624
12778, 237.625
12779, 237.636
12780, 237.639
12781, 237.666
12782, 237.674
12783, 237.681
12784, 237.697
12785, 237.699
12786, 237.711
12787, 237.719
12788, 237.725
12789, 237.728
12790, 237.734
12791, 237.734
12792, 237.738
12793, 237.738
12794, 237.743
12795, 237.745
12796, 237.747
12797, 237.75
12798, 237.768
12799, 237.77
12800, 237.77
12801, 237.777
12802, 237.782
12803, 237.788
12804, 237.794
12805, 237.8
12806, 237.8
12807, 237.81
12808, 237.811
12809, 237.811
12810, 237.821
12811, 237.825
12812, 237.828
12813, 237.831
12814, 237.833
12815, 237.834
12816, 237.843
12817, 237.843
12818, 237.846
12819, 237.852
12820, 237.872
12821, 237.876
12822, 237.882
12823, 237.89
12824, 237.898
12825, 237.904
12826, 237.907
12827, 237.91
12828, 237.914
12829, 237.916
12830, 237.916
12831, 237.922
12832, 237.923
12833, 237.929
12834, 237.938
12835, 237.944
12836, 237.953
12837, 237.957
12838, 237.958
12839, 237.96
12840, 237.961
12841, 237.963
12842, 237.968
12843, 237.97
12844, 237.971
12845, 237.972
12846, 237.979
12847, 237.983
12848, 237.986
12849, 237.988
12850, 237.993
12851, 237.993
12852, 238.003
12853, 238.006
12854, 238.007
12855, 238.011
12856, 238.025
12857, 238.031
12858, 238.031
12859, 238.031
12860, 238.05
12861, 238.06
12862, 238.071
12863, 238.076
12864, 238.081
12865, 238.081
12866, 238.081
12867, 238.083
12868, 238.093
12869, 238.094
12870, 238.096
12871, 238.103
12872, 238.113
12873, 238.116
12874, 238.122
12875, 238.135
12876, 238.141
12877, 238.147
12878, 238.156
12879, 238.157
12880, 238.165
12881, 238.175
12882, 238.181
12883, 238.183
12884, 238.194
12885, 238.202
12886, 238.21
12887, 238.21
12888, 238.222
12889, 238.223
12890, 238.233
12891, 238.234
12892, 238.244
12893, 238.262
12894, 238.266
12895, 238.273
12896, 238.277
12897, 238.283
12898, 238.284
12899, 238.286
12900, 238.289
12901, 238.29
12902, 238.292
12903, 238.31
12904, 238.313
12905, 238.323
12906, 238.324
12907, 238.325
12908, 238.337
12909, 238.341
12910, 238.343
12911, 238.344
12912, 238.35
12913, 238.362
12914, 238.363
12915, 238.366
12916, 238.371
12917, 238.378
12918, 238.38
12919, 238.383
12920, 238.386
12921, 238.392
12922, 238.418
12923, 238.419
12924, 238.423
12925, 238.423
12926, 238.427
12927, 238.433
12928, 238.434
12929, 238.437
12930, 238.446
12931, 238.446
12932, 238.451
12933, 238.459
12934, 238.46
12935, 238.461
12936, 238.461
12937, 238.464
12938, 238.465
12939, 238.466
12940, 238.473
12941, 238.479
12942, 238.485
12943, 238.485
12944, 238.487
12945, 238.49
12946, 238.498
12947, 238.499
12948, 238.502
12949, 238.502
12950, 238.516
12951, 238.527
12952, 238.53
12953, 238.538
12954, 238.545
12955, 238.557
12956, 238.559
12957, 238.561
12958, 238.563
12959, 238.568
12960, 238.569
12961, 238.57
12962, 238.577
12963, 238.583
12964, 238.584
12965, 238.587
12966, 238.59
12967, 238.597
12968, 238.598
12969, 238.603
12970, 238.608
12971, 238.612
12972, 238.615
12973, 238.623
12974, 238.624
12975, 238.625
12976, 238.628
12977, 238.628
12978, 238.637
12979, 238.647
12980, 238.653
12981, 238.654
12982, 238.663
12983, 238.663
12984, 238.686
12985, 238.695
12986, 238.71
12987, 238.711
12988, 238.716
12989, 238.724
12990, 238.73
12991, 238.739
12992, 238.757
12993, 238.76
12994, 238.762
12995, 238.768
12996, 238.77
12997, 238.784
12998, 238.798
12999, 238.809
13000, 238.813
13001, 238.82
13002, 238.821
13003, 238.838
13004, 238.849
13005, 238.852
13006, 238.853
13007, 238.865
13008, 238.878
13009, 238.879
13010, 238.882
13011, 238.882
13012, 238.889
13013, 238.892
13014, 238.897
13015, 238.903
13016, 238.904
13017, 238.908
13018, 238.909
13019, 238.923
13020, 238.929
13021, 238.947
13022, 238.954
13023, 238.959
13024, 238.96
13025, 238.966
13026, 238.979
13027, 238.986
13028, 238.999
13029, 239
13030, 239
13031, 239.018
13032, 239.024
13033, 239.036
13034, 239.04
13035, 239.048
13036, 239.052
13037, 239.068
13038, 239.072
13039, 239.073
13040, 239.074
13041, 239.077
13042, 239.078
13043, 239.082
13044, 239.083
13045, 239.086
13046, 239.087
13047, 239.089
13048, 239.095
13049, 239.108
13050, 239.109
13051, 239.11
13052, 239.112
13053, 239.112
13054, 239.122
13055, 239.123
13056, 239.125
13057, 239.128
13058, 239.132
13059, 239.133
13060, 239.134
13061, 239.134
13062, 239.139
13063, 239.142
13064, 239.152
13065, 239.155
13066, 239.164
13067, 239.167
13068, 239.172
13069, 239.172
13070, 239.173
13071, 239.176
13072, 239.183
13073, 239.189
13074, 239.19
13075, 239.199
13076, 239.223
13077, 239.226
13078, 239.227
13079, 239.232
13080, 239.235
13081, 239.242
13082, 239.242
13083, 239.244
13084, 239.247
13085, 239.252
13086, 239.257
13087, 239.267
13088, 239.279
13089, 239.284
13090, 239.293
13091, 239.297
13092, 239.302
13093, 239.316
13094, 239.318
13095, 239.32
13096, 239.329
13097, 239.331
13098, 239.332
13099, 239.333
13100, 239.347
13101, 239.352
13102, 239.353
13103, 239.353
13104, 239.362
13105, 239.364
13106, 239.364
13107, 239.37
13108, 239.371
13109, 239.372
13110, 239.374
13111, 239.387
13112, 239.399
13113, 239.406
13114, 239.406
13115, 239.407
13116, 239.407
13117, 239.408
13118, 239.417
13119, 239.419
13120, 239.422
13121, 239.431
13122, 239.436
13123, 239.439
13124, 239.442
13125, 239.442
13126, 239.443
13127, 239.451
13128, 239.454
13129, 239.455
13130, 239.464
13131, 239.469
13132, 239.471
13133, 239.476
13134, 239.482
13135, 239.484
13136, 239.486
13137, 239.496
13138, 239.515
13139, 239.517
13140, 239.522
13141, 239.523
13142, 239.524
13143, 239.525
13144, 239.527
13145, 239.529
13146, 239.529
13147, 239.53
13148, 239.532
13149, 239.533
13150, 239.54
13151, 239.547
13152, 239.55
13153, 239.564
13154, 239.565
13155, 239.573
13156, 239.574
13157, 239.577
13158, 239.579
13159, 239.58
13160, 239.592
13161, 239.599
13162, 239.614
13163, 239.615
13164, 239.622
13165, 239.626
13166, 239.63
13167, 239.636
13168, 239.636
13169, 239.641
13170, 239.642
13171, 239.649
13172, 239.658
13173, 239.672
13174, 239.679
13175, 239.68
13176, 239.681
13177, 239.686
13178, 239.688
13179, 239.7
13180, 239.705
13181, 239.705
13182, 239.706
13183, 239.708
13184, 239.71
13185, 239.716
13186, 239.721
13187, 239.724
13188, 239.725
13189, 239.743
13190, 239.748
13191, 239.752
13192, 239.753
13193, 239.762
13194, 239.763
13195, 239.763
13196, 239.765
13197, 239.768
13198, 239.775
13199, 239.777
13200, 239.779
13201, 239.782
13202, 239.789
13203, 239.792
13204, 239.804
13205, 239.81
13206, 239.813
13207, 239.823
13208, 239.829
13209, 239.84
13210, 239.859
13211, 239.87
13212, 239.871
13213, 239.876
13214, 239.879
13215, 239.88
13216, 239.882
13217, 239.888
13218, 239.89
13219, 239.891
13220, 239.892
13221, 239.892
13222, 239.901
13223, 239.904
13224, 239.908
13225, 239.908
13226, 239.919
13227, 239.924
13228, 239.932
13229, 239.937
13230, 239.937
13231, 239.949
13232, 239.964
13233, 239.967
13234, 239.979
13235, 239.984
13236, 239.99
13237, 239.992
13238, 239.992
13239, 239.993
13240, 240.003
13241, 240.005
13242, 240.006
13243, 240.007
13244, 240.012
13245, 240.015
13246, 240.018
13247, 240.027
13248, 240.028
13249, 240.032
13250, 240.035
13251, 240.037
13252, 240.041
13253, 240.047
13254, 240.055
13255, 240.056
13256, 240.066
13257, 240.069
13258, 240.081
13259, 240.086
13260, 240.088
13261, 240.098
13262, 240.105
13263, 240.131
13264, 240.134
13265, 240.144
13266, 240.147
13267, 240.147
13268, 240.164
13269, 240.165
13270, 240.171
13271, 240.174
13272, 240.184
13273, 240.186
13274, 240.19
13275, 240.195
13276, 240.197
13277, 240.209
13278, 240.212
13279, 240.215
13280, 240.216
13281, 240.224
13282, 240.228
13283, 240.233
13284, 240.236
13285, 240.236
13286, 240.237
13287, 240.238
13288, 240.242
13289, 240.246
13290, 240.247
13291, 240.247
13292, 240.248
13293, 240.251
13294, 240.261
13295, 240.275
13296, 240.275
13297, 240.285
13298, 240.288
13299, 240.302
13300, 240.303
13301, 240.306
13302, 240.31
13303, 240.315
13304, 240.321
13305, 240.327
13306, 240.329
13307, 240.338
13308, 240.356
13309, 240.361
13310, 240.363
13311, 240.366
13312, 240.371
13313, 240.378
13314, 240.379
13315, 240.38
13316, 240.389
13317, 240.391
13318, 240.392
13319, 240.395
13320, 240.402
13321, 240.404
13322, 240.407
13323, 240.43
13324, 240.437
13325, 240.45
13326, 240.45
13327, 240.452
13328, 240.455
13329, 240.457
13330, 240.461
13331, 240.482
13332, 240.483
13333, 240.485
13334, 240.492
13335, 240.494
13336, 240.494
13337, 240.502
13338, 240.509
13339, 240.512
13340, 240.512
13341, 240.514
13342, 240.523
13343, 240.534
13344, 240.537
13345, 240.539
13346, 240.54
13347, 240.55
13348, 240.551
13349, 240.551
13350, 240.553
13351, 240.557
13352, 240.563
13353, 240.568
13354, 240.572
13355, 240.576
13356, 240.58
13357, 240.595
13358, 240.609
13359, 240.612
13360, 240.624
13361, 240.625
13362, 240.629
13363, 240.636
13364, 240.638
13365, 240.639
13366, 240.645
13367, 240.648
13368, 240.651
13369, 240.653
13370, 240.661
13371, 240.664
13372, 240.666
13373, 240.672
13374, 240.69
13375, 240.705
13376, 240.706
13377, 240.709
13378, 240.71
13379, 240.712
13380, 240.712
13381, 240.715
13382, 240.724
13383, 240.729
13384, 240.73
13385, 240.732
13386, 240.733
13387, 240.734
13388, 240.735
13389, 240.736
13390, 240.737
13391, 240.741
13392, 240.743
13393, 240.746
13394, 240.748
13395, 240.758
13396, 240.762
13397, 240.769
13398, 240.771
13399, 240.772
13400, 240.775
13401, 240.777
13402, 240.78
13403, 240.784
13404, 240.792
13405, 240.797
13406, 240.801
13407, 240.804
13408, 240.809
13409, 240.815
13410, 240.819
13411, 240.822
13412, 240.825
13413, 240.826
13414, 240.826
13415, 240.83
13416, 240.833
13417, 240.839
13418, 240.873
13419, 240.884
13420, 240.887
13421, 240.887
13422, 240.894
13423, 240.895
13424, 240.898
13425, 240.902
13426, 240.913
13427, 240.917
13428, 240.919
13429, 240.921
13430, 240.929
13431, 240.931
13432, 240.932
13433, 240.937
13434, 240.947
13435, 240.947
13436, 240.95
13437, 240.954
13438, 240.96
13439, 240.965
13440, 240.965
13441, 240.967
13442, 240.971
13443, 240.978
13444, 240.985
13445, 240.991
13446, 240.994
13447, 241.002
13448, 241.008
13449, 241.011
13450, 241.011
13451, 241.012
13452, 241.015
13453, 241.019
13454, 241.056
13455, 241.056
13456, 241.06
13457, 241.064
13458, 241.067
13459, 241.069
13460, 241.073
13461, 241.076
13462, 241.081
13463, 241.082
13464, 241.095
13465, 241.102
13466, 241.104
13467, 241.119
13468, 241.144
13469, 241.152
13470, 241.153
13471, 241.155
13472, 241.157
13473, 241.158
13474, 241.165
13475, 241.175
13476, 241.18
13477, 241.188
13478, 241.192
13479, 241.193
13480, 241.193
13481, 241.205
13482, 241.208
13483, 241.209
13484, 241.215
13485, 241.216
13486, 241.217
13487, 241.219
13488, 241.22
13489, 241.223
13490, 241.228
13491, 241.233
13492, 241.24
13493, 241.246
13494, 241.25
13495, 241.26
13496, 241.262
13497, 241.263
13498, 241.265
13499, 241.267
13500, 241.271
13501, 241.28
13502, 241.285
13503, 241.286
13504, 241.311
13505, 241.316
13506, 241.316
13507, 241.321
13508, 241.325
13509, 241.326
13510, 241.327
13511, 241.328
13512, 241.336
13513, 241.338
13514, 241.343
13515, 241.355
13516, 241.36
13517, 241.361
13518, 241.371
13519, 241.381
13520, 241.391
13521, 241.395
13522, 241.396
13523, 241.399
13524, 241.404
13525, 241.418
13526, 241.429
13527, 241.44
13528, 241.443
13529, 241.444
13530, 241.449
13531, 241.45
13532, 241.452
13533, 241.461
13534, 241.463
13535, 241.466
13536, 241.467
13537, 241.469
13538, 241.475
13539, 241.483
13540, 241.484
13541, 241.505
13542, 241.507
13543, 241.518
13544, 241.52
13545, 241.522
13546, 241.523
13547, 241.531
13548, 241.535
13549, 241.536
13550, 241.541
13551, 241.542
13552, 241.542
13553, 241.545
13554, 241.545
13555, 241.55
13556, 241.551
13557, 241.552
13558, 241.571
13559, 241.576
13560, 241.58
13561, 241.581
13562, 241.584
13563, 241.584
13564, 241.598
13565, 241.611
13566, 241.615
13567, 241.621
13568, 241.621
13569, 241.622
13570, 241.625
13571, 241.63
13572, 241.647
13573, 241.647
13574, 241.654
13575, 241.654
13576, 241.658
13577, 241.666
13578, 241.679
13579, 241.68
13580, 241.682
13581, 241.686
13582, 241.688
13583, 241.689
13584, 241.701
13585, 241.702
13586, 241.708
13587, 241.716
13588, 241.718
13589, 241.719
13590, 241.721
13591, 241.721
13592, 241.729
13593, 241.73
13594, 241.742
13595, 241.744
13596, 241.745
13597, 241.745
13598, 241.747
13599, 241.748
13600, 241.76
13601, 241.779
13602, 241.78
13603, 241.784
13604, 241.789
13605, 241.792
13606, 241.805
13607, 241.81
13608, 241.812
13609, 241.812
13610, 241.813
13611, 241.816
13612, 241.818
13613, 241.819
13614, 241.821
13615, 241.821
13616, 241.824
13617, 241.827
13618, 241.839
13619, 241.842
13620, 241.855
13621, 241.856
13622, 241.864
13623, 241.867
13624, 241.881
13625, 241.885
13626, 241.892
13627, 241.896
13628, 241.897
13629, 241.911
13630, 241.922
13631, 241.924
13632, 241.925
13633, 241.946
13634, 241.953
13635, 241.96
13636, 241.963
13637, 241.964
13638, 241.967
13639, 241.967
13640, 241.971
13641, 241.971
13642, 241.971
13643, 241.978
13644, 241.978
13645, 241.98
13646, 241.986
13647, 241.992
13648, 241.993
13649, 241.994
13650, 242.016
13651, 242.019
13652, 242.026
13653, 242.027
13654, 242.031
13655, 242.032
13656, 242.045
13657, 242.053
13658, 242.054
13659, 242.059
13660, 242.068
13661, 242.07
13662, 242.075
13663, 242.078
13664, 242.082
13665, 242.089
13666, 242.091
13667, 242.106
13668, 242.112
13669, 242.116
13670, 242.133
13671, 242.135
13672, 242.136
13673, 242.141
13674, 242.147
13675, 242.149
13676, 242.154
13677, 242.154
13678, 242.155
13679, 242.155
13680, 242.157
13681, 242.157
13682, 242.162
13683, 242.162
13684, 242.163
13685, 242.173
13686, 242.175
13687, 242.189
13688, 242.195
13689, 242.195
13690, 242.201
13691, 242.206
13692, 242.206
13693, 242.211
13694, 242.217
13695, 242.227
13696, 242.239
13697, 242.243
13698, 242.244
13699, 242.248
13700, 242.25
13701, 242.251
13702, 242.262
13703, 242.271
13704, 242.274
13705, 242.302
13706, 242.303
13707, 242.315
13708, 242.316
13709, 242.316
13710, 242.317
13711, 242.331
13712, 242.34
13713, 242.344
13714, 242.345
13715, 242.35
13716, 242.355
13717, 242.361
13718, 242.363
13719, 242.368
13720, 242.369
13721, 242.371
13722, 242.372
13723, 242.374
13724, 242.378
13725, 242.387
13726, 242.391
13727, 242.396
13728, 242.407
13729, 242.411
13730, 242.414
13731, 242.415
13732, 242.422
13733, 242.431
13734, 242.448
13735, 242.451
13736, 242.455
13737, 242.457
13738, 242.468
13739, 242.477
13740, 242.482
13741, 242.483
13742, 242.486
13743, 242.495
13744, 242.503
13745, 242.505
13746, 242.514
13747, 242.523
13748, 242.524
13749, 242.529
13750, 242.548
13751, 242.554
13752, 242.559
13753, 242.561
13754, 242.572
13755, 242.577
13756, 242.581
13757, 242.581
13758, 242.582
13759, 242.59
13760, 242.59
13761, 242.591
13762, 242.594
13763, 242.596
13764, 242.6
13765, 242.601
13766, 242.612
13767, 242.614
13768, 242.616
13769, 242.619
13770, 242.643
13771, 242.647
13772, 242.651
13773, 242.664
13774, 242.68
13775, 242.693
13776, 242.693
13777, 242.699
13778, 242.719
13779, 242.721
13780, 242.721
13781, 242.736
13782, 242.741
13783, 242.75
13784, 242.753
13785, 242.763
13786, 242.767
13787, 242.769
13788, 242.776
13789, 242.778
13790, 242.779
13791, 242.783
13792, 242.789
13793, 242.798
13794, 242.8
13795, 242.804
13796, 242.807
13797, 242.808
13798, 242.81
13799, 242.811
13800, 242.813
13801, 242.814
13802, 242.814
13803, 242.82
13804, 242.821
13805, 242.826
13806, 242.828
13807, 242.83
13808, 242.838
13809, 242.85
13810, 242.87
13811, 242.882
13812, 242.895
13813, 242.898
13814, 242.903
13815, 242.911
13816, 242.911
13817, 242.911
13818, 242.92
13819, 242.926
13820, 242.928
13821, 242.938
13822, 242.939
13823, 242.948
13824, 242.948
13825, 242.949
13826, 242.955
13827, 242.962
13828, 242.967
13829, 242.974
13830, 242.987
13831, 242.988
13832, 242.989
13833, 242.995
13834, 242.999
13835, 243.018
13836, 243.022
13837, 243.023
13838, 243.034
13839, 243.047
13840, 243.059
13841, 243.06
13842, 243.062
13843, 243.068
13844, 243.077
13845, 243.081
13846, 243.097
13847, 243.1
13848, 243.1
13849, 243.103
13850, 243.104
13851, 243.108
13852, 243.119
13853, 243.121
13854, 243.122
13855, 243.126
13856, 243.13
13857, 243.138
13858, 243.139
13859, 243.148
13860, 243.154
13861, 243.155
13862, 243.157
13863, 243.158
13864, 243.161
13865, 243.166
13866, 243.167
13867, 243.169
13868, 243.169
13869, 243.176
13870, 243.184
13871, 243.185
13872, 243.188
13873, 243.203
13874, 243.21
13875, 243.215
13876, 243.235
13877, 243.241
13878, 243.253
13879, 243.263
13880, 243.265
13881, 243.266
13882, 243.27
13883, 243.272
13884, 243.273
13885, 243.273
13886, 243.276
13887, 243.283
13888, 243.286
13889, 243.288
13890, 243.291
13891, 243.293
13892, 243.306
13893, 243.307
13894, 243.31
13895, 243.316
13896, 243.316
13897, 243.333
13898, 243.336
13899, 243.337
13900, 243.339
13901, 243.34
13902, 243.349
13903, 243.35
13904, 243.358
13905, 243.362
13906, 243.367
13907, 243.369
13908, 243.37
13909, 243.379
13910, 243.382
13911, 243.385
13912, 243.389
13913, 243.395
13914, 243.4
13915, 243.403
13916, 243.411
13917, 243.413
13918, 243.417
13919, 243.418
13920, 243.424
13921, 243.425
13922, 243.428
13923, 243.429
13924, 243.437
13925, 243.446
13926, 243.448
13927, 243.451
13928, 243.453
13929, 243.461
13930, 243.463
13931, 243.467
13932, 243.472
13933, 243.472
13934, 243.474
13935, 243.479
13936, 243.48
13937, 243.482
13938, 243.483
13939, 243.484
13940, 243.493
13941, 243.493
13942, 243.505
13943, 243.508
13944, 243.512
13945, 243.515
13946, 243.518
13947, 243.519
13948, 243.52
13949, 243.528
13950, 243.537
13951, 243.538
13952, 243.556
13953, 243.558
13954, 243.567
13955, 243.576
13956, 243.58
13957, 243.582
13958, 243.585
13959, 243.586
13960, 243.604
13961, 243.604
13962, 243.609
13963, 243.61
13964, 243.61
13965, 243.61
13966, 243.61
13967, 243.613
13968, 243.617
13969, 243.626
13970, 243.628
13971, 243.636
13972, 243.638
13973, 243.655
13974, 243.659
13975, 243.661
13976, 243.665
13977, 243.677
13978, 243.693
13979, 243.696
13980, 243.708
13981, 243.71
13982, 243.714
13983, 243.72
13984, 243.727
13985, 243.727
13986, 243.728
13987, 243.728
13988, 243.734
13989, 243.743
13990, 243.745
13991, 243.746
13992, 243.75
13993, 243.753
13994, 243.754
13995, 243.758
13996, 243.763
13997, 243.765
13998, 243.774
13999, 243.78
14000, 243.782
14001, 243.786
14002, 243.792
14003, 243.802
14004, 243.81
14005, 243.811
14006, 243.815
14007, 243.816
14008, 243.822
14009, 243.824
14010, 243.831
14011, 243.831
14012, 243.838
14013, 243.842
14014, 243.843
14015, 243.851
14016, 243.857
14017, 243.86
14018, 243.86
14019, 243.868
14020, 243.879
14021, 243.883
14022, 243.883
14023, 243.883
14024, 243.896
14025, 243.899
14026, 243.899
14027, 243.9
14028, 243.904
14029, 243.905
14030, 243.917
14031, 243.918
14032, 243.937
14033, 243.941
14034, 243.943
14035, 243.944
14036, 243.956
14037, 243.957
14038, 243.962
14039, 243.966
14040, 243.968
14041, 243.969
14042, 243.974
14043, 243.975
14044, 243.975
14045, 243.976
14046, 243.977
14047, 243.986
14048, 243.987
14049, 243.988
14050, 243.989
14051, 243.99
14052, 243.999
14053, 243.999
14054, 244.004
14055, 244.007
14056, 244.011
14057, 244.017
14058, 244.023
14059, 244.03
14060, 244.031
14061, 244.035
14062, 244.044
14063, 244.054
14064, 244.057
14065, 244.063
14066, 244.07
14067, 244.074
14068, 244.079
14069, 244.082
14070, 244.086
14071, 244.087
14072, 244.092
14073, 244.1
14074, 244.11
14075, 244.11
14076, 244.112
14077, 244.113
14078, 244.117
14079, 244.13
14080, 244.13
14081, 244.133
14082, 244.134
14083, 244.141
14084, 244.15
14085, 244.155
14086, 244.165
14087, 244.168
14088, 244.17
14089, 244.178
14090, 244.185
14091, 244.186
14092, 244.19
14093, 244.2
14094, 244.21
14095, 244.21
14096, 244.21
14097, 244.21
14098, 244.211
14099, 244.217
14100, 244.217
14101, 244.219
14102, 244.222
14103, 244.224
14104, 244.232
14105, 244.234
14106, 244.25
14107, 244.261
14108, 244.262
14109, 244.264
14110, 244.269
14111, 244.269
14112, 244.27
14113, 244.28
14114, 244.281
14115, 244.283
14116, 244.294
14117, 244.295
14118, 244.296
14119, 244.304
14120, 244.305
14121, 244.309
14122, 244.311
14123, 244.317
14124, 244.332
14125, 244.335
14126, 244.336
14127, 244.338
14128, 244.343
14129, 244.344
14130, 244.349
14131, 244.35
14132, 244.355
14133, 244.357
14134, 244.36
14135, 244.361
14136, 244.364
14137, 244.366
14138, 244.366
14139, 244.395
14140, 244.397
14141, 244.398
14142, 244.399
14143, 244.399
14144, 244.402
14145, 244.406
14146, 244.41
14147, 244.415
14148, 244.415
14149, 244.421
14150, 244.425
14151, 244.427
14152, 244.43
14153, 244.438
14154, 244.439
14155, 244.44
14156, 244.44
14157, 244.452
14158, 244.465
14159, 244.465
14160, 244.467
14161, 244.47
14162, 244.471
14163, 244.482
14164, 244.489
14165, 244.489
14166, 244.493
14167, 244.502
14168, 244.505
14169, 244.508
14170, 244.509
14171, 244.51
14172, 244.526
14173, 244.534
14174, 244.539
14175, 244.542
14176, 244.553
14177, 244.568
14178, 244.57
14179, 244.572
14180, 244.579
14181, 244.581
14182, 244.582
14183, 244.584
14184, 244.589
14185, 244.59
14186, 244.59
14187, 244.6
14188, 244.6
14189, 244.6
14190, 244.601
14191, 244.611
14192, 244.614
14193, 244.618
14194, 244.621
14195, 244.63
14196, 244.637
14197, 244.641
14198, 244.659
14199, 244.687
14200, 244.69
14201, 244.697
14202, 244.701
14203, 244.702
14204, 244.705
14205, 244.714
14206, 244.719
14207, 244.72
14208, 244.725
14209, 244.732
14210, 244.734
14211, 244.734
14212, 244.75
14213, 244.752
14214, 244.754
14215, 244.756
14216, 244.757
14217, 244.762
14218, 244.763
14219, 244.768
14220, 244.769
14221, 244.773
14222, 244.799
14223, 244.801
14224, 244.811
14225, 244.813
14226, 244.836
14227, 244.842
14228, 244.843
14229, 244.854
14230, 244.857
14231, 244.858
14232, 244.86
14233, 244.866
14234, 244.869
14235, 244.874
14236, 244.882
14237, 244.887
14238, 244.897
14239, 244.898
14240, 244.916
14241, 244.917
14242, 244.921
14243, 244.93
14244, 244.931
14245, 244.948
14246, 244.948
14247, 244.956
14248, 244.96
14249, 244.96
14250, 244.961
14251, 244.964
14252, 244.968
14253, 244.989
14254, 244.991
14255, 244.993
14256, 245.016
14257, 245.02
14258, 245.025
14259, 245.031
14260, 245.034
14261, 245.042
14262, 245.043
14263, 245.044
14264, 245.051
14265, 245.063
14266, 245.065
14267, 245.065
14268, 245.074
14269, 245.075
14270, 245.077
14271, 245.089
14272, 245.094
14273, 245.096
14274, 245.097
14275, 245.1
14276, 245.101
14277, 245.12
14278, 245.126
14279, 245.135
14280, 245.138
14281, 245.144
14282, 245.157
14283, 245.159
14284, 245.16
14285, 245.161
14286, 245.163
14287, 245.169
14288, 245.169
14289, 245.171
14290, 245.178
14291, 245.178
14292, 245.179
14293, 245.181
14294, 245.183
14295, 245.185
14296, 245.186
14297, 245.194
14298, 245.199
14299, 245.199
14300, 245.201
14301, 245.216
14302, 245.222
14303, 245.226
14304, 245.237
14305, 245.238
14306, 245.257
14307, 245.258
14308, 245.26
14309, 245.26
14310, 245.263
14311, 245.265
14312, 245.272
14313, 245.289
14314, 245.292
14315, 245.294
14316, 245.299
14317, 245.301
14318, 245.309
14319, 245.311
14320, 245.323
14321, 245.324
14322, 245.329
14323, 245.341
14324, 245.342
14325, 245.345
14326, 245.346
14327, 245.347
14328, 245.347
14329, 245.348
14330, 245.353
14331, 245.357
14332, 245.359
14333, 245.365
14334, 245.366
14335, 245.367
14336, 245.376
14337, 245.383
14338, 245.387
14339, 245.395
14340, 245.4
14341, 245.403
14342, 245.408
14343, 245.419
14344, 245.422
14345, 245.449
14346, 245.454
14347, 245.46
14348, 245.46
14349, 245.473
14350, 245.484
14351, 245.489
14352, 245.491
14353, 245.492
14354, 245.494
14355, 245.509
14356, 245.511
14357, 245.512
14358, 245.516
14359, 245.525
14360, 245.528
14361, 245.537
14362, 245.546
14363, 245.547
14364, 245.552
14365, 245.554
14366, 245.556
14367, 245.563
14368, 245.577
14369, 245.593
14370, 245.593
14371, 245.599
14372, 245.61
14373, 245.625
14374, 245.629
14375, 245.63
14376, 245.63
14377, 245.631
14378, 245.652
14379, 245.661
14380, 245.661
14381, 245.665
14382, 245.665
14383, 245.673
14384, 245.674
14385, 245.686
14386, 245.692
14387, 245.694
14388, 245.699
14389, 245.701
14390, 245.704
14391, 245.704
14392, 245.72
14393, 245.726
14394, 245.729
14395, 245.733
14396, 245.734
14397, 245.737
14398, 245.748
14399, 245.749
14400, 245.757
14401, 245.763
14402, 245.771
14403, 245.773
14404, 245.774
14405, 245.778
14406, 245.785
14407, 245.793
14408, 245.794
14409, 245.799
14410, 245.8
14411, 245.815
14412, 245.822
14413, 245.825
14414, 245.829
14415, 245.83
14416, 245.847
14417, 245.851
14418, 245.854
14419, 245.86
14420, 245.866
14421, 245.869
14422, 245.874
14423, 245.876
14424, 245.882
14425, 245.891
14426, 245.901
14427, 245.909
14428, 245.91
14429, 245.914
14430, 245.923
14431, 245.929
14432, 245.935
14433, 245.944
14434, 245.945
14435, 245.949
14436, 245.951
14437, 245.957
14438, 245.961
14439, 245.973
14440, 245.973
14441, 245.984
14442, 245.989
14443, 245.992
14444, 245.998
14445, 246.004
14446, 246.005
14447, 246.019
14448, 246.029
14449, 246.035
14450, 246.039
14451, 246.043
14452, 246.06
14453, 246.067
14454, 246.079
14455, 246.086
14456, 246.09
14457, 246.09
14458, 246.117
14459, 246.12
14460, 246.12
14461, 246.122
14462, 246.123
14463, 246.126
14464, 246.128
14465, 246.129
14466, 246.13
14467, 246.141
14468, 246.15
14469, 246.153
14470, 246.158
14471, 246.163
14472, 246.169
14473, 246.178
14474, 246.202
14475, 246.202
14476, 246.214
14477, 246.222
14478, 246.225
14479, 246.23
14480, 246.231
14481, 246.242
14482, 246.249
14483, 246.256
14484, 246.262
14485, 246.263
14486, 246.273
14487, 246.278
14488, 246.286
14489, 246.3
14490, 246.309
14491, 246.327
14492, 246.328
14493, 246.333
14494, 246.335
14495, 246.341
14496, 246.357
14497, 246.362
14498, 246.365
14499, 246.387
14500, 246.388
14501, 246.389
14502, 246.39
14503, 246.393
14504, 246.399
14505, 246.399
14506, 246.403
14507, 246.411
14508, 246.415
14509, 246.416
14510, 246.419
14511, 246.419
14512, 246.42
14513, 246.431
14514, 246.436
14515, 246.437
14516, 246.457
14517, 246.462
14518, 246.465
14519, 246.472
14520, 246.509
14521, 246.515
14522, 246.519
14523, 246.526
14524, 246.531
14525, 246.534
14526, 246.536
14527, 246.537
14528, 246.539
14529, 246.549
14530, 246.551
14531, 246.567
14532, 246.568
14533, 246.57
14534, 246.57
14535, 246.595
14536, 246.597
14537, 246.603
14538, 246.606
14539, 246.611
14540, 246.611
14541, 246.618
14542, 246.618
14543, 246.619
14544, 246.619
14545, 246.63
14546, 246.637
14547, 246.644
14548, 246.645
14549, 246.647
14550, 246.666
14551, 246.668
14552, 246.671
14553, 246.674
14554, 246.693
14555, 246.702
14556, 246.715
14557, 246.717
14558, 246.717
14559, 246.719
14560, 246.723
14561, 246.734
14562, 246.735
14563, 246.736
14564, 246.739
14565, 246.74
14566, 246.751
14567, 246.755
14568, 246.761
14569, 246.769
14570, 246.772
14571, 246.773
14572, 246.774
14573, 246.777
14574, 246.801
14575, 246.803
14576, 246.812
14577, 246.819
14578, 246.823
14579, 246.841
14580, 246.843
14581, 246.843
14582, 246.843
14583, 246.851
14584, 246.859
14585, 246.859
14586, 246.865
14587, 246.867
14588, 246.869
14589, 246.889
14590, 246.898
14591, 246.915
14592, 246.916
14593, 246.923
14594, 246.938
14595, 246.939
14596, 246.94
14597, 246.955
14598, 246.972
14599, 246.981
14600, 246.982
14601, 246.984
14602, 246.985
14603, 246.989
14604, 246.992
14605, 246.993
14606, 247.018
14607, 247.018
14608, 247.02
14609, 247.026
14610, 247.039
14611, 247.04
14612, 247.046
14613, 247.054
14614, 247.059
14615, 247.073
14616, 247.079
14617, 247.082
14618, 247.083
14619, 247.098
14620, 247.109
14621, 247.116
14622, 247.117
14623, 247.117
14624, 247.13
14625, 247.13
14626, 247.139
14627, 247.145
14628, 247.15
14629, 247.166
14630, 247.176
14631, 247.177
14632, 247.178
14633, 247.188
14634, 247.194
14635, 247.194
14636, 247.198
14637, 247.206
14638, 247.222
14639, 247.234
14640, 247.236
14641, 247.239
14642, 247.246
14643, 247.25
14644, 247.263
14645, 247.264
14646, 247.268
14647, 247.27
14648, 247.275
14649, 247.279
14650, 247.279
14651, 247.281
14652, 247.282
14653, 247.286
14654, 247.296
14655, 247.301
14656, 247.313
14657, 247.315
14658, 247.319
14659, 247.32
14660, 247.32
14661, 247.326
14662, 247.329
14663, 247.333
14664, 247.342
14665, 247.347
14666, 247.348
14667, 247.361
14668, 247.366
14669, 247.368
14670, 247.386
14671, 247.4
14672, 247.412
14673, 247.419
14674, 247.426
14675, 247.426
14676, 247.43
14677, 247.437
14678, 247.437
14679, 247.441
14680, 247.446
14681, 247.451
14682, 247.454
14683, 247.454
14684, 247.458
14685, 247.462
14686, 247.463
14687, 247.464
14688, 247.468
14689, 247.468
14690, 247.473
14691, 247.476
14692, 247.484
14693, 247.497
14694, 247.502
14695, 247.515
14696, 247.522
14697, 247.524
14698, 247.53
14699, 247.538
14700, 247.555
14701, 247.561
14702, 247.562
14703, 247.571
14704, 247.579
14705, 247.597
14706, 247.604
14707, 247.604
14708, 247.607
14709, 247.609
14710, 247.61
14711, 247.61
14712, 247.614
14713, 247.617
14714, 247.617
14715, 247.618
14716, 247.619
14717, 247.62
14718, 247.62
14719, 247.622
14720, 247.625
14721, 247.642
14722, 247.647
14723, 247.65
14724, 247.658
14725, 247.679
14726, 247.683
14727, 247.697
14728, 247.698
14729, 247.701
14730, 247.706
14731, 247.71
14732, 247.714
14733, 247.725
14734, 247.728
14735, 247.738
14736, 247.741
14737, 247.741
14738, 247.745
14739, 247.749
14740, 247.754
14741, 247.774
14742, 247.784
14743, 247.789
14744, 247.798
14745, 247.798
14746, 247.814
14747, 247.822
14748, 247.823
14749, 247.825
14750, 247.828
14751, 247.831
14752, 247.831
14753, 247.834
14754, 247.839
14755, 247.85
14756, 247.868
14757, 247.881
14758, 247.887
14759, 247.888
14760, 247.904
14761, 247.911
14762, 247.914
14763, 247.915
14764, 247.92
14765, 247.925
14766, 247.926
14767, 247.937
14768, 247.938
14769, 247.942
14770, 247.948
14771, 247.949
14772, 247.951
14773, 247.952
14774, 247.958
14775, 247.961
14776, 247.969
14777, 247.976
14778, 247.983
14779, 247.99
14780, 247.992
14781, 247.997
14782, 248.005
14783, 248.011
14784, 248.013
14785, 248.021
14786, 248.025
14787, 248.033
14788, 248.046
14789, 248.058
14790, 248.059
14791, 248.063
14792, 248.071
14793, 248.083
14794, 248.103
14795, 248.103
14796, 248.106
14797, 248.111
14798, 248.131
14799, 248.137
14800, 248.144
14801, 248.153
14802, 248.162
14803, 248.164
14804, 248.168
14805, 248.168
14806, 248.17
14807, 248.17
14808, 248.171
14809, 248.171
14810, 248.175
14811, 248.187
14812, 248.203
14813, 248.208
14814, 248.21
14815, 248.211
14816, 248.228
14817, 248.228
14818, 248.233
14819, 248.234
14820, 248.24
14821, 248.249
14822, 248.25
14823, 248.251
14824, 248.256
14825, 248.256
14826, 248.256
14827, 248.262
14828, 248.263
14829, 248.269
14830, 248.27
14831, 248.274
14832, 248.278
14833, 248.279
14834, 248.284
14835, 248.286
14836, 248.288
14837, 248.29
14838, 248.297
14839, 248.301
14840, 248.308
14841, 248.31
14842, 248.312
14843, 248.313
14844, 248.321
14845, 248.323
14846, 248.329
14847, 248.335
14848, 248.336
14849, 248.34
14850, 248.342
14851, 248.35
14852, 248.37
14853, 248.376
14854, 248.381
14855, 248.392
14856, 248.394
14857, 248.401
14858, 248.401
14859, 248.402
14860, 248.402
14861, 248.408
14862, 248.416
14863, 248.423
14864, 248.439
14865, 248.442
14866, 248.443
14867, 248.462
14868, 248.468
14869, 248.471
14870, 248.473
14871, 248.475
14872, 248.482
14873, 248.486
14874, 248.51
14875, 248.51
14876, 248.512
14877, 248.518
14878, 248.522
14879, 248.525
14880, 248.535
14881, 248.537
14882, 248.538
14883, 248.538
14884, 248.539
14885, 248.544
14886, 248.552
14887, 248.572
14888, 248.574
14889, 248.577
14890, 248.577
14891, 248.582
14892, 248.592
14893, 248.597
14894, 248.599
14895, 248.6
14896, 248.602
14897, 248.604
14898, 248.606
14899, 248.618
14900, 248.618
14901, 248.625
14902, 248.631
14903, 248.635
14904, 248.641
14905, 248.644
14906, 248.646
14907, 248.65
14908, 248.651
14909, 248.655
14910, 248.658
14911, 248.661
14912, 248.661
14913, 248.666
14914, 248.667
14915, 248.672
14916, 248.677
14917, 248.677
14918, 248.691
14919, 248.691
14920, 248.693
14921, 248.696
14922, 248.698
14923, 248.727
14924, 248.729
14925, 248.731
14926, 248.732
14927, 248.733
14928, 248.738
14929, 248.751
14930, 248.769
14931, 248.777
14932, 248.777
14933, 248.781
14934, 248.784
14935, 248.784
14936, 248.803
14937, 248.814
14938, 248.821
14939, 248.829
14940, 248.831
14941, 248.832
14942, 248.835
14943, 248.836
14944, 248.846
14945, 248.85
14946, 248.852
14947, 248.855
14948, 248.856
14949, 248.856
14950, 248.866
14951, 248.866
14952, 248.867
14953, 248.868
14954, 248.881
14955, 248.882
14956, 248.882
14957, 248.882
14958, 248.884
14959, 248.888
14960, 248.899
14961, 248.903
14962, 248.917
14963, 248.92
14964, 248.923
14965, 248.928
14966, 248.929
14967, 248.931
14968, 248.934
14969, 248.937
14970, 248.951
14971, 248.951
14972, 248.952
14973, 248.968
14974, 248.968
14975, 248.974
14976, 248.977
14977, 248.981
14978, 248.986
14979, 248.988
14980, 248.996
14981, 248.996
14982, 249.019
14983, 249.023
14984, 249.023
14985, 249.03
14986, 249.032
14987, 249.041
14988, 249.043
14989, 249.044
14990, 249.044
14991, 249.047
14992, 249.05
14993, 249.074
14994, 249.076
14995, 249.102
14996, 249.105
14997, 249.127
14998, 249.134
14999, 249.138
15000, 249.143
15001, 249.169
15002, 249.17
15003, 249.187
15004, 249.19
15005, 249.191
15006, 249.194
15007, 249.204
15008, 249.206
15009, 249.224
15010, 249.226
15011, 249.231
15012, 249.238
15013, 249.242
15014, 249.252
15015, 249.258
15016, 249.259
15017, 249.264
15018, 249.264
15019, 249.265
15020, 249.266
15021, 249.269
15022, 249.277
15023, 249.281
15024, 249.284
15025, 249.307
15026, 249.308
15027, 249.317
15028, 249.326
15029, 249.327
15030, 249.332
15031, 249.332
15032, 249.341
15033, 249.342
15034, 249.342
15035, 249.36
15036, 249.361
15037, 249.363
15038, 249.366
15039, 249.368
15040, 249.383
15041, 249.386
15042, 249.397
15043, 249.399
15044, 249.404
15045, 249.41
15046, 249.412
15047, 249.418
15048, 249.42
15049, 249.427
15050, 249.434
15051, 249.435
15052, 249.437
15053, 249.441
15054, 249.447
15055, 249.452
15056, 249.454
15057, 249.454
15058, 249.462
15059, 249.469
15060, 249.469
15061, 249.472
15062, 249.477
15063, 249.493
15064, 249.494
15065, 249.507
15066, 249.51
15067, 249.526
15068, 249.533
15069, 249.537
15070, 249.547
15071, 249.551
15072, 249.565
15073, 249.565
15074, 249.567
15075, 249.568
15076, 249.57
15077, 249.57
15078, 249.577
15079, 249.584
15080, 249.589
15081, 249.59
15082, 249.602
15083, 249.604
15084, 249.632
15085, 249.635
15086, 249.643
15087, 249.644
15088, 249.649
15089, 249.651
15090, 249.654
15091, 249.658
15092, 249.663
15093, 249.669
15094, 249.676
15095, 249.679
15096, 249.679
15097, 249.682
15098, 249.688
15099, 249.693
15100, 249.714
15101, 249.715
15102, 249.718
15103, 249.72
15104, 249.725
15105, 249.73
15106, 249.741
15107, 249.742
15108, 249.75
15109, 249.769
15110, 249.771
15111, 249.771
15112, 249.778
15113, 249.778
15114, 249.778
15115, 249.786
15116, 249.788
15117, 249.792
15118, 249.795
15119, 249.801
15120, 249.802
15121, 249.803
15122, 249.81
15123, 249.812
15124, 249.828
15125, 249.835
15126, 249.841
15127, 249.842
15128, 249.849
15129, 249.867
15130, 249.868
15131, 249.871
15132, 249.872
15133, 249.876
15134, 249.877
15135, 249.877
15136, 249.878
15137, 249.88
15138, 249.891
15139, 249.906
15140, 249.913
15141, 249.917
15142, 249.922
15143, 249.923
15144, 249.927
15145, 249.929
15146, 249.931
15147, 249.933
15148, 249.936
15149, 249.937
15150, 249.942
15151, 249.948
15152, 249.969
15153, 249.991
15154, 249.995
15155, 249.996
15156, 249.998
15157, 249.999
15158, 250.009
15159, 250.017
15160, 250.02
15161, 250.024
15162, 250.028
15163, 250.031
15164, 250.036
15165, 250.042
15166, 250.042
15167, 250.047
15168, 250.049
15169, 250.056
15170, 250.063
15171, 250.064
15172, 250.068
15173, 250.087
15174, 250.089
15175, 250.104
15176, 250.104
15177, 250.119
15178, 250.119
15179, 250.121
15180, 250.131
15181, 250.131
15182, 250.132
15183, 250.137
15184, 250.142
15185, 250.157
15186, 250.16
15187, 250.163
15188, 250.167
15189, 250.168
15190, 250.182
15191, 250.185
15192, 250.192
15193, 250.196
15194, 250.196
15195, 250.201
15196, 250.204
15197, 250.219
15198, 250.22
15199, 250.223
15200, 250.223
15201, 250.231
15202, 250.234
15203, 250.242
15204, 250.243
15205, 250.248
15206, 250.251
15207, 250.251
15208, 250.256
15209, 250.261
15210, 250.261
15211, 250.266
15212, 250.267
15213, 250.274
15214, 250.288
15215, 250.29
15216, 250.303
15217, 250.323
15218, 250.327
15219, 250.332
15220, 250.333
15221, 250.334
15222, 250.336
15223, 250.34
15224, 250.343
15225, 250.347
15226, 250.348
15227, 250.349
15228, 250.354
15229, 250.358
15230, 250.361
15231, 250.367
15232, 250.371
15233, 250.373
15234, 250.374
15235, 250.38
15236, 250.387
15237, 250.388
15238, 250.39
15239, 250.394
15240, 250.412
15241, 250.414
15242, 250.416
15243, 250.425
15244, 250.427
15245, 250.437
15246, 250.452
15247, 250.455
15248, 250.46
15249, 250.463
15250, 250.481
15251, 250.488
15252, 250.489
15253, 250.497
15254, 250.5
15255, 250.507
15256, 250.513
15257, 250.521
15258, 250.523
15259, 250.533
15260, 250.535
15261, 250.537
15262, 250.54
15263, 250.54
15264, 250.541
15265, 250.544
15266, 250.548
15267, 250.553
15268, 250.56
15269, 250.563
15270, 250.567
15271, 250.586
15272, 250.599
15273, 250.599
15274, 250.612
15275, 250.612
15276, 250.617
15277, 250.622
15278, 250.625
15279, 250.629
15280, 250.635
15281, 250.638
15282, 250.649
15283, 250.66
15284, 250.661
15285, 250.669
15286, 250.672
15287, 250.68
15288, 250.688
15289, 250.702
15290, 250.705
15291, 250.712
15292, 250.714
15293, 250.719
15294, 250.725
15295, 250.728
15296, 250.729
15297, 250.743
15298, 250.745
15299, 250.746
15300, 250.756
15301, 250.758
15302, 250.764
15303, 250.77
15304, 250.783
15305, 250.789
15306, 250.802
15307, 250.815
15308, 250.819
15309, 250.82
15310, 250.825
15311, 250.829
15312, 250.839
15313, 250.84
15314, 250.843
15315, 250.844
15316, 250.847
15317, 250.849
15318, 250.853
15319, 250.857
15320, 250.86
15321, 250.862
15322, 250.862
15323, 250.867
15324, 250.87
15325, 250.872
15326, 250.879
15327, 250.887
15328, 250.888
15329, 250.898
15330, 250.9
15331, 250.905
15332, 250.92
15333, 250.927
15334, 250.93
15335, 250.94
15336, 250.946
15337, 250.947
15338, 250.957
15339, 250.965
15340, 250.966
15341, 250.969
15342, 250.973
15343, 250.979
15344, 250.982
15345, 250.997
15346, 251.004
15347, 251.006
15348, 251.007
15349, 251.011
15350, 251.017
15351, 251.02
15352, 251.035
15353, 251.035
15354, 251.045
15355, 251.047
15356, 251.049
15357, 251.057
15358, 251.058
15359, 251.062
15360, 251.063
15361, 251.066
15362, 251.071
15363, 251.073
15364, 251.083
15365, 251.086
15366, 251.099
15367, 251.104
15368, 251.106
15369, 251.107
15370, 251.12
15371, 251.142
15372, 251.146
15373, 251.157
15374, 251.16
15375, 251.163
15376, 251.174
15377, 251.186
15378, 251.19
15379, 251.191
15380, 251.192
15381, 251.198
15382, 251.201
15383, 251.206
15384, 251.206
15385, 251.209
15386, 251.215
15387, 251.234
15388, 251.235
15389, 251.239
15390, 251.239
15391, 251.242
15392, 251.258
15393, 251.263
15394, 251.265
15395, 251.267
15396, 251.27
15397, 251.283
15398, 251.285
15399, 251.3
15400, 251.304
15401, 251.321
15402, 251.334
15403, 251.343
15404, 251.349
15405, 251.354
15406, 251.369
15407, 251.369
15408, 251.373
15409, 251.376
15410, 251.377
15411, 251.381
15412, 251.395
15413, 251.398
15414, 251.398
15415, 251.401
15416, 251.405
15417, 251.406
15418, 251.41
15419, 251.411
15420, 251.425
15421, 251.439
15422, 251.44
15423, 251.456
15424, 251.458
15425, 251.466
15426, 251.477
15427, 251.481
15428, 251.492
15429, 251.496
15430, 251.509
15431, 251.513
15432, 251.516
15433, 251.521
15434, 251.529
15435, 251.53
15436, 251.543
15437, 251.569
15438, 251.569
15439, 251.573
15440, 251.578
15441, 251.588
15442, 251.59
15443, 251.59
15444, 251.597
15445, 251.598
15446, 251.599
15447, 251.604
15448, 251.607
15449, 251.616
15450, 251.62
15451, 251.622
15452, 251.639
15453, 251.641
15454, 251.651
15455, 251.653
15456, 251.661
15457, 251.669
15458, 251.671
15459, 251.672
15460, 251.688
15461, 251.698
15462, 251.702
15463, 251.703
15464, 251.706
15465, 251.706
15466, 251.709
15467, 251.712
15468, 251.721
15469, 251.741
15470, 251.744
15471, 251.751
15472, 251.751
15473, 251.802
15474, 251.806
15475, 251.808
15476, 251.826
15477, 251.827
15478, 251.838
15479, 251.855
15480, 251.861
15481, 251.861
15482, 251.864
15483, 251.867
15484, 251.884
15485, 251.886
15486, 251.888
15487, 251.888
15488, 251.896
15489, 251.897
15490, 251.906
15491, 251.907
15492, 251.921
15493, 251.927
15494, 251.937
15495, 251.947
15496, 251.95
15497, 251.951
15498, 251.954
15499, 251.954
15500, 251.961
15501, 251.969
15502, 251.974
15503, 251.976
15504, 251.991
15505, 252.002
15506, 252.009
15507, 252.015
15508, 252.018
15509, 252.04
15510, 252.053
15511, 252.07
15512, 252.075
15513, 252.121
15514, 252.131
15515, 252.136
15516, 252.138
15517, 252.153
15518, 252.159
15519, 252.172
15520, 252.195
15521, 252.198
15522, 252.213
15523, 252.217
15524, 252.22
15525, 252.225
15526, 252.228
15527, 252.232
15528, 252.232
15529, 252.236
15530, 252.245
15531, 252.25
15532, 252.269
15533, 252.27
15534, 252.274
15535, 252.276
15536, 252.28
15537, 252.283
15538, 252.285
15539, 252.286
15540, 252.286
15541, 252.287
15542, 252.288
15543, 252.295
15544, 252.296
15545, 252.306
15546, 252.312
15547, 252.329
15548, 252.33
15549, 252.336
15550, 252.346
15551, 252.355
15552, 252.355
15553, 252.358
15554, 252.365
15555, 252.365
15556, 252.371
15557, 252.373
15558, 252.38
15559, 252.381
15560, 252.392
15561, 252.406
15562, 252.408
15563, 252.411
15564, 252.412
15565, 252.413
15566, 252.421
15567, 252.425
15568, 252.426
15569, 252.427
15570, 252.427
15571, 252.429
15572, 252.433
15573, 252.439
15574, 252.444
15575, 252.445
15576, 252.449
15577, 252.456
15578, 252.458
15579, 252.459
15580, 252.461
15581, 252.461
15582, 252.466
15583, 252.472
15584, 252.476
15585, 252.5
15586, 252.503
15587, 252.509
15588, 252.513
15589, 252.517
15590, 252.518
15591, 252.529
15592, 252.531
15593, 252.533
15594, 252.541
15595, 252.544
15596, 252.546
15597, 252.567
15598, 252.572
15599, 252.583
15600, 252.586
15601, 252.601
15602, 252.601
15603, 252.616
15604, 252.617
15605, 252.627
15606, 252.627
15607, 252.634
15608, 252.643
15609, 252.647
15610, 252.652
15611, 252.658
15612, 252.66
15613, 252.661
15614, 252.682
15615, 252.683
15616, 252.687
15617, 252.689
15618, 252.691
15619, 252.693
15620, 252.7
15621, 252.7
15622, 252.701
15623, 252.714
15624, 252.723
15625, 252.726
15626, 252.741
15627, 252.749
15628, 252.756
15629, 252.775
15630, 252.791
15631, 252.795
15632, 252.806
15633, 252.807
15634, 252.815
15635, 252.817
15636, 252.817
15637, 252.819
15638, 252.831
15639, 252.834
15640, 252.837
15641, 252.843
15642, 252.848
15643, 252.852
15644, 252.854
15645, 252.857
15646, 252.863
15647, 252.886
15648, 252.904
15649, 252.915
15650, 252.955
15651, 252.958
15652, 252.977
15653, 252.981
15654, 252.986
15655, 252.992
15656, 252.998
15657, 253.001
15658, 253.01
15659, 253.01
15660, 253.01
15661, 253.011
15662, 253.015
15663, 253.028
15664, 253.028
15665, 253.041
15666, 253.042
15667, 253.049
15668, 253.054
15669, 253.055
15670, 253.059
15671, 253.062
15672, 253.07
15673, 253.078
15674, 253.078
15675, 253.086
15676, 253.1
15677, 253.114
15678, 253.126
15679, 253.135
15680, 253.136
15681, 253.139
15682, 253.143
15683, 253.15
15684, 253.152
15685, 253.154
15686, 253.161
15687, 253.178
15688, 253.181
15689, 253.181
15690, 253.182
15691, 253.184
15692, 253.186
15693, 253.194
15694, 253.2
15695, 253.202
15696, 253.232
15697, 253.234
15698, 253.236
15699, 253.237
15700, 253.246
15701, 253.247
15702, 253.247
15703, 253.25
15704, 253.275
15705, 253.276
15706, 253.306
15707, 253.315
15708, 253.315
15709, 253.322
15710, 253.323
15711, 253.325
15712, 253.329
15713, 253.329
15714, 253.332
15715, 253.349
15716, 253.351
15717, 253.36
15718, 253.374
15719, 253.378
15720, 253.384
15721, 253.396
15722, 253.407
15723, 253.408
15724, 253.409
15725, 253.41
15726, 253.423
15727, 253.426
15728, 253.432
15729, 253.437
15730, 253.438
15731, 253.443
15732, 253.447
15733, 253.454
15734, 253.454
15735, 253.459
15736, 253.46
15737, 253.461
15738, 253.47
15739, 253.474
15740, 253.474
15741, 253.477
15742, 253.479
15743, 253.482
15744, 253.485
15745, 253.498
15746, 253.515
15747, 253.519
15748, 253.519
15749, 253.522
15750, 253.525
15751, 253.535
15752, 253.536
15753, 253.536
15754, 253.545
15755, 253.56
15756, 253.572
15757, 253.577
15758, 253.578
15759, 253.581
15760, 253.588
15761, 253.595
15762, 253.603
15763, 253.605
15764, 253.607
15765, 253.611
15766, 253.612
15767, 253.618
15768, 253.62
15769, 253.623
15770, 253.625
15771, 253.625
15772, 253.629
15773, 253.632
15774, 253.633
15775, 253.634
15776, 253.636
15777, 253.641
15778, 253.642
15779, 253.647
15780, 253.659
15781, 253.672
15782, 253.673
15783, 253.678
15784, 253.687
15785, 253.689
15786, 253.694
15787, 253.695
15788, 253.701
15789, 253.703
15790, 253.73
15791, 253.739
15792, 253.74
15793, 253.747
15794, 253.759
15795, 253.765
15796, 253.773
15797, 253.777
15798, 253.795
15799, 253.795
15800, 253.806
15801, 253.808
15802, 253.814
15803, 253.825
15804, 253.827
15805, 253.859
15806, 253.871
15807, 253.871
15808, 253.872
15809, 253.877
15810, 253.88
15811, 253.895
15812, 253.895
15813, 253.903
15814, 253.909
15815, 253.912
15816, 253.918
15817, 253.936
15818, 253.937
15819, 253.963
15820, 253.971
15821, 253.985
15822, 253.986
15823, 253.986
15824, 253.991
15825, 253.992
15826, 254
15827, 254.004
15828, 254.005
15829, 254.013
15830, 254.014
15831, 254.015
15832, 254.019
15833, 254.022
15834, 254.024
15835, 254.034
15836, 254.037
15837, 254.04
15838, 254.043
15839, 254.049
15840, 254.052
15841, 254.059
15842, 254.063
15843, 254.084
15844, 254.085
15845, 254.087
15846, 254.11
15847, 254.121
15848, 254.125
15849, 254.137
15850, 254.147
15851, 254.151
15852, 254.155
15853, 254.175
15854, 254.185
15855, 254.185
15856, 254.192
15857, 254.21
15858, 254.21
15859, 254.22
15860, 254.223
15861, 254.224
15862, 254.225
15863, 254.235
15864, 254.238
15865, 254.251
15866, 254.253
15867, 254.257
15868, 254.257
15869, 254.26
15870, 254.272
15871, 254.277
15872, 254.28
15873, 254.284
15874, 254.292
15875, 254.296
15876, 254.308
15877, 254.311
15878, 254.315
15879, 254.319
15880, 254.323
15881, 254.333
15882, 254.334
15883, 254.339
15884, 254.341
15885, 254.341
15886, 254.343
15887, 254.343
15888, 254.344
15889, 254.345
15890, 254.352
15891, 254.352
15892, 254.358
15893, 254.364
15894, 254.367
15895, 254.375
15896, 254.381
15897, 254.386
15898, 254.387
15899, 254.388
15900, 254.399
15901, 254.4
15902, 254.425
15903, 254.431
15904, 254.433
15905, 254.437
15906, 254.441
15907, 254.452
15908, 254.464
15909, 254.465
15910, 254.468
15911, 254.474
15912, 254.498
15913, 254.512
15914, 254.514
15915, 254.54
15916, 254.542
15917, 254.543
15918, 254.558
15919, 254.568
15920, 254.568
15921, 254.569
15922, 254.572
15923, 254.573
15924, 254.595
15925, 254.596
15926, 254.597
15927, 254.598
15928, 254.61
15929, 254.61
15930, 254.638
15931, 254.639
15932, 254.645
15933, 254.65
15934, 254.651
15935, 254.653
15936, 254.661
15937, 254.666
15938, 254.667
15939, 254.67
15940, 254.674
15941, 254.679
15942, 254.684
15943, 254.685
15944, 254.693
15945, 254.696
15946, 254.698
15947, 254.711
15948, 254.712
15949, 254.72
15950, 254.721
15951, 254.725
15952, 254.732
15953, 254.732
15954, 254.78
15955, 254.781
15956, 254.784
15957, 254.79
15958, 254.791
15959, 254.794
15960, 254.799
15961, 254.799
15962, 254.799
15963, 254.804
15964, 254.805
15965, 254.806
15966, 254.812
15967, 254.822
15968, 254.855
15969, 254.862
15970, 254.867
15971, 254.875
15972, 254.887
15973, 254.891
15974, 254.903
15975, 254.904
15976, 254.905
15977, 254.907
15978, 254.907
15979, 254.909
15980, 254.91
15981, 254.914
15982, 254.918
15983, 254.922
15984, 254.926
15985, 254.928
15986, 254.929
15987, 254.933
15988, 254.937
15989, 254.967
15990, 254.976
15991, 255.004
15992, 255.011
15993, 255.017
15994, 255.034
15995, 255.043
15996, 255.045
15997, 255.048
15998, 255.055
15999, 255.055
16000, 255.069
16001, 255.07
16002, 255.073
16003, 255.076
16004, 255.084
16005, 255.087
16006, 255.092
16007, 255.096
16008, 255.105
16009, 255.113
16010, 255.119
16011, 255.124
16012, 255.147
16013, 255.15
16014, 255.154
16015, 255.156
16016, 255.167
16017, 255.173
16018, 255.174
16019, 255.209
16020, 255.214
16021, 255.223
16022, 255.228
16023, 255.231
16024, 255.239
16025, 255.249
16026, 255.255
16027, 255.263
16028, 255.277
16029, 255.282
16030, 255.284
16031, 255.287
16032, 255.294
16033, 255.304
16034, 255.304
16035, 255.314
16036, 255.314
16037, 255.318
16038, 255.325
16039, 255.326
16040, 255.332
16041, 255.337
16042, 255.35
16043, 255.351
16044, 255.351
16045, 255.352
16046, 255.354
16047, 255.357
16048, 255.361
16049, 255.363
16050, 255.368
16051, 255.383
16052, 255.404
16053, 255.405
16054, 255.406
16055, 255.409
16056, 255.41
16057, 255.413
16058, 255.42
16059, 255.43
16060, 255.445
16061, 255.445
16062, 255.446
16063, 255.45
16064, 255.455
16065, 255.456
16066, 255.46
16067, 255.468
16068, 255.477
16069, 255.477
16070, 255.48
16071, 255.494
16072, 255.499
16073, 255.509
16074, 255.517
16075, 255.517
16076, 255.528
16077, 255.532
16078, 255.536
16079, 255.543
16080, 255.547
16081, 255.556
16082, 255.556
16083, 255.563
16084, 255.564
16085, 255.565
16086, 255.566
16087, 255.567
16088, 255.569
16089, 255.571
16090, 255.574
16091, 255.577
16092, 255.579
16093, 255.58
16094, 255.588
16095, 255.604
16096, 255.622
16097, 255.627
16098, 255.628
16099, 255.629
16100, 255.63
16101, 255.631
16102, 255.635
16103, 255.637
16104, 255.65
16105, 255.651
16106, 255.658
16107, 255.676
16108, 255.683
16109, 255.694
16110, 255.702
16111, 255.732
16112, 255.732
16113, 255.733
16114, 255.734
16115, 255.736
16116, 255.738
16117, 255.739
16118, 255.739
16119, 255.744
16120, 255.745
16121, 255.747
16122, 255.784
16123, 255.784
16124, 255.785
16125, 255.799
16126, 255.803
16127, 255.805
16128, 255.815
16129, 255.825
16130, 255.829
16131, 255.831
16132, 255.832
16133, 255.835
16134, 255.837
16135, 255.838
16136, 255.84
16137, 255.848
16138, 255.853
16139, 255.854
16140, 255.854
16141, 255.865
16142, 255.88
16143, 255.883
16144, 255.886
16145, 255.892
16146, 255.895
16147, 255.897
16148, 255.919
16149, 255.922
16150, 255.923
16151, 255.932
16152, 255.938
16153, 255.938
16154, 255.945
16155, 255.946
16156, 255.951
16157, 255.958
16158, 255.969
16159, 255.972
16160, 255.974
16161, 255.976
16162, 255.981
16163, 256
16164, 256.014
16165, 256.029
16166, 256.034
16167, 256.058
16168, 256.073
16169, 256.074
16170, 256.08
16171, 256.089
16172, 256.095
16173, 256.096
16174, 256.107
16175, 256.108
16176, 256.111
16177, 256.112
16178, 256.114
16179, 256.114
16180, 256.116
16181, 256.12
16182, 256.126
16183, 256.137
16184, 256.14
16185, 256.147
16186, 256.151
16187, 256.157
16188, 256.171
16189, 256.177
16190, 256.186
16191, 256.198
16192, 256.199
16193, 256.204
16194, 256.204
16195, 256.221
16196, 256.222
16197, 256.243
16198, 256.25
16199, 256.264
16200, 256.284
16201, 256.304
16202, 256.311
16203, 256.313
16204, 256.314
16205, 256.318
16206, 256.319
16207, 256.321
16208, 256.336
16209, 256.338
16210, 256.347
16211, 256.348
16212, 256.348
16213, 256.356
16214, 256.359
16215, 256.362
16216, 256.38
16217, 256.382
16218, 256.402
16219, 256.418
16220, 256.42
16221, 256.422
16222, 256.424
16223, 256.435
16224, 256.439
16225, 256.444
16226, 256.445
16227, 256.448
16228, 256.455
16229, 256.466
16230, 256.469
16231, 256.472
16232, 256.476
16233, 256.482
16234, 256.482
16235, 256.483
16236, 256.494
16237, 256.502
16238, 256.502
16239, 256.508
16240, 256.511
16241, 256.512
16242, 256.52
16243, 256.522
16244, 256.524
16245, 256.536
16246, 256.538
16247, 256.544
16248, 256.544
16249, 256.548
16250, 256.549
16251, 256.553
16252, 256.553
16253, 256.556
16254, 256.56
16255, 256.57
16256, 256.577
16257, 256.585
16258, 256.598
16259, 256.6
16260, 256.613
16261, 256.62
16262, 256.626
16263, 256.627
16264, 256.628
16265, 256.632
16266, 256.641
16267, 256.641
16268, 256.658
16269, 256.664
16270, 256.667
16271, 256.678
16272, 256.681
16273, 256.682
16274, 256.697
16275, 256.707
16276, 256.714
16277, 256.723
16278, 256.733
16279, 256.75
16280, 256.75
16281, 256.756
16282, 256.765
16283, 256.766
16284, 256.766
16285, 256.779
16286, 256.786
16287, 256.787
16288, 256.79
16289, 256.79
16290, 256.792
16291, 256.799
16292, 256.801
16293, 256.81
16294, 256.813
16295, 256.813
16296, 256.819
16297, 256.82
16298, 256.823
16299, 256.824
16300, 256.825
16301, 256.828
16302, 256.828
16303, 256.831
16304, 256.832
16305, 256.832
16306, 256.841
16307, 256.844
16308, 256.847
16309, 256.848
16310, 256.865
16311, 256.87
16312, 256.874
16313, 256.877
16314, 256.878
16315, 256.88
16316, 256.891
16317, 256.9
16318, 256.904
16319, 256.904
16320, 256.914
16321, 256.915
16322, 256.922
16323, 256.922
16324, 256.926
16325, 256.928
16326, 256.932
16327, 256.935
16328, 256.948
16329, 256.96
16330, 256.968
16331, 256.974
16332, 256.99
16333, 256.991
16334, 257.007
16335, 257.024
16336, 257.034
16337, 257.038
16338, 257.044
16339, 257.05
16340, 257.053
16341, 257.062
16342, 257.068
16343, 257.068
16344, 257.075
16345, 257.112
16346, 257.118
16347, 257.121
16348, 257.122
16349, 257.129
16350, 257.138
16351, 257.151
16352, 257.157
16353, 257.17
16354, 257.172
16355, 257.176
16356, 257.182
16357, 257.192
16358, 257.21
16359, 257.211
16360, 257.227
16361, 257.238
16362, 257.251
16363, 257.271
16364, 257.275
16365, 257.276
16366, 257.29
16367, 257.294
16368, 257.295
16369, 257.299
16370, 257.3
16371, 257.303
16372, 257.304
16373, 257.304
16374, 257.304
16375, 257.308
16376, 257.318
16377, 257.319
16378, 257.322
16379, 257.324
16380, 257.332
16381, 257.336
16382, 257.343
16383, 257.345
16384, 257.346
16385, 257.356
16386, 257.369
16387, 257.369
16388, 257.376
16389, 257.377
16390, 257.39
16391, 257.394
16392, 257.401
16393, 257.402
16394, 257.409
16395, 257.41
16396, 257.411
16397, 257.412
16398, 257.413
16399, 257.413
16400, 257.414
16401, 257.416
16402, 257.417
16403, 257.419
16404, 257.423
16405, 257.424
16406, 257.439
16407, 257.449
16408, 257.453
16409, 257.453
16410, 257.456
16411, 257.462
16412, 257.464
16413, 257.467
16414, 257.468
16415, 257.473
16416, 257.474
16417, 257.476
16418, 257.479
16419, 257.485
16420, 257.492
16421, 257.5
16422, 257.502
16423, 257.533
16424, 257.533
16425, 257.541
16426, 257.555
16427, 257.557
16428, 257.565
16429, 257.573
16430, 257.576
16431, 257.58
16432, 257.584
16433, 257.589
16434, 257.598
16435, 257.606
16436, 257.606
16437, 257.619
16438, 257.632
16439, 257.634
16440, 257.643
16441, 257.649
16442, 257.66
16443, 257.661
16444, 257.665
16445, 257.666
16446, 257.667
16447, 257.687
16448, 257.69
16449, 257.691
16450, 257.693
16451, 257.722
16452, 257.728
16453, 257.735
16454, 257.738
16455, 257.741
16456, 257.741
16457, 257.742
16458, 257.746
16459, 257.752
16460, 257.753
16461, 257.759
16462, 257.761
16463, 257.763
16464, 257.764
16465, 257.766
16466, 257.771
16467, 257.801
16468, 257.805
16469, 257.823
16470, 257.825
16471, 257.827
16472, 257.832
16473, 257.832
16474, 257.838
16475, 257.843
16476, 257.844
16477, 257.846
16478, 257.852
16479, 257.853
16480, 257.861
16481, 257.865
16482, 257.874
16483, 257.874
16484, 257.875
16485, 257.877
16486, 257.88
16487, 257.884
16488, 257.888
16489, 257.901
16490, 257.92
16491, 257.923
16492, 257.924
16493, 257.932
16494, 257.935
16495, 257.942
16496, 257.943
16497, 257.947
16498, 257.947
16499, 257.949
16500, 257.952
16501, 257.963
16502, 257.967
16503, 257.969
16504, 257.969
16505, 257.983
16506, 258.015
16507, 258.015
16508, 258.019
16509, 258.025
16510, 258.028
16511, 258.03
16512, 258.034
16513, 258.038
16514, 258.04
16515, 258.04
16516, 258.049
16517, 258.051
16518, 258.055
16519, 258.059
16520, 258.073
16521, 258.078
16522, 258.087
16523, 258.092
16524, 258.102
16525, 258.103
16526, 258.105
16527, 258.106
16528, 258.113
16529, 258.122
16530, 258.132
16531, 258.133
16532, 258.143
16533, 258.145
16534, 258.172
16535, 258.173
16536, 258.177
16537, 258.181
16538, 258.189
16539, 258.194
16540, 258.197
16541, 258.199
16542, 258.215
16543, 258.223
16544, 258.23
16545, 258.235
16546, 258.247
16547, 258.249
16548, 258.254
16549, 258.263
16550, 258.263
16551, 258.267
16552, 258.273
16553, 258.289
16554, 258.311
16555, 258.312
16556, 258.32
16557, 258.32
16558, 258.344
16559, 258.346
16560, 258.346
16561, 258.358
16562, 258.359
16563, 258.363
16564, 258.367
16565, 258.378
16566, 258.391
16567, 258.398
16568, 258.4
16569, 258.4
16570, 258.407
16571, 258.42
16572, 258.421
16573, 258.423
16574, 258.437
16575, 258.44
16576, 258.448
16577, 258.45
16578, 258.45
16579, 258.454
16580, 258.457
16581, 258.461
16582, 258.468
16583, 258.483
16584, 258.483
16585, 258.496
16586, 258.505
16587, 258.507
16588, 258.507
16589, 258.512
16590, 258.521
16591, 258.523
16592, 258.535
16593, 258.547
16594, 258.554
16595, 258.556
16596, 258.559
16597, 258.56
16598, 258.56
16599, 258.562
16600, 258.568
16601, 258.571
16602, 258.574
16603, 258.578
16604, 258.578
16605, 258.594
16606, 258.6
16607, 258.607
16608, 258.629
16609, 258.639
16610, 258.644
16611, 258.65
16612, 258.65
16613, 258.65
16614, 258.653
16615, 258.663
16616, 258.667
16617, 258.668
16618, 258.677
16619, 258.681
16620, 258.689
16621, 258.69
16622, 258.701
16623, 258.703
16624, 258.706
16625, 258.712
16626, 258.713
16627, 258.719
16628, 258.722
16629, 258.736
16630, 258.739
16631, 258.74
16632, 258.744
16633, 258.753
16634, 258.759
16635, 258.769
16636, 258.772
16637, 258.776
16638, 258.779
16639, 258.78
16640, 258.782
16641, 258.79
16642, 258.793
16643, 258.793
16644, 258.795
16645, 258.796
16646, 258.798
16647, 258.802
16648, 258.802
16649, 258.807
16650, 258.808
16651, 258.809
16652, 258.816
16653, 258.826
16654, 258.836
16655, 258.838
16656, 258.839
16657, 258.857
16658, 258.865
16659, 258.87
16660, 258.882
16661, 258.887
16662, 258.903
16663, 258.904
16664, 258.907
16665, 258.919
16666, 258.923
16667, 258.931
16668, 258.932
16669, 258.939
16670, 258.967
16671, 258.986
16672, 258.988
16673, 258.996
16674, 258.998
16675, 259.01
16676, 259.01
16677, 259.013
16678, 259.026
16679, 259.033
16680, 259.041
16681, 259.054
16682, 259.059
16683, 259.06
16684, 259.07
16685, 259.07
16686, 259.076
16687, 259.077
16688, 259.083
16689, 259.086
16690, 259.095
16691, 259.1
16692, 259.101
16693, 259.103
16694, 259.107
16695, 259.111
16696, 259.113
16697, 259.125
16698, 259.128
16699, 259.135
16700, 259.139
16701, 259.139
16702, 259.144
16703, 259.144
16704, 259.147
16705, 259.157
16706, 259.16
16707, 259.178
16708, 259.179
16709, 259.188
16710, 259.193
16711, 259.194
16712, 259.196
16713, 259.207
16714, 259.218
16715, 259.219
16716, 259.222
16717, 259.224
16718, 259.238
16719, 259.246
16720, 259.259
16721, 259.259
16722, 259.29
16723, 259.295
16724, 259.297
16725, 259.31
16726, 259.31
16727, 259.323
16728, 259.323
16729, 259.324
16730, 259.329
16731, 259.329
16732, 259.329
16733, 259.336
16734, 259.337
16735, 259.339
16736, 259.34
16737, 259.341
16738, 259.357
16739, 259.359
16740, 259.36
16741, 259.368
16742, 259.372
16743, 259.372
16744, 259.376
16745, 259.376
16746, 259.378
16747, 259.379
16748, 259.381
16749, 259.386
16750, 259.388
16751, 259.416
16752, 259.44
16753, 259.441
16754, 259.45
16755, 259.468
16756, 259.469
16757, 259.469
16758, 259.47
16759, 259.492
16760, 259.5
16761, 259.504
16762, 259.504
16763, 259.506
16764, 259.508
16765, 259.514
16766, 259.524
16767, 259.537
16768, 259.538
16769, 259.545
16770, 259.547
16771, 259.556
16772, 259.558
16773, 259.568
16774, 259.607
16775, 259.611
16776, 259.614
16777, 259.614
16778, 259.622
16779, 259.627
16780, 259.64
16781, 259.646
16782, 259.65
16783, 259.665
16784, 259.672
16785, 259.682
16786, 259.682
16787, 259.686
16788, 259.707
16789, 259.708
16790, 259.719
16791, 259.72
16792, 259.722
16793, 259.732
16794, 259.74
16795, 259.748
16796, 259.753
16797, 259.755
16798, 259.758
16799, 259.761
16800, 259.762
16801, 259.763
16802, 259.763
16803, 259.765
16804, 259.78
16805, 259.785
16806, 259.786
16807, 259.789
16808, 259.799
16809, 259.818
16810, 259.821
16811, 259.835
16812, 259.858
16813, 259.859
16814, 259.877
16815, 259.888
16816, 259.899
16817, 259.9
16818, 259.903
16819, 259.904
16820, 259.912
16821, 259.923
16822, 259.927
16823, 259.928
16824, 259.947
16825, 259.948
16826, 259.958
16827, 259.985
16828, 259.997
16829, 260.003
16830, 260.005
16831, 260.007
16832, 260.03
16833, 260.031
16834, 260.035
16835, 260.037
16836, 260.05
16837, 260.062
16838, 260.067
16839, 260.068
16840, 260.073
16841, 260.077
16842, 260.084
16843, 260.105
16844, 260.106
16845, 260.11
16846, 260.117
16847, 260.118
16848, 260.13
16849, 260.136
16850, 260.141
16851, 260.142
16852, 260.161
16853, 260.167
16854, 260.17
16855, 260.176
16856, 260.176
16857, 260.183
16858, 260.186
16859, 260.196
16860, 260.208
16861, 260.21
16862, 260.218
16863, 260.221
16864, 260.23
16865, 260.231
16866, 260.256
16867, 260.26
16868, 260.261
16869, 260.271
16870, 260.277
16871, 260.278
16872, 260.295
16873, 260.307
16874, 260.327
16875, 260.329
16876, 260.332
16877, 260.338
16878, 260.347
16879, 260.35
16880, 260.366
16881, 260.373
16882, 260.376
16883, 260.383
16884, 260.385
16885, 260.39
16886, 260.395
16887, 260.402
16888, 260.406
16889, 260.411
16890, 260.424
16891, 260.427
16892, 260.427
16893, 260.434
16894, 260.449
16895, 260.451
16896, 260.456
16897, 260.459
16898, 260.495
16899, 260.496
16900, 260.498
16901, 260.5
16902, 260.503
16903, 260.509
16904, 260.51
16905, 260.511
16906, 260.54
16907, 260.549
16908, 260.549
16909, 260.568
16910, 260.582
16911, 260.591
16912, 260.593
16913, 260.597
16914, 260.611
16915, 260.621
16916, 260.624
16917, 260.625
16918, 260.628
16919, 260.661
16920, 260.662
16921, 260.668
16922, 260.682
16923, 260.69
16924, 260.697
16925, 260.705
16926, 260.715
16927, 260.718
16928, 260.719
16929, 260.725
16930, 260.726
16931, 260.73
16932, 260.731
16933, 260.743
16934, 260.75
16935, 260.752
16936, 260.755
16937, 260.768
16938, 260.776
16939, 260.796
16940, 260.799
16941, 260.8
16942, 260.818
16943, 260.829
16944, 260.832
16945, 260.837
16946, 260.842
16947, 260.85
16948, 260.854
16949, 260.855
16950, 260.863
16951, 260.864
16952, 260.866
16953, 260.869
16954, 260.879
16955, 260.882
16956, 260.899
16957, 260.903
16958, 260.903
16959, 260.917
16960, 260.918
16961, 260.922
16962, 260.923
16963, 260.924
16964, 260.933
16965, 260.934
16966, 260.936
16967, 260.953
16968, 260.953
16969, 260.954
16970, 260.96
16971, 260.962
16972, 260.966
16973, 260.969
16974, 260.972
16975, 260.979
16976, 260.994
16977, 260.995
16978, 261.006
16979, 261.017
16980, 261.022
16981, 261.023
16982, 261.025
16983, 261.028
16984, 261.036
16985, 261.045
16986, 261.046
16987, 261.048
16988, 261.051
16989, 261.058
16990, 261.067
16991, 261.084
16992, 261.09
16993, 261.1
16994, 261.1
16995, 261.113
16996, 261.126
16997, 261.131
16998, 261.136
16999, 261.137
17000, 261.137
17001, 261.156
17002, 261.171
17003, 261.18
17004, 261.18
17005, 261.18
17006, 261.181
17007, 261.182
17008, 261.193
17009, 261.197
17010, 261.198
17011, 261.22
17012, 261.22
17013, 261.221
17014, 261.225
17015, 261.23
17016, 261.239
17017, 261.245
17018, 261.249
17019, 261.253
17020, 261.254
17021, 261.255
17022, 261.264
17023, 261.266
17024, 261.266
17025, 261.272
17026, 261.277
17027, 261.298
17028, 261.305
17029, 261.327
17030, 261.332
17031, 261.335
17032, 261.339
17033, 261.343
17034, 261.343
17035, 261.347
17036, 261.347
17037, 261.35
17038, 261.351
17039, 261.358
17040, 261.395
17041, 261.395
17042, 261.398
17043, 261.434
17044, 261.435
17045, 261.443
17046, 261.45
17047, 261.452
17048, 261.453
17049, 261.462
17050, 261.466
17051, 261.468
17052, 261.47
17053, 261.474
17054, 261.476
17055, 261.479
17056, 261.481
17057, 261.489
17058, 261.49
17059, 261.501
17060, 261.508
17061, 261.52
17062, 261.531
17063, 261.532
17064, 261.534
17065, 261.544
17066, 261.558
17067, 261.561
17068, 261.567
17069, 261.568
17070, 261.587
17071, 261.588
17072, 261.594
17073, 261.603
17074, 261.611
17075, 261.62
17076, 261.633
17077, 261.637
17078, 261.653
17079, 261.653
17080, 261.663
17081, 261.68
17082, 261.689
17083, 261.694
17084, 261.698
17085, 261.703
17086, 261.706
17087, 261.716
17088, 261.72
17089, 261.723
17090, 261.733
17091, 261.74
17092, 261.741
17093, 261.749
17094, 261.754
17095, 261.769
17096, 261.773
17097, 261.776
17098, 261.791
17099, 261.81
17100, 261.81
17101, 261.811
17102, 261.813
17103, 261.82
17104, 261.832
17105, 261.839
17106, 261.841
17107, 261.854
17108, 261.855
17109, 261.887
17110, 261.902
17111, 261.905
17112, 261.906
17113, 261.916
17114, 261.929
17115, 261.93
17116, 261.937
17117, 261.941
17118, 261.944
17119, 261.945
17120, 261.951
17121, 261.967
17122, 261.972
17123, 261.973
17124, 261.982
17125, 261.982
17126, 261.988
17127, 261.988
17128, 262.017
17129, 262.02
17130, 262.022
17131, 262.025
17132, 262.026
17133, 262.027
17134, 262.027
17135, 262.027
17136, 262.04
17137, 262.041
17138, 262.053
17139, 262.058
17140, 262.076
17141, 262.089
17142, 262.09
17143, 262.097
17144, 262.1
17145, 262.102
17146, 262.107
17147, 262.127
17148, 262.127
17149, 262.13
17150, 262.134
17151, 262.142
17152, 262.145
17153, 262.145
17154, 262.146
17155, 262.153
17156, 262.158
17157, 262.161
17158, 262.166
17159, 262.166
17160, 262.176
17161, 262.177
17162, 262.185
17163, 262.19
17164, 262.191
17165, 262.198
17166, 262.214
17167, 262.218
17168, 262.23
17169, 262.231
17170, 262.233
17171, 262.233
17172, 262.234
17173, 262.243
17174, 262.256
17175, 262.257
17176, 262.27
17177, 262.294
17178, 262.3
17179, 262.303
17180, 262.304
17181, 262.306
17182, 262.311
17183, 262.323
17184, 262.329
17185, 262.332
17186, 262.333
17187, 262.339
17188, 262.34
17189, 262.356
17190, 262.37
17191, 262.377
17192, 262.391
17193, 262.4
17194, 262.419
17195, 262.42
17196, 262.423
17197, 262.427
17198, 262.45
17199, 262.462
17200, 262.466
17201, 262.473
17202, 262.478
17203, 262.479
17204, 262.481
17205, 262.485
17206, 262.488
17207, 262.503
17208, 262.504
17209, 262.506
17210, 262.525
17211, 262.54
17212, 262.54
17213, 262.541
17214, 262.55
17215, 262.554
17216, 262.559
17217, 262.577
17218, 262.582
17219, 262.584
17220, 262.591
17221, 262.601
17222, 262.601
17223, 262.617
17224, 262.617
17225, 262.619
17226, 262.627
17227, 262.633
17228, 262.639
17229, 262.64
17230, 262.64
17231, 262.643
17232, 262.653
17233, 262.653
17234, 262.662
17235, 262.665
17236, 262.673
17237, 262.68
17238, 262.683
17239, 262.688
17240, 262.694
17241, 262.699
17242, 262.717
17243, 262.723
17244, 262.744
17245, 262.755
17246, 262.756
17247, 262.763
17248, 262.77
17249, 262.771
17250, 262.778
17251, 262.785
17252, 262.786
17253, 262.804
17254, 262.808
17255, 262.811
17256, 262.813
17257, 262.82
17258, 262.839
17259, 262.848
17260, 262.849
17261, 262.854
17262, 262.859
17263, 262.861
17264, 262.865
17265, 262.868
17266, 262.871
17267, 262.878
17268, 262.884
17269, 262.891
17270, 262.895
17271, 262.906
17272, 262.912
17273, 262.924
17274, 262.933
17275, 262.943
17276, 262.948
17277, 262.952
17278, 262.958
17279, 262.96
17280, 262.962
17281, 262.965
17282, 262.97
17283, 262.971
17284, 262.976
17285, 262.98
17286, 262.983
17287, 262.987
17288, 262.992
17289, 263.012
17290, 263.019
17291, 263.03
17292, 263.031
17293, 263.041
17294, 263.055
17295, 263.066
17296, 263.071
17297, 263.074
17298, 263.081
17299, 263.085
17300, 263.093
17301, 263.099
17302, 263.102
17303, 263.116
17304, 263.126
17305, 263.138
17306, 263.138
17307, 263.146
17308, 263.148
17309, 263.151
17310, 263.153
17311, 263.159
17312, 263.161
17313, 263.162
17314, 263.177
17315, 263.183
17316, 263.183
17317, 263.183
17318, 263.187
17319, 263.196
17320, 263.2
17321, 263.201
17322, 263.202
17323, 263.207
17324, 263.208
17325, 263.21
17326, 263.216
17327, 263.218
17328, 263.221
17329, 263.223
17330, 263.224
17331, 263.226
17332, 263.226
17333, 263.227
17334, 263.247
17335, 263.257
17336, 263.28
17337, 263.288
17338, 263.29
17339, 263.295
17340, 263.316
17341, 263.331
17342, 263.334
17343, 263.335
17344, 263.346
17345, 263.352
17346, 263.353
17347, 263.361
17348, 263.362
17349, 263.377
17350, 263.388
17351, 263.388
17352, 263.409
17353, 263.413
17354, 263.418
17355, 263.425
17356, 263.43
17357, 263.43
17358, 263.45
17359, 263.45
17360, 263.451
17361, 263.468
17362, 263.469
17363, 263.47
17364, 263.49
17365, 263.496
17366, 263.498
17367, 263.513
17368, 263.519
17369, 263.523
17370, 263.53
17371, 263.534
17372, 263.54
17373, 263.561
17374, 263.568
17375, 263.573
17376, 263.575
17377, 263.577
17378, 263.579
17379, 263.583
17380, 263.593
17381, 263.611
17382, 263.619
17383, 263.624
17384, 263.63
17385, 263.632
17386, 263.643
17387, 263.645
17388, 263.667
17389, 263.671
17390, 263.672
17391, 263.678
17392, 263.695
17393, 263.706
17394, 263.71
17395, 263.731
17396, 263.733
17397, 263.734
17398, 263.735
17399, 263.739
17400, 263.758
17401, 263.761
17402, 263.769
17403, 263.781
17404, 263.792
17405, 263.822
17406, 263.836
17407, 263.85
17408, 263.851
17409, 263.873
17410, 263.879
17411, 263.881
17412, 263.885
17413, 263.89
17414, 263.909
17415, 263.918
17416, 263.929
17417, 263.929
17418, 263.929
17419, 263.94
17420, 263.94
17421, 263.95
17422, 263.953
17423, 263.964
17424, 263.966
17425, 263.972
17426, 263.984
17427, 263.992
17428, 264.004
17429, 264.022
17430, 264.028
17431, 264.032
17432, 264.04
17433, 264.043
17434, 264.045
17435, 264.06
17436, 264.068
17437, 264.069
17438, 264.074
17439, 264.076
17440, 264.077
17441, 264.08
17442, 264.084
17443, 264.086
17444, 264.101
17445, 264.103
17446, 264.108
17447, 264.112
17448, 264.116
17449, 264.121
17450, 264.122
17451, 264.129
17452, 264.129
17453, 264.133
17454, 264.14
17455, 264.143
17456, 264.152
17457, 264.158
17458, 264.163
17459, 264.182
17460, 264.186
17461, 264.193
17462, 264.194
17463, 264.196
17464, 264.199
17465, 264.2
17466, 264.207
17467, 264.227
17468, 264.231
17469, 264.237
17470, 264.243
17471, 264.247
17472, 264.252
17473, 264.26
17474, 264.263
17475, 264.27
17476, 264.278
17477, 264.292
17478, 264.295
17479, 264.312
17480, 264.325
17481, 264.35
17482, 264.352
17483, 264.363
17484, 264.363
17485, 264.365
17486, 264.37
17487, 264.37
17488, 264.373
17489, 264.374
17490, 264.386
17491, 264.399
17492, 264.4
17493, 264.43
17494, 264.437
17495, 264.453
17496, 264.467
17497, 264.476
17498, 264.486
17499, 264.506
17500, 264.52
17501, 264.538
17502, 264.542
17503, 264.554
17504, 264.579
17505, 264.581
17506, 264.59
17507, 264.596
17508, 264.597
17509, 264.628
17510, 264.629
17511, 264.641
17512, 264.643
17513, 264.653
17514, 264.667
17515, 264.67
17516, 264.672
17517, 264.673
17518, 264.683
17519, 264.685
17520, 264.688
17521, 264.705
17522, 264.706
17523, 264.713
17524, 264.715
17525, 264.721
17526, 264.731
17527, 264.733
17528, 264.736
17529, 264.748
17530, 264.748
17531, 264.757
17532, 264.763
17533, 264.774
17534, 264.778
17535, 264.781
17536, 264.786
17537, 264.819
17538, 264.819
17539, 264.819
17540, 264.823
17541, 264.826
17542, 264.827
17543, 264.834
17544, 264.838
17545, 264.843
17546, 264.844
17547, 264.855
17548, 264.86
17549, 264.869
17550, 264.87
17551, 264.891
17552, 264.897
17553, 264.909
17554, 264.915
17555, 264.916
17556, 264.917
17557, 264.933
17558, 264.949
17559, 264.951
17560, 264.953
17561, 264.957
17562, 264.962
17563, 264.971
17564, 264.978
17565, 264.993
17566, 264.994
17567, 265
17568, 265
17569, 265.014
17570, 265.014
17571, 265.025
17572, 265.04
17573, 265.047
17574, 265.05
17575, 265.052
17576, 265.062
17577, 265.07
17578, 265.071
17579, 265.079
17580, 265.081
17581, 265.09
17582, 265.1
17583, 265.101
17584, 265.105
17585, 265.113
17586, 265.12
17587, 265.128
17588, 265.136
17589, 265.148
17590, 265.15
17591, 265.162
17592, 265.167
17593, 265.173
17594, 265.175
17595, 265.183
17596, 265.186
17597, 265.19
17598, 265.199
17599, 265.201
17600, 265.215
17601, 265.216
17602, 265.218
17603, 265.23
17604, 265.235
17605, 265.235
17606, 265.245
17607, 265.247
17608, 265.249
17609, 265.249
17610, 265.252
17611, 265.255
17612, 265.267
17613, 265.269
17614, 265.271
17615, 265.279
17616, 265.28
17617, 265.282
17618, 265.29
17619, 265.293
17620, 265.314
17621, 265.315
17622, 265.316
17623, 265.321
17624, 265.326
17625, 265.327
17626, 265.329
17627, 265.333
17628, 265.334
17629, 265.342
17630, 265.386
17631, 265.404
17632, 265.409
17633, 265.432
17634, 265.437
17635, 265.437
17636, 265.438
17637, 265.442
17638, 265.444
17639, 265.448
17640, 265.45
17641, 265.454
17642, 265.454
17643, 265.468
17644, 265.47
17645, 265.481
17646, 265.482
17647, 265.486
17648, 265.489
17649, 265.497
17650, 265.499
17651, 265.502
17652, 265.511
17653, 265.517
17654, 265.518
17655, 265.527
17656, 265.541
17657, 265.546
17658, 265.573
17659, 265.576
17660, 265.578
17661, 265.6
17662, 265.605
17663, 265.613
17664, 265.622
17665, 265.629
17666, 265.629
17667, 265.632
17668, 265.634
17669, 265.636
17670, 265.639
17671, 265.642
17672, 265.651
17673, 265.659
17674, 265.67
17675, 265.67
17676, 265.675
17677, 265.679
17678, 265.685
17679, 265.686
17680, 265.697
17681, 265.702
17682, 265.711
17683, 265.714
17684, 265.724
17685, 265.726
17686, 265.741
17687, 265.745
17688, 265.747
17689, 265.749
17690, 265.755
17691, 265.758
17692, 265.777
17693, 265.781
17694, 265.786
17695, 265.786
17696, 265.786
17697, 265.787
17698, 265.791
17699, 265.793
17700, 265.8
17701, 265.804
17702, 265.816
17703, 265.828
17704, 265.836
17705, 265.844
17706, 265.844
17707, 265.846
17708, 265.86
17709, 265.864
17710, 265.868
17711, 265.875
17712, 265.896
17713, 265.907
17714, 265.912
17715, 265.92
17716, 265.934
17717, 265.943
17718, 265.948
17719, 265.952
17720, 265.97
17721, 265.972
17722, 265.986
17723, 265.996
17724, 266.006
17725, 266.007
17726, 266.007
17727, 266.028
17728, 266.031
17729, 266.041
17730, 266.043
17731, 266.044
17732, 266.049
17733, 266.051
17734, 266.051
17735, 266.055
17736, 266.059
17737, 266.062
17738, 266.063
17739, 266.079
17740, 266.091
17741, 266.101
17742, 266.103
17743, 266.118
17744, 266.119
17745, 266.12
17746, 266.132
17747, 266.133
17748, 266.142
17749, 266.143
17750, 266.148
17751, 266.154
17752, 266.169
17753, 266.171
17754, 266.174
17755, 266.181
17756, 266.183
17757, 266.185
17758, 266.189
17759, 266.195
17760, 266.197
17761, 266.2
17762, 266.209
17763, 266.211
17764, 266.222
17765, 266.227
17766, 266.229
17767, 266.23
17768, 266.232
17769, 266.242
17770, 266.249
17771, 266.253
17772, 266.255
17773, 266.291
17774, 266.292
17775, 266.307
17776, 266.309
17777, 266.321
17778, 266.324
17779, 266.333
17780, 266.354
17781, 266.359
17782, 266.361
17783, 266.381
17784, 266.382
17785, 266.387
17786, 266.392
17787, 266.409
17788, 266.43
17789, 266.436
17790, 266.437
17791, 266.439
17792, 266.439
17793, 266.44
17794, 266.442
17795, 266.444
17796, 266.448
17797, 266.454
17798, 266.457
17799, 266.457
17800, 266.459
17801, 266.461
17802, 266.467
17803, 266.467
17804, 266.475
17805, 266.48
17806, 266.486
17807, 266.507
17808, 266.507
17809, 266.513
17810, 266.523
17811, 266.529
17812, 266.53
17813, 266.535
17814, 266.558
17815, 266.56
17816, 266.561
17817, 266.567
17818, 266.571
17819, 266.572
17820, 266.572
17821, 266.583
17822, 266.585
17823, 266.587
17824, 266.587
17825, 266.588
17826, 266.594
17827, 266.601
17828, 266.615
17829, 266.649
17830, 266.66
17831, 266.664
17832, 266.693
17833, 266.696
17834, 266.715
17835, 266.723
17836, 266.729
17837, 266.73
17838, 266.741
17839, 266.743
17840, 266.747
17841, 266.748
17842, 266.749
17843, 266.75
17844, 266.769
17845, 266.77
17846, 266.792
17847, 266.797
17848, 266.799
17849, 266.807
17850, 266.816
17851, 266.817
17852, 266.817
17853, 266.828
17854, 266.838
17855, 266.839
17856, 266.848
17857, 266.848
17858, 266.849
17859, 266.86
17860, 266.876
17861, 266.89
17862, 266.897
17863, 266.897
17864, 266.906
17865, 266.906
17866, 266.924
17867, 266.93
17868, 266.949
17869, 266.949
17870, 266.959
17871, 266.964
17872, 266.981
17873, 266.993
17874, 267.014
17875, 267.041
17876, 267.042
17877, 267.046
17878, 267.048
17879, 267.05
17880, 267.058
17881, 267.059
17882, 267.064
17883, 267.072
17884, 267.079
17885, 267.09
17886, 267.095
17887, 267.103
17888, 267.144
17889, 267.154
17890, 267.168
17891, 267.168
17892, 267.172
17893, 267.174
17894, 267.176
17895, 267.177
17896, 267.181
17897, 267.197
17898, 267.199
17899, 267.199
17900, 267.205
17901, 267.211
17902, 267.234
17903, 267.244
17904, 267.256
17905, 267.258
17906, 267.267
17907, 267.287
17908, 267.3
17909, 267.315
17910, 267.316
17911, 267.32
17912, 267.328
17913, 267.333
17914, 267.35
17915, 267.361
17916, 267.365
17917, 267.376
17918, 267.377
17919, 267.392
17920, 267.393
17921, 267.397
17922, 267.407
17923, 267.414
17924, 267.415
17925, 267.423
17926, 267.429
17927, 267.441
17928, 267.444
17929, 267.446
17930, 267.456
17931, 267.478
17932, 267.48
17933, 267.486
17934, 267.495
17935, 267.506
17936, 267.511
17937, 267.518
17938, 267.53
17939, 267.539
17940, 267.54
17941, 267.565
17942, 267.575
17943, 267.579
17944, 267.584
17945, 267.584
17946, 267.595
17947, 267.601
17948, 267.606
17949, 267.612
17950, 267.619
17951, 267.621
17952, 267.636
17953, 267.637
17954, 267.638
17955, 267.646
17956, 267.647
17957, 267.65
17958, 267.651
17959, 267.652
17960, 267.656
17961, 267.656
17962, 267.667
17963, 267.688
17964, 267.689
17965, 267.692
17966, 267.695
17967, 267.699
17968, 267.704
17969, 267.712
17970, 267.717
17971, 267.722
17972, 267.726
17973, 267.729
17974, 267.74
17975, 267.741
17976, 267.743
17977, 267.757
17978, 267.759
17979, 267.761
17980, 267.772
17981, 267.782
17982, 267.791
17983, 267.797
17984, 267.8
17985, 267.806
17986, 267.808
17987, 267.811
17988, 267.823
17989, 267.828
17990, 267.845
17991, 267.857
17992, 267.862
17993, 267.867
17994, 267.868
17995, 267.895
17996, 267.895
17997, 267.897
17998, 267.923
17999, 267.927
18000, 267.934
18001, 267.936
18002, 267.944
18003, 267.951
18004, 267.968
18005, 267.968
18006, 267.972
18007, 267.994
18008, 267.997
18009, 268.004
18010, 268.005
18011, 268.007
18012, 268.008
18013, 268.022
18014, 268.038
18015, 268.043
18016, 268.059
18017, 268.093
18018, 268.095
18019, 268.102
18020, 268.112
18021, 268.112
18022, 268.129
18023, 268.156
18024, 268.16
18025, 268.161
18026, 268.168
18027, 268.175
18028, 268.177
18029, 268.194
18030, 268.198
18031, 268.209
18032, 268.211
18033, 268.218
18034, 268.228
18035, 268.247
18036, 268.267
18037, 268.267
18038, 268.273
18039, 268.279
18040, 268.302
18041, 268.309
18042, 268.311
18043, 268.317
18044, 268.319
18045, 268.352
18046, 268.361
18047, 268.373
18048, 268.377
18049, 268.379
18050, 268.38
18051, 268.384
18052, 268.394
18053, 268.427
18054, 268.433
18055, 268.442
18056, 268.445
18057, 268.445
18058, 268.447
18059, 268.451
18060, 268.457
18061, 268.459
18062, 268.463
18063, 268.478
18064, 268.488
18065, 268.489
18066, 268.496
18067, 268.503
18068, 268.513
18069, 268.523
18070, 268.535
18071, 268.549
18072, 268.556
18073, 268.558
18074, 268.563
18075, 268.575
18076, 268.583
18077, 268.584
18078, 268.594
18079, 268.595
18080, 268.603
18081, 268.604
18082, 268.606
18083, 268.607
18084, 268.617
18085, 268.628
18086, 268.632
18087, 268.637
18088, 268.643
18089, 268.644
18090, 268.645
18091, 268.65
18092, 268.652
18093, 268.655
18094, 268.656
18095, 268.681
18096, 268.688
18097, 268.695
18098, 268.702
18099, 268.711
18100, 268.753
18101, 268.762
18102, 268.762
18103, 268.777
18104, 268.782
18105, 268.788
18106, 268.807
18107, 268.807
18108, 268.809
18109, 268.813
18110, 268.831
18111, 268.832
18112, 268.843
18113, 268.846
18114, 268.862
18115, 268.871
18116, 268.875
18117, 268.878
18118, 268.882
18119, 268.891
18120, 268.894
18121, 268.897
18122, 268.898
18123, 268.903
18124, 268.905
18125, 268.905
18126, 268.91
18127, 268.923
18128, 268.945
18129, 268.948
18130, 268.949
18131, 268.963
18132, 268.982
18133, 268.987
18134, 268.991
18135, 268.998
18136, 269
18137, 269.005
18138, 269.006
18139, 269.008
18140, 269.01
18141, 269.013
18142, 269.02
18143, 269.048
18144, 269.056
18145, 269.059
18146, 269.065
18147, 269.083
18148, 269.098
18149, 269.118
18150, 269.12
18151, 269.127
18152, 269.136
18153, 269.139
18154, 269.145
18155, 269.149
18156, 269.159
18157, 269.167
18158, 269.169
18159, 269.176
18160, 269.203
18161, 269.203
18162, 269.209
18163, 269.212
18164, 269.216
18165, 269.216
18166, 269.219
18167, 269.234
18168, 269.237
18169, 269.249
18170, 269.249
18171, 269.269
18172, 269.277
18173, 269.283
18174, 269.29
18175, 269.308
18176, 269.314
18177, 269.322
18178, 269.323
18179, 269.334
18180, 269.345
18181, 269.347
18182, 269.358
18183, 269.361
18184, 269.369
18185, 269.372
18186, 269.373
18187, 269.377
18188, 269.383
18189, 269.387
18190, 269.39
18191, 269.39
18192, 269.403
18193, 269.405
18194, 269.41
18195, 269.411
18196, 269.415
18197, 269.441
18198, 269.469
18199, 269.499
18200, 269.519
18201, 269.533
18202, 269.54
18203, 269.543
18204, 269.555
18205, 269.559
18206, 269.581
18207, 269.593
18208, 269.598
18209, 269.6
18210, 269.601
18211, 269.601
18212, 269.607
18213, 269.616
18214, 269.643
18215, 269.65
18216, 269.655
18217, 269.656
18218, 269.677
18219, 269.682
18220, 269.687
18221, 269.689
18222, 269.704
18223, 269.707
18224, 269.714
18225, 269.724
18226, 269.735
18227, 269.736
18228, 269.749
18229, 269.752
18230, 269.753
18231, 269.753
18232, 269.753
18233, 269.761
18234, 269.763
18235, 269.778
18236, 269.786
18237, 269.794
18238, 269.809
18239, 269.818
18240, 269.825
18241, 269.833
18242, 269.847
18243, 269.854
18244, 269.89
18245, 269.903
18246, 269.928
18247, 269.93
18248, 269.959
18249, 269.959
18250, 269.963
18251, 269.965
18252, 269.969
18253, 269.971
18254, 269.972
18255, 269.975
18256, 269.978
18257, 269.984
18258, 269.987
18259, 270
18260, 270
18261, 270.003
18262, 270.003
18263, 270.008
18264, 270.013
18265, 270.017
18266, 270.019
18267, 270.024
18268, 270.025
18269, 270.044
18270, 270.045
18271, 270.046
18272, 270.061
18273, 270.074
18274, 270.077
18275, 270.124
18276, 270.131
18277, 270.136
18278, 270.138
18279, 270.17
18280, 270.176
18281, 270.177
18282, 270.2
18283, 270.22
18284, 270.225
18285, 270.233
18286, 270.234
18287, 270.238
18288, 270.247
18289, 270.253
18290, 270.256
18291, 270.267
18292, 270.27
18293, 270.27
18294, 270.277
18295, 270.285
18296, 270.295
18297, 270.305
18298, 270.314
18299, 270.332
18300, 270.339
18301, 270.348
18302, 270.363
18303, 270.393
18304, 270.398
18305, 270.401
18306, 270.402
18307, 270.405
18308, 270.408
18309, 270.429
18310, 270.434
18311, 270.435
18312, 270.438
18313, 270.444
18314, 270.444
18315, 270.448
18316, 270.464
18317, 270.468
18318, 270.47
18319, 270.477
18320, 270.489
18321, 270.517
18322, 270.529
18323, 270.552
18324, 270.569
18325, 270.59
18326, 270.596
18327, 270.597
18328, 270.612
18329, 270.616
18330, 270.623
18331, 270.626
18332, 270.631
18333, 270.652
18334, 270.654
18335, 270.657
18336, 270.667
18337, 270.673
18338, 270.674
18339, 270.68
18340, 270.691
18341, 270.697
18342, 270.698
18343, 270.703
18344, 270.707
18345, 270.715
18346, 270.717
18347, 270.725
18348, 270.729
18349, 270.729
18350, 270.73
18351, 270.751
18352, 270.758
18353, 270.762
18354, 270.763
18355, 270.763
18356, 270.769
18357, 270.783
18358, 270.789
18359, 270.792
18360, 270.792
18361, 270.817
18362, 270.837
18363, 270.839
18364, 270.86
18365, 270.863
18366, 270.864
18367, 270.866
18368, 270.893
18369, 270.899
18370, 270.901
18371, 270.907
18372, 270.907
18373, 270.92
18374, 270.932
18375, 270.932
18376, 270.938
18377, 270.974
18378, 270.978
18379, 270.979
18380, 270.991
18381, 270.993
18382, 271
18383, 271.004
18384, 271.007
18385, 271.01
18386, 271.02
18387, 271.03
18388, 271.034
18389, 271.045
18390, 271.048
18391, 271.052
18392, 271.058
18393, 271.061
18394, 271.069
18395, 271.075
18396, 271.078
18397, 271.085
18398, 271.086
18399, 271.089
18400, 271.096
18401, 271.1
18402, 271.107
18403, 271.115
18404, 271.12
18405, 271.145
18406, 271.149
18407, 271.151
18408, 271.154
18409, 271.157
18410, 271.176
18411, 271.182
18412, 271.183
18413, 271.208
18414, 271.21
18415, 271.21
18416, 271.222
18417, 271.232
18418, 271.237
18419, 271.241
18420, 271.249
18421, 271.26
18422, 271.275
18423, 271.287
18424, 271.307
18425, 271.307
18426, 271.321
18427, 271.336
18428, 271.375
18429, 271.378
18430, 271.395
18431, 271.404
18432, 271.407
18433, 271.41
18434, 271.428
18435, 271.436
18436, 271.46
18437, 271.462
18438, 271.479
18439, 271.487
18440, 271.487
18441, 271.495
18442, 271.496
18443, 271.5
18444, 271.508
18445, 271.511
18446, 271.516
18447, 271.542
18448, 271.551
18449, 271.552
18450, 271.554
18451, 271.558
18452, 271.568
18453, 271.569
18454, 271.573
18455, 271.576
18456, 271.579
18457, 271.584
18458, 271.598
18459, 271.599
18460, 271.606
18461, 271.616
18462, 271.622
18463, 271.625
18464, 271.636
18465, 271.651
18466, 271.653
18467, 271.654
18468, 271.677
18469, 271.68
18470, 271.685
18471, 271.686
18472, 271.702
18473, 271.718
18474, 271.722
18475, 271.729
18476, 271.766
18477, 271.771
18478, 271.779
18479, 271.786
18480, 271.789
18481, 271.794
18482, 271.805
18483, 271.812
18484, 271.85
18485, 271.859
18486, 271.869
18487, 271.87
18488, 271.884
18489, 271.91
18490, 271.917
18491, 271.925
18492, 271.933
18493, 271.933
18494, 271.934
18495, 271.962
18496, 271.967
18497, 271.967
18498, 271.969
18499, 271.977
18500, 271.985
18501, 271.99
18502, 271.995
18503, 271.996
18504, 272.003
18505, 272.024
18506, 272.03
18507, 272.043
18508, 272.048
18509, 272.063
18510, 272.064
18511, 272.068
18512, 272.082
18513, 272.092
18514, 272.095
18515, 272.106
18516, 272.113
18517, 272.116
18518, 272.125
18519, 272.136
18520, 272.138
18521, 272.155
18522, 272.164
18523, 272.172
18524, 272.173
18525, 272.181
18526, 272.186
18527, 272.204
18528, 272.208
18529, 272.22
18530, 272.222
18531, 272.224
18532, 272.233
18533, 272.245
18534, 272.258
18535, 272.264
18536, 272.284
18537, 272.289
18538, 272.304
18539, 272.306
18540, 272.306
18541, 272.319
18542, 272.326
18543, 272.336
18544, 272.343
18545, 272.349
18546, 272.349
18547, 272.356
18548, 272.359
18549, 272.365
18550, 272.366
18551, 272.375
18552, 272.39
18553, 272.394
18554, 272.399
18555, 272.404
18556, 272.423
18557, 272.43
18558, 272.445
18559, 272.45
18560, 272.473
18561, 272.485
18562, 272.494
18563, 272.502
18564, 272.504
18565, 272.506
18566, 272.512
18567, 272.536
18568, 272.538
18569, 272.541
18570, 272.546
18571, 272.55
18572, 272.558
18573, 272.565
18574, 272.571
18575, 272.576
18576, 272.6
18577, 272.616
18578, 272.623
18579, 272.624
18580, 272.63
18581, 272.638
18582, 272.661
18583, 272.669
18584, 272.68
18585, 272.701
18586, 272.71
18587, 272.728
18588, 272.735
18589, 272.739
18590, 272.748
18591, 272.753
18592, 272.766
18593, 272.78
18594, 272.802
18595, 272.803
18596, 272.807
18597, 272.808
18598, 272.812
18599, 272.814
18600, 272.833
18601, 272.84
18602, 272.841
18603, 272.843
18604, 272.86
18605, 272.876
18606, 272.881
18607, 272.898
18608, 272.904
18609, 272.904
18610, 272.916
18611, 272.953
18612, 272.974
18613, 273.002
18614, 273.002
18615, 273.007
18616, 273.013
18617, 273.017
18618, 273.024
18619, 273.027
18620, 273.033
18621, 273.042
18622, 273.053
18623, 273.057
18624, 273.064
18625, 273.071
18626, 273.077
18627, 273.077
18628, 273.082
18629, 273.082
18630, 273.088
18631, 273.092
18632, 273.118
18633, 273.12
18634, 273.12
18635, 273.132
18636, 273.151
18637, 273.156
18638, 273.176
18639, 273.179
18640, 273.18
18641, 273.184
18642, 273.193
18643, 273.199
18644, 273.2
18645, 273.203
18646, 273.208
18647, 273.211
18648, 273.215
18649, 273.219
18650, 273.22
18651, 273.22
18652, 273.245
18653, 273.252
18654, 273.269
18655, 273.274
18656, 273.308
18657, 273.31
18658, 273.33
18659, 273.353
18660, 273.355
18661, 273.359
18662, 273.366
18663, 273.37
18664, 273.371
18665, 273.381
18666, 273.406
18667, 273.413
18668, 273.428
18669, 273.428
18670, 273.439
18671, 273.447
18672, 273.453
18673, 273.457
18674, 273.476
18675, 273.479
18676, 273.483
18677, 273.491
18678, 273.501
18679, 273.512
18680, 273.514
18681, 273.545
18682, 273.547
18683, 273.551
18684, 273.565
18685, 273.575
18686, 273.575
18687, 273.597
18688, 273.598
18689, 273.602
18690, 273.605
18691, 273.606
18692, 273.61
18693, 273.615
18694, 273.62
18695, 273.623
18696, 273.628
18697, 273.635
18698, 273.642
18699, 273.645
18700, 273.646
18701, 273.662
18702, 273.663
18703, 273.664
18704, 273.666
18705, 273.681
18706, 273.683
18707, 273.688
18708, 273.694
18709, 273.706
18710, 273.708
18711, 273.714
18712, 273.722
18713, 273.723
18714, 273.73
18715, 273.742
18716, 273.762
18717, 273.763
18718, 273.779
18719, 273.78
18720, 273.786
18721, 273.789
18722, 273.8
18723, 273.801
18724, 273.811
18725, 273.818
18726, 273.822
18727, 273.83
18728, 273.831
18729, 273.835
18730, 273.839
18731, 273.861
18732, 273.885
18733, 273.9
18734, 273.903
18735, 273.904
18736, 273.908
18737, 273.915
18738, 273.919
18739, 273.922
18740, 273.924
18741, 273.934
18742, 273.935
18743, 273.94
18744, 273.944
18745, 273.949
18746, 273.961
18747, 273.962
18748, 273.975
18749, 273.985
18750, 273.997
18751, 274.004
18752, 274.007
18753, 274.016
18754, 274.019
18755, 274.019
18756, 274.039
18757, 274.039
18758, 274.046
18759, 274.055
18760, 274.058
18761, 274.081
18762, 274.081
18763, 274.091
18764, 274.092
18765, 274.095
18766, 274.097
18767, 274.1
18768, 274.101
18769, 274.114
18770, 274.128
18771, 274.133
18772, 274.14
18773, 274.143
18774, 274.163
18775, 274.201
18776, 274.213
18777, 274.215
18778, 274.237
18779, 274.249
18780, 274.255
18781, 274.257
18782, 274.259
18783, 274.261
18784, 274.27
18785, 274.286
18786, 274.288
18787, 274.292
18788, 274.302
18789, 274.302
18790, 274.327
18791, 274.351
18792, 274.353
18793, 274.358
18794, 274.361
18795, 274.37
18796, 274.402
18797, 274.416
18798, 274.419
18799, 274.43
18800, 274.442
18801, 274.444
18802, 274.451
18803, 274.454
18804, 274.467
18805, 274.476
18806, 274.479
18807, 274.487
18808, 274.5
18809, 274.509
18810, 274.51
18811, 274.51
18812, 274.511
18813, 274.517
18814, 274.53
18815, 274.535
18816, 274.536
18817, 274.547
18818, 274.547
18819, 274.556
18820, 274.567
18821, 274.572
18822, 274.578
18823, 274.583
18824, 274.589
18825, 274.61
18826, 274.611
18827, 274.612
18828, 274.62
18829, 274.62
18830, 274.621
18831, 274.627
18832, 274.628
18833, 274.63
18834, 274.636
18835, 274.65
18836, 274.678
18837, 274.683
18838, 274.705
18839, 274.711
18840, 274.711
18841, 274.713
18842, 274.714
18843, 274.732
18844, 274.743
18845, 274.759
18846, 274.779
18847, 274.782
18848, 274.793
18849, 274.818
18850, 274.825
18851, 274.835
18852, 274.844
18853, 274.859
18854, 274.859
18855, 274.879
18856, 274.887
18857, 274.932
18858, 274.936
18859, 274.946
18860, 274.954
18861, 274.971
18862, 274.984
18863, 274.985
18864, 274.985
18865, 274.99
18866, 274.994
18867, 274.995
18868, 275.001
18869, 275.024
18870, 275.027
18871, 275.03
18872, 275.039
18873, 275.06
18874, 275.065
18875, 275.071
18876, 275.073
18877, 275.079
18878, 275.093
18879, 275.097
18880, 275.113
18881, 275.114
18882, 275.142
18883, 275.158
18884, 275.173
18885, 275.174
18886, 275.184
18887, 275.195
18888, 275.198
18889, 275.203
18890, 275.205
18891, 275.206
18892, 275.208
18893, 275.211
18894, 275.216
18895, 275.22
18896, 275.225
18897, 275.226
18898, 275.241
18899, 275.245
18900, 275.252
18901, 275.261
18902, 275.276
18903, 275.283
18904, 275.305
18905, 275.309
18906, 275.31
18907, 275.316
18908, 275.316
18909, 275.319
18910, 275.325
18911, 275.333
18912, 275.334
18913, 275.336
18914, 275.337
18915, 275.339
18916, 275.349
18917, 275.4
18918, 275.403
18919, 275.41
18920, 275.428
18921, 275.44
18922, 275.443
18923, 275.45
18924, 275.459
18925, 275.463
18926, 275.476
18927, 275.484
18928, 275.486
18929, 275.499
18930, 275.506
18931, 275.513
18932, 275.515
18933, 275.518
18934, 275.53
18935, 275.531
18936, 275.544
18937, 275.563
18938, 275.565
18939, 275.567
18940, 275.567
18941, 275.574
18942, 275.609
18943, 275.618
18944, 275.622
18945, 275.629
18946, 275.629
18947, 275.63
18948, 275.646
18949, 275.657
18950, 275.659
18951, 275.659
18952, 275.676
18953, 275.704
18954, 275.706
18955, 275.763
18956, 275.776
18957, 275.78
18958, 275.781
18959, 275.786
18960, 275.795
18961, 275.795
18962, 275.797
18963, 275.813
18964, 275.818
18965, 275.823
18966, 275.828
18967, 275.828
18968, 275.834
18969, 275.836
18970, 275.843
18971, 275.874
18972, 275.889
18973, 275.89
18974, 275.906
18975, 275.915
18976, 275.93
18977, 275.941
18978, 275.942
18979, 275.943
18980, 275.967
18981, 275.977
18982, 275.985
18983, 275.989
18984, 275.992
18985, 275.995
18986, 275.999
18987, 276.012
18988, 276.018
18989, 276.034
18990, 276.034
18991, 276.05
18992, 276.055
18993, 276.061
18994, 276.062
18995, 276.086
18996, 276.094
18997, 276.102
18998, 276.107
18999, 276.114
19000, 276.114
19001, 276.124
19002, 276.133
19003, 276.144
19004, 276.175
19005, 276.192
19006, 276.195
19007, 276.197
19008, 276.209
19009, 276.22
19010, 276.239
19011, 276.24
19012, 276.262
19013, 276.267
19014, 276.271
19015, 276.283
19016, 276.29
19017, 276.306
19018, 276.331
19019, 276.368
19020, 276.372
19021, 276.38
19022, 276.383
19023, 276.385
19024, 276.408
19025, 276.43
19026, 276.461
19027, 276.464
19028, 276.465
19029, 276.473
19030, 276.51
19031, 276.519
19032, 276.526
19033, 276.539
19034, 276.542
19035, 276.56
19036, 276.56
19037, 276.563
19038, 276.564
19039, 276.566
19040, 276.572
19041, 276.581
19042, 276.596
19043, 276.602
19044, 276.61
19045, 276.616
19046, 276.619
19047, 276.664
19048, 276.681
19049, 276.687
19050, 276.696
19051, 276.697
19052, 276.707
19053, 276.728
19054, 276.728
19055, 276.744
19056, 276.747
19057, 276.757
19058, 276.774
19059, 276.776
19060, 276.777
19061, 276.796
19062, 276.797
19063, 276.802
19064, 276.823
19065, 276.825
19066, 276.826
19067, 276.848
19068, 276.848
19069, 276.866
19070, 276.882
19071, 276.885
19072, 276.892
19073, 276.9
19074, 276.914
19075, 276.917
19076, 276.918
19077, 276.938
19078, 276.941
19079, 276.941
19080, 276.951
19081, 277.001
19082, 277.004
19083, 277.005
19084, 277.01
19085, 277.027
19086, 277.028
19087, 277.051
19088, 277.054
19089, 277.054
19090, 277.055
19091, 277.062
19092, 277.078
19093, 277.089
19094, 277.093
19095, 277.11
19096, 277.118
19097, 277.121
19098, 277.126
19099, 277.127
19100, 277.132
19101, 277.139
19102, 277.142
19103, 277.145
19104, 277.151
19105, 277.154
19106, 277.155
19107, 277.175
19108, 277.18
19109, 277.181
19110, 277.185
19111, 277.188
19112, 277.189
19113, 277.223
19114, 277.225
19115, 277.251
19116, 277.263
19117, 277.269
19118, 277.271
19119, 277.279
19120, 277.282
19121, 277.288
19122, 277.288
19123, 277.294
19124, 277.299
19125, 277.302
19126, 277.318
19127, 277.322
19128, 277.327
19129, 277.33
19130, 277.342
19131, 277.346
19132, 277.348
19133, 277.355
19134, 277.37
19135, 277.378
19136, 277.382
19137, 277.384
19138, 277.385
19139, 277.412
19140, 277.429
19141, 277.433
19142, 277.435
19143, 277.439
19144, 277.443
19145, 277.451
19146, 277.464
19147, 277.468
19148, 277.479
19149, 277.489
19150, 277.498
19151, 277.511
19152, 277.524
19153, 277.543
19154, 277.546
19155, 277.55
19156, 277.564
19157, 277.577
19158, 277.608
19159, 277.609
19160, 277.609
19161, 277.62
19162, 277.634
19163, 277.636
19164, 277.641
19165, 277.643
19166, 277.653
19167, 277.657
19168, 277.662
19169, 277.667
19170, 277.667
19171, 277.693
19172, 277.693
19173, 277.697
19174, 277.699
19175, 277.715
19176, 277.732
19177, 277.738
19178, 277.746
19179, 277.748
19180, 277.753
19181, 277.754
19182, 277.782
19183, 277.796
19184, 277.801
19185, 277.809
19186, 277.809
19187, 277.809
19188, 277.825
19189, 277.839
19190, 277.843
19191, 277.857
19192, 277.862
19193, 277.876
19194, 277.883
19195, 277.9
19196, 277.905
19197, 277.929
19198, 277.935
19199, 277.949
19200, 277.953
19201, 277.961
19202, 277.966
19203, 277.971
19204, 277.974
19205, 277.977
19206, 277.986
19207, 278.01
19208, 278.023
19209, 278.039
19210, 278.044
19211, 278.053
19212, 278.057
19213, 278.073
19214, 278.075
19215, 278.105
19216, 278.108
19217, 278.124
19218, 278.126
19219, 278.131
19220, 278.141
19221, 278.153
19222, 278.173
19223, 278.19
19224, 278.206
19225, 278.223
19226, 278.243
19227, 278.247
19228, 278.251
19229, 278.253
19230, 278.253
19231, 278.257
19232, 278.258
19233, 278.259
19234, 278.272
19235, 278.28
19236, 278.281
19237, 278.287
19238, 278.289
19239, 278.304
19240, 278.318
19241, 278.324
19242, 278.327
19243, 278.33
19244, 278.332
19245, 278.335
19246, 278.345
19247, 278.363
19248, 278.371
19249, 278.38
19250, 278.38
19251, 278.393
19252, 278.397
19253, 278.398
19254, 278.399
19255, 278.404
19256, 278.405
19257, 278.412
19258, 278.415
19259, 278.436
19260, 278.441
19261, 278.442
19262, 278.447
19263, 278.466
19264, 278.486
19265, 278.49
19266, 278.499
19267, 278.508
19268, 278.508
19269, 278.518
19270, 278.552
19271, 278.565
19272, 278.576
19273, 278.593
19274, 278.599
19275, 278.612
19276, 278.613
19277, 278.613
19278, 278.617
19279, 278.651
19280, 278.657
19281, 278.673
19282, 278.676
19283, 278.696
19284, 278.711
19285, 278.712
19286, 278.731
19287, 278.743
19288, 278.755
19289, 278.759
19290, 278.761
19291, 278.769
19292, 278.772
19293, 278.772
19294, 278.777
19295, 278.781
19296, 278.783
19297, 278.792
19298, 278.807
19299, 278.813
19300, 278.827
19301, 278.845
19302, 278.853
19303, 278.871
19304, 278.876
19305, 278.876
19306, 278.894
19307, 278.894
19308, 278.909
19309, 278.916
19310, 278.926
19311, 278.929
19312, 278.936
19313, 278.94
19314, 278.95
19315, 278.953
19316, 278.955
19317, 278.963
19318, 278.965
19319, 278.981
19320, 278.989
19321, 278.992
19322, 278.997
19323, 279
19324, 279.011
19325, 279.012
19326, 279.015
19327, 279.042
19328, 279.049
19329, 279.073
19330, 279.076
19331, 279.089
19332, 279.098
19333, 279.103
19334, 279.105
19335, 279.105
19336, 279.129
19337, 279.134
19338, 279.156
19339, 279.169
19340, 279.177
19341, 279.18
19342, 279.201
19343, 279.201
19344, 279.22
19345, 279.23
19346, 279.234
19347, 279.258
19348, 279.27
19349, 279.279
19350, 279.283
19351, 279.315
19352, 279.329
19353, 279.333
19354, 279.341
19355, 279.373
19356, 279.379
19357, 279.39
19358, 279.393
19359, 279.399
19360, 279.423
19361, 279.428
19362, 279.433
19363, 279.447
19364, 279.452
19365, 279.469
19366, 279.493
19367, 279.516
19368, 279.516
19369, 279.535
19370, 279.548
19371, 279.553
19372, 279.581
19373, 279.628
19374, 279.632
19375, 279.649
19376, 279.658
19377, 279.665
19378, 279.684
19379, 279.712
19380, 279.712
19381, 279.724
19382, 279.725
19383, 279.729
19384, 279.743
19385, 279.751
19386, 279.753
19387, 279.763
19388, 279.769
19389, 279.776
19390, 279.783
19391, 279.797
19392, 279.8
19393, 279.809
19394, 279.811
19395, 279.812
19396, 279.814
19397, 279.816
19398, 279.844
19399, 279.85
19400, 279.853
19401, 279.855
19402, 279.87
19403, 279.879
19404, 279.886
19405, 279.887
19406, 279.892
19407, 279.899
19408, 279.914
19409, 279.915
19410, 279.916
19411, 279.929
19412, 279.939
19413, 279.959
19414, 279.964
19415, 279.974
19416, 279.976
19417, 279.976
19418, 279.981
19419, 279.984
19420, 279.984
19421, 280.004
19422, 280.008
19423, 280.009
19424, 280.013
19425, 280.021
19426, 280.036
19427, 280.05
19428, 280.051
19429, 280.052
19430, 280.071
19431, 280.073
19432, 280.082
19433, 280.085
19434, 280.091
19435, 280.096
19436, 280.098
19437, 280.105
19438, 280.113
19439, 280.121
19440, 280.132
19441, 280.18
19442, 280.185
19443, 280.187
19444, 280.187
19445, 280.19
19446, 280.23
19447, 280.246
19448, 280.258
19449, 280.263
19450, 280.264
19451, 280.269
19452, 280.27
19453, 280.274
19454, 280.278
19455, 280.3
19456, 280.307
19457, 280.318
19458, 280.324
19459, 280.336
19460, 280.34
19461, 280.351
19462, 280.353
19463, 280.374
19464, 280.384
19465, 280.4
19466, 280.414
19467, 280.426
19468, 280.446
19469, 280.457
19470, 280.46
19471, 280.461
19472, 280.482
19473, 280.515
19474, 280.519
19475, 280.533
19476, 280.558
19477, 280.568
19478, 280.585
19479, 280.59
19480, 280.59
19481, 280.611
19482, 280.632
19483, 280.632
19484, 280.641
19485, 280.665
19486, 280.707
19487, 280.707
19488, 280.709
19489, 280.712
19490, 280.759
19491, 280.763
19492, 280.78
19493, 280.802
19494, 280.803
19495, 280.816
19496, 280.821
19497, 280.822
19498, 280.824
19499, 280.828
19500, 280.83
19501, 280.831
19502, 280.837
19503, 280.841
19504, 280.846
19505, 280.893
19506, 280.901
19507, 280.902
19508, 280.913
19509, 280.916
19510, 280.937
19511, 280.97
19512, 280.974
19513, 280.978
19514, 280.999
19515, 281.001
19516, 281.006
19517, 281.032
19518, 281.036
19519, 281.048
19520, 281.067
19521, 281.075
19522, 281.092
19523, 281.094
19524, 281.1
19525, 281.105
19526, 281.125
19527, 281.152
19528, 281.18
19529, 281.184
19530, 281.221
19531, 281.225
19532, 281.271
19533, 281.303
19534, 281.307
19535, 281.315
19536, 281.32
19537, 281.322
19538, 281.337
19539, 281.347
19540, 281.353
19541, 281.374
19542, 281.374
19543, 281.39
19544, 281.394
19545, 281.398
19546, 281.401
19547, 281.401
19548, 281.404
19549, 281.426
19550, 281.436
19551, 281.441
19552, 281.444
19553, 281.461
19554, 281.463
19555, 281.47
19556, 281.471
19557, 281.475
19558, 281.487
19559, 281.5
19560, 281.51
19561, 281.531
19562, 281.536
19563, 281.542
19564, 281.544
19565, 281.55
19566, 281.559
19567, 281.564
19568, 281.568
19569, 281.568
19570, 281.584
19571, 281.585
19572, 281.588
19573, 281.59
19574, 281.591
19575, 281.594
19576, 281.616
19577, 281.645
19578, 281.647
19579, 281.648
19580, 281.662
19581, 281.664
19582, 281.67
19583, 281.671
19584, 281.673
19585, 281.703
19586, 281.723
19587, 281.755
19588, 281.772
19589, 281.775
19590, 281.783
19591, 281.797
19592, 281.806
19593, 281.852
19594, 281.892
19595, 281.896
19596, 281.907
19597, 281.947
19598, 281.951
19599, 281.962
19600, 281.963
19601, 281.968
19602, 281.987
19603, 281.993
19604, 282.001
19605, 282.009
19606, 282.034
19607, 282.051
19608, 282.057
19609, 282.059
19610, 282.085
19611, 282.091
19612, 282.113
19613, 282.138
19614, 282.144
19615, 282.156
19616, 282.165
19617, 282.182
19618, 282.186
19619, 282.191
19620, 282.219
19621, 282.219
19622, 282.222
19623, 282.229
19624, 282.236
19625, 282.239
19626, 282.246
19627, 282.256
19628, 282.263
19629, 282.285
19630, 282.287
19631, 282.29
19632, 282.297
19633, 282.3
19634, 282.303
19635, 282.326
19636, 282.327
19637, 282.329
19638, 282.344
19639, 282.364
19640, 282.395
19641, 282.41
19642, 282.41
19643, 282.428
19644, 282.43
19645, 282.434
19646, 282.438
19647, 282.439
19648, 282.459
19649, 282.466
19650, 282.47
19651, 282.472
19652, 282.481
19653, 282.49
19654, 282.491
19655, 282.528
19656, 282.537
19657, 282.543
19658, 282.545
19659, 282.546
19660, 282.548
19661, 282.555
19662, 282.591
19663, 282.599
19664, 282.603
19665, 282.605
19666, 282.607
19667, 282.616
19668, 282.658
19669, 282.663
19670, 282.67
19671, 282.678
19672, 282.685
19673, 282.689
19674, 282.701
19675, 282.708
19676, 282.729
19677, 282.74
19678, 282.742
19679, 282.769
19680, 282.772
19681, 282.772
19682, 282.794
19683, 282.798
19684, 282.801
19685, 282.818
19686, 282.819
19687, 282.82
19688, 282.837
19689, 282.856
19690, 282.857
19691, 282.869
19692, 282.882
19693, 282.904
19694, 282.906
19695, 282.91
19696, 282.925
19697, 282.928
19698, 282.944
19699, 282.971
19700, 283.003
19701, 283.008
19702, 283.023
19703, 283.032
19704, 283.048
19705, 283.05
19706, 283.055
19707, 283.056
19708, 283.058
19709, 283.065
19710, 283.09
19711, 283.091
19712, 283.092
19713, 283.101
19714, 283.102
19715, 283.103
19716, 283.117
19717, 283.131
19718, 283.132
19719, 283.143
19720, 283.147
19721, 283.162
19722, 283.165
19723, 283.166
19724, 283.169
19725, 283.182
19726, 283.185
19727, 283.201
19728, 283.204
19729, 283.209
19730, 283.238
19731, 283.25
19732, 283.255
19733, 283.262
19734, 283.268
19735, 283.274
19736, 283.28
19737, 283.292
19738, 283.296
19739, 283.302
19740, 283.309
19741, 283.31
19742, 283.319
19743, 283.337
19744, 283.347
19745, 283.355
19746, 283.36
19747, 283.363
19748, 283.382
19749, 283.396
19750, 283.404
19751, 283.433
19752, 283.441
19753, 283.449
19754, 283.458
19755, 283.461
19756, 283.467
19757, 283.468
19758, 283.481
19759, 283.499
19760, 283.501
19761, 283.505
19762, 283.512
19763, 283.517
19764, 283.523
19765, 283.525
19766, 283.531
19767, 283.533
19768, 283.536
19769, 283.544
19770, 283.55
19771, 283.565
19772, 283.584
19773, 283.586
19774, 283.597
19775, 283.597
19776, 283.601
19777, 283.603
19778, 283.608
19779, 283.621
19780, 283.622
19781, 283.627
19782, 283.647
19783, 283.676
19784, 283.688
19785, 283.691
19786, 283.697
19787, 283.727
19788, 283.73
19789, 283.783
19790, 283.786
19791, 283.786
19792, 283.802
19793, 283.805
19794, 283.824
19795, 283.829
19796, 283.845
19797, 283.868
19798, 283.873
19799, 283.882
19800, 283.887
19801, 283.91
19802, 283.932
19803, 283.948
19804, 283.956
19805, 283.976
19806, 283.994
19807, 283.994
19808, 283.995
19809, 284.001
19810, 284.002
19811, 284.008
19812, 284.014
19813, 284.016
19814, 284.017
19815, 284.046
19816, 284.08
19817, 284.08
19818, 284.093
19819, 284.093
19820, 284.104
19821, 284.11
19822, 284.124
19823, 284.129
19824, 284.137
19825, 284.151
19826, 284.167
19827, 284.17
19828, 284.186
19829, 284.187
19830, 284.193
19831, 284.207
19832, 284.227
19833, 284.266
19834, 284.28
19835, 284.299
19836, 284.303
19837, 284.305
19838, 284.312
19839, 284.316
19840, 284.32
19841, 284.321
19842, 284.334
19843, 284.379
19844, 284.441
19845, 284.446
19846, 284.453
19847, 284.453
19848, 284.46
19849, 284.479
19850, 284.502
19851, 284.502
19852, 284.513
19853, 284.514
19854, 284.517
19855, 284.518
19856, 284.528
19857, 284.533
19858, 284.568
19859, 284.584
19860, 284.586
19861, 284.588
19862, 284.599
19863, 284.611
19864, 284.63
19865, 284.637
19866, 284.651
19867, 284.661
19868, 284.684
19869, 284.686
19870, 284.72
19871, 284.725
19872, 284.74
19873, 284.75
19874, 284.784
19875, 284.805
19876, 284.817
19877, 284.829
19878, 284.832
19879, 284.839
19880, 284.847
19881, 284.863
19882, 284.895
19883, 284.908
19884, 284.909
19885, 284.916
19886, 284.919
19887, 284.923
19888, 284.925
19889, 284.932
19890, 284.933
19891, 284.943
19892, 284.95
19893, 284.957
19894, 284.96
19895, 284.974
19896, 284.98
19897, 284.989
19898, 285.001
19899, 285.018
19900, 285.025
19901, 285.032
19902, 285.05
19903, 285.088
19904, 285.088
19905, 285.104
19906, 285.105
19907, 285.125
19908, 285.128
19909, 285.13
19910, 285.141
19911, 285.157
19912, 285.162
19913, 285.166
19914, 285.176
19915, 285.185
19916, 285.239
19917, 285.239
19918, 285.25
19919, 285.259
19920, 285.284
19921, 285.289
19922, 285.296
19923, 285.297
19924, 285.298
19925, 285.305
19926, 285.318
19927, 285.343
19928, 285.351
19929, 285.352
19930, 285.356
19931, 285.363
19932, 285.37
19933, 285.39
19934, 285.41
19935, 285.412
19936, 285.419
19937, 285.426
19938, 285.43
19939, 285.436
19940, 285.443
19941, 285.467
19942, 285.469
19943, 285.485
19944, 285.517
19945, 285.518
19946, 285.554
19947, 285.556
19948, 285.567
19949, 285.57
19950, 285.571
19951, 285.577
19952, 285.583
19953, 285.587
19954, 285.588
19955, 285.598
19956, 285.6
19957, 285.634
19958, 285.636
19959, 285.654
19960, 285.663
19961, 285.69
19962, 285.699
19963, 285.7
19964, 285.714
19965, 285.716
19966, 285.723
19967, 285.759
19968, 285.779
19969, 285.795
19970, 285.806
19971, 285.819
19972, 285.829
19973, 285.831
19974, 285.832
19975, 285.862
19976, 285.869
19977, 285.879
19978, 285.903
19979, 285.918
19980, 285.95
19981, 285.959
19982, 285.989
19983, 286.013
19984, 286.019
19985, 286.024
19986, 286.028
19987, 286.039
19988, 286.041
19989, 286.062
19990, 286.086
19991, 286.101
19992, 286.106
19993, 286.109
19994, 286.112
19995, 286.119
19996, 286.119
19997, 286.129
19998, 286.148
19999, 286.151
20000, 286.156
20001, 286.176
20002, 286.178
20003, 286.182
20004, 286.184
20005, 286.197
20006, 286.216
20007, 286.217
20008, 286.265
20009, 286.266
20010, 286.271
20011, 286.282
20012, 286.289
20013, 286.293
20014, 286.299
20015, 286.311
20016, 286.313
20017, 286.317
20018, 286.34
20019, 286.353
20020, 286.359
20021, 286.37
20022, 286.371
20023, 286.373
20024, 286.383
20025, 286.386
20026, 286.388
20027, 286.4
20028, 286.402
20029, 286.411
20030, 286.424
20031, 286.43
20032, 286.448
20033, 286.451
20034, 286.452
20035, 286.455
20036, 286.46
20037, 286.464
20038, 286.507
20039, 286.514
20040, 286.519
20041, 286.522
20042, 286.525
20043, 286.533
20044, 286.534
20045, 286.542
20046, 286.546
20047, 286.551
20048, 286.56
20049, 286.577
20050, 286.583
20051, 286.593
20052, 286.6
20053, 286.609
20054, 286.631
20055, 286.644
20056, 286.65
20057, 286.653
20058, 286.667
20059, 286.702
20060, 286.705
20061, 286.725
20062, 286.743
20063, 286.758
20064, 286.765
20065, 286.769
20066, 286.783
20067, 286.789
20068, 286.789
20069, 286.8
20070, 286.815
20071, 286.819
20072, 286.82
20073, 286.833
20074, 286.85
20075, 286.854
20076, 286.855
20077, 286.858
20078, 286.866
20079, 286.869
20080, 286.88
20081, 286.884
20082, 286.893
20083, 286.896
20084, 286.901
20085, 286.906
20086, 286.908
20087, 286.928
20088, 286.966
20089, 286.973
20090, 287.003
20091, 287.012
20092, 287.022
20093, 287.024
20094, 287.056
20095, 287.062
20096, 287.067
20097, 287.083
20098, 287.102
20099, 287.136
20100, 287.152
20101, 287.162
20102, 287.165
20103, 287.191
20104, 287.193
20105, 287.197
20106, 287.198
20107, 287.205
20108, 287.212
20109, 287.213
20110, 287.219
20111, 287.23
20112, 287.236
20113, 287.245
20114, 287.246
20115, 287.263
20116, 287.264
20117, 287.271
20118, 287.274
20119, 287.278
20120, 287.288
20121, 287.292
20122, 287.294
20123, 287.302
20124, 287.329
20125, 287.329
20126, 287.344
20127, 287.346
20128, 287.361
20129, 287.383
20130, 287.39
20131, 287.391
20132, 287.418
20133, 287.428
20134, 287.453
20135, 287.459
20136, 287.459
20137, 287.46
20138, 287.474
20139, 287.514
20140, 287.54
20141, 287.541
20142, 287.55
20143, 287.552
20144, 287.573
20145, 287.593
20146, 287.6
20147, 287.601
20148, 287.613
20149, 287.622
20150, 287.623
20151, 287.626
20152, 287.639
20153, 287.657
20154, 287.66
20155, 287.66
20156, 287.665
20157, 287.671
20158, 287.671
20159, 287.671
20160, 287.678
20161, 287.695
20162, 287.708
20163, 287.726
20164, 287.741
20165, 287.744
20166, 287.769
20167, 287.771
20168, 287.778
20169, 287.779
20170, 287.784
20171, 287.793
20172, 287.8
20173, 287.807
20174, 287.853
20175, 287.856
20176, 287.857
20177, 287.862
20178, 287.864
20179, 287.867
20180, 287.885
20181, 287.888
20182, 287.909
20183, 287.909
20184, 287.91
20185, 287.915
20186, 287.921
20187, 287.935
20188, 287.951
20189, 287.953
20190, 287.957
20191, 287.962
20192, 287.966
20193, 287.974
20194, 287.982
20195, 288.027
20196, 288.038
20197, 288.056
20198, 288.061
20199, 288.079
20200, 288.082
20201, 288.106
20202, 288.117
20203, 288.133
20204, 288.14
20205, 288.149
20206, 288.159
20207, 288.183
20208, 288.194
20209, 288.216
20210, 288.224
20211, 288.228
20212, 288.259
20213, 288.267
20214, 288.272
20215, 288.28
20216, 288.303
20217, 288.306
20218, 288.313
20219, 288.316
20220, 288.32
20221, 288.35
20222, 288.356
20223, 288.368
20224, 288.38
20225, 288.394
20226, 288.418
20227, 288.443
20228, 288.462
20229, 288.486
20230, 288.491
20231, 288.492
20232, 288.492
20233, 288.494
20234, 288.537
20235, 288.542
20236, 288.554
20237, 288.573
20238, 288.599
20239, 288.6
20240, 288.619
20241, 288.628
20242, 288.63
20243, 288.638
20244, 288.643
20245, 288.658
20246, 288.664
20247, 288.665
20248, 288.678
20249, 288.694
20250, 288.735
20251, 288.738
20252, 288.758
20253, 288.759
20254, 288.761
20255, 288.776
20256, 288.821
20257, 288.822
20258, 288.826
20259, 288.832
20260, 288.845
20261, 288.849
20262, 288.884
20263, 288.903
20264, 288.922
20265, 288.947
20266, 288.958
20267, 288.967
20268, 288.99
20269, 288.991
20270, 289.01
20271, 289.031
20272, 289.044
20273, 289.044
20274, 289.048
20275, 289.05
20276, 289.062
20277, 289.078
20278, 289.092
20279, 289.109
20280, 289.151
20281, 289.174
20282, 289.193
20283, 289.202
20284, 289.221
20285, 289.238
20286, 289.239
20287, 289.251
20288, 289.284
20289, 289.285
20290, 289.298
20291, 289.313
20292, 289.361
20293, 289.372
20294, 289.375
20295, 289.403
20296, 289.415
20297, 289.418
20298, 289.422
20299, 289.453
20300, 289.455
20301, 289.459
20302, 289.478
20303, 289.482
20304, 289.482
20305, 289.489
20306, 289.499
20307, 289.505
20308, 289.516
20309, 289.545
20310, 289.558
20311, 289.588
20312, 289.591
20313, 289.593
20314, 289.609
20315, 289.629
20316, 289.645
20317, 289.649
20318, 289.655
20319, 289.656
20320, 289.674
20321, 289.678
20322, 289.71
20323, 289.713
20324, 289.728
20325, 289.736
20326, 289.742
20327, 289.755
20328, 289.76
20329, 289.767
20330, 289.77
20331, 289.771
20332, 289.775
20333, 289.781
20334, 289.801
20335, 289.825
20336, 289.827
20337, 289.832
20338, 289.834
20339, 289.847
20340, 289.857
20341, 289.865
20342, 289.867
20343, 289.876
20344, 289.885
20345, 289.892
20346, 289.893
20347, 289.894
20348, 289.897
20349, 289.912
20350, 289.913
20351, 289.914
20352, 289.915
20353, 289.916
20354, 289.917
20355, 289.922
20356, 289.925
20357, 289.927
20358, 289.928
20359, 289.931
20360, 289.942
20361, 289.967
20362, 290.009
20363, 290.01
20364, 290.021
20365, 290.022
20366, 290.044
20367, 290.046
20368, 290.047
20369, 290.053
20370, 290.08
20371, 290.082
20372, 290.116
20373, 290.167
20374, 290.18
20375, 290.189
20376, 290.193
20377, 290.198
20378, 290.2
20379, 290.217
20380, 290.261
20381, 290.262
20382, 290.273
20383, 290.277
20384, 290.281
20385, 290.282
20386, 290.297
20387, 290.302
20388, 290.307
20389, 290.315
20390, 290.324
20391, 290.33
20392, 290.342
20393, 290.344
20394, 290.346
20395, 290.355
20396, 290.359
20397, 290.362
20398, 290.377
20399, 290.382
20400, 290.39
20401, 290.391
20402, 290.408
20403, 290.419
20404, 290.426
20405, 290.442
20406, 290.444
20407, 290.451
20408, 290.484
20409, 290.489
20410, 290.5
20411, 290.507
20412, 290.513
20413, 290.524
20414, 290.528
20415, 290.538
20416, 290.545
20417, 290.547
20418, 290.563
20419, 290.583
20420, 290.586
20421, 290.599
20422, 290.609
20423, 290.633
20424, 290.636
20425, 290.647
20426, 290.652
20427, 290.66
20428, 290.663
20429, 290.685
20430, 290.688
20431, 290.692
20432, 290.711
20433, 290.72
20434, 290.721
20435, 290.758
20436, 290.761
20437, 290.764
20438, 290.778
20439, 290.785
20440, 290.797
20441, 290.82
20442, 290.823
20443, 290.837
20444, 290.84
20445, 290.859
20446, 290.865
20447, 290.873
20448, 290.879
20449, 290.886
20450, 290.887
20451, 290.898
20452, 290.9
20453, 290.906
20454, 290.922
20455, 290.925
20456, 290.93
20457, 290.931
20458, 290.931
20459, 290.97
20460, 290.971
20461, 290.991
20462, 291.006
20463, 291.012
20464, 291.053
20465, 291.056
20466, 291.069
20467, 291.09
20468, 291.112
20469, 291.127
20470, 291.129
20471, 291.129
20472, 291.149
20473, 291.155
20474, 291.182
20475, 291.196
20476, 291.208
20477, 291.217
20478, 291.217
20479, 291.222
20480, 291.228
20481, 291.228
20482, 291.237
20483, 291.244
20484, 291.249
20485, 291.26
20486, 291.262
20487, 291.276
20488, 291.288
20489, 291.292
20490, 291.304
20491, 291.305
20492, 291.307
20493, 291.314
20494, 291.322
20495, 291.331
20496, 291.334
20497, 291.334
20498, 291.343
20499, 291.343
20500, 291.345
20501, 291.357
20502, 291.363
20503, 291.364
20504, 291.371
20505, 291.385
20506, 291.407
20507, 291.409
20508, 291.435
20509, 291.447
20510, 291.484
20511, 291.51
20512, 291.516
20513, 291.524
20514, 291.529
20515, 291.538
20516, 291.54
20517, 291.544
20518, 291.547
20519, 291.553
20520, 291.556
20521, 291.568
20522, 291.571
20523, 291.575
20524, 291.593
20525, 291.599
20526, 291.623
20527, 291.625
20528, 291.626
20529, 291.628
20530, 291.635
20531, 291.64
20532, 291.647
20533, 291.651
20534, 291.682
20535, 291.685
20536, 291.7
20537, 291.73
20538, 291.75
20539, 291.762
20540, 291.767
20541, 291.77
20542, 291.776
20543, 291.776
20544, 291.789
20545, 291.794
20546, 291.826
20547, 291.831
20548, 291.833
20549, 291.846
20550, 291.879
20551, 291.881
20552, 291.893
20553, 291.905
20554, 291.921
20555, 291.923
20556, 291.927
20557, 291.94
20558, 291.945
20559, 291.946
20560, 291.947
20561, 291.961
20562, 291.962
20563, 291.962
20564, 291.971
20565, 291.981
20566, 291.994
20567, 292
20568, 292.001
20569, 292.056
20570, 292.095
20571, 292.101
20572, 292.126
20573, 292.131
20574, 292.136
20575, 292.147
20576, 292.161
20577, 292.173
20578, 292.175
20579, 292.194
20580, 292.219
20581, 292.231
20582, 292.241
20583, 292.251
20584, 292.263
20585, 292.27
20586, 292.285
20587, 292.322
20588, 292.325
20589, 292.326
20590, 292.35
20591, 292.359
20592, 292.376
20593, 292.403
20594, 292.416
20595, 292.448
20596, 292.449
20597, 292.449
20598, 292.454
20599, 292.458
20600, 292.472
20601, 292.472
20602, 292.476
20603, 292.493
20604, 292.516
20605, 292.529
20606, 292.533
20607, 292.533
20608, 292.54
20609, 292.565
20610, 292.566
20611, 292.573
20612, 292.586
20613, 292.586
20614, 292.586
20615, 292.593
20616, 292.594
20617, 292.613
20618, 292.619
20619, 292.623
20620, 292.626
20621, 292.628
20622, 292.636
20623, 292.646
20624, 292.647
20625, 292.664
20626, 292.681
20627, 292.682
20628, 292.693
20629, 292.717
20630, 292.73
20631, 292.756
20632, 292.769
20633, 292.783
20634, 292.796
20635, 292.811
20636, 292.838
20637, 292.847
20638, 292.848
20639, 292.852
20640, 292.853
20641, 292.855
20642, 292.888
20643, 292.889
20644, 292.899
20645, 292.903
20646, 292.94
20647, 292.949
20648, 292.95
20649, 292.969
20650, 292.972
20651, 292.975
20652, 292.991
20653, 292.991
20654, 293.006
20655, 293.007
20656, 293.015
20657, 293.021
20658, 293.097
20659, 293.113
20660, 293.114
20661, 293.134
20662, 293.138
20663, 293.148
20664, 293.16
20665, 293.163
20666, 293.194
20667, 293.216
20668, 293.219
20669, 293.223
20670, 293.225
20671, 293.237
20672, 293.239
20673, 293.25
20674, 293.254
20675, 293.264
20676, 293.265
20677, 293.278
20678, 293.285
20679, 293.306
20680, 293.321
20681, 293.335
20682, 293.34
20683, 293.347
20684, 293.354
20685, 293.365
20686, 293.37
20687, 293.379
20688, 293.384
20689, 293.388
20690, 293.404
20691, 293.411
20692, 293.412
20693, 293.421
20694, 293.464
20695, 293.485
20696, 293.507
20697, 293.508
20698, 293.524
20699, 293.553
20700, 293.555
20701, 293.557
20702, 293.566
20703, 293.579
20704, 293.598
20705, 293.6
20706, 293.606
20707, 293.633
20708, 293.638
20709, 293.642
20710, 293.647
20711, 293.656
20712, 293.662
20713, 293.685
20714, 293.709
20715, 293.713
20716, 293.728
20717, 293.731
20718, 293.733
20719, 293.735
20720, 293.774
20721, 293.781
20722, 293.791
20723, 293.798
20724, 293.804
20725, 293.816
20726, 293.82
20727, 293.834
20728, 293.844
20729, 293.868
20730, 293.871
20731, 293.897
20732, 293.905
20733, 293.907
20734, 293.91
20735, 293.91
20736, 293.913
20737, 293.914
20738, 293.926
20739, 293.958
20740, 293.981
20741, 293.993
20742, 293.994
20743, 293.997
20744, 294.005
20745, 294.01
20746, 294.015
20747, 294.016
20748, 294.03
20749, 294.04
20750, 294.061
20751, 294.062
20752, 294.082
20753, 294.084
20754, 294.108
20755, 294.116
20756, 294.131
20757, 294.132
20758, 294.141
20759, 294.163
20760, 294.168
20761, 294.17
20762, 294.216
20763, 294.226
20764, 294.232
20765, 294.233
20766, 294.237
20767, 294.292
20768, 294.295
20769, 294.309
20770, 294.317
20771, 294.326
20772, 294.328
20773, 294.384
20774, 294.399
20775, 294.416
20776, 294.429
20777, 294.442
20778, 294.46
20779, 294.472
20780, 294.487
20781, 294.491
20782, 294.525
20783, 294.526
20784, 294.539
20785, 294.542
20786, 294.562
20787, 294.58
20788, 294.588
20789, 294.597
20790, 294.607
20791, 294.616
20792, 294.624
20793, 294.641
20794, 294.643
20795, 294.651
20796, 294.655
20797, 294.666
20798, 294.684
20799, 294.707
20800, 294.71
20801, 294.746
20802, 294.765
20803, 294.773
20804, 294.787
20805, 294.788
20806, 294.788
20807, 294.794
20808, 294.806
20809, 294.832
20810, 294.832
20811, 294.841
20812, 294.848
20813, 294.865
20814, 294.866
20815, 294.873
20816, 294.875
20817, 294.885
20818, 294.887
20819, 294.896
20820, 294.903
20821, 294.925
20822, 294.93
20823, 294.94
20824, 294.962
20825, 294.991
20826, 294.991
20827, 294.992
20828, 294.998
20829, 295
20830, 295.001
20831, 295.009
20832, 295.023
20833, 295.06
20834, 295.075
20835, 295.08
20836, 295.084
20837, 295.086
20838, 295.091
20839, 295.092
20840, 295.097
20841, 295.099
20842, 295.099
20843, 295.111
20844, 295.114
20845, 295.142
20846, 295.147
20847, 295.193
20848, 295.203
20849, 295.204
20850, 295.204
20851, 295.225
20852, 295.234
20853, 295.245
20854, 295.256
20855, 295.256
20856, 295.27
20857, 295.274
20858, 295.275
20859, 295.277
20860, 295.281
20861, 295.283
20862, 295.298
20863, 295.304
20864, 295.304
20865, 295.307
20866, 295.319
20867, 295.327
20868, 295.341
20869, 295.343
20870, 295.355
20871, 295.361
20872, 295.364
20873, 295.37
20874, 295.373
20875, 295.375
20876, 295.377
20877, 295.379
20878, 295.381
20879, 295.389
20880, 295.397
20881, 295.403
20882, 295.445
20883, 295.451
20884, 295.451
20885, 295.477
20886, 295.478
20887, 295.484
20888, 295.525
20889, 295.53
20890, 295.539
20891, 295.573
20892, 295.58
20893, 295.589
20894, 295.61
20895, 295.616
20896, 295.649
20897, 295.663
20898, 295.672
20899, 295.692
20900, 295.695
20901, 295.696
20902, 295.705
20903, 295.717
20904, 295.73
20905, 295.733
20906, 295.768
20907, 295.773
20908, 295.774
20909, 295.776
20910, 295.79
20911, 295.808
20912, 295.816
20913, 295.824
20914, 295.833
20915, 295.833
20916, 295.85
20917, 295.852
20918, 295.857
20919, 295.866
20920, 295.869
20921, 295.887
20922, 295.91
20923, 295.93
20924, 295.952
20925, 295.959
20926, 295.969
20927, 295.975
20928, 295.986
20929, 295.994
20930, 296.006
20931, 296.008
20932, 296.01
20933, 296.011
20934, 296.012
20935, 296.028
20936, 296.063
20937, 296.066
20938, 296.071
20939, 296.071
20940, 296.143
20941, 296.145
20942, 296.145
20943, 296.216
20944, 296.231
20945, 296.256
20946, 296.262
20947, 296.264
20948, 296.268
20949, 296.269
20950, 296.283
20951, 296.288
20952, 296.3
20953, 296.306
20954, 296.332
20955, 296.345
20956, 296.348
20957, 296.351
20958, 296.353
20959, 296.365
20960, 296.366
20961, 296.388
20962, 296.389
20963, 296.393
20964, 296.4
20965, 296.409
20966, 296.412
20967, 296.418
20968, 296.419
20969, 296.43
20970, 296.439
20971, 296.45
20972, 296.463
20973, 296.469
20974, 296.479
20975, 296.484
20976, 296.5
20977, 296.503
20978, 296.506
20979, 296.525
20980, 296.527
20981, 296.533
20982, 296.54
20983, 296.55
20984, 296.553
20985, 296.553
20986, 296.554
20987, 296.559
20988, 296.587
20989, 296.591
20990, 296.592
20991, 296.605
20992, 296.606
20993, 296.615
20994, 296.628
20995, 296.653
20996, 296.693
20997, 296.705
20998, 296.706
20999, 296.71
21000, 296.711
21001, 296.715
21002, 296.724
21003, 296.724
21004, 296.727
21005, 296.744
21006, 296.749
21007, 296.776
21008, 296.803
21009, 296.829
21010, 296.833
21011, 296.85
21012, 296.884
21013, 296.884
21014, 296.886
21015, 296.888
21016, 296.893
21017, 296.899
21018, 296.903
21019, 296.904
21020, 296.905
21021, 296.915
21022, 296.917
21023, 296.98
21024, 296.986
21025, 297.019
21026, 297.02
21027, 297.024
21028, 297.029
21029, 297.034
21030, 297.045
21031, 297.052
21032, 297.052
21033, 297.075
21034, 297.108
21035, 297.113
21036, 297.121
21037, 297.147
21038, 297.156
21039, 297.168
21040, 297.17
21041, 297.184
21042, 297.194
21043, 297.2
21044, 297.204
21045, 297.214
21046, 297.215
21047, 297.222
21048, 297.222
21049, 297.224
21050, 297.254
21051, 297.255
21052, 297.267
21053, 297.282
21054, 297.298
21055, 297.334
21056, 297.357
21057, 297.368
21058, 297.382
21059, 297.445
21060, 297.458
21061, 297.468
21062, 297.469
21063, 297.484
21064, 297.501
21065, 297.522
21066, 297.541
21067, 297.546
21068, 297.548
21069, 297.55
21070, 297.554
21071, 297.569
21072, 297.602
21073, 297.605
21074, 297.606
21075, 297.613
21076, 297.619
21077, 297.619
21078, 297.622
21079, 297.634
21080, 297.646
21081, 297.651
21082, 297.652
21083, 297.672
21084, 297.701
21085, 297.72
21086, 297.728
21087, 297.754
21088, 297.756
21089, 297.775
21090, 297.775
21091, 297.786
21092, 297.79
21093, 297.791
21094, 297.813
21095, 297.819
21096, 297.831
21097, 297.853
21098, 297.862
21099, 297.892
21100, 297.906
21101, 297.916
21102, 297.918
21103, 297.933
21104, 297.941
21105, 297.943
21106, 297.946
21107, 297.952
21108, 297.994
21109, 298
21110, 298.019
21111, 298.022
21112, 298.035
21113, 298.043
21114, 298.045
21115, 298.049
21116, 298.049
21117, 298.076
21118, 298.085
21119, 298.115
21120, 298.131
21121, 298.153
21122, 298.164
21123, 298.166
21124, 298.167
21125, 298.172
21126, 298.243
21127, 298.263
21128, 298.268
21129, 298.313
21130, 298.322
21131, 298.341
21132, 298.361
21133, 298.368
21134, 298.39
21135, 298.424
21136, 298.435
21137, 298.441
21138, 298.45
21139, 298.455
21140, 298.466
21141, 298.473
21142, 298.479
21143, 298.494
21144, 298.494
21145, 298.503
21146, 298.513
21147, 298.517
21148, 298.533
21149, 298.541
21150, 298.547
21151, 298.568
21152, 298.575
21153, 298.575
21154, 298.583
21155, 298.583
21156, 298.587
21157, 298.595
21158, 298.605
21159, 298.623
21160, 298.655
21161, 298.658
21162, 298.662
21163, 298.68
21164, 298.702
21165, 298.71
21166, 298.72
21167, 298.722
21168, 298.725
21169, 298.733
21170, 298.751
21171, 298.754
21172, 298.755
21173, 298.76
21174, 298.766
21175, 298.766
21176, 298.779
21177, 298.779
21178, 298.788
21179, 298.793
21180, 298.798
21181, 298.815
21182, 298.823
21183, 298.823
21184, 298.829
21185, 298.872
21186, 298.882
21187, 298.909
21188, 298.919
21189, 298.923
21190, 298.927
21191, 298.94
21192, 298.945
21193, 298.953
21194, 298.958
21195, 298.959
21196, 298.991
21197, 298.993
21198, 298.998
21199, 298.998
21200, 299.001
21201, 299.012
21202, 299.03
21203, 299.039
21204, 299.063
21205, 299.085
21206, 299.102
21207, 299.104
21208, 299.109
21209, 299.118
21210, 299.134
21211, 299.151
21212, 299.153
21213, 299.153
21214, 299.168
21215, 299.176
21216, 299.178
21217, 299.182
21218, 299.182
21219, 299.198
21220, 299.227
21221, 299.236
21222, 299.252
21223, 299.252
21224, 299.255
21225, 299.257
21226, 299.27
21227, 299.282
21228, 299.283
21229, 299.315
21230, 299.33
21231, 299.343
21232, 299.362
21233, 299.364
21234, 299.385
21235, 299.389
21236, 299.392
21237, 299.412
21238, 299.425
21239, 299.433
21240, 299.448
21241, 299.492
21242, 299.498
21243, 299.504
21244, 299.517
21245, 299.558
21246, 299.566
21247, 299.569
21248, 299.573
21249, 299.574
21250, 299.578
21251, 299.589
21252, 299.606
21253, 299.607
21254, 299.608
21255, 299.61
21256, 299.614
21257, 299.627
21258, 299.633
21259, 299.643
21260, 299.66
21261, 299.699
21262, 299.759
21263, 299.764
21264, 299.767
21265, 299.78
21266, 299.784
21267, 299.786
21268, 299.81
21269, 299.814
21270, 299.815
21271, 299.83
21272, 299.832
21273, 299.898
21274, 299.918
21275, 299.919
21276, 299.923
21277, 299.935
21278, 299.951
21279, 299.964
21280, 299.975
21281, 299.979
21282, 300.011
21283, 300.024
21284, 300.031
21285, 300.075
21286, 300.092
21287, 300.131
21288, 300.137
21289, 300.144
21290, 300.157
21291, 300.171
21292, 300.179
21293, 300.192
21294, 300.204
21295, 300.248
21296, 300.248
21297, 300.283
21298, 300.293
21299, 300.312
21300, 300.312
21301, 300.316
21302, 300.328
21303, 300.332
21304, 300.341
21305, 300.344
21306, 300.346
21307, 300.348
21308, 300.364
21309, 300.393
21310, 300.398
21311, 300.398
21312, 300.422
21313, 300.425
21314, 300.444
21315, 300.447
21316, 300.483
21317, 300.498
21318, 300.522
21319, 300.529
21320, 300.531
21321, 300.532
21322, 300.545
21323, 300.546
21324, 300.555
21325, 300.566
21326, 300.583
21327, 300.592
21328, 300.597
21329, 300.598
21330, 300.612
21331, 300.634
21332, 300.657
21333, 300.661
21334, 300.669
21335, 300.673
21336, 300.694
21337, 300.695
21338, 300.709
21339, 300.717
21340, 300.73
21341, 300.741
21342, 300.741
21343, 300.742
21344, 300.752
21345, 300.754
21346, 300.755
21347, 300.757
21348, 300.759
21349, 300.766
21350, 300.766
21351, 300.779
21352, 300.786
21353, 300.789
21354, 300.794
21355, 300.812
21356, 300.827
21357, 300.832
21358, 300.842
21359, 300.844
21360, 300.855
21361, 300.867
21362, 300.874
21363, 300.891
21364, 300.892
21365, 300.898
21366, 300.94
21367, 300.959
21368, 300.961
21369, 301.027
21370, 301.047
21371, 301.057
21372, 301.066
21373, 301.076
21374, 301.083
21375, 301.09
21376, 301.097
21377, 301.109
21378, 301.122
21379, 301.153
21380, 301.156
21381, 301.171
21382, 301.179
21383, 301.182
21384, 301.193
21385, 301.196
21386, 301.198
21387, 301.225
21388, 301.252
21389, 301.276
21390, 301.281
21391, 301.286
21392, 301.317
21393, 301.335
21394, 301.344
21395, 301.368
21396, 301.407
21397, 301.442
21398, 301.494
21399, 301.535
21400, 301.544
21401, 301.559
21402, 301.564
21403, 301.565
21404, 301.578
21405, 301.592
21406, 301.605
21407, 301.612
21408, 301.617
21409, 301.622
21410, 301.625
21411, 301.631
21412, 301.632
21413, 301.641
21414, 301.648
21415, 301.655
21416, 301.665
21417, 301.667
21418, 301.668
21419, 301.689
21420, 301.705
21421, 301.729
21422, 301.742
21423, 301.791
21424, 301.8
21425, 301.83
21426, 301.85
21427, 301.866
21428, 301.88
21429, 301.891
21430, 301.899
21431, 301.899
21432, 301.903
21433, 301.912
21434, 301.921
21435, 301.943
21436, 301.943
21437, 301.959
21438, 301.98
21439, 301.982
21440, 301.997
21441, 302.019
21442, 302.05
21443, 302.076
21444, 302.077
21445, 302.106
21446, 302.128
21447, 302.129
21448, 302.134
21449, 302.14
21450, 302.145
21451, 302.146
21452, 302.146
21453, 302.151
21454, 302.19
21455, 302.191
21456, 302.196
21457, 302.202
21458, 302.213
21459, 302.213
21460, 302.223
21461, 302.242
21462, 302.251
21463, 302.26
21464, 302.266
21465, 302.271
21466, 302.285
21467, 302.312
21468, 302.326
21469, 302.326
21470, 302.327
21471, 302.334
21472, 302.338
21473, 302.339
21474, 302.346
21475, 302.354
21476, 302.382
21477, 302.389
21478, 302.406
21479, 302.417
21480, 302.417
21481, 302.418
21482, 302.418
21483, 302.421
21484, 302.429
21485, 302.43
21486, 302.463
21487, 302.481
21488, 302.486
21489, 302.509
21490, 302.521
21491, 302.534
21492, 302.56
21493, 302.562
21494, 302.564
21495, 302.575
21496, 302.602
21497, 302.611
21498, 302.619
21499, 302.62
21500, 302.626
21501, 302.639
21502, 302.665
21503, 302.678
21504, 302.681
21505, 302.683
21506, 302.689
21507, 302.701
21508, 302.715
21509, 302.721
21510, 302.74
21511, 302.744
21512, 302.75
21513, 302.752
21514, 302.754
21515, 302.762
21516, 302.773
21517, 302.805
21518, 302.815
21519, 302.823
21520, 302.823
21521, 302.838
21522, 302.851
21523, 302.855
21524, 302.891
21525, 302.901
21526, 302.909
21527, 302.91
21528, 302.958
21529, 302.963
21530, 303.011
21531, 303.037
21532, 303.039
21533, 303.046
21534, 303.047
21535, 303.053
21536, 303.087
21537, 303.091
21538, 303.104
21539, 303.107
21540, 303.12
21541, 303.134
21542, 303.145
21543, 303.154
21544, 303.159
21545, 303.188
21546, 303.217
21547, 303.239
21548, 303.24
21549, 303.259
21550, 303.304
21551, 303.308
21552, 303.33
21553, 303.333
21554, 303.346
21555, 303.357
21556, 303.361
21557, 303.394
21558, 303.411
21559, 303.431
21560, 303.438
21561, 303.443
21562, 303.451
21563, 303.454
21564, 303.455
21565, 303.459
21566, 303.475
21567, 303.481
21568, 303.509
21569, 303.519
21570, 303.536
21571, 303.572
21572, 303.578
21573, 303.582
21574, 303.593
21575, 303.604
21576, 303.626
21577, 303.629
21578, 303.63
21579, 303.631
21580, 303.649
21581, 303.655
21582, 303.676
21583, 303.678
21584, 303.679
21585, 303.686
21586, 303.696
21587, 303.709
21588, 303.726
21589, 303.734
21590, 303.743
21591, 303.75
21592, 303.816
21593, 303.829
21594, 303.832
21595, 303.845
21596, 303.871
21597, 303.876
21598, 303.879
21599, 303.88
21600, 303.884
21601, 303.894
21602, 303.905
21603, 303.97
21604, 304.004
21605, 304.006
21606, 304.014
21607, 304.04
21608, 304.074
21609, 304.077
21610, 304.088
21611, 304.101
21612, 304.114
21613, 304.15
21614, 304.158
21615, 304.196
21616, 304.215
21617, 304.24
21618, 304.263
21619, 304.284
21620, 304.304
21621, 304.339
21622, 304.34
21623, 304.373
21624, 304.39
21625, 304.434
21626, 304.443
21627, 304.449
21628, 304.462
21629, 304.462
21630, 304.482
21631, 304.51
21632, 304.512
21633, 304.536
21634, 304.55
21635, 304.55
21636, 304.57
21637, 304.574
21638, 304.598
21639, 304.654
21640, 304.689
21641, 304.689
21642, 304.692
21643, 304.73
21644, 304.764
21645, 304.787
21646, 304.787
21647, 304.796
21648, 304.816
21649, 304.852
21650, 304.852
21651, 304.854
21652, 304.862
21653, 304.872
21654, 304.899
21655, 304.932
21656, 304.941
21657, 304.944
21658, 304.946
21659, 304.951
21660, 304.963
21661, 304.976
21662, 304.986
21663, 304.987
21664, 304.992
21665, 305.008
21666, 305.025
21667, 305.051
21668, 305.057
21669, 305.067
21670, 305.074
21671, 305.09
21672, 305.114
21673, 305.117
21674, 305.122
21675, 305.138
21676, 305.145
21677, 305.173
21678, 305.208
21679, 305.214
21680, 305.242
21681, 305.25
21682, 305.278
21683, 305.292
21684, 305.296
21685, 305.3
21686, 305.309
21687, 305.345
21688, 305.392
21689, 305.428
21690, 305.448
21691, 305.491
21692, 305.492
21693, 305.526
21694, 305.535
21695, 305.549
21696, 305.57
21697, 305.588
21698, 305.595
21699, 305.611
21700, 305.681
21701, 305.696
21702, 305.696
21703, 305.711
21704, 305.711
21705, 305.729
21706, 305.738
21707, 305.746
21708, 305.763
21709, 305.768
21710, 305.792
21711, 305.795
21712, 305.8
21713, 305.816
21714, 305.817
21715, 305.838
21716, 305.838
21717, 305.845
21718, 305.854
21719, 305.858
21720, 305.865
21721, 305.872
21722, 305.893
21723, 305.918
21724, 305.952
21725, 305.966
21726, 305.974
21727, 306.015
21728, 306.016
21729, 306.025
21730, 306.026
21731, 306.058
21732, 306.084
21733, 306.089
21734, 306.092
21735, 306.194
21736, 306.199
21737, 306.2
21738, 306.213
21739, 306.225
21740, 306.259
21741, 306.26
21742, 306.278
21743, 306.283
21744, 306.284
21745, 306.288
21746, 306.298
21747, 306.299
21748, 306.301
21749, 306.339
21750, 306.344
21751, 306.358
21752, 306.375
21753, 306.377
21754, 306.443
21755, 306.449
21756, 306.471
21757, 306.491
21758, 306.505
21759, 306.544
21760, 306.579
21761, 306.581
21762, 306.582
21763, 306.616
21764, 306.627
21765, 306.628
21766, 306.635
21767, 306.643
21768, 306.645
21769, 306.679
21770, 306.699
21771, 306.702
21772, 306.703
21773, 306.713
21774, 306.719
21775, 306.722
21776, 306.723
21777, 306.776
21778, 306.777
21779, 306.802
21780, 306.825
21781, 306.882
21782, 306.915
21783, 306.922
21784, 306.939
21785, 306.943
21786, 306.968
21787, 306.989
21788, 306.99
21789, 306.996
21790, 306.998
21791, 307.01
21792, 307.026
21793, 307.034
21794, 307.064
21795, 307.069
21796, 307.077
21797, 307.079
21798, 307.09
21799, 307.105
21800, 307.111
21801, 307.117
21802, 307.133
21803, 307.141
21804, 307.142
21805, 307.203
21806, 307.216
21807, 307.234
21808, 307.249
21809, 307.249
21810, 307.263
21811, 307.265
21812, 307.266
21813, 307.273
21814, 307.286
21815, 307.29
21816, 307.292
21817, 307.302
21818, 307.303
21819, 307.334
21820, 307.348
21821, 307.36
21822, 307.378
21823, 307.379
21824, 307.395
21825, 307.402
21826, 307.439
21827, 307.489
21828, 307.497
21829, 307.506
21830, 307.562
21831, 307.575
21832, 307.589
21833, 307.625
21834, 307.645
21835, 307.663
21836, 307.677
21837, 307.679
21838, 307.692
21839, 307.695
21840, 307.705
21841, 307.758
21842, 307.773
21843, 307.78
21844, 307.784
21845, 307.805
21846, 307.813
21847, 307.818
21848, 307.826
21849, 307.828
21850, 307.849
21851, 307.863
21852, 307.863
21853, 307.88
21854, 307.887
21855, 307.899
21856, 307.914
21857, 307.945
21858, 307.951
21859, 307.957
21860, 307.964
21861, 307.972
21862, 307.972
21863, 308.012
21864, 308.059
21865, 308.068
21866, 308.069
21867, 308.091
21868, 308.096
21869, 308.098
21870, 308.105
21871, 308.119
21872, 308.129
21873, 308.14
21874, 308.144
21875, 308.145
21876, 308.148
21877, 308.167
21878, 308.171
21879, 308.183
21880, 308.19
21881, 308.225
21882, 308.25
21883, 308.263
21884, 308.287
21885, 308.293
21886, 308.323
21887, 308.336
21888, 308.336
21889, 308.338
21890, 308.34
21891, 308.346
21892, 308.36
21893, 308.39
21894, 308.42
21895, 308.431
21896, 308.436
21897, 308.45
21898, 308.473
21899, 308.486
21900, 308.494
21901, 308.499
21902, 308.507
21903, 308.529
21904, 308.538
21905, 308.543
21906, 308.56
21907, 308.564
21908, 308.573
21909, 308.6
21910, 308.612
21911, 308.618
21912, 308.62
21913, 308.635
21914, 308.648
21915, 308.663
21916, 308.666
21917, 308.688
21918, 308.692
21919, 308.706
21920, 308.735
21921, 308.738
21922, 308.74
21923, 308.748
21924, 308.771
21925, 308.777
21926, 308.779
21927, 308.829
21928, 308.861
21929, 308.879
21930, 308.89
21931, 308.891
21932, 308.897
21933, 308.898
21934, 308.912
21935, 308.923
21936, 308.93
21937, 308.935
21938, 308.955
21939, 308.955
21940, 308.979
21941, 309.005
21942, 309.02
21943, 309.025
21944, 309.034
21945, 309.036
21946, 309.046
21947, 309.063
21948, 309.07
21949, 309.101
21950, 309.116
21951, 309.183
21952, 309.205
21953, 309.214
21954, 309.215
21955, 309.253
21956, 309.254
21957, 309.269
21958, 309.282
21959, 309.295
21960, 309.302
21961, 309.307
21962, 309.326
21963, 309.335
21964, 309.341
21965, 309.372
21966, 309.388
21967, 309.399
21968, 309.435
21969, 309.437
21970, 309.444
21971, 309.455
21972, 309.456
21973, 309.471
21974, 309.48
21975, 309.485
21976, 309.495
21977, 309.508
21978, 309.524
21979, 309.558
21980, 309.56
21981, 309.609
21982, 309.612
21983, 309.636
21984, 309.644
21985, 309.684
21986, 309.694
21987, 309.695
21988, 309.707
21989, 309.738
21990, 309.748
21991, 309.757
21992, 309.758
21993, 309.788
21994, 309.801
21995, 309.804
21996, 309.833
21997, 309.846
21998, 309.855
21999, 309.866
22000, 309.895
22001, 309.927
22002, 309.946
22003, 309.948
22004, 309.95
22005, 309.966
22006, 309.969
22007, 309.976
22008, 309.979
22009, 310
22010, 310.017
22011, 310.031
22012, 310.036
22013, 310.038
22014, 310.075
22015, 310.077
22016, 310.11
22017, 310.116
22018, 310.142
22019, 310.143
22020, 310.148
22021, 310.152
22022, 310.194
22023, 310.197
22024, 310.22
22025, 310.234
22026, 310.254
22027, 310.256
22028, 310.262
22029, 310.263
22030, 310.278
22031, 310.279
22032, 310.328
22033, 310.331
22034, 310.332
22035, 310.351
22036, 310.38
22037, 310.387
22038, 310.418
22039, 310.437
22040, 310.454
22041, 310.458
22042, 310.482
22043, 310.505
22044, 310.514
22045, 310.55
22046, 310.551
22047, 310.563
22048, 310.569
22049, 310.615
22050, 310.626
22051, 310.639
22052, 310.656
22053, 310.687
22054, 310.707
22055, 310.741
22056, 310.745
22057, 310.755
22058, 310.763
22059, 310.789
22060, 310.792
22061, 310.797
22062, 310.798
22063, 310.817
22064, 310.826
22065, 310.829
22066, 310.832
22067, 310.838
22068, 310.853
22069, 310.866
22070, 310.878
22071, 310.898
22072, 310.905
22073, 310.929
22074, 310.969
22075, 310.986
22076, 310.992
22077, 310.992
22078, 310.994
22079, 311.006
22080, 311.019
22081, 311.021
22082, 311.026
22083, 311.033
22084, 311.04
22085, 311.06
22086, 311.064
22087, 311.079
22088, 311.082
22089, 311.093
22090, 311.103
22091, 311.104
22092, 311.125
22093, 311.142
22094, 311.144
22095, 311.2
22096, 311.205
22097, 311.213
22098, 311.214
22099, 311.221
22100, 311.23
22101, 311.257
22102, 311.304
22103, 311.308
22104, 311.385
22105, 311.407
22106, 311.409
22107, 311.415
22108, 311.43
22109, 311.438
22110, 311.447
22111, 311.457
22112, 311.46
22113, 311.463
22114, 311.494
22115, 311.496
22116, 311.496
22117, 311.512
22118, 311.515
22119, 311.534
22120, 311.558
22121, 311.567
22122, 311.575
22123, 311.593
22124, 311.624
22125, 311.64
22126, 311.643
22127, 311.647
22128, 311.651
22129, 311.732
22130, 311.74
22131, 311.743
22132, 311.754
22133, 311.807
22134, 311.821
22135, 311.824
22136, 311.827
22137, 311.828
22138, 311.832
22139, 311.847
22140, 311.91
22141, 311.925
22142, 311.931
22143, 311.938
22144, 311.94
22145, 311.944
22146, 311.955
22147, 311.965
22148, 311.967
22149, 311.97
22150, 311.973
22151, 311.974
22152, 311.989
22153, 312.012
22154, 312.044
22155, 312.05
22156, 312.07
22157, 312.078
22158, 312.103
22159, 312.122
22160, 312.125
22161, 312.136
22162, 312.138
22163, 312.168
22164, 312.168
22165, 312.203
22166, 312.257
22167, 312.271
22168, 312.277
22169, 312.285
22170, 312.314
22171, 312.325
22172, 312.329
22173, 312.333
22174, 312.348
22175, 312.41
22176, 312.418
22177, 312.42
22178, 312.446
22179, 312.47
22180, 312.482
22181, 312.506
22182, 312.508
22183, 312.53
22184, 312.541
22185, 312.566
22186, 312.582
22187, 312.623
22188, 312.646
22189, 312.673
22190, 312.685
22191, 312.697
22192, 312.719
22193, 312.72
22194, 312.724
22195, 312.749
22196, 312.801
22197, 312.803
22198, 312.855
22199, 312.859
22200, 312.861
22201, 312.876
22202, 312.897
22203, 312.923
22204, 312.932
22205, 312.932
22206, 312.933
22207, 312.937
22208, 312.938
22209, 312.968
22210, 312.977
22211, 313
22212, 313.008
22213, 313.008
22214, 313.026
22215, 313.039
22216, 313.06
22217, 313.088
22218, 313.088
22219, 313.091
22220, 313.1
22221, 313.101
22222, 313.107
22223, 313.165
22224, 313.173
22225, 313.218
22226, 313.225
22227, 313.228
22228, 313.243
22229, 313.284
22230, 313.294
22231, 313.298
22232, 313.304
22233, 313.312
22234, 313.359
22235, 313.381
22236, 313.399
22237, 313.4
22238, 313.401
22239, 313.427
22240, 313.428
22241, 313.434
22242, 313.486
22243, 313.516
22244, 313.531
22245, 313.546
22246, 313.578
22247, 313.586
22248, 313.594
22249, 313.604
22250, 313.608
22251, 313.622
22252, 313.63
22253, 313.637
22254, 313.65
22255, 313.676
22256, 313.713
22257, 313.726
22258, 313.728
22259, 313.729
22260, 313.755
22261, 313.757
22262, 313.772
22263, 313.781
22264, 313.782
22265, 313.798
22266, 313.801
22267, 313.84
22268, 313.848
22269, 313.865
22270, 313.894
22271, 313.92
22272, 313.922
22273, 313.923
22274, 313.931
22275, 313.966
22276, 313.992
22277, 313.997
22278, 314.029
22279, 314.029
22280, 314.031
22281, 314.059
22282, 314.076
22283, 314.081
22284, 314.106
22285, 314.165
22286, 314.185
22287, 314.187
22288, 314.19
22289, 314.217
22290, 314.25
22291, 314.273
22292, 314.274
22293, 314.291
22294, 314.315
22295, 314.317
22296, 314.365
22297, 314.373
22298, 314.388
22299, 314.405
22300, 314.422
22301, 314.422
22302, 314.437
22303, 314.441
22304, 314.457
22305, 314.458
22306, 314.462
22307, 314.477
22308, 314.505
22309, 314.506
22310, 314.511
22311, 314.535
22312, 314.548
22313, 314.602
22314, 314.615
22315, 314.619
22316, 314.625
22317, 314.634
22318, 314.638
22319, 314.645
22320, 314.656
22321, 314.674
22322, 314.694
22323, 314.715
22324, 314.747
22325, 314.755
22326, 314.773
22327, 314.791
22328, 314.792
22329, 314.794
22330, 314.814
22331, 314.816
22332, 314.828
22333, 314.851
22334, 314.933
22335, 314.943
22336, 314.944
22337, 314.953
22338, 314.959
22339, 314.972
22340, 315.005
22341, 315.007
22342, 315.065
22343, 315.086
22344, 315.143
22345, 315.165
22346, 315.205
22347, 315.208
22348, 315.22
22349, 315.259
22350, 315.273
22351, 315.278
22352, 315.286
22353, 315.36
22354, 315.363
22355, 315.365
22356, 315.384
22357, 315.421
22358, 315.462
22359, 315.463
22360, 315.489
22361, 315.518
22362, 315.52
22363, 315.535
22364, 315.541
22365, 315.56
22366, 315.589
22367, 315.6
22368, 315.601
22369, 315.61
22370, 315.624
22371, 315.627
22372, 315.667
22373, 315.693
22374, 315.744
22375, 315.76
22376, 315.762
22377, 315.764
22378, 315.767
22379, 315.784
22380, 315.809
22381, 315.832
22382, 315.834
22383, 315.835
22384, 315.839
22385, 315.933
22386, 315.984
22387, 316.016
22388, 316.06
22389, 316.063
22390, 316.084
22391, 316.102
22392, 316.104
22393, 316.111
22394, 316.17
22395, 316.174
22396, 316.244
22397, 316.245
22398, 316.254
22399, 316.285
22400, 316.305
22401, 316.325
22402, 316.33
22403, 316.378
22404, 316.381
22405, 316.382
22406, 316.415
22407, 316.432
22408, 316.443
22409, 316.467
22410, 316.484
22411, 316.487
22412, 316.499
22413, 316.508
22414, 316.547
22415, 316.553
22416, 316.566
22417, 316.574
22418, 316.575
22419, 316.576
22420, 316.621
22421, 316.628
22422, 316.643
22423, 316.647
22424, 316.68
22425, 316.683
22426, 316.738
22427, 316.738
22428, 316.762
22429, 316.769
22430, 316.792
22431, 316.814
22432, 316.823
22433, 316.842
22434, 316.848
22435, 316.851
22436, 316.852
22437, 316.889
22438, 316.891
22439, 316.902
22440, 316.939
22441, 316.945
22442, 316.946
22443, 316.951
22444, 316.974
22445, 316.985
22446, 317.044
22447, 317.046
22448, 317.047
22449, 317.082
22450, 317.087
22451, 317.143
22452, 317.144
22453, 317.164
22454, 317.181
22455, 317.184
22456, 317.236
22457, 317.243
22458, 317.264
22459, 317.268
22460, 317.274
22461, 317.283
22462, 317.287
22463, 317.295
22464, 317.306
22465, 317.336
22466, 317.36
22467, 317.378
22468, 317.417
22469, 317.426
22470, 317.429
22471, 317.437
22472, 317.478
22473, 317.483
22474, 317.487
22475, 317.538
22476, 317.554
22477, 317.577
22478, 317.597
22479, 317.599
22480, 317.629
22481, 317.68
22482, 317.684
22483, 317.696
22484, 317.697
22485, 317.702
22486, 317.729
22487, 317.788
22488, 317.848
22489, 317.884
22490, 317.91
22491, 317.915
22492, 317.916
22493, 317.934
22494, 317.947
22495, 317.966
22496, 317.977
22497, 317.984
22498, 318.009
22499, 318.024
22500, 318.028
22501, 318.03
22502, 318.031
22503, 318.047
22504, 318.054
22505, 318.097
22506, 318.112
22507, 318.12
22508, 318.121
22509, 318.129
22510, 318.149
22511, 318.163
22512, 318.169
22513, 318.188
22514, 318.231
22515, 318.264
22516, 318.282
22517, 318.286
22518, 318.287
22519, 318.292
22520, 318.333
22521, 318.345
22522, 318.364
22523, 318.378
22524, 318.381
22525, 318.392
22526, 318.401
22527, 318.424
22528, 318.433
22529, 318.437
22530, 318.441
22531, 318.462
22532, 318.476
22533, 318.481
22534, 318.495
22535, 318.496
22536, 318.503
22537, 318.543
22538, 318.553
22539, 318.561
22540, 318.576
22541, 318.585
22542, 318.594
22543, 318.595
22544, 318.608
22545, 318.641
22546, 318.662
22547, 318.663
22548, 318.693
22549, 318.693
22550, 318.695
22551, 318.697
22552, 318.709
22553, 318.768
22554, 318.777
22555, 318.79
22556, 318.825
22557, 318.828
22558, 318.833
22559, 318.841
22560, 318.862
22561, 318.867
22562, 318.877
22563, 318.907
22564, 318.918
22565, 318.957
22566, 318.959
22567, 318.963
22568, 318.997
22569, 319.018
22570, 319.035
22571, 319.035
22572, 319.048
22573, 319.048
22574, 319.063
22575, 319.071
22576, 319.102
22577, 319.117
22578, 319.143
22579, 319.151
22580, 319.161
22581, 319.177
22582, 319.181
22583, 319.196
22584, 319.201
22585, 319.203
22586, 319.203
22587, 319.216
22588, 319.217
22589, 319.25
22590, 319.279
22591, 319.282
22592, 319.288
22593, 319.319
22594, 319.343
22595, 319.356
22596, 319.361
22597, 319.364
22598, 319.415
22599, 319.425
22600, 319.438
22601, 319.447
22602, 319.45
22603, 319.543
22604, 319.551
22605, 319.556
22606, 319.611
22607, 319.62
22608, 319.622
22609, 319.632
22610, 319.655
22611, 319.681
22612, 319.693
22613, 319.709
22614, 319.717
22615, 319.721
22616, 319.743
22617, 319.768
22618, 319.777
22619, 319.792
22620, 319.796
22621, 319.798
22622, 319.805
22623, 319.817
22624, 319.889
22625, 319.892
22626, 319.911
22627, 319.919
22628, 319.973
22629, 319.992
22630, 320.016
22631, 320.018
22632, 320.053
22633, 320.058
22634, 320.084
22635, 320.13
22636, 320.144
22637, 320.159
22638, 320.162
22639, 320.165
22640, 320.174
22641, 320.183
22642, 320.198
22643, 320.211
22644, 320.223
22645, 320.227
22646, 320.234
22647, 320.322
22648, 320.322
22649, 320.34
22650, 320.363
22651, 320.367
22652, 320.389
22653, 320.422
22654, 320.432
22655, 320.439
22656, 320.447
22657, 320.45
22658, 320.453
22659, 320.454
22660, 320.476
22661, 320.487
22662, 320.498
22663, 320.498
22664, 320.515
22665, 320.525
22666, 320.528
22667, 320.551
22668, 320.605
22669, 320.629
22670, 320.663
22671, 320.669
22672, 320.698
22673, 320.702
22674, 320.749
22675, 320.755
22676, 320.774
22677, 320.794
22678, 320.794
22679, 320.8
22680, 320.805
22681, 320.85
22682, 320.853
22683, 320.88
22684, 320.894
22685, 320.897
22686, 320.918
22687, 320.988
22688, 320.998
22689, 321.047
22690, 321.051
22691, 321.067
22692, 321.076
22693, 321.099
22694, 321.125
22695, 321.186
22696, 321.205
22697, 321.215
22698, 321.217
22699, 321.27
22700, 321.271
22701, 321.276
22702, 321.358
22703, 321.371
22704, 321.372
22705, 321.372
22706, 321.378
22707, 321.39
22708, 321.459
22709, 321.465
22710, 321.516
22711, 321.536
22712, 321.561
22713, 321.579
22714, 321.588
22715, 321.591
22716, 321.595
22717, 321.675
22718, 321.718
22719, 321.741
22720, 321.753
22721, 321.76
22722, 321.764
22723, 321.777
22724, 321.777
22725, 321.781
22726, 321.792
22727, 321.82
22728, 321.833
22729, 321.835
22730, 321.845
22731, 321.859
22732, 321.921
22733, 321.931
22734, 321.991
22735, 322.02
22736, 322.022
22737, 322.024
22738, 322.031
22739, 322.041
22740, 322.063
22741, 322.108
22742, 322.113
22743, 322.129
22744, 322.173
22745, 322.176
22746, 322.198
22747, 322.3
22748, 322.308
22749, 322.331
22750, 322.334
22751, 322.359
22752, 322.36
22753, 322.412
22754, 322.418
22755, 322.418
22756, 322.426
22757, 322.444
22758, 322.453
22759, 322.467
22760, 322.497
22761, 322.507
22762, 322.51
22763, 322.528
22764, 322.54
22765, 322.557
22766, 322.573
22767, 322.61
22768, 322.625
22769, 322.625
22770, 322.65
22771, 322.675
22772, 322.692
22773, 322.708
22774, 322.714
22775, 322.74
22776, 322.766
22777, 322.776
22778, 322.784
22779, 322.826
22780, 322.831
22781, 322.859
22782, 322.873
22783, 322.876
22784, 322.893
22785, 322.908
22786, 322.913
22787, 322.951
22788, 322.963
22789, 322.977
22790, 322.982
22791, 322.989
22792, 323.001
22793, 323.002
22794, 323.023
22795, 323.029
22796, 323.035
22797, 323.036
22798, 323.042
22799, 323.093
22800, 323.136
22801, 323.27
22802, 323.284
22803, 323.293
22804, 323.333
22805, 323.335
22806, 323.342
22807, 323.368
22808, 323.392
22809, 323.401
22810, 323.406
22811, 323.411
22812, 323.413
22813, 323.421
22814, 323.444
22815, 323.451
22816, 323.462
22817, 323.465
22818, 323.469
22819, 323.475
22820, 323.494
22821, 323.5
22822, 323.531
22823, 323.543
22824, 323.576
22825, 323.611
22826, 323.614
22827, 323.657
22828, 323.666
22829, 323.692
22830, 323.735
22831, 323.779
22832, 323.787
22833, 323.8
22834, 323.829
22835, 323.865
22836, 323.868
22837, 323.877
22838, 323.889
22839, 323.948
22840, 323.966
22841, 323.988
22842, 324.009
22843, 324.025
22844, 324.03
22845, 324.05
22846, 324.064
22847, 324.07
22848, 324.071
22849, 324.128
22850, 324.138
22851, 324.154
22852, 324.158
22853, 324.165
22854, 324.191
22855, 324.205
22856, 324.211
22857, 324.251
22858, 324.37
22859, 324.379
22860, 324.381
22861, 324.399
22862, 324.403
22863, 324.411
22864, 324.415
22865, 324.438
22866, 324.453
22867, 324.47
22868, 324.484
22869, 324.484
22870, 324.532
22871, 324.534
22872, 324.548
22873, 324.612
22874, 324.637
22875, 324.646
22876, 324.655
22877, 324.681
22878, 324.696
22879, 324.723
22880, 324.726
22881, 324.74
22882, 324.754
22883, 324.757
22884, 324.758
22885, 324.762
22886, 324.786
22887, 324.792
22888, 324.796
22889, 324.8
22890, 324.814
22891, 324.855
22892, 324.877
22893, 324.886
22894, 324.893
22895, 324.909
22896, 324.911
22897, 324.93
22898, 324.948
22899, 324.962
22900, 324.964
22901, 324.987
22902, 324.989
22903, 325.026
22904, 325.046
22905, 325.11
22906, 325.152
22907, 325.241
22908, 325.243
22909, 325.31
22910, 325.323
22911, 325.339
22912, 325.342
22913, 325.383
22914, 325.446
22915, 325.446
22916, 325.448
22917, 325.483
22918, 325.491
22919, 325.501
22920, 325.516
22921, 325.543
22922, 325.546
22923, 325.55
22924, 325.558
22925, 325.641
22926, 325.642
22927, 325.66
22928, 325.666
22929, 325.68
22930, 325.688
22931, 325.691
22932, 325.724
22933, 325.734
22934, 325.736
22935, 325.75
22936, 325.758
22937, 325.761
22938, 325.776
22939, 325.828
22940, 325.863
22941, 325.864
22942, 325.904
22943, 325.911
22944, 325.917
22945, 325.925
22946, 325.931
22947, 325.95
22948, 325.986
22949, 325.991
22950, 326.01
22951, 326.134
22952, 326.135
22953, 326.137
22954, 326.148
22955, 326.172
22956, 326.209
22957, 326.226
22958, 326.228
22959, 326.241
22960, 326.25
22961, 326.269
22962, 326.274
22963, 326.289
22964, 326.314
22965, 326.335
22966, 326.349
22967, 326.354
22968, 326.355
22969, 326.364
22970, 326.368
22971, 326.373
22972, 326.385
22973, 326.425
22974, 326.43
22975, 326.437
22976, 326.439
22977, 326.477
22978, 326.478
22979, 326.518
22980, 326.525
22981, 326.541
22982, 326.588
22983, 326.595
22984, 326.613
22985, 326.616
22986, 326.618
22987, 326.63
22988, 326.644
22989, 326.682
22990, 326.69
22991, 326.702
22992, 326.717
22993, 326.732
22994, 326.844
22995, 326.868
22996, 326.903
22997, 326.915
22998, 326.922
22999, 326.97
23000, 326.981
23001, 326.995
23002, 327.003
23003, 327.046
23004, 327.068
23005, 327.119
23006, 327.193
23007, 327.196
23008, 327.259
23009, 327.307
23010, 327.312
23011, 327.328
23012, 327.339
23013, 327.343
23014, 327.37
23015, 327.371
23016, 327.449
23017, 327.457
23018, 327.463
23019, 327.469
23020, 327.493
23021, 327.559
23022, 327.568
23023, 327.585
23024, 327.601
23025, 327.611
23026, 327.613
23027, 327.62
23028, 327.634
23029, 327.642
23030, 327.657
23031, 327.678
23032, 327.71
23033, 327.71
23034, 327.739
23035, 327.755
23036, 327.826
23037, 327.844
23038, 327.867
23039, 327.956
23040, 327.97
23041, 327.977
23042, 328.012
23043, 328.028
23044, 328.042
23045, 328.047
23046, 328.104
23047, 328.113
23048, 328.116
23049, 328.159
23050, 328.169
23051, 328.192
23052, 328.194
23053, 328.217
23054, 328.225
23055, 328.226
23056, 328.234
23057, 328.246
23058, 328.247
23059, 328.262
23060, 328.29
23061, 328.292
23062, 328.324
23063, 328.351
23064, 328.375
23065, 328.393
23066, 328.417
23067, 328.438
23068, 328.478
23069, 328.494
23070, 328.498
23071, 328.505
23072, 328.508
23073, 328.51
23074, 328.555
23075, 328.557
23076, 328.57
23077, 328.638
23078, 328.645
23079, 328.645
23080, 328.668
23081, 328.676
23082, 328.684
23083, 328.698
23084, 328.705
23085, 328.726
23086, 328.745
23087, 328.748
23088, 328.75
23089, 328.756
23090, 328.782
23091, 328.8
23092, 328.819
23093, 328.832
23094, 328.847
23095, 328.851
23096, 328.858
23097, 328.899
23098, 328.907
23099, 328.92
23100, 328.922
23101, 328.94
23102, 328.942
23103, 328.943
23104, 328.984
23105, 328.989
23106, 328.997
23107, 329.005
23108, 329.025
23109, 329.036
23110, 329.05
23111, 329.058
23112, 329.09
23113, 329.093
23114, 329.101
23115, 329.105
23116, 329.109
23117, 329.119
23118, 329.152
23119, 329.172
23120, 329.228
23121, 329.241
23122, 329.273
23123, 329.276
23124, 329.313
23125, 329.319
23126, 329.352
23127, 329.354
23128, 329.36
23129, 329.362
23130, 329.394
23131, 329.398
23132, 329.399
23133, 329.42
23134, 329.441
23135, 329.463
23136, 329.468
23137, 329.509
23138, 329.512
23139, 329.568
23140, 329.568
23141, 329.57
23142, 329.606
23143, 329.614
23144, 329.658
23145, 329.659
23146, 329.69
23147, 329.697
23148, 329.737
23149, 329.773
23150, 329.82
23151, 329.825
23152, 329.844
23153, 329.915
23154, 329.935
23155, 330.017
23156, 330.025
23157, 330.058
23158, 330.089
23159, 330.1
23160, 330.194
23161, 330.196
23162, 330.2
23163, 330.216
23164, 330.232
23165, 330.236
23166, 330.247
23167, 330.299
23168, 330.307
23169, 330.327
23170, 330.336
23171, 330.374
23172, 330.397
23173, 330.406
23174, 330.433
23175, 330.44
23176, 330.466
23177, 330.473
23178, 330.482
23179, 330.484
23180, 330.486
23181, 330.49
23182, 330.492
23183, 330.516
23184, 330.533
23185, 330.547
23186, 330.553
23187, 330.557
23188, 330.604
23189, 330.605
23190, 330.612
23191, 330.649
23192, 330.753
23193, 330.797
23194, 330.806
23195, 330.831
23196, 330.866
23197, 330.867
23198, 330.873
23199, 330.88
23200, 330.881
23201, 330.917
23202, 330.949
23203, 330.96
23204, 330.964
23205, 330.976
23206, 330.995
23207, 331.006
23208, 331.009
23209, 331.012
23210, 331.018
23211, 331.025
23212, 331.031
23213, 331.055
23214, 331.068
23215, 331.117
23216, 331.13
23217, 331.184
23218, 331.2
23219, 331.207
23220, 331.208
23221, 331.24
23222, 331.245
23223, 331.25
23224, 331.26
23225, 331.286
23226, 331.353
23227, 331.374
23228, 331.405
23229, 331.41
23230, 331.435
23231, 331.443
23232, 331.447
23233, 331.467
23234, 331.486
23235, 331.49
23236, 331.493
23237, 331.507
23238, 331.523
23239, 331.543
23240, 331.543
23241, 331.568
23242, 331.569
23243, 331.598
23244, 331.628
23245, 331.631
23246, 331.636
23247, 331.636
23248, 331.66
23249, 331.734
23250, 331.755
23251, 331.757
23252, 331.812
23253, 331.838
23254, 331.878
23255, 331.907
23256, 331.996
23257, 332.005
23258, 332.005
23259, 332.009
23260, 332.009
23261, 332.011
23262, 332.048
23263, 332.066
23264, 332.072
23265, 332.078
23266, 332.086
23267, 332.095
23268, 332.119
23269, 332.15
23270, 332.157
23271, 332.211
23272, 332.226
23273, 332.24
23274, 332.24
23275, 332.243
23276, 332.245
23277, 332.257
23278, 332.261
23279, 332.288
23280, 332.289
23281, 332.294
23282, 332.312
23283, 332.381
23284, 332.386
23285, 332.428
23286, 332.467
23287, 332.49
23288, 332.508
23289, 332.529
23290, 332.545
23291, 332.553
23292, 332.564
23293, 332.57
23294, 332.574
23295, 332.577
23296, 332.599
23297, 332.61
23298, 332.616
23299, 332.619
23300, 332.677
23301, 332.706
23302, 332.712
23303, 332.715
23304, 332.717
23305, 332.736
23306, 332.746
23307, 332.782
23308, 332.792
23309, 332.817
23310, 332.834
23311, 332.846
23312, 332.907
23313, 332.908
23314, 332.913
23315, 332.916
23316, 332.951
23317, 332.962
23318, 332.99
23319, 333.12
23320, 333.14
23321, 333.145
23322, 333.155
23323, 333.164
23324, 333.185
23325, 333.192
23326, 333.193
23327, 333.21
23328, 333.24
23329, 333.274
23330, 333.297
23331, 333.301
23332, 333.369
23333, 333.375
23334, 333.376
23335, 333.395
23336, 333.411
23337, 333.412
23338, 333.413
23339, 333.419
23340, 333.423
23341, 333.427
23342, 333.469
23343, 333.499
23344, 333.5
23345, 333.628
23346, 333.688
23347, 333.716
23348, 333.723
23349, 333.75
23350, 333.775
23351, 333.781
23352, 333.814
23353, 333.821
23354, 333.842
23355, 333.89
23356, 333.959
23357, 333.963
23358, 333.97
23359, 333.995
23360, 334.004
23361, 334.06
23362, 334.094
23363, 334.1
23364, 334.106
23365, 334.119
23366, 334.128
23367, 334.139
23368, 334.157
23369, 334.206
23370, 334.206
23371, 334.217
23372, 334.232
23373, 334.254
23374, 334.258
23375, 334.265
23376, 334.28
23377, 334.289
23378, 334.292
23379, 334.297
23380, 334.299
23381, 334.301
23382, 334.334
23383, 334.348
23384, 334.349
23385, 334.43
23386, 334.445
23387, 334.466
23388, 334.478
23389, 334.515
23390, 334.515
23391, 334.532
23392, 334.539
23393, 334.567
23394, 334.57
23395, 334.572
23396, 334.589
23397, 334.594
23398, 334.608
23399, 334.62
23400, 334.629
23401, 334.661
23402, 334.664
23403, 334.669
23404, 334.674
23405, 334.683
23406, 334.707
23407, 334.709
23408, 334.721
23409, 334.751
23410, 334.771
23411, 334.774
23412, 334.777
23413, 334.784
23414, 334.789
23415, 334.795
23416, 334.817
23417, 334.931
23418, 334.935
23419, 335.008
23420, 335.01
23421, 335.014
23422, 335.036
23423, 335.046
23424, 335.057
23425, 335.085
23426, 335.124
23427, 335.125
23428, 335.137
23429, 335.139
23430, 335.156
23431, 335.175
23432, 335.176
23433, 335.182
23434, 335.235
23435, 335.236
23436, 335.265
23437, 335.294
23438, 335.296
23439, 335.303
23440, 335.31
23441, 335.331
23442, 335.374
23443, 335.381
23444, 335.391
23445, 335.398
23446, 335.417
23447, 335.433
23448, 335.436
23449, 335.482
23450, 335.532
23451, 335.532
23452, 335.564
23453, 335.566
23454, 335.605
23455, 335.642
23456, 335.655
23457, 335.694
23458, 335.712
23459, 335.745
23460, 335.795
23461, 335.81
23462, 335.821
23463, 335.841
23464, 335.863
23465, 335.898
23466, 335.913
23467, 335.925
23468, 335.94
23469, 335.969
23470, 335.975
23471, 336.006
23472, 336.011
23473, 336.035
23474, 336.084
23475, 336.139
23476, 336.173
23477, 336.184
23478, 336.195
23479, 336.247
23480, 336.271
23481, 336.292
23482, 336.295
23483, 336.309
23484, 336.317
23485, 336.327
23486, 336.339
23487, 336.349
23488, 336.351
23489, 336.388
23490, 336.419
23491, 336.435
23492, 336.442
23493, 336.452
23494, 336.465
23495, 336.505
23496, 336.537
23497, 336.54
23498, 336.557
23499, 336.59
23500, 336.609
23501, 336.611
23502, 336.624
23503, 336.628
23504, 336.643
23505, 336.688
23506, 336.711
23507, 336.72
23508, 336.74
23509, 336.746
23510, 336.766
23511, 336.782
23512, 336.809
23513, 336.824
23514, 336.836
23515, 336.869
23516, 336.871
23517, 336.895
23518, 336.906
23519, 336.935
23520, 336.956
23521, 337
23522, 337.019
23523, 337.02
23524, 337.031
23525, 337.122
23526, 337.167
23527, 337.176
23528, 337.212
23529, 337.217
23530, 337.234
23531, 337.267
23532, 337.312
23533, 337.338
23534, 337.34
23535, 337.451
23536, 337.461
23537, 337.479
23538, 337.495
23539, 337.498
23540, 337.501
23541, 337.54
23542, 337.546
23543, 337.551
23544, 337.565
23545, 337.604
23546, 337.635
23547, 337.644
23548, 337.649
23549, 337.662
23550, 337.682
23551, 337.694
23552, 337.695
23553, 337.726
23554, 337.734
23555, 337.74
23556, 337.749
23557, 337.757
23558, 337.783
23559, 337.787
23560, 337.825
23561, 337.836
23562, 337.866
23563, 337.869
23564, 337.874
23565, 337.878
23566, 337.904
23567, 337.918
23568, 337.982
23569, 338.007
23570, 338.026
23571, 338.056
23572, 338.077
23573, 338.103
23574, 338.124
23575, 338.18
23576, 338.216
23577, 338.238
23578, 338.304
23579, 338.309
23580, 338.315
23581, 338.353
23582, 338.361
23583, 338.362
23584, 338.382
23585, 338.406
23586, 338.408
23587, 338.411
23588, 338.431
23589, 338.434
23590, 338.438
23591, 338.458
23592, 338.467
23593, 338.471
23594, 338.504
23595, 338.533
23596, 338.54
23597, 338.547
23598, 338.558
23599, 338.558
23600, 338.56
23601, 338.566
23602, 338.594
23603, 338.602
23604, 338.624
23605, 338.627
23606, 338.641
23607, 338.672
23608, 338.676
23609, 338.718
23610, 338.742
23611, 338.749
23612, 338.763
23613, 338.783
23614, 338.816
23615, 338.821
23616, 338.839
23617, 338.863
23618, 338.883
23619, 338.891
23620, 338.892
23621, 338.924
23622, 339.033
23623, 339.062
23624, 339.127
23625, 339.17
23626, 339.176
23627, 339.206
23628, 339.22
23629, 339.243
23630, 339.247
23631, 339.269
23632, 339.274
23633, 339.277
23634, 339.309
23635, 339.357
23636, 339.38
23637, 339.383
23638, 339.399
23639, 339.421
23640, 339.456
23641, 339.462
23642, 339.462
23643, 339.509
23644, 339.51
23645, 339.516
23646, 339.558
23647, 339.651
23648, 339.66
23649, 339.664
23650, 339.664
23651, 339.719
23652, 339.758
23653, 339.762
23654, 339.816
23655, 339.842
23656, 339.887
23657, 339.889
23658, 339.913
23659, 339.914
23660, 339.918
23661, 339.937
23662, 339.983
23663, 340.013
23664, 340.04
23665, 340.092
23666, 340.096
23667, 340.125
23668, 340.155
23669, 340.176
23670, 340.183
23671, 340.195
23672, 340.245
23673, 340.255
23674, 340.276
23675, 340.328
23676, 340.342
23677, 340.351
23678, 340.486
23679, 340.526
23680, 340.536
23681, 340.552
23682, 340.602
23683, 340.658
23684, 340.681
23685, 340.703
23686, 340.738
23687, 340.748
23688, 340.781
23689, 340.79
23690, 340.81
23691, 340.818
23692, 340.848
23693, 340.852
23694, 340.871
23695, 340.956
23696, 340.983
23697, 341.024
23698, 341.043
23699, 341.069
23700, 341.076
23701, 341.104
23702, 341.155
23703, 341.155
23704, 341.17
23705, 341.178
23706, 341.258
23707, 341.268
23708, 341.268
23709, 341.278
23710, 341.291
23711, 341.33
23712, 341.384
23713, 341.413
23714, 341.417
23715, 341.455
23716, 341.541
23717, 341.565
23718, 341.566
23719, 341.593
23720, 341.635
23721, 341.636
23722, 341.652
23723, 341.675
23724, 341.779
23725, 341.801
23726, 341.889
23727, 341.912
23728, 341.925
23729, 341.986
23730, 341.999
23731, 342.091
23732, 342.108
23733, 342.134
23734, 342.171
23735, 342.205
23736, 342.242
23737, 342.286
23738, 342.32
23739, 342.344
23740, 342.427
23741, 342.46
23742, 342.505
23743, 342.506
23744, 342.588
23745, 342.626
23746, 342.631
23747, 342.675
23748, 342.678
23749, 342.689
23750, 342.702
23751, 342.719
23752, 342.757
23753, 342.758
23754, 342.782
23755, 342.786
23756, 342.797
23757, 342.85
23758, 342.871
23759, 342.919
23760, 342.931
23761, 342.949
23762, 343.01
23763, 343.035
23764, 343.095
23765, 343.154
23766, 343.211
23767, 343.236
23768, 343.27
23769, 343.328
23770, 343.366
23771, 343.377
23772, 343.419
23773, 343.428
23774, 343.457
23775, 343.462
23776, 343.467
23777, 343.489
23778, 343.502
23779, 343.53
23780, 343.548
23781, 343.563
23782, 343.601
23783, 343.617
23784, 343.626
23785, 343.655
23786, 343.679
23787, 343.701
23788, 343.703
23789, 343.714
23790, 343.724
23791, 343.726
23792, 343.732
23793, 343.761
23794, 343.785
23795, 343.804
23796, 343.881
23797, 343.961
23798, 343.97
23799, 344.074
23800, 344.103
23801, 344.116
23802, 344.123
23803, 344.144
23804, 344.151
23805, 344.151
23806, 344.159
23807, 344.162
23808, 344.169
23809, 344.17
23810, 344.22
23811, 344.258
23812, 344.277
23813, 344.336
23814, 344.345
23815, 344.36
23816, 344.429
23817, 344.454
23818, 344.461
23819, 344.472
23820, 344.564
23821, 344.566
23822, 344.591
23823, 344.612
23824, 344.638
23825, 344.662
23826, 344.669
23827, 344.68
23828, 344.715
23829, 344.798
23830, 344.86
23831, 344.89
23832, 344.93
23833, 344.978
23834, 345.1
23835, 345.108
23836, 345.112
23837, 345.137
23838, 345.155
23839, 345.197
23840, 345.199
23841, 345.29
23842, 345.292
23843, 345.328
23844, 345.331
23845, 345.403
23846, 345.44
23847, 345.491
23848, 345.508
23849, 345.587
23850, 345.6
23851, 345.602
23852, 345.611
23853, 345.673
23854, 345.734
23855, 345.745
23856, 345.763
23857, 345.775
23858, 345.861
23859, 345.871
23860, 345.885
23861, 345.889
23862, 345.936
23863, 345.991
23864, 346.038
23865, 346.042
23866, 346.058
23867, 346.088
23868, 346.125
23869, 346.16
23870, 346.173
23871, 346.201
23872, 346.203
23873, 346.233
23874, 346.245
23875, 346.26
23876, 346.326
23877, 346.332
23878, 346.41
23879, 346.447
23880, 346.526
23881, 346.531
23882, 346.533
23883, 346.567
23884, 346.577
23885, 346.598
23886, 346.663
23887, 346.728
23888, 346.774
23889, 346.802
23890, 346.807
23891, 346.841
23892, 346.871
23893, 346.884
23894, 346.934
23895, 346.956
23896, 346.961
23897, 347.037
23898, 347.213
23899, 347.233
23900, 347.301
23901, 347.415
23902, 347.457
23903, 347.474
23904, 347.477
23905, 347.514
23906, 347.555
23907, 347.575
23908, 347.688
23909, 347.689
23910, 347.703
23911, 347.73
23912, 347.842
23913, 347.911
23914, 347.939
23915, 347.964
23916, 347.986
23917, 348.043
23918, 348.065
23919, 348.089
23920, 348.46
23921, 348.474
23922, 348.476
23923, 348.5
23924, 348.506
23925, 348.529
23926, 348.533
23927, 348.543
23928, 348.591
23929, 348.629
23930, 348.632
23931, 348.64
23932, 348.735
23933, 348.837
23934, 348.878
23935, 348.936
23936, 348.956
23937, 349.11
23938, 349.128
23939, 349.137
23940, 349.201
23941, 349.214
23942, 349.231
23943, 349.271
23944, 349.281
23945, 349.319
23946, 349.373
23947, 349.393
23948, 349.395
23949, 349.399
23950, 349.407
23951, 349.451
23952, 349.473
23953, 349.511
23954, 349.55
23955, 349.586
23956, 349.65
23957, 349.658
23958, 349.719
23959, 349.726
23960, 349.734
23961, 349.752
23962, 349.762
23963, 349.798
23964, 349.803
23965, 349.821
23966, 349.919
23967, 349.97
23968, 350.002
23969, 350.008
23970, 350.036
23971, 350.076
23972, 350.077
23973, 350.078
23974, 350.126
23975, 350.165
23976, 350.171
23977, 350.176
23978, 350.19
23979, 350.193
23980, 350.23
23981, 350.237
23982, 350.255
23983, 350.277
23984, 350.295
23985, 350.35
23986, 350.356
23987, 350.408
23988, 350.461
23989, 350.468
23990, 350.5
23991, 350.521
23992, 350.544
23993, 350.558
23994, 350.589
23995, 350.649
23996, 350.743
23997, 350.855
23998, 351.008
23999, 351.024
24000, 351.041
24001, 351.073
24002, 351.08
24003, 351.12
24004, 351.209
24005, 351.251
24006, 351.253
24007, 351.322
24008, 351.327
24009, 351.385
24010, 351.407
24011, 351.424
24012, 351.444
24013, 351.456
24014, 351.47
24015, 351.49
24016, 351.507
24017, 351.512
24018, 351.549
24019, 351.564
24020, 351.587
24021, 351.614
24022, 351.65
24023, 351.663
24024, 351.694
24025, 351.707
24026, 351.72
24027, 351.744
24028, 351.78
24029, 351.853
24030, 351.93
24031, 351.962
24032, 351.968
24033, 351.982
24034, 352.012
24035, 352.077
24036, 352.103
24037, 352.18
24038, 352.204
24039, 352.221
24040, 352.25
24041, 352.279
24042, 352.308
24043, 352.327
24044, 352.379
24045, 352.394
24046, 352.404
24047, 352.43
24048, 352.486
24049, 352.518
24050, 352.711
24051, 352.799
24052, 352.801
24053, 352.81
24054, 352.82
24055, 352.854
24056, 352.875
24057, 352.997
24058, 353.039
24059, 353.114
24060, 353.245
24061, 353.318
24062, 353.326
24063, 353.351
24064, 353.382
24065, 353.382
24066, 353.388
24067, 353.396
24068, 353.509
24069, 353.519
24070, 353.532
24071, 353.535
24072, 353.67
24073, 353.701
24074, 353.803
24075, 353.828
24076, 353.858
24077, 353.887
24078, 354.003
24079, 354.11
24080, 354.118
24081, 354.152
24082, 354.161
24083, 354.246
24084, 354.363
24085, 354.371
24086, 354.384
24087, 354.443
24088, 354.449
24089, 354.481
24090, 354.586
24091, 354.698
24092, 354.707
24093, 354.736
24094, 354.748
24095, 354.77
24096, 354.782
24097, 354.796
24098, 354.86
24099, 354.873
24100, 354.876
24101, 354.937
24102, 355.123
24103, 355.167
24104, 355.167
24105, 355.175
24106, 355.232
24107, 355.411
24108, 355.456
24109, 355.507
24110, 355.569
24111, 355.691
24112, 355.704
24113, 355.813
24114, 355.852
24115, 355.939
24116, 355.955
24117, 355.984
24118, 356.049
24119, 356.053
24120, 356.102
24121, 356.175
24122, 356.175
24123, 356.196
24124, 356.267
24125, 356.407
24126, 356.421
24127, 356.443
24128, 356.465
24129, 356.5
24130, 356.563
24131, 356.644
24132, 356.649
24133, 356.683
24134, 356.688
24135, 356.692
24136, 356.703
24137, 356.748
24138, 356.755
24139, 356.763
24140, 356.786
24141, 356.869
24142, 356.929
24143, 356.954
24144, 357.001
24145, 357.032
24146, 357.057
24147, 357.11
24148, 357.133
24149, 357.174
24150, 357.267
24151, 357.294
24152, 357.295
24153, 357.346
24154, 357.395
24155, 357.442
24156, 357.46
24157, 357.476
24158, 357.566
24159, 357.645
24160, 357.716
24161, 357.731
24162, 357.758
24163, 357.865
24164, 357.874
24165, 357.886
24166, 357.893
24167, 357.927
24168, 357.949
24169, 357.954
24170, 357.954
24171, 358.042
24172, 358.056
24173, 358.099
24174, 358.247
24175, 358.297
24176, 358.317
24177, 358.353
24178, 358.354
24179, 358.375
24180, 358.391
24181, 358.472
24182, 358.534
24183, 358.554
24184, 358.557
24185, 358.58
24186, 358.744
24187, 358.753
24188, 358.775
24189, 358.776
24190, 358.786
24191, 358.915
24192, 358.94
24193, 358.978
24194, 359.006
24195, 359.031
24196, 359.032
24197, 359.123
24198, 359.132
24199, 359.16
24200, 359.163
24201, 359.164
24202, 359.447
24203, 359.549
24204, 359.674
24205, 359.674
24206, 359.698
24207, 359.809
24208, 359.852
24209, 359.896
24210, 359.96
24211, 359.971
24212, 359.981
24213, 360.023
24214, 360.043
24215, 360.157
24216, 360.182
24217, 360.199
24218, 360.213
24219, 360.222
24220, 360.332
24221, 360.394
24222, 360.411
24223, 360.468
24224, 360.518
24225, 360.608
24226, 360.643
24227, 360.656
24228, 360.669
24229, 360.691
24230, 360.703
24231, 360.729
24232, 360.759
24233, 360.768
24234, 360.799
24235, 360.845
24236, 360.99
24237, 361.019
24238, 361.03
24239, 361.031
24240, 361.035
24241, 361.046
24242, 361.219
24243, 361.402
24244, 361.52
24245, 361.525
24246, 361.572
24247, 361.614
24248, 361.625
24249, 361.627
24250, 361.628
24251, 361.8
24252, 361.871
24253, 361.925
24254, 361.975
24255, 362.118
24256, 362.142
24257, 362.182
24258, 362.193
24259, 362.257
24260, 362.469
24261, 362.47
24262, 362.475
24263, 362.541
24264, 362.609
24265, 362.612
24266, 362.821
24267, 362.834
24268, 362.909
24269, 363.061
24270, 363.068
24271, 363.181
24272, 363.237
24273, 363.278
24274, 363.279
24275, 363.292
24276, 363.368
24277, 363.48
24278, 363.521
24279, 363.567
24280, 363.676
24281, 363.709
24282, 363.737
24283, 363.759
24284, 363.838
24285, 363.879
24286, 363.884
24287, 363.911
24288, 363.937
24289, 363.969
24290, 363.997
24291, 364.037
24292, 364.081
24293, 364.09
24294, 364.127
24295, 364.214
24296, 364.235
24297, 364.33
24298, 364.348
24299, 364.387
24300, 364.447
24301, 364.537
24302, 364.705
24303, 364.767
24304, 364.776
24305, 364.819
24306, 364.893
24307, 364.964
24308, 364.965
24309, 364.971
24310, 365.111
24311, 365.273
24312, 365.404
24313, 365.479
24314, 365.536
24315, 365.553
24316, 365.631
24317, 365.75
24318, 365.797
24319, 365.833
24320, 365.851
24321, 365.951
24322, 365.971
24323, 366.018
24324, 366.022
24325, 366.03
24326, 366.047
24327, 366.106
24328, 366.274
24329, 366.462
24330, 366.527
24331, 366.615
24332, 366.649
24333, 366.68
24334, 366.702
24335, 366.716
24336, 366.767
24337, 366.808
24338, 366.81
24339, 366.935
24340, 366.958
24341, 367.042
24342, 367.208
24343, 367.389
24344, 367.454
24345, 367.471
24346, 367.536
24347, 367.599
24348, 367.606
24349, 367.699
24350, 367.746
24351, 367.785
24352, 367.864
24353, 367.887
24354, 367.896
24355, 367.904
24356, 368.029
24357, 368.052
24358, 368.179
24359, 368.25
24360, 368.324
24361, 368.355
24362, 368.365
24363, 368.451
24364, 368.533
24365, 368.556
24366, 368.562
24367, 368.793
24368, 368.842
24369, 369.078
24370, 369.174
24371, 369.202
24372, 369.228
24373, 369.304
24374, 369.426
24375, 369.476
24376, 369.503
24377, 369.543
24378, 369.585
24379, 369.594
24380, 369.674
24381, 369.748
24382, 369.782
24383, 369.83
24384, 369.893
24385, 370.1
24386, 370.292
24387, 370.332
24388, 370.616
24389, 370.689
24390, 370.781
24391, 370.83
24392, 370.936
24393, 371.062
24394, 371.084
24395, 371.26
24396, 371.279
24397, 371.311
24398, 371.408
24399, 371.512
24400, 371.567
24401, 371.613
24402, 371.66
24403, 371.711
24404, 371.861
24405, 371.898
24406, 372.018
24407, 372.199
24408, 372.222
24409, 372.238
24410, 372.31
24411, 372.362
24412, 372.445
24413, 372.563
24414, 372.662
24415, 372.713
24416, 372.751
24417, 372.81
24418, 372.874
24419, 372.897
24420, 372.923
24421, 373.071
24422, 373.103
24423, 373.119
24424, 373.127
24425, 373.15
24426, 373.19
24427, 373.28
24428, 373.314
24429, 373.338
24430, 373.365
24431, 373.396
24432, 373.436
24433, 373.518
24434, 373.7
24435, 373.819
24436, 373.864
24437, 373.867
24438, 373.943
24439, 374.016
24440, 374.158
24441, 374.178
24442, 374.224
24443, 374.442
24444, 374.456
24445, 374.457
24446, 374.472
24447, 374.478
24448, 374.584
24449, 374.599
24450, 374.603
24451, 374.642
24452, 374.768
24453, 374.776
24454, 374.824
24455, 374.88
24456, 374.968
24457, 375.043
24458, 375.105
24459, 375.177
24460, 375.224
24461, 375.239
24462, 375.297
24463, 375.328
24464, 375.358
24465, 375.506
24466, 375.58
24467, 375.582
24468, 375.584
24469, 375.729
24470, 375.762
24471, 375.825
24472, 375.865
24473, 375.99
24474, 376.165
24475, 376.376
24476, 376.404
24477, 376.409
24478, 376.488
24479, 376.503
24480, 376.546
24481, 376.618
24482, 376.722
24483, 376.775
24484, 376.827
24485, 376.842
24486, 376.891
24487, 377.269
24488, 377.274
24489, 377.275
24490, 377.334
24491, 377.458
24492, 377.486
24493, 377.863
24494, 377.967
24495, 377.987
24496, 377.991
24497, 378.083
24498, 378.094
24499, 378.193
24500, 378.209
24501, 378.349
24502, 378.754
24503, 378.755
24504, 378.906
24505, 378.931
24506, 378.981
24507, 379.096
24508, 379.121
24509, 379.173
24510, 379.293
24511, 379.466
24512, 379.499
24513, 379.509
24514, 379.524
24515, 379.563
24516, 379.708
24517, 379.891
24518, 379.902
24519, 379.993
24520, 380.07
24521, 380.213
24522, 380.25
24523, 380.422
24524, 380.467
24525, 380.552
24526, 380.643
24527, 380.756
24528, 380.775
24529, 380.895
24530, 380.9
24531, 381
24532, 381.046
24533, 381.248
24534, 381.29
24535, 381.299
24536, 381.347
24537, 381.467
24538, 381.503
24539, 381.607
24540, 381.638
24541, 381.641
24542, 381.83
24543, 381.908
24544, 382.146
24545, 382.17
24546, 382.202
24547, 382.23
24548, 382.317
24549, 382.348
24550, 382.374
24551, 382.568
24552, 382.572
24553, 382.642
24554, 382.7
24555, 382.788
24556, 382.825
24557, 382.919
24558, 382.952
24559, 383.059
24560, 383.149
24561, 383.158
24562, 383.369
24563, 383.377
24564, 383.441
24565, 384.029
24566, 384.117
24567, 384.122
24568, 384.13
24569, 384.166
24570, 384.197
24571, 384.246
24572, 384.397
24573, 384.64
24574, 384.909
24575, 384.975
24576, 384.98
24577, 384.985
24578, 385.187
24579, 385.286
24580, 385.463
24581, 385.481
24582, 385.517
24583, 385.827
24584, 386.139
24585, 386.152
24586, 386.196
24587, 386.367
24588, 386.417
24589, 386.426
24590, 386.511
24591, 386.73
24592, 386.811
24593, 386.935
24594, 387.281
24595, 387.422
24596, 387.47
24597, 387.573
24598, 387.797
24599, 387.966
24600, 388.168
24601, 388.25
24602, 388.323
24603, 388.39
24604, 388.462
24605, 388.622
24606, 388.67
24607, 388.714
24608, 388.865
24609, 388.986
24610, 389.18
24611, 389.28
24612, 389.322
24613, 389.586
24614, 389.811
24615, 389.9
24616, 390.178
24617, 390.262
24618, 390.438
24619, 390.501
24620, 390.572
24621, 390.686
24622, 390.781
24623, 390.898
24624, 390.922
24625, 391.057
24626, 391.144
24627, 391.163
24628, 391.233
24629, 391.27
24630, 391.412
24631, 391.426
24632, 391.492
24633, 391.515
24634, 391.89
24635, 391.949
24636, 392.041
24637, 392.042
24638, 392.137
24639, 392.147
24640, 392.26
24641, 392.28
24642, 392.294
24643, 392.477
24644, 392.758
24645, 392.789
24646, 393.027
24647, 393.042
24648, 393.379
24649, 393.426
24650, 393.946
24651, 394.112
24652, 394.235
24653, 394.427
24654, 394.929
24655, 394.935
24656, 394.974
24657, 395.033
24658, 395.243
24659, 395.282
24660, 395.325
24661, 395.385
24662, 395.43
24663, 395.663
24664, 395.697
24665, 396.31
24666, 396.505
24667, 396.515
24668, 396.672
24669, 396.797
24670, 396.856
24671, 396.998
24672, 397.095
24673, 397.156
24674, 397.194
24675, 397.32
24676, 397.433
24677, 397.468
24678, 397.527
24679, 397.527
24680, 397.531
24681, 397.558
24682, 397.737
24683, 397.745
24684, 397.864
24685, 398.05
24686, 398.092
24687, 398.093
24688, 398.155
24689, 398.391
24690, 398.596
24691, 398.717
24692, 398.83
24693, 399.087
24694, 399.141
24695, 399.18
24696, 399.325
24697, 399.661
24698, 399.686
24699, 399.692
24700, 400.53
24701, 400.57
24702, 400.602
24703, 400.699
24704, 400.916
24705, 401.034
24706, 401.471
24707, 401.513
24708, 401.577
24709, 401.638
24710, 401.72
24711, 401.773
24712, 402.056
24713, 402.057
24714, 402.288
24715, 402.345
24716, 402.451
24717, 402.61
24718, 402.984
24719, 403.149
24720, 403.296
24721, 403.618
24722, 403.722
24723, 404.225
24724, 404.329
24725, 404.425
24726, 404.705
24727, 404.748
24728, 404.827
24729, 404.874
24730, 405.45
24731, 406.209
24732, 406.25
24733, 406.926
24734, 407.03
24735, 407.03
24736, 407.431
24737, 407.635
24738, 407.824
24739, 407.955
24740, 408.289
24741, 408.62
24742, 408.774
24743, 408.83
24744, 409.048
24745, 409.687
24746, 409.723
24747, 410.011
24748, 410.027
24749, 410.113
24750, 410.176
24751, 410.436
24752, 410.483
24753, 410.664
24754, 410.709
24755, 410.751
24756, 410.801
24757, 410.984
24758, 411.66
24759, 411.734
24760, 411.794
24761, 412.094
24762, 412.145
24763, 412.228
24764, 412.337
24765, 412.518
24766, 412.562
24767, 412.979
24768, 413.223
24769, 413.28
24770, 413.546
24771, 413.614
24772, 413.684
24773, 413.72
24774, 414.013
24775, 414.075
24776, 414.13
24777, 414.458
24778, 414.522
24779, 414.66
24780, 414.684
24781, 415.024
24782, 415.196
24783, 415.231
24784, 415.619
24785, 415.925
24786, 416.135
24787, 416.242
24788, 416.306
24789, 416.518
24790, 416.788
24791, 416.847
24792, 416.969
24793, 417.105
24794, 417.119
24795, 417.562
24796, 417.605
24797, 417.742
24798, 418.018
24799, 418.27
24800, 418.28
24801, 418.327
24802, 418.485
24803, 418.537
24804, 418.729
24805, 418.801
24806, 419.282
24807, 419.421
24808, 419.558
24809, 419.646
24810, 419.89
24811, 419.917
24812, 420.036
24813, 420.077
24814, 420.13
24815, 420.443
24816, 420.996
24817, 421.069
24818, 421.509
24819, 421.927
24820, 422.061
24821, 422.99
24822, 423.315
24823, 423.918
24824, 424.114
24825, 424.179
24826, 424.277
24827, 424.283
24828, 424.315
24829, 424.531
24830, 424.981
24831, 425.177
24832, 425.189
24833, 425.215
24834, 425.223
24835, 425.274
24836, 425.452
24837, 425.608
24838, 426.105
24839, 426.44
24840, 426.52
24841, 426.666
24842, 427.27
24843, 427.749
24844, 428.443
24845, 428.715
24846, 429.211
24847, 429.25
24848, 429.758
24849, 429.817
24850, 430.067
24851, 430.522
24852, 431.302
24853, 431.405
24854, 431.487
24855, 431.503
24856, 431.559
24857, 431.743
24858, 431.956
24859, 431.957
24860, 432.137
24861, 433.219
24862, 433.29
24863, 433.959
24864, 434.238
24865, 434.348
24866, 434.77
24867, 435.131
24868, 435.354
24869, 435.413
24870, 435.779
24871, 435.818
24872, 438.319
24873, 438.508
24874, 438.513
24875, 439.734
24876, 440.368
24877, 440.439
24878, 440.541
24879, 441.832
24880, 441.912
24881, 442.473
24882, 444.127
24883, 444.162
24884, 444.957
24885, 445.205
24886, 445.237
24887, 445.286
24888, 445.619
24889, 447.433
24890, 448.02
24891, 448.824
24892, 448.956
24893, 449.517
24894, 449.632
24895, 449.632
24896, 449.774
24897, 450.216
24898, 450.222
24899, 450.915
24900, 451.168
24901, 451.281
24902, 452.04
24903, 453.072
24904, 453.138
24905, 453.921
24906, 453.945
24907, 454.011
24908, 454.191
24909, 454.339
24910, 454.729
24911, 455.165
24912, 455.629
24913, 455.638
24914, 456.079
24915, 457.974
24916, 458.247
24917, 459.003
24918, 459.783
24919, 459.973
24920, 461.374
24921, 462.728
24922, 463.414
24923, 465.599
24924, 465.686
24925, 466.367
24926, 467.245
24927, 467.995
24928, 468.432
24929, 468.516
24930, 468.639
24931, 468.815
24932, 468.934
24933, 469.503
24934, 470.457
24935, 470.489
24936, 471.996
24937, 473.61
24938, 474.297
24939, 474.597
24940, 475.639
24941, 476.1
24942, 477.818
24943, 477.896
24944, 478.87
24945, 479.208
24946, 479.678
24947, 479.764
24948, 479.929
24949, 480.299
24950, 482.35
24951, 482.878
24952, 484
24953, 484.339
24954, 484.929
24955, 485.079
24956, 485.825
24957, 487.74
24958, 488.02
24959, 489.476
24960, 489.662
24961, 489.913
24962, 490.687
24963, 491.515
24964, 493.793
24965, 498.53
24966, 499.166
24967, 499.212
24968, 500.266
24969, 501.302
24970, 504.047
24971, 505.689
24972, 509.14
24973, 513.214
24974, 513.268
24975, 513.801
24976, 514.645
24977, 524.878
24978, 526.513
24979, 534.825
24980, 536.729
24981, 538.219
24982, 539.634
24983, 547.812
24984, 552.115
24985, 553.611
24986, 555.19
24987, 564.999
24988, 565.115
24989, 574.554
24990, 576.999
24991, 594.075
24992, 607.3
24993, 607.406
24994, 644.733
24995, 656.015
24996, 678.981
24997, 684.197
---------------------------------------------------------------------------------------
 #bytes #iterations    t_min[usec]    t_max[usec]  t_typical[usec]    t_avg[usec]    t_stdev[usec]   99% percentile[usec]   99.9% percentile[usec] 
 65536   25000          113.64         1064.45      236.18   	       242.99      	55.66  		410.11  		513.27 
---------------------------------------------------------------------------------------
