 WARNING: BW peak won't be measured in this run.
---------------------------------------------------------------------------------------
                    RDMA_Write BW Test
 Dual-port       : OFF		Device         : mlx5_6
 Number of qps   : 1024		Transport type : IB
 Connection type : RC		Using SRQ      : OFF
 PCIe relax order: ON		Lock-free      : OFF
 ibv_wr* API     : ON		Using Enhanced Reorder      : OFF
 TX depth        : 128
 CQ Moderation   : 1
 CQE Poll Batch  : Dynamic
 Mtu             : 1024[B]
 Link type       : Ethernet
 GID index       : 3
 Max inline data : 0[B]
 rdma_cm QPs	 : OFF
 Data ex. method : Ethernet
---------------------------------------------------------------------------------------
 local address: LID 0000 QPN 0x1a46 PSN 0xd510f6 RKey 0x054400 VAddr 0x007f9928c86000
 GID: 00:00:00:00:00:00:00:00:00:00:255:255:10:01:00:01
 local address: LID 0000 QPN 0x1a47 PSN 0x84a6a8 RKey 0x054400 VAddr 0x007f9928c96000
 GID: 00:00:00:00:00:00:00:00:00:00:255:255:10:01:00:01
 local address: LID 0000 QPN 0x1a48 PSN 0x8766d2 RKey 0x054400 VAddr 0x007f9928ca6000
 GID: 00:00:00:00:00:00:00:00:00:00:255:255:10:01:00:01
 local address: LID 0000 QPN 0x1a49 PSN 0xc612b9 RKey 0x054400 VAddr 0x007f9928cb6000
 GID: 00:00:00:00:00:00:00:00:00:00:255:255:10:01:00:01
 local address: LID 0000 QPN 0x1a4a PSN 0x25e4d8 RKey 0x054400 VAddr 0x007f9928cc6000
 GID: 00:00:00:00:00:00:00:00:00:00:255:255:10:01:00:01
 local address: LID 0000 QPN 0x1a4b PSN 0x74d55a RKey 0x054400 VAddr 0x007f9928cd6000
 GID: 00:00:00:00:00:00:00:00:00:00:255:255:10:01:00:01
 local address: LID 0000 QPN 0x1a4c PSN 0x4f74b1 RKey 0x054400 VAddr 0x007f9928ce6000
 GID: 00:00:00:00:00:00:00:00:00:00:255:255:10:01:00:01
 local address: LID 0000 QPN 0x1a4d PSN 0x9cf156 RKey 0x054400 VAddr 0x007f9928cf6000
 GID: 00:00:00:00:00:00:00:00:00:00:255:255:10:01:00:01
 local address: LID 0000 QPN 0x1a4e PSN 0xbcdf42 RKey 0x054400 VAddr 0x007f9928d06000
 GID: 00:00:00:00:00:00:00:00:00:00:255:255:10:01:00:01
 local address: LID 0000 QPN 0x1a4f PSN 0x9ed89c RKey 0x054400 VAddr 0x007f9928d16000
 GID: 00:00:00:00:00:00:00:00:00:00:255:255:10:01:00:01
 local address: LID 0000 QPN 0x1a50 PSN 0x1f9810 RKey 0x054400 VAddr 0x007f9928d26000
 GID: 00:00:00:00:00:00:00:00:00:00:255:255:10:01:00:01
 local address: LID 0000 QPN 0x1a51 PSN 0xcdf63 RKey 0x054400 VAddr 0x007f9928d36000
 GID: 00:00:00:00:00:00:00:00:00:00:255:255:10:01:00:01
 local address: LID 0000 QPN 0x1a52 PSN 0x7afd13 RKey 0x054400 VAddr 0x007f9928d46000
 GID: 00:00:00:00:00:00:00:00:00:00:255:255:10:01:00:01
 local address: LID 0000 QPN 0x1a53 PSN 0x8cbcc4 RKey 0x054400 VAddr 0x007f9928d56000
 GID: 00:00:00:00:00:00:00:00:00:00:255:255:10:01:00:01
 local address: LID 0000 QPN 0x1a54 PSN 0xb3fc32 RKey 0x054400 VAddr 0x007f9928d66000
 GID: 00:00:00:00:00:00:00:00:00:00:255:255:10:01:00:01
 local address: LID 0000 QPN 0x1a55 PSN 0x991d0e RKey 0x054400 VAddr 0x007f9928d76000
 GID: 00:00:00:00:00:00:00:00:00:00:255:255:10:01:00:01
 local address: LID 0000 QPN 0x1a56 PSN 0x586e0b RKey 0x054400 VAddr 0x007f9928d86000
 GID: 00:00:00:00:00:00:00:00:00:00:255:255:10:01:00:01
 local address: LID 0000 QPN 0x1a57 PSN 0xc5469 RKey 0x054400 VAddr 0x007f9928d96000
 GID: 00:00:00:00:00:00:00:00:00:00:255:255:10:01:00:01
 local address: LID 0000 QPN 0x1a58 PSN 0xc58590 RKey 0x054400 VAddr 0x007f9928da6000
 GID: 00:00:00:00:00:00:00:00:00:00:255:255:10:01:00:01
 local address: LID 0000 QPN 0x1a59 PSN 0x1ba73d RKey 0x054400 VAddr 0x007f9928db6000
 GID: 00:00:00:00:00:00:00:00:00:00:255:255:10:01:00:01
 local address: LID 0000 QPN 0x1a5a PSN 0xd5c5a RKey 0x054400 VAddr 0x007f9928dc6000
 GID: 00:00:00:00:00:00:00:00:00:00:255:255:10:01:00:01
 local address: LID 0000 QPN 0x1a5b PSN 0x8a2a21 RKey 0x054400 VAddr 0x007f9928dd6000
 GID: 00:00:00:00:00:00:00:00:00:00:255:255:10:01:00:01
 local address: LID 0000 QPN 0x1a5c PSN 0xcf0d71 RKey 0x054400 VAddr 0x007f9928de6000
 GID: 00:00:00:00:00:00:00:00:00:00:255:255:10:01:00:01
 local address: LID 0000 QPN 0x1a5d PSN 0x43f425 RKey 0x054400 VAddr 0x007f9928df6000
 GID: 00:00:00:00:00:00:00:00:00:00:255:255:10:01:00:01
 local address: LID 0000 QPN 0x1a5e PSN 0xb62c2 RKey 0x054400 VAddr 0x007f9928e06000
 GID: 00:00:00:00:00:00:00:00:00:00:255:255:10:01:00:01
 local address: LID 0000 QPN 0x1a5f PSN 0x2a8c65 RKey 0x054400 VAddr 0x007f9928e16000
 GID: 00:00:00:00:00:00:00:00:00:00:255:255:10:01:00:01
 local address: LID 0000 QPN 0x1a60 PSN 0xbc7d22 RKey 0x054400 VAddr 0x007f9928e26000
 GID: 00:00:00:00:00:00:00:00:00:00:255:255:10:01:00:01
 local address: LID 0000 QPN 0x1a61 PSN 0x13a6fc RKey 0x054400 VAddr 0x007f9928e36000
 GID: 00:00:00:00:00:00:00:00:00:00:255:255:10:01:00:01
 local address: LID 0000 QPN 0x1a62 PSN 0x1ffb6b RKey 0x054400 VAddr 0x007f9928e46000
 GID: 00:00:00:00:00:00:00:00:00:00:255:255:10:01:00:01
 local address: LID 0000 QPN 0x1a63 PSN 0xb43591 RKey 0x054400 VAddr 0x007f9928e56000
 GID: 00:00:00:00:00:00:00:00:00:00:255:255:10:01:00:01
 local address: LID 0000 QPN 0x1a64 PSN 0x9e22d3 RKey 0x054400 VAddr 0x007f9928e66000
 GID: 00:00:00:00:00:00:00:00:00:00:255:255:10:01:00:01
 local address: LID 0000 QPN 0x1a65 PSN 0x6d8cc6 RKey 0x054400 VAddr 0x007f9928e76000
 GID: 00:00:00:00:00:00:00:00:00:00:255:255:10:01:00:01
 local address: LID 0000 QPN 0x1a66 PSN 0x12d143 RKey 0x054400 VAddr 0x007f9928e86000
 GID: 00:00:00:00:00:00:00:00:00:00:255:255:10:01:00:01
 local address: LID 0000 QPN 0x1a67 PSN 0xd63208 RKey 0x054400 VAddr 0x007f9928e96000
 GID: 00:00:00:00:00:00:00:00:00:00:255:255:10:01:00:01
 local address: LID 0000 QPN 0x1a68 PSN 0x863a0e RKey 0x054400 VAddr 0x007f9928ea6000
 GID: 00:00:00:00:00:00:00:00:00:00:255:255:10:01:00:01
 local address: LID 0000 QPN 0x1a69 PSN 0x7e544c RKey 0x054400 VAddr 0x007f9928eb6000
 GID: 00:00:00:00:00:00:00:00:00:00:255:255:10:01:00:01
 local address: LID 0000 QPN 0x1a6a PSN 0x977e0f RKey 0x054400 VAddr 0x007f9928ec6000
 GID: 00:00:00:00:00:00:00:00:00:00:255:255:10:01:00:01
 local address: LID 0000 QPN 0x1a6b PSN 0xac675 RKey 0x054400 VAddr 0x007f9928ed6000
 GID: 00:00:00:00:00:00:00:00:00:00:255:255:10:01:00:01
 local address: LID 0000 QPN 0x1a6c PSN 0xdc41d4 RKey 0x054400 VAddr 0x007f9928ee6000
 GID: 00:00:00:00:00:00:00:00:00:00:255:255:10:01:00:01
 local address: LID 0000 QPN 0x1a6d PSN 0x8b932c RKey 0x054400 VAddr 0x007f9928ef6000
 GID: 00:00:00:00:00:00:00:00:00:00:255:255:10:01:00:01
 local address: LID 0000 QPN 0x1a6e PSN 0x98df13 RKey 0x054400 VAddr 0x007f9928f06000
 GID: 00:00:00:00:00:00:00:00:00:00:255:255:10:01:00:01
 local address: LID 0000 QPN 0x1a6f PSN 0x73382c RKey 0x054400 VAddr 0x007f9928f16000
 GID: 00:00:00:00:00:00:00:00:00:00:255:255:10:01:00:01
 local address: LID 0000 QPN 0x1a70 PSN 0x515a56 RKey 0x054400 VAddr 0x007f9928f26000
 GID: 00:00:00:00:00:00:00:00:00:00:255:255:10:01:00:01
 local address: LID 0000 QPN 0x1a71 PSN 0xacca09 RKey 0x054400 VAddr 0x007f9928f36000
 GID: 00:00:00:00:00:00:00:00:00:00:255:255:10:01:00:01
 local address: LID 0000 QPN 0x1a72 PSN 0xdcca5a RKey 0x054400 VAddr 0x007f9928f46000
 GID: 00:00:00:00:00:00:00:00:00:00:255:255:10:01:00:01
 local address: LID 0000 QPN 0x1a73 PSN 0xa479ae RKey 0x054400 VAddr 0x007f9928f56000
 GID: 00:00:00:00:00:00:00:00:00:00:255:255:10:01:00:01
 local address: LID 0000 QPN 0x1a74 PSN 0xda844d RKey 0x054400 VAddr 0x007f9928f66000
 GID: 00:00:00:00:00:00:00:00:00:00:255:255:10:01:00:01
 local address: LID 0000 QPN 0x1a75 PSN 0x3b39e2 RKey 0x054400 VAddr 0x007f9928f76000
 GID: 00:00:00:00:00:00:00:00:00:00:255:255:10:01:00:01
 local address: LID 0000 QPN 0x1a76 PSN 0xe18ea3 RKey 0x054400 VAddr 0x007f9928f86000
 GID: 00:00:00:00:00:00:00:00:00:00:255:255:10:01:00:01
 local address: LID 0000 QPN 0x1a77 PSN 0x9add4b RKey 0x054400 VAddr 0x007f9928f96000
 GID: 00:00:00:00:00:00:00:00:00:00:255:255:10:01:00:01
 local address: LID 0000 QPN 0x1a78 PSN 0x493bf6 RKey 0x054400 VAddr 0x007f9928fa6000
 GID: 00:00:00:00:00:00:00:00:00:00:255:255:10:01:00:01
 local address: LID 0000 QPN 0x1a79 PSN 0x807c81 RKey 0x054400 VAddr 0x007f9928fb6000
 GID: 00:00:00:00:00:00:00:00:00:00:255:255:10:01:00:01
 local address: LID 0000 QPN 0x1a7a PSN 0x4347e8 RKey 0x054400 VAddr 0x007f9928fc6000
 GID: 00:00:00:00:00:00:00:00:00:00:255:255:10:01:00:01
 local address: LID 0000 QPN 0x1a7b PSN 0xb0fe2 RKey 0x054400 VAddr 0x007f9928fd6000
 GID: 00:00:00:00:00:00:00:00:00:00:255:255:10:01:00:01
 local address: LID 0000 QPN 0x1a7c PSN 0xe889ae RKey 0x054400 VAddr 0x007f9928fe6000
 GID: 00:00:00:00:00:00:00:00:00:00:255:255:10:01:00:01
 local address: LID 0000 QPN 0x1a7d PSN 0x78f20a RKey 0x054400 VAddr 0x007f9928ff6000
 GID: 00:00:00:00:00:00:00:00:00:00:255:255:10:01:00:01
 local address: LID 0000 QPN 0x1a7e PSN 0x8db28c RKey 0x054400 VAddr 0x007f9929006000
 GID: 00:00:00:00:00:00:00:00:00:00:255:255:10:01:00:01
 local address: LID 0000 QPN 0x1a7f PSN 0x28bdc4 RKey 0x054400 VAddr 0x007f9929016000
 GID: 00:00:00:00:00:00:00:00:00:00:255:255:10:01:00:01
 local address: LID 0000 QPN 0x1a80 PSN 0x8c4225 RKey 0x054400 VAddr 0x007f9929026000
 GID: 00:00:00:00:00:00:00:00:00:00:255:255:10:01:00:01
 local address: LID 0000 QPN 0x1a81 PSN 0x7e35b3 RKey 0x054400 VAddr 0x007f9929036000
 GID: 00:00:00:00:00:00:00:00:00:00:255:255:10:01:00:01
 local address: LID 0000 QPN 0x1a82 PSN 0xbfc720 RKey 0x054400 VAddr 0x007f9929046000
 GID: 00:00:00:00:00:00:00:00:00:00:255:255:10:01:00:01
 local address: LID 0000 QPN 0x1a83 PSN 0xdf63b7 RKey 0x054400 VAddr 0x007f9929056000
 GID: 00:00:00:00:00:00:00:00:00:00:255:255:10:01:00:01
 local address: LID 0000 QPN 0x1a84 PSN 0x61d042 RKey 0x054400 VAddr 0x007f9929066000
 GID: 00:00:00:00:00:00:00:00:00:00:255:255:10:01:00:01
 local address: LID 0000 QPN 0x1a85 PSN 0x7eeb92 RKey 0x054400 VAddr 0x007f9929076000
 GID: 00:00:00:00:00:00:00:00:00:00:255:255:10:01:00:01
 local address: LID 0000 QPN 0x1a86 PSN 0x9108d2 RKey 0x054400 VAddr 0x007f9929086000
 GID: 00:00:00:00:00:00:00:00:00:00:255:255:10:01:00:01
 local address: LID 0000 QPN 0x1a87 PSN 0x7fee16 RKey 0x054400 VAddr 0x007f9929096000
 GID: 00:00:00:00:00:00:00:00:00:00:255:255:10:01:00:01
 local address: LID 0000 QPN 0x1a88 PSN 0x2d8293 RKey 0x054400 VAddr 0x007f99290a6000
 GID: 00:00:00:00:00:00:00:00:00:00:255:255:10:01:00:01
 local address: LID 0000 QPN 0x1a89 PSN 0x2c5991 RKey 0x054400 VAddr 0x007f99290b6000
 GID: 00:00:00:00:00:00:00:00:00:00:255:255:10:01:00:01
 local address: LID 0000 QPN 0x1a8a PSN 0x5d1072 RKey 0x054400 VAddr 0x007f99290c6000
 GID: 00:00:00:00:00:00:00:00:00:00:255:255:10:01:00:01
 local address: LID 0000 QPN 0x1a8b PSN 0x2de816 RKey 0x054400 VAddr 0x007f99290d6000
 GID: 00:00:00:00:00:00:00:00:00:00:255:255:10:01:00:01
 local address: LID 0000 QPN 0x1a8c PSN 0x14f66f RKey 0x054400 VAddr 0x007f99290e6000
 GID: 00:00:00:00:00:00:00:00:00:00:255:255:10:01:00:01
 local address: LID 0000 QPN 0x1a8d PSN 0x5b5d7f RKey 0x054400 VAddr 0x007f99290f6000
 GID: 00:00:00:00:00:00:00:00:00:00:255:255:10:01:00:01
 local address: LID 0000 QPN 0x1a8e PSN 0x187e22 RKey 0x054400 VAddr 0x007f9929106000
 GID: 00:00:00:00:00:00:00:00:00:00:255:255:10:01:00:01
 local address: LID 0000 QPN 0x1a8f PSN 0x11d23 RKey 0x054400 VAddr 0x007f9929116000
 GID: 00:00:00:00:00:00:00:00:00:00:255:255:10:01:00:01
 local address: LID 0000 QPN 0x1a90 PSN 0x46daab RKey 0x054400 VAddr 0x007f9929126000
 GID: 00:00:00:00:00:00:00:00:00:00:255:255:10:01:00:01
 local address: LID 0000 QPN 0x1a91 PSN 0xdd7241 RKey 0x054400 VAddr 0x007f9929136000
 GID: 00:00:00:00:00:00:00:00:00:00:255:255:10:01:00:01
 local address: LID 0000 QPN 0x1a92 PSN 0x7b1b9a RKey 0x054400 VAddr 0x007f9929146000
 GID: 00:00:00:00:00:00:00:00:00:00:255:255:10:01:00:01
 local address: LID 0000 QPN 0x1a93 PSN 0xfcae69 RKey 0x054400 VAddr 0x007f9929156000
 GID: 00:00:00:00:00:00:00:00:00:00:255:255:10:01:00:01
 local address: LID 0000 QPN 0x1a94 PSN 0x59e3f5 RKey 0x054400 VAddr 0x007f9929166000
 GID: 00:00:00:00:00:00:00:00:00:00:255:255:10:01:00:01
 local address: LID 0000 QPN 0x1a95 PSN 0x6f9626 RKey 0x054400 VAddr 0x007f9929176000
 GID: 00:00:00:00:00:00:00:00:00:00:255:255:10:01:00:01
 local address: LID 0000 QPN 0x1a96 PSN 0x3d9915 RKey 0x054400 VAddr 0x007f9929186000
 GID: 00:00:00:00:00:00:00:00:00:00:255:255:10:01:00:01
 local address: LID 0000 QPN 0x1a97 PSN 0xcabe6e RKey 0x054400 VAddr 0x007f9929196000
 GID: 00:00:00:00:00:00:00:00:00:00:255:255:10:01:00:01
 local address: LID 0000 QPN 0x1a98 PSN 0xc06cd0 RKey 0x054400 VAddr 0x007f99291a6000
 GID: 00:00:00:00:00:00:00:00:00:00:255:255:10:01:00:01
 local address: LID 0000 QPN 0x1a99 PSN 0x280458 RKey 0x054400 VAddr 0x007f99291b6000
 GID: 00:00:00:00:00:00:00:00:00:00:255:255:10:01:00:01
 local address: LID 0000 QPN 0x1a9a PSN 0x85eedc RKey 0x054400 VAddr 0x007f99291c6000
 GID: 00:00:00:00:00:00:00:00:00:00:255:255:10:01:00:01
 local address: LID 0000 QPN 0x1a9b PSN 0xbbf4dc RKey 0x054400 VAddr 0x007f99291d6000
 GID: 00:00:00:00:00:00:00:00:00:00:255:255:10:01:00:01
 local address: LID 0000 QPN 0x1a9c PSN 0xcbdb2c RKey 0x054400 VAddr 0x007f99291e6000
 GID: 00:00:00:00:00:00:00:00:00:00:255:255:10:01:00:01
 local address: LID 0000 QPN 0x1a9d PSN 0x28d36d RKey 0x054400 VAddr 0x007f99291f6000
 GID: 00:00:00:00:00:00:00:00:00:00:255:255:10:01:00:01
 local address: LID 0000 QPN 0x1a9e PSN 0x40d6d RKey 0x054400 VAddr 0x007f9929206000
 GID: 00:00:00:00:00:00:00:00:00:00:255:255:10:01:00:01
 local address: LID 0000 QPN 0x1a9f PSN 0xfc3c5d RKey 0x054400 VAddr 0x007f9929216000
 GID: 00:00:00:00:00:00:00:00:00:00:255:255:10:01:00:01
 local address: LID 0000 QPN 0x1aa0 PSN 0x1285a1 RKey 0x054400 VAddr 0x007f9929226000
 GID: 00:00:00:00:00:00:00:00:00:00:255:255:10:01:00:01
 local address: LID 0000 QPN 0x1aa1 PSN 0x6cab1d RKey 0x054400 VAddr 0x007f9929236000
 GID: 00:00:00:00:00:00:00:00:00:00:255:255:10:01:00:01
 local address: LID 0000 QPN 0x1aa2 PSN 0x712648 RKey 0x054400 VAddr 0x007f9929246000
 GID: 00:00:00:00:00:00:00:00:00:00:255:255:10:01:00:01
 local address: LID 0000 QPN 0x1aa3 PSN 0x623c9f RKey 0x054400 VAddr 0x007f9929256000
 GID: 00:00:00:00:00:00:00:00:00:00:255:255:10:01:00:01
 local address: LID 0000 QPN 0x1aa4 PSN 0x3c7248 RKey 0x054400 VAddr 0x007f9929266000
 GID: 00:00:00:00:00:00:00:00:00:00:255:255:10:01:00:01
 local address: LID 0000 QPN 0x1aa5 PSN 0x63e30f RKey 0x054400 VAddr 0x007f9929276000
 GID: 00:00:00:00:00:00:00:00:00:00:255:255:10:01:00:01
 local address: LID 0000 QPN 0x1aa6 PSN 0xbe7755 RKey 0x054400 VAddr 0x007f9929286000
 GID: 00:00:00:00:00:00:00:00:00:00:255:255:10:01:00:01
 local address: LID 0000 QPN 0x1aa7 PSN 0xd53277 RKey 0x054400 VAddr 0x007f9929296000
 GID: 00:00:00:00:00:00:00:00:00:00:255:255:10:01:00:01
 local address: LID 0000 QPN 0x1aa8 PSN 0xe6e936 RKey 0x054400 VAddr 0x007f99292a6000
 GID: 00:00:00:00:00:00:00:00:00:00:255:255:10:01:00:01
 local address: LID 0000 QPN 0x1aa9 PSN 0xeb7ccc RKey 0x054400 VAddr 0x007f99292b6000
 GID: 00:00:00:00:00:00:00:00:00:00:255:255:10:01:00:01
 local address: LID 0000 QPN 0x1aaa PSN 0xe522f5 RKey 0x054400 VAddr 0x007f99292c6000
 GID: 00:00:00:00:00:00:00:00:00:00:255:255:10:01:00:01
 local address: LID 0000 QPN 0x1aab PSN 0x1ce821 RKey 0x054400 VAddr 0x007f99292d6000
 GID: 00:00:00:00:00:00:00:00:00:00:255:255:10:01:00:01
 local address: LID 0000 QPN 0x1aac PSN 0x147496 RKey 0x054400 VAddr 0x007f99292e6000
 GID: 00:00:00:00:00:00:00:00:00:00:255:255:10:01:00:01
 local address: LID 0000 QPN 0x1aad PSN 0xc8ad5 RKey 0x054400 VAddr 0x007f99292f6000
 GID: 00:00:00:00:00:00:00:00:00:00:255:255:10:01:00:01
 local address: LID 0000 QPN 0x1aae PSN 0x973ea3 RKey 0x054400 VAddr 0x007f9929306000
 GID: 00:00:00:00:00:00:00:00:00:00:255:255:10:01:00:01
 local address: LID 0000 QPN 0x1aaf PSN 0x29afa5 RKey 0x054400 VAddr 0x007f9929316000
 GID: 00:00:00:00:00:00:00:00:00:00:255:255:10:01:00:01
 local address: LID 0000 QPN 0x1ab0 PSN 0x1e8862 RKey 0x054400 VAddr 0x007f9929326000
 GID: 00:00:00:00:00:00:00:00:00:00:255:255:10:01:00:01
 local address: LID 0000 QPN 0x1ab1 PSN 0x9b6cf RKey 0x054400 VAddr 0x007f9929336000
 GID: 00:00:00:00:00:00:00:00:00:00:255:255:10:01:00:01
 local address: LID 0000 QPN 0x1ab2 PSN 0xaae247 RKey 0x054400 VAddr 0x007f9929346000
 GID: 00:00:00:00:00:00:00:00:00:00:255:255:10:01:00:01
 local address: LID 0000 QPN 0x1ab3 PSN 0x9e6156 RKey 0x054400 VAddr 0x007f9929356000
 GID: 00:00:00:00:00:00:00:00:00:00:255:255:10:01:00:01
 local address: LID 0000 QPN 0x1ab4 PSN 0xf7abbe RKey 0x054400 VAddr 0x007f9929366000
 GID: 00:00:00:00:00:00:00:00:00:00:255:255:10:01:00:01
 local address: LID 0000 QPN 0x1ab5 PSN 0xa9b8dc RKey 0x054400 VAddr 0x007f9929376000
 GID: 00:00:00:00:00:00:00:00:00:00:255:255:10:01:00:01
 local address: LID 0000 QPN 0x1ab6 PSN 0x9aa217 RKey 0x054400 VAddr 0x007f9929386000
 GID: 00:00:00:00:00:00:00:00:00:00:255:255:10:01:00:01
 local address: LID 0000 QPN 0x1ab7 PSN 0xc48075 RKey 0x054400 VAddr 0x007f9929396000
 GID: 00:00:00:00:00:00:00:00:00:00:255:255:10:01:00:01
 local address: LID 0000 QPN 0x1ab8 PSN 0x609df1 RKey 0x054400 VAddr 0x007f99293a6000
 GID: 00:00:00:00:00:00:00:00:00:00:255:255:10:01:00:01
 local address: LID 0000 QPN 0x1ab9 PSN 0x88b206 RKey 0x054400 VAddr 0x007f99293b6000
 GID: 00:00:00:00:00:00:00:00:00:00:255:255:10:01:00:01
 local address: LID 0000 QPN 0x1aba PSN 0x837d2a RKey 0x054400 VAddr 0x007f99293c6000
 GID: 00:00:00:00:00:00:00:00:00:00:255:255:10:01:00:01
 local address: LID 0000 QPN 0x1abb PSN 0x32c7f2 RKey 0x054400 VAddr 0x007f99293d6000
 GID: 00:00:00:00:00:00:00:00:00:00:255:255:10:01:00:01
 local address: LID 0000 QPN 0x1abc PSN 0x209100 RKey 0x054400 VAddr 0x007f99293e6000
 GID: 00:00:00:00:00:00:00:00:00:00:255:255:10:01:00:01
 local address: LID 0000 QPN 0x1abd PSN 0xa77bd5 RKey 0x054400 VAddr 0x007f99293f6000
 GID: 00:00:00:00:00:00:00:00:00:00:255:255:10:01:00:01
 local address: LID 0000 QPN 0x1abe PSN 0x3eea9b RKey 0x054400 VAddr 0x007f9929406000
 GID: 00:00:00:00:00:00:00:00:00:00:255:255:10:01:00:01
 local address: LID 0000 QPN 0x1abf PSN 0x708152 RKey 0x054400 VAddr 0x007f9929416000
 GID: 00:00:00:00:00:00:00:00:00:00:255:255:10:01:00:01
 local address: LID 0000 QPN 0x1ac0 PSN 0xf833e9 RKey 0x054400 VAddr 0x007f9929426000
 GID: 00:00:00:00:00:00:00:00:00:00:255:255:10:01:00:01
 local address: LID 0000 QPN 0x1ac1 PSN 0x8f1f00 RKey 0x054400 VAddr 0x007f9929436000
 GID: 00:00:00:00:00:00:00:00:00:00:255:255:10:01:00:01
 local address: LID 0000 QPN 0x1ac2 PSN 0x384f56 RKey 0x054400 VAddr 0x007f9929446000
 GID: 00:00:00:00:00:00:00:00:00:00:255:255:10:01:00:01
 local address: LID 0000 QPN 0x1ac3 PSN 0xe427ac RKey 0x054400 VAddr 0x007f9929456000
 GID: 00:00:00:00:00:00:00:00:00:00:255:255:10:01:00:01
 local address: LID 0000 QPN 0x1ac4 PSN 0x88e679 RKey 0x054400 VAddr 0x007f9929466000
 GID: 00:00:00:00:00:00:00:00:00:00:255:255:10:01:00:01
 local address: LID 0000 QPN 0x1ac5 PSN 0x4fc340 RKey 0x054400 VAddr 0x007f9929476000
 GID: 00:00:00:00:00:00:00:00:00:00:255:255:10:01:00:01
 local address: LID 0000 QPN 0x1ac6 PSN 0x7c682 RKey 0x054400 VAddr 0x007f9929486000
 GID: 00:00:00:00:00:00:00:00:00:00:255:255:10:01:00:01
 local address: LID 0000 QPN 0x1ac7 PSN 0x81f8cd RKey 0x054400 VAddr 0x007f9929496000
 GID: 00:00:00:00:00:00:00:00:00:00:255:255:10:01:00:01
 local address: LID 0000 QPN 0x1ac8 PSN 0x6510ca RKey 0x054400 VAddr 0x007f99294a6000
 GID: 00:00:00:00:00:00:00:00:00:00:255:255:10:01:00:01
 local address: LID 0000 QPN 0x1ac9 PSN 0x858a3f RKey 0x054400 VAddr 0x007f99294b6000
 GID: 00:00:00:00:00:00:00:00:00:00:255:255:10:01:00:01
 local address: LID 0000 QPN 0x1aca PSN 0x50c68b RKey 0x054400 VAddr 0x007f99294c6000
 GID: 00:00:00:00:00:00:00:00:00:00:255:255:10:01:00:01
 local address: LID 0000 QPN 0x1acb PSN 0x17367b RKey 0x054400 VAddr 0x007f99294d6000
 GID: 00:00:00:00:00:00:00:00:00:00:255:255:10:01:00:01
 local address: LID 0000 QPN 0x1acc PSN 0x94385d RKey 0x054400 VAddr 0x007f99294e6000
 GID: 00:00:00:00:00:00:00:00:00:00:255:255:10:01:00:01
 local address: LID 0000 QPN 0x1acd PSN 0x82e7b0 RKey 0x054400 VAddr 0x007f99294f6000
 GID: 00:00:00:00:00:00:00:00:00:00:255:255:10:01:00:01
 local address: LID 0000 QPN 0x1ace PSN 0x81ccca RKey 0x054400 VAddr 0x007f9929506000
 GID: 00:00:00:00:00:00:00:00:00:00:255:255:10:01:00:01
 local address: LID 0000 QPN 0x1acf PSN 0xd8f9d7 RKey 0x054400 VAddr 0x007f9929516000
 GID: 00:00:00:00:00:00:00:00:00:00:255:255:10:01:00:01
 local address: LID 0000 QPN 0x1ad0 PSN 0xa50cd0 RKey 0x054400 VAddr 0x007f9929526000
 GID: 00:00:00:00:00:00:00:00:00:00:255:255:10:01:00:01
 local address: LID 0000 QPN 0x1ad1 PSN 0xe72878 RKey 0x054400 VAddr 0x007f9929536000
 GID: 00:00:00:00:00:00:00:00:00:00:255:255:10:01:00:01
 local address: LID 0000 QPN 0x1ad2 PSN 0x7ad9d4 RKey 0x054400 VAddr 0x007f9929546000
 GID: 00:00:00:00:00:00:00:00:00:00:255:255:10:01:00:01
 local address: LID 0000 QPN 0x1ad3 PSN 0x299adb RKey 0x054400 VAddr 0x007f9929556000
 GID: 00:00:00:00:00:00:00:00:00:00:255:255:10:01:00:01
 local address: LID 0000 QPN 0x1ad4 PSN 0x91463c RKey 0x054400 VAddr 0x007f9929566000
 GID: 00:00:00:00:00:00:00:00:00:00:255:255:10:01:00:01
 local address: LID 0000 QPN 0x1ad5 PSN 0x60fb09 RKey 0x054400 VAddr 0x007f9929576000
 GID: 00:00:00:00:00:00:00:00:00:00:255:255:10:01:00:01
 local address: LID 0000 QPN 0x1ad6 PSN 0x73285c RKey 0x054400 VAddr 0x007f9929586000
 GID: 00:00:00:00:00:00:00:00:00:00:255:255:10:01:00:01
 local address: LID 0000 QPN 0x1ad7 PSN 0x75ce03 RKey 0x054400 VAddr 0x007f9929596000
 GID: 00:00:00:00:00:00:00:00:00:00:255:255:10:01:00:01
 local address: LID 0000 QPN 0x1ad8 PSN 0xdacf2d RKey 0x054400 VAddr 0x007f99295a6000
 GID: 00:00:00:00:00:00:00:00:00:00:255:255:10:01:00:01
 local address: LID 0000 QPN 0x1ad9 PSN 0x47ead0 RKey 0x054400 VAddr 0x007f99295b6000
 GID: 00:00:00:00:00:00:00:00:00:00:255:255:10:01:00:01
 local address: LID 0000 QPN 0x1ada PSN 0x5328c6 RKey 0x054400 VAddr 0x007f99295c6000
 GID: 00:00:00:00:00:00:00:00:00:00:255:255:10:01:00:01
 local address: LID 0000 QPN 0x1adb PSN 0xbaba09 RKey 0x054400 VAddr 0x007f99295d6000
 GID: 00:00:00:00:00:00:00:00:00:00:255:255:10:01:00:01
 local address: LID 0000 QPN 0x1adc PSN 0x7543f RKey 0x054400 VAddr 0x007f99295e6000
 GID: 00:00:00:00:00:00:00:00:00:00:255:255:10:01:00:01
 local address: LID 0000 QPN 0x1add PSN 0x34e0c4 RKey 0x054400 VAddr 0x007f99295f6000
 GID: 00:00:00:00:00:00:00:00:00:00:255:255:10:01:00:01
 local address: LID 0000 QPN 0x1ade PSN 0xbe6b49 RKey 0x054400 VAddr 0x007f9929606000
 GID: 00:00:00:00:00:00:00:00:00:00:255:255:10:01:00:01
 local address: LID 0000 QPN 0x1adf PSN 0xd867c8 RKey 0x054400 VAddr 0x007f9929616000
 GID: 00:00:00:00:00:00:00:00:00:00:255:255:10:01:00:01
 local address: LID 0000 QPN 0x1ae0 PSN 0x96f351 RKey 0x054400 VAddr 0x007f9929626000
 GID: 00:00:00:00:00:00:00:00:00:00:255:255:10:01:00:01
 local address: LID 0000 QPN 0x1ae1 PSN 0xf0db1f RKey 0x054400 VAddr 0x007f9929636000
 GID: 00:00:00:00:00:00:00:00:00:00:255:255:10:01:00:01
 local address: LID 0000 QPN 0x1ae2 PSN 0xd9c2bf RKey 0x054400 VAddr 0x007f9929646000
 GID: 00:00:00:00:00:00:00:00:00:00:255:255:10:01:00:01
 local address: LID 0000 QPN 0x1ae3 PSN 0x680e42 RKey 0x054400 VAddr 0x007f9929656000
 GID: 00:00:00:00:00:00:00:00:00:00:255:255:10:01:00:01
 local address: LID 0000 QPN 0x1ae4 PSN 0x646469 RKey 0x054400 VAddr 0x007f9929666000
 GID: 00:00:00:00:00:00:00:00:00:00:255:255:10:01:00:01
 local address: LID 0000 QPN 0x1ae5 PSN 0x122e2a RKey 0x054400 VAddr 0x007f9929676000
 GID: 00:00:00:00:00:00:00:00:00:00:255:255:10:01:00:01
 local address: LID 0000 QPN 0x1ae6 PSN 0x148a0c RKey 0x054400 VAddr 0x007f9929686000
 GID: 00:00:00:00:00:00:00:00:00:00:255:255:10:01:00:01
 local address: LID 0000 QPN 0x1ae7 PSN 0x83dcbd RKey 0x054400 VAddr 0x007f9929696000
 GID: 00:00:00:00:00:00:00:00:00:00:255:255:10:01:00:01
 local address: LID 0000 QPN 0x1ae8 PSN 0xa89624 RKey 0x054400 VAddr 0x007f99296a6000
 GID: 00:00:00:00:00:00:00:00:00:00:255:255:10:01:00:01
 local address: LID 0000 QPN 0x1ae9 PSN 0x93c030 RKey 0x054400 VAddr 0x007f99296b6000
 GID: 00:00:00:00:00:00:00:00:00:00:255:255:10:01:00:01
 local address: LID 0000 QPN 0x1aea PSN 0x809629 RKey 0x054400 VAddr 0x007f99296c6000
 GID: 00:00:00:00:00:00:00:00:00:00:255:255:10:01:00:01
 local address: LID 0000 QPN 0x1aeb PSN 0xe60508 RKey 0x054400 VAddr 0x007f99296d6000
 GID: 00:00:00:00:00:00:00:00:00:00:255:255:10:01:00:01
 local address: LID 0000 QPN 0x1aec PSN 0x4157d8 RKey 0x054400 VAddr 0x007f99296e6000
 GID: 00:00:00:00:00:00:00:00:00:00:255:255:10:01:00:01
 local address: LID 0000 QPN 0x1aed PSN 0xb6d294 RKey 0x054400 VAddr 0x007f99296f6000
 GID: 00:00:00:00:00:00:00:00:00:00:255:255:10:01:00:01
 local address: LID 0000 QPN 0x1aee PSN 0x32fecc RKey 0x054400 VAddr 0x007f9929706000
 GID: 00:00:00:00:00:00:00:00:00:00:255:255:10:01:00:01
 local address: LID 0000 QPN 0x1aef PSN 0x1ee7db RKey 0x054400 VAddr 0x007f9929716000
 GID: 00:00:00:00:00:00:00:00:00:00:255:255:10:01:00:01
 local address: LID 0000 QPN 0x1af0 PSN 0xfa4b48 RKey 0x054400 VAddr 0x007f9929726000
 GID: 00:00:00:00:00:00:00:00:00:00:255:255:10:01:00:01
 local address: LID 0000 QPN 0x1af1 PSN 0xb709ff RKey 0x054400 VAddr 0x007f9929736000
 GID: 00:00:00:00:00:00:00:00:00:00:255:255:10:01:00:01
 local address: LID 0000 QPN 0x1af2 PSN 0x6087b6 RKey 0x054400 VAddr 0x007f9929746000
 GID: 00:00:00:00:00:00:00:00:00:00:255:255:10:01:00:01
 local address: LID 0000 QPN 0x1af3 PSN 0x7e655c RKey 0x054400 VAddr 0x007f9929756000
 GID: 00:00:00:00:00:00:00:00:00:00:255:255:10:01:00:01
 local address: LID 0000 QPN 0x1af4 PSN 0x10f802 RKey 0x054400 VAddr 0x007f9929766000
 GID: 00:00:00:00:00:00:00:00:00:00:255:255:10:01:00:01
 local address: LID 0000 QPN 0x1af5 PSN 0x6187b1 RKey 0x054400 VAddr 0x007f9929776000
 GID: 00:00:00:00:00:00:00:00:00:00:255:255:10:01:00:01
 local address: LID 0000 QPN 0x1af6 PSN 0xb1498 RKey 0x054400 VAddr 0x007f9929786000
 GID: 00:00:00:00:00:00:00:00:00:00:255:255:10:01:00:01
 local address: LID 0000 QPN 0x1af7 PSN 0xca73be RKey 0x054400 VAddr 0x007f9929796000
 GID: 00:00:00:00:00:00:00:00:00:00:255:255:10:01:00:01
 local address: LID 0000 QPN 0x1af8 PSN 0xa07a59 RKey 0x054400 VAddr 0x007f99297a6000
 GID: 00:00:00:00:00:00:00:00:00:00:255:255:10:01:00:01
 local address: LID 0000 QPN 0x1af9 PSN 0x9b05f9 RKey 0x054400 VAddr 0x007f99297b6000
 GID: 00:00:00:00:00:00:00:00:00:00:255:255:10:01:00:01
 local address: LID 0000 QPN 0x1afa PSN 0xc231a3 RKey 0x054400 VAddr 0x007f99297c6000
 GID: 00:00:00:00:00:00:00:00:00:00:255:255:10:01:00:01
 local address: LID 0000 QPN 0x1afb PSN 0x1d3e04 RKey 0x054400 VAddr 0x007f99297d6000
 GID: 00:00:00:00:00:00:00:00:00:00:255:255:10:01:00:01
 local address: LID 0000 QPN 0x1afc PSN 0xaee7fb RKey 0x054400 VAddr 0x007f99297e6000
 GID: 00:00:00:00:00:00:00:00:00:00:255:255:10:01:00:01
 local address: LID 0000 QPN 0x1afd PSN 0x6e09c0 RKey 0x054400 VAddr 0x007f99297f6000
 GID: 00:00:00:00:00:00:00:00:00:00:255:255:10:01:00:01
 local address: LID 0000 QPN 0x1afe PSN 0xcf5aab RKey 0x054400 VAddr 0x007f9929806000
 GID: 00:00:00:00:00:00:00:00:00:00:255:255:10:01:00:01
 local address: LID 0000 QPN 0x1aff PSN 0x672ce4 RKey 0x054400 VAddr 0x007f9929816000
 GID: 00:00:00:00:00:00:00:00:00:00:255:255:10:01:00:01
 local address: LID 0000 QPN 0x1b00 PSN 0xde242e RKey 0x054400 VAddr 0x007f9929826000
 GID: 00:00:00:00:00:00:00:00:00:00:255:255:10:01:00:01
 local address: LID 0000 QPN 0x1b01 PSN 0x795b3f RKey 0x054400 VAddr 0x007f9929836000
 GID: 00:00:00:00:00:00:00:00:00:00:255:255:10:01:00:01
 local address: LID 0000 QPN 0x1b02 PSN 0xc74af6 RKey 0x054400 VAddr 0x007f9929846000
 GID: 00:00:00:00:00:00:00:00:00:00:255:255:10:01:00:01
 local address: LID 0000 QPN 0x1b03 PSN 0x355bc6 RKey 0x054400 VAddr 0x007f9929856000
 GID: 00:00:00:00:00:00:00:00:00:00:255:255:10:01:00:01
 local address: LID 0000 QPN 0x1b04 PSN 0xe37dab RKey 0x054400 VAddr 0x007f9929866000
 GID: 00:00:00:00:00:00:00:00:00:00:255:255:10:01:00:01
 local address: LID 0000 QPN 0x1b05 PSN 0xa817d1 RKey 0x054400 VAddr 0x007f9929876000
 GID: 00:00:00:00:00:00:00:00:00:00:255:255:10:01:00:01
 local address: LID 0000 QPN 0x1b06 PSN 0x843fa7 RKey 0x054400 VAddr 0x007f9929886000
 GID: 00:00:00:00:00:00:00:00:00:00:255:255:10:01:00:01
 local address: LID 0000 QPN 0x1b07 PSN 0xa31beb RKey 0x054400 VAddr 0x007f9929896000
 GID: 00:00:00:00:00:00:00:00:00:00:255:255:10:01:00:01
 local address: LID 0000 QPN 0x1b08 PSN 0x851017 RKey 0x054400 VAddr 0x007f99298a6000
 GID: 00:00:00:00:00:00:00:00:00:00:255:255:10:01:00:01
 local address: LID 0000 QPN 0x1b09 PSN 0x1fcee2 RKey 0x054400 VAddr 0x007f99298b6000
 GID: 00:00:00:00:00:00:00:00:00:00:255:255:10:01:00:01
 local address: LID 0000 QPN 0x1b0a PSN 0xa1b6c2 RKey 0x054400 VAddr 0x007f99298c6000
 GID: 00:00:00:00:00:00:00:00:00:00:255:255:10:01:00:01
 local address: LID 0000 QPN 0x1b0b PSN 0xe547ab RKey 0x054400 VAddr 0x007f99298d6000
 GID: 00:00:00:00:00:00:00:00:00:00:255:255:10:01:00:01
 local address: LID 0000 QPN 0x1b0c PSN 0x91831a RKey 0x054400 VAddr 0x007f99298e6000
 GID: 00:00:00:00:00:00:00:00:00:00:255:255:10:01:00:01
 local address: LID 0000 QPN 0x1b0d PSN 0x663c07 RKey 0x054400 VAddr 0x007f99298f6000
 GID: 00:00:00:00:00:00:00:00:00:00:255:255:10:01:00:01
 local address: LID 0000 QPN 0x1b0e PSN 0x50d4db RKey 0x054400 VAddr 0x007f9929906000
 GID: 00:00:00:00:00:00:00:00:00:00:255:255:10:01:00:01
 local address: LID 0000 QPN 0x1b0f PSN 0xc847d7 RKey 0x054400 VAddr 0x007f9929916000
 GID: 00:00:00:00:00:00:00:00:00:00:255:255:10:01:00:01
 local address: LID 0000 QPN 0x1b10 PSN 0xb6611e RKey 0x054400 VAddr 0x007f9929926000
 GID: 00:00:00:00:00:00:00:00:00:00:255:255:10:01:00:01
 local address: LID 0000 QPN 0x1b11 PSN 0x75028 RKey 0x054400 VAddr 0x007f9929936000
 GID: 00:00:00:00:00:00:00:00:00:00:255:255:10:01:00:01
 local address: LID 0000 QPN 0x1b12 PSN 0x653b60 RKey 0x054400 VAddr 0x007f9929946000
 GID: 00:00:00:00:00:00:00:00:00:00:255:255:10:01:00:01
 local address: LID 0000 QPN 0x1b13 PSN 0xe5cd3d RKey 0x054400 VAddr 0x007f9929956000
 GID: 00:00:00:00:00:00:00:00:00:00:255:255:10:01:00:01
 local address: LID 0000 QPN 0x1b14 PSN 0xe2dfa6 RKey 0x054400 VAddr 0x007f9929966000
 GID: 00:00:00:00:00:00:00:00:00:00:255:255:10:01:00:01
 local address: LID 0000 QPN 0x1b15 PSN 0x9d5bd8 RKey 0x054400 VAddr 0x007f9929976000
 GID: 00:00:00:00:00:00:00:00:00:00:255:255:10:01:00:01
 local address: LID 0000 QPN 0x1b16 PSN 0x6cb97f RKey 0x054400 VAddr 0x007f9929986000
 GID: 00:00:00:00:00:00:00:00:00:00:255:255:10:01:00:01
 local address: LID 0000 QPN 0x1b17 PSN 0x656049 RKey 0x054400 VAddr 0x007f9929996000
 GID: 00:00:00:00:00:00:00:00:00:00:255:255:10:01:00:01
 local address: LID 0000 QPN 0x1b18 PSN 0xa89348 RKey 0x054400 VAddr 0x007f99299a6000
 GID: 00:00:00:00:00:00:00:00:00:00:255:255:10:01:00:01
 local address: LID 0000 QPN 0x1b19 PSN 0x284cc5 RKey 0x054400 VAddr 0x007f99299b6000
 GID: 00:00:00:00:00:00:00:00:00:00:255:255:10:01:00:01
 local address: LID 0000 QPN 0x1b1a PSN 0x20e1b5 RKey 0x054400 VAddr 0x007f99299c6000
 GID: 00:00:00:00:00:00:00:00:00:00:255:255:10:01:00:01
 local address: LID 0000 QPN 0x1b1b PSN 0xeb08c8 RKey 0x054400 VAddr 0x007f99299d6000
 GID: 00:00:00:00:00:00:00:00:00:00:255:255:10:01:00:01
 local address: LID 0000 QPN 0x1b1c PSN 0x692949 RKey 0x054400 VAddr 0x007f99299e6000
 GID: 00:00:00:00:00:00:00:00:00:00:255:255:10:01:00:01
 local address: LID 0000 QPN 0x1b1d PSN 0x3e104b RKey 0x054400 VAddr 0x007f99299f6000
 GID: 00:00:00:00:00:00:00:00:00:00:255:255:10:01:00:01
 local address: LID 0000 QPN 0x1b1e PSN 0x282df5 RKey 0x054400 VAddr 0x007f9929a06000
 GID: 00:00:00:00:00:00:00:00:00:00:255:255:10:01:00:01
 local address: LID 0000 QPN 0x1b1f PSN 0x96fc8 RKey 0x054400 VAddr 0x007f9929a16000
 GID: 00:00:00:00:00:00:00:00:00:00:255:255:10:01:00:01
 local address: LID 0000 QPN 0x1b20 PSN 0xb7e0d3 RKey 0x054400 VAddr 0x007f9929a26000
 GID: 00:00:00:00:00:00:00:00:00:00:255:255:10:01:00:01
 local address: LID 0000 QPN 0x1b21 PSN 0xed4d23 RKey 0x054400 VAddr 0x007f9929a36000
 GID: 00:00:00:00:00:00:00:00:00:00:255:255:10:01:00:01
 local address: LID 0000 QPN 0x1b22 PSN 0x8cfc71 RKey 0x054400 VAddr 0x007f9929a46000
 GID: 00:00:00:00:00:00:00:00:00:00:255:255:10:01:00:01
 local address: LID 0000 QPN 0x1b23 PSN 0x40fd9c RKey 0x054400 VAddr 0x007f9929a56000
 GID: 00:00:00:00:00:00:00:00:00:00:255:255:10:01:00:01
 local address: LID 0000 QPN 0x1b24 PSN 0xc71dd5 RKey 0x054400 VAddr 0x007f9929a66000
 GID: 00:00:00:00:00:00:00:00:00:00:255:255:10:01:00:01
 local address: LID 0000 QPN 0x1b25 PSN 0x4cc638 RKey 0x054400 VAddr 0x007f9929a76000
 GID: 00:00:00:00:00:00:00:00:00:00:255:255:10:01:00:01
 local address: LID 0000 QPN 0x1b26 PSN 0x2b4f07 RKey 0x054400 VAddr 0x007f9929a86000
 GID: 00:00:00:00:00:00:00:00:00:00:255:255:10:01:00:01
 local address: LID 0000 QPN 0x1b27 PSN 0x6b95fc RKey 0x054400 VAddr 0x007f9929a96000
 GID: 00:00:00:00:00:00:00:00:00:00:255:255:10:01:00:01
 local address: LID 0000 QPN 0x1b28 PSN 0xa60f77 RKey 0x054400 VAddr 0x007f9929aa6000
 GID: 00:00:00:00:00:00:00:00:00:00:255:255:10:01:00:01
 local address: LID 0000 QPN 0x1b29 PSN 0xc4d89a RKey 0x054400 VAddr 0x007f9929ab6000
 GID: 00:00:00:00:00:00:00:00:00:00:255:255:10:01:00:01
 local address: LID 0000 QPN 0x1b2a PSN 0x3ad74b RKey 0x054400 VAddr 0x007f9929ac6000
 GID: 00:00:00:00:00:00:00:00:00:00:255:255:10:01:00:01
 local address: LID 0000 QPN 0x1b2b PSN 0x8cb448 RKey 0x054400 VAddr 0x007f9929ad6000
 GID: 00:00:00:00:00:00:00:00:00:00:255:255:10:01:00:01
 local address: LID 0000 QPN 0x1b2c PSN 0x180439 RKey 0x054400 VAddr 0x007f9929ae6000
 GID: 00:00:00:00:00:00:00:00:00:00:255:255:10:01:00:01
 local address: LID 0000 QPN 0x1b2d PSN 0x45a68b RKey 0x054400 VAddr 0x007f9929af6000
 GID: 00:00:00:00:00:00:00:00:00:00:255:255:10:01:00:01
 local address: LID 0000 QPN 0x1b2e PSN 0xa9792d RKey 0x054400 VAddr 0x007f9929b06000
 GID: 00:00:00:00:00:00:00:00:00:00:255:255:10:01:00:01
 local address: LID 0000 QPN 0x1b2f PSN 0x77c9ed RKey 0x054400 VAddr 0x007f9929b16000
 GID: 00:00:00:00:00:00:00:00:00:00:255:255:10:01:00:01
 local address: LID 0000 QPN 0x1b30 PSN 0x8ea5a7 RKey 0x054400 VAddr 0x007f9929b26000
 GID: 00:00:00:00:00:00:00:00:00:00:255:255:10:01:00:01
 local address: LID 0000 QPN 0x1b31 PSN 0xf3a1b7 RKey 0x054400 VAddr 0x007f9929b36000
 GID: 00:00:00:00:00:00:00:00:00:00:255:255:10:01:00:01
 local address: LID 0000 QPN 0x1b32 PSN 0xd30e47 RKey 0x054400 VAddr 0x007f9929b46000
 GID: 00:00:00:00:00:00:00:00:00:00:255:255:10:01:00:01
 local address: LID 0000 QPN 0x1b33 PSN 0xbae0e0 RKey 0x054400 VAddr 0x007f9929b56000
 GID: 00:00:00:00:00:00:00:00:00:00:255:255:10:01:00:01
 local address: LID 0000 QPN 0x1b34 PSN 0xe9f5bb RKey 0x054400 VAddr 0x007f9929b66000
 GID: 00:00:00:00:00:00:00:00:00:00:255:255:10:01:00:01
 local address: LID 0000 QPN 0x1b35 PSN 0x7d4681 RKey 0x054400 VAddr 0x007f9929b76000
 GID: 00:00:00:00:00:00:00:00:00:00:255:255:10:01:00:01
 local address: LID 0000 QPN 0x1b36 PSN 0xe5d3c6 RKey 0x054400 VAddr 0x007f9929b86000
 GID: 00:00:00:00:00:00:00:00:00:00:255:255:10:01:00:01
 local address: LID 0000 QPN 0x1b37 PSN 0xd9a448 RKey 0x054400 VAddr 0x007f9929b96000
 GID: 00:00:00:00:00:00:00:00:00:00:255:255:10:01:00:01
 local address: LID 0000 QPN 0x1b38 PSN 0xb487cf RKey 0x054400 VAddr 0x007f9929ba6000
 GID: 00:00:00:00:00:00:00:00:00:00:255:255:10:01:00:01
 local address: LID 0000 QPN 0x1b39 PSN 0x67fa79 RKey 0x054400 VAddr 0x007f9929bb6000
 GID: 00:00:00:00:00:00:00:00:00:00:255:255:10:01:00:01
 local address: LID 0000 QPN 0x1b3a PSN 0x8f8cf2 RKey 0x054400 VAddr 0x007f9929bc6000
 GID: 00:00:00:00:00:00:00:00:00:00:255:255:10:01:00:01
 local address: LID 0000 QPN 0x1b3b PSN 0x451138 RKey 0x054400 VAddr 0x007f9929bd6000
 GID: 00:00:00:00:00:00:00:00:00:00:255:255:10:01:00:01
 local address: LID 0000 QPN 0x1b3c PSN 0x400f3d RKey 0x054400 VAddr 0x007f9929be6000
 GID: 00:00:00:00:00:00:00:00:00:00:255:255:10:01:00:01
 local address: LID 0000 QPN 0x1b3d PSN 0x4f1fe9 RKey 0x054400 VAddr 0x007f9929bf6000
 GID: 00:00:00:00:00:00:00:00:00:00:255:255:10:01:00:01
 local address: LID 0000 QPN 0x1b3e PSN 0x6045b RKey 0x054400 VAddr 0x007f9929c06000
 GID: 00:00:00:00:00:00:00:00:00:00:255:255:10:01:00:01
 local address: LID 0000 QPN 0x1b3f PSN 0xbe319a RKey 0x054400 VAddr 0x007f9929c16000
 GID: 00:00:00:00:00:00:00:00:00:00:255:255:10:01:00:01
 local address: LID 0000 QPN 0x1b40 PSN 0xedfd95 RKey 0x054400 VAddr 0x007f9929c26000
 GID: 00:00:00:00:00:00:00:00:00:00:255:255:10:01:00:01
 local address: LID 0000 QPN 0x1b41 PSN 0x6f908f RKey 0x054400 VAddr 0x007f9929c36000
 GID: 00:00:00:00:00:00:00:00:00:00:255:255:10:01:00:01
 local address: LID 0000 QPN 0x1b42 PSN 0xbe35a2 RKey 0x054400 VAddr 0x007f9929c46000
 GID: 00:00:00:00:00:00:00:00:00:00:255:255:10:01:00:01
 local address: LID 0000 QPN 0x1b43 PSN 0x166327 RKey 0x054400 VAddr 0x007f9929c56000
 GID: 00:00:00:00:00:00:00:00:00:00:255:255:10:01:00:01
 local address: LID 0000 QPN 0x1b44 PSN 0xb18a7a RKey 0x054400 VAddr 0x007f9929c66000
 GID: 00:00:00:00:00:00:00:00:00:00:255:255:10:01:00:01
 local address: LID 0000 QPN 0x1b45 PSN 0xad164 RKey 0x054400 VAddr 0x007f9929c76000
 GID: 00:00:00:00:00:00:00:00:00:00:255:255:10:01:00:01
 local address: LID 0000 QPN 0x1b46 PSN 0xd009e1 RKey 0x054400 VAddr 0x007f9929c86000
 GID: 00:00:00:00:00:00:00:00:00:00:255:255:10:01:00:01
 local address: LID 0000 QPN 0x1b47 PSN 0xa5cc92 RKey 0x054400 VAddr 0x007f9929c96000
 GID: 00:00:00:00:00:00:00:00:00:00:255:255:10:01:00:01
 local address: LID 0000 QPN 0x1b48 PSN 0x141f19 RKey 0x054400 VAddr 0x007f9929ca6000
 GID: 00:00:00:00:00:00:00:00:00:00:255:255:10:01:00:01
 local address: LID 0000 QPN 0x1b49 PSN 0x50719b RKey 0x054400 VAddr 0x007f9929cb6000
 GID: 00:00:00:00:00:00:00:00:00:00:255:255:10:01:00:01
 local address: LID 0000 QPN 0x1b4a PSN 0xb930b8 RKey 0x054400 VAddr 0x007f9929cc6000
 GID: 00:00:00:00:00:00:00:00:00:00:255:255:10:01:00:01
 local address: LID 0000 QPN 0x1b4b PSN 0x78c2c5 RKey 0x054400 VAddr 0x007f9929cd6000
 GID: 00:00:00:00:00:00:00:00:00:00:255:255:10:01:00:01
 local address: LID 0000 QPN 0x1b4c PSN 0x5abf47 RKey 0x054400 VAddr 0x007f9929ce6000
 GID: 00:00:00:00:00:00:00:00:00:00:255:255:10:01:00:01
 local address: LID 0000 QPN 0x1b4d PSN 0xb126a5 RKey 0x054400 VAddr 0x007f9929cf6000
 GID: 00:00:00:00:00:00:00:00:00:00:255:255:10:01:00:01
 local address: LID 0000 QPN 0x1b4e PSN 0x903ff5 RKey 0x054400 VAddr 0x007f9929d06000
 GID: 00:00:00:00:00:00:00:00:00:00:255:255:10:01:00:01
 local address: LID 0000 QPN 0x1b4f PSN 0x3f0042 RKey 0x054400 VAddr 0x007f9929d16000
 GID: 00:00:00:00:00:00:00:00:00:00:255:255:10:01:00:01
 local address: LID 0000 QPN 0x1b50 PSN 0x7aaa36 RKey 0x054400 VAddr 0x007f9929d26000
 GID: 00:00:00:00:00:00:00:00:00:00:255:255:10:01:00:01
 local address: LID 0000 QPN 0x1b51 PSN 0xe65771 RKey 0x054400 VAddr 0x007f9929d36000
 GID: 00:00:00:00:00:00:00:00:00:00:255:255:10:01:00:01
 local address: LID 0000 QPN 0x1b52 PSN 0x61e3df RKey 0x054400 VAddr 0x007f9929d46000
 GID: 00:00:00:00:00:00:00:00:00:00:255:255:10:01:00:01
 local address: LID 0000 QPN 0x1b53 PSN 0x93b0ac RKey 0x054400 VAddr 0x007f9929d56000
 GID: 00:00:00:00:00:00:00:00:00:00:255:255:10:01:00:01
 local address: LID 0000 QPN 0x1b54 PSN 0xf50cd4 RKey 0x054400 VAddr 0x007f9929d66000
 GID: 00:00:00:00:00:00:00:00:00:00:255:255:10:01:00:01
 local address: LID 0000 QPN 0x1b55 PSN 0xb1e8b2 RKey 0x054400 VAddr 0x007f9929d76000
 GID: 00:00:00:00:00:00:00:00:00:00:255:255:10:01:00:01
 local address: LID 0000 QPN 0x1b56 PSN 0x48a1f RKey 0x054400 VAddr 0x007f9929d86000
 GID: 00:00:00:00:00:00:00:00:00:00:255:255:10:01:00:01
 local address: LID 0000 QPN 0x1b57 PSN 0x63725f RKey 0x054400 VAddr 0x007f9929d96000
 GID: 00:00:00:00:00:00:00:00:00:00:255:255:10:01:00:01
 local address: LID 0000 QPN 0x1b58 PSN 0x153fc1 RKey 0x054400 VAddr 0x007f9929da6000
 GID: 00:00:00:00:00:00:00:00:00:00:255:255:10:01:00:01
 local address: LID 0000 QPN 0x1b59 PSN 0x853c58 RKey 0x054400 VAddr 0x007f9929db6000
 GID: 00:00:00:00:00:00:00:00:00:00:255:255:10:01:00:01
 local address: LID 0000 QPN 0x1b5a PSN 0xcb914c RKey 0x054400 VAddr 0x007f9929dc6000
 GID: 00:00:00:00:00:00:00:00:00:00:255:255:10:01:00:01
 local address: LID 0000 QPN 0x1b5b PSN 0x259039 RKey 0x054400 VAddr 0x007f9929dd6000
 GID: 00:00:00:00:00:00:00:00:00:00:255:255:10:01:00:01
 local address: LID 0000 QPN 0x1b5c PSN 0xaaaea RKey 0x054400 VAddr 0x007f9929de6000
 GID: 00:00:00:00:00:00:00:00:00:00:255:255:10:01:00:01
 local address: LID 0000 QPN 0x1b5d PSN 0xfb7620 RKey 0x054400 VAddr 0x007f9929df6000
 GID: 00:00:00:00:00:00:00:00:00:00:255:255:10:01:00:01
 local address: LID 0000 QPN 0x1b5e PSN 0xc9a711 RKey 0x054400 VAddr 0x007f9929e06000
 GID: 00:00:00:00:00:00:00:00:00:00:255:255:10:01:00:01
 local address: LID 0000 QPN 0x1b5f PSN 0x6fd57c RKey 0x054400 VAddr 0x007f9929e16000
 GID: 00:00:00:00:00:00:00:00:00:00:255:255:10:01:00:01
 local address: LID 0000 QPN 0x1b60 PSN 0x8f08c7 RKey 0x054400 VAddr 0x007f9929e26000
 GID: 00:00:00:00:00:00:00:00:00:00:255:255:10:01:00:01
 local address: LID 0000 QPN 0x1b61 PSN 0x823747 RKey 0x054400 VAddr 0x007f9929e36000
 GID: 00:00:00:00:00:00:00:00:00:00:255:255:10:01:00:01
 local address: LID 0000 QPN 0x1b62 PSN 0x629efd RKey 0x054400 VAddr 0x007f9929e46000
 GID: 00:00:00:00:00:00:00:00:00:00:255:255:10:01:00:01
 local address: LID 0000 QPN 0x1b63 PSN 0x407dcc RKey 0x054400 VAddr 0x007f9929e56000
 GID: 00:00:00:00:00:00:00:00:00:00:255:255:10:01:00:01
 local address: LID 0000 QPN 0x1b64 PSN 0xdb632d RKey 0x054400 VAddr 0x007f9929e66000
 GID: 00:00:00:00:00:00:00:00:00:00:255:255:10:01:00:01
 local address: LID 0000 QPN 0x1b65 PSN 0xcd235a RKey 0x054400 VAddr 0x007f9929e76000
 GID: 00:00:00:00:00:00:00:00:00:00:255:255:10:01:00:01
 local address: LID 0000 QPN 0x1b66 PSN 0x67abe7 RKey 0x054400 VAddr 0x007f9929e86000
 GID: 00:00:00:00:00:00:00:00:00:00:255:255:10:01:00:01
 local address: LID 0000 QPN 0x1b67 PSN 0x4fe352 RKey 0x054400 VAddr 0x007f9929e96000
 GID: 00:00:00:00:00:00:00:00:00:00:255:255:10:01:00:01
 local address: LID 0000 QPN 0x1b68 PSN 0x39c3d0 RKey 0x054400 VAddr 0x007f9929ea6000
 GID: 00:00:00:00:00:00:00:00:00:00:255:255:10:01:00:01
 local address: LID 0000 QPN 0x1b69 PSN 0xe3a029 RKey 0x054400 VAddr 0x007f9929eb6000
 GID: 00:00:00:00:00:00:00:00:00:00:255:255:10:01:00:01
 local address: LID 0000 QPN 0x1b6a PSN 0x7d85fc RKey 0x054400 VAddr 0x007f9929ec6000
 GID: 00:00:00:00:00:00:00:00:00:00:255:255:10:01:00:01
 local address: LID 0000 QPN 0x1b6b PSN 0xf3ad03 RKey 0x054400 VAddr 0x007f9929ed6000
 GID: 00:00:00:00:00:00:00:00:00:00:255:255:10:01:00:01
 local address: LID 0000 QPN 0x1b6c PSN 0x273259 RKey 0x054400 VAddr 0x007f9929ee6000
 GID: 00:00:00:00:00:00:00:00:00:00:255:255:10:01:00:01
 local address: LID 0000 QPN 0x1b6d PSN 0xdd62d9 RKey 0x054400 VAddr 0x007f9929ef6000
 GID: 00:00:00:00:00:00:00:00:00:00:255:255:10:01:00:01
 local address: LID 0000 QPN 0x1b6e PSN 0xbaa767 RKey 0x054400 VAddr 0x007f9929f06000
 GID: 00:00:00:00:00:00:00:00:00:00:255:255:10:01:00:01
 local address: LID 0000 QPN 0x1b6f PSN 0xb75efb RKey 0x054400 VAddr 0x007f9929f16000
 GID: 00:00:00:00:00:00:00:00:00:00:255:255:10:01:00:01
 local address: LID 0000 QPN 0x1b70 PSN 0x593a20 RKey 0x054400 VAddr 0x007f9929f26000
 GID: 00:00:00:00:00:00:00:00:00:00:255:255:10:01:00:01
 local address: LID 0000 QPN 0x1b71 PSN 0xd97c19 RKey 0x054400 VAddr 0x007f9929f36000
 GID: 00:00:00:00:00:00:00:00:00:00:255:255:10:01:00:01
 local address: LID 0000 QPN 0x1b72 PSN 0xe4699b RKey 0x054400 VAddr 0x007f9929f46000
 GID: 00:00:00:00:00:00:00:00:00:00:255:255:10:01:00:01
 local address: LID 0000 QPN 0x1b73 PSN 0xea4f03 RKey 0x054400 VAddr 0x007f9929f56000
 GID: 00:00:00:00:00:00:00:00:00:00:255:255:10:01:00:01
 local address: LID 0000 QPN 0x1b74 PSN 0xb3d187 RKey 0x054400 VAddr 0x007f9929f66000
 GID: 00:00:00:00:00:00:00:00:00:00:255:255:10:01:00:01
 local address: LID 0000 QPN 0x1b75 PSN 0x84b56d RKey 0x054400 VAddr 0x007f9929f76000
 GID: 00:00:00:00:00:00:00:00:00:00:255:255:10:01:00:01
 local address: LID 0000 QPN 0x1b76 PSN 0x146d40 RKey 0x054400 VAddr 0x007f9929f86000
 GID: 00:00:00:00:00:00:00:00:00:00:255:255:10:01:00:01
 local address: LID 0000 QPN 0x1b77 PSN 0x211f32 RKey 0x054400 VAddr 0x007f9929f96000
 GID: 00:00:00:00:00:00:00:00:00:00:255:255:10:01:00:01
 local address: LID 0000 QPN 0x1b78 PSN 0xf01cf2 RKey 0x054400 VAddr 0x007f9929fa6000
 GID: 00:00:00:00:00:00:00:00:00:00:255:255:10:01:00:01
 local address: LID 0000 QPN 0x1b79 PSN 0xbf31a6 RKey 0x054400 VAddr 0x007f9929fb6000
 GID: 00:00:00:00:00:00:00:00:00:00:255:255:10:01:00:01
 local address: LID 0000 QPN 0x1b7a PSN 0x7c56b8 RKey 0x054400 VAddr 0x007f9929fc6000
 GID: 00:00:00:00:00:00:00:00:00:00:255:255:10:01:00:01
 local address: LID 0000 QPN 0x1b7b PSN 0x2900af RKey 0x054400 VAddr 0x007f9929fd6000
 GID: 00:00:00:00:00:00:00:00:00:00:255:255:10:01:00:01
 local address: LID 0000 QPN 0x1b7c PSN 0x22766 RKey 0x054400 VAddr 0x007f9929fe6000
 GID: 00:00:00:00:00:00:00:00:00:00:255:255:10:01:00:01
 local address: LID 0000 QPN 0x1b7d PSN 0xbe6272 RKey 0x054400 VAddr 0x007f9929ff6000
 GID: 00:00:00:00:00:00:00:00:00:00:255:255:10:01:00:01
 local address: LID 0000 QPN 0x1b7e PSN 0x14894c RKey 0x054400 VAddr 0x007f992a006000
 GID: 00:00:00:00:00:00:00:00:00:00:255:255:10:01:00:01
 local address: LID 0000 QPN 0x1b7f PSN 0x4d2094 RKey 0x054400 VAddr 0x007f992a016000
 GID: 00:00:00:00:00:00:00:00:00:00:255:255:10:01:00:01
 local address: LID 0000 QPN 0x1b80 PSN 0xd34abd RKey 0x054400 VAddr 0x007f992a026000
 GID: 00:00:00:00:00:00:00:00:00:00:255:255:10:01:00:01
 local address: LID 0000 QPN 0x1b81 PSN 0x87850f RKey 0x054400 VAddr 0x007f992a036000
 GID: 00:00:00:00:00:00:00:00:00:00:255:255:10:01:00:01
 local address: LID 0000 QPN 0x1b82 PSN 0xe32af8 RKey 0x054400 VAddr 0x007f992a046000
 GID: 00:00:00:00:00:00:00:00:00:00:255:255:10:01:00:01
 local address: LID 0000 QPN 0x1b83 PSN 0x32c0ee RKey 0x054400 VAddr 0x007f992a056000
 GID: 00:00:00:00:00:00:00:00:00:00:255:255:10:01:00:01
 local address: LID 0000 QPN 0x1b84 PSN 0x48a183 RKey 0x054400 VAddr 0x007f992a066000
 GID: 00:00:00:00:00:00:00:00:00:00:255:255:10:01:00:01
 local address: LID 0000 QPN 0x1b85 PSN 0xeff81b RKey 0x054400 VAddr 0x007f992a076000
 GID: 00:00:00:00:00:00:00:00:00:00:255:255:10:01:00:01
 local address: LID 0000 QPN 0x1b86 PSN 0xd35acf RKey 0x054400 VAddr 0x007f992a086000
 GID: 00:00:00:00:00:00:00:00:00:00:255:255:10:01:00:01
 local address: LID 0000 QPN 0x1b87 PSN 0x169fe1 RKey 0x054400 VAddr 0x007f992a096000
 GID: 00:00:00:00:00:00:00:00:00:00:255:255:10:01:00:01
 local address: LID 0000 QPN 0x1b88 PSN 0x687c71 RKey 0x054400 VAddr 0x007f992a0a6000
 GID: 00:00:00:00:00:00:00:00:00:00:255:255:10:01:00:01
 local address: LID 0000 QPN 0x1b89 PSN 0x93dc88 RKey 0x054400 VAddr 0x007f992a0b6000
 GID: 00:00:00:00:00:00:00:00:00:00:255:255:10:01:00:01
 local address: LID 0000 QPN 0x1b8a PSN 0x69240c RKey 0x054400 VAddr 0x007f992a0c6000
 GID: 00:00:00:00:00:00:00:00:00:00:255:255:10:01:00:01
 local address: LID 0000 QPN 0x1b8b PSN 0xfe6ee8 RKey 0x054400 VAddr 0x007f992a0d6000
 GID: 00:00:00:00:00:00:00:00:00:00:255:255:10:01:00:01
 local address: LID 0000 QPN 0x1b8c PSN 0x677584 RKey 0x054400 VAddr 0x007f992a0e6000
 GID: 00:00:00:00:00:00:00:00:00:00:255:255:10:01:00:01
 local address: LID 0000 QPN 0x1b8d PSN 0x8893ab RKey 0x054400 VAddr 0x007f992a0f6000
 GID: 00:00:00:00:00:00:00:00:00:00:255:255:10:01:00:01
 local address: LID 0000 QPN 0x1b8e PSN 0x9d57b7 RKey 0x054400 VAddr 0x007f992a106000
 GID: 00:00:00:00:00:00:00:00:00:00:255:255:10:01:00:01
 local address: LID 0000 QPN 0x1b8f PSN 0x9b3c3b RKey 0x054400 VAddr 0x007f992a116000
 GID: 00:00:00:00:00:00:00:00:00:00:255:255:10:01:00:01
 local address: LID 0000 QPN 0x1b90 PSN 0x155ab8 RKey 0x054400 VAddr 0x007f992a126000
 GID: 00:00:00:00:00:00:00:00:00:00:255:255:10:01:00:01
 local address: LID 0000 QPN 0x1b91 PSN 0x17cc73 RKey 0x054400 VAddr 0x007f992a136000
 GID: 00:00:00:00:00:00:00:00:00:00:255:255:10:01:00:01
 local address: LID 0000 QPN 0x1b92 PSN 0x7516f1 RKey 0x054400 VAddr 0x007f992a146000
 GID: 00:00:00:00:00:00:00:00:00:00:255:255:10:01:00:01
 local address: LID 0000 QPN 0x1b93 PSN 0x45d049 RKey 0x054400 VAddr 0x007f992a156000
 GID: 00:00:00:00:00:00:00:00:00:00:255:255:10:01:00:01
 local address: LID 0000 QPN 0x1b94 PSN 0x2bca66 RKey 0x054400 VAddr 0x007f992a166000
 GID: 00:00:00:00:00:00:00:00:00:00:255:255:10:01:00:01
 local address: LID 0000 QPN 0x1b95 PSN 0xa8f1b6 RKey 0x054400 VAddr 0x007f992a176000
 GID: 00:00:00:00:00:00:00:00:00:00:255:255:10:01:00:01
 local address: LID 0000 QPN 0x1b96 PSN 0x1b77dc RKey 0x054400 VAddr 0x007f992a186000
 GID: 00:00:00:00:00:00:00:00:00:00:255:255:10:01:00:01
 local address: LID 0000 QPN 0x1b97 PSN 0xcc2164 RKey 0x054400 VAddr 0x007f992a196000
 GID: 00:00:00:00:00:00:00:00:00:00:255:255:10:01:00:01
 local address: LID 0000 QPN 0x1b98 PSN 0x3fb37 RKey 0x054400 VAddr 0x007f992a1a6000
 GID: 00:00:00:00:00:00:00:00:00:00:255:255:10:01:00:01
 local address: LID 0000 QPN 0x1b99 PSN 0x49eba7 RKey 0x054400 VAddr 0x007f992a1b6000
 GID: 00:00:00:00:00:00:00:00:00:00:255:255:10:01:00:01
 local address: LID 0000 QPN 0x1b9a PSN 0x4f29 RKey 0x054400 VAddr 0x007f992a1c6000
 GID: 00:00:00:00:00:00:00:00:00:00:255:255:10:01:00:01
 local address: LID 0000 QPN 0x1b9b PSN 0xd71f7d RKey 0x054400 VAddr 0x007f992a1d6000
 GID: 00:00:00:00:00:00:00:00:00:00:255:255:10:01:00:01
 local address: LID 0000 QPN 0x1b9c PSN 0xd6c9c4 RKey 0x054400 VAddr 0x007f992a1e6000
 GID: 00:00:00:00:00:00:00:00:00:00:255:255:10:01:00:01
 local address: LID 0000 QPN 0x1b9d PSN 0x254664 RKey 0x054400 VAddr 0x007f992a1f6000
 GID: 00:00:00:00:00:00:00:00:00:00:255:255:10:01:00:01
 local address: LID 0000 QPN 0x1b9e PSN 0x65c83f RKey 0x054400 VAddr 0x007f992a206000
 GID: 00:00:00:00:00:00:00:00:00:00:255:255:10:01:00:01
 local address: LID 0000 QPN 0x1b9f PSN 0xa23a04 RKey 0x054400 VAddr 0x007f992a216000
 GID: 00:00:00:00:00:00:00:00:00:00:255:255:10:01:00:01
 local address: LID 0000 QPN 0x1ba0 PSN 0x81c5cc RKey 0x054400 VAddr 0x007f992a226000
 GID: 00:00:00:00:00:00:00:00:00:00:255:255:10:01:00:01
 local address: LID 0000 QPN 0x1ba1 PSN 0xc2efac RKey 0x054400 VAddr 0x007f992a236000
 GID: 00:00:00:00:00:00:00:00:00:00:255:255:10:01:00:01
 local address: LID 0000 QPN 0x1ba2 PSN 0x771605 RKey 0x054400 VAddr 0x007f992a246000
 GID: 00:00:00:00:00:00:00:00:00:00:255:255:10:01:00:01
 local address: LID 0000 QPN 0x1ba3 PSN 0xb221f1 RKey 0x054400 VAddr 0x007f992a256000
 GID: 00:00:00:00:00:00:00:00:00:00:255:255:10:01:00:01
 local address: LID 0000 QPN 0x1ba4 PSN 0x7d9911 RKey 0x054400 VAddr 0x007f992a266000
 GID: 00:00:00:00:00:00:00:00:00:00:255:255:10:01:00:01
 local address: LID 0000 QPN 0x1ba5 PSN 0x51ddae RKey 0x054400 VAddr 0x007f992a276000
 GID: 00:00:00:00:00:00:00:00:00:00:255:255:10:01:00:01
 local address: LID 0000 QPN 0x1ba6 PSN 0x1d264c RKey 0x054400 VAddr 0x007f992a286000
 GID: 00:00:00:00:00:00:00:00:00:00:255:255:10:01:00:01
 local address: LID 0000 QPN 0x1ba7 PSN 0x4e69e1 RKey 0x054400 VAddr 0x007f992a296000
 GID: 00:00:00:00:00:00:00:00:00:00:255:255:10:01:00:01
 local address: LID 0000 QPN 0x1ba8 PSN 0xddc1cf RKey 0x054400 VAddr 0x007f992a2a6000
 GID: 00:00:00:00:00:00:00:00:00:00:255:255:10:01:00:01
 local address: LID 0000 QPN 0x1ba9 PSN 0x8c10fc RKey 0x054400 VAddr 0x007f992a2b6000
 GID: 00:00:00:00:00:00:00:00:00:00:255:255:10:01:00:01
 local address: LID 0000 QPN 0x1baa PSN 0xeae1dc RKey 0x054400 VAddr 0x007f992a2c6000
 GID: 00:00:00:00:00:00:00:00:00:00:255:255:10:01:00:01
 local address: LID 0000 QPN 0x1bab PSN 0xd9c658 RKey 0x054400 VAddr 0x007f992a2d6000
 GID: 00:00:00:00:00:00:00:00:00:00:255:255:10:01:00:01
 local address: LID 0000 QPN 0x1bac PSN 0x773ada RKey 0x054400 VAddr 0x007f992a2e6000
 GID: 00:00:00:00:00:00:00:00:00:00:255:255:10:01:00:01
 local address: LID 0000 QPN 0x1bad PSN 0x2b839f RKey 0x054400 VAddr 0x007f992a2f6000
 GID: 00:00:00:00:00:00:00:00:00:00:255:255:10:01:00:01
 local address: LID 0000 QPN 0x1bae PSN 0x492319 RKey 0x054400 VAddr 0x007f992a306000
 GID: 00:00:00:00:00:00:00:00:00:00:255:255:10:01:00:01
 local address: LID 0000 QPN 0x1baf PSN 0xded025 RKey 0x054400 VAddr 0x007f992a316000
 GID: 00:00:00:00:00:00:00:00:00:00:255:255:10:01:00:01
 local address: LID 0000 QPN 0x1bb0 PSN 0x4b4b53 RKey 0x054400 VAddr 0x007f992a326000
 GID: 00:00:00:00:00:00:00:00:00:00:255:255:10:01:00:01
 local address: LID 0000 QPN 0x1bb1 PSN 0x7db744 RKey 0x054400 VAddr 0x007f992a336000
 GID: 00:00:00:00:00:00:00:00:00:00:255:255:10:01:00:01
 local address: LID 0000 QPN 0x1bb2 PSN 0x232d52 RKey 0x054400 VAddr 0x007f992a346000
 GID: 00:00:00:00:00:00:00:00:00:00:255:255:10:01:00:01
 local address: LID 0000 QPN 0x1bb3 PSN 0xe34ae3 RKey 0x054400 VAddr 0x007f992a356000
 GID: 00:00:00:00:00:00:00:00:00:00:255:255:10:01:00:01
 local address: LID 0000 QPN 0x1bb4 PSN 0xad5806 RKey 0x054400 VAddr 0x007f992a366000
 GID: 00:00:00:00:00:00:00:00:00:00:255:255:10:01:00:01
 local address: LID 0000 QPN 0x1bb5 PSN 0x8cb493 RKey 0x054400 VAddr 0x007f992a376000
 GID: 00:00:00:00:00:00:00:00:00:00:255:255:10:01:00:01
 local address: LID 0000 QPN 0x1bb6 PSN 0x570ea7 RKey 0x054400 VAddr 0x007f992a386000
 GID: 00:00:00:00:00:00:00:00:00:00:255:255:10:01:00:01
 local address: LID 0000 QPN 0x1bb7 PSN 0xf2119b RKey 0x054400 VAddr 0x007f992a396000
 GID: 00:00:00:00:00:00:00:00:00:00:255:255:10:01:00:01
 local address: LID 0000 QPN 0x1bb8 PSN 0xee3063 RKey 0x054400 VAddr 0x007f992a3a6000
 GID: 00:00:00:00:00:00:00:00:00:00:255:255:10:01:00:01
 local address: LID 0000 QPN 0x1bb9 PSN 0xaf6da0 RKey 0x054400 VAddr 0x007f992a3b6000
 GID: 00:00:00:00:00:00:00:00:00:00:255:255:10:01:00:01
 local address: LID 0000 QPN 0x1bba PSN 0xb9f694 RKey 0x054400 VAddr 0x007f992a3c6000
 GID: 00:00:00:00:00:00:00:00:00:00:255:255:10:01:00:01
 local address: LID 0000 QPN 0x1bbb PSN 0x6beb87 RKey 0x054400 VAddr 0x007f992a3d6000
 GID: 00:00:00:00:00:00:00:00:00:00:255:255:10:01:00:01
 local address: LID 0000 QPN 0x1bbc PSN 0x44f117 RKey 0x054400 VAddr 0x007f992a3e6000
 GID: 00:00:00:00:00:00:00:00:00:00:255:255:10:01:00:01
 local address: LID 0000 QPN 0x1bbd PSN 0x40957a RKey 0x054400 VAddr 0x007f992a3f6000
 GID: 00:00:00:00:00:00:00:00:00:00:255:255:10:01:00:01
 local address: LID 0000 QPN 0x1bbe PSN 0x372b1e RKey 0x054400 VAddr 0x007f992a406000
 GID: 00:00:00:00:00:00:00:00:00:00:255:255:10:01:00:01
 local address: LID 0000 QPN 0x1bbf PSN 0x31aaf2 RKey 0x054400 VAddr 0x007f992a416000
 GID: 00:00:00:00:00:00:00:00:00:00:255:255:10:01:00:01
 local address: LID 0000 QPN 0x1bc0 PSN 0xd53647 RKey 0x054400 VAddr 0x007f992a426000
 GID: 00:00:00:00:00:00:00:00:00:00:255:255:10:01:00:01
 local address: LID 0000 QPN 0x1bc1 PSN 0xda1ee1 RKey 0x054400 VAddr 0x007f992a436000
 GID: 00:00:00:00:00:00:00:00:00:00:255:255:10:01:00:01
 local address: LID 0000 QPN 0x1bc2 PSN 0x10e698 RKey 0x054400 VAddr 0x007f992a446000
 GID: 00:00:00:00:00:00:00:00:00:00:255:255:10:01:00:01
 local address: LID 0000 QPN 0x1bc3 PSN 0xbe183b RKey 0x054400 VAddr 0x007f992a456000
 GID: 00:00:00:00:00:00:00:00:00:00:255:255:10:01:00:01
 local address: LID 0000 QPN 0x1bc4 PSN 0xb3f769 RKey 0x054400 VAddr 0x007f992a466000
 GID: 00:00:00:00:00:00:00:00:00:00:255:255:10:01:00:01
 local address: LID 0000 QPN 0x1bc5 PSN 0xe4b416 RKey 0x054400 VAddr 0x007f992a476000
 GID: 00:00:00:00:00:00:00:00:00:00:255:255:10:01:00:01
 local address: LID 0000 QPN 0x1bc6 PSN 0x350812 RKey 0x054400 VAddr 0x007f992a486000
 GID: 00:00:00:00:00:00:00:00:00:00:255:255:10:01:00:01
 local address: LID 0000 QPN 0x1bc7 PSN 0x6c4af8 RKey 0x054400 VAddr 0x007f992a496000
 GID: 00:00:00:00:00:00:00:00:00:00:255:255:10:01:00:01
 local address: LID 0000 QPN 0x1bc8 PSN 0x4806be RKey 0x054400 VAddr 0x007f992a4a6000
 GID: 00:00:00:00:00:00:00:00:00:00:255:255:10:01:00:01
 local address: LID 0000 QPN 0x1bc9 PSN 0xad99ca RKey 0x054400 VAddr 0x007f992a4b6000
 GID: 00:00:00:00:00:00:00:00:00:00:255:255:10:01:00:01
 local address: LID 0000 QPN 0x1bca PSN 0x8c205f RKey 0x054400 VAddr 0x007f992a4c6000
 GID: 00:00:00:00:00:00:00:00:00:00:255:255:10:01:00:01
 local address: LID 0000 QPN 0x1bcb PSN 0xf3336 RKey 0x054400 VAddr 0x007f992a4d6000
 GID: 00:00:00:00:00:00:00:00:00:00:255:255:10:01:00:01
 local address: LID 0000 QPN 0x1bcc PSN 0xf8ce70 RKey 0x054400 VAddr 0x007f992a4e6000
 GID: 00:00:00:00:00:00:00:00:00:00:255:255:10:01:00:01
 local address: LID 0000 QPN 0x1bcd PSN 0xaa8f38 RKey 0x054400 VAddr 0x007f992a4f6000
 GID: 00:00:00:00:00:00:00:00:00:00:255:255:10:01:00:01
 local address: LID 0000 QPN 0x1bce PSN 0xc805c2 RKey 0x054400 VAddr 0x007f992a506000
 GID: 00:00:00:00:00:00:00:00:00:00:255:255:10:01:00:01
 local address: LID 0000 QPN 0x1bcf PSN 0x4934df RKey 0x054400 VAddr 0x007f992a516000
 GID: 00:00:00:00:00:00:00:00:00:00:255:255:10:01:00:01
 local address: LID 0000 QPN 0x1bd0 PSN 0x6d8544 RKey 0x054400 VAddr 0x007f992a526000
 GID: 00:00:00:00:00:00:00:00:00:00:255:255:10:01:00:01
 local address: LID 0000 QPN 0x1bd1 PSN 0x3a5d4e RKey 0x054400 VAddr 0x007f992a536000
 GID: 00:00:00:00:00:00:00:00:00:00:255:255:10:01:00:01
 local address: LID 0000 QPN 0x1bd2 PSN 0x1fb835 RKey 0x054400 VAddr 0x007f992a546000
 GID: 00:00:00:00:00:00:00:00:00:00:255:255:10:01:00:01
 local address: LID 0000 QPN 0x1bd3 PSN 0xded735 RKey 0x054400 VAddr 0x007f992a556000
 GID: 00:00:00:00:00:00:00:00:00:00:255:255:10:01:00:01
 local address: LID 0000 QPN 0x1bd4 PSN 0x48b4fb RKey 0x054400 VAddr 0x007f992a566000
 GID: 00:00:00:00:00:00:00:00:00:00:255:255:10:01:00:01
 local address: LID 0000 QPN 0x1bd5 PSN 0x29e706 RKey 0x054400 VAddr 0x007f992a576000
 GID: 00:00:00:00:00:00:00:00:00:00:255:255:10:01:00:01
 local address: LID 0000 QPN 0x1bd6 PSN 0x390055 RKey 0x054400 VAddr 0x007f992a586000
 GID: 00:00:00:00:00:00:00:00:00:00:255:255:10:01:00:01
 local address: LID 0000 QPN 0x1bd7 PSN 0xadaa7a RKey 0x054400 VAddr 0x007f992a596000
 GID: 00:00:00:00:00:00:00:00:00:00:255:255:10:01:00:01
 local address: LID 0000 QPN 0x1bd8 PSN 0xef8c4b RKey 0x054400 VAddr 0x007f992a5a6000
 GID: 00:00:00:00:00:00:00:00:00:00:255:255:10:01:00:01
 local address: LID 0000 QPN 0x1bd9 PSN 0xb0acd4 RKey 0x054400 VAddr 0x007f992a5b6000
 GID: 00:00:00:00:00:00:00:00:00:00:255:255:10:01:00:01
 local address: LID 0000 QPN 0x1bda PSN 0xdcd2ed RKey 0x054400 VAddr 0x007f992a5c6000
 GID: 00:00:00:00:00:00:00:00:00:00:255:255:10:01:00:01
 local address: LID 0000 QPN 0x1bdb PSN 0x20a5b2 RKey 0x054400 VAddr 0x007f992a5d6000
 GID: 00:00:00:00:00:00:00:00:00:00:255:255:10:01:00:01
 local address: LID 0000 QPN 0x1bdc PSN 0x2a1675 RKey 0x054400 VAddr 0x007f992a5e6000
 GID: 00:00:00:00:00:00:00:00:00:00:255:255:10:01:00:01
 local address: LID 0000 QPN 0x1bdd PSN 0x94d538 RKey 0x054400 VAddr 0x007f992a5f6000
 GID: 00:00:00:00:00:00:00:00:00:00:255:255:10:01:00:01
 local address: LID 0000 QPN 0x1bde PSN 0x9a231d RKey 0x054400 VAddr 0x007f992a606000
 GID: 00:00:00:00:00:00:00:00:00:00:255:255:10:01:00:01
 local address: LID 0000 QPN 0x1bdf PSN 0xd5e80 RKey 0x054400 VAddr 0x007f992a616000
 GID: 00:00:00:00:00:00:00:00:00:00:255:255:10:01:00:01
 local address: LID 0000 QPN 0x1be0 PSN 0xe11283 RKey 0x054400 VAddr 0x007f992a626000
 GID: 00:00:00:00:00:00:00:00:00:00:255:255:10:01:00:01
 local address: LID 0000 QPN 0x1be1 PSN 0xd5ec73 RKey 0x054400 VAddr 0x007f992a636000
 GID: 00:00:00:00:00:00:00:00:00:00:255:255:10:01:00:01
 local address: LID 0000 QPN 0x1be2 PSN 0xcb6d26 RKey 0x054400 VAddr 0x007f992a646000
 GID: 00:00:00:00:00:00:00:00:00:00:255:255:10:01:00:01
 local address: LID 0000 QPN 0x1be3 PSN 0xf99d2d RKey 0x054400 VAddr 0x007f992a656000
 GID: 00:00:00:00:00:00:00:00:00:00:255:255:10:01:00:01
 local address: LID 0000 QPN 0x1be4 PSN 0x8fc420 RKey 0x054400 VAddr 0x007f992a666000
 GID: 00:00:00:00:00:00:00:00:00:00:255:255:10:01:00:01
 local address: LID 0000 QPN 0x1be5 PSN 0xbead56 RKey 0x054400 VAddr 0x007f992a676000
 GID: 00:00:00:00:00:00:00:00:00:00:255:255:10:01:00:01
 local address: LID 0000 QPN 0x1be6 PSN 0x2de3d5 RKey 0x054400 VAddr 0x007f992a686000
 GID: 00:00:00:00:00:00:00:00:00:00:255:255:10:01:00:01
 local address: LID 0000 QPN 0x1be7 PSN 0xfeeec8 RKey 0x054400 VAddr 0x007f992a696000
 GID: 00:00:00:00:00:00:00:00:00:00:255:255:10:01:00:01
 local address: LID 0000 QPN 0x1be8 PSN 0xcbb813 RKey 0x054400 VAddr 0x007f992a6a6000
 GID: 00:00:00:00:00:00:00:00:00:00:255:255:10:01:00:01
 local address: LID 0000 QPN 0x1be9 PSN 0xb14535 RKey 0x054400 VAddr 0x007f992a6b6000
 GID: 00:00:00:00:00:00:00:00:00:00:255:255:10:01:00:01
 local address: LID 0000 QPN 0x1bea PSN 0xfdca8a RKey 0x054400 VAddr 0x007f992a6c6000
 GID: 00:00:00:00:00:00:00:00:00:00:255:255:10:01:00:01
 local address: LID 0000 QPN 0x1beb PSN 0xf9f767 RKey 0x054400 VAddr 0x007f992a6d6000
 GID: 00:00:00:00:00:00:00:00:00:00:255:255:10:01:00:01
 local address: LID 0000 QPN 0x1bec PSN 0x2a165a RKey 0x054400 VAddr 0x007f992a6e6000
 GID: 00:00:00:00:00:00:00:00:00:00:255:255:10:01:00:01
 local address: LID 0000 QPN 0x1bed PSN 0x86a4fb RKey 0x054400 VAddr 0x007f992a6f6000
 GID: 00:00:00:00:00:00:00:00:00:00:255:255:10:01:00:01
 local address: LID 0000 QPN 0x1bee PSN 0xfa25e5 RKey 0x054400 VAddr 0x007f992a706000
 GID: 00:00:00:00:00:00:00:00:00:00:255:255:10:01:00:01
 local address: LID 0000 QPN 0x1bef PSN 0x8d668b RKey 0x054400 VAddr 0x007f992a716000
 GID: 00:00:00:00:00:00:00:00:00:00:255:255:10:01:00:01
 local address: LID 0000 QPN 0x1bf0 PSN 0x69bbdf RKey 0x054400 VAddr 0x007f992a726000
 GID: 00:00:00:00:00:00:00:00:00:00:255:255:10:01:00:01
 local address: LID 0000 QPN 0x1bf1 PSN 0x109157 RKey 0x054400 VAddr 0x007f992a736000
 GID: 00:00:00:00:00:00:00:00:00:00:255:255:10:01:00:01
 local address: LID 0000 QPN 0x1bf2 PSN 0x6a8d0c RKey 0x054400 VAddr 0x007f992a746000
 GID: 00:00:00:00:00:00:00:00:00:00:255:255:10:01:00:01
 local address: LID 0000 QPN 0x1bf3 PSN 0xdc8fa2 RKey 0x054400 VAddr 0x007f992a756000
 GID: 00:00:00:00:00:00:00:00:00:00:255:255:10:01:00:01
 local address: LID 0000 QPN 0x1bf4 PSN 0xc2f5d9 RKey 0x054400 VAddr 0x007f992a766000
 GID: 00:00:00:00:00:00:00:00:00:00:255:255:10:01:00:01
 local address: LID 0000 QPN 0x1bf5 PSN 0x574415 RKey 0x054400 VAddr 0x007f992a776000
 GID: 00:00:00:00:00:00:00:00:00:00:255:255:10:01:00:01
 local address: LID 0000 QPN 0x1bf6 PSN 0xe4859a RKey 0x054400 VAddr 0x007f992a786000
 GID: 00:00:00:00:00:00:00:00:00:00:255:255:10:01:00:01
 local address: LID 0000 QPN 0x1bf7 PSN 0xdfc8a5 RKey 0x054400 VAddr 0x007f992a796000
 GID: 00:00:00:00:00:00:00:00:00:00:255:255:10:01:00:01
 local address: LID 0000 QPN 0x1bf8 PSN 0x3158c2 RKey 0x054400 VAddr 0x007f992a7a6000
 GID: 00:00:00:00:00:00:00:00:00:00:255:255:10:01:00:01
 local address: LID 0000 QPN 0x1bf9 PSN 0xa69087 RKey 0x054400 VAddr 0x007f992a7b6000
 GID: 00:00:00:00:00:00:00:00:00:00:255:255:10:01:00:01
 local address: LID 0000 QPN 0x1bfa PSN 0xba7427 RKey 0x054400 VAddr 0x007f992a7c6000
 GID: 00:00:00:00:00:00:00:00:00:00:255:255:10:01:00:01
 local address: LID 0000 QPN 0x1bfb PSN 0xf4d0e2 RKey 0x054400 VAddr 0x007f992a7d6000
 GID: 00:00:00:00:00:00:00:00:00:00:255:255:10:01:00:01
 local address: LID 0000 QPN 0x1bfc PSN 0x19ccf0 RKey 0x054400 VAddr 0x007f992a7e6000
 GID: 00:00:00:00:00:00:00:00:00:00:255:255:10:01:00:01
 local address: LID 0000 QPN 0x1bfd PSN 0x8b9d21 RKey 0x054400 VAddr 0x007f992a7f6000
 GID: 00:00:00:00:00:00:00:00:00:00:255:255:10:01:00:01
 local address: LID 0000 QPN 0x1bfe PSN 0x54cb70 RKey 0x054400 VAddr 0x007f992a806000
 GID: 00:00:00:00:00:00:00:00:00:00:255:255:10:01:00:01
 local address: LID 0000 QPN 0x1bff PSN 0xefa1d4 RKey 0x054400 VAddr 0x007f992a816000
 GID: 00:00:00:00:00:00:00:00:00:00:255:255:10:01:00:01
 local address: LID 0000 QPN 0x1c00 PSN 0x768ad3 RKey 0x054400 VAddr 0x007f992a826000
 GID: 00:00:00:00:00:00:00:00:00:00:255:255:10:01:00:01
 local address: LID 0000 QPN 0x1c01 PSN 0xa36425 RKey 0x054400 VAddr 0x007f992a836000
 GID: 00:00:00:00:00:00:00:00:00:00:255:255:10:01:00:01
 local address: LID 0000 QPN 0x1c02 PSN 0xd6c423 RKey 0x054400 VAddr 0x007f992a846000
 GID: 00:00:00:00:00:00:00:00:00:00:255:255:10:01:00:01
 local address: LID 0000 QPN 0x1c03 PSN 0x942c2e RKey 0x054400 VAddr 0x007f992a856000
 GID: 00:00:00:00:00:00:00:00:00:00:255:255:10:01:00:01
 local address: LID 0000 QPN 0x1c04 PSN 0x5460ca RKey 0x054400 VAddr 0x007f992a866000
 GID: 00:00:00:00:00:00:00:00:00:00:255:255:10:01:00:01
 local address: LID 0000 QPN 0x1c05 PSN 0xab4d73 RKey 0x054400 VAddr 0x007f992a876000
 GID: 00:00:00:00:00:00:00:00:00:00:255:255:10:01:00:01
 local address: LID 0000 QPN 0x1c06 PSN 0xfa874a RKey 0x054400 VAddr 0x007f992a886000
 GID: 00:00:00:00:00:00:00:00:00:00:255:255:10:01:00:01
 local address: LID 0000 QPN 0x1c07 PSN 0x27a2f7 RKey 0x054400 VAddr 0x007f992a896000
 GID: 00:00:00:00:00:00:00:00:00:00:255:255:10:01:00:01
 local address: LID 0000 QPN 0x1c08 PSN 0x883ca2 RKey 0x054400 VAddr 0x007f992a8a6000
 GID: 00:00:00:00:00:00:00:00:00:00:255:255:10:01:00:01
 local address: LID 0000 QPN 0x1c09 PSN 0xc85382 RKey 0x054400 VAddr 0x007f992a8b6000
 GID: 00:00:00:00:00:00:00:00:00:00:255:255:10:01:00:01
 local address: LID 0000 QPN 0x1c0a PSN 0xa55551 RKey 0x054400 VAddr 0x007f992a8c6000
 GID: 00:00:00:00:00:00:00:00:00:00:255:255:10:01:00:01
 local address: LID 0000 QPN 0x1c0b PSN 0xd016ce RKey 0x054400 VAddr 0x007f992a8d6000
 GID: 00:00:00:00:00:00:00:00:00:00:255:255:10:01:00:01
 local address: LID 0000 QPN 0x1c0c PSN 0xb992ab RKey 0x054400 VAddr 0x007f992a8e6000
 GID: 00:00:00:00:00:00:00:00:00:00:255:255:10:01:00:01
 local address: LID 0000 QPN 0x1c0d PSN 0x8e456c RKey 0x054400 VAddr 0x007f992a8f6000
 GID: 00:00:00:00:00:00:00:00:00:00:255:255:10:01:00:01
 local address: LID 0000 QPN 0x1c0e PSN 0xf2d3b5 RKey 0x054400 VAddr 0x007f992a906000
 GID: 00:00:00:00:00:00:00:00:00:00:255:255:10:01:00:01
 local address: LID 0000 QPN 0x1c0f PSN 0xe3434f RKey 0x054400 VAddr 0x007f992a916000
 GID: 00:00:00:00:00:00:00:00:00:00:255:255:10:01:00:01
 local address: LID 0000 QPN 0x1c10 PSN 0xcddc79 RKey 0x054400 VAddr 0x007f992a926000
 GID: 00:00:00:00:00:00:00:00:00:00:255:255:10:01:00:01
 local address: LID 0000 QPN 0x1c11 PSN 0x17d823 RKey 0x054400 VAddr 0x007f992a936000
 GID: 00:00:00:00:00:00:00:00:00:00:255:255:10:01:00:01
 local address: LID 0000 QPN 0x1c12 PSN 0xff4b4b RKey 0x054400 VAddr 0x007f992a946000
 GID: 00:00:00:00:00:00:00:00:00:00:255:255:10:01:00:01
 local address: LID 0000 QPN 0x1c13 PSN 0x31908e RKey 0x054400 VAddr 0x007f992a956000
 GID: 00:00:00:00:00:00:00:00:00:00:255:255:10:01:00:01
 local address: LID 0000 QPN 0x1c14 PSN 0xb0934 RKey 0x054400 VAddr 0x007f992a966000
 GID: 00:00:00:00:00:00:00:00:00:00:255:255:10:01:00:01
 local address: LID 0000 QPN 0x1c15 PSN 0x9958c1 RKey 0x054400 VAddr 0x007f992a976000
 GID: 00:00:00:00:00:00:00:00:00:00:255:255:10:01:00:01
 local address: LID 0000 QPN 0x1c16 PSN 0x2b412b RKey 0x054400 VAddr 0x007f992a986000
 GID: 00:00:00:00:00:00:00:00:00:00:255:255:10:01:00:01
 local address: LID 0000 QPN 0x1c17 PSN 0xe86ac0 RKey 0x054400 VAddr 0x007f992a996000
 GID: 00:00:00:00:00:00:00:00:00:00:255:255:10:01:00:01
 local address: LID 0000 QPN 0x1c18 PSN 0x8a599c RKey 0x054400 VAddr 0x007f992a9a6000
 GID: 00:00:00:00:00:00:00:00:00:00:255:255:10:01:00:01
 local address: LID 0000 QPN 0x1c19 PSN 0x62f1fe RKey 0x054400 VAddr 0x007f992a9b6000
 GID: 00:00:00:00:00:00:00:00:00:00:255:255:10:01:00:01
 local address: LID 0000 QPN 0x1c1a PSN 0x8f7437 RKey 0x054400 VAddr 0x007f992a9c6000
 GID: 00:00:00:00:00:00:00:00:00:00:255:255:10:01:00:01
 local address: LID 0000 QPN 0x1c1b PSN 0xf731fa RKey 0x054400 VAddr 0x007f992a9d6000
 GID: 00:00:00:00:00:00:00:00:00:00:255:255:10:01:00:01
 local address: LID 0000 QPN 0x1c1c PSN 0x72c19e RKey 0x054400 VAddr 0x007f992a9e6000
 GID: 00:00:00:00:00:00:00:00:00:00:255:255:10:01:00:01
 local address: LID 0000 QPN 0x1c1d PSN 0x6496bb RKey 0x054400 VAddr 0x007f992a9f6000
 GID: 00:00:00:00:00:00:00:00:00:00:255:255:10:01:00:01
 local address: LID 0000 QPN 0x1c1e PSN 0x7ee94b RKey 0x054400 VAddr 0x007f992aa06000
 GID: 00:00:00:00:00:00:00:00:00:00:255:255:10:01:00:01
 local address: LID 0000 QPN 0x1c1f PSN 0x142411 RKey 0x054400 VAddr 0x007f992aa16000
 GID: 00:00:00:00:00:00:00:00:00:00:255:255:10:01:00:01
 local address: LID 0000 QPN 0x1c20 PSN 0x89898b RKey 0x054400 VAddr 0x007f992aa26000
 GID: 00:00:00:00:00:00:00:00:00:00:255:255:10:01:00:01
 local address: LID 0000 QPN 0x1c21 PSN 0x14c3bb RKey 0x054400 VAddr 0x007f992aa36000
 GID: 00:00:00:00:00:00:00:00:00:00:255:255:10:01:00:01
 local address: LID 0000 QPN 0x1c22 PSN 0xe55003 RKey 0x054400 VAddr 0x007f992aa46000
 GID: 00:00:00:00:00:00:00:00:00:00:255:255:10:01:00:01
 local address: LID 0000 QPN 0x1c23 PSN 0xb2c2a0 RKey 0x054400 VAddr 0x007f992aa56000
 GID: 00:00:00:00:00:00:00:00:00:00:255:255:10:01:00:01
 local address: LID 0000 QPN 0x1c24 PSN 0x9988fb RKey 0x054400 VAddr 0x007f992aa66000
 GID: 00:00:00:00:00:00:00:00:00:00:255:255:10:01:00:01
 local address: LID 0000 QPN 0x1c25 PSN 0x3c6a71 RKey 0x054400 VAddr 0x007f992aa76000
 GID: 00:00:00:00:00:00:00:00:00:00:255:255:10:01:00:01
 local address: LID 0000 QPN 0x1c26 PSN 0xaaaa23 RKey 0x054400 VAddr 0x007f992aa86000
 GID: 00:00:00:00:00:00:00:00:00:00:255:255:10:01:00:01
 local address: LID 0000 QPN 0x1c27 PSN 0x935727 RKey 0x054400 VAddr 0x007f992aa96000
 GID: 00:00:00:00:00:00:00:00:00:00:255:255:10:01:00:01
 local address: LID 0000 QPN 0x1c28 PSN 0x9cf53d RKey 0x054400 VAddr 0x007f992aaa6000
 GID: 00:00:00:00:00:00:00:00:00:00:255:255:10:01:00:01
 local address: LID 0000 QPN 0x1c29 PSN 0xbd76f3 RKey 0x054400 VAddr 0x007f992aab6000
 GID: 00:00:00:00:00:00:00:00:00:00:255:255:10:01:00:01
 local address: LID 0000 QPN 0x1c2a PSN 0xa9bfa7 RKey 0x054400 VAddr 0x007f992aac6000
 GID: 00:00:00:00:00:00:00:00:00:00:255:255:10:01:00:01
 local address: LID 0000 QPN 0x1c2b PSN 0x2b5750 RKey 0x054400 VAddr 0x007f992aad6000
 GID: 00:00:00:00:00:00:00:00:00:00:255:255:10:01:00:01
 local address: LID 0000 QPN 0x1c2c PSN 0x1b5d79 RKey 0x054400 VAddr 0x007f992aae6000
 GID: 00:00:00:00:00:00:00:00:00:00:255:255:10:01:00:01
 local address: LID 0000 QPN 0x1c2d PSN 0xe830e RKey 0x054400 VAddr 0x007f992aaf6000
 GID: 00:00:00:00:00:00:00:00:00:00:255:255:10:01:00:01
 local address: LID 0000 QPN 0x1c2e PSN 0xd58968 RKey 0x054400 VAddr 0x007f992ab06000
 GID: 00:00:00:00:00:00:00:00:00:00:255:255:10:01:00:01
 local address: LID 0000 QPN 0x1c2f PSN 0x208b4e RKey 0x054400 VAddr 0x007f992ab16000
 GID: 00:00:00:00:00:00:00:00:00:00:255:255:10:01:00:01
 local address: LID 0000 QPN 0x1c30 PSN 0x6d0e65 RKey 0x054400 VAddr 0x007f992ab26000
 GID: 00:00:00:00:00:00:00:00:00:00:255:255:10:01:00:01
 local address: LID 0000 QPN 0x1c31 PSN 0xfd6874 RKey 0x054400 VAddr 0x007f992ab36000
 GID: 00:00:00:00:00:00:00:00:00:00:255:255:10:01:00:01
 local address: LID 0000 QPN 0x1c32 PSN 0x825c68 RKey 0x054400 VAddr 0x007f992ab46000
 GID: 00:00:00:00:00:00:00:00:00:00:255:255:10:01:00:01
 local address: LID 0000 QPN 0x1c33 PSN 0x8cf85e RKey 0x054400 VAddr 0x007f992ab56000
 GID: 00:00:00:00:00:00:00:00:00:00:255:255:10:01:00:01
 local address: LID 0000 QPN 0x1c34 PSN 0x2eb7a0 RKey 0x054400 VAddr 0x007f992ab66000
 GID: 00:00:00:00:00:00:00:00:00:00:255:255:10:01:00:01
 local address: LID 0000 QPN 0x1c35 PSN 0x738411 RKey 0x054400 VAddr 0x007f992ab76000
 GID: 00:00:00:00:00:00:00:00:00:00:255:255:10:01:00:01
 local address: LID 0000 QPN 0x1c36 PSN 0xa3fba RKey 0x054400 VAddr 0x007f992ab86000
 GID: 00:00:00:00:00:00:00:00:00:00:255:255:10:01:00:01
 local address: LID 0000 QPN 0x1c37 PSN 0xdfb16f RKey 0x054400 VAddr 0x007f992ab96000
 GID: 00:00:00:00:00:00:00:00:00:00:255:255:10:01:00:01
 local address: LID 0000 QPN 0x1c38 PSN 0xc3ccae RKey 0x054400 VAddr 0x007f992aba6000
 GID: 00:00:00:00:00:00:00:00:00:00:255:255:10:01:00:01
 local address: LID 0000 QPN 0x1c39 PSN 0x919c7c RKey 0x054400 VAddr 0x007f992abb6000
 GID: 00:00:00:00:00:00:00:00:00:00:255:255:10:01:00:01
 local address: LID 0000 QPN 0x1c3a PSN 0xd07711 RKey 0x054400 VAddr 0x007f992abc6000
 GID: 00:00:00:00:00:00:00:00:00:00:255:255:10:01:00:01
 local address: LID 0000 QPN 0x1c3b PSN 0xecfde RKey 0x054400 VAddr 0x007f992abd6000
 GID: 00:00:00:00:00:00:00:00:00:00:255:255:10:01:00:01
 local address: LID 0000 QPN 0x1c3c PSN 0xf3bb91 RKey 0x054400 VAddr 0x007f992abe6000
 GID: 00:00:00:00:00:00:00:00:00:00:255:255:10:01:00:01
 local address: LID 0000 QPN 0x1c3d PSN 0xa67d88 RKey 0x054400 VAddr 0x007f992abf6000
 GID: 00:00:00:00:00:00:00:00:00:00:255:255:10:01:00:01
 local address: LID 0000 QPN 0x1c3e PSN 0x9eebe3 RKey 0x054400 VAddr 0x007f992ac06000
 GID: 00:00:00:00:00:00:00:00:00:00:255:255:10:01:00:01
 local address: LID 0000 QPN 0x1c3f PSN 0x90f65a RKey 0x054400 VAddr 0x007f992ac16000
 GID: 00:00:00:00:00:00:00:00:00:00:255:255:10:01:00:01
 local address: LID 0000 QPN 0x1c40 PSN 0x15b300 RKey 0x054400 VAddr 0x007f992ac26000
 GID: 00:00:00:00:00:00:00:00:00:00:255:255:10:01:00:01
 local address: LID 0000 QPN 0x1c41 PSN 0x627af9 RKey 0x054400 VAddr 0x007f992ac36000
 GID: 00:00:00:00:00:00:00:00:00:00:255:255:10:01:00:01
 local address: LID 0000 QPN 0x1c42 PSN 0x18bf39 RKey 0x054400 VAddr 0x007f992ac46000
 GID: 00:00:00:00:00:00:00:00:00:00:255:255:10:01:00:01
 local address: LID 0000 QPN 0x1c43 PSN 0x58dfe7 RKey 0x054400 VAddr 0x007f992ac56000
 GID: 00:00:00:00:00:00:00:00:00:00:255:255:10:01:00:01
 local address: LID 0000 QPN 0x1c44 PSN 0x805247 RKey 0x054400 VAddr 0x007f992ac66000
 GID: 00:00:00:00:00:00:00:00:00:00:255:255:10:01:00:01
 local address: LID 0000 QPN 0x1c45 PSN 0x5b2c53 RKey 0x054400 VAddr 0x007f992ac76000
 GID: 00:00:00:00:00:00:00:00:00:00:255:255:10:01:00:01
 local address: LID 0000 QPN 0x1c46 PSN 0x27ee16 RKey 0x054400 VAddr 0x007f992ac86000
 GID: 00:00:00:00:00:00:00:00:00:00:255:255:10:01:00:01
 local address: LID 0000 QPN 0x1c47 PSN 0xf39cfe RKey 0x054400 VAddr 0x007f992ac96000
 GID: 00:00:00:00:00:00:00:00:00:00:255:255:10:01:00:01
 local address: LID 0000 QPN 0x1c48 PSN 0xae3cba RKey 0x054400 VAddr 0x007f992aca6000
 GID: 00:00:00:00:00:00:00:00:00:00:255:255:10:01:00:01
 local address: LID 0000 QPN 0x1c49 PSN 0x95d3ce RKey 0x054400 VAddr 0x007f992acb6000
 GID: 00:00:00:00:00:00:00:00:00:00:255:255:10:01:00:01
 local address: LID 0000 QPN 0x1c4a PSN 0x809281 RKey 0x054400 VAddr 0x007f992acc6000
 GID: 00:00:00:00:00:00:00:00:00:00:255:255:10:01:00:01
 local address: LID 0000 QPN 0x1c4b PSN 0x1240d1 RKey 0x054400 VAddr 0x007f992acd6000
 GID: 00:00:00:00:00:00:00:00:00:00:255:255:10:01:00:01
 local address: LID 0000 QPN 0x1c4c PSN 0x5e2ad7 RKey 0x054400 VAddr 0x007f992ace6000
 GID: 00:00:00:00:00:00:00:00:00:00:255:255:10:01:00:01
 local address: LID 0000 QPN 0x1c4d PSN 0x840267 RKey 0x054400 VAddr 0x007f992acf6000
 GID: 00:00:00:00:00:00:00:00:00:00:255:255:10:01:00:01
 local address: LID 0000 QPN 0x1c4e PSN 0x32eb31 RKey 0x054400 VAddr 0x007f992ad06000
 GID: 00:00:00:00:00:00:00:00:00:00:255:255:10:01:00:01
 local address: LID 0000 QPN 0x1c4f PSN 0x51e0ab RKey 0x054400 VAddr 0x007f992ad16000
 GID: 00:00:00:00:00:00:00:00:00:00:255:255:10:01:00:01
 local address: LID 0000 QPN 0x1c50 PSN 0x84b2f7 RKey 0x054400 VAddr 0x007f992ad26000
 GID: 00:00:00:00:00:00:00:00:00:00:255:255:10:01:00:01
 local address: LID 0000 QPN 0x1c51 PSN 0xc52b10 RKey 0x054400 VAddr 0x007f992ad36000
 GID: 00:00:00:00:00:00:00:00:00:00:255:255:10:01:00:01
 local address: LID 0000 QPN 0x1c52 PSN 0x6df3d5 RKey 0x054400 VAddr 0x007f992ad46000
 GID: 00:00:00:00:00:00:00:00:00:00:255:255:10:01:00:01
 local address: LID 0000 QPN 0x1c53 PSN 0x20e776 RKey 0x054400 VAddr 0x007f992ad56000
 GID: 00:00:00:00:00:00:00:00:00:00:255:255:10:01:00:01
 local address: LID 0000 QPN 0x1c54 PSN 0xcfa3b1 RKey 0x054400 VAddr 0x007f992ad66000
 GID: 00:00:00:00:00:00:00:00:00:00:255:255:10:01:00:01
 local address: LID 0000 QPN 0x1c55 PSN 0x38f708 RKey 0x054400 VAddr 0x007f992ad76000
 GID: 00:00:00:00:00:00:00:00:00:00:255:255:10:01:00:01
 local address: LID 0000 QPN 0x1c56 PSN 0xa6f7fd RKey 0x054400 VAddr 0x007f992ad86000
 GID: 00:00:00:00:00:00:00:00:00:00:255:255:10:01:00:01
 local address: LID 0000 QPN 0x1c57 PSN 0x4edf57 RKey 0x054400 VAddr 0x007f992ad96000
 GID: 00:00:00:00:00:00:00:00:00:00:255:255:10:01:00:01
 local address: LID 0000 QPN 0x1c58 PSN 0x5e69cc RKey 0x054400 VAddr 0x007f992ada6000
 GID: 00:00:00:00:00:00:00:00:00:00:255:255:10:01:00:01
 local address: LID 0000 QPN 0x1c59 PSN 0x994d45 RKey 0x054400 VAddr 0x007f992adb6000
 GID: 00:00:00:00:00:00:00:00:00:00:255:255:10:01:00:01
 local address: LID 0000 QPN 0x1c5a PSN 0xf72aa8 RKey 0x054400 VAddr 0x007f992adc6000
 GID: 00:00:00:00:00:00:00:00:00:00:255:255:10:01:00:01
 local address: LID 0000 QPN 0x1c5b PSN 0x43f374 RKey 0x054400 VAddr 0x007f992add6000
 GID: 00:00:00:00:00:00:00:00:00:00:255:255:10:01:00:01
 local address: LID 0000 QPN 0x1c5c PSN 0xd09bde RKey 0x054400 VAddr 0x007f992ade6000
 GID: 00:00:00:00:00:00:00:00:00:00:255:255:10:01:00:01
 local address: LID 0000 QPN 0x1c5d PSN 0x101f0d RKey 0x054400 VAddr 0x007f992adf6000
 GID: 00:00:00:00:00:00:00:00:00:00:255:255:10:01:00:01
 local address: LID 0000 QPN 0x1c5e PSN 0x46ec6b RKey 0x054400 VAddr 0x007f992ae06000
 GID: 00:00:00:00:00:00:00:00:00:00:255:255:10:01:00:01
 local address: LID 0000 QPN 0x1c5f PSN 0x2f8bd5 RKey 0x054400 VAddr 0x007f992ae16000
 GID: 00:00:00:00:00:00:00:00:00:00:255:255:10:01:00:01
 local address: LID 0000 QPN 0x1c60 PSN 0x836585 RKey 0x054400 VAddr 0x007f992ae26000
 GID: 00:00:00:00:00:00:00:00:00:00:255:255:10:01:00:01
 local address: LID 0000 QPN 0x1c61 PSN 0x2c2ba3 RKey 0x054400 VAddr 0x007f992ae36000
 GID: 00:00:00:00:00:00:00:00:00:00:255:255:10:01:00:01
 local address: LID 0000 QPN 0x1c62 PSN 0x6f0a3a RKey 0x054400 VAddr 0x007f992ae46000
 GID: 00:00:00:00:00:00:00:00:00:00:255:255:10:01:00:01
 local address: LID 0000 QPN 0x1c63 PSN 0xd18568 RKey 0x054400 VAddr 0x007f992ae56000
 GID: 00:00:00:00:00:00:00:00:00:00:255:255:10:01:00:01
 local address: LID 0000 QPN 0x1c64 PSN 0x682c41 RKey 0x054400 VAddr 0x007f992ae66000
 GID: 00:00:00:00:00:00:00:00:00:00:255:255:10:01:00:01
 local address: LID 0000 QPN 0x1c65 PSN 0x590d1f RKey 0x054400 VAddr 0x007f992ae76000
 GID: 00:00:00:00:00:00:00:00:00:00:255:255:10:01:00:01
 local address: LID 0000 QPN 0x1c66 PSN 0x72ded6 RKey 0x054400 VAddr 0x007f992ae86000
 GID: 00:00:00:00:00:00:00:00:00:00:255:255:10:01:00:01
 local address: LID 0000 QPN 0x1c67 PSN 0xf7a81e RKey 0x054400 VAddr 0x007f992ae96000
 GID: 00:00:00:00:00:00:00:00:00:00:255:255:10:01:00:01
 local address: LID 0000 QPN 0x1c68 PSN 0xea67ed RKey 0x054400 VAddr 0x007f992aea6000
 GID: 00:00:00:00:00:00:00:00:00:00:255:255:10:01:00:01
 local address: LID 0000 QPN 0x1c69 PSN 0xb20057 RKey 0x054400 VAddr 0x007f992aeb6000
 GID: 00:00:00:00:00:00:00:00:00:00:255:255:10:01:00:01
 local address: LID 0000 QPN 0x1c6a PSN 0xfae0d3 RKey 0x054400 VAddr 0x007f992aec6000
 GID: 00:00:00:00:00:00:00:00:00:00:255:255:10:01:00:01
 local address: LID 0000 QPN 0x1c6b PSN 0x811d34 RKey 0x054400 VAddr 0x007f992aed6000
 GID: 00:00:00:00:00:00:00:00:00:00:255:255:10:01:00:01
 local address: LID 0000 QPN 0x1c6c PSN 0x8048d8 RKey 0x054400 VAddr 0x007f992aee6000
 GID: 00:00:00:00:00:00:00:00:00:00:255:255:10:01:00:01
 local address: LID 0000 QPN 0x1c6d PSN 0xcbf9f9 RKey 0x054400 VAddr 0x007f992aef6000
 GID: 00:00:00:00:00:00:00:00:00:00:255:255:10:01:00:01
 local address: LID 0000 QPN 0x1c6e PSN 0xe5c745 RKey 0x054400 VAddr 0x007f992af06000
 GID: 00:00:00:00:00:00:00:00:00:00:255:255:10:01:00:01
 local address: LID 0000 QPN 0x1c6f PSN 0xd3c78c RKey 0x054400 VAddr 0x007f992af16000
 GID: 00:00:00:00:00:00:00:00:00:00:255:255:10:01:00:01
 local address: LID 0000 QPN 0x1c70 PSN 0x616584 RKey 0x054400 VAddr 0x007f992af26000
 GID: 00:00:00:00:00:00:00:00:00:00:255:255:10:01:00:01
 local address: LID 0000 QPN 0x1c71 PSN 0xababb RKey 0x054400 VAddr 0x007f992af36000
 GID: 00:00:00:00:00:00:00:00:00:00:255:255:10:01:00:01
 local address: LID 0000 QPN 0x1c72 PSN 0xbf0f07 RKey 0x054400 VAddr 0x007f992af46000
 GID: 00:00:00:00:00:00:00:00:00:00:255:255:10:01:00:01
 local address: LID 0000 QPN 0x1c73 PSN 0x4b8039 RKey 0x054400 VAddr 0x007f992af56000
 GID: 00:00:00:00:00:00:00:00:00:00:255:255:10:01:00:01
 local address: LID 0000 QPN 0x1c74 PSN 0x1849fa RKey 0x054400 VAddr 0x007f992af66000
 GID: 00:00:00:00:00:00:00:00:00:00:255:255:10:01:00:01
 local address: LID 0000 QPN 0x1c75 PSN 0x5db4a9 RKey 0x054400 VAddr 0x007f992af76000
 GID: 00:00:00:00:00:00:00:00:00:00:255:255:10:01:00:01
 local address: LID 0000 QPN 0x1c76 PSN 0xcc4aa7 RKey 0x054400 VAddr 0x007f992af86000
 GID: 00:00:00:00:00:00:00:00:00:00:255:255:10:01:00:01
 local address: LID 0000 QPN 0x1c77 PSN 0x69591a RKey 0x054400 VAddr 0x007f992af96000
 GID: 00:00:00:00:00:00:00:00:00:00:255:255:10:01:00:01
 local address: LID 0000 QPN 0x1c78 PSN 0xd762c8 RKey 0x054400 VAddr 0x007f992afa6000
 GID: 00:00:00:00:00:00:00:00:00:00:255:255:10:01:00:01
 local address: LID 0000 QPN 0x1c79 PSN 0xfcb39d RKey 0x054400 VAddr 0x007f992afb6000
 GID: 00:00:00:00:00:00:00:00:00:00:255:255:10:01:00:01
 local address: LID 0000 QPN 0x1c7a PSN 0xcf46f1 RKey 0x054400 VAddr 0x007f992afc6000
 GID: 00:00:00:00:00:00:00:00:00:00:255:255:10:01:00:01
 local address: LID 0000 QPN 0x1c7b PSN 0x89279d RKey 0x054400 VAddr 0x007f992afd6000
 GID: 00:00:00:00:00:00:00:00:00:00:255:255:10:01:00:01
 local address: LID 0000 QPN 0x1c7c PSN 0x475d99 RKey 0x054400 VAddr 0x007f992afe6000
 GID: 00:00:00:00:00:00:00:00:00:00:255:255:10:01:00:01
 local address: LID 0000 QPN 0x1c7d PSN 0x95acd RKey 0x054400 VAddr 0x007f992aff6000
 GID: 00:00:00:00:00:00:00:00:00:00:255:255:10:01:00:01
 local address: LID 0000 QPN 0x1c7e PSN 0x31ae16 RKey 0x054400 VAddr 0x007f992b006000
 GID: 00:00:00:00:00:00:00:00:00:00:255:255:10:01:00:01
 local address: LID 0000 QPN 0x1c7f PSN 0xc5b9a5 RKey 0x054400 VAddr 0x007f992b016000
 GID: 00:00:00:00:00:00:00:00:00:00:255:255:10:01:00:01
 local address: LID 0000 QPN 0x1c80 PSN 0x8cb96f RKey 0x054400 VAddr 0x007f992b026000
 GID: 00:00:00:00:00:00:00:00:00:00:255:255:10:01:00:01
 local address: LID 0000 QPN 0x1c81 PSN 0xf9a97e RKey 0x054400 VAddr 0x007f992b036000
 GID: 00:00:00:00:00:00:00:00:00:00:255:255:10:01:00:01
 local address: LID 0000 QPN 0x1c82 PSN 0xaf7379 RKey 0x054400 VAddr 0x007f992b046000
 GID: 00:00:00:00:00:00:00:00:00:00:255:255:10:01:00:01
 local address: LID 0000 QPN 0x1c83 PSN 0x983686 RKey 0x054400 VAddr 0x007f992b056000
 GID: 00:00:00:00:00:00:00:00:00:00:255:255:10:01:00:01
 local address: LID 0000 QPN 0x1c84 PSN 0x23e07f RKey 0x054400 VAddr 0x007f992b066000
 GID: 00:00:00:00:00:00:00:00:00:00:255:255:10:01:00:01
 local address: LID 0000 QPN 0x1c85 PSN 0x80d8d7 RKey 0x054400 VAddr 0x007f992b076000
 GID: 00:00:00:00:00:00:00:00:00:00:255:255:10:01:00:01
 local address: LID 0000 QPN 0x1c86 PSN 0x5ff217 RKey 0x054400 VAddr 0x007f992b086000
 GID: 00:00:00:00:00:00:00:00:00:00:255:255:10:01:00:01
 local address: LID 0000 QPN 0x1c87 PSN 0xc54e2d RKey 0x054400 VAddr 0x007f992b096000
 GID: 00:00:00:00:00:00:00:00:00:00:255:255:10:01:00:01
 local address: LID 0000 QPN 0x1c88 PSN 0x8ec5a9 RKey 0x054400 VAddr 0x007f992b0a6000
 GID: 00:00:00:00:00:00:00:00:00:00:255:255:10:01:00:01
 local address: LID 0000 QPN 0x1c89 PSN 0x6f04d0 RKey 0x054400 VAddr 0x007f992b0b6000
 GID: 00:00:00:00:00:00:00:00:00:00:255:255:10:01:00:01
 local address: LID 0000 QPN 0x1c8a PSN 0xd24790 RKey 0x054400 VAddr 0x007f992b0c6000
 GID: 00:00:00:00:00:00:00:00:00:00:255:255:10:01:00:01
 local address: LID 0000 QPN 0x1c8b PSN 0x72f85d RKey 0x054400 VAddr 0x007f992b0d6000
 GID: 00:00:00:00:00:00:00:00:00:00:255:255:10:01:00:01
 local address: LID 0000 QPN 0x1c8c PSN 0x449f92 RKey 0x054400 VAddr 0x007f992b0e6000
 GID: 00:00:00:00:00:00:00:00:00:00:255:255:10:01:00:01
 local address: LID 0000 QPN 0x1c8d PSN 0xd53249 RKey 0x054400 VAddr 0x007f992b0f6000
 GID: 00:00:00:00:00:00:00:00:00:00:255:255:10:01:00:01
 local address: LID 0000 QPN 0x1c8e PSN 0x7015d6 RKey 0x054400 VAddr 0x007f992b106000
 GID: 00:00:00:00:00:00:00:00:00:00:255:255:10:01:00:01
 local address: LID 0000 QPN 0x1c8f PSN 0xeba614 RKey 0x054400 VAddr 0x007f992b116000
 GID: 00:00:00:00:00:00:00:00:00:00:255:255:10:01:00:01
 local address: LID 0000 QPN 0x1c90 PSN 0x83fb60 RKey 0x054400 VAddr 0x007f992b126000
 GID: 00:00:00:00:00:00:00:00:00:00:255:255:10:01:00:01
 local address: LID 0000 QPN 0x1c91 PSN 0xc26437 RKey 0x054400 VAddr 0x007f992b136000
 GID: 00:00:00:00:00:00:00:00:00:00:255:255:10:01:00:01
 local address: LID 0000 QPN 0x1c92 PSN 0x227571 RKey 0x054400 VAddr 0x007f992b146000
 GID: 00:00:00:00:00:00:00:00:00:00:255:255:10:01:00:01
 local address: LID 0000 QPN 0x1c93 PSN 0xbfe70c RKey 0x054400 VAddr 0x007f992b156000
 GID: 00:00:00:00:00:00:00:00:00:00:255:255:10:01:00:01
 local address: LID 0000 QPN 0x1c94 PSN 0x310111 RKey 0x054400 VAddr 0x007f992b166000
 GID: 00:00:00:00:00:00:00:00:00:00:255:255:10:01:00:01
 local address: LID 0000 QPN 0x1c95 PSN 0x4791f9 RKey 0x054400 VAddr 0x007f992b176000
 GID: 00:00:00:00:00:00:00:00:00:00:255:255:10:01:00:01
 local address: LID 0000 QPN 0x1c96 PSN 0xe7826c RKey 0x054400 VAddr 0x007f992b186000
 GID: 00:00:00:00:00:00:00:00:00:00:255:255:10:01:00:01
 local address: LID 0000 QPN 0x1c97 PSN 0xc5a55d RKey 0x054400 VAddr 0x007f992b196000
 GID: 00:00:00:00:00:00:00:00:00:00:255:255:10:01:00:01
 local address: LID 0000 QPN 0x1c98 PSN 0x6d6378 RKey 0x054400 VAddr 0x007f992b1a6000
 GID: 00:00:00:00:00:00:00:00:00:00:255:255:10:01:00:01
 local address: LID 0000 QPN 0x1c99 PSN 0x3b70c9 RKey 0x054400 VAddr 0x007f992b1b6000
 GID: 00:00:00:00:00:00:00:00:00:00:255:255:10:01:00:01
 local address: LID 0000 QPN 0x1c9a PSN 0x438de0 RKey 0x054400 VAddr 0x007f992b1c6000
 GID: 00:00:00:00:00:00:00:00:00:00:255:255:10:01:00:01
 local address: LID 0000 QPN 0x1c9b PSN 0x4393f RKey 0x054400 VAddr 0x007f992b1d6000
 GID: 00:00:00:00:00:00:00:00:00:00:255:255:10:01:00:01
 local address: LID 0000 QPN 0x1c9c PSN 0xb515d6 RKey 0x054400 VAddr 0x007f992b1e6000
 GID: 00:00:00:00:00:00:00:00:00:00:255:255:10:01:00:01
 local address: LID 0000 QPN 0x1c9d PSN 0x94224d RKey 0x054400 VAddr 0x007f992b1f6000
 GID: 00:00:00:00:00:00:00:00:00:00:255:255:10:01:00:01
 local address: LID 0000 QPN 0x1c9e PSN 0xdf9e1a RKey 0x054400 VAddr 0x007f992b206000
 GID: 00:00:00:00:00:00:00:00:00:00:255:255:10:01:00:01
 local address: LID 0000 QPN 0x1c9f PSN 0xeb6ee RKey 0x054400 VAddr 0x007f992b216000
 GID: 00:00:00:00:00:00:00:00:00:00:255:255:10:01:00:01
 local address: LID 0000 QPN 0x1ca0 PSN 0xa28111 RKey 0x054400 VAddr 0x007f992b226000
 GID: 00:00:00:00:00:00:00:00:00:00:255:255:10:01:00:01
 local address: LID 0000 QPN 0x1ca1 PSN 0x3bfa4d RKey 0x054400 VAddr 0x007f992b236000
 GID: 00:00:00:00:00:00:00:00:00:00:255:255:10:01:00:01
 local address: LID 0000 QPN 0x1ca2 PSN 0xd7876c RKey 0x054400 VAddr 0x007f992b246000
 GID: 00:00:00:00:00:00:00:00:00:00:255:255:10:01:00:01
 local address: LID 0000 QPN 0x1ca3 PSN 0xc1f8a6 RKey 0x054400 VAddr 0x007f992b256000
 GID: 00:00:00:00:00:00:00:00:00:00:255:255:10:01:00:01
 local address: LID 0000 QPN 0x1ca4 PSN 0xae9293 RKey 0x054400 VAddr 0x007f992b266000
 GID: 00:00:00:00:00:00:00:00:00:00:255:255:10:01:00:01
 local address: LID 0000 QPN 0x1ca5 PSN 0x27ad80 RKey 0x054400 VAddr 0x007f992b276000
 GID: 00:00:00:00:00:00:00:00:00:00:255:255:10:01:00:01
 local address: LID 0000 QPN 0x1ca6 PSN 0xd4878d RKey 0x054400 VAddr 0x007f992b286000
 GID: 00:00:00:00:00:00:00:00:00:00:255:255:10:01:00:01
 local address: LID 0000 QPN 0x1ca7 PSN 0xf206ce RKey 0x054400 VAddr 0x007f992b296000
 GID: 00:00:00:00:00:00:00:00:00:00:255:255:10:01:00:01
 local address: LID 0000 QPN 0x1ca8 PSN 0xec9ec2 RKey 0x054400 VAddr 0x007f992b2a6000
 GID: 00:00:00:00:00:00:00:00:00:00:255:255:10:01:00:01
 local address: LID 0000 QPN 0x1ca9 PSN 0x475b7f RKey 0x054400 VAddr 0x007f992b2b6000
 GID: 00:00:00:00:00:00:00:00:00:00:255:255:10:01:00:01
 local address: LID 0000 QPN 0x1caa PSN 0xb5edad RKey 0x054400 VAddr 0x007f992b2c6000
 GID: 00:00:00:00:00:00:00:00:00:00:255:255:10:01:00:01
 local address: LID 0000 QPN 0x1cab PSN 0x6aa031 RKey 0x054400 VAddr 0x007f992b2d6000
 GID: 00:00:00:00:00:00:00:00:00:00:255:255:10:01:00:01
 local address: LID 0000 QPN 0x1cac PSN 0x87b117 RKey 0x054400 VAddr 0x007f992b2e6000
 GID: 00:00:00:00:00:00:00:00:00:00:255:255:10:01:00:01
 local address: LID 0000 QPN 0x1cad PSN 0xd105db RKey 0x054400 VAddr 0x007f992b2f6000
 GID: 00:00:00:00:00:00:00:00:00:00:255:255:10:01:00:01
 local address: LID 0000 QPN 0x1cae PSN 0xd7f91a RKey 0x054400 VAddr 0x007f992b306000
 GID: 00:00:00:00:00:00:00:00:00:00:255:255:10:01:00:01
 local address: LID 0000 QPN 0x1caf PSN 0xe0c467 RKey 0x054400 VAddr 0x007f992b316000
 GID: 00:00:00:00:00:00:00:00:00:00:255:255:10:01:00:01
 local address: LID 0000 QPN 0x1cb0 PSN 0x4683dd RKey 0x054400 VAddr 0x007f992b326000
 GID: 00:00:00:00:00:00:00:00:00:00:255:255:10:01:00:01
 local address: LID 0000 QPN 0x1cb1 PSN 0x7a264a RKey 0x054400 VAddr 0x007f992b336000
 GID: 00:00:00:00:00:00:00:00:00:00:255:255:10:01:00:01
 local address: LID 0000 QPN 0x1cb2 PSN 0xa1b888 RKey 0x054400 VAddr 0x007f992b346000
 GID: 00:00:00:00:00:00:00:00:00:00:255:255:10:01:00:01
 local address: LID 0000 QPN 0x1cb3 PSN 0x2f4252 RKey 0x054400 VAddr 0x007f992b356000
 GID: 00:00:00:00:00:00:00:00:00:00:255:255:10:01:00:01
 local address: LID 0000 QPN 0x1cb4 PSN 0x34f988 RKey 0x054400 VAddr 0x007f992b366000
 GID: 00:00:00:00:00:00:00:00:00:00:255:255:10:01:00:01
 local address: LID 0000 QPN 0x1cb5 PSN 0x9f35fc RKey 0x054400 VAddr 0x007f992b376000
 GID: 00:00:00:00:00:00:00:00:00:00:255:255:10:01:00:01
 local address: LID 0000 QPN 0x1cb6 PSN 0x855400 RKey 0x054400 VAddr 0x007f992b386000
 GID: 00:00:00:00:00:00:00:00:00:00:255:255:10:01:00:01
 local address: LID 0000 QPN 0x1cb7 PSN 0x966cc4 RKey 0x054400 VAddr 0x007f992b396000
 GID: 00:00:00:00:00:00:00:00:00:00:255:255:10:01:00:01
 local address: LID 0000 QPN 0x1cb8 PSN 0x6591b0 RKey 0x054400 VAddr 0x007f992b3a6000
 GID: 00:00:00:00:00:00:00:00:00:00:255:255:10:01:00:01
 local address: LID 0000 QPN 0x1cb9 PSN 0x33180c RKey 0x054400 VAddr 0x007f992b3b6000
 GID: 00:00:00:00:00:00:00:00:00:00:255:255:10:01:00:01
 local address: LID 0000 QPN 0x1cba PSN 0xaacb68 RKey 0x054400 VAddr 0x007f992b3c6000
 GID: 00:00:00:00:00:00:00:00:00:00:255:255:10:01:00:01
 local address: LID 0000 QPN 0x1cbb PSN 0xd7373e RKey 0x054400 VAddr 0x007f992b3d6000
 GID: 00:00:00:00:00:00:00:00:00:00:255:255:10:01:00:01
 local address: LID 0000 QPN 0x1cbc PSN 0x2af3a8 RKey 0x054400 VAddr 0x007f992b3e6000
 GID: 00:00:00:00:00:00:00:00:00:00:255:255:10:01:00:01
 local address: LID 0000 QPN 0x1cbd PSN 0xbd7912 RKey 0x054400 VAddr 0x007f992b3f6000
 GID: 00:00:00:00:00:00:00:00:00:00:255:255:10:01:00:01
 local address: LID 0000 QPN 0x1cbe PSN 0xb3d3ab RKey 0x054400 VAddr 0x007f992b406000
 GID: 00:00:00:00:00:00:00:00:00:00:255:255:10:01:00:01
 local address: LID 0000 QPN 0x1cbf PSN 0x41cd3 RKey 0x054400 VAddr 0x007f992b416000
 GID: 00:00:00:00:00:00:00:00:00:00:255:255:10:01:00:01
 local address: LID 0000 QPN 0x1cc0 PSN 0xd148bf RKey 0x054400 VAddr 0x007f992b426000
 GID: 00:00:00:00:00:00:00:00:00:00:255:255:10:01:00:01
 local address: LID 0000 QPN 0x1cc1 PSN 0xce55d5 RKey 0x054400 VAddr 0x007f992b436000
 GID: 00:00:00:00:00:00:00:00:00:00:255:255:10:01:00:01
 local address: LID 0000 QPN 0x1cc2 PSN 0x81c84 RKey 0x054400 VAddr 0x007f992b446000
 GID: 00:00:00:00:00:00:00:00:00:00:255:255:10:01:00:01
 local address: LID 0000 QPN 0x1cc3 PSN 0xe6532c RKey 0x054400 VAddr 0x007f992b456000
 GID: 00:00:00:00:00:00:00:00:00:00:255:255:10:01:00:01
 local address: LID 0000 QPN 0x1cc4 PSN 0x60c013 RKey 0x054400 VAddr 0x007f992b466000
 GID: 00:00:00:00:00:00:00:00:00:00:255:255:10:01:00:01
 local address: LID 0000 QPN 0x1cc5 PSN 0x3dfb1d RKey 0x054400 VAddr 0x007f992b476000
 GID: 00:00:00:00:00:00:00:00:00:00:255:255:10:01:00:01
 local address: LID 0000 QPN 0x1cc6 PSN 0x83e8ec RKey 0x054400 VAddr 0x007f992b486000
 GID: 00:00:00:00:00:00:00:00:00:00:255:255:10:01:00:01
 local address: LID 0000 QPN 0x1cc7 PSN 0xfbeba4 RKey 0x054400 VAddr 0x007f992b496000
 GID: 00:00:00:00:00:00:00:00:00:00:255:255:10:01:00:01
 local address: LID 0000 QPN 0x1cc8 PSN 0xee360d RKey 0x054400 VAddr 0x007f992b4a6000
 GID: 00:00:00:00:00:00:00:00:00:00:255:255:10:01:00:01
 local address: LID 0000 QPN 0x1cc9 PSN 0x73f0a7 RKey 0x054400 VAddr 0x007f992b4b6000
 GID: 00:00:00:00:00:00:00:00:00:00:255:255:10:01:00:01
 local address: LID 0000 QPN 0x1cca PSN 0xd7841e RKey 0x054400 VAddr 0x007f992b4c6000
 GID: 00:00:00:00:00:00:00:00:00:00:255:255:10:01:00:01
 local address: LID 0000 QPN 0x1ccb PSN 0x7ba493 RKey 0x054400 VAddr 0x007f992b4d6000
 GID: 00:00:00:00:00:00:00:00:00:00:255:255:10:01:00:01
 local address: LID 0000 QPN 0x1ccc PSN 0x14997c RKey 0x054400 VAddr 0x007f992b4e6000
 GID: 00:00:00:00:00:00:00:00:00:00:255:255:10:01:00:01
 local address: LID 0000 QPN 0x1ccd PSN 0xe46132 RKey 0x054400 VAddr 0x007f992b4f6000
 GID: 00:00:00:00:00:00:00:00:00:00:255:255:10:01:00:01
 local address: LID 0000 QPN 0x1cce PSN 0x4bd43 RKey 0x054400 VAddr 0x007f992b506000
 GID: 00:00:00:00:00:00:00:00:00:00:255:255:10:01:00:01
 local address: LID 0000 QPN 0x1ccf PSN 0x954ca9 RKey 0x054400 VAddr 0x007f992b516000
 GID: 00:00:00:00:00:00:00:00:00:00:255:255:10:01:00:01
 local address: LID 0000 QPN 0x1cd0 PSN 0x14851 RKey 0x054400 VAddr 0x007f992b526000
 GID: 00:00:00:00:00:00:00:00:00:00:255:255:10:01:00:01
 local address: LID 0000 QPN 0x1cd1 PSN 0x1ab1b7 RKey 0x054400 VAddr 0x007f992b536000
 GID: 00:00:00:00:00:00:00:00:00:00:255:255:10:01:00:01
 local address: LID 0000 QPN 0x1cd2 PSN 0xd033c0 RKey 0x054400 VAddr 0x007f992b546000
 GID: 00:00:00:00:00:00:00:00:00:00:255:255:10:01:00:01
 local address: LID 0000 QPN 0x1cd3 PSN 0x71ba70 RKey 0x054400 VAddr 0x007f992b556000
 GID: 00:00:00:00:00:00:00:00:00:00:255:255:10:01:00:01
 local address: LID 0000 QPN 0x1cd4 PSN 0xa73df5 RKey 0x054400 VAddr 0x007f992b566000
 GID: 00:00:00:00:00:00:00:00:00:00:255:255:10:01:00:01
 local address: LID 0000 QPN 0x1cd5 PSN 0x2119b5 RKey 0x054400 VAddr 0x007f992b576000
 GID: 00:00:00:00:00:00:00:00:00:00:255:255:10:01:00:01
 local address: LID 0000 QPN 0x1cd6 PSN 0x4ede18 RKey 0x054400 VAddr 0x007f992b586000
 GID: 00:00:00:00:00:00:00:00:00:00:255:255:10:01:00:01
 local address: LID 0000 QPN 0x1cd7 PSN 0x6379f3 RKey 0x054400 VAddr 0x007f992b596000
 GID: 00:00:00:00:00:00:00:00:00:00:255:255:10:01:00:01
 local address: LID 0000 QPN 0x1cd8 PSN 0xd08d43 RKey 0x054400 VAddr 0x007f992b5a6000
 GID: 00:00:00:00:00:00:00:00:00:00:255:255:10:01:00:01
 local address: LID 0000 QPN 0x1cd9 PSN 0x2eaa RKey 0x054400 VAddr 0x007f992b5b6000
 GID: 00:00:00:00:00:00:00:00:00:00:255:255:10:01:00:01
 local address: LID 0000 QPN 0x1cda PSN 0x94d57e RKey 0x054400 VAddr 0x007f992b5c6000
 GID: 00:00:00:00:00:00:00:00:00:00:255:255:10:01:00:01
 local address: LID 0000 QPN 0x1cdb PSN 0x69727d RKey 0x054400 VAddr 0x007f992b5d6000
 GID: 00:00:00:00:00:00:00:00:00:00:255:255:10:01:00:01
 local address: LID 0000 QPN 0x1cdc PSN 0x834025 RKey 0x054400 VAddr 0x007f992b5e6000
 GID: 00:00:00:00:00:00:00:00:00:00:255:255:10:01:00:01
 local address: LID 0000 QPN 0x1cdd PSN 0x8e749e RKey 0x054400 VAddr 0x007f992b5f6000
 GID: 00:00:00:00:00:00:00:00:00:00:255:255:10:01:00:01
 local address: LID 0000 QPN 0x1cde PSN 0x910ffb RKey 0x054400 VAddr 0x007f992b606000
 GID: 00:00:00:00:00:00:00:00:00:00:255:255:10:01:00:01
 local address: LID 0000 QPN 0x1cdf PSN 0xb6e67a RKey 0x054400 VAddr 0x007f992b616000
 GID: 00:00:00:00:00:00:00:00:00:00:255:255:10:01:00:01
 local address: LID 0000 QPN 0x1ce0 PSN 0x2656ce RKey 0x054400 VAddr 0x007f992b626000
 GID: 00:00:00:00:00:00:00:00:00:00:255:255:10:01:00:01
 local address: LID 0000 QPN 0x1ce1 PSN 0xf725d8 RKey 0x054400 VAddr 0x007f992b636000
 GID: 00:00:00:00:00:00:00:00:00:00:255:255:10:01:00:01
 local address: LID 0000 QPN 0x1ce2 PSN 0xf25338 RKey 0x054400 VAddr 0x007f992b646000
 GID: 00:00:00:00:00:00:00:00:00:00:255:255:10:01:00:01
 local address: LID 0000 QPN 0x1ce3 PSN 0x884f7b RKey 0x054400 VAddr 0x007f992b656000
 GID: 00:00:00:00:00:00:00:00:00:00:255:255:10:01:00:01
 local address: LID 0000 QPN 0x1ce4 PSN 0xa54091 RKey 0x054400 VAddr 0x007f992b666000
 GID: 00:00:00:00:00:00:00:00:00:00:255:255:10:01:00:01
 local address: LID 0000 QPN 0x1ce5 PSN 0x6083b4 RKey 0x054400 VAddr 0x007f992b676000
 GID: 00:00:00:00:00:00:00:00:00:00:255:255:10:01:00:01
 local address: LID 0000 QPN 0x1ce6 PSN 0x2c49e9 RKey 0x054400 VAddr 0x007f992b686000
 GID: 00:00:00:00:00:00:00:00:00:00:255:255:10:01:00:01
 local address: LID 0000 QPN 0x1ce7 PSN 0x42b855 RKey 0x054400 VAddr 0x007f992b696000
 GID: 00:00:00:00:00:00:00:00:00:00:255:255:10:01:00:01
 local address: LID 0000 QPN 0x1ce8 PSN 0x1bc85d RKey 0x054400 VAddr 0x007f992b6a6000
 GID: 00:00:00:00:00:00:00:00:00:00:255:255:10:01:00:01
 local address: LID 0000 QPN 0x1ce9 PSN 0xd228d RKey 0x054400 VAddr 0x007f992b6b6000
 GID: 00:00:00:00:00:00:00:00:00:00:255:255:10:01:00:01
 local address: LID 0000 QPN 0x1cea PSN 0xf845d6 RKey 0x054400 VAddr 0x007f992b6c6000
 GID: 00:00:00:00:00:00:00:00:00:00:255:255:10:01:00:01
 local address: LID 0000 QPN 0x1ceb PSN 0xd35768 RKey 0x054400 VAddr 0x007f992b6d6000
 GID: 00:00:00:00:00:00:00:00:00:00:255:255:10:01:00:01
 local address: LID 0000 QPN 0x1cec PSN 0xfa0ed6 RKey 0x054400 VAddr 0x007f992b6e6000
 GID: 00:00:00:00:00:00:00:00:00:00:255:255:10:01:00:01
 local address: LID 0000 QPN 0x1ced PSN 0x58c2d4 RKey 0x054400 VAddr 0x007f992b6f6000
 GID: 00:00:00:00:00:00:00:00:00:00:255:255:10:01:00:01
 local address: LID 0000 QPN 0x1cee PSN 0x9bd887 RKey 0x054400 VAddr 0x007f992b706000
 GID: 00:00:00:00:00:00:00:00:00:00:255:255:10:01:00:01
 local address: LID 0000 QPN 0x1cef PSN 0x9f4afd RKey 0x054400 VAddr 0x007f992b716000
 GID: 00:00:00:00:00:00:00:00:00:00:255:255:10:01:00:01
 local address: LID 0000 QPN 0x1cf0 PSN 0xafcc10 RKey 0x054400 VAddr 0x007f992b726000
 GID: 00:00:00:00:00:00:00:00:00:00:255:255:10:01:00:01
 local address: LID 0000 QPN 0x1cf1 PSN 0x286942 RKey 0x054400 VAddr 0x007f992b736000
 GID: 00:00:00:00:00:00:00:00:00:00:255:255:10:01:00:01
 local address: LID 0000 QPN 0x1cf2 PSN 0x780c8c RKey 0x054400 VAddr 0x007f992b746000
 GID: 00:00:00:00:00:00:00:00:00:00:255:255:10:01:00:01
 local address: LID 0000 QPN 0x1cf3 PSN 0x2f79c9 RKey 0x054400 VAddr 0x007f992b756000
 GID: 00:00:00:00:00:00:00:00:00:00:255:255:10:01:00:01
 local address: LID 0000 QPN 0x1cf4 PSN 0x67b2ea RKey 0x054400 VAddr 0x007f992b766000
 GID: 00:00:00:00:00:00:00:00:00:00:255:255:10:01:00:01
 local address: LID 0000 QPN 0x1cf5 PSN 0xee882a RKey 0x054400 VAddr 0x007f992b776000
 GID: 00:00:00:00:00:00:00:00:00:00:255:255:10:01:00:01
 local address: LID 0000 QPN 0x1cf6 PSN 0x86a966 RKey 0x054400 VAddr 0x007f992b786000
 GID: 00:00:00:00:00:00:00:00:00:00:255:255:10:01:00:01
 local address: LID 0000 QPN 0x1cf7 PSN 0x42b98f RKey 0x054400 VAddr 0x007f992b796000
 GID: 00:00:00:00:00:00:00:00:00:00:255:255:10:01:00:01
 local address: LID 0000 QPN 0x1cf8 PSN 0xcf7005 RKey 0x054400 VAddr 0x007f992b7a6000
 GID: 00:00:00:00:00:00:00:00:00:00:255:255:10:01:00:01
 local address: LID 0000 QPN 0x1cf9 PSN 0x5f2be7 RKey 0x054400 VAddr 0x007f992b7b6000
 GID: 00:00:00:00:00:00:00:00:00:00:255:255:10:01:00:01
 local address: LID 0000 QPN 0x1cfa PSN 0x178c16 RKey 0x054400 VAddr 0x007f992b7c6000
 GID: 00:00:00:00:00:00:00:00:00:00:255:255:10:01:00:01
 local address: LID 0000 QPN 0x1cfb PSN 0x307de1 RKey 0x054400 VAddr 0x007f992b7d6000
 GID: 00:00:00:00:00:00:00:00:00:00:255:255:10:01:00:01
 local address: LID 0000 QPN 0x1cfc PSN 0xf65e60 RKey 0x054400 VAddr 0x007f992b7e6000
 GID: 00:00:00:00:00:00:00:00:00:00:255:255:10:01:00:01
 local address: LID 0000 QPN 0x1cfd PSN 0x7d3c75 RKey 0x054400 VAddr 0x007f992b7f6000
 GID: 00:00:00:00:00:00:00:00:00:00:255:255:10:01:00:01
 local address: LID 0000 QPN 0x1cfe PSN 0xf6be3f RKey 0x054400 VAddr 0x007f992b806000
 GID: 00:00:00:00:00:00:00:00:00:00:255:255:10:01:00:01
 local address: LID 0000 QPN 0x1cff PSN 0xa87106 RKey 0x054400 VAddr 0x007f992b816000
 GID: 00:00:00:00:00:00:00:00:00:00:255:255:10:01:00:01
 local address: LID 0000 QPN 0x1d00 PSN 0x94ab91 RKey 0x054400 VAddr 0x007f992b826000
 GID: 00:00:00:00:00:00:00:00:00:00:255:255:10:01:00:01
 local address: LID 0000 QPN 0x1d01 PSN 0xe9061c RKey 0x054400 VAddr 0x007f992b836000
 GID: 00:00:00:00:00:00:00:00:00:00:255:255:10:01:00:01
 local address: LID 0000 QPN 0x1d02 PSN 0xc495fa RKey 0x054400 VAddr 0x007f992b846000
 GID: 00:00:00:00:00:00:00:00:00:00:255:255:10:01:00:01
 local address: LID 0000 QPN 0x1d03 PSN 0xff78f7 RKey 0x054400 VAddr 0x007f992b856000
 GID: 00:00:00:00:00:00:00:00:00:00:255:255:10:01:00:01
 local address: LID 0000 QPN 0x1d04 PSN 0x2e45a2 RKey 0x054400 VAddr 0x007f992b866000
 GID: 00:00:00:00:00:00:00:00:00:00:255:255:10:01:00:01
 local address: LID 0000 QPN 0x1d05 PSN 0x695b47 RKey 0x054400 VAddr 0x007f992b876000
 GID: 00:00:00:00:00:00:00:00:00:00:255:255:10:01:00:01
 local address: LID 0000 QPN 0x1d06 PSN 0x53c836 RKey 0x054400 VAddr 0x007f992b886000
 GID: 00:00:00:00:00:00:00:00:00:00:255:255:10:01:00:01
 local address: LID 0000 QPN 0x1d07 PSN 0x80ca84 RKey 0x054400 VAddr 0x007f992b896000
 GID: 00:00:00:00:00:00:00:00:00:00:255:255:10:01:00:01
 local address: LID 0000 QPN 0x1d08 PSN 0x208c86 RKey 0x054400 VAddr 0x007f992b8a6000
 GID: 00:00:00:00:00:00:00:00:00:00:255:255:10:01:00:01
 local address: LID 0000 QPN 0x1d09 PSN 0xabc173 RKey 0x054400 VAddr 0x007f992b8b6000
 GID: 00:00:00:00:00:00:00:00:00:00:255:255:10:01:00:01
 local address: LID 0000 QPN 0x1d0a PSN 0xf5f7ca RKey 0x054400 VAddr 0x007f992b8c6000
 GID: 00:00:00:00:00:00:00:00:00:00:255:255:10:01:00:01
 local address: LID 0000 QPN 0x1d0b PSN 0xc1cc94 RKey 0x054400 VAddr 0x007f992b8d6000
 GID: 00:00:00:00:00:00:00:00:00:00:255:255:10:01:00:01
 local address: LID 0000 QPN 0x1d0c PSN 0x5f6137 RKey 0x054400 VAddr 0x007f992b8e6000
 GID: 00:00:00:00:00:00:00:00:00:00:255:255:10:01:00:01
 local address: LID 0000 QPN 0x1d0d PSN 0x4d3b43 RKey 0x054400 VAddr 0x007f992b8f6000
 GID: 00:00:00:00:00:00:00:00:00:00:255:255:10:01:00:01
 local address: LID 0000 QPN 0x1d0e PSN 0x5deb19 RKey 0x054400 VAddr 0x007f992b906000
 GID: 00:00:00:00:00:00:00:00:00:00:255:255:10:01:00:01
 local address: LID 0000 QPN 0x1d0f PSN 0xe1ad89 RKey 0x054400 VAddr 0x007f992b916000
 GID: 00:00:00:00:00:00:00:00:00:00:255:255:10:01:00:01
 local address: LID 0000 QPN 0x1d10 PSN 0x15cc6d RKey 0x054400 VAddr 0x007f992b926000
 GID: 00:00:00:00:00:00:00:00:00:00:255:255:10:01:00:01
 local address: LID 0000 QPN 0x1d11 PSN 0x8461b0 RKey 0x054400 VAddr 0x007f992b936000
 GID: 00:00:00:00:00:00:00:00:00:00:255:255:10:01:00:01
 local address: LID 0000 QPN 0x1d12 PSN 0xc73261 RKey 0x054400 VAddr 0x007f992b946000
 GID: 00:00:00:00:00:00:00:00:00:00:255:255:10:01:00:01
 local address: LID 0000 QPN 0x1d13 PSN 0x9acc2 RKey 0x054400 VAddr 0x007f992b956000
 GID: 00:00:00:00:00:00:00:00:00:00:255:255:10:01:00:01
 local address: LID 0000 QPN 0x1d14 PSN 0x2816fc RKey 0x054400 VAddr 0x007f992b966000
 GID: 00:00:00:00:00:00:00:00:00:00:255:255:10:01:00:01
 local address: LID 0000 QPN 0x1d15 PSN 0x5e9e5d RKey 0x054400 VAddr 0x007f992b976000
 GID: 00:00:00:00:00:00:00:00:00:00:255:255:10:01:00:01
 local address: LID 0000 QPN 0x1d16 PSN 0x5a8a0 RKey 0x054400 VAddr 0x007f992b986000
 GID: 00:00:00:00:00:00:00:00:00:00:255:255:10:01:00:01
 local address: LID 0000 QPN 0x1d17 PSN 0x913a3a RKey 0x054400 VAddr 0x007f992b996000
 GID: 00:00:00:00:00:00:00:00:00:00:255:255:10:01:00:01
 local address: LID 0000 QPN 0x1d18 PSN 0x58cdcb RKey 0x054400 VAddr 0x007f992b9a6000
 GID: 00:00:00:00:00:00:00:00:00:00:255:255:10:01:00:01
 local address: LID 0000 QPN 0x1d19 PSN 0x8d7908 RKey 0x054400 VAddr 0x007f992b9b6000
 GID: 00:00:00:00:00:00:00:00:00:00:255:255:10:01:00:01
 local address: LID 0000 QPN 0x1d1a PSN 0x9bd923 RKey 0x054400 VAddr 0x007f992b9c6000
 GID: 00:00:00:00:00:00:00:00:00:00:255:255:10:01:00:01
 local address: LID 0000 QPN 0x1d1b PSN 0xf92e4d RKey 0x054400 VAddr 0x007f992b9d6000
 GID: 00:00:00:00:00:00:00:00:00:00:255:255:10:01:00:01
 local address: LID 0000 QPN 0x1d1c PSN 0x2fcb6c RKey 0x054400 VAddr 0x007f992b9e6000
 GID: 00:00:00:00:00:00:00:00:00:00:255:255:10:01:00:01
 local address: LID 0000 QPN 0x1d1d PSN 0x5e0a1d RKey 0x054400 VAddr 0x007f992b9f6000
 GID: 00:00:00:00:00:00:00:00:00:00:255:255:10:01:00:01
 local address: LID 0000 QPN 0x1d1e PSN 0x9df3ac RKey 0x054400 VAddr 0x007f992ba06000
 GID: 00:00:00:00:00:00:00:00:00:00:255:255:10:01:00:01
 local address: LID 0000 QPN 0x1d1f PSN 0xa37b9b RKey 0x054400 VAddr 0x007f992ba16000
 GID: 00:00:00:00:00:00:00:00:00:00:255:255:10:01:00:01
 local address: LID 0000 QPN 0x1d20 PSN 0x5a015d RKey 0x054400 VAddr 0x007f992ba26000
 GID: 00:00:00:00:00:00:00:00:00:00:255:255:10:01:00:01
 local address: LID 0000 QPN 0x1d21 PSN 0xc3c465 RKey 0x054400 VAddr 0x007f992ba36000
 GID: 00:00:00:00:00:00:00:00:00:00:255:255:10:01:00:01
 local address: LID 0000 QPN 0x1d22 PSN 0x97993f RKey 0x054400 VAddr 0x007f992ba46000
 GID: 00:00:00:00:00:00:00:00:00:00:255:255:10:01:00:01
 local address: LID 0000 QPN 0x1d23 PSN 0xe0dd05 RKey 0x054400 VAddr 0x007f992ba56000
 GID: 00:00:00:00:00:00:00:00:00:00:255:255:10:01:00:01
 local address: LID 0000 QPN 0x1d24 PSN 0xaa5ada RKey 0x054400 VAddr 0x007f992ba66000
 GID: 00:00:00:00:00:00:00:00:00:00:255:255:10:01:00:01
 local address: LID 0000 QPN 0x1d25 PSN 0x80e7db RKey 0x054400 VAddr 0x007f992ba76000
 GID: 00:00:00:00:00:00:00:00:00:00:255:255:10:01:00:01
 local address: LID 0000 QPN 0x1d26 PSN 0x856b89 RKey 0x054400 VAddr 0x007f992ba86000
 GID: 00:00:00:00:00:00:00:00:00:00:255:255:10:01:00:01
 local address: LID 0000 QPN 0x1d27 PSN 0xc421d5 RKey 0x054400 VAddr 0x007f992ba96000
 GID: 00:00:00:00:00:00:00:00:00:00:255:255:10:01:00:01
 local address: LID 0000 QPN 0x1d28 PSN 0xcfb35d RKey 0x054400 VAddr 0x007f992baa6000
 GID: 00:00:00:00:00:00:00:00:00:00:255:255:10:01:00:01
 local address: LID 0000 QPN 0x1d29 PSN 0x8a0f9f RKey 0x054400 VAddr 0x007f992bab6000
 GID: 00:00:00:00:00:00:00:00:00:00:255:255:10:01:00:01
 local address: LID 0000 QPN 0x1d2a PSN 0xd7e8ee RKey 0x054400 VAddr 0x007f992bac6000
 GID: 00:00:00:00:00:00:00:00:00:00:255:255:10:01:00:01
 local address: LID 0000 QPN 0x1d2b PSN 0x42d9fa RKey 0x054400 VAddr 0x007f992bad6000
 GID: 00:00:00:00:00:00:00:00:00:00:255:255:10:01:00:01
 local address: LID 0000 QPN 0x1d2c PSN 0xd97ab4 RKey 0x054400 VAddr 0x007f992bae6000
 GID: 00:00:00:00:00:00:00:00:00:00:255:255:10:01:00:01
 local address: LID 0000 QPN 0x1d2d PSN 0xe76d04 RKey 0x054400 VAddr 0x007f992baf6000
 GID: 00:00:00:00:00:00:00:00:00:00:255:255:10:01:00:01
 local address: LID 0000 QPN 0x1d2e PSN 0x3bf2e RKey 0x054400 VAddr 0x007f992bb06000
 GID: 00:00:00:00:00:00:00:00:00:00:255:255:10:01:00:01
 local address: LID 0000 QPN 0x1d2f PSN 0xa54470 RKey 0x054400 VAddr 0x007f992bb16000
 GID: 00:00:00:00:00:00:00:00:00:00:255:255:10:01:00:01
 local address: LID 0000 QPN 0x1d30 PSN 0x6440bc RKey 0x054400 VAddr 0x007f992bb26000
 GID: 00:00:00:00:00:00:00:00:00:00:255:255:10:01:00:01
 local address: LID 0000 QPN 0x1d31 PSN 0xad61c4 RKey 0x054400 VAddr 0x007f992bb36000
 GID: 00:00:00:00:00:00:00:00:00:00:255:255:10:01:00:01
 local address: LID 0000 QPN 0x1d32 PSN 0xfc5eb2 RKey 0x054400 VAddr 0x007f992bb46000
 GID: 00:00:00:00:00:00:00:00:00:00:255:255:10:01:00:01
 local address: LID 0000 QPN 0x1d33 PSN 0x4381be RKey 0x054400 VAddr 0x007f992bb56000
 GID: 00:00:00:00:00:00:00:00:00:00:255:255:10:01:00:01
 local address: LID 0000 QPN 0x1d34 PSN 0x6102bf RKey 0x054400 VAddr 0x007f992bb66000
 GID: 00:00:00:00:00:00:00:00:00:00:255:255:10:01:00:01
 local address: LID 0000 QPN 0x1d35 PSN 0x4f4b53 RKey 0x054400 VAddr 0x007f992bb76000
 GID: 00:00:00:00:00:00:00:00:00:00:255:255:10:01:00:01
 local address: LID 0000 QPN 0x1d36 PSN 0xb83879 RKey 0x054400 VAddr 0x007f992bb86000
 GID: 00:00:00:00:00:00:00:00:00:00:255:255:10:01:00:01
 local address: LID 0000 QPN 0x1d37 PSN 0x2c2c99 RKey 0x054400 VAddr 0x007f992bb96000
 GID: 00:00:00:00:00:00:00:00:00:00:255:255:10:01:00:01
 local address: LID 0000 QPN 0x1d38 PSN 0x7db468 RKey 0x054400 VAddr 0x007f992bba6000
 GID: 00:00:00:00:00:00:00:00:00:00:255:255:10:01:00:01
 local address: LID 0000 QPN 0x1d39 PSN 0xaa7150 RKey 0x054400 VAddr 0x007f992bbb6000
 GID: 00:00:00:00:00:00:00:00:00:00:255:255:10:01:00:01
 local address: LID 0000 QPN 0x1d3a PSN 0x2ab09a RKey 0x054400 VAddr 0x007f992bbc6000
 GID: 00:00:00:00:00:00:00:00:00:00:255:255:10:01:00:01
 local address: LID 0000 QPN 0x1d3b PSN 0xb09aa6 RKey 0x054400 VAddr 0x007f992bbd6000
 GID: 00:00:00:00:00:00:00:00:00:00:255:255:10:01:00:01
 local address: LID 0000 QPN 0x1d3c PSN 0xe31e5f RKey 0x054400 VAddr 0x007f992bbe6000
 GID: 00:00:00:00:00:00:00:00:00:00:255:255:10:01:00:01
 local address: LID 0000 QPN 0x1d3d PSN 0xd42918 RKey 0x054400 VAddr 0x007f992bbf6000
 GID: 00:00:00:00:00:00:00:00:00:00:255:255:10:01:00:01
 local address: LID 0000 QPN 0x1d3e PSN 0x966f75 RKey 0x054400 VAddr 0x007f992bc06000
 GID: 00:00:00:00:00:00:00:00:00:00:255:255:10:01:00:01
 local address: LID 0000 QPN 0x1d3f PSN 0x15275d RKey 0x054400 VAddr 0x007f992bc16000
 GID: 00:00:00:00:00:00:00:00:00:00:255:255:10:01:00:01
 local address: LID 0000 QPN 0x1d40 PSN 0xe3cc85 RKey 0x054400 VAddr 0x007f992bc26000
 GID: 00:00:00:00:00:00:00:00:00:00:255:255:10:01:00:01
 local address: LID 0000 QPN 0x1d41 PSN 0x156075 RKey 0x054400 VAddr 0x007f992bc36000
 GID: 00:00:00:00:00:00:00:00:00:00:255:255:10:01:00:01
 local address: LID 0000 QPN 0x1d42 PSN 0x5b5b7a RKey 0x054400 VAddr 0x007f992bc46000
 GID: 00:00:00:00:00:00:00:00:00:00:255:255:10:01:00:01
 local address: LID 0000 QPN 0x1d43 PSN 0xe80b09 RKey 0x054400 VAddr 0x007f992bc56000
 GID: 00:00:00:00:00:00:00:00:00:00:255:255:10:01:00:01
 local address: LID 0000 QPN 0x1d44 PSN 0xf965cd RKey 0x054400 VAddr 0x007f992bc66000
 GID: 00:00:00:00:00:00:00:00:00:00:255:255:10:01:00:01
 local address: LID 0000 QPN 0x1d45 PSN 0xaee174 RKey 0x054400 VAddr 0x007f992bc76000
 GID: 00:00:00:00:00:00:00:00:00:00:255:255:10:01:00:01
 local address: LID 0000 QPN 0x1d46 PSN 0xe2595 RKey 0x054400 VAddr 0x007f992bc86000
 GID: 00:00:00:00:00:00:00:00:00:00:255:255:10:01:00:01
 local address: LID 0000 QPN 0x1d47 PSN 0xe75fec RKey 0x054400 VAddr 0x007f992bc96000
 GID: 00:00:00:00:00:00:00:00:00:00:255:255:10:01:00:01
 local address: LID 0000 QPN 0x1d48 PSN 0xa967b5 RKey 0x054400 VAddr 0x007f992bca6000
 GID: 00:00:00:00:00:00:00:00:00:00:255:255:10:01:00:01
 local address: LID 0000 QPN 0x1d49 PSN 0x24c154 RKey 0x054400 VAddr 0x007f992bcb6000
 GID: 00:00:00:00:00:00:00:00:00:00:255:255:10:01:00:01
 local address: LID 0000 QPN 0x1d4a PSN 0x5bf235 RKey 0x054400 VAddr 0x007f992bcc6000
 GID: 00:00:00:00:00:00:00:00:00:00:255:255:10:01:00:01
 local address: LID 0000 QPN 0x1d4b PSN 0x7177f RKey 0x054400 VAddr 0x007f992bcd6000
 GID: 00:00:00:00:00:00:00:00:00:00:255:255:10:01:00:01
 local address: LID 0000 QPN 0x1d4c PSN 0x3fdf60 RKey 0x054400 VAddr 0x007f992bce6000
 GID: 00:00:00:00:00:00:00:00:00:00:255:255:10:01:00:01
 local address: LID 0000 QPN 0x1d4d PSN 0x48c9a RKey 0x054400 VAddr 0x007f992bcf6000
 GID: 00:00:00:00:00:00:00:00:00:00:255:255:10:01:00:01
 local address: LID 0000 QPN 0x1d4e PSN 0x9b48f8 RKey 0x054400 VAddr 0x007f992bd06000
 GID: 00:00:00:00:00:00:00:00:00:00:255:255:10:01:00:01
 local address: LID 0000 QPN 0x1d4f PSN 0x31c1d6 RKey 0x054400 VAddr 0x007f992bd16000
 GID: 00:00:00:00:00:00:00:00:00:00:255:255:10:01:00:01
 local address: LID 0000 QPN 0x1d50 PSN 0x5e5a52 RKey 0x054400 VAddr 0x007f992bd26000
 GID: 00:00:00:00:00:00:00:00:00:00:255:255:10:01:00:01
 local address: LID 0000 QPN 0x1d51 PSN 0x80e242 RKey 0x054400 VAddr 0x007f992bd36000
 GID: 00:00:00:00:00:00:00:00:00:00:255:255:10:01:00:01
 local address: LID 0000 QPN 0x1d52 PSN 0x9414f5 RKey 0x054400 VAddr 0x007f992bd46000
 GID: 00:00:00:00:00:00:00:00:00:00:255:255:10:01:00:01
 local address: LID 0000 QPN 0x1d53 PSN 0xeb2922 RKey 0x054400 VAddr 0x007f992bd56000
 GID: 00:00:00:00:00:00:00:00:00:00:255:255:10:01:00:01
 local address: LID 0000 QPN 0x1d54 PSN 0xc6e8c7 RKey 0x054400 VAddr 0x007f992bd66000
 GID: 00:00:00:00:00:00:00:00:00:00:255:255:10:01:00:01
 local address: LID 0000 QPN 0x1d55 PSN 0xf65010 RKey 0x054400 VAddr 0x007f992bd76000
 GID: 00:00:00:00:00:00:00:00:00:00:255:255:10:01:00:01
 local address: LID 0000 QPN 0x1d56 PSN 0x9b1fa5 RKey 0x054400 VAddr 0x007f992bd86000
 GID: 00:00:00:00:00:00:00:00:00:00:255:255:10:01:00:01
 local address: LID 0000 QPN 0x1d57 PSN 0x29e351 RKey 0x054400 VAddr 0x007f992bd96000
 GID: 00:00:00:00:00:00:00:00:00:00:255:255:10:01:00:01
 local address: LID 0000 QPN 0x1d58 PSN 0x2eabb0 RKey 0x054400 VAddr 0x007f992bda6000
 GID: 00:00:00:00:00:00:00:00:00:00:255:255:10:01:00:01
 local address: LID 0000 QPN 0x1d59 PSN 0x986204 RKey 0x054400 VAddr 0x007f992bdb6000
 GID: 00:00:00:00:00:00:00:00:00:00:255:255:10:01:00:01
 local address: LID 0000 QPN 0x1d5a PSN 0x3a106e RKey 0x054400 VAddr 0x007f992bdc6000
 GID: 00:00:00:00:00:00:00:00:00:00:255:255:10:01:00:01
 local address: LID 0000 QPN 0x1d5b PSN 0xad1bd0 RKey 0x054400 VAddr 0x007f992bdd6000
 GID: 00:00:00:00:00:00:00:00:00:00:255:255:10:01:00:01
 local address: LID 0000 QPN 0x1d5c PSN 0xe1084b RKey 0x054400 VAddr 0x007f992bde6000
 GID: 00:00:00:00:00:00:00:00:00:00:255:255:10:01:00:01
 local address: LID 0000 QPN 0x1d5d PSN 0x42f6eb RKey 0x054400 VAddr 0x007f992bdf6000
 GID: 00:00:00:00:00:00:00:00:00:00:255:255:10:01:00:01
 local address: LID 0000 QPN 0x1d5e PSN 0xe39ace RKey 0x054400 VAddr 0x007f992be06000
 GID: 00:00:00:00:00:00:00:00:00:00:255:255:10:01:00:01
 local address: LID 0000 QPN 0x1d5f PSN 0xe5f770 RKey 0x054400 VAddr 0x007f992be16000
 GID: 00:00:00:00:00:00:00:00:00:00:255:255:10:01:00:01
 local address: LID 0000 QPN 0x1d60 PSN 0x343b5e RKey 0x054400 VAddr 0x007f992be26000
 GID: 00:00:00:00:00:00:00:00:00:00:255:255:10:01:00:01
 local address: LID 0000 QPN 0x1d61 PSN 0xdb0c12 RKey 0x054400 VAddr 0x007f992be36000
 GID: 00:00:00:00:00:00:00:00:00:00:255:255:10:01:00:01
 local address: LID 0000 QPN 0x1d62 PSN 0x442520 RKey 0x054400 VAddr 0x007f992be46000
 GID: 00:00:00:00:00:00:00:00:00:00:255:255:10:01:00:01
 local address: LID 0000 QPN 0x1d63 PSN 0x601466 RKey 0x054400 VAddr 0x007f992be56000
 GID: 00:00:00:00:00:00:00:00:00:00:255:255:10:01:00:01
 local address: LID 0000 QPN 0x1d64 PSN 0xe1a60f RKey 0x054400 VAddr 0x007f992be66000
 GID: 00:00:00:00:00:00:00:00:00:00:255:255:10:01:00:01
 local address: LID 0000 QPN 0x1d65 PSN 0xeb5216 RKey 0x054400 VAddr 0x007f992be76000
 GID: 00:00:00:00:00:00:00:00:00:00:255:255:10:01:00:01
 local address: LID 0000 QPN 0x1d66 PSN 0x39d20e RKey 0x054400 VAddr 0x007f992be86000
 GID: 00:00:00:00:00:00:00:00:00:00:255:255:10:01:00:01
 local address: LID 0000 QPN 0x1d67 PSN 0x8ac86c RKey 0x054400 VAddr 0x007f992be96000
 GID: 00:00:00:00:00:00:00:00:00:00:255:255:10:01:00:01
 local address: LID 0000 QPN 0x1d68 PSN 0xdfce63 RKey 0x054400 VAddr 0x007f992bea6000
 GID: 00:00:00:00:00:00:00:00:00:00:255:255:10:01:00:01
 local address: LID 0000 QPN 0x1d69 PSN 0x5bfcd7 RKey 0x054400 VAddr 0x007f992beb6000
 GID: 00:00:00:00:00:00:00:00:00:00:255:255:10:01:00:01
 local address: LID 0000 QPN 0x1d6a PSN 0x37694 RKey 0x054400 VAddr 0x007f992bec6000
 GID: 00:00:00:00:00:00:00:00:00:00:255:255:10:01:00:01
 local address: LID 0000 QPN 0x1d6b PSN 0xfcdf06 RKey 0x054400 VAddr 0x007f992bed6000
 GID: 00:00:00:00:00:00:00:00:00:00:255:255:10:01:00:01
 local address: LID 0000 QPN 0x1d6c PSN 0x1ad51 RKey 0x054400 VAddr 0x007f992bee6000
 GID: 00:00:00:00:00:00:00:00:00:00:255:255:10:01:00:01
 local address: LID 0000 QPN 0x1d6d PSN 0x6a608b RKey 0x054400 VAddr 0x007f992bef6000
 GID: 00:00:00:00:00:00:00:00:00:00:255:255:10:01:00:01
 local address: LID 0000 QPN 0x1d6e PSN 0x64a6ac RKey 0x054400 VAddr 0x007f992bf06000
 GID: 00:00:00:00:00:00:00:00:00:00:255:255:10:01:00:01
 local address: LID 0000 QPN 0x1d6f PSN 0xe6b9df RKey 0x054400 VAddr 0x007f992bf16000
 GID: 00:00:00:00:00:00:00:00:00:00:255:255:10:01:00:01
 local address: LID 0000 QPN 0x1d70 PSN 0xfe8482 RKey 0x054400 VAddr 0x007f992bf26000
 GID: 00:00:00:00:00:00:00:00:00:00:255:255:10:01:00:01
 local address: LID 0000 QPN 0x1d71 PSN 0x7c0dee RKey 0x054400 VAddr 0x007f992bf36000
 GID: 00:00:00:00:00:00:00:00:00:00:255:255:10:01:00:01
 local address: LID 0000 QPN 0x1d72 PSN 0xf5a29c RKey 0x054400 VAddr 0x007f992bf46000
 GID: 00:00:00:00:00:00:00:00:00:00:255:255:10:01:00:01
 local address: LID 0000 QPN 0x1d73 PSN 0x82d552 RKey 0x054400 VAddr 0x007f992bf56000
 GID: 00:00:00:00:00:00:00:00:00:00:255:255:10:01:00:01
 local address: LID 0000 QPN 0x1d74 PSN 0x3f15a8 RKey 0x054400 VAddr 0x007f992bf66000
 GID: 00:00:00:00:00:00:00:00:00:00:255:255:10:01:00:01
 local address: LID 0000 QPN 0x1d75 PSN 0x323f97 RKey 0x054400 VAddr 0x007f992bf76000
 GID: 00:00:00:00:00:00:00:00:00:00:255:255:10:01:00:01
 local address: LID 0000 QPN 0x1d76 PSN 0x388ed8 RKey 0x054400 VAddr 0x007f992bf86000
 GID: 00:00:00:00:00:00:00:00:00:00:255:255:10:01:00:01
 local address: LID 0000 QPN 0x1d77 PSN 0x12d304 RKey 0x054400 VAddr 0x007f992bf96000
 GID: 00:00:00:00:00:00:00:00:00:00:255:255:10:01:00:01
 local address: LID 0000 QPN 0x1d78 PSN 0x80b578 RKey 0x054400 VAddr 0x007f992bfa6000
 GID: 00:00:00:00:00:00:00:00:00:00:255:255:10:01:00:01
 local address: LID 0000 QPN 0x1d79 PSN 0x5d8a66 RKey 0x054400 VAddr 0x007f992bfb6000
 GID: 00:00:00:00:00:00:00:00:00:00:255:255:10:01:00:01
 local address: LID 0000 QPN 0x1d7a PSN 0xfa0095 RKey 0x054400 VAddr 0x007f992bfc6000
 GID: 00:00:00:00:00:00:00:00:00:00:255:255:10:01:00:01
 local address: LID 0000 QPN 0x1d7b PSN 0x774cae RKey 0x054400 VAddr 0x007f992bfd6000
 GID: 00:00:00:00:00:00:00:00:00:00:255:255:10:01:00:01
 local address: LID 0000 QPN 0x1d7c PSN 0xac5445 RKey 0x054400 VAddr 0x007f992bfe6000
 GID: 00:00:00:00:00:00:00:00:00:00:255:255:10:01:00:01
 local address: LID 0000 QPN 0x1d7d PSN 0x3ee31a RKey 0x054400 VAddr 0x007f992bff6000
 GID: 00:00:00:00:00:00:00:00:00:00:255:255:10:01:00:01
 local address: LID 0000 QPN 0x1d7e PSN 0x9988eb RKey 0x054400 VAddr 0x007f992c006000
 GID: 00:00:00:00:00:00:00:00:00:00:255:255:10:01:00:01
 local address: LID 0000 QPN 0x1d7f PSN 0xd2d0f8 RKey 0x054400 VAddr 0x007f992c016000
 GID: 00:00:00:00:00:00:00:00:00:00:255:255:10:01:00:01
 local address: LID 0000 QPN 0x1d80 PSN 0xc7363b RKey 0x054400 VAddr 0x007f992c026000
 GID: 00:00:00:00:00:00:00:00:00:00:255:255:10:01:00:01
 local address: LID 0000 QPN 0x1d81 PSN 0x22aff RKey 0x054400 VAddr 0x007f992c036000
 GID: 00:00:00:00:00:00:00:00:00:00:255:255:10:01:00:01
 local address: LID 0000 QPN 0x1d82 PSN 0xb788a5 RKey 0x054400 VAddr 0x007f992c046000
 GID: 00:00:00:00:00:00:00:00:00:00:255:255:10:01:00:01
 local address: LID 0000 QPN 0x1d83 PSN 0xc8c81 RKey 0x054400 VAddr 0x007f992c056000
 GID: 00:00:00:00:00:00:00:00:00:00:255:255:10:01:00:01
 local address: LID 0000 QPN 0x1d84 PSN 0x44b534 RKey 0x054400 VAddr 0x007f992c066000
 GID: 00:00:00:00:00:00:00:00:00:00:255:255:10:01:00:01
 local address: LID 0000 QPN 0x1d85 PSN 0xaf95c4 RKey 0x054400 VAddr 0x007f992c076000
 GID: 00:00:00:00:00:00:00:00:00:00:255:255:10:01:00:01
 local address: LID 0000 QPN 0x1d86 PSN 0x1036a9 RKey 0x054400 VAddr 0x007f992c086000
 GID: 00:00:00:00:00:00:00:00:00:00:255:255:10:01:00:01
 local address: LID 0000 QPN 0x1d87 PSN 0x8d40fb RKey 0x054400 VAddr 0x007f992c096000
 GID: 00:00:00:00:00:00:00:00:00:00:255:255:10:01:00:01
 local address: LID 0000 QPN 0x1d88 PSN 0xdc063a RKey 0x054400 VAddr 0x007f992c0a6000
 GID: 00:00:00:00:00:00:00:00:00:00:255:255:10:01:00:01
 local address: LID 0000 QPN 0x1d89 PSN 0x145a6b RKey 0x054400 VAddr 0x007f992c0b6000
 GID: 00:00:00:00:00:00:00:00:00:00:255:255:10:01:00:01
 local address: LID 0000 QPN 0x1d8a PSN 0xa062fe RKey 0x054400 VAddr 0x007f992c0c6000
 GID: 00:00:00:00:00:00:00:00:00:00:255:255:10:01:00:01
 local address: LID 0000 QPN 0x1d8b PSN 0x594c74 RKey 0x054400 VAddr 0x007f992c0d6000
 GID: 00:00:00:00:00:00:00:00:00:00:255:255:10:01:00:01
 local address: LID 0000 QPN 0x1d8c PSN 0xfa9c9a RKey 0x054400 VAddr 0x007f992c0e6000
 GID: 00:00:00:00:00:00:00:00:00:00:255:255:10:01:00:01
 local address: LID 0000 QPN 0x1d8d PSN 0x784159 RKey 0x054400 VAddr 0x007f992c0f6000
 GID: 00:00:00:00:00:00:00:00:00:00:255:255:10:01:00:01
 local address: LID 0000 QPN 0x1d8e PSN 0x2f207f RKey 0x054400 VAddr 0x007f992c106000
 GID: 00:00:00:00:00:00:00:00:00:00:255:255:10:01:00:01
 local address: LID 0000 QPN 0x1d8f PSN 0xd4a2af RKey 0x054400 VAddr 0x007f992c116000
 GID: 00:00:00:00:00:00:00:00:00:00:255:255:10:01:00:01
 local address: LID 0000 QPN 0x1d90 PSN 0x9b64a1 RKey 0x054400 VAddr 0x007f992c126000
 GID: 00:00:00:00:00:00:00:00:00:00:255:255:10:01:00:01
 local address: LID 0000 QPN 0x1d91 PSN 0x7cc18d RKey 0x054400 VAddr 0x007f992c136000
 GID: 00:00:00:00:00:00:00:00:00:00:255:255:10:01:00:01
 local address: LID 0000 QPN 0x1d92 PSN 0xa01f1b RKey 0x054400 VAddr 0x007f992c146000
 GID: 00:00:00:00:00:00:00:00:00:00:255:255:10:01:00:01
 local address: LID 0000 QPN 0x1d93 PSN 0x29bab0 RKey 0x054400 VAddr 0x007f992c156000
 GID: 00:00:00:00:00:00:00:00:00:00:255:255:10:01:00:01
 local address: LID 0000 QPN 0x1d94 PSN 0x54aff6 RKey 0x054400 VAddr 0x007f992c166000
 GID: 00:00:00:00:00:00:00:00:00:00:255:255:10:01:00:01
 local address: LID 0000 QPN 0x1d95 PSN 0x5b7eed RKey 0x054400 VAddr 0x007f992c176000
 GID: 00:00:00:00:00:00:00:00:00:00:255:255:10:01:00:01
 local address: LID 0000 QPN 0x1d96 PSN 0xa520c6 RKey 0x054400 VAddr 0x007f992c186000
 GID: 00:00:00:00:00:00:00:00:00:00:255:255:10:01:00:01
 local address: LID 0000 QPN 0x1d97 PSN 0x9a9257 RKey 0x054400 VAddr 0x007f992c196000
 GID: 00:00:00:00:00:00:00:00:00:00:255:255:10:01:00:01
 local address: LID 0000 QPN 0x1d98 PSN 0x724d93 RKey 0x054400 VAddr 0x007f992c1a6000
 GID: 00:00:00:00:00:00:00:00:00:00:255:255:10:01:00:01
 local address: LID 0000 QPN 0x1d99 PSN 0x51bbc RKey 0x054400 VAddr 0x007f992c1b6000
 GID: 00:00:00:00:00:00:00:00:00:00:255:255:10:01:00:01
 local address: LID 0000 QPN 0x1d9a PSN 0x219300 RKey 0x054400 VAddr 0x007f992c1c6000
 GID: 00:00:00:00:00:00:00:00:00:00:255:255:10:01:00:01
 local address: LID 0000 QPN 0x1d9b PSN 0x130a24 RKey 0x054400 VAddr 0x007f992c1d6000
 GID: 00:00:00:00:00:00:00:00:00:00:255:255:10:01:00:01
 local address: LID 0000 QPN 0x1d9c PSN 0x8ee762 RKey 0x054400 VAddr 0x007f992c1e6000
 GID: 00:00:00:00:00:00:00:00:00:00:255:255:10:01:00:01
 local address: LID 0000 QPN 0x1d9d PSN 0x7e6f29 RKey 0x054400 VAddr 0x007f992c1f6000
 GID: 00:00:00:00:00:00:00:00:00:00:255:255:10:01:00:01
 local address: LID 0000 QPN 0x1d9e PSN 0x79f700 RKey 0x054400 VAddr 0x007f992c206000
 GID: 00:00:00:00:00:00:00:00:00:00:255:255:10:01:00:01
 local address: LID 0000 QPN 0x1d9f PSN 0x45fb19 RKey 0x054400 VAddr 0x007f992c216000
 GID: 00:00:00:00:00:00:00:00:00:00:255:255:10:01:00:01
 local address: LID 0000 QPN 0x1da0 PSN 0xf75f70 RKey 0x054400 VAddr 0x007f992c226000
 GID: 00:00:00:00:00:00:00:00:00:00:255:255:10:01:00:01
 local address: LID 0000 QPN 0x1da1 PSN 0x695300 RKey 0x054400 VAddr 0x007f992c236000
 GID: 00:00:00:00:00:00:00:00:00:00:255:255:10:01:00:01
 local address: LID 0000 QPN 0x1da2 PSN 0xb9627d RKey 0x054400 VAddr 0x007f992c246000
 GID: 00:00:00:00:00:00:00:00:00:00:255:255:10:01:00:01
 local address: LID 0000 QPN 0x1da3 PSN 0x9288bd RKey 0x054400 VAddr 0x007f992c256000
 GID: 00:00:00:00:00:00:00:00:00:00:255:255:10:01:00:01
 local address: LID 0000 QPN 0x1da4 PSN 0xd486d0 RKey 0x054400 VAddr 0x007f992c266000
 GID: 00:00:00:00:00:00:00:00:00:00:255:255:10:01:00:01
 local address: LID 0000 QPN 0x1da5 PSN 0x75a83 RKey 0x054400 VAddr 0x007f992c276000
 GID: 00:00:00:00:00:00:00:00:00:00:255:255:10:01:00:01
 local address: LID 0000 QPN 0x1da6 PSN 0x920318 RKey 0x054400 VAddr 0x007f992c286000
 GID: 00:00:00:00:00:00:00:00:00:00:255:255:10:01:00:01
 local address: LID 0000 QPN 0x1da7 PSN 0x5513c RKey 0x054400 VAddr 0x007f992c296000
 GID: 00:00:00:00:00:00:00:00:00:00:255:255:10:01:00:01
 local address: LID 0000 QPN 0x1da8 PSN 0x43280f RKey 0x054400 VAddr 0x007f992c2a6000
 GID: 00:00:00:00:00:00:00:00:00:00:255:255:10:01:00:01
 local address: LID 0000 QPN 0x1da9 PSN 0x57e454 RKey 0x054400 VAddr 0x007f992c2b6000
 GID: 00:00:00:00:00:00:00:00:00:00:255:255:10:01:00:01
 local address: LID 0000 QPN 0x1daa PSN 0x622e69 RKey 0x054400 VAddr 0x007f992c2c6000
 GID: 00:00:00:00:00:00:00:00:00:00:255:255:10:01:00:01
 local address: LID 0000 QPN 0x1dab PSN 0x213dac RKey 0x054400 VAddr 0x007f992c2d6000
 GID: 00:00:00:00:00:00:00:00:00:00:255:255:10:01:00:01
 local address: LID 0000 QPN 0x1dac PSN 0xc7ff4f RKey 0x054400 VAddr 0x007f992c2e6000
 GID: 00:00:00:00:00:00:00:00:00:00:255:255:10:01:00:01
 local address: LID 0000 QPN 0x1dad PSN 0x581989 RKey 0x054400 VAddr 0x007f992c2f6000
 GID: 00:00:00:00:00:00:00:00:00:00:255:255:10:01:00:01
 local address: LID 0000 QPN 0x1dae PSN 0x3628a4 RKey 0x054400 VAddr 0x007f992c306000
 GID: 00:00:00:00:00:00:00:00:00:00:255:255:10:01:00:01
 local address: LID 0000 QPN 0x1daf PSN 0xd5d46a RKey 0x054400 VAddr 0x007f992c316000
 GID: 00:00:00:00:00:00:00:00:00:00:255:255:10:01:00:01
 local address: LID 0000 QPN 0x1db0 PSN 0x8cda02 RKey 0x054400 VAddr 0x007f992c326000
 GID: 00:00:00:00:00:00:00:00:00:00:255:255:10:01:00:01
 local address: LID 0000 QPN 0x1db1 PSN 0x28be2 RKey 0x054400 VAddr 0x007f992c336000
 GID: 00:00:00:00:00:00:00:00:00:00:255:255:10:01:00:01
 local address: LID 0000 QPN 0x1db2 PSN 0xd76be8 RKey 0x054400 VAddr 0x007f992c346000
 GID: 00:00:00:00:00:00:00:00:00:00:255:255:10:01:00:01
 local address: LID 0000 QPN 0x1db3 PSN 0x450fa3 RKey 0x054400 VAddr 0x007f992c356000
 GID: 00:00:00:00:00:00:00:00:00:00:255:255:10:01:00:01
 local address: LID 0000 QPN 0x1db4 PSN 0x2db845 RKey 0x054400 VAddr 0x007f992c366000
 GID: 00:00:00:00:00:00:00:00:00:00:255:255:10:01:00:01
 local address: LID 0000 QPN 0x1db5 PSN 0x954516 RKey 0x054400 VAddr 0x007f992c376000
 GID: 00:00:00:00:00:00:00:00:00:00:255:255:10:01:00:01
 local address: LID 0000 QPN 0x1db6 PSN 0xfcda24 RKey 0x054400 VAddr 0x007f992c386000
 GID: 00:00:00:00:00:00:00:00:00:00:255:255:10:01:00:01
 local address: LID 0000 QPN 0x1db7 PSN 0xd8d9ef RKey 0x054400 VAddr 0x007f992c396000
 GID: 00:00:00:00:00:00:00:00:00:00:255:255:10:01:00:01
 local address: LID 0000 QPN 0x1db8 PSN 0x3069d6 RKey 0x054400 VAddr 0x007f992c3a6000
 GID: 00:00:00:00:00:00:00:00:00:00:255:255:10:01:00:01
 local address: LID 0000 QPN 0x1db9 PSN 0x3949 RKey 0x054400 VAddr 0x007f992c3b6000
 GID: 00:00:00:00:00:00:00:00:00:00:255:255:10:01:00:01
 local address: LID 0000 QPN 0x1dba PSN 0x3be3a6 RKey 0x054400 VAddr 0x007f992c3c6000
 GID: 00:00:00:00:00:00:00:00:00:00:255:255:10:01:00:01
 local address: LID 0000 QPN 0x1dbb PSN 0xc87317 RKey 0x054400 VAddr 0x007f992c3d6000
 GID: 00:00:00:00:00:00:00:00:00:00:255:255:10:01:00:01
 local address: LID 0000 QPN 0x1dbc PSN 0x2ec0b4 RKey 0x054400 VAddr 0x007f992c3e6000
 GID: 00:00:00:00:00:00:00:00:00:00:255:255:10:01:00:01
 local address: LID 0000 QPN 0x1dbd PSN 0x4b2e9b RKey 0x054400 VAddr 0x007f992c3f6000
 GID: 00:00:00:00:00:00:00:00:00:00:255:255:10:01:00:01
 local address: LID 0000 QPN 0x1dbe PSN 0x114c41 RKey 0x054400 VAddr 0x007f992c406000
 GID: 00:00:00:00:00:00:00:00:00:00:255:255:10:01:00:01
 local address: LID 0000 QPN 0x1dbf PSN 0xb01ef7 RKey 0x054400 VAddr 0x007f992c416000
 GID: 00:00:00:00:00:00:00:00:00:00:255:255:10:01:00:01
 local address: LID 0000 QPN 0x1dc0 PSN 0xe31352 RKey 0x054400 VAddr 0x007f992c426000
 GID: 00:00:00:00:00:00:00:00:00:00:255:255:10:01:00:01
 local address: LID 0000 QPN 0x1dc1 PSN 0x614bda RKey 0x054400 VAddr 0x007f992c436000
 GID: 00:00:00:00:00:00:00:00:00:00:255:255:10:01:00:01
 local address: LID 0000 QPN 0x1dc2 PSN 0xd8d91b RKey 0x054400 VAddr 0x007f992c446000
 GID: 00:00:00:00:00:00:00:00:00:00:255:255:10:01:00:01
 local address: LID 0000 QPN 0x1dc3 PSN 0x61a07f RKey 0x054400 VAddr 0x007f992c456000
 GID: 00:00:00:00:00:00:00:00:00:00:255:255:10:01:00:01
 local address: LID 0000 QPN 0x1dc4 PSN 0x486877 RKey 0x054400 VAddr 0x007f992c466000
 GID: 00:00:00:00:00:00:00:00:00:00:255:255:10:01:00:01
 local address: LID 0000 QPN 0x1dc5 PSN 0x21a057 RKey 0x054400 VAddr 0x007f992c476000
 GID: 00:00:00:00:00:00:00:00:00:00:255:255:10:01:00:01
 local address: LID 0000 QPN 0x1dc6 PSN 0x75d111 RKey 0x054400 VAddr 0x007f992c486000
 GID: 00:00:00:00:00:00:00:00:00:00:255:255:10:01:00:01
 local address: LID 0000 QPN 0x1dc7 PSN 0xba22d3 RKey 0x054400 VAddr 0x007f992c496000
 GID: 00:00:00:00:00:00:00:00:00:00:255:255:10:01:00:01
 local address: LID 0000 QPN 0x1dc8 PSN 0x7b46b5 RKey 0x054400 VAddr 0x007f992c4a6000
 GID: 00:00:00:00:00:00:00:00:00:00:255:255:10:01:00:01
 local address: LID 0000 QPN 0x1dc9 PSN 0xf716d6 RKey 0x054400 VAddr 0x007f992c4b6000
 GID: 00:00:00:00:00:00:00:00:00:00:255:255:10:01:00:01
 local address: LID 0000 QPN 0x1dca PSN 0x62d9c7 RKey 0x054400 VAddr 0x007f992c4c6000
 GID: 00:00:00:00:00:00:00:00:00:00:255:255:10:01:00:01
 local address: LID 0000 QPN 0x1dcb PSN 0x325292 RKey 0x054400 VAddr 0x007f992c4d6000
 GID: 00:00:00:00:00:00:00:00:00:00:255:255:10:01:00:01
 local address: LID 0000 QPN 0x1dcc PSN 0x9dc183 RKey 0x054400 VAddr 0x007f992c4e6000
 GID: 00:00:00:00:00:00:00:00:00:00:255:255:10:01:00:01
 local address: LID 0000 QPN 0x1dcd PSN 0xaf659f RKey 0x054400 VAddr 0x007f992c4f6000
 GID: 00:00:00:00:00:00:00:00:00:00:255:255:10:01:00:01
 local address: LID 0000 QPN 0x1dce PSN 0x7e5b4f RKey 0x054400 VAddr 0x007f992c506000
 GID: 00:00:00:00:00:00:00:00:00:00:255:255:10:01:00:01
 local address: LID 0000 QPN 0x1dcf PSN 0x278934 RKey 0x054400 VAddr 0x007f992c516000
 GID: 00:00:00:00:00:00:00:00:00:00:255:255:10:01:00:01
 local address: LID 0000 QPN 0x1dd0 PSN 0x50fdf9 RKey 0x054400 VAddr 0x007f992c526000
 GID: 00:00:00:00:00:00:00:00:00:00:255:255:10:01:00:01
 local address: LID 0000 QPN 0x1dd1 PSN 0xefadb1 RKey 0x054400 VAddr 0x007f992c536000
 GID: 00:00:00:00:00:00:00:00:00:00:255:255:10:01:00:01
 local address: LID 0000 QPN 0x1dd2 PSN 0xd13474 RKey 0x054400 VAddr 0x007f992c546000
 GID: 00:00:00:00:00:00:00:00:00:00:255:255:10:01:00:01
 local address: LID 0000 QPN 0x1dd3 PSN 0xa90c8d RKey 0x054400 VAddr 0x007f992c556000
 GID: 00:00:00:00:00:00:00:00:00:00:255:255:10:01:00:01
 local address: LID 0000 QPN 0x1dd4 PSN 0x0928 RKey 0x054400 VAddr 0x007f992c566000
 GID: 00:00:00:00:00:00:00:00:00:00:255:255:10:01:00:01
 local address: LID 0000 QPN 0x1dd5 PSN 0x9e9b16 RKey 0x054400 VAddr 0x007f992c576000
 GID: 00:00:00:00:00:00:00:00:00:00:255:255:10:01:00:01
 local address: LID 0000 QPN 0x1dd6 PSN 0x6029a5 RKey 0x054400 VAddr 0x007f992c586000
 GID: 00:00:00:00:00:00:00:00:00:00:255:255:10:01:00:01
 local address: LID 0000 QPN 0x1dd7 PSN 0x2846e RKey 0x054400 VAddr 0x007f992c596000
 GID: 00:00:00:00:00:00:00:00:00:00:255:255:10:01:00:01
 local address: LID 0000 QPN 0x1dd8 PSN 0xdb7a14 RKey 0x054400 VAddr 0x007f992c5a6000
 GID: 00:00:00:00:00:00:00:00:00:00:255:255:10:01:00:01
 local address: LID 0000 QPN 0x1dd9 PSN 0x6f852 RKey 0x054400 VAddr 0x007f992c5b6000
 GID: 00:00:00:00:00:00:00:00:00:00:255:255:10:01:00:01
 local address: LID 0000 QPN 0x1dda PSN 0x751879 RKey 0x054400 VAddr 0x007f992c5c6000
 GID: 00:00:00:00:00:00:00:00:00:00:255:255:10:01:00:01
 local address: LID 0000 QPN 0x1ddb PSN 0x6ce86b RKey 0x054400 VAddr 0x007f992c5d6000
 GID: 00:00:00:00:00:00:00:00:00:00:255:255:10:01:00:01
 local address: LID 0000 QPN 0x1ddc PSN 0xa2f950 RKey 0x054400 VAddr 0x007f992c5e6000
 GID: 00:00:00:00:00:00:00:00:00:00:255:255:10:01:00:01
 local address: LID 0000 QPN 0x1ddd PSN 0x72c6f5 RKey 0x054400 VAddr 0x007f992c5f6000
 GID: 00:00:00:00:00:00:00:00:00:00:255:255:10:01:00:01
 local address: LID 0000 QPN 0x1dde PSN 0x5399e3 RKey 0x054400 VAddr 0x007f992c606000
 GID: 00:00:00:00:00:00:00:00:00:00:255:255:10:01:00:01
 local address: LID 0000 QPN 0x1ddf PSN 0x6147b6 RKey 0x054400 VAddr 0x007f992c616000
 GID: 00:00:00:00:00:00:00:00:00:00:255:255:10:01:00:01
 local address: LID 0000 QPN 0x1de0 PSN 0xd16834 RKey 0x054400 VAddr 0x007f992c626000
 GID: 00:00:00:00:00:00:00:00:00:00:255:255:10:01:00:01
 local address: LID 0000 QPN 0x1de1 PSN 0xae0f50 RKey 0x054400 VAddr 0x007f992c636000
 GID: 00:00:00:00:00:00:00:00:00:00:255:255:10:01:00:01
 local address: LID 0000 QPN 0x1de2 PSN 0x9d5cf3 RKey 0x054400 VAddr 0x007f992c646000
 GID: 00:00:00:00:00:00:00:00:00:00:255:255:10:01:00:01
 local address: LID 0000 QPN 0x1de3 PSN 0x1ced2a RKey 0x054400 VAddr 0x007f992c656000
 GID: 00:00:00:00:00:00:00:00:00:00:255:255:10:01:00:01
 local address: LID 0000 QPN 0x1de4 PSN 0x1201bc RKey 0x054400 VAddr 0x007f992c666000
 GID: 00:00:00:00:00:00:00:00:00:00:255:255:10:01:00:01
 local address: LID 0000 QPN 0x1de5 PSN 0x61b944 RKey 0x054400 VAddr 0x007f992c676000
 GID: 00:00:00:00:00:00:00:00:00:00:255:255:10:01:00:01
 local address: LID 0000 QPN 0x1de6 PSN 0x652446 RKey 0x054400 VAddr 0x007f992c686000
 GID: 00:00:00:00:00:00:00:00:00:00:255:255:10:01:00:01
 local address: LID 0000 QPN 0x1de7 PSN 0x1c8164 RKey 0x054400 VAddr 0x007f992c696000
 GID: 00:00:00:00:00:00:00:00:00:00:255:255:10:01:00:01
 local address: LID 0000 QPN 0x1de8 PSN 0xb06f00 RKey 0x054400 VAddr 0x007f992c6a6000
 GID: 00:00:00:00:00:00:00:00:00:00:255:255:10:01:00:01
 local address: LID 0000 QPN 0x1de9 PSN 0xa9e036 RKey 0x054400 VAddr 0x007f992c6b6000
 GID: 00:00:00:00:00:00:00:00:00:00:255:255:10:01:00:01
 local address: LID 0000 QPN 0x1dea PSN 0xb3f00c RKey 0x054400 VAddr 0x007f992c6c6000
 GID: 00:00:00:00:00:00:00:00:00:00:255:255:10:01:00:01
 local address: LID 0000 QPN 0x1deb PSN 0xcbed0c RKey 0x054400 VAddr 0x007f992c6d6000
 GID: 00:00:00:00:00:00:00:00:00:00:255:255:10:01:00:01
 local address: LID 0000 QPN 0x1dec PSN 0x9b694c RKey 0x054400 VAddr 0x007f992c6e6000
 GID: 00:00:00:00:00:00:00:00:00:00:255:255:10:01:00:01
 local address: LID 0000 QPN 0x1ded PSN 0xd0341e RKey 0x054400 VAddr 0x007f992c6f6000
 GID: 00:00:00:00:00:00:00:00:00:00:255:255:10:01:00:01
 local address: LID 0000 QPN 0x1dee PSN 0xb27eb4 RKey 0x054400 VAddr 0x007f992c706000
 GID: 00:00:00:00:00:00:00:00:00:00:255:255:10:01:00:01
 local address: LID 0000 QPN 0x1def PSN 0x82dd32 RKey 0x054400 VAddr 0x007f992c716000
 GID: 00:00:00:00:00:00:00:00:00:00:255:255:10:01:00:01
 local address: LID 0000 QPN 0x1df0 PSN 0x3123db RKey 0x054400 VAddr 0x007f992c726000
 GID: 00:00:00:00:00:00:00:00:00:00:255:255:10:01:00:01
 local address: LID 0000 QPN 0x1df1 PSN 0xca19bf RKey 0x054400 VAddr 0x007f992c736000
 GID: 00:00:00:00:00:00:00:00:00:00:255:255:10:01:00:01
 local address: LID 0000 QPN 0x1df2 PSN 0x61ee36 RKey 0x054400 VAddr 0x007f992c746000
 GID: 00:00:00:00:00:00:00:00:00:00:255:255:10:01:00:01
 local address: LID 0000 QPN 0x1df3 PSN 0x41ebd2 RKey 0x054400 VAddr 0x007f992c756000
 GID: 00:00:00:00:00:00:00:00:00:00:255:255:10:01:00:01
 local address: LID 0000 QPN 0x1df4 PSN 0x65735 RKey 0x054400 VAddr 0x007f992c766000
 GID: 00:00:00:00:00:00:00:00:00:00:255:255:10:01:00:01
 local address: LID 0000 QPN 0x1df5 PSN 0x235bf1 RKey 0x054400 VAddr 0x007f992c776000
 GID: 00:00:00:00:00:00:00:00:00:00:255:255:10:01:00:01
 local address: LID 0000 QPN 0x1df6 PSN 0x70e7fc RKey 0x054400 VAddr 0x007f992c786000
 GID: 00:00:00:00:00:00:00:00:00:00:255:255:10:01:00:01
 local address: LID 0000 QPN 0x1df7 PSN 0xa28e7a RKey 0x054400 VAddr 0x007f992c796000
 GID: 00:00:00:00:00:00:00:00:00:00:255:255:10:01:00:01
 local address: LID 0000 QPN 0x1df8 PSN 0xcc6822 RKey 0x054400 VAddr 0x007f992c7a6000
 GID: 00:00:00:00:00:00:00:00:00:00:255:255:10:01:00:01
 local address: LID 0000 QPN 0x1df9 PSN 0x79601a RKey 0x054400 VAddr 0x007f992c7b6000
 GID: 00:00:00:00:00:00:00:00:00:00:255:255:10:01:00:01
 local address: LID 0000 QPN 0x1dfa PSN 0xe7616e RKey 0x054400 VAddr 0x007f992c7c6000
 GID: 00:00:00:00:00:00:00:00:00:00:255:255:10:01:00:01
 local address: LID 0000 QPN 0x1dfb PSN 0x2c0d03 RKey 0x054400 VAddr 0x007f992c7d6000
 GID: 00:00:00:00:00:00:00:00:00:00:255:255:10:01:00:01
 local address: LID 0000 QPN 0x1dfc PSN 0x8c449 RKey 0x054400 VAddr 0x007f992c7e6000
 GID: 00:00:00:00:00:00:00:00:00:00:255:255:10:01:00:01
 local address: LID 0000 QPN 0x1dfd PSN 0xb7efbb RKey 0x054400 VAddr 0x007f992c7f6000
 GID: 00:00:00:00:00:00:00:00:00:00:255:255:10:01:00:01
 local address: LID 0000 QPN 0x1dfe PSN 0xb99b19 RKey 0x054400 VAddr 0x007f992c806000
 GID: 00:00:00:00:00:00:00:00:00:00:255:255:10:01:00:01
 local address: LID 0000 QPN 0x1dff PSN 0xe1e27a RKey 0x054400 VAddr 0x007f992c816000
 GID: 00:00:00:00:00:00:00:00:00:00:255:255:10:01:00:01
 local address: LID 0000 QPN 0x1e00 PSN 0x172e6a RKey 0x054400 VAddr 0x007f992c826000
 GID: 00:00:00:00:00:00:00:00:00:00:255:255:10:01:00:01
 local address: LID 0000 QPN 0x1e01 PSN 0x7c926 RKey 0x054400 VAddr 0x007f992c836000
 GID: 00:00:00:00:00:00:00:00:00:00:255:255:10:01:00:01
 local address: LID 0000 QPN 0x1e02 PSN 0x73a87b RKey 0x054400 VAddr 0x007f992c846000
 GID: 00:00:00:00:00:00:00:00:00:00:255:255:10:01:00:01
 local address: LID 0000 QPN 0x1e03 PSN 0x840a23 RKey 0x054400 VAddr 0x007f992c856000
 GID: 00:00:00:00:00:00:00:00:00:00:255:255:10:01:00:01
 local address: LID 0000 QPN 0x1e04 PSN 0x925435 RKey 0x054400 VAddr 0x007f992c866000
 GID: 00:00:00:00:00:00:00:00:00:00:255:255:10:01:00:01
 local address: LID 0000 QPN 0x1e05 PSN 0xf0494e RKey 0x054400 VAddr 0x007f992c876000
 GID: 00:00:00:00:00:00:00:00:00:00:255:255:10:01:00:01
 local address: LID 0000 QPN 0x1e06 PSN 0xb96a6d RKey 0x054400 VAddr 0x007f992c886000
 GID: 00:00:00:00:00:00:00:00:00:00:255:255:10:01:00:01
 local address: LID 0000 QPN 0x1e07 PSN 0xbfda93 RKey 0x054400 VAddr 0x007f992c896000
 GID: 00:00:00:00:00:00:00:00:00:00:255:255:10:01:00:01
 local address: LID 0000 QPN 0x1e08 PSN 0x59a7c5 RKey 0x054400 VAddr 0x007f992c8a6000
 GID: 00:00:00:00:00:00:00:00:00:00:255:255:10:01:00:01
 local address: LID 0000 QPN 0x1e09 PSN 0xb0a0b7 RKey 0x054400 VAddr 0x007f992c8b6000
 GID: 00:00:00:00:00:00:00:00:00:00:255:255:10:01:00:01
 local address: LID 0000 QPN 0x1e0a PSN 0xeb862d RKey 0x054400 VAddr 0x007f992c8c6000
 GID: 00:00:00:00:00:00:00:00:00:00:255:255:10:01:00:01
 local address: LID 0000 QPN 0x1e0b PSN 0x9830fc RKey 0x054400 VAddr 0x007f992c8d6000
 GID: 00:00:00:00:00:00:00:00:00:00:255:255:10:01:00:01
 local address: LID 0000 QPN 0x1e0c PSN 0xa116bc RKey 0x054400 VAddr 0x007f992c8e6000
 GID: 00:00:00:00:00:00:00:00:00:00:255:255:10:01:00:01
 local address: LID 0000 QPN 0x1e0d PSN 0x6a258c RKey 0x054400 VAddr 0x007f992c8f6000
 GID: 00:00:00:00:00:00:00:00:00:00:255:255:10:01:00:01
 local address: LID 0000 QPN 0x1e0e PSN 0x808307 RKey 0x054400 VAddr 0x007f992c906000
 GID: 00:00:00:00:00:00:00:00:00:00:255:255:10:01:00:01
 local address: LID 0000 QPN 0x1e0f PSN 0xb5ce86 RKey 0x054400 VAddr 0x007f992c916000
 GID: 00:00:00:00:00:00:00:00:00:00:255:255:10:01:00:01
 local address: LID 0000 QPN 0x1e10 PSN 0x66d8fb RKey 0x054400 VAddr 0x007f992c926000
 GID: 00:00:00:00:00:00:00:00:00:00:255:255:10:01:00:01
 local address: LID 0000 QPN 0x1e11 PSN 0x7c74cf RKey 0x054400 VAddr 0x007f992c936000
 GID: 00:00:00:00:00:00:00:00:00:00:255:255:10:01:00:01
 local address: LID 0000 QPN 0x1e12 PSN 0x29d8a0 RKey 0x054400 VAddr 0x007f992c946000
 GID: 00:00:00:00:00:00:00:00:00:00:255:255:10:01:00:01
 local address: LID 0000 QPN 0x1e13 PSN 0x3ce9d8 RKey 0x054400 VAddr 0x007f992c956000
 GID: 00:00:00:00:00:00:00:00:00:00:255:255:10:01:00:01
 local address: LID 0000 QPN 0x1e14 PSN 0xf530fe RKey 0x054400 VAddr 0x007f992c966000
 GID: 00:00:00:00:00:00:00:00:00:00:255:255:10:01:00:01
 local address: LID 0000 QPN 0x1e15 PSN 0x8d34aa RKey 0x054400 VAddr 0x007f992c976000
 GID: 00:00:00:00:00:00:00:00:00:00:255:255:10:01:00:01
 local address: LID 0000 QPN 0x1e16 PSN 0x4f57df RKey 0x054400 VAddr 0x007f992c986000
 GID: 00:00:00:00:00:00:00:00:00:00:255:255:10:01:00:01
 local address: LID 0000 QPN 0x1e17 PSN 0x5316b5 RKey 0x054400 VAddr 0x007f992c996000
 GID: 00:00:00:00:00:00:00:00:00:00:255:255:10:01:00:01
 local address: LID 0000 QPN 0x1e18 PSN 0x5997d3 RKey 0x054400 VAddr 0x007f992c9a6000
 GID: 00:00:00:00:00:00:00:00:00:00:255:255:10:01:00:01
 local address: LID 0000 QPN 0x1e19 PSN 0x4069e5 RKey 0x054400 VAddr 0x007f992c9b6000
 GID: 00:00:00:00:00:00:00:00:00:00:255:255:10:01:00:01
 local address: LID 0000 QPN 0x1e1a PSN 0x67f879 RKey 0x054400 VAddr 0x007f992c9c6000
 GID: 00:00:00:00:00:00:00:00:00:00:255:255:10:01:00:01
 local address: LID 0000 QPN 0x1e1b PSN 0xd0c5c3 RKey 0x054400 VAddr 0x007f992c9d6000
 GID: 00:00:00:00:00:00:00:00:00:00:255:255:10:01:00:01
 local address: LID 0000 QPN 0x1e1c PSN 0x986eb5 RKey 0x054400 VAddr 0x007f992c9e6000
 GID: 00:00:00:00:00:00:00:00:00:00:255:255:10:01:00:01
 local address: LID 0000 QPN 0x1e1d PSN 0xc37271 RKey 0x054400 VAddr 0x007f992c9f6000
 GID: 00:00:00:00:00:00:00:00:00:00:255:255:10:01:00:01
 local address: LID 0000 QPN 0x1e1e PSN 0xddb517 RKey 0x054400 VAddr 0x007f992ca06000
 GID: 00:00:00:00:00:00:00:00:00:00:255:255:10:01:00:01
 local address: LID 0000 QPN 0x1e1f PSN 0xcbbe68 RKey 0x054400 VAddr 0x007f992ca16000
 GID: 00:00:00:00:00:00:00:00:00:00:255:255:10:01:00:01
 local address: LID 0000 QPN 0x1e20 PSN 0x7bf049 RKey 0x054400 VAddr 0x007f992ca26000
 GID: 00:00:00:00:00:00:00:00:00:00:255:255:10:01:00:01
 local address: LID 0000 QPN 0x1e21 PSN 0x1bd721 RKey 0x054400 VAddr 0x007f992ca36000
 GID: 00:00:00:00:00:00:00:00:00:00:255:255:10:01:00:01
 local address: LID 0000 QPN 0x1e22 PSN 0x1ac025 RKey 0x054400 VAddr 0x007f992ca46000
 GID: 00:00:00:00:00:00:00:00:00:00:255:255:10:01:00:01
 local address: LID 0000 QPN 0x1e23 PSN 0xdc14cd RKey 0x054400 VAddr 0x007f992ca56000
 GID: 00:00:00:00:00:00:00:00:00:00:255:255:10:01:00:01
 local address: LID 0000 QPN 0x1e24 PSN 0xcebb74 RKey 0x054400 VAddr 0x007f992ca66000
 GID: 00:00:00:00:00:00:00:00:00:00:255:255:10:01:00:01
 local address: LID 0000 QPN 0x1e25 PSN 0xcc4678 RKey 0x054400 VAddr 0x007f992ca76000
 GID: 00:00:00:00:00:00:00:00:00:00:255:255:10:01:00:01
 local address: LID 0000 QPN 0x1e26 PSN 0xb8fb39 RKey 0x054400 VAddr 0x007f992ca86000
 GID: 00:00:00:00:00:00:00:00:00:00:255:255:10:01:00:01
 local address: LID 0000 QPN 0x1e27 PSN 0x533e04 RKey 0x054400 VAddr 0x007f992ca96000
 GID: 00:00:00:00:00:00:00:00:00:00:255:255:10:01:00:01
 local address: LID 0000 QPN 0x1e28 PSN 0x3df1d7 RKey 0x054400 VAddr 0x007f992caa6000
 GID: 00:00:00:00:00:00:00:00:00:00:255:255:10:01:00:01
 local address: LID 0000 QPN 0x1e29 PSN 0xf52a9d RKey 0x054400 VAddr 0x007f992cab6000
 GID: 00:00:00:00:00:00:00:00:00:00:255:255:10:01:00:01
 local address: LID 0000 QPN 0x1e2a PSN 0x313b1e RKey 0x054400 VAddr 0x007f992cac6000
 GID: 00:00:00:00:00:00:00:00:00:00:255:255:10:01:00:01
 local address: LID 0000 QPN 0x1e2b PSN 0x350446 RKey 0x054400 VAddr 0x007f992cad6000
 GID: 00:00:00:00:00:00:00:00:00:00:255:255:10:01:00:01
 local address: LID 0000 QPN 0x1e2c PSN 0xa483e8 RKey 0x054400 VAddr 0x007f992cae6000
 GID: 00:00:00:00:00:00:00:00:00:00:255:255:10:01:00:01
 local address: LID 0000 QPN 0x1e2d PSN 0xbb6c6b RKey 0x054400 VAddr 0x007f992caf6000
 GID: 00:00:00:00:00:00:00:00:00:00:255:255:10:01:00:01
 local address: LID 0000 QPN 0x1e2e PSN 0x76827d RKey 0x054400 VAddr 0x007f992cb06000
 GID: 00:00:00:00:00:00:00:00:00:00:255:255:10:01:00:01
 local address: LID 0000 QPN 0x1e2f PSN 0xbc3d55 RKey 0x054400 VAddr 0x007f992cb16000
 GID: 00:00:00:00:00:00:00:00:00:00:255:255:10:01:00:01
 local address: LID 0000 QPN 0x1e30 PSN 0xc0e4ae RKey 0x054400 VAddr 0x007f992cb26000
 GID: 00:00:00:00:00:00:00:00:00:00:255:255:10:01:00:01
 local address: LID 0000 QPN 0x1e31 PSN 0x9715a5 RKey 0x054400 VAddr 0x007f992cb36000
 GID: 00:00:00:00:00:00:00:00:00:00:255:255:10:01:00:01
 local address: LID 0000 QPN 0x1e32 PSN 0x41fd27 RKey 0x054400 VAddr 0x007f992cb46000
 GID: 00:00:00:00:00:00:00:00:00:00:255:255:10:01:00:01
 local address: LID 0000 QPN 0x1e33 PSN 0xb14500 RKey 0x054400 VAddr 0x007f992cb56000
 GID: 00:00:00:00:00:00:00:00:00:00:255:255:10:01:00:01
 local address: LID 0000 QPN 0x1e34 PSN 0xefff19 RKey 0x054400 VAddr 0x007f992cb66000
 GID: 00:00:00:00:00:00:00:00:00:00:255:255:10:01:00:01
 local address: LID 0000 QPN 0x1e35 PSN 0x54a447 RKey 0x054400 VAddr 0x007f992cb76000
 GID: 00:00:00:00:00:00:00:00:00:00:255:255:10:01:00:01
 local address: LID 0000 QPN 0x1e36 PSN 0x172601 RKey 0x054400 VAddr 0x007f992cb86000
 GID: 00:00:00:00:00:00:00:00:00:00:255:255:10:01:00:01
 local address: LID 0000 QPN 0x1e37 PSN 0xf65dc5 RKey 0x054400 VAddr 0x007f992cb96000
 GID: 00:00:00:00:00:00:00:00:00:00:255:255:10:01:00:01
 local address: LID 0000 QPN 0x1e38 PSN 0x1be6fb RKey 0x054400 VAddr 0x007f992cba6000
 GID: 00:00:00:00:00:00:00:00:00:00:255:255:10:01:00:01
 local address: LID 0000 QPN 0x1e39 PSN 0x2f00f7 RKey 0x054400 VAddr 0x007f992cbb6000
 GID: 00:00:00:00:00:00:00:00:00:00:255:255:10:01:00:01
 local address: LID 0000 QPN 0x1e3a PSN 0xd4218d RKey 0x054400 VAddr 0x007f992cbc6000
 GID: 00:00:00:00:00:00:00:00:00:00:255:255:10:01:00:01
 local address: LID 0000 QPN 0x1e3b PSN 0x8e3990 RKey 0x054400 VAddr 0x007f992cbd6000
 GID: 00:00:00:00:00:00:00:00:00:00:255:255:10:01:00:01
 local address: LID 0000 QPN 0x1e3c PSN 0x3a5fa7 RKey 0x054400 VAddr 0x007f992cbe6000
 GID: 00:00:00:00:00:00:00:00:00:00:255:255:10:01:00:01
 local address: LID 0000 QPN 0x1e3d PSN 0x952a9a RKey 0x054400 VAddr 0x007f992cbf6000
 GID: 00:00:00:00:00:00:00:00:00:00:255:255:10:01:00:01
 local address: LID 0000 QPN 0x1e3e PSN 0x98f711 RKey 0x054400 VAddr 0x007f992cc06000
 GID: 00:00:00:00:00:00:00:00:00:00:255:255:10:01:00:01
 local address: LID 0000 QPN 0x1e3f PSN 0x230ca2 RKey 0x054400 VAddr 0x007f992cc16000
 GID: 00:00:00:00:00:00:00:00:00:00:255:255:10:01:00:01
 local address: LID 0000 QPN 0x1e40 PSN 0x1ef225 RKey 0x054400 VAddr 0x007f992cc26000
 GID: 00:00:00:00:00:00:00:00:00:00:255:255:10:01:00:01
 local address: LID 0000 QPN 0x1e41 PSN 0xdc903 RKey 0x054400 VAddr 0x007f992cc36000
 GID: 00:00:00:00:00:00:00:00:00:00:255:255:10:01:00:01
 local address: LID 0000 QPN 0x1e42 PSN 0x90f266 RKey 0x054400 VAddr 0x007f992cc46000
 GID: 00:00:00:00:00:00:00:00:00:00:255:255:10:01:00:01
 local address: LID 0000 QPN 0x1e43 PSN 0xd8ac8d RKey 0x054400 VAddr 0x007f992cc56000
 GID: 00:00:00:00:00:00:00:00:00:00:255:255:10:01:00:01
 local address: LID 0000 QPN 0x1e44 PSN 0xa5ed0e RKey 0x054400 VAddr 0x007f992cc66000
 GID: 00:00:00:00:00:00:00:00:00:00:255:255:10:01:00:01
 local address: LID 0000 QPN 0x1e45 PSN 0x5bf8c7 RKey 0x054400 VAddr 0x007f992cc76000
 GID: 00:00:00:00:00:00:00:00:00:00:255:255:10:01:00:01
 remote address: LID 0000 QPN 0x1a41 PSN 0xac62e RKey 0x054400 VAddr 0x007f3cb282f000
 GID: 00:00:00:00:00:00:00:00:00:00:255:255:10:01:00:02
 remote address: LID 0000 QPN 0x1a42 PSN 0xd31f80 RKey 0x054400 VAddr 0x007f3cb283f000
 GID: 00:00:00:00:00:00:00:00:00:00:255:255:10:01:00:02
 remote address: LID 0000 QPN 0x1a43 PSN 0xa2eaca RKey 0x054400 VAddr 0x007f3cb284f000
 GID: 00:00:00:00:00:00:00:00:00:00:255:255:10:01:00:02
 remote address: LID 0000 QPN 0x1a44 PSN 0xae1351 RKey 0x054400 VAddr 0x007f3cb285f000
 GID: 00:00:00:00:00:00:00:00:00:00:255:255:10:01:00:02
 remote address: LID 0000 QPN 0x1a45 PSN 0x96b590 RKey 0x054400 VAddr 0x007f3cb286f000
 GID: 00:00:00:00:00:00:00:00:00:00:255:255:10:01:00:02
 remote address: LID 0000 QPN 0x1a46 PSN 0xa303b2 RKey 0x054400 VAddr 0x007f3cb287f000
 GID: 00:00:00:00:00:00:00:00:00:00:255:255:10:01:00:02
 remote address: LID 0000 QPN 0x1a47 PSN 0xbc4029 RKey 0x054400 VAddr 0x007f3cb288f000
 GID: 00:00:00:00:00:00:00:00:00:00:255:255:10:01:00:02
 remote address: LID 0000 QPN 0x1a48 PSN 0x5d636e RKey 0x054400 VAddr 0x007f3cb289f000
 GID: 00:00:00:00:00:00:00:00:00:00:255:255:10:01:00:02
 remote address: LID 0000 QPN 0x1a49 PSN 0x4f037a RKey 0x054400 VAddr 0x007f3cb28af000
 GID: 00:00:00:00:00:00:00:00:00:00:255:255:10:01:00:02
 remote address: LID 0000 QPN 0x1a4a PSN 0x29474 RKey 0x054400 VAddr 0x007f3cb28bf000
 GID: 00:00:00:00:00:00:00:00:00:00:255:255:10:01:00:02
 remote address: LID 0000 QPN 0x1a4b PSN 0x7aa308 RKey 0x054400 VAddr 0x007f3cb28cf000
 GID: 00:00:00:00:00:00:00:00:00:00:255:255:10:01:00:02
 remote address: LID 0000 QPN 0x1a4c PSN 0x4b5afb RKey 0x054400 VAddr 0x007f3cb28df000
 GID: 00:00:00:00:00:00:00:00:00:00:255:255:10:01:00:02
 remote address: LID 0000 QPN 0x1a4d PSN 0x402ccb RKey 0x054400 VAddr 0x007f3cb28ef000
 GID: 00:00:00:00:00:00:00:00:00:00:255:255:10:01:00:02
 remote address: LID 0000 QPN 0x1a4e PSN 0x15e1c RKey 0x054400 VAddr 0x007f3cb28ff000
 GID: 00:00:00:00:00:00:00:00:00:00:255:255:10:01:00:02
 remote address: LID 0000 QPN 0x1a4f PSN 0x71beaa RKey 0x054400 VAddr 0x007f3cb290f000
 GID: 00:00:00:00:00:00:00:00:00:00:255:255:10:01:00:02
 remote address: LID 0000 QPN 0x1a50 PSN 0xbcba26 RKey 0x054400 VAddr 0x007f3cb291f000
 GID: 00:00:00:00:00:00:00:00:00:00:255:255:10:01:00:02
 remote address: LID 0000 QPN 0x1a51 PSN 0xc5e143 RKey 0x054400 VAddr 0x007f3cb292f000
 GID: 00:00:00:00:00:00:00:00:00:00:255:255:10:01:00:02
 remote address: LID 0000 QPN 0x1a52 PSN 0xcab341 RKey 0x054400 VAddr 0x007f3cb293f000
 GID: 00:00:00:00:00:00:00:00:00:00:255:255:10:01:00:02
 remote address: LID 0000 QPN 0x1a53 PSN 0x29f788 RKey 0x054400 VAddr 0x007f3cb294f000
 GID: 00:00:00:00:00:00:00:00:00:00:255:255:10:01:00:02
 remote address: LID 0000 QPN 0x1a54 PSN 0xe4fdd5 RKey 0x054400 VAddr 0x007f3cb295f000
 GID: 00:00:00:00:00:00:00:00:00:00:255:255:10:01:00:02
 remote address: LID 0000 QPN 0x1a55 PSN 0xb3cb12 RKey 0x054400 VAddr 0x007f3cb296f000
 GID: 00:00:00:00:00:00:00:00:00:00:255:255:10:01:00:02
 remote address: LID 0000 QPN 0x1a56 PSN 0x809e79 RKey 0x054400 VAddr 0x007f3cb297f000
 GID: 00:00:00:00:00:00:00:00:00:00:255:255:10:01:00:02
 remote address: LID 0000 QPN 0x1a57 PSN 0x65a6e9 RKey 0x054400 VAddr 0x007f3cb298f000
 GID: 00:00:00:00:00:00:00:00:00:00:255:255:10:01:00:02
 remote address: LID 0000 QPN 0x1a58 PSN 0xe51c3d RKey 0x054400 VAddr 0x007f3cb299f000
 GID: 00:00:00:00:00:00:00:00:00:00:255:255:10:01:00:02
 remote address: LID 0000 QPN 0x1a59 PSN 0xcf04fa RKey 0x054400 VAddr 0x007f3cb29af000
 GID: 00:00:00:00:00:00:00:00:00:00:255:255:10:01:00:02
 remote address: LID 0000 QPN 0x1a5a PSN 0xd4ee3d RKey 0x054400 VAddr 0x007f3cb29bf000
 GID: 00:00:00:00:00:00:00:00:00:00:255:255:10:01:00:02
 remote address: LID 0000 QPN 0x1a5b PSN 0x50361a RKey 0x054400 VAddr 0x007f3cb29cf000
 GID: 00:00:00:00:00:00:00:00:00:00:255:255:10:01:00:02
 remote address: LID 0000 QPN 0x1a5c PSN 0xc83894 RKey 0x054400 VAddr 0x007f3cb29df000
 GID: 00:00:00:00:00:00:00:00:00:00:255:255:10:01:00:02
 remote address: LID 0000 QPN 0x1a5d PSN 0xf08923 RKey 0x054400 VAddr 0x007f3cb29ef000
 GID: 00:00:00:00:00:00:00:00:00:00:255:255:10:01:00:02
 remote address: LID 0000 QPN 0x1a5e PSN 0x73dce9 RKey 0x054400 VAddr 0x007f3cb29ff000
 GID: 00:00:00:00:00:00:00:00:00:00:255:255:10:01:00:02
 remote address: LID 0000 QPN 0x1a5f PSN 0xb1734b RKey 0x054400 VAddr 0x007f3cb2a0f000
 GID: 00:00:00:00:00:00:00:00:00:00:255:255:10:01:00:02
 remote address: LID 0000 QPN 0x1a60 PSN 0x929fde RKey 0x054400 VAddr 0x007f3cb2a1f000
 GID: 00:00:00:00:00:00:00:00:00:00:255:255:10:01:00:02
 remote address: LID 0000 QPN 0x1a61 PSN 0x23827b RKey 0x054400 VAddr 0x007f3cb2a2f000
 GID: 00:00:00:00:00:00:00:00:00:00:255:255:10:01:00:02
 remote address: LID 0000 QPN 0x1a62 PSN 0xc9f6e0 RKey 0x054400 VAddr 0x007f3cb2a3f000
 GID: 00:00:00:00:00:00:00:00:00:00:255:255:10:01:00:02
 remote address: LID 0000 QPN 0x1a63 PSN 0x4b1a06 RKey 0x054400 VAddr 0x007f3cb2a4f000
 GID: 00:00:00:00:00:00:00:00:00:00:255:255:10:01:00:02
 remote address: LID 0000 QPN 0x1a64 PSN 0x2a80e4 RKey 0x054400 VAddr 0x007f3cb2a5f000
 GID: 00:00:00:00:00:00:00:00:00:00:255:255:10:01:00:02
 remote address: LID 0000 QPN 0x1a65 PSN 0x170ac7 RKey 0x054400 VAddr 0x007f3cb2a6f000
 GID: 00:00:00:00:00:00:00:00:00:00:255:255:10:01:00:02
 remote address: LID 0000 QPN 0x1a66 PSN 0x6700cd RKey 0x054400 VAddr 0x007f3cb2a7f000
 GID: 00:00:00:00:00:00:00:00:00:00:255:255:10:01:00:02
 remote address: LID 0000 QPN 0x1a67 PSN 0xac294c RKey 0x054400 VAddr 0x007f3cb2a8f000
 GID: 00:00:00:00:00:00:00:00:00:00:255:255:10:01:00:02
 remote address: LID 0000 QPN 0x1a68 PSN 0xa6f144 RKey 0x054400 VAddr 0x007f3cb2a9f000
 GID: 00:00:00:00:00:00:00:00:00:00:255:255:10:01:00:02
 remote address: LID 0000 QPN 0x1a69 PSN 0xe97f4b RKey 0x054400 VAddr 0x007f3cb2aaf000
 GID: 00:00:00:00:00:00:00:00:00:00:255:255:10:01:00:02
 remote address: LID 0000 QPN 0x1a6a PSN 0x59c004 RKey 0x054400 VAddr 0x007f3cb2abf000
 GID: 00:00:00:00:00:00:00:00:00:00:255:255:10:01:00:02
 remote address: LID 0000 QPN 0x1a6b PSN 0xa5414e RKey 0x054400 VAddr 0x007f3cb2acf000
 GID: 00:00:00:00:00:00:00:00:00:00:255:255:10:01:00:02
 remote address: LID 0000 QPN 0x1a6c PSN 0x88f1a1 RKey 0x054400 VAddr 0x007f3cb2adf000
 GID: 00:00:00:00:00:00:00:00:00:00:255:255:10:01:00:02
 remote address: LID 0000 QPN 0x1a6d PSN 0x4c3612 RKey 0x054400 VAddr 0x007f3cb2aef000
 GID: 00:00:00:00:00:00:00:00:00:00:255:255:10:01:00:02
 remote address: LID 0000 QPN 0x1a6e PSN 0x7ca706 RKey 0x054400 VAddr 0x007f3cb2aff000
 GID: 00:00:00:00:00:00:00:00:00:00:255:255:10:01:00:02
 remote address: LID 0000 QPN 0x1a6f PSN 0xc2e2c5 RKey 0x054400 VAddr 0x007f3cb2b0f000
 GID: 00:00:00:00:00:00:00:00:00:00:255:255:10:01:00:02
 remote address: LID 0000 QPN 0x1a70 PSN 0xab42fa RKey 0x054400 VAddr 0x007f3cb2b1f000
 GID: 00:00:00:00:00:00:00:00:00:00:255:255:10:01:00:02
 remote address: LID 0000 QPN 0x1a71 PSN 0xe0fddb RKey 0x054400 VAddr 0x007f3cb2b2f000
 GID: 00:00:00:00:00:00:00:00:00:00:255:255:10:01:00:02
 remote address: LID 0000 QPN 0x1a72 PSN 0xe98823 RKey 0x054400 VAddr 0x007f3cb2b3f000
 GID: 00:00:00:00:00:00:00:00:00:00:255:255:10:01:00:02
 remote address: LID 0000 QPN 0x1a73 PSN 0x6609ee RKey 0x054400 VAddr 0x007f3cb2b4f000
 GID: 00:00:00:00:00:00:00:00:00:00:255:255:10:01:00:02
 remote address: LID 0000 QPN 0x1a74 PSN 0x70ff19 RKey 0x054400 VAddr 0x007f3cb2b5f000
 GID: 00:00:00:00:00:00:00:00:00:00:255:255:10:01:00:02
 remote address: LID 0000 QPN 0x1a75 PSN 0x1f72a0 RKey 0x054400 VAddr 0x007f3cb2b6f000
 GID: 00:00:00:00:00:00:00:00:00:00:255:255:10:01:00:02
 remote address: LID 0000 QPN 0x1a76 PSN 0xca903a RKey 0x054400 VAddr 0x007f3cb2b7f000
 GID: 00:00:00:00:00:00:00:00:00:00:255:255:10:01:00:02
 remote address: LID 0000 QPN 0x1a77 PSN 0xe13f26 RKey 0x054400 VAddr 0x007f3cb2b8f000
 GID: 00:00:00:00:00:00:00:00:00:00:255:255:10:01:00:02
 remote address: LID 0000 QPN 0x1a78 PSN 0x80622 RKey 0x054400 VAddr 0x007f3cb2b9f000
 GID: 00:00:00:00:00:00:00:00:00:00:255:255:10:01:00:02
 remote address: LID 0000 QPN 0x1a79 PSN 0xa6d0c4 RKey 0x054400 VAddr 0x007f3cb2baf000
 GID: 00:00:00:00:00:00:00:00:00:00:255:255:10:01:00:02
 remote address: LID 0000 QPN 0x1a7a PSN 0xa0eb9c RKey 0x054400 VAddr 0x007f3cb2bbf000
 GID: 00:00:00:00:00:00:00:00:00:00:255:255:10:01:00:02
 remote address: LID 0000 QPN 0x1a7b PSN 0x7d71d RKey 0x054400 VAddr 0x007f3cb2bcf000
 GID: 00:00:00:00:00:00:00:00:00:00:255:255:10:01:00:02
 remote address: LID 0000 QPN 0x1a7c PSN 0x93734b RKey 0x054400 VAddr 0x007f3cb2bdf000
 GID: 00:00:00:00:00:00:00:00:00:00:255:255:10:01:00:02
 remote address: LID 0000 QPN 0x1a7d PSN 0x4190d8 RKey 0x054400 VAddr 0x007f3cb2bef000
 GID: 00:00:00:00:00:00:00:00:00:00:255:255:10:01:00:02
 remote address: LID 0000 QPN 0x1a7e PSN 0xfd970f RKey 0x054400 VAddr 0x007f3cb2bff000
 GID: 00:00:00:00:00:00:00:00:00:00:255:255:10:01:00:02
 remote address: LID 0000 QPN 0x1a7f PSN 0x7ebcba RKey 0x054400 VAddr 0x007f3cb2c0f000
 GID: 00:00:00:00:00:00:00:00:00:00:255:255:10:01:00:02
 remote address: LID 0000 QPN 0x1a80 PSN 0xe36aaa RKey 0x054400 VAddr 0x007f3cb2c1f000
 GID: 00:00:00:00:00:00:00:00:00:00:255:255:10:01:00:02
 remote address: LID 0000 QPN 0x1a81 PSN 0xaab60a RKey 0x054400 VAddr 0x007f3cb2c2f000
 GID: 00:00:00:00:00:00:00:00:00:00:255:255:10:01:00:02
 remote address: LID 0000 QPN 0x1a82 PSN 0xaefeee RKey 0x054400 VAddr 0x007f3cb2c3f000
 GID: 00:00:00:00:00:00:00:00:00:00:255:255:10:01:00:02
 remote address: LID 0000 QPN 0x1a83 PSN 0x79be8b RKey 0x054400 VAddr 0x007f3cb2c4f000
 GID: 00:00:00:00:00:00:00:00:00:00:255:255:10:01:00:02
 remote address: LID 0000 QPN 0x1a84 PSN 0x22b229 RKey 0x054400 VAddr 0x007f3cb2c5f000
 GID: 00:00:00:00:00:00:00:00:00:00:255:255:10:01:00:02
 remote address: LID 0000 QPN 0x1a85 PSN 0xf9592a RKey 0x054400 VAddr 0x007f3cb2c6f000
 GID: 00:00:00:00:00:00:00:00:00:00:255:255:10:01:00:02
 remote address: LID 0000 QPN 0x1a86 PSN 0xae2e6e RKey 0x054400 VAddr 0x007f3cb2c7f000
 GID: 00:00:00:00:00:00:00:00:00:00:255:255:10:01:00:02
 remote address: LID 0000 QPN 0x1a87 PSN 0x5f9e7 RKey 0x054400 VAddr 0x007f3cb2c8f000
 GID: 00:00:00:00:00:00:00:00:00:00:255:255:10:01:00:02
 remote address: LID 0000 QPN 0x1a88 PSN 0xb7a797 RKey 0x054400 VAddr 0x007f3cb2c9f000
 GID: 00:00:00:00:00:00:00:00:00:00:255:255:10:01:00:02
 remote address: LID 0000 QPN 0x1a89 PSN 0x159a5a RKey 0x054400 VAddr 0x007f3cb2caf000
 GID: 00:00:00:00:00:00:00:00:00:00:255:255:10:01:00:02
 remote address: LID 0000 QPN 0x1a8a PSN 0xc070fb RKey 0x054400 VAddr 0x007f3cb2cbf000
 GID: 00:00:00:00:00:00:00:00:00:00:255:255:10:01:00:02
 remote address: LID 0000 QPN 0x1a8b PSN 0x319da3 RKey 0x054400 VAddr 0x007f3cb2ccf000
 GID: 00:00:00:00:00:00:00:00:00:00:255:255:10:01:00:02
 remote address: LID 0000 QPN 0x1a8c PSN 0x9d45d9 RKey 0x054400 VAddr 0x007f3cb2cdf000
 GID: 00:00:00:00:00:00:00:00:00:00:255:255:10:01:00:02
 remote address: LID 0000 QPN 0x1a8d PSN 0x62c352 RKey 0x054400 VAddr 0x007f3cb2cef000
 GID: 00:00:00:00:00:00:00:00:00:00:255:255:10:01:00:02
 remote address: LID 0000 QPN 0x1a8e PSN 0xee67c1 RKey 0x054400 VAddr 0x007f3cb2cff000
 GID: 00:00:00:00:00:00:00:00:00:00:255:255:10:01:00:02
 remote address: LID 0000 QPN 0x1a8f PSN 0xeade6d RKey 0x054400 VAddr 0x007f3cb2d0f000
 GID: 00:00:00:00:00:00:00:00:00:00:255:255:10:01:00:02
 remote address: LID 0000 QPN 0x1a90 PSN 0xd20b3e RKey 0x054400 VAddr 0x007f3cb2d1f000
 GID: 00:00:00:00:00:00:00:00:00:00:255:255:10:01:00:02
 remote address: LID 0000 QPN 0x1a91 PSN 0x7d044d RKey 0x054400 VAddr 0x007f3cb2d2f000
 GID: 00:00:00:00:00:00:00:00:00:00:255:255:10:01:00:02
 remote address: LID 0000 QPN 0x1a92 PSN 0xbfb546 RKey 0x054400 VAddr 0x007f3cb2d3f000
 GID: 00:00:00:00:00:00:00:00:00:00:255:255:10:01:00:02
 remote address: LID 0000 QPN 0x1a93 PSN 0xf396c8 RKey 0x054400 VAddr 0x007f3cb2d4f000
 GID: 00:00:00:00:00:00:00:00:00:00:255:255:10:01:00:02
 remote address: LID 0000 QPN 0x1a94 PSN 0x45b2f0 RKey 0x054400 VAddr 0x007f3cb2d5f000
 GID: 00:00:00:00:00:00:00:00:00:00:255:255:10:01:00:02
 remote address: LID 0000 QPN 0x1a95 PSN 0x25d594 RKey 0x054400 VAddr 0x007f3cb2d6f000
 GID: 00:00:00:00:00:00:00:00:00:00:255:255:10:01:00:02
 remote address: LID 0000 QPN 0x1a96 PSN 0xba8134 RKey 0x054400 VAddr 0x007f3cb2d7f000
 GID: 00:00:00:00:00:00:00:00:00:00:255:255:10:01:00:02
 remote address: LID 0000 QPN 0x1a97 PSN 0x64aca4 RKey 0x054400 VAddr 0x007f3cb2d8f000
 GID: 00:00:00:00:00:00:00:00:00:00:255:255:10:01:00:02
 remote address: LID 0000 QPN 0x1a98 PSN 0xbd385 RKey 0x054400 VAddr 0x007f3cb2d9f000
 GID: 00:00:00:00:00:00:00:00:00:00:255:255:10:01:00:02
 remote address: LID 0000 QPN 0x1a99 PSN 0xe0a7a5 RKey 0x054400 VAddr 0x007f3cb2daf000
 GID: 00:00:00:00:00:00:00:00:00:00:255:255:10:01:00:02
 remote address: LID 0000 QPN 0x1a9a PSN 0x183635 RKey 0x054400 VAddr 0x007f3cb2dbf000
 GID: 00:00:00:00:00:00:00:00:00:00:255:255:10:01:00:02
 remote address: LID 0000 QPN 0x1a9b PSN 0x93f699 RKey 0x054400 VAddr 0x007f3cb2dcf000
 GID: 00:00:00:00:00:00:00:00:00:00:255:255:10:01:00:02
 remote address: LID 0000 QPN 0x1a9c PSN 0xa894b5 RKey 0x054400 VAddr 0x007f3cb2ddf000
 GID: 00:00:00:00:00:00:00:00:00:00:255:255:10:01:00:02
 remote address: LID 0000 QPN 0x1a9d PSN 0xf22c00 RKey 0x054400 VAddr 0x007f3cb2def000
 GID: 00:00:00:00:00:00:00:00:00:00:255:255:10:01:00:02
 remote address: LID 0000 QPN 0x1a9e PSN 0x14fbf7 RKey 0x054400 VAddr 0x007f3cb2dff000
 GID: 00:00:00:00:00:00:00:00:00:00:255:255:10:01:00:02
 remote address: LID 0000 QPN 0x1a9f PSN 0x60fac0 RKey 0x054400 VAddr 0x007f3cb2e0f000
 GID: 00:00:00:00:00:00:00:00:00:00:255:255:10:01:00:02
 remote address: LID 0000 QPN 0x1aa0 PSN 0x2dce27 RKey 0x054400 VAddr 0x007f3cb2e1f000
 GID: 00:00:00:00:00:00:00:00:00:00:255:255:10:01:00:02
 remote address: LID 0000 QPN 0x1aa1 PSN 0xf208d RKey 0x054400 VAddr 0x007f3cb2e2f000
 GID: 00:00:00:00:00:00:00:00:00:00:255:255:10:01:00:02
 remote address: LID 0000 QPN 0x1aa2 PSN 0xd58f4f RKey 0x054400 VAddr 0x007f3cb2e3f000
 GID: 00:00:00:00:00:00:00:00:00:00:255:255:10:01:00:02
 remote address: LID 0000 QPN 0x1aa3 PSN 0x98812e RKey 0x054400 VAddr 0x007f3cb2e4f000
 GID: 00:00:00:00:00:00:00:00:00:00:255:255:10:01:00:02
 remote address: LID 0000 QPN 0x1aa4 PSN 0xb20164 RKey 0x054400 VAddr 0x007f3cb2e5f000
 GID: 00:00:00:00:00:00:00:00:00:00:255:255:10:01:00:02
 remote address: LID 0000 QPN 0x1aa5 PSN 0xac27ad RKey 0x054400 VAddr 0x007f3cb2e6f000
 GID: 00:00:00:00:00:00:00:00:00:00:255:255:10:01:00:02
 remote address: LID 0000 QPN 0x1aa6 PSN 0xb73a79 RKey 0x054400 VAddr 0x007f3cb2e7f000
 GID: 00:00:00:00:00:00:00:00:00:00:255:255:10:01:00:02
 remote address: LID 0000 QPN 0x1aa7 PSN 0xe4940e RKey 0x054400 VAddr 0x007f3cb2e8f000
 GID: 00:00:00:00:00:00:00:00:00:00:255:255:10:01:00:02
 remote address: LID 0000 QPN 0x1aa8 PSN 0x8fc0ed RKey 0x054400 VAddr 0x007f3cb2e9f000
 GID: 00:00:00:00:00:00:00:00:00:00:255:255:10:01:00:02
 remote address: LID 0000 QPN 0x1aa9 PSN 0x2ed6db RKey 0x054400 VAddr 0x007f3cb2eaf000
 GID: 00:00:00:00:00:00:00:00:00:00:255:255:10:01:00:02
 remote address: LID 0000 QPN 0x1aaa PSN 0x17cf7d RKey 0x054400 VAddr 0x007f3cb2ebf000
 GID: 00:00:00:00:00:00:00:00:00:00:255:255:10:01:00:02
 remote address: LID 0000 QPN 0x1aab PSN 0x3e275a RKey 0x054400 VAddr 0x007f3cb2ecf000
 GID: 00:00:00:00:00:00:00:00:00:00:255:255:10:01:00:02
 remote address: LID 0000 QPN 0x1aac PSN 0xf33667 RKey 0x054400 VAddr 0x007f3cb2edf000
 GID: 00:00:00:00:00:00:00:00:00:00:255:255:10:01:00:02
 remote address: LID 0000 QPN 0x1aad PSN 0xd8c5ff RKey 0x054400 VAddr 0x007f3cb2eef000
 GID: 00:00:00:00:00:00:00:00:00:00:255:255:10:01:00:02
 remote address: LID 0000 QPN 0x1aae PSN 0x5fa6ae RKey 0x054400 VAddr 0x007f3cb2eff000
 GID: 00:00:00:00:00:00:00:00:00:00:255:255:10:01:00:02
 remote address: LID 0000 QPN 0x1aaf PSN 0xaf4236 RKey 0x054400 VAddr 0x007f3cb2f0f000
 GID: 00:00:00:00:00:00:00:00:00:00:255:255:10:01:00:02
 remote address: LID 0000 QPN 0x1ab0 PSN 0xa499f4 RKey 0x054400 VAddr 0x007f3cb2f1f000
 GID: 00:00:00:00:00:00:00:00:00:00:255:255:10:01:00:02
 remote address: LID 0000 QPN 0x1ab1 PSN 0xc8094f RKey 0x054400 VAddr 0x007f3cb2f2f000
 GID: 00:00:00:00:00:00:00:00:00:00:255:255:10:01:00:02
 remote address: LID 0000 QPN 0x1ab2 PSN 0x75c34d RKey 0x054400 VAddr 0x007f3cb2f3f000
 GID: 00:00:00:00:00:00:00:00:00:00:255:255:10:01:00:02
 remote address: LID 0000 QPN 0x1ab3 PSN 0x823e9 RKey 0x054400 VAddr 0x007f3cb2f4f000
 GID: 00:00:00:00:00:00:00:00:00:00:255:255:10:01:00:02
 remote address: LID 0000 QPN 0x1ab4 PSN 0xd98c9e RKey 0x054400 VAddr 0x007f3cb2f5f000
 GID: 00:00:00:00:00:00:00:00:00:00:255:255:10:01:00:02
 remote address: LID 0000 QPN 0x1ab5 PSN 0x751fe2 RKey 0x054400 VAddr 0x007f3cb2f6f000
 GID: 00:00:00:00:00:00:00:00:00:00:255:255:10:01:00:02
 remote address: LID 0000 QPN 0x1ab6 PSN 0xe6604a RKey 0x054400 VAddr 0x007f3cb2f7f000
 GID: 00:00:00:00:00:00:00:00:00:00:255:255:10:01:00:02
 remote address: LID 0000 QPN 0x1ab7 PSN 0x977e78 RKey 0x054400 VAddr 0x007f3cb2f8f000
 GID: 00:00:00:00:00:00:00:00:00:00:255:255:10:01:00:02
 remote address: LID 0000 QPN 0x1ab8 PSN 0x4467ed RKey 0x054400 VAddr 0x007f3cb2f9f000
 GID: 00:00:00:00:00:00:00:00:00:00:255:255:10:01:00:02
 remote address: LID 0000 QPN 0x1ab9 PSN 0x4d00d3 RKey 0x054400 VAddr 0x007f3cb2faf000
 GID: 00:00:00:00:00:00:00:00:00:00:255:255:10:01:00:02
 remote address: LID 0000 QPN 0x1aba PSN 0x6472a RKey 0x054400 VAddr 0x007f3cb2fbf000
 GID: 00:00:00:00:00:00:00:00:00:00:255:255:10:01:00:02
 remote address: LID 0000 QPN 0x1abb PSN 0x9d80e1 RKey 0x054400 VAddr 0x007f3cb2fcf000
 GID: 00:00:00:00:00:00:00:00:00:00:255:255:10:01:00:02
 remote address: LID 0000 QPN 0x1abc PSN 0xb7b498 RKey 0x054400 VAddr 0x007f3cb2fdf000
 GID: 00:00:00:00:00:00:00:00:00:00:255:255:10:01:00:02
 remote address: LID 0000 QPN 0x1abd PSN 0x6910e RKey 0x054400 VAddr 0x007f3cb2fef000
 GID: 00:00:00:00:00:00:00:00:00:00:255:255:10:01:00:02
 remote address: LID 0000 QPN 0x1abe PSN 0x617304 RKey 0x054400 VAddr 0x007f3cb2fff000
 GID: 00:00:00:00:00:00:00:00:00:00:255:255:10:01:00:02
 remote address: LID 0000 QPN 0x1abf PSN 0xb30af1 RKey 0x054400 VAddr 0x007f3cb300f000
 GID: 00:00:00:00:00:00:00:00:00:00:255:255:10:01:00:02
 remote address: LID 0000 QPN 0x1ac0 PSN 0xa51a58 RKey 0x054400 VAddr 0x007f3cb301f000
 GID: 00:00:00:00:00:00:00:00:00:00:255:255:10:01:00:02
 remote address: LID 0000 QPN 0x1ac1 PSN 0xbd6bba RKey 0x054400 VAddr 0x007f3cb302f000
 GID: 00:00:00:00:00:00:00:00:00:00:255:255:10:01:00:02
 remote address: LID 0000 QPN 0x1ac2 PSN 0xe9a1a5 RKey 0x054400 VAddr 0x007f3cb303f000
 GID: 00:00:00:00:00:00:00:00:00:00:255:255:10:01:00:02
 remote address: LID 0000 QPN 0x1ac3 PSN 0x5a04c2 RKey 0x054400 VAddr 0x007f3cb304f000
 GID: 00:00:00:00:00:00:00:00:00:00:255:255:10:01:00:02
 remote address: LID 0000 QPN 0x1ac4 PSN 0xa23ad7 RKey 0x054400 VAddr 0x007f3cb305f000
 GID: 00:00:00:00:00:00:00:00:00:00:255:255:10:01:00:02
 remote address: LID 0000 QPN 0x1ac5 PSN 0x508743 RKey 0x054400 VAddr 0x007f3cb306f000
 GID: 00:00:00:00:00:00:00:00:00:00:255:255:10:01:00:02
 remote address: LID 0000 QPN 0x1ac6 PSN 0xc194d3 RKey 0x054400 VAddr 0x007f3cb307f000
 GID: 00:00:00:00:00:00:00:00:00:00:255:255:10:01:00:02
 remote address: LID 0000 QPN 0x1ac7 PSN 0x173d5 RKey 0x054400 VAddr 0x007f3cb308f000
 GID: 00:00:00:00:00:00:00:00:00:00:255:255:10:01:00:02
 remote address: LID 0000 QPN 0x1ac8 PSN 0x1309c8 RKey 0x054400 VAddr 0x007f3cb309f000
 GID: 00:00:00:00:00:00:00:00:00:00:255:255:10:01:00:02
 remote address: LID 0000 QPN 0x1ac9 PSN 0xa1e102 RKey 0x054400 VAddr 0x007f3cb30af000
 GID: 00:00:00:00:00:00:00:00:00:00:255:255:10:01:00:02
 remote address: LID 0000 QPN 0x1aca PSN 0x4be5af RKey 0x054400 VAddr 0x007f3cb30bf000
 GID: 00:00:00:00:00:00:00:00:00:00:255:255:10:01:00:02
 remote address: LID 0000 QPN 0x1acb PSN 0x9787c8 RKey 0x054400 VAddr 0x007f3cb30cf000
 GID: 00:00:00:00:00:00:00:00:00:00:255:255:10:01:00:02
 remote address: LID 0000 QPN 0x1acc PSN 0x405410 RKey 0x054400 VAddr 0x007f3cb30df000
 GID: 00:00:00:00:00:00:00:00:00:00:255:255:10:01:00:02
 remote address: LID 0000 QPN 0x1acd PSN 0xbcf98c RKey 0x054400 VAddr 0x007f3cb30ef000
 GID: 00:00:00:00:00:00:00:00:00:00:255:255:10:01:00:02
 remote address: LID 0000 QPN 0x1ace PSN 0x706c33 RKey 0x054400 VAddr 0x007f3cb30ff000
 GID: 00:00:00:00:00:00:00:00:00:00:255:255:10:01:00:02
 remote address: LID 0000 QPN 0x1acf PSN 0xed78b4 RKey 0x054400 VAddr 0x007f3cb310f000
 GID: 00:00:00:00:00:00:00:00:00:00:255:255:10:01:00:02
 remote address: LID 0000 QPN 0x1ad0 PSN 0x9a4821 RKey 0x054400 VAddr 0x007f3cb311f000
 GID: 00:00:00:00:00:00:00:00:00:00:255:255:10:01:00:02
 remote address: LID 0000 QPN 0x1ad1 PSN 0x3c8b94 RKey 0x054400 VAddr 0x007f3cb312f000
 GID: 00:00:00:00:00:00:00:00:00:00:255:255:10:01:00:02
 remote address: LID 0000 QPN 0x1ad2 PSN 0xf95cdb RKey 0x054400 VAddr 0x007f3cb313f000
 GID: 00:00:00:00:00:00:00:00:00:00:255:255:10:01:00:02
 remote address: LID 0000 QPN 0x1ad3 PSN 0x54b125 RKey 0x054400 VAddr 0x007f3cb314f000
 GID: 00:00:00:00:00:00:00:00:00:00:255:255:10:01:00:02
 remote address: LID 0000 QPN 0x1ad4 PSN 0xd1f168 RKey 0x054400 VAddr 0x007f3cb315f000
 GID: 00:00:00:00:00:00:00:00:00:00:255:255:10:01:00:02
 remote address: LID 0000 QPN 0x1ad5 PSN 0x24877e RKey 0x054400 VAddr 0x007f3cb316f000
 GID: 00:00:00:00:00:00:00:00:00:00:255:255:10:01:00:02
 remote address: LID 0000 QPN 0x1ad6 PSN 0x995e61 RKey 0x054400 VAddr 0x007f3cb317f000
 GID: 00:00:00:00:00:00:00:00:00:00:255:255:10:01:00:02
 remote address: LID 0000 QPN 0x1ad7 PSN 0x9a5db7 RKey 0x054400 VAddr 0x007f3cb318f000
 GID: 00:00:00:00:00:00:00:00:00:00:255:255:10:01:00:02
 remote address: LID 0000 QPN 0x1ad8 PSN 0xf1b8dc RKey 0x054400 VAddr 0x007f3cb319f000
 GID: 00:00:00:00:00:00:00:00:00:00:255:255:10:01:00:02
 remote address: LID 0000 QPN 0x1ad9 PSN 0x6bfd81 RKey 0x054400 VAddr 0x007f3cb31af000
 GID: 00:00:00:00:00:00:00:00:00:00:255:255:10:01:00:02
 remote address: LID 0000 QPN 0x1ada PSN 0xbdf9a0 RKey 0x054400 VAddr 0x007f3cb31bf000
 GID: 00:00:00:00:00:00:00:00:00:00:255:255:10:01:00:02
 remote address: LID 0000 QPN 0x1adb PSN 0x7e1c49 RKey 0x054400 VAddr 0x007f3cb31cf000
 GID: 00:00:00:00:00:00:00:00:00:00:255:255:10:01:00:02
 remote address: LID 0000 QPN 0x1adc PSN 0xcc1cb7 RKey 0x054400 VAddr 0x007f3cb31df000
 GID: 00:00:00:00:00:00:00:00:00:00:255:255:10:01:00:02
 remote address: LID 0000 QPN 0x1add PSN 0x434077 RKey 0x054400 VAddr 0x007f3cb31ef000
 GID: 00:00:00:00:00:00:00:00:00:00:255:255:10:01:00:02
 remote address: LID 0000 QPN 0x1ade PSN 0xe5e59a RKey 0x054400 VAddr 0x007f3cb31ff000
 GID: 00:00:00:00:00:00:00:00:00:00:255:255:10:01:00:02
 remote address: LID 0000 QPN 0x1adf PSN 0x9224e1 RKey 0x054400 VAddr 0x007f3cb320f000
 GID: 00:00:00:00:00:00:00:00:00:00:255:255:10:01:00:02
 remote address: LID 0000 QPN 0x1ae0 PSN 0x18f142 RKey 0x054400 VAddr 0x007f3cb321f000
 GID: 00:00:00:00:00:00:00:00:00:00:255:255:10:01:00:02
 remote address: LID 0000 QPN 0x1ae1 PSN 0x5d2b44 RKey 0x054400 VAddr 0x007f3cb322f000
 GID: 00:00:00:00:00:00:00:00:00:00:255:255:10:01:00:02
 remote address: LID 0000 QPN 0x1ae2 PSN 0xe8d195 RKey 0x054400 VAddr 0x007f3cb323f000
 GID: 00:00:00:00:00:00:00:00:00:00:255:255:10:01:00:02
 remote address: LID 0000 QPN 0x1ae3 PSN 0xbee61c RKey 0x054400 VAddr 0x007f3cb324f000
 GID: 00:00:00:00:00:00:00:00:00:00:255:255:10:01:00:02
 remote address: LID 0000 QPN 0x1ae4 PSN 0x8c9cc8 RKey 0x054400 VAddr 0x007f3cb325f000
 GID: 00:00:00:00:00:00:00:00:00:00:255:255:10:01:00:02
 remote address: LID 0000 QPN 0x1ae5 PSN 0xc712e1 RKey 0x054400 VAddr 0x007f3cb326f000
 GID: 00:00:00:00:00:00:00:00:00:00:255:255:10:01:00:02
 remote address: LID 0000 QPN 0x1ae6 PSN 0x966f60 RKey 0x054400 VAddr 0x007f3cb327f000
 GID: 00:00:00:00:00:00:00:00:00:00:255:255:10:01:00:02
 remote address: LID 0000 QPN 0x1ae7 PSN 0x9af50 RKey 0x054400 VAddr 0x007f3cb328f000
 GID: 00:00:00:00:00:00:00:00:00:00:255:255:10:01:00:02
 remote address: LID 0000 QPN 0x1ae8 PSN 0x39e0ac RKey 0x054400 VAddr 0x007f3cb329f000
 GID: 00:00:00:00:00:00:00:00:00:00:255:255:10:01:00:02
 remote address: LID 0000 QPN 0x1ae9 PSN 0xc98f04 RKey 0x054400 VAddr 0x007f3cb32af000
 GID: 00:00:00:00:00:00:00:00:00:00:255:255:10:01:00:02
 remote address: LID 0000 QPN 0x1aea PSN 0x6c9fb3 RKey 0x054400 VAddr 0x007f3cb32bf000
 GID: 00:00:00:00:00:00:00:00:00:00:255:255:10:01:00:02
 remote address: LID 0000 QPN 0x1aeb PSN 0x5da240 RKey 0x054400 VAddr 0x007f3cb32cf000
 GID: 00:00:00:00:00:00:00:00:00:00:255:255:10:01:00:02
 remote address: LID 0000 QPN 0x1aec PSN 0xc5e197 RKey 0x054400 VAddr 0x007f3cb32df000
 GID: 00:00:00:00:00:00:00:00:00:00:255:255:10:01:00:02
 remote address: LID 0000 QPN 0x1aed PSN 0x84e36e RKey 0x054400 VAddr 0x007f3cb32ef000
 GID: 00:00:00:00:00:00:00:00:00:00:255:255:10:01:00:02
 remote address: LID 0000 QPN 0x1aee PSN 0xc2b4 RKey 0x054400 VAddr 0x007f3cb32ff000
 GID: 00:00:00:00:00:00:00:00:00:00:255:255:10:01:00:02
 remote address: LID 0000 QPN 0x1aef PSN 0x8fc67a RKey 0x054400 VAddr 0x007f3cb330f000
 GID: 00:00:00:00:00:00:00:00:00:00:255:255:10:01:00:02
 remote address: LID 0000 QPN 0x1af0 PSN 0x7f40c9 RKey 0x054400 VAddr 0x007f3cb331f000
 GID: 00:00:00:00:00:00:00:00:00:00:255:255:10:01:00:02
 remote address: LID 0000 QPN 0x1af1 PSN 0x1e73d0 RKey 0x054400 VAddr 0x007f3cb332f000
 GID: 00:00:00:00:00:00:00:00:00:00:255:255:10:01:00:02
 remote address: LID 0000 QPN 0x1af2 PSN 0x364e96 RKey 0x054400 VAddr 0x007f3cb333f000
 GID: 00:00:00:00:00:00:00:00:00:00:255:255:10:01:00:02
 remote address: LID 0000 QPN 0x1af3 PSN 0x4ab851 RKey 0x054400 VAddr 0x007f3cb334f000
 GID: 00:00:00:00:00:00:00:00:00:00:255:255:10:01:00:02
 remote address: LID 0000 QPN 0x1af4 PSN 0x643891 RKey 0x054400 VAddr 0x007f3cb335f000
 GID: 00:00:00:00:00:00:00:00:00:00:255:255:10:01:00:02
 remote address: LID 0000 QPN 0x1af5 PSN 0x14c5b RKey 0x054400 VAddr 0x007f3cb336f000
 GID: 00:00:00:00:00:00:00:00:00:00:255:255:10:01:00:02
 remote address: LID 0000 QPN 0x1af6 PSN 0x9cee5c RKey 0x054400 VAddr 0x007f3cb337f000
 GID: 00:00:00:00:00:00:00:00:00:00:255:255:10:01:00:02
 remote address: LID 0000 QPN 0x1af7 PSN 0x9c0d73 RKey 0x054400 VAddr 0x007f3cb338f000
 GID: 00:00:00:00:00:00:00:00:00:00:255:255:10:01:00:02
 remote address: LID 0000 QPN 0x1af8 PSN 0xb0cdd8 RKey 0x054400 VAddr 0x007f3cb339f000
 GID: 00:00:00:00:00:00:00:00:00:00:255:255:10:01:00:02
 remote address: LID 0000 QPN 0x1af9 PSN 0x8a68e3 RKey 0x054400 VAddr 0x007f3cb33af000
 GID: 00:00:00:00:00:00:00:00:00:00:255:255:10:01:00:02
 remote address: LID 0000 QPN 0x1afa PSN 0x728abc RKey 0x054400 VAddr 0x007f3cb33bf000
 GID: 00:00:00:00:00:00:00:00:00:00:255:255:10:01:00:02
 remote address: LID 0000 QPN 0x1afb PSN 0x252926 RKey 0x054400 VAddr 0x007f3cb33cf000
 GID: 00:00:00:00:00:00:00:00:00:00:255:255:10:01:00:02
 remote address: LID 0000 QPN 0x1afc PSN 0xcd48d7 RKey 0x054400 VAddr 0x007f3cb33df000
 GID: 00:00:00:00:00:00:00:00:00:00:255:255:10:01:00:02
 remote address: LID 0000 QPN 0x1afd PSN 0x1a04ae RKey 0x054400 VAddr 0x007f3cb33ef000
 GID: 00:00:00:00:00:00:00:00:00:00:255:255:10:01:00:02
 remote address: LID 0000 QPN 0x1afe PSN 0xe9bf1e RKey 0x054400 VAddr 0x007f3cb33ff000
 GID: 00:00:00:00:00:00:00:00:00:00:255:255:10:01:00:02
 remote address: LID 0000 QPN 0x1aff PSN 0x12da23 RKey 0x054400 VAddr 0x007f3cb340f000
 GID: 00:00:00:00:00:00:00:00:00:00:255:255:10:01:00:02
 remote address: LID 0000 QPN 0x1b00 PSN 0x8646e9 RKey 0x054400 VAddr 0x007f3cb341f000
 GID: 00:00:00:00:00:00:00:00:00:00:255:255:10:01:00:02
 remote address: LID 0000 QPN 0x1b01 PSN 0x8ddcdf RKey 0x054400 VAddr 0x007f3cb342f000
 GID: 00:00:00:00:00:00:00:00:00:00:255:255:10:01:00:02
 remote address: LID 0000 QPN 0x1b02 PSN 0x9b5cc3 RKey 0x054400 VAddr 0x007f3cb343f000
 GID: 00:00:00:00:00:00:00:00:00:00:255:255:10:01:00:02
 remote address: LID 0000 QPN 0x1b03 PSN 0x9abc0f RKey 0x054400 VAddr 0x007f3cb344f000
 GID: 00:00:00:00:00:00:00:00:00:00:255:255:10:01:00:02
 remote address: LID 0000 QPN 0x1b04 PSN 0x7ad77a RKey 0x054400 VAddr 0x007f3cb345f000
 GID: 00:00:00:00:00:00:00:00:00:00:255:255:10:01:00:02
 remote address: LID 0000 QPN 0x1b05 PSN 0x3cef7a RKey 0x054400 VAddr 0x007f3cb346f000
 GID: 00:00:00:00:00:00:00:00:00:00:255:255:10:01:00:02
 remote address: LID 0000 QPN 0x1b06 PSN 0x91be03 RKey 0x054400 VAddr 0x007f3cb347f000
 GID: 00:00:00:00:00:00:00:00:00:00:255:255:10:01:00:02
 remote address: LID 0000 QPN 0x1b07 PSN 0x72f692 RKey 0x054400 VAddr 0x007f3cb348f000
 GID: 00:00:00:00:00:00:00:00:00:00:255:255:10:01:00:02
 remote address: LID 0000 QPN 0x1b08 PSN 0xc2361f RKey 0x054400 VAddr 0x007f3cb349f000
 GID: 00:00:00:00:00:00:00:00:00:00:255:255:10:01:00:02
 remote address: LID 0000 QPN 0x1b09 PSN 0x4be113 RKey 0x054400 VAddr 0x007f3cb34af000
 GID: 00:00:00:00:00:00:00:00:00:00:255:255:10:01:00:02
 remote address: LID 0000 QPN 0x1b0a PSN 0x46cbaf RKey 0x054400 VAddr 0x007f3cb34bf000
 GID: 00:00:00:00:00:00:00:00:00:00:255:255:10:01:00:02
 remote address: LID 0000 QPN 0x1b0b PSN 0x289416 RKey 0x054400 VAddr 0x007f3cb34cf000
 GID: 00:00:00:00:00:00:00:00:00:00:255:255:10:01:00:02
 remote address: LID 0000 QPN 0x1b0c PSN 0x11d3c0 RKey 0x054400 VAddr 0x007f3cb34df000
 GID: 00:00:00:00:00:00:00:00:00:00:255:255:10:01:00:02
 remote address: LID 0000 QPN 0x1b0d PSN 0x39d318 RKey 0x054400 VAddr 0x007f3cb34ef000
 GID: 00:00:00:00:00:00:00:00:00:00:255:255:10:01:00:02
 remote address: LID 0000 QPN 0x1b0e PSN 0x59b695 RKey 0x054400 VAddr 0x007f3cb34ff000
 GID: 00:00:00:00:00:00:00:00:00:00:255:255:10:01:00:02
 remote address: LID 0000 QPN 0x1b0f PSN 0x24a1e RKey 0x054400 VAddr 0x007f3cb350f000
 GID: 00:00:00:00:00:00:00:00:00:00:255:255:10:01:00:02
 remote address: LID 0000 QPN 0x1b10 PSN 0x4580f0 RKey 0x054400 VAddr 0x007f3cb351f000
 GID: 00:00:00:00:00:00:00:00:00:00:255:255:10:01:00:02
 remote address: LID 0000 QPN 0x1b11 PSN 0x7814b7 RKey 0x054400 VAddr 0x007f3cb352f000
 GID: 00:00:00:00:00:00:00:00:00:00:255:255:10:01:00:02
 remote address: LID 0000 QPN 0x1b12 PSN 0xcf8721 RKey 0x054400 VAddr 0x007f3cb353f000
 GID: 00:00:00:00:00:00:00:00:00:00:255:255:10:01:00:02
 remote address: LID 0000 QPN 0x1b13 PSN 0xe12d40 RKey 0x054400 VAddr 0x007f3cb354f000
 GID: 00:00:00:00:00:00:00:00:00:00:255:255:10:01:00:02
 remote address: LID 0000 QPN 0x1b14 PSN 0x36ab5d RKey 0x054400 VAddr 0x007f3cb355f000
 GID: 00:00:00:00:00:00:00:00:00:00:255:255:10:01:00:02
 remote address: LID 0000 QPN 0x1b15 PSN 0x5bb86d RKey 0x054400 VAddr 0x007f3cb356f000
 GID: 00:00:00:00:00:00:00:00:00:00:255:255:10:01:00:02
 remote address: LID 0000 QPN 0x1b16 PSN 0x81c520 RKey 0x054400 VAddr 0x007f3cb357f000
 GID: 00:00:00:00:00:00:00:00:00:00:255:255:10:01:00:02
 remote address: LID 0000 QPN 0x1b17 PSN 0xee6ac1 RKey 0x054400 VAddr 0x007f3cb358f000
 GID: 00:00:00:00:00:00:00:00:00:00:255:255:10:01:00:02
 remote address: LID 0000 QPN 0x1b18 PSN 0x6cc063 RKey 0x054400 VAddr 0x007f3cb359f000
 GID: 00:00:00:00:00:00:00:00:00:00:255:255:10:01:00:02
 remote address: LID 0000 QPN 0x1b19 PSN 0x5eb82d RKey 0x054400 VAddr 0x007f3cb35af000
 GID: 00:00:00:00:00:00:00:00:00:00:255:255:10:01:00:02
 remote address: LID 0000 QPN 0x1b1a PSN 0x1099a0 RKey 0x054400 VAddr 0x007f3cb35bf000
 GID: 00:00:00:00:00:00:00:00:00:00:255:255:10:01:00:02
 remote address: LID 0000 QPN 0x1b1b PSN 0x7cc1cb RKey 0x054400 VAddr 0x007f3cb35cf000
 GID: 00:00:00:00:00:00:00:00:00:00:255:255:10:01:00:02
 remote address: LID 0000 QPN 0x1b1c PSN 0x7fe6bb RKey 0x054400 VAddr 0x007f3cb35df000
 GID: 00:00:00:00:00:00:00:00:00:00:255:255:10:01:00:02
 remote address: LID 0000 QPN 0x1b1d PSN 0x16f229 RKey 0x054400 VAddr 0x007f3cb35ef000
 GID: 00:00:00:00:00:00:00:00:00:00:255:255:10:01:00:02
 remote address: LID 0000 QPN 0x1b1e PSN 0x61ecf4 RKey 0x054400 VAddr 0x007f3cb35ff000
 GID: 00:00:00:00:00:00:00:00:00:00:255:255:10:01:00:02
 remote address: LID 0000 QPN 0x1b1f PSN 0xf6164d RKey 0x054400 VAddr 0x007f3cb360f000
 GID: 00:00:00:00:00:00:00:00:00:00:255:255:10:01:00:02
 remote address: LID 0000 QPN 0x1b20 PSN 0x286150 RKey 0x054400 VAddr 0x007f3cb361f000
 GID: 00:00:00:00:00:00:00:00:00:00:255:255:10:01:00:02
 remote address: LID 0000 QPN 0x1b21 PSN 0x23e83f RKey 0x054400 VAddr 0x007f3cb362f000
 GID: 00:00:00:00:00:00:00:00:00:00:255:255:10:01:00:02
 remote address: LID 0000 QPN 0x1b22 PSN 0x8d22d4 RKey 0x054400 VAddr 0x007f3cb363f000
 GID: 00:00:00:00:00:00:00:00:00:00:255:255:10:01:00:02
 remote address: LID 0000 QPN 0x1b23 PSN 0x99176f RKey 0x054400 VAddr 0x007f3cb364f000
 GID: 00:00:00:00:00:00:00:00:00:00:255:255:10:01:00:02
 remote address: LID 0000 QPN 0x1b24 PSN 0x80d32 RKey 0x054400 VAddr 0x007f3cb365f000
 GID: 00:00:00:00:00:00:00:00:00:00:255:255:10:01:00:02
 remote address: LID 0000 QPN 0x1b25 PSN 0x38cc03 RKey 0x054400 VAddr 0x007f3cb366f000
 GID: 00:00:00:00:00:00:00:00:00:00:255:255:10:01:00:02
 remote address: LID 0000 QPN 0x1b26 PSN 0x2b36a0 RKey 0x054400 VAddr 0x007f3cb367f000
 GID: 00:00:00:00:00:00:00:00:00:00:255:255:10:01:00:02
 remote address: LID 0000 QPN 0x1b27 PSN 0xd093b1 RKey 0x054400 VAddr 0x007f3cb368f000
 GID: 00:00:00:00:00:00:00:00:00:00:255:255:10:01:00:02
 remote address: LID 0000 QPN 0x1b28 PSN 0x608ca3 RKey 0x054400 VAddr 0x007f3cb369f000
 GID: 00:00:00:00:00:00:00:00:00:00:255:255:10:01:00:02
 remote address: LID 0000 QPN 0x1b29 PSN 0xf70165 RKey 0x054400 VAddr 0x007f3cb36af000
 GID: 00:00:00:00:00:00:00:00:00:00:255:255:10:01:00:02
 remote address: LID 0000 QPN 0x1b2a PSN 0x7d19c5 RKey 0x054400 VAddr 0x007f3cb36bf000
 GID: 00:00:00:00:00:00:00:00:00:00:255:255:10:01:00:02
 remote address: LID 0000 QPN 0x1b2b PSN 0xadb49f RKey 0x054400 VAddr 0x007f3cb36cf000
 GID: 00:00:00:00:00:00:00:00:00:00:255:255:10:01:00:02
 remote address: LID 0000 QPN 0x1b2c PSN 0x3fd14f RKey 0x054400 VAddr 0x007f3cb36df000
 GID: 00:00:00:00:00:00:00:00:00:00:255:255:10:01:00:02
 remote address: LID 0000 QPN 0x1b2d PSN 0x25e1ff RKey 0x054400 VAddr 0x007f3cb36ef000
 GID: 00:00:00:00:00:00:00:00:00:00:255:255:10:01:00:02
 remote address: LID 0000 QPN 0x1b2e PSN 0xd65638 RKey 0x054400 VAddr 0x007f3cb36ff000
 GID: 00:00:00:00:00:00:00:00:00:00:255:255:10:01:00:02
 remote address: LID 0000 QPN 0x1b2f PSN 0x27fc33 RKey 0x054400 VAddr 0x007f3cb370f000
 GID: 00:00:00:00:00:00:00:00:00:00:255:255:10:01:00:02
 remote address: LID 0000 QPN 0x1b30 PSN 0x55d799 RKey 0x054400 VAddr 0x007f3cb371f000
 GID: 00:00:00:00:00:00:00:00:00:00:255:255:10:01:00:02
 remote address: LID 0000 QPN 0x1b31 PSN 0x972afe RKey 0x054400 VAddr 0x007f3cb372f000
 GID: 00:00:00:00:00:00:00:00:00:00:255:255:10:01:00:02
 remote address: LID 0000 QPN 0x1b32 PSN 0x581720 RKey 0x054400 VAddr 0x007f3cb373f000
 GID: 00:00:00:00:00:00:00:00:00:00:255:255:10:01:00:02
 remote address: LID 0000 QPN 0x1b33 PSN 0xd97dc7 RKey 0x054400 VAddr 0x007f3cb374f000
 GID: 00:00:00:00:00:00:00:00:00:00:255:255:10:01:00:02
 remote address: LID 0000 QPN 0x1b34 PSN 0xc18511 RKey 0x054400 VAddr 0x007f3cb375f000
 GID: 00:00:00:00:00:00:00:00:00:00:255:255:10:01:00:02
 remote address: LID 0000 QPN 0x1b35 PSN 0x541faa RKey 0x054400 VAddr 0x007f3cb376f000
 GID: 00:00:00:00:00:00:00:00:00:00:255:255:10:01:00:02
 remote address: LID 0000 QPN 0x1b36 PSN 0x68d990 RKey 0x054400 VAddr 0x007f3cb377f000
 GID: 00:00:00:00:00:00:00:00:00:00:255:255:10:01:00:02
 remote address: LID 0000 QPN 0x1b37 PSN 0x9b6cb5 RKey 0x054400 VAddr 0x007f3cb378f000
 GID: 00:00:00:00:00:00:00:00:00:00:255:255:10:01:00:02
 remote address: LID 0000 QPN 0x1b38 PSN 0xcfbc01 RKey 0x054400 VAddr 0x007f3cb379f000
 GID: 00:00:00:00:00:00:00:00:00:00:255:255:10:01:00:02
 remote address: LID 0000 QPN 0x1b39 PSN 0x260a93 RKey 0x054400 VAddr 0x007f3cb37af000
 GID: 00:00:00:00:00:00:00:00:00:00:255:255:10:01:00:02
 remote address: LID 0000 QPN 0x1b3a PSN 0x972772 RKey 0x054400 VAddr 0x007f3cb37bf000
 GID: 00:00:00:00:00:00:00:00:00:00:255:255:10:01:00:02
 remote address: LID 0000 QPN 0x1b3b PSN 0x4eba8d RKey 0x054400 VAddr 0x007f3cb37cf000
 GID: 00:00:00:00:00:00:00:00:00:00:255:255:10:01:00:02
 remote address: LID 0000 QPN 0x1b3c PSN 0x6d627 RKey 0x054400 VAddr 0x007f3cb37df000
 GID: 00:00:00:00:00:00:00:00:00:00:255:255:10:01:00:02
 remote address: LID 0000 QPN 0x1b3d PSN 0xcd675a RKey 0x054400 VAddr 0x007f3cb37ef000
 GID: 00:00:00:00:00:00:00:00:00:00:255:255:10:01:00:02
 remote address: LID 0000 QPN 0x1b3e PSN 0xd9de7f RKey 0x054400 VAddr 0x007f3cb37ff000
 GID: 00:00:00:00:00:00:00:00:00:00:255:255:10:01:00:02
 remote address: LID 0000 QPN 0x1b3f PSN 0xde1ef2 RKey 0x054400 VAddr 0x007f3cb380f000
 GID: 00:00:00:00:00:00:00:00:00:00:255:255:10:01:00:02
 remote address: LID 0000 QPN 0x1b40 PSN 0x9d87c RKey 0x054400 VAddr 0x007f3cb381f000
 GID: 00:00:00:00:00:00:00:00:00:00:255:255:10:01:00:02
 remote address: LID 0000 QPN 0x1b41 PSN 0xe59f19 RKey 0x054400 VAddr 0x007f3cb382f000
 GID: 00:00:00:00:00:00:00:00:00:00:255:255:10:01:00:02
 remote address: LID 0000 QPN 0x1b42 PSN 0x86a56a RKey 0x054400 VAddr 0x007f3cb383f000
 GID: 00:00:00:00:00:00:00:00:00:00:255:255:10:01:00:02
 remote address: LID 0000 QPN 0x1b43 PSN 0xc28311 RKey 0x054400 VAddr 0x007f3cb384f000
 GID: 00:00:00:00:00:00:00:00:00:00:255:255:10:01:00:02
 remote address: LID 0000 QPN 0x1b44 PSN 0x1d233 RKey 0x054400 VAddr 0x007f3cb385f000
 GID: 00:00:00:00:00:00:00:00:00:00:255:255:10:01:00:02
 remote address: LID 0000 QPN 0x1b45 PSN 0x27e170 RKey 0x054400 VAddr 0x007f3cb386f000
 GID: 00:00:00:00:00:00:00:00:00:00:255:255:10:01:00:02
 remote address: LID 0000 QPN 0x1b46 PSN 0xff511d RKey 0x054400 VAddr 0x007f3cb387f000
 GID: 00:00:00:00:00:00:00:00:00:00:255:255:10:01:00:02
 remote address: LID 0000 QPN 0x1b47 PSN 0xa86abf RKey 0x054400 VAddr 0x007f3cb388f000
 GID: 00:00:00:00:00:00:00:00:00:00:255:255:10:01:00:02
 remote address: LID 0000 QPN 0x1b48 PSN 0x70f8bd RKey 0x054400 VAddr 0x007f3cb389f000
 GID: 00:00:00:00:00:00:00:00:00:00:255:255:10:01:00:02
 remote address: LID 0000 QPN 0x1b49 PSN 0x1e442d RKey 0x054400 VAddr 0x007f3cb38af000
 GID: 00:00:00:00:00:00:00:00:00:00:255:255:10:01:00:02
 remote address: LID 0000 QPN 0x1b4a PSN 0x211c1a RKey 0x054400 VAddr 0x007f3cb38bf000
 GID: 00:00:00:00:00:00:00:00:00:00:255:255:10:01:00:02
 remote address: LID 0000 QPN 0x1b4b PSN 0xe4952e RKey 0x054400 VAddr 0x007f3cb38cf000
 GID: 00:00:00:00:00:00:00:00:00:00:255:255:10:01:00:02
 remote address: LID 0000 QPN 0x1b4c PSN 0xba3309 RKey 0x054400 VAddr 0x007f3cb38df000
 GID: 00:00:00:00:00:00:00:00:00:00:255:255:10:01:00:02
 remote address: LID 0000 QPN 0x1b4d PSN 0xf397 RKey 0x054400 VAddr 0x007f3cb38ef000
 GID: 00:00:00:00:00:00:00:00:00:00:255:255:10:01:00:02
 remote address: LID 0000 QPN 0x1b4e PSN 0xcb204 RKey 0x054400 VAddr 0x007f3cb38ff000
 GID: 00:00:00:00:00:00:00:00:00:00:255:255:10:01:00:02
 remote address: LID 0000 QPN 0x1b4f PSN 0xcfaf4c RKey 0x054400 VAddr 0x007f3cb390f000
 GID: 00:00:00:00:00:00:00:00:00:00:255:255:10:01:00:02
 remote address: LID 0000 QPN 0x1b50 PSN 0x60e5ca RKey 0x054400 VAddr 0x007f3cb391f000
 GID: 00:00:00:00:00:00:00:00:00:00:255:255:10:01:00:02
 remote address: LID 0000 QPN 0x1b51 PSN 0x9dd57 RKey 0x054400 VAddr 0x007f3cb392f000
 GID: 00:00:00:00:00:00:00:00:00:00:255:255:10:01:00:02
 remote address: LID 0000 QPN 0x1b52 PSN 0xc3137 RKey 0x054400 VAddr 0x007f3cb393f000
 GID: 00:00:00:00:00:00:00:00:00:00:255:255:10:01:00:02
 remote address: LID 0000 QPN 0x1b53 PSN 0x8491b9 RKey 0x054400 VAddr 0x007f3cb394f000
 GID: 00:00:00:00:00:00:00:00:00:00:255:255:10:01:00:02
 remote address: LID 0000 QPN 0x1b54 PSN 0x2ff2f0 RKey 0x054400 VAddr 0x007f3cb395f000
 GID: 00:00:00:00:00:00:00:00:00:00:255:255:10:01:00:02
 remote address: LID 0000 QPN 0x1b55 PSN 0xa7e004 RKey 0x054400 VAddr 0x007f3cb396f000
 GID: 00:00:00:00:00:00:00:00:00:00:255:255:10:01:00:02
 remote address: LID 0000 QPN 0x1b56 PSN 0x4c6491 RKey 0x054400 VAddr 0x007f3cb397f000
 GID: 00:00:00:00:00:00:00:00:00:00:255:255:10:01:00:02
 remote address: LID 0000 QPN 0x1b57 PSN 0x7a2462 RKey 0x054400 VAddr 0x007f3cb398f000
 GID: 00:00:00:00:00:00:00:00:00:00:255:255:10:01:00:02
 remote address: LID 0000 QPN 0x1b58 PSN 0x33fe38 RKey 0x054400 VAddr 0x007f3cb399f000
 GID: 00:00:00:00:00:00:00:00:00:00:255:255:10:01:00:02
 remote address: LID 0000 QPN 0x1b59 PSN 0x412949 RKey 0x054400 VAddr 0x007f3cb39af000
 GID: 00:00:00:00:00:00:00:00:00:00:255:255:10:01:00:02
 remote address: LID 0000 QPN 0x1b5a PSN 0xf09754 RKey 0x054400 VAddr 0x007f3cb39bf000
 GID: 00:00:00:00:00:00:00:00:00:00:255:255:10:01:00:02
 remote address: LID 0000 QPN 0x1b5b PSN 0xa9a1bf RKey 0x054400 VAddr 0x007f3cb39cf000
 GID: 00:00:00:00:00:00:00:00:00:00:255:255:10:01:00:02
 remote address: LID 0000 QPN 0x1b5c PSN 0xe428df RKey 0x054400 VAddr 0x007f3cb39df000
 GID: 00:00:00:00:00:00:00:00:00:00:255:255:10:01:00:02
 remote address: LID 0000 QPN 0x1b5d PSN 0x450cb5 RKey 0x054400 VAddr 0x007f3cb39ef000
 GID: 00:00:00:00:00:00:00:00:00:00:255:255:10:01:00:02
 remote address: LID 0000 QPN 0x1b5e PSN 0xdc8524 RKey 0x054400 VAddr 0x007f3cb39ff000
 GID: 00:00:00:00:00:00:00:00:00:00:255:255:10:01:00:02
 remote address: LID 0000 QPN 0x1b5f PSN 0x393a5 RKey 0x054400 VAddr 0x007f3cb3a0f000
 GID: 00:00:00:00:00:00:00:00:00:00:255:255:10:01:00:02
 remote address: LID 0000 QPN 0x1b60 PSN 0x159672 RKey 0x054400 VAddr 0x007f3cb3a1f000
 GID: 00:00:00:00:00:00:00:00:00:00:255:255:10:01:00:02
 remote address: LID 0000 QPN 0x1b61 PSN 0xc83d1f RKey 0x054400 VAddr 0x007f3cb3a2f000
 GID: 00:00:00:00:00:00:00:00:00:00:255:255:10:01:00:02
 remote address: LID 0000 QPN 0x1b62 PSN 0x86082a RKey 0x054400 VAddr 0x007f3cb3a3f000
 GID: 00:00:00:00:00:00:00:00:00:00:255:255:10:01:00:02
 remote address: LID 0000 QPN 0x1b63 PSN 0x8183c8 RKey 0x054400 VAddr 0x007f3cb3a4f000
 GID: 00:00:00:00:00:00:00:00:00:00:255:255:10:01:00:02
 remote address: LID 0000 QPN 0x1b64 PSN 0x892cc1 RKey 0x054400 VAddr 0x007f3cb3a5f000
 GID: 00:00:00:00:00:00:00:00:00:00:255:255:10:01:00:02
 remote address: LID 0000 QPN 0x1b65 PSN 0x6af2b4 RKey 0x054400 VAddr 0x007f3cb3a6f000
 GID: 00:00:00:00:00:00:00:00:00:00:255:255:10:01:00:02
 remote address: LID 0000 QPN 0x1b66 PSN 0x58475b RKey 0x054400 VAddr 0x007f3cb3a7f000
 GID: 00:00:00:00:00:00:00:00:00:00:255:255:10:01:00:02
 remote address: LID 0000 QPN 0x1b67 PSN 0xc7f9d1 RKey 0x054400 VAddr 0x007f3cb3a8f000
 GID: 00:00:00:00:00:00:00:00:00:00:255:255:10:01:00:02
 remote address: LID 0000 QPN 0x1b68 PSN 0x2820f1 RKey 0x054400 VAddr 0x007f3cb3a9f000
 GID: 00:00:00:00:00:00:00:00:00:00:255:255:10:01:00:02
 remote address: LID 0000 QPN 0x1b69 PSN 0x77279f RKey 0x054400 VAddr 0x007f3cb3aaf000
 GID: 00:00:00:00:00:00:00:00:00:00:255:255:10:01:00:02
 remote address: LID 0000 QPN 0x1b6a PSN 0xcc46d3 RKey 0x054400 VAddr 0x007f3cb3abf000
 GID: 00:00:00:00:00:00:00:00:00:00:255:255:10:01:00:02
 remote address: LID 0000 QPN 0x1b6b PSN 0xac0118 RKey 0x054400 VAddr 0x007f3cb3acf000
 GID: 00:00:00:00:00:00:00:00:00:00:255:255:10:01:00:02
 remote address: LID 0000 QPN 0x1b6c PSN 0x7b03b1 RKey 0x054400 VAddr 0x007f3cb3adf000
 GID: 00:00:00:00:00:00:00:00:00:00:255:255:10:01:00:02
 remote address: LID 0000 QPN 0x1b6d PSN 0x9db553 RKey 0x054400 VAddr 0x007f3cb3aef000
 GID: 00:00:00:00:00:00:00:00:00:00:255:255:10:01:00:02
 remote address: LID 0000 QPN 0x1b6e PSN 0x76dc5b RKey 0x054400 VAddr 0x007f3cb3aff000
 GID: 00:00:00:00:00:00:00:00:00:00:255:255:10:01:00:02
 remote address: LID 0000 QPN 0x1b6f PSN 0xa90fff RKey 0x054400 VAddr 0x007f3cb3b0f000
 GID: 00:00:00:00:00:00:00:00:00:00:255:255:10:01:00:02
 remote address: LID 0000 QPN 0x1b70 PSN 0xb01e85 RKey 0x054400 VAddr 0x007f3cb3b1f000
 GID: 00:00:00:00:00:00:00:00:00:00:255:255:10:01:00:02
 remote address: LID 0000 QPN 0x1b71 PSN 0x1bbc78 RKey 0x054400 VAddr 0x007f3cb3b2f000
 GID: 00:00:00:00:00:00:00:00:00:00:255:255:10:01:00:02
 remote address: LID 0000 QPN 0x1b72 PSN 0xa2a0a RKey 0x054400 VAddr 0x007f3cb3b3f000
 GID: 00:00:00:00:00:00:00:00:00:00:255:255:10:01:00:02
 remote address: LID 0000 QPN 0x1b73 PSN 0x7caea RKey 0x054400 VAddr 0x007f3cb3b4f000
 GID: 00:00:00:00:00:00:00:00:00:00:255:255:10:01:00:02
 remote address: LID 0000 QPN 0x1b74 PSN 0xc1143e RKey 0x054400 VAddr 0x007f3cb3b5f000
 GID: 00:00:00:00:00:00:00:00:00:00:255:255:10:01:00:02
 remote address: LID 0000 QPN 0x1b75 PSN 0xfe6170 RKey 0x054400 VAddr 0x007f3cb3b6f000
 GID: 00:00:00:00:00:00:00:00:00:00:255:255:10:01:00:02
 remote address: LID 0000 QPN 0x1b76 PSN 0xc8e107 RKey 0x054400 VAddr 0x007f3cb3b7f000
 GID: 00:00:00:00:00:00:00:00:00:00:255:255:10:01:00:02
 remote address: LID 0000 QPN 0x1b77 PSN 0xc3bcde RKey 0x054400 VAddr 0x007f3cb3b8f000
 GID: 00:00:00:00:00:00:00:00:00:00:255:255:10:01:00:02
 remote address: LID 0000 QPN 0x1b78 PSN 0x14d68a RKey 0x054400 VAddr 0x007f3cb3b9f000
 GID: 00:00:00:00:00:00:00:00:00:00:255:255:10:01:00:02
 remote address: LID 0000 QPN 0x1b79 PSN 0x518784 RKey 0x054400 VAddr 0x007f3cb3baf000
 GID: 00:00:00:00:00:00:00:00:00:00:255:255:10:01:00:02
 remote address: LID 0000 QPN 0x1b7a PSN 0x4bae6c RKey 0x054400 VAddr 0x007f3cb3bbf000
 GID: 00:00:00:00:00:00:00:00:00:00:255:255:10:01:00:02
 remote address: LID 0000 QPN 0x1b7b PSN 0xc5bfb5 RKey 0x054400 VAddr 0x007f3cb3bcf000
 GID: 00:00:00:00:00:00:00:00:00:00:255:255:10:01:00:02
 remote address: LID 0000 QPN 0x1b7c PSN 0x7a22a7 RKey 0x054400 VAddr 0x007f3cb3bdf000
 GID: 00:00:00:00:00:00:00:00:00:00:255:255:10:01:00:02
 remote address: LID 0000 QPN 0x1b7d PSN 0xe6d4b0 RKey 0x054400 VAddr 0x007f3cb3bef000
 GID: 00:00:00:00:00:00:00:00:00:00:255:255:10:01:00:02
 remote address: LID 0000 QPN 0x1b7e PSN 0xdd5446 RKey 0x054400 VAddr 0x007f3cb3bff000
 GID: 00:00:00:00:00:00:00:00:00:00:255:255:10:01:00:02
 remote address: LID 0000 QPN 0x1b7f PSN 0x6a6dfb RKey 0x054400 VAddr 0x007f3cb3c0f000
 GID: 00:00:00:00:00:00:00:00:00:00:255:255:10:01:00:02
 remote address: LID 0000 QPN 0x1b80 PSN 0xa7d733 RKey 0x054400 VAddr 0x007f3cb3c1f000
 GID: 00:00:00:00:00:00:00:00:00:00:255:255:10:01:00:02
 remote address: LID 0000 QPN 0x1b81 PSN 0xace807 RKey 0x054400 VAddr 0x007f3cb3c2f000
 GID: 00:00:00:00:00:00:00:00:00:00:255:255:10:01:00:02
 remote address: LID 0000 QPN 0x1b82 PSN 0x3810b9 RKey 0x054400 VAddr 0x007f3cb3c3f000
 GID: 00:00:00:00:00:00:00:00:00:00:255:255:10:01:00:02
 remote address: LID 0000 QPN 0x1b83 PSN 0x279869 RKey 0x054400 VAddr 0x007f3cb3c4f000
 GID: 00:00:00:00:00:00:00:00:00:00:255:255:10:01:00:02
 remote address: LID 0000 QPN 0x1b84 PSN 0xb39520 RKey 0x054400 VAddr 0x007f3cb3c5f000
 GID: 00:00:00:00:00:00:00:00:00:00:255:255:10:01:00:02
 remote address: LID 0000 QPN 0x1b85 PSN 0xe34cc4 RKey 0x054400 VAddr 0x007f3cb3c6f000
 GID: 00:00:00:00:00:00:00:00:00:00:255:255:10:01:00:02
 remote address: LID 0000 QPN 0x1b86 PSN 0x371540 RKey 0x054400 VAddr 0x007f3cb3c7f000
 GID: 00:00:00:00:00:00:00:00:00:00:255:255:10:01:00:02
 remote address: LID 0000 QPN 0x1b87 PSN 0x1958fc RKey 0x054400 VAddr 0x007f3cb3c8f000
 GID: 00:00:00:00:00:00:00:00:00:00:255:255:10:01:00:02
 remote address: LID 0000 QPN 0x1b88 PSN 0x443dc3 RKey 0x054400 VAddr 0x007f3cb3c9f000
 GID: 00:00:00:00:00:00:00:00:00:00:255:255:10:01:00:02
 remote address: LID 0000 QPN 0x1b89 PSN 0x7653ef RKey 0x054400 VAddr 0x007f3cb3caf000
 GID: 00:00:00:00:00:00:00:00:00:00:255:255:10:01:00:02
 remote address: LID 0000 QPN 0x1b8a PSN 0x38f013 RKey 0x054400 VAddr 0x007f3cb3cbf000
 GID: 00:00:00:00:00:00:00:00:00:00:255:255:10:01:00:02
 remote address: LID 0000 QPN 0x1b8b PSN 0xeefdb0 RKey 0x054400 VAddr 0x007f3cb3ccf000
 GID: 00:00:00:00:00:00:00:00:00:00:255:255:10:01:00:02
 remote address: LID 0000 QPN 0x1b8c PSN 0xcd000b RKey 0x054400 VAddr 0x007f3cb3cdf000
 GID: 00:00:00:00:00:00:00:00:00:00:255:255:10:01:00:02
 remote address: LID 0000 QPN 0x1b8d PSN 0x169ea9 RKey 0x054400 VAddr 0x007f3cb3cef000
 GID: 00:00:00:00:00:00:00:00:00:00:255:255:10:01:00:02
 remote address: LID 0000 QPN 0x1b8e PSN 0x9be9a1 RKey 0x054400 VAddr 0x007f3cb3cff000
 GID: 00:00:00:00:00:00:00:00:00:00:255:255:10:01:00:02
 remote address: LID 0000 QPN 0x1b8f PSN 0xb9a4de RKey 0x054400 VAddr 0x007f3cb3d0f000
 GID: 00:00:00:00:00:00:00:00:00:00:255:255:10:01:00:02
 remote address: LID 0000 QPN 0x1b90 PSN 0xf6c6ce RKey 0x054400 VAddr 0x007f3cb3d1f000
 GID: 00:00:00:00:00:00:00:00:00:00:255:255:10:01:00:02
 remote address: LID 0000 QPN 0x1b91 PSN 0xd2c314 RKey 0x054400 VAddr 0x007f3cb3d2f000
 GID: 00:00:00:00:00:00:00:00:00:00:255:255:10:01:00:02
 remote address: LID 0000 QPN 0x1b92 PSN 0xb783c RKey 0x054400 VAddr 0x007f3cb3d3f000
 GID: 00:00:00:00:00:00:00:00:00:00:255:255:10:01:00:02
 remote address: LID 0000 QPN 0x1b93 PSN 0x22052f RKey 0x054400 VAddr 0x007f3cb3d4f000
 GID: 00:00:00:00:00:00:00:00:00:00:255:255:10:01:00:02
 remote address: LID 0000 QPN 0x1b94 PSN 0xa8fa3f RKey 0x054400 VAddr 0x007f3cb3d5f000
 GID: 00:00:00:00:00:00:00:00:00:00:255:255:10:01:00:02
 remote address: LID 0000 QPN 0x1b95 PSN 0xb615e1 RKey 0x054400 VAddr 0x007f3cb3d6f000
 GID: 00:00:00:00:00:00:00:00:00:00:255:255:10:01:00:02
 remote address: LID 0000 QPN 0x1b96 PSN 0x660bd5 RKey 0x054400 VAddr 0x007f3cb3d7f000
 GID: 00:00:00:00:00:00:00:00:00:00:255:255:10:01:00:02
 remote address: LID 0000 QPN 0x1b97 PSN 0x287b3c RKey 0x054400 VAddr 0x007f3cb3d8f000
 GID: 00:00:00:00:00:00:00:00:00:00:255:255:10:01:00:02
 remote address: LID 0000 QPN 0x1b98 PSN 0xffa67c RKey 0x054400 VAddr 0x007f3cb3d9f000
 GID: 00:00:00:00:00:00:00:00:00:00:255:255:10:01:00:02
 remote address: LID 0000 QPN 0x1b99 PSN 0xd64277 RKey 0x054400 VAddr 0x007f3cb3daf000
 GID: 00:00:00:00:00:00:00:00:00:00:255:255:10:01:00:02
 remote address: LID 0000 QPN 0x1b9a PSN 0xf493dc RKey 0x054400 VAddr 0x007f3cb3dbf000
 GID: 00:00:00:00:00:00:00:00:00:00:255:255:10:01:00:02
 remote address: LID 0000 QPN 0x1b9b PSN 0x6a16c4 RKey 0x054400 VAddr 0x007f3cb3dcf000
 GID: 00:00:00:00:00:00:00:00:00:00:255:255:10:01:00:02
 remote address: LID 0000 QPN 0x1b9c PSN 0xc3944 RKey 0x054400 VAddr 0x007f3cb3ddf000
 GID: 00:00:00:00:00:00:00:00:00:00:255:255:10:01:00:02
 remote address: LID 0000 QPN 0x1b9d PSN 0xe9fbbd RKey 0x054400 VAddr 0x007f3cb3def000
 GID: 00:00:00:00:00:00:00:00:00:00:255:255:10:01:00:02
 remote address: LID 0000 QPN 0x1b9e PSN 0xa14149 RKey 0x054400 VAddr 0x007f3cb3dff000
 GID: 00:00:00:00:00:00:00:00:00:00:255:255:10:01:00:02
 remote address: LID 0000 QPN 0x1b9f PSN 0x970189 RKey 0x054400 VAddr 0x007f3cb3e0f000
 GID: 00:00:00:00:00:00:00:00:00:00:255:255:10:01:00:02
 remote address: LID 0000 QPN 0x1ba0 PSN 0x9f28c6 RKey 0x054400 VAddr 0x007f3cb3e1f000
 GID: 00:00:00:00:00:00:00:00:00:00:255:255:10:01:00:02
 remote address: LID 0000 QPN 0x1ba1 PSN 0x9daf84 RKey 0x054400 VAddr 0x007f3cb3e2f000
 GID: 00:00:00:00:00:00:00:00:00:00:255:255:10:01:00:02
 remote address: LID 0000 QPN 0x1ba2 PSN 0xf126b9 RKey 0x054400 VAddr 0x007f3cb3e3f000
 GID: 00:00:00:00:00:00:00:00:00:00:255:255:10:01:00:02
 remote address: LID 0000 QPN 0x1ba3 PSN 0xf239c7 RKey 0x054400 VAddr 0x007f3cb3e4f000
 GID: 00:00:00:00:00:00:00:00:00:00:255:255:10:01:00:02
 remote address: LID 0000 QPN 0x1ba4 PSN 0xabf594 RKey 0x054400 VAddr 0x007f3cb3e5f000
 GID: 00:00:00:00:00:00:00:00:00:00:255:255:10:01:00:02
 remote address: LID 0000 QPN 0x1ba5 PSN 0xffc694 RKey 0x054400 VAddr 0x007f3cb3e6f000
 GID: 00:00:00:00:00:00:00:00:00:00:255:255:10:01:00:02
 remote address: LID 0000 QPN 0x1ba6 PSN 0xdc78b0 RKey 0x054400 VAddr 0x007f3cb3e7f000
 GID: 00:00:00:00:00:00:00:00:00:00:255:255:10:01:00:02
 remote address: LID 0000 QPN 0x1ba7 PSN 0xf83a52 RKey 0x054400 VAddr 0x007f3cb3e8f000
 GID: 00:00:00:00:00:00:00:00:00:00:255:255:10:01:00:02
 remote address: LID 0000 QPN 0x1ba8 PSN 0x3e19b7 RKey 0x054400 VAddr 0x007f3cb3e9f000
 GID: 00:00:00:00:00:00:00:00:00:00:255:255:10:01:00:02
 remote address: LID 0000 QPN 0x1ba9 PSN 0x2c9b51 RKey 0x054400 VAddr 0x007f3cb3eaf000
 GID: 00:00:00:00:00:00:00:00:00:00:255:255:10:01:00:02
 remote address: LID 0000 QPN 0x1baa PSN 0x5b4ffd RKey 0x054400 VAddr 0x007f3cb3ebf000
 GID: 00:00:00:00:00:00:00:00:00:00:255:255:10:01:00:02
 remote address: LID 0000 QPN 0x1bab PSN 0x49ca4b RKey 0x054400 VAddr 0x007f3cb3ecf000
 GID: 00:00:00:00:00:00:00:00:00:00:255:255:10:01:00:02
 remote address: LID 0000 QPN 0x1bac PSN 0x8c96dc RKey 0x054400 VAddr 0x007f3cb3edf000
 GID: 00:00:00:00:00:00:00:00:00:00:255:255:10:01:00:02
 remote address: LID 0000 QPN 0x1bad PSN 0x7af10a RKey 0x054400 VAddr 0x007f3cb3eef000
 GID: 00:00:00:00:00:00:00:00:00:00:255:255:10:01:00:02
 remote address: LID 0000 QPN 0x1bae PSN 0xb8f03b RKey 0x054400 VAddr 0x007f3cb3eff000
 GID: 00:00:00:00:00:00:00:00:00:00:255:255:10:01:00:02
 remote address: LID 0000 QPN 0x1baf PSN 0x51ce7e RKey 0x054400 VAddr 0x007f3cb3f0f000
 GID: 00:00:00:00:00:00:00:00:00:00:255:255:10:01:00:02
 remote address: LID 0000 QPN 0x1bb0 PSN 0xa2f5ab RKey 0x054400 VAddr 0x007f3cb3f1f000
 GID: 00:00:00:00:00:00:00:00:00:00:255:255:10:01:00:02
 remote address: LID 0000 QPN 0x1bb1 PSN 0x6c55df RKey 0x054400 VAddr 0x007f3cb3f2f000
 GID: 00:00:00:00:00:00:00:00:00:00:255:255:10:01:00:02
 remote address: LID 0000 QPN 0x1bb2 PSN 0x9db473 RKey 0x054400 VAddr 0x007f3cb3f3f000
 GID: 00:00:00:00:00:00:00:00:00:00:255:255:10:01:00:02
 remote address: LID 0000 QPN 0x1bb3 PSN 0x70965b RKey 0x054400 VAddr 0x007f3cb3f4f000
 GID: 00:00:00:00:00:00:00:00:00:00:255:255:10:01:00:02
 remote address: LID 0000 QPN 0x1bb4 PSN 0x71a838 RKey 0x054400 VAddr 0x007f3cb3f5f000
 GID: 00:00:00:00:00:00:00:00:00:00:255:255:10:01:00:02
 remote address: LID 0000 QPN 0x1bb5 PSN 0x31794c RKey 0x054400 VAddr 0x007f3cb3f6f000
 GID: 00:00:00:00:00:00:00:00:00:00:255:255:10:01:00:02
 remote address: LID 0000 QPN 0x1bb6 PSN 0x5fe3df RKey 0x054400 VAddr 0x007f3cb3f7f000
 GID: 00:00:00:00:00:00:00:00:00:00:255:255:10:01:00:02
 remote address: LID 0000 QPN 0x1bb7 PSN 0x64be8f RKey 0x054400 VAddr 0x007f3cb3f8f000
 GID: 00:00:00:00:00:00:00:00:00:00:255:255:10:01:00:02
 remote address: LID 0000 QPN 0x1bb8 PSN 0x4e192 RKey 0x054400 VAddr 0x007f3cb3f9f000
 GID: 00:00:00:00:00:00:00:00:00:00:255:255:10:01:00:02
 remote address: LID 0000 QPN 0x1bb9 PSN 0x492156 RKey 0x054400 VAddr 0x007f3cb3faf000
 GID: 00:00:00:00:00:00:00:00:00:00:255:255:10:01:00:02
 remote address: LID 0000 QPN 0x1bba PSN 0xadd0ca RKey 0x054400 VAddr 0x007f3cb3fbf000
 GID: 00:00:00:00:00:00:00:00:00:00:255:255:10:01:00:02
 remote address: LID 0000 QPN 0x1bbb PSN 0xd1633f RKey 0x054400 VAddr 0x007f3cb3fcf000
 GID: 00:00:00:00:00:00:00:00:00:00:255:255:10:01:00:02
 remote address: LID 0000 QPN 0x1bbc PSN 0x401479 RKey 0x054400 VAddr 0x007f3cb3fdf000
 GID: 00:00:00:00:00:00:00:00:00:00:255:255:10:01:00:02
 remote address: LID 0000 QPN 0x1bbd PSN 0x410850 RKey 0x054400 VAddr 0x007f3cb3fef000
 GID: 00:00:00:00:00:00:00:00:00:00:255:255:10:01:00:02
 remote address: LID 0000 QPN 0x1bbe PSN 0x27c393 RKey 0x054400 VAddr 0x007f3cb3fff000
 GID: 00:00:00:00:00:00:00:00:00:00:255:255:10:01:00:02
 remote address: LID 0000 QPN 0x1bbf PSN 0xc2fbe1 RKey 0x054400 VAddr 0x007f3cb400f000
 GID: 00:00:00:00:00:00:00:00:00:00:255:255:10:01:00:02
 remote address: LID 0000 QPN 0x1bc0 PSN 0xed6b2e RKey 0x054400 VAddr 0x007f3cb401f000
 GID: 00:00:00:00:00:00:00:00:00:00:255:255:10:01:00:02
 remote address: LID 0000 QPN 0x1bc1 PSN 0x8a8d4a RKey 0x054400 VAddr 0x007f3cb402f000
 GID: 00:00:00:00:00:00:00:00:00:00:255:255:10:01:00:02
 remote address: LID 0000 QPN 0x1bc2 PSN 0x2653d0 RKey 0x054400 VAddr 0x007f3cb403f000
 GID: 00:00:00:00:00:00:00:00:00:00:255:255:10:01:00:02
 remote address: LID 0000 QPN 0x1bc3 PSN 0x8fdab6 RKey 0x054400 VAddr 0x007f3cb404f000
 GID: 00:00:00:00:00:00:00:00:00:00:255:255:10:01:00:02
 remote address: LID 0000 QPN 0x1bc4 PSN 0x53aa62 RKey 0x054400 VAddr 0x007f3cb405f000
 GID: 00:00:00:00:00:00:00:00:00:00:255:255:10:01:00:02
 remote address: LID 0000 QPN 0x1bc5 PSN 0x49c117 RKey 0x054400 VAddr 0x007f3cb406f000
 GID: 00:00:00:00:00:00:00:00:00:00:255:255:10:01:00:02
 remote address: LID 0000 QPN 0x1bc6 PSN 0xd1f18e RKey 0x054400 VAddr 0x007f3cb407f000
 GID: 00:00:00:00:00:00:00:00:00:00:255:255:10:01:00:02
 remote address: LID 0000 QPN 0x1bc7 PSN 0x6e9e8 RKey 0x054400 VAddr 0x007f3cb408f000
 GID: 00:00:00:00:00:00:00:00:00:00:255:255:10:01:00:02
 remote address: LID 0000 QPN 0x1bc8 PSN 0xfa1150 RKey 0x054400 VAddr 0x007f3cb409f000
 GID: 00:00:00:00:00:00:00:00:00:00:255:255:10:01:00:02
 remote address: LID 0000 QPN 0x1bc9 PSN 0xa3f9fa RKey 0x054400 VAddr 0x007f3cb40af000
 GID: 00:00:00:00:00:00:00:00:00:00:255:255:10:01:00:02
 remote address: LID 0000 QPN 0x1bca PSN 0xfa80b7 RKey 0x054400 VAddr 0x007f3cb40bf000
 GID: 00:00:00:00:00:00:00:00:00:00:255:255:10:01:00:02
 remote address: LID 0000 QPN 0x1bcb PSN 0x2ee03c RKey 0x054400 VAddr 0x007f3cb40cf000
 GID: 00:00:00:00:00:00:00:00:00:00:255:255:10:01:00:02
 remote address: LID 0000 QPN 0x1bcc PSN 0xe8e8e6 RKey 0x054400 VAddr 0x007f3cb40df000
 GID: 00:00:00:00:00:00:00:00:00:00:255:255:10:01:00:02
 remote address: LID 0000 QPN 0x1bcd PSN 0xfbb7ed RKey 0x054400 VAddr 0x007f3cb40ef000
 GID: 00:00:00:00:00:00:00:00:00:00:255:255:10:01:00:02
 remote address: LID 0000 QPN 0x1bce PSN 0xea088d RKey 0x054400 VAddr 0x007f3cb40ff000
 GID: 00:00:00:00:00:00:00:00:00:00:255:255:10:01:00:02
 remote address: LID 0000 QPN 0x1bcf PSN 0x81c773 RKey 0x054400 VAddr 0x007f3cb410f000
 GID: 00:00:00:00:00:00:00:00:00:00:255:255:10:01:00:02
 remote address: LID 0000 QPN 0x1bd0 PSN 0xae941e RKey 0x054400 VAddr 0x007f3cb411f000
 GID: 00:00:00:00:00:00:00:00:00:00:255:255:10:01:00:02
 remote address: LID 0000 QPN 0x1bd1 PSN 0x5a438d RKey 0x054400 VAddr 0x007f3cb412f000
 GID: 00:00:00:00:00:00:00:00:00:00:255:255:10:01:00:02
 remote address: LID 0000 QPN 0x1bd2 PSN 0xdb9952 RKey 0x054400 VAddr 0x007f3cb413f000
 GID: 00:00:00:00:00:00:00:00:00:00:255:255:10:01:00:02
 remote address: LID 0000 QPN 0x1bd3 PSN 0x344e43 RKey 0x054400 VAddr 0x007f3cb414f000
 GID: 00:00:00:00:00:00:00:00:00:00:255:255:10:01:00:02
 remote address: LID 0000 QPN 0x1bd4 PSN 0xdc136c RKey 0x054400 VAddr 0x007f3cb415f000
 GID: 00:00:00:00:00:00:00:00:00:00:255:255:10:01:00:02
 remote address: LID 0000 QPN 0x1bd5 PSN 0xa411a5 RKey 0x054400 VAddr 0x007f3cb416f000
 GID: 00:00:00:00:00:00:00:00:00:00:255:255:10:01:00:02
 remote address: LID 0000 QPN 0x1bd6 PSN 0xefaa0a RKey 0x054400 VAddr 0x007f3cb417f000
 GID: 00:00:00:00:00:00:00:00:00:00:255:255:10:01:00:02
 remote address: LID 0000 QPN 0x1bd7 PSN 0x55ffed RKey 0x054400 VAddr 0x007f3cb418f000
 GID: 00:00:00:00:00:00:00:00:00:00:255:255:10:01:00:02
 remote address: LID 0000 QPN 0x1bd8 PSN 0xa90d50 RKey 0x054400 VAddr 0x007f3cb419f000
 GID: 00:00:00:00:00:00:00:00:00:00:255:255:10:01:00:02
 remote address: LID 0000 QPN 0x1bd9 PSN 0xbb9555 RKey 0x054400 VAddr 0x007f3cb41af000
 GID: 00:00:00:00:00:00:00:00:00:00:255:255:10:01:00:02
 remote address: LID 0000 QPN 0x1bda PSN 0x895058 RKey 0x054400 VAddr 0x007f3cb41bf000
 GID: 00:00:00:00:00:00:00:00:00:00:255:255:10:01:00:02
 remote address: LID 0000 QPN 0x1bdb PSN 0xf1b7b RKey 0x054400 VAddr 0x007f3cb41cf000
 GID: 00:00:00:00:00:00:00:00:00:00:255:255:10:01:00:02
 remote address: LID 0000 QPN 0x1bdc PSN 0x1e8e0b RKey 0x054400 VAddr 0x007f3cb41df000
 GID: 00:00:00:00:00:00:00:00:00:00:255:255:10:01:00:02
 remote address: LID 0000 QPN 0x1bdd PSN 0x6cade RKey 0x054400 VAddr 0x007f3cb41ef000
 GID: 00:00:00:00:00:00:00:00:00:00:255:255:10:01:00:02
 remote address: LID 0000 QPN 0x1bde PSN 0x13d485 RKey 0x054400 VAddr 0x007f3cb41ff000
 GID: 00:00:00:00:00:00:00:00:00:00:255:255:10:01:00:02
 remote address: LID 0000 QPN 0x1bdf PSN 0x926498 RKey 0x054400 VAddr 0x007f3cb420f000
 GID: 00:00:00:00:00:00:00:00:00:00:255:255:10:01:00:02
 remote address: LID 0000 QPN 0x1be0 PSN 0xa8d06e RKey 0x054400 VAddr 0x007f3cb421f000
 GID: 00:00:00:00:00:00:00:00:00:00:255:255:10:01:00:02
 remote address: LID 0000 QPN 0x1be1 PSN 0x86650d RKey 0x054400 VAddr 0x007f3cb422f000
 GID: 00:00:00:00:00:00:00:00:00:00:255:255:10:01:00:02
 remote address: LID 0000 QPN 0x1be2 PSN 0x6643a0 RKey 0x054400 VAddr 0x007f3cb423f000
 GID: 00:00:00:00:00:00:00:00:00:00:255:255:10:01:00:02
 remote address: LID 0000 QPN 0x1be3 PSN 0x24e80b RKey 0x054400 VAddr 0x007f3cb424f000
 GID: 00:00:00:00:00:00:00:00:00:00:255:255:10:01:00:02
 remote address: LID 0000 QPN 0x1be4 PSN 0x6381cd RKey 0x054400 VAddr 0x007f3cb425f000
 GID: 00:00:00:00:00:00:00:00:00:00:255:255:10:01:00:02
 remote address: LID 0000 QPN 0x1be5 PSN 0x722742 RKey 0x054400 VAddr 0x007f3cb426f000
 GID: 00:00:00:00:00:00:00:00:00:00:255:255:10:01:00:02
 remote address: LID 0000 QPN 0x1be6 PSN 0x72c1bf RKey 0x054400 VAddr 0x007f3cb427f000
 GID: 00:00:00:00:00:00:00:00:00:00:255:255:10:01:00:02
 remote address: LID 0000 QPN 0x1be7 PSN 0x834dd2 RKey 0x054400 VAddr 0x007f3cb428f000
 GID: 00:00:00:00:00:00:00:00:00:00:255:255:10:01:00:02
 remote address: LID 0000 QPN 0x1be8 PSN 0xf91313 RKey 0x054400 VAddr 0x007f3cb429f000
 GID: 00:00:00:00:00:00:00:00:00:00:255:255:10:01:00:02
 remote address: LID 0000 QPN 0x1be9 PSN 0xbc961d RKey 0x054400 VAddr 0x007f3cb42af000
 GID: 00:00:00:00:00:00:00:00:00:00:255:255:10:01:00:02
 remote address: LID 0000 QPN 0x1bea PSN 0xc97e63 RKey 0x054400 VAddr 0x007f3cb42bf000
 GID: 00:00:00:00:00:00:00:00:00:00:255:255:10:01:00:02
 remote address: LID 0000 QPN 0x1beb PSN 0x8bf2d7 RKey 0x054400 VAddr 0x007f3cb42cf000
 GID: 00:00:00:00:00:00:00:00:00:00:255:255:10:01:00:02
 remote address: LID 0000 QPN 0x1bec PSN 0xa4c8ef RKey 0x054400 VAddr 0x007f3cb42df000
 GID: 00:00:00:00:00:00:00:00:00:00:255:255:10:01:00:02
 remote address: LID 0000 QPN 0x1bed PSN 0x98c8c4 RKey 0x054400 VAddr 0x007f3cb42ef000
 GID: 00:00:00:00:00:00:00:00:00:00:255:255:10:01:00:02
 remote address: LID 0000 QPN 0x1bee PSN 0xd34cfa RKey 0x054400 VAddr 0x007f3cb42ff000
 GID: 00:00:00:00:00:00:00:00:00:00:255:255:10:01:00:02
 remote address: LID 0000 QPN 0x1bef PSN 0xea451 RKey 0x054400 VAddr 0x007f3cb430f000
 GID: 00:00:00:00:00:00:00:00:00:00:255:255:10:01:00:02
 remote address: LID 0000 QPN 0x1bf0 PSN 0xf05d2d RKey 0x054400 VAddr 0x007f3cb431f000
 GID: 00:00:00:00:00:00:00:00:00:00:255:255:10:01:00:02
 remote address: LID 0000 QPN 0x1bf1 PSN 0xbfc4d2 RKey 0x054400 VAddr 0x007f3cb432f000
 GID: 00:00:00:00:00:00:00:00:00:00:255:255:10:01:00:02
 remote address: LID 0000 QPN 0x1bf2 PSN 0xa6037d RKey 0x054400 VAddr 0x007f3cb433f000
 GID: 00:00:00:00:00:00:00:00:00:00:255:255:10:01:00:02
 remote address: LID 0000 QPN 0x1bf3 PSN 0x9676ba RKey 0x054400 VAddr 0x007f3cb434f000
 GID: 00:00:00:00:00:00:00:00:00:00:255:255:10:01:00:02
 remote address: LID 0000 QPN 0x1bf4 PSN 0x41231f RKey 0x054400 VAddr 0x007f3cb435f000
 GID: 00:00:00:00:00:00:00:00:00:00:255:255:10:01:00:02
 remote address: LID 0000 QPN 0x1bf5 PSN 0x5f6edf RKey 0x054400 VAddr 0x007f3cb436f000
 GID: 00:00:00:00:00:00:00:00:00:00:255:255:10:01:00:02
 remote address: LID 0000 QPN 0x1bf6 PSN 0x14e13a RKey 0x054400 VAddr 0x007f3cb437f000
 GID: 00:00:00:00:00:00:00:00:00:00:255:255:10:01:00:02
 remote address: LID 0000 QPN 0x1bf7 PSN 0x8fd268 RKey 0x054400 VAddr 0x007f3cb438f000
 GID: 00:00:00:00:00:00:00:00:00:00:255:255:10:01:00:02
 remote address: LID 0000 QPN 0x1bf8 PSN 0x55c139 RKey 0x054400 VAddr 0x007f3cb439f000
 GID: 00:00:00:00:00:00:00:00:00:00:255:255:10:01:00:02
 remote address: LID 0000 QPN 0x1bf9 PSN 0xf3b9a8 RKey 0x054400 VAddr 0x007f3cb43af000
 GID: 00:00:00:00:00:00:00:00:00:00:255:255:10:01:00:02
 remote address: LID 0000 QPN 0x1bfa PSN 0x415fac RKey 0x054400 VAddr 0x007f3cb43bf000
 GID: 00:00:00:00:00:00:00:00:00:00:255:255:10:01:00:02
 remote address: LID 0000 QPN 0x1bfb PSN 0xf46fcb RKey 0x054400 VAddr 0x007f3cb43cf000
 GID: 00:00:00:00:00:00:00:00:00:00:255:255:10:01:00:02
 remote address: LID 0000 QPN 0x1bfc PSN 0x94b1bd RKey 0x054400 VAddr 0x007f3cb43df000
 GID: 00:00:00:00:00:00:00:00:00:00:255:255:10:01:00:02
 remote address: LID 0000 QPN 0x1bfd PSN 0x6b5ddb RKey 0x054400 VAddr 0x007f3cb43ef000
 GID: 00:00:00:00:00:00:00:00:00:00:255:255:10:01:00:02
 remote address: LID 0000 QPN 0x1bfe PSN 0x94ef86 RKey 0x054400 VAddr 0x007f3cb43ff000
 GID: 00:00:00:00:00:00:00:00:00:00:255:255:10:01:00:02
 remote address: LID 0000 QPN 0x1bff PSN 0x489d42 RKey 0x054400 VAddr 0x007f3cb440f000
 GID: 00:00:00:00:00:00:00:00:00:00:255:255:10:01:00:02
 remote address: LID 0000 QPN 0x1c00 PSN 0x9cdc8b RKey 0x054400 VAddr 0x007f3cb441f000
 GID: 00:00:00:00:00:00:00:00:00:00:255:255:10:01:00:02
 remote address: LID 0000 QPN 0x1c01 PSN 0x840482 RKey 0x054400 VAddr 0x007f3cb442f000
 GID: 00:00:00:00:00:00:00:00:00:00:255:255:10:01:00:02
 remote address: LID 0000 QPN 0x1c02 PSN 0xd243cf RKey 0x054400 VAddr 0x007f3cb443f000
 GID: 00:00:00:00:00:00:00:00:00:00:255:255:10:01:00:02
 remote address: LID 0000 QPN 0x1c03 PSN 0xd0c89a RKey 0x054400 VAddr 0x007f3cb444f000
 GID: 00:00:00:00:00:00:00:00:00:00:255:255:10:01:00:02
 remote address: LID 0000 QPN 0x1c04 PSN 0xcbc1a RKey 0x054400 VAddr 0x007f3cb445f000
 GID: 00:00:00:00:00:00:00:00:00:00:255:255:10:01:00:02
 remote address: LID 0000 QPN 0x1c05 PSN 0xde6e09 RKey 0x054400 VAddr 0x007f3cb446f000
 GID: 00:00:00:00:00:00:00:00:00:00:255:255:10:01:00:02
 remote address: LID 0000 QPN 0x1c06 PSN 0xf4ed26 RKey 0x054400 VAddr 0x007f3cb447f000
 GID: 00:00:00:00:00:00:00:00:00:00:255:255:10:01:00:02
 remote address: LID 0000 QPN 0x1c07 PSN 0x1be623 RKey 0x054400 VAddr 0x007f3cb448f000
 GID: 00:00:00:00:00:00:00:00:00:00:255:255:10:01:00:02
 remote address: LID 0000 QPN 0x1c08 PSN 0x99f84 RKey 0x054400 VAddr 0x007f3cb449f000
 GID: 00:00:00:00:00:00:00:00:00:00:255:255:10:01:00:02
 remote address: LID 0000 QPN 0x1c09 PSN 0x89bfed RKey 0x054400 VAddr 0x007f3cb44af000
 GID: 00:00:00:00:00:00:00:00:00:00:255:255:10:01:00:02
 remote address: LID 0000 QPN 0x1c0a PSN 0x2727 RKey 0x054400 VAddr 0x007f3cb44bf000
 GID: 00:00:00:00:00:00:00:00:00:00:255:255:10:01:00:02
 remote address: LID 0000 QPN 0x1c0b PSN 0xeeef71 RKey 0x054400 VAddr 0x007f3cb44cf000
 GID: 00:00:00:00:00:00:00:00:00:00:255:255:10:01:00:02
 remote address: LID 0000 QPN 0x1c0c PSN 0xd7bbbb RKey 0x054400 VAddr 0x007f3cb44df000
 GID: 00:00:00:00:00:00:00:00:00:00:255:255:10:01:00:02
 remote address: LID 0000 QPN 0x1c0d PSN 0x4dc303 RKey 0x054400 VAddr 0x007f3cb44ef000
 GID: 00:00:00:00:00:00:00:00:00:00:255:255:10:01:00:02
 remote address: LID 0000 QPN 0x1c0e PSN 0xc9d9e6 RKey 0x054400 VAddr 0x007f3cb44ff000
 GID: 00:00:00:00:00:00:00:00:00:00:255:255:10:01:00:02
 remote address: LID 0000 QPN 0x1c0f PSN 0xe753ac RKey 0x054400 VAddr 0x007f3cb450f000
 GID: 00:00:00:00:00:00:00:00:00:00:255:255:10:01:00:02
 remote address: LID 0000 QPN 0x1c10 PSN 0xecddd9 RKey 0x054400 VAddr 0x007f3cb451f000
 GID: 00:00:00:00:00:00:00:00:00:00:255:255:10:01:00:02
 remote address: LID 0000 QPN 0x1c11 PSN 0x6e7c63 RKey 0x054400 VAddr 0x007f3cb452f000
 GID: 00:00:00:00:00:00:00:00:00:00:255:255:10:01:00:02
 remote address: LID 0000 QPN 0x1c12 PSN 0x5cf198 RKey 0x054400 VAddr 0x007f3cb453f000
 GID: 00:00:00:00:00:00:00:00:00:00:255:255:10:01:00:02
 remote address: LID 0000 QPN 0x1c13 PSN 0x6dd394 RKey 0x054400 VAddr 0x007f3cb454f000
 GID: 00:00:00:00:00:00:00:00:00:00:255:255:10:01:00:02
 remote address: LID 0000 QPN 0x1c14 PSN 0x72b096 RKey 0x054400 VAddr 0x007f3cb455f000
 GID: 00:00:00:00:00:00:00:00:00:00:255:255:10:01:00:02
 remote address: LID 0000 QPN 0x1c15 PSN 0xa02aef RKey 0x054400 VAddr 0x007f3cb456f000
 GID: 00:00:00:00:00:00:00:00:00:00:255:255:10:01:00:02
 remote address: LID 0000 QPN 0x1c16 PSN 0xde4e52 RKey 0x054400 VAddr 0x007f3cb457f000
 GID: 00:00:00:00:00:00:00:00:00:00:255:255:10:01:00:02
 remote address: LID 0000 QPN 0x1c17 PSN 0x70e316 RKey 0x054400 VAddr 0x007f3cb458f000
 GID: 00:00:00:00:00:00:00:00:00:00:255:255:10:01:00:02
 remote address: LID 0000 QPN 0x1c18 PSN 0x4aa6d3 RKey 0x054400 VAddr 0x007f3cb459f000
 GID: 00:00:00:00:00:00:00:00:00:00:255:255:10:01:00:02
 remote address: LID 0000 QPN 0x1c19 PSN 0x95383 RKey 0x054400 VAddr 0x007f3cb45af000
 GID: 00:00:00:00:00:00:00:00:00:00:255:255:10:01:00:02
 remote address: LID 0000 QPN 0x1c1a PSN 0x11ade9 RKey 0x054400 VAddr 0x007f3cb45bf000
 GID: 00:00:00:00:00:00:00:00:00:00:255:255:10:01:00:02
 remote address: LID 0000 QPN 0x1c1b PSN 0x754a83 RKey 0x054400 VAddr 0x007f3cb45cf000
 GID: 00:00:00:00:00:00:00:00:00:00:255:255:10:01:00:02
 remote address: LID 0000 QPN 0x1c1c PSN 0x74bd53 RKey 0x054400 VAddr 0x007f3cb45df000
 GID: 00:00:00:00:00:00:00:00:00:00:255:255:10:01:00:02
 remote address: LID 0000 QPN 0x1c1d PSN 0x2125bb RKey 0x054400 VAddr 0x007f3cb45ef000
 GID: 00:00:00:00:00:00:00:00:00:00:255:255:10:01:00:02
 remote address: LID 0000 QPN 0x1c1e PSN 0xd011f8 RKey 0x054400 VAddr 0x007f3cb45ff000
 GID: 00:00:00:00:00:00:00:00:00:00:255:255:10:01:00:02
 remote address: LID 0000 QPN 0x1c1f PSN 0x7d6173 RKey 0x054400 VAddr 0x007f3cb460f000
 GID: 00:00:00:00:00:00:00:00:00:00:255:255:10:01:00:02
 remote address: LID 0000 QPN 0x1c20 PSN 0x5b6589 RKey 0x054400 VAddr 0x007f3cb461f000
 GID: 00:00:00:00:00:00:00:00:00:00:255:255:10:01:00:02
 remote address: LID 0000 QPN 0x1c21 PSN 0x93235b RKey 0x054400 VAddr 0x007f3cb462f000
 GID: 00:00:00:00:00:00:00:00:00:00:255:255:10:01:00:02
 remote address: LID 0000 QPN 0x1c22 PSN 0x1743ff RKey 0x054400 VAddr 0x007f3cb463f000
 GID: 00:00:00:00:00:00:00:00:00:00:255:255:10:01:00:02
 remote address: LID 0000 QPN 0x1c23 PSN 0xb2dd35 RKey 0x054400 VAddr 0x007f3cb464f000
 GID: 00:00:00:00:00:00:00:00:00:00:255:255:10:01:00:02
 remote address: LID 0000 QPN 0x1c24 PSN 0x1a0b8b RKey 0x054400 VAddr 0x007f3cb465f000
 GID: 00:00:00:00:00:00:00:00:00:00:255:255:10:01:00:02
 remote address: LID 0000 QPN 0x1c25 PSN 0xb5945f RKey 0x054400 VAddr 0x007f3cb466f000
 GID: 00:00:00:00:00:00:00:00:00:00:255:255:10:01:00:02
 remote address: LID 0000 QPN 0x1c26 PSN 0xf239a8 RKey 0x054400 VAddr 0x007f3cb467f000
 GID: 00:00:00:00:00:00:00:00:00:00:255:255:10:01:00:02
 remote address: LID 0000 QPN 0x1c27 PSN 0x44ccf1 RKey 0x054400 VAddr 0x007f3cb468f000
 GID: 00:00:00:00:00:00:00:00:00:00:255:255:10:01:00:02
 remote address: LID 0000 QPN 0x1c28 PSN 0x78c926 RKey 0x054400 VAddr 0x007f3cb469f000
 GID: 00:00:00:00:00:00:00:00:00:00:255:255:10:01:00:02
 remote address: LID 0000 QPN 0x1c29 PSN 0x2ef1a0 RKey 0x054400 VAddr 0x007f3cb46af000
 GID: 00:00:00:00:00:00:00:00:00:00:255:255:10:01:00:02
 remote address: LID 0000 QPN 0x1c2a PSN 0x743b26 RKey 0x054400 VAddr 0x007f3cb46bf000
 GID: 00:00:00:00:00:00:00:00:00:00:255:255:10:01:00:02
 remote address: LID 0000 QPN 0x1c2b PSN 0x2afd5d RKey 0x054400 VAddr 0x007f3cb46cf000
 GID: 00:00:00:00:00:00:00:00:00:00:255:255:10:01:00:02
 remote address: LID 0000 QPN 0x1c2c PSN 0x2ef80c RKey 0x054400 VAddr 0x007f3cb46df000
 GID: 00:00:00:00:00:00:00:00:00:00:255:255:10:01:00:02
 remote address: LID 0000 QPN 0x1c2d PSN 0xbf1020 RKey 0x054400 VAddr 0x007f3cb46ef000
 GID: 00:00:00:00:00:00:00:00:00:00:255:255:10:01:00:02
 remote address: LID 0000 QPN 0x1c2e PSN 0x7ccdb6 RKey 0x054400 VAddr 0x007f3cb46ff000
 GID: 00:00:00:00:00:00:00:00:00:00:255:255:10:01:00:02
 remote address: LID 0000 QPN 0x1c2f PSN 0x199e18 RKey 0x054400 VAddr 0x007f3cb470f000
 GID: 00:00:00:00:00:00:00:00:00:00:255:255:10:01:00:02
 remote address: LID 0000 QPN 0x1c30 PSN 0x277529 RKey 0x054400 VAddr 0x007f3cb471f000
 GID: 00:00:00:00:00:00:00:00:00:00:255:255:10:01:00:02
 remote address: LID 0000 QPN 0x1c31 PSN 0x6376f2 RKey 0x054400 VAddr 0x007f3cb472f000
 GID: 00:00:00:00:00:00:00:00:00:00:255:255:10:01:00:02
 remote address: LID 0000 QPN 0x1c32 PSN 0x188447 RKey 0x054400 VAddr 0x007f3cb473f000
 GID: 00:00:00:00:00:00:00:00:00:00:255:255:10:01:00:02
 remote address: LID 0000 QPN 0x1c33 PSN 0x83a2a6 RKey 0x054400 VAddr 0x007f3cb474f000
 GID: 00:00:00:00:00:00:00:00:00:00:255:255:10:01:00:02
 remote address: LID 0000 QPN 0x1c34 PSN 0x1c8714 RKey 0x054400 VAddr 0x007f3cb475f000
 GID: 00:00:00:00:00:00:00:00:00:00:255:255:10:01:00:02
 remote address: LID 0000 QPN 0x1c35 PSN 0xdae9c9 RKey 0x054400 VAddr 0x007f3cb476f000
 GID: 00:00:00:00:00:00:00:00:00:00:255:255:10:01:00:02
 remote address: LID 0000 QPN 0x1c36 PSN 0x32f836 RKey 0x054400 VAddr 0x007f3cb477f000
 GID: 00:00:00:00:00:00:00:00:00:00:255:255:10:01:00:02
 remote address: LID 0000 QPN 0x1c37 PSN 0xb7f909 RKey 0x054400 VAddr 0x007f3cb478f000
 GID: 00:00:00:00:00:00:00:00:00:00:255:255:10:01:00:02
 remote address: LID 0000 QPN 0x1c38 PSN 0xe79a0 RKey 0x054400 VAddr 0x007f3cb479f000
 GID: 00:00:00:00:00:00:00:00:00:00:255:255:10:01:00:02
 remote address: LID 0000 QPN 0x1c39 PSN 0x82d21b RKey 0x054400 VAddr 0x007f3cb47af000
 GID: 00:00:00:00:00:00:00:00:00:00:255:255:10:01:00:02
 remote address: LID 0000 QPN 0x1c3a PSN 0x104c32 RKey 0x054400 VAddr 0x007f3cb47bf000
 GID: 00:00:00:00:00:00:00:00:00:00:255:255:10:01:00:02
 remote address: LID 0000 QPN 0x1c3b PSN 0x8d4ff8 RKey 0x054400 VAddr 0x007f3cb47cf000
 GID: 00:00:00:00:00:00:00:00:00:00:255:255:10:01:00:02
 remote address: LID 0000 QPN 0x1c3c PSN 0xf72091 RKey 0x054400 VAddr 0x007f3cb47df000
 GID: 00:00:00:00:00:00:00:00:00:00:255:255:10:01:00:02
 remote address: LID 0000 QPN 0x1c3d PSN 0x49d0f1 RKey 0x054400 VAddr 0x007f3cb47ef000
 GID: 00:00:00:00:00:00:00:00:00:00:255:255:10:01:00:02
 remote address: LID 0000 QPN 0x1c3e PSN 0xc8bb3f RKey 0x054400 VAddr 0x007f3cb47ff000
 GID: 00:00:00:00:00:00:00:00:00:00:255:255:10:01:00:02
 remote address: LID 0000 QPN 0x1c3f PSN 0x51c6bf RKey 0x054400 VAddr 0x007f3cb480f000
 GID: 00:00:00:00:00:00:00:00:00:00:255:255:10:01:00:02
 remote address: LID 0000 QPN 0x1c40 PSN 0xcd936b RKey 0x054400 VAddr 0x007f3cb481f000
 GID: 00:00:00:00:00:00:00:00:00:00:255:255:10:01:00:02
 remote address: LID 0000 QPN 0x1c41 PSN 0x9d634e RKey 0x054400 VAddr 0x007f3cb482f000
 GID: 00:00:00:00:00:00:00:00:00:00:255:255:10:01:00:02
 remote address: LID 0000 QPN 0x1c42 PSN 0xe6d5d6 RKey 0x054400 VAddr 0x007f3cb483f000
 GID: 00:00:00:00:00:00:00:00:00:00:255:255:10:01:00:02
 remote address: LID 0000 QPN 0x1c43 PSN 0x6f80b2 RKey 0x054400 VAddr 0x007f3cb484f000
 GID: 00:00:00:00:00:00:00:00:00:00:255:255:10:01:00:02
 remote address: LID 0000 QPN 0x1c44 PSN 0x909466 RKey 0x054400 VAddr 0x007f3cb485f000
 GID: 00:00:00:00:00:00:00:00:00:00:255:255:10:01:00:02
 remote address: LID 0000 QPN 0x1c45 PSN 0x6d2339 RKey 0x054400 VAddr 0x007f3cb486f000
 GID: 00:00:00:00:00:00:00:00:00:00:255:255:10:01:00:02
 remote address: LID 0000 QPN 0x1c46 PSN 0x712f29 RKey 0x054400 VAddr 0x007f3cb487f000
 GID: 00:00:00:00:00:00:00:00:00:00:255:255:10:01:00:02
 remote address: LID 0000 QPN 0x1c47 PSN 0xcb64f RKey 0x054400 VAddr 0x007f3cb488f000
 GID: 00:00:00:00:00:00:00:00:00:00:255:255:10:01:00:02
 remote address: LID 0000 QPN 0x1c48 PSN 0xc3347f RKey 0x054400 VAddr 0x007f3cb489f000
 GID: 00:00:00:00:00:00:00:00:00:00:255:255:10:01:00:02
 remote address: LID 0000 QPN 0x1c49 PSN 0x3ccf69 RKey 0x054400 VAddr 0x007f3cb48af000
 GID: 00:00:00:00:00:00:00:00:00:00:255:255:10:01:00:02
 remote address: LID 0000 QPN 0x1c4a PSN 0x325c83 RKey 0x054400 VAddr 0x007f3cb48bf000
 GID: 00:00:00:00:00:00:00:00:00:00:255:255:10:01:00:02
 remote address: LID 0000 QPN 0x1c4b PSN 0x7d7def RKey 0x054400 VAddr 0x007f3cb48cf000
 GID: 00:00:00:00:00:00:00:00:00:00:255:255:10:01:00:02
 remote address: LID 0000 QPN 0x1c4c PSN 0xae66a8 RKey 0x054400 VAddr 0x007f3cb48df000
 GID: 00:00:00:00:00:00:00:00:00:00:255:255:10:01:00:02
 remote address: LID 0000 QPN 0x1c4d PSN 0x66e38d RKey 0x054400 VAddr 0x007f3cb48ef000
 GID: 00:00:00:00:00:00:00:00:00:00:255:255:10:01:00:02
 remote address: LID 0000 QPN 0x1c4e PSN 0x1e48ce RKey 0x054400 VAddr 0x007f3cb48ff000
 GID: 00:00:00:00:00:00:00:00:00:00:255:255:10:01:00:02
 remote address: LID 0000 QPN 0x1c4f PSN 0x472629 RKey 0x054400 VAddr 0x007f3cb490f000
 GID: 00:00:00:00:00:00:00:00:00:00:255:255:10:01:00:02
 remote address: LID 0000 QPN 0x1c50 PSN 0xf35420 RKey 0x054400 VAddr 0x007f3cb491f000
 GID: 00:00:00:00:00:00:00:00:00:00:255:255:10:01:00:02
 remote address: LID 0000 QPN 0x1c51 PSN 0xc42b35 RKey 0x054400 VAddr 0x007f3cb492f000
 GID: 00:00:00:00:00:00:00:00:00:00:255:255:10:01:00:02
 remote address: LID 0000 QPN 0x1c52 PSN 0x61fe2f RKey 0x054400 VAddr 0x007f3cb493f000
 GID: 00:00:00:00:00:00:00:00:00:00:255:255:10:01:00:02
 remote address: LID 0000 QPN 0x1c53 PSN 0x589bc4 RKey 0x054400 VAddr 0x007f3cb494f000
 GID: 00:00:00:00:00:00:00:00:00:00:255:255:10:01:00:02
 remote address: LID 0000 QPN 0x1c54 PSN 0xa563dd RKey 0x054400 VAddr 0x007f3cb495f000
 GID: 00:00:00:00:00:00:00:00:00:00:255:255:10:01:00:02
 remote address: LID 0000 QPN 0x1c55 PSN 0x895960 RKey 0x054400 VAddr 0x007f3cb496f000
 GID: 00:00:00:00:00:00:00:00:00:00:255:255:10:01:00:02
 remote address: LID 0000 QPN 0x1c56 PSN 0x1b27cc RKey 0x054400 VAddr 0x007f3cb497f000
 GID: 00:00:00:00:00:00:00:00:00:00:255:255:10:01:00:02
 remote address: LID 0000 QPN 0x1c57 PSN 0x98f556 RKey 0x054400 VAddr 0x007f3cb498f000
 GID: 00:00:00:00:00:00:00:00:00:00:255:255:10:01:00:02
 remote address: LID 0000 QPN 0x1c58 PSN 0x600725 RKey 0x054400 VAddr 0x007f3cb499f000
 GID: 00:00:00:00:00:00:00:00:00:00:255:255:10:01:00:02
 remote address: LID 0000 QPN 0x1c59 PSN 0xf24ea3 RKey 0x054400 VAddr 0x007f3cb49af000
 GID: 00:00:00:00:00:00:00:00:00:00:255:255:10:01:00:02
 remote address: LID 0000 QPN 0x1c5a PSN 0x6adad RKey 0x054400 VAddr 0x007f3cb49bf000
 GID: 00:00:00:00:00:00:00:00:00:00:255:255:10:01:00:02
 remote address: LID 0000 QPN 0x1c5b PSN 0xa4de7d RKey 0x054400 VAddr 0x007f3cb49cf000
 GID: 00:00:00:00:00:00:00:00:00:00:255:255:10:01:00:02
 remote address: LID 0000 QPN 0x1c5c PSN 0xbb7d3b RKey 0x054400 VAddr 0x007f3cb49df000
 GID: 00:00:00:00:00:00:00:00:00:00:255:255:10:01:00:02
 remote address: LID 0000 QPN 0x1c5d PSN 0xe357f2 RKey 0x054400 VAddr 0x007f3cb49ef000
 GID: 00:00:00:00:00:00:00:00:00:00:255:255:10:01:00:02
 remote address: LID 0000 QPN 0x1c5e PSN 0xc9ecc0 RKey 0x054400 VAddr 0x007f3cb49ff000
 GID: 00:00:00:00:00:00:00:00:00:00:255:255:10:01:00:02
 remote address: LID 0000 QPN 0x1c5f PSN 0x253cb9 RKey 0x054400 VAddr 0x007f3cb4a0f000
 GID: 00:00:00:00:00:00:00:00:00:00:255:255:10:01:00:02
 remote address: LID 0000 QPN 0x1c60 PSN 0x44e037 RKey 0x054400 VAddr 0x007f3cb4a1f000
 GID: 00:00:00:00:00:00:00:00:00:00:255:255:10:01:00:02
 remote address: LID 0000 QPN 0x1c61 PSN 0xa3500e RKey 0x054400 VAddr 0x007f3cb4a2f000
 GID: 00:00:00:00:00:00:00:00:00:00:255:255:10:01:00:02
 remote address: LID 0000 QPN 0x1c62 PSN 0xf02cf6 RKey 0x054400 VAddr 0x007f3cb4a3f000
 GID: 00:00:00:00:00:00:00:00:00:00:255:255:10:01:00:02
 remote address: LID 0000 QPN 0x1c63 PSN 0x3507e5 RKey 0x054400 VAddr 0x007f3cb4a4f000
 GID: 00:00:00:00:00:00:00:00:00:00:255:255:10:01:00:02
 remote address: LID 0000 QPN 0x1c64 PSN 0xd0ecef RKey 0x054400 VAddr 0x007f3cb4a5f000
 GID: 00:00:00:00:00:00:00:00:00:00:255:255:10:01:00:02
 remote address: LID 0000 QPN 0x1c65 PSN 0xd62d8b RKey 0x054400 VAddr 0x007f3cb4a6f000
 GID: 00:00:00:00:00:00:00:00:00:00:255:255:10:01:00:02
 remote address: LID 0000 QPN 0x1c66 PSN 0x6e178c RKey 0x054400 VAddr 0x007f3cb4a7f000
 GID: 00:00:00:00:00:00:00:00:00:00:255:255:10:01:00:02
 remote address: LID 0000 QPN 0x1c67 PSN 0x71f050 RKey 0x054400 VAddr 0x007f3cb4a8f000
 GID: 00:00:00:00:00:00:00:00:00:00:255:255:10:01:00:02
 remote address: LID 0000 QPN 0x1c68 PSN 0xc61811 RKey 0x054400 VAddr 0x007f3cb4a9f000
 GID: 00:00:00:00:00:00:00:00:00:00:255:255:10:01:00:02
 remote address: LID 0000 QPN 0x1c69 PSN 0x8e277d RKey 0x054400 VAddr 0x007f3cb4aaf000
 GID: 00:00:00:00:00:00:00:00:00:00:255:255:10:01:00:02
 remote address: LID 0000 QPN 0x1c6a PSN 0x970f64 RKey 0x054400 VAddr 0x007f3cb4abf000
 GID: 00:00:00:00:00:00:00:00:00:00:255:255:10:01:00:02
 remote address: LID 0000 QPN 0x1c6b PSN 0x330c7c RKey 0x054400 VAddr 0x007f3cb4acf000
 GID: 00:00:00:00:00:00:00:00:00:00:255:255:10:01:00:02
 remote address: LID 0000 QPN 0x1c6c PSN 0xf1a253 RKey 0x054400 VAddr 0x007f3cb4adf000
 GID: 00:00:00:00:00:00:00:00:00:00:255:255:10:01:00:02
 remote address: LID 0000 QPN 0x1c6d PSN 0x423abf RKey 0x054400 VAddr 0x007f3cb4aef000
 GID: 00:00:00:00:00:00:00:00:00:00:255:255:10:01:00:02
 remote address: LID 0000 QPN 0x1c6e PSN 0xc6d91 RKey 0x054400 VAddr 0x007f3cb4aff000
 GID: 00:00:00:00:00:00:00:00:00:00:255:255:10:01:00:02
 remote address: LID 0000 QPN 0x1c6f PSN 0x9a6872 RKey 0x054400 VAddr 0x007f3cb4b0f000
 GID: 00:00:00:00:00:00:00:00:00:00:255:255:10:01:00:02
 remote address: LID 0000 QPN 0x1c70 PSN 0xc47dc1 RKey 0x054400 VAddr 0x007f3cb4b1f000
 GID: 00:00:00:00:00:00:00:00:00:00:255:255:10:01:00:02
 remote address: LID 0000 QPN 0x1c71 PSN 0x5b79df RKey 0x054400 VAddr 0x007f3cb4b2f000
 GID: 00:00:00:00:00:00:00:00:00:00:255:255:10:01:00:02
 remote address: LID 0000 QPN 0x1c72 PSN 0x6cc3f2 RKey 0x054400 VAddr 0x007f3cb4b3f000
 GID: 00:00:00:00:00:00:00:00:00:00:255:255:10:01:00:02
 remote address: LID 0000 QPN 0x1c73 PSN 0x69f0c0 RKey 0x054400 VAddr 0x007f3cb4b4f000
 GID: 00:00:00:00:00:00:00:00:00:00:255:255:10:01:00:02
 remote address: LID 0000 QPN 0x1c74 PSN 0x8ff635 RKey 0x054400 VAddr 0x007f3cb4b5f000
 GID: 00:00:00:00:00:00:00:00:00:00:255:255:10:01:00:02
 remote address: LID 0000 QPN 0x1c75 PSN 0x7731a9 RKey 0x054400 VAddr 0x007f3cb4b6f000
 GID: 00:00:00:00:00:00:00:00:00:00:255:255:10:01:00:02
 remote address: LID 0000 QPN 0x1c76 PSN 0x8967f5 RKey 0x054400 VAddr 0x007f3cb4b7f000
 GID: 00:00:00:00:00:00:00:00:00:00:255:255:10:01:00:02
 remote address: LID 0000 QPN 0x1c77 PSN 0x51d311 RKey 0x054400 VAddr 0x007f3cb4b8f000
 GID: 00:00:00:00:00:00:00:00:00:00:255:255:10:01:00:02
 remote address: LID 0000 QPN 0x1c78 PSN 0xa72ee5 RKey 0x054400 VAddr 0x007f3cb4b9f000
 GID: 00:00:00:00:00:00:00:00:00:00:255:255:10:01:00:02
 remote address: LID 0000 QPN 0x1c79 PSN 0x128c4e RKey 0x054400 VAddr 0x007f3cb4baf000
 GID: 00:00:00:00:00:00:00:00:00:00:255:255:10:01:00:02
 remote address: LID 0000 QPN 0x1c7a PSN 0xcaa77d RKey 0x054400 VAddr 0x007f3cb4bbf000
 GID: 00:00:00:00:00:00:00:00:00:00:255:255:10:01:00:02
 remote address: LID 0000 QPN 0x1c7b PSN 0x760e67 RKey 0x054400 VAddr 0x007f3cb4bcf000
 GID: 00:00:00:00:00:00:00:00:00:00:255:255:10:01:00:02
 remote address: LID 0000 QPN 0x1c7c PSN 0x49a716 RKey 0x054400 VAddr 0x007f3cb4bdf000
 GID: 00:00:00:00:00:00:00:00:00:00:255:255:10:01:00:02
 remote address: LID 0000 QPN 0x1c7d PSN 0xb4fd31 RKey 0x054400 VAddr 0x007f3cb4bef000
 GID: 00:00:00:00:00:00:00:00:00:00:255:255:10:01:00:02
 remote address: LID 0000 QPN 0x1c7e PSN 0x4f29de RKey 0x054400 VAddr 0x007f3cb4bff000
 GID: 00:00:00:00:00:00:00:00:00:00:255:255:10:01:00:02
 remote address: LID 0000 QPN 0x1c7f PSN 0xca8cf7 RKey 0x054400 VAddr 0x007f3cb4c0f000
 GID: 00:00:00:00:00:00:00:00:00:00:255:255:10:01:00:02
 remote address: LID 0000 QPN 0x1c80 PSN 0xc17ef RKey 0x054400 VAddr 0x007f3cb4c1f000
 GID: 00:00:00:00:00:00:00:00:00:00:255:255:10:01:00:02
 remote address: LID 0000 QPN 0x1c81 PSN 0x795f4f RKey 0x054400 VAddr 0x007f3cb4c2f000
 GID: 00:00:00:00:00:00:00:00:00:00:255:255:10:01:00:02
 remote address: LID 0000 QPN 0x1c82 PSN 0x591f05 RKey 0x054400 VAddr 0x007f3cb4c3f000
 GID: 00:00:00:00:00:00:00:00:00:00:255:255:10:01:00:02
 remote address: LID 0000 QPN 0x1c83 PSN 0x40c1a1 RKey 0x054400 VAddr 0x007f3cb4c4f000
 GID: 00:00:00:00:00:00:00:00:00:00:255:255:10:01:00:02
 remote address: LID 0000 QPN 0x1c84 PSN 0x381d68 RKey 0x054400 VAddr 0x007f3cb4c5f000
 GID: 00:00:00:00:00:00:00:00:00:00:255:255:10:01:00:02
 remote address: LID 0000 QPN 0x1c85 PSN 0xaa5048 RKey 0x054400 VAddr 0x007f3cb4c6f000
 GID: 00:00:00:00:00:00:00:00:00:00:255:255:10:01:00:02
 remote address: LID 0000 QPN 0x1c86 PSN 0xe3feb5 RKey 0x054400 VAddr 0x007f3cb4c7f000
 GID: 00:00:00:00:00:00:00:00:00:00:255:255:10:01:00:02
 remote address: LID 0000 QPN 0x1c87 PSN 0x37630a RKey 0x054400 VAddr 0x007f3cb4c8f000
 GID: 00:00:00:00:00:00:00:00:00:00:255:255:10:01:00:02
 remote address: LID 0000 QPN 0x1c88 PSN 0x703c61 RKey 0x054400 VAddr 0x007f3cb4c9f000
 GID: 00:00:00:00:00:00:00:00:00:00:255:255:10:01:00:02
 remote address: LID 0000 QPN 0x1c89 PSN 0xa4f20e RKey 0x054400 VAddr 0x007f3cb4caf000
 GID: 00:00:00:00:00:00:00:00:00:00:255:255:10:01:00:02
 remote address: LID 0000 QPN 0x1c8a PSN 0xe7b9ec RKey 0x054400 VAddr 0x007f3cb4cbf000
 GID: 00:00:00:00:00:00:00:00:00:00:255:255:10:01:00:02
 remote address: LID 0000 QPN 0x1c8b PSN 0xcc7e58 RKey 0x054400 VAddr 0x007f3cb4ccf000
 GID: 00:00:00:00:00:00:00:00:00:00:255:255:10:01:00:02
 remote address: LID 0000 QPN 0x1c8c PSN 0xecf7cf RKey 0x054400 VAddr 0x007f3cb4cdf000
 GID: 00:00:00:00:00:00:00:00:00:00:255:255:10:01:00:02
 remote address: LID 0000 QPN 0x1c8d PSN 0xfddd29 RKey 0x054400 VAddr 0x007f3cb4cef000
 GID: 00:00:00:00:00:00:00:00:00:00:255:255:10:01:00:02
 remote address: LID 0000 QPN 0x1c8e PSN 0xfa6064 RKey 0x054400 VAddr 0x007f3cb4cff000
 GID: 00:00:00:00:00:00:00:00:00:00:255:255:10:01:00:02
 remote address: LID 0000 QPN 0x1c8f PSN 0x3bbb89 RKey 0x054400 VAddr 0x007f3cb4d0f000
 GID: 00:00:00:00:00:00:00:00:00:00:255:255:10:01:00:02
 remote address: LID 0000 QPN 0x1c90 PSN 0xc711 RKey 0x054400 VAddr 0x007f3cb4d1f000
 GID: 00:00:00:00:00:00:00:00:00:00:255:255:10:01:00:02
 remote address: LID 0000 QPN 0x1c91 PSN 0x96ada4 RKey 0x054400 VAddr 0x007f3cb4d2f000
 GID: 00:00:00:00:00:00:00:00:00:00:255:255:10:01:00:02
 remote address: LID 0000 QPN 0x1c92 PSN 0xcf5c35 RKey 0x054400 VAddr 0x007f3cb4d3f000
 GID: 00:00:00:00:00:00:00:00:00:00:255:255:10:01:00:02
 remote address: LID 0000 QPN 0x1c93 PSN 0xf64d70 RKey 0x054400 VAddr 0x007f3cb4d4f000
 GID: 00:00:00:00:00:00:00:00:00:00:255:255:10:01:00:02
 remote address: LID 0000 QPN 0x1c94 PSN 0x5bdf61 RKey 0x054400 VAddr 0x007f3cb4d5f000
 GID: 00:00:00:00:00:00:00:00:00:00:255:255:10:01:00:02
 remote address: LID 0000 QPN 0x1c95 PSN 0x8f3498 RKey 0x054400 VAddr 0x007f3cb4d6f000
 GID: 00:00:00:00:00:00:00:00:00:00:255:255:10:01:00:02
 remote address: LID 0000 QPN 0x1c96 PSN 0xa38597 RKey 0x054400 VAddr 0x007f3cb4d7f000
 GID: 00:00:00:00:00:00:00:00:00:00:255:255:10:01:00:02
 remote address: LID 0000 QPN 0x1c97 PSN 0x3fa74e RKey 0x054400 VAddr 0x007f3cb4d8f000
 GID: 00:00:00:00:00:00:00:00:00:00:255:255:10:01:00:02
 remote address: LID 0000 QPN 0x1c98 PSN 0xe5e265 RKey 0x054400 VAddr 0x007f3cb4d9f000
 GID: 00:00:00:00:00:00:00:00:00:00:255:255:10:01:00:02
 remote address: LID 0000 QPN 0x1c99 PSN 0x63f852 RKey 0x054400 VAddr 0x007f3cb4daf000
 GID: 00:00:00:00:00:00:00:00:00:00:255:255:10:01:00:02
 remote address: LID 0000 QPN 0x1c9a PSN 0x1770c6 RKey 0x054400 VAddr 0x007f3cb4dbf000
 GID: 00:00:00:00:00:00:00:00:00:00:255:255:10:01:00:02
 remote address: LID 0000 QPN 0x1c9b PSN 0x71b209 RKey 0x054400 VAddr 0x007f3cb4dcf000
 GID: 00:00:00:00:00:00:00:00:00:00:255:255:10:01:00:02
 remote address: LID 0000 QPN 0x1c9c PSN 0x12a3e5 RKey 0x054400 VAddr 0x007f3cb4ddf000
 GID: 00:00:00:00:00:00:00:00:00:00:255:255:10:01:00:02
 remote address: LID 0000 QPN 0x1c9d PSN 0xbc4d24 RKey 0x054400 VAddr 0x007f3cb4def000
 GID: 00:00:00:00:00:00:00:00:00:00:255:255:10:01:00:02
 remote address: LID 0000 QPN 0x1c9e PSN 0x6d77fe RKey 0x054400 VAddr 0x007f3cb4dff000
 GID: 00:00:00:00:00:00:00:00:00:00:255:255:10:01:00:02
 remote address: LID 0000 QPN 0x1c9f PSN 0x3cdb0b RKey 0x054400 VAddr 0x007f3cb4e0f000
 GID: 00:00:00:00:00:00:00:00:00:00:255:255:10:01:00:02
 remote address: LID 0000 QPN 0x1ca0 PSN 0x785898 RKey 0x054400 VAddr 0x007f3cb4e1f000
 GID: 00:00:00:00:00:00:00:00:00:00:255:255:10:01:00:02
 remote address: LID 0000 QPN 0x1ca1 PSN 0x4f0c5 RKey 0x054400 VAddr 0x007f3cb4e2f000
 GID: 00:00:00:00:00:00:00:00:00:00:255:255:10:01:00:02
 remote address: LID 0000 QPN 0x1ca2 PSN 0xb723a6 RKey 0x054400 VAddr 0x007f3cb4e3f000
 GID: 00:00:00:00:00:00:00:00:00:00:255:255:10:01:00:02
 remote address: LID 0000 QPN 0x1ca3 PSN 0xe3f6ba RKey 0x054400 VAddr 0x007f3cb4e4f000
 GID: 00:00:00:00:00:00:00:00:00:00:255:255:10:01:00:02
 remote address: LID 0000 QPN 0x1ca4 PSN 0x40a017 RKey 0x054400 VAddr 0x007f3cb4e5f000
 GID: 00:00:00:00:00:00:00:00:00:00:255:255:10:01:00:02
 remote address: LID 0000 QPN 0x1ca5 PSN 0x98b265 RKey 0x054400 VAddr 0x007f3cb4e6f000
 GID: 00:00:00:00:00:00:00:00:00:00:255:255:10:01:00:02
 remote address: LID 0000 QPN 0x1ca6 PSN 0x55b289 RKey 0x054400 VAddr 0x007f3cb4e7f000
 GID: 00:00:00:00:00:00:00:00:00:00:255:255:10:01:00:02
 remote address: LID 0000 QPN 0x1ca7 PSN 0x39908f RKey 0x054400 VAddr 0x007f3cb4e8f000
 GID: 00:00:00:00:00:00:00:00:00:00:255:255:10:01:00:02
 remote address: LID 0000 QPN 0x1ca8 PSN 0xf2fbf3 RKey 0x054400 VAddr 0x007f3cb4e9f000
 GID: 00:00:00:00:00:00:00:00:00:00:255:255:10:01:00:02
 remote address: LID 0000 QPN 0x1ca9 PSN 0x875152 RKey 0x054400 VAddr 0x007f3cb4eaf000
 GID: 00:00:00:00:00:00:00:00:00:00:255:255:10:01:00:02
 remote address: LID 0000 QPN 0x1caa PSN 0x6ba43f RKey 0x054400 VAddr 0x007f3cb4ebf000
 GID: 00:00:00:00:00:00:00:00:00:00:255:255:10:01:00:02
 remote address: LID 0000 QPN 0x1cab PSN 0xa3e2d5 RKey 0x054400 VAddr 0x007f3cb4ecf000
 GID: 00:00:00:00:00:00:00:00:00:00:255:255:10:01:00:02
 remote address: LID 0000 QPN 0x1cac PSN 0x2e65e2 RKey 0x054400 VAddr 0x007f3cb4edf000
 GID: 00:00:00:00:00:00:00:00:00:00:255:255:10:01:00:02
 remote address: LID 0000 QPN 0x1cad PSN 0xa35c40 RKey 0x054400 VAddr 0x007f3cb4eef000
 GID: 00:00:00:00:00:00:00:00:00:00:255:255:10:01:00:02
 remote address: LID 0000 QPN 0x1cae PSN 0x9947aa RKey 0x054400 VAddr 0x007f3cb4eff000
 GID: 00:00:00:00:00:00:00:00:00:00:255:255:10:01:00:02
 remote address: LID 0000 QPN 0x1caf PSN 0x465000 RKey 0x054400 VAddr 0x007f3cb4f0f000
 GID: 00:00:00:00:00:00:00:00:00:00:255:255:10:01:00:02
 remote address: LID 0000 QPN 0x1cb0 PSN 0x50d714 RKey 0x054400 VAddr 0x007f3cb4f1f000
 GID: 00:00:00:00:00:00:00:00:00:00:255:255:10:01:00:02
 remote address: LID 0000 QPN 0x1cb1 PSN 0x27b38 RKey 0x054400 VAddr 0x007f3cb4f2f000
 GID: 00:00:00:00:00:00:00:00:00:00:255:255:10:01:00:02
 remote address: LID 0000 QPN 0x1cb2 PSN 0xbc6f9c RKey 0x054400 VAddr 0x007f3cb4f3f000
 GID: 00:00:00:00:00:00:00:00:00:00:255:255:10:01:00:02
 remote address: LID 0000 QPN 0x1cb3 PSN 0x42d7a8 RKey 0x054400 VAddr 0x007f3cb4f4f000
 GID: 00:00:00:00:00:00:00:00:00:00:255:255:10:01:00:02
 remote address: LID 0000 QPN 0x1cb4 PSN 0xe6b2a4 RKey 0x054400 VAddr 0x007f3cb4f5f000
 GID: 00:00:00:00:00:00:00:00:00:00:255:255:10:01:00:02
 remote address: LID 0000 QPN 0x1cb5 PSN 0x282e20 RKey 0x054400 VAddr 0x007f3cb4f6f000
 GID: 00:00:00:00:00:00:00:00:00:00:255:255:10:01:00:02
 remote address: LID 0000 QPN 0x1cb6 PSN 0x8b8f96 RKey 0x054400 VAddr 0x007f3cb4f7f000
 GID: 00:00:00:00:00:00:00:00:00:00:255:255:10:01:00:02
 remote address: LID 0000 QPN 0x1cb7 PSN 0x73a120 RKey 0x054400 VAddr 0x007f3cb4f8f000
 GID: 00:00:00:00:00:00:00:00:00:00:255:255:10:01:00:02
 remote address: LID 0000 QPN 0x1cb8 PSN 0x29252a RKey 0x054400 VAddr 0x007f3cb4f9f000
 GID: 00:00:00:00:00:00:00:00:00:00:255:255:10:01:00:02
 remote address: LID 0000 QPN 0x1cb9 PSN 0x49a9e3 RKey 0x054400 VAddr 0x007f3cb4faf000
 GID: 00:00:00:00:00:00:00:00:00:00:255:255:10:01:00:02
 remote address: LID 0000 QPN 0x1cba PSN 0xe6a2ab RKey 0x054400 VAddr 0x007f3cb4fbf000
 GID: 00:00:00:00:00:00:00:00:00:00:255:255:10:01:00:02
 remote address: LID 0000 QPN 0x1cbb PSN 0xa455b7 RKey 0x054400 VAddr 0x007f3cb4fcf000
 GID: 00:00:00:00:00:00:00:00:00:00:255:255:10:01:00:02
 remote address: LID 0000 QPN 0x1cbc PSN 0xf1ab6d RKey 0x054400 VAddr 0x007f3cb4fdf000
 GID: 00:00:00:00:00:00:00:00:00:00:255:255:10:01:00:02
 remote address: LID 0000 QPN 0x1cbd PSN 0x1a1e3c RKey 0x054400 VAddr 0x007f3cb4fef000
 GID: 00:00:00:00:00:00:00:00:00:00:255:255:10:01:00:02
 remote address: LID 0000 QPN 0x1cbe PSN 0xbc5e84 RKey 0x054400 VAddr 0x007f3cb4fff000
 GID: 00:00:00:00:00:00:00:00:00:00:255:255:10:01:00:02
 remote address: LID 0000 QPN 0x1cbf PSN 0xd4a48b RKey 0x054400 VAddr 0x007f3cb500f000
 GID: 00:00:00:00:00:00:00:00:00:00:255:255:10:01:00:02
 remote address: LID 0000 QPN 0x1cc0 PSN 0x7a1235 RKey 0x054400 VAddr 0x007f3cb501f000
 GID: 00:00:00:00:00:00:00:00:00:00:255:255:10:01:00:02
 remote address: LID 0000 QPN 0x1cc1 PSN 0xf94e24 RKey 0x054400 VAddr 0x007f3cb502f000
 GID: 00:00:00:00:00:00:00:00:00:00:255:255:10:01:00:02
 remote address: LID 0000 QPN 0x1cc2 PSN 0x88547c RKey 0x054400 VAddr 0x007f3cb503f000
 GID: 00:00:00:00:00:00:00:00:00:00:255:255:10:01:00:02
 remote address: LID 0000 QPN 0x1cc3 PSN 0x8ea05 RKey 0x054400 VAddr 0x007f3cb504f000
 GID: 00:00:00:00:00:00:00:00:00:00:255:255:10:01:00:02
 remote address: LID 0000 QPN 0x1cc4 PSN 0x23613f RKey 0x054400 VAddr 0x007f3cb505f000
 GID: 00:00:00:00:00:00:00:00:00:00:255:255:10:01:00:02
 remote address: LID 0000 QPN 0x1cc5 PSN 0xd304d6 RKey 0x054400 VAddr 0x007f3cb506f000
 GID: 00:00:00:00:00:00:00:00:00:00:255:255:10:01:00:02
 remote address: LID 0000 QPN 0x1cc6 PSN 0xd6c2eb RKey 0x054400 VAddr 0x007f3cb507f000
 GID: 00:00:00:00:00:00:00:00:00:00:255:255:10:01:00:02
 remote address: LID 0000 QPN 0x1cc7 PSN 0x4394f4 RKey 0x054400 VAddr 0x007f3cb508f000
 GID: 00:00:00:00:00:00:00:00:00:00:255:255:10:01:00:02
 remote address: LID 0000 QPN 0x1cc8 PSN 0x73434a RKey 0x054400 VAddr 0x007f3cb509f000
 GID: 00:00:00:00:00:00:00:00:00:00:255:255:10:01:00:02
 remote address: LID 0000 QPN 0x1cc9 PSN 0x1c917b RKey 0x054400 VAddr 0x007f3cb50af000
 GID: 00:00:00:00:00:00:00:00:00:00:255:255:10:01:00:02
 remote address: LID 0000 QPN 0x1cca PSN 0x4f881 RKey 0x054400 VAddr 0x007f3cb50bf000
 GID: 00:00:00:00:00:00:00:00:00:00:255:255:10:01:00:02
 remote address: LID 0000 QPN 0x1ccb PSN 0x118349 RKey 0x054400 VAddr 0x007f3cb50cf000
 GID: 00:00:00:00:00:00:00:00:00:00:255:255:10:01:00:02
 remote address: LID 0000 QPN 0x1ccc PSN 0x9e9d4f RKey 0x054400 VAddr 0x007f3cb50df000
 GID: 00:00:00:00:00:00:00:00:00:00:255:255:10:01:00:02
 remote address: LID 0000 QPN 0x1ccd PSN 0xc61378 RKey 0x054400 VAddr 0x007f3cb50ef000
 GID: 00:00:00:00:00:00:00:00:00:00:255:255:10:01:00:02
 remote address: LID 0000 QPN 0x1cce PSN 0xc14bc8 RKey 0x054400 VAddr 0x007f3cb50ff000
 GID: 00:00:00:00:00:00:00:00:00:00:255:255:10:01:00:02
 remote address: LID 0000 QPN 0x1ccf PSN 0x3d306d RKey 0x054400 VAddr 0x007f3cb510f000
 GID: 00:00:00:00:00:00:00:00:00:00:255:255:10:01:00:02
 remote address: LID 0000 QPN 0x1cd0 PSN 0x7126cd RKey 0x054400 VAddr 0x007f3cb511f000
 GID: 00:00:00:00:00:00:00:00:00:00:255:255:10:01:00:02
 remote address: LID 0000 QPN 0x1cd1 PSN 0x480150 RKey 0x054400 VAddr 0x007f3cb512f000
 GID: 00:00:00:00:00:00:00:00:00:00:255:255:10:01:00:02
 remote address: LID 0000 QPN 0x1cd2 PSN 0xbbc8cb RKey 0x054400 VAddr 0x007f3cb513f000
 GID: 00:00:00:00:00:00:00:00:00:00:255:255:10:01:00:02
 remote address: LID 0000 QPN 0x1cd3 PSN 0x602f3b RKey 0x054400 VAddr 0x007f3cb514f000
 GID: 00:00:00:00:00:00:00:00:00:00:255:255:10:01:00:02
 remote address: LID 0000 QPN 0x1cd4 PSN 0x4cf542 RKey 0x054400 VAddr 0x007f3cb515f000
 GID: 00:00:00:00:00:00:00:00:00:00:255:255:10:01:00:02
 remote address: LID 0000 QPN 0x1cd5 PSN 0xd1f436 RKey 0x054400 VAddr 0x007f3cb516f000
 GID: 00:00:00:00:00:00:00:00:00:00:255:255:10:01:00:02
 remote address: LID 0000 QPN 0x1cd6 PSN 0xa8d6d5 RKey 0x054400 VAddr 0x007f3cb517f000
 GID: 00:00:00:00:00:00:00:00:00:00:255:255:10:01:00:02
 remote address: LID 0000 QPN 0x1cd7 PSN 0xc8099d RKey 0x054400 VAddr 0x007f3cb518f000
 GID: 00:00:00:00:00:00:00:00:00:00:255:255:10:01:00:02
 remote address: LID 0000 QPN 0x1cd8 PSN 0x7a0cb6 RKey 0x054400 VAddr 0x007f3cb519f000
 GID: 00:00:00:00:00:00:00:00:00:00:255:255:10:01:00:02
 remote address: LID 0000 QPN 0x1cd9 PSN 0xa66233 RKey 0x054400 VAddr 0x007f3cb51af000
 GID: 00:00:00:00:00:00:00:00:00:00:255:255:10:01:00:02
 remote address: LID 0000 QPN 0x1cda PSN 0x493852 RKey 0x054400 VAddr 0x007f3cb51bf000
 GID: 00:00:00:00:00:00:00:00:00:00:255:255:10:01:00:02
 remote address: LID 0000 QPN 0x1cdb PSN 0x1b3fc6 RKey 0x054400 VAddr 0x007f3cb51cf000
 GID: 00:00:00:00:00:00:00:00:00:00:255:255:10:01:00:02
 remote address: LID 0000 QPN 0x1cdc PSN 0x2d2770 RKey 0x054400 VAddr 0x007f3cb51df000
 GID: 00:00:00:00:00:00:00:00:00:00:255:255:10:01:00:02
 remote address: LID 0000 QPN 0x1cdd PSN 0x7f90f0 RKey 0x054400 VAddr 0x007f3cb51ef000
 GID: 00:00:00:00:00:00:00:00:00:00:255:255:10:01:00:02
 remote address: LID 0000 QPN 0x1cde PSN 0xbee6d3 RKey 0x054400 VAddr 0x007f3cb51ff000
 GID: 00:00:00:00:00:00:00:00:00:00:255:255:10:01:00:02
 remote address: LID 0000 QPN 0x1cdf PSN 0xfcc109 RKey 0x054400 VAddr 0x007f3cb520f000
 GID: 00:00:00:00:00:00:00:00:00:00:255:255:10:01:00:02
 remote address: LID 0000 QPN 0x1ce0 PSN 0xae06cc RKey 0x054400 VAddr 0x007f3cb521f000
 GID: 00:00:00:00:00:00:00:00:00:00:255:255:10:01:00:02
 remote address: LID 0000 QPN 0x1ce1 PSN 0x14ab21 RKey 0x054400 VAddr 0x007f3cb522f000
 GID: 00:00:00:00:00:00:00:00:00:00:255:255:10:01:00:02
 remote address: LID 0000 QPN 0x1ce2 PSN 0x2c6d2d RKey 0x054400 VAddr 0x007f3cb523f000
 GID: 00:00:00:00:00:00:00:00:00:00:255:255:10:01:00:02
 remote address: LID 0000 QPN 0x1ce3 PSN 0x37d855 RKey 0x054400 VAddr 0x007f3cb524f000
 GID: 00:00:00:00:00:00:00:00:00:00:255:255:10:01:00:02
 remote address: LID 0000 QPN 0x1ce4 PSN 0xf8bf25 RKey 0x054400 VAddr 0x007f3cb525f000
 GID: 00:00:00:00:00:00:00:00:00:00:255:255:10:01:00:02
 remote address: LID 0000 QPN 0x1ce5 PSN 0x1a828e RKey 0x054400 VAddr 0x007f3cb526f000
 GID: 00:00:00:00:00:00:00:00:00:00:255:255:10:01:00:02
 remote address: LID 0000 QPN 0x1ce6 PSN 0x9481c0 RKey 0x054400 VAddr 0x007f3cb527f000
 GID: 00:00:00:00:00:00:00:00:00:00:255:255:10:01:00:02
 remote address: LID 0000 QPN 0x1ce7 PSN 0x64264e RKey 0x054400 VAddr 0x007f3cb528f000
 GID: 00:00:00:00:00:00:00:00:00:00:255:255:10:01:00:02
 remote address: LID 0000 QPN 0x1ce8 PSN 0x3a90ec RKey 0x054400 VAddr 0x007f3cb529f000
 GID: 00:00:00:00:00:00:00:00:00:00:255:255:10:01:00:02
 remote address: LID 0000 QPN 0x1ce9 PSN 0xa28bf RKey 0x054400 VAddr 0x007f3cb52af000
 GID: 00:00:00:00:00:00:00:00:00:00:255:255:10:01:00:02
 remote address: LID 0000 QPN 0x1cea PSN 0x49c2d5 RKey 0x054400 VAddr 0x007f3cb52bf000
 GID: 00:00:00:00:00:00:00:00:00:00:255:255:10:01:00:02
 remote address: LID 0000 QPN 0x1ceb PSN 0x10e308 RKey 0x054400 VAddr 0x007f3cb52cf000
 GID: 00:00:00:00:00:00:00:00:00:00:255:255:10:01:00:02
 remote address: LID 0000 QPN 0x1cec PSN 0xc200da RKey 0x054400 VAddr 0x007f3cb52df000
 GID: 00:00:00:00:00:00:00:00:00:00:255:255:10:01:00:02
 remote address: LID 0000 QPN 0x1ced PSN 0x302844 RKey 0x054400 VAddr 0x007f3cb52ef000
 GID: 00:00:00:00:00:00:00:00:00:00:255:255:10:01:00:02
 remote address: LID 0000 QPN 0x1cee PSN 0x1a9721 RKey 0x054400 VAddr 0x007f3cb52ff000
 GID: 00:00:00:00:00:00:00:00:00:00:255:255:10:01:00:02
 remote address: LID 0000 QPN 0x1cef PSN 0x4162 RKey 0x054400 VAddr 0x007f3cb530f000
 GID: 00:00:00:00:00:00:00:00:00:00:255:255:10:01:00:02
 remote address: LID 0000 QPN 0x1cf0 PSN 0x830142 RKey 0x054400 VAddr 0x007f3cb531f000
 GID: 00:00:00:00:00:00:00:00:00:00:255:255:10:01:00:02
 remote address: LID 0000 QPN 0x1cf1 PSN 0xa9c89e RKey 0x054400 VAddr 0x007f3cb532f000
 GID: 00:00:00:00:00:00:00:00:00:00:255:255:10:01:00:02
 remote address: LID 0000 QPN 0x1cf2 PSN 0xe35467 RKey 0x054400 VAddr 0x007f3cb533f000
 GID: 00:00:00:00:00:00:00:00:00:00:255:255:10:01:00:02
 remote address: LID 0000 QPN 0x1cf3 PSN 0x6f6dfd RKey 0x054400 VAddr 0x007f3cb534f000
 GID: 00:00:00:00:00:00:00:00:00:00:255:255:10:01:00:02
 remote address: LID 0000 QPN 0x1cf4 PSN 0x4b1e7f RKey 0x054400 VAddr 0x007f3cb535f000
 GID: 00:00:00:00:00:00:00:00:00:00:255:255:10:01:00:02
 remote address: LID 0000 QPN 0x1cf5 PSN 0xa266ce RKey 0x054400 VAddr 0x007f3cb536f000
 GID: 00:00:00:00:00:00:00:00:00:00:255:255:10:01:00:02
 remote address: LID 0000 QPN 0x1cf6 PSN 0x70ee39 RKey 0x054400 VAddr 0x007f3cb537f000
 GID: 00:00:00:00:00:00:00:00:00:00:255:255:10:01:00:02
 remote address: LID 0000 QPN 0x1cf7 PSN 0x7543d8 RKey 0x054400 VAddr 0x007f3cb538f000
 GID: 00:00:00:00:00:00:00:00:00:00:255:255:10:01:00:02
 remote address: LID 0000 QPN 0x1cf8 PSN 0x4ec08d RKey 0x054400 VAddr 0x007f3cb539f000
 GID: 00:00:00:00:00:00:00:00:00:00:255:255:10:01:00:02
 remote address: LID 0000 QPN 0x1cf9 PSN 0xf98c77 RKey 0x054400 VAddr 0x007f3cb53af000
 GID: 00:00:00:00:00:00:00:00:00:00:255:255:10:01:00:02
 remote address: LID 0000 QPN 0x1cfa PSN 0xc08ede RKey 0x054400 VAddr 0x007f3cb53bf000
 GID: 00:00:00:00:00:00:00:00:00:00:255:255:10:01:00:02
 remote address: LID 0000 QPN 0x1cfb PSN 0xc97089 RKey 0x054400 VAddr 0x007f3cb53cf000
 GID: 00:00:00:00:00:00:00:00:00:00:255:255:10:01:00:02
 remote address: LID 0000 QPN 0x1cfc PSN 0xf7b3b4 RKey 0x054400 VAddr 0x007f3cb53df000
 GID: 00:00:00:00:00:00:00:00:00:00:255:255:10:01:00:02
 remote address: LID 0000 QPN 0x1cfd PSN 0x1b0fb2 RKey 0x054400 VAddr 0x007f3cb53ef000
 GID: 00:00:00:00:00:00:00:00:00:00:255:255:10:01:00:02
 remote address: LID 0000 QPN 0x1cfe PSN 0xcc9c4f RKey 0x054400 VAddr 0x007f3cb53ff000
 GID: 00:00:00:00:00:00:00:00:00:00:255:255:10:01:00:02
 remote address: LID 0000 QPN 0x1cff PSN 0x67621a RKey 0x054400 VAddr 0x007f3cb540f000
 GID: 00:00:00:00:00:00:00:00:00:00:255:255:10:01:00:02
 remote address: LID 0000 QPN 0x1d00 PSN 0xee4a5f RKey 0x054400 VAddr 0x007f3cb541f000
 GID: 00:00:00:00:00:00:00:00:00:00:255:255:10:01:00:02
 remote address: LID 0000 QPN 0x1d01 PSN 0xdd256e RKey 0x054400 VAddr 0x007f3cb542f000
 GID: 00:00:00:00:00:00:00:00:00:00:255:255:10:01:00:02
 remote address: LID 0000 QPN 0x1d02 PSN 0x5dcb5c RKey 0x054400 VAddr 0x007f3cb543f000
 GID: 00:00:00:00:00:00:00:00:00:00:255:255:10:01:00:02
 remote address: LID 0000 QPN 0x1d03 PSN 0x1bf87e RKey 0x054400 VAddr 0x007f3cb544f000
 GID: 00:00:00:00:00:00:00:00:00:00:255:255:10:01:00:02
 remote address: LID 0000 QPN 0x1d04 PSN 0x598a0b RKey 0x054400 VAddr 0x007f3cb545f000
 GID: 00:00:00:00:00:00:00:00:00:00:255:255:10:01:00:02
 remote address: LID 0000 QPN 0x1d05 PSN 0x4cf082 RKey 0x054400 VAddr 0x007f3cb546f000
 GID: 00:00:00:00:00:00:00:00:00:00:255:255:10:01:00:02
 remote address: LID 0000 QPN 0x1d06 PSN 0xdf02ec RKey 0x054400 VAddr 0x007f3cb547f000
 GID: 00:00:00:00:00:00:00:00:00:00:255:255:10:01:00:02
 remote address: LID 0000 QPN 0x1d07 PSN 0xc294af RKey 0x054400 VAddr 0x007f3cb548f000
 GID: 00:00:00:00:00:00:00:00:00:00:255:255:10:01:00:02
 remote address: LID 0000 QPN 0x1d08 PSN 0x67f55b RKey 0x054400 VAddr 0x007f3cb549f000
 GID: 00:00:00:00:00:00:00:00:00:00:255:255:10:01:00:02
 remote address: LID 0000 QPN 0x1d09 PSN 0x10b751 RKey 0x054400 VAddr 0x007f3cb54af000
 GID: 00:00:00:00:00:00:00:00:00:00:255:255:10:01:00:02
 remote address: LID 0000 QPN 0x1d0a PSN 0x1cf161 RKey 0x054400 VAddr 0x007f3cb54bf000
 GID: 00:00:00:00:00:00:00:00:00:00:255:255:10:01:00:02
 remote address: LID 0000 QPN 0x1d0b PSN 0x65bf65 RKey 0x054400 VAddr 0x007f3cb54cf000
 GID: 00:00:00:00:00:00:00:00:00:00:255:255:10:01:00:02
 remote address: LID 0000 QPN 0x1d0c PSN 0x79a548 RKey 0x054400 VAddr 0x007f3cb54df000
 GID: 00:00:00:00:00:00:00:00:00:00:255:255:10:01:00:02
 remote address: LID 0000 QPN 0x1d0d PSN 0xf8a19 RKey 0x054400 VAddr 0x007f3cb54ef000
 GID: 00:00:00:00:00:00:00:00:00:00:255:255:10:01:00:02
 remote address: LID 0000 QPN 0x1d0e PSN 0x46561a RKey 0x054400 VAddr 0x007f3cb54ff000
 GID: 00:00:00:00:00:00:00:00:00:00:255:255:10:01:00:02
 remote address: LID 0000 QPN 0x1d0f PSN 0x414174 RKey 0x054400 VAddr 0x007f3cb550f000
 GID: 00:00:00:00:00:00:00:00:00:00:255:255:10:01:00:02
 remote address: LID 0000 QPN 0x1d10 PSN 0xdd8375 RKey 0x054400 VAddr 0x007f3cb551f000
 GID: 00:00:00:00:00:00:00:00:00:00:255:255:10:01:00:02
 remote address: LID 0000 QPN 0x1d11 PSN 0xc3d8 RKey 0x054400 VAddr 0x007f3cb552f000
 GID: 00:00:00:00:00:00:00:00:00:00:255:255:10:01:00:02
 remote address: LID 0000 QPN 0x1d12 PSN 0x902112 RKey 0x054400 VAddr 0x007f3cb553f000
 GID: 00:00:00:00:00:00:00:00:00:00:255:255:10:01:00:02
 remote address: LID 0000 QPN 0x1d13 PSN 0x6727c3 RKey 0x054400 VAddr 0x007f3cb554f000
 GID: 00:00:00:00:00:00:00:00:00:00:255:255:10:01:00:02
 remote address: LID 0000 QPN 0x1d14 PSN 0x1e97a0 RKey 0x054400 VAddr 0x007f3cb555f000
 GID: 00:00:00:00:00:00:00:00:00:00:255:255:10:01:00:02
 remote address: LID 0000 QPN 0x1d15 PSN 0x26fdb RKey 0x054400 VAddr 0x007f3cb556f000
 GID: 00:00:00:00:00:00:00:00:00:00:255:255:10:01:00:02
 remote address: LID 0000 QPN 0x1d16 PSN 0xb0aaa5 RKey 0x054400 VAddr 0x007f3cb557f000
 GID: 00:00:00:00:00:00:00:00:00:00:255:255:10:01:00:02
 remote address: LID 0000 QPN 0x1d17 PSN 0x26cce4 RKey 0x054400 VAddr 0x007f3cb558f000
 GID: 00:00:00:00:00:00:00:00:00:00:255:255:10:01:00:02
 remote address: LID 0000 QPN 0x1d18 PSN 0x7b7a35 RKey 0x054400 VAddr 0x007f3cb559f000
 GID: 00:00:00:00:00:00:00:00:00:00:255:255:10:01:00:02
 remote address: LID 0000 QPN 0x1d19 PSN 0xfc3de4 RKey 0x054400 VAddr 0x007f3cb55af000
 GID: 00:00:00:00:00:00:00:00:00:00:255:255:10:01:00:02
 remote address: LID 0000 QPN 0x1d1a PSN 0x176573 RKey 0x054400 VAddr 0x007f3cb55bf000
 GID: 00:00:00:00:00:00:00:00:00:00:255:255:10:01:00:02
 remote address: LID 0000 QPN 0x1d1b PSN 0xeca255 RKey 0x054400 VAddr 0x007f3cb55cf000
 GID: 00:00:00:00:00:00:00:00:00:00:255:255:10:01:00:02
 remote address: LID 0000 QPN 0x1d1c PSN 0x711dfd RKey 0x054400 VAddr 0x007f3cb55df000
 GID: 00:00:00:00:00:00:00:00:00:00:255:255:10:01:00:02
 remote address: LID 0000 QPN 0x1d1d PSN 0x54ef7 RKey 0x054400 VAddr 0x007f3cb55ef000
 GID: 00:00:00:00:00:00:00:00:00:00:255:255:10:01:00:02
 remote address: LID 0000 QPN 0x1d1e PSN 0x7a8c5d RKey 0x054400 VAddr 0x007f3cb55ff000
 GID: 00:00:00:00:00:00:00:00:00:00:255:255:10:01:00:02
 remote address: LID 0000 QPN 0x1d1f PSN 0xc31352 RKey 0x054400 VAddr 0x007f3cb560f000
 GID: 00:00:00:00:00:00:00:00:00:00:255:255:10:01:00:02
 remote address: LID 0000 QPN 0x1d20 PSN 0x6342f3 RKey 0x054400 VAddr 0x007f3cb561f000
 GID: 00:00:00:00:00:00:00:00:00:00:255:255:10:01:00:02
 remote address: LID 0000 QPN 0x1d21 PSN 0xddc4c1 RKey 0x054400 VAddr 0x007f3cb562f000
 GID: 00:00:00:00:00:00:00:00:00:00:255:255:10:01:00:02
 remote address: LID 0000 QPN 0x1d22 PSN 0x2a6ead RKey 0x054400 VAddr 0x007f3cb563f000
 GID: 00:00:00:00:00:00:00:00:00:00:255:255:10:01:00:02
 remote address: LID 0000 QPN 0x1d23 PSN 0x887b55 RKey 0x054400 VAddr 0x007f3cb564f000
 GID: 00:00:00:00:00:00:00:00:00:00:255:255:10:01:00:02
 remote address: LID 0000 QPN 0x1d24 PSN 0x800437 RKey 0x054400 VAddr 0x007f3cb565f000
 GID: 00:00:00:00:00:00:00:00:00:00:255:255:10:01:00:02
 remote address: LID 0000 QPN 0x1d25 PSN 0x719da6 RKey 0x054400 VAddr 0x007f3cb566f000
 GID: 00:00:00:00:00:00:00:00:00:00:255:255:10:01:00:02
 remote address: LID 0000 QPN 0x1d26 PSN 0xb21c52 RKey 0x054400 VAddr 0x007f3cb567f000
 GID: 00:00:00:00:00:00:00:00:00:00:255:255:10:01:00:02
 remote address: LID 0000 QPN 0x1d27 PSN 0xf3ca2c RKey 0x054400 VAddr 0x007f3cb568f000
 GID: 00:00:00:00:00:00:00:00:00:00:255:255:10:01:00:02
 remote address: LID 0000 QPN 0x1d28 PSN 0x21131c RKey 0x054400 VAddr 0x007f3cb569f000
 GID: 00:00:00:00:00:00:00:00:00:00:255:255:10:01:00:02
 remote address: LID 0000 QPN 0x1d29 PSN 0xe90766 RKey 0x054400 VAddr 0x007f3cb56af000
 GID: 00:00:00:00:00:00:00:00:00:00:255:255:10:01:00:02
 remote address: LID 0000 QPN 0x1d2a PSN 0xc75448 RKey 0x054400 VAddr 0x007f3cb56bf000
 GID: 00:00:00:00:00:00:00:00:00:00:255:255:10:01:00:02
 remote address: LID 0000 QPN 0x1d2b PSN 0x410fb4 RKey 0x054400 VAddr 0x007f3cb56cf000
 GID: 00:00:00:00:00:00:00:00:00:00:255:255:10:01:00:02
 remote address: LID 0000 QPN 0x1d2c PSN 0x44515c RKey 0x054400 VAddr 0x007f3cb56df000
 GID: 00:00:00:00:00:00:00:00:00:00:255:255:10:01:00:02
 remote address: LID 0000 QPN 0x1d2d PSN 0xa2f26a RKey 0x054400 VAddr 0x007f3cb56ef000
 GID: 00:00:00:00:00:00:00:00:00:00:255:255:10:01:00:02
 remote address: LID 0000 QPN 0x1d2e PSN 0x87b716 RKey 0x054400 VAddr 0x007f3cb56ff000
 GID: 00:00:00:00:00:00:00:00:00:00:255:255:10:01:00:02
 remote address: LID 0000 QPN 0x1d2f PSN 0x78c937 RKey 0x054400 VAddr 0x007f3cb570f000
 GID: 00:00:00:00:00:00:00:00:00:00:255:255:10:01:00:02
 remote address: LID 0000 QPN 0x1d30 PSN 0x5e9c6b RKey 0x054400 VAddr 0x007f3cb571f000
 GID: 00:00:00:00:00:00:00:00:00:00:255:255:10:01:00:02
 remote address: LID 0000 QPN 0x1d31 PSN 0x394fb1 RKey 0x054400 VAddr 0x007f3cb572f000
 GID: 00:00:00:00:00:00:00:00:00:00:255:255:10:01:00:02
 remote address: LID 0000 QPN 0x1d32 PSN 0x9f5f71 RKey 0x054400 VAddr 0x007f3cb573f000
 GID: 00:00:00:00:00:00:00:00:00:00:255:255:10:01:00:02
 remote address: LID 0000 QPN 0x1d33 PSN 0x586a60 RKey 0x054400 VAddr 0x007f3cb574f000
 GID: 00:00:00:00:00:00:00:00:00:00:255:255:10:01:00:02
 remote address: LID 0000 QPN 0x1d34 PSN 0xe6bbe8 RKey 0x054400 VAddr 0x007f3cb575f000
 GID: 00:00:00:00:00:00:00:00:00:00:255:255:10:01:00:02
 remote address: LID 0000 QPN 0x1d35 PSN 0xfb0352 RKey 0x054400 VAddr 0x007f3cb576f000
 GID: 00:00:00:00:00:00:00:00:00:00:255:255:10:01:00:02
 remote address: LID 0000 QPN 0x1d36 PSN 0x5522fe RKey 0x054400 VAddr 0x007f3cb577f000
 GID: 00:00:00:00:00:00:00:00:00:00:255:255:10:01:00:02
 remote address: LID 0000 QPN 0x1d37 PSN 0x903bd7 RKey 0x054400 VAddr 0x007f3cb578f000
 GID: 00:00:00:00:00:00:00:00:00:00:255:255:10:01:00:02
 remote address: LID 0000 QPN 0x1d38 PSN 0xa38530 RKey 0x054400 VAddr 0x007f3cb579f000
 GID: 00:00:00:00:00:00:00:00:00:00:255:255:10:01:00:02
 remote address: LID 0000 QPN 0x1d39 PSN 0xbe35ad RKey 0x054400 VAddr 0x007f3cb57af000
 GID: 00:00:00:00:00:00:00:00:00:00:255:255:10:01:00:02
 remote address: LID 0000 QPN 0x1d3a PSN 0xbadd35 RKey 0x054400 VAddr 0x007f3cb57bf000
 GID: 00:00:00:00:00:00:00:00:00:00:255:255:10:01:00:02
 remote address: LID 0000 QPN 0x1d3b PSN 0xf2497d RKey 0x054400 VAddr 0x007f3cb57cf000
 GID: 00:00:00:00:00:00:00:00:00:00:255:255:10:01:00:02
 remote address: LID 0000 QPN 0x1d3c PSN 0x27660d RKey 0x054400 VAddr 0x007f3cb57df000
 GID: 00:00:00:00:00:00:00:00:00:00:255:255:10:01:00:02
 remote address: LID 0000 QPN 0x1d3d PSN 0x2e4d32 RKey 0x054400 VAddr 0x007f3cb57ef000
 GID: 00:00:00:00:00:00:00:00:00:00:255:255:10:01:00:02
 remote address: LID 0000 QPN 0x1d3e PSN 0x844661 RKey 0x054400 VAddr 0x007f3cb57ff000
 GID: 00:00:00:00:00:00:00:00:00:00:255:255:10:01:00:02
 remote address: LID 0000 QPN 0x1d3f PSN 0xefba45 RKey 0x054400 VAddr 0x007f3cb580f000
 GID: 00:00:00:00:00:00:00:00:00:00:255:255:10:01:00:02
 remote address: LID 0000 QPN 0x1d40 PSN 0x14a88c RKey 0x054400 VAddr 0x007f3cb581f000
 GID: 00:00:00:00:00:00:00:00:00:00:255:255:10:01:00:02
 remote address: LID 0000 QPN 0x1d41 PSN 0x637acd RKey 0x054400 VAddr 0x007f3cb582f000
 GID: 00:00:00:00:00:00:00:00:00:00:255:255:10:01:00:02
 remote address: LID 0000 QPN 0x1d42 PSN 0x6cf8c4 RKey 0x054400 VAddr 0x007f3cb583f000
 GID: 00:00:00:00:00:00:00:00:00:00:255:255:10:01:00:02
 remote address: LID 0000 QPN 0x1d43 PSN 0xfd8bad RKey 0x054400 VAddr 0x007f3cb584f000
 GID: 00:00:00:00:00:00:00:00:00:00:255:255:10:01:00:02
 remote address: LID 0000 QPN 0x1d44 PSN 0xe8e1ec RKey 0x054400 VAddr 0x007f3cb585f000
 GID: 00:00:00:00:00:00:00:00:00:00:255:255:10:01:00:02
 remote address: LID 0000 QPN 0x1d45 PSN 0x4662ed RKey 0x054400 VAddr 0x007f3cb586f000
 GID: 00:00:00:00:00:00:00:00:00:00:255:255:10:01:00:02
 remote address: LID 0000 QPN 0x1d46 PSN 0xbe65d7 RKey 0x054400 VAddr 0x007f3cb587f000
 GID: 00:00:00:00:00:00:00:00:00:00:255:255:10:01:00:02
 remote address: LID 0000 QPN 0x1d47 PSN 0xcf4ad8 RKey 0x054400 VAddr 0x007f3cb588f000
 GID: 00:00:00:00:00:00:00:00:00:00:255:255:10:01:00:02
 remote address: LID 0000 QPN 0x1d48 PSN 0x431eb2 RKey 0x054400 VAddr 0x007f3cb589f000
 GID: 00:00:00:00:00:00:00:00:00:00:255:255:10:01:00:02
 remote address: LID 0000 QPN 0x1d49 PSN 0xa10d30 RKey 0x054400 VAddr 0x007f3cb58af000
 GID: 00:00:00:00:00:00:00:00:00:00:255:255:10:01:00:02
 remote address: LID 0000 QPN 0x1d4a PSN 0x909dae RKey 0x054400 VAddr 0x007f3cb58bf000
 GID: 00:00:00:00:00:00:00:00:00:00:255:255:10:01:00:02
 remote address: LID 0000 QPN 0x1d4b PSN 0x66054a RKey 0x054400 VAddr 0x007f3cb58cf000
 GID: 00:00:00:00:00:00:00:00:00:00:255:255:10:01:00:02
 remote address: LID 0000 QPN 0x1d4c PSN 0xff7dda RKey 0x054400 VAddr 0x007f3cb58df000
 GID: 00:00:00:00:00:00:00:00:00:00:255:255:10:01:00:02
 remote address: LID 0000 QPN 0x1d4d PSN 0x66e4ad RKey 0x054400 VAddr 0x007f3cb58ef000
 GID: 00:00:00:00:00:00:00:00:00:00:255:255:10:01:00:02
 remote address: LID 0000 QPN 0x1d4e PSN 0xecea7a RKey 0x054400 VAddr 0x007f3cb58ff000
 GID: 00:00:00:00:00:00:00:00:00:00:255:255:10:01:00:02
 remote address: LID 0000 QPN 0x1d4f PSN 0x5b4b3f RKey 0x054400 VAddr 0x007f3cb590f000
 GID: 00:00:00:00:00:00:00:00:00:00:255:255:10:01:00:02
 remote address: LID 0000 QPN 0x1d50 PSN 0x3c0d28 RKey 0x054400 VAddr 0x007f3cb591f000
 GID: 00:00:00:00:00:00:00:00:00:00:255:255:10:01:00:02
 remote address: LID 0000 QPN 0x1d51 PSN 0x5032dd RKey 0x054400 VAddr 0x007f3cb592f000
 GID: 00:00:00:00:00:00:00:00:00:00:255:255:10:01:00:02
 remote address: LID 0000 QPN 0x1d52 PSN 0x276229 RKey 0x054400 VAddr 0x007f3cb593f000
 GID: 00:00:00:00:00:00:00:00:00:00:255:255:10:01:00:02
 remote address: LID 0000 QPN 0x1d53 PSN 0x33bda8 RKey 0x054400 VAddr 0x007f3cb594f000
 GID: 00:00:00:00:00:00:00:00:00:00:255:255:10:01:00:02
 remote address: LID 0000 QPN 0x1d54 PSN 0x85d89c RKey 0x054400 VAddr 0x007f3cb595f000
 GID: 00:00:00:00:00:00:00:00:00:00:255:255:10:01:00:02
 remote address: LID 0000 QPN 0x1d55 PSN 0x21f26 RKey 0x054400 VAddr 0x007f3cb596f000
 GID: 00:00:00:00:00:00:00:00:00:00:255:255:10:01:00:02
 remote address: LID 0000 QPN 0x1d56 PSN 0xb4b028 RKey 0x054400 VAddr 0x007f3cb597f000
 GID: 00:00:00:00:00:00:00:00:00:00:255:255:10:01:00:02
 remote address: LID 0000 QPN 0x1d57 PSN 0x8241c3 RKey 0x054400 VAddr 0x007f3cb598f000
 GID: 00:00:00:00:00:00:00:00:00:00:255:255:10:01:00:02
 remote address: LID 0000 QPN 0x1d58 PSN 0x2a3f03 RKey 0x054400 VAddr 0x007f3cb599f000
 GID: 00:00:00:00:00:00:00:00:00:00:255:255:10:01:00:02
 remote address: LID 0000 QPN 0x1d59 PSN 0x42dd06 RKey 0x054400 VAddr 0x007f3cb59af000
 GID: 00:00:00:00:00:00:00:00:00:00:255:255:10:01:00:02
 remote address: LID 0000 QPN 0x1d5a PSN 0x937948 RKey 0x054400 VAddr 0x007f3cb59bf000
 GID: 00:00:00:00:00:00:00:00:00:00:255:255:10:01:00:02
 remote address: LID 0000 QPN 0x1d5b PSN 0xdc9456 RKey 0x054400 VAddr 0x007f3cb59cf000
 GID: 00:00:00:00:00:00:00:00:00:00:255:255:10:01:00:02
 remote address: LID 0000 QPN 0x1d5c PSN 0x17bdaa RKey 0x054400 VAddr 0x007f3cb59df000
 GID: 00:00:00:00:00:00:00:00:00:00:255:255:10:01:00:02
 remote address: LID 0000 QPN 0x1d5d PSN 0xca52d8 RKey 0x054400 VAddr 0x007f3cb59ef000
 GID: 00:00:00:00:00:00:00:00:00:00:255:255:10:01:00:02
 remote address: LID 0000 QPN 0x1d5e PSN 0x34dbbe RKey 0x054400 VAddr 0x007f3cb59ff000
 GID: 00:00:00:00:00:00:00:00:00:00:255:255:10:01:00:02
 remote address: LID 0000 QPN 0x1d5f PSN 0xb39687 RKey 0x054400 VAddr 0x007f3cb5a0f000
 GID: 00:00:00:00:00:00:00:00:00:00:255:255:10:01:00:02
 remote address: LID 0000 QPN 0x1d60 PSN 0xfa852e RKey 0x054400 VAddr 0x007f3cb5a1f000
 GID: 00:00:00:00:00:00:00:00:00:00:255:255:10:01:00:02
 remote address: LID 0000 QPN 0x1d61 PSN 0xba2346 RKey 0x054400 VAddr 0x007f3cb5a2f000
 GID: 00:00:00:00:00:00:00:00:00:00:255:255:10:01:00:02
 remote address: LID 0000 QPN 0x1d62 PSN 0xc5ad44 RKey 0x054400 VAddr 0x007f3cb5a3f000
 GID: 00:00:00:00:00:00:00:00:00:00:255:255:10:01:00:02
 remote address: LID 0000 QPN 0x1d63 PSN 0xad4e5b RKey 0x054400 VAddr 0x007f3cb5a4f000
 GID: 00:00:00:00:00:00:00:00:00:00:255:255:10:01:00:02
 remote address: LID 0000 QPN 0x1d64 PSN 0x74496f RKey 0x054400 VAddr 0x007f3cb5a5f000
 GID: 00:00:00:00:00:00:00:00:00:00:255:255:10:01:00:02
 remote address: LID 0000 QPN 0x1d65 PSN 0x4ca34c RKey 0x054400 VAddr 0x007f3cb5a6f000
 GID: 00:00:00:00:00:00:00:00:00:00:255:255:10:01:00:02
 remote address: LID 0000 QPN 0x1d66 PSN 0xf2395e RKey 0x054400 VAddr 0x007f3cb5a7f000
 GID: 00:00:00:00:00:00:00:00:00:00:255:255:10:01:00:02
 remote address: LID 0000 QPN 0x1d67 PSN 0xc434c9 RKey 0x054400 VAddr 0x007f3cb5a8f000
 GID: 00:00:00:00:00:00:00:00:00:00:255:255:10:01:00:02
 remote address: LID 0000 QPN 0x1d68 PSN 0x93dea3 RKey 0x054400 VAddr 0x007f3cb5a9f000
 GID: 00:00:00:00:00:00:00:00:00:00:255:255:10:01:00:02
 remote address: LID 0000 QPN 0x1d69 PSN 0x78e6e4 RKey 0x054400 VAddr 0x007f3cb5aaf000
 GID: 00:00:00:00:00:00:00:00:00:00:255:255:10:01:00:02
 remote address: LID 0000 QPN 0x1d6a PSN 0xd861b7 RKey 0x054400 VAddr 0x007f3cb5abf000
 GID: 00:00:00:00:00:00:00:00:00:00:255:255:10:01:00:02
 remote address: LID 0000 QPN 0x1d6b PSN 0xcf0b7a RKey 0x054400 VAddr 0x007f3cb5acf000
 GID: 00:00:00:00:00:00:00:00:00:00:255:255:10:01:00:02
 remote address: LID 0000 QPN 0x1d6c PSN 0x285586 RKey 0x054400 VAddr 0x007f3cb5adf000
 GID: 00:00:00:00:00:00:00:00:00:00:255:255:10:01:00:02
 remote address: LID 0000 QPN 0x1d6d PSN 0xc2ae54 RKey 0x054400 VAddr 0x007f3cb5aef000
 GID: 00:00:00:00:00:00:00:00:00:00:255:255:10:01:00:02
 remote address: LID 0000 QPN 0x1d6e PSN 0xf822aa RKey 0x054400 VAddr 0x007f3cb5aff000
 GID: 00:00:00:00:00:00:00:00:00:00:255:255:10:01:00:02
 remote address: LID 0000 QPN 0x1d6f PSN 0xce1420 RKey 0x054400 VAddr 0x007f3cb5b0f000
 GID: 00:00:00:00:00:00:00:00:00:00:255:255:10:01:00:02
 remote address: LID 0000 QPN 0x1d70 PSN 0x5468af RKey 0x054400 VAddr 0x007f3cb5b1f000
 GID: 00:00:00:00:00:00:00:00:00:00:255:255:10:01:00:02
 remote address: LID 0000 QPN 0x1d71 PSN 0xcf9e10 RKey 0x054400 VAddr 0x007f3cb5b2f000
 GID: 00:00:00:00:00:00:00:00:00:00:255:255:10:01:00:02
 remote address: LID 0000 QPN 0x1d72 PSN 0xb09ddc RKey 0x054400 VAddr 0x007f3cb5b3f000
 GID: 00:00:00:00:00:00:00:00:00:00:255:255:10:01:00:02
 remote address: LID 0000 QPN 0x1d73 PSN 0xe2370 RKey 0x054400 VAddr 0x007f3cb5b4f000
 GID: 00:00:00:00:00:00:00:00:00:00:255:255:10:01:00:02
 remote address: LID 0000 QPN 0x1d74 PSN 0x22cfe RKey 0x054400 VAddr 0x007f3cb5b5f000
 GID: 00:00:00:00:00:00:00:00:00:00:255:255:10:01:00:02
 remote address: LID 0000 QPN 0x1d75 PSN 0x47cb4d RKey 0x054400 VAddr 0x007f3cb5b6f000
 GID: 00:00:00:00:00:00:00:00:00:00:255:255:10:01:00:02
 remote address: LID 0000 QPN 0x1d76 PSN 0x57ed06 RKey 0x054400 VAddr 0x007f3cb5b7f000
 GID: 00:00:00:00:00:00:00:00:00:00:255:255:10:01:00:02
 remote address: LID 0000 QPN 0x1d77 PSN 0x7fa9bd RKey 0x054400 VAddr 0x007f3cb5b8f000
 GID: 00:00:00:00:00:00:00:00:00:00:255:255:10:01:00:02
 remote address: LID 0000 QPN 0x1d78 PSN 0xa41732 RKey 0x054400 VAddr 0x007f3cb5b9f000
 GID: 00:00:00:00:00:00:00:00:00:00:255:255:10:01:00:02
 remote address: LID 0000 QPN 0x1d79 PSN 0x9e4723 RKey 0x054400 VAddr 0x007f3cb5baf000
 GID: 00:00:00:00:00:00:00:00:00:00:255:255:10:01:00:02
 remote address: LID 0000 QPN 0x1d7a PSN 0x5e1ed0 RKey 0x054400 VAddr 0x007f3cb5bbf000
 GID: 00:00:00:00:00:00:00:00:00:00:255:255:10:01:00:02
 remote address: LID 0000 QPN 0x1d7b PSN 0x276b33 RKey 0x054400 VAddr 0x007f3cb5bcf000
 GID: 00:00:00:00:00:00:00:00:00:00:255:255:10:01:00:02
 remote address: LID 0000 QPN 0x1d7c PSN 0x2f8897 RKey 0x054400 VAddr 0x007f3cb5bdf000
 GID: 00:00:00:00:00:00:00:00:00:00:255:255:10:01:00:02
 remote address: LID 0000 QPN 0x1d7d PSN 0x3ef25d RKey 0x054400 VAddr 0x007f3cb5bef000
 GID: 00:00:00:00:00:00:00:00:00:00:255:255:10:01:00:02
 remote address: LID 0000 QPN 0x1d7e PSN 0x4fdfd9 RKey 0x054400 VAddr 0x007f3cb5bff000
 GID: 00:00:00:00:00:00:00:00:00:00:255:255:10:01:00:02
 remote address: LID 0000 QPN 0x1d7f PSN 0xf041ac RKey 0x054400 VAddr 0x007f3cb5c0f000
 GID: 00:00:00:00:00:00:00:00:00:00:255:255:10:01:00:02
 remote address: LID 0000 QPN 0x1d80 PSN 0x8e34dc RKey 0x054400 VAddr 0x007f3cb5c1f000
 GID: 00:00:00:00:00:00:00:00:00:00:255:255:10:01:00:02
 remote address: LID 0000 QPN 0x1d81 PSN 0xe983e1 RKey 0x054400 VAddr 0x007f3cb5c2f000
 GID: 00:00:00:00:00:00:00:00:00:00:255:255:10:01:00:02
 remote address: LID 0000 QPN 0x1d82 PSN 0x1371d3 RKey 0x054400 VAddr 0x007f3cb5c3f000
 GID: 00:00:00:00:00:00:00:00:00:00:255:255:10:01:00:02
 remote address: LID 0000 QPN 0x1d83 PSN 0xe232 RKey 0x054400 VAddr 0x007f3cb5c4f000
 GID: 00:00:00:00:00:00:00:00:00:00:255:255:10:01:00:02
 remote address: LID 0000 QPN 0x1d84 PSN 0x6d303 RKey 0x054400 VAddr 0x007f3cb5c5f000
 GID: 00:00:00:00:00:00:00:00:00:00:255:255:10:01:00:02
 remote address: LID 0000 QPN 0x1d85 PSN 0x564bb6 RKey 0x054400 VAddr 0x007f3cb5c6f000
 GID: 00:00:00:00:00:00:00:00:00:00:255:255:10:01:00:02
 remote address: LID 0000 QPN 0x1d86 PSN 0x82b2cc RKey 0x054400 VAddr 0x007f3cb5c7f000
 GID: 00:00:00:00:00:00:00:00:00:00:255:255:10:01:00:02
 remote address: LID 0000 QPN 0x1d87 PSN 0xae4012 RKey 0x054400 VAddr 0x007f3cb5c8f000
 GID: 00:00:00:00:00:00:00:00:00:00:255:255:10:01:00:02
 remote address: LID 0000 QPN 0x1d88 PSN 0x72ab71 RKey 0x054400 VAddr 0x007f3cb5c9f000
 GID: 00:00:00:00:00:00:00:00:00:00:255:255:10:01:00:02
 remote address: LID 0000 QPN 0x1d89 PSN 0x3fdcb7 RKey 0x054400 VAddr 0x007f3cb5caf000
 GID: 00:00:00:00:00:00:00:00:00:00:255:255:10:01:00:02
 remote address: LID 0000 QPN 0x1d8a PSN 0xaf1687 RKey 0x054400 VAddr 0x007f3cb5cbf000
 GID: 00:00:00:00:00:00:00:00:00:00:255:255:10:01:00:02
 remote address: LID 0000 QPN 0x1d8b PSN 0xd2c799 RKey 0x054400 VAddr 0x007f3cb5ccf000
 GID: 00:00:00:00:00:00:00:00:00:00:255:255:10:01:00:02
 remote address: LID 0000 QPN 0x1d8c PSN 0x9cb525 RKey 0x054400 VAddr 0x007f3cb5cdf000
 GID: 00:00:00:00:00:00:00:00:00:00:255:255:10:01:00:02
 remote address: LID 0000 QPN 0x1d8d PSN 0x3566d3 RKey 0x054400 VAddr 0x007f3cb5cef000
 GID: 00:00:00:00:00:00:00:00:00:00:255:255:10:01:00:02
 remote address: LID 0000 QPN 0x1d8e PSN 0xc89408 RKey 0x054400 VAddr 0x007f3cb5cff000
 GID: 00:00:00:00:00:00:00:00:00:00:255:255:10:01:00:02
 remote address: LID 0000 QPN 0x1d8f PSN 0x5c4a6e RKey 0x054400 VAddr 0x007f3cb5d0f000
 GID: 00:00:00:00:00:00:00:00:00:00:255:255:10:01:00:02
 remote address: LID 0000 QPN 0x1d90 PSN 0x1405 RKey 0x054400 VAddr 0x007f3cb5d1f000
 GID: 00:00:00:00:00:00:00:00:00:00:255:255:10:01:00:02
 remote address: LID 0000 QPN 0x1d91 PSN 0xcc2bfe RKey 0x054400 VAddr 0x007f3cb5d2f000
 GID: 00:00:00:00:00:00:00:00:00:00:255:255:10:01:00:02
 remote address: LID 0000 QPN 0x1d92 PSN 0xeea92f RKey 0x054400 VAddr 0x007f3cb5d3f000
 GID: 00:00:00:00:00:00:00:00:00:00:255:255:10:01:00:02
 remote address: LID 0000 QPN 0x1d93 PSN 0xe6178b RKey 0x054400 VAddr 0x007f3cb5d4f000
 GID: 00:00:00:00:00:00:00:00:00:00:255:255:10:01:00:02
 remote address: LID 0000 QPN 0x1d94 PSN 0x66ea54 RKey 0x054400 VAddr 0x007f3cb5d5f000
 GID: 00:00:00:00:00:00:00:00:00:00:255:255:10:01:00:02
 remote address: LID 0000 QPN 0x1d95 PSN 0x8319b8 RKey 0x054400 VAddr 0x007f3cb5d6f000
 GID: 00:00:00:00:00:00:00:00:00:00:255:255:10:01:00:02
 remote address: LID 0000 QPN 0x1d96 PSN 0x42b67c RKey 0x054400 VAddr 0x007f3cb5d7f000
 GID: 00:00:00:00:00:00:00:00:00:00:255:255:10:01:00:02
 remote address: LID 0000 QPN 0x1d97 PSN 0xd258da RKey 0x054400 VAddr 0x007f3cb5d8f000
 GID: 00:00:00:00:00:00:00:00:00:00:255:255:10:01:00:02
 remote address: LID 0000 QPN 0x1d98 PSN 0xc78f41 RKey 0x054400 VAddr 0x007f3cb5d9f000
 GID: 00:00:00:00:00:00:00:00:00:00:255:255:10:01:00:02
 remote address: LID 0000 QPN 0x1d99 PSN 0x923138 RKey 0x054400 VAddr 0x007f3cb5daf000
 GID: 00:00:00:00:00:00:00:00:00:00:255:255:10:01:00:02
 remote address: LID 0000 QPN 0x1d9a PSN 0x8514f1 RKey 0x054400 VAddr 0x007f3cb5dbf000
 GID: 00:00:00:00:00:00:00:00:00:00:255:255:10:01:00:02
 remote address: LID 0000 QPN 0x1d9b PSN 0x2d7068 RKey 0x054400 VAddr 0x007f3cb5dcf000
 GID: 00:00:00:00:00:00:00:00:00:00:255:255:10:01:00:02
 remote address: LID 0000 QPN 0x1d9c PSN 0x4d5c98 RKey 0x054400 VAddr 0x007f3cb5ddf000
 GID: 00:00:00:00:00:00:00:00:00:00:255:255:10:01:00:02
 remote address: LID 0000 QPN 0x1d9d PSN 0x900835 RKey 0x054400 VAddr 0x007f3cb5def000
 GID: 00:00:00:00:00:00:00:00:00:00:255:255:10:01:00:02
 remote address: LID 0000 QPN 0x1d9e PSN 0x7a6815 RKey 0x054400 VAddr 0x007f3cb5dff000
 GID: 00:00:00:00:00:00:00:00:00:00:255:255:10:01:00:02
 remote address: LID 0000 QPN 0x1d9f PSN 0x57af48 RKey 0x054400 VAddr 0x007f3cb5e0f000
 GID: 00:00:00:00:00:00:00:00:00:00:255:255:10:01:00:02
 remote address: LID 0000 QPN 0x1da0 PSN 0xdb659b RKey 0x054400 VAddr 0x007f3cb5e1f000
 GID: 00:00:00:00:00:00:00:00:00:00:255:255:10:01:00:02
 remote address: LID 0000 QPN 0x1da1 PSN 0xf24c50 RKey 0x054400 VAddr 0x007f3cb5e2f000
 GID: 00:00:00:00:00:00:00:00:00:00:255:255:10:01:00:02
 remote address: LID 0000 QPN 0x1da2 PSN 0x6cce14 RKey 0x054400 VAddr 0x007f3cb5e3f000
 GID: 00:00:00:00:00:00:00:00:00:00:255:255:10:01:00:02
 remote address: LID 0000 QPN 0x1da3 PSN 0x9d6007 RKey 0x054400 VAddr 0x007f3cb5e4f000
 GID: 00:00:00:00:00:00:00:00:00:00:255:255:10:01:00:02
 remote address: LID 0000 QPN 0x1da4 PSN 0xaa88ec RKey 0x054400 VAddr 0x007f3cb5e5f000
 GID: 00:00:00:00:00:00:00:00:00:00:255:255:10:01:00:02
 remote address: LID 0000 QPN 0x1da5 PSN 0x92d321 RKey 0x054400 VAddr 0x007f3cb5e6f000
 GID: 00:00:00:00:00:00:00:00:00:00:255:255:10:01:00:02
 remote address: LID 0000 QPN 0x1da6 PSN 0x74b004 RKey 0x054400 VAddr 0x007f3cb5e7f000
 GID: 00:00:00:00:00:00:00:00:00:00:255:255:10:01:00:02
 remote address: LID 0000 QPN 0x1da7 PSN 0x2abec7 RKey 0x054400 VAddr 0x007f3cb5e8f000
 GID: 00:00:00:00:00:00:00:00:00:00:255:255:10:01:00:02
 remote address: LID 0000 QPN 0x1da8 PSN 0x96fa1 RKey 0x054400 VAddr 0x007f3cb5e9f000
 GID: 00:00:00:00:00:00:00:00:00:00:255:255:10:01:00:02
 remote address: LID 0000 QPN 0x1da9 PSN 0x3160dc RKey 0x054400 VAddr 0x007f3cb5eaf000
 GID: 00:00:00:00:00:00:00:00:00:00:255:255:10:01:00:02
 remote address: LID 0000 QPN 0x1daa PSN 0xef1442 RKey 0x054400 VAddr 0x007f3cb5ebf000
 GID: 00:00:00:00:00:00:00:00:00:00:255:255:10:01:00:02
 remote address: LID 0000 QPN 0x1dab PSN 0xc918fa RKey 0x054400 VAddr 0x007f3cb5ecf000
 GID: 00:00:00:00:00:00:00:00:00:00:255:255:10:01:00:02
 remote address: LID 0000 QPN 0x1dac PSN 0xdc2b7a RKey 0x054400 VAddr 0x007f3cb5edf000
 GID: 00:00:00:00:00:00:00:00:00:00:255:255:10:01:00:02
 remote address: LID 0000 QPN 0x1dad PSN 0x2efa0 RKey 0x054400 VAddr 0x007f3cb5eef000
 GID: 00:00:00:00:00:00:00:00:00:00:255:255:10:01:00:02
 remote address: LID 0000 QPN 0x1dae PSN 0xc374fb RKey 0x054400 VAddr 0x007f3cb5eff000
 GID: 00:00:00:00:00:00:00:00:00:00:255:255:10:01:00:02
 remote address: LID 0000 QPN 0x1daf PSN 0x2beebd RKey 0x054400 VAddr 0x007f3cb5f0f000
 GID: 00:00:00:00:00:00:00:00:00:00:255:255:10:01:00:02
 remote address: LID 0000 QPN 0x1db0 PSN 0x62462e RKey 0x054400 VAddr 0x007f3cb5f1f000
 GID: 00:00:00:00:00:00:00:00:00:00:255:255:10:01:00:02
 remote address: LID 0000 QPN 0x1db1 PSN 0x61e15c RKey 0x054400 VAddr 0x007f3cb5f2f000
 GID: 00:00:00:00:00:00:00:00:00:00:255:255:10:01:00:02
 remote address: LID 0000 QPN 0x1db2 PSN 0xf93cc7 RKey 0x054400 VAddr 0x007f3cb5f3f000
 GID: 00:00:00:00:00:00:00:00:00:00:255:255:10:01:00:02
 remote address: LID 0000 QPN 0x1db3 PSN 0xe88fce RKey 0x054400 VAddr 0x007f3cb5f4f000
 GID: 00:00:00:00:00:00:00:00:00:00:255:255:10:01:00:02
 remote address: LID 0000 QPN 0x1db4 PSN 0x2533e1 RKey 0x054400 VAddr 0x007f3cb5f5f000
 GID: 00:00:00:00:00:00:00:00:00:00:255:255:10:01:00:02
 remote address: LID 0000 QPN 0x1db5 PSN 0x3f265e RKey 0x054400 VAddr 0x007f3cb5f6f000
 GID: 00:00:00:00:00:00:00:00:00:00:255:255:10:01:00:02
 remote address: LID 0000 QPN 0x1db6 PSN 0xbd2b6f RKey 0x054400 VAddr 0x007f3cb5f7f000
 GID: 00:00:00:00:00:00:00:00:00:00:255:255:10:01:00:02
 remote address: LID 0000 QPN 0x1db7 PSN 0x204e2c RKey 0x054400 VAddr 0x007f3cb5f8f000
 GID: 00:00:00:00:00:00:00:00:00:00:255:255:10:01:00:02
 remote address: LID 0000 QPN 0x1db8 PSN 0xde3ab3 RKey 0x054400 VAddr 0x007f3cb5f9f000
 GID: 00:00:00:00:00:00:00:00:00:00:255:255:10:01:00:02
 remote address: LID 0000 QPN 0x1db9 PSN 0xab0279 RKey 0x054400 VAddr 0x007f3cb5faf000
 GID: 00:00:00:00:00:00:00:00:00:00:255:255:10:01:00:02
 remote address: LID 0000 QPN 0x1dba PSN 0x7904cf RKey 0x054400 VAddr 0x007f3cb5fbf000
 GID: 00:00:00:00:00:00:00:00:00:00:255:255:10:01:00:02
 remote address: LID 0000 QPN 0x1dbb PSN 0xd004a RKey 0x054400 VAddr 0x007f3cb5fcf000
 GID: 00:00:00:00:00:00:00:00:00:00:255:255:10:01:00:02
 remote address: LID 0000 QPN 0x1dbc PSN 0xc20172 RKey 0x054400 VAddr 0x007f3cb5fdf000
 GID: 00:00:00:00:00:00:00:00:00:00:255:255:10:01:00:02
 remote address: LID 0000 QPN 0x1dbd PSN 0x4cbad3 RKey 0x054400 VAddr 0x007f3cb5fef000
 GID: 00:00:00:00:00:00:00:00:00:00:255:255:10:01:00:02
 remote address: LID 0000 QPN 0x1dbe PSN 0x240bd7 RKey 0x054400 VAddr 0x007f3cb5fff000
 GID: 00:00:00:00:00:00:00:00:00:00:255:255:10:01:00:02
 remote address: LID 0000 QPN 0x1dbf PSN 0xa12cef RKey 0x054400 VAddr 0x007f3cb600f000
 GID: 00:00:00:00:00:00:00:00:00:00:255:255:10:01:00:02
 remote address: LID 0000 QPN 0x1dc0 PSN 0x11176f RKey 0x054400 VAddr 0x007f3cb601f000
 GID: 00:00:00:00:00:00:00:00:00:00:255:255:10:01:00:02
 remote address: LID 0000 QPN 0x1dc1 PSN 0x8b1649 RKey 0x054400 VAddr 0x007f3cb602f000
 GID: 00:00:00:00:00:00:00:00:00:00:255:255:10:01:00:02
 remote address: LID 0000 QPN 0x1dc2 PSN 0x98ebab RKey 0x054400 VAddr 0x007f3cb603f000
 GID: 00:00:00:00:00:00:00:00:00:00:255:255:10:01:00:02
 remote address: LID 0000 QPN 0x1dc3 PSN 0xe8daad RKey 0x054400 VAddr 0x007f3cb604f000
 GID: 00:00:00:00:00:00:00:00:00:00:255:255:10:01:00:02
 remote address: LID 0000 QPN 0x1dc4 PSN 0x2fe76e RKey 0x054400 VAddr 0x007f3cb605f000
 GID: 00:00:00:00:00:00:00:00:00:00:255:255:10:01:00:02
 remote address: LID 0000 QPN 0x1dc5 PSN 0x1c3a7f RKey 0x054400 VAddr 0x007f3cb606f000
 GID: 00:00:00:00:00:00:00:00:00:00:255:255:10:01:00:02
 remote address: LID 0000 QPN 0x1dc6 PSN 0xa5d0ea RKey 0x054400 VAddr 0x007f3cb607f000
 GID: 00:00:00:00:00:00:00:00:00:00:255:255:10:01:00:02
 remote address: LID 0000 QPN 0x1dc7 PSN 0x6d9cfb RKey 0x054400 VAddr 0x007f3cb608f000
 GID: 00:00:00:00:00:00:00:00:00:00:255:255:10:01:00:02
 remote address: LID 0000 QPN 0x1dc8 PSN 0xfda7b7 RKey 0x054400 VAddr 0x007f3cb609f000
 GID: 00:00:00:00:00:00:00:00:00:00:255:255:10:01:00:02
 remote address: LID 0000 QPN 0x1dc9 PSN 0x520f87 RKey 0x054400 VAddr 0x007f3cb60af000
 GID: 00:00:00:00:00:00:00:00:00:00:255:255:10:01:00:02
 remote address: LID 0000 QPN 0x1dca PSN 0xd5950c RKey 0x054400 VAddr 0x007f3cb60bf000
 GID: 00:00:00:00:00:00:00:00:00:00:255:255:10:01:00:02
 remote address: LID 0000 QPN 0x1dcb PSN 0x3018f1 RKey 0x054400 VAddr 0x007f3cb60cf000
 GID: 00:00:00:00:00:00:00:00:00:00:255:255:10:01:00:02
 remote address: LID 0000 QPN 0x1dcc PSN 0xc8f949 RKey 0x054400 VAddr 0x007f3cb60df000
 GID: 00:00:00:00:00:00:00:00:00:00:255:255:10:01:00:02
 remote address: LID 0000 QPN 0x1dcd PSN 0x60f42c RKey 0x054400 VAddr 0x007f3cb60ef000
 GID: 00:00:00:00:00:00:00:00:00:00:255:255:10:01:00:02
 remote address: LID 0000 QPN 0x1dce PSN 0xbcfde5 RKey 0x054400 VAddr 0x007f3cb60ff000
 GID: 00:00:00:00:00:00:00:00:00:00:255:255:10:01:00:02
 remote address: LID 0000 QPN 0x1dcf PSN 0x72dba0 RKey 0x054400 VAddr 0x007f3cb610f000
 GID: 00:00:00:00:00:00:00:00:00:00:255:255:10:01:00:02
 remote address: LID 0000 QPN 0x1dd0 PSN 0x3a082e RKey 0x054400 VAddr 0x007f3cb611f000
 GID: 00:00:00:00:00:00:00:00:00:00:255:255:10:01:00:02
 remote address: LID 0000 QPN 0x1dd1 PSN 0xb12cdd RKey 0x054400 VAddr 0x007f3cb612f000
 GID: 00:00:00:00:00:00:00:00:00:00:255:255:10:01:00:02
 remote address: LID 0000 QPN 0x1dd2 PSN 0x53346 RKey 0x054400 VAddr 0x007f3cb613f000
 GID: 00:00:00:00:00:00:00:00:00:00:255:255:10:01:00:02
 remote address: LID 0000 QPN 0x1dd3 PSN 0x35fc0c RKey 0x054400 VAddr 0x007f3cb614f000
 GID: 00:00:00:00:00:00:00:00:00:00:255:255:10:01:00:02
 remote address: LID 0000 QPN 0x1dd4 PSN 0xf51eea RKey 0x054400 VAddr 0x007f3cb615f000
 GID: 00:00:00:00:00:00:00:00:00:00:255:255:10:01:00:02
 remote address: LID 0000 QPN 0x1dd5 PSN 0xa81731 RKey 0x054400 VAddr 0x007f3cb616f000
 GID: 00:00:00:00:00:00:00:00:00:00:255:255:10:01:00:02
 remote address: LID 0000 QPN 0x1dd6 PSN 0x9cacc3 RKey 0x054400 VAddr 0x007f3cb617f000
 GID: 00:00:00:00:00:00:00:00:00:00:255:255:10:01:00:02
 remote address: LID 0000 QPN 0x1dd7 PSN 0x80a2c8 RKey 0x054400 VAddr 0x007f3cb618f000
 GID: 00:00:00:00:00:00:00:00:00:00:255:255:10:01:00:02
 remote address: LID 0000 QPN 0x1dd8 PSN 0xb5bf0d RKey 0x054400 VAddr 0x007f3cb619f000
 GID: 00:00:00:00:00:00:00:00:00:00:255:255:10:01:00:02
 remote address: LID 0000 QPN 0x1dd9 PSN 0xdccc1b RKey 0x054400 VAddr 0x007f3cb61af000
 GID: 00:00:00:00:00:00:00:00:00:00:255:255:10:01:00:02
 remote address: LID 0000 QPN 0x1dda PSN 0x89f98e RKey 0x054400 VAddr 0x007f3cb61bf000
 GID: 00:00:00:00:00:00:00:00:00:00:255:255:10:01:00:02
 remote address: LID 0000 QPN 0x1ddb PSN 0xd312c RKey 0x054400 VAddr 0x007f3cb61cf000
 GID: 00:00:00:00:00:00:00:00:00:00:255:255:10:01:00:02
 remote address: LID 0000 QPN 0x1ddc PSN 0x5170e8 RKey 0x054400 VAddr 0x007f3cb61df000
 GID: 00:00:00:00:00:00:00:00:00:00:255:255:10:01:00:02
 remote address: LID 0000 QPN 0x1ddd PSN 0xfc7aab RKey 0x054400 VAddr 0x007f3cb61ef000
 GID: 00:00:00:00:00:00:00:00:00:00:255:255:10:01:00:02
 remote address: LID 0000 QPN 0x1dde PSN 0xefe482 RKey 0x054400 VAddr 0x007f3cb61ff000
 GID: 00:00:00:00:00:00:00:00:00:00:255:255:10:01:00:02
 remote address: LID 0000 QPN 0x1ddf PSN 0x3e6234 RKey 0x054400 VAddr 0x007f3cb620f000
 GID: 00:00:00:00:00:00:00:00:00:00:255:255:10:01:00:02
 remote address: LID 0000 QPN 0x1de0 PSN 0x929c5c RKey 0x054400 VAddr 0x007f3cb621f000
 GID: 00:00:00:00:00:00:00:00:00:00:255:255:10:01:00:02
 remote address: LID 0000 QPN 0x1de1 PSN 0x5d657e RKey 0x054400 VAddr 0x007f3cb622f000
 GID: 00:00:00:00:00:00:00:00:00:00:255:255:10:01:00:02
 remote address: LID 0000 QPN 0x1de2 PSN 0x8963c RKey 0x054400 VAddr 0x007f3cb623f000
 GID: 00:00:00:00:00:00:00:00:00:00:255:255:10:01:00:02
 remote address: LID 0000 QPN 0x1de3 PSN 0xf5ef8 RKey 0x054400 VAddr 0x007f3cb624f000
 GID: 00:00:00:00:00:00:00:00:00:00:255:255:10:01:00:02
 remote address: LID 0000 QPN 0x1de4 PSN 0x4edcce RKey 0x054400 VAddr 0x007f3cb625f000
 GID: 00:00:00:00:00:00:00:00:00:00:255:255:10:01:00:02
 remote address: LID 0000 QPN 0x1de5 PSN 0x40cc4 RKey 0x054400 VAddr 0x007f3cb626f000
 GID: 00:00:00:00:00:00:00:00:00:00:255:255:10:01:00:02
 remote address: LID 0000 QPN 0x1de6 PSN 0x557764 RKey 0x054400 VAddr 0x007f3cb627f000
 GID: 00:00:00:00:00:00:00:00:00:00:255:255:10:01:00:02
 remote address: LID 0000 QPN 0x1de7 PSN 0x9660c4 RKey 0x054400 VAddr 0x007f3cb628f000
 GID: 00:00:00:00:00:00:00:00:00:00:255:255:10:01:00:02
 remote address: LID 0000 QPN 0x1de8 PSN 0xa16236 RKey 0x054400 VAddr 0x007f3cb629f000
 GID: 00:00:00:00:00:00:00:00:00:00:255:255:10:01:00:02
 remote address: LID 0000 QPN 0x1de9 PSN 0x4caeec RKey 0x054400 VAddr 0x007f3cb62af000
 GID: 00:00:00:00:00:00:00:00:00:00:255:255:10:01:00:02
 remote address: LID 0000 QPN 0x1dea PSN 0x1bb50a RKey 0x054400 VAddr 0x007f3cb62bf000
 GID: 00:00:00:00:00:00:00:00:00:00:255:255:10:01:00:02
 remote address: LID 0000 QPN 0x1deb PSN 0x511ad3 RKey 0x054400 VAddr 0x007f3cb62cf000
 GID: 00:00:00:00:00:00:00:00:00:00:255:255:10:01:00:02
 remote address: LID 0000 QPN 0x1dec PSN 0xe91157 RKey 0x054400 VAddr 0x007f3cb62df000
 GID: 00:00:00:00:00:00:00:00:00:00:255:255:10:01:00:02
 remote address: LID 0000 QPN 0x1ded PSN 0x23e9ee RKey 0x054400 VAddr 0x007f3cb62ef000
 GID: 00:00:00:00:00:00:00:00:00:00:255:255:10:01:00:02
 remote address: LID 0000 QPN 0x1dee PSN 0xa1692a RKey 0x054400 VAddr 0x007f3cb62ff000
 GID: 00:00:00:00:00:00:00:00:00:00:255:255:10:01:00:02
 remote address: LID 0000 QPN 0x1def PSN 0x6bc5ad RKey 0x054400 VAddr 0x007f3cb630f000
 GID: 00:00:00:00:00:00:00:00:00:00:255:255:10:01:00:02
 remote address: LID 0000 QPN 0x1df0 PSN 0x333509 RKey 0x054400 VAddr 0x007f3cb631f000
 GID: 00:00:00:00:00:00:00:00:00:00:255:255:10:01:00:02
 remote address: LID 0000 QPN 0x1df1 PSN 0x5be734 RKey 0x054400 VAddr 0x007f3cb632f000
 GID: 00:00:00:00:00:00:00:00:00:00:255:255:10:01:00:02
 remote address: LID 0000 QPN 0x1df2 PSN 0x9d8952 RKey 0x054400 VAddr 0x007f3cb633f000
 GID: 00:00:00:00:00:00:00:00:00:00:255:255:10:01:00:02
 remote address: LID 0000 QPN 0x1df3 PSN 0x27461a RKey 0x054400 VAddr 0x007f3cb634f000
 GID: 00:00:00:00:00:00:00:00:00:00:255:255:10:01:00:02
 remote address: LID 0000 QPN 0x1df4 PSN 0x36b2b2 RKey 0x054400 VAddr 0x007f3cb635f000
 GID: 00:00:00:00:00:00:00:00:00:00:255:255:10:01:00:02
 remote address: LID 0000 QPN 0x1df5 PSN 0xd81c26 RKey 0x054400 VAddr 0x007f3cb636f000
 GID: 00:00:00:00:00:00:00:00:00:00:255:255:10:01:00:02
 remote address: LID 0000 QPN 0x1df6 PSN 0xcdd5b RKey 0x054400 VAddr 0x007f3cb637f000
 GID: 00:00:00:00:00:00:00:00:00:00:255:255:10:01:00:02
 remote address: LID 0000 QPN 0x1df7 PSN 0x1089c1 RKey 0x054400 VAddr 0x007f3cb638f000
 GID: 00:00:00:00:00:00:00:00:00:00:255:255:10:01:00:02
 remote address: LID 0000 QPN 0x1df8 PSN 0x10d3d3 RKey 0x054400 VAddr 0x007f3cb639f000
 GID: 00:00:00:00:00:00:00:00:00:00:255:255:10:01:00:02
 remote address: LID 0000 QPN 0x1df9 PSN 0xa04951 RKey 0x054400 VAddr 0x007f3cb63af000
 GID: 00:00:00:00:00:00:00:00:00:00:255:255:10:01:00:02
 remote address: LID 0000 QPN 0x1dfa PSN 0x406052 RKey 0x054400 VAddr 0x007f3cb63bf000
 GID: 00:00:00:00:00:00:00:00:00:00:255:255:10:01:00:02
 remote address: LID 0000 QPN 0x1dfb PSN 0x82d362 RKey 0x054400 VAddr 0x007f3cb63cf000
 GID: 00:00:00:00:00:00:00:00:00:00:255:255:10:01:00:02
 remote address: LID 0000 QPN 0x1dfc PSN 0xb3d6be RKey 0x054400 VAddr 0x007f3cb63df000
 GID: 00:00:00:00:00:00:00:00:00:00:255:255:10:01:00:02
 remote address: LID 0000 QPN 0x1dfd PSN 0xc0233 RKey 0x054400 VAddr 0x007f3cb63ef000
 GID: 00:00:00:00:00:00:00:00:00:00:255:255:10:01:00:02
 remote address: LID 0000 QPN 0x1dfe PSN 0x9d8d7b RKey 0x054400 VAddr 0x007f3cb63ff000
 GID: 00:00:00:00:00:00:00:00:00:00:255:255:10:01:00:02
 remote address: LID 0000 QPN 0x1dff PSN 0x9050ad RKey 0x054400 VAddr 0x007f3cb640f000
 GID: 00:00:00:00:00:00:00:00:00:00:255:255:10:01:00:02
 remote address: LID 0000 QPN 0x1e00 PSN 0x889866 RKey 0x054400 VAddr 0x007f3cb641f000
 GID: 00:00:00:00:00:00:00:00:00:00:255:255:10:01:00:02
 remote address: LID 0000 QPN 0x1e01 PSN 0xc2a7a5 RKey 0x054400 VAddr 0x007f3cb642f000
 GID: 00:00:00:00:00:00:00:00:00:00:255:255:10:01:00:02
 remote address: LID 0000 QPN 0x1e02 PSN 0x4f3b6b RKey 0x054400 VAddr 0x007f3cb643f000
 GID: 00:00:00:00:00:00:00:00:00:00:255:255:10:01:00:02
 remote address: LID 0000 QPN 0x1e03 PSN 0x87f3bd RKey 0x054400 VAddr 0x007f3cb644f000
 GID: 00:00:00:00:00:00:00:00:00:00:255:255:10:01:00:02
 remote address: LID 0000 QPN 0x1e04 PSN 0x47c94f RKey 0x054400 VAddr 0x007f3cb645f000
 GID: 00:00:00:00:00:00:00:00:00:00:255:255:10:01:00:02
 remote address: LID 0000 QPN 0x1e05 PSN 0xe05ee5 RKey 0x054400 VAddr 0x007f3cb646f000
 GID: 00:00:00:00:00:00:00:00:00:00:255:255:10:01:00:02
 remote address: LID 0000 QPN 0x1e06 PSN 0x2dc754 RKey 0x054400 VAddr 0x007f3cb647f000
 GID: 00:00:00:00:00:00:00:00:00:00:255:255:10:01:00:02
 remote address: LID 0000 QPN 0x1e07 PSN 0x852a34 RKey 0x054400 VAddr 0x007f3cb648f000
 GID: 00:00:00:00:00:00:00:00:00:00:255:255:10:01:00:02
 remote address: LID 0000 QPN 0x1e08 PSN 0xa43fa4 RKey 0x054400 VAddr 0x007f3cb649f000
 GID: 00:00:00:00:00:00:00:00:00:00:255:255:10:01:00:02
 remote address: LID 0000 QPN 0x1e09 PSN 0xcf2f3f RKey 0x054400 VAddr 0x007f3cb64af000
 GID: 00:00:00:00:00:00:00:00:00:00:255:255:10:01:00:02
 remote address: LID 0000 QPN 0x1e0a PSN 0x8f725e RKey 0x054400 VAddr 0x007f3cb64bf000
 GID: 00:00:00:00:00:00:00:00:00:00:255:255:10:01:00:02
 remote address: LID 0000 QPN 0x1e0b PSN 0x65abf3 RKey 0x054400 VAddr 0x007f3cb64cf000
 GID: 00:00:00:00:00:00:00:00:00:00:255:255:10:01:00:02
 remote address: LID 0000 QPN 0x1e0c PSN 0x271867 RKey 0x054400 VAddr 0x007f3cb64df000
 GID: 00:00:00:00:00:00:00:00:00:00:255:255:10:01:00:02
 remote address: LID 0000 QPN 0x1e0d PSN 0xec1058 RKey 0x054400 VAddr 0x007f3cb64ef000
 GID: 00:00:00:00:00:00:00:00:00:00:255:255:10:01:00:02
 remote address: LID 0000 QPN 0x1e0e PSN 0x9df330 RKey 0x054400 VAddr 0x007f3cb64ff000
 GID: 00:00:00:00:00:00:00:00:00:00:255:255:10:01:00:02
 remote address: LID 0000 QPN 0x1e0f PSN 0xcb3b76 RKey 0x054400 VAddr 0x007f3cb650f000
 GID: 00:00:00:00:00:00:00:00:00:00:255:255:10:01:00:02
 remote address: LID 0000 QPN 0x1e10 PSN 0xb779c2 RKey 0x054400 VAddr 0x007f3cb651f000
 GID: 00:00:00:00:00:00:00:00:00:00:255:255:10:01:00:02
 remote address: LID 0000 QPN 0x1e11 PSN 0x825317 RKey 0x054400 VAddr 0x007f3cb652f000
 GID: 00:00:00:00:00:00:00:00:00:00:255:255:10:01:00:02
 remote address: LID 0000 QPN 0x1e12 PSN 0x5c5d8d RKey 0x054400 VAddr 0x007f3cb653f000
 GID: 00:00:00:00:00:00:00:00:00:00:255:255:10:01:00:02
 remote address: LID 0000 QPN 0x1e13 PSN 0x12d1cb RKey 0x054400 VAddr 0x007f3cb654f000
 GID: 00:00:00:00:00:00:00:00:00:00:255:255:10:01:00:02
 remote address: LID 0000 QPN 0x1e14 PSN 0xd2e87d RKey 0x054400 VAddr 0x007f3cb655f000
 GID: 00:00:00:00:00:00:00:00:00:00:255:255:10:01:00:02
 remote address: LID 0000 QPN 0x1e15 PSN 0xa46f31 RKey 0x054400 VAddr 0x007f3cb656f000
 GID: 00:00:00:00:00:00:00:00:00:00:255:255:10:01:00:02
 remote address: LID 0000 QPN 0x1e16 PSN 0xd8a21b RKey 0x054400 VAddr 0x007f3cb657f000
 GID: 00:00:00:00:00:00:00:00:00:00:255:255:10:01:00:02
 remote address: LID 0000 QPN 0x1e17 PSN 0x8502d RKey 0x054400 VAddr 0x007f3cb658f000
 GID: 00:00:00:00:00:00:00:00:00:00:255:255:10:01:00:02
 remote address: LID 0000 QPN 0x1e18 PSN 0x984289 RKey 0x054400 VAddr 0x007f3cb659f000
 GID: 00:00:00:00:00:00:00:00:00:00:255:255:10:01:00:02
 remote address: LID 0000 QPN 0x1e19 PSN 0x8fdf4f RKey 0x054400 VAddr 0x007f3cb65af000
 GID: 00:00:00:00:00:00:00:00:00:00:255:255:10:01:00:02
 remote address: LID 0000 QPN 0x1e1a PSN 0x360840 RKey 0x054400 VAddr 0x007f3cb65bf000
 GID: 00:00:00:00:00:00:00:00:00:00:255:255:10:01:00:02
 remote address: LID 0000 QPN 0x1e1b PSN 0x357141 RKey 0x054400 VAddr 0x007f3cb65cf000
 GID: 00:00:00:00:00:00:00:00:00:00:255:255:10:01:00:02
 remote address: LID 0000 QPN 0x1e1c PSN 0x9690b9 RKey 0x054400 VAddr 0x007f3cb65df000
 GID: 00:00:00:00:00:00:00:00:00:00:255:255:10:01:00:02
 remote address: LID 0000 QPN 0x1e1d PSN 0x3a55dd RKey 0x054400 VAddr 0x007f3cb65ef000
 GID: 00:00:00:00:00:00:00:00:00:00:255:255:10:01:00:02
 remote address: LID 0000 QPN 0x1e1e PSN 0x722425 RKey 0x054400 VAddr 0x007f3cb65ff000
 GID: 00:00:00:00:00:00:00:00:00:00:255:255:10:01:00:02
 remote address: LID 0000 QPN 0x1e1f PSN 0x9c53ec RKey 0x054400 VAddr 0x007f3cb660f000
 GID: 00:00:00:00:00:00:00:00:00:00:255:255:10:01:00:02
 remote address: LID 0000 QPN 0x1e20 PSN 0xf20190 RKey 0x054400 VAddr 0x007f3cb661f000
 GID: 00:00:00:00:00:00:00:00:00:00:255:255:10:01:00:02
 remote address: LID 0000 QPN 0x1e21 PSN 0x13471 RKey 0x054400 VAddr 0x007f3cb662f000
 GID: 00:00:00:00:00:00:00:00:00:00:255:255:10:01:00:02
 remote address: LID 0000 QPN 0x1e22 PSN 0x1beadc RKey 0x054400 VAddr 0x007f3cb663f000
 GID: 00:00:00:00:00:00:00:00:00:00:255:255:10:01:00:02
 remote address: LID 0000 QPN 0x1e23 PSN 0x1999cf RKey 0x054400 VAddr 0x007f3cb664f000
 GID: 00:00:00:00:00:00:00:00:00:00:255:255:10:01:00:02
 remote address: LID 0000 QPN 0x1e24 PSN 0x47f35 RKey 0x054400 VAddr 0x007f3cb665f000
 GID: 00:00:00:00:00:00:00:00:00:00:255:255:10:01:00:02
 remote address: LID 0000 QPN 0x1e25 PSN 0xd8cfd6 RKey 0x054400 VAddr 0x007f3cb666f000
 GID: 00:00:00:00:00:00:00:00:00:00:255:255:10:01:00:02
 remote address: LID 0000 QPN 0x1e26 PSN 0xcca69e RKey 0x054400 VAddr 0x007f3cb667f000
 GID: 00:00:00:00:00:00:00:00:00:00:255:255:10:01:00:02
 remote address: LID 0000 QPN 0x1e27 PSN 0x2fb360 RKey 0x054400 VAddr 0x007f3cb668f000
 GID: 00:00:00:00:00:00:00:00:00:00:255:255:10:01:00:02
 remote address: LID 0000 QPN 0x1e28 PSN 0x447283 RKey 0x054400 VAddr 0x007f3cb669f000
 GID: 00:00:00:00:00:00:00:00:00:00:255:255:10:01:00:02
 remote address: LID 0000 QPN 0x1e29 PSN 0x67aab5 RKey 0x054400 VAddr 0x007f3cb66af000
 GID: 00:00:00:00:00:00:00:00:00:00:255:255:10:01:00:02
 remote address: LID 0000 QPN 0x1e2a PSN 0x2cad2d RKey 0x054400 VAddr 0x007f3cb66bf000
 GID: 00:00:00:00:00:00:00:00:00:00:255:255:10:01:00:02
 remote address: LID 0000 QPN 0x1e2b PSN 0x3c93a6 RKey 0x054400 VAddr 0x007f3cb66cf000
 GID: 00:00:00:00:00:00:00:00:00:00:255:255:10:01:00:02
 remote address: LID 0000 QPN 0x1e2c PSN 0x13653d RKey 0x054400 VAddr 0x007f3cb66df000
 GID: 00:00:00:00:00:00:00:00:00:00:255:255:10:01:00:02
 remote address: LID 0000 QPN 0x1e2d PSN 0xd270df RKey 0x054400 VAddr 0x007f3cb66ef000
 GID: 00:00:00:00:00:00:00:00:00:00:255:255:10:01:00:02
 remote address: LID 0000 QPN 0x1e2e PSN 0xc9da58 RKey 0x054400 VAddr 0x007f3cb66ff000
 GID: 00:00:00:00:00:00:00:00:00:00:255:255:10:01:00:02
 remote address: LID 0000 QPN 0x1e2f PSN 0xb4a591 RKey 0x054400 VAddr 0x007f3cb670f000
 GID: 00:00:00:00:00:00:00:00:00:00:255:255:10:01:00:02
 remote address: LID 0000 QPN 0x1e30 PSN 0x3f555f RKey 0x054400 VAddr 0x007f3cb671f000
 GID: 00:00:00:00:00:00:00:00:00:00:255:255:10:01:00:02
 remote address: LID 0000 QPN 0x1e31 PSN 0x401d39 RKey 0x054400 VAddr 0x007f3cb672f000
 GID: 00:00:00:00:00:00:00:00:00:00:255:255:10:01:00:02
 remote address: LID 0000 QPN 0x1e32 PSN 0x23f09d RKey 0x054400 VAddr 0x007f3cb673f000
 GID: 00:00:00:00:00:00:00:00:00:00:255:255:10:01:00:02
 remote address: LID 0000 QPN 0x1e33 PSN 0x917cf3 RKey 0x054400 VAddr 0x007f3cb674f000
 GID: 00:00:00:00:00:00:00:00:00:00:255:255:10:01:00:02
 remote address: LID 0000 QPN 0x1e34 PSN 0x9cab8f RKey 0x054400 VAddr 0x007f3cb675f000
 GID: 00:00:00:00:00:00:00:00:00:00:255:255:10:01:00:02
 remote address: LID 0000 QPN 0x1e35 PSN 0xea5445 RKey 0x054400 VAddr 0x007f3cb676f000
 GID: 00:00:00:00:00:00:00:00Conflicting CPU frequency values detected: 2100.000000 != 2700.000000. CPU Frequency is not max.
:00:00:255:255:10:01:00:02
 remote address: LID 0000 QPN 0x1e36 PSN 0x3321e8 RKey 0x054400 VAddr 0x007f3cb677f000
 GID: 00:00:00:00:00:00:00:00:00:00:255:255:10:01:00:02
 remote address: LID 0000 QPN 0x1e37 PSN 0x505d1f RKey 0x054400 VAddr 0x007f3cb678f000
 GID: 00:00:00:00:00:00:00:00:00:00:255:255:10:01:00:02
 remote address: LID 0000 QPN 0x1e38 PSN 0x4be6b2 RKey 0x054400 VAddr 0x007f3cb679f000
 GID: 00:00:00:00:00:00:00:00:00:00:255:255:10:01:00:02
 remote address: LID 0000 QPN 0x1e39 PSN 0x849d49 RKey 0x054400 VAddr 0x007f3cb67af000
 GID: 00:00:00:00:00:00:00:00:00:00:255:255:10:01:00:02
 remote address: LID 0000 QPN 0x1e3a PSN 0x6f227a RKey 0x054400 VAddr 0x007f3cb67bf000
 GID: 00:00:00:00:00:00:00:00:00:00:255:255:10:01:00:02
 remote address: LID 0000 QPN 0x1e3b PSN 0x444f1d RKey 0x054400 VAddr 0x007f3cb67cf000
 GID: 00:00:00:00:00:00:00:00:00:00:255:255:10:01:00:02
 remote address: LID 0000 QPN 0x1e3c PSN 0x1d2e9b RKey 0x054400 VAddr 0x007f3cb67df000
 GID: 00:00:00:00:00:00:00:00:00:00:255:255:10:01:00:02
 remote address: LID 0000 QPN 0x1e3d PSN 0x85c41e RKey 0x054400 VAddr 0x007f3cb67ef000
 GID: 00:00:00:00:00:00:00:00:00:00:255:255:10:01:00:02
 remote address: LID 0000 QPN 0x1e3e PSN 0x2147e5 RKey 0x054400 VAddr 0x007f3cb67ff000
 GID: 00:00:00:00:00:00:00:00:00:00:255:255:10:01:00:02
 remote address: LID 0000 QPN 0x1e3f PSN 0x412186 RKey 0x054400 VAddr 0x007f3cb680f000
 GID: 00:00:00:00:00:00:00:00:00:00:255:255:10:01:00:02
 remote address: LID 0000 QPN 0x1e40 PSN 0x351fdf RKey 0x054400 VAddr 0x007f3cb681f000
 GID: 00:00:00:00:00:00:00:00:00:00:255:255:10:01:00:02
---------------------------------------------------------------------------------------
 #bytes     #iterations    BW peak[Gb/sec]    BW average[Gb/sec]   MsgRate[Mpps]
 65536      796475           0.00               18.16  		     0.034629
---------------------------------------------------------------------------------------
