 WARNING: BW peak won't be measured in this run.
---------------------------------------------------------------------------------------
                    RDMA_Write BW Test
 Dual-port       : OFF		Device         : mlx5_7
 Number of qps   : 1024		Transport type : IB
 Connection type : RC		Using SRQ      : OFF
 PCIe relax order: ON		Lock-free      : OFF
 ibv_wr* API     : ON		Using Enhanced Reorder      : OFF
 TX depth        : 128
 CQ Moderation   : 1
 CQE Poll Batch  : Dynamic
 Mtu             : 1024[B]
 Link type       : Ethernet
 GID index       : 3
 Max inline data : 0[B]
 rdma_cm QPs	 : OFF
 Data ex. method : Ethernet
---------------------------------------------------------------------------------------
 local address: LID 0000 QPN 0x0857 PSN 0xc4a1ae RKey 0x034400 VAddr 0x007f942cdbb000
 GID: 00:00:00:00:00:00:00:00:00:00:255:255:10:01:01:01
 local address: LID 0000 QPN 0x0858 PSN 0x2a9500 RKey 0x034400 VAddr 0x007f942cdcb000
 GID: 00:00:00:00:00:00:00:00:00:00:255:255:10:01:01:01
 local address: LID 0000 QPN 0x0859 PSN 0x70f24a RKey 0x034400 VAddr 0x007f942cddb000
 GID: 00:00:00:00:00:00:00:00:00:00:255:255:10:01:01:01
 local address: LID 0000 QPN 0x085a PSN 0x2444d1 RKey 0x034400 VAddr 0x007f942cdeb000
 GID: 00:00:00:00:00:00:00:00:00:00:255:255:10:01:01:01
 local address: LID 0000 QPN 0x085b PSN 0x62c910 RKey 0x034400 VAddr 0x007f942cdfb000
 GID: 00:00:00:00:00:00:00:00:00:00:255:255:10:01:01:01
 local address: LID 0000 QPN 0x085c PSN 0xc5132 RKey 0x034400 VAddr 0x007f942ce0b000
 GID: 00:00:00:00:00:00:00:00:00:00:255:255:10:01:01:01
 local address: LID 0000 QPN 0x085d PSN 0x333fa9 RKey 0x034400 VAddr 0x007f942ce1b000
 GID: 00:00:00:00:00:00:00:00:00:00:255:255:10:01:01:01
 local address: LID 0000 QPN 0x085e PSN 0x952cee RKey 0x034400 VAddr 0x007f942ce2b000
 GID: 00:00:00:00:00:00:00:00:00:00:255:255:10:01:01:01
 local address: LID 0000 QPN 0x085f PSN 0x18cefa RKey 0x034400 VAddr 0x007f942ce3b000
 GID: 00:00:00:00:00:00:00:00:00:00:255:255:10:01:01:01
 local address: LID 0000 QPN 0x0860 PSN 0xc339f4 RKey 0x034400 VAddr 0x007f942ce4b000
 GID: 00:00:00:00:00:00:00:00:00:00:255:255:10:01:01:01
 local address: LID 0000 QPN 0x0861 PSN 0x321a88 RKey 0x034400 VAddr 0x007f942ce5b000
 GID: 00:00:00:00:00:00:00:00:00:00:255:255:10:01:01:01
 local address: LID 0000 QPN 0x0862 PSN 0xc63c7b RKey 0x034400 VAddr 0x007f942ce6b000
 GID: 00:00:00:00:00:00:00:00:00:00:255:255:10:01:01:01
 local address: LID 0000 QPN 0x0863 PSN 0x2b304b RKey 0x034400 VAddr 0x007f942ce7b000
 GID: 00:00:00:00:00:00:00:00:00:00:255:255:10:01:01:01
 local address: LID 0000 QPN 0x0864 PSN 0x36db9c RKey 0x034400 VAddr 0x007f942ce8b000
 GID: 00:00:00:00:00:00:00:00:00:00:255:255:10:01:01:01
 local address: LID 0000 QPN 0x0865 PSN 0xf92e2a RKey 0x034400 VAddr 0x007f942ce9b000
 GID: 00:00:00:00:00:00:00:00:00:00:255:255:10:01:01:01
 local address: LID 0000 QPN 0x0866 PSN 0x9433a6 RKey 0x034400 VAddr 0x007f942ceab000
 GID: 00:00:00:00:00:00:00:00:00:00:255:255:10:01:01:01
 local address: LID 0000 QPN 0x0867 PSN 0xad9cc3 RKey 0x034400 VAddr 0x007f942cebb000
 GID: 00:00:00:00:00:00:00:00:00:00:255:255:10:01:01:01
 local address: LID 0000 QPN 0x0868 PSN 0xea88c1 RKey 0x034400 VAddr 0x007f942cecb000
 GID: 00:00:00:00:00:00:00:00:00:00:255:255:10:01:01:01
 local address: LID 0000 QPN 0x0869 PSN 0x88df08 RKey 0x034400 VAddr 0x007f942cedb000
 GID: 00:00:00:00:00:00:00:00:00:00:255:255:10:01:01:01
 local address: LID 0000 QPN 0x086a PSN 0x4a8f55 RKey 0x034400 VAddr 0x007f942ceeb000
 GID: 00:00:00:00:00:00:00:00:00:00:255:255:10:01:01:01
 local address: LID 0000 QPN 0x086b PSN 0xabbe92 RKey 0x034400 VAddr 0x007f942cefb000
 GID: 00:00:00:00:00:00:00:00:00:00:255:255:10:01:01:01
 local address: LID 0000 QPN 0x086c PSN 0xd84bf9 RKey 0x034400 VAddr 0x007f942cf0b000
 GID: 00:00:00:00:00:00:00:00:00:00:255:255:10:01:01:01
 local address: LID 0000 QPN 0x086d PSN 0x9b8669 RKey 0x034400 VAddr 0x007f942cf1b000
 GID: 00:00:00:00:00:00:00:00:00:00:255:255:10:01:01:01
 local address: LID 0000 QPN 0x086e PSN 0xa245bd RKey 0x034400 VAddr 0x007f942cf2b000
 GID: 00:00:00:00:00:00:00:00:00:00:255:255:10:01:01:01
 local address: LID 0000 QPN 0x086f PSN 0xa2b07a RKey 0x034400 VAddr 0x007f942cf3b000
 GID: 00:00:00:00:00:00:00:00:00:00:255:255:10:01:01:01
 local address: LID 0000 QPN 0x0870 PSN 0x9f3bd RKey 0x034400 VAddr 0x007f942cf4b000
 GID: 00:00:00:00:00:00:00:00:00:00:255:255:10:01:01:01
 local address: LID 0000 QPN 0x0871 PSN 0xd48d9a RKey 0x034400 VAddr 0x007f942cf5b000
 GID: 00:00:00:00:00:00:00:00:00:00:255:255:10:01:01:01
 local address: LID 0000 QPN 0x0872 PSN 0xbe7a14 RKey 0x034400 VAddr 0x007f942cf6b000
 GID: 00:00:00:00:00:00:00:00:00:00:255:255:10:01:01:01
 local address: LID 0000 QPN 0x0873 PSN 0xa36ca3 RKey 0x034400 VAddr 0x007f942cf7b000
 GID: 00:00:00:00:00:00:00:00:00:00:255:255:10:01:01:01
 local address: LID 0000 QPN 0x0874 PSN 0x3ba69 RKey 0x034400 VAddr 0x007f942cf8b000
 GID: 00:00:00:00:00:00:00:00:00:00:255:255:10:01:01:01
 local address: LID 0000 QPN 0x0875 PSN 0xf3c2cb RKey 0x034400 VAddr 0x007f942cf9b000
 GID: 00:00:00:00:00:00:00:00:00:00:255:255:10:01:01:01
 local address: LID 0000 QPN 0x0876 PSN 0x3b795e RKey 0x034400 VAddr 0x007f942cfab000
 GID: 00:00:00:00:00:00:00:00:00:00:255:255:10:01:01:01
 local address: LID 0000 QPN 0x0877 PSN 0x711dfb RKey 0x034400 VAddr 0x007f942cfbb000
 GID: 00:00:00:00:00:00:00:00:00:00:255:255:10:01:01:01
 local address: LID 0000 QPN 0x0878 PSN 0x8a2c60 RKey 0x034400 VAddr 0x007f942cfcb000
 GID: 00:00:00:00:00:00:00:00:00:00:255:255:10:01:01:01
 local address: LID 0000 QPN 0x0879 PSN 0x32e186 RKey 0x034400 VAddr 0x007f942cfdb000
 GID: 00:00:00:00:00:00:00:00:00:00:255:255:10:01:01:01
 local address: LID 0000 QPN 0x087a PSN 0x177264 RKey 0x034400 VAddr 0x007f942cfeb000
 GID: 00:00:00:00:00:00:00:00:00:00:255:255:10:01:01:01
 local address: LID 0000 QPN 0x087b PSN 0xf2de47 RKey 0x034400 VAddr 0x007f942cffb000
 GID: 00:00:00:00:00:00:00:00:00:00:255:255:10:01:01:01
 local address: LID 0000 QPN 0x087c PSN 0x50e4d RKey 0x034400 VAddr 0x007f942d00b000
 GID: 00:00:00:00:00:00:00:00:00:00:255:255:10:01:01:01
 local address: LID 0000 QPN 0x087d PSN 0x18e8cc RKey 0x034400 VAddr 0x007f942d01b000
 GID: 00:00:00:00:00:00:00:00:00:00:255:255:10:01:01:01
 local address: LID 0000 QPN 0x087e PSN 0x17ac4 RKey 0x034400 VAddr 0x007f942d02b000
 GID: 00:00:00:00:00:00:00:00:00:00:255:255:10:01:01:01
 local address: LID 0000 QPN 0x087f PSN 0xff0acb RKey 0x034400 VAddr 0x007f942d03b000
 GID: 00:00:00:00:00:00:00:00:00:00:255:255:10:01:01:01
 local address: LID 0000 QPN 0x0880 PSN 0xdb2584 RKey 0x034400 VAddr 0x007f942d04b000
 GID: 00:00:00:00:00:00:00:00:00:00:255:255:10:01:01:01
 local address: LID 0000 QPN 0x0881 PSN 0xee78ce RKey 0x034400 VAddr 0x007f942d05b000
 GID: 00:00:00:00:00:00:00:00:00:00:255:255:10:01:01:01
 local address: LID 0000 QPN 0x0882 PSN 0x929321 RKey 0x034400 VAddr 0x007f942d06b000
 GID: 00:00:00:00:00:00:00:00:00:00:255:255:10:01:01:01
 local address: LID 0000 QPN 0x0883 PSN 0x7ef992 RKey 0x034400 VAddr 0x007f942d07b000
 GID: 00:00:00:00:00:00:00:00:00:00:255:255:10:01:01:01
 local address: LID 0000 QPN 0x0884 PSN 0xbee486 RKey 0x034400 VAddr 0x007f942d08b000
 GID: 00:00:00:00:00:00:00:00:00:00:255:255:10:01:01:01
 local address: LID 0000 QPN 0x0885 PSN 0x381245 RKey 0x034400 VAddr 0x007f942d09b000
 GID: 00:00:00:00:00:00:00:00:00:00:255:255:10:01:01:01
 local address: LID 0000 QPN 0x0886 PSN 0x3d7c7a RKey 0x034400 VAddr 0x007f942d0ab000
 GID: 00:00:00:00:00:00:00:00:00:00:255:255:10:01:01:01
 local address: LID 0000 QPN 0x0887 PSN 0xcc795b RKey 0x034400 VAddr 0x007f942d0bb000
 GID: 00:00:00:00:00:00:00:00:00:00:255:255:10:01:01:01
 local address: LID 0000 QPN 0x0888 PSN 0x221da3 RKey 0x034400 VAddr 0x007f942d0cb000
 GID: 00:00:00:00:00:00:00:00:00:00:255:255:10:01:01:01
 local address: LID 0000 QPN 0x0889 PSN 0xceb16e RKey 0x034400 VAddr 0x007f942d0db000
 GID: 00:00:00:00:00:00:00:00:00:00:255:255:10:01:01:01
 local address: LID 0000 QPN 0x088a PSN 0x7d5099 RKey 0x034400 VAddr 0x007f942d0eb000
 GID: 00:00:00:00:00:00:00:00:00:00:255:255:10:01:01:01
 local address: LID 0000 QPN 0x088b PSN 0x972620 RKey 0x034400 VAddr 0x007f942d0fb000
 GID: 00:00:00:00:00:00:00:00:00:00:255:255:10:01:01:01
 local address: LID 0000 QPN 0x088c PSN 0x6fdba RKey 0x034400 VAddr 0x007f942d10b000
 GID: 00:00:00:00:00:00:00:00:00:00:255:255:10:01:01:01
 local address: LID 0000 QPN 0x088d PSN 0xfcdea6 RKey 0x034400 VAddr 0x007f942d11b000
 GID: 00:00:00:00:00:00:00:00:00:00:255:255:10:01:01:01
 local address: LID 0000 QPN 0x088e PSN 0x17efa2 RKey 0x034400 VAddr 0x007f942d12b000
 GID: 00:00:00:00:00:00:00:00:00:00:255:255:10:01:01:01
 local address: LID 0000 QPN 0x088f PSN 0x363c44 RKey 0x034400 VAddr 0x007f942d13b000
 GID: 00:00:00:00:00:00:00:00:00:00:255:255:10:01:01:01
 local address: LID 0000 QPN 0x0890 PSN 0x46b11c RKey 0x034400 VAddr 0x007f942d14b000
 GID: 00:00:00:00:00:00:00:00:00:00:255:255:10:01:01:01
 local address: LID 0000 QPN 0x0891 PSN 0xdee9d RKey 0x034400 VAddr 0x007f942d15b000
 GID: 00:00:00:00:00:00:00:00:00:00:255:255:10:01:01:01
 local address: LID 0000 QPN 0x0892 PSN 0x4874cb RKey 0x034400 VAddr 0x007f942d16b000
 GID: 00:00:00:00:00:00:00:00:00:00:255:255:10:01:01:01
 local address: LID 0000 QPN 0x0893 PSN 0xac3458 RKey 0x034400 VAddr 0x007f942d17b000
 GID: 00:00:00:00:00:00:00:00:00:00:255:255:10:01:01:01
 local address: LID 0000 QPN 0x0894 PSN 0x4a348f RKey 0x034400 VAddr 0x007f942d18b000
 GID: 00:00:00:00:00:00:00:00:00:00:255:255:10:01:01:01
 local address: LID 0000 QPN 0x0895 PSN 0x9ecc3a RKey 0x034400 VAddr 0x007f942d19b000
 GID: 00:00:00:00:00:00:00:00:00:00:255:255:10:01:01:01
 local address: LID 0000 QPN 0x0896 PSN 0x77042a RKey 0x034400 VAddr 0x007f942d1ab000
 GID: 00:00:00:00:00:00:00:00:00:00:255:255:10:01:01:01
 local address: LID 0000 QPN 0x0897 PSN 0x6c118a RKey 0x034400 VAddr 0x007f942d1bb000
 GID: 00:00:00:00:00:00:00:00:00:00:255:255:10:01:01:01
 local address: LID 0000 QPN 0x0898 PSN 0x37f46e RKey 0x034400 VAddr 0x007f942d1cb000
 GID: 00:00:00:00:00:00:00:00:00:00:255:255:10:01:01:01
 local address: LID 0000 QPN 0x0899 PSN 0x5b460b RKey 0x034400 VAddr 0x007f942d1db000
 GID: 00:00:00:00:00:00:00:00:00:00:255:255:10:01:01:01
 local address: LID 0000 QPN 0x089a PSN 0xe663a9 RKey 0x034400 VAddr 0x007f942d1eb000
 GID: 00:00:00:00:00:00:00:00:00:00:255:255:10:01:01:01
 local address: LID 0000 QPN 0x089b PSN 0xc4ecaa RKey 0x034400 VAddr 0x007f942d1fb000
 GID: 00:00:00:00:00:00:00:00:00:00:255:255:10:01:01:01
 local address: LID 0000 QPN 0x089c PSN 0xe0fbee RKey 0x034400 VAddr 0x007f942d20b000
 GID: 00:00:00:00:00:00:00:00:00:00:255:255:10:01:01:01
 local address: LID 0000 QPN 0x089d PSN 0x487967 RKey 0x034400 VAddr 0x007f942d21b000
 GID: 00:00:00:00:00:00:00:00:00:00:255:255:10:01:01:01
 local address: LID 0000 QPN 0x089e PSN 0x94f117 RKey 0x034400 VAddr 0x007f942d22b000
 GID: 00:00:00:00:00:00:00:00:00:00:255:255:10:01:01:01
 local address: LID 0000 QPN 0x089f PSN 0x56e5da RKey 0x034400 VAddr 0x007f942d23b000
 GID: 00:00:00:00:00:00:00:00:00:00:255:255:10:01:01:01
 local address: LID 0000 QPN 0x08a0 PSN 0x62967b RKey 0x034400 VAddr 0x007f942d24b000
 GID: 00:00:00:00:00:00:00:00:00:00:255:255:10:01:01:01
 local address: LID 0000 QPN 0x08a1 PSN 0xec9523 RKey 0x034400 VAddr 0x007f942d25b000
 GID: 00:00:00:00:00:00:00:00:00:00:255:255:10:01:01:01
 local address: LID 0000 QPN 0x08a2 PSN 0x95a759 RKey 0x034400 VAddr 0x007f942d26b000
 GID: 00:00:00:00:00:00:00:00:00:00:255:255:10:01:01:01
 local address: LID 0000 QPN 0x08a3 PSN 0xbd46d2 RKey 0x034400 VAddr 0x007f942d27b000
 GID: 00:00:00:00:00:00:00:00:00:00:255:255:10:01:01:01
 local address: LID 0000 QPN 0x08a4 PSN 0x9d6541 RKey 0x034400 VAddr 0x007f942d28b000
 GID: 00:00:00:00:00:00:00:00:00:00:255:255:10:01:01:01
 local address: LID 0000 QPN 0x08a5 PSN 0x2dcded RKey 0x034400 VAddr 0x007f942d29b000
 GID: 00:00:00:00:00:00:00:00:00:00:255:255:10:01:01:01
 local address: LID 0000 QPN 0x08a6 PSN 0x7f04be RKey 0x034400 VAddr 0x007f942d2ab000
 GID: 00:00:00:00:00:00:00:00:00:00:255:255:10:01:01:01
 local address: LID 0000 QPN 0x08a7 PSN 0x4c3fcd RKey 0x034400 VAddr 0x007f942d2bb000
 GID: 00:00:00:00:00:00:00:00:00:00:255:255:10:01:01:01
 local address: LID 0000 QPN 0x08a8 PSN 0x710ac6 RKey 0x034400 VAddr 0x007f942d2cb000
 GID: 00:00:00:00:00:00:00:00:00:00:255:255:10:01:01:01
 local address: LID 0000 QPN 0x08a9 PSN 0x45fe48 RKey 0x034400 VAddr 0x007f942d2db000
 GID: 00:00:00:00:00:00:00:00:00:00:255:255:10:01:01:01
 local address: LID 0000 QPN 0x08aa PSN 0x58c470 RKey 0x034400 VAddr 0x007f942d2eb000
 GID: 00:00:00:00:00:00:00:00:00:00:255:255:10:01:01:01
 local address: LID 0000 QPN 0x08ab PSN 0xfd4914 RKey 0x034400 VAddr 0x007f942d2fb000
 GID: 00:00:00:00:00:00:00:00:00:00:255:255:10:01:01:01
 local address: LID 0000 QPN 0x08ac PSN 0x3baeb4 RKey 0x034400 VAddr 0x007f942d30b000
 GID: 00:00:00:00:00:00:00:00:00:00:255:255:10:01:01:01
 local address: LID 0000 QPN 0x08ad PSN 0x460c24 RKey 0x034400 VAddr 0x007f942d31b000
 GID: 00:00:00:00:00:00:00:00:00:00:255:255:10:01:01:01
 local address: LID 0000 QPN 0x08ae PSN 0xce7d05 RKey 0x034400 VAddr 0x007f942d32b000
 GID: 00:00:00:00:00:00:00:00:00:00:255:255:10:01:01:01
 local address: LID 0000 QPN 0x08af PSN 0xbd325 RKey 0x034400 VAddr 0x007f942d33b000
 GID: 00:00:00:00:00:00:00:00:00:00:255:255:10:01:01:01
 local address: LID 0000 QPN 0x08b0 PSN 0x8ebbb5 RKey 0x034400 VAddr 0x007f942d34b000
 GID: 00:00:00:00:00:00:00:00:00:00:255:255:10:01:01:01
 local address: LID 0000 QPN 0x08b1 PSN 0xfbce19 RKey 0x034400 VAddr 0x007f942d35b000
 GID: 00:00:00:00:00:00:00:00:00:00:255:255:10:01:01:01
 local address: LID 0000 QPN 0x08b2 PSN 0x7c5635 RKey 0x034400 VAddr 0x007f942d36b000
 GID: 00:00:00:00:00:00:00:00:00:00:255:255:10:01:01:01
 local address: LID 0000 QPN 0x08b3 PSN 0xf48f80 RKey 0x034400 VAddr 0x007f942d37b000
 GID: 00:00:00:00:00:00:00:00:00:00:255:255:10:01:01:01
 local address: LID 0000 QPN 0x08b4 PSN 0x7e5977 RKey 0x034400 VAddr 0x007f942d38b000
 GID: 00:00:00:00:00:00:00:00:00:00:255:255:10:01:01:01
 local address: LID 0000 QPN 0x08b5 PSN 0x3eca40 RKey 0x034400 VAddr 0x007f942d39b000
 GID: 00:00:00:00:00:00:00:00:00:00:255:255:10:01:01:01
 local address: LID 0000 QPN 0x08b6 PSN 0xc27a7 RKey 0x034400 VAddr 0x007f942d3ab000
 GID: 00:00:00:00:00:00:00:00:00:00:255:255:10:01:01:01
 local address: LID 0000 QPN 0x08b7 PSN 0x243c0d RKey 0x034400 VAddr 0x007f942d3bb000
 GID: 00:00:00:00:00:00:00:00:00:00:255:255:10:01:01:01
 local address: LID 0000 QPN 0x08b8 PSN 0x8744cf RKey 0x034400 VAddr 0x007f942d3cb000
 GID: 00:00:00:00:00:00:00:00:00:00:255:255:10:01:01:01
 local address: LID 0000 QPN 0x08b9 PSN 0x53c8ae RKey 0x034400 VAddr 0x007f942d3db000
 GID: 00:00:00:00:00:00:00:00:00:00:255:255:10:01:01:01
 local address: LID 0000 QPN 0x08ba PSN 0xac72e4 RKey 0x034400 VAddr 0x007f942d3eb000
 GID: 00:00:00:00:00:00:00:00:00:00:255:255:10:01:01:01
 local address: LID 0000 QPN 0x08bb PSN 0x477b2d RKey 0x034400 VAddr 0x007f942d3fb000
 GID: 00:00:00:00:00:00:00:00:00:00:255:255:10:01:01:01
 local address: LID 0000 QPN 0x08bc PSN 0xdec7f9 RKey 0x034400 VAddr 0x007f942d40b000
 GID: 00:00:00:00:00:00:00:00:00:00:255:255:10:01:01:01
 local address: LID 0000 QPN 0x08bd PSN 0xdcd38e RKey 0x034400 VAddr 0x007f942d41b000
 GID: 00:00:00:00:00:00:00:00:00:00:255:255:10:01:01:01
 local address: LID 0000 QPN 0x08be PSN 0x4fca6d RKey 0x034400 VAddr 0x007f942d42b000
 GID: 00:00:00:00:00:00:00:00:00:00:255:255:10:01:01:01
 local address: LID 0000 QPN 0x08bf PSN 0x7be25b RKey 0x034400 VAddr 0x007f942d43b000
 GID: 00:00:00:00:00:00:00:00:00:00:255:255:10:01:01:01
 local address: LID 0000 QPN 0x08c0 PSN 0x3ab4fd RKey 0x034400 VAddr 0x007f942d44b000
 GID: 00:00:00:00:00:00:00:00:00:00:255:255:10:01:01:01
 local address: LID 0000 QPN 0x08c1 PSN 0x4adeda RKey 0x034400 VAddr 0x007f942d45b000
 GID: 00:00:00:00:00:00:00:00:00:00:255:255:10:01:01:01
 local address: LID 0000 QPN 0x08c2 PSN 0x3a57e7 RKey 0x034400 VAddr 0x007f942d46b000
 GID: 00:00:00:00:00:00:00:00:00:00:255:255:10:01:01:01
 local address: LID 0000 QPN 0x08c3 PSN 0x3b097f RKey 0x034400 VAddr 0x007f942d47b000
 GID: 00:00:00:00:00:00:00:00:00:00:255:255:10:01:01:01
 local address: LID 0000 QPN 0x08c4 PSN 0xdb642e RKey 0x034400 VAddr 0x007f942d48b000
 GID: 00:00:00:00:00:00:00:00:00:00:255:255:10:01:01:01
 local address: LID 0000 QPN 0x08c5 PSN 0x9ff1b6 RKey 0x034400 VAddr 0x007f942d49b000
 GID: 00:00:00:00:00:00:00:00:00:00:255:255:10:01:01:01
 local address: LID 0000 QPN 0x08c6 PSN 0xcc5374 RKey 0x034400 VAddr 0x007f942d4ab000
 GID: 00:00:00:00:00:00:00:00:00:00:255:255:10:01:01:01
 local address: LID 0000 QPN 0x08c7 PSN 0x5b04cf RKey 0x034400 VAddr 0x007f942d4bb000
 GID: 00:00:00:00:00:00:00:00:00:00:255:255:10:01:01:01
 local address: LID 0000 QPN 0x08c8 PSN 0xffd8cd RKey 0x034400 VAddr 0x007f942d4cb000
 GID: 00:00:00:00:00:00:00:00:00:00:255:255:10:01:01:01
 local address: LID 0000 QPN 0x08c9 PSN 0x244b69 RKey 0x034400 VAddr 0x007f942d4db000
 GID: 00:00:00:00:00:00:00:00:00:00:255:255:10:01:01:01
 local address: LID 0000 QPN 0x08ca PSN 0x535e1e RKey 0x034400 VAddr 0x007f942d4eb000
 GID: 00:00:00:00:00:00:00:00:00:00:255:255:10:01:01:01
 local address: LID 0000 QPN 0x08cb PSN 0x8c5362 RKey 0x034400 VAddr 0x007f942d4fb000
 GID: 00:00:00:00:00:00:00:00:00:00:255:255:10:01:01:01
 local address: LID 0000 QPN 0x08cc PSN 0xc4dca RKey 0x034400 VAddr 0x007f942d50b000
 GID: 00:00:00:00:00:00:00:00:00:00:255:255:10:01:01:01
 local address: LID 0000 QPN 0x08cd PSN 0x1e9df8 RKey 0x034400 VAddr 0x007f942d51b000
 GID: 00:00:00:00:00:00:00:00:00:00:255:255:10:01:01:01
 local address: LID 0000 QPN 0x08ce PSN 0x19d16d RKey 0x034400 VAddr 0x007f942d52b000
 GID: 00:00:00:00:00:00:00:00:00:00:255:255:10:01:01:01
 local address: LID 0000 QPN 0x08cf PSN 0xf3ec53 RKey 0x034400 VAddr 0x007f942d53b000
 GID: 00:00:00:00:00:00:00:00:00:00:255:255:10:01:01:01
 local address: LID 0000 QPN 0x08d0 PSN 0xad8caa RKey 0x034400 VAddr 0x007f942d54b000
 GID: 00:00:00:00:00:00:00:00:00:00:255:255:10:01:01:01
 local address: LID 0000 QPN 0x08d1 PSN 0x471861 RKey 0x034400 VAddr 0x007f942d55b000
 GID: 00:00:00:00:00:00:00:00:00:00:255:255:10:01:01:01
 local address: LID 0000 QPN 0x08d2 PSN 0xa3618 RKey 0x034400 VAddr 0x007f942d56b000
 GID: 00:00:00:00:00:00:00:00:00:00:255:255:10:01:01:01
 local address: LID 0000 QPN 0x08d3 PSN 0x80b48e RKey 0x034400 VAddr 0x007f942d57b000
 GID: 00:00:00:00:00:00:00:00:00:00:255:255:10:01:01:01
 local address: LID 0000 QPN 0x08d4 PSN 0x479084 RKey 0x034400 VAddr 0x007f942d58b000
 GID: 00:00:00:00:00:00:00:00:00:00:255:255:10:01:01:01
 local address: LID 0000 QPN 0x08d5 PSN 0x2e9a71 RKey 0x034400 VAddr 0x007f942d59b000
 GID: 00:00:00:00:00:00:00:00:00:00:255:255:10:01:01:01
 local address: LID 0000 QPN 0x08d6 PSN 0x2e33d8 RKey 0x034400 VAddr 0x007f942d5ab000
 GID: 00:00:00:00:00:00:00:00:00:00:255:255:10:01:01:01
 local address: LID 0000 QPN 0x08d7 PSN 0x6473a RKey 0x034400 VAddr 0x007f942d5bb000
 GID: 00:00:00:00:00:00:00:00:00:00:255:255:10:01:01:01
 local address: LID 0000 QPN 0x08d8 PSN 0x241725 RKey 0x034400 VAddr 0x007f942d5cb000
 GID: 00:00:00:00:00:00:00:00:00:00:255:255:10:01:01:01
 local address: LID 0000 QPN 0x08d9 PSN 0xcf0c42 RKey 0x034400 VAddr 0x007f942d5db000
 GID: 00:00:00:00:00:00:00:00:00:00:255:255:10:01:01:01
 local address: LID 0000 QPN 0x08da PSN 0x336c57 RKey 0x034400 VAddr 0x007f942d5eb000
 GID: 00:00:00:00:00:00:00:00:00:00:255:255:10:01:01:01
 local address: LID 0000 QPN 0x08db PSN 0x9b9ac3 RKey 0x034400 VAddr 0x007f942d5fb000
 GID: 00:00:00:00:00:00:00:00:00:00:255:255:10:01:01:01
 local address: LID 0000 QPN 0x08dc PSN 0x3de253 RKey 0x034400 VAddr 0x007f942d60b000
 GID: 00:00:00:00:00:00:00:00:00:00:255:255:10:01:01:01
 local address: LID 0000 QPN 0x08dd PSN 0x8f7355 RKey 0x034400 VAddr 0x007f942d61b000
 GID: 00:00:00:00:00:00:00:00:00:00:255:255:10:01:01:01
 local address: LID 0000 QPN 0x08de PSN 0x15d348 RKey 0x034400 VAddr 0x007f942d62b000
 GID: 00:00:00:00:00:00:00:00:00:00:255:255:10:01:01:01
 local address: LID 0000 QPN 0x08df PSN 0xdaac82 RKey 0x034400 VAddr 0x007f942d63b000
 GID: 00:00:00:00:00:00:00:00:00:00:255:255:10:01:01:01
 local address: LID 0000 QPN 0x08e0 PSN 0x4f8b2f RKey 0x034400 VAddr 0x007f942d64b000
 GID: 00:00:00:00:00:00:00:00:00:00:255:255:10:01:01:01
 local address: LID 0000 QPN 0x08e1 PSN 0xd5ff48 RKey 0x034400 VAddr 0x007f942d65b000
 GID: 00:00:00:00:00:00:00:00:00:00:255:255:10:01:01:01
 local address: LID 0000 QPN 0x08e2 PSN 0x363590 RKey 0x034400 VAddr 0x007f942d66b000
 GID: 00:00:00:00:00:00:00:00:00:00:255:255:10:01:01:01
 local address: LID 0000 QPN 0x08e3 PSN 0x6fd0c RKey 0x034400 VAddr 0x007f942d67b000
 GID: 00:00:00:00:00:00:00:00:00:00:255:255:10:01:01:01
 local address: LID 0000 QPN 0x08e4 PSN 0x18e9b3 RKey 0x034400 VAddr 0x007f942d68b000
 GID: 00:00:00:00:00:00:00:00:00:00:255:255:10:01:01:01
 local address: LID 0000 QPN 0x08e5 PSN 0x6be834 RKey 0x034400 VAddr 0x007f942d69b000
 GID: 00:00:00:00:00:00:00:00:00:00:255:255:10:01:01:01
 local address: LID 0000 QPN 0x08e6 PSN 0x9cc1a1 RKey 0x034400 VAddr 0x007f942d6ab000
 GID: 00:00:00:00:00:00:00:00:00:00:255:255:10:01:01:01
 local address: LID 0000 QPN 0x08e7 PSN 0x734714 RKey 0x034400 VAddr 0x007f942d6bb000
 GID: 00:00:00:00:00:00:00:00:00:00:255:255:10:01:01:01
 local address: LID 0000 QPN 0x08e8 PSN 0xbc325b RKey 0x034400 VAddr 0x007f942d6cb000
 GID: 00:00:00:00:00:00:00:00:00:00:255:255:10:01:01:01
 local address: LID 0000 QPN 0x08e9 PSN 0x1a98a5 RKey 0x034400 VAddr 0x007f942d6db000
 GID: 00:00:00:00:00:00:00:00:00:00:255:255:10:01:01:01
 local address: LID 0000 QPN 0x08ea PSN 0x1282e8 RKey 0x034400 VAddr 0x007f942d6eb000
 GID: 00:00:00:00:00:00:00:00:00:00:255:255:10:01:01:01
 local address: LID 0000 QPN 0x08eb PSN 0x5b7afe RKey 0x034400 VAddr 0x007f942d6fb000
 GID: 00:00:00:00:00:00:00:00:00:00:255:255:10:01:01:01
 local address: LID 0000 QPN 0x08ec PSN 0xc40be1 RKey 0x034400 VAddr 0x007f942d70b000
 GID: 00:00:00:00:00:00:00:00:00:00:255:255:10:01:01:01
 local address: LID 0000 QPN 0x08ed PSN 0xa73d37 RKey 0x034400 VAddr 0x007f942d71b000
 GID: 00:00:00:00:00:00:00:00:00:00:255:255:10:01:01:01
 local address: LID 0000 QPN 0x08ee PSN 0x39e25c RKey 0x034400 VAddr 0x007f942d72b000
 GID: 00:00:00:00:00:00:00:00:00:00:255:255:10:01:01:01
 local address: LID 0000 QPN 0x08ef PSN 0x6ea901 RKey 0x034400 VAddr 0x007f942d73b000
 GID: 00:00:00:00:00:00:00:00:00:00:255:255:10:01:01:01
 local address: LID 0000 QPN 0x08f0 PSN 0xf5ff20 RKey 0x034400 VAddr 0x007f942d74b000
 GID: 00:00:00:00:00:00:00:00:00:00:255:255:10:01:01:01
 local address: LID 0000 QPN 0x08f1 PSN 0x4973c9 RKey 0x034400 VAddr 0x007f942d75b000
 GID: 00:00:00:00:00:00:00:00:00:00:255:255:10:01:01:01
 local address: LID 0000 QPN 0x08f2 PSN 0xfd5e37 RKey 0x034400 VAddr 0x007f942d76b000
 GID: 00:00:00:00:00:00:00:00:00:00:255:255:10:01:01:01
 local address: LID 0000 QPN 0x08f3 PSN 0x1523f7 RKey 0x034400 VAddr 0x007f942d77b000
 GID: 00:00:00:00:00:00:00:00:00:00:255:255:10:01:01:01
 local address: LID 0000 QPN 0x08f4 PSN 0xa8c31a RKey 0x034400 VAddr 0x007f942d78b000
 GID: 00:00:00:00:00:00:00:00:00:00:255:255:10:01:01:01
 local address: LID 0000 QPN 0x08f5 PSN 0x8b7461 RKey 0x034400 VAddr 0x007f942d79b000
 GID: 00:00:00:00:00:00:00:00:00:00:255:255:10:01:01:01
 local address: LID 0000 QPN 0x08f6 PSN 0xaccac2 RKey 0x034400 VAddr 0x007f942d7ab000
 GID: 00:00:00:00:00:00:00:00:00:00:255:255:10:01:01:01
 local address: LID 0000 QPN 0x08f7 PSN 0xb9c6c4 RKey 0x034400 VAddr 0x007f942d7bb000
 GID: 00:00:00:00:00:00:00:00:00:00:255:255:10:01:01:01
 local address: LID 0000 QPN 0x08f8 PSN 0xc0715 RKey 0x034400 VAddr 0x007f942d7cb000
 GID: 00:00:00:00:00:00:00:00:00:00:255:255:10:01:01:01
 local address: LID 0000 QPN 0x08f9 PSN 0xcdad9c RKey 0x034400 VAddr 0x007f942d7db000
 GID: 00:00:00:00:00:00:00:00:00:00:255:255:10:01:01:01
 local address: LID 0000 QPN 0x08fa PSN 0x148e48 RKey 0x034400 VAddr 0x007f942d7eb000
 GID: 00:00:00:00:00:00:00:00:00:00:255:255:10:01:01:01
 local address: LID 0000 QPN 0x08fb PSN 0xa1e661 RKey 0x034400 VAddr 0x007f942d7fb000
 GID: 00:00:00:00:00:00:00:00:00:00:255:255:10:01:01:01
 local address: LID 0000 QPN 0x08fc PSN 0xc77ce0 RKey 0x034400 VAddr 0x007f942d80b000
 GID: 00:00:00:00:00:00:00:00:00:00:255:255:10:01:01:01
 local address: LID 0000 QPN 0x08fd PSN 0xd6ed0 RKey 0x034400 VAddr 0x007f942d81b000
 GID: 00:00:00:00:00:00:00:00:00:00:255:255:10:01:01:01
 local address: LID 0000 QPN 0x08fe PSN 0xdf6a2c RKey 0x034400 VAddr 0x007f942d82b000
 GID: 00:00:00:00:00:00:00:00:00:00:255:255:10:01:01:01
 local address: LID 0000 QPN 0x08ff PSN 0xce1a84 RKey 0x034400 VAddr 0x007f942d83b000
 GID: 00:00:00:00:00:00:00:00:00:00:255:255:10:01:01:01
 local address: LID 0000 QPN 0x0900 PSN 0xb10533 RKey 0x034400 VAddr 0x007f942d84b000
 GID: 00:00:00:00:00:00:00:00:00:00:255:255:10:01:01:01
 local address: LID 0000 QPN 0x0901 PSN 0xadd9c0 RKey 0x034400 VAddr 0x007f942d85b000
 GID: 00:00:00:00:00:00:00:00:00:00:255:255:10:01:01:01
 local address: LID 0000 QPN 0x0902 PSN 0xca8317 RKey 0x034400 VAddr 0x007f942d86b000
 GID: 00:00:00:00:00:00:00:00:00:00:255:255:10:01:01:01
 local address: LID 0000 QPN 0x0903 PSN 0x96a6ee RKey 0x034400 VAddr 0x007f942d87b000
 GID: 00:00:00:00:00:00:00:00:00:00:255:255:10:01:01:01
 local address: LID 0000 QPN 0x0904 PSN 0x360034 RKey 0x034400 VAddr 0x007f942d88b000
 GID: 00:00:00:00:00:00:00:00:00:00:255:255:10:01:01:01
 local address: LID 0000 QPN 0x0905 PSN 0x7bf5fa RKey 0x034400 VAddr 0x007f942d89b000
 GID: 00:00:00:00:00:00:00:00:00:00:255:255:10:01:01:01
 local address: LID 0000 QPN 0x0906 PSN 0xbc7a49 RKey 0x034400 VAddr 0x007f942d8ab000
 GID: 00:00:00:00:00:00:00:00:00:00:255:255:10:01:01:01
 local address: LID 0000 QPN 0x0907 PSN 0xd8ef50 RKey 0x034400 VAddr 0x007f942d8bb000
 GID: 00:00:00:00:00:00:00:00:00:00:255:255:10:01:01:01
 local address: LID 0000 QPN 0x0908 PSN 0x91e416 RKey 0x034400 VAddr 0x007f942d8cb000
 GID: 00:00:00:00:00:00:00:00:00:00:255:255:10:01:01:01
 local address: LID 0000 QPN 0x0909 PSN 0x9a5fd1 RKey 0x034400 VAddr 0x007f942d8db000
 GID: 00:00:00:00:00:00:00:00:00:00:255:255:10:01:01:01
 local address: LID 0000 QPN 0x090a PSN 0xcb8a11 RKey 0x034400 VAddr 0x007f942d8eb000
 GID: 00:00:00:00:00:00:00:00:00:00:255:255:10:01:01:01
 local address: LID 0000 QPN 0x090b PSN 0x37ffdb RKey 0x034400 VAddr 0x007f942d8fb000
 GID: 00:00:00:00:00:00:00:00:00:00:255:255:10:01:01:01
 local address: LID 0000 QPN 0x090c PSN 0x2c5bdc RKey 0x034400 VAddr 0x007f942d90b000
 GID: 00:00:00:00:00:00:00:00:00:00:255:255:10:01:01:01
 local address: LID 0000 QPN 0x090d PSN 0xeacf3 RKey 0x034400 VAddr 0x007f942d91b000
 GID: 00:00:00:00:00:00:00:00:00:00:255:255:10:01:01:01
 local address: LID 0000 QPN 0x090e PSN 0xcbb758 RKey 0x034400 VAddr 0x007f942d92b000
 GID: 00:00:00:00:00:00:00:00:00:00:255:255:10:01:01:01
 local address: LID 0000 QPN 0x090f PSN 0xc8d463 RKey 0x034400 VAddr 0x007f942d93b000
 GID: 00:00:00:00:00:00:00:00:00:00:255:255:10:01:01:01
 local address: LID 0000 QPN 0x0910 PSN 0x9b503c RKey 0x034400 VAddr 0x007f942d94b000
 GID: 00:00:00:00:00:00:00:00:00:00:255:255:10:01:01:01
 local address: LID 0000 QPN 0x0911 PSN 0xf240a6 RKey 0x034400 VAddr 0x007f942d95b000
 GID: 00:00:00:00:00:00:00:00:00:00:255:255:10:01:01:01
 local address: LID 0000 QPN 0x0912 PSN 0x3d4a57 RKey 0x034400 VAddr 0x007f942d96b000
 GID: 00:00:00:00:00:00:00:00:00:00:255:255:10:01:01:01
 local address: LID 0000 QPN 0x0913 PSN 0x23a82e RKey 0x034400 VAddr 0x007f942d97b000
 GID: 00:00:00:00:00:00:00:00:00:00:255:255:10:01:01:01
 local address: LID 0000 QPN 0x0914 PSN 0xe95c9e RKey 0x034400 VAddr 0x007f942d98b000
 GID: 00:00:00:00:00:00:00:00:00:00:255:255:10:01:01:01
 local address: LID 0000 QPN 0x0915 PSN 0x69e9a3 RKey 0x034400 VAddr 0x007f942d99b000
 GID: 00:00:00:00:00:00:00:00:00:00:255:255:10:01:01:01
 local address: LID 0000 QPN 0x0916 PSN 0x84e069 RKey 0x034400 VAddr 0x007f942d9ab000
 GID: 00:00:00:00:00:00:00:00:00:00:255:255:10:01:01:01
 local address: LID 0000 QPN 0x0917 PSN 0xde385f RKey 0x034400 VAddr 0x007f942d9bb000
 GID: 00:00:00:00:00:00:00:00:00:00:255:255:10:01:01:01
 local address: LID 0000 QPN 0x0918 PSN 0x75243 RKey 0x034400 VAddr 0x007f942d9cb000
 GID: 00:00:00:00:00:00:00:00:00:00:255:255:10:01:01:01
 local address: LID 0000 QPN 0x0919 PSN 0x23438f RKey 0x034400 VAddr 0x007f942d9db000
 GID: 00:00:00:00:00:00:00:00:00:00:255:255:10:01:01:01
 local address: LID 0000 QPN 0x091a PSN 0x5988fa RKey 0x034400 VAddr 0x007f942d9eb000
 GID: 00:00:00:00:00:00:00:00:00:00:255:255:10:01:01:01
 local address: LID 0000 QPN 0x091b PSN 0x8782fa RKey 0x034400 VAddr 0x007f942d9fb000
 GID: 00:00:00:00:00:00:00:00:00:00:255:255:10:01:01:01
 local address: LID 0000 QPN 0x091c PSN 0xd78b83 RKey 0x034400 VAddr 0x007f942da0b000
 GID: 00:00:00:00:00:00:00:00:00:00:255:255:10:01:01:01
 local address: LID 0000 QPN 0x091d PSN 0xcc7612 RKey 0x034400 VAddr 0x007f942da1b000
 GID: 00:00:00:00:00:00:00:00:00:00:255:255:10:01:01:01
 local address: LID 0000 QPN 0x091e PSN 0x6a7f9f RKey 0x034400 VAddr 0x007f942da2b000
 GID: 00:00:00:00:00:00:00:00:00:00:255:255:10:01:01:01
 local address: LID 0000 QPN 0x091f PSN 0xfc2c93 RKey 0x034400 VAddr 0x007f942da3b000
 GID: 00:00:00:00:00:00:00:00:00:00:255:255:10:01:01:01
 local address: LID 0000 QPN 0x0920 PSN 0x2bf12f RKey 0x034400 VAddr 0x007f942da4b000
 GID: 00:00:00:00:00:00:00:00:00:00:255:255:10:01:01:01
 local address: LID 0000 QPN 0x0921 PSN 0x6a8b96 RKey 0x034400 VAddr 0x007f942da5b000
 GID: 00:00:00:00:00:00:00:00:00:00:255:255:10:01:01:01
 local address: LID 0000 QPN 0x0922 PSN 0x853540 RKey 0x034400 VAddr 0x007f942da6b000
 GID: 00:00:00:00:00:00:00:00:00:00:255:255:10:01:01:01
 local address: LID 0000 QPN 0x0923 PSN 0xf35698 RKey 0x034400 VAddr 0x007f942da7b000
 GID: 00:00:00:00:00:00:00:00:00:00:255:255:10:01:01:01
 local address: LID 0000 QPN 0x0924 PSN 0x7bb415 RKey 0x034400 VAddr 0x007f942da8b000
 GID: 00:00:00:00:00:00:00:00:00:00:255:255:10:01:01:01
 local address: LID 0000 QPN 0x0925 PSN 0x3c399e RKey 0x034400 VAddr 0x007f942da9b000
 GID: 00:00:00:00:00:00:00:00:00:00:255:255:10:01:01:01
 local address: LID 0000 QPN 0x0926 PSN 0x1d7a70 RKey 0x034400 VAddr 0x007f942daab000
 GID: 00:00:00:00:00:00:00:00:00:00:255:255:10:01:01:01
 local address: LID 0000 QPN 0x0927 PSN 0x965037 RKey 0x034400 VAddr 0x007f942dabb000
 GID: 00:00:00:00:00:00:00:00:00:00:255:255:10:01:01:01
 local address: LID 0000 QPN 0x0928 PSN 0x23dca1 RKey 0x034400 VAddr 0x007f942dacb000
 GID: 00:00:00:00:00:00:00:00:00:00:255:255:10:01:01:01
 local address: LID 0000 QPN 0x0929 PSN 0x9a94c0 RKey 0x034400 VAddr 0x007f942dadb000
 GID: 00:00:00:00:00:00:00:00:00:00:255:255:10:01:01:01
 local address: LID 0000 QPN 0x092a PSN 0x24bcdd RKey 0x034400 VAddr 0x007f942daeb000
 GID: 00:00:00:00:00:00:00:00:00:00:255:255:10:01:01:01
 local address: LID 0000 QPN 0x092b PSN 0x722bed RKey 0x034400 VAddr 0x007f942dafb000
 GID: 00:00:00:00:00:00:00:00:00:00:255:255:10:01:01:01
 local address: LID 0000 QPN 0x092c PSN 0xd5f2a0 RKey 0x034400 VAddr 0x007f942db0b000
 GID: 00:00:00:00:00:00:00:00:00:00:255:255:10:01:01:01
 local address: LID 0000 QPN 0x092d PSN 0xa6ca41 RKey 0x034400 VAddr 0x007f942db1b000
 GID: 00:00:00:00:00:00:00:00:00:00:255:255:10:01:01:01
 local address: LID 0000 QPN 0x092e PSN 0xba69e3 RKey 0x034400 VAddr 0x007f942db2b000
 GID: 00:00:00:00:00:00:00:00:00:00:255:255:10:01:01:01
 local address: LID 0000 QPN 0x092f PSN 0xb8e3ad RKey 0x034400 VAddr 0x007f942db3b000
 GID: 00:00:00:00:00:00:00:00:00:00:255:255:10:01:01:01
 local address: LID 0000 QPN 0x0930 PSN 0x8a1f20 RKey 0x034400 VAddr 0x007f942db4b000
 GID: 00:00:00:00:00:00:00:00:00:00:255:255:10:01:01:01
 local address: LID 0000 QPN 0x0931 PSN 0x2b994b RKey 0x034400 VAddr 0x007f942db5b000
 GID: 00:00:00:00:00:00:00:00:00:00:255:255:10:01:01:01
 local address: LID 0000 QPN 0x0932 PSN 0x8ea83b RKey 0x034400 VAddr 0x007f942db6b000
 GID: 00:00:00:00:00:00:00:00:00:00:255:255:10:01:01:01
 local address: LID 0000 QPN 0x0933 PSN 0x3855a9 RKey 0x034400 VAddr 0x007f942db7b000
 GID: 00:00:00:00:00:00:00:00:00:00:255:255:10:01:01:01
 local address: LID 0000 QPN 0x0934 PSN 0xfe4a74 RKey 0x034400 VAddr 0x007f942db8b000
 GID: 00:00:00:00:00:00:00:00:00:00:255:255:10:01:01:01
 local address: LID 0000 QPN 0x0935 PSN 0x8ae5cd RKey 0x034400 VAddr 0x007f942db9b000
 GID: 00:00:00:00:00:00:00:00:00:00:255:255:10:01:01:01
 local address: LID 0000 QPN 0x0936 PSN 0xf1bad0 RKey 0x034400 VAddr 0x007f942dbab000
 GID: 00:00:00:00:00:00:00:00:00:00:255:255:10:01:01:01
 local address: LID 0000 QPN 0x0937 PSN 0x4803bf RKey 0x034400 VAddr 0x007f942dbbb000
 GID: 00:00:00:00:00:00:00:00:00:00:255:255:10:01:01:01
 local address: LID 0000 QPN 0x0938 PSN 0xa1d854 RKey 0x034400 VAddr 0x007f942dbcb000
 GID: 00:00:00:00:00:00:00:00:00:00:255:255:10:01:01:01
 local address: LID 0000 QPN 0x0939 PSN 0x7b5eef RKey 0x034400 VAddr 0x007f942dbdb000
 GID: 00:00:00:00:00:00:00:00:00:00:255:255:10:01:01:01
 local address: LID 0000 QPN 0x093a PSN 0x9d7eb2 RKey 0x034400 VAddr 0x007f942dbeb000
 GID: 00:00:00:00:00:00:00:00:00:00:255:255:10:01:01:01
 local address: LID 0000 QPN 0x093b PSN 0xd31f83 RKey 0x034400 VAddr 0x007f942dbfb000
 GID: 00:00:00:00:00:00:00:00:00:00:255:255:10:01:01:01
 local address: LID 0000 QPN 0x093c PSN 0xe5c420 RKey 0x034400 VAddr 0x007f942dc0b000
 GID: 00:00:00:00:00:00:00:00:00:00:255:255:10:01:01:01
 local address: LID 0000 QPN 0x093d PSN 0x5fd331 RKey 0x034400 VAddr 0x007f942dc1b000
 GID: 00:00:00:00:00:00:00:00:00:00:255:255:10:01:01:01
 local address: LID 0000 QPN 0x093e PSN 0x6b9623 RKey 0x034400 VAddr 0x007f942dc2b000
 GID: 00:00:00:00:00:00:00:00:00:00:255:255:10:01:01:01
 local address: LID 0000 QPN 0x093f PSN 0x330ce5 RKey 0x034400 VAddr 0x007f942dc3b000
 GID: 00:00:00:00:00:00:00:00:00:00:255:255:10:01:01:01
 local address: LID 0000 QPN 0x0940 PSN 0x62ff45 RKey 0x034400 VAddr 0x007f942dc4b000
 GID: 00:00:00:00:00:00:00:00:00:00:255:255:10:01:01:01
 local address: LID 0000 QPN 0x0941 PSN 0xc16c1f RKey 0x034400 VAddr 0x007f942dc5b000
 GID: 00:00:00:00:00:00:00:00:00:00:255:255:10:01:01:01
 local address: LID 0000 QPN 0x0942 PSN 0x81f2cf RKey 0x034400 VAddr 0x007f942dc6b000
 GID: 00:00:00:00:00:00:00:00:00:00:255:255:10:01:01:01
 local address: LID 0000 QPN 0x0943 PSN 0x67257f RKey 0x034400 VAddr 0x007f942dc7b000
 GID: 00:00:00:00:00:00:00:00:00:00:255:255:10:01:01:01
 local address: LID 0000 QPN 0x0944 PSN 0x4513b8 RKey 0x034400 VAddr 0x007f942dc8b000
 GID: 00:00:00:00:00:00:00:00:00:00:255:255:10:01:01:01
 local address: LID 0000 QPN 0x0945 PSN 0x8fabb3 RKey 0x034400 VAddr 0x007f942dc9b000
 GID: 00:00:00:00:00:00:00:00:00:00:255:255:10:01:01:01
 local address: LID 0000 QPN 0x0946 PSN 0x289119 RKey 0x034400 VAddr 0x007f942dcab000
 GID: 00:00:00:00:00:00:00:00:00:00:255:255:10:01:01:01
 local address: LID 0000 QPN 0x0947 PSN 0xf9267e RKey 0x034400 VAddr 0x007f942dcbb000
 GID: 00:00:00:00:00:00:00:00:00:00:255:255:10:01:01:01
 local address: LID 0000 QPN 0x0948 PSN 0x52ca0 RKey 0x034400 VAddr 0x007f942dccb000
 GID: 00:00:00:00:00:00:00:00:00:00:255:255:10:01:01:01
 local address: LID 0000 QPN 0x0949 PSN 0xdca547 RKey 0x034400 VAddr 0x007f942dcdb000
 GID: 00:00:00:00:00:00:00:00:00:00:255:255:10:01:01:01
 local address: LID 0000 QPN 0x094a PSN 0x965691 RKey 0x034400 VAddr 0x007f942dceb000
 GID: 00:00:00:00:00:00:00:00:00:00:255:255:10:01:01:01
 local address: LID 0000 QPN 0x094b PSN 0x2a532a RKey 0x034400 VAddr 0x007f942dcfb000
 GID: 00:00:00:00:00:00:00:00:00:00:255:255:10:01:01:01
 local address: LID 0000 QPN 0x094c PSN 0xe1c710 RKey 0x034400 VAddr 0x007f942dd0b000
 GID: 00:00:00:00:00:00:00:00:00:00:255:255:10:01:01:01
 local address: LID 0000 QPN 0x094d PSN 0x798c35 RKey 0x034400 VAddr 0x007f942dd1b000
 GID: 00:00:00:00:00:00:00:00:00:00:255:255:10:01:01:01
 local address: LID 0000 QPN 0x094e PSN 0xb02581 RKey 0x034400 VAddr 0x007f942dd2b000
 GID: 00:00:00:00:00:00:00:00:00:00:255:255:10:01:01:01
 local address: LID 0000 QPN 0x094f PSN 0x7bf613 RKey 0x034400 VAddr 0x007f942dd3b000
 GID: 00:00:00:00:00:00:00:00:00:00:255:255:10:01:01:01
 local address: LID 0000 QPN 0x0950 PSN 0xc16cf2 RKey 0x034400 VAddr 0x007f942dd4b000
 GID: 00:00:00:00:00:00:00:00:00:00:255:255:10:01:01:01
 local address: LID 0000 QPN 0x0951 PSN 0xbf520d RKey 0x034400 VAddr 0x007f942dd5b000
 GID: 00:00:00:00:00:00:00:00:00:00:255:255:10:01:01:01
 local address: LID 0000 QPN 0x0952 PSN 0x1457a7 RKey 0x034400 VAddr 0x007f942dd6b000
 GID: 00:00:00:00:00:00:00:00:00:00:255:255:10:01:01:01
 local address: LID 0000 QPN 0x0953 PSN 0xe68ada RKey 0x034400 VAddr 0x007f942dd7b000
 GID: 00:00:00:00:00:00:00:00:00:00:255:255:10:01:01:01
 local address: LID 0000 QPN 0x0954 PSN 0x72fbff RKey 0x034400 VAddr 0x007f942dd8b000
 GID: 00:00:00:00:00:00:00:00:00:00:255:255:10:01:01:01
 local address: LID 0000 QPN 0x0955 PSN 0x90ae72 RKey 0x034400 VAddr 0x007f942dd9b000
 GID: 00:00:00:00:00:00:00:00:00:00:255:255:10:01:01:01
 local address: LID 0000 QPN 0x0956 PSN 0xfdf1fc RKey 0x034400 VAddr 0x007f942ddab000
 GID: 00:00:00:00:00:00:00:00:00:00:255:255:10:01:01:01
 local address: LID 0000 QPN 0x0957 PSN 0xbd7a99 RKey 0x034400 VAddr 0x007f942ddbb000
 GID: 00:00:00:00:00:00:00:00:00:00:255:255:10:01:01:01
 local address: LID 0000 QPN 0x0958 PSN 0xa41aea RKey 0x034400 VAddr 0x007f942ddcb000
 GID: 00:00:00:00:00:00:00:00:00:00:255:255:10:01:01:01
 local address: LID 0000 QPN 0x0959 PSN 0xde8a91 RKey 0x034400 VAddr 0x007f942dddb000
 GID: 00:00:00:00:00:00:00:00:00:00:255:255:10:01:01:01
 local address: LID 0000 QPN 0x095a PSN 0xae03b3 RKey 0x034400 VAddr 0x007f942ddeb000
 GID: 00:00:00:00:00:00:00:00:00:00:255:255:10:01:01:01
 local address: LID 0000 QPN 0x095b PSN 0xf1f4f0 RKey 0x034400 VAddr 0x007f942ddfb000
 GID: 00:00:00:00:00:00:00:00:00:00:255:255:10:01:01:01
 local address: LID 0000 QPN 0x095c PSN 0x8e9e9d RKey 0x034400 VAddr 0x007f942de0b000
 GID: 00:00:00:00:00:00:00:00:00:00:255:255:10:01:01:01
 local address: LID 0000 QPN 0x095d PSN 0x4d6a3f RKey 0x034400 VAddr 0x007f942de1b000
 GID: 00:00:00:00:00:00:00:00:00:00:255:255:10:01:01:01
 local address: LID 0000 QPN 0x095e PSN 0x3ec23d RKey 0x034400 VAddr 0x007f942de2b000
 GID: 00:00:00:00:00:00:00:00:00:00:255:255:10:01:01:01
 local address: LID 0000 QPN 0x095f PSN 0xc60fad RKey 0x034400 VAddr 0x007f942de3b000
 GID: 00:00:00:00:00:00:00:00:00:00:255:255:10:01:01:01
 local address: LID 0000 QPN 0x0960 PSN 0x67c19a RKey 0x034400 VAddr 0x007f942de4b000
 GID: 00:00:00:00:00:00:00:00:00:00:255:255:10:01:01:01
 local address: LID 0000 QPN 0x0961 PSN 0xaa0cae RKey 0x034400 VAddr 0x007f942de5b000
 GID: 00:00:00:00:00:00:00:00:00:00:255:255:10:01:01:01
 local address: LID 0000 QPN 0x0962 PSN 0x2b1489 RKey 0x034400 VAddr 0x007f942de6b000
 GID: 00:00:00:00:00:00:00:00:00:00:255:255:10:01:01:01
 local address: LID 0000 QPN 0x0963 PSN 0xa9f717 RKey 0x034400 VAddr 0x007f942de7b000
 GID: 00:00:00:00:00:00:00:00:00:00:255:255:10:01:01:01
 local address: LID 0000 QPN 0x0964 PSN 0x282f84 RKey 0x034400 VAddr 0x007f942de8b000
 GID: 00:00:00:00:00:00:00:00:00:00:255:255:10:01:01:01
 local address: LID 0000 QPN 0x0965 PSN 0x451ecc RKey 0x034400 VAddr 0x007f942de9b000
 GID: 00:00:00:00:00:00:00:00:00:00:255:255:10:01:01:01
 local address: LID 0000 QPN 0x0966 PSN 0x8e5f4a RKey 0x034400 VAddr 0x007f942deab000
 GID: 00:00:00:00:00:00:00:00:00:00:255:255:10:01:01:01
 local address: LID 0000 QPN 0x0967 PSN 0x8f98d7 RKey 0x034400 VAddr 0x007f942debb000
 GID: 00:00:00:00:00:00:00:00:00:00:255:255:10:01:01:01
 local address: LID 0000 QPN 0x0968 PSN 0x7206b7 RKey 0x034400 VAddr 0x007f942decb000
 GID: 00:00:00:00:00:00:00:00:00:00:255:255:10:01:01:01
 local address: LID 0000 QPN 0x0969 PSN 0xb17939 RKey 0x034400 VAddr 0x007f942dedb000
 GID: 00:00:00:00:00:00:00:00:00:00:255:255:10:01:01:01
 local address: LID 0000 QPN 0x096a PSN 0x4b8470 RKey 0x034400 VAddr 0x007f942deeb000
 GID: 00:00:00:00:00:00:00:00:00:00:255:255:10:01:01:01
 local address: LID 0000 QPN 0x096b PSN 0x1dd384 RKey 0x034400 VAddr 0x007f942defb000
 GID: 00:00:00:00:00:00:00:00:00:00:255:255:10:01:01:01
 local address: LID 0000 QPN 0x096c PSN 0x4a1211 RKey 0x034400 VAddr 0x007f942df0b000
 GID: 00:00:00:00:00:00:00:00:00:00:255:255:10:01:01:01
 local address: LID 0000 QPN 0x096d PSN 0x5e03e2 RKey 0x034400 VAddr 0x007f942df1b000
 GID: 00:00:00:00:00:00:00:00:00:00:255:255:10:01:01:01
 local address: LID 0000 QPN 0x096e PSN 0x727b8 RKey 0x034400 VAddr 0x007f942df2b000
 GID: 00:00:00:00:00:00:00:00:00:00:255:255:10:01:01:01
 local address: LID 0000 QPN 0x096f PSN 0x72d4c9 RKey 0x034400 VAddr 0x007f942df3b000
 GID: 00:00:00:00:00:00:00:00:00:00:255:255:10:01:01:01
 local address: LID 0000 QPN 0x0970 PSN 0x2b9cd4 RKey 0x034400 VAddr 0x007f942df4b000
 GID: 00:00:00:00:00:00:00:00:00:00:255:255:10:01:01:01
 local address: LID 0000 QPN 0x0971 PSN 0xbbf93f RKey 0x034400 VAddr 0x007f942df5b000
 GID: 00:00:00:00:00:00:00:00:00:00:255:255:10:01:01:01
 local address: LID 0000 QPN 0x0972 PSN 0x506a5f RKey 0x034400 VAddr 0x007f942df6b000
 GID: 00:00:00:00:00:00:00:00:00:00:255:255:10:01:01:01
 local address: LID 0000 QPN 0x0973 PSN 0x35f035 RKey 0x034400 VAddr 0x007f942df7b000
 GID: 00:00:00:00:00:00:00:00:00:00:255:255:10:01:01:01
 local address: LID 0000 QPN 0x0974 PSN 0xd262a4 RKey 0x034400 VAddr 0x007f942df8b000
 GID: 00:00:00:00:00:00:00:00:00:00:255:255:10:01:01:01
 local address: LID 0000 QPN 0x0975 PSN 0xb3e325 RKey 0x034400 VAddr 0x007f942df9b000
 GID: 00:00:00:00:00:00:00:00:00:00:255:255:10:01:01:01
 local address: LID 0000 QPN 0x0976 PSN 0x946ff2 RKey 0x034400 VAddr 0x007f942dfab000
 GID: 00:00:00:00:00:00:00:00:00:00:255:255:10:01:01:01
 local address: LID 0000 QPN 0x0977 PSN 0x33d89f RKey 0x034400 VAddr 0x007f942dfbb000
 GID: 00:00:00:00:00:00:00:00:00:00:255:255:10:01:01:01
 local address: LID 0000 QPN 0x0978 PSN 0xc3daa RKey 0x034400 VAddr 0x007f942dfcb000
 GID: 00:00:00:00:00:00:00:00:00:00:255:255:10:01:01:01
 local address: LID 0000 QPN 0x0979 PSN 0xb74b48 RKey 0x034400 VAddr 0x007f942dfdb000
 GID: 00:00:00:00:00:00:00:00:00:00:255:255:10:01:01:01
 local address: LID 0000 QPN 0x097a PSN 0xac1e41 RKey 0x034400 VAddr 0x007f942dfeb000
 GID: 00:00:00:00:00:00:00:00:00:00:255:255:10:01:01:01
 local address: LID 0000 QPN 0x097b PSN 0x44c634 RKey 0x034400 VAddr 0x007f942dffb000
 GID: 00:00:00:00:00:00:00:00:00:00:255:255:10:01:01:01
 local address: LID 0000 QPN 0x097c PSN 0x1c54db RKey 0x034400 VAddr 0x007f942e00b000
 GID: 00:00:00:00:00:00:00:00:00:00:255:255:10:01:01:01
 local address: LID 0000 QPN 0x097d PSN 0x62b951 RKey 0x034400 VAddr 0x007f942e01b000
 GID: 00:00:00:00:00:00:00:00:00:00:255:255:10:01:01:01
 local address: LID 0000 QPN 0x097e PSN 0x18aa71 RKey 0x034400 VAddr 0x007f942e02b000
 GID: 00:00:00:00:00:00:00:00:00:00:255:255:10:01:01:01
 local address: LID 0000 QPN 0x097f PSN 0x6ab31f RKey 0x034400 VAddr 0x007f942e03b000
 GID: 00:00:00:00:00:00:00:00:00:00:255:255:10:01:01:01
 local address: LID 0000 QPN 0x0980 PSN 0xd3ac53 RKey 0x034400 VAddr 0x007f942e04b000
 GID: 00:00:00:00:00:00:00:00:00:00:255:255:10:01:01:01
 local address: LID 0000 QPN 0x0981 PSN 0x33898 RKey 0x034400 VAddr 0x007f942e05b000
 GID: 00:00:00:00:00:00:00:00:00:00:255:255:10:01:01:01
 local address: LID 0000 QPN 0x0982 PSN 0x7aa531 RKey 0x034400 VAddr 0x007f942e06b000
 GID: 00:00:00:00:00:00:00:00:00:00:255:255:10:01:01:01
 local address: LID 0000 QPN 0x0983 PSN 0x8e78d3 RKey 0x034400 VAddr 0x007f942e07b000
 GID: 00:00:00:00:00:00:00:00:00:00:255:255:10:01:01:01
 local address: LID 0000 QPN 0x0984 PSN 0x9f19db RKey 0x034400 VAddr 0x007f942e08b000
 GID: 00:00:00:00:00:00:00:00:00:00:255:255:10:01:01:01
 local address: LID 0000 QPN 0x0985 PSN 0xc3f7f RKey 0x034400 VAddr 0x007f942e09b000
 GID: 00:00:00:00:00:00:00:00:00:00:255:255:10:01:01:01
 local address: LID 0000 QPN 0x0986 PSN 0x985805 RKey 0x034400 VAddr 0x007f942e0ab000
 GID: 00:00:00:00:00:00:00:00:00:00:255:255:10:01:01:01
 local address: LID 0000 QPN 0x0987 PSN 0xa537f8 RKey 0x034400 VAddr 0x007f942e0bb000
 GID: 00:00:00:00:00:00:00:00:00:00:255:255:10:01:01:01
 local address: LID 0000 QPN 0x0988 PSN 0x88bf8a RKey 0x034400 VAddr 0x007f942e0cb000
 GID: 00:00:00:00:00:00:00:00:00:00:255:255:10:01:01:01
 local address: LID 0000 QPN 0x0989 PSN 0x3e726a RKey 0x034400 VAddr 0x007f942e0db000
 GID: 00:00:00:00:00:00:00:00:00:00:255:255:10:01:01:01
 local address: LID 0000 QPN 0x098a PSN 0x8365be RKey 0x034400 VAddr 0x007f942e0eb000
 GID: 00:00:00:00:00:00:00:00:00:00:255:255:10:01:01:01
 local address: LID 0000 QPN 0x098b PSN 0xf414f0 RKey 0x034400 VAddr 0x007f942e0fb000
 GID: 00:00:00:00:00:00:00:00:00:00:255:255:10:01:01:01
 local address: LID 0000 QPN 0x098c PSN 0xab4e87 RKey 0x034400 VAddr 0x007f942e10b000
 GID: 00:00:00:00:00:00:00:00:00:00:255:255:10:01:01:01
 local address: LID 0000 QPN 0x098d PSN 0x8d5c5e RKey 0x034400 VAddr 0x007f942e11b000
 GID: 00:00:00:00:00:00:00:00:00:00:255:255:10:01:01:01
 local address: LID 0000 QPN 0x098e PSN 0x3ac00a RKey 0x034400 VAddr 0x007f942e12b000
 GID: 00:00:00:00:00:00:00:00:00:00:255:255:10:01:01:01
 local address: LID 0000 QPN 0x098f PSN 0x3ef304 RKey 0x034400 VAddr 0x007f942e13b000
 GID: 00:00:00:00:00:00:00:00:00:00:255:255:10:01:01:01
 local address: LID 0000 QPN 0x0990 PSN 0xf773ec RKey 0x034400 VAddr 0x007f942e14b000
 GID: 00:00:00:00:00:00:00:00:00:00:255:255:10:01:01:01
 local address: LID 0000 QPN 0x0991 PSN 0x59d735 RKey 0x034400 VAddr 0x007f942e15b000
 GID: 00:00:00:00:00:00:00:00:00:00:255:255:10:01:01:01
 local address: LID 0000 QPN 0x0992 PSN 0xa52427 RKey 0x034400 VAddr 0x007f942e16b000
 GID: 00:00:00:00:00:00:00:00:00:00:255:255:10:01:01:01
 local address: LID 0000 QPN 0x0993 PSN 0x8f7830 RKey 0x034400 VAddr 0x007f942e17b000
 GID: 00:00:00:00:00:00:00:00:00:00:255:255:10:01:01:01
 local address: LID 0000 QPN 0x0994 PSN 0x8ff1c6 RKey 0x034400 VAddr 0x007f942e18b000
 GID: 00:00:00:00:00:00:00:00:00:00:255:255:10:01:01:01
 local address: LID 0000 QPN 0x0995 PSN 0xf87d7b RKey 0x034400 VAddr 0x007f942e19b000
 GID: 00:00:00:00:00:00:00:00:00:00:255:255:10:01:01:01
 local address: LID 0000 QPN 0x0996 PSN 0x1170b3 RKey 0x034400 VAddr 0x007f942e1ab000
 GID: 00:00:00:00:00:00:00:00:00:00:255:255:10:01:01:01
 local address: LID 0000 QPN 0x0997 PSN 0x8c4387 RKey 0x034400 VAddr 0x007f942e1bb000
 GID: 00:00:00:00:00:00:00:00:00:00:255:255:10:01:01:01
 local address: LID 0000 QPN 0x0998 PSN 0x870639 RKey 0x034400 VAddr 0x007f942e1cb000
 GID: 00:00:00:00:00:00:00:00:00:00:255:255:10:01:01:01
 local address: LID 0000 QPN 0x0999 PSN 0x571fe9 RKey 0x034400 VAddr 0x007f942e1db000
 GID: 00:00:00:00:00:00:00:00:00:00:255:255:10:01:01:01
 local address: LID 0000 QPN 0x099a PSN 0xad46a0 RKey 0x034400 VAddr 0x007f942e1eb000
 GID: 00:00:00:00:00:00:00:00:00:00:255:255:10:01:01:01
 local address: LID 0000 QPN 0x099b PSN 0xace044 RKey 0x034400 VAddr 0x007f942e1fb000
 GID: 00:00:00:00:00:00:00:00:00:00:255:255:10:01:01:01
 local address: LID 0000 QPN 0x099c PSN 0x8fe2c0 RKey 0x034400 VAddr 0x007f942e20b000
 GID: 00:00:00:00:00:00:00:00:00:00:255:255:10:01:01:01
 local address: LID 0000 QPN 0x099d PSN 0x89d87c RKey 0x034400 VAddr 0x007f942e21b000
 GID: 00:00:00:00:00:00:00:00:00:00:255:255:10:01:01:01
 local address: LID 0000 QPN 0x099e PSN 0xb78743 RKey 0x034400 VAddr 0x007f942e22b000
 GID: 00:00:00:00:00:00:00:00:00:00:255:255:10:01:01:01
 local address: LID 0000 QPN 0x099f PSN 0x959f6f RKey 0x034400 VAddr 0x007f942e23b000
 GID: 00:00:00:00:00:00:00:00:00:00:255:255:10:01:01:01
 local address: LID 0000 QPN 0x09a0 PSN 0x611593 RKey 0x034400 VAddr 0x007f942e24b000
 GID: 00:00:00:00:00:00:00:00:00:00:255:255:10:01:01:01
 local address: LID 0000 QPN 0x09a1 PSN 0xb7f530 RKey 0x034400 VAddr 0x007f942e25b000
 GID: 00:00:00:00:00:00:00:00:00:00:255:255:10:01:01:01
 local address: LID 0000 QPN 0x09a2 PSN 0xbb618b RKey 0x034400 VAddr 0x007f942e26b000
 GID: 00:00:00:00:00:00:00:00:00:00:255:255:10:01:01:01
 local address: LID 0000 QPN 0x09a3 PSN 0x2f2229 RKey 0x034400 VAddr 0x007f942e27b000
 GID: 00:00:00:00:00:00:00:00:00:00:255:255:10:01:01:01
 local address: LID 0000 QPN 0x09a4 PSN 0x30e721 RKey 0x034400 VAddr 0x007f942e28b000
 GID: 00:00:00:00:00:00:00:00:00:00:255:255:10:01:01:01
 local address: LID 0000 QPN 0x09a5 PSN 0xea945e RKey 0x034400 VAddr 0x007f942e29b000
 GID: 00:00:00:00:00:00:00:00:00:00:255:255:10:01:01:01
 local address: LID 0000 QPN 0x09a6 PSN 0xf9c04e RKey 0x034400 VAddr 0x007f942e2ab000
 GID: 00:00:00:00:00:00:00:00:00:00:255:255:10:01:01:01
 local address: LID 0000 QPN 0x09a7 PSN 0x3ffe94 RKey 0x034400 VAddr 0x007f942e2bb000
 GID: 00:00:00:00:00:00:00:00:00:00:255:255:10:01:01:01
 local address: LID 0000 QPN 0x09a8 PSN 0x2cdbc RKey 0x034400 VAddr 0x007f942e2cb000
 GID: 00:00:00:00:00:00:00:00:00:00:255:255:10:01:01:01
 local address: LID 0000 QPN 0x09a9 PSN 0x426caf RKey 0x034400 VAddr 0x007f942e2db000
 GID: 00:00:00:00:00:00:00:00:00:00:255:255:10:01:01:01
 local address: LID 0000 QPN 0x09aa PSN 0x720bbf RKey 0x034400 VAddr 0x007f942e2eb000
 GID: 00:00:00:00:00:00:00:00:00:00:255:255:10:01:01:01
 local address: LID 0000 QPN 0x09ab PSN 0xb8961 RKey 0x034400 VAddr 0x007f942e2fb000
 GID: 00:00:00:00:00:00:00:00:00:00:255:255:10:01:01:01
 local address: LID 0000 QPN 0x09ac PSN 0x8d3955 RKey 0x034400 VAddr 0x007f942e30b000
 GID: 00:00:00:00:00:00:00:00:00:00:255:255:10:01:01:01
 local address: LID 0000 QPN 0x09ad PSN 0xb7dabc RKey 0x034400 VAddr 0x007f942e31b000
 GID: 00:00:00:00:00:00:00:00:00:00:255:255:10:01:01:01
 local address: LID 0000 QPN 0x09ae PSN 0xd84ffc RKey 0x034400 VAddr 0x007f942e32b000
 GID: 00:00:00:00:00:00:00:00:00:00:255:255:10:01:01:01
 local address: LID 0000 QPN 0x09af PSN 0x5f6df7 RKey 0x034400 VAddr 0x007f942e33b000
 GID: 00:00:00:00:00:00:00:00:00:00:255:255:10:01:01:01
 local address: LID 0000 QPN 0x09b0 PSN 0x71195c RKey 0x034400 VAddr 0x007f942e34b000
 GID: 00:00:00:00:00:00:00:00:00:00:255:255:10:01:01:01
 local address: LID 0000 QPN 0x09b1 PSN 0x5fee44 RKey 0x034400 VAddr 0x007f942e35b000
 GID: 00:00:00:00:00:00:00:00:00:00:255:255:10:01:01:01
 local address: LID 0000 QPN 0x09b2 PSN 0x55fac4 RKey 0x034400 VAddr 0x007f942e36b000
 GID: 00:00:00:00:00:00:00:00:00:00:255:255:10:01:01:01
 local address: LID 0000 QPN 0x09b3 PSN 0x2a5f3d RKey 0x034400 VAddr 0x007f942e37b000
 GID: 00:00:00:00:00:00:00:00:00:00:255:255:10:01:01:01
 local address: LID 0000 QPN 0x09b4 PSN 0x709ec9 RKey 0x034400 VAddr 0x007f942e38b000
 GID: 00:00:00:00:00:00:00:00:00:00:255:255:10:01:01:01
 local address: LID 0000 QPN 0x09b5 PSN 0xe2d109 RKey 0x034400 VAddr 0x007f942e39b000
 GID: 00:00:00:00:00:00:00:00:00:00:255:255:10:01:01:01
 local address: LID 0000 QPN 0x09b6 PSN 0x538246 RKey 0x034400 VAddr 0x007f942e3ab000
 GID: 00:00:00:00:00:00:00:00:00:00:255:255:10:01:01:01
 local address: LID 0000 QPN 0x09b7 PSN 0xd0cb04 RKey 0x034400 VAddr 0x007f942e3bb000
 GID: 00:00:00:00:00:00:00:00:00:00:255:255:10:01:01:01
 local address: LID 0000 QPN 0x09b8 PSN 0x68dc39 RKey 0x034400 VAddr 0x007f942e3cb000
 GID: 00:00:00:00:00:00:00:00:00:00:255:255:10:01:01:01
 local address: LID 0000 QPN 0x09b9 PSN 0xfb8147 RKey 0x034400 VAddr 0x007f942e3db000
 GID: 00:00:00:00:00:00:00:00:00:00:255:255:10:01:01:01
 local address: LID 0000 QPN 0x09ba PSN 0xdc6714 RKey 0x034400 VAddr 0x007f942e3eb000
 GID: 00:00:00:00:00:00:00:00:00:00:255:255:10:01:01:01
 local address: LID 0000 QPN 0x09bb PSN 0x991a14 RKey 0x034400 VAddr 0x007f942e3fb000
 GID: 00:00:00:00:00:00:00:00:00:00:255:255:10:01:01:01
 local address: LID 0000 QPN 0x09bc PSN 0x2a0630 RKey 0x034400 VAddr 0x007f942e40b000
 GID: 00:00:00:00:00:00:00:00:00:00:255:255:10:01:01:01
 local address: LID 0000 QPN 0x09bd PSN 0x1e79d2 RKey 0x034400 VAddr 0x007f942e41b000
 GID: 00:00:00:00:00:00:00:00:00:00:255:255:10:01:01:01
 local address: LID 0000 QPN 0x09be PSN 0x942337 RKey 0x034400 VAddr 0x007f942e42b000
 GID: 00:00:00:00:00:00:00:00:00:00:255:255:10:01:01:01
 local address: LID 0000 QPN 0x09bf PSN 0x57a6d1 RKey 0x034400 VAddr 0x007f942e43b000
 GID: 00:00:00:00:00:00:00:00:00:00:255:255:10:01:01:01
 local address: LID 0000 QPN 0x09c0 PSN 0x4357d RKey 0x034400 VAddr 0x007f942e44b000
 GID: 00:00:00:00:00:00:00:00:00:00:255:255:10:01:01:01
 local address: LID 0000 QPN 0x09c1 PSN 0x6481cb RKey 0x034400 VAddr 0x007f942e45b000
 GID: 00:00:00:00:00:00:00:00:00:00:255:255:10:01:01:01
 local address: LID 0000 QPN 0x09c2 PSN 0xc9b85c RKey 0x034400 VAddr 0x007f942e46b000
 GID: 00:00:00:00:00:00:00:00:00:00:255:255:10:01:01:01
 local address: LID 0000 QPN 0x09c3 PSN 0x9b348a RKey 0x034400 VAddr 0x007f942e47b000
 GID: 00:00:00:00:00:00:00:00:00:00:255:255:10:01:01:01
 local address: LID 0000 QPN 0x09c4 PSN 0x1aadbb RKey 0x034400 VAddr 0x007f942e48b000
 GID: 00:00:00:00:00:00:00:00:00:00:255:255:10:01:01:01
 local address: LID 0000 QPN 0x09c5 PSN 0x307dfe RKey 0x034400 VAddr 0x007f942e49b000
 GID: 00:00:00:00:00:00:00:00:00:00:255:255:10:01:01:01
 local address: LID 0000 QPN 0x09c6 PSN 0x20af2b RKey 0x034400 VAddr 0x007f942e4ab000
 GID: 00:00:00:00:00:00:00:00:00:00:255:255:10:01:01:01
 local address: LID 0000 QPN 0x09c7 PSN 0x9d515f RKey 0x034400 VAddr 0x007f942e4bb000
 GID: 00:00:00:00:00:00:00:00:00:00:255:255:10:01:01:01
 local address: LID 0000 QPN 0x09c8 PSN 0x6dc9f3 RKey 0x034400 VAddr 0x007f942e4cb000
 GID: 00:00:00:00:00:00:00:00:00:00:255:255:10:01:01:01
 local address: LID 0000 QPN 0x09c9 PSN 0x5abddb RKey 0x034400 VAddr 0x007f942e4db000
 GID: 00:00:00:00:00:00:00:00:00:00:255:255:10:01:01:01
 local address: LID 0000 QPN 0x09ca PSN 0xa179b8 RKey 0x034400 VAddr 0x007f942e4eb000
 GID: 00:00:00:00:00:00:00:00:00:00:255:255:10:01:01:01
 local address: LID 0000 QPN 0x09cb PSN 0xc6accc RKey 0x034400 VAddr 0x007f942e4fb000
 GID: 00:00:00:00:00:00:00:00:00:00:255:255:10:01:01:01
 local address: LID 0000 QPN 0x09cc PSN 0x2bd15f RKey 0x034400 VAddr 0x007f942e50b000
 GID: 00:00:00:00:00:00:00:00:00:00:255:255:10:01:01:01
 local address: LID 0000 QPN 0x09cd PSN 0x99de0f RKey 0x034400 VAddr 0x007f942e51b000
 GID: 00:00:00:00:00:00:00:00:00:00:255:255:10:01:01:01
 local address: LID 0000 QPN 0x09ce PSN 0xf04b12 RKey 0x034400 VAddr 0x007f942e52b000
 GID: 00:00:00:00:00:00:00:00:00:00:255:255:10:01:01:01
 local address: LID 0000 QPN 0x09cf PSN 0x4e0cd6 RKey 0x034400 VAddr 0x007f942e53b000
 GID: 00:00:00:00:00:00:00:00:00:00:255:255:10:01:01:01
 local address: LID 0000 QPN 0x09d0 PSN 0x5b164a RKey 0x034400 VAddr 0x007f942e54b000
 GID: 00:00:00:00:00:00:00:00:00:00:255:255:10:01:01:01
 local address: LID 0000 QPN 0x09d1 PSN 0x8fabf RKey 0x034400 VAddr 0x007f942e55b000
 GID: 00:00:00:00:00:00:00:00:00:00:255:255:10:01:01:01
 local address: LID 0000 QPN 0x09d2 PSN 0x895f9 RKey 0x034400 VAddr 0x007f942e56b000
 GID: 00:00:00:00:00:00:00:00:00:00:255:255:10:01:01:01
 local address: LID 0000 QPN 0x09d3 PSN 0xf92bd0 RKey 0x034400 VAddr 0x007f942e57b000
 GID: 00:00:00:00:00:00:00:00:00:00:255:255:10:01:01:01
 local address: LID 0000 QPN 0x09d4 PSN 0x73e113 RKey 0x034400 VAddr 0x007f942e58b000
 GID: 00:00:00:00:00:00:00:00:00:00:255:255:10:01:01:01
 local address: LID 0000 QPN 0x09d5 PSN 0xac8b61 RKey 0x034400 VAddr 0x007f942e59b000
 GID: 00:00:00:00:00:00:00:00:00:00:255:255:10:01:01:01
 local address: LID 0000 QPN 0x09d6 PSN 0x4c84ae RKey 0x034400 VAddr 0x007f942e5ab000
 GID: 00:00:00:00:00:00:00:00:00:00:255:255:10:01:01:01
 local address: LID 0000 QPN 0x09d7 PSN 0xf168ca RKey 0x034400 VAddr 0x007f942e5bb000
 GID: 00:00:00:00:00:00:00:00:00:00:255:255:10:01:01:01
 local address: LID 0000 QPN 0x09d8 PSN 0x26c950 RKey 0x034400 VAddr 0x007f942e5cb000
 GID: 00:00:00:00:00:00:00:00:00:00:255:255:10:01:01:01
 local address: LID 0000 QPN 0x09d9 PSN 0x52e236 RKey 0x034400 VAddr 0x007f942e5db000
 GID: 00:00:00:00:00:00:00:00:00:00:255:255:10:01:01:01
 local address: LID 0000 QPN 0x09da PSN 0x1adbe2 RKey 0x034400 VAddr 0x007f942e5eb000
 GID: 00:00:00:00:00:00:00:00:00:00:255:255:10:01:01:01
 local address: LID 0000 QPN 0x09db PSN 0x92d497 RKey 0x034400 VAddr 0x007f942e5fb000
 GID: 00:00:00:00:00:00:00:00:00:00:255:255:10:01:01:01
 local address: LID 0000 QPN 0x09dc PSN 0x743f0e RKey 0x034400 VAddr 0x007f942e60b000
 GID: 00:00:00:00:00:00:00:00:00:00:255:255:10:01:01:01
 local address: LID 0000 QPN 0x09dd PSN 0xc2e968 RKey 0x034400 VAddr 0x007f942e61b000
 GID: 00:00:00:00:00:00:00:00:00:00:255:255:10:01:01:01
 local address: LID 0000 QPN 0x09de PSN 0x92dad0 RKey 0x034400 VAddr 0x007f942e62b000
 GID: 00:00:00:00:00:00:00:00:00:00:255:255:10:01:01:01
 local address: LID 0000 QPN 0x09df PSN 0xbac57a RKey 0x034400 VAddr 0x007f942e63b000
 GID: 00:00:00:00:00:00:00:00:00:00:255:255:10:01:01:01
 local address: LID 0000 QPN 0x09e0 PSN 0x842637 RKey 0x034400 VAddr 0x007f942e64b000
 GID: 00:00:00:00:00:00:00:00:00:00:255:255:10:01:01:01
 local address: LID 0000 QPN 0x09e1 PSN 0x7b57bc RKey 0x034400 VAddr 0x007f942e65b000
 GID: 00:00:00:00:00:00:00:00:00:00:255:255:10:01:01:01
 local address: LID 0000 QPN 0x09e2 PSN 0xd4ca66 RKey 0x034400 VAddr 0x007f942e66b000
 GID: 00:00:00:00:00:00:00:00:00:00:255:255:10:01:01:01
 local address: LID 0000 QPN 0x09e3 PSN 0x3bb6d RKey 0x034400 VAddr 0x007f942e67b000
 GID: 00:00:00:00:00:00:00:00:00:00:255:255:10:01:01:01
 local address: LID 0000 QPN 0x09e4 PSN 0x78860d RKey 0x034400 VAddr 0x007f942e68b000
 GID: 00:00:00:00:00:00:00:00:00:00:255:255:10:01:01:01
 local address: LID 0000 QPN 0x09e5 PSN 0xee36f3 RKey 0x034400 VAddr 0x007f942e69b000
 GID: 00:00:00:00:00:00:00:00:00:00:255:255:10:01:01:01
 local address: LID 0000 QPN 0x09e6 PSN 0x70d9e RKey 0x034400 VAddr 0x007f942e6ab000
 GID: 00:00:00:00:00:00:00:00:00:00:255:255:10:01:01:01
 local address: LID 0000 QPN 0x09e7 PSN 0x2eff0d RKey 0x034400 VAddr 0x007f942e6bb000
 GID: 00:00:00:00:00:00:00:00:00:00:255:255:10:01:01:01
 local address: LID 0000 QPN 0x09e8 PSN 0xe46ed2 RKey 0x034400 VAddr 0x007f942e6cb000
 GID: 00:00:00:00:00:00:00:00:00:00:255:255:10:01:01:01
 local address: LID 0000 QPN 0x09e9 PSN 0xc835c3 RKey 0x034400 VAddr 0x007f942e6db000
 GID: 00:00:00:00:00:00:00:00:00:00:255:255:10:01:01:01
 local address: LID 0000 QPN 0x09ea PSN 0xd2a4ec RKey 0x034400 VAddr 0x007f942e6eb000
 GID: 00:00:00:00:00:00:00:00:00:00:255:255:10:01:01:01
 local address: LID 0000 QPN 0x09eb PSN 0x590525 RKey 0x034400 VAddr 0x007f942e6fb000
 GID: 00:00:00:00:00:00:00:00:00:00:255:255:10:01:01:01
 local address: LID 0000 QPN 0x09ec PSN 0xc0578a RKey 0x034400 VAddr 0x007f942e70b000
 GID: 00:00:00:00:00:00:00:00:00:00:255:255:10:01:01:01
 local address: LID 0000 QPN 0x09ed PSN 0x10df6d RKey 0x034400 VAddr 0x007f942e71b000
 GID: 00:00:00:00:00:00:00:00:00:00:255:255:10:01:01:01
 local address: LID 0000 QPN 0x09ee PSN 0x736d0 RKey 0x034400 VAddr 0x007f942e72b000
 GID: 00:00:00:00:00:00:00:00:00:00:255:255:10:01:01:01
 local address: LID 0000 QPN 0x09ef PSN 0x1c40d5 RKey 0x034400 VAddr 0x007f942e73b000
 GID: 00:00:00:00:00:00:00:00:00:00:255:255:10:01:01:01
 local address: LID 0000 QPN 0x09f0 PSN 0xc755d8 RKey 0x034400 VAddr 0x007f942e74b000
 GID: 00:00:00:00:00:00:00:00:00:00:255:255:10:01:01:01
 local address: LID 0000 QPN 0x09f1 PSN 0x6872fb RKey 0x034400 VAddr 0x007f942e75b000
 GID: 00:00:00:00:00:00:00:00:00:00:255:255:10:01:01:01
 local address: LID 0000 QPN 0x09f2 PSN 0xc5cf8b RKey 0x034400 VAddr 0x007f942e76b000
 GID: 00:00:00:00:00:00:00:00:00:00:255:255:10:01:01:01
 local address: LID 0000 QPN 0x09f3 PSN 0x16ae5e RKey 0x034400 VAddr 0x007f942e77b000
 GID: 00:00:00:00:00:00:00:00:00:00:255:255:10:01:01:01
 local address: LID 0000 QPN 0x09f4 PSN 0x3cb205 RKey 0x034400 VAddr 0x007f942e78b000
 GID: 00:00:00:00:00:00:00:00:00:00:255:255:10:01:01:01
 local address: LID 0000 QPN 0x09f5 PSN 0xf9b418 RKey 0x034400 VAddr 0x007f942e79b000
 GID: 00:00:00:00:00:00:00:00:00:00:255:255:10:01:01:01
 local address: LID 0000 QPN 0x09f6 PSN 0x12a9ee RKey 0x034400 VAddr 0x007f942e7ab000
 GID: 00:00:00:00:00:00:00:00:00:00:255:255:10:01:01:01
 local address: LID 0000 QPN 0x09f7 PSN 0x1008d RKey 0x034400 VAddr 0x007f942e7bb000
 GID: 00:00:00:00:00:00:00:00:00:00:255:255:10:01:01:01
 local address: LID 0000 QPN 0x09f8 PSN 0x4f7920 RKey 0x034400 VAddr 0x007f942e7cb000
 GID: 00:00:00:00:00:00:00:00:00:00:255:255:10:01:01:01
 local address: LID 0000 QPN 0x09f9 PSN 0x81af8b RKey 0x034400 VAddr 0x007f942e7db000
 GID: 00:00:00:00:00:00:00:00:00:00:255:255:10:01:01:01
 local address: LID 0000 QPN 0x09fa PSN 0x21734d RKey 0x034400 VAddr 0x007f942e7eb000
 GID: 00:00:00:00:00:00:00:00:00:00:255:255:10:01:01:01
 local address: LID 0000 QPN 0x09fb PSN 0x4afac2 RKey 0x034400 VAddr 0x007f942e7fb000
 GID: 00:00:00:00:00:00:00:00:00:00:255:255:10:01:01:01
 local address: LID 0000 QPN 0x09fc PSN 0xc9cf3f RKey 0x034400 VAddr 0x007f942e80b000
 GID: 00:00:00:00:00:00:00:00:00:00:255:255:10:01:01:01
 local address: LID 0000 QPN 0x09fd PSN 0xb50d52 RKey 0x034400 VAddr 0x007f942e81b000
 GID: 00:00:00:00:00:00:00:00:00:00:255:255:10:01:01:01
 local address: LID 0000 QPN 0x09fe PSN 0x349c93 RKey 0x034400 VAddr 0x007f942e82b000
 GID: 00:00:00:00:00:00:00:00:00:00:255:255:10:01:01:01
 local address: LID 0000 QPN 0x09ff PSN 0x9f219d RKey 0x034400 VAddr 0x007f942e83b000
 GID: 00:00:00:00:00:00:00:00:00:00:255:255:10:01:01:01
 local address: LID 0000 QPN 0x0a00 PSN 0x93e3e3 RKey 0x034400 VAddr 0x007f942e84b000
 GID: 00:00:00:00:00:00:00:00:00:00:255:255:10:01:01:01
 local address: LID 0000 QPN 0x0a01 PSN 0xea2a57 RKey 0x034400 VAddr 0x007f942e85b000
 GID: 00:00:00:00:00:00:00:00:00:00:255:255:10:01:01:01
 local address: LID 0000 QPN 0x0a02 PSN 0x9f6a6f RKey 0x034400 VAddr 0x007f942e86b000
 GID: 00:00:00:00:00:00:00:00:00:00:255:255:10:01:01:01
 local address: LID 0000 QPN 0x0a03 PSN 0x688c44 RKey 0x034400 VAddr 0x007f942e87b000
 GID: 00:00:00:00:00:00:00:00:00:00:255:255:10:01:01:01
 local address: LID 0000 QPN 0x0a04 PSN 0xee8a7a RKey 0x034400 VAddr 0x007f942e88b000
 GID: 00:00:00:00:00:00:00:00:00:00:255:255:10:01:01:01
 local address: LID 0000 QPN 0x0a05 PSN 0xe8d3d1 RKey 0x034400 VAddr 0x007f942e89b000
 GID: 00:00:00:00:00:00:00:00:00:00:255:255:10:01:01:01
 local address: LID 0000 QPN 0x0a06 PSN 0x8396ad RKey 0x034400 VAddr 0x007f942e8ab000
 GID: 00:00:00:00:00:00:00:00:00:00:255:255:10:01:01:01
 local address: LID 0000 QPN 0x0a07 PSN 0x184052 RKey 0x034400 VAddr 0x007f942e8bb000
 GID: 00:00:00:00:00:00:00:00:00:00:255:255:10:01:01:01
 local address: LID 0000 QPN 0x0a08 PSN 0x4798fd RKey 0x034400 VAddr 0x007f942e8cb000
 GID: 00:00:00:00:00:00:00:00:00:00:255:255:10:01:01:01
 local address: LID 0000 QPN 0x0a09 PSN 0xb41e3a RKey 0x034400 VAddr 0x007f942e8db000
 GID: 00:00:00:00:00:00:00:00:00:00:255:255:10:01:01:01
 local address: LID 0000 QPN 0x0a0a PSN 0x5e749f RKey 0x034400 VAddr 0x007f942e8eb000
 GID: 00:00:00:00:00:00:00:00:00:00:255:255:10:01:01:01
 local address: LID 0000 QPN 0x0a0b PSN 0x14225f RKey 0x034400 VAddr 0x007f942e8fb000
 GID: 00:00:00:00:00:00:00:00:00:00:255:255:10:01:01:01
 local address: LID 0000 QPN 0x0a0c PSN 0x4a4eba RKey 0x034400 VAddr 0x007f942e90b000
 GID: 00:00:00:00:00:00:00:00:00:00:255:255:10:01:01:01
 local address: LID 0000 QPN 0x0a0d PSN 0xb071e8 RKey 0x034400 VAddr 0x007f942e91b000
 GID: 00:00:00:00:00:00:00:00:00:00:255:255:10:01:01:01
 local address: LID 0000 QPN 0x0a0e PSN 0x86aab9 RKey 0x034400 VAddr 0x007f942e92b000
 GID: 00:00:00:00:00:00:00:00:00:00:255:255:10:01:01:01
 local address: LID 0000 QPN 0x0a0f PSN 0x902528 RKey 0x034400 VAddr 0x007f942e93b000
 GID: 00:00:00:00:00:00:00:00:00:00:255:255:10:01:01:01
 local address: LID 0000 QPN 0x0a10 PSN 0x70252c RKey 0x034400 VAddr 0x007f942e94b000
 GID: 00:00:00:00:00:00:00:00:00:00:255:255:10:01:01:01
 local address: LID 0000 QPN 0x0a11 PSN 0x4f874b RKey 0x034400 VAddr 0x007f942e95b000
 GID: 00:00:00:00:00:00:00:00:00:00:255:255:10:01:01:01
 local address: LID 0000 QPN 0x0a12 PSN 0x7ab33d RKey 0x034400 VAddr 0x007f942e96b000
 GID: 00:00:00:00:00:00:00:00:00:00:255:255:10:01:01:01
 local address: LID 0000 QPN 0x0a13 PSN 0xb3015b RKey 0x034400 VAddr 0x007f942e97b000
 GID: 00:00:00:00:00:00:00:00:00:00:255:255:10:01:01:01
 local address: LID 0000 QPN 0x0a14 PSN 0xfa8d06 RKey 0x034400 VAddr 0x007f942e98b000
 GID: 00:00:00:00:00:00:00:00:00:00:255:255:10:01:01:01
 local address: LID 0000 QPN 0x0a15 PSN 0xdacc2 RKey 0x034400 VAddr 0x007f942e99b000
 GID: 00:00:00:00:00:00:00:00:00:00:255:255:10:01:01:01
 local address: LID 0000 QPN 0x0a16 PSN 0x71760b RKey 0x034400 VAddr 0x007f942e9ab000
 GID: 00:00:00:00:00:00:00:00:00:00:255:255:10:01:01:01
 local address: LID 0000 QPN 0x0a17 PSN 0xf26002 RKey 0x034400 VAddr 0x007f942e9bb000
 GID: 00:00:00:00:00:00:00:00:00:00:255:255:10:01:01:01
 local address: LID 0000 QPN 0x0a18 PSN 0x4394f RKey 0x034400 VAddr 0x007f942e9cb000
 GID: 00:00:00:00:00:00:00:00:00:00:255:255:10:01:01:01
 local address: LID 0000 QPN 0x0a19 PSN 0xa7501a RKey 0x034400 VAddr 0x007f942e9db000
 GID: 00:00:00:00:00:00:00:00:00:00:255:255:10:01:01:01
 local address: LID 0000 QPN 0x0a1a PSN 0x216d9a RKey 0x034400 VAddr 0x007f942e9eb000
 GID: 00:00:00:00:00:00:00:00:00:00:255:255:10:01:01:01
 local address: LID 0000 QPN 0x0a1b PSN 0x270189 RKey 0x034400 VAddr 0x007f942e9fb000
 GID: 00:00:00:00:00:00:00:00:00:00:255:255:10:01:01:01
 local address: LID 0000 QPN 0x0a1c PSN 0x60baa6 RKey 0x034400 VAddr 0x007f942ea0b000
 GID: 00:00:00:00:00:00:00:00:00:00:255:255:10:01:01:01
 local address: LID 0000 QPN 0x0a1d PSN 0xa365a3 RKey 0x034400 VAddr 0x007f942ea1b000
 GID: 00:00:00:00:00:00:00:00:00:00:255:255:10:01:01:01
 local address: LID 0000 QPN 0x0a1e PSN 0x47e904 RKey 0x034400 VAddr 0x007f942ea2b000
 GID: 00:00:00:00:00:00:00:00:00:00:255:255:10:01:01:01
 local address: LID 0000 QPN 0x0a1f PSN 0x180b6d RKey 0x034400 VAddr 0x007f942ea3b000
 GID: 00:00:00:00:00:00:00:00:00:00:255:255:10:01:01:01
 local address: LID 0000 QPN 0x0a20 PSN 0x6b4ca7 RKey 0x034400 VAddr 0x007f942ea4b000
 GID: 00:00:00:00:00:00:00:00:00:00:255:255:10:01:01:01
 local address: LID 0000 QPN 0x0a21 PSN 0x3ee6f1 RKey 0x034400 VAddr 0x007f942ea5b000
 GID: 00:00:00:00:00:00:00:00:00:00:255:255:10:01:01:01
 local address: LID 0000 QPN 0x0a22 PSN 0x411d3b RKey 0x034400 VAddr 0x007f942ea6b000
 GID: 00:00:00:00:00:00:00:00:00:00:255:255:10:01:01:01
 local address: LID 0000 QPN 0x0a23 PSN 0xc54683 RKey 0x034400 VAddr 0x007f942ea7b000
 GID: 00:00:00:00:00:00:00:00:00:00:255:255:10:01:01:01
 local address: LID 0000 QPN 0x0a24 PSN 0xd1d766 RKey 0x034400 VAddr 0x007f942ea8b000
 GID: 00:00:00:00:00:00:00:00:00:00:255:255:10:01:01:01
 local address: LID 0000 QPN 0x0a25 PSN 0xf432c RKey 0x034400 VAddr 0x007f942ea9b000
 GID: 00:00:00:00:00:00:00:00:00:00:255:255:10:01:01:01
 local address: LID 0000 QPN 0x0a26 PSN 0x1ad759 RKey 0x034400 VAddr 0x007f942eaab000
 GID: 00:00:00:00:00:00:00:00:00:00:255:255:10:01:01:01
 local address: LID 0000 QPN 0x0a27 PSN 0x2ab7e3 RKey 0x034400 VAddr 0x007f942eabb000
 GID: 00:00:00:00:00:00:00:00:00:00:255:255:10:01:01:01
 local address: LID 0000 QPN 0x0a28 PSN 0xf74718 RKey 0x034400 VAddr 0x007f942eacb000
 GID: 00:00:00:00:00:00:00:00:00:00:255:255:10:01:01:01
 local address: LID 0000 QPN 0x0a29 PSN 0xf53b14 RKey 0x034400 VAddr 0x007f942eadb000
 GID: 00:00:00:00:00:00:00:00:00:00:255:255:10:01:01:01
 local address: LID 0000 QPN 0x0a2a PSN 0x16c216 RKey 0x034400 VAddr 0x007f942eaeb000
 GID: 00:00:00:00:00:00:00:00:00:00:255:255:10:01:01:01
 local address: LID 0000 QPN 0x0a2b PSN 0x349e6f RKey 0x034400 VAddr 0x007f942eafb000
 GID: 00:00:00:00:00:00:00:00:00:00:255:255:10:01:01:01
 local address: LID 0000 QPN 0x0a2c PSN 0xd87bd2 RKey 0x034400 VAddr 0x007f942eb0b000
 GID: 00:00:00:00:00:00:00:00:00:00:255:255:10:01:01:01
 local address: LID 0000 QPN 0x0a2d PSN 0xd74296 RKey 0x034400 VAddr 0x007f942eb1b000
 GID: 00:00:00:00:00:00:00:00:00:00:255:255:10:01:01:01
 local address: LID 0000 QPN 0x0a2e PSN 0xae5053 RKey 0x034400 VAddr 0x007f942eb2b000
 GID: 00:00:00:00:00:00:00:00:00:00:255:255:10:01:01:01
 local address: LID 0000 QPN 0x0a2f PSN 0xc17f03 RKey 0x034400 VAddr 0x007f942eb3b000
 GID: 00:00:00:00:00:00:00:00:00:00:255:255:10:01:01:01
 local address: LID 0000 QPN 0x0a30 PSN 0x913369 RKey 0x034400 VAddr 0x007f942eb4b000
 GID: 00:00:00:00:00:00:00:00:00:00:255:255:10:01:01:01
 local address: LID 0000 QPN 0x0a31 PSN 0xb22203 RKey 0x034400 VAddr 0x007f942eb5b000
 GID: 00:00:00:00:00:00:00:00:00:00:255:255:10:01:01:01
 local address: LID 0000 QPN 0x0a32 PSN 0xf97ed3 RKey 0x034400 VAddr 0x007f942eb6b000
 GID: 00:00:00:00:00:00:00:00:00:00:255:255:10:01:01:01
 local address: LID 0000 QPN 0x0a33 PSN 0x80893b RKey 0x034400 VAddr 0x007f942eb7b000
 GID: 00:00:00:00:00:00:00:00:00:00:255:255:10:01:01:01
 local address: LID 0000 QPN 0x0a34 PSN 0xd26f78 RKey 0x034400 VAddr 0x007f942eb8b000
 GID: 00:00:00:00:00:00:00:00:00:00:255:255:10:01:01:01
 local address: LID 0000 QPN 0x0a35 PSN 0x8030f3 RKey 0x034400 VAddr 0x007f942eb9b000
 GID: 00:00:00:00:00:00:00:00:00:00:255:255:10:01:01:01
 local address: LID 0000 QPN 0x0a36 PSN 0xfabf09 RKey 0x034400 VAddr 0x007f942ebab000
 GID: 00:00:00:00:00:00:00:00:00:00:255:255:10:01:01:01
 local address: LID 0000 QPN 0x0a37 PSN 0xd53edb RKey 0x034400 VAddr 0x007f942ebbb000
 GID: 00:00:00:00:00:00:00:00:00:00:255:255:10:01:01:01
 local address: LID 0000 QPN 0x0a38 PSN 0xf1f97f RKey 0x034400 VAddr 0x007f942ebcb000
 GID: 00:00:00:00:00:00:00:00:00:00:255:255:10:01:01:01
 local address: LID 0000 QPN 0x0a39 PSN 0xe324b5 RKey 0x034400 VAddr 0x007f942ebdb000
 GID: 00:00:00:00:00:00:00:00:00:00:255:255:10:01:01:01
 local address: LID 0000 QPN 0x0a3a PSN 0xe57d0b RKey 0x034400 VAddr 0x007f942ebeb000
 GID: 00:00:00:00:00:00:00:00:00:00:255:255:10:01:01:01
 local address: LID 0000 QPN 0x0a3b PSN 0x4de7df RKey 0x034400 VAddr 0x007f942ebfb000
 GID: 00:00:00:00:00:00:00:00:00:00:255:255:10:01:01:01
 local address: LID 0000 QPN 0x0a3c PSN 0xd2c728 RKey 0x034400 VAddr 0x007f942ec0b000
 GID: 00:00:00:00:00:00:00:00:00:00:255:255:10:01:01:01
 local address: LID 0000 QPN 0x0a3d PSN 0x20c71 RKey 0x034400 VAddr 0x007f942ec1b000
 GID: 00:00:00:00:00:00:00:00:00:00:255:255:10:01:01:01
 local address: LID 0000 QPN 0x0a3e PSN 0x19d2a6 RKey 0x034400 VAddr 0x007f942ec2b000
 GID: 00:00:00:00:00:00:00:00:00:00:255:255:10:01:01:01
 local address: LID 0000 QPN 0x0a3f PSN 0x48fd20 RKey 0x034400 VAddr 0x007f942ec3b000
 GID: 00:00:00:00:00:00:00:00:00:00:255:255:10:01:01:01
 local address: LID 0000 QPN 0x0a40 PSN 0xe020a6 RKey 0x034400 VAddr 0x007f942ec4b000
 GID: 00:00:00:00:00:00:00:00:00:00:255:255:10:01:01:01
 local address: LID 0000 QPN 0x0a41 PSN 0x4cb4dd RKey 0x034400 VAddr 0x007f942ec5b000
 GID: 00:00:00:00:00:00:00:00:00:00:255:255:10:01:01:01
 local address: LID 0000 QPN 0x0a42 PSN 0x67198c RKey 0x034400 VAddr 0x007f942ec6b000
 GID: 00:00:00:00:00:00:00:00:00:00:255:255:10:01:01:01
 local address: LID 0000 QPN 0x0a43 PSN 0xbe53a0 RKey 0x034400 VAddr 0x007f942ec7b000
 GID: 00:00:00:00:00:00:00:00:00:00:255:255:10:01:01:01
 local address: LID 0000 QPN 0x0a44 PSN 0xd18b36 RKey 0x034400 VAddr 0x007f942ec8b000
 GID: 00:00:00:00:00:00:00:00:00:00:255:255:10:01:01:01
 local address: LID 0000 QPN 0x0a45 PSN 0x6f4d98 RKey 0x034400 VAddr 0x007f942ec9b000
 GID: 00:00:00:00:00:00:00:00:00:00:255:255:10:01:01:01
 local address: LID 0000 QPN 0x0a46 PSN 0x502ea9 RKey 0x034400 VAddr 0x007f942ecab000
 GID: 00:00:00:00:00:00:00:00:00:00:255:255:10:01:01:01
 local address: LID 0000 QPN 0x0a47 PSN 0x637272 RKey 0x034400 VAddr 0x007f942ecbb000
 GID: 00:00:00:00:00:00:00:00:00:00:255:255:10:01:01:01
 local address: LID 0000 QPN 0x0a48 PSN 0xb99c7 RKey 0x034400 VAddr 0x007f942eccb000
 GID: 00:00:00:00:00:00:00:00:00:00:255:255:10:01:01:01
 local address: LID 0000 QPN 0x0a49 PSN 0x54ca26 RKey 0x034400 VAddr 0x007f942ecdb000
 GID: 00:00:00:00:00:00:00:00:00:00:255:255:10:01:01:01
 local address: LID 0000 QPN 0x0a4a PSN 0xa75894 RKey 0x034400 VAddr 0x007f942eceb000
 GID: 00:00:00:00:00:00:00:00:00:00:255:255:10:01:01:01
 local address: LID 0000 QPN 0x0a4b PSN 0x2f1d49 RKey 0x034400 VAddr 0x007f942ecfb000
 GID: 00:00:00:00:00:00:00:00:00:00:255:255:10:01:01:01
 local address: LID 0000 QPN 0x0a4c PSN 0x51e5b6 RKey 0x034400 VAddr 0x007f942ed0b000
 GID: 00:00:00:00:00:00:00:00:00:00:255:255:10:01:01:01
 local address: LID 0000 QPN 0x0a4d PSN 0x441889 RKey 0x034400 VAddr 0x007f942ed1b000
 GID: 00:00:00:00:00:00:00:00:00:00:255:255:10:01:01:01
 local address: LID 0000 QPN 0x0a4e PSN 0x4e320 RKey 0x034400 VAddr 0x007f942ed2b000
 GID: 00:00:00:00:00:00:00:00:00:00:255:255:10:01:01:01
 local address: LID 0000 QPN 0x0a4f PSN 0x36bd9b RKey 0x034400 VAddr 0x007f942ed3b000
 GID: 00:00:00:00:00:00:00:00:00:00:255:255:10:01:01:01
 local address: LID 0000 QPN 0x0a50 PSN 0x4091b2 RKey 0x034400 VAddr 0x007f942ed4b000
 GID: 00:00:00:00:00:00:00:00:00:00:255:255:10:01:01:01
 local address: LID 0000 QPN 0x0a51 PSN 0x8be778 RKey 0x034400 VAddr 0x007f942ed5b000
 GID: 00:00:00:00:00:00:00:00:00:00:255:255:10:01:01:01
 local address: LID 0000 QPN 0x0a52 PSN 0x7aa211 RKey 0x034400 VAddr 0x007f942ed6b000
 GID: 00:00:00:00:00:00:00:00:00:00:255:255:10:01:01:01
 local address: LID 0000 QPN 0x0a53 PSN 0xa0f471 RKey 0x034400 VAddr 0x007f942ed7b000
 GID: 00:00:00:00:00:00:00:00:00:00:255:255:10:01:01:01
 local address: LID 0000 QPN 0x0a54 PSN 0xc7d8bf RKey 0x034400 VAddr 0x007f942ed8b000
 GID: 00:00:00:00:00:00:00:00:00:00:255:255:10:01:01:01
 local address: LID 0000 QPN 0x0a55 PSN 0x72563f RKey 0x034400 VAddr 0x007f942ed9b000
 GID: 00:00:00:00:00:00:00:00:00:00:255:255:10:01:01:01
 local address: LID 0000 QPN 0x0a56 PSN 0x97aceb RKey 0x034400 VAddr 0x007f942edab000
 GID: 00:00:00:00:00:00:00:00:00:00:255:255:10:01:01:01
 local address: LID 0000 QPN 0x0a57 PSN 0x933ece RKey 0x034400 VAddr 0x007f942edbb000
 GID: 00:00:00:00:00:00:00:00:00:00:255:255:10:01:01:01
 local address: LID 0000 QPN 0x0a58 PSN 0xca4b56 RKey 0x034400 VAddr 0x007f942edcb000
 GID: 00:00:00:00:00:00:00:00:00:00:255:255:10:01:01:01
 local address: LID 0000 QPN 0x0a59 PSN 0xd98832 RKey 0x034400 VAddr 0x007f942eddb000
 GID: 00:00:00:00:00:00:00:00:00:00:255:255:10:01:01:01
 local address: LID 0000 QPN 0x0a5a PSN 0x72c5e6 RKey 0x034400 VAddr 0x007f942edeb000
 GID: 00:00:00:00:00:00:00:00:00:00:255:255:10:01:01:01
 local address: LID 0000 QPN 0x0a5b PSN 0x3536b9 RKey 0x034400 VAddr 0x007f942edfb000
 GID: 00:00:00:00:00:00:00:00:00:00:255:255:10:01:01:01
 local address: LID 0000 QPN 0x0a5c PSN 0x267ca9 RKey 0x034400 VAddr 0x007f942ee0b000
 GID: 00:00:00:00:00:00:00:00:00:00:255:255:10:01:01:01
 local address: LID 0000 QPN 0x0a5d PSN 0xdfb5cf RKey 0x034400 VAddr 0x007f942ee1b000
 GID: 00:00:00:00:00:00:00:00:00:00:255:255:10:01:01:01
 local address: LID 0000 QPN 0x0a5e PSN 0x26fdff RKey 0x034400 VAddr 0x007f942ee2b000
 GID: 00:00:00:00:00:00:00:00:00:00:255:255:10:01:01:01
 local address: LID 0000 QPN 0x0a5f PSN 0xc29ae9 RKey 0x034400 VAddr 0x007f942ee3b000
 GID: 00:00:00:00:00:00:00:00:00:00:255:255:10:01:01:01
 local address: LID 0000 QPN 0x0a60 PSN 0xff0203 RKey 0x034400 VAddr 0x007f942ee4b000
 GID: 00:00:00:00:00:00:00:00:00:00:255:255:10:01:01:01
 local address: LID 0000 QPN 0x0a61 PSN 0x50f56f RKey 0x034400 VAddr 0x007f942ee5b000
 GID: 00:00:00:00:00:00:00:00:00:00:255:255:10:01:01:01
 local address: LID 0000 QPN 0x0a62 PSN 0x154828 RKey 0x034400 VAddr 0x007f942ee6b000
 GID: 00:00:00:00:00:00:00:00:00:00:255:255:10:01:01:01
 local address: LID 0000 QPN 0x0a63 PSN 0xcde70d RKey 0x034400 VAddr 0x007f942ee7b000
 GID: 00:00:00:00:00:00:00:00:00:00:255:255:10:01:01:01
 local address: LID 0000 QPN 0x0a64 PSN 0x1fc64e RKey 0x034400 VAddr 0x007f942ee8b000
 GID: 00:00:00:00:00:00:00:00:00:00:255:255:10:01:01:01
 local address: LID 0000 QPN 0x0a65 PSN 0xaa95a9 RKey 0x034400 VAddr 0x007f942ee9b000
 GID: 00:00:00:00:00:00:00:00:00:00:255:255:10:01:01:01
 local address: LID 0000 QPN 0x0a66 PSN 0x76cda0 RKey 0x034400 VAddr 0x007f942eeab000
 GID: 00:00:00:00:00:00:00:00:00:00:255:255:10:01:01:01
 local address: LID 0000 QPN 0x0a67 PSN 0xe7e6b5 RKey 0x034400 VAddr 0x007f942eebb000
 GID: 00:00:00:00:00:00:00:00:00:00:255:255:10:01:01:01
 local address: LID 0000 QPN 0x0a68 PSN 0xdd3af RKey 0x034400 VAddr 0x007f942eecb000
 GID: 00:00:00:00:00:00:00:00:00:00:255:255:10:01:01:01
 local address: LID 0000 QPN 0x0a69 PSN 0x538344 RKey 0x034400 VAddr 0x007f942eedb000
 GID: 00:00:00:00:00:00:00:00:00:00:255:255:10:01:01:01
 local address: LID 0000 QPN 0x0a6a PSN 0x76f55d RKey 0x034400 VAddr 0x007f942eeeb000
 GID: 00:00:00:00:00:00:00:00:00:00:255:255:10:01:01:01
 local address: LID 0000 QPN 0x0a6b PSN 0x7d4ce0 RKey 0x034400 VAddr 0x007f942eefb000
 GID: 00:00:00:00:00:00:00:00:00:00:255:255:10:01:01:01
 local address: LID 0000 QPN 0x0a6c PSN 0xbed54c RKey 0x034400 VAddr 0x007f942ef0b000
 GID: 00:00:00:00:00:00:00:00:00:00:255:255:10:01:01:01
 local address: LID 0000 QPN 0x0a6d PSN 0x2ad4d6 RKey 0x034400 VAddr 0x007f942ef1b000
 GID: 00:00:00:00:00:00:00:00:00:00:255:255:10:01:01:01
 local address: LID 0000 QPN 0x0a6e PSN 0x4930a5 RKey 0x034400 VAddr 0x007f942ef2b000
 GID: 00:00:00:00:00:00:00:00:00:00:255:255:10:01:01:01
 local address: LID 0000 QPN 0x0a6f PSN 0x81fa23 RKey 0x034400 VAddr 0x007f942ef3b000
 GID: 00:00:00:00:00:00:00:00:00:00:255:255:10:01:01:01
 local address: LID 0000 QPN 0x0a70 PSN 0x47b32d RKey 0x034400 VAddr 0x007f942ef4b000
 GID: 00:00:00:00:00:00:00:00:00:00:255:255:10:01:01:01
 local address: LID 0000 QPN 0x0a71 PSN 0x4535fd RKey 0x034400 VAddr 0x007f942ef5b000
 GID: 00:00:00:00:00:00:00:00:00:00:255:255:10:01:01:01
 local address: LID 0000 QPN 0x0a72 PSN 0x9dbebb RKey 0x034400 VAddr 0x007f942ef6b000
 GID: 00:00:00:00:00:00:00:00:00:00:255:255:10:01:01:01
 local address: LID 0000 QPN 0x0a73 PSN 0x123b72 RKey 0x034400 VAddr 0x007f942ef7b000
 GID: 00:00:00:00:00:00:00:00:00:00:255:255:10:01:01:01
 local address: LID 0000 QPN 0x0a74 PSN 0x25ca40 RKey 0x034400 VAddr 0x007f942ef8b000
 GID: 00:00:00:00:00:00:00:00:00:00:255:255:10:01:01:01
 local address: LID 0000 QPN 0x0a75 PSN 0x438c39 RKey 0x034400 VAddr 0x007f942ef9b000
 GID: 00:00:00:00:00:00:00:00:00:00:255:255:10:01:01:01
 local address: LID 0000 QPN 0x0a76 PSN 0x99b9b7 RKey 0x034400 VAddr 0x007f942efab000
 GID: 00:00:00:00:00:00:00:00:00:00:255:255:10:01:01:01
 local address: LID 0000 QPN 0x0a77 PSN 0x2ceb8e RKey 0x034400 VAddr 0x007f942efbb000
 GID: 00:00:00:00:00:00:00:00:00:00:255:255:10:01:01:01
 local address: LID 0000 QPN 0x0a78 PSN 0x3c6276 RKey 0x034400 VAddr 0x007f942efcb000
 GID: 00:00:00:00:00:00:00:00:00:00:255:255:10:01:01:01
 local address: LID 0000 QPN 0x0a79 PSN 0xb8cf65 RKey 0x034400 VAddr 0x007f942efdb000
 GID: 00:00:00:00:00:00:00:00:00:00:255:255:10:01:01:01
 local address: LID 0000 QPN 0x0a7a PSN 0x29de6f RKey 0x034400 VAddr 0x007f942efeb000
 GID: 00:00:00:00:00:00:00:00:00:00:255:255:10:01:01:01
 local address: LID 0000 QPN 0x0a7b PSN 0xae010b RKey 0x034400 VAddr 0x007f942effb000
 GID: 00:00:00:00:00:00:00:00:00:00:255:255:10:01:01:01
 local address: LID 0000 QPN 0x0a7c PSN 0x58250c RKey 0x034400 VAddr 0x007f942f00b000
 GID: 00:00:00:00:00:00:00:00:00:00:255:255:10:01:01:01
 local address: LID 0000 QPN 0x0a7d PSN 0x3aafd0 RKey 0x034400 VAddr 0x007f942f01b000
 GID: 00:00:00:00:00:00:00:00:00:00:255:255:10:01:01:01
 local address: LID 0000 QPN 0x0a7e PSN 0x4ca191 RKey 0x034400 VAddr 0x007f942f02b000
 GID: 00:00:00:00:00:00:00:00:00:00:255:255:10:01:01:01
 local address: LID 0000 QPN 0x0a7f PSN 0x5fb2fd RKey 0x034400 VAddr 0x007f942f03b000
 GID: 00:00:00:00:00:00:00:00:00:00:255:255:10:01:01:01
 local address: LID 0000 QPN 0x0a80 PSN 0x2474e4 RKey 0x034400 VAddr 0x007f942f04b000
 GID: 00:00:00:00:00:00:00:00:00:00:255:255:10:01:01:01
 local address: LID 0000 QPN 0x0a81 PSN 0x9843fc RKey 0x034400 VAddr 0x007f942f05b000
 GID: 00:00:00:00:00:00:00:00:00:00:255:255:10:01:01:01
 local address: LID 0000 QPN 0x0a82 PSN 0xe743d3 RKey 0x034400 VAddr 0x007f942f06b000
 GID: 00:00:00:00:00:00:00:00:00:00:255:255:10:01:01:01
 local address: LID 0000 QPN 0x0a83 PSN 0xf0fe3f RKey 0x034400 VAddr 0x007f942f07b000
 GID: 00:00:00:00:00:00:00:00:00:00:255:255:10:01:01:01
 local address: LID 0000 QPN 0x0a84 PSN 0x1aab11 RKey 0x034400 VAddr 0x007f942f08b000
 GID: 00:00:00:00:00:00:00:00:00:00:255:255:10:01:01:01
 local address: LID 0000 QPN 0x0a85 PSN 0xeb97f2 RKey 0x034400 VAddr 0x007f942f09b000
 GID: 00:00:00:00:00:00:00:00:00:00:255:255:10:01:01:01
 local address: LID 0000 QPN 0x0a86 PSN 0x2b741 RKey 0x034400 VAddr 0x007f942f0ab000
 GID: 00:00:00:00:00:00:00:00:00:00:255:255:10:01:01:01
 local address: LID 0000 QPN 0x0a87 PSN 0x82f55f RKey 0x034400 VAddr 0x007f942f0bb000
 GID: 00:00:00:00:00:00:00:00:00:00:255:255:10:01:01:01
 local address: LID 0000 QPN 0x0a88 PSN 0x315972 RKey 0x034400 VAddr 0x007f942f0cb000
 GID: 00:00:00:00:00:00:00:00:00:00:255:255:10:01:01:01
 local address: LID 0000 QPN 0x0a89 PSN 0x6e9840 RKey 0x034400 VAddr 0x007f942f0db000
 GID: 00:00:00:00:00:00:00:00:00:00:255:255:10:01:01:01
 local address: LID 0000 QPN 0x0a8a PSN 0x847b5 RKey 0x034400 VAddr 0x007f942f0eb000
 GID: 00:00:00:00:00:00:00:00:00:00:255:255:10:01:01:01
 local address: LID 0000 QPN 0x0a8b PSN 0xeae529 RKey 0x034400 VAddr 0x007f942f0fb000
 GID: 00:00:00:00:00:00:00:00:00:00:255:255:10:01:01:01
 local address: LID 0000 QPN 0x0a8c PSN 0x11d575 RKey 0x034400 VAddr 0x007f942f10b000
 GID: 00:00:00:00:00:00:00:00:00:00:255:255:10:01:01:01
 local address: LID 0000 QPN 0x0a8d PSN 0xc97291 RKey 0x034400 VAddr 0x007f942f11b000
 GID: 00:00:00:00:00:00:00:00:00:00:255:255:10:01:01:01
 local address: LID 0000 QPN 0x0a8e PSN 0xe31865 RKey 0x034400 VAddr 0x007f942f12b000
 GID: 00:00:00:00:00:00:00:00:00:00:255:255:10:01:01:01
 local address: LID 0000 QPN 0x0a8f PSN 0x5df7ce RKey 0x034400 VAddr 0x007f942f13b000
 GID: 00:00:00:00:00:00:00:00:00:00:255:255:10:01:01:01
 local address: LID 0000 QPN 0x0a90 PSN 0x7c6cfd RKey 0x034400 VAddr 0x007f942f14b000
 GID: 00:00:00:00:00:00:00:00:00:00:255:255:10:01:01:01
 local address: LID 0000 QPN 0x0a91 PSN 0x9825e7 RKey 0x034400 VAddr 0x007f942f15b000
 GID: 00:00:00:00:00:00:00:00:00:00:255:255:10:01:01:01
 local address: LID 0000 QPN 0x0a92 PSN 0xeaa896 RKey 0x034400 VAddr 0x007f942f16b000
 GID: 00:00:00:00:00:00:00:00:00:00:255:255:10:01:01:01
 local address: LID 0000 QPN 0x0a93 PSN 0x9ba0b1 RKey 0x034400 VAddr 0x007f942f17b000
 GID: 00:00:00:00:00:00:00:00:00:00:255:255:10:01:01:01
 local address: LID 0000 QPN 0x0a94 PSN 0x67c75e RKey 0x034400 VAddr 0x007f942f18b000
 GID: 00:00:00:00:00:00:00:00:00:00:255:255:10:01:01:01
 local address: LID 0000 QPN 0x0a95 PSN 0xc69c77 RKey 0x034400 VAddr 0x007f942f19b000
 GID: 00:00:00:00:00:00:00:00:00:00:255:255:10:01:01:01
 local address: LID 0000 QPN 0x0a96 PSN 0x4bb16f RKey 0x034400 VAddr 0x007f942f1ab000
 GID: 00:00:00:00:00:00:00:00:00:00:255:255:10:01:01:01
 local address: LID 0000 QPN 0x0a97 PSN 0x76bacf RKey 0x034400 VAddr 0x007f942f1bb000
 GID: 00:00:00:00:00:00:00:00:00:00:255:255:10:01:01:01
 local address: LID 0000 QPN 0x0a98 PSN 0x6e1485 RKey 0x034400 VAddr 0x007f942f1cb000
 GID: 00:00:00:00:00:00:00:00:00:00:255:255:10:01:01:01
 local address: LID 0000 QPN 0x0a99 PSN 0xbe4921 RKey 0x034400 VAddr 0x007f942f1db000
 GID: 00:00:00:00:00:00:00:00:00:00:255:255:10:01:01:01
 local address: LID 0000 QPN 0x0a9a PSN 0x67cee8 RKey 0x034400 VAddr 0x007f942f1eb000
 GID: 00:00:00:00:00:00:00:00:00:00:255:255:10:01:01:01
 local address: LID 0000 QPN 0x0a9b PSN 0x71e3c8 RKey 0x034400 VAddr 0x007f942f1fb000
 GID: 00:00:00:00:00:00:00:00:00:00:255:255:10:01:01:01
 local address: LID 0000 QPN 0x0a9c PSN 0x62cc35 RKey 0x034400 VAddr 0x007f942f20b000
 GID: 00:00:00:00:00:00:00:00:00:00:255:255:10:01:01:01
 local address: LID 0000 QPN 0x0a9d PSN 0xd5e28a RKey 0x034400 VAddr 0x007f942f21b000
 GID: 00:00:00:00:00:00:00:00:00:00:255:255:10:01:01:01
 local address: LID 0000 QPN 0x0a9e PSN 0x7985e1 RKey 0x034400 VAddr 0x007f942f22b000
 GID: 00:00:00:00:00:00:00:00:00:00:255:255:10:01:01:01
 local address: LID 0000 QPN 0x0a9f PSN 0xa23d8e RKey 0x034400 VAddr 0x007f942f23b000
 GID: 00:00:00:00:00:00:00:00:00:00:255:255:10:01:01:01
 local address: LID 0000 QPN 0x0aa0 PSN 0x95df6c RKey 0x034400 VAddr 0x007f942f24b000
 GID: 00:00:00:00:00:00:00:00:00:00:255:255:10:01:01:01
 local address: LID 0000 QPN 0x0aa1 PSN 0xa375d8 RKey 0x034400 VAddr 0x007f942f25b000
 GID: 00:00:00:00:00:00:00:00:00:00:255:255:10:01:01:01
 local address: LID 0000 QPN 0x0aa2 PSN 0xd1594f RKey 0x034400 VAddr 0x007f942f26b000
 GID: 00:00:00:00:00:00:00:00:00:00:255:255:10:01:01:01
 local address: LID 0000 QPN 0x0aa3 PSN 0xd460a9 RKey 0x034400 VAddr 0x007f942f27b000
 GID: 00:00:00:00:00:00:00:00:00:00:255:255:10:01:01:01
 local address: LID 0000 QPN 0x0aa4 PSN 0x755de4 RKey 0x034400 VAddr 0x007f942f28b000
 GID: 00:00:00:00:00:00:00:00:00:00:255:255:10:01:01:01
 local address: LID 0000 QPN 0x0aa5 PSN 0x5aab09 RKey 0x034400 VAddr 0x007f942f29b000
 GID: 00:00:00:00:00:00:00:00:00:00:255:255:10:01:01:01
 local address: LID 0000 QPN 0x0aa6 PSN 0x59c091 RKey 0x034400 VAddr 0x007f942f2ab000
 GID: 00:00:00:00:00:00:00:00:00:00:255:255:10:01:01:01
 local address: LID 0000 QPN 0x0aa7 PSN 0xa1e924 RKey 0x034400 VAddr 0x007f942f2bb000
 GID: 00:00:00:00:00:00:00:00:00:00:255:255:10:01:01:01
 local address: LID 0000 QPN 0x0aa8 PSN 0xcb1b5 RKey 0x034400 VAddr 0x007f942f2cb000
 GID: 00:00:00:00:00:00:00:00:00:00:255:255:10:01:01:01
 local address: LID 0000 QPN 0x0aa9 PSN 0xe4b4f0 RKey 0x034400 VAddr 0x007f942f2db000
 GID: 00:00:00:00:00:00:00:00:00:00:255:255:10:01:01:01
 local address: LID 0000 QPN 0x0aaa PSN 0xdaf0e1 RKey 0x034400 VAddr 0x007f942f2eb000
 GID: 00:00:00:00:00:00:00:00:00:00:255:255:10:01:01:01
 local address: LID 0000 QPN 0x0aab PSN 0x62a818 RKey 0x034400 VAddr 0x007f942f2fb000
 GID: 00:00:00:00:00:00:00:00:00:00:255:255:10:01:01:01
 local address: LID 0000 QPN 0x0aac PSN 0x70b317 RKey 0x034400 VAddr 0x007f942f30b000
 GID: 00:00:00:00:00:00:00:00:00:00:255:255:10:01:01:01
 local address: LID 0000 QPN 0x0aad PSN 0x7d06ce RKey 0x034400 VAddr 0x007f942f31b000
 GID: 00:00:00:00:00:00:00:00:00:00:255:255:10:01:01:01
 local address: LID 0000 QPN 0x0aae PSN 0xd48be5 RKey 0x034400 VAddr 0x007f942f32b000
 GID: 00:00:00:00:00:00:00:00:00:00:255:255:10:01:01:01
 local address: LID 0000 QPN 0x0aaf PSN 0x4b23d2 RKey 0x034400 VAddr 0x007f942f33b000
 GID: 00:00:00:00:00:00:00:00:00:00:255:255:10:01:01:01
 local address: LID 0000 QPN 0x0ab0 PSN 0x99f646 RKey 0x034400 VAddr 0x007f942f34b000
 GID: 00:00:00:00:00:00:00:00:00:00:255:255:10:01:01:01
 local address: LID 0000 QPN 0x0ab1 PSN 0xf58989 RKey 0x034400 VAddr 0x007f942f35b000
 GID: 00:00:00:00:00:00:00:00:00:00:255:255:10:01:01:01
 local address: LID 0000 QPN 0x0ab2 PSN 0xd26565 RKey 0x034400 VAddr 0x007f942f36b000
 GID: 00:00:00:00:00:00:00:00:00:00:255:255:10:01:01:01
 local address: LID 0000 QPN 0x0ab3 PSN 0x3ab0a4 RKey 0x034400 VAddr 0x007f942f37b000
 GID: 00:00:00:00:00:00:00:00:00:00:255:255:10:01:01:01
 local address: LID 0000 QPN 0x0ab4 PSN 0xa2d57e RKey 0x034400 VAddr 0x007f942f38b000
 GID: 00:00:00:00:00:00:00:00:00:00:255:255:10:01:01:01
 local address: LID 0000 QPN 0x0ab5 PSN 0xf6aa8b RKey 0x034400 VAddr 0x007f942f39b000
 GID: 00:00:00:00:00:00:00:00:00:00:255:255:10:01:01:01
 local address: LID 0000 QPN 0x0ab6 PSN 0x2b218 RKey 0x034400 VAddr 0x007f942f3ab000
 GID: 00:00:00:00:00:00:00:00:00:00:255:255:10:01:01:01
 local address: LID 0000 QPN 0x0ab7 PSN 0x560c45 RKey 0x034400 VAddr 0x007f942f3bb000
 GID: 00:00:00:00:00:00:00:00:00:00:255:255:10:01:01:01
 local address: LID 0000 QPN 0x0ab8 PSN 0xf4d926 RKey 0x034400 VAddr 0x007f942f3cb000
 GID: 00:00:00:00:00:00:00:00:00:00:255:255:10:01:01:01
 local address: LID 0000 QPN 0x0ab9 PSN 0x3b3e3a RKey 0x034400 VAddr 0x007f942f3db000
 GID: 00:00:00:00:00:00:00:00:00:00:255:255:10:01:01:01
 local address: LID 0000 QPN 0x0aba PSN 0xa71197 RKey 0x034400 VAddr 0x007f942f3eb000
 GID: 00:00:00:00:00:00:00:00:00:00:255:255:10:01:01:01
 local address: LID 0000 QPN 0x0abb PSN 0x3005e5 RKey 0x034400 VAddr 0x007f942f3fb000
 GID: 00:00:00:00:00:00:00:00:00:00:255:255:10:01:01:01
 local address: LID 0000 QPN 0x0abc PSN 0xc94009 RKey 0x034400 VAddr 0x007f942f40b000
 GID: 00:00:00:00:00:00:00:00:00:00:255:255:10:01:01:01
 local address: LID 0000 QPN 0x0abd PSN 0x8dd00f RKey 0x034400 VAddr 0x007f942f41b000
 GID: 00:00:00:00:00:00:00:00:00:00:255:255:10:01:01:01
 local address: LID 0000 QPN 0x0abe PSN 0xdf0573 RKey 0x034400 VAddr 0x007f942f42b000
 GID: 00:00:00:00:00:00:00:00:00:00:255:255:10:01:01:01
 local address: LID 0000 QPN 0x0abf PSN 0x905cd2 RKey 0x034400 VAddr 0x007f942f43b000
 GID: 00:00:00:00:00:00:00:00:00:00:255:255:10:01:01:01
 local address: LID 0000 QPN 0x0ac0 PSN 0x9a89bf RKey 0x034400 VAddr 0x007f942f44b000
 GID: 00:00:00:00:00:00:00:00:00:00:255:255:10:01:01:01
 local address: LID 0000 QPN 0x0ac1 PSN 0xcc9a55 RKey 0x034400 VAddr 0x007f942f45b000
 GID: 00:00:00:00:00:00:00:00:00:00:255:255:10:01:01:01
 local address: LID 0000 QPN 0x0ac2 PSN 0x618762 RKey 0x034400 VAddr 0x007f942f46b000
 GID: 00:00:00:00:00:00:00:00:00:00:255:255:10:01:01:01
 local address: LID 0000 QPN 0x0ac3 PSN 0x819fc0 RKey 0x034400 VAddr 0x007f942f47b000
 GID: 00:00:00:00:00:00:00:00:00:00:255:255:10:01:01:01
 local address: LID 0000 QPN 0x0ac4 PSN 0xe1052a RKey 0x034400 VAddr 0x007f942f48b000
 GID: 00:00:00:00:00:00:00:00:00:00:255:255:10:01:01:01
 local address: LID 0000 QPN 0x0ac5 PSN 0x12ff80 RKey 0x034400 VAddr 0x007f942f49b000
 GID: 00:00:00:00:00:00:00:00:00:00:255:255:10:01:01:01
 local address: LID 0000 QPN 0x0ac6 PSN 0x249094 RKey 0x034400 VAddr 0x007f942f4ab000
 GID: 00:00:00:00:00:00:00:00:00:00:255:255:10:01:01:01
 local address: LID 0000 QPN 0x0ac7 PSN 0xd176b8 RKey 0x034400 VAddr 0x007f942f4bb000
 GID: 00:00:00:00:00:00:00:00:00:00:255:255:10:01:01:01
 local address: LID 0000 QPN 0x0ac8 PSN 0xd2851c RKey 0x034400 VAddr 0x007f942f4cb000
 GID: 00:00:00:00:00:00:00:00:00:00:255:255:10:01:01:01
 local address: LID 0000 QPN 0x0ac9 PSN 0xfaff28 RKey 0x034400 VAddr 0x007f942f4db000
 GID: 00:00:00:00:00:00:00:00:00:00:255:255:10:01:01:01
 local address: LID 0000 QPN 0x0aca PSN 0xcc8424 RKey 0x034400 VAddr 0x007f942f4eb000
 GID: 00:00:00:00:00:00:00:00:00:00:255:255:10:01:01:01
 local address: LID 0000 QPN 0x0acb PSN 0x3b61a0 RKey 0x034400 VAddr 0x007f942f4fb000
 GID: 00:00:00:00:00:00:00:00:00:00:255:255:10:01:01:01
 local address: LID 0000 QPN 0x0acc PSN 0xfd7d16 RKey 0x034400 VAddr 0x007f942f50b000
 GID: 00:00:00:00:00:00:00:00:00:00:255:255:10:01:01:01
 local address: LID 0000 QPN 0x0acd PSN 0x56c0a0 RKey 0x034400 VAddr 0x007f942f51b000
 GID: 00:00:00:00:00:00:00:00:00:00:255:255:10:01:01:01
 local address: LID 0000 QPN 0x0ace PSN 0x2a8eaa RKey 0x034400 VAddr 0x007f942f52b000
 GID: 00:00:00:00:00:00:00:00:00:00:255:255:10:01:01:01
 local address: LID 0000 QPN 0x0acf PSN 0xac9563 RKey 0x034400 VAddr 0x007f942f53b000
 GID: 00:00:00:00:00:00:00:00:00:00:255:255:10:01:01:01
 local address: LID 0000 QPN 0x0ad0 PSN 0x99e82b RKey 0x034400 VAddr 0x007f942f54b000
 GID: 00:00:00:00:00:00:00:00:00:00:255:255:10:01:01:01
 local address: LID 0000 QPN 0x0ad1 PSN 0x69ed37 RKey 0x034400 VAddr 0x007f942f55b000
 GID: 00:00:00:00:00:00:00:00:00:00:255:255:10:01:01:01
 local address: LID 0000 QPN 0x0ad2 PSN 0x302ced RKey 0x034400 VAddr 0x007f942f56b000
 GID: 00:00:00:00:00:00:00:00:00:00:255:255:10:01:01:01
 local address: LID 0000 QPN 0x0ad3 PSN 0x1041bc RKey 0x034400 VAddr 0x007f942f57b000
 GID: 00:00:00:00:00:00:00:00:00:00:255:255:10:01:01:01
 local address: LID 0000 QPN 0x0ad4 PSN 0x6e7c04 RKey 0x034400 VAddr 0x007f942f58b000
 GID: 00:00:00:00:00:00:00:00:00:00:255:255:10:01:01:01
 local address: LID 0000 QPN 0x0ad5 PSN 0x2c340b RKey 0x034400 VAddr 0x007f942f59b000
 GID: 00:00:00:00:00:00:00:00:00:00:255:255:10:01:01:01
 local address: LID 0000 QPN 0x0ad6 PSN 0xaf2bb5 RKey 0x034400 VAddr 0x007f942f5ab000
 GID: 00:00:00:00:00:00:00:00:00:00:255:255:10:01:01:01
 local address: LID 0000 QPN 0x0ad7 PSN 0x7e29a4 RKey 0x034400 VAddr 0x007f942f5bb000
 GID: 00:00:00:00:00:00:00:00:00:00:255:255:10:01:01:01
 local address: LID 0000 QPN 0x0ad8 PSN 0x4ec9fc RKey 0x034400 VAddr 0x007f942f5cb000
 GID: 00:00:00:00:00:00:00:00:00:00:255:255:10:01:01:01
 local address: LID 0000 QPN 0x0ad9 PSN 0x19f185 RKey 0x034400 VAddr 0x007f942f5db000
 GID: 00:00:00:00:00:00:00:00:00:00:255:255:10:01:01:01
 local address: LID 0000 QPN 0x0ada PSN 0x2092bf RKey 0x034400 VAddr 0x007f942f5eb000
 GID: 00:00:00:00:00:00:00:00:00:00:255:255:10:01:01:01
 local address: LID 0000 QPN 0x0adb PSN 0x1a1856 RKey 0x034400 VAddr 0x007f942f5fb000
 GID: 00:00:00:00:00:00:00:00:00:00:255:255:10:01:01:01
 local address: LID 0000 QPN 0x0adc PSN 0x9f106b RKey 0x034400 VAddr 0x007f942f60b000
 GID: 00:00:00:00:00:00:00:00:00:00:255:255:10:01:01:01
 local address: LID 0000 QPN 0x0add PSN 0x2d9474 RKey 0x034400 VAddr 0x007f942f61b000
 GID: 00:00:00:00:00:00:00:00:00:00:255:255:10:01:01:01
 local address: LID 0000 QPN 0x0ade PSN 0xa20cca RKey 0x034400 VAddr 0x007f942f62b000
 GID: 00:00:00:00:00:00:00:00:00:00:255:255:10:01:01:01
 local address: LID 0000 QPN 0x0adf PSN 0x115cfb RKey 0x034400 VAddr 0x007f942f63b000
 GID: 00:00:00:00:00:00:00:00:00:00:255:255:10:01:01:01
 local address: LID 0000 QPN 0x0ae0 PSN 0x149e01 RKey 0x034400 VAddr 0x007f942f64b000
 GID: 00:00:00:00:00:00:00:00:00:00:255:255:10:01:01:01
 local address: LID 0000 QPN 0x0ae1 PSN 0x6bfac9 RKey 0x034400 VAddr 0x007f942f65b000
 GID: 00:00:00:00:00:00:00:00:00:00:255:255:10:01:01:01
 local address: LID 0000 QPN 0x0ae2 PSN 0x807ecf RKey 0x034400 VAddr 0x007f942f66b000
 GID: 00:00:00:00:00:00:00:00:00:00:255:255:10:01:01:01
 local address: LID 0000 QPN 0x0ae3 PSN 0x8c16f8 RKey 0x034400 VAddr 0x007f942f67b000
 GID: 00:00:00:00:00:00:00:00:00:00:255:255:10:01:01:01
 local address: LID 0000 QPN 0x0ae4 PSN 0x35c948 RKey 0x034400 VAddr 0x007f942f68b000
 GID: 00:00:00:00:00:00:00:00:00:00:255:255:10:01:01:01
 local address: LID 0000 QPN 0x0ae5 PSN 0x979fed RKey 0x034400 VAddr 0x007f942f69b000
 GID: 00:00:00:00:00:00:00:00:00:00:255:255:10:01:01:01
 local address: LID 0000 QPN 0x0ae6 PSN 0x1fa04d RKey 0x034400 VAddr 0x007f942f6ab000
 GID: 00:00:00:00:00:00:00:00:00:00:255:255:10:01:01:01
 local address: LID 0000 QPN 0x0ae7 PSN 0xbabcd0 RKey 0x034400 VAddr 0x007f942f6bb000
 GID: 00:00:00:00:00:00:00:00:00:00:255:255:10:01:01:01
 local address: LID 0000 QPN 0x0ae8 PSN 0xa9e4b RKey 0x034400 VAddr 0x007f942f6cb000
 GID: 00:00:00:00:00:00:00:00:00:00:255:255:10:01:01:01
 local address: LID 0000 QPN 0x0ae9 PSN 0xc216bb RKey 0x034400 VAddr 0x007f942f6db000
 GID: 00:00:00:00:00:00:00:00:00:00:255:255:10:01:01:01
 local address: LID 0000 QPN 0x0aea PSN 0xf986c2 RKey 0x034400 VAddr 0x007f942f6eb000
 GID: 00:00:00:00:00:00:00:00:00:00:255:255:10:01:01:01
 local address: LID 0000 QPN 0x0aeb PSN 0x4e7b6 RKey 0x034400 VAddr 0x007f942f6fb000
 GID: 00:00:00:00:00:00:00:00:00:00:255:255:10:01:01:01
 local address: LID 0000 QPN 0x0aec PSN 0x1f8455 RKey 0x034400 VAddr 0x007f942f70b000
 GID: 00:00:00:00:00:00:00:00:00:00:255:255:10:01:01:01
 local address: LID 0000 QPN 0x0aed PSN 0x30e91d RKey 0x034400 VAddr 0x007f942f71b000
 GID: 00:00:00:00:00:00:00:00:00:00:255:255:10:01:01:01
 local address: LID 0000 QPN 0x0aee PSN 0xee3636 RKey 0x034400 VAddr 0x007f942f72b000
 GID: 00:00:00:00:00:00:00:00:00:00:255:255:10:01:01:01
 local address: LID 0000 QPN 0x0aef PSN 0x650db3 RKey 0x034400 VAddr 0x007f942f73b000
 GID: 00:00:00:00:00:00:00:00:00:00:255:255:10:01:01:01
 local address: LID 0000 QPN 0x0af0 PSN 0x8d3dd2 RKey 0x034400 VAddr 0x007f942f74b000
 GID: 00:00:00:00:00:00:00:00:00:00:255:255:10:01:01:01
 local address: LID 0000 QPN 0x0af1 PSN 0x29746 RKey 0x034400 VAddr 0x007f942f75b000
 GID: 00:00:00:00:00:00:00:00:00:00:255:255:10:01:01:01
 local address: LID 0000 QPN 0x0af2 PSN 0x4a68f0 RKey 0x034400 VAddr 0x007f942f76b000
 GID: 00:00:00:00:00:00:00:00:00:00:255:255:10:01:01:01
 local address: LID 0000 QPN 0x0af3 PSN 0xcd7470 RKey 0x034400 VAddr 0x007f942f77b000
 GID: 00:00:00:00:00:00:00:00:00:00:255:255:10:01:01:01
 local address: LID 0000 QPN 0x0af4 PSN 0x4dc453 RKey 0x034400 VAddr 0x007f942f78b000
 GID: 00:00:00:00:00:00:00:00:00:00:255:255:10:01:01:01
 local address: LID 0000 QPN 0x0af5 PSN 0xd21089 RKey 0x034400 VAddr 0x007f942f79b000
 GID: 00:00:00:00:00:00:00:00:00:00:255:255:10:01:01:01
 local address: LID 0000 QPN 0x0af6 PSN 0xede04c RKey 0x034400 VAddr 0x007f942f7ab000
 GID: 00:00:00:00:00:00:00:00:00:00:255:255:10:01:01:01
 local address: LID 0000 QPN 0x0af7 PSN 0xad46a1 RKey 0x034400 VAddr 0x007f942f7bb000
 GID: 00:00:00:00:00:00:00:00:00:00:255:255:10:01:01:01
 local address: LID 0000 QPN 0x0af8 PSN 0xdba2ad RKey 0x034400 VAddr 0x007f942f7cb000
 GID: 00:00:00:00:00:00:00:00:00:00:255:255:10:01:01:01
 local address: LID 0000 QPN 0x0af9 PSN 0xe29fd5 RKey 0x034400 VAddr 0x007f942f7db000
 GID: 00:00:00:00:00:00:00:00:00:00:255:255:10:01:01:01
 local address: LID 0000 QPN 0x0afa PSN 0xecb0a5 RKey 0x034400 VAddr 0x007f942f7eb000
 GID: 00:00:00:00:00:00:00:00:00:00:255:255:10:01:01:01
 local address: LID 0000 QPN 0x0afb PSN 0xf1560e RKey 0x034400 VAddr 0x007f942f7fb000
 GID: 00:00:00:00:00:00:00:00:00:00:255:255:10:01:01:01
 local address: LID 0000 QPN 0x0afc PSN 0x118f40 RKey 0x034400 VAddr 0x007f942f80b000
 GID: 00:00:00:00:00:00:00:00:00:00:255:255:10:01:01:01
 local address: LID 0000 QPN 0x0afd PSN 0xc3e5ce RKey 0x034400 VAddr 0x007f942f81b000
 GID: 00:00:00:00:00:00:00:00:00:00:255:255:10:01:01:01
 local address: LID 0000 QPN 0x0afe PSN 0xc1a6c RKey 0x034400 VAddr 0x007f942f82b000
 GID: 00:00:00:00:00:00:00:00:00:00:255:255:10:01:01:01
 local address: LID 0000 QPN 0x0aff PSN 0xcab43f RKey 0x034400 VAddr 0x007f942f83b000
 GID: 00:00:00:00:00:00:00:00:00:00:255:255:10:01:01:01
 local address: LID 0000 QPN 0x0b00 PSN 0x9a2855 RKey 0x034400 VAddr 0x007f942f84b000
 GID: 00:00:00:00:00:00:00:00:00:00:255:255:10:01:01:01
 local address: LID 0000 QPN 0x0b01 PSN 0x7d1a88 RKey 0x034400 VAddr 0x007f942f85b000
 GID: 00:00:00:00:00:00:00:00:00:00:255:255:10:01:01:01
 local address: LID 0000 QPN 0x0b02 PSN 0xb2a25a RKey 0x034400 VAddr 0x007f942f86b000
 GID: 00:00:00:00:00:00:00:00:00:00:255:255:10:01:01:01
 local address: LID 0000 QPN 0x0b03 PSN 0xbdebc4 RKey 0x034400 VAddr 0x007f942f87b000
 GID: 00:00:00:00:00:00:00:00:00:00:255:255:10:01:01:01
 local address: LID 0000 QPN 0x0b04 PSN 0x1bd4a1 RKey 0x034400 VAddr 0x007f942f88b000
 GID: 00:00:00:00:00:00:00:00:00:00:255:255:10:01:01:01
 local address: LID 0000 QPN 0x0b05 PSN 0xc870e2 RKey 0x034400 VAddr 0x007f942f89b000
 GID: 00:00:00:00:00:00:00:00:00:00:255:255:10:01:01:01
 local address: LID 0000 QPN 0x0b06 PSN 0x6c3ac2 RKey 0x034400 VAddr 0x007f942f8ab000
 GID: 00:00:00:00:00:00:00:00:00:00:255:255:10:01:01:01
 local address: LID 0000 QPN 0x0b07 PSN 0xa0441e RKey 0x034400 VAddr 0x007f942f8bb000
 GID: 00:00:00:00:00:00:00:00:00:00:255:255:10:01:01:01
 local address: LID 0000 QPN 0x0b08 PSN 0xcae9e7 RKey 0x034400 VAddr 0x007f942f8cb000
 GID: 00:00:00:00:00:00:00:00:00:00:255:255:10:01:01:01
 local address: LID 0000 QPN 0x0b09 PSN 0x5b157d RKey 0x034400 VAddr 0x007f942f8db000
 GID: 00:00:00:00:00:00:00:00:00:00:255:255:10:01:01:01
 local address: LID 0000 QPN 0x0b0a PSN 0x1e6fff RKey 0x034400 VAddr 0x007f942f8eb000
 GID: 00:00:00:00:00:00:00:00:00:00:255:255:10:01:01:01
 local address: LID 0000 QPN 0x0b0b PSN 0xd51a4e RKey 0x034400 VAddr 0x007f942f8fb000
 GID: 00:00:00:00:00:00:00:00:00:00:255:255:10:01:01:01
 local address: LID 0000 QPN 0x0b0c PSN 0x4c5bb9 RKey 0x034400 VAddr 0x007f942f90b000
 GID: 00:00:00:00:00:00:00:00:00:00:255:255:10:01:01:01
 local address: LID 0000 QPN 0x0b0d PSN 0x43e358 RKey 0x034400 VAddr 0x007f942f91b000
 GID: 00:00:00:00:00:00:00:00:00:00:255:255:10:01:01:01
 local address: LID 0000 QPN 0x0b0e PSN 0x95aa0d RKey 0x034400 VAddr 0x007f942f92b000
 GID: 00:00:00:00:00:00:00:00:00:00:255:255:10:01:01:01
 local address: LID 0000 QPN 0x0b0f PSN 0xf3f7f7 RKey 0x034400 VAddr 0x007f942f93b000
 GID: 00:00:00:00:00:00:00:00:00:00:255:255:10:01:01:01
 local address: LID 0000 QPN 0x0b10 PSN 0xf5545e RKey 0x034400 VAddr 0x007f942f94b000
 GID: 00:00:00:00:00:00:00:00:00:00:255:255:10:01:01:01
 local address: LID 0000 QPN 0x0b11 PSN 0xb28809 RKey 0x034400 VAddr 0x007f942f95b000
 GID: 00:00:00:00:00:00:00:00:00:00:255:255:10:01:01:01
 local address: LID 0000 QPN 0x0b12 PSN 0x53b534 RKey 0x034400 VAddr 0x007f942f96b000
 GID: 00:00:00:00:00:00:00:00:00:00:255:255:10:01:01:01
 local address: LID 0000 QPN 0x0b13 PSN 0xa0b332 RKey 0x034400 VAddr 0x007f942f97b000
 GID: 00:00:00:00:00:00:00:00:00:00:255:255:10:01:01:01
 local address: LID 0000 QPN 0x0b14 PSN 0x9839cf RKey 0x034400 VAddr 0x007f942f98b000
 GID: 00:00:00:00:00:00:00:00:00:00:255:255:10:01:01:01
 local address: LID 0000 QPN 0x0b15 PSN 0x9a719a RKey 0x034400 VAddr 0x007f942f99b000
 GID: 00:00:00:00:00:00:00:00:00:00:255:255:10:01:01:01
 local address: LID 0000 QPN 0x0b16 PSN 0x98e3df RKey 0x034400 VAddr 0x007f942f9ab000
 GID: 00:00:00:00:00:00:00:00:00:00:255:255:10:01:01:01
 local address: LID 0000 QPN 0x0b17 PSN 0x6980ee RKey 0x034400 VAddr 0x007f942f9bb000
 GID: 00:00:00:00:00:00:00:00:00:00:255:255:10:01:01:01
 local address: LID 0000 QPN 0x0b18 PSN 0x55c0dc RKey 0x034400 VAddr 0x007f942f9cb000
 GID: 00:00:00:00:00:00:00:00:00:00:255:255:10:01:01:01
 local address: LID 0000 QPN 0x0b19 PSN 0x407ffe RKey 0x034400 VAddr 0x007f942f9db000
 GID: 00:00:00:00:00:00:00:00:00:00:255:255:10:01:01:01
 local address: LID 0000 QPN 0x0b1a PSN 0xa43b8b RKey 0x034400 VAddr 0x007f942f9eb000
 GID: 00:00:00:00:00:00:00:00:00:00:255:255:10:01:01:01
 local address: LID 0000 QPN 0x0b1b PSN 0x938402 RKey 0x034400 VAddr 0x007f942f9fb000
 GID: 00:00:00:00:00:00:00:00:00:00:255:255:10:01:01:01
 local address: LID 0000 QPN 0x0b1c PSN 0x70d06c RKey 0x034400 VAddr 0x007f942fa0b000
 GID: 00:00:00:00:00:00:00:00:00:00:255:255:10:01:01:01
 local address: LID 0000 QPN 0x0b1d PSN 0x78142f RKey 0x034400 VAddr 0x007f942fa1b000
 GID: 00:00:00:00:00:00:00:00:00:00:255:255:10:01:01:01
 local address: LID 0000 QPN 0x0b1e PSN 0x3c3edb RKey 0x034400 VAddr 0x007f942fa2b000
 GID: 00:00:00:00:00:00:00:00:00:00:255:255:10:01:01:01
 local address: LID 0000 QPN 0x0b1f PSN 0x7d02d1 RKey 0x034400 VAddr 0x007f942fa3b000
 GID: 00:00:00:00:00:00:00:00:00:00:255:255:10:01:01:01
 local address: LID 0000 QPN 0x0b20 PSN 0xe16e1 RKey 0x034400 VAddr 0x007f942fa4b000
 GID: 00:00:00:00:00:00:00:00:00:00:255:255:10:01:01:01
 local address: LID 0000 QPN 0x0b21 PSN 0xc3b6e5 RKey 0x034400 VAddr 0x007f942fa5b000
 GID: 00:00:00:00:00:00:00:00:00:00:255:255:10:01:01:01
 local address: LID 0000 QPN 0x0b22 PSN 0xd906c8 RKey 0x034400 VAddr 0x007f942fa6b000
 GID: 00:00:00:00:00:00:00:00:00:00:255:255:10:01:01:01
 local address: LID 0000 QPN 0x0b23 PSN 0x450d99 RKey 0x034400 VAddr 0x007f942fa7b000
 GID: 00:00:00:00:00:00:00:00:00:00:255:255:10:01:01:01
 local address: LID 0000 QPN 0x0b24 PSN 0x34539a RKey 0x034400 VAddr 0x007f942fa8b000
 GID: 00:00:00:00:00:00:00:00:00:00:255:255:10:01:01:01
 local address: LID 0000 QPN 0x0b25 PSN 0x5730f4 RKey 0x034400 VAddr 0x007f942fa9b000
 GID: 00:00:00:00:00:00:00:00:00:00:255:255:10:01:01:01
 local address: LID 0000 QPN 0x0b26 PSN 0x617cf5 RKey 0x034400 VAddr 0x007f942faab000
 GID: 00:00:00:00:00:00:00:00:00:00:255:255:10:01:01:01
 local address: LID 0000 QPN 0x0b27 PSN 0x5aff58 RKey 0x034400 VAddr 0x007f942fabb000
 GID: 00:00:00:00:00:00:00:00:00:00:255:255:10:01:01:01
 local address: LID 0000 QPN 0x0b28 PSN 0x707692 RKey 0x034400 VAddr 0x007f942facb000
 GID: 00:00:00:00:00:00:00:00:00:00:255:255:10:01:01:01
 local address: LID 0000 QPN 0x0b29 PSN 0xbc8f43 RKey 0x034400 VAddr 0x007f942fadb000
 GID: 00:00:00:00:00:00:00:00:00:00:255:255:10:01:01:01
 local address: LID 0000 QPN 0x0b2a PSN 0x78a920 RKey 0x034400 VAddr 0x007f942faeb000
 GID: 00:00:00:00:00:00:00:00:00:00:255:255:10:01:01:01
 local address: LID 0000 QPN 0x0b2b PSN 0x14e35b RKey 0x034400 VAddr 0x007f942fafb000
 GID: 00:00:00:00:00:00:00:00:00:00:255:255:10:01:01:01
 local address: LID 0000 QPN 0x0b2c PSN 0x50d825 RKey 0x034400 VAddr 0x007f942fb0b000
 GID: 00:00:00:00:00:00:00:00:00:00:255:255:10:01:01:01
 local address: LID 0000 QPN 0x0b2d PSN 0x3b2c64 RKey 0x034400 VAddr 0x007f942fb1b000
 GID: 00:00:00:00:00:00:00:00:00:00:255:255:10:01:01:01
 local address: LID 0000 QPN 0x0b2e PSN 0xf523b5 RKey 0x034400 VAddr 0x007f942fb2b000
 GID: 00:00:00:00:00:00:00:00:00:00:255:255:10:01:01:01
 local address: LID 0000 QPN 0x0b2f PSN 0x126964 RKey 0x034400 VAddr 0x007f942fb3b000
 GID: 00:00:00:00:00:00:00:00:00:00:255:255:10:01:01:01
 local address: LID 0000 QPN 0x0b30 PSN 0x9ceaf3 RKey 0x034400 VAddr 0x007f942fb4b000
 GID: 00:00:00:00:00:00:00:00:00:00:255:255:10:01:01:01
 local address: LID 0000 QPN 0x0b31 PSN 0xb779d5 RKey 0x034400 VAddr 0x007f942fb5b000
 GID: 00:00:00:00:00:00:00:00:00:00:255:255:10:01:01:01
 local address: LID 0000 QPN 0x0b32 PSN 0x6bdf7d RKey 0x034400 VAddr 0x007f942fb6b000
 GID: 00:00:00:00:00:00:00:00:00:00:255:255:10:01:01:01
 local address: LID 0000 QPN 0x0b33 PSN 0xa2b277 RKey 0x034400 VAddr 0x007f942fb7b000
 GID: 00:00:00:00:00:00:00:00:00:00:255:255:10:01:01:01
 local address: LID 0000 QPN 0x0b34 PSN 0xe2e9dd RKey 0x034400 VAddr 0x007f942fb8b000
 GID: 00:00:00:00:00:00:00:00:00:00:255:255:10:01:01:01
 local address: LID 0000 QPN 0x0b35 PSN 0x33e2d2 RKey 0x034400 VAddr 0x007f942fb9b000
 GID: 00:00:00:00:00:00:00:00:00:00:255:255:10:01:01:01
 local address: LID 0000 QPN 0x0b36 PSN 0xd89c73 RKey 0x034400 VAddr 0x007f942fbab000
 GID: 00:00:00:00:00:00:00:00:00:00:255:255:10:01:01:01
 local address: LID 0000 QPN 0x0b37 PSN 0x3de041 RKey 0x034400 VAddr 0x007f942fbbb000
 GID: 00:00:00:00:00:00:00:00:00:00:255:255:10:01:01:01
 local address: LID 0000 QPN 0x0b38 PSN 0xcb242d RKey 0x034400 VAddr 0x007f942fbcb000
 GID: 00:00:00:00:00:00:00:00:00:00:255:255:10:01:01:01
 local address: LID 0000 QPN 0x0b39 PSN 0x6c2d5 RKey 0x034400 VAddr 0x007f942fbdb000
 GID: 00:00:00:00:00:00:00:00:00:00:255:255:10:01:01:01
 local address: LID 0000 QPN 0x0b3a PSN 0x8175b7 RKey 0x034400 VAddr 0x007f942fbeb000
 GID: 00:00:00:00:00:00:00:00:00:00:255:255:10:01:01:01
 local address: LID 0000 QPN 0x0b3b PSN 0x7f126 RKey 0x034400 VAddr 0x007f942fbfb000
 GID: 00:00:00:00:00:00:00:00:00:00:255:255:10:01:01:01
 local address: LID 0000 QPN 0x0b3c PSN 0xb8a9d2 RKey 0x034400 VAddr 0x007f942fc0b000
 GID: 00:00:00:00:00:00:00:00:00:00:255:255:10:01:01:01
 local address: LID 0000 QPN 0x0b3d PSN 0xdf09ac RKey 0x034400 VAddr 0x007f942fc1b000
 GID: 00:00:00:00:00:00:00:00:00:00:255:255:10:01:01:01
 local address: LID 0000 QPN 0x0b3e PSN 0x581c9c RKey 0x034400 VAddr 0x007f942fc2b000
 GID: 00:00:00:00:00:00:00:00:00:00:255:255:10:01:01:01
 local address: LID 0000 QPN 0x0b3f PSN 0xe112e6 RKey 0x034400 VAddr 0x007f942fc3b000
 GID: 00:00:00:00:00:00:00:00:00:00:255:255:10:01:01:01
 local address: LID 0000 QPN 0x0b40 PSN 0xb939c8 RKey 0x034400 VAddr 0x007f942fc4b000
 GID: 00:00:00:00:00:00:00:00:00:00:255:255:10:01:01:01
 local address: LID 0000 QPN 0x0b41 PSN 0x70c734 RKey 0x034400 VAddr 0x007f942fc5b000
 GID: 00:00:00:00:00:00:00:00:00:00:255:255:10:01:01:01
 local address: LID 0000 QPN 0x0b42 PSN 0x7272dc RKey 0x034400 VAddr 0x007f942fc6b000
 GID: 00:00:00:00:00:00:00:00:00:00:255:255:10:01:01:01
 local address: LID 0000 QPN 0x0b43 PSN 0x6035ea RKey 0x034400 VAddr 0x007f942fc7b000
 GID: 00:00:00:00:00:00:00:00:00:00:255:255:10:01:01:01
 local address: LID 0000 QPN 0x0b44 PSN 0xc27496 RKey 0x034400 VAddr 0x007f942fc8b000
 GID: 00:00:00:00:00:00:00:00:00:00:255:255:10:01:01:01
 local address: LID 0000 QPN 0x0b45 PSN 0xbc78b7 RKey 0x034400 VAddr 0x007f942fc9b000
 GID: 00:00:00:00:00:00:00:00:00:00:255:255:10:01:01:01
 local address: LID 0000 QPN 0x0b46 PSN 0xdd55eb RKey 0x034400 VAddr 0x007f942fcab000
 GID: 00:00:00:00:00:00:00:00:00:00:255:255:10:01:01:01
 local address: LID 0000 QPN 0x0b47 PSN 0xd74b31 RKey 0x034400 VAddr 0x007f942fcbb000
 GID: 00:00:00:00:00:00:00:00:00:00:255:255:10:01:01:01
 local address: LID 0000 QPN 0x0b48 PSN 0xd874f1 RKey 0x034400 VAddr 0x007f942fccb000
 GID: 00:00:00:00:00:00:00:00:00:00:255:255:10:01:01:01
 local address: LID 0000 QPN 0x0b49 PSN 0xf791e0 RKey 0x034400 VAddr 0x007f942fcdb000
 GID: 00:00:00:00:00:00:00:00:00:00:255:255:10:01:01:01
 local address: LID 0000 QPN 0x0b4a PSN 0x278d68 RKey 0x034400 VAddr 0x007f942fceb000
 GID: 00:00:00:00:00:00:00:00:00:00:255:255:10:01:01:01
 local address: LID 0000 QPN 0x0b4b PSN 0xcd36d2 RKey 0x034400 VAddr 0x007f942fcfb000
 GID: 00:00:00:00:00:00:00:00:00:00:255:255:10:01:01:01
 local address: LID 0000 QPN 0x0b4c PSN 0x1a107e RKey 0x034400 VAddr 0x007f942fd0b000
 GID: 00:00:00:00:00:00:00:00:00:00:255:255:10:01:01:01
 local address: LID 0000 QPN 0x0b4d PSN 0xca5b57 RKey 0x034400 VAddr 0x007f942fd1b000
 GID: 00:00:00:00:00:00:00:00:00:00:255:255:10:01:01:01
 local address: LID 0000 QPN 0x0b4e PSN 0xafeeb0 RKey 0x034400 VAddr 0x007f942fd2b000
 GID: 00:00:00:00:00:00:00:00:00:00:255:255:10:01:01:01
 local address: LID 0000 QPN 0x0b4f PSN 0xd0212d RKey 0x034400 VAddr 0x007f942fd3b000
 GID: 00:00:00:00:00:00:00:00:00:00:255:255:10:01:01:01
 local address: LID 0000 QPN 0x0b50 PSN 0xf122b5 RKey 0x034400 VAddr 0x007f942fd4b000
 GID: 00:00:00:00:00:00:00:00:00:00:255:255:10:01:01:01
 local address: LID 0000 QPN 0x0b51 PSN 0x7ee0fd RKey 0x034400 VAddr 0x007f942fd5b000
 GID: 00:00:00:00:00:00:00:00:00:00:255:255:10:01:01:01
 local address: LID 0000 QPN 0x0b52 PSN 0x20e78d RKey 0x034400 VAddr 0x007f942fd6b000
 GID: 00:00:00:00:00:00:00:00:00:00:255:255:10:01:01:01
 local address: LID 0000 QPN 0x0b53 PSN 0xc370b2 RKey 0x034400 VAddr 0x007f942fd7b000
 GID: 00:00:00:00:00:00:00:00:00:00:255:255:10:01:01:01
 local address: LID 0000 QPN 0x0b54 PSN 0xe963e1 RKey 0x034400 VAddr 0x007f942fd8b000
 GID: 00:00:00:00:00:00:00:00:00:00:255:255:10:01:01:01
 local address: LID 0000 QPN 0x0b55 PSN 0x7e49c5 RKey 0x034400 VAddr 0x007f942fd9b000
 GID: 00:00:00:00:00:00:00:00:00:00:255:255:10:01:01:01
 local address: LID 0000 QPN 0x0b56 PSN 0xb4c20c RKey 0x034400 VAddr 0x007f942fdab000
 GID: 00:00:00:00:00:00:00:00:00:00:255:255:10:01:01:01
 local address: LID 0000 QPN 0x0b57 PSN 0x77564d RKey 0x034400 VAddr 0x007f942fdbb000
 GID: 00:00:00:00:00:00:00:00:00:00:255:255:10:01:01:01
 local address: LID 0000 QPN 0x0b58 PSN 0x166e44 RKey 0x034400 VAddr 0x007f942fdcb000
 GID: 00:00:00:00:00:00:00:00:00:00:255:255:10:01:01:01
 local address: LID 0000 QPN 0x0b59 PSN 0xb5932d RKey 0x034400 VAddr 0x007f942fddb000
 GID: 00:00:00:00:00:00:00:00:00:00:255:255:10:01:01:01
 local address: LID 0000 QPN 0x0b5a PSN 0x1136c RKey 0x034400 VAddr 0x007f942fdeb000
 GID: 00:00:00:00:00:00:00:00:00:00:255:255:10:01:01:01
 local address: LID 0000 QPN 0x0b5b PSN 0xc766d RKey 0x034400 VAddr 0x007f942fdfb000
 GID: 00:00:00:00:00:00:00:00:00:00:255:255:10:01:01:01
 local address: LID 0000 QPN 0x0b5c PSN 0x99b357 RKey 0x034400 VAddr 0x007f942fe0b000
 GID: 00:00:00:00:00:00:00:00:00:00:255:255:10:01:01:01
 local address: LID 0000 QPN 0x0b5d PSN 0xd04a58 RKey 0x034400 VAddr 0x007f942fe1b000
 GID: 00:00:00:00:00:00:00:00:00:00:255:255:10:01:01:01
 local address: LID 0000 QPN 0x0b5e PSN 0x3ce832 RKey 0x034400 VAddr 0x007f942fe2b000
 GID: 00:00:00:00:00:00:00:00:00:00:255:255:10:01:01:01
 local address: LID 0000 QPN 0x0b5f PSN 0x4d8b0 RKey 0x034400 VAddr 0x007f942fe3b000
 GID: 00:00:00:00:00:00:00:00:00:00:255:255:10:01:01:01
 local address: LID 0000 QPN 0x0b60 PSN 0xe3432e RKey 0x034400 VAddr 0x007f942fe4b000
 GID: 00:00:00:00:00:00:00:00:00:00:255:255:10:01:01:01
 local address: LID 0000 QPN 0x0b61 PSN 0x477cca RKey 0x034400 VAddr 0x007f942fe5b000
 GID: 00:00:00:00:00:00:00:00:00:00:255:255:10:01:01:01
 local address: LID 0000 QPN 0x0b62 PSN 0x5c5f5a RKey 0x034400 VAddr 0x007f942fe6b000
 GID: 00:00:00:00:00:00:00:00:00:00:255:255:10:01:01:01
 local address: LID 0000 QPN 0x0b63 PSN 0x8be82d RKey 0x034400 VAddr 0x007f942fe7b000
 GID: 00:00:00:00:00:00:00:00:00:00:255:255:10:01:01:01
 local address: LID 0000 QPN 0x0b64 PSN 0xd467fa RKey 0x034400 VAddr 0x007f942fe8b000
 GID: 00:00:00:00:00:00:00:00:00:00:255:255:10:01:01:01
 local address: LID 0000 QPN 0x0b65 PSN 0xacbabf RKey 0x034400 VAddr 0x007f942fe9b000
 GID: 00:00:00:00:00:00:00:00:00:00:255:255:10:01:01:01
 local address: LID 0000 QPN 0x0b66 PSN 0x1586a8 RKey 0x034400 VAddr 0x007f942feab000
 GID: 00:00:00:00:00:00:00:00:00:00:255:255:10:01:01:01
 local address: LID 0000 QPN 0x0b67 PSN 0x11ee5d RKey 0x034400 VAddr 0x007f942febb000
 GID: 00:00:00:00:00:00:00:00:00:00:255:255:10:01:01:01
 local address: LID 0000 QPN 0x0b68 PSN 0x1937a9 RKey 0x034400 VAddr 0x007f942fecb000
 GID: 00:00:00:00:00:00:00:00:00:00:255:255:10:01:01:01
 local address: LID 0000 QPN 0x0b69 PSN 0xfca528 RKey 0x034400 VAddr 0x007f942fedb000
 GID: 00:00:00:00:00:00:00:00:00:00:255:255:10:01:01:01
 local address: LID 0000 QPN 0x0b6a PSN 0xd6a1c RKey 0x034400 VAddr 0x007f942feeb000
 GID: 00:00:00:00:00:00:00:00:00:00:255:255:10:01:01:01
 local address: LID 0000 QPN 0x0b6b PSN 0x7412a6 RKey 0x034400 VAddr 0x007f942fefb000
 GID: 00:00:00:00:00:00:00:00:00:00:255:255:10:01:01:01
 local address: LID 0000 QPN 0x0b6c PSN 0xfe5da8 RKey 0x034400 VAddr 0x007f942ff0b000
 GID: 00:00:00:00:00:00:00:00:00:00:255:255:10:01:01:01
 local address: LID 0000 QPN 0x0b6d PSN 0xc22143 RKey 0x034400 VAddr 0x007f942ff1b000
 GID: 00:00:00:00:00:00:00:00:00:00:255:255:10:01:01:01
 local address: LID 0000 QPN 0x0b6e PSN 0x296883 RKey 0x034400 VAddr 0x007f942ff2b000
 GID: 00:00:00:00:00:00:00:00:00:00:255:255:10:01:01:01
 local address: LID 0000 QPN 0x0b6f PSN 0x308886 RKey 0x034400 VAddr 0x007f942ff3b000
 GID: 00:00:00:00:00:00:00:00:00:00:255:255:10:01:01:01
 local address: LID 0000 QPN 0x0b70 PSN 0xda7ec8 RKey 0x034400 VAddr 0x007f942ff4b000
 GID: 00:00:00:00:00:00:00:00:00:00:255:255:10:01:01:01
 local address: LID 0000 QPN 0x0b71 PSN 0xaebd6 RKey 0x034400 VAddr 0x007f942ff5b000
 GID: 00:00:00:00:00:00:00:00:00:00:255:255:10:01:01:01
 local address: LID 0000 QPN 0x0b72 PSN 0x6fff2a RKey 0x034400 VAddr 0x007f942ff6b000
 GID: 00:00:00:00:00:00:00:00:00:00:255:255:10:01:01:01
 local address: LID 0000 QPN 0x0b73 PSN 0x373658 RKey 0x034400 VAddr 0x007f942ff7b000
 GID: 00:00:00:00:00:00:00:00:00:00:255:255:10:01:01:01
 local address: LID 0000 QPN 0x0b74 PSN 0xf6b93e RKey 0x034400 VAddr 0x007f942ff8b000
 GID: 00:00:00:00:00:00:00:00:00:00:255:255:10:01:01:01
 local address: LID 0000 QPN 0x0b75 PSN 0x3fe607 RKey 0x034400 VAddr 0x007f942ff9b000
 GID: 00:00:00:00:00:00:00:00:00:00:255:255:10:01:01:01
 local address: LID 0000 QPN 0x0b76 PSN 0x255eae RKey 0x034400 VAddr 0x007f942ffab000
 GID: 00:00:00:00:00:00:00:00:00:00:255:255:10:01:01:01
 local address: LID 0000 QPN 0x0b77 PSN 0x61bec6 RKey 0x034400 VAddr 0x007f942ffbb000
 GID: 00:00:00:00:00:00:00:00:00:00:255:255:10:01:01:01
 local address: LID 0000 QPN 0x0b78 PSN 0xd7e2c4 RKey 0x034400 VAddr 0x007f942ffcb000
 GID: 00:00:00:00:00:00:00:00:00:00:255:255:10:01:01:01
 local address: LID 0000 QPN 0x0b79 PSN 0x7f15db RKey 0x034400 VAddr 0x007f942ffdb000
 GID: 00:00:00:00:00:00:00:00:00:00:255:255:10:01:01:01
 local address: LID 0000 QPN 0x0b7a PSN 0x33aef RKey 0x034400 VAddr 0x007f942ffeb000
 GID: 00:00:00:00:00:00:00:00:00:00:255:255:10:01:01:01
 local address: LID 0000 QPN 0x0b7b PSN 0x2276cc RKey 0x034400 VAddr 0x007f942fffb000
 GID: 00:00:00:00:00:00:00:00:00:00:255:255:10:01:01:01
 local address: LID 0000 QPN 0x0b7c PSN 0x246de RKey 0x034400 VAddr 0x007f943000b000
 GID: 00:00:00:00:00:00:00:00:00:00:255:255:10:01:01:01
 local address: LID 0000 QPN 0x0b7d PSN 0xbaf449 RKey 0x034400 VAddr 0x007f943001b000
 GID: 00:00:00:00:00:00:00:00:00:00:255:255:10:01:01:01
 local address: LID 0000 QPN 0x0b7e PSN 0xb06823 RKey 0x034400 VAddr 0x007f943002b000
 GID: 00:00:00:00:00:00:00:00:00:00:255:255:10:01:01:01
 local address: LID 0000 QPN 0x0b7f PSN 0x287264 RKey 0x034400 VAddr 0x007f943003b000
 GID: 00:00:00:00:00:00:00:00:00:00:255:255:10:01:01:01
 local address: LID 0000 QPN 0x0b80 PSN 0xebc737 RKey 0x034400 VAddr 0x007f943004b000
 GID: 00:00:00:00:00:00:00:00:00:00:255:255:10:01:01:01
 local address: LID 0000 QPN 0x0b81 PSN 0x4242fa RKey 0x034400 VAddr 0x007f943005b000
 GID: 00:00:00:00:00:00:00:00:00:00:255:255:10:01:01:01
 local address: LID 0000 QPN 0x0b82 PSN 0x13f706 RKey 0x034400 VAddr 0x007f943006b000
 GID: 00:00:00:00:00:00:00:00:00:00:255:255:10:01:01:01
 local address: LID 0000 QPN 0x0b83 PSN 0x2f71d4 RKey 0x034400 VAddr 0x007f943007b000
 GID: 00:00:00:00:00:00:00:00:00:00:255:255:10:01:01:01
 local address: LID 0000 QPN 0x0b84 PSN 0xec602a RKey 0x034400 VAddr 0x007f943008b000
 GID: 00:00:00:00:00:00:00:00:00:00:255:255:10:01:01:01
 local address: LID 0000 QPN 0x0b85 PSN 0xd43a0 RKey 0x034400 VAddr 0x007f943009b000
 GID: 00:00:00:00:00:00:00:00:00:00:255:255:10:01:01:01
 local address: LID 0000 QPN 0x0b86 PSN 0xe8a22f RKey 0x034400 VAddr 0x007f94300ab000
 GID: 00:00:00:00:00:00:00:00:00:00:255:255:10:01:01:01
 local address: LID 0000 QPN 0x0b87 PSN 0x951990 RKey 0x034400 VAddr 0x007f94300bb000
 GID: 00:00:00:00:00:00:00:00:00:00:255:255:10:01:01:01
 local address: LID 0000 QPN 0x0b88 PSN 0xbb335c RKey 0x034400 VAddr 0x007f94300cb000
 GID: 00:00:00:00:00:00:00:00:00:00:255:255:10:01:01:01
 local address: LID 0000 QPN 0x0b89 PSN 0xe0caf0 RKey 0x034400 VAddr 0x007f94300db000
 GID: 00:00:00:00:00:00:00:00:00:00:255:255:10:01:01:01
 local address: LID 0000 QPN 0x0b8a PSN 0x307e7e RKey 0x034400 VAddr 0x007f94300eb000
 GID: 00:00:00:00:00:00:00:00:00:00:255:255:10:01:01:01
 local address: LID 0000 QPN 0x0b8b PSN 0x397ecd RKey 0x034400 VAddr 0x007f94300fb000
 GID: 00:00:00:00:00:00:00:00:00:00:255:255:10:01:01:01
 local address: LID 0000 QPN 0x0b8c PSN 0x865a86 RKey 0x034400 VAddr 0x007f943010b000
 GID: 00:00:00:00:00:00:00:00:00:00:255:255:10:01:01:01
 local address: LID 0000 QPN 0x0b8d PSN 0xa5493d RKey 0x034400 VAddr 0x007f943011b000
 GID: 00:00:00:00:00:00:00:00:00:00:255:255:10:01:01:01
 local address: LID 0000 QPN 0x0b8e PSN 0xf600b2 RKey 0x034400 VAddr 0x007f943012b000
 GID: 00:00:00:00:00:00:00:00:00:00:255:255:10:01:01:01
 local address: LID 0000 QPN 0x0b8f PSN 0x47b2a3 RKey 0x034400 VAddr 0x007f943013b000
 GID: 00:00:00:00:00:00:00:00:00:00:255:255:10:01:01:01
 local address: LID 0000 QPN 0x0b90 PSN 0x15e450 RKey 0x034400 VAddr 0x007f943014b000
 GID: 00:00:00:00:00:00:00:00:00:00:255:255:10:01:01:01
 local address: LID 0000 QPN 0x0b91 PSN 0xd782b3 RKey 0x034400 VAddr 0x007f943015b000
 GID: 00:00:00:00:00:00:00:00:00:00:255:255:10:01:01:01
 local address: LID 0000 QPN 0x0b92 PSN 0x468a17 RKey 0x034400 VAddr 0x007f943016b000
 GID: 00:00:00:00:00:00:00:00:00:00:255:255:10:01:01:01
 local address: LID 0000 QPN 0x0b93 PSN 0x6395dd RKey 0x034400 VAddr 0x007f943017b000
 GID: 00:00:00:00:00:00:00:00:00:00:255:255:10:01:01:01
 local address: LID 0000 QPN 0x0b94 PSN 0xce7d59 RKey 0x034400 VAddr 0x007f943018b000
 GID: 00:00:00:00:00:00:00:00:00:00:255:255:10:01:01:01
 local address: LID 0000 QPN 0x0b95 PSN 0x5a512c RKey 0x034400 VAddr 0x007f943019b000
 GID: 00:00:00:00:00:00:00:00:00:00:255:255:10:01:01:01
 local address: LID 0000 QPN 0x0b96 PSN 0xa3ce5c RKey 0x034400 VAddr 0x007f94301ab000
 GID: 00:00:00:00:00:00:00:00:00:00:255:255:10:01:01:01
 local address: LID 0000 QPN 0x0b97 PSN 0x4df61 RKey 0x034400 VAddr 0x007f94301bb000
 GID: 00:00:00:00:00:00:00:00:00:00:255:255:10:01:01:01
 local address: LID 0000 QPN 0x0b98 PSN 0xee6753 RKey 0x034400 VAddr 0x007f94301cb000
 GID: 00:00:00:00:00:00:00:00:00:00:255:255:10:01:01:01
 local address: LID 0000 QPN 0x0b99 PSN 0xcc69b2 RKey 0x034400 VAddr 0x007f94301db000
 GID: 00:00:00:00:00:00:00:00:00:00:255:255:10:01:01:01
 local address: LID 0000 QPN 0x0b9a PSN 0x6c8483 RKey 0x034400 VAddr 0x007f94301eb000
 GID: 00:00:00:00:00:00:00:00:00:00:255:255:10:01:01:01
 local address: LID 0000 QPN 0x0b9b PSN 0x1bdf36 RKey 0x034400 VAddr 0x007f94301fb000
 GID: 00:00:00:00:00:00:00:00:00:00:255:255:10:01:01:01
 local address: LID 0000 QPN 0x0b9c PSN 0x27804c RKey 0x034400 VAddr 0x007f943020b000
 GID: 00:00:00:00:00:00:00:00:00:00:255:255:10:01:01:01
 local address: LID 0000 QPN 0x0b9d PSN 0x7abf92 RKey 0x034400 VAddr 0x007f943021b000
 GID: 00:00:00:00:00:00:00:00:00:00:255:255:10:01:01:01
 local address: LID 0000 QPN 0x0b9e PSN 0x11f4f1 RKey 0x034400 VAddr 0x007f943022b000
 GID: 00:00:00:00:00:00:00:00:00:00:255:255:10:01:01:01
 local address: LID 0000 QPN 0x0b9f PSN 0x1b2837 RKey 0x034400 VAddr 0x007f943023b000
 GID: 00:00:00:00:00:00:00:00:00:00:255:255:10:01:01:01
 local address: LID 0000 QPN 0x0ba0 PSN 0xe33c07 RKey 0x034400 VAddr 0x007f943024b000
 GID: 00:00:00:00:00:00:00:00:00:00:255:255:10:01:01:01
 local address: LID 0000 QPN 0x0ba1 PSN 0xb7bf19 RKey 0x034400 VAddr 0x007f943025b000
 GID: 00:00:00:00:00:00:00:00:00:00:255:255:10:01:01:01
 local address: LID 0000 QPN 0x0ba2 PSN 0x7716a5 RKey 0x034400 VAddr 0x007f943026b000
 GID: 00:00:00:00:00:00:00:00:00:00:255:255:10:01:01:01
 local address: LID 0000 QPN 0x0ba3 PSN 0xc9ea53 RKey 0x034400 VAddr 0x007f943027b000
 GID: 00:00:00:00:00:00:00:00:00:00:255:255:10:01:01:01
 local address: LID 0000 QPN 0x0ba4 PSN 0x299188 RKey 0x034400 VAddr 0x007f943028b000
 GID: 00:00:00:00:00:00:00:00:00:00:255:255:10:01:01:01
 local address: LID 0000 QPN 0x0ba5 PSN 0x6939ee RKey 0x034400 VAddr 0x007f943029b000
 GID: 00:00:00:00:00:00:00:00:00:00:255:255:10:01:01:01
 local address: LID 0000 QPN 0x0ba6 PSN 0xaf0d85 RKey 0x034400 VAddr 0x007f94302ab000
 GID: 00:00:00:00:00:00:00:00:00:00:255:255:10:01:01:01
 local address: LID 0000 QPN 0x0ba7 PSN 0x75677e RKey 0x034400 VAddr 0x007f94302bb000
 GID: 00:00:00:00:00:00:00:00:00:00:255:255:10:01:01:01
 local address: LID 0000 QPN 0x0ba8 PSN 0x71feaf RKey 0x034400 VAddr 0x007f94302cb000
 GID: 00:00:00:00:00:00:00:00:00:00:255:255:10:01:01:01
 local address: LID 0000 QPN 0x0ba9 PSN 0xa27f0b RKey 0x034400 VAddr 0x007f94302db000
 GID: 00:00:00:00:00:00:00:00:00:00:255:255:10:01:01:01
 local address: LID 0000 QPN 0x0baa PSN 0x9bfbd4 RKey 0x034400 VAddr 0x007f94302eb000
 GID: 00:00:00:00:00:00:00:00:00:00:255:255:10:01:01:01
 local address: LID 0000 QPN 0x0bab PSN 0xd48d38 RKey 0x034400 VAddr 0x007f94302fb000
 GID: 00:00:00:00:00:00:00:00:00:00:255:255:10:01:01:01
 local address: LID 0000 QPN 0x0bac PSN 0xb5e3fc RKey 0x034400 VAddr 0x007f943030b000
 GID: 00:00:00:00:00:00:00:00:00:00:255:255:10:01:01:01
 local address: LID 0000 QPN 0x0bad PSN 0xbdb85a RKey 0x034400 VAddr 0x007f943031b000
 GID: 00:00:00:00:00:00:00:00:00:00:255:255:10:01:01:01
 local address: LID 0000 QPN 0x0bae PSN 0xcc38c1 RKey 0x034400 VAddr 0x007f943032b000
 GID: 00:00:00:00:00:00:00:00:00:00:255:255:10:01:01:01
 local address: LID 0000 QPN 0x0baf PSN 0xd75cb8 RKey 0x034400 VAddr 0x007f943033b000
 GID: 00:00:00:00:00:00:00:00:00:00:255:255:10:01:01:01
 local address: LID 0000 QPN 0x0bb0 PSN 0xd9a71 RKey 0x034400 VAddr 0x007f943034b000
 GID: 00:00:00:00:00:00:00:00:00:00:255:255:10:01:01:01
 local address: LID 0000 QPN 0x0bb1 PSN 0x3f47e8 RKey 0x034400 VAddr 0x007f943035b000
 GID: 00:00:00:00:00:00:00:00:00:00:255:255:10:01:01:01
 local address: LID 0000 QPN 0x0bb2 PSN 0x831e18 RKey 0x034400 VAddr 0x007f943036b000
 GID: 00:00:00:00:00:00:00:00:00:00:255:255:10:01:01:01
 local address: LID 0000 QPN 0x0bb3 PSN 0x4c6bb5 RKey 0x034400 VAddr 0x007f943037b000
 GID: 00:00:00:00:00:00:00:00:00:00:255:255:10:01:01:01
 local address: LID 0000 QPN 0x0bb4 PSN 0x15c595 RKey 0x034400 VAddr 0x007f943038b000
 GID: 00:00:00:00:00:00:00:00:00:00:255:255:10:01:01:01
 local address: LID 0000 QPN 0x0bb5 PSN 0x7f7ec8 RKey 0x034400 VAddr 0x007f943039b000
 GID: 00:00:00:00:00:00:00:00:00:00:255:255:10:01:01:01
 local address: LID 0000 QPN 0x0bb6 PSN 0x3bbf1b RKey 0x034400 VAddr 0x007f94303ab000
 GID: 00:00:00:00:00:00:00:00:00:00:255:255:10:01:01:01
 local address: LID 0000 QPN 0x0bb7 PSN 0x6167d0 RKey 0x034400 VAddr 0x007f94303bb000
 GID: 00:00:00:00:00:00:00:00:00:00:255:255:10:01:01:01
 local address: LID 0000 QPN 0x0bb8 PSN 0x708394 RKey 0x034400 VAddr 0x007f94303cb000
 GID: 00:00:00:00:00:00:00:00:00:00:255:255:10:01:01:01
 local address: LID 0000 QPN 0x0bb9 PSN 0x42a787 RKey 0x034400 VAddr 0x007f94303db000
 GID: 00:00:00:00:00:00:00:00:00:00:255:255:10:01:01:01
 local address: LID 0000 QPN 0x0bba PSN 0x46fa6c RKey 0x034400 VAddr 0x007f94303eb000
 GID: 00:00:00:00:00:00:00:00:00:00:255:255:10:01:01:01
 local address: LID 0000 QPN 0x0bbb PSN 0x2826a1 RKey 0x034400 VAddr 0x007f94303fb000
 GID: 00:00:00:00:00:00:00:00:00:00:255:255:10:01:01:01
 local address: LID 0000 QPN 0x0bbc PSN 0xe3d84 RKey 0x034400 VAddr 0x007f943040b000
 GID: 00:00:00:00:00:00:00:00:00:00:255:255:10:01:01:01
 local address: LID 0000 QPN 0x0bbd PSN 0xacfe47 RKey 0x034400 VAddr 0x007f943041b000
 GID: 00:00:00:00:00:00:00:00:00:00:255:255:10:01:01:01
 local address: LID 0000 QPN 0x0bbe PSN 0x8b7921 RKey 0x034400 VAddr 0x007f943042b000
 GID: 00:00:00:00:00:00:00:00:00:00:255:255:10:01:01:01
 local address: LID 0000 QPN 0x0bbf PSN 0x186c5c RKey 0x034400 VAddr 0x007f943043b000
 GID: 00:00:00:00:00:00:00:00:00:00:255:255:10:01:01:01
 local address: LID 0000 QPN 0x0bc0 PSN 0xa3f9c2 RKey 0x034400 VAddr 0x007f943044b000
 GID: 00:00:00:00:00:00:00:00:00:00:255:255:10:01:01:01
 local address: LID 0000 QPN 0x0bc1 PSN 0xffd07a RKey 0x034400 VAddr 0x007f943045b000
 GID: 00:00:00:00:00:00:00:00:00:00:255:255:10:01:01:01
 local address: LID 0000 QPN 0x0bc2 PSN 0x54cfa RKey 0x034400 VAddr 0x007f943046b000
 GID: 00:00:00:00:00:00:00:00:00:00:255:255:10:01:01:01
 local address: LID 0000 QPN 0x0bc3 PSN 0x9f3320 RKey 0x034400 VAddr 0x007f943047b000
 GID: 00:00:00:00:00:00:00:00:00:00:255:255:10:01:01:01
 local address: LID 0000 QPN 0x0bc4 PSN 0xf1327b RKey 0x034400 VAddr 0x007f943048b000
 GID: 00:00:00:00:00:00:00:00:00:00:255:255:10:01:01:01
 local address: LID 0000 QPN 0x0bc5 PSN 0xe69e3d RKey 0x034400 VAddr 0x007f943049b000
 GID: 00:00:00:00:00:00:00:00:00:00:255:255:10:01:01:01
 local address: LID 0000 QPN 0x0bc6 PSN 0x8bffae RKey 0x034400 VAddr 0x007f94304ab000
 GID: 00:00:00:00:00:00:00:00:00:00:255:255:10:01:01:01
 local address: LID 0000 QPN 0x0bc7 PSN 0xcedcdc RKey 0x034400 VAddr 0x007f94304bb000
 GID: 00:00:00:00:00:00:00:00:00:00:255:255:10:01:01:01
 local address: LID 0000 QPN 0x0bc8 PSN 0x555247 RKey 0x034400 VAddr 0x007f94304cb000
 GID: 00:00:00:00:00:00:00:00:00:00:255:255:10:01:01:01
 local address: LID 0000 QPN 0x0bc9 PSN 0x6eb74e RKey 0x034400 VAddr 0x007f94304db000
 GID: 00:00:00:00:00:00:00:00:00:00:255:255:10:01:01:01
 local address: LID 0000 QPN 0x0bca PSN 0xc10561 RKey 0x034400 VAddr 0x007f94304eb000
 GID: 00:00:00:00:00:00:00:00:00:00:255:255:10:01:01:01
 local address: LID 0000 QPN 0x0bcb PSN 0xd059de RKey 0x034400 VAddr 0x007f94304fb000
 GID: 00:00:00:00:00:00:00:00:00:00:255:255:10:01:01:01
 local address: LID 0000 QPN 0x0bcc PSN 0xd518ef RKey 0x034400 VAddr 0x007f943050b000
 GID: 00:00:00:00:00:00:00:00:00:00:255:255:10:01:01:01
 local address: LID 0000 QPN 0x0bcd PSN 0xb16dac RKey 0x034400 VAddr 0x007f943051b000
 GID: 00:00:00:00:00:00:00:00:00:00:255:255:10:01:01:01
 local address: LID 0000 QPN 0x0bce PSN 0xf5a433 RKey 0x034400 VAddr 0x007f943052b000
 GID: 00:00:00:00:00:00:00:00:00:00:255:255:10:01:01:01
 local address: LID 0000 QPN 0x0bcf PSN 0x6bedf9 RKey 0x034400 VAddr 0x007f943053b000
 GID: 00:00:00:00:00:00:00:00:00:00:255:255:10:01:01:01
 local address: LID 0000 QPN 0x0bd0 PSN 0x324a4f RKey 0x034400 VAddr 0x007f943054b000
 GID: 00:00:00:00:00:00:00:00:00:00:255:255:10:01:01:01
 local address: LID 0000 QPN 0x0bd1 PSN 0x6097ca RKey 0x034400 VAddr 0x007f943055b000
 GID: 00:00:00:00:00:00:00:00:00:00:255:255:10:01:01:01
 local address: LID 0000 QPN 0x0bd2 PSN 0x7682f2 RKey 0x034400 VAddr 0x007f943056b000
 GID: 00:00:00:00:00:00:00:00:00:00:255:255:10:01:01:01
 local address: LID 0000 QPN 0x0bd3 PSN 0x80de53 RKey 0x034400 VAddr 0x007f943057b000
 GID: 00:00:00:00:00:00:00:00:00:00:255:255:10:01:01:01
 local address: LID 0000 QPN 0x0bd4 PSN 0x3c2957 RKey 0x034400 VAddr 0x007f943058b000
 GID: 00:00:00:00:00:00:00:00:00:00:255:255:10:01:01:01
 local address: LID 0000 QPN 0x0bd5 PSN 0x66bc6f RKey 0x034400 VAddr 0x007f943059b000
 GID: 00:00:00:00:00:00:00:00:00:00:255:255:10:01:01:01
 local address: LID 0000 QPN 0x0bd6 PSN 0x1c30ef RKey 0x034400 VAddr 0x007f94305ab000
 GID: 00:00:00:00:00:00:00:00:00:00:255:255:10:01:01:01
 local address: LID 0000 QPN 0x0bd7 PSN 0x2df1c9 RKey 0x034400 VAddr 0x007f94305bb000
 GID: 00:00:00:00:00:00:00:00:00:00:255:255:10:01:01:01
 local address: LID 0000 QPN 0x0bd8 PSN 0x25612b RKey 0x034400 VAddr 0x007f94305cb000
 GID: 00:00:00:00:00:00:00:00:00:00:255:255:10:01:01:01
 local address: LID 0000 QPN 0x0bd9 PSN 0x47e22d RKey 0x034400 VAddr 0x007f94305db000
 GID: 00:00:00:00:00:00:00:00:00:00:255:255:10:01:01:01
 local address: LID 0000 QPN 0x0bda PSN 0x6318ee RKey 0x034400 VAddr 0x007f94305eb000
 GID: 00:00:00:00:00:00:00:00:00:00:255:255:10:01:01:01
 local address: LID 0000 QPN 0x0bdb PSN 0x614dff RKey 0x034400 VAddr 0x007f94305fb000
 GID: 00:00:00:00:00:00:00:00:00:00:255:255:10:01:01:01
 local address: LID 0000 QPN 0x0bdc PSN 0x941e6a RKey 0x034400 VAddr 0x007f943060b000
 GID: 00:00:00:00:00:00:00:00:00:00:255:255:10:01:01:01
 local address: LID 0000 QPN 0x0bdd PSN 0x859c7b RKey 0x034400 VAddr 0x007f943061b000
 GID: 00:00:00:00:00:00:00:00:00:00:255:255:10:01:01:01
 local address: LID 0000 QPN 0x0bde PSN 0xc27137 RKey 0x034400 VAddr 0x007f943062b000
 GID: 00:00:00:00:00:00:00:00:00:00:255:255:10:01:01:01
 local address: LID 0000 QPN 0x0bdf PSN 0x24db07 RKey 0x034400 VAddr 0x007f943063b000
 GID: 00:00:00:00:00:00:00:00:00:00:255:255:10:01:01:01
 local address: LID 0000 QPN 0x0be0 PSN 0x6b3a8c RKey 0x034400 VAddr 0x007f943064b000
 GID: 00:00:00:00:00:00:00:00:00:00:255:255:10:01:01:01
 local address: LID 0000 QPN 0x0be1 PSN 0x989071 RKey 0x034400 VAddr 0x007f943065b000
 GID: 00:00:00:00:00:00:00:00:00:00:255:255:10:01:01:01
 local address: LID 0000 QPN 0x0be2 PSN 0xa0dac9 RKey 0x034400 VAddr 0x007f943066b000
 GID: 00:00:00:00:00:00:00:00:00:00:255:255:10:01:01:01
 local address: LID 0000 QPN 0x0be3 PSN 0xe4f7ac RKey 0x034400 VAddr 0x007f943067b000
 GID: 00:00:00:00:00:00:00:00:00:00:255:255:10:01:01:01
 local address: LID 0000 QPN 0x0be4 PSN 0x177b65 RKey 0x034400 VAddr 0x007f943068b000
 GID: 00:00:00:00:00:00:00:00:00:00:255:255:10:01:01:01
 local address: LID 0000 QPN 0x0be5 PSN 0xbb4b20 RKey 0x034400 VAddr 0x007f943069b000
 GID: 00:00:00:00:00:00:00:00:00:00:255:255:10:01:01:01
 local address: LID 0000 QPN 0x0be6 PSN 0x3e81ae RKey 0x034400 VAddr 0x007f94306ab000
 GID: 00:00:00:00:00:00:00:00:00:00:255:255:10:01:01:01
 local address: LID 0000 QPN 0x0be7 PSN 0xc1e85d RKey 0x034400 VAddr 0x007f94306bb000
 GID: 00:00:00:00:00:00:00:00:00:00:255:255:10:01:01:01
 local address: LID 0000 QPN 0x0be8 PSN 0x9a08c6 RKey 0x034400 VAddr 0x007f94306cb000
 GID: 00:00:00:00:00:00:00:00:00:00:255:255:10:01:01:01
 local address: LID 0000 QPN 0x0be9 PSN 0x65e38c RKey 0x034400 VAddr 0x007f94306db000
 GID: 00:00:00:00:00:00:00:00:00:00:255:255:10:01:01:01
 local address: LID 0000 QPN 0x0bea PSN 0x57b06a RKey 0x034400 VAddr 0x007f94306eb000
 GID: 00:00:00:00:00:00:00:00:00:00:255:255:10:01:01:01
 local address: LID 0000 QPN 0x0beb PSN 0x590ab1 RKey 0x034400 VAddr 0x007f94306fb000
 GID: 00:00:00:00:00:00:00:00:00:00:255:255:10:01:01:01
 local address: LID 0000 QPN 0x0bec PSN 0xb95a43 RKey 0x034400 VAddr 0x007f943070b000
 GID: 00:00:00:00:00:00:00:00:00:00:255:255:10:01:01:01
 local address: LID 0000 QPN 0x0bed PSN 0x978248 RKey 0x034400 VAddr 0x007f943071b000
 GID: 00:00:00:00:00:00:00:00:00:00:255:255:10:01:01:01
 local address: LID 0000 QPN 0x0bee PSN 0x3fe88d RKey 0x034400 VAddr 0x007f943072b000
 GID: 00:00:00:00:00:00:00:00:00:00:255:255:10:01:01:01
 local address: LID 0000 QPN 0x0bef PSN 0xf9779b RKey 0x034400 VAddr 0x007f943073b000
 GID: 00:00:00:00:00:00:00:00:00:00:255:255:10:01:01:01
 local address: LID 0000 QPN 0x0bf0 PSN 0xd3ff0e RKey 0x034400 VAddr 0x007f943074b000
 GID: 00:00:00:00:00:00:00:00:00:00:255:255:10:01:01:01
 local address: LID 0000 QPN 0x0bf1 PSN 0x8288ac RKey 0x034400 VAddr 0x007f943075b000
 GID: 00:00:00:00:00:00:00:00:00:00:255:255:10:01:01:01
 local address: LID 0000 QPN 0x0bf2 PSN 0xe4b268 RKey 0x034400 VAddr 0x007f943076b000
 GID: 00:00:00:00:00:00:00:00:00:00:255:255:10:01:01:01
 local address: LID 0000 QPN 0x0bf3 PSN 0x885e2b RKey 0x034400 VAddr 0x007f943077b000
 GID: 00:00:00:00:00:00:00:00:00:00:255:255:10:01:01:01
 local address: LID 0000 QPN 0x0bf4 PSN 0xe4c202 RKey 0x034400 VAddr 0x007f943078b000
 GID: 00:00:00:00:00:00:00:00:00:00:255:255:10:01:01:01
 local address: LID 0000 QPN 0x0bf5 PSN 0x81b1b4 RKey 0x034400 VAddr 0x007f943079b000
 GID: 00:00:00:00:00:00:00:00:00:00:255:255:10:01:01:01
 local address: LID 0000 QPN 0x0bf6 PSN 0xa875dc RKey 0x034400 VAddr 0x007f94307ab000
 GID: 00:00:00:00:00:00:00:00:00:00:255:255:10:01:01:01
 local address: LID 0000 QPN 0x0bf7 PSN 0x1400fe RKey 0x034400 VAddr 0x007f94307bb000
 GID: 00:00:00:00:00:00:00:00:00:00:255:255:10:01:01:01
 local address: LID 0000 QPN 0x0bf8 PSN 0x7dcbbc RKey 0x034400 VAddr 0x007f94307cb000
 GID: 00:00:00:00:00:00:00:00:00:00:255:255:10:01:01:01
 local address: LID 0000 QPN 0x0bf9 PSN 0x82678 RKey 0x034400 VAddr 0x007f94307db000
 GID: 00:00:00:00:00:00:00:00:00:00:255:255:10:01:01:01
 local address: LID 0000 QPN 0x0bfa PSN 0x78ce4e RKey 0x034400 VAddr 0x007f94307eb000
 GID: 00:00:00:00:00:00:00:00:00:00:255:255:10:01:01:01
 local address: LID 0000 QPN 0x0bfb PSN 0xd8e044 RKey 0x034400 VAddr 0x007f94307fb000
 GID: 00:00:00:00:00:00:00:00:00:00:255:255:10:01:01:01
 local address: LID 0000 QPN 0x0bfc PSN 0xf884e4 RKey 0x034400 VAddr 0x007f943080b000
 GID: 00:00:00:00:00:00:00:00:00:00:255:255:10:01:01:01
 local address: LID 0000 QPN 0x0bfd PSN 0x242044 RKey 0x034400 VAddr 0x007f943081b000
 GID: 00:00:00:00:00:00:00:00:00:00:255:255:10:01:01:01
 local address: LID 0000 QPN 0x0bfe PSN 0x8ebb6 RKey 0x034400 VAddr 0x007f943082b000
 GID: 00:00:00:00:00:00:00:00:00:00:255:255:10:01:01:01
 local address: LID 0000 QPN 0x0bff PSN 0xeb3a6c RKey 0x034400 VAddr 0x007f943083b000
 GID: 00:00:00:00:00:00:00:00:00:00:255:255:10:01:01:01
 local address: LID 0000 QPN 0x0c00 PSN 0xf21a8a RKey 0x034400 VAddr 0x007f943084b000
 GID: 00:00:00:00:00:00:00:00:00:00:255:255:10:01:01:01
 local address: LID 0000 QPN 0x0c01 PSN 0xcb5253 RKey 0x034400 VAddr 0x007f943085b000
 GID: 00:00:00:00:00:00:00:00:00:00:255:255:10:01:01:01
 local address: LID 0000 QPN 0x0c02 PSN 0xcfb2d7 RKey 0x034400 VAddr 0x007f943086b000
 GID: 00:00:00:00:00:00:00:00:00:00:255:255:10:01:01:01
 local address: LID 0000 QPN 0x0c03 PSN 0x6fad6e RKey 0x034400 VAddr 0x007f943087b000
 GID: 00:00:00:00:00:00:00:00:00:00:255:255:10:01:01:01
 local address: LID 0000 QPN 0x0c04 PSN 0x88a6aa RKey 0x034400 VAddr 0x007f943088b000
 GID: 00:00:00:00:00:00:00:00:00:00:255:255:10:01:01:01
 local address: LID 0000 QPN 0x0c05 PSN 0x21f52d RKey 0x034400 VAddr 0x007f943089b000
 GID: 00:00:00:00:00:00:00:00:00:00:255:255:10:01:01:01
 local address: LID 0000 QPN 0x0c06 PSN 0x726e89 RKey 0x034400 VAddr 0x007f94308ab000
 GID: 00:00:00:00:00:00:00:00:00:00:255:255:10:01:01:01
 local address: LID 0000 QPN 0x0c07 PSN 0xf062b4 RKey 0x034400 VAddr 0x007f94308bb000
 GID: 00:00:00:00:00:00:00:00:00:00:255:255:10:01:01:01
 local address: LID 0000 QPN 0x0c08 PSN 0xcb1ed2 RKey 0x034400 VAddr 0x007f94308cb000
 GID: 00:00:00:00:00:00:00:00:00:00:255:255:10:01:01:01
 local address: LID 0000 QPN 0x0c09 PSN 0xe0ed9a RKey 0x034400 VAddr 0x007f94308db000
 GID: 00:00:00:00:00:00:00:00:00:00:255:255:10:01:01:01
 local address: LID 0000 QPN 0x0c0a PSN 0xc00432 RKey 0x034400 VAddr 0x007f94308eb000
 GID: 00:00:00:00:00:00:00:00:00:00:255:255:10:01:01:01
 local address: LID 0000 QPN 0x0c0b PSN 0x88cfa6 RKey 0x034400 VAddr 0x007f94308fb000
 GID: 00:00:00:00:00:00:00:00:00:00:255:255:10:01:01:01
 local address: LID 0000 QPN 0x0c0c PSN 0x8e4adb RKey 0x034400 VAddr 0x007f943090b000
 GID: 00:00:00:00:00:00:00:00:00:00:255:255:10:01:01:01
 local address: LID 0000 QPN 0x0c0d PSN 0x8d2941 RKey 0x034400 VAddr 0x007f943091b000
 GID: 00:00:00:00:00:00:00:00:00:00:255:255:10:01:01:01
 local address: LID 0000 QPN 0x0c0e PSN 0x6dbd53 RKey 0x034400 VAddr 0x007f943092b000
 GID: 00:00:00:00:00:00:00:00:00:00:255:255:10:01:01:01
 local address: LID 0000 QPN 0x0c0f PSN 0xf8b4d1 RKey 0x034400 VAddr 0x007f943093b000
 GID: 00:00:00:00:00:00:00:00:00:00:255:255:10:01:01:01
 local address: LID 0000 QPN 0x0c10 PSN 0x7b25d2 RKey 0x034400 VAddr 0x007f943094b000
 GID: 00:00:00:00:00:00:00:00:00:00:255:255:10:01:01:01
 local address: LID 0000 QPN 0x0c11 PSN 0xf9eae2 RKey 0x034400 VAddr 0x007f943095b000
 GID: 00:00:00:00:00:00:00:00:00:00:255:255:10:01:01:01
 local address: LID 0000 QPN 0x0c12 PSN 0x85d83e RKey 0x034400 VAddr 0x007f943096b000
 GID: 00:00:00:00:00:00:00:00:00:00:255:255:10:01:01:01
 local address: LID 0000 QPN 0x0c13 PSN 0xcfa5b3 RKey 0x034400 VAddr 0x007f943097b000
 GID: 00:00:00:00:00:00:00:00:00:00:255:255:10:01:01:01
 local address: LID 0000 QPN 0x0c14 PSN 0xcf2afb RKey 0x034400 VAddr 0x007f943098b000
 GID: 00:00:00:00:00:00:00:00:00:00:255:255:10:01:01:01
 local address: LID 0000 QPN 0x0c15 PSN 0x31602d RKey 0x034400 VAddr 0x007f943099b000
 GID: 00:00:00:00:00:00:00:00:00:00:255:255:10:01:01:01
 local address: LID 0000 QPN 0x0c16 PSN 0x931e6 RKey 0x034400 VAddr 0x007f94309ab000
 GID: 00:00:00:00:00:00:00:00:00:00:255:255:10:01:01:01
 local address: LID 0000 QPN 0x0c17 PSN 0x6d0325 RKey 0x034400 VAddr 0x007f94309bb000
 GID: 00:00:00:00:00:00:00:00:00:00:255:255:10:01:01:01
 local address: LID 0000 QPN 0x0c18 PSN 0xd30eb RKey 0x034400 VAddr 0x007f94309cb000
 GID: 00:00:00:00:00:00:00:00:00:00:255:255:10:01:01:01
 local address: LID 0000 QPN 0x0c19 PSN 0xfa7b3d RKey 0x034400 VAddr 0x007f94309db000
 GID: 00:00:00:00:00:00:00:00:00:00:255:255:10:01:01:01
 local address: LID 0000 QPN 0x0c1a PSN 0xc87acf RKey 0x034400 VAddr 0x007f94309eb000
 GID: 00:00:00:00:00:00:00:00:00:00:255:255:10:01:01:01
 local address: LID 0000 QPN 0x0c1b PSN 0x24f265 RKey 0x034400 VAddr 0x007f94309fb000
 GID: 00:00:00:00:00:00:00:00:00:00:255:255:10:01:01:01
 local address: LID 0000 QPN 0x0c1c PSN 0xe594d4 RKey 0x034400 VAddr 0x007f9430a0b000
 GID: 00:00:00:00:00:00:00:00:00:00:255:255:10:01:01:01
 local address: LID 0000 QPN 0x0c1d PSN 0x68a9b4 RKey 0x034400 VAddr 0x007f9430a1b000
 GID: 00:00:00:00:00:00:00:00:00:00:255:255:10:01:01:01
 local address: LID 0000 QPN 0x0c1e PSN 0xe8924 RKey 0x034400 VAddr 0x007f9430a2b000
 GID: 00:00:00:00:00:00:00:00:00:00:255:255:10:01:01:01
 local address: LID 0000 QPN 0x0c1f PSN 0x197abf RKey 0x034400 VAddr 0x007f9430a3b000
 GID: 00:00:00:00:00:00:00:00:00:00:255:255:10:01:01:01
 local address: LID 0000 QPN 0x0c20 PSN 0x697de RKey 0x034400 VAddr 0x007f9430a4b000
 GID: 00:00:00:00:00:00:00:00:00:00:255:255:10:01:01:01
 local address: LID 0000 QPN 0x0c21 PSN 0xd1a373 RKey 0x034400 VAddr 0x007f9430a5b000
 GID: 00:00:00:00:00:00:00:00:00:00:255:255:10:01:01:01
 local address: LID 0000 QPN 0x0c22 PSN 0x7c79e7 RKey 0x034400 VAddr 0x007f9430a6b000
 GID: 00:00:00:00:00:00:00:00:00:00:255:255:10:01:01:01
 local address: LID 0000 QPN 0x0c23 PSN 0xdf93d8 RKey 0x034400 VAddr 0x007f9430a7b000
 GID: 00:00:00:00:00:00:00:00:00:00:255:255:10:01:01:01
 local address: LID 0000 QPN 0x0c24 PSN 0x71f0b0 RKey 0x034400 VAddr 0x007f9430a8b000
 GID: 00:00:00:00:00:00:00:00:00:00:255:255:10:01:01:01
 local address: LID 0000 QPN 0x0c25 PSN 0xcf2af6 RKey 0x034400 VAddr 0x007f9430a9b000
 GID: 00:00:00:00:00:00:00:00:00:00:255:255:10:01:01:01
 local address: LID 0000 QPN 0x0c26 PSN 0x917342 RKey 0x034400 VAddr 0x007f9430aab000
 GID: 00:00:00:00:00:00:00:00:00:00:255:255:10:01:01:01
 local address: LID 0000 QPN 0x0c27 PSN 0x7a8e97 RKey 0x034400 VAddr 0x007f9430abb000
 GID: 00:00:00:00:00:00:00:00:00:00:255:255:10:01:01:01
 local address: LID 0000 QPN 0x0c28 PSN 0x82b30d RKey 0x034400 VAddr 0x007f9430acb000
 GID: 00:00:00:00:00:00:00:00:00:00:255:255:10:01:01:01
 local address: LID 0000 QPN 0x0c29 PSN 0x36394b RKey 0x034400 VAddr 0x007f9430adb000
 GID: 00:00:00:00:00:00:00:00:00:00:255:255:10:01:01:01
 local address: LID 0000 QPN 0x0c2a PSN 0xe2f9fd RKey 0x034400 VAddr 0x007f9430aeb000
 GID: 00:00:00:00:00:00:00:00:00:00:255:255:10:01:01:01
 local address: LID 0000 QPN 0x0c2b PSN 0x34e2b1 RKey 0x034400 VAddr 0x007f9430afb000
 GID: 00:00:00:00:00:00:00:00:00:00:255:255:10:01:01:01
 local address: LID 0000 QPN 0x0c2c PSN 0x1ecf9b RKey 0x034400 VAddr 0x007f9430b0b000
 GID: 00:00:00:00:00:00:00:00:00:00:255:255:10:01:01:01
 local address: LID 0000 QPN 0x0c2d PSN 0xcaafad RKey 0x034400 VAddr 0x007f9430b1b000
 GID: 00:00:00:00:00:00:00:00:00:00:255:255:10:01:01:01
 local address: LID 0000 QPN 0x0c2e PSN 0x27ec09 RKey 0x034400 VAddr 0x007f9430b2b000
 GID: 00:00:00:00:00:00:00:00:00:00:255:255:10:01:01:01
 local address: LID 0000 QPN 0x0c2f PSN 0x40acf RKey 0x034400 VAddr 0x007f9430b3b000
 GID: 00:00:00:00:00:00:00:00:00:00:255:255:10:01:01:01
 local address: LID 0000 QPN 0x0c30 PSN 0xc18dc0 RKey 0x034400 VAddr 0x007f9430b4b000
 GID: 00:00:00:00:00:00:00:00:00:00:255:255:10:01:01:01
 local address: LID 0000 QPN 0x0c31 PSN 0x8e48c1 RKey 0x034400 VAddr 0x007f9430b5b000
 GID: 00:00:00:00:00:00:00:00:00:00:255:255:10:01:01:01
 local address: LID 0000 QPN 0x0c32 PSN 0x75239 RKey 0x034400 VAddr 0x007f9430b6b000
 GID: 00:00:00:00:00:00:00:00:00:00:255:255:10:01:01:01
 local address: LID 0000 QPN 0x0c33 PSN 0x15b95d RKey 0x034400 VAddr 0x007f9430b7b000
 GID: 00:00:00:00:00:00:00:00:00:00:255:255:10:01:01:01
 local address: LID 0000 QPN 0x0c34 PSN 0x4081a5 RKey 0x034400 VAddr 0x007f9430b8b000
 GID: 00:00:00:00:00:00:00:00:00:00:255:255:10:01:01:01
 local address: LID 0000 QPN 0x0c35 PSN 0x7b236c RKey 0x034400 VAddr 0x007f9430b9b000
 GID: 00:00:00:00:00:00:00:00:00:00:255:255:10:01:01:01
 local address: LID 0000 QPN 0x0c36 PSN 0x3d5b10 RKey 0x034400 VAddr 0x007f9430bab000
 GID: 00:00:00:00:00:00:00:00:00:00:255:255:10:01:01:01
 local address: LID 0000 QPN 0x0c37 PSN 0x7f4ff1 RKey 0x034400 VAddr 0x007f9430bbb000
 GID: 00:00:00:00:00:00:00:00:00:00:255:255:10:01:01:01
 local address: LID 0000 QPN 0x0c38 PSN 0x82a05c RKey 0x034400 VAddr 0x007f9430bcb000
 GID: 00:00:00:00:00:00:00:00:00:00:255:255:10:01:01:01
 local address: LID 0000 QPN 0x0c39 PSN 0xe5e14f RKey 0x034400 VAddr 0x007f9430bdb000
 GID: 00:00:00:00:00:00:00:00:00:00:255:255:10:01:01:01
 local address: LID 0000 QPN 0x0c3a PSN 0x3bf0b5 RKey 0x034400 VAddr 0x007f9430beb000
 GID: 00:00:00:00:00:00:00:00:00:00:255:255:10:01:01:01
 local address: LID 0000 QPN 0x0c3b PSN 0x6d2356 RKey 0x034400 VAddr 0x007f9430bfb000
 GID: 00:00:00:00:00:00:00:00:00:00:255:255:10:01:01:01
 local address: LID 0000 QPN 0x0c3c PSN 0xf9341e RKey 0x034400 VAddr 0x007f9430c0b000
 GID: 00:00:00:00:00:00:00:00:00:00:255:255:10:01:01:01
 local address: LID 0000 QPN 0x0c3d PSN 0x48f2e0 RKey 0x034400 VAddr 0x007f9430c1b000
 GID: 00:00:00:00:00:00:00:00:00:00:255:255:10:01:01:01
 local address: LID 0000 QPN 0x0c3e PSN 0x117c03 RKey 0x034400 VAddr 0x007f9430c2b000
 GID: 00:00:00:00:00:00:00:00:00:00:255:255:10:01:01:01
 local address: LID 0000 QPN 0x0c3f PSN 0x3db635 RKey 0x034400 VAddr 0x007f9430c3b000
 GID: 00:00:00:00:00:00:00:00:00:00:255:255:10:01:01:01
 local address: LID 0000 QPN 0x0c40 PSN 0xa492ad RKey 0x034400 VAddr 0x007f9430c4b000
 GID: 00:00:00:00:00:00:00:00:00:00:255:255:10:01:01:01
 local address: LID 0000 QPN 0x0c41 PSN 0x7a4b26 RKey 0x034400 VAddr 0x007f9430c5b000
 GID: 00:00:00:00:00:00:00:00:00:00:255:255:10:01:01:01
 local address: LID 0000 QPN 0x0c42 PSN 0x3786bd RKey 0x034400 VAddr 0x007f9430c6b000
 GID: 00:00:00:00:00:00:00:00:00:00:255:255:10:01:01:01
 local address: LID 0000 QPN 0x0c43 PSN 0x4db45f RKey 0x034400 VAddr 0x007f9430c7b000
 GID: 00:00:00:00:00:00:00:00:00:00:255:255:10:01:01:01
 local address: LID 0000 QPN 0x0c44 PSN 0xea97d8 RKey 0x034400 VAddr 0x007f9430c8b000
 GID: 00:00:00:00:00:00:00:00:00:00:255:255:10:01:01:01
 local address: LID 0000 QPN 0x0c45 PSN 0xe65511 RKey 0x034400 VAddr 0x007f9430c9b000
 GID: 00:00:00:00:00:00:00:00:00:00:255:255:10:01:01:01
 local address: LID 0000 QPN 0x0c46 PSN 0x140edf RKey 0x034400 VAddr 0x007f9430cab000
 GID: 00:00:00:00:00:00:00:00:00:00:255:255:10:01:01:01
 local address: LID 0000 QPN 0x0c47 PSN 0x7c18b9 RKey 0x034400 VAddr 0x007f9430cbb000
 GID: 00:00:00:00:00:00:00:00:00:00:255:255:10:01:01:01
 local address: LID 0000 QPN 0x0c48 PSN 0xa3061d RKey 0x034400 VAddr 0x007f9430ccb000
 GID: 00:00:00:00:00:00:00:00:00:00:255:255:10:01:01:01
 local address: LID 0000 QPN 0x0c49 PSN 0xfea473 RKey 0x034400 VAddr 0x007f9430cdb000
 GID: 00:00:00:00:00:00:00:00:00:00:255:255:10:01:01:01
 local address: LID 0000 QPN 0x0c4a PSN 0x937d0f RKey 0x034400 VAddr 0x007f9430ceb000
 GID: 00:00:00:00:00:00:00:00:00:00:255:255:10:01:01:01
 local address: LID 0000 QPN 0x0c4b PSN 0x3a87c5 RKey 0x034400 VAddr 0x007f9430cfb000
 GID: 00:00:00:00:00:00:00:00:00:00:255:255:10:01:01:01
 local address: LID 0000 QPN 0x0c4c PSN 0x9e0f68 RKey 0x034400 VAddr 0x007f9430d0b000
 GID: 00:00:00:00:00:00:00:00:00:00:255:255:10:01:01:01
 local address: LID 0000 QPN 0x0c4d PSN 0x387c9f RKey 0x034400 VAddr 0x007f9430d1b000
 GID: 00:00:00:00:00:00:00:00:00:00:255:255:10:01:01:01
 local address: LID 0000 QPN 0x0c4e PSN 0x6e5032 RKey 0x034400 VAddr 0x007f9430d2b000
 GID: 00:00:00:00:00:00:00:00:00:00:255:255:10:01:01:01
 local address: LID 0000 QPN 0x0c4f PSN 0xf488c9 RKey 0x034400 VAddr 0x007f9430d3b000
 GID: 00:00:00:00:00:00:00:00:00:00:255:255:10:01:01:01
 local address: LID 0000 QPN 0x0c50 PSN 0xab67fa RKey 0x034400 VAddr 0x007f9430d4b000
 GID: 00:00:00:00:00:00:00:00:00:00:255:255:10:01:01:01
 local address: LID 0000 QPN 0x0c51 PSN 0x5ee69d RKey 0x034400 VAddr 0x007f9430d5b000
 GID: 00:00:00:00:00:00:00:00:00:00:255:255:10:01:01:01
 local address: LID 0000 QPN 0x0c52 PSN 0x8cb01b RKey 0x034400 VAddr 0x007f9430d6b000
 GID: 00:00:00:00:00:00:00:00:00:00:255:255:10:01:01:01
 local address: LID 0000 QPN 0x0c53 PSN 0x58e79e RKey 0x034400 VAddr 0x007f9430d7b000
 GID: 00:00:00:00:00:00:00:00:00:00:255:255:10:01:01:01
 local address: LID 0000 QPN 0x0c54 PSN 0xec6565 RKey 0x034400 VAddr 0x007f9430d8b000
 GID: 00:00:00:00:00:00:00:00:00:00:255:255:10:01:01:01
 local address: LID 0000 QPN 0x0c55 PSN 0x3db106 RKey 0x034400 VAddr 0x007f9430d9b000
 GID: 00:00:00:00:00:00:00:00:00:00:255:255:10:01:01:01
 local address: LID 0000 QPN 0x0c56 PSN 0xab395f RKey 0x034400 VAddr 0x007f9430dab000
 GID: 00:00:00:00:00:00:00:00:00:00:255:255:10:01:01:01
 remote address: LID 0000 QPN 0x0858 PSN 0xb42b8e RKey 0x034400 VAddr 0x007f6d1da59000
 GID: 00:00:00:00:00:00:00:00:00:00:255:255:10:01:01:02
 remote address: LID 0000 QPN 0x0859 PSN 0x878960 RKey 0x034400 VAddr 0x007f6d1da69000
 GID: 00:00:00:00:00:00:00:00:00:00:255:255:10:01:01:02
 remote address: LID 0000 QPN 0x085a PSN 0x133f2a RKey 0x034400 VAddr 0x007f6d1da79000
 GID: 00:00:00:00:00:00:00:00:00:00:255:255:10:01:01:02
 remote address: LID 0000 QPN 0x085b PSN 0xd04031 RKey 0x034400 VAddr 0x007f6d1da89000
 GID: 00:00:00:00:00:00:00:00:00:00:255:255:10:01:01:02
 remote address: LID 0000 QPN 0x085c PSN 0xf510f0 RKey 0x034400 VAddr 0x007f6d1da99000
 GID: 00:00:00:00:00:00:00:00:00:00:255:255:10:01:01:02
 remote address: LID 0000 QPN 0x085d PSN 0x682b92 RKey 0x034400 VAddr 0x007f6d1daa9000
 GID: 00:00:00:00:00:00:00:00:00:00:255:255:10:01:01:02
 remote address: LID 0000 QPN 0x085e PSN 0x17a89 RKey 0x034400 VAddr 0x007f6d1dab9000
 GID: 00:00:00:00:00:00:00:00:00:00:255:255:10:01:01:02
 remote address: LID 0000 QPN 0x085f PSN 0xc97e4e RKey 0x034400 VAddr 0x007f6d1dac9000
 GID: 00:00:00:00:00:00:00:00:00:00:255:255:10:01:01:02
 remote address: LID 0000 QPN 0x0860 PSN 0xfbb4da RKey 0x034400 VAddr 0x007f6d1dad9000
 GID: 00:00:00:00:00:00:00:00:00:00:255:255:10:01:01:02
 remote address: LID 0000 QPN 0x0861 PSN 0x665a54 RKey 0x034400 VAddr 0x007f6d1dae9000
 GID: 00:00:00:00:00:00:00:00:00:00:255:255:10:01:01:02
 remote address: LID 0000 QPN 0x0862 PSN 0x3d2368 RKey 0x034400 VAddr 0x007f6d1daf9000
 GID: 00:00:00:00:00:00:00:00:00:00:255:255:10:01:01:02
 remote address: LID 0000 QPN 0x0863 PSN 0xf243db RKey 0x034400 VAddr 0x007f6d1db09000
 GID: 00:00:00:00:00:00:00:00:00:00:255:255:10:01:01:02
 remote address: LID 0000 QPN 0x0864 PSN 0xa942b RKey 0x034400 VAddr 0x007f6d1db19000
 GID: 00:00:00:00:00:00:00:00:00:00:255:255:10:01:01:02
 remote address: LID 0000 QPN 0x0865 PSN 0x8fa1fc RKey 0x034400 VAddr 0x007f6d1db29000
 GID: 00:00:00:00:00:00:00:00:00:00:255:255:10:01:01:02
 remote address: LID 0000 QPN 0x0866 PSN 0x7fe50a RKey 0x034400 VAddr 0x007f6d1db39000
 GID: 00:00:00:00:00:00:00:00:00:00:255:255:10:01:01:02
 remote address: LID 0000 QPN 0x0867 PSN 0xbd5106 RKey 0x034400 VAddr 0x007f6d1db49000
 GID: 00:00:00:00:00:00:00:00:00:00:255:255:10:01:01:02
 remote address: LID 0000 QPN 0x0868 PSN 0x135ea3 RKey 0x034400 VAddr 0x007f6d1db59000
 GID: 00:00:00:00:00:00:00:00:00:00:255:255:10:01:01:02
 remote address: LID 0000 QPN 0x0869 PSN 0xed5521 RKey 0x034400 VAddr 0x007f6d1db69000
 GID: 00:00:00:00:00:00:00:00:00:00:255:255:10:01:01:02
 remote address: LID 0000 QPN 0x086a PSN 0xd823e8 RKey 0x034400 VAddr 0x007f6d1db79000
 GID: 00:00:00:00:00:00:00:00:00:00:255:255:10:01:01:02
 remote address: LID 0000 QPN 0x086b PSN 0x6c22b5 RKey 0x034400 VAddr 0x007f6d1db89000
 GID: 00:00:00:00:00:00:00:00:00:00:255:255:10:01:01:02
 remote address: LID 0000 QPN 0x086c PSN 0xdfbe72 RKey 0x034400 VAddr 0x007f6d1db99000
 GID: 00:00:00:00:00:00:00:00:00:00:255:255:10:01:01:02
 remote address: LID 0000 QPN 0x086d PSN 0x5f7e59 RKey 0x034400 VAddr 0x007f6d1dba9000
 GID: 00:00:00:00:00:00:00:00:00:00:255:255:10:01:01:02
 remote address: LID 0000 QPN 0x086e PSN 0xee3949 RKey 0x034400 VAddr 0x007f6d1dbb9000
 GID: 00:00:00:00:00:00:00:00:00:00:255:255:10:01:01:02
 remote address: LID 0000 QPN 0x086f PSN 0xdaf1d RKey 0x034400 VAddr 0x007f6d1dbc9000
 GID: 00:00:00:00:00:00:00:00:00:00:255:255:10:01:01:02
 remote address: LID 0000 QPN 0x0870 PSN 0x8ace5a RKey 0x034400 VAddr 0x007f6d1dbd9000
 GID: 00:00:00:00:00:00:00:00:00:00:255:255:10:01:01:02
 remote address: LID 0000 QPN 0x0871 PSN 0x35ec1d RKey 0x034400 VAddr 0x007f6d1dbe9000
 GID: 00:00:00:00:00:00:00:00:00:00:255:255:10:01:01:02
 remote address: LID 0000 QPN 0x0872 PSN 0x338e7a RKey 0x034400 VAddr 0x007f6d1dbf9000
 GID: 00:00:00:00:00:00:00:00:00:00:255:255:10:01:01:02
 remote address: LID 0000 QPN 0x0873 PSN 0x7b1974 RKey 0x034400 VAddr 0x007f6d1dc09000
 GID: 00:00:00:00:00:00:00:00:00:00:255:255:10:01:01:02
 remote address: LID 0000 QPN 0x0874 PSN 0xa38883 RKey 0x034400 VAddr 0x007f6d1dc19000
 GID: 00:00:00:00:00:00:00:00:00:00:255:255:10:01:01:02
 remote address: LID 0000 QPN 0x0875 PSN 0x9ad8c9 RKey 0x034400 VAddr 0x007f6d1dc29000
 GID: 00:00:00:00:00:00:00:00:00:00:255:255:10:01:01:02
 remote address: LID 0000 QPN 0x0876 PSN 0x15f1ab RKey 0x034400 VAddr 0x007f6d1dc39000
 GID: 00:00:00:00:00:00:00:00:00:00:255:255:10:01:01:02
 remote address: LID 0000 QPN 0x0877 PSN 0x66aebe RKey 0x034400 VAddr 0x007f6d1dc49000
 GID: 00:00:00:00:00:00:00:00:00:00:255:255:10:01:01:02
 remote address: LID 0000 QPN 0x0878 PSN 0x4b17db RKey 0x034400 VAddr 0x007f6d1dc59000
 GID: 00:00:00:00:00:00:00:00:00:00:255:255:10:01:01:02
 remote address: LID 0000 QPN 0x0879 PSN 0x58d0c0 RKey 0x034400 VAddr 0x007f6d1dc69000
 GID: 00:00:00:00:00:00:00:00:00:00:255:255:10:01:01:02
 remote address: LID 0000 QPN 0x087a PSN 0x5d1e66 RKey 0x034400 VAddr 0x007f6d1dc79000
 GID: 00:00:00:00:00:00:00:00:00:00:255:255:10:01:01:02
 remote address: LID 0000 QPN 0x087b PSN 0x449dc4 RKey 0x034400 VAddr 0x007f6d1dc89000
 GID: 00:00:00:00:00:00:00:00:00:00:255:255:10:01:01:02
 remote address: LID 0000 QPN 0x087c PSN 0xa69627 RKey 0x034400 VAddr 0x007f6d1dc99000
 GID: 00:00:00:00:00:00:00:00:00:00:255:255:10:01:01:02
 remote address: LID 0000 QPN 0x087d PSN 0x3d98ad RKey 0x034400 VAddr 0x007f6d1dca9000
 GID: 00:00:00:00:00:00:00:00:00:00:255:255:10:01:01:02
 remote address: LID 0000 QPN 0x087e PSN 0xfe13ac RKey 0x034400 VAddr 0x007f6d1dcb9000
 GID: 00:00:00:00:00:00:00:00:00:00:255:255:10:01:01:02
 remote address: LID 0000 QPN 0x087f PSN 0x99fc24 RKey 0x034400 VAddr 0x007f6d1dcc9000
 GID: 00:00:00:00:00:00:00:00:00:00:255:255:10:01:01:02
 remote address: LID 0000 QPN 0x0880 PSN 0xaa60ab RKey 0x034400 VAddr 0x007f6d1dcd9000
 GID: 00:00:00:00:00:00:00:00:00:00:255:255:10:01:01:02
 remote address: LID 0000 QPN 0x0881 PSN 0x75f5e4 RKey 0x034400 VAddr 0x007f6d1dce9000
 GID: 00:00:00:00:00:00:00:00:00:00:255:255:10:01:01:02
 remote address: LID 0000 QPN 0x0882 PSN 0x8f71ae RKey 0x034400 VAddr 0x007f6d1dcf9000
 GID: 00:00:00:00:00:00:00:00:00:00:255:255:10:01:01:02
 remote address: LID 0000 QPN 0x0883 PSN 0x35ca81 RKey 0x034400 VAddr 0x007f6d1dd09000
 GID: 00:00:00:00:00:00:00:00:00:00:255:255:10:01:01:02
 remote address: LID 0000 QPN 0x0884 PSN 0x3dcd72 RKey 0x034400 VAddr 0x007f6d1dd19000
 GID: 00:00:00:00:00:00:00:00:00:00:255:255:10:01:01:02
 remote address: LID 0000 QPN 0x0885 PSN 0xda5ae6 RKey 0x034400 VAddr 0x007f6d1dd29000
 GID: 00:00:00:00:00:00:00:00:00:00:255:255:10:01:01:02
 remote address: LID 0000 QPN 0x0886 PSN 0xc3b925 RKey 0x034400 VAddr 0x007f6d1dd39000
 GID: 00:00:00:00:00:00:00:00:00:00:255:255:10:01:01:02
 remote address: LID 0000 QPN 0x0887 PSN 0x20c9da RKey 0x034400 VAddr 0x007f6d1dd49000
 GID: 00:00:00:00:00:00:00:00:00:00:255:255:10:01:01:02
 remote address: LID 0000 QPN 0x0888 PSN 0x98ab3b RKey 0x034400 VAddr 0x007f6d1dd59000
 GID: 00:00:00:00:00:00:00:00:00:00:255:255:10:01:01:02
 remote address: LID 0000 QPN 0x0889 PSN 0x629a03 RKey 0x034400 VAddr 0x007f6d1dd69000
 GID: 00:00:00:00:00:00:00:00:00:00:255:255:10:01:01:02
 remote address: LID 0000 QPN 0x088a PSN 0x81e64e RKey 0x034400 VAddr 0x007f6d1dd79000
 GID: 00:00:00:00:00:00:00:00:00:00:255:255:10:01:01:02
 remote address: LID 0000 QPN 0x088b PSN 0xcc13f9 RKey 0x034400 VAddr 0x007f6d1dd89000
 GID: 00:00:00:00:00:00:00:00:00:00:255:255:10:01:01:02
 remote address: LID 0000 QPN 0x088c PSN 0x289600 RKey 0x034400 VAddr 0x007f6d1dd99000
 GID: 00:00:00:00:00:00:00:00:00:00:255:255:10:01:01:02
 remote address: LID 0000 QPN 0x088d PSN 0xf6e01a RKey 0x034400 VAddr 0x007f6d1dda9000
 GID: 00:00:00:00:00:00:00:00:00:00:255:255:10:01:01:02
 remote address: LID 0000 QPN 0x088e PSN 0x28186 RKey 0x034400 VAddr 0x007f6d1ddb9000
 GID: 00:00:00:00:00:00:00:00:00:00:255:255:10:01:01:02
 remote address: LID 0000 QPN 0x088f PSN 0x538902 RKey 0x034400 VAddr 0x007f6d1ddc9000
 GID: 00:00:00:00:00:00:00:00:00:00:255:255:10:01:01:02
 remote address: LID 0000 QPN 0x0890 PSN 0xe2ca24 RKey 0x034400 VAddr 0x007f6d1ddd9000
 GID: 00:00:00:00:00:00:00:00:00:00:255:255:10:01:01:02
 remote address: LID 0000 QPN 0x0891 PSN 0xb6597c RKey 0x034400 VAddr 0x007f6d1dde9000
 GID: 00:00:00:00:00:00:00:00:00:00:255:255:10:01:01:02
 remote address: LID 0000 QPN 0x0892 PSN 0x5edf7d RKey 0x034400 VAddr 0x007f6d1ddf9000
 GID: 00:00:00:00:00:00:00:00:00:00:255:255:10:01:01:02
 remote address: LID 0000 QPN 0x0893 PSN 0xa8442b RKey 0x034400 VAddr 0x007f6d1de09000
 GID: 00:00:00:00:00:00:00:00:00:00:255:255:10:01:01:02
 remote address: LID 0000 QPN 0x0894 PSN 0x47c038 RKey 0x034400 VAddr 0x007f6d1de19000
 GID: 00:00:00:00:00:00:00:00:00:00:255:255:10:01:01:02
 remote address: LID 0000 QPN 0x0895 PSN 0xb002ef RKey 0x034400 VAddr 0x007f6d1de29000
 GID: 00:00:00:00:00:00:00:00:00:00:255:255:10:01:01:02
 remote address: LID 0000 QPN 0x0896 PSN 0xe1eb1a RKey 0x034400 VAddr 0x007f6d1de39000
 GID: 00:00:00:00:00:00:00:00:00:00:255:255:10:01:01:02
 remote address: LID 0000 QPN 0x0897 PSN 0x48698a RKey 0x034400 VAddr 0x007f6d1de49000
 GID: 00:00:00:00:00:00:00:00:00:00:255:255:10:01:01:02
 remote address: LID 0000 QPN 0x0898 PSN 0x287b6a RKey 0x034400 VAddr 0x007f6d1de59000
 GID: 00:00:00:00:00:00:00:00:00:00:255:255:10:01:01:02
 remote address: LID 0000 QPN 0x0899 PSN 0x1048ce RKey 0x034400 VAddr 0x007f6d1de69000
 GID: 00:00:00:00:00:00:00:00:00:00:255:255:10:01:01:02
 remote address: LID 0000 QPN 0x089a PSN 0xc572eb RKey 0x034400 VAddr 0x007f6d1de79000
 GID: 00:00:00:00:00:00:00:00:00:00:255:255:10:01:01:02
 remote address: LID 0000 QPN 0x089b PSN 0xecbf09 RKey 0x034400 VAddr 0x007f6d1de89000
 GID: 00:00:00:00:00:00:00:00:00:00:255:255:10:01:01:02
 remote address: LID 0000 QPN 0x089c PSN 0x12148a RKey 0x034400 VAddr 0x007f6d1de99000
 GID: 00:00:00:00:00:00:00:00:00:00:255:255:10:01:01:02
 remote address: LID 0000 QPN 0x089d PSN 0xe364e RKey 0x034400 VAddr 0x007f6d1dea9000
 GID: 00:00:00:00:00:00:00:00:00:00:255:255:10:01:01:02
 remote address: LID 0000 QPN 0x089e PSN 0x7c9447 RKey 0x034400 VAddr 0x007f6d1deb9000
 GID: 00:00:00:00:00:00:00:00:00:00:255:255:10:01:01:02
 remote address: LID 0000 QPN 0x089f PSN 0x69a277 RKey 0x034400 VAddr 0x007f6d1dec9000
 GID: 00:00:00:00:00:00:00:00:00:00:255:255:10:01:01:02
 remote address: LID 0000 QPN 0x08a0 PSN 0xc2abba RKey 0x034400 VAddr 0x007f6d1ded9000
 GID: 00:00:00:00:00:00:00:00:00:00:255:255:10:01:01:02
 remote address: LID 0000 QPN 0x08a1 PSN 0x8d16db RKey 0x034400 VAddr 0x007f6d1dee9000
 GID: 00:00:00:00:00:00:00:00:00:00:255:255:10:01:01:02
 remote address: LID 0000 QPN 0x08a2 PSN 0xdb7e03 RKey 0x034400 VAddr 0x007f6d1def9000
 GID: 00:00:00:00:00:00:00:00:00:00:255:255:10:01:01:02
 remote address: LID 0000 QPN 0x08a3 PSN 0x80eb9 RKey 0x034400 VAddr 0x007f6d1df09000
 GID: 00:00:00:00:00:00:00:00:00:00:255:255:10:01:01:02
 remote address: LID 0000 QPN 0x08a4 PSN 0xd38ab2 RKey 0x034400 VAddr 0x007f6d1df19000
 GID: 00:00:00:00:00:00:00:00:00:00:255:255:10:01:01:02
 remote address: LID 0000 QPN 0x08a5 PSN 0x938ba1 RKey 0x034400 VAddr 0x007f6d1df29000
 GID: 00:00:00:00:00:00:00:00:00:00:255:255:10:01:01:02
 remote address: LID 0000 QPN 0x08a6 PSN 0xf664cd RKey 0x034400 VAddr 0x007f6d1df39000
 GID: 00:00:00:00:00:00:00:00:00:00:255:255:10:01:01:02
 remote address: LID 0000 QPN 0x08a7 PSN 0xf4821e RKey 0x034400 VAddr 0x007f6d1df49000
 GID: 00:00:00:00:00:00:00:00:00:00:255:255:10:01:01:02
 remote address: LID 0000 QPN 0x08a8 PSN 0x76e1ad RKey 0x034400 VAddr 0x007f6d1df59000
 GID: 00:00:00:00:00:00:00:00:00:00:255:255:10:01:01:02
 remote address: LID 0000 QPN 0x08a9 PSN 0x873726 RKey 0x034400 VAddr 0x007f6d1df69000
 GID: 00:00:00:00:00:00:00:00:00:00:255:255:10:01:01:02
 remote address: LID 0000 QPN 0x08aa PSN 0x152328 RKey 0x034400 VAddr 0x007f6d1df79000
 GID: 00:00:00:00:00:00:00:00:00:00:255:255:10:01:01:02
 remote address: LID 0000 QPN 0x08ab PSN 0x2cb7d0 RKey 0x034400 VAddr 0x007f6d1df89000
 GID: 00:00:00:00:00:00:00:00:00:00:255:255:10:01:01:02
 remote address: LID 0000 QPN 0x08ac PSN 0x6428f4 RKey 0x034400 VAddr 0x007f6d1df99000
 GID: 00:00:00:00:00:00:00:00:00:00:255:255:10:01:01:02
 remote address: LID 0000 QPN 0x08ad PSN 0xac4114 RKey 0x034400 VAddr 0x007f6d1dfa9000
 GID: 00:00:00:00:00:00:00:00:00:00:255:255:10:01:01:02
 remote address: LID 0000 QPN 0x08ae PSN 0x369f04 RKey 0x034400 VAddr 0x007f6d1dfb9000
 GID: 00:00:00:00:00:00:00:00:00:00:255:255:10:01:01:02
 remote address: LID 0000 QPN 0x08af PSN 0xb24665 RKey 0x034400 VAddr 0x007f6d1dfc9000
 GID: 00:00:00:00:00:00:00:00:00:00:255:255:10:01:01:02
 remote address: LID 0000 QPN 0x08b0 PSN 0x74d105 RKey 0x034400 VAddr 0x007f6d1dfd9000
 GID: 00:00:00:00:00:00:00:00:00:00:255:255:10:01:01:02
 remote address: LID 0000 QPN 0x08b1 PSN 0xda1415 RKey 0x034400 VAddr 0x007f6d1dfe9000
 GID: 00:00:00:00:00:00:00:00:00:00:255:255:10:01:01:02
 remote address: LID 0000 QPN 0x08b2 PSN 0xf6aef9 RKey 0x034400 VAddr 0x007f6d1dff9000
 GID: 00:00:00:00:00:00:00:00:00:00:255:255:10:01:01:02
 remote address: LID 0000 QPN 0x08b3 PSN 0xd75595 RKey 0x034400 VAddr 0x007f6d1e009000
 GID: 00:00:00:00:00:00:00:00:00:00:255:255:10:01:01:02
 remote address: LID 0000 QPN 0x08b4 PSN 0xa38b60 RKey 0x034400 VAddr 0x007f6d1e019000
 GID: 00:00:00:00:00:00:00:00:00:00:255:255:10:01:01:02
 remote address: LID 0000 QPN 0x08b5 PSN 0xcad7d7 RKey 0x034400 VAddr 0x007f6d1e029000
 GID: 00:00:00:00:00:00:00:00:00:00:255:255:10:01:01:02
 remote address: LID 0000 QPN 0x08b6 PSN 0xdad920 RKey 0x034400 VAddr 0x007f6d1e039000
 GID: 00:00:00:00:00:00:00:00:00:00:255:255:10:01:01:02
 remote address: LID 0000 QPN 0x08b7 PSN 0x5bbd07 RKey 0x034400 VAddr 0x007f6d1e049000
 GID: 00:00:00:00:00:00:00:00:00:00:255:255:10:01:01:02
 remote address: LID 0000 QPN 0x08b8 PSN 0xbb15ed RKey 0x034400 VAddr 0x007f6d1e059000
 GID: 00:00:00:00:00:00:00:00:00:00:255:255:10:01:01:02
 remote address: LID 0000 QPN 0x08b9 PSN 0x1492f RKey 0x034400 VAddr 0x007f6d1e069000
 GID: 00:00:00:00:00:00:00:00:00:00:255:255:10:01:01:02
 remote address: LID 0000 QPN 0x08ba PSN 0xb5e58e RKey 0x034400 VAddr 0x007f6d1e079000
 GID: 00:00:00:00:00:00:00:00:00:00:255:255:10:01:01:02
 remote address: LID 0000 QPN 0x08bb PSN 0xe3fe44 RKey 0x034400 VAddr 0x007f6d1e089000
 GID: 00:00:00:00:00:00:00:00:00:00:255:255:10:01:01:02
 remote address: LID 0000 QPN 0x08bc PSN 0xa6130d RKey 0x034400 VAddr 0x007f6d1e099000
 GID: 00:00:00:00:00:00:00:00:00:00:255:255:10:01:01:02
 remote address: LID 0000 QPN 0x08bd PSN 0x18b259 RKey 0x034400 VAddr 0x007f6d1e0a9000
 GID: 00:00:00:00:00:00:00:00:00:00:255:255:10:01:01:02
 remote address: LID 0000 QPN 0x08be PSN 0x97de6e RKey 0x034400 VAddr 0x007f6d1e0b9000
 GID: 00:00:00:00:00:00:00:00:00:00:255:255:10:01:01:02
 remote address: LID 0000 QPN 0x08bf PSN 0x38abcd RKey 0x034400 VAddr 0x007f6d1e0c9000
 GID: 00:00:00:00:00:00:00:00:00:00:255:255:10:01:01:02
 remote address: LID 0000 QPN 0x08c0 PSN 0xa0183b RKey 0x034400 VAddr 0x007f6d1e0d9000
 GID: 00:00:00:00:00:00:00:00:00:00:255:255:10:01:01:02
 remote address: LID 0000 QPN 0x08c1 PSN 0x8ce55d RKey 0x034400 VAddr 0x007f6d1e0e9000
 GID: 00:00:00:00:00:00:00:00:00:00:255:255:10:01:01:02
 remote address: LID 0000 QPN 0x08c2 PSN 0x3fb7ba RKey 0x034400 VAddr 0x007f6d1e0f9000
 GID: 00:00:00:00:00:00:00:00:00:00:255:255:10:01:01:02
 remote address: LID 0000 QPN 0x08c3 PSN 0xd3ef47 RKey 0x034400 VAddr 0x007f6d1e109000
 GID: 00:00:00:00:00:00:00:00:00:00:255:255:10:01:01:02
 remote address: LID 0000 QPN 0x08c4 PSN 0x20bd5f RKey 0x034400 VAddr 0x007f6d1e119000
 GID: 00:00:00:00:00:00:00:00:00:00:255:255:10:01:01:02
 remote address: LID 0000 QPN 0x08c5 PSN 0xc43a8e RKey 0x034400 VAddr 0x007f6d1e129000
 GID: 00:00:00:00:00:00:00:00:00:00:255:255:10:01:01:02
 remote address: LID 0000 QPN 0x08c6 PSN 0xdd7896 RKey 0x034400 VAddr 0x007f6d1e139000
 GID: 00:00:00:00:00:00:00:00:00:00:255:255:10:01:01:02
 remote address: LID 0000 QPN 0x08c7 PSN 0xac00d4 RKey 0x034400 VAddr 0x007f6d1e149000
 GID: 00:00:00:00:00:00:00:00:00:00:255:255:10:01:01:02
 remote address: LID 0000 QPN 0x08c8 PSN 0xdc16af RKey 0x034400 VAddr 0x007f6d1e159000
 GID: 00:00:00:00:00:00:00:00:00:00:255:255:10:01:01:02
 remote address: LID 0000 QPN 0x08c9 PSN 0x83b52d RKey 0x034400 VAddr 0x007f6d1e169000
 GID: 00:00:00:00:00:00:00:00:00:00:255:255:10:01:01:02
 remote address: LID 0000 QPN 0x08ca PSN 0xc76049 RKey 0x034400 VAddr 0x007f6d1e179000
 GID: 00:00:00:00:00:00:00:00:00:00:255:255:10:01:01:02
 remote address: LID 0000 QPN 0x08cb PSN 0x4817e RKey 0x034400 VAddr 0x007f6d1e189000
 GID: 00:00:00:00:00:00:00:00:00:00:255:255:10:01:01:02
 remote address: LID 0000 QPN 0x08cc PSN 0x40a342 RKey 0x034400 VAddr 0x007f6d1e199000
 GID: 00:00:00:00:00:00:00:00:00:00:255:255:10:01:01:02
 remote address: LID 0000 QPN 0x08cd PSN 0x15902a RKey 0x034400 VAddr 0x007f6d1e1a9000
 GID: 00:00:00:00:00:00:00:00:00:00:255:255:10:01:01:02
 remote address: LID 0000 QPN 0x08ce PSN 0x3220d8 RKey 0x034400 VAddr 0x007f6d1e1b9000
 GID: 00:00:00:00:00:00:00:00:00:00:255:255:10:01:01:02
 remote address: LID 0000 QPN 0x08cf PSN 0x7dcacd RKey 0x034400 VAddr 0x007f6d1e1c9000
 GID: 00:00:00:00:00:00:00:00:00:00:255:255:10:01:01:02
 remote address: LID 0000 QPN 0x08d0 PSN 0x115a33 RKey 0x034400 VAddr 0x007f6d1e1d9000
 GID: 00:00:00:00:00:00:00:00:00:00:255:255:10:01:01:02
 remote address: LID 0000 QPN 0x08d1 PSN 0x6c950a RKey 0x034400 VAddr 0x007f6d1e1e9000
 GID: 00:00:00:00:00:00:00:00:00:00:255:255:10:01:01:02
 remote address: LID 0000 QPN 0x08d2 PSN 0xa3e941 RKey 0x034400 VAddr 0x007f6d1e1f9000
 GID: 00:00:00:00:00:00:00:00:00:00:255:255:10:01:01:02
 remote address: LID 0000 QPN 0x08d3 PSN 0xb86578 RKey 0x034400 VAddr 0x007f6d1e209000
 GID: 00:00:00:00:00:00:00:00:00:00:255:255:10:01:01:02
 remote address: LID 0000 QPN 0x08d4 PSN 0xbb206e RKey 0x034400 VAddr 0x007f6d1e219000
 GID: 00:00:00:00:00:00:00:00:00:00:255:255:10:01:01:02
 remote address: LID 0000 QPN 0x08d5 PSN 0x92bee4 RKey 0x034400 VAddr 0x007f6d1e229000
 GID: 00:00:00:00:00:00:00:00:00:00:255:255:10:01:01:02
 remote address: LID 0000 QPN 0x08d6 PSN 0x5b9951 RKey 0x034400 VAddr 0x007f6d1e239000
 GID: 00:00:00:00:00:00:00:00:00:00:255:255:10:01:01:02
 remote address: LID 0000 QPN 0x08d7 PSN 0xd3f938 RKey 0x034400 VAddr 0x007f6d1e249000
 GID: 00:00:00:00:00:00:00:00:00:00:255:255:10:01:01:02
 remote address: LID 0000 QPN 0x08d8 PSN 0x6f911a RKey 0x034400 VAddr 0x007f6d1e259000
 GID: 00:00:00:00:00:00:00:00:00:00:255:255:10:01:01:02
 remote address: LID 0000 QPN 0x08d9 PSN 0xd7cb85 RKey 0x034400 VAddr 0x007f6d1e269000
 GID: 00:00:00:00:00:00:00:00:00:00:255:255:10:01:01:02
 remote address: LID 0000 QPN 0x08da PSN 0xe11922 RKey 0x034400 VAddr 0x007f6d1e279000
 GID: 00:00:00:00:00:00:00:00:00:00:255:255:10:01:01:02
 remote address: LID 0000 QPN 0x08db PSN 0xf427b7 RKey 0x034400 VAddr 0x007f6d1e289000
 GID: 00:00:00:00:00:00:00:00:00:00:255:255:10:01:01:02
 remote address: LID 0000 QPN 0x08dc PSN 0x83a2a3 RKey 0x034400 VAddr 0x007f6d1e299000
 GID: 00:00:00:00:00:00:00:00:00:00:255:255:10:01:01:02
 remote address: LID 0000 QPN 0x08dd PSN 0x9c7cb3 RKey 0x034400 VAddr 0x007f6d1e2a9000
 GID: 00:00:00:00:00:00:00:00:00:00:255:255:10:01:01:02
 remote address: LID 0000 QPN 0x08de PSN 0x96e35 RKey 0x034400 VAddr 0x007f6d1e2b9000
 GID: 00:00:00:00:00:00:00:00:00:00:255:255:10:01:01:02
 remote address: LID 0000 QPN 0x08df PSN 0xeae4a8 RKey 0x034400 VAddr 0x007f6d1e2c9000
 GID: 00:00:00:00:00:00:00:00:00:00:255:255:10:01:01:02
 remote address: LID 0000 QPN 0x08e0 PSN 0xaf5262 RKey 0x034400 VAddr 0x007f6d1e2d9000
 GID: 00:00:00:00:00:00:00:00:00:00:255:255:10:01:01:02
 remote address: LID 0000 QPN 0x08e1 PSN 0x616b8f RKey 0x034400 VAddr 0x007f6d1e2e9000
 GID: 00:00:00:00:00:00:00:00:00:00:255:255:10:01:01:02
 remote address: LID 0000 QPN 0x08e2 PSN 0x88c828 RKey 0x034400 VAddr 0x007f6d1e2f9000
 GID: 00:00:00:00:00:00:00:00:00:00:255:255:10:01:01:02
 remote address: LID 0000 QPN 0x08e3 PSN 0x4efcf0 RKey 0x034400 VAddr 0x007f6d1e309000
 GID: 00:00:00:00:00:00:00:00:00:00:255:255:10:01:01:02
 remote address: LID 0000 QPN 0x08e4 PSN 0x3420ec RKey 0x034400 VAddr 0x007f6d1e319000
 GID: 00:00:00:00:00:00:00:00:00:00:255:255:10:01:01:02
 remote address: LID 0000 QPN 0x08e5 PSN 0xc7013 RKey 0x034400 VAddr 0x007f6d1e329000
 GID: 00:00:00:00:00:00:00:00:00:00:255:255:10:01:01:02
 remote address: LID 0000 QPN 0x08e6 PSN 0x565f14 RKey 0x034400 VAddr 0x007f6d1e339000
 GID: 00:00:00:00:00:00:00:00:00:00:255:255:10:01:01:02
 remote address: LID 0000 QPN 0x08e7 PSN 0xbe9f01 RKey 0x034400 VAddr 0x007f6d1e349000
 GID: 00:00:00:00:00:00:00:00:00:00:255:255:10:01:01:02
 remote address: LID 0000 QPN 0x08e8 PSN 0x42c8f4 RKey 0x034400 VAddr 0x007f6d1e359000
 GID: 00:00:00:00:00:00:00:00:00:00:255:255:10:01:01:02
 remote address: LID 0000 QPN 0x08e9 PSN 0x45bebb RKey 0x034400 VAddr 0x007f6d1e369000
 GID: 00:00:00:00:00:00:00:00:00:00:255:255:10:01:01:02
 remote address: LID 0000 QPN 0x08ea PSN 0x499d85 RKey 0x034400 VAddr 0x007f6d1e379000
 GID: 00:00:00:00:00:00:00:00:00:00:255:255:10:01:01:02
 remote address: LID 0000 QPN 0x08eb PSN 0xf8d648 RKey 0x034400 VAddr 0x007f6d1e389000
 GID: 00:00:00:00:00:00:00:00:00:00:255:255:10:01:01:02
 remote address: LID 0000 QPN 0x08ec PSN 0xd53ade RKey 0x034400 VAddr 0x007f6d1e399000
 GID: 00:00:00:00:00:00:00:00:00:00:255:255:10:01:01:02
 remote address: LID 0000 QPN 0x08ed PSN 0x7dfe41 RKey 0x034400 VAddr 0x007f6d1e3a9000
 GID: 00:00:00:00:00:00:00:00:00:00:255:255:10:01:01:02
 remote address: LID 0000 QPN 0x08ee PSN 0x15b017 RKey 0x034400 VAddr 0x007f6d1e3b9000
 GID: 00:00:00:00:00:00:00:00:00:00:255:255:10:01:01:02
 remote address: LID 0000 QPN 0x08ef PSN 0xf60bbc RKey 0x034400 VAddr 0x007f6d1e3c9000
 GID: 00:00:00:00:00:00:00:00:00:00:255:255:10:01:01:02
 remote address: LID 0000 QPN 0x08f0 PSN 0x3886e1 RKey 0x034400 VAddr 0x007f6d1e3d9000
 GID: 00:00:00:00:00:00:00:00:00:00:255:255:10:01:01:02
 remote address: LID 0000 QPN 0x08f1 PSN 0xc0b780 RKey 0x034400 VAddr 0x007f6d1e3e9000
 GID: 00:00:00:00:00:00:00:00:00:00:255:255:10:01:01:02
 remote address: LID 0000 QPN 0x08f2 PSN 0xc034a9 RKey 0x034400 VAddr 0x007f6d1e3f9000
 GID: 00:00:00:00:00:00:00:00:00:00:255:255:10:01:01:02
 remote address: LID 0000 QPN 0x08f3 PSN 0x56bd97 RKey 0x034400 VAddr 0x007f6d1e409000
 GID: 00:00:00:00:00:00:00:00:00:00:255:255:10:01:01:02
 remote address: LID 0000 QPN 0x08f4 PSN 0x52ffd7 RKey 0x034400 VAddr 0x007f6d1e419000
 GID: 00:00:00:00:00:00:00:00:00:00:255:255:10:01:01:02
 remote address: LID 0000 QPN 0x08f5 PSN 0xaa17a RKey 0x034400 VAddr 0x007f6d1e429000
 GID: 00:00:00:00:00:00:00:00:00:00:255:255:10:01:01:02
 remote address: LID 0000 QPN 0x08f6 PSN 0x816341 RKey 0x034400 VAddr 0x007f6d1e439000
 GID: 00:00:00:00:00:00:00:00:00:00:255:255:10:01:01:02
 remote address: LID 0000 QPN 0x08f7 PSN 0x80c022 RKey 0x034400 VAddr 0x007f6d1e449000
 GID: 00:00:00:00:00:00:00:00:00:00:255:255:10:01:01:02
 remote address: LID 0000 QPN 0x08f8 PSN 0xed80a4 RKey 0x034400 VAddr 0x007f6d1e459000
 GID: 00:00:00:00:00:00:00:00:00:00:255:255:10:01:01:02
 remote address: LID 0000 QPN 0x08f9 PSN 0x916b75 RKey 0x034400 VAddr 0x007f6d1e469000
 GID: 00:00:00:00:00:00:00:00:00:00:255:255:10:01:01:02
 remote address: LID 0000 QPN 0x08fa PSN 0x47aa7c RKey 0x034400 VAddr 0x007f6d1e479000
 GID: 00:00:00:00:00:00:00:00:00:00:255:255:10:01:01:02
 remote address: LID 0000 QPN 0x08fb PSN 0xb679a8 RKey 0x034400 VAddr 0x007f6d1e489000
 GID: 00:00:00:00:00:00:00:00:00:00:255:255:10:01:01:02
 remote address: LID 0000 QPN 0x08fc PSN 0x8b5e41 RKey 0x034400 VAddr 0x007f6d1e499000
 GID: 00:00:00:00:00:00:00:00:00:00:255:255:10:01:01:02
 remote address: LID 0000 QPN 0x08fd PSN 0x62c740 RKey 0x034400 VAddr 0x007f6d1e4a9000
 GID: 00:00:00:00:00:00:00:00:00:00:255:255:10:01:01:02
 remote address: LID 0000 QPN 0x08fe PSN 0x7e59b0 RKey 0x034400 VAddr 0x007f6d1e4b9000
 GID: 00:00:00:00:00:00:00:00:00:00:255:255:10:01:01:02
 remote address: LID 0000 QPN 0x08ff PSN 0x78ab8c RKey 0x034400 VAddr 0x007f6d1e4c9000
 GID: 00:00:00:00:00:00:00:00:00:00:255:255:10:01:01:02
 remote address: LID 0000 QPN 0x0900 PSN 0x4b3064 RKey 0x034400 VAddr 0x007f6d1e4d9000
 GID: 00:00:00:00:00:00:00:00:00:00:255:255:10:01:01:02
 remote address: LID 0000 QPN 0x0901 PSN 0x1a9593 RKey 0x034400 VAddr 0x007f6d1e4e9000
 GID: 00:00:00:00:00:00:00:00:00:00:255:255:10:01:01:02
 remote address: LID 0000 QPN 0x0902 PSN 0xd692a0 RKey 0x034400 VAddr 0x007f6d1e4f9000
 GID: 00:00:00:00:00:00:00:00:00:00:255:255:10:01:01:02
 remote address: LID 0000 QPN 0x0903 PSN 0xba7a77 RKey 0x034400 VAddr 0x007f6d1e509000
 GID: 00:00:00:00:00:00:00:00:00:00:255:255:10:01:01:02
 remote address: LID 0000 QPN 0x0904 PSN 0x833ace RKey 0x034400 VAddr 0x007f6d1e519000
 GID: 00:00:00:00:00:00:00:00:00:00:255:255:10:01:01:02
 remote address: LID 0000 QPN 0x0905 PSN 0x4c3694 RKey 0x034400 VAddr 0x007f6d1e529000
 GID: 00:00:00:00:00:00:00:00:00:00:255:255:10:01:01:02
 remote address: LID 0000 QPN 0x0906 PSN 0x4b5cda RKey 0x034400 VAddr 0x007f6d1e539000
 GID: 00:00:00:00:00:00:00:00:00:00:255:255:10:01:01:02
 remote address: LID 0000 QPN 0x0907 PSN 0xf887a9 RKey 0x034400 VAddr 0x007f6d1e549000
 GID: 00:00:00:00:00:00:00:00:00:00:255:255:10:01:01:02
 remote address: LID 0000 QPN 0x0908 PSN 0xeee130 RKey 0x034400 VAddr 0x007f6d1e559000
 GID: 00:00:00:00:00:00:00:00:00:00:255:255:10:01:01:02
 remote address: LID 0000 QPN 0x0909 PSN 0xb92076 RKey 0x034400 VAddr 0x007f6d1e569000
 GID: 00:00:00:00:00:00:00:00:00:00:255:255:10:01:01:02
 remote address: LID 0000 QPN 0x090a PSN 0xd54b1 RKey 0x034400 VAddr 0x007f6d1e579000
 GID: 00:00:00:00:00:00:00:00:00:00:255:255:10:01:01:02
 remote address: LID 0000 QPN 0x090b PSN 0x3f0d71 RKey 0x034400 VAddr 0x007f6d1e589000
 GID: 00:00:00:00:00:00:00:00:00:00:255:255:10:01:01:02
 remote address: LID 0000 QPN 0x090c PSN 0xef2fbb RKey 0x034400 VAddr 0x007f6d1e599000
 GID: 00:00:00:00:00:00:00:00:00:00:255:255:10:01:01:02
 remote address: LID 0000 QPN 0x090d PSN 0xaefe3c RKey 0x034400 VAddr 0x007f6d1e5a9000
 GID: 00:00:00:00:00:00:00:00:00:00:255:255:10:01:01:02
 remote address: LID 0000 QPN 0x090e PSN 0x100fd3 RKey 0x034400 VAddr 0x007f6d1e5b9000
 GID: 00:00:00:00:00:00:00:00:00:00:255:255:10:01:01:02
 remote address: LID 0000 QPN 0x090f PSN 0xb810b8 RKey 0x034400 VAddr 0x007f6d1e5c9000
 GID: 00:00:00:00:00:00:00:00:00:00:255:255:10:01:01:02
 remote address: LID 0000 QPN 0x0910 PSN 0x372243 RKey 0x034400 VAddr 0x007f6d1e5d9000
 GID: 00:00:00:00:00:00:00:00:00:00:255:255:10:01:01:02
 remote address: LID 0000 QPN 0x0911 PSN 0x9b89c RKey 0x034400 VAddr 0x007f6d1e5e9000
 GID: 00:00:00:00:00:00:00:00:00:00:255:255:10:01:01:02
 remote address: LID 0000 QPN 0x0912 PSN 0x3af186 RKey 0x034400 VAddr 0x007f6d1e5f9000
 GID: 00:00:00:00:00:00:00:00:00:00:255:255:10:01:01:02
 remote address: LID 0000 QPN 0x0913 PSN 0x99d9b7 RKey 0x034400 VAddr 0x007f6d1e609000
 GID: 00:00:00:00:00:00:00:00:00:00:255:255:10:01:01:02
 remote address: LID 0000 QPN 0x0914 PSN 0xdcf40e RKey 0x034400 VAddr 0x007f6d1e619000
 GID: 00:00:00:00:00:00:00:00:00:00:255:255:10:01:01:02
 remote address: LID 0000 QPN 0x0915 PSN 0x79eafe RKey 0x034400 VAddr 0x007f6d1e629000
 GID: 00:00:00:00:00:00:00:00:00:00:255:255:10:01:01:02
 remote address: LID 0000 QPN 0x0916 PSN 0x60c883 RKey 0x034400 VAddr 0x007f6d1e639000
 GID: 00:00:00:00:00:00:00:00:00:00:255:255:10:01:01:02
 remote address: LID 0000 QPN 0x0917 PSN 0x5f05c9 RKey 0x034400 VAddr 0x007f6d1e649000
 GID: 00:00:00:00:00:00:00:00:00:00:255:255:10:01:01:02
 remote address: LID 0000 QPN 0x0918 PSN 0xd4623f RKey 0x034400 VAddr 0x007f6d1e659000
 GID: 00:00:00:00:00:00:00:00:00:00:255:255:10:01:01:02
 remote address: LID 0000 QPN 0x0919 PSN 0xf666a3 RKey 0x034400 VAddr 0x007f6d1e669000
 GID: 00:00:00:00:00:00:00:00:00:00:255:255:10:01:01:02
 remote address: LID 0000 QPN 0x091a PSN 0xbd306f RKey 0x034400 VAddr 0x007f6d1e679000
 GID: 00:00:00:00:00:00:00:00:00:00:255:255:10:01:01:02
 remote address: LID 0000 QPN 0x091b PSN 0x34a45a RKey 0x034400 VAddr 0x007f6d1e689000
 GID: 00:00:00:00:00:00:00:00:00:00:255:255:10:01:01:02
 remote address: LID 0000 QPN 0x091c PSN 0xea6ada RKey 0x034400 VAddr 0x007f6d1e699000
 GID: 00:00:00:00:00:00:00:00:00:00:255:255:10:01:01:02
 remote address: LID 0000 QPN 0x091d PSN 0xc785e3 RKey 0x034400 VAddr 0x007f6d1e6a9000
 GID: 00:00:00:00:00:00:00:00:00:00:255:255:10:01:01:02
 remote address: LID 0000 QPN 0x091e PSN 0x6c50f2 RKey 0x034400 VAddr 0x007f6d1e6b9000
 GID: 00:00:00:00:00:00:00:00:00:00:255:255:10:01:01:02
 remote address: LID 0000 QPN 0x091f PSN 0x9ff0ff RKey 0x034400 VAddr 0x007f6d1e6c9000
 GID: 00:00:00:00:00:00:00:00:00:00:255:255:10:01:01:02
 remote address: LID 0000 QPN 0x0920 PSN 0x19b273 RKey 0x034400 VAddr 0x007f6d1e6d9000
 GID: 00:00:00:00:00:00:00:00:00:00:255:255:10:01:01:02
 remote address: LID 0000 QPN 0x0921 PSN 0x85318f RKey 0x034400 VAddr 0x007f6d1e6e9000
 GID: 00:00:00:00:00:00:00:00:00:00:255:255:10:01:01:02
 remote address: LID 0000 QPN 0x0922 PSN 0xc13476 RKey 0x034400 VAddr 0x007f6d1e6f9000
 GID: 00:00:00:00:00:00:00:00:00:00:255:255:10:01:01:02
 remote address: LID 0000 QPN 0x0923 PSN 0xa45ca0 RKey 0x034400 VAddr 0x007f6d1e709000
 GID: 00:00:00:00:00:00:00:00:00:00:255:255:10:01:01:02
 remote address: LID 0000 QPN 0x0924 PSN 0x175a78 RKey 0x034400 VAddr 0x007f6d1e719000
 GID: 00:00:00:00:00:00:00:00:00:00:255:255:10:01:01:02
 remote address: LID 0000 QPN 0x0925 PSN 0xcc9a75 RKey 0x034400 VAddr 0x007f6d1e729000
 GID: 00:00:00:00:00:00:00:00:00:00:255:255:10:01:01:02
 remote address: LID 0000 QPN 0x0926 PSN 0x28907e RKey 0x034400 VAddr 0x007f6d1e739000
 GID: 00:00:00:00:00:00:00:00:00:00:255:255:10:01:01:02
 remote address: LID 0000 QPN 0x0927 PSN 0x4bb7d0 RKey 0x034400 VAddr 0x007f6d1e749000
 GID: 00:00:00:00:00:00:00:00:00:00:255:255:10:01:01:02
 remote address: LID 0000 QPN 0x0928 PSN 0xeab217 RKey 0x034400 VAddr 0x007f6d1e759000
 GID: 00:00:00:00:00:00:00:00:00:00:255:255:10:01:01:02
 remote address: LID 0000 QPN 0x0929 PSN 0x80c901 RKey 0x034400 VAddr 0x007f6d1e769000
 GID: 00:00:00:00:00:00:00:00:00:00:255:255:10:01:01:02
 remote address: LID 0000 QPN 0x092a PSN 0x979a0 RKey 0x034400 VAddr 0x007f6d1e779000
 GID: 00:00:00:00:00:00:00:00:00:00:255:255:10:01:01:02
 remote address: LID 0000 QPN 0x092b PSN 0x7d703d RKey 0x034400 VAddr 0x007f6d1e789000
 GID: 00:00:00:00:00:00:00:00:00:00:255:255:10:01:01:02
 remote address: LID 0000 QPN 0x092c PSN 0xdecbcd RKey 0x034400 VAddr 0x007f6d1e799000
 GID: 00:00:00:00:00:00:00:00:00:00:255:255:10:01:01:02
 remote address: LID 0000 QPN 0x092d PSN 0x394500 RKey 0x034400 VAddr 0x007f6d1e7a9000
 GID: 00:00:00:00:00:00:00:00:00:00:255:255:10:01:01:02
 remote address: LID 0000 QPN 0x092e PSN 0x731d21 RKey 0x034400 VAddr 0x007f6d1e7b9000
 GID: 00:00:00:00:00:00:00:00:00:00:255:255:10:01:01:02
 remote address: LID 0000 QPN 0x092f PSN 0xaef343 RKey 0x034400 VAddr 0x007f6d1e7c9000
 GID: 00:00:00:00:00:00:00:00:00:00:255:255:10:01:01:02
 remote address: LID 0000 QPN 0x0930 PSN 0xc3a18d RKey 0x034400 VAddr 0x007f6d1e7d9000
 GID: 00:00:00:00:00:00:00:00:00:00:255:255:10:01:01:02
 remote address: LID 0000 QPN 0x0931 PSN 0x343780 RKey 0x034400 VAddr 0x007f6d1e7e9000
 GID: 00:00:00:00:00:00:00:00:00:00:255:255:10:01:01:02
 remote address: LID 0000 QPN 0x0932 PSN 0xfe3a2b RKey 0x034400 VAddr 0x007f6d1e7f9000
 GID: 00:00:00:00:00:00:00:00:00:00:255:255:10:01:01:02
 remote address: LID 0000 QPN 0x0933 PSN 0x46679b RKey 0x034400 VAddr 0x007f6d1e809000
 GID: 00:00:00:00:00:00:00:00:00:00:255:255:10:01:01:02
 remote address: LID 0000 QPN 0x0934 PSN 0xe51189 RKey 0x034400 VAddr 0x007f6d1e819000
 GID: 00:00:00:00:00:00:00:00:00:00:255:255:10:01:01:02
 remote address: LID 0000 QPN 0x0935 PSN 0xd588d4 RKey 0x034400 VAddr 0x007f6d1e829000
 GID: 00:00:00:00:00:00:00:00:00:00:255:255:10:01:01:02
 remote address: LID 0000 QPN 0x0936 PSN 0xbab4ad RKey 0x034400 VAddr 0x007f6d1e839000
 GID: 00:00:00:00:00:00:00:00:00:00:255:255:10:01:01:02
 remote address: LID 0000 QPN 0x0937 PSN 0xaa1030 RKey 0x034400 VAddr 0x007f6d1e849000
 GID: 00:00:00:00:00:00:00:00:00:00:255:255:10:01:01:02
 remote address: LID 0000 QPN 0x0938 PSN 0xf89d9f RKey 0x034400 VAddr 0x007f6d1e859000
 GID: 00:00:00:00:00:00:00:00:00:00:255:255:10:01:01:02
 remote address: LID 0000 QPN 0x0939 PSN 0x929cb4 RKey 0x034400 VAddr 0x007f6d1e869000
 GID: 00:00:00:00:00:00:00:00:00:00:255:255:10:01:01:02
 remote address: LID 0000 QPN 0x093a PSN 0xed3bcf RKey 0x034400 VAddr 0x007f6d1e879000
 GID: 00:00:00:00:00:00:00:00:00:00:255:255:10:01:01:02
 remote address: LID 0000 QPN 0x093b PSN 0x9ca12 RKey 0x034400 VAddr 0x007f6d1e889000
 GID: 00:00:00:00:00:00:00:00:00:00:255:255:10:01:01:02
 remote address: LID 0000 QPN 0x093c PSN 0x277763 RKey 0x034400 VAddr 0x007f6d1e899000
 GID: 00:00:00:00:00:00:00:00:00:00:255:255:10:01:01:02
 remote address: LID 0000 QPN 0x093d PSN 0x426e80 RKey 0x034400 VAddr 0x007f6d1e8a9000
 GID: 00:00:00:00:00:00:00:00:00:00:255:255:10:01:01:02
 remote address: LID 0000 QPN 0x093e PSN 0x669e11 RKey 0x034400 VAddr 0x007f6d1e8b9000
 GID: 00:00:00:00:00:00:00:00:00:00:255:255:10:01:01:02
 remote address: LID 0000 QPN 0x093f PSN 0x153783 RKey 0x034400 VAddr 0x007f6d1e8c9000
 GID: 00:00:00:00:00:00:00:00:00:00:255:255:10:01:01:02
 remote address: LID 0000 QPN 0x0940 PSN 0xe902c5 RKey 0x034400 VAddr 0x007f6d1e8d9000
 GID: 00:00:00:00:00:00:00:00:00:00:255:255:10:01:01:02
 remote address: LID 0000 QPN 0x0941 PSN 0x43efa5 RKey 0x034400 VAddr 0x007f6d1e8e9000
 GID: 00:00:00:00:00:00:00:00:00:00:255:255:10:01:01:02
 remote address: LID 0000 QPN 0x0942 PSN 0xfe04ff RKey 0x034400 VAddr 0x007f6d1e8f9000
 GID: 00:00:00:00:00:00:00:00:00:00:255:255:10:01:01:02
 remote address: LID 0000 QPN 0x0943 PSN 0x284a2f RKey 0x034400 VAddr 0x007f6d1e909000
 GID: 00:00:00:00:00:00:00:00:00:00:255:255:10:01:01:02
 remote address: LID 0000 QPN 0x0944 PSN 0x3a995f RKey 0x034400 VAddr 0x007f6d1e919000
 GID: 00:00:00:00:00:00:00:00:00:00:255:255:10:01:01:02
 remote address: LID 0000 QPN 0x0945 PSN 0xe8aa18 RKey 0x034400 VAddr 0x007f6d1e929000
 GID: 00:00:00:00:00:00:00:00:00:00:255:255:10:01:01:02
 remote address: LID 0000 QPN 0x0946 PSN 0xd0f293 RKey 0x034400 VAddr 0x007f6d1e939000
 GID: 00:00:00:00:00:00:00:00:00:00:255:255:10:01:01:02
 remote address: LID 0000 QPN 0x0947 PSN 0x20fe79 RKey 0x034400 VAddr 0x007f6d1e949000
 GID: 00:00:00:00:00:00:00:00:00:00:255:255:10:01:01:02
 remote address: LID 0000 QPN 0x0948 PSN 0x83f85e RKey 0x034400 VAddr 0x007f6d1e959000
 GID: 00:00:00:00:00:00:00:00:00:00:255:255:10:01:01:02
 remote address: LID 0000 QPN 0x0949 PSN 0x2fc900 RKey 0x034400 VAddr 0x007f6d1e969000
 GID: 00:00:00:00:00:00:00:00:00:00:255:255:10:01:01:02
 remote address: LID 0000 QPN 0x094a PSN 0xff7a27 RKey 0x034400 VAddr 0x007f6d1e979000
 GID: 00:00:00:00:00:00:00:00:00:00:255:255:10:01:01:02
 remote address: LID 0000 QPN 0x094b PSN 0x2c39f1 RKey 0x034400 VAddr 0x007f6d1e989000
 GID: 00:00:00:00:00:00:00:00:00:00:255:255:10:01:01:02
 remote address: LID 0000 QPN 0x094c PSN 0xc4630a RKey 0x034400 VAddr 0x007f6d1e999000
 GID: 00:00:00:00:00:00:00:00:00:00:255:255:10:01:01:02
 remote address: LID 0000 QPN 0x094d PSN 0x3dc970 RKey 0x034400 VAddr 0x007f6d1e9a9000
 GID: 00:00:00:00:00:00:00:00:00:00:255:255:10:01:01:02
 remote address: LID 0000 QPN 0x094e PSN 0x48cf15 RKey 0x034400 VAddr 0x007f6d1e9b9000
 GID: 00:00:00:00:00:00:00:00:00:00:255:255:10:01:01:02
 remote address: LID 0000 QPN 0x094f PSN 0x84dee1 RKey 0x034400 VAddr 0x007f6d1e9c9000
 GID: 00:00:00:00:00:00:00:00:00:00:255:255:10:01:01:02
 remote address: LID 0000 QPN 0x0950 PSN 0x1b23f3 RKey 0x034400 VAddr 0x007f6d1e9d9000
 GID: 00:00:00:00:00:00:00:00:00:00:255:255:10:01:01:02
 remote address: LID 0000 QPN 0x0951 PSN 0x3f3552 RKey 0x034400 VAddr 0x007f6d1e9e9000
 GID: 00:00:00:00:00:00:00:00:00:00:255:255:10:01:01:02
 remote address: LID 0000 QPN 0x0952 PSN 0xd3e2ed RKey 0x034400 VAddr 0x007f6d1e9f9000
 GID: 00:00:00:00:00:00:00:00:00:00:255:255:10:01:01:02
 remote address: LID 0000 QPN 0x0953 PSN 0x7f4707 RKey 0x034400 VAddr 0x007f6d1ea09000
 GID: 00:00:00:00:00:00:00:00:00:00:255:255:10:01:01:02
 remote address: LID 0000 QPN 0x0954 PSN 0xfeb6ba RKey 0x034400 VAddr 0x007f6d1ea19000
 GID: 00:00:00:00:00:00:00:00:00:00:255:255:10:01:01:02
 remote address: LID 0000 QPN 0x0955 PSN 0xa8ea5f RKey 0x034400 VAddr 0x007f6d1ea29000
 GID: 00:00:00:00:00:00:00:00:00:00:255:255:10:01:01:02
 remote address: LID 0000 QPN 0x0956 PSN 0x316d52 RKey 0x034400 VAddr 0x007f6d1ea39000
 GID: 00:00:00:00:00:00:00:00:00:00:255:255:10:01:01:02
 remote address: LID 0000 QPN 0x0957 PSN 0x6c775c RKey 0x034400 VAddr 0x007f6d1ea49000
 GID: 00:00:00:00:00:00:00:00:00:00:255:255:10:01:01:02
 remote address: LID 0000 QPN 0x0958 PSN 0x208479 RKey 0x034400 VAddr 0x007f6d1ea59000
 GID: 00:00:00:00:00:00:00:00:00:00:255:255:10:01:01:02
 remote address: LID 0000 QPN 0x0959 PSN 0x2e8f4a RKey 0x034400 VAddr 0x007f6d1ea69000
 GID: 00:00:00:00:00:00:00:00:00:00:255:255:10:01:01:02
 remote address: LID 0000 QPN 0x095a PSN 0xe05771 RKey 0x034400 VAddr 0x007f6d1ea79000
 GID: 00:00:00:00:00:00:00:00:00:00:255:255:10:01:01:02
 remote address: LID 0000 QPN 0x095b PSN 0x37f13 RKey 0x034400 VAddr 0x007f6d1ea89000
 GID: 00:00:00:00:00:00:00:00:00:00:255:255:10:01:01:02
 remote address: LID 0000 QPN 0x095c PSN 0xafbcd0 RKey 0x034400 VAddr 0x007f6d1ea99000
 GID: 00:00:00:00:00:00:00:00:00:00:255:255:10:01:01:02
 remote address: LID 0000 QPN 0x095d PSN 0x6ff8fd RKey 0x034400 VAddr 0x007f6d1eaa9000
 GID: 00:00:00:00:00:00:00:00:00:00:255:255:10:01:01:02
 remote address: LID 0000 QPN 0x095e PSN 0xf3251f RKey 0x034400 VAddr 0x007f6d1eab9000
 GID: 00:00:00:00:00:00:00:00:00:00:255:255:10:01:01:02
 remote address: LID 0000 QPN 0x095f PSN 0x34939d RKey 0x034400 VAddr 0x007f6d1eac9000
 GID: 00:00:00:00:00:00:00:00:00:00:255:255:10:01:01:02
 remote address: LID 0000 QPN 0x0960 PSN 0xc758d RKey 0x034400 VAddr 0x007f6d1ead9000
 GID: 00:00:00:00:00:00:00:00:00:00:255:255:10:01:01:02
 remote address: LID 0000 QPN 0x0961 PSN 0x6861fa RKey 0x034400 VAddr 0x007f6d1eae9000
 GID: 00:00:00:00:00:00:00:00:00:00:255:255:10:01:01:02
 remote address: LID 0000 QPN 0x0962 PSN 0x84958e RKey 0x034400 VAddr 0x007f6d1eaf9000
 GID: 00:00:00:00:00:00:00:00:00:00:255:255:10:01:01:02
 remote address: LID 0000 QPN 0x0963 PSN 0xb09be9 RKey 0x034400 VAddr 0x007f6d1eb09000
 GID: 00:00:00:00:00:00:00:00:00:00:255:255:10:01:01:02
 remote address: LID 0000 QPN 0x0964 PSN 0xa4daf7 RKey 0x034400 VAddr 0x007f6d1eb19000
 GID: 00:00:00:00:00:00:00:00:00:00:255:255:10:01:01:02
 remote address: LID 0000 QPN 0x0965 PSN 0x3675e4 RKey 0x034400 VAddr 0x007f6d1eb29000
 GID: 00:00:00:00:00:00:00:00:00:00:255:255:10:01:01:02
 remote address: LID 0000 QPN 0x0966 PSN 0x1355ac RKey 0x034400 VAddr 0x007f6d1eb39000
 GID: 00:00:00:00:00:00:00:00:00:00:255:255:10:01:01:02
 remote address: LID 0000 QPN 0x0967 PSN 0x28fcaa RKey 0x034400 VAddr 0x007f6d1eb49000
 GID: 00:00:00:00:00:00:00:00:00:00:255:255:10:01:01:02
 remote address: LID 0000 QPN 0x0968 PSN 0x48dab7 RKey 0x034400 VAddr 0x007f6d1eb59000
 GID: 00:00:00:00:00:00:00:00:00:00:255:255:10:01:01:02
 remote address: LID 0000 QPN 0x0969 PSN 0x25317 RKey 0x034400 VAddr 0x007f6d1eb69000
 GID: 00:00:00:00:00:00:00:00:00:00:255:255:10:01:01:02
 remote address: LID 0000 QPN 0x096a PSN 0x403e19 RKey 0x034400 VAddr 0x007f6d1eb79000
 GID: 00:00:00:00:00:00:00:00:00:00:255:255:10:01:01:02
 remote address: LID 0000 QPN 0x096b PSN 0x7697d0 RKey 0x034400 VAddr 0x007f6d1eb89000
 GID: 00:00:00:00:00:00:00:00:00:00:255:255:10:01:01:02
 remote address: LID 0000 QPN 0x096c PSN 0x5d5364 RKey 0x034400 VAddr 0x007f6d1eb99000
 GID: 00:00:00:00:00:00:00:00:00:00:255:255:10:01:01:02
 remote address: LID 0000 QPN 0x096d PSN 0xb6c471 RKey 0x034400 VAddr 0x007f6d1eba9000
 GID: 00:00:00:00:00:00:00:00:00:00:255:255:10:01:01:02
 remote address: LID 0000 QPN 0x096e PSN 0x6836c2 RKey 0x034400 VAddr 0x007f6d1ebb9000
 GID: 00:00:00:00:00:00:00:00:00:00:255:255:10:01:01:02
 remote address: LID 0000 QPN 0x096f PSN 0x941118 RKey 0x034400 VAddr 0x007f6d1ebc9000
 GID: 00:00:00:00:00:00:00:00:00:00:255:255:10:01:01:02
 remote address: LID 0000 QPN 0x0970 PSN 0x9e72a9 RKey 0x034400 VAddr 0x007f6d1ebd9000
 GID: 00:00:00:00:00:00:00:00:00:00:255:255:10:01:01:02
 remote address: LID 0000 QPN 0x0971 PSN 0x151534 RKey 0x034400 VAddr 0x007f6d1ebe9000
 GID: 00:00:00:00:00:00:00:00:00:00:255:255:10:01:01:02
 remote address: LID 0000 QPN 0x0972 PSN 0xca7a1f RKey 0x034400 VAddr 0x007f6d1ebf9000
 GID: 00:00:00:00:00:00:00:00:00:00:255:255:10:01:01:02
 remote address: LID 0000 QPN 0x0973 PSN 0xc689bf RKey 0x034400 VAddr 0x007f6d1ec09000
 GID: 00:00:00:00:00:00:00:00:00:00:255:255:10:01:01:02
 remote address: LID 0000 QPN 0x0974 PSN 0x318c15 RKey 0x034400 VAddr 0x007f6d1ec19000
 GID: 00:00:00:00:00:00:00:00:00:00:255:255:10:01:01:02
 remote address: LID 0000 QPN 0x0975 PSN 0x7f0104 RKey 0x034400 VAddr 0x007f6d1ec29000
 GID: 00:00:00:00:00:00:00:00:00:00:255:255:10:01:01:02
 remote address: LID 0000 QPN 0x0976 PSN 0xfd9205 RKey 0x034400 VAddr 0x007f6d1ec39000
 GID: 00:00:00:00:00:00:00:00:00:00:255:255:10:01:01:02
 remote address: LID 0000 QPN 0x0977 PSN 0x912552 RKey 0x034400 VAddr 0x007f6d1ec49000
 GID: 00:00:00:00:00:00:00:00:00:00:255:255:10:01:01:02
 remote address: LID 0000 QPN 0x0978 PSN 0x41527f RKey 0x034400 VAddr 0x007f6d1ec59000
 GID: 00:00:00:00:00:00:00:00:00:00:255:255:10:01:01:02
 remote address: LID 0000 QPN 0x0979 PSN 0xc8620a RKey 0x034400 VAddr 0x007f6d1ec69000
 GID: 00:00:00:00:00:00:00:00:00:00:255:255:10:01:01:02
 remote address: LID 0000 QPN 0x097a PSN 0x10828 RKey 0x034400 VAddr 0x007f6d1ec79000
 GID: 00:00:00:00:00:00:00:00:00:00:255:255:10:01:01:02
 remote address: LID 0000 QPN 0x097b PSN 0x42c9a1 RKey 0x034400 VAddr 0x007f6d1ec89000
 GID: 00:00:00:00:00:00:00:00:00:00:255:255:10:01:01:02
 remote address: LID 0000 QPN 0x097c PSN 0xe3fe14 RKey 0x034400 VAddr 0x007f6d1ec99000
 GID: 00:00:00:00:00:00:00:00:00:00:255:255:10:01:01:02
 remote address: LID 0000 QPN 0x097d PSN 0x9a5f3b RKey 0x034400 VAddr 0x007f6d1eca9000
 GID: 00:00:00:00:00:00:00:00:00:00:255:255:10:01:01:02
 remote address: LID 0000 QPN 0x097e PSN 0xdf6431 RKey 0x034400 VAddr 0x007f6d1ecb9000
 GID: 00:00:00:00:00:00:00:00:00:00:255:255:10:01:01:02
 remote address: LID 0000 QPN 0x097f PSN 0x32abd1 RKey 0x034400 VAddr 0x007f6d1ecc9000
 GID: 00:00:00:00:00:00:00:00:00:00:255:255:10:01:01:02
 remote address: LID 0000 QPN 0x0980 PSN 0x3988ff RKey 0x034400 VAddr 0x007f6d1ecd9000
 GID: 00:00:00:00:00:00:00:00:00:00:255:255:10:01:01:02
 remote address: LID 0000 QPN 0x0981 PSN 0x8bfcb3 RKey 0x034400 VAddr 0x007f6d1ece9000
 GID: 00:00:00:00:00:00:00:00:00:00:255:255:10:01:01:02
 remote address: LID 0000 QPN 0x0982 PSN 0x33b178 RKey 0x034400 VAddr 0x007f6d1ecf9000
 GID: 00:00:00:00:00:00:00:00:00:00:255:255:10:01:01:02
 remote address: LID 0000 QPN 0x0983 PSN 0x375c91 RKey 0x034400 VAddr 0x007f6d1ed09000
 GID: 00:00:00:00:00:00:00:00:00:00:255:255:10:01:01:02
 remote address: LID 0000 QPN 0x0984 PSN 0x28ccb3 RKey 0x034400 VAddr 0x007f6d1ed19000
 GID: 00:00:00:00:00:00:00:00:00:00:255:255:10:01:01:02
 remote address: LID 0000 QPN 0x0985 PSN 0x30103b RKey 0x034400 VAddr 0x007f6d1ed29000
 GID: 00:00:00:00:00:00:00:00:00:00:255:255:10:01:01:02
 remote address: LID 0000 QPN 0x0986 PSN 0x9f665f RKey 0x034400 VAddr 0x007f6d1ed39000
 GID: 00:00:00:00:00:00:00:00:00:00:255:255:10:01:01:02
 remote address: LID 0000 QPN 0x0987 PSN 0xad2565 RKey 0x034400 VAddr 0x007f6d1ed49000
 GID: 00:00:00:00:00:00:00:00:00:00:255:255:10:01:01:02
 remote address: LID 0000 QPN 0x0988 PSN 0x84e9d8 RKey 0x034400 VAddr 0x007f6d1ed59000
 GID: 00:00:00:00:00:00:00:00:00:00:255:255:10:01:01:02
 remote address: LID 0000 QPN 0x0989 PSN 0x16bbea RKey 0x034400 VAddr 0x007f6d1ed69000
 GID: 00:00:00:00:00:00:00:00:00:00:255:255:10:01:01:02
 remote address: LID 0000 QPN 0x098a PSN 0xf1274a RKey 0x034400 VAddr 0x007f6d1ed79000
 GID: 00:00:00:00:00:00:00:00:00:00:255:255:10:01:01:02
 remote address: LID 0000 QPN 0x098b PSN 0x9ba91e RKey 0x034400 VAddr 0x007f6d1ed89000
 GID: 00:00:00:00:00:00:00:00:00:00:255:255:10:01:01:02
 remote address: LID 0000 QPN 0x098c PSN 0x5104d0 RKey 0x034400 VAddr 0x007f6d1ed99000
 GID: 00:00:00:00:00:00:00:00:00:00:255:255:10:01:01:02
 remote address: LID 0000 QPN 0x098d PSN 0x40b0e7 RKey 0x034400 VAddr 0x007f6d1eda9000
 GID: 00:00:00:00:00:00:00:00:00:00:255:255:10:01:01:02
 remote address: LID 0000 QPN 0x098e PSN 0xa7f3e RKey 0x034400 VAddr 0x007f6d1edb9000
 GID: 00:00:00:00:00:00:00:00:00:00:255:255:10:01:01:02
 remote address: LID 0000 QPN 0x098f PSN 0x57d96a RKey 0x034400 VAddr 0x007f6d1edc9000
 GID: 00:00:00:00:00:00:00:00:00:00:255:255:10:01:01:02
 remote address: LID 0000 QPN 0x0990 PSN 0xef00e4 RKey 0x034400 VAddr 0x007f6d1edd9000
 GID: 00:00:00:00:00:00:00:00:00:00:255:255:10:01:01:02
 remote address: LID 0000 QPN 0x0991 PSN 0xe49c4c RKey 0x034400 VAddr 0x007f6d1ede9000
 GID: 00:00:00:00:00:00:00:00:00:00:255:255:10:01:01:02
 remote address: LID 0000 QPN 0x0992 PSN 0x1a4815 RKey 0x034400 VAddr 0x007f6d1edf9000
 GID: 00:00:00:00:00:00:00:00:00:00:255:255:10:01:01:02
 remote address: LID 0000 QPN 0x0993 PSN 0x7e7387 RKey 0x034400 VAddr 0x007f6d1ee09000
 GID: 00:00:00:00:00:00:00:00:00:00:255:255:10:01:01:02
 remote address: LID 0000 QPN 0x0994 PSN 0xe68410 RKey 0x034400 VAddr 0x007f6d1ee19000
 GID: 00:00:00:00:00:00:00:00:00:00:255:255:10:01:01:02
 remote address: LID 0000 QPN 0x0995 PSN 0xcb4026 RKey 0x034400 VAddr 0x007f6d1ee29000
 GID: 00:00:00:00:00:00:00:00:00:00:255:255:10:01:01:02
 remote address: LID 0000 QPN 0x0996 PSN 0x231c5b RKey 0x034400 VAddr 0x007f6d1ee39000
 GID: 00:00:00:00:00:00:00:00:00:00:255:255:10:01:01:02
 remote address: LID 0000 QPN 0x0997 PSN 0x745613 RKey 0x034400 VAddr 0x007f6d1ee49000
 GID: 00:00:00:00:00:00:00:00:00:00:255:255:10:01:01:02
 remote address: LID 0000 QPN 0x0998 PSN 0x3c2d67 RKey 0x034400 VAddr 0x007f6d1ee59000
 GID: 00:00:00:00:00:00:00:00:00:00:255:255:10:01:01:02
 remote address: LID 0000 QPN 0x0999 PSN 0xcda99 RKey 0x034400 VAddr 0x007f6d1ee69000
 GID: 00:00:00:00:00:00:00:00:00:00:255:255:10:01:01:02
 remote address: LID 0000 QPN 0x099a PSN 0xa0ccc9 RKey 0x034400 VAddr 0x007f6d1ee79000
 GID: 00:00:00:00:00:00:00:00:00:00:255:255:10:01:01:02
 remote address: LID 0000 QPN 0x099b PSN 0xdd2200 RKey 0x034400 VAddr 0x007f6d1ee89000
 GID: 00:00:00:00:00:00:00:00:00:00:255:255:10:01:01:02
 remote address: LID 0000 QPN 0x099c PSN 0xa58824 RKey 0x034400 VAddr 0x007f6d1ee99000
 GID: 00:00:00:00:00:00:00:00:00:00:255:255:10:01:01:02
 remote address: LID 0000 QPN 0x099d PSN 0xc29d20 RKey 0x034400 VAddr 0x007f6d1eea9000
 GID: 00:00:00:00:00:00:00:00:00:00:255:255:10:01:01:02
 remote address: LID 0000 QPN 0x099e PSN 0x15735c RKey 0x034400 VAddr 0x007f6d1eeb9000
 GID: 00:00:00:00:00:00:00:00:00:00:255:255:10:01:01:02
 remote address: LID 0000 QPN 0x099f PSN 0xcdb8a3 RKey 0x034400 VAddr 0x007f6d1eec9000
 GID: 00:00:00:00:00:00:00:00:00:00:255:255:10:01:01:02
 remote address: LID 0000 QPN 0x09a0 PSN 0xe4e54f RKey 0x034400 VAddr 0x007f6d1eed9000
 GID: 00:00:00:00:00:00:00:00:00:00:255:255:10:01:01:02
 remote address: LID 0000 QPN 0x09a1 PSN 0x6915f3 RKey 0x034400 VAddr 0x007f6d1eee9000
 GID: 00:00:00:00:00:00:00:00:00:00:255:255:10:01:01:02
 remote address: LID 0000 QPN 0x09a2 PSN 0xf65e10 RKey 0x034400 VAddr 0x007f6d1eef9000
 GID: 00:00:00:00:00:00:00:00:00:00:255:255:10:01:01:02
 remote address: LID 0000 QPN 0x09a3 PSN 0x748eb RKey 0x034400 VAddr 0x007f6d1ef09000
 GID: 00:00:00:00:00:00:00:00:00:00:255:255:10:01:01:02
 remote address: LID 0000 QPN 0x09a4 PSN 0xe0e609 RKey 0x034400 VAddr 0x007f6d1ef19000
 GID: 00:00:00:00:00:00:00:00:00:00:255:255:10:01:01:02
 remote address: LID 0000 QPN 0x09a5 PSN 0x5c8d81 RKey 0x034400 VAddr 0x007f6d1ef29000
 GID: 00:00:00:00:00:00:00:00:00:00:255:255:10:01:01:02
 remote address: LID 0000 QPN 0x09a6 PSN 0x7aab3e RKey 0x034400 VAddr 0x007f6d1ef39000
 GID: 00:00:00:00:00:00:00:00:00:00:255:255:10:01:01:02
 remote address: LID 0000 QPN 0x09a7 PSN 0x60bdae RKey 0x034400 VAddr 0x007f6d1ef49000
 GID: 00:00:00:00:00:00:00:00:00:00:255:255:10:01:01:02
 remote address: LID 0000 QPN 0x09a8 PSN 0x3e2074 RKey 0x034400 VAddr 0x007f6d1ef59000
 GID: 00:00:00:00:00:00:00:00:00:00:255:255:10:01:01:02
 remote address: LID 0000 QPN 0x09a9 PSN 0x267a1c RKey 0x034400 VAddr 0x007f6d1ef69000
 GID: 00:00:00:00:00:00:00:00:00:00:255:255:10:01:01:02
 remote address: LID 0000 QPN 0x09aa PSN 0xd1118f RKey 0x034400 VAddr 0x007f6d1ef79000
 GID: 00:00:00:00:00:00:00:00:00:00:255:255:10:01:01:02
 remote address: LID 0000 QPN 0x09ab PSN 0xcf7f1f RKey 0x034400 VAddr 0x007f6d1ef89000
 GID: 00:00:00:00:00:00:00:00:00:00:255:255:10:01:01:02
 remote address: LID 0000 QPN 0x09ac PSN 0xfde941 RKey 0x034400 VAddr 0x007f6d1ef99000
 GID: 00:00:00:00:00:00:00:00:00:00:255:255:10:01:01:02
 remote address: LID 0000 QPN 0x09ad PSN 0x634bb5 RKey 0x034400 VAddr 0x007f6d1efa9000
 GID: 00:00:00:00:00:00:00:00:00:00:255:255:10:01:01:02
 remote address: LID 0000 QPN 0x09ae PSN 0xdfed9c RKey 0x034400 VAddr 0x007f6d1efb9000
 GID: 00:00:00:00:00:00:00:00:00:00:255:255:10:01:01:02
 remote address: LID 0000 QPN 0x09af PSN 0x5d995c RKey 0x034400 VAddr 0x007f6d1efc9000
 GID: 00:00:00:00:00:00:00:00:00:00:255:255:10:01:01:02
 remote address: LID 0000 QPN 0x09b0 PSN 0x8bebd7 RKey 0x034400 VAddr 0x007f6d1efd9000
 GID: 00:00:00:00:00:00:00:00:00:00:255:255:10:01:01:02
 remote address: LID 0000 QPN 0x09b1 PSN 0xf9f1bc RKey 0x034400 VAddr 0x007f6d1efe9000
 GID: 00:00:00:00:00:00:00:00:00:00:255:255:10:01:01:02
 remote address: LID 0000 QPN 0x09b2 PSN 0x8a4f24 RKey 0x034400 VAddr 0x007f6d1eff9000
 GID: 00:00:00:00:00:00:00:00:00:00:255:255:10:01:01:02
 remote address: LID 0000 QPN 0x09b3 PSN 0xea7a24 RKey 0x034400 VAddr 0x007f6d1f009000
 GID: 00:00:00:00:00:00:00:00:00:00:255:255:10:01:01:02
 remote address: LID 0000 QPN 0x09b4 PSN 0x54db1d RKey 0x034400 VAddr 0x007f6d1f019000
 GID: 00:00:00:00:00:00:00:00:00:00:255:255:10:01:01:02
 remote address: LID 0000 QPN 0x09b5 PSN 0x529d29 RKey 0x034400 VAddr 0x007f6d1f029000
 GID: 00:00:00:00:00:00:00:00:00:00:255:255:10:01:01:02
 remote address: LID 0000 QPN 0x09b6 PSN 0x265fe9 RKey 0x034400 VAddr 0x007f6d1f039000
 GID: 00:00:00:00:00:00:00:00:00:00:255:255:10:01:01:02
 remote address: LID 0000 QPN 0x09b7 PSN 0xf497a6 RKey 0x034400 VAddr 0x007f6d1f049000
 GID: 00:00:00:00:00:00:00:00:00:00:255:255:10:01:01:02
 remote address: LID 0000 QPN 0x09b8 PSN 0x1b24e4 RKey 0x034400 VAddr 0x007f6d1f059000
 GID: 00:00:00:00:00:00:00:00:00:00:255:255:10:01:01:02
 remote address: LID 0000 QPN 0x09b9 PSN 0x506099 RKey 0x034400 VAddr 0x007f6d1f069000
 GID: 00:00:00:00:00:00:00:00:00:00:255:255:10:01:01:02
 remote address: LID 0000 QPN 0x09ba PSN 0xfd1e27 RKey 0x034400 VAddr 0x007f6d1f079000
 GID: 00:00:00:00:00:00:00:00:00:00:255:255:10:01:01:02
 remote address: LID 0000 QPN 0x09bb PSN 0xfd7274 RKey 0x034400 VAddr 0x007f6d1f089000
 GID: 00:00:00:00:00:00:00:00:00:00:255:255:10:01:01:02
 remote address: LID 0000 QPN 0x09bc PSN 0x6331f4 RKey 0x034400 VAddr 0x007f6d1f099000
 GID: 00:00:00:00:00:00:00:00:00:00:255:255:10:01:01:02
 remote address: LID 0000 QPN 0x09bd PSN 0x297090 RKey 0x034400 VAddr 0x007f6d1f0a9000
 GID: 00:00:00:00:00:00:00:00:00:00:255:255:10:01:01:02
 remote address: LID 0000 QPN 0x09be PSN 0xf104b2 RKey 0x034400 VAddr 0x007f6d1f0b9000
 GID: 00:00:00:00:00:00:00:00:00:00:255:255:10:01:01:02
 remote address: LID 0000 QPN 0x09bf PSN 0x7e8497 RKey 0x034400 VAddr 0x007f6d1f0c9000
 GID: 00:00:00:00:00:00:00:00:00:00:255:255:10:01:01:02
 remote address: LID 0000 QPN 0x09c0 PSN 0x1f5cb1 RKey 0x034400 VAddr 0x007f6d1f0d9000
 GID: 00:00:00:00:00:00:00:00:00:00:255:255:10:01:01:02
 remote address: LID 0000 QPN 0x09c1 PSN 0xf3e5dd RKey 0x034400 VAddr 0x007f6d1f0e9000
 GID: 00:00:00:00:00:00:00:00:00:00:255:255:10:01:01:02
 remote address: LID 0000 QPN 0x09c2 PSN 0x68daab RKey 0x034400 VAddr 0x007f6d1f0f9000
 GID: 00:00:00:00:00:00:00:00:00:00:255:255:10:01:01:02
 remote address: LID 0000 QPN 0x09c3 PSN 0xfccfbc RKey 0x034400 VAddr 0x007f6d1f109000
 GID: 00:00:00:00:00:00:00:00:00:00:255:255:10:01:01:02
 remote address: LID 0000 QPN 0x09c4 PSN 0xdc686a RKey 0x034400 VAddr 0x007f6d1f119000
 GID: 00:00:00:00:00:00:00:00:00:00:255:255:10:01:01:02
 remote address: LID 0000 QPN 0x09c5 PSN 0xf9041b RKey 0x034400 VAddr 0x007f6d1f129000
 GID: 00:00:00:00:00:00:00:00:00:00:255:255:10:01:01:02
 remote address: LID 0000 QPN 0x09c6 PSN 0xf584de RKey 0x034400 VAddr 0x007f6d1f139000
 GID: 00:00:00:00:00:00:00:00:00:00:255:255:10:01:01:02
 remote address: LID 0000 QPN 0x09c7 PSN 0xb1dc8b RKey 0x034400 VAddr 0x007f6d1f149000
 GID: 00:00:00:00:00:00:00:00:00:00:255:255:10:01:01:02
 remote address: LID 0000 QPN 0x09c8 PSN 0xb1e33f RKey 0x034400 VAddr 0x007f6d1f159000
 GID: 00:00:00:00:00:00:00:00:00:00:255:255:10:01:01:02
 remote address: LID 0000 QPN 0x09c9 PSN 0xbf2653 RKey 0x034400 VAddr 0x007f6d1f169000
 GID: 00:00:00:00:00:00:00:00:00:00:255:255:10:01:01:02
 remote address: LID 0000 QPN 0x09ca PSN 0x7d52bb RKey 0x034400 VAddr 0x007f6d1f179000
 GID: 00:00:00:00:00:00:00:00:00:00:255:255:10:01:01:02
 remote address: LID 0000 QPN 0x09cb PSN 0x9c1d18 RKey 0x034400 VAddr 0x007f6d1f189000
 GID: 00:00:00:00:00:00:00:00:00:00:255:255:10:01:01:02
 remote address: LID 0000 QPN 0x09cc PSN 0xc67cac RKey 0x034400 VAddr 0x007f6d1f199000
 GID: 00:00:00:00:00:00:00:00:00:00:255:255:10:01:01:02
 remote address: LID 0000 QPN 0x09cd PSN 0x5a93bf RKey 0x034400 VAddr 0x007f6d1f1a9000
 GID: 00:00:00:00:00:00:00:00:00:00:255:255:10:01:01:02
 remote address: LID 0000 QPN 0x09ce PSN 0xa4e0ef RKey 0x034400 VAddr 0x007f6d1f1b9000
 GID: 00:00:00:00:00:00:00:00:00:00:255:255:10:01:01:02
 remote address: LID 0000 QPN 0x09cf PSN 0xb5c472 RKey 0x034400 VAddr 0x007f6d1f1c9000
 GID: 00:00:00:00:00:00:00:00:00:00:255:255:10:01:01:02
 remote address: LID 0000 QPN 0x09d0 PSN 0xeefab6 RKey 0x034400 VAddr 0x007f6d1f1d9000
 GID: 00:00:00:00:00:00:00:00:00:00:255:255:10:01:01:02
 remote address: LID 0000 QPN 0x09d1 PSN 0x179eaa RKey 0x034400 VAddr 0x007f6d1f1e9000
 GID: 00:00:00:00:00:00:00:00:00:00:255:255:10:01:01:02
 remote address: LID 0000 QPN 0x09d2 PSN 0x554b9f RKey 0x034400 VAddr 0x007f6d1f1f9000
 GID: 00:00:00:00:00:00:00:00:00:00:255:255:10:01:01:02
 remote address: LID 0000 QPN 0x09d3 PSN 0xb04559 RKey 0x034400 VAddr 0x007f6d1f209000
 GID: 00:00:00:00:00:00:00:00:00:00:255:255:10:01:01:02
 remote address: LID 0000 QPN 0x09d4 PSN 0x6f17b0 RKey 0x034400 VAddr 0x007f6d1f219000
 GID: 00:00:00:00:00:00:00:00:00:00:255:255:10:01:01:02
 remote address: LID 0000 QPN 0x09d5 PSN 0x148f73 RKey 0x034400 VAddr 0x007f6d1f229000
 GID: 00:00:00:00:00:00:00:00:00:00:255:255:10:01:01:02
 remote address: LID 0000 QPN 0x09d6 PSN 0x410a41 RKey 0x034400 VAddr 0x007f6d1f239000
 GID: 00:00:00:00:00:00:00:00:00:00:255:255:10:01:01:02
 remote address: LID 0000 QPN 0x09d7 PSN 0x3ca0e RKey 0x034400 VAddr 0x007f6d1f249000
 GID: 00:00:00:00:00:00:00:00:00:00:255:255:10:01:01:02
 remote address: LID 0000 QPN 0x09d8 PSN 0xce32aa RKey 0x034400 VAddr 0x007f6d1f259000
 GID: 00:00:00:00:00:00:00:00:00:00:255:255:10:01:01:02
 remote address: LID 0000 QPN 0x09d9 PSN 0x7fdb0 RKey 0x034400 VAddr 0x007f6d1f269000
 GID: 00:00:00:00:00:00:00:00:00:00:255:255:10:01:01:02
 remote address: LID 0000 QPN 0x09da PSN 0xc46f16 RKey 0x034400 VAddr 0x007f6d1f279000
 GID: 00:00:00:00:00:00:00:00:00:00:255:255:10:01:01:02
 remote address: LID 0000 QPN 0x09db PSN 0x851742 RKey 0x034400 VAddr 0x007f6d1f289000
 GID: 00:00:00:00:00:00:00:00:00:00:255:255:10:01:01:02
 remote address: LID 0000 QPN 0x09dc PSN 0xa65c77 RKey 0x034400 VAddr 0x007f6d1f299000
 GID: 00:00:00:00:00:00:00:00:00:00:255:255:10:01:01:02
 remote address: LID 0000 QPN 0x09dd PSN 0x58596e RKey 0x034400 VAddr 0x007f6d1f2a9000
 GID: 00:00:00:00:00:00:00:00:00:00:255:255:10:01:01:02
 remote address: LID 0000 QPN 0x09de PSN 0x146448 RKey 0x034400 VAddr 0x007f6d1f2b9000
 GID: 00:00:00:00:00:00:00:00:00:00:255:255:10:01:01:02
 remote address: LID 0000 QPN 0x09df PSN 0x296c30 RKey 0x034400 VAddr 0x007f6d1f2c9000
 GID: 00:00:00:00:00:00:00:00:00:00:255:255:10:01:01:02
 remote address: LID 0000 QPN 0x09e0 PSN 0xf2eb5a RKey 0x034400 VAddr 0x007f6d1f2d9000
 GID: 00:00:00:00:00:00:00:00:00:00:255:255:10:01:01:02
 remote address: LID 0000 QPN 0x09e1 PSN 0xf38697 RKey 0x034400 VAddr 0x007f6d1f2e9000
 GID: 00:00:00:00:00:00:00:00:00:00:255:255:10:01:01:02
 remote address: LID 0000 QPN 0x09e2 PSN 0xfda09c RKey 0x034400 VAddr 0x007f6d1f2f9000
 GID: 00:00:00:00:00:00:00:00:00:00:255:255:10:01:01:02
 remote address: LID 0000 QPN 0x09e3 PSN 0x4711c6 RKey 0x034400 VAddr 0x007f6d1f309000
 GID: 00:00:00:00:00:00:00:00:00:00:255:255:10:01:01:02
 remote address: LID 0000 QPN 0x09e4 PSN 0x4c5f4d RKey 0x034400 VAddr 0x007f6d1f319000
 GID: 00:00:00:00:00:00:00:00:00:00:255:255:10:01:01:02
 remote address: LID 0000 QPN 0x09e5 PSN 0x218c6d RKey 0x034400 VAddr 0x007f6d1f329000
 GID: 00:00:00:00:00:00:00:00:00:00:255:255:10:01:01:02
 remote address: LID 0000 QPN 0x09e6 PSN 0x202dd3 RKey 0x034400 VAddr 0x007f6d1f339000
 GID: 00:00:00:00:00:00:00:00:00:00:255:255:10:01:01:02
 remote address: LID 0000 QPN 0x09e7 PSN 0x9a6afe RKey 0x034400 VAddr 0x007f6d1f349000
 GID: 00:00:00:00:00:00:00:00:00:00:255:255:10:01:01:02
 remote address: LID 0000 QPN 0x09e8 PSN 0x5200ed RKey 0x034400 VAddr 0x007f6d1f359000
 GID: 00:00:00:00:00:00:00:00:00:00:255:255:10:01:01:02
 remote address: LID 0000 QPN 0x09e9 PSN 0xfb7b32 RKey 0x034400 VAddr 0x007f6d1f369000
 GID: 00:00:00:00:00:00:00:00:00:00:255:255:10:01:01:02
 remote address: LID 0000 QPN 0x09ea PSN 0x36baa3 RKey 0x034400 VAddr 0x007f6d1f379000
 GID: 00:00:00:00:00:00:00:00:00:00:255:255:10:01:01:02
 remote address: LID 0000 QPN 0x09eb PSN 0xc2784c RKey 0x034400 VAddr 0x007f6d1f389000
 GID: 00:00:00:00:00:00:00:00:00:00:255:255:10:01:01:02
 remote address: LID 0000 QPN 0x09ec PSN 0xde4505 RKey 0x034400 VAddr 0x007f6d1f399000
 GID: 00:00:00:00:00:00:00:00:00:00:255:255:10:01:01:02
 remote address: LID 0000 QPN 0x09ed PSN 0x5fc9ea RKey 0x034400 VAddr 0x007f6d1f3a9000
 GID: 00:00:00:00:00:00:00:00:00:00:255:255:10:01:01:02
 remote address: LID 0000 QPN 0x09ee PSN 0x36d24d RKey 0x034400 VAddr 0x007f6d1f3b9000
 GID: 00:00:00:00:00:00:00:00:00:00:255:255:10:01:01:02
 remote address: LID 0000 QPN 0x09ef PSN 0xe4e030 RKey 0x034400 VAddr 0x007f6d1f3c9000
 GID: 00:00:00:00:00:00:00:00:00:00:255:255:10:01:01:02
 remote address: LID 0000 QPN 0x09f0 PSN 0x299eb5 RKey 0x034400 VAddr 0x007f6d1f3d9000
 GID: 00:00:00:00:00:00:00:00:00:00:255:255:10:01:01:02
 remote address: LID 0000 QPN 0x09f1 PSN 0x4f8e38 RKey 0x034400 VAddr 0x007f6d1f3e9000
 GID: 00:00:00:00:00:00:00:00:00:00:255:255:10:01:01:02
 remote address: LID 0000 QPN 0x09f2 PSN 0x8eb3db RKey 0x034400 VAddr 0x007f6d1f3f9000
 GID: 00:00:00:00:00:00:00:00:00:00:255:255:10:01:01:02
 remote address: LID 0000 QPN 0x09f3 PSN 0xd8aeeb RKey 0x034400 VAddr 0x007f6d1f409000
 GID: 00:00:00:00:00:00:00:00:00:00:255:255:10:01:01:02
 remote address: LID 0000 QPN 0x09f4 PSN 0x500a3e RKey 0x034400 VAddr 0x007f6d1f419000
 GID: 00:00:00:00:00:00:00:00:00:00:255:255:10:01:01:02
 remote address: LID 0000 QPN 0x09f5 PSN 0xb41065 RKey 0x034400 VAddr 0x007f6d1f429000
 GID: 00:00:00:00:00:00:00:00:00:00:255:255:10:01:01:02
 remote address: LID 0000 QPN 0x09f6 PSN 0x1722f8 RKey 0x034400 VAddr 0x007f6d1f439000
 GID: 00:00:00:00:00:00:00:00:00:00:255:255:10:01:01:02
 remote address: LID 0000 QPN 0x09f7 PSN 0xb81f4e RKey 0x034400 VAddr 0x007f6d1f449000
 GID: 00:00:00:00:00:00:00:00:00:00:255:255:10:01:01:02
 remote address: LID 0000 QPN 0x09f8 PSN 0x683a6d RKey 0x034400 VAddr 0x007f6d1f459000
 GID: 00:00:00:00:00:00:00:00:00:00:255:255:10:01:01:02
 remote address: LID 0000 QPN 0x09f9 PSN 0xc25d80 RKey 0x034400 VAddr 0x007f6d1f469000
 GID: 00:00:00:00:00:00:00:00:00:00:255:255:10:01:01:02
 remote address: LID 0000 QPN 0x09fa PSN 0x1b2c6b RKey 0x034400 VAddr 0x007f6d1f479000
 GID: 00:00:00:00:00:00:00:00:00:00:255:255:10:01:01:02
 remote address: LID 0000 QPN 0x09fb PSN 0x2cdead RKey 0x034400 VAddr 0x007f6d1f489000
 GID: 00:00:00:00:00:00:00:00:00:00:255:255:10:01:01:02
 remote address: LID 0000 QPN 0x09fc PSN 0x1ff2a2 RKey 0x034400 VAddr 0x007f6d1f499000
 GID: 00:00:00:00:00:00:00:00:00:00:255:255:10:01:01:02
 remote address: LID 0000 QPN 0x09fd PSN 0xaa999f RKey 0x034400 VAddr 0x007f6d1f4a9000
 GID: 00:00:00:00:00:00:00:00:00:00:255:255:10:01:01:02
 remote address: LID 0000 QPN 0x09fe PSN 0xbd7832 RKey 0x034400 VAddr 0x007f6d1f4b9000
 GID: 00:00:00:00:00:00:00:00:00:00:255:255:10:01:01:02
 remote address: LID 0000 QPN 0x09ff PSN 0x4f5df3 RKey 0x034400 VAddr 0x007f6d1f4c9000
 GID: 00:00:00:00:00:00:00:00:00:00:255:255:10:01:01:02
 remote address: LID 0000 QPN 0x0a00 PSN 0x3fb77d RKey 0x034400 VAddr 0x007f6d1f4d9000
 GID: 00:00:00:00:00:00:00:00:00:00:255:255:10:01:01:02
 remote address: LID 0000 QPN 0x0a01 PSN 0x1af443 RKey 0x034400 VAddr 0x007f6d1f4e9000
 GID: 00:00:00:00:00:00:00:00:00:00:255:255:10:01:01:02
 remote address: LID 0000 QPN 0x0a02 PSN 0xa26337 RKey 0x034400 VAddr 0x007f6d1f4f9000
 GID: 00:00:00:00:00:00:00:00:00:00:255:255:10:01:01:02
 remote address: LID 0000 QPN 0x0a03 PSN 0xa8e1cf RKey 0x034400 VAddr 0x007f6d1f509000
 GID: 00:00:00:00:00:00:00:00:00:00:255:255:10:01:01:02
 remote address: LID 0000 QPN 0x0a04 PSN 0x30a024 RKey 0x034400 VAddr 0x007f6d1f519000
 GID: 00:00:00:00:00:00:00:00:00:00:255:255:10:01:01:02
 remote address: LID 0000 QPN 0x0a05 PSN 0x7a40da RKey 0x034400 VAddr 0x007f6d1f529000
 GID: 00:00:00:00:00:00:00:00:00:00:255:255:10:01:01:02
 remote address: LID 0000 QPN 0x0a06 PSN 0xbfbab1 RKey 0x034400 VAddr 0x007f6d1f539000
 GID: 00:00:00:00:00:00:00:00:00:00:255:255:10:01:01:02
 remote address: LID 0000 QPN 0x0a07 PSN 0xf1240d RKey 0x034400 VAddr 0x007f6d1f549000
 GID: 00:00:00:00:00:00:00:00:00:00:255:255:10:01:01:02
 remote address: LID 0000 QPN 0x0a08 PSN 0x41b232 RKey 0x034400 VAddr 0x007f6d1f559000
 GID: 00:00:00:00:00:00:00:00:00:00:255:255:10:01:01:02
 remote address: LID 0000 QPN 0x0a09 PSN 0xbc555d RKey 0x034400 VAddr 0x007f6d1f569000
 GID: 00:00:00:00:00:00:00:00:00:00:255:255:10:01:01:02
 remote address: LID 0000 QPN 0x0a0a PSN 0x26931a RKey 0x034400 VAddr 0x007f6d1f579000
 GID: 00:00:00:00:00:00:00:00:00:00:255:255:10:01:01:02
 remote address: LID 0000 QPN 0x0a0b PSN 0x9b77ff RKey 0x034400 VAddr 0x007f6d1f589000
 GID: 00:00:00:00:00:00:00:00:00:00:255:255:10:01:01:02
 remote address: LID 0000 QPN 0x0a0c PSN 0x96d23f RKey 0x034400 VAddr 0x007f6d1f599000
 GID: 00:00:00:00:00:00:00:00:00:00:255:255:10:01:01:02
 remote address: LID 0000 QPN 0x0a0d PSN 0x72711a RKey 0x034400 VAddr 0x007f6d1f5a9000
 GID: 00:00:00:00:00:00:00:00:00:00:255:255:10:01:01:02
 remote address: LID 0000 QPN 0x0a0e PSN 0x2954c8 RKey 0x034400 VAddr 0x007f6d1f5b9000
 GID: 00:00:00:00:00:00:00:00:00:00:255:255:10:01:01:02
 remote address: LID 0000 QPN 0x0a0f PSN 0x548419 RKey 0x034400 VAddr 0x007f6d1f5c9000
 GID: 00:00:00:00:00:00:00:00:00:00:255:255:10:01:01:02
 remote address: LID 0000 QPN 0x0a10 PSN 0x1f308 RKey 0x034400 VAddr 0x007f6d1f5d9000
 GID: 00:00:00:00:00:00:00:00:00:00:255:255:10:01:01:02
 remote address: LID 0000 QPN 0x0a11 PSN 0x5c0d8c RKey 0x034400 VAddr 0x007f6d1f5e9000
 GID: 00:00:00:00:00:00:00:00:00:00:255:255:10:01:01:02
 remote address: LID 0000 QPN 0x0a12 PSN 0x7b82b RKey 0x034400 VAddr 0x007f6d1f5f9000
 GID: 00:00:00:00:00:00:00:00:00:00:255:255:10:01:01:02
 remote address: LID 0000 QPN 0x0a13 PSN 0x50c29d RKey 0x034400 VAddr 0x007f6d1f609000
 GID: 00:00:00:00:00:00:00:00:00:00:255:255:10:01:01:02
 remote address: LID 0000 QPN 0x0a14 PSN 0x27cd3b RKey 0x034400 VAddr 0x007f6d1f619000
 GID: 00:00:00:00:00:00:00:00:00:00:255:255:10:01:01:02
 remote address: LID 0000 QPN 0x0a15 PSN 0x609b66 RKey 0x034400 VAddr 0x007f6d1f629000
 GID: 00:00:00:00:00:00:00:00:00:00:255:255:10:01:01:02
 remote address: LID 0000 QPN 0x0a16 PSN 0xec0ba2 RKey 0x034400 VAddr 0x007f6d1f639000
 GID: 00:00:00:00:00:00:00:00:00:00:255:255:10:01:01:02
 remote address: LID 0000 QPN 0x0a17 PSN 0xdd1b6b RKey 0x034400 VAddr 0x007f6d1f649000
 GID: 00:00:00:00:00:00:00:00:00:00:255:255:10:01:01:02
 remote address: LID 0000 QPN 0x0a18 PSN 0xdc09e2 RKey 0x034400 VAddr 0x007f6d1f659000
 GID: 00:00:00:00:00:00:00:00:00:00:255:255:10:01:01:02
 remote address: LID 0000 QPN 0x0a19 PSN 0xa0cdaf RKey 0x034400 VAddr 0x007f6d1f669000
 GID: 00:00:00:00:00:00:00:00:00:00:255:255:10:01:01:02
 remote address: LID 0000 QPN 0x0a1a PSN 0x20bcfa RKey 0x034400 VAddr 0x007f6d1f679000
 GID: 00:00:00:00:00:00:00:00:00:00:255:255:10:01:01:02
 remote address: LID 0000 QPN 0x0a1b PSN 0x2608fa RKey 0x034400 VAddr 0x007f6d1f689000
 GID: 00:00:00:00:00:00:00:00:00:00:255:255:10:01:01:02
 remote address: LID 0000 QPN 0x0a1c PSN 0x356969 RKey 0x034400 VAddr 0x007f6d1f699000
 GID: 00:00:00:00:00:00:00:00:00:00:255:255:10:01:01:02
 remote address: LID 0000 QPN 0x0a1d PSN 0x563506 RKey 0x034400 VAddr 0x007f6d1f6a9000
 GID: 00:00:00:00:00:00:00:00:00:00:255:255:10:01:01:02
 remote address: LID 0000 QPN 0x0a1e PSN 0x9ac083 RKey 0x034400 VAddr 0x007f6d1f6b9000
 GID: 00:00:00:00:00:00:00:00:00:00:255:255:10:01:01:02
 remote address: LID 0000 QPN 0x0a1f PSN 0xbeda64 RKey 0x034400 VAddr 0x007f6d1f6c9000
 GID: 00:00:00:00:00:00:00:00:00:00:255:255:10:01:01:02
 remote address: LID 0000 QPN 0x0a20 PSN 0x19114d RKey 0x034400 VAddr 0x007f6d1f6d9000
 GID: 00:00:00:00:00:00:00:00:00:00:255:255:10:01:01:02
 remote address: LID 0000 QPN 0x0a21 PSN 0xa20d07 RKey 0x034400 VAddr 0x007f6d1f6e9000
 GID: 00:00:00:00:00:00:00:00:00:00:255:255:10:01:01:02
 remote address: LID 0000 QPN 0x0a22 PSN 0xe50fd1 RKey 0x034400 VAddr 0x007f6d1f6f9000
 GID: 00:00:00:00:00:00:00:00:00:00:255:255:10:01:01:02
 remote address: LID 0000 QPN 0x0a23 PSN 0x39c49b RKey 0x034400 VAddr 0x007f6d1f709000
 GID: 00:00:00:00:00:00:00:00:00:00:255:255:10:01:01:02
 remote address: LID 0000 QPN 0x0a24 PSN 0x84ca63 RKey 0x034400 VAddr 0x007f6d1f719000
 GID: 00:00:00:00:00:00:00:00:00:00:255:255:10:01:01:02
 remote address: LID 0000 QPN 0x0a25 PSN 0x583dc6 RKey 0x034400 VAddr 0x007f6d1f729000
 GID: 00:00:00:00:00:00:00:00:00:00:255:255:10:01:01:02
 remote address: LID 0000 QPN 0x0a26 PSN 0xc31a0c RKey 0x034400 VAddr 0x007f6d1f739000
 GID: 00:00:00:00:00:00:00:00:00:00:255:255:10:01:01:02
 remote address: LID 0000 QPN 0x0a27 PSN 0x3a94b9 RKey 0x034400 VAddr 0x007f6d1f749000
 GID: 00:00:00:00:00:00:00:00:00:00:255:255:10:01:01:02
 remote address: LID 0000 QPN 0x0a28 PSN 0x5299c3 RKey 0x034400 VAddr 0x007f6d1f759000
 GID: 00:00:00:00:00:00:00:00:00:00:255:255:10:01:01:02
 remote address: LID 0000 QPN 0x0a29 PSN 0x61b378 RKey 0x034400 VAddr 0x007f6d1f769000
 GID: 00:00:00:00:00:00:00:00:00:00:255:255:10:01:01:02
 remote address: LID 0000 QPN 0x0a2a PSN 0x239ff4 RKey 0x034400 VAddr 0x007f6d1f779000
 GID: 00:00:00:00:00:00:00:00:00:00:255:255:10:01:01:02
 remote address: LID 0000 QPN 0x0a2b PSN 0xf8f576 RKey 0x034400 VAddr 0x007f6d1f789000
 GID: 00:00:00:00:00:00:00:00:00:00:255:255:10:01:01:02
 remote address: LID 0000 QPN 0x0a2c PSN 0x2cbe4f RKey 0x034400 VAddr 0x007f6d1f799000
 GID: 00:00:00:00:00:00:00:00:00:00:255:255:10:01:01:02
 remote address: LID 0000 QPN 0x0a2d PSN 0xa14e32 RKey 0x034400 VAddr 0x007f6d1f7a9000
 GID: 00:00:00:00:00:00:00:00:00:00:255:255:10:01:01:02
 remote address: LID 0000 QPN 0x0a2e PSN 0xdb1576 RKey 0x034400 VAddr 0x007f6d1f7b9000
 GID: 00:00:00:00:00:00:00:00:00:00:255:255:10:01:01:02
 remote address: LID 0000 QPN 0x0a2f PSN 0x4459b3 RKey 0x034400 VAddr 0x007f6d1f7c9000
 GID: 00:00:00:00:00:00:00:00:00:00:255:255:10:01:01:02
 remote address: LID 0000 QPN 0x0a30 PSN 0x8fbce3 RKey 0x034400 VAddr 0x007f6d1f7d9000
 GID: 00:00:00:00:00:00:00:00:00:00:255:255:10:01:01:02
 remote address: LID 0000 QPN 0x0a31 PSN 0x78cbc9 RKey 0x034400 VAddr 0x007f6d1f7e9000
 GID: 00:00:00:00:00:00:00:00:00:00:255:255:10:01:01:02
 remote address: LID 0000 QPN 0x0a32 PSN 0xb442e3 RKey 0x034400 VAddr 0x007f6d1f7f9000
 GID: 00:00:00:00:00:00:00:00:00:00:255:255:10:01:01:02
 remote address: LID 0000 QPN 0x0a33 PSN 0xeabe33 RKey 0x034400 VAddr 0x007f6d1f809000
 GID: 00:00:00:00:00:00:00:00:00:00:255:255:10:01:01:02
 remote address: LID 0000 QPN 0x0a34 PSN 0xa8c51b RKey 0x034400 VAddr 0x007f6d1f819000
 GID: 00:00:00:00:00:00:00:00:00:00:255:255:10:01:01:02
 remote address: LID 0000 QPN 0x0a35 PSN 0x3f2dd8 RKey 0x034400 VAddr 0x007f6d1f829000
 GID: 00:00:00:00:00:00:00:00:00:00:255:255:10:01:01:02
 remote address: LID 0000 QPN 0x0a36 PSN 0x577fd3 RKey 0x034400 VAddr 0x007f6d1f839000
 GID: 00:00:00:00:00:00:00:00:00:00:255:255:10:01:01:02
 remote address: LID 0000 QPN 0x0a37 PSN 0x49469 RKey 0x034400 VAddr 0x007f6d1f849000
 GID: 00:00:00:00:00:00:00:00:00:00:255:255:10:01:01:02
 remote address: LID 0000 QPN 0x0a38 PSN 0x3958bb RKey 0x034400 VAddr 0x007f6d1f859000
 GID: 00:00:00:00:00:00:00:00:00:00:255:255:10:01:01:02
 remote address: LID 0000 QPN 0x0a39 PSN 0x503ddf RKey 0x034400 VAddr 0x007f6d1f869000
 GID: 00:00:00:00:00:00:00:00:00:00:255:255:10:01:01:02
 remote address: LID 0000 QPN 0x0a3a PSN 0xf48195 RKey 0x034400 VAddr 0x007f6d1f879000
 GID: 00:00:00:00:00:00:00:00:00:00:255:255:10:01:01:02
 remote address: LID 0000 QPN 0x0a3b PSN 0x3b486b RKey 0x034400 VAddr 0x007f6d1f889000
 GID: 00:00:00:00:00:00:00:00:00:00:255:255:10:01:01:02
 remote address: LID 0000 QPN 0x0a3c PSN 0xdbfbf RKey 0x034400 VAddr 0x007f6d1f899000
 GID: 00:00:00:00:00:00:00:00:00:00:255:255:10:01:01:02
 remote address: LID 0000 QPN 0x0a3d PSN 0xf4f188 RKey 0x034400 VAddr 0x007f6d1f8a9000
 GID: 00:00:00:00:00:00:00:00:00:00:255:255:10:01:01:02
 remote address: LID 0000 QPN 0x0a3e PSN 0x205751 RKey 0x034400 VAddr 0x007f6d1f8b9000
 GID: 00:00:00:00:00:00:00:00:00:00:255:255:10:01:01:02
 remote address: LID 0000 QPN 0x0a3f PSN 0xc4f406 RKey 0x034400 VAddr 0x007f6d1f8c9000
 GID: 00:00:00:00:00:00:00:00:00:00:255:255:10:01:01:02
 remote address: LID 0000 QPN 0x0a40 PSN 0xa27300 RKey 0x034400 VAddr 0x007f6d1f8d9000
 GID: 00:00:00:00:00:00:00:00:00:00:255:255:10:01:01:02
 remote address: LID 0000 QPN 0x0a41 PSN 0x5e9106 RKey 0x034400 VAddr 0x007f6d1f8e9000
 GID: 00:00:00:00:00:00:00:00:00:00:255:255:10:01:01:02
 remote address: LID 0000 QPN 0x0a42 PSN 0x98cdbd RKey 0x034400 VAddr 0x007f6d1f8f9000
 GID: 00:00:00:00:00:00:00:00:00:00:255:255:10:01:01:02
 remote address: LID 0000 QPN 0x0a43 PSN 0xa6f0ec RKey 0x034400 VAddr 0x007f6d1f909000
 GID: 00:00:00:00:00:00:00:00:00:00:255:255:10:01:01:02
 remote address: LID 0000 QPN 0x0a44 PSN 0xed4780 RKey 0x034400 VAddr 0x007f6d1f919000
 GID: 00:00:00:00:00:00:00:00:00:00:255:255:10:01:01:02
 remote address: LID 0000 QPN 0x0a45 PSN 0x6aa196 RKey 0x034400 VAddr 0x007f6d1f929000
 GID: 00:00:00:00:00:00:00:00:00:00:255:255:10:01:01:02
 remote address: LID 0000 QPN 0x0a46 PSN 0x381478 RKey 0x034400 VAddr 0x007f6d1f939000
 GID: 00:00:00:00:00:00:00:00:00:00:255:255:10:01:01:02
 remote address: LID 0000 QPN 0x0a47 PSN 0xfa1c09 RKey 0x034400 VAddr 0x007f6d1f949000
 GID: 00:00:00:00:00:00:00:00:00:00:255:255:10:01:01:02
 remote address: LID 0000 QPN 0x0a48 PSN 0x81c452 RKey 0x034400 VAddr 0x007f6d1f959000
 GID: 00:00:00:00:00:00:00:00:00:00:255:255:10:01:01:02
 remote address: LID 0000 QPN 0x0a49 PSN 0x3b627 RKey 0x034400 VAddr 0x007f6d1f969000
 GID: 00:00:00:00:00:00:00:00:00:00:255:255:10:01:01:02
 remote address: LID 0000 QPN 0x0a4a PSN 0xf71f06 RKey 0x034400 VAddr 0x007f6d1f979000
 GID: 00:00:00:00:00:00:00:00:00:00:255:255:10:01:01:02
 remote address: LID 0000 QPN 0x0a4b PSN 0x86bbf4 RKey 0x034400 VAddr 0x007f6d1f989000
 GID: 00:00:00:00:00:00:00:00:00:00:255:255:10:01:01:02
 remote address: LID 0000 QPN 0x0a4c PSN 0x14ad29 RKey 0x034400 VAddr 0x007f6d1f999000
 GID: 00:00:00:00:00:00:00:00:00:00:255:255:10:01:01:02
 remote address: LID 0000 QPN 0x0a4d PSN 0xd36816 RKey 0x034400 VAddr 0x007f6d1f9a9000
 GID: 00:00:00:00:00:00:00:00:00:00:255:255:10:01:01:02
 remote address: LID 0000 QPN 0x0a4e PSN 0xadb69 RKey 0x034400 VAddr 0x007f6d1f9b9000
 GID: 00:00:00:00:00:00:00:00:00:00:255:255:10:01:01:02
 remote address: LID 0000 QPN 0x0a4f PSN 0x3b1c80 RKey 0x034400 VAddr 0x007f6d1f9c9000
 GID: 00:00:00:00:00:00:00:00:00:00:255:255:10:01:01:02
 remote address: LID 0000 QPN 0x0a50 PSN 0x596b7b RKey 0x034400 VAddr 0x007f6d1f9d9000
 GID: 00:00:00:00:00:00:00:00:00:00:255:255:10:01:01:02
 remote address: LID 0000 QPN 0x0a51 PSN 0xbbda12 RKey 0x034400 VAddr 0x007f6d1f9e9000
 GID: 00:00:00:00:00:00:00:00:00:00:255:255:10:01:01:02
 remote address: LID 0000 QPN 0x0a52 PSN 0x8ff858 RKey 0x034400 VAddr 0x007f6d1f9f9000
 GID: 00:00:00:00:00:00:00:00:00:00:255:255:10:01:01:02
 remote address: LID 0000 QPN 0x0a53 PSN 0xdf1171 RKey 0x034400 VAddr 0x007f6d1fa09000
 GID: 00:00:00:00:00:00:00:00:00:00:255:255:10:01:01:02
 remote address: LID 0000 QPN 0x0a54 PSN 0xf4a051 RKey 0x034400 VAddr 0x007f6d1fa19000
 GID: 00:00:00:00:00:00:00:00:00:00:255:255:10:01:01:02
 remote address: LID 0000 QPN 0x0a55 PSN 0x53471f RKey 0x034400 VAddr 0x007f6d1fa29000
 GID: 00:00:00:00:00:00:00:00:00:00:255:255:10:01:01:02
 remote address: LID 0000 QPN 0x0a56 PSN 0x7a951f RKey 0x034400 VAddr 0x007f6d1fa39000
 GID: 00:00:00:00:00:00:00:00:00:00:255:255:10:01:01:02
 remote address: LID 0000 QPN 0x0a57 PSN 0x17b24b RKey 0x034400 VAddr 0x007f6d1fa49000
 GID: 00:00:00:00:00:00:00:00:00:00:255:255:10:01:01:02
 remote address: LID 0000 QPN 0x0a58 PSN 0x69c8ae RKey 0x034400 VAddr 0x007f6d1fa59000
 GID: 00:00:00:00:00:00:00:00:00:00:255:255:10:01:01:02
 remote address: LID 0000 QPN 0x0a59 PSN 0x823fb6 RKey 0x034400 VAddr 0x007f6d1fa69000
 GID: 00:00:00:00:00:00:00:00:00:00:255:255:10:01:01:02
 remote address: LID 0000 QPN 0x0a5a PSN 0x3ad512 RKey 0x034400 VAddr 0x007f6d1fa79000
 GID: 00:00:00:00:00:00:00:00:00:00:255:255:10:01:01:02
 remote address: LID 0000 QPN 0x0a5b PSN 0x71c146 RKey 0x034400 VAddr 0x007f6d1fa89000
 GID: 00:00:00:00:00:00:00:00:00:00:255:255:10:01:01:02
 remote address: LID 0000 QPN 0x0a5c PSN 0x1e7e99 RKey 0x034400 VAddr 0x007f6d1fa99000
 GID: 00:00:00:00:00:00:00:00:00:00:255:255:10:01:01:02
 remote address: LID 0000 QPN 0x0a5d PSN 0x8d5709 RKey 0x034400 VAddr 0x007f6d1faa9000
 GID: 00:00:00:00:00:00:00:00:00:00:255:255:10:01:01:02
 remote address: LID 0000 QPN 0x0a5e PSN 0x5cf0af RKey 0x034400 VAddr 0x007f6d1fab9000
 GID: 00:00:00:00:00:00:00:00:00:00:255:255:10:01:01:02
 remote address: LID 0000 QPN 0x0a5f PSN 0xde4f5f RKey 0x034400 VAddr 0x007f6d1fac9000
 GID: 00:00:00:00:00:00:00:00:00:00:255:255:10:01:01:02
 remote address: LID 0000 QPN 0x0a60 PSN 0x6c80c9 RKey 0x034400 VAddr 0x007f6d1fad9000
 GID: 00:00:00:00:00:00:00:00:00:00:255:255:10:01:01:02
 remote address: LID 0000 QPN 0x0a61 PSN 0x5d2263 RKey 0x034400 VAddr 0x007f6d1fae9000
 GID: 00:00:00:00:00:00:00:00:00:00:255:255:10:01:01:02
 remote address: LID 0000 QPN 0x0a62 PSN 0xfafe4f RKey 0x034400 VAddr 0x007f6d1faf9000
 GID: 00:00:00:00:00:00:00:00:00:00:255:255:10:01:01:02
 remote address: LID 0000 QPN 0x0a63 PSN 0xf44f88 RKey 0x034400 VAddr 0x007f6d1fb09000
 GID: 00:00:00:00:00:00:00:00:00:00:255:255:10:01:01:02
 remote address: LID 0000 QPN 0x0a64 PSN 0xe44aed RKey 0x034400 VAddr 0x007f6d1fb19000
 GID: 00:00:00:00:00:00:00:00:00:00:255:255:10:01:01:02
 remote address: LID 0000 QPN 0x0a65 PSN 0xe38cae RKey 0x034400 VAddr 0x007f6d1fb29000
 GID: 00:00:00:00:00:00:00:00:00:00:255:255:10:01:01:02
 remote address: LID 0000 QPN 0x0a66 PSN 0xc04c89 RKey 0x034400 VAddr 0x007f6d1fb39000
 GID: 00:00:00:00:00:00:00:00:00:00:255:255:10:01:01:02
 remote address: LID 0000 QPN 0x0a67 PSN 0x82eb00 RKey 0x034400 VAddr 0x007f6d1fb49000
 GID: 00:00:00:00:00:00:00:00:00:00:255:255:10:01:01:02
 remote address: LID 0000 QPN 0x0a68 PSN 0xf4a895 RKey 0x034400 VAddr 0x007f6d1fb59000
 GID: 00:00:00:00:00:00:00:00:00:00:255:255:10:01:01:02
 remote address: LID 0000 QPN 0x0a69 PSN 0x2ba00f RKey 0x034400 VAddr 0x007f6d1fb69000
 GID: 00:00:00:00:00:00:00:00:00:00:255:255:10:01:01:02
 remote address: LID 0000 QPN 0x0a6a PSN 0x21c824 RKey 0x034400 VAddr 0x007f6d1fb79000
 GID: 00:00:00:00:00:00:00:00:00:00:255:255:10:01:01:02
 remote address: LID 0000 QPN 0x0a6b PSN 0xab88bd RKey 0x034400 VAddr 0x007f6d1fb89000
 GID: 00:00:00:00:00:00:00:00:00:00:255:255:10:01:01:02
 remote address: LID 0000 QPN 0x0a6c PSN 0xc84cc0 RKey 0x034400 VAddr 0x007f6d1fb99000
 GID: 00:00:00:00:00:00:00:00:00:00:255:255:10:01:01:02
 remote address: LID 0000 QPN 0x0a6d PSN 0x1107ac RKey 0x034400 VAddr 0x007f6d1fba9000
 GID: 00:00:00:00:00:00:00:00:00:00:255:255:10:01:01:02
 remote address: LID 0000 QPN 0x0a6e PSN 0xec87b6 RKey 0x034400 VAddr 0x007f6d1fbb9000
 GID: 00:00:00:00:00:00:00:00:00:00:255:255:10:01:01:02
 remote address: LID 0000 QPN 0x0a6f PSN 0xf79a05 RKey 0x034400 VAddr 0x007f6d1fbc9000
 GID: 00:00:00:00:00:00:00:00:00:00:255:255:10:01:01:02
 remote address: LID 0000 QPN 0x0a70 PSN 0xf11803 RKey 0x034400 VAddr 0x007f6d1fbd9000
 GID: 00:00:00:00:00:00:00:00:00:00:255:255:10:01:01:02
 remote address: LID 0000 QPN 0x0a71 PSN 0xeeab8d RKey 0x034400 VAddr 0x007f6d1fbe9000
 GID: 00:00:00:00:00:00:00:00:00:00:255:255:10:01:01:02
 remote address: LID 0000 QPN 0x0a72 PSN 0x336dd RKey 0x034400 VAddr 0x007f6d1fbf9000
 GID: 00:00:00:00:00:00:00:00:00:00:255:255:10:01:01:02
 remote address: LID 0000 QPN 0x0a73 PSN 0xcd5e1b RKey 0x034400 VAddr 0x007f6d1fc09000
 GID: 00:00:00:00:00:00:00:00:00:00:255:255:10:01:01:02
 remote address: LID 0000 QPN 0x0a74 PSN 0x95752 RKey 0x034400 VAddr 0x007f6d1fc19000
 GID: 00:00:00:00:00:00:00:00:00:00:255:255:10:01:01:02
 remote address: LID 0000 QPN 0x0a75 PSN 0xe7e8a0 RKey 0x034400 VAddr 0x007f6d1fc29000
 GID: 00:00:00:00:00:00:00:00:00:00:255:255:10:01:01:02
 remote address: LID 0000 QPN 0x0a76 PSN 0xb4bb19 RKey 0x034400 VAddr 0x007f6d1fc39000
 GID: 00:00:00:00:00:00:00:00:00:00:255:255:10:01:01:02
 remote address: LID 0000 QPN 0x0a77 PSN 0x67ef17 RKey 0x034400 VAddr 0x007f6d1fc49000
 GID: 00:00:00:00:00:00:00:00:00:00:255:255:10:01:01:02
 remote address: LID 0000 QPN 0x0a78 PSN 0x6de56e RKey 0x034400 VAddr 0x007f6d1fc59000
 GID: 00:00:00:00:00:00:00:00:00:00:255:255:10:01:01:02
 remote address: LID 0000 QPN 0x0a79 PSN 0xe606d6 RKey 0x034400 VAddr 0x007f6d1fc69000
 GID: 00:00:00:00:00:00:00:00:00:00:255:255:10:01:01:02
 remote address: LID 0000 QPN 0x0a7a PSN 0x220c45 RKey 0x034400 VAddr 0x007f6d1fc79000
 GID: 00:00:00:00:00:00:00:00:00:00:255:255:10:01:01:02
 remote address: LID 0000 QPN 0x0a7b PSN 0x2a09cf RKey 0x034400 VAddr 0x007f6d1fc89000
 GID: 00:00:00:00:00:00:00:00:00:00:255:255:10:01:01:02
 remote address: LID 0000 QPN 0x0a7c PSN 0x38b8eb RKey 0x034400 VAddr 0x007f6d1fc99000
 GID: 00:00:00:00:00:00:00:00:00:00:255:255:10:01:01:02
 remote address: LID 0000 QPN 0x0a7d PSN 0x1baf6c RKey 0x034400 VAddr 0x007f6d1fca9000
 GID: 00:00:00:00:00:00:00:00:00:00:255:255:10:01:01:02
 remote address: LID 0000 QPN 0x0a7e PSN 0x4edab0 RKey 0x034400 VAddr 0x007f6d1fcb9000
 GID: 00:00:00:00:00:00:00:00:00:00:255:255:10:01:01:02
 remote address: LID 0000 QPN 0x0a7f PSN 0xe822f1 RKey 0x034400 VAddr 0x007f6d1fcc9000
 GID: 00:00:00:00:00:00:00:00:00:00:255:255:10:01:01:02
 remote address: LID 0000 QPN 0x0a80 PSN 0x5208dd RKey 0x034400 VAddr 0x007f6d1fcd9000
 GID: 00:00:00:00:00:00:00:00:00:00:255:255:10:01:01:02
 remote address: LID 0000 QPN 0x0a81 PSN 0xfa4544 RKey 0x034400 VAddr 0x007f6d1fce9000
 GID: 00:00:00:00:00:00:00:00:00:00:255:255:10:01:01:02
 remote address: LID 0000 QPN 0x0a82 PSN 0x583cdc RKey 0x034400 VAddr 0x007f6d1fcf9000
 GID: 00:00:00:00:00:00:00:00:00:00:255:255:10:01:01:02
 remote address: LID 0000 QPN 0x0a83 PSN 0xbd7b33 RKey 0x034400 VAddr 0x007f6d1fd09000
 GID: 00:00:00:00:00:00:00:00:00:00:255:255:10:01:01:02
 remote address: LID 0000 QPN 0x0a84 PSN 0x66d21f RKey 0x034400 VAddr 0x007f6d1fd19000
 GID: 00:00:00:00:00:00:00:00:00:00:255:255:10:01:01:02
 remote address: LID 0000 QPN 0x0a85 PSN 0x212171 RKey 0x034400 VAddr 0x007f6d1fd29000
 GID: 00:00:00:00:00:00:00:00:00:00:255:255:10:01:01:02
 remote address: LID 0000 QPN 0x0a86 PSN 0x863ed2 RKey 0x034400 VAddr 0x007f6d1fd39000
 GID: 00:00:00:00:00:00:00:00:00:00:255:255:10:01:01:02
 remote address: LID 0000 QPN 0x0a87 PSN 0x4904a1 RKey 0x034400 VAddr 0x007f6d1fd49000
 GID: 00:00:00:00:00:00:00:00:00:00:255:255:10:01:01:02
 remote address: LID 0000 QPN 0x0a88 PSN 0x76273f RKey 0x034400 VAddr 0x007f6d1fd59000
 GID: 00:00:00:00:00:00:00:00:00:00:255:255:10:01:01:02
 remote address: LID 0000 QPN 0x0a89 PSN 0xcd5d2 RKey 0x034400 VAddr 0x007f6d1fd69000
 GID: 00:00:00:00:00:00:00:00:00:00:255:255:10:01:01:02
 remote address: LID 0000 QPN 0x0a8a PSN 0x20cd20 RKey 0x034400 VAddr 0x007f6d1fd79000
 GID: 00:00:00:00:00:00:00:00:00:00:255:255:10:01:01:02
 remote address: LID 0000 QPN 0x0a8b PSN 0xea0b15 RKey 0x034400 VAddr 0x007f6d1fd89000
 GID: 00:00:00:00:00:00:00:00:00:00:255:255:10:01:01:02
 remote address: LID 0000 QPN 0x0a8c PSN 0x135509 RKey 0x034400 VAddr 0x007f6d1fd99000
 GID: 00:00:00:00:00:00:00:00:00:00:255:255:10:01:01:02
 remote address: LID 0000 QPN 0x0a8d PSN 0x4cb7d5 RKey 0x034400 VAddr 0x007f6d1fda9000
 GID: 00:00:00:00:00:00:00:00:00:00:255:255:10:01:01:02
 remote address: LID 0000 QPN 0x0a8e PSN 0xbe1571 RKey 0x034400 VAddr 0x007f6d1fdb9000
 GID: 00:00:00:00:00:00:00:00:00:00:255:255:10:01:01:02
 remote address: LID 0000 QPN 0x0a8f PSN 0xe1b1c5 RKey 0x034400 VAddr 0x007f6d1fdc9000
 GID: 00:00:00:00:00:00:00:00:00:00:255:255:10:01:01:02
 remote address: LID 0000 QPN 0x0a90 PSN 0x1185ae RKey 0x034400 VAddr 0x007f6d1fdd9000
 GID: 00:00:00:00:00:00:00:00:00:00:255:255:10:01:01:02
 remote address: LID 0000 QPN 0x0a91 PSN 0xe7155d RKey 0x034400 VAddr 0x007f6d1fde9000
 GID: 00:00:00:00:00:00:00:00:00:00:255:255:10:01:01:02
 remote address: LID 0000 QPN 0x0a92 PSN 0xc816c7 RKey 0x034400 VAddr 0x007f6d1fdf9000
 GID: 00:00:00:00:00:00:00:00:00:00:255:255:10:01:01:02
 remote address: LID 0000 QPN 0x0a93 PSN 0x3d77f6 RKey 0x034400 VAddr 0x007f6d1fe09000
 GID: 00:00:00:00:00:00:00:00:00:00:255:255:10:01:01:02
 remote address: LID 0000 QPN 0x0a94 PSN 0xae2c91 RKey 0x034400 VAddr 0x007f6d1fe19000
 GID: 00:00:00:00:00:00:00:00:00:00:255:255:10:01:01:02
 remote address: LID 0000 QPN 0x0a95 PSN 0x7895be RKey 0x034400 VAddr 0x007f6d1fe29000
 GID: 00:00:00:00:00:00:00:00:00:00:255:255:10:01:01:02
 remote address: LID 0000 QPN 0x0a96 PSN 0xd8bb57 RKey 0x034400 VAddr 0x007f6d1fe39000
 GID: 00:00:00:00:00:00:00:00:00:00:255:255:10:01:01:02
 remote address: LID 0000 QPN 0x0a97 PSN 0x4016cf RKey 0x034400 VAddr 0x007f6d1fe49000
 GID: 00:00:00:00:00:00:00:00:00:00:255:255:10:01:01:02
 remote address: LID 0000 QPN 0x0a98 PSN 0x1a24af RKey 0x034400 VAddr 0x007f6d1fe59000
 GID: 00:00:00:00:00:00:00:00:00:00:255:255:10:01:01:02
 remote address: LID 0000 QPN 0x0a99 PSN 0xa168e5 RKey 0x034400 VAddr 0x007f6d1fe69000
 GID: 00:00:00:00:00:00:00:00:00:00:255:255:10:01:01:02
 remote address: LID 0000 QPN 0x0a9a PSN 0xe77601 RKey 0x034400 VAddr 0x007f6d1fe79000
 GID: 00:00:00:00:00:00:00:00:00:00:255:255:10:01:01:02
 remote address: LID 0000 QPN 0x0a9b PSN 0xc12a48 RKey 0x034400 VAddr 0x007f6d1fe89000
 GID: 00:00:00:00:00:00:00:00:00:00:255:255:10:01:01:02
 remote address: LID 0000 QPN 0x0a9c PSN 0x160ba8 RKey 0x034400 VAddr 0x007f6d1fe99000
 GID: 00:00:00:00:00:00:00:00:00:00:255:255:10:01:01:02
 remote address: LID 0000 QPN 0x0a9d PSN 0x9b0695 RKey 0x034400 VAddr 0x007f6d1fea9000
 GID: 00:00:00:00:00:00:00:00:00:00:255:255:10:01:01:02
 remote address: LID 0000 QPN 0x0a9e PSN 0xb8fd6a RKey 0x034400 VAddr 0x007f6d1feb9000
 GID: 00:00:00:00:00:00:00:00:00:00:255:255:10:01:01:02
 remote address: LID 0000 QPN 0x0a9f PSN 0xd13741 RKey 0x034400 VAddr 0x007f6d1fec9000
 GID: 00:00:00:00:00:00:00:00:00:00:255:255:10:01:01:02
 remote address: LID 0000 QPN 0x0aa0 PSN 0xd5036e RKey 0x034400 VAddr 0x007f6d1fed9000
 GID: 00:00:00:00:00:00:00:00:00:00:255:255:10:01:01:02
 remote address: LID 0000 QPN 0x0aa1 PSN 0x7b5fcc RKey 0x034400 VAddr 0x007f6d1fee9000
 GID: 00:00:00:00:00:00:00:00:00:00:255:255:10:01:01:02
 remote address: LID 0000 QPN 0x0aa2 PSN 0x315eb8 RKey 0x034400 VAddr 0x007f6d1fef9000
 GID: 00:00:00:00:00:00:00:00:00:00:255:255:10:01:01:02
 remote address: LID 0000 QPN 0x0aa3 PSN 0xf6c0af RKey 0x034400 VAddr 0x007f6d1ff09000
 GID: 00:00:00:00:00:00:00:00:00:00:255:255:10:01:01:02
 remote address: LID 0000 QPN 0x0aa4 PSN 0x21a489 RKey 0x034400 VAddr 0x007f6d1ff19000
 GID: 00:00:00:00:00:00:00:00:00:00:255:255:10:01:01:02
 remote address: LID 0000 QPN 0x0aa5 PSN 0xd68444 RKey 0x034400 VAddr 0x007f6d1ff29000
 GID: 00:00:00:00:00:00:00:00:00:00:255:255:10:01:01:02
 remote address: LID 0000 QPN 0x0aa6 PSN 0xb241e9 RKey 0x034400 VAddr 0x007f6d1ff39000
 GID: 00:00:00:00:00:00:00:00:00:00:255:255:10:01:01:02
 remote address: LID 0000 QPN 0x0aa7 PSN 0xb23df1 RKey 0x034400 VAddr 0x007f6d1ff49000
 GID: 00:00:00:00:00:00:00:00:00:00:255:255:10:01:01:02
 remote address: LID 0000 QPN 0x0aa8 PSN 0x738b04 RKey 0x034400 VAddr 0x007f6d1ff59000
 GID: 00:00:00:00:00:00:00:00:00:00:255:255:10:01:01:02
 remote address: LID 0000 QPN 0x0aa9 PSN 0x3dde15 RKey 0x034400 VAddr 0x007f6d1ff69000
 GID: 00:00:00:00:00:00:00:00:00:00:255:255:10:01:01:02
 remote address: LID 0000 QPN 0x0aaa PSN 0x32d9d0 RKey 0x034400 VAddr 0x007f6d1ff79000
 GID: 00:00:00:00:00:00:00:00:00:00:255:255:10:01:01:02
 remote address: LID 0000 QPN 0x0aab PSN 0xc1e441 RKey 0x034400 VAddr 0x007f6d1ff89000
 GID: 00:00:00:00:00:00:00:00:00:00:255:255:10:01:01:02
 remote address: LID 0000 QPN 0x0aac PSN 0xe087f8 RKey 0x034400 VAddr 0x007f6d1ff99000
 GID: 00:00:00:00:00:00:00:00:00:00:255:255:10:01:01:02
 remote address: LID 0000 QPN 0x0aad PSN 0xac4577 RKey 0x034400 VAddr 0x007f6d1ffa9000
 GID: 00:00:00:00:00:00:00:00:00:00:255:255:10:01:01:02
 remote address: LID 0000 QPN 0x0aae PSN 0xdc99ae RKey 0x034400 VAddr 0x007f6d1ffb9000
 GID: 00:00:00:00:00:00:00:00:00:00:255:255:10:01:01:02
 remote address: LID 0000 QPN 0x0aaf PSN 0xfb5545 RKey 0x034400 VAddr 0x007f6d1ffc9000
 GID: 00:00:00:00:00:00:00:00:00:00:255:255:10:01:01:02
 remote address: LID 0000 QPN 0x0ab0 PSN 0x3b21b2 RKey 0x034400 VAddr 0x007f6d1ffd9000
 GID: 00:00:00:00:00:00:00:00:00:00:255:255:10:01:01:02
 remote address: LID 0000 QPN 0x0ab1 PSN 0x604ea6 RKey 0x034400 VAddr 0x007f6d1ffe9000
 GID: 00:00:00:00:00:00:00:00:00:00:255:255:10:01:01:02
 remote address: LID 0000 QPN 0x0ab2 PSN 0x4f6a69 RKey 0x034400 VAddr 0x007f6d1fff9000
 GID: 00:00:00:00:00:00:00:00:00:00:255:255:10:01:01:02
 remote address: LID 0000 QPN 0x0ab3 PSN 0xa064c5 RKey 0x034400 VAddr 0x007f6d20009000
 GID: 00:00:00:00:00:00:00:00:00:00:255:255:10:01:01:02
 remote address: LID 0000 QPN 0x0ab4 PSN 0xe0ac84 RKey 0x034400 VAddr 0x007f6d20019000
 GID: 00:00:00:00:00:00:00:00:00:00:255:255:10:01:01:02
 remote address: LID 0000 QPN 0x0ab5 PSN 0x1a53de RKey 0x034400 VAddr 0x007f6d20029000
 GID: 00:00:00:00:00:00:00:00:00:00:255:255:10:01:01:02
 remote address: LID 0000 QPN 0x0ab6 PSN 0xe1b96b RKey 0x034400 VAddr 0x007f6d20039000
 GID: 00:00:00:00:00:00:00:00:00:00:255:255:10:01:01:02
 remote address: LID 0000 QPN 0x0ab7 PSN 0xf54778 RKey 0x034400 VAddr 0x007f6d20049000
 GID: 00:00:00:00:00:00:00:00:00:00:255:255:10:01:01:02
 remote address: LID 0000 QPN 0x0ab8 PSN 0x53e625 RKey 0x034400 VAddr 0x007f6d20059000
 GID: 00:00:00:00:00:00:00:00:00:00:255:255:10:01:01:02
 remote address: LID 0000 QPN 0x0ab9 PSN 0x49dd86 RKey 0x034400 VAddr 0x007f6d20069000
 GID: 00:00:00:00:00:00:00:00:00:00:255:255:10:01:01:02
 remote address: LID 0000 QPN 0x0aba PSN 0xdc5b1a RKey 0x034400 VAddr 0x007f6d20079000
 GID: 00:00:00:00:00:00:00:00:00:00:255:255:10:01:01:02
 remote address: LID 0000 QPN 0x0abb PSN 0xb19cf7 RKey 0x034400 VAddr 0x007f6d20089000
 GID: 00:00:00:00:00:00:00:00:00:00:255:255:10:01:01:02
 remote address: LID 0000 QPN 0x0abc PSN 0x659dc5 RKey 0x034400 VAddr 0x007f6d20099000
 GID: 00:00:00:00:00:00:00:00:00:00:255:255:10:01:01:02
 remote address: LID 0000 QPN 0x0abd PSN 0x8e2a69 RKey 0x034400 VAddr 0x007f6d200a9000
 GID: 00:00:00:00:00:00:00:00:00:00:255:255:10:01:01:02
 remote address: LID 0000 QPN 0x0abe PSN 0x77daef RKey 0x034400 VAddr 0x007f6d200b9000
 GID: 00:00:00:00:00:00:00:00:00:00:255:255:10:01:01:02
 remote address: LID 0000 QPN 0x0abf PSN 0xcae6d3 RKey 0x034400 VAddr 0x007f6d200c9000
 GID: 00:00:00:00:00:00:00:00:00:00:255:255:10:01:01:02
 remote address: LID 0000 QPN 0x0ac0 PSN 0xfb92b2 RKey 0x034400 VAddr 0x007f6d200d9000
 GID: 00:00:00:00:00:00:00:00:00:00:255:255:10:01:01:02
 remote address: LID 0000 QPN 0x0ac1 PSN 0x27ba1f RKey 0x034400 VAddr 0x007f6d200e9000
 GID: 00:00:00:00:00:00:00:00:00:00:255:255:10:01:01:02
 remote address: LID 0000 QPN 0x0ac2 PSN 0xe07335 RKey 0x034400 VAddr 0x007f6d200f9000
 GID: 00:00:00:00:00:00:00:00:00:00:255:255:10:01:01:02
 remote address: LID 0000 QPN 0x0ac3 PSN 0x2e1ec2 RKey 0x034400 VAddr 0x007f6d20109000
 GID: 00:00:00:00:00:00:00:00:00:00:255:255:10:01:01:02
 remote address: LID 0000 QPN 0x0ac4 PSN 0x1e53a0 RKey 0x034400 VAddr 0x007f6d20119000
 GID: 00:00:00:00:00:00:00:00:00:00:255:255:10:01:01:02
 remote address: LID 0000 QPN 0x0ac5 PSN 0xb4db8a RKey 0x034400 VAddr 0x007f6d20129000
 GID: 00:00:00:00:00:00:00:00:00:00:255:255:10:01:01:02
 remote address: LID 0000 QPN 0x0ac6 PSN 0x5f8660 RKey 0x034400 VAddr 0x007f6d20139000
 GID: 00:00:00:00:00:00:00:00:00:00:255:255:10:01:01:02
 remote address: LID 0000 QPN 0x0ac7 PSN 0x673df4 RKey 0x034400 VAddr 0x007f6d20149000
 GID: 00:00:00:00:00:00:00:00:00:00:255:255:10:01:01:02
 remote address: LID 0000 QPN 0x0ac8 PSN 0x798898 RKey 0x034400 VAddr 0x007f6d20159000
 GID: 00:00:00:00:00:00:00:00:00:00:255:255:10:01:01:02
 remote address: LID 0000 QPN 0x0ac9 PSN 0xf1617c RKey 0x034400 VAddr 0x007f6d20169000
 GID: 00:00:00:00:00:00:00:00:00:00:255:255:10:01:01:02
 remote address: LID 0000 QPN 0x0aca PSN 0x9d1408 RKey 0x034400 VAddr 0x007f6d20179000
 GID: 00:00:00:00:00:00:00:00:00:00:255:255:10:01:01:02
 remote address: LID 0000 QPN 0x0acb PSN 0x10a784 RKey 0x034400 VAddr 0x007f6d20189000
 GID: 00:00:00:00:00:00:00:00:00:00:255:255:10:01:01:02
 remote address: LID 0000 QPN 0x0acc PSN 0x86b180 RKey 0x034400 VAddr 0x007f6d20199000
 GID: 00:00:00:00:00:00:00:00:00:00:255:255:10:01:01:02
 remote address: LID 0000 QPN 0x0acd PSN 0x51bf76 RKey 0x034400 VAddr 0x007f6d201a9000
 GID: 00:00:00:00:00:00:00:00:00:00:255:255:10:01:01:02
 remote address: LID 0000 QPN 0x0ace PSN 0x594380 RKey 0x034400 VAddr 0x007f6d201b9000
 GID: 00:00:00:00:00:00:00:00:00:00:255:255:10:01:01:02
 remote address: LID 0000 QPN 0x0acf PSN 0x51880a RKey 0x034400 VAddr 0x007f6d201c9000
 GID: 00:00:00:00:00:00:00:00:00:00:255:255:10:01:01:02
 remote address: LID 0000 QPN 0x0ad0 PSN 0xd10343 RKey 0x034400 VAddr 0x007f6d201d9000
 GID: 00:00:00:00:00:00:00:00:00:00:255:255:10:01:01:02
 remote address: LID 0000 QPN 0x0ad1 PSN 0x53f08b RKey 0x034400 VAddr 0x007f6d201e9000
 GID: 00:00:00:00:00:00:00:00:00:00:255:255:10:01:01:02
 remote address: LID 0000 QPN 0x0ad2 PSN 0xa5be17 RKey 0x034400 VAddr 0x007f6d201f9000
 GID: 00:00:00:00:00:00:00:00:00:00:255:255:10:01:01:02
 remote address: LID 0000 QPN 0x0ad3 PSN 0xd15c4d RKey 0x034400 VAddr 0x007f6d20209000
 GID: 00:00:00:00:00:00:00:00:00:00:255:255:10:01:01:02
 remote address: LID 0000 QPN 0x0ad4 PSN 0xc1ad9c RKey 0x034400 VAddr 0x007f6d20219000
 GID: 00:00:00:00:00:00:00:00:00:00:255:255:10:01:01:02
 remote address: LID 0000 QPN 0x0ad5 PSN 0x64aa64 RKey 0x034400 VAddr 0x007f6d20229000
 GID: 00:00:00:00:00:00:00:00:00:00:255:255:10:01:01:02
 remote address: LID 0000 QPN 0x0ad6 PSN 0x2832eb RKey 0x034400 VAddr 0x007f6d20239000
 GID: 00:00:00:00:00:00:00:00:00:00:255:255:10:01:01:02
 remote address: LID 0000 QPN 0x0ad7 PSN 0x77f115 RKey 0x034400 VAddr 0x007f6d20249000
 GID: 00:00:00:00:00:00:00:00:00:00:255:255:10:01:01:02
 remote address: LID 0000 QPN 0x0ad8 PSN 0xce7384 RKey 0x034400 VAddr 0x007f6d20259000
 GID: 00:00:00:00:00:00:00:00:00:00:255:255:10:01:01:02
 remote address: LID 0000 QPN 0x0ad9 PSN 0x5d7e5c RKey 0x034400 VAddr 0x007f6d20269000
 GID: 00:00:00:00:00:00:00:00:00:00:255:255:10:01:01:02
 remote address: LID 0000 QPN 0x0ada PSN 0xeafe65 RKey 0x034400 VAddr 0x007f6d20279000
 GID: 00:00:00:00:00:00:00:00:00:00:255:255:10:01:01:02
 remote address: LID 0000 QPN 0x0adb PSN 0x344e1f RKey 0x034400 VAddr 0x007f6d20289000
 GID: 00:00:00:00:00:00:00:00:00:00:255:255:10:01:01:02
 remote address: LID 0000 QPN 0x0adc PSN 0x592036 RKey 0x034400 VAddr 0x007f6d20299000
 GID: 00:00:00:00:00:00:00:00:00:00:255:255:10:01:01:02
 remote address: LID 0000 QPN 0x0add PSN 0x8aacb RKey 0x034400 VAddr 0x007f6d202a9000
 GID: 00:00:00:00:00:00:00:00:00:00:255:255:10:01:01:02
 remote address: LID 0000 QPN 0x0ade PSN 0x568f54 RKey 0x034400 VAddr 0x007f6d202b9000
 GID: 00:00:00:00:00:00:00:00:00:00:255:255:10:01:01:02
 remote address: LID 0000 QPN 0x0adf PSN 0xfa1e2a RKey 0x034400 VAddr 0x007f6d202c9000
 GID: 00:00:00:00:00:00:00:00:00:00:255:255:10:01:01:02
 remote address: LID 0000 QPN 0x0ae0 PSN 0xad02db RKey 0x034400 VAddr 0x007f6d202d9000
 GID: 00:00:00:00:00:00:00:00:00:00:255:255:10:01:01:02
 remote address: LID 0000 QPN 0x0ae1 PSN 0xe17e61 RKey 0x034400 VAddr 0x007f6d202e9000
 GID: 00:00:00:00:00:00:00:00:00:00:255:255:10:01:01:02
 remote address: LID 0000 QPN 0x0ae2 PSN 0xbdc3a9 RKey 0x034400 VAddr 0x007f6d202f9000
 GID: 00:00:00:00:00:00:00:00:00:00:255:255:10:01:01:02
 remote address: LID 0000 QPN 0x0ae3 PSN 0x4c462f RKey 0x034400 VAddr 0x007f6d20309000
 GID: 00:00:00:00:00:00:00:00:00:00:255:255:10:01:01:02
 remote address: LID 0000 QPN 0x0ae4 PSN 0xf03ad8 RKey 0x034400 VAddr 0x007f6d20319000
 GID: 00:00:00:00:00:00:00:00:00:00:255:255:10:01:01:02
 remote address: LID 0000 QPN 0x0ae5 PSN 0x944fa8 RKey 0x034400 VAddr 0x007f6d20329000
 GID: 00:00:00:00:00:00:00:00:00:00:255:255:10:01:01:02
 remote address: LID 0000 QPN 0x0ae6 PSN 0x1116cd RKey 0x034400 VAddr 0x007f6d20339000
 GID: 00:00:00:00:00:00:00:00:00:00:255:255:10:01:01:02
 remote address: LID 0000 QPN 0x0ae7 PSN 0x247dad RKey 0x034400 VAddr 0x007f6d20349000
 GID: 00:00:00:00:00:00:00:00:00:00:255:255:10:01:01:02
 remote address: LID 0000 QPN 0x0ae8 PSN 0x313eb0 RKey 0x034400 VAddr 0x007f6d20359000
 GID: 00:00:00:00:00:00:00:00:00:00:255:255:10:01:01:02
 remote address: LID 0000 QPN 0x0ae9 PSN 0xaf2aab RKey 0x034400 VAddr 0x007f6d20369000
 GID: 00:00:00:00:00:00:00:00:00:00:255:255:10:01:01:02
 remote address: LID 0000 QPN 0x0aea PSN 0x701b9b RKey 0x034400 VAddr 0x007f6d20379000
 GID: 00:00:00:00:00:00:00:00:00:00:255:255:10:01:01:02
 remote address: LID 0000 QPN 0x0aeb PSN 0xf2da22 RKey 0x034400 VAddr 0x007f6d20389000
 GID: 00:00:00:00:00:00:00:00:00:00:255:255:10:01:01:02
 remote address: LID 0000 QPN 0x0aec PSN 0x95a796 RKey 0x034400 VAddr 0x007f6d20399000
 GID: 00:00:00:00:00:00:00:00:00:00:255:255:10:01:01:02
 remote address: LID 0000 QPN 0x0aed PSN 0xa476b5 RKey 0x034400 VAddr 0x007f6d203a9000
 GID: 00:00:00:00:00:00:00:00:00:00:255:255:10:01:01:02
 remote address: LID 0000 QPN 0x0aee PSN 0xe5bfd RKey 0x034400 VAddr 0x007f6d203b9000
 GID: 00:00:00:00:00:00:00:00:00:00:255:255:10:01:01:02
 remote address: LID 0000 QPN 0x0aef PSN 0xed5f96 RKey 0x034400 VAddr 0x007f6d203c9000
 GID: 00:00:00:00:00:00:00:00:00:00:255:255:10:01:01:02
 remote address: LID 0000 QPN 0x0af0 PSN 0xb5eb93 RKey 0x034400 VAddr 0x007f6d203d9000
 GID: 00:00:00:00:00:00:00:00:00:00:255:255:10:01:01:02
 remote address: LID 0000 QPN 0x0af1 PSN 0xd2f632 RKey 0x034400 VAddr 0x007f6d203e9000
 GID: 00:00:00:00:00:00:00:00:00:00:255:255:10:01:01:02
 remote address: LID 0000 QPN 0x0af2 PSN 0xd85826 RKey 0x034400 VAddr 0x007f6d203f9000
 GID: 00:00:00:00:00:00:00:00:00:00:255:255:10:01:01:02
 remote address: LID 0000 QPN 0x0af3 PSN 0x16c850 RKey 0x034400 VAddr 0x007f6d20409000
 GID: 00:00:00:00:00:00:00:00:00:00:255:255:10:01:01:02
 remote address: LID 0000 QPN 0x0af4 PSN 0x25050 RKey 0x034400 VAddr 0x007f6d20419000
 GID: 00:00:00:00:00:00:00:00:00:00:255:255:10:01:01:02
 remote address: LID 0000 QPN 0x0af5 PSN 0xdaa2b3 RKey 0x034400 VAddr 0x007f6d20429000
 GID: 00:00:00:00:00:00:00:00:00:00:255:255:10:01:01:02
 remote address: LID 0000 QPN 0x0af6 PSN 0x16ff69 RKey 0x034400 VAddr 0x007f6d20439000
 GID: 00:00:00:00:00:00:00:00:00:00:255:255:10:01:01:02
 remote address: LID 0000 QPN 0x0af7 PSN 0x64d5ac RKey 0x034400 VAddr 0x007f6d20449000
 GID: 00:00:00:00:00:00:00:00:00:00:255:255:10:01:01:02
 remote address: LID 0000 QPN 0x0af8 PSN 0x480081 RKey 0x034400 VAddr 0x007f6d20459000
 GID: 00:00:00:00:00:00:00:00:00:00:255:255:10:01:01:02
 remote address: LID 0000 QPN 0x0af9 PSN 0x3c070d RKey 0x034400 VAddr 0x007f6d20469000
 GID: 00:00:00:00:00:00:00:00:00:00:255:255:10:01:01:02
 remote address: LID 0000 QPN 0x0afa PSN 0x9b9cb5 RKey 0x034400 VAddr 0x007f6d20479000
 GID: 00:00:00:00:00:00:00:00:00:00:255:255:10:01:01:02
 remote address: LID 0000 QPN 0x0afb PSN 0x619c05 RKey 0x034400 VAddr 0x007f6d20489000
 GID: 00:00:00:00:00:00:00:00:00:00:255:255:10:01:01:02
 remote address: LID 0000 QPN 0x0afc PSN 0xb1cdee RKey 0x034400 VAddr 0x007f6d20499000
 GID: 00:00:00:00:00:00:00:00:00:00:255:255:10:01:01:02
 remote address: LID 0000 QPN 0x0afd PSN 0x37d9a0 RKey 0x034400 VAddr 0x007f6d204a9000
 GID: 00:00:00:00:00:00:00:00:00:00:255:255:10:01:01:02
 remote address: LID 0000 QPN 0x0afe PSN 0x63d0ae RKey 0x034400 VAddr 0x007f6d204b9000
 GID: 00:00:00:00:00:00:00:00:00:00:255:255:10:01:01:02
 remote address: LID 0000 QPN 0x0aff PSN 0xa85bcc RKey 0x034400 VAddr 0x007f6d204c9000
 GID: 00:00:00:00:00:00:00:00:00:00:255:255:10:01:01:02
 remote address: LID 0000 QPN 0x0b00 PSN 0x8eca1f RKey 0x034400 VAddr 0x007f6d204d9000
 GID: 00:00:00:00:00:00:00:00:00:00:255:255:10:01:01:02
 remote address: LID 0000 QPN 0x0b01 PSN 0x3eb8b5 RKey 0x034400 VAddr 0x007f6d204e9000
 GID: 00:00:00:00:00:00:00:00:00:00:255:255:10:01:01:02
 remote address: LID 0000 QPN 0x0b02 PSN 0xc4d368 RKey 0x034400 VAddr 0x007f6d204f9000
 GID: 00:00:00:00:00:00:00:00:00:00:255:255:10:01:01:02
 remote address: LID 0000 QPN 0x0b03 PSN 0xd599ba RKey 0x034400 VAddr 0x007f6d20509000
 GID: 00:00:00:00:00:00:00:00:00:00:255:255:10:01:01:02
 remote address: LID 0000 QPN 0x0b04 PSN 0x617fa4 RKey 0x034400 VAddr 0x007f6d20519000
 GID: 00:00:00:00:00:00:00:00:00:00:255:255:10:01:01:02
 remote address: LID 0000 QPN 0x0b05 PSN 0x1d0b01 RKey 0x034400 VAddr 0x007f6d20529000
 GID: 00:00:00:00:00:00:00:00:00:00:255:255:10:01:01:02
 remote address: LID 0000 QPN 0x0b06 PSN 0xa6d7c2 RKey 0x034400 VAddr 0x007f6d20539000
 GID: 00:00:00:00:00:00:00:00:00:00:255:255:10:01:01:02
 remote address: LID 0000 QPN 0x0b07 PSN 0xb4822 RKey 0x034400 VAddr 0x007f6d20549000
 GID: 00:00:00:00:00:00:00:00:00:00:255:255:10:01:01:02
 remote address: LID 0000 QPN 0x0b08 PSN 0xdd35fe RKey 0x034400 VAddr 0x007f6d20559000
 GID: 00:00:00:00:00:00:00:00:00:00:255:255:10:01:01:02
 remote address: LID 0000 QPN 0x0b09 PSN 0x8d2647 RKey 0x034400 VAddr 0x007f6d20569000
 GID: 00:00:00:00:00:00:00:00:00:00:255:255:10:01:01:02
 remote address: LID 0000 QPN 0x0b0a PSN 0xcd0a5d RKey 0x034400 VAddr 0x007f6d20579000
 GID: 00:00:00:00:00:00:00:00:00:00:255:255:10:01:01:02
 remote address: LID 0000 QPN 0x0b0b PSN 0x24f35f RKey 0x034400 VAddr 0x007f6d20589000
 GID: 00:00:00:00:00:00:00:00:00:00:255:255:10:01:01:02
 remote address: LID 0000 QPN 0x0b0c PSN 0x234a2e RKey 0x034400 VAddr 0x007f6d20599000
 GID: 00:00:00:00:00:00:00:00:00:00:255:255:10:01:01:02
 remote address: LID 0000 QPN 0x0b0d PSN 0x19fe19 RKey 0x034400 VAddr 0x007f6d205a9000
 GID: 00:00:00:00:00:00:00:00:00:00:255:255:10:01:01:02
 remote address: LID 0000 QPN 0x0b0e PSN 0x344638 RKey 0x034400 VAddr 0x007f6d205b9000
 GID: 00:00:00:00:00:00:00:00:00:00:255:255:10:01:01:02
 remote address: LID 0000 QPN 0x0b0f PSN 0x45036d RKey 0x034400 VAddr 0x007f6d205c9000
 GID: 00:00:00:00:00:00:00:00:00:00:255:255:10:01:01:02
 remote address: LID 0000 QPN 0x0b10 PSN 0x6945d7 RKey 0x034400 VAddr 0x007f6d205d9000
 GID: 00:00:00:00:00:00:00:00:00:00:255:255:10:01:01:02
 remote address: LID 0000 QPN 0x0b11 PSN 0x5ebcbe RKey 0x034400 VAddr 0x007f6d205e9000
 GID: 00:00:00:00:00:00:00:00:00:00:255:255:10:01:01:02
 remote address: LID 0000 QPN 0x0b12 PSN 0xda38e9 RKey 0x034400 VAddr 0x007f6d205f9000
 GID: 00:00:00:00:00:00:00:00:00:00:255:255:10:01:01:02
 remote address: LID 0000 QPN 0x0b13 PSN 0xa34494 RKey 0x034400 VAddr 0x007f6d20609000
 GID: 00:00:00:00:00:00:00:00:00:00:255:255:10:01:01:02
 remote address: LID 0000 QPN 0x0b14 PSN 0xd0ff12 RKey 0x034400 VAddr 0x007f6d20619000
 GID: 00:00:00:00:00:00:00:00:00:00:255:255:10:01:01:02
 remote address: LID 0000 QPN 0x0b15 PSN 0xd3c82f RKey 0x034400 VAddr 0x007f6d20629000
 GID: 00:00:00:00:00:00:00:00:00:00:255:255:10:01:01:02
 remote address: LID 0000 QPN 0x0b16 PSN 0x60507a RKey 0x034400 VAddr 0x007f6d20639000
 GID: 00:00:00:00:00:00:00:00:00:00:255:255:10:01:01:02
 remote address: LID 0000 QPN 0x0b17 PSN 0x96093f RKey 0x034400 VAddr 0x007f6d20649000
 GID: 00:00:00:00:00:00:00:00:00:00:255:255:10:01:01:02
 remote address: LID 0000 QPN 0x0b18 PSN 0x46aace RKey 0x034400 VAddr 0x007f6d20659000
 GID: 00:00:00:00:00:00:00:00:00:00:255:255:10:01:01:02
 remote address: LID 0000 QPN 0x0b19 PSN 0x9fd53c RKey 0x034400 VAddr 0x007f6d20669000
 GID: 00:00:00:00:00:00:00:00:00:00:255:255:10:01:01:02
 remote address: LID 0000 QPN 0x0b1a PSN 0x996cde RKey 0x034400 VAddr 0x007f6d20679000
 GID: 00:00:00:00:00:00:00:00:00:00:255:255:10:01:01:02
 remote address: LID 0000 QPN 0x0b1b PSN 0xd256eb RKey 0x034400 VAddr 0x007f6d20689000
 GID: 00:00:00:00:00:00:00:00:00:00:255:255:10:01:01:02
 remote address: LID 0000 QPN 0x0b1c PSN 0x4d6be2 RKey 0x034400 VAddr 0x007f6d20699000
 GID: 00:00:00:00:00:00:00:00:00:00:255:255:10:01:01:02
 remote address: LID 0000 QPN 0x0b1d PSN 0x6bcacc RKey 0x034400 VAddr 0x007f6d206a9000
 GID: 00:00:00:00:00:00:00:00:00:00:255:255:10:01:01:02
 remote address: LID 0000 QPN 0x0b1e PSN 0xc6ef0f RKey 0x034400 VAddr 0x007f6d206b9000
 GID: 00:00:00:00:00:00:00:00:00:00:255:255:10:01:01:02
 remote address: LID 0000 QPN 0x0b1f PSN 0xf4b03b RKey 0x034400 VAddr 0x007f6d206c9000
 GID: 00:00:00:00:00:00:00:00:00:00:255:255:10:01:01:02
 remote address: LID 0000 QPN 0x0b20 PSN 0x6188b1 RKey 0x034400 VAddr 0x007f6d206d9000
 GID: 00:00:00:00:00:00:00:00:00:00:255:255:10:01:01:02
 remote address: LID 0000 QPN 0x0b21 PSN 0x225741 RKey 0x034400 VAddr 0x007f6d206e9000
 GID: 00:00:00:00:00:00:00:00:00:00:255:255:10:01:01:02
 remote address: LID 0000 QPN 0x0b22 PSN 0xb95fc5 RKey 0x034400 VAddr 0x007f6d206f9000
 GID: 00:00:00:00:00:00:00:00:00:00:255:255:10:01:01:02
 remote address: LID 0000 QPN 0x0b23 PSN 0xab2e28 RKey 0x034400 VAddr 0x007f6d20709000
 GID: 00:00:00:00:00:00:00:00:00:00:255:255:10:01:01:02
 remote address: LID 0000 QPN 0x0b24 PSN 0xa01179 RKey 0x034400 VAddr 0x007f6d20719000
 GID: 00:00:00:00:00:00:00:00:00:00:255:255:10:01:01:02
 remote address: LID 0000 QPN 0x0b25 PSN 0xf039fa RKey 0x034400 VAddr 0x007f6d20729000
 GID: 00:00:00:00:00:00:00:00:00:00:255:255:10:01:01:02
 remote address: LID 0000 QPN 0x0b26 PSN 0xd287d4 RKey 0x034400 VAddr 0x007f6d20739000
 GID: 00:00:00:00:00:00:00:00:00:00:255:255:10:01:01:02
 remote address: LID 0000 QPN 0x0b27 PSN 0x72ba55 RKey 0x034400 VAddr 0x007f6d20749000
 GID: 00:00:00:00:00:00:00:00:00:00:255:255:10:01:01:02
 remote address: LID 0000 QPN 0x0b28 PSN 0x566138 RKey 0x034400 VAddr 0x007f6d20759000
 GID: 00:00:00:00:00:00:00:00:00:00:255:255:10:01:01:02
 remote address: LID 0000 QPN 0x0b29 PSN 0xe862f2 RKey 0x034400 VAddr 0x007f6d20769000
 GID: 00:00:00:00:00:00:00:00:00:00:255:255:10:01:01:02
 remote address: LID 0000 QPN 0x0b2a PSN 0xaa7423 RKey 0x034400 VAddr 0x007f6d20779000
 GID: 00:00:00:00:00:00:00:00:00:00:255:255:10:01:01:02
 remote address: LID 0000 QPN 0x0b2b PSN 0xe45c80 RKey 0x034400 VAddr 0x007f6d20789000
 GID: 00:00:00:00:00:00:00:00:00:00:255:255:10:01:01:02
 remote address: LID 0000 QPN 0x0b2c PSN 0x98833b RKey 0x034400 VAddr 0x007f6d20799000
 GID: 00:00:00:00:00:00:00:00:00:00:255:255:10:01:01:02
 remote address: LID 0000 QPN 0x0b2d PSN 0x7f2a85 RKey 0x034400 VAddr 0x007f6d207a9000
 GID: 00:00:00:00:00:00:00:00:00:00:255:255:10:01:01:02
 remote address: LID 0000 QPN 0x0b2e PSN 0x767f44 RKey 0x034400 VAddr 0x007f6d207b9000
 GID: 00:00:00:00:00:00:00:00:00:00:255:255:10:01:01:02
 remote address: LID 0000 QPN 0x0b2f PSN 0x2cad15 RKey 0x034400 VAddr 0x007f6d207c9000
 GID: 00:00:00:00:00:00:00:00:00:00:255:255:10:01:01:02
 remote address: LID 0000 QPN 0x0b30 PSN 0xa42744 RKey 0x034400 VAddr 0x007f6d207d9000
 GID: 00:00:00:00:00:00:00:00:00:00:255:255:10:01:01:02
 remote address: LID 0000 QPN 0x0b31 PSN 0xc20353 RKey 0x034400 VAddr 0x007f6d207e9000
 GID: 00:00:00:00:00:00:00:00:00:00:255:255:10:01:01:02
 remote address: LID 0000 QPN 0x0b32 PSN 0xe91ab5 RKey 0x034400 VAddr 0x007f6d207f9000
 GID: 00:00:00:00:00:00:00:00:00:00:255:255:10:01:01:02
 remote address: LID 0000 QPN 0x0b33 PSN 0x969edd RKey 0x034400 VAddr 0x007f6d20809000
 GID: 00:00:00:00:00:00:00:00:00:00:255:255:10:01:01:02
 remote address: LID 0000 QPN 0x0b34 PSN 0x466e57 RKey 0x034400 VAddr 0x007f6d20819000
 GID: 00:00:00:00:00:00:00:00:00:00:255:255:10:01:01:02
 remote address: LID 0000 QPN 0x0b35 PSN 0xe5283d RKey 0x034400 VAddr 0x007f6d20829000
 GID: 00:00:00:00:00:00:00:00:00:00:255:255:10:01:01:02
 remote address: LID 0000 QPN 0x0b36 PSN 0xb2b1b2 RKey 0x034400 VAddr 0x007f6d20839000
 GID: 00:00:00:00:00:00:00:00:00:00:255:255:10:01:01:02
 remote address: LID 0000 QPN 0x0b37 PSN 0x33f1d3 RKey 0x034400 VAddr 0x007f6d20849000
 GID: 00:00:00:00:00:00:00:00:00:00:255:255:10:01:01:02
 remote address: LID 0000 QPN 0x0b38 PSN 0x557a21 RKey 0x034400 VAddr 0x007f6d20859000
 GID: 00:00:00:00:00:00:00:00:00:00:255:255:10:01:01:02
 remote address: LID 0000 QPN 0x0b39 PSN 0x96e88d RKey 0x034400 VAddr 0x007f6d20869000
 GID: 00:00:00:00:00:00:00:00:00:00:255:255:10:01:01:02
 remote address: LID 0000 QPN 0x0b3a PSN 0xb79fb5 RKey 0x034400 VAddr 0x007f6d20879000
 GID: 00:00:00:00:00:00:00:00:00:00:255:255:10:01:01:02
 remote address: LID 0000 QPN 0x0b3b PSN 0xc0c117 RKey 0x034400 VAddr 0x007f6d20889000
 GID: 00:00:00:00:00:00:00:00:00:00:255:255:10:01:01:02
 remote address: LID 0000 QPN 0x0b3c PSN 0x334906 RKey 0x034400 VAddr 0x007f6d20899000
 GID: 00:00:00:00:00:00:00:00:00:00:255:255:10:01:01:02
 remote address: LID 0000 QPN 0x0b3d PSN 0xa05432 RKey 0x034400 VAddr 0x007f6d208a9000
 GID: 00:00:00:00:00:00:00:00:00:00:255:255:10:01:01:02
 remote address: LID 0000 QPN 0x0b3e PSN 0x14d48c RKey 0x034400 VAddr 0x007f6d208b9000
 GID: 00:00:00:00:00:00:00:00:00:00:255:255:10:01:01:02
 remote address: LID 0000 QPN 0x0b3f PSN 0x4bdfc RKey 0x034400 VAddr 0x007f6d208c9000
 GID: 00:00:00:00:00:00:00:00:00:00:255:255:10:01:01:02
 remote address: LID 0000 QPN 0x0b40 PSN 0xde08c6 RKey 0x034400 VAddr 0x007f6d208d9000
 GID: 00:00:00:00:00:00:00:00:00:00:255:255:10:01:01:02
 remote address: LID 0000 QPN 0x0b41 PSN 0xd52a28 RKey 0x034400 VAddr 0x007f6d208e9000
 GID: 00:00:00:00:00:00:00:00:00:00:255:255:10:01:01:02
 remote address: LID 0000 QPN 0x0b42 PSN 0xcc6014 RKey 0x034400 VAddr 0x007f6d208f9000
 GID: 00:00:00:00:00:00:00:00:00:00:255:255:10:01:01:02
 remote address: LID 0000 QPN 0x0b43 PSN 0x4bca3c RKey 0x034400 VAddr 0x007f6d20909000
 GID: 00:00:00:00:00:00:00:00:00:00:255:255:10:01:01:02
 remote address: LID 0000 QPN 0x0b44 PSN 0xeaa9ca RKey 0x034400 VAddr 0x007f6d20919000
 GID: 00:00:00:00:00:00:00:00:00:00:255:255:10:01:01:02
 remote address: LID 0000 QPN 0x0b45 PSN 0x510af6 RKey 0x034400 VAddr 0x007f6d20929000
 GID: 00:00:00:00:00:00:00:00:00:00:255:255:10:01:01:02
 remote address: LID 0000 QPN 0x0b46 PSN 0xcbf97 RKey 0x034400 VAddr 0x007f6d20939000
 GID: 00:00:00:00:00:00:00:00:00:00:255:255:10:01:01:02
 remote address: LID 0000 QPN 0x0b47 PSN 0x38c34b RKey 0x034400 VAddr 0x007f6d20949000
 GID: 00:00:00:00:00:00:00:00:00:00:255:255:10:01:01:02
 remote address: LID 0000 QPN 0x0b48 PSN 0x891d11 RKey 0x034400 VAddr 0x007f6d20959000
 GID: 00:00:00:00:00:00:00:00:00:00:255:255:10:01:01:02
 remote address: LID 0000 QPN 0x0b49 PSN 0x9e1151 RKey 0x034400 VAddr 0x007f6d20969000
 GID: 00:00:00:00:00:00:00:00:00:00:255:255:10:01:01:02
 remote address: LID 0000 QPN 0x0b4a PSN 0x1966c0 RKey 0x034400 VAddr 0x007f6d20979000
 GID: 00:00:00:00:00:00:00:00:00:00:255:255:10:01:01:02
 remote address: LID 0000 QPN 0x0b4b PSN 0x5070c8 RKey 0x034400 VAddr 0x007f6d20989000
 GID: 00:00:00:00:00:00:00:00:00:00:255:255:10:01:01:02
 remote address: LID 0000 QPN 0x0b4c PSN 0xfe46b2 RKey 0x034400 VAddr 0x007f6d20999000
 GID: 00:00:00:00:00:00:00:00:00:00:255:255:10:01:01:02
 remote address: LID 0000 QPN 0x0b4d PSN 0xc112de RKey 0x034400 VAddr 0x007f6d209a9000
 GID: 00:00:00:00:00:00:00:00:00:00:255:255:10:01:01:02
 remote address: LID 0000 QPN 0x0b4e PSN 0x889e37 RKey 0x034400 VAddr 0x007f6d209b9000
 GID: 00:00:00:00:00:00:00:00:00:00:255:255:10:01:01:02
 remote address: LID 0000 QPN 0x0b4f PSN 0x47a810 RKey 0x034400 VAddr 0x007f6d209c9000
 GID: 00:00:00:00:00:00:00:00:00:00:255:255:10:01:01:02
 remote address: LID 0000 QPN 0x0b50 PSN 0x764f0d RKey 0x034400 VAddr 0x007f6d209d9000
 GID: 00:00:00:00:00:00:00:00:00:00:255:255:10:01:01:02
 remote address: LID 0000 QPN 0x0b51 PSN 0x69eb15 RKey 0x034400 VAddr 0x007f6d209e9000
 GID: 00:00:00:00:00:00:00:00:00:00:255:255:10:01:01:02
 remote address: LID 0000 QPN 0x0b52 PSN 0x7271dd RKey 0x034400 VAddr 0x007f6d209f9000
 GID: 00:00:00:00:00:00:00:00:00:00:255:255:10:01:01:02
 remote address: LID 0000 QPN 0x0b53 PSN 0x7ed6ed RKey 0x034400 VAddr 0x007f6d20a09000
 GID: 00:00:00:00:00:00:00:00:00:00:255:255:10:01:01:02
 remote address: LID 0000 QPN 0x0b54 PSN 0x529c92 RKey 0x034400 VAddr 0x007f6d20a19000
 GID: 00:00:00:00:00:00:00:00:00:00:255:255:10:01:01:02
 remote address: LID 0000 QPN 0x0b55 PSN 0xca5241 RKey 0x034400 VAddr 0x007f6d20a29000
 GID: 00:00:00:00:00:00:00:00:00:00:255:255:10:01:01:02
 remote address: LID 0000 QPN 0x0b56 PSN 0xee08a5 RKey 0x034400 VAddr 0x007f6d20a39000
 GID: 00:00:00:00:00:00:00:00:00:00:255:255:10:01:01:02
 remote address: LID 0000 QPN 0x0b57 PSN 0x46476c RKey 0x034400 VAddr 0x007f6d20a49000
 GID: 00:00:00:00:00:00:00:00:00:00:255:255:10:01:01:02
 remote address: LID 0000 QPN 0x0b58 PSN 0xc1602d RKey 0x034400 VAddr 0x007f6d20a59000
 GID: 00:00:00:00:00:00:00:00:00:00:255:255:10:01:01:02
 remote address: LID 0000 QPN 0x0b59 PSN 0xfbe2a4 RKey 0x034400 VAddr 0x007f6d20a69000
 GID: 00:00:00:00:00:00:00:00:00:00:255:255:10:01:01:02
 remote address: LID 0000 QPN 0x0b5a PSN 0x76600d RKey 0x034400 VAddr 0x007f6d20a79000
 GID: 00:00:00:00:00:00:00:00:00:00:255:255:10:01:01:02
 remote address: LID 0000 QPN 0x0b5b PSN 0xa98ecc RKey 0x034400 VAddr 0x007f6d20a89000
 GID: 00:00:00:00:00:00:00:00:00:00:255:255:10:01:01:02
 remote address: LID 0000 QPN 0x0b5c PSN 0x213e4d RKey 0x034400 VAddr 0x007f6d20a99000
 GID: 00:00:00:00:00:00:00:00:00:00:255:255:10:01:01:02
 remote address: LID 0000 QPN 0x0b5d PSN 0x860db7 RKey 0x034400 VAddr 0x007f6d20aa9000
 GID: 00:00:00:00:00:00:00:00:00:00:255:255:10:01:01:02
 remote address: LID 0000 QPN 0x0b5e PSN 0x250538 RKey 0x034400 VAddr 0x007f6d20ab9000
 GID: 00:00:00:00:00:00:00:00:00:00:255:255:10:01:01:02
 remote address: LID 0000 QPN 0x0b5f PSN 0xb5b992 RKey 0x034400 VAddr 0x007f6d20ac9000
 GID: 00:00:00:00:00:00:00:00:00:00:255:255:10:01:01:02
 remote address: LID 0000 QPN 0x0b60 PSN 0x123e90 RKey 0x034400 VAddr 0x007f6d20ad9000
 GID: 00:00:00:00:00:00:00:00:00:00:255:255:10:01:01:02
 remote address: LID 0000 QPN 0x0b61 PSN 0x9ee38e RKey 0x034400 VAddr 0x007f6d20ae9000
 GID: 00:00:00:00:00:00:00:00:00:00:255:255:10:01:01:02
 remote address: LID 0000 QPN 0x0b62 PSN 0xc105aa RKey 0x034400 VAddr 0x007f6d20af9000
 GID: 00:00:00:00:00:00:00:00:00:00:255:255:10:01:01:02
 remote address: LID 0000 QPN 0x0b63 PSN 0x94e6ba RKey 0x034400 VAddr 0x007f6d20b09000
 GID: 00:00:00:00:00:00:00:00:00:00:255:255:10:01:01:02
 remote address: LID 0000 QPN 0x0b64 PSN 0xbdcc0d RKey 0x034400 VAddr 0x007f6d20b19000
 GID: 00:00:00:00:00:00:00:00:00:00:255:255:10:01:01:02
 remote address: LID 0000 QPN 0x0b65 PSN 0x4dae5a RKey 0x034400 VAddr 0x007f6d20b29000
 GID: 00:00:00:00:00:00:00:00:00:00:255:255:10:01:01:02
 remote address: LID 0000 QPN 0x0b66 PSN 0x9f19f RKey 0x034400 VAddr 0x007f6d20b39000
 GID: 00:00:00:00:00:00:00:00:00:00:255:255:10:01:01:02
 remote address: LID 0000 QPN 0x0b67 PSN 0x932408 RKey 0x034400 VAddr 0x007f6d20b49000
 GID: 00:00:00:00:00:00:00:00:00:00:255:255:10:01:01:02
 remote address: LID 0000 QPN 0x0b68 PSN 0x72303d RKey 0x034400 VAddr 0x007f6d20b59000
 GID: 00:00:00:00:00:00:00:00:00:00:255:255:10:01:01:02
 remote address: LID 0000 QPN 0x0b69 PSN 0xc48409 RKey 0x034400 VAddr 0x007f6d20b69000
 GID: 00:00:00:00:00:00:00:00:00:00:255:255:10:01:01:02
 remote address: LID 0000 QPN 0x0b6a PSN 0xa6a08 RKey 0x034400 VAddr 0x007f6d20b79000
 GID: 00:00:00:00:00:00:00:00:00:00:255:255:10:01:01:02
 remote address: LID 0000 QPN 0x0b6b PSN 0x4b7d7c RKey 0x034400 VAddr 0x007f6d20b89000
 GID: 00:00:00:00:00:00:00:00:00:00:255:255:10:01:01:02
 remote address: LID 0000 QPN 0x0b6c PSN 0xca9286 RKey 0x034400 VAddr 0x007f6d20b99000
 GID: 00:00:00:00:00:00:00:00:00:00:255:255:10:01:01:02
 remote address: LID 0000 QPN 0x0b6d PSN 0x361008 RKey 0x034400 VAddr 0x007f6d20ba9000
 GID: 00:00:00:00:00:00:00:00:00:00:255:255:10:01:01:02
 remote address: LID 0000 QPN 0x0b6e PSN 0x3b5423 RKey 0x034400 VAddr 0x007f6d20bb9000
 GID: 00:00:00:00:00:00:00:00:00:00:255:255:10:01:01:02
 remote address: LID 0000 QPN 0x0b6f PSN 0xf951e3 RKey 0x034400 VAddr 0x007f6d20bc9000
 GID: 00:00:00:00:00:00:00:00:00:00:255:255:10:01:01:02
 remote address: LID 0000 QPN 0x0b70 PSN 0xe32666 RKey 0x034400 VAddr 0x007f6d20bd9000
 GID: 00:00:00:00:00:00:00:00:00:00:255:255:10:01:01:02
 remote address: LID 0000 QPN 0x0b71 PSN 0x3ef728 RKey 0x034400 VAddr 0x007f6d20be9000
 GID: 00:00:00:00:00:00:00:00:00:00:255:255:10:01:01:02
 remote address: LID 0000 QPN 0x0b72 PSN 0x786cb6 RKey 0x034400 VAddr 0x007f6d20bf9000
 GID: 00:00:00:00:00:00:00:00:00:00:255:255:10:01:01:02
 remote address: LID 0000 QPN 0x0b73 PSN 0x591e8a RKey 0x034400 VAddr 0x007f6d20c09000
 GID: 00:00:00:00:00:00:00:00:00:00:255:255:10:01:01:02
 remote address: LID 0000 QPN 0x0b74 PSN 0x29d238 RKey 0x034400 VAddr 0x007f6d20c19000
 GID: 00:00:00:00:00:00:00:00:00:00:255:255:10:01:01:02
 remote address: LID 0000 QPN 0x0b75 PSN 0xce579e RKey 0x034400 VAddr 0x007f6d20c29000
 GID: 00:00:00:00:00:00:00:00:00:00:255:255:10:01:01:02
 remote address: LID 0000 QPN 0x0b76 PSN 0xd894e7 RKey 0x034400 VAddr 0x007f6d20c39000
 GID: 00:00:00:00:00:00:00:00:00:00:255:255:10:01:01:02
 remote address: LID 0000 QPN 0x0b77 PSN 0xc5140e RKey 0x034400 VAddr 0x007f6d20c49000
 GID: 00:00:00:00:00:00:00:00:00:00:255:255:10:01:01:02
 remote address: LID 0000 QPN 0x0b78 PSN 0xd638a6 RKey 0x034400 VAddr 0x007f6d20c59000
 GID: 00:00:00:00:00:00:00:00:00:00:255:255:10:01:01:02
 remote address: LID 0000 QPN 0x0b79 PSN 0x6f0724 RKey 0x034400 VAddr 0x007f6d20c69000
 GID: 00:00:00:00:00:00:00:00:00:00:255:255:10:01:01:02
 remote address: LID 0000 QPN 0x0b7a PSN 0x7d2bb RKey 0x034400 VAddr 0x007f6d20c79000
 GID: 00:00:00:00:00:00:00:00:00:00:255:255:10:01:01:02
 remote address: LID 0000 QPN 0x0b7b PSN 0x6ce64f RKey 0x034400 VAddr 0x007f6d20c89000
 GID: 00:00:00:00:00:00:00:00:00:00:255:255:10:01:01:02
 remote address: LID 0000 QPN 0x0b7c PSN 0x98aeac RKey 0x034400 VAddr 0x007f6d20c99000
 GID: 00:00:00:00:00:00:00:00:00:00:255:255:10:01:01:02
 remote address: LID 0000 QPN 0x0b7d PSN 0xb513e RKey 0x034400 VAddr 0x007f6d20ca9000
 GID: 00:00:00:00:00:00:00:00:00:00:255:255:10:01:01:02
 remote address: LID 0000 QPN 0x0b7e PSN 0x669f29 RKey 0x034400 VAddr 0x007f6d20cb9000
 GID: 00:00:00:00:00:00:00:00:00:00:255:255:10:01:01:02
 remote address: LID 0000 QPN 0x0b7f PSN 0xcd6983 RKey 0x034400 VAddr 0x007f6d20cc9000
 GID: 00:00:00:00:00:00:00:00:00:00:255:255:10:01:01:02
 remote address: LID 0000 QPN 0x0b80 PSN 0x3e4844 RKey 0x034400 VAddr 0x007f6d20cd9000
 GID: 00:00:00:00:00:00:00:00:00:00:255:255:10:01:01:02
 remote address: LID 0000 QPN 0x0b81 PSN 0xdf1797 RKey 0x034400 VAddr 0x007f6d20ce9000
 GID: 00:00:00:00:00:00:00:00:00:00:255:255:10:01:01:02
 remote address: LID 0000 QPN 0x0b82 PSN 0x91bbda RKey 0x034400 VAddr 0x007f6d20cf9000
 GID: 00:00:00:00:00:00:00:00:00:00:255:255:10:01:01:02
 remote address: LID 0000 QPN 0x0b83 PSN 0x3ae66 RKey 0x034400 VAddr 0x007f6d20d09000
 GID: 00:00:00:00:00:00:00:00:00:00:255:255:10:01:01:02
 remote address: LID 0000 QPN 0x0b84 PSN 0x80c5b4 RKey 0x034400 VAddr 0x007f6d20d19000
 GID: 00:00:00:00:00:00:00:00:00:00:255:255:10:01:01:02
 remote address: LID 0000 QPN 0x0b85 PSN 0x68568a RKey 0x034400 VAddr 0x007f6d20d29000
 GID: 00:00:00:00:00:00:00:00:00:00:255:255:10:01:01:02
 remote address: LID 0000 QPN 0x0b86 PSN 0xaf6a80 RKey 0x034400 VAddr 0x007f6d20d39000
 GID: 00:00:00:00:00:00:00:00:00:00:255:255:10:01:01:02
 remote address: LID 0000 QPN 0x0b87 PSN 0x606f8f RKey 0x034400 VAddr 0x007f6d20d49000
 GID: 00:00:00:00:00:00:00:00:00:00:255:255:10:01:01:02
 remote address: LID 0000 QPN 0x0b88 PSN 0x9bcb70 RKey 0x034400 VAddr 0x007f6d20d59000
 GID: 00:00:00:00:00:00:00:00:00:00:255:255:10:01:01:02
 remote address: LID 0000 QPN 0x0b89 PSN 0xe42fbc RKey 0x034400 VAddr 0x007f6d20d69000
 GID: 00:00:00:00:00:00:00:00:00:00:255:255:10:01:01:02
 remote address: LID 0000 QPN 0x0b8a PSN 0x927fd0 RKey 0x034400 VAddr 0x007f6d20d79000
 GID: 00:00:00:00:00:00:00:00:00:00:255:255:10:01:01:02
 remote address: LID 0000 QPN 0x0b8b PSN 0xdbc1de RKey 0x034400 VAddr 0x007f6d20d89000
 GID: 00:00:00:00:00:00:00:00:00:00:255:255:10:01:01:02
 remote address: LID 0000 QPN 0x0b8c PSN 0x2d6ead RKey 0x034400 VAddr 0x007f6d20d99000
 GID: 00:00:00:00:00:00:00:00:00:00:255:255:10:01:01:02
 remote address: LID 0000 QPN 0x0b8d PSN 0x66bce6 RKey 0x034400 VAddr 0x007f6d20da9000
 GID: 00:00:00:00:00:00:00:00:00:00:255:255:10:01:01:02
 remote address: LID 0000 QPN 0x0b8e PSN 0x116c1d RKey 0x034400 VAddr 0x007f6d20db9000
 GID: 00:00:00:00:00:00:00:00:00:00:255:255:10:01:01:02
 remote address: LID 0000 QPN 0x0b8f PSN 0xd61a12 RKey 0x034400 VAddr 0x007f6d20dc9000
 GID: 00:00:00:00:00:00:00:00:00:00:255:255:10:01:01:02
 remote address: LID 0000 QPN 0x0b90 PSN 0xfec083 RKey 0x034400 VAddr 0x007f6d20dd9000
 GID: 00:00:00:00:00:00:00:00:00:00:255:255:10:01:01:02
 remote address: LID 0000 QPN 0x0b91 PSN 0xfe0cb0 RKey 0x034400 VAddr 0x007f6d20de9000
 GID: 00:00:00:00:00:00:00:00:00:00:255:255:10:01:01:02
 remote address: LID 0000 QPN 0x0b92 PSN 0x76f393 RKey 0x034400 VAddr 0x007f6d20df9000
 GID: 00:00:00:00:00:00:00:00:00:00:255:255:10:01:01:02
 remote address: LID 0000 QPN 0x0b93 PSN 0x12d977 RKey 0x034400 VAddr 0x007f6d20e09000
 GID: 00:00:00:00:00:00:00:00:00:00:255:255:10:01:01:02
 remote address: LID 0000 QPN 0x0b94 PSN 0x31a1bd RKey 0x034400 VAddr 0x007f6d20e19000
 GID: 00:00:00:00:00:00:00:00:00:00:255:255:10:01:01:02
 remote address: LID 0000 QPN 0x0b95 PSN 0xb4cbb9 RKey 0x034400 VAddr 0x007f6d20e29000
 GID: 00:00:00:00:00:00:00:00:00:00:255:255:10:01:01:02
 remote address: LID 0000 QPN 0x0b96 PSN 0x53f00c RKey 0x034400 VAddr 0x007f6d20e39000
 GID: 00:00:00:00:00:00:00:00:00:00:255:255:10:01:01:02
 remote address: LID 0000 QPN 0x0b97 PSN 0x29b3bc RKey 0x034400 VAddr 0x007f6d20e49000
 GID: 00:00:00:00:00:00:00:00:00:00:255:255:10:01:01:02
 remote address: LID 0000 QPN 0x0b98 PSN 0x9bc941 RKey 0x034400 VAddr 0x007f6d20e59000
 GID: 00:00:00:00:00:00:00:00:00:00:255:255:10:01:01:02
 remote address: LID 0000 QPN 0x0b99 PSN 0xcf3bb3 RKey 0x034400 VAddr 0x007f6d20e69000
 GID: 00:00:00:00:00:00:00:00:00:00:255:255:10:01:01:02
 remote address: LID 0000 QPN 0x0b9a PSN 0xd51692 RKey 0x034400 VAddr 0x007f6d20e79000
 GID: 00:00:00:00:00:00:00:00:00:00:255:255:10:01:01:02
 remote address: LID 0000 QPN 0x0b9b PSN 0xef5fe3 RKey 0x034400 VAddr 0x007f6d20e89000
 GID: 00:00:00:00:00:00:00:00:00:00:255:255:10:01:01:02
 remote address: LID 0000 QPN 0x0b9c PSN 0x6b8716 RKey 0x034400 VAddr 0x007f6d20e99000
 GID: 00:00:00:00:00:00:00:00:00:00:255:255:10:01:01:02
 remote address: LID 0000 QPN 0x0b9d PSN 0x653aac RKey 0x034400 VAddr 0x007f6d20ea9000
 GID: 00:00:00:00:00:00:00:00:00:00:255:255:10:01:01:02
 remote address: LID 0000 QPN 0x0b9e PSN 0xb55a72 RKey 0x034400 VAddr 0x007f6d20eb9000
 GID: 00:00:00:00:00:00:00:00:00:00:255:255:10:01:01:02
 remote address: LID 0000 QPN 0x0b9f PSN 0xab2651 RKey 0x034400 VAddr 0x007f6d20ec9000
 GID: 00:00:00:00:00:00:00:00:00:00:255:255:10:01:01:02
 remote address: LID 0000 QPN 0x0ba0 PSN 0x316e17 RKey 0x034400 VAddr 0x007f6d20ed9000
 GID: 00:00:00:00:00:00:00:00:00:00:255:255:10:01:01:02
 remote address: LID 0000 QPN 0x0ba1 PSN 0xa63c67 RKey 0x034400 VAddr 0x007f6d20ee9000
 GID: 00:00:00:00:00:00:00:00:00:00:255:255:10:01:01:02
 remote address: LID 0000 QPN 0x0ba2 PSN 0x9527f9 RKey 0x034400 VAddr 0x007f6d20ef9000
 GID: 00:00:00:00:00:00:00:00:00:00:255:255:10:01:01:02
 remote address: LID 0000 QPN 0x0ba3 PSN 0x75fe05 RKey 0x034400 VAddr 0x007f6d20f09000
 GID: 00:00:00:00:00:00:00:00:00:00:255:255:10:01:01:02
 remote address: LID 0000 QPN 0x0ba4 PSN 0xb2ae33 RKey 0x034400 VAddr 0x007f6d20f19000
 GID: 00:00:00:00:00:00:00:00:00:00:255:255:10:01:01:02
 remote address: LID 0000 QPN 0x0ba5 PSN 0xc037e8 RKey 0x034400 VAddr 0x007f6d20f29000
 GID: 00:00:00:00:00:00:00:00:00:00:255:255:10:01:01:02
 remote address: LID 0000 QPN 0x0ba6 PSN 0x8850ce RKey 0x034400 VAddr 0x007f6d20f39000
 GID: 00:00:00:00:00:00:00:00:00:00:255:255:10:01:01:02
 remote address: LID 0000 QPN 0x0ba7 PSN 0xf90ae5 RKey 0x034400 VAddr 0x007f6d20f49000
 GID: 00:00:00:00:00:00:00:00:00:00:255:255:10:01:01:02
 remote address: LID 0000 QPN 0x0ba8 PSN 0x1a895e RKey 0x034400 VAddr 0x007f6d20f59000
 GID: 00:00:00:00:00:00:00:00:00:00:255:255:10:01:01:02
 remote address: LID 0000 QPN 0x0ba9 PSN 0xb0ab0f RKey 0x034400 VAddr 0x007f6d20f69000
 GID: 00:00:00:00:00:00:00:00:00:00:255:255:10:01:01:02
 remote address: LID 0000 QPN 0x0baa PSN 0xb023eb RKey 0x034400 VAddr 0x007f6d20f79000
 GID: 00:00:00:00:00:00:00:00:00:00:255:255:10:01:01:02
 remote address: LID 0000 QPN 0x0bab PSN 0xc6f34 RKey 0x034400 VAddr 0x007f6d20f89000
 GID: 00:00:00:00:00:00:00:00:00:00:255:255:10:01:01:02
 remote address: LID 0000 QPN 0x0bac PSN 0xdded18 RKey 0x034400 VAddr 0x007f6d20f99000
 GID: 00:00:00:00:00:00:00:00:00:00:255:255:10:01:01:02
 remote address: LID 0000 QPN 0x0bad PSN 0x56f65c RKey 0x034400 VAddr 0x007f6d20fa9000
 GID: 00:00:00:00:00:00:00:00:00:00:255:255:10:01:01:02
 remote address: LID 0000 QPN 0x0bae PSN 0x54cb3a RKey 0x034400 VAddr 0x007f6d20fb9000
 GID: 00:00:00:00:00:00:00:00:00:00:255:255:10:01:01:02
 remote address: LID 0000 QPN 0x0baf PSN 0x948221 RKey 0x034400 VAddr 0x007f6d20fc9000
 GID: 00:00:00:00:00:00:00:00:00:00:255:255:10:01:01:02
 remote address: LID 0000 QPN 0x0bb0 PSN 0x8ada98 RKey 0x034400 VAddr 0x007f6d20fd9000
 GID: 00:00:00:00:00:00:00:00:00:00:255:255:10:01:01:02
 remote address: LID 0000 QPN 0x0bb1 PSN 0x1172d1 RKey 0x034400 VAddr 0x007f6d20fe9000
 GID: 00:00:00:00:00:00:00:00:00:00:255:255:10:01:01:02
 remote address: LID 0000 QPN 0x0bb2 PSN 0xc8a8c8 RKey 0x034400 VAddr 0x007f6d20ff9000
 GID: 00:00:00:00:00:00:00:00:00:00:255:255:10:01:01:02
 remote address: LID 0000 QPN 0x0bb3 PSN 0x8a9d78 RKey 0x034400 VAddr 0x007f6d21009000
 GID: 00:00:00:00:00:00:00:00:00:00:255:255:10:01:01:02
 remote address: LID 0000 QPN 0x0bb4 PSN 0x6de795 RKey 0x034400 VAddr 0x007f6d21019000
 GID: 00:00:00:00:00:00:00:00:00:00:255:255:10:01:01:02
 remote address: LID 0000 QPN 0x0bb5 PSN 0x22c3f5 RKey 0x034400 VAddr 0x007f6d21029000
 GID: 00:00:00:00:00:00:00:00:00:00:255:255:10:01:01:02
 remote address: LID 0000 QPN 0x0bb6 PSN 0x120da8 RKey 0x034400 VAddr 0x007f6d21039000
 GID: 00:00:00:00:00:00:00:00:00:00:255:255:10:01:01:02
 remote address: LID 0000 QPN 0x0bb7 PSN 0x7fd47b RKey 0x034400 VAddr 0x007f6d21049000
 GID: 00:00:00:00:00:00:00:00:00:00:255:255:10:01:01:02
 remote address: LID 0000 QPN 0x0bb8 PSN 0x12c1b0 RKey 0x034400 VAddr 0x007f6d21059000
 GID: 00:00:00:00:00:00:00:00:00:00:255:255:10:01:01:02
 remote address: LID 0000 QPN 0x0bb9 PSN 0x3307f4 RKey 0x034400 VAddr 0x007f6d21069000
 GID: 00:00:00:00:00:00:00:00:00:00:255:255:10:01:01:02
 remote address: LID 0000 QPN 0x0bba PSN 0x834467 RKey 0x034400 VAddr 0x007f6d21079000
 GID: 00:00:00:00:00:00:00:00:00:00:255:255:10:01:01:02
 remote address: LID 0000 QPN 0x0bbb PSN 0x3b05cc RKey 0x034400 VAddr 0x007f6d21089000
 GID: 00:00:00:00:00:00:00:00:00:00:255:255:10:01:01:02
 remote address: LID 0000 QPN 0x0bbc PSN 0xc93e81 RKey 0x034400 VAddr 0x007f6d21099000
 GID: 00:00:00:00:00:00:00:00:00:00:255:255:10:01:01:02
 remote address: LID 0000 QPN 0x0bbd PSN 0x98a7e4 RKey 0x034400 VAddr 0x007f6d210a9000
 GID: 00:00:00:00:00:00:00:00:00:00:255:255:10:01:01:02
 remote address: LID 0000 QPN 0x0bbe PSN 0xae8927 RKey 0x034400 VAddr 0x007f6d210b9000
 GID: 00:00:00:00:00:00:00:00:00:00:255:255:10:01:01:02
 remote address: LID 0000 QPN 0x0bbf PSN 0x78da81 RKey 0x034400 VAddr 0x007f6d210c9000
 GID: 00:00:00:00:00:00:00:00:00:00:255:255:10:01:01:02
 remote address: LID 0000 QPN 0x0bc0 PSN 0x27223c RKey 0x034400 VAddr 0x007f6d210d9000
 GID: 00:00:00:00:00:00:00:00:00:00:255:255:10:01:01:02
 remote address: LID 0000 QPN 0x0bc1 PSN 0xceaa22 RKey 0x034400 VAddr 0x007f6d210e9000
 GID: 00:00:00:00:00:00:00:00:00:00:255:255:10:01:01:02
 remote address: LID 0000 QPN 0x0bc2 PSN 0x23295a RKey 0x034400 VAddr 0x007f6d210f9000
 GID: 00:00:00:00:00:00:00:00:00:00:255:255:10:01:01:02
 remote address: LID 0000 QPN 0x0bc3 PSN 0x6b645a RKey 0x034400 VAddr 0x007f6d21109000
 GID: 00:00:00:00:00:00:00:00:00:00:255:255:10:01:01:02
 remote address: LID 0000 QPN 0x0bc4 PSN 0x976700 RKey 0x034400 VAddr 0x007f6d21119000
 GID: 00:00:00:00:00:00:00:00:00:00:255:255:10:01:01:02
 remote address: LID 0000 QPN 0x0bc5 PSN 0xba88db RKey 0x034400 VAddr 0x007f6d21129000
 GID: 00:00:00:00:00:00:00:00:00:00:255:255:10:01:01:02
 remote address: LID 0000 QPN 0x0bc6 PSN 0xbaa51d RKey 0x034400 VAddr 0x007f6d21139000
 GID: 00:00:00:00:00:00:00:00:00:00:255:255:10:01:01:02
 remote address: LID 0000 QPN 0x0bc7 PSN 0x802d0e RKey 0x034400 VAddr 0x007f6d21149000
 GID: 00:00:00:00:00:00:00:00:00:00:255:255:10:01:01:02
 remote address: LID 0000 QPN 0x0bc8 PSN 0xa6ebc RKey 0x034400 VAddr 0x007f6d21159000
 GID: 00:00:00:00:00:00:00:00:00:00:255:255:10:01:01:02
 remote address: LID 0000 QPN 0x0bc9 PSN 0x41aea7 RKey 0x034400 VAddr 0x007f6d21169000
 GID: 00:00:00:00:00:00:00:00:00:00:255:255:10:01:01:02
 remote address: LID 0000 QPN 0x0bca PSN 0x904c2e RKey 0x034400 VAddr 0x007f6d21179000
 GID: 00:00:00:00:00:00:00:00:00:00:255:255:10:01:01:02
 remote address: LID 0000 QPN 0x0bcb PSN 0x4ea8c1 RKey 0x034400 VAddr 0x007f6d21189000
 GID: 00:00:00:00:00:00:00:00:00:00:255:255:10:01:01:02
 remote address: LID 0000 QPN 0x0bcc PSN 0x6729be RKey 0x034400 VAddr 0x007f6d21199000
 GID: 00:00:00:00:00:00:00:00:00:00:255:255:10:01:01:02
 remote address: LID 0000 QPN 0x0bcd PSN 0x4edb4f RKey 0x034400 VAddr 0x007f6d211a9000
 GID: 00:00:00:00:00:00:00:00:00:00:255:255:10:01:01:02
 remote address: LID 0000 QPN 0x0bce PSN 0xab708c RKey 0x034400 VAddr 0x007f6d211b9000
 GID: 00:00:00:00:00:00:00:00:00:00:255:255:10:01:01:02
 remote address: LID 0000 QPN 0x0bcf PSN 0x7e1d93 RKey 0x034400 VAddr 0x007f6d211c9000
 GID: 00:00:00:00:00:00:00:00:00:00:255:255:10:01:01:02
 remote address: LID 0000 QPN 0x0bd0 PSN 0x13dbd9 RKey 0x034400 VAddr 0x007f6d211d9000
 GID: 00:00:00:00:00:00:00:00:00:00:255:255:10:01:01:02
 remote address: LID 0000 QPN 0x0bd1 PSN 0xe9d2af RKey 0x034400 VAddr 0x007f6d211e9000
 GID: 00:00:00:00:00:00:00:00:00:00:255:255:10:01:01:02
 remote address: LID 0000 QPN 0x0bd2 PSN 0x8be8aa RKey 0x034400 VAddr 0x007f6d211f9000
 GID: 00:00:00:00:00:00:00:00:00:00:255:255:10:01:01:02
 remote address: LID 0000 QPN 0x0bd3 PSN 0x113252 RKey 0x034400 VAddr 0x007f6d21209000
 GID: 00:00:00:00:00:00:00:00:00:00:255:255:10:01:01:02
 remote address: LID 0000 QPN 0x0bd4 PSN 0x6dca33 RKey 0x034400 VAddr 0x007f6d21219000
 GID: 00:00:00:00:00:00:00:00:00:00:255:255:10:01:01:02
 remote address: LID 0000 QPN 0x0bd5 PSN 0x87d7b7 RKey 0x034400 VAddr 0x007f6d21229000
 GID: 00:00:00:00:00:00:00:00:00:00:255:255:10:01:01:02
 remote address: LID 0000 QPN 0x0bd6 PSN 0xca3b4f RKey 0x034400 VAddr 0x007f6d21239000
 GID: 00:00:00:00:00:00:00:00:00:00:255:255:10:01:01:02
 remote address: LID 0000 QPN 0x0bd7 PSN 0xf6764f RKey 0x034400 VAddr 0x007f6d21249000
 GID: 00:00:00:00:00:00:00:00:00:00:255:255:10:01:01:02
 remote address: LID 0000 QPN 0x0bd8 PSN 0xf1bba9 RKey 0x034400 VAddr 0x007f6d21259000
 GID: 00:00:00:00:00:00:00:00:00:00:255:255:10:01:01:02
 remote address: LID 0000 QPN 0x0bd9 PSN 0x61958b RKey 0x034400 VAddr 0x007f6d21269000
 GID: 00:00:00:00:00:00:00:00:00:00:255:255:10:01:01:02
 remote address: LID 0000 QPN 0x0bda PSN 0x786f0d RKey 0x034400 VAddr 0x007f6d21279000
 GID: 00:00:00:00:00:00:00:00:00:00:255:255:10:01:01:02
 remote address: LID 0000 QPN 0x0bdb PSN 0x20544e RKey 0x034400 VAddr 0x007f6d21289000
 GID: 00:00:00:00:00:00:00:00:00:00:255:255:10:01:01:02
 remote address: LID 0000 QPN 0x0bdc PSN 0xcbd5df RKey 0x034400 VAddr 0x007f6d21299000
 GID: 00:00:00:00:00:00:00:00:00:00:255:255:10:01:01:02
 remote address: LID 0000 QPN 0x0bdd PSN 0x8338ca RKey 0x034400 VAddr 0x007f6d212a9000
 GID: 00:00:00:00:00:00:00:00:00:00:255:255:10:01:01:02
 remote address: LID 0000 QPN 0x0bde PSN 0x86175b RKey 0x034400 VAddr 0x007f6d212b9000
 GID: 00:00:00:00:00:00:00:00:00:00:255:255:10:01:01:02
 remote address: LID 0000 QPN 0x0bdf PSN 0xdc0297 RKey 0x034400 VAddr 0x007f6d212c9000
 GID: 00:00:00:00:00:00:00:00:00:00:255:255:10:01:01:02
 remote address: LID 0000 QPN 0x0be0 PSN 0x2400e7 RKey 0x034400 VAddr 0x007f6d212d9000
 GID: 00:00:00:00:00:00:00:00:00:00:255:255:10:01:01:02
 remote address: LID 0000 QPN 0x0be1 PSN 0x959aec RKey 0x034400 VAddr 0x007f6d212e9000
 GID: 00:00:00:00:00:00:00:00:00:00:255:255:10:01:01:02
 remote address: LID 0000 QPN 0x0be2 PSN 0xb9d951 RKey 0x034400 VAddr 0x007f6d212f9000
 GID: 00:00:00:00:00:00:00:00:00:00:255:255:10:01:01:02
 remote address: LID 0000 QPN 0x0be3 PSN 0xc62229 RKey 0x034400 VAddr 0x007f6d21309000
 GID: 00:00:00:00:00:00:00:00:00:00:255:255:10:01:01:02
 remote address: LID 0000 QPN 0x0be4 PSN 0x649b8c RKey 0x034400 VAddr 0x007f6d21319000
 GID: 00:00:00:00:00:00:00:00:00:00:255:255:10:01:01:02
 remote address: LID 0000 QPN 0x0be5 PSN 0x2b81c5 RKey 0x034400 VAddr 0x007f6d21329000
 GID: 00:00:00:00:00:00:00:00:00:00:255:255:10:01:01:02
 remote address: LID 0000 QPN 0x0be6 PSN 0x7c4200 RKey 0x034400 VAddr 0x007f6d21339000
 GID: 00:00:00:00:00:00:00:00:00:00:255:255:10:01:01:02
 remote address: LID 0000 QPN 0x0be7 PSN 0xb4df0e RKey 0x034400 VAddr 0x007f6d21349000
 GID: 00:00:00:00:00:00:00:00:00:00:255:255:10:01:01:02
 remote address: LID 0000 QPN 0x0be8 PSN 0x8bea3d RKey 0x034400 VAddr 0x007f6d21359000
 GID: 00:00:00:00:00:00:00:00:00:00:255:255:10:01:01:02
 remote address: LID 0000 QPN 0x0be9 PSN 0xcc1526 RKey 0x034400 VAddr 0x007f6d21369000
 GID: 00:00:00:00:00:00:00:00:00:00:255:255:10:01:01:02
 remote address: LID 0000 QPN 0x0bea PSN 0x53686c RKey 0x034400 VAddr 0x007f6d21379000
 GID: 00:00:00:00:00:00:00:00:00:00:255:255:10:01:01:02
 remote address: LID 0000 QPN 0x0beb PSN 0x5a83ca RKey 0x034400 VAddr 0x007f6d21389000
 GID: 00:00:00:00:00:00:00:00:00:00:255:255:10:01:01:02
 remote address: LID 0000 QPN 0x0bec PSN 0xf54a91 RKey 0x034400 VAddr 0x007f6d21399000
 GID: 00:00:00:00:00:00:00:00:00:00:255:255:10:01:01:02
 remote address: LID 0000 QPN 0x0bed PSN 0x23cca3 RKey 0x034400 VAddr 0x007f6d213a9000
 GID: 00:00:00:00:00:00:00:00:00:00:255:255:10:01:01:02
 remote address: LID 0000 QPN 0x0bee PSN 0x2c7528 RKey 0x034400 VAddr 0x007f6d213b9000
 GID: 00:00:00:00:00:00:00:00:00:00:255:255:10:01:01:02
 remote address: LID 0000 QPN 0x0bef PSN 0x6091ed RKey 0x034400 VAddr 0x007f6d213c9000
 GID: 00:00:00:00:00:00:00:00:00:00:255:255:10:01:01:02
 remote address: LID 0000 QPN 0x0bf0 PSN 0x8dd57b RKey 0x034400 VAddr 0x007f6d213d9000
 GID: 00:00:00:00:00:00:00:00:00:00:255:255:10:01:01:02
 remote address: LID 0000 QPN 0x0bf1 PSN 0xd7376e RKey 0x034400 VAddr 0x007f6d213e9000
 GID: 00:00:00:00:00:00:00:00:00:00:255:255:10:01:01:02
 remote address: LID 0000 QPN 0x0bf2 PSN 0x7c98c RKey 0x034400 VAddr 0x007f6d213f9000
 GID: 00:00:00:00:00:00:00:00:00:00:255:255:10:01:01:02
 remote address: LID 0000 QPN 0x0bf3 PSN 0x6a91c8 RKey 0x034400 VAddr 0x007f6d21409000
 GID: 00:00:00:00:00:00:00:00:00:00:255:255:10:01:01:02
 remote address: LID 0000 QPN 0x0bf4 PSN 0xb8ba0b RKey 0x034400 VAddr 0x007f6d21419000
 GID: 00:00:00:00:00:00:00:00:00:00:255:255:10:01:01:02
 remote address: LID 0000 QPN 0x0bf5 PSN 0x872062 RKey 0x034400 VAddr 0x007f6d21429000
 GID: 00:00:00:00:00:00:00:00:00:00:255:255:10:01:01:02
 remote address: LID 0000 QPN 0x0bf6 PSN 0xee2094 RKey 0x034400 VAddr 0x007f6d21439000
 GID: 00:00:00:00:00:00:00:00:00:00:255:255:10:01:01:02
 remote address: LID 0000 QPN 0x0bf7 PSN 0xf0eb3c RKey 0x034400 VAddr 0x007f6d21449000
 GID: 00:00:00:00:00:00:00:00:00:00:255:255:10:01:01:02
 remote address: LID 0000 QPN 0x0bf8 PSN 0xe23ade RKey 0x034400 VAddr 0x007f6d21459000
 GID: 00:00:00:00:00:00:00:00:00:00:255:255:10:01:01:02
 remote address: LID 0000 QPN 0x0bf9 PSN 0xcbb01c RKey 0x034400 VAddr 0x007f6d21469000
 GID: 00:00:00:00:00:00:00:00:00:00:255:255:10:01:01:02
 remote address: LID 0000 QPN 0x0bfa PSN 0xe0a358 RKey 0x034400 VAddr 0x007f6d21479000
 GID: 00:00:00:00:00:00:00:00:00:00:255:255:10:01:01:02
 remote address: LID 0000 QPN 0x0bfb PSN 0x5739ae RKey 0x034400 VAddr 0x007f6d21489000
 GID: 00:00:00:00:00:00:00:00:00:00:255:255:10:01:01:02
 remote address: LID 0000 QPN 0x0bfc PSN 0x84d824 RKey 0x034400 VAddr 0x007f6d21499000
 GID: 00:00:00:00:00:00:00:00:00:00:255:255:10:01:01:02
 remote address: LID 0000 QPN 0x0bfd PSN 0x644f44 RKey 0x034400 VAddr 0x007f6d214a9000
 GID: 00:00:00:00:00:00:00:00:00:00:255:255:10:01:01:02
 remote address: LID 0000 QPN 0x0bfe PSN 0x5b8b24 RKey 0x034400 VAddr 0x007f6d214b9000
 GID: 00:00:00:00:00:00:00:00:00:00:255:255:10:01:01:02
 remote address: LID 0000 QPN 0x0bff PSN 0x26ad16 RKey 0x034400 VAddr 0x007f6d214c9000
 GID: 00:00:00:00:00:00:00:00:00:00:255:255:10:01:01:02
 remote address: LID 0000 QPN 0x0c00 PSN 0xd2d04c RKey 0x034400 VAddr 0x007f6d214d9000
 GID: 00:00:00:00:00:00:00:00:00:00:255:255:10:01:01:02
 remote address: LID 0000 QPN 0x0c01 PSN 0xb42aea RKey 0x034400 VAddr 0x007f6d214e9000
 GID: 00:00:00:00:00:00:00:00:00:00:255:255:10:01:01:02
 remote address: LID 0000 QPN 0x0c02 PSN 0xa28b33 RKey 0x034400 VAddr 0x007f6d214f9000
 GID: 00:00:00:00:00:00:00:00:00:00:255:255:10:01:01:02
 remote address: LID 0000 QPN 0x0c03 PSN 0xc2a37 RKey 0x034400 VAddr 0x007f6d21509000
 GID: 00:00:00:00:00:00:00:00:00:00:255:255:10:01:01:02
 remote address: LID 0000 QPN 0x0c04 PSN 0xeec14e RKey 0x034400 VAddr 0x007f6d21519000
 GID: 00:00:00:00:00:00:00:00:00:00:255:255:10:01:01:02
 remote address: LID 0000 QPN 0x0c05 PSN 0xff5d0a RKey 0x034400 VAddr 0x007f6d21529000
 GID: 00:00:00:00:00:00:00:00:00:00:255:255:10:01:01:02
 remote address: LID 0000 QPN 0x0c06 PSN 0x7dc0d RKey 0x034400 VAddr 0x007f6d21539000
 GID: 00:00:00:00:00:00:00:00:00:00:255:255:10:01:01:02
 remote address: LID 0000 QPN 0x0c07 PSN 0x42fbe9 RKey 0x034400 VAddr 0x007f6d21549000
 GID: 00:00:00:00:00:00:00:00:00:00:255:255:10:01:01:02
 remote address: LID 0000 QPN 0x0c08 PSN 0x40d494 RKey 0x034400 VAddr 0x007f6d21559000
 GID: 00:00:00:00:00:00:00:00:00:00:255:255:10:01:01:02
 remote address: LID 0000 QPN 0x0c09 PSN 0xdadb32 RKey 0x034400 VAddr 0x007f6d21569000
 GID: 00:00:00:00:00:00:00:00:00:00:255:255:10:01:01:02
 remote address: LID 0000 QPN 0x0c0a PSN 0x52627a RKey 0x034400 VAddr 0x007f6d21579000
 GID: 00:00:00:00:00:00:00:00:00:00:255:255:10:01:01:02
 remote address: LID 0000 QPN 0x0c0b PSN 0x900792 RKey 0x034400 VAddr 0x007f6d21589000
 GID: 00:00:00:00:00:00:00:00:00:00:255:255:10:01:01:02
 remote address: LID 0000 QPN 0x0c0c PSN 0xa27f86 RKey 0x034400 VAddr 0x007f6d21599000
 GID: 00:00:00:00:00:00:00:00:00:00:255:255:10:01:01:02
 remote address: LID 0000 QPN 0x0c0d PSN 0x16d3b RKey 0x034400 VAddr 0x007f6d215a9000
 GID: 00:00:00:00:00:00:00:00:00:00:255:255:10:01:01:02
 remote address: LID 0000 QPN 0x0c0e PSN 0xf50c21 RKey 0x034400 VAddr 0x007f6d215b9000
 GID: 00:00:00:00:00:00:00:00:00:00:255:255:10:01:01:02
 remote address: LID 0000 QPN 0x0c0f PSN 0xfe96b3 RKey 0x034400 VAddr 0x007f6d215c9000
 GID: 00:00:00:00:00:00:00:00:00:00:255:255:10:01:01:02
 remote address: LID 0000 QPN 0x0c10 PSN 0x7182b1 RKey 0x034400 VAddr 0x007f6d215d9000
 GID: 00:00:00:00:00:00:00:00:00:00:255:255:10:01:01:02
 remote address: LID 0000 QPN 0x0c11 PSN 0x620e32 RKey 0x034400 VAddr 0x007f6d215e9000
 GID: 00:00:00:00:00:00:00:00:00:00:255:255:10:01:01:02
 remote address: LID 0000 QPN 0x0c12 PSN 0x911bc2 RKey 0x034400 VAddr 0x007f6d215f9000
 GID: 00:00:00:00:00:00:00:00:00:00:255:255:10:01:01:02
 remote address: LID 0000 QPN 0x0c13 PSN 0x4ee79e RKey 0x034400 VAddr 0x007f6d21609000
 GID: 00:00:00:00:00:00:00:00:00:00:255:255:10:01:01:02
 remote address: LID 0000 QPN 0x0c14 PSN 0xbb7193 RKey 0x034400 VAddr 0x007f6d21619000
 GID: 00:00:00:00:00:00:00:00:00:00:255:255:10:01:01:02
 remote address: LID 0000 QPN 0x0c15 PSN 0xe0395b RKey 0x034400 VAddr 0x007f6d21629000
 GID: 00:00:00:00:00:00:00:00:00:00:255:255:10:01:01:02
 remote address: LID 0000 QPN 0x0c16 PSN 0xdebf0d RKey 0x034400 VAddr 0x007f6d21639000
 GID: 00:00:00:00:00:00:00:00:00:00:255:255:10:01:01:02
 remote address: LID 0000 QPN 0x0c17 PSN 0x97d746 RKey 0x034400 VAddr 0x007f6d21649000
 GID: 00:00:00:00:00:00:00:00:00:00:255:255:10:01:01:02
 remote address: LID 0000 QPN 0x0c18 PSN 0x3dad05 RKey 0x034400 VAddr 0x007f6d21659000
 GID: 00:00:00:00:00:00:00:00:00:00:255:255:10:01:01:02
 remote address: LID 0000 QPN 0x0c19 PSN 0x4c54b RKey 0x034400 VAddr 0x007f6d21669000
 GID: 00:00:00:00:00:00:00:00:00:00:255:255:10:01:01:02
 remote address: LID 0000 QPN 0x0c1a PSN 0x32e81d RKey 0x034400 VAddr 0x007f6d21679000
 GID: 00:00:00:00:00:00:00:00:00:00:255:255:10:01:01:02
 remote address: LID 0000 QPN 0x0c1b PSN 0x20162f RKey 0x034400 VAddr 0x007f6d21689000
 GID: 00:00:00:00:00:00:00:00:00:00:255:255:10:01:01:02
 remote address: LID 0000 QPN 0x0c1c PSN 0x8a5a45 RKey 0x034400 VAddr 0x007f6d21699000
 GID: 00:00:00:00:00:00:00:00:00:00:255:255:10:01:01:02
 remote address: LID 0000 QPN 0x0c1d PSN 0xe60f34 RKey 0x034400 VAddr 0x007f6d216a9000
 GID: 00:00:00:00:00:00:00:00:00:00:255:255:10:01:01:02
 remote address: LID 0000 QPN 0x0c1e PSN 0xf0494 RKey 0x034400 VAddr 0x007f6d216b9000
 GID: 00:00:00:00:00:00:00:00:00:00:255:255:10:01:01:02
 remote address: LID 0000 QPN 0x0c1f PSN 0x87a84 RKey 0x034400 VAddr 0x007f6d216c9000
 GID: 00:00:00:00:00:00:00:00:00:00:255:255:10:01:01:02
 remote address: LID 0000 QPN 0x0c20 PSN 0xe1809f RKey 0x034400 VAddr 0x007f6d216d9000
 GID: 00:00:00:00:00:00:00:00:00:00:255:255:10:01:01:02
 remote address: LID 0000 QPN 0x0c21 PSN 0xf8583e RKey 0x034400 VAddr 0x007f6d216e9000
 GID: 00:00:00:00:00:00:00:00:00:00:255:255:10:01:01:02
 remote address: LID 0000 QPN 0x0c22 PSN 0x16cc53 RKey 0x034400 VAddr 0x007f6d216f9000
 GID: 00:00:00:00:00:00:00:00:00:00:255:255:10:01:01:02
 remote address: LID 0000 QPN 0x0c23 PSN 0x282147 RKey 0x034400 VAddr 0x007f6d21709000
 GID: 00:00:00:00:00:00:00:00:00:00:255:255:10:01:01:02
 remote address: LID 0000 QPN 0x0c24 PSN 0xd617b8 RKey 0x034400 VAddr 0x007f6d21719000
 GID: 00:00:00:00:00:00:00:00:00:00:255:255:10:01:01:02
 remote address: LID 0000 QPN 0x0c25 PSN 0x635710 RKey 0x034400 VAddr 0x007f6d21729000
 GID: 00:00:00:00:00:00:00:00:00:00:255:255:10:01:01:02
 remote address: LID 0000 QPN 0x0c26 PSN 0x1201d6 RKey 0x034400 VAddr 0x007f6d21739000
 GID: 00:00:00:00:00:00:00:00:00:00:255:255:10:01:01:02
 remote address: LID 0000 QPN 0x0c27 PSN 0x9430a2 RKey 0x034400 VAddr 0x007f6d21749000
 GID: 00:00:00:00:00:00:00:00:00:00:255:255:10:01:01:02
 remote address: LID 0000 QPN 0x0c28 PSN 0x497077 RKey 0x034400 VAddr 0x007f6d21759000
 GID: 00:00:00:00:00:00:00:00:00:00:255:255:10:01:01:02
 remote address: LID 0000 QPN 0x0c29 PSN 0x81f6d RKey 0x034400 VAddr 0x007f6d21769000
 GID: 00:00:00:00:00:00:00:00:00:00:255:255:10:01:01:02
 remote address: LID 0000 QPN 0x0c2a PSN 0xe39e2b RKey 0x034400 VAddr 0x007f6d21779000
 GID: 00:00:00:00:00:00:00:00:00:00:255:255:10:01:01:02
 remote address: LID 0000 QPN 0x0c2b PSN 0xd82d5d RKey 0x034400 VAddr 0x007f6d21789000
 GID: 00:00:00:00:00:00:00:00:00:00:255:255:10:01:01:02
 remote address: LID 0000 QPN 0x0c2c PSN 0x440291 RKey 0x034400 VAddr 0x007f6d21799000
 GID: 00:00:00:00:00:00:00:00:00:00:255:255:10:01:01:02
 remote address: LID 0000 QPN 0x0c2d PSN 0xb2a1fb RKey 0x034400 VAddr 0x007f6d217a9000
 GID: 00:00:00:00:00:00:00:00:00:00:255:255:10:01:01:02
 remote address: LID 0000 QPN 0x0c2e PSN 0x3d828d RKey 0x034400 VAddr 0x007f6d217b9000
 GID: 00:00:00:00:00:00:00:00:00:00:255:255:10:01:01:02
 remote address: LID 0000 QPN 0x0c2f PSN 0xf569 RKey 0x034400 VAddr 0x007f6d217c9000
 GID: 00:00:00:00:00:00:00:00:00:00:255:255:10:01:01:02
 remote address: LID 0000 QPN 0x0c30 PSN 0x5948af RKey 0x034400 VAddr 0x007f6d217d9000
 GID: 00:00:00:00:00:00:00:00:00:00:255:255:10:01:01:02
 remote address: LID 0000 QPN 0x0c31 PSN 0x242620 RKey 0x034400 VAddr 0x007f6d217e9000
 GID: 00:00:00:00:00:00:00:00:00:00:255:255:10:01:01:02
 remote address: LID 0000 QPN 0x0c32 PSN 0xef69a1 RKey 0x034400 VAddr 0x007f6d217f9000
 GID: 00:00:00:00:00:00:00:00:00:00:255:255:10:01:01:02
 remote address: LID 0000 QPN 0x0c33 PSN 0x6b9199 RKey 0x034400 VAddr 0x007f6d21809000
 GID: 00:00:00:00:00:00:00:00:00:00:255:255:10:01:01:02
 remote address: LID 0000 QPN 0x0c34 PSN 0x34f53d RKey 0x034400 VAddr 0x007f6d21819000
 GID: 00:00:00:00:00:00:00:00:00:00:255:255:10:01:01:02
 remote address: LID 0000 QPN 0x0c35 PSN 0xd84005 RKey 0x034400 VAddr 0x007f6d21829000
 GID: 00:00:00:00:00:00:00:00:00:00:255:255:10:01:01:02
 remote address: LID 0000 QPN 0x0c36 PSN 0xa1724c RKey 0x034400 VAddr 0x007f6d21839000
 GID: 00:00:00:00:00:00:00:00:00:00:255:255:10:01:01:02
 remote address: LID 0000 QPN 0x0c37 PSN 0xea3070 RKey 0x034400 VAddr 0x007f6d21849000
 GID: 00:00:00:00:00:00:00:00:00:00:255:255:10:01:01:02
 remote address: LID 0000 QPN 0x0c38 PSN 0x4a69d1 RKey 0x034400 VAddr 0x007f6d21859000
 GID: 00:00:00:00:00:00:00:00:00:00:255:255:10:01:01:02
 remote address: LID 0000 QPN 0x0c39 PSN 0xbbe4bc RKey 0x034400 VAddr 0x007f6d21869000
 GID: 00:00:00:00:00:00:00:00:00:00:255:255:10:01:01:02
 remote address: LID 0000 QPN 0x0c3a PSN 0x363e2f RKey 0x034400 VAddr 0x007f6d21879000
 GID: 00:00:00:00:00:00:00:00:00:00:255:255:10:01:01:02
 remote address: LID 0000 QPN 0x0c3b PSN 0x64bc15 RKey 0x034400 VAddr 0x007f6d21889000
 GID: 00:00:00:00:00:00:00:00:00:00:255:255:10:01:01:02
 remote address: LID 0000 QPN 0x0c3c PSN 0x3fb36 RKey 0x034400 VAddr 0x007f6d21899000
 GID: 00:00:00:00:00:00:00:00:00:00:255:255:10:01:01:02
 remote address: LID 0000 QPN 0x0c3d PSN 0xa65e7e RKey 0x034400 VAddr 0x007f6d218a9000
 GID: 00:00:00:00:00:00:00:00:00:00:255:255:10:01:01:02
 remote address: LID 0000 QPN 0x0c3e PSN 0x963dc0 RKey 0x034400 VAddr 0x007f6d218b9000
 GID: 00:00:00:00:00:00:00:00:00:00:255:255:10:01:01:02
 remote address: LID 0000 QPN 0x0c3f PSN 0xbf9d63 RKey 0x034400 VAddr 0x007f6d218c9000
 GID: 00:00:00:00:00:00:00:00:00:00:255:255:10:01:01:02
 remote address: LID 0000 QPN 0x0c40 PSN 0xde2c15 RKey 0x034400 VAddr 0x007f6d218d9000
 GID: 00:00:00:00:00:00:00:00:00:00:255:255:10:01:01:02
 remote address: LID 0000 QPN 0x0c41 PSN 0x5e030d RKey 0x034400 VAddr 0x007f6d218e9000
 GID: 00:00:00:00:00:00:00:00:00:00:255:255:10:01:01:02
 remote address: LID 0000 QPN 0x0c42 PSN 0xe56406 RKey 0x034400 VAddr 0x007f6d218f9000
 GID: 00:00:00:00:00:00:00:00:00:00:255:255:10:01:01:02
 remote address: LID 0000 QPN 0x0c43 PSN 0xaa5e1d RKey 0x034400 VAddr 0x007f6d21909000
 GID: 00:00:00:00:00:00:00:00:00:00:255:255:10:01:01:02
 remote address: LID 0000 QPN 0x0c44 PSN 0x33a83f RKey 0x034400 VAddr 0x007f6d21919000
 GID: 00:00:00:00:00:00:00:00:00:00:255:255:10:01:01:02
 remote address: LID 0000 QPN 0x0c45 PSN 0x6eae38 RKey 0x034400 VAddr 0x007f6d21929000
 GID: 00:00:00:00:00:00:00:00:00:00:255:255:10:01:01:02
 remote address: LID 0000 QPN 0x0c46 PSN 0xbe1bf1 RKey 0x034400 VAddr 0x007f6d21939000
 GID: 00:00:00:00:00:00:00:00:00:00:255:255:10:01:01:02
 remote address: LID 0000 QPN 0x0c47 PSN 0x20fc3f RKey 0x034400 VAddr 0x007f6d21949000
 GID: 00:00:00:00:00:00:00:00:00:00:255:255:10:01:01:02
 remote address: LID 0000 QPN 0x0c48 PSN 0xc16a99 RKey 0x034400 VAddr 0x007f6d21959000
 GID: 00:00:00:00:00:00:00:00:00:00:255:255:10:01:01:02
 remote address: LID 0000 QPN 0x0c49 PSN 0x36227d RKey 0x034400 VAddr 0x007f6d21969000
 GID: 00:00:00:00:00:00:00:00:00:00:255:255:10:01:01:02
 remote address: LID 0000 QPN 0x0c4a PSN 0x9ff953 RKey 0x034400 VAddr 0x007f6d21979000
 GID: 00:00:00:00:00:00:00:00:00:00:255:255:10:01:01:02
 remote address: LID 0000 QPN 0x0c4b PSN 0x5e06f RKey 0x034400 VAddr 0x007f6d21989000
 GID: 00:00:00:00:00:00:00:00:00:00:255:255:10:01:01:02
 remote address: LID 0000 QPN 0x0c4c PSN 0xb717a5 RKey 0x034400 VAddr 0x007f6d21999000
 GID: 00:00Conflicting CPU frequency values detected: 2100.000000 != 2700.000000. CPU Frequency is not max.
:00:00:00:00:00:00:00:00:255:255:10:01:01:02
 remote address: LID 0000 QPN 0x0c4d PSN 0x6a91c8 RKey 0x034400 VAddr 0x007f6d219a9000
 GID: 00:00:00:00:00:00:00:00:00:00:255:255:10:01:01:02
 remote address: LID 0000 QPN 0x0c4e PSN 0xee3f7f RKey 0x034400 VAddr 0x007f6d219b9000
 GID: 00:00:00:00:00:00:00:00:00:00:255:255:10:01:01:02
 remote address: LID 0000 QPN 0x0c4f PSN 0x678992 RKey 0x034400 VAddr 0x007f6d219c9000
 GID: 00:00:00:00:00:00:00:00:00:00:255:255:10:01:01:02
 remote address: LID 0000 QPN 0x0c50 PSN 0x1e36a9 RKey 0x034400 VAddr 0x007f6d219d9000
 GID: 00:00:00:00:00:00:00:00:00:00:255:255:10:01:01:02
 remote address: LID 0000 QPN 0x0c51 PSN 0x21b05a RKey 0x034400 VAddr 0x007f6d219e9000
 GID: 00:00:00:00:00:00:00:00:00:00:255:255:10:01:01:02
 remote address: LID 0000 QPN 0x0c52 PSN 0x41f77d RKey 0x034400 VAddr 0x007f6d219f9000
 GID: 00:00:00:00:00:00:00:00:00:00:255:255:10:01:01:02
 remote address: LID 0000 QPN 0x0c53 PSN 0xe41f7b RKey 0x034400 VAddr 0x007f6d21a09000
 GID: 00:00:00:00:00:00:00:00:00:00:255:255:10:01:01:02
 remote address: LID 0000 QPN 0x0c54 PSN 0x23937e RKey 0x034400 VAddr 0x007f6d21a19000
 GID: 00:00:00:00:00:00:00:00:00:00:255:255:10:01:01:02
 remote address: LID 0000 QPN 0x0c55 PSN 0x22d3c5 RKey 0x034400 VAddr 0x007f6d21a29000
 GID: 00:00:00:00:00:00:00:00:00:00:255:255:10:01:01:02
 remote address: LID 0000 QPN 0x0c56 PSN 0x14efe6 RKey 0x034400 VAddr 0x007f6d21a39000
 GID: 00:00:00:00:00:00:00:00:00:00:255:255:10:01:01:02
 remote address: LID 0000 QPN 0x0c57 PSN 0x4e3ebf RKey 0x034400 VAddr 0x007f6d21a49000
 GID: 00:00:00:00:00:00:00:00:00:00:255:255:10:01:01:02
---------------------------------------------------------------------------------------
 #bytes     #iterations    BW peak[Gb/sec]    BW average[Gb/sec]   MsgRate[Mpps]
 65536      795294           0.00               18.13  		     0.034577
---------------------------------------------------------------------------------------
