 WARNING: BW peak won't be measured in this run.
---------------------------------------------------------------------------------------
                    RDMA_Write BW Test
 Dual-port       : OFF		Device         : mlx5_8
 Number of qps   : 1024		Transport type : IB
 Connection type : RC		Using SRQ      : OFF
 PCIe relax order: ON		Lock-free      : OFF
 ibv_wr* API     : ON		Using Enhanced Reorder      : OFF
 TX depth        : 128
 CQ Moderation   : 1
 CQE Poll Batch  : Dynamic
 Mtu             : 1024[B]
 Link type       : Ethernet
 GID index       : 3
 Max inline data : 0[B]
 rdma_cm QPs	 : OFF
 Data ex. method : Ethernet
---------------------------------------------------------------------------------------
 local address: LID 0000 QPN 0x0946 PSN 0xb43266 RKey 0x074400 VAddr 0x007eff61856000
 GID: 00:00:00:00:00:00:00:00:00:00:255:255:10:01:02:01
 local address: LID 0000 QPN 0x0947 PSN 0xd08358 RKey 0x074400 VAddr 0x007eff61866000
 GID: 00:00:00:00:00:00:00:00:00:00:255:255:10:01:02:01
 local address: LID 0000 QPN 0x0948 PSN 0x5a7dc2 RKey 0x074400 VAddr 0x007eff61876000
 GID: 00:00:00:00:00:00:00:00:00:00:255:255:10:01:02:01
 local address: LID 0000 QPN 0x0949 PSN 0x8276e9 RKey 0x074400 VAddr 0x007eff61886000
 GID: 00:00:00:00:00:00:00:00:00:00:255:255:10:01:02:01
 local address: LID 0000 QPN 0x094a PSN 0x9fad48 RKey 0x074400 VAddr 0x007eff61896000
 GID: 00:00:00:00:00:00:00:00:00:00:255:255:10:01:02:01
 local address: LID 0000 QPN 0x094b PSN 0xa3cd0a RKey 0x074400 VAddr 0x007eff618a6000
 GID: 00:00:00:00:00:00:00:00:00:00:255:255:10:01:02:01
 local address: LID 0000 QPN 0x094c PSN 0x170aa1 RKey 0x074400 VAddr 0x007eff618b6000
 GID: 00:00:00:00:00:00:00:00:00:00:255:255:10:01:02:01
 local address: LID 0000 QPN 0x094d PSN 0x8d6886 RKey 0x074400 VAddr 0x007eff618c6000
 GID: 00:00:00:00:00:00:00:00:00:00:255:255:10:01:02:01
 local address: LID 0000 QPN 0x094e PSN 0x74beb2 RKey 0x074400 VAddr 0x007eff618d6000
 GID: 00:00:00:00:00:00:00:00:00:00:255:255:10:01:02:01
 local address: LID 0000 QPN 0x094f PSN 0xe79b4c RKey 0x074400 VAddr 0x007eff618e6000
 GID: 00:00:00:00:00:00:00:00:00:00:255:255:10:01:02:01
 local address: LID 0000 QPN 0x0950 PSN 0x449d00 RKey 0x074400 VAddr 0x007eff618f6000
 GID: 00:00:00:00:00:00:00:00:00:00:255:255:10:01:02:01
 local address: LID 0000 QPN 0x0951 PSN 0x7f9993 RKey 0x074400 VAddr 0x007eff61906000
 GID: 00:00:00:00:00:00:00:00:00:00:255:255:10:01:02:01
 local address: LID 0000 QPN 0x0952 PSN 0xdb6383 RKey 0x074400 VAddr 0x007eff61916000
 GID: 00:00:00:00:00:00:00:00:00:00:255:255:10:01:02:01
 local address: LID 0000 QPN 0x0953 PSN 0xe0fa74 RKey 0x074400 VAddr 0x007eff61926000
 GID: 00:00:00:00:00:00:00:00:00:00:255:255:10:01:02:01
 local address: LID 0000 QPN 0x0954 PSN 0x3e6022 RKey 0x074400 VAddr 0x007eff61936000
 GID: 00:00:00:00:00:00:00:00:00:00:255:255:10:01:02:01
 local address: LID 0000 QPN 0x0955 PSN 0x8f4a3e RKey 0x074400 VAddr 0x007eff61946000
 GID: 00:00:00:00:00:00:00:00:00:00:255:255:10:01:02:01
 local address: LID 0000 QPN 0x0956 PSN 0x2cb7b RKey 0x074400 VAddr 0x007eff61956000
 GID: 00:00:00:00:00:00:00:00:00:00:255:255:10:01:02:01
 local address: LID 0000 QPN 0x0957 PSN 0xc8bd19 RKey 0x074400 VAddr 0x007eff61966000
 GID: 00:00:00:00:00:00:00:00:00:00:255:255:10:01:02:01
 local address: LID 0000 QPN 0x0958 PSN 0x4c3880 RKey 0x074400 VAddr 0x007eff61976000
 GID: 00:00:00:00:00:00:00:00:00:00:255:255:10:01:02:01
 local address: LID 0000 QPN 0x0959 PSN 0x79776d RKey 0x074400 VAddr 0x007eff61986000
 GID: 00:00:00:00:00:00:00:00:00:00:255:255:10:01:02:01
 local address: LID 0000 QPN 0x095a PSN 0x4a20ca RKey 0x074400 VAddr 0x007eff61996000
 GID: 00:00:00:00:00:00:00:00:00:00:255:255:10:01:02:01
 local address: LID 0000 QPN 0x095b PSN 0x266dd1 RKey 0x074400 VAddr 0x007eff619a6000
 GID: 00:00:00:00:00:00:00:00:00:00:255:255:10:01:02:01
 local address: LID 0000 QPN 0x095c PSN 0x67ff61 RKey 0x074400 VAddr 0x007eff619b6000
 GID: 00:00:00:00:00:00:00:00:00:00:255:255:10:01:02:01
 local address: LID 0000 QPN 0x095d PSN 0x9755 RKey 0x074400 VAddr 0x007eff619c6000
 GID: 00:00:00:00:00:00:00:00:00:00:255:255:10:01:02:01
 local address: LID 0000 QPN 0x095e PSN 0x39fe32 RKey 0x074400 VAddr 0x007eff619d6000
 GID: 00:00:00:00:00:00:00:00:00:00:255:255:10:01:02:01
 local address: LID 0000 QPN 0x095f PSN 0xe95b15 RKey 0x074400 VAddr 0x007eff619e6000
 GID: 00:00:00:00:00:00:00:00:00:00:255:255:10:01:02:01
 local address: LID 0000 QPN 0x0960 PSN 0xec9e12 RKey 0x074400 VAddr 0x007eff619f6000
 GID: 00:00:00:00:00:00:00:00:00:00:255:255:10:01:02:01
 local address: LID 0000 QPN 0x0961 PSN 0x694d2c RKey 0x074400 VAddr 0x007eff61a06000
 GID: 00:00:00:00:00:00:00:00:00:00:255:255:10:01:02:01
 local address: LID 0000 QPN 0x0962 PSN 0x26dddb RKey 0x074400 VAddr 0x007eff61a16000
 GID: 00:00:00:00:00:00:00:00:00:00:255:255:10:01:02:01
 local address: LID 0000 QPN 0x0963 PSN 0x533f41 RKey 0x074400 VAddr 0x007eff61a26000
 GID: 00:00:00:00:00:00:00:00:00:00:255:255:10:01:02:01
 local address: LID 0000 QPN 0x0964 PSN 0x4962c3 RKey 0x074400 VAddr 0x007eff61a36000
 GID: 00:00:00:00:00:00:00:00:00:00:255:255:10:01:02:01
 local address: LID 0000 QPN 0x0965 PSN 0x965f6 RKey 0x074400 VAddr 0x007eff61a46000
 GID: 00:00:00:00:00:00:00:00:00:00:255:255:10:01:02:01
 local address: LID 0000 QPN 0x0966 PSN 0xcf6ab3 RKey 0x074400 VAddr 0x007eff61a56000
 GID: 00:00:00:00:00:00:00:00:00:00:255:255:10:01:02:01
 local address: LID 0000 QPN 0x0967 PSN 0x3e26b8 RKey 0x074400 VAddr 0x007eff61a66000
 GID: 00:00:00:00:00:00:00:00:00:00:255:255:10:01:02:01
 local address: LID 0000 QPN 0x0968 PSN 0xdf88fe RKey 0x074400 VAddr 0x007eff61a76000
 GID: 00:00:00:00:00:00:00:00:00:00:255:255:10:01:02:01
 local address: LID 0000 QPN 0x0969 PSN 0xb0907c RKey 0x074400 VAddr 0x007eff61a86000
 GID: 00:00:00:00:00:00:00:00:00:00:255:255:10:01:02:01
 local address: LID 0000 QPN 0x096a PSN 0x4e3e7f RKey 0x074400 VAddr 0x007eff61a96000
 GID: 00:00:00:00:00:00:00:00:00:00:255:255:10:01:02:01
 local address: LID 0000 QPN 0x096b PSN 0xff5625 RKey 0x074400 VAddr 0x007eff61aa6000
 GID: 00:00:00:00:00:00:00:00:00:00:255:255:10:01:02:01
 local address: LID 0000 QPN 0x096c PSN 0x558fc4 RKey 0x074400 VAddr 0x007eff61ab6000
 GID: 00:00:00:00:00:00:00:00:00:00:255:255:10:01:02:01
 local address: LID 0000 QPN 0x096d PSN 0x77625c RKey 0x074400 VAddr 0x007eff61ac6000
 GID: 00:00:00:00:00:00:00:00:00:00:255:255:10:01:02:01
 local address: LID 0000 QPN 0x096e PSN 0x653683 RKey 0x074400 VAddr 0x007eff61ad6000
 GID: 00:00:00:00:00:00:00:00:00:00:255:255:10:01:02:01
 local address: LID 0000 QPN 0x096f PSN 0x4312dc RKey 0x074400 VAddr 0x007eff61ae6000
 GID: 00:00:00:00:00:00:00:00:00:00:255:255:10:01:02:01
 local address: LID 0000 QPN 0x0970 PSN 0x8b9746 RKey 0x074400 VAddr 0x007eff61af6000
 GID: 00:00:00:00:00:00:00:00:00:00:255:255:10:01:02:01
 local address: LID 0000 QPN 0x0971 PSN 0x785c39 RKey 0x074400 VAddr 0x007eff61b06000
 GID: 00:00:00:00:00:00:00:00:00:00:255:255:10:01:02:01
 local address: LID 0000 QPN 0x0972 PSN 0x2128ca RKey 0x074400 VAddr 0x007eff61b16000
 GID: 00:00:00:00:00:00:00:00:00:00:255:255:10:01:02:01
 local address: LID 0000 QPN 0x0973 PSN 0xd94f5e RKey 0x074400 VAddr 0x007eff61b26000
 GID: 00:00:00:00:00:00:00:00:00:00:255:255:10:01:02:01
 local address: LID 0000 QPN 0x0974 PSN 0x95a03d RKey 0x074400 VAddr 0x007eff61b36000
 GID: 00:00:00:00:00:00:00:00:00:00:255:255:10:01:02:01
 local address: LID 0000 QPN 0x0975 PSN 0x3fbf12 RKey 0x074400 VAddr 0x007eff61b46000
 GID: 00:00:00:00:00:00:00:00:00:00:255:255:10:01:02:01
 local address: LID 0000 QPN 0x0976 PSN 0xb76413 RKey 0x074400 VAddr 0x007eff61b56000
 GID: 00:00:00:00:00:00:00:00:00:00:255:255:10:01:02:01
 local address: LID 0000 QPN 0x0977 PSN 0xa95dfb RKey 0x074400 VAddr 0x007eff61b66000
 GID: 00:00:00:00:00:00:00:00:00:00:255:255:10:01:02:01
 local address: LID 0000 QPN 0x0978 PSN 0x5426e6 RKey 0x074400 VAddr 0x007eff61b76000
 GID: 00:00:00:00:00:00:00:00:00:00:255:255:10:01:02:01
 local address: LID 0000 QPN 0x0979 PSN 0x7a24b1 RKey 0x074400 VAddr 0x007eff61b86000
 GID: 00:00:00:00:00:00:00:00:00:00:255:255:10:01:02:01
 local address: LID 0000 QPN 0x097a PSN 0xeb0458 RKey 0x074400 VAddr 0x007eff61b96000
 GID: 00:00:00:00:00:00:00:00:00:00:255:255:10:01:02:01
 local address: LID 0000 QPN 0x097b PSN 0x2eb92 RKey 0x074400 VAddr 0x007eff61ba6000
 GID: 00:00:00:00:00:00:00:00:00:00:255:255:10:01:02:01
 local address: LID 0000 QPN 0x097c PSN 0x11339e RKey 0x074400 VAddr 0x007eff61bb6000
 GID: 00:00:00:00:00:00:00:00:00:00:255:255:10:01:02:01
 local address: LID 0000 QPN 0x097d PSN 0xb6ed3a RKey 0x074400 VAddr 0x007eff61bc6000
 GID: 00:00:00:00:00:00:00:00:00:00:255:255:10:01:02:01
 local address: LID 0000 QPN 0x097e PSN 0xdec5fc RKey 0x074400 VAddr 0x007eff61bd6000
 GID: 00:00:00:00:00:00:00:00:00:00:255:255:10:01:02:01
 local address: LID 0000 QPN 0x097f PSN 0x64a474 RKey 0x074400 VAddr 0x007eff61be6000
 GID: 00:00:00:00:00:00:00:00:00:00:255:255:10:01:02:01
 local address: LID 0000 QPN 0x0980 PSN 0x8f9b15 RKey 0x074400 VAddr 0x007eff61bf6000
 GID: 00:00:00:00:00:00:00:00:00:00:255:255:10:01:02:01
 local address: LID 0000 QPN 0x0981 PSN 0x12b3e3 RKey 0x074400 VAddr 0x007eff61c06000
 GID: 00:00:00:00:00:00:00:00:00:00:255:255:10:01:02:01
 local address: LID 0000 QPN 0x0982 PSN 0x98a190 RKey 0x074400 VAddr 0x007eff61c16000
 GID: 00:00:00:00:00:00:00:00:00:00:255:255:10:01:02:01
 local address: LID 0000 QPN 0x0983 PSN 0xb50567 RKey 0x074400 VAddr 0x007eff61c26000
 GID: 00:00:00:00:00:00:00:00:00:00:255:255:10:01:02:01
 local address: LID 0000 QPN 0x0984 PSN 0xdbc832 RKey 0x074400 VAddr 0x007eff61c36000
 GID: 00:00:00:00:00:00:00:00:00:00:255:255:10:01:02:01
 local address: LID 0000 QPN 0x0985 PSN 0x6f1cc2 RKey 0x074400 VAddr 0x007eff61c46000
 GID: 00:00:00:00:00:00:00:00:00:00:255:255:10:01:02:01
 local address: LID 0000 QPN 0x0986 PSN 0x471a42 RKey 0x074400 VAddr 0x007eff61c56000
 GID: 00:00:00:00:00:00:00:00:00:00:255:255:10:01:02:01
 local address: LID 0000 QPN 0x0987 PSN 0xeffac6 RKey 0x074400 VAddr 0x007eff61c66000
 GID: 00:00:00:00:00:00:00:00:00:00:255:255:10:01:02:01
 local address: LID 0000 QPN 0x0988 PSN 0x890983 RKey 0x074400 VAddr 0x007eff61c76000
 GID: 00:00:00:00:00:00:00:00:00:00:255:255:10:01:02:01
 local address: LID 0000 QPN 0x0989 PSN 0xa06dc1 RKey 0x074400 VAddr 0x007eff61c86000
 GID: 00:00:00:00:00:00:00:00:00:00:255:255:10:01:02:01
 local address: LID 0000 QPN 0x098a PSN 0x2cc8e2 RKey 0x074400 VAddr 0x007eff61c96000
 GID: 00:00:00:00:00:00:00:00:00:00:255:255:10:01:02:01
 local address: LID 0000 QPN 0x098b PSN 0x940fc6 RKey 0x074400 VAddr 0x007eff61ca6000
 GID: 00:00:00:00:00:00:00:00:00:00:255:255:10:01:02:01
 local address: LID 0000 QPN 0x098c PSN 0x7bfc5f RKey 0x074400 VAddr 0x007eff61cb6000
 GID: 00:00:00:00:00:00:00:00:00:00:255:255:10:01:02:01
 local address: LID 0000 QPN 0x098d PSN 0xce84af RKey 0x074400 VAddr 0x007eff61cc6000
 GID: 00:00:00:00:00:00:00:00:00:00:255:255:10:01:02:01
 local address: LID 0000 QPN 0x098e PSN 0x954d92 RKey 0x074400 VAddr 0x007eff61cd6000
 GID: 00:00:00:00:00:00:00:00:00:00:255:255:10:01:02:01
 local address: LID 0000 QPN 0x098f PSN 0xc40fd3 RKey 0x074400 VAddr 0x007eff61ce6000
 GID: 00:00:00:00:00:00:00:00:00:00:255:255:10:01:02:01
 local address: LID 0000 QPN 0x0990 PSN 0x924f9b RKey 0x074400 VAddr 0x007eff61cf6000
 GID: 00:00:00:00:00:00:00:00:00:00:255:255:10:01:02:01
 local address: LID 0000 QPN 0x0991 PSN 0x4ddc71 RKey 0x074400 VAddr 0x007eff61d06000
 GID: 00:00:00:00:00:00:00:00:00:00:255:255:10:01:02:01
 local address: LID 0000 QPN 0x0992 PSN 0xff720a RKey 0x074400 VAddr 0x007eff61d16000
 GID: 00:00:00:00:00:00:00:00:00:00:255:255:10:01:02:01
 local address: LID 0000 QPN 0x0993 PSN 0x3e1c19 RKey 0x074400 VAddr 0x007eff61d26000
 GID: 00:00:00:00:00:00:00:00:00:00:255:255:10:01:02:01
 local address: LID 0000 QPN 0x0994 PSN 0x1b7e5 RKey 0x074400 VAddr 0x007eff61d36000
 GID: 00:00:00:00:00:00:00:00:00:00:255:255:10:01:02:01
 local address: LID 0000 QPN 0x0995 PSN 0x8e7356 RKey 0x074400 VAddr 0x007eff61d46000
 GID: 00:00:00:00:00:00:00:00:00:00:255:255:10:01:02:01
 local address: LID 0000 QPN 0x0996 PSN 0x5ae685 RKey 0x074400 VAddr 0x007eff61d56000
 GID: 00:00:00:00:00:00:00:00:00:00:255:255:10:01:02:01
 local address: LID 0000 QPN 0x0997 PSN 0x17571e RKey 0x074400 VAddr 0x007eff61d66000
 GID: 00:00:00:00:00:00:00:00:00:00:255:255:10:01:02:01
 local address: LID 0000 QPN 0x0998 PSN 0xcb8fc0 RKey 0x074400 VAddr 0x007eff61d76000
 GID: 00:00:00:00:00:00:00:00:00:00:255:255:10:01:02:01
 local address: LID 0000 QPN 0x0999 PSN 0x898488 RKey 0x074400 VAddr 0x007eff61d86000
 GID: 00:00:00:00:00:00:00:00:00:00:255:255:10:01:02:01
 local address: LID 0000 QPN 0x099a PSN 0x74a34c RKey 0x074400 VAddr 0x007eff61d96000
 GID: 00:00:00:00:00:00:00:00:00:00:255:255:10:01:02:01
 local address: LID 0000 QPN 0x099b PSN 0xbb688c RKey 0x074400 VAddr 0x007eff61da6000
 GID: 00:00:00:00:00:00:00:00:00:00:255:255:10:01:02:01
 local address: LID 0000 QPN 0x099c PSN 0xc03d1c RKey 0x074400 VAddr 0x007eff61db6000
 GID: 00:00:00:00:00:00:00:00:00:00:255:255:10:01:02:01
 local address: LID 0000 QPN 0x099d PSN 0x74269d RKey 0x074400 VAddr 0x007eff61dc6000
 GID: 00:00:00:00:00:00:00:00:00:00:255:255:10:01:02:01
 local address: LID 0000 QPN 0x099e PSN 0x1398dd RKey 0x074400 VAddr 0x007eff61dd6000
 GID: 00:00:00:00:00:00:00:00:00:00:255:255:10:01:02:01
 local address: LID 0000 QPN 0x099f PSN 0x213b0d RKey 0x074400 VAddr 0x007eff61de6000
 GID: 00:00:00:00:00:00:00:00:00:00:255:255:10:01:02:01
 local address: LID 0000 QPN 0x09a0 PSN 0xe51691 RKey 0x074400 VAddr 0x007eff61df6000
 GID: 00:00:00:00:00:00:00:00:00:00:255:255:10:01:02:01
 local address: LID 0000 QPN 0x09a1 PSN 0x8c014d RKey 0x074400 VAddr 0x007eff61e06000
 GID: 00:00:00:00:00:00:00:00:00:00:255:255:10:01:02:01
 local address: LID 0000 QPN 0x09a2 PSN 0x77f8b8 RKey 0x074400 VAddr 0x007eff61e16000
 GID: 00:00:00:00:00:00:00:00:00:00:255:255:10:01:02:01
 local address: LID 0000 QPN 0x09a3 PSN 0x9a764f RKey 0x074400 VAddr 0x007eff61e26000
 GID: 00:00:00:00:00:00:00:00:00:00:255:255:10:01:02:01
 local address: LID 0000 QPN 0x09a4 PSN 0x412238 RKey 0x074400 VAddr 0x007eff61e36000
 GID: 00:00:00:00:00:00:00:00:00:00:255:255:10:01:02:01
 local address: LID 0000 QPN 0x09a5 PSN 0xb46c3f RKey 0x074400 VAddr 0x007eff61e46000
 GID: 00:00:00:00:00:00:00:00:00:00:255:255:10:01:02:01
 local address: LID 0000 QPN 0x09a6 PSN 0x8a00c5 RKey 0x074400 VAddr 0x007eff61e56000
 GID: 00:00:00:00:00:00:00:00:00:00:255:255:10:01:02:01
 local address: LID 0000 QPN 0x09a7 PSN 0x395727 RKey 0x074400 VAddr 0x007eff61e66000
 GID: 00:00:00:00:00:00:00:00:00:00:255:255:10:01:02:01
 local address: LID 0000 QPN 0x09a8 PSN 0xc0a826 RKey 0x074400 VAddr 0x007eff61e76000
 GID: 00:00:00:00:00:00:00:00:00:00:255:255:10:01:02:01
 local address: LID 0000 QPN 0x09a9 PSN 0x6d68fc RKey 0x074400 VAddr 0x007eff61e86000
 GID: 00:00:00:00:00:00:00:00:00:00:255:255:10:01:02:01
 local address: LID 0000 QPN 0x09aa PSN 0xa9d365 RKey 0x074400 VAddr 0x007eff61e96000
 GID: 00:00:00:00:00:00:00:00:00:00:255:255:10:01:02:01
 local address: LID 0000 QPN 0x09ab PSN 0xa0a7d1 RKey 0x074400 VAddr 0x007eff61ea6000
 GID: 00:00:00:00:00:00:00:00:00:00:255:255:10:01:02:01
 local address: LID 0000 QPN 0x09ac PSN 0xa53286 RKey 0x074400 VAddr 0x007eff61eb6000
 GID: 00:00:00:00:00:00:00:00:00:00:255:255:10:01:02:01
 local address: LID 0000 QPN 0x09ad PSN 0x930a05 RKey 0x074400 VAddr 0x007eff61ec6000
 GID: 00:00:00:00:00:00:00:00:00:00:255:255:10:01:02:01
 local address: LID 0000 QPN 0x09ae PSN 0x608613 RKey 0x074400 VAddr 0x007eff61ed6000
 GID: 00:00:00:00:00:00:00:00:00:00:255:255:10:01:02:01
 local address: LID 0000 QPN 0x09af PSN 0x4bba55 RKey 0x074400 VAddr 0x007eff61ee6000
 GID: 00:00:00:00:00:00:00:00:00:00:255:255:10:01:02:01
 local address: LID 0000 QPN 0x09b0 PSN 0x773552 RKey 0x074400 VAddr 0x007eff61ef6000
 GID: 00:00:00:00:00:00:00:00:00:00:255:255:10:01:02:01
 local address: LID 0000 QPN 0x09b1 PSN 0x6af8ff RKey 0x074400 VAddr 0x007eff61f06000
 GID: 00:00:00:00:00:00:00:00:00:00:255:255:10:01:02:01
 local address: LID 0000 QPN 0x09b2 PSN 0xcb30b7 RKey 0x074400 VAddr 0x007eff61f16000
 GID: 00:00:00:00:00:00:00:00:00:00:255:255:10:01:02:01
 local address: LID 0000 QPN 0x09b3 PSN 0x186706 RKey 0x074400 VAddr 0x007eff61f26000
 GID: 00:00:00:00:00:00:00:00:00:00:255:255:10:01:02:01
 local address: LID 0000 QPN 0x09b4 PSN 0x4837ae RKey 0x074400 VAddr 0x007eff61f36000
 GID: 00:00:00:00:00:00:00:00:00:00:255:255:10:01:02:01
 local address: LID 0000 QPN 0x09b5 PSN 0xeeee0c RKey 0x074400 VAddr 0x007eff61f46000
 GID: 00:00:00:00:00:00:00:00:00:00:255:255:10:01:02:01
 local address: LID 0000 QPN 0x09b6 PSN 0x1b6787 RKey 0x074400 VAddr 0x007eff61f56000
 GID: 00:00:00:00:00:00:00:00:00:00:255:255:10:01:02:01
 local address: LID 0000 QPN 0x09b7 PSN 0x3b3125 RKey 0x074400 VAddr 0x007eff61f66000
 GID: 00:00:00:00:00:00:00:00:00:00:255:255:10:01:02:01
 local address: LID 0000 QPN 0x09b8 PSN 0xe7f8e1 RKey 0x074400 VAddr 0x007eff61f76000
 GID: 00:00:00:00:00:00:00:00:00:00:255:255:10:01:02:01
 local address: LID 0000 QPN 0x09b9 PSN 0x1e0a36 RKey 0x074400 VAddr 0x007eff61f86000
 GID: 00:00:00:00:00:00:00:00:00:00:255:255:10:01:02:01
 local address: LID 0000 QPN 0x09ba PSN 0x95299a RKey 0x074400 VAddr 0x007eff61f96000
 GID: 00:00:00:00:00:00:00:00:00:00:255:255:10:01:02:01
 local address: LID 0000 QPN 0x09bb PSN 0xe5d3a2 RKey 0x074400 VAddr 0x007eff61fa6000
 GID: 00:00:00:00:00:00:00:00:00:00:255:255:10:01:02:01
 local address: LID 0000 QPN 0x09bc PSN 0x1caaf0 RKey 0x074400 VAddr 0x007eff61fb6000
 GID: 00:00:00:00:00:00:00:00:00:00:255:255:10:01:02:01
 local address: LID 0000 QPN 0x09bd PSN 0x8c2705 RKey 0x074400 VAddr 0x007eff61fc6000
 GID: 00:00:00:00:00:00:00:00:00:00:255:255:10:01:02:01
 local address: LID 0000 QPN 0x09be PSN 0xa8ee0b RKey 0x074400 VAddr 0x007eff61fd6000
 GID: 00:00:00:00:00:00:00:00:00:00:255:255:10:01:02:01
 local address: LID 0000 QPN 0x09bf PSN 0xea9802 RKey 0x074400 VAddr 0x007eff61fe6000
 GID: 00:00:00:00:00:00:00:00:00:00:255:255:10:01:02:01
 local address: LID 0000 QPN 0x09c0 PSN 0x95fcd9 RKey 0x074400 VAddr 0x007eff61ff6000
 GID: 00:00:00:00:00:00:00:00:00:00:255:255:10:01:02:01
 local address: LID 0000 QPN 0x09c1 PSN 0x854d30 RKey 0x074400 VAddr 0x007eff62006000
 GID: 00:00:00:00:00:00:00:00:00:00:255:255:10:01:02:01
 local address: LID 0000 QPN 0x09c2 PSN 0xc919c6 RKey 0x074400 VAddr 0x007eff62016000
 GID: 00:00:00:00:00:00:00:00:00:00:255:255:10:01:02:01
 local address: LID 0000 QPN 0x09c3 PSN 0xaaf95c RKey 0x074400 VAddr 0x007eff62026000
 GID: 00:00:00:00:00:00:00:00:00:00:255:255:10:01:02:01
 local address: LID 0000 QPN 0x09c4 PSN 0xd44e69 RKey 0x074400 VAddr 0x007eff62036000
 GID: 00:00:00:00:00:00:00:00:00:00:255:255:10:01:02:01
 local address: LID 0000 QPN 0x09c5 PSN 0xca470 RKey 0x074400 VAddr 0x007eff62046000
 GID: 00:00:00:00:00:00:00:00:00:00:255:255:10:01:02:01
 local address: LID 0000 QPN 0x09c6 PSN 0x4c7f2 RKey 0x074400 VAddr 0x007eff62056000
 GID: 00:00:00:00:00:00:00:00:00:00:255:255:10:01:02:01
 local address: LID 0000 QPN 0x09c7 PSN 0xc6357d RKey 0x074400 VAddr 0x007eff62066000
 GID: 00:00:00:00:00:00:00:00:00:00:255:255:10:01:02:01
 local address: LID 0000 QPN 0x09c8 PSN 0x3907ba RKey 0x074400 VAddr 0x007eff62076000
 GID: 00:00:00:00:00:00:00:00:00:00:255:255:10:01:02:01
 local address: LID 0000 QPN 0x09c9 PSN 0xe14e6f RKey 0x074400 VAddr 0x007eff62086000
 GID: 00:00:00:00:00:00:00:00:00:00:255:255:10:01:02:01
 local address: LID 0000 QPN 0x09ca PSN 0xe66efb RKey 0x074400 VAddr 0x007eff62096000
 GID: 00:00:00:00:00:00:00:00:00:00:255:255:10:01:02:01
 local address: LID 0000 QPN 0x09cb PSN 0x648e2b RKey 0x074400 VAddr 0x007eff620a6000
 GID: 00:00:00:00:00:00:00:00:00:00:255:255:10:01:02:01
 local address: LID 0000 QPN 0x09cc PSN 0x8aae4d RKey 0x074400 VAddr 0x007eff620b6000
 GID: 00:00:00:00:00:00:00:00:00:00:255:255:10:01:02:01
 local address: LID 0000 QPN 0x09cd PSN 0xa8bee0 RKey 0x074400 VAddr 0x007eff620c6000
 GID: 00:00:00:00:00:00:00:00:00:00:255:255:10:01:02:01
 local address: LID 0000 QPN 0x09ce PSN 0x338c3a RKey 0x074400 VAddr 0x007eff620d6000
 GID: 00:00:00:00:00:00:00:00:00:00:255:255:10:01:02:01
 local address: LID 0000 QPN 0x09cf PSN 0xc61c87 RKey 0x074400 VAddr 0x007eff620e6000
 GID: 00:00:00:00:00:00:00:00:00:00:255:255:10:01:02:01
 local address: LID 0000 QPN 0x09d0 PSN 0x6f1c0 RKey 0x074400 VAddr 0x007eff620f6000
 GID: 00:00:00:00:00:00:00:00:00:00:255:255:10:01:02:01
 local address: LID 0000 QPN 0x09d1 PSN 0x8542a8 RKey 0x074400 VAddr 0x007eff62106000
 GID: 00:00:00:00:00:00:00:00:00:00:255:255:10:01:02:01
 local address: LID 0000 QPN 0x09d2 PSN 0x932044 RKey 0x074400 VAddr 0x007eff62116000
 GID: 00:00:00:00:00:00:00:00:00:00:255:255:10:01:02:01
 local address: LID 0000 QPN 0x09d3 PSN 0x8388b RKey 0x074400 VAddr 0x007eff62126000
 GID: 00:00:00:00:00:00:00:00:00:00:255:255:10:01:02:01
 local address: LID 0000 QPN 0x09d4 PSN 0x468a2c RKey 0x074400 VAddr 0x007eff62136000
 GID: 00:00:00:00:00:00:00:00:00:00:255:255:10:01:02:01
 local address: LID 0000 QPN 0x09d5 PSN 0xd88839 RKey 0x074400 VAddr 0x007eff62146000
 GID: 00:00:00:00:00:00:00:00:00:00:255:255:10:01:02:01
 local address: LID 0000 QPN 0x09d6 PSN 0x7365cc RKey 0x074400 VAddr 0x007eff62156000
 GID: 00:00:00:00:00:00:00:00:00:00:255:255:10:01:02:01
 local address: LID 0000 QPN 0x09d7 PSN 0x296b3 RKey 0x074400 VAddr 0x007eff62166000
 GID: 00:00:00:00:00:00:00:00:00:00:255:255:10:01:02:01
 local address: LID 0000 QPN 0x09d8 PSN 0x5a621d RKey 0x074400 VAddr 0x007eff62176000
 GID: 00:00:00:00:00:00:00:00:00:00:255:255:10:01:02:01
 local address: LID 0000 QPN 0x09d9 PSN 0xdd1b00 RKey 0x074400 VAddr 0x007eff62186000
 GID: 00:00:00:00:00:00:00:00:00:00:255:255:10:01:02:01
 local address: LID 0000 QPN 0x09da PSN 0x63cd36 RKey 0x074400 VAddr 0x007eff62196000
 GID: 00:00:00:00:00:00:00:00:00:00:255:255:10:01:02:01
 local address: LID 0000 QPN 0x09db PSN 0xcd5db9 RKey 0x074400 VAddr 0x007eff621a6000
 GID: 00:00:00:00:00:00:00:00:00:00:255:255:10:01:02:01
 local address: LID 0000 QPN 0x09dc PSN 0x47262f RKey 0x074400 VAddr 0x007eff621b6000
 GID: 00:00:00:00:00:00:00:00:00:00:255:255:10:01:02:01
 local address: LID 0000 QPN 0x09dd PSN 0x3ee3f4 RKey 0x074400 VAddr 0x007eff621c6000
 GID: 00:00:00:00:00:00:00:00:00:00:255:255:10:01:02:01
 local address: LID 0000 QPN 0x09de PSN 0x1ee6b9 RKey 0x074400 VAddr 0x007eff621d6000
 GID: 00:00:00:00:00:00:00:00:00:00:255:255:10:01:02:01
 local address: LID 0000 QPN 0x09df PSN 0x139678 RKey 0x074400 VAddr 0x007eff621e6000
 GID: 00:00:00:00:00:00:00:00:00:00:255:255:10:01:02:01
 local address: LID 0000 QPN 0x09e0 PSN 0xfbf441 RKey 0x074400 VAddr 0x007eff621f6000
 GID: 00:00:00:00:00:00:00:00:00:00:255:255:10:01:02:01
 local address: LID 0000 QPN 0x09e1 PSN 0x9e14f RKey 0x074400 VAddr 0x007eff62206000
 GID: 00:00:00:00:00:00:00:00:00:00:255:255:10:01:02:01
 local address: LID 0000 QPN 0x09e2 PSN 0x50852f RKey 0x074400 VAddr 0x007eff62216000
 GID: 00:00:00:00:00:00:00:00:00:00:255:255:10:01:02:01
 local address: LID 0000 QPN 0x09e3 PSN 0xe977f2 RKey 0x074400 VAddr 0x007eff62226000
 GID: 00:00:00:00:00:00:00:00:00:00:255:255:10:01:02:01
 local address: LID 0000 QPN 0x09e4 PSN 0xb28459 RKey 0x074400 VAddr 0x007eff62236000
 GID: 00:00:00:00:00:00:00:00:00:00:255:255:10:01:02:01
 local address: LID 0000 QPN 0x09e5 PSN 0x47675a RKey 0x074400 VAddr 0x007eff62246000
 GID: 00:00:00:00:00:00:00:00:00:00:255:255:10:01:02:01
 local address: LID 0000 QPN 0x09e6 PSN 0x5f037c RKey 0x074400 VAddr 0x007eff62256000
 GID: 00:00:00:00:00:00:00:00:00:00:255:255:10:01:02:01
 local address: LID 0000 QPN 0x09e7 PSN 0x94316d RKey 0x074400 VAddr 0x007eff62266000
 GID: 00:00:00:00:00:00:00:00:00:00:255:255:10:01:02:01
 local address: LID 0000 QPN 0x09e8 PSN 0xf2c514 RKey 0x074400 VAddr 0x007eff62276000
 GID: 00:00:00:00:00:00:00:00:00:00:255:255:10:01:02:01
 local address: LID 0000 QPN 0x09e9 PSN 0x955c60 RKey 0x074400 VAddr 0x007eff62286000
 GID: 00:00:00:00:00:00:00:00:00:00:255:255:10:01:02:01
 local address: LID 0000 QPN 0x09ea PSN 0xc33699 RKey 0x074400 VAddr 0x007eff62296000
 GID: 00:00:00:00:00:00:00:00:00:00:255:255:10:01:02:01
 local address: LID 0000 QPN 0x09eb PSN 0xa8f4b8 RKey 0x074400 VAddr 0x007eff622a6000
 GID: 00:00:00:00:00:00:00:00:00:00:255:255:10:01:02:01
 local address: LID 0000 QPN 0x09ec PSN 0xd985c8 RKey 0x074400 VAddr 0x007eff622b6000
 GID: 00:00:00:00:00:00:00:00:00:00:255:255:10:01:02:01
 local address: LID 0000 QPN 0x09ed PSN 0x801c4 RKey 0x074400 VAddr 0x007eff622c6000
 GID: 00:00:00:00:00:00:00:00:00:00:255:255:10:01:02:01
 local address: LID 0000 QPN 0x09ee PSN 0x69363c RKey 0x074400 VAddr 0x007eff622d6000
 GID: 00:00:00:00:00:00:00:00:00:00:255:255:10:01:02:01
 local address: LID 0000 QPN 0x09ef PSN 0x43228b RKey 0x074400 VAddr 0x007eff622e6000
 GID: 00:00:00:00:00:00:00:00:00:00:255:255:10:01:02:01
 local address: LID 0000 QPN 0x09f0 PSN 0x616838 RKey 0x074400 VAddr 0x007eff622f6000
 GID: 00:00:00:00:00:00:00:00:00:00:255:255:10:01:02:01
 local address: LID 0000 QPN 0x09f1 PSN 0xddfc2f RKey 0x074400 VAddr 0x007eff62306000
 GID: 00:00:00:00:00:00:00:00:00:00:255:255:10:01:02:01
 local address: LID 0000 QPN 0x09f2 PSN 0xccc626 RKey 0x074400 VAddr 0x007eff62316000
 GID: 00:00:00:00:00:00:00:00:00:00:255:255:10:01:02:01
 local address: LID 0000 QPN 0x09f3 PSN 0xed9b0c RKey 0x074400 VAddr 0x007eff62326000
 GID: 00:00:00:00:00:00:00:00:00:00:255:255:10:01:02:01
 local address: LID 0000 QPN 0x09f4 PSN 0xe6f3f2 RKey 0x074400 VAddr 0x007eff62336000
 GID: 00:00:00:00:00:00:00:00:00:00:255:255:10:01:02:01
 local address: LID 0000 QPN 0x09f5 PSN 0x176ce1 RKey 0x074400 VAddr 0x007eff62346000
 GID: 00:00:00:00:00:00:00:00:00:00:255:255:10:01:02:01
 local address: LID 0000 QPN 0x09f6 PSN 0xa6ca08 RKey 0x074400 VAddr 0x007eff62356000
 GID: 00:00:00:00:00:00:00:00:00:00:255:255:10:01:02:01
 local address: LID 0000 QPN 0x09f7 PSN 0x59546e RKey 0x074400 VAddr 0x007eff62366000
 GID: 00:00:00:00:00:00:00:00:00:00:255:255:10:01:02:01
 local address: LID 0000 QPN 0x09f8 PSN 0x944549 RKey 0x074400 VAddr 0x007eff62376000
 GID: 00:00:00:00:00:00:00:00:00:00:255:255:10:01:02:01
 local address: LID 0000 QPN 0x09f9 PSN 0xfc0e29 RKey 0x074400 VAddr 0x007eff62386000
 GID: 00:00:00:00:00:00:00:00:00:00:255:255:10:01:02:01
 local address: LID 0000 QPN 0x09fa PSN 0xadce13 RKey 0x074400 VAddr 0x007eff62396000
 GID: 00:00:00:00:00:00:00:00:00:00:255:255:10:01:02:01
 local address: LID 0000 QPN 0x09fb PSN 0x3b79b4 RKey 0x074400 VAddr 0x007eff623a6000
 GID: 00:00:00:00:00:00:00:00:00:00:255:255:10:01:02:01
 local address: LID 0000 QPN 0x09fc PSN 0x6e71eb RKey 0x074400 VAddr 0x007eff623b6000
 GID: 00:00:00:00:00:00:00:00:00:00:255:255:10:01:02:01
 local address: LID 0000 QPN 0x09fd PSN 0x2964f0 RKey 0x074400 VAddr 0x007eff623c6000
 GID: 00:00:00:00:00:00:00:00:00:00:255:255:10:01:02:01
 local address: LID 0000 QPN 0x09fe PSN 0xc24e1b RKey 0x074400 VAddr 0x007eff623d6000
 GID: 00:00:00:00:00:00:00:00:00:00:255:255:10:01:02:01
 local address: LID 0000 QPN 0x09ff PSN 0xcf7394 RKey 0x074400 VAddr 0x007eff623e6000
 GID: 00:00:00:00:00:00:00:00:00:00:255:255:10:01:02:01
 local address: LID 0000 QPN 0x0a00 PSN 0x65d1e RKey 0x074400 VAddr 0x007eff623f6000
 GID: 00:00:00:00:00:00:00:00:00:00:255:255:10:01:02:01
 local address: LID 0000 QPN 0x0a01 PSN 0x1396f RKey 0x074400 VAddr 0x007eff62406000
 GID: 00:00:00:00:00:00:00:00:00:00:255:255:10:01:02:01
 local address: LID 0000 QPN 0x0a02 PSN 0x800566 RKey 0x074400 VAddr 0x007eff62416000
 GID: 00:00:00:00:00:00:00:00:00:00:255:255:10:01:02:01
 local address: LID 0000 QPN 0x0a03 PSN 0x9d5d76 RKey 0x074400 VAddr 0x007eff62426000
 GID: 00:00:00:00:00:00:00:00:00:00:255:255:10:01:02:01
 local address: LID 0000 QPN 0x0a04 PSN 0xf0559b RKey 0x074400 VAddr 0x007eff62436000
 GID: 00:00:00:00:00:00:00:00:00:00:255:255:10:01:02:01
 local address: LID 0000 QPN 0x0a05 PSN 0x61a901 RKey 0x074400 VAddr 0x007eff62446000
 GID: 00:00:00:00:00:00:00:00:00:00:255:255:10:01:02:01
 local address: LID 0000 QPN 0x0a06 PSN 0x383117 RKey 0x074400 VAddr 0x007eff62456000
 GID: 00:00:00:00:00:00:00:00:00:00:255:255:10:01:02:01
 local address: LID 0000 QPN 0x0a07 PSN 0x6b889b RKey 0x074400 VAddr 0x007eff62466000
 GID: 00:00:00:00:00:00:00:00:00:00:255:255:10:01:02:01
 local address: LID 0000 QPN 0x0a08 PSN 0xc17707 RKey 0x074400 VAddr 0x007eff62476000
 GID: 00:00:00:00:00:00:00:00:00:00:255:255:10:01:02:01
 local address: LID 0000 QPN 0x0a09 PSN 0x934312 RKey 0x074400 VAddr 0x007eff62486000
 GID: 00:00:00:00:00:00:00:00:00:00:255:255:10:01:02:01
 local address: LID 0000 QPN 0x0a0a PSN 0x6d4f32 RKey 0x074400 VAddr 0x007eff62496000
 GID: 00:00:00:00:00:00:00:00:00:00:255:255:10:01:02:01
 local address: LID 0000 QPN 0x0a0b PSN 0xc9cf5b RKey 0x074400 VAddr 0x007eff624a6000
 GID: 00:00:00:00:00:00:00:00:00:00:255:255:10:01:02:01
 local address: LID 0000 QPN 0x0a0c PSN 0x7690a RKey 0x074400 VAddr 0x007eff624b6000
 GID: 00:00:00:00:00:00:00:00:00:00:255:255:10:01:02:01
 local address: LID 0000 QPN 0x0a0d PSN 0x6ec337 RKey 0x074400 VAddr 0x007eff624c6000
 GID: 00:00:00:00:00:00:00:00:00:00:255:255:10:01:02:01
 local address: LID 0000 QPN 0x0a0e PSN 0xa7844b RKey 0x074400 VAddr 0x007eff624d6000
 GID: 00:00:00:00:00:00:00:00:00:00:255:255:10:01:02:01
 local address: LID 0000 QPN 0x0a0f PSN 0x8f9a87 RKey 0x074400 VAddr 0x007eff624e6000
 GID: 00:00:00:00:00:00:00:00:00:00:255:255:10:01:02:01
 local address: LID 0000 QPN 0x0a10 PSN 0x1eb60e RKey 0x074400 VAddr 0x007eff624f6000
 GID: 00:00:00:00:00:00:00:00:00:00:255:255:10:01:02:01
 local address: LID 0000 QPN 0x0a11 PSN 0x31a58 RKey 0x074400 VAddr 0x007eff62506000
 GID: 00:00:00:00:00:00:00:00:00:00:255:255:10:01:02:01
 local address: LID 0000 QPN 0x0a12 PSN 0x8171d0 RKey 0x074400 VAddr 0x007eff62516000
 GID: 00:00:00:00:00:00:00:00:00:00:255:255:10:01:02:01
 local address: LID 0000 QPN 0x0a13 PSN 0x119aed RKey 0x074400 VAddr 0x007eff62526000
 GID: 00:00:00:00:00:00:00:00:00:00:255:255:10:01:02:01
 local address: LID 0000 QPN 0x0a14 PSN 0x959396 RKey 0x074400 VAddr 0x007eff62536000
 GID: 00:00:00:00:00:00:00:00:00:00:255:255:10:01:02:01
 local address: LID 0000 QPN 0x0a15 PSN 0x9d9908 RKey 0x074400 VAddr 0x007eff62546000
 GID: 00:00:00:00:00:00:00:00:00:00:255:255:10:01:02:01
 local address: LID 0000 QPN 0x0a16 PSN 0xbfe6ef RKey 0x074400 VAddr 0x007eff62556000
 GID: 00:00:00:00:00:00:00:00:00:00:255:255:10:01:02:01
 local address: LID 0000 QPN 0x0a17 PSN 0xe258f9 RKey 0x074400 VAddr 0x007eff62566000
 GID: 00:00:00:00:00:00:00:00:00:00:255:255:10:01:02:01
 local address: LID 0000 QPN 0x0a18 PSN 0x8c9638 RKey 0x074400 VAddr 0x007eff62576000
 GID: 00:00:00:00:00:00:00:00:00:00:255:255:10:01:02:01
 local address: LID 0000 QPN 0x0a19 PSN 0x212cf5 RKey 0x074400 VAddr 0x007eff62586000
 GID: 00:00:00:00:00:00:00:00:00:00:255:255:10:01:02:01
 local address: LID 0000 QPN 0x0a1a PSN 0xc37625 RKey 0x074400 VAddr 0x007eff62596000
 GID: 00:00:00:00:00:00:00:00:00:00:255:255:10:01:02:01
 local address: LID 0000 QPN 0x0a1b PSN 0xc0dc78 RKey 0x074400 VAddr 0x007eff625a6000
 GID: 00:00:00:00:00:00:00:00:00:00:255:255:10:01:02:01
 local address: LID 0000 QPN 0x0a1c PSN 0xe46b39 RKey 0x074400 VAddr 0x007eff625b6000
 GID: 00:00:00:00:00:00:00:00:00:00:255:255:10:01:02:01
 local address: LID 0000 QPN 0x0a1d PSN 0x36c37b RKey 0x074400 VAddr 0x007eff625c6000
 GID: 00:00:00:00:00:00:00:00:00:00:255:255:10:01:02:01
 local address: LID 0000 QPN 0x0a1e PSN 0x499965 RKey 0x074400 VAddr 0x007eff625d6000
 GID: 00:00:00:00:00:00:00:00:00:00:255:255:10:01:02:01
 local address: LID 0000 QPN 0x0a1f PSN 0xace78 RKey 0x074400 VAddr 0x007eff625e6000
 GID: 00:00:00:00:00:00:00:00:00:00:255:255:10:01:02:01
 local address: LID 0000 QPN 0x0a20 PSN 0x9f51c3 RKey 0x074400 VAddr 0x007eff625f6000
 GID: 00:00:00:00:00:00:00:00:00:00:255:255:10:01:02:01
 local address: LID 0000 QPN 0x0a21 PSN 0x300353 RKey 0x074400 VAddr 0x007eff62606000
 GID: 00:00:00:00:00:00:00:00:00:00:255:255:10:01:02:01
 local address: LID 0000 QPN 0x0a22 PSN 0xe3aee1 RKey 0x074400 VAddr 0x007eff62616000
 GID: 00:00:00:00:00:00:00:00:00:00:255:255:10:01:02:01
 local address: LID 0000 QPN 0x0a23 PSN 0xbb974c RKey 0x074400 VAddr 0x007eff62626000
 GID: 00:00:00:00:00:00:00:00:00:00:255:255:10:01:02:01
 local address: LID 0000 QPN 0x0a24 PSN 0x4eadc5 RKey 0x074400 VAddr 0x007eff62636000
 GID: 00:00:00:00:00:00:00:00:00:00:255:255:10:01:02:01
 local address: LID 0000 QPN 0x0a25 PSN 0x96af68 RKey 0x074400 VAddr 0x007eff62646000
 GID: 00:00:00:00:00:00:00:00:00:00:255:255:10:01:02:01
 local address: LID 0000 QPN 0x0a26 PSN 0x64b877 RKey 0x074400 VAddr 0x007eff62656000
 GID: 00:00:00:00:00:00:00:00:00:00:255:255:10:01:02:01
 local address: LID 0000 QPN 0x0a27 PSN 0xd81aac RKey 0x074400 VAddr 0x007eff62666000
 GID: 00:00:00:00:00:00:00:00:00:00:255:255:10:01:02:01
 local address: LID 0000 QPN 0x0a28 PSN 0x50ae67 RKey 0x074400 VAddr 0x007eff62676000
 GID: 00:00:00:00:00:00:00:00:00:00:255:255:10:01:02:01
 local address: LID 0000 QPN 0x0a29 PSN 0x7624ca RKey 0x074400 VAddr 0x007eff62686000
 GID: 00:00:00:00:00:00:00:00:00:00:255:255:10:01:02:01
 local address: LID 0000 QPN 0x0a2a PSN 0x6b67bb RKey 0x074400 VAddr 0x007eff62696000
 GID: 00:00:00:00:00:00:00:00:00:00:255:255:10:01:02:01
 local address: LID 0000 QPN 0x0a2b PSN 0x3ed3f8 RKey 0x074400 VAddr 0x007eff626a6000
 GID: 00:00:00:00:00:00:00:00:00:00:255:255:10:01:02:01
 local address: LID 0000 QPN 0x0a2c PSN 0xa7a229 RKey 0x074400 VAddr 0x007eff626b6000
 GID: 00:00:00:00:00:00:00:00:00:00:255:255:10:01:02:01
 local address: LID 0000 QPN 0x0a2d PSN 0x9185bb RKey 0x074400 VAddr 0x007eff626c6000
 GID: 00:00:00:00:00:00:00:00:00:00:255:255:10:01:02:01
 local address: LID 0000 QPN 0x0a2e PSN 0xbca09d RKey 0x074400 VAddr 0x007eff626d6000
 GID: 00:00:00:00:00:00:00:00:00:00:255:255:10:01:02:01
 local address: LID 0000 QPN 0x0a2f PSN 0x4e349d RKey 0x074400 VAddr 0x007eff626e6000
 GID: 00:00:00:00:00:00:00:00:00:00:255:255:10:01:02:01
 local address: LID 0000 QPN 0x0a30 PSN 0xf43297 RKey 0x074400 VAddr 0x007eff626f6000
 GID: 00:00:00:00:00:00:00:00:00:00:255:255:10:01:02:01
 local address: LID 0000 QPN 0x0a31 PSN 0x1043e7 RKey 0x074400 VAddr 0x007eff62706000
 GID: 00:00:00:00:00:00:00:00:00:00:255:255:10:01:02:01
 local address: LID 0000 QPN 0x0a32 PSN 0xfb3cb7 RKey 0x074400 VAddr 0x007eff62716000
 GID: 00:00:00:00:00:00:00:00:00:00:255:255:10:01:02:01
 local address: LID 0000 QPN 0x0a33 PSN 0xcf4690 RKey 0x074400 VAddr 0x007eff62726000
 GID: 00:00:00:00:00:00:00:00:00:00:255:255:10:01:02:01
 local address: LID 0000 QPN 0x0a34 PSN 0x3561ab RKey 0x074400 VAddr 0x007eff62736000
 GID: 00:00:00:00:00:00:00:00:00:00:255:255:10:01:02:01
 local address: LID 0000 QPN 0x0a35 PSN 0xd3dbb1 RKey 0x074400 VAddr 0x007eff62746000
 GID: 00:00:00:00:00:00:00:00:00:00:255:255:10:01:02:01
 local address: LID 0000 QPN 0x0a36 PSN 0xc7936 RKey 0x074400 VAddr 0x007eff62756000
 GID: 00:00:00:00:00:00:00:00:00:00:255:255:10:01:02:01
 local address: LID 0000 QPN 0x0a37 PSN 0x30b4f8 RKey 0x074400 VAddr 0x007eff62766000
 GID: 00:00:00:00:00:00:00:00:00:00:255:255:10:01:02:01
 local address: LID 0000 QPN 0x0a38 PSN 0x4c2bf RKey 0x074400 VAddr 0x007eff62776000
 GID: 00:00:00:00:00:00:00:00:00:00:255:255:10:01:02:01
 local address: LID 0000 QPN 0x0a39 PSN 0xc4b2a9 RKey 0x074400 VAddr 0x007eff62786000
 GID: 00:00:00:00:00:00:00:00:00:00:255:255:10:01:02:01
 local address: LID 0000 QPN 0x0a3a PSN 0xc51962 RKey 0x074400 VAddr 0x007eff62796000
 GID: 00:00:00:00:00:00:00:00:00:00:255:255:10:01:02:01
 local address: LID 0000 QPN 0x0a3b PSN 0x7e7ce8 RKey 0x074400 VAddr 0x007eff627a6000
 GID: 00:00:00:00:00:00:00:00:00:00:255:255:10:01:02:01
 local address: LID 0000 QPN 0x0a3c PSN 0xb3092d RKey 0x074400 VAddr 0x007eff627b6000
 GID: 00:00:00:00:00:00:00:00:00:00:255:255:10:01:02:01
 local address: LID 0000 QPN 0x0a3d PSN 0x112b19 RKey 0x074400 VAddr 0x007eff627c6000
 GID: 00:00:00:00:00:00:00:00:00:00:255:255:10:01:02:01
 local address: LID 0000 QPN 0x0a3e PSN 0xf1e7cb RKey 0x074400 VAddr 0x007eff627d6000
 GID: 00:00:00:00:00:00:00:00:00:00:255:255:10:01:02:01
 local address: LID 0000 QPN 0x0a3f PSN 0xc4a84a RKey 0x074400 VAddr 0x007eff627e6000
 GID: 00:00:00:00:00:00:00:00:00:00:255:255:10:01:02:01
 local address: LID 0000 QPN 0x0a40 PSN 0x90a685 RKey 0x074400 VAddr 0x007eff627f6000
 GID: 00:00:00:00:00:00:00:00:00:00:255:255:10:01:02:01
 local address: LID 0000 QPN 0x0a41 PSN 0xb91ebf RKey 0x074400 VAddr 0x007eff62806000
 GID: 00:00:00:00:00:00:00:00:00:00:255:255:10:01:02:01
 local address: LID 0000 QPN 0x0a42 PSN 0xee012 RKey 0x074400 VAddr 0x007eff62816000
 GID: 00:00:00:00:00:00:00:00:00:00:255:255:10:01:02:01
 local address: LID 0000 QPN 0x0a43 PSN 0xcf94d7 RKey 0x074400 VAddr 0x007eff62826000
 GID: 00:00:00:00:00:00:00:00:00:00:255:255:10:01:02:01
 local address: LID 0000 QPN 0x0a44 PSN 0x6fd26a RKey 0x074400 VAddr 0x007eff62836000
 GID: 00:00:00:00:00:00:00:00:00:00:255:255:10:01:02:01
 local address: LID 0000 QPN 0x0a45 PSN 0xf11294 RKey 0x074400 VAddr 0x007eff62846000
 GID: 00:00:00:00:00:00:00:00:00:00:255:255:10:01:02:01
 local address: LID 0000 QPN 0x0a46 PSN 0xaaeb51 RKey 0x074400 VAddr 0x007eff62856000
 GID: 00:00:00:00:00:00:00:00:00:00:255:255:10:01:02:01
 local address: LID 0000 QPN 0x0a47 PSN 0xa26942 RKey 0x074400 VAddr 0x007eff62866000
 GID: 00:00:00:00:00:00:00:00:00:00:255:255:10:01:02:01
 local address: LID 0000 QPN 0x0a48 PSN 0xa8f609 RKey 0x074400 VAddr 0x007eff62876000
 GID: 00:00:00:00:00:00:00:00:00:00:255:255:10:01:02:01
 local address: LID 0000 QPN 0x0a49 PSN 0xb95cb RKey 0x074400 VAddr 0x007eff62886000
 GID: 00:00:00:00:00:00:00:00:00:00:255:255:10:01:02:01
 local address: LID 0000 QPN 0x0a4a PSN 0x2ab928 RKey 0x074400 VAddr 0x007eff62896000
 GID: 00:00:00:00:00:00:00:00:00:00:255:255:10:01:02:01
 local address: LID 0000 QPN 0x0a4b PSN 0xa47a75 RKey 0x074400 VAddr 0x007eff628a6000
 GID: 00:00:00:00:00:00:00:00:00:00:255:255:10:01:02:01
 local address: LID 0000 QPN 0x0a4c PSN 0x401537 RKey 0x074400 VAddr 0x007eff628b6000
 GID: 00:00:00:00:00:00:00:00:00:00:255:255:10:01:02:01
 local address: LID 0000 QPN 0x0a4d PSN 0xcc5dd5 RKey 0x074400 VAddr 0x007eff628c6000
 GID: 00:00:00:00:00:00:00:00:00:00:255:255:10:01:02:01
 local address: LID 0000 QPN 0x0a4e PSN 0xfbdf65 RKey 0x074400 VAddr 0x007eff628d6000
 GID: 00:00:00:00:00:00:00:00:00:00:255:255:10:01:02:01
 local address: LID 0000 QPN 0x0a4f PSN 0x9082f2 RKey 0x074400 VAddr 0x007eff628e6000
 GID: 00:00:00:00:00:00:00:00:00:00:255:255:10:01:02:01
 local address: LID 0000 QPN 0x0a50 PSN 0xd96f26 RKey 0x074400 VAddr 0x007eff628f6000
 GID: 00:00:00:00:00:00:00:00:00:00:255:255:10:01:02:01
 local address: LID 0000 QPN 0x0a51 PSN 0x6fd1a1 RKey 0x074400 VAddr 0x007eff62906000
 GID: 00:00:00:00:00:00:00:00:00:00:255:255:10:01:02:01
 local address: LID 0000 QPN 0x0a52 PSN 0xf20a4f RKey 0x074400 VAddr 0x007eff62916000
 GID: 00:00:00:00:00:00:00:00:00:00:255:255:10:01:02:01
 local address: LID 0000 QPN 0x0a53 PSN 0xbcae5c RKey 0x074400 VAddr 0x007eff62926000
 GID: 00:00:00:00:00:00:00:00:00:00:255:255:10:01:02:01
 local address: LID 0000 QPN 0x0a54 PSN 0x9530c4 RKey 0x074400 VAddr 0x007eff62936000
 GID: 00:00:00:00:00:00:00:00:00:00:255:255:10:01:02:01
 local address: LID 0000 QPN 0x0a55 PSN 0x6ad5e2 RKey 0x074400 VAddr 0x007eff62946000
 GID: 00:00:00:00:00:00:00:00:00:00:255:255:10:01:02:01
 local address: LID 0000 QPN 0x0a56 PSN 0x1aa78f RKey 0x074400 VAddr 0x007eff62956000
 GID: 00:00:00:00:00:00:00:00:00:00:255:255:10:01:02:01
 local address: LID 0000 QPN 0x0a57 PSN 0x809b0f RKey 0x074400 VAddr 0x007eff62966000
 GID: 00:00:00:00:00:00:00:00:00:00:255:255:10:01:02:01
 local address: LID 0000 QPN 0x0a58 PSN 0x4db2b1 RKey 0x074400 VAddr 0x007eff62976000
 GID: 00:00:00:00:00:00:00:00:00:00:255:255:10:01:02:01
 local address: LID 0000 QPN 0x0a59 PSN 0x11cc88 RKey 0x074400 VAddr 0x007eff62986000
 GID: 00:00:00:00:00:00:00:00:00:00:255:255:10:01:02:01
 local address: LID 0000 QPN 0x0a5a PSN 0x7015bc RKey 0x074400 VAddr 0x007eff62996000
 GID: 00:00:00:00:00:00:00:00:00:00:255:255:10:01:02:01
 local address: LID 0000 QPN 0x0a5b PSN 0x6e93e9 RKey 0x074400 VAddr 0x007eff629a6000
 GID: 00:00:00:00:00:00:00:00:00:00:255:255:10:01:02:01
 local address: LID 0000 QPN 0x0a5c PSN 0xb15cda RKey 0x074400 VAddr 0x007eff629b6000
 GID: 00:00:00:00:00:00:00:00:00:00:255:255:10:01:02:01
 local address: LID 0000 QPN 0x0a5d PSN 0x12d950 RKey 0x074400 VAddr 0x007eff629c6000
 GID: 00:00:00:00:00:00:00:00:00:00:255:255:10:01:02:01
 local address: LID 0000 QPN 0x0a5e PSN 0x1c0281 RKey 0x074400 VAddr 0x007eff629d6000
 GID: 00:00:00:00:00:00:00:00:00:00:255:255:10:01:02:01
 local address: LID 0000 QPN 0x0a5f PSN 0xe7642c RKey 0x074400 VAddr 0x007eff629e6000
 GID: 00:00:00:00:00:00:00:00:00:00:255:255:10:01:02:01
 local address: LID 0000 QPN 0x0a60 PSN 0xe8e9b7 RKey 0x074400 VAddr 0x007eff629f6000
 GID: 00:00:00:00:00:00:00:00:00:00:255:255:10:01:02:01
 local address: LID 0000 QPN 0x0a61 PSN 0x1e9d77 RKey 0x074400 VAddr 0x007eff62a06000
 GID: 00:00:00:00:00:00:00:00:00:00:255:255:10:01:02:01
 local address: LID 0000 QPN 0x0a62 PSN 0x9416d RKey 0x074400 VAddr 0x007eff62a16000
 GID: 00:00:00:00:00:00:00:00:00:00:255:255:10:01:02:01
 local address: LID 0000 QPN 0x0a63 PSN 0x64477c RKey 0x074400 VAddr 0x007eff62a26000
 GID: 00:00:00:00:00:00:00:00:00:00:255:255:10:01:02:01
 local address: LID 0000 QPN 0x0a64 PSN 0x8c631d RKey 0x074400 VAddr 0x007eff62a36000
 GID: 00:00:00:00:00:00:00:00:00:00:255:255:10:01:02:01
 local address: LID 0000 QPN 0x0a65 PSN 0x5bbc8a RKey 0x074400 VAddr 0x007eff62a46000
 GID: 00:00:00:00:00:00:00:00:00:00:255:255:10:01:02:01
 local address: LID 0000 QPN 0x0a66 PSN 0x0557 RKey 0x074400 VAddr 0x007eff62a56000
 GID: 00:00:00:00:00:00:00:00:00:00:255:255:10:01:02:01
 local address: LID 0000 QPN 0x0a67 PSN 0xc89802 RKey 0x074400 VAddr 0x007eff62a66000
 GID: 00:00:00:00:00:00:00:00:00:00:255:255:10:01:02:01
 local address: LID 0000 QPN 0x0a68 PSN 0x34d2c0 RKey 0x074400 VAddr 0x007eff62a76000
 GID: 00:00:00:00:00:00:00:00:00:00:255:255:10:01:02:01
 local address: LID 0000 QPN 0x0a69 PSN 0x749c59 RKey 0x074400 VAddr 0x007eff62a86000
 GID: 00:00:00:00:00:00:00:00:00:00:255:255:10:01:02:01
 local address: LID 0000 QPN 0x0a6a PSN 0xc066c RKey 0x074400 VAddr 0x007eff62a96000
 GID: 00:00:00:00:00:00:00:00:00:00:255:255:10:01:02:01
 local address: LID 0000 QPN 0x0a6b PSN 0x44fcb3 RKey 0x074400 VAddr 0x007eff62aa6000
 GID: 00:00:00:00:00:00:00:00:00:00:255:255:10:01:02:01
 local address: LID 0000 QPN 0x0a6c PSN 0x9e4049 RKey 0x074400 VAddr 0x007eff62ab6000
 GID: 00:00:00:00:00:00:00:00:00:00:255:255:10:01:02:01
 local address: LID 0000 QPN 0x0a6d PSN 0x53f209 RKey 0x074400 VAddr 0x007eff62ac6000
 GID: 00:00:00:00:00:00:00:00:00:00:255:255:10:01:02:01
 local address: LID 0000 QPN 0x0a6e PSN 0x1abed7 RKey 0x074400 VAddr 0x007eff62ad6000
 GID: 00:00:00:00:00:00:00:00:00:00:255:255:10:01:02:01
 local address: LID 0000 QPN 0x0a6f PSN 0xeff9ab RKey 0x074400 VAddr 0x007eff62ae6000
 GID: 00:00:00:00:00:00:00:00:00:00:255:255:10:01:02:01
 local address: LID 0000 QPN 0x0a70 PSN 0xad3710 RKey 0x074400 VAddr 0x007eff62af6000
 GID: 00:00:00:00:00:00:00:00:00:00:255:255:10:01:02:01
 local address: LID 0000 QPN 0x0a71 PSN 0x1bce49 RKey 0x074400 VAddr 0x007eff62b06000
 GID: 00:00:00:00:00:00:00:00:00:00:255:255:10:01:02:01
 local address: LID 0000 QPN 0x0a72 PSN 0x38880b RKey 0x074400 VAddr 0x007eff62b16000
 GID: 00:00:00:00:00:00:00:00:00:00:255:255:10:01:02:01
 local address: LID 0000 QPN 0x0a73 PSN 0x53e4b3 RKey 0x074400 VAddr 0x007eff62b26000
 GID: 00:00:00:00:00:00:00:00:00:00:255:255:10:01:02:01
 local address: LID 0000 QPN 0x0a74 PSN 0x64ad77 RKey 0x074400 VAddr 0x007eff62b36000
 GID: 00:00:00:00:00:00:00:00:00:00:255:255:10:01:02:01
 local address: LID 0000 QPN 0x0a75 PSN 0xabfa9d RKey 0x074400 VAddr 0x007eff62b46000
 GID: 00:00:00:00:00:00:00:00:00:00:255:255:10:01:02:01
 local address: LID 0000 QPN 0x0a76 PSN 0x3602b0 RKey 0x074400 VAddr 0x007eff62b56000
 GID: 00:00:00:00:00:00:00:00:00:00:255:255:10:01:02:01
 local address: LID 0000 QPN 0x0a77 PSN 0xf05fe2 RKey 0x074400 VAddr 0x007eff62b66000
 GID: 00:00:00:00:00:00:00:00:00:00:255:255:10:01:02:01
 local address: LID 0000 QPN 0x0a78 PSN 0x8cc7e2 RKey 0x074400 VAddr 0x007eff62b76000
 GID: 00:00:00:00:00:00:00:00:00:00:255:255:10:01:02:01
 local address: LID 0000 QPN 0x0a79 PSN 0x4799d6 RKey 0x074400 VAddr 0x007eff62b86000
 GID: 00:00:00:00:00:00:00:00:00:00:255:255:10:01:02:01
 local address: LID 0000 QPN 0x0a7a PSN 0x6bd328 RKey 0x074400 VAddr 0x007eff62b96000
 GID: 00:00:00:00:00:00:00:00:00:00:255:255:10:01:02:01
 local address: LID 0000 QPN 0x0a7b PSN 0x2d9c5f RKey 0x074400 VAddr 0x007eff62ba6000
 GID: 00:00:00:00:00:00:00:00:00:00:255:255:10:01:02:01
 local address: LID 0000 QPN 0x0a7c PSN 0x189156 RKey 0x074400 VAddr 0x007eff62bb6000
 GID: 00:00:00:00:00:00:00:00:00:00:255:255:10:01:02:01
 local address: LID 0000 QPN 0x0a7d PSN 0xb71da2 RKey 0x074400 VAddr 0x007eff62bc6000
 GID: 00:00:00:00:00:00:00:00:00:00:255:255:10:01:02:01
 local address: LID 0000 QPN 0x0a7e PSN 0x695cbc RKey 0x074400 VAddr 0x007eff62bd6000
 GID: 00:00:00:00:00:00:00:00:00:00:255:255:10:01:02:01
 local address: LID 0000 QPN 0x0a7f PSN 0xa1c744 RKey 0x074400 VAddr 0x007eff62be6000
 GID: 00:00:00:00:00:00:00:00:00:00:255:255:10:01:02:01
 local address: LID 0000 QPN 0x0a80 PSN 0xe063ad RKey 0x074400 VAddr 0x007eff62bf6000
 GID: 00:00:00:00:00:00:00:00:00:00:255:255:10:01:02:01
 local address: LID 0000 QPN 0x0a81 PSN 0xc2c33f RKey 0x074400 VAddr 0x007eff62c06000
 GID: 00:00:00:00:00:00:00:00:00:00:255:255:10:01:02:01
 local address: LID 0000 QPN 0x0a82 PSN 0x3bc568 RKey 0x074400 VAddr 0x007eff62c16000
 GID: 00:00:00:00:00:00:00:00:00:00:255:255:10:01:02:01
 local address: LID 0000 QPN 0x0a83 PSN 0xed229e RKey 0x074400 VAddr 0x007eff62c26000
 GID: 00:00:00:00:00:00:00:00:00:00:255:255:10:01:02:01
 local address: LID 0000 QPN 0x0a84 PSN 0xa85973 RKey 0x074400 VAddr 0x007eff62c36000
 GID: 00:00:00:00:00:00:00:00:00:00:255:255:10:01:02:01
 local address: LID 0000 QPN 0x0a85 PSN 0x32e94b RKey 0x074400 VAddr 0x007eff62c46000
 GID: 00:00:00:00:00:00:00:00:00:00:255:255:10:01:02:01
 local address: LID 0000 QPN 0x0a86 PSN 0x452c3f RKey 0x074400 VAddr 0x007eff62c56000
 GID: 00:00:00:00:00:00:00:00:00:00:255:255:10:01:02:01
 local address: LID 0000 QPN 0x0a87 PSN 0xf76c91 RKey 0x074400 VAddr 0x007eff62c66000
 GID: 00:00:00:00:00:00:00:00:00:00:255:255:10:01:02:01
 local address: LID 0000 QPN 0x0a88 PSN 0x45c361 RKey 0x074400 VAddr 0x007eff62c76000
 GID: 00:00:00:00:00:00:00:00:00:00:255:255:10:01:02:01
 local address: LID 0000 QPN 0x0a89 PSN 0xc6b0b8 RKey 0x074400 VAddr 0x007eff62c86000
 GID: 00:00:00:00:00:00:00:00:00:00:255:255:10:01:02:01
 local address: LID 0000 QPN 0x0a8a PSN 0xf09c7c RKey 0x074400 VAddr 0x007eff62c96000
 GID: 00:00:00:00:00:00:00:00:00:00:255:255:10:01:02:01
 local address: LID 0000 QPN 0x0a8b PSN 0x215698 RKey 0x074400 VAddr 0x007eff62ca6000
 GID: 00:00:00:00:00:00:00:00:00:00:255:255:10:01:02:01
 local address: LID 0000 QPN 0x0a8c PSN 0xac3b74 RKey 0x074400 VAddr 0x007eff62cb6000
 GID: 00:00:00:00:00:00:00:00:00:00:255:255:10:01:02:01
 local address: LID 0000 QPN 0x0a8d PSN 0xe67adb RKey 0x074400 VAddr 0x007eff62cc6000
 GID: 00:00:00:00:00:00:00:00:00:00:255:255:10:01:02:01
 local address: LID 0000 QPN 0x0a8e PSN 0x8de727 RKey 0x074400 VAddr 0x007eff62cd6000
 GID: 00:00:00:00:00:00:00:00:00:00:255:255:10:01:02:01
 local address: LID 0000 QPN 0x0a8f PSN 0x26eeeb RKey 0x074400 VAddr 0x007eff62ce6000
 GID: 00:00:00:00:00:00:00:00:00:00:255:255:10:01:02:01
 local address: LID 0000 QPN 0x0a90 PSN 0x5a8fa8 RKey 0x074400 VAddr 0x007eff62cf6000
 GID: 00:00:00:00:00:00:00:00:00:00:255:255:10:01:02:01
 local address: LID 0000 QPN 0x0a91 PSN 0x5ef6a3 RKey 0x074400 VAddr 0x007eff62d06000
 GID: 00:00:00:00:00:00:00:00:00:00:255:255:10:01:02:01
 local address: LID 0000 QPN 0x0a92 PSN 0xe92d61 RKey 0x074400 VAddr 0x007eff62d16000
 GID: 00:00:00:00:00:00:00:00:00:00:255:255:10:01:02:01
 local address: LID 0000 QPN 0x0a93 PSN 0x1bfdf9 RKey 0x074400 VAddr 0x007eff62d26000
 GID: 00:00:00:00:00:00:00:00:00:00:255:255:10:01:02:01
 local address: LID 0000 QPN 0x0a94 PSN 0xa95e56 RKey 0x074400 VAddr 0x007eff62d36000
 GID: 00:00:00:00:00:00:00:00:00:00:255:255:10:01:02:01
 local address: LID 0000 QPN 0x0a95 PSN 0x4a8ee6 RKey 0x074400 VAddr 0x007eff62d46000
 GID: 00:00:00:00:00:00:00:00:00:00:255:255:10:01:02:01
 local address: LID 0000 QPN 0x0a96 PSN 0x64854c RKey 0x074400 VAddr 0x007eff62d56000
 GID: 00:00:00:00:00:00:00:00:00:00:255:255:10:01:02:01
 local address: LID 0000 QPN 0x0a97 PSN 0x397a14 RKey 0x074400 VAddr 0x007eff62d66000
 GID: 00:00:00:00:00:00:00:00:00:00:255:255:10:01:02:01
 local address: LID 0000 QPN 0x0a98 PSN 0x80de27 RKey 0x074400 VAddr 0x007eff62d76000
 GID: 00:00:00:00:00:00:00:00:00:00:255:255:10:01:02:01
 local address: LID 0000 QPN 0x0a99 PSN 0x9a2bd7 RKey 0x074400 VAddr 0x007eff62d86000
 GID: 00:00:00:00:00:00:00:00:00:00:255:255:10:01:02:01
 local address: LID 0000 QPN 0x0a9a PSN 0x16c399 RKey 0x074400 VAddr 0x007eff62d96000
 GID: 00:00:00:00:00:00:00:00:00:00:255:255:10:01:02:01
 local address: LID 0000 QPN 0x0a9b PSN 0x43532d RKey 0x074400 VAddr 0x007eff62da6000
 GID: 00:00:00:00:00:00:00:00:00:00:255:255:10:01:02:01
 local address: LID 0000 QPN 0x0a9c PSN 0x98ebb4 RKey 0x074400 VAddr 0x007eff62db6000
 GID: 00:00:00:00:00:00:00:00:00:00:255:255:10:01:02:01
 local address: LID 0000 QPN 0x0a9d PSN 0x8b5994 RKey 0x074400 VAddr 0x007eff62dc6000
 GID: 00:00:00:00:00:00:00:00:00:00:255:255:10:01:02:01
 local address: LID 0000 QPN 0x0a9e PSN 0x5913af RKey 0x074400 VAddr 0x007eff62dd6000
 GID: 00:00:00:00:00:00:00:00:00:00:255:255:10:01:02:01
 local address: LID 0000 QPN 0x0a9f PSN 0x3ff8b4 RKey 0x074400 VAddr 0x007eff62de6000
 GID: 00:00:00:00:00:00:00:00:00:00:255:255:10:01:02:01
 local address: LID 0000 QPN 0x0aa0 PSN 0x3e16bc RKey 0x074400 VAddr 0x007eff62df6000
 GID: 00:00:00:00:00:00:00:00:00:00:255:255:10:01:02:01
 local address: LID 0000 QPN 0x0aa1 PSN 0xe905dc RKey 0x074400 VAddr 0x007eff62e06000
 GID: 00:00:00:00:00:00:00:00:00:00:255:255:10:01:02:01
 local address: LID 0000 QPN 0x0aa2 PSN 0xdda875 RKey 0x074400 VAddr 0x007eff62e16000
 GID: 00:00:00:00:00:00:00:00:00:00:255:255:10:01:02:01
 local address: LID 0000 QPN 0x0aa3 PSN 0x2f1ba1 RKey 0x074400 VAddr 0x007eff62e26000
 GID: 00:00:00:00:00:00:00:00:00:00:255:255:10:01:02:01
 local address: LID 0000 QPN 0x0aa4 PSN 0x480901 RKey 0x074400 VAddr 0x007eff62e36000
 GID: 00:00:00:00:00:00:00:00:00:00:255:255:10:01:02:01
 local address: LID 0000 QPN 0x0aa5 PSN 0x5526de RKey 0x074400 VAddr 0x007eff62e46000
 GID: 00:00:00:00:00:00:00:00:00:00:255:255:10:01:02:01
 local address: LID 0000 QPN 0x0aa6 PSN 0x846fbc RKey 0x074400 VAddr 0x007eff62e56000
 GID: 00:00:00:00:00:00:00:00:00:00:255:255:10:01:02:01
 local address: LID 0000 QPN 0x0aa7 PSN 0x834e91 RKey 0x074400 VAddr 0x007eff62e66000
 GID: 00:00:00:00:00:00:00:00:00:00:255:255:10:01:02:01
 local address: LID 0000 QPN 0x0aa8 PSN 0x1940bf RKey 0x074400 VAddr 0x007eff62e76000
 GID: 00:00:00:00:00:00:00:00:00:00:255:255:10:01:02:01
 local address: LID 0000 QPN 0x0aa9 PSN 0x2cbd2c RKey 0x074400 VAddr 0x007eff62e86000
 GID: 00:00:00:00:00:00:00:00:00:00:255:255:10:01:02:01
 local address: LID 0000 QPN 0x0aaa PSN 0x47524c RKey 0x074400 VAddr 0x007eff62e96000
 GID: 00:00:00:00:00:00:00:00:00:00:255:255:10:01:02:01
 local address: LID 0000 QPN 0x0aab PSN 0x7a4608 RKey 0x074400 VAddr 0x007eff62ea6000
 GID: 00:00:00:00:00:00:00:00:00:00:255:255:10:01:02:01
 local address: LID 0000 QPN 0x0aac PSN 0xc5b8ca RKey 0x074400 VAddr 0x007eff62eb6000
 GID: 00:00:00:00:00:00:00:00:00:00:255:255:10:01:02:01
 local address: LID 0000 QPN 0x0aad PSN 0xfcc2cf RKey 0x074400 VAddr 0x007eff62ec6000
 GID: 00:00:00:00:00:00:00:00:00:00:255:255:10:01:02:01
 local address: LID 0000 QPN 0x0aae PSN 0x662a89 RKey 0x074400 VAddr 0x007eff62ed6000
 GID: 00:00:00:00:00:00:00:00:00:00:255:255:10:01:02:01
 local address: LID 0000 QPN 0x0aaf PSN 0x299ad5 RKey 0x074400 VAddr 0x007eff62ee6000
 GID: 00:00:00:00:00:00:00:00:00:00:255:255:10:01:02:01
 local address: LID 0000 QPN 0x0ab0 PSN 0x7db843 RKey 0x074400 VAddr 0x007eff62ef6000
 GID: 00:00:00:00:00:00:00:00:00:00:255:255:10:01:02:01
 local address: LID 0000 QPN 0x0ab1 PSN 0x15b974 RKey 0x074400 VAddr 0x007eff62f06000
 GID: 00:00:00:00:00:00:00:00:00:00:255:255:10:01:02:01
 local address: LID 0000 QPN 0x0ab2 PSN 0x133bc2 RKey 0x074400 VAddr 0x007eff62f16000
 GID: 00:00:00:00:00:00:00:00:00:00:255:255:10:01:02:01
 local address: LID 0000 QPN 0x0ab3 PSN 0x521093 RKey 0x074400 VAddr 0x007eff62f26000
 GID: 00:00:00:00:00:00:00:00:00:00:255:255:10:01:02:01
 local address: LID 0000 QPN 0x0ab4 PSN 0xb3a3f6 RKey 0x074400 VAddr 0x007eff62f36000
 GID: 00:00:00:00:00:00:00:00:00:00:255:255:10:01:02:01
 local address: LID 0000 QPN 0x0ab5 PSN 0xb4a9c3 RKey 0x074400 VAddr 0x007eff62f46000
 GID: 00:00:00:00:00:00:00:00:00:00:255:255:10:01:02:01
 local address: LID 0000 QPN 0x0ab6 PSN 0xe39417 RKey 0x074400 VAddr 0x007eff62f56000
 GID: 00:00:00:00:00:00:00:00:00:00:255:255:10:01:02:01
 local address: LID 0000 QPN 0x0ab7 PSN 0xe9824b RKey 0x074400 VAddr 0x007eff62f66000
 GID: 00:00:00:00:00:00:00:00:00:00:255:255:10:01:02:01
 local address: LID 0000 QPN 0x0ab8 PSN 0xc74b53 RKey 0x074400 VAddr 0x007eff62f76000
 GID: 00:00:00:00:00:00:00:00:00:00:255:255:10:01:02:01
 local address: LID 0000 QPN 0x0ab9 PSN 0x9385d0 RKey 0x074400 VAddr 0x007eff62f86000
 GID: 00:00:00:00:00:00:00:00:00:00:255:255:10:01:02:01
 local address: LID 0000 QPN 0x0aba PSN 0xd36304 RKey 0x074400 VAddr 0x007eff62f96000
 GID: 00:00:00:00:00:00:00:00:00:00:255:255:10:01:02:01
 local address: LID 0000 QPN 0x0abb PSN 0xebb737 RKey 0x074400 VAddr 0x007eff62fa6000
 GID: 00:00:00:00:00:00:00:00:00:00:255:255:10:01:02:01
 local address: LID 0000 QPN 0x0abc PSN 0xeecb07 RKey 0x074400 VAddr 0x007eff62fb6000
 GID: 00:00:00:00:00:00:00:00:00:00:255:255:10:01:02:01
 local address: LID 0000 QPN 0x0abd PSN 0xa000aa RKey 0x074400 VAddr 0x007eff62fc6000
 GID: 00:00:00:00:00:00:00:00:00:00:255:255:10:01:02:01
 local address: LID 0000 QPN 0x0abe PSN 0x64ee8e RKey 0x074400 VAddr 0x007eff62fd6000
 GID: 00:00:00:00:00:00:00:00:00:00:255:255:10:01:02:01
 local address: LID 0000 QPN 0x0abf PSN 0x8481a2 RKey 0x074400 VAddr 0x007eff62fe6000
 GID: 00:00:00:00:00:00:00:00:00:00:255:255:10:01:02:01
 local address: LID 0000 QPN 0x0ac0 PSN 0x3cbf37 RKey 0x074400 VAddr 0x007eff62ff6000
 GID: 00:00:00:00:00:00:00:00:00:00:255:255:10:01:02:01
 local address: LID 0000 QPN 0x0ac1 PSN 0x370d11 RKey 0x074400 VAddr 0x007eff63006000
 GID: 00:00:00:00:00:00:00:00:00:00:255:255:10:01:02:01
 local address: LID 0000 QPN 0x0ac2 PSN 0xe17108 RKey 0x074400 VAddr 0x007eff63016000
 GID: 00:00:00:00:00:00:00:00:00:00:255:255:10:01:02:01
 local address: LID 0000 QPN 0x0ac3 PSN 0x29a9eb RKey 0x074400 VAddr 0x007eff63026000
 GID: 00:00:00:00:00:00:00:00:00:00:255:255:10:01:02:01
 local address: LID 0000 QPN 0x0ac4 PSN 0xa51f59 RKey 0x074400 VAddr 0x007eff63036000
 GID: 00:00:00:00:00:00:00:00:00:00:255:255:10:01:02:01
 local address: LID 0000 QPN 0x0ac5 PSN 0xb45546 RKey 0x074400 VAddr 0x007eff63046000
 GID: 00:00:00:00:00:00:00:00:00:00:255:255:10:01:02:01
 local address: LID 0000 QPN 0x0ac6 PSN 0xadc982 RKey 0x074400 VAddr 0x007eff63056000
 GID: 00:00:00:00:00:00:00:00:00:00:255:255:10:01:02:01
 local address: LID 0000 QPN 0x0ac7 PSN 0xe147a8 RKey 0x074400 VAddr 0x007eff63066000
 GID: 00:00:00:00:00:00:00:00:00:00:255:255:10:01:02:01
 local address: LID 0000 QPN 0x0ac8 PSN 0x5dbdae RKey 0x074400 VAddr 0x007eff63076000
 GID: 00:00:00:00:00:00:00:00:00:00:255:255:10:01:02:01
 local address: LID 0000 QPN 0x0ac9 PSN 0x881dfa RKey 0x074400 VAddr 0x007eff63086000
 GID: 00:00:00:00:00:00:00:00:00:00:255:255:10:01:02:01
 local address: LID 0000 QPN 0x0aca PSN 0x9988cf RKey 0x074400 VAddr 0x007eff63096000
 GID: 00:00:00:00:00:00:00:00:00:00:255:255:10:01:02:01
 local address: LID 0000 QPN 0x0acb PSN 0xd94ae6 RKey 0x074400 VAddr 0x007eff630a6000
 GID: 00:00:00:00:00:00:00:00:00:00:255:255:10:01:02:01
 local address: LID 0000 QPN 0x0acc PSN 0x8d0460 RKey 0x074400 VAddr 0x007eff630b6000
 GID: 00:00:00:00:00:00:00:00:00:00:255:255:10:01:02:01
 local address: LID 0000 QPN 0x0acd PSN 0x7b2668 RKey 0x074400 VAddr 0x007eff630c6000
 GID: 00:00:00:00:00:00:00:00:00:00:255:255:10:01:02:01
 local address: LID 0000 QPN 0x0ace PSN 0xad8532 RKey 0x074400 VAddr 0x007eff630d6000
 GID: 00:00:00:00:00:00:00:00:00:00:255:255:10:01:02:01
 local address: LID 0000 QPN 0x0acf PSN 0xbf178f RKey 0x074400 VAddr 0x007eff630e6000
 GID: 00:00:00:00:00:00:00:00:00:00:255:255:10:01:02:01
 local address: LID 0000 QPN 0x0ad0 PSN 0x892a34 RKey 0x074400 VAddr 0x007eff630f6000
 GID: 00:00:00:00:00:00:00:00:00:00:255:255:10:01:02:01
 local address: LID 0000 QPN 0x0ad1 PSN 0x6f377e RKey 0x074400 VAddr 0x007eff63106000
 GID: 00:00:00:00:00:00:00:00:00:00:255:255:10:01:02:01
 local address: LID 0000 QPN 0x0ad2 PSN 0xe7bea5 RKey 0x074400 VAddr 0x007eff63116000
 GID: 00:00:00:00:00:00:00:00:00:00:255:255:10:01:02:01
 local address: LID 0000 QPN 0x0ad3 PSN 0x1234e5 RKey 0x074400 VAddr 0x007eff63126000
 GID: 00:00:00:00:00:00:00:00:00:00:255:255:10:01:02:01
 local address: LID 0000 QPN 0x0ad4 PSN 0x93b8eb RKey 0x074400 VAddr 0x007eff63136000
 GID: 00:00:00:00:00:00:00:00:00:00:255:255:10:01:02:01
 local address: LID 0000 QPN 0x0ad5 PSN 0xe43436 RKey 0x074400 VAddr 0x007eff63146000
 GID: 00:00:00:00:00:00:00:00:00:00:255:255:10:01:02:01
 local address: LID 0000 QPN 0x0ad6 PSN 0x24fdc5 RKey 0x074400 VAddr 0x007eff63156000
 GID: 00:00:00:00:00:00:00:00:00:00:255:255:10:01:02:01
 local address: LID 0000 QPN 0x0ad7 PSN 0x1b332a RKey 0x074400 VAddr 0x007eff63166000
 GID: 00:00:00:00:00:00:00:00:00:00:255:255:10:01:02:01
 local address: LID 0000 QPN 0x0ad8 PSN 0xa0df3b RKey 0x074400 VAddr 0x007eff63176000
 GID: 00:00:00:00:00:00:00:00:00:00:255:255:10:01:02:01
 local address: LID 0000 QPN 0x0ad9 PSN 0xf49d04 RKey 0x074400 VAddr 0x007eff63186000
 GID: 00:00:00:00:00:00:00:00:00:00:255:255:10:01:02:01
 local address: LID 0000 QPN 0x0ada PSN 0xd5375d RKey 0x074400 VAddr 0x007eff63196000
 GID: 00:00:00:00:00:00:00:00:00:00:255:255:10:01:02:01
 local address: LID 0000 QPN 0x0adb PSN 0x600962 RKey 0x074400 VAddr 0x007eff631a6000
 GID: 00:00:00:00:00:00:00:00:00:00:255:255:10:01:02:01
 local address: LID 0000 QPN 0x0adc PSN 0xf7a865 RKey 0x074400 VAddr 0x007eff631b6000
 GID: 00:00:00:00:00:00:00:00:00:00:255:255:10:01:02:01
 local address: LID 0000 QPN 0x0add PSN 0x799868 RKey 0x074400 VAddr 0x007eff631c6000
 GID: 00:00:00:00:00:00:00:00:00:00:255:255:10:01:02:01
 local address: LID 0000 QPN 0x0ade PSN 0x9e5e8d RKey 0x074400 VAddr 0x007eff631d6000
 GID: 00:00:00:00:00:00:00:00:00:00:255:255:10:01:02:01
 local address: LID 0000 QPN 0x0adf PSN 0x814d30 RKey 0x074400 VAddr 0x007eff631e6000
 GID: 00:00:00:00:00:00:00:00:00:00:255:255:10:01:02:01
 local address: LID 0000 QPN 0x0ae0 PSN 0xefd373 RKey 0x074400 VAddr 0x007eff631f6000
 GID: 00:00:00:00:00:00:00:00:00:00:255:255:10:01:02:01
 local address: LID 0000 QPN 0x0ae1 PSN 0xb5b2a3 RKey 0x074400 VAddr 0x007eff63206000
 GID: 00:00:00:00:00:00:00:00:00:00:255:255:10:01:02:01
 local address: LID 0000 QPN 0x0ae2 PSN 0x61ef96 RKey 0x074400 VAddr 0x007eff63216000
 GID: 00:00:00:00:00:00:00:00:00:00:255:255:10:01:02:01
 local address: LID 0000 QPN 0x0ae3 PSN 0x7fc6dd RKey 0x074400 VAddr 0x007eff63226000
 GID: 00:00:00:00:00:00:00:00:00:00:255:255:10:01:02:01
 local address: LID 0000 QPN 0x0ae4 PSN 0x63a410 RKey 0x074400 VAddr 0x007eff63236000
 GID: 00:00:00:00:00:00:00:00:00:00:255:255:10:01:02:01
 local address: LID 0000 QPN 0x0ae5 PSN 0x66a686 RKey 0x074400 VAddr 0x007eff63246000
 GID: 00:00:00:00:00:00:00:00:00:00:255:255:10:01:02:01
 local address: LID 0000 QPN 0x0ae6 PSN 0xd41d45 RKey 0x074400 VAddr 0x007eff63256000
 GID: 00:00:00:00:00:00:00:00:00:00:255:255:10:01:02:01
 local address: LID 0000 QPN 0x0ae7 PSN 0xa00378 RKey 0x074400 VAddr 0x007eff63266000
 GID: 00:00:00:00:00:00:00:00:00:00:255:255:10:01:02:01
 local address: LID 0000 QPN 0x0ae8 PSN 0x37a703 RKey 0x074400 VAddr 0x007eff63276000
 GID: 00:00:00:00:00:00:00:00:00:00:255:255:10:01:02:01
 local address: LID 0000 QPN 0x0ae9 PSN 0x91a165 RKey 0x074400 VAddr 0x007eff63286000
 GID: 00:00:00:00:00:00:00:00:00:00:255:255:10:01:02:01
 local address: LID 0000 QPN 0x0aea PSN 0x982afa RKey 0x074400 VAddr 0x007eff63296000
 GID: 00:00:00:00:00:00:00:00:00:00:255:255:10:01:02:01
 local address: LID 0000 QPN 0x0aeb PSN 0x99a717 RKey 0x074400 VAddr 0x007eff632a6000
 GID: 00:00:00:00:00:00:00:00:00:00:255:255:10:01:02:01
 local address: LID 0000 QPN 0x0aec PSN 0x40044a RKey 0x074400 VAddr 0x007eff632b6000
 GID: 00:00:00:00:00:00:00:00:00:00:255:255:10:01:02:01
 local address: LID 0000 QPN 0x0aed PSN 0xe2942b RKey 0x074400 VAddr 0x007eff632c6000
 GID: 00:00:00:00:00:00:00:00:00:00:255:255:10:01:02:01
 local address: LID 0000 QPN 0x0aee PSN 0x441d55 RKey 0x074400 VAddr 0x007eff632d6000
 GID: 00:00:00:00:00:00:00:00:00:00:255:255:10:01:02:01
 local address: LID 0000 QPN 0x0aef PSN 0x9a613b RKey 0x074400 VAddr 0x007eff632e6000
 GID: 00:00:00:00:00:00:00:00:00:00:255:255:10:01:02:01
 local address: LID 0000 QPN 0x0af0 PSN 0x6a98cf RKey 0x074400 VAddr 0x007eff632f6000
 GID: 00:00:00:00:00:00:00:00:00:00:255:255:10:01:02:01
 local address: LID 0000 QPN 0x0af1 PSN 0x2e4387 RKey 0x074400 VAddr 0x007eff63306000
 GID: 00:00:00:00:00:00:00:00:00:00:255:255:10:01:02:01
 local address: LID 0000 QPN 0x0af2 PSN 0x668b7c RKey 0x074400 VAddr 0x007eff63316000
 GID: 00:00:00:00:00:00:00:00:00:00:255:255:10:01:02:01
 local address: LID 0000 QPN 0x0af3 PSN 0x8552 RKey 0x074400 VAddr 0x007eff63326000
 GID: 00:00:00:00:00:00:00:00:00:00:255:255:10:01:02:01
 local address: LID 0000 QPN 0x0af4 PSN 0xeb1c9 RKey 0x074400 VAddr 0x007eff63336000
 GID: 00:00:00:00:00:00:00:00:00:00:255:255:10:01:02:01
 local address: LID 0000 QPN 0x0af5 PSN 0xafe945 RKey 0x074400 VAddr 0x007eff63346000
 GID: 00:00:00:00:00:00:00:00:00:00:255:255:10:01:02:01
 local address: LID 0000 QPN 0x0af6 PSN 0x4bfb0a RKey 0x074400 VAddr 0x007eff63356000
 GID: 00:00:00:00:00:00:00:00:00:00:255:255:10:01:02:01
 local address: LID 0000 QPN 0x0af7 PSN 0xaf6955 RKey 0x074400 VAddr 0x007eff63366000
 GID: 00:00:00:00:00:00:00:00:00:00:255:255:10:01:02:01
 local address: LID 0000 QPN 0x0af8 PSN 0x36e3b2 RKey 0x074400 VAddr 0x007eff63376000
 GID: 00:00:00:00:00:00:00:00:00:00:255:255:10:01:02:01
 local address: LID 0000 QPN 0x0af9 PSN 0x1658b7 RKey 0x074400 VAddr 0x007eff63386000
 GID: 00:00:00:00:00:00:00:00:00:00:255:255:10:01:02:01
 local address: LID 0000 QPN 0x0afa PSN 0x6dd097 RKey 0x074400 VAddr 0x007eff63396000
 GID: 00:00:00:00:00:00:00:00:00:00:255:255:10:01:02:01
 local address: LID 0000 QPN 0x0afb PSN 0x9fcc92 RKey 0x074400 VAddr 0x007eff633a6000
 GID: 00:00:00:00:00:00:00:00:00:00:255:255:10:01:02:01
 local address: LID 0000 QPN 0x0afc PSN 0x4716e0 RKey 0x074400 VAddr 0x007eff633b6000
 GID: 00:00:00:00:00:00:00:00:00:00:255:255:10:01:02:01
 local address: LID 0000 QPN 0x0afd PSN 0x81b851 RKey 0x074400 VAddr 0x007eff633c6000
 GID: 00:00:00:00:00:00:00:00:00:00:255:255:10:01:02:01
 local address: LID 0000 QPN 0x0afe PSN 0xcb7ee0 RKey 0x074400 VAddr 0x007eff633d6000
 GID: 00:00:00:00:00:00:00:00:00:00:255:255:10:01:02:01
 local address: LID 0000 QPN 0x0aff PSN 0xf0a884 RKey 0x074400 VAddr 0x007eff633e6000
 GID: 00:00:00:00:00:00:00:00:00:00:255:255:10:01:02:01
 local address: LID 0000 QPN 0x0b00 PSN 0x2883c3 RKey 0x074400 VAddr 0x007eff633f6000
 GID: 00:00:00:00:00:00:00:00:00:00:255:255:10:01:02:01
 local address: LID 0000 QPN 0x0b01 PSN 0x520255 RKey 0x074400 VAddr 0x007eff63406000
 GID: 00:00:00:00:00:00:00:00:00:00:255:255:10:01:02:01
 local address: LID 0000 QPN 0x0b02 PSN 0x8f3e93 RKey 0x074400 VAddr 0x007eff63416000
 GID: 00:00:00:00:00:00:00:00:00:00:255:255:10:01:02:01
 local address: LID 0000 QPN 0x0b03 PSN 0x60edde RKey 0x074400 VAddr 0x007eff63426000
 GID: 00:00:00:00:00:00:00:00:00:00:255:255:10:01:02:01
 local address: LID 0000 QPN 0x0b04 PSN 0xc6f8ba RKey 0x074400 VAddr 0x007eff63436000
 GID: 00:00:00:00:00:00:00:00:00:00:255:255:10:01:02:01
 local address: LID 0000 QPN 0x0b05 PSN 0x379ea3 RKey 0x074400 VAddr 0x007eff63446000
 GID: 00:00:00:00:00:00:00:00:00:00:255:255:10:01:02:01
 local address: LID 0000 QPN 0x0b06 PSN 0xea38ba RKey 0x074400 VAddr 0x007eff63456000
 GID: 00:00:00:00:00:00:00:00:00:00:255:255:10:01:02:01
 local address: LID 0000 QPN 0x0b07 PSN 0xe0cfa7 RKey 0x074400 VAddr 0x007eff63466000
 GID: 00:00:00:00:00:00:00:00:00:00:255:255:10:01:02:01
 local address: LID 0000 QPN 0x0b08 PSN 0xc66392 RKey 0x074400 VAddr 0x007eff63476000
 GID: 00:00:00:00:00:00:00:00:00:00:255:255:10:01:02:01
 local address: LID 0000 QPN 0x0b09 PSN 0x7a87b2 RKey 0x074400 VAddr 0x007eff63486000
 GID: 00:00:00:00:00:00:00:00:00:00:255:255:10:01:02:01
 local address: LID 0000 QPN 0x0b0a PSN 0xa8adc1 RKey 0x074400 VAddr 0x007eff63496000
 GID: 00:00:00:00:00:00:00:00:00:00:255:255:10:01:02:01
 local address: LID 0000 QPN 0x0b0b PSN 0xf15e7e RKey 0x074400 VAddr 0x007eff634a6000
 GID: 00:00:00:00:00:00:00:00:00:00:255:255:10:01:02:01
 local address: LID 0000 QPN 0x0b0c PSN 0x8d389b RKey 0x074400 VAddr 0x007eff634b6000
 GID: 00:00:00:00:00:00:00:00:00:00:255:255:10:01:02:01
 local address: LID 0000 QPN 0x0b0d PSN 0x18c9c RKey 0x074400 VAddr 0x007eff634c6000
 GID: 00:00:00:00:00:00:00:00:00:00:255:255:10:01:02:01
 local address: LID 0000 QPN 0x0b0e PSN 0x3d4325 RKey 0x074400 VAddr 0x007eff634d6000
 GID: 00:00:00:00:00:00:00:00:00:00:255:255:10:01:02:01
 local address: LID 0000 QPN 0x0b0f PSN 0xf355ff RKey 0x074400 VAddr 0x007eff634e6000
 GID: 00:00:00:00:00:00:00:00:00:00:255:255:10:01:02:01
 local address: LID 0000 QPN 0x0b10 PSN 0xaff169 RKey 0x074400 VAddr 0x007eff634f6000
 GID: 00:00:00:00:00:00:00:00:00:00:255:255:10:01:02:01
 local address: LID 0000 QPN 0x0b11 PSN 0x6a6253 RKey 0x074400 VAddr 0x007eff63506000
 GID: 00:00:00:00:00:00:00:00:00:00:255:255:10:01:02:01
 local address: LID 0000 QPN 0x0b12 PSN 0x8b41bb RKey 0x074400 VAddr 0x007eff63516000
 GID: 00:00:00:00:00:00:00:00:00:00:255:255:10:01:02:01
 local address: LID 0000 QPN 0x0b13 PSN 0x721e3e RKey 0x074400 VAddr 0x007eff63526000
 GID: 00:00:00:00:00:00:00:00:00:00:255:255:10:01:02:01
 local address: LID 0000 QPN 0x0b14 PSN 0x137d24 RKey 0x074400 VAddr 0x007eff63536000
 GID: 00:00:00:00:00:00:00:00:00:00:255:255:10:01:02:01
 local address: LID 0000 QPN 0x0b15 PSN 0x9c55f1 RKey 0x074400 VAddr 0x007eff63546000
 GID: 00:00:00:00:00:00:00:00:00:00:255:255:10:01:02:01
 local address: LID 0000 QPN 0x0b16 PSN 0x2a2e9b RKey 0x074400 VAddr 0x007eff63556000
 GID: 00:00:00:00:00:00:00:00:00:00:255:255:10:01:02:01
 local address: LID 0000 QPN 0x0b17 PSN 0x62370 RKey 0x074400 VAddr 0x007eff63566000
 GID: 00:00:00:00:00:00:00:00:00:00:255:255:10:01:02:01
 local address: LID 0000 QPN 0x0b18 PSN 0x601c8c RKey 0x074400 VAddr 0x007eff63576000
 GID: 00:00:00:00:00:00:00:00:00:00:255:255:10:01:02:01
 local address: LID 0000 QPN 0x0b19 PSN 0xca922e RKey 0x074400 VAddr 0x007eff63586000
 GID: 00:00:00:00:00:00:00:00:00:00:255:255:10:01:02:01
 local address: LID 0000 QPN 0x0b1a PSN 0xd9c8a7 RKey 0x074400 VAddr 0x007eff63596000
 GID: 00:00:00:00:00:00:00:00:00:00:255:255:10:01:02:01
 local address: LID 0000 QPN 0x0b1b PSN 0xb9c5aa RKey 0x074400 VAddr 0x007eff635a6000
 GID: 00:00:00:00:00:00:00:00:00:00:255:255:10:01:02:01
 local address: LID 0000 QPN 0x0b1c PSN 0x3bc38e RKey 0x074400 VAddr 0x007eff635b6000
 GID: 00:00:00:00:00:00:00:00:00:00:255:255:10:01:02:01
 local address: LID 0000 QPN 0x0b1d PSN 0xf809eb RKey 0x074400 VAddr 0x007eff635c6000
 GID: 00:00:00:00:00:00:00:00:00:00:255:255:10:01:02:01
 local address: LID 0000 QPN 0x0b1e PSN 0x414bb RKey 0x074400 VAddr 0x007eff635d6000
 GID: 00:00:00:00:00:00:00:00:00:00:255:255:10:01:02:01
 local address: LID 0000 QPN 0x0b1f PSN 0xe42c1 RKey 0x074400 VAddr 0x007eff635e6000
 GID: 00:00:00:00:00:00:00:00:00:00:255:255:10:01:02:01
 local address: LID 0000 QPN 0x0b20 PSN 0xdaba7b RKey 0x074400 VAddr 0x007eff635f6000
 GID: 00:00:00:00:00:00:00:00:00:00:255:255:10:01:02:01
 local address: LID 0000 QPN 0x0b21 PSN 0xde39eb RKey 0x074400 VAddr 0x007eff63606000
 GID: 00:00:00:00:00:00:00:00:00:00:255:255:10:01:02:01
 local address: LID 0000 QPN 0x0b22 PSN 0x1bc273 RKey 0x074400 VAddr 0x007eff63616000
 GID: 00:00:00:00:00:00:00:00:00:00:255:255:10:01:02:01
 local address: LID 0000 QPN 0x0b23 PSN 0xf21c50 RKey 0x074400 VAddr 0x007eff63626000
 GID: 00:00:00:00:00:00:00:00:00:00:255:255:10:01:02:01
 local address: LID 0000 QPN 0x0b24 PSN 0x66d8eb RKey 0x074400 VAddr 0x007eff63636000
 GID: 00:00:00:00:00:00:00:00:00:00:255:255:10:01:02:01
 local address: LID 0000 QPN 0x0b25 PSN 0xb913a1 RKey 0x074400 VAddr 0x007eff63646000
 GID: 00:00:00:00:00:00:00:00:00:00:255:255:10:01:02:01
 local address: LID 0000 QPN 0x0b26 PSN 0xffd393 RKey 0x074400 VAddr 0x007eff63656000
 GID: 00:00:00:00:00:00:00:00:00:00:255:255:10:01:02:01
 local address: LID 0000 QPN 0x0b27 PSN 0x509bd7 RKey 0x074400 VAddr 0x007eff63666000
 GID: 00:00:00:00:00:00:00:00:00:00:255:255:10:01:02:01
 local address: LID 0000 QPN 0x0b28 PSN 0x29542d RKey 0x074400 VAddr 0x007eff63676000
 GID: 00:00:00:00:00:00:00:00:00:00:255:255:10:01:02:01
 local address: LID 0000 QPN 0x0b29 PSN 0xd8323 RKey 0x074400 VAddr 0x007eff63686000
 GID: 00:00:00:00:00:00:00:00:00:00:255:255:10:01:02:01
 local address: LID 0000 QPN 0x0b2a PSN 0xf21017 RKey 0x074400 VAddr 0x007eff63696000
 GID: 00:00:00:00:00:00:00:00:00:00:255:255:10:01:02:01
 local address: LID 0000 QPN 0x0b2b PSN 0x7a3700 RKey 0x074400 VAddr 0x007eff636a6000
 GID: 00:00:00:00:00:00:00:00:00:00:255:255:10:01:02:01
 local address: LID 0000 QPN 0x0b2c PSN 0xe8bb69 RKey 0x074400 VAddr 0x007eff636b6000
 GID: 00:00:00:00:00:00:00:00:00:00:255:255:10:01:02:01
 local address: LID 0000 QPN 0x0b2d PSN 0x25223e RKey 0x074400 VAddr 0x007eff636c6000
 GID: 00:00:00:00:00:00:00:00:00:00:255:255:10:01:02:01
 local address: LID 0000 QPN 0x0b2e PSN 0xbc70d8 RKey 0x074400 VAddr 0x007eff636d6000
 GID: 00:00:00:00:00:00:00:00:00:00:255:255:10:01:02:01
 local address: LID 0000 QPN 0x0b2f PSN 0x9fb5fe RKey 0x074400 VAddr 0x007eff636e6000
 GID: 00:00:00:00:00:00:00:00:00:00:255:255:10:01:02:01
 local address: LID 0000 QPN 0x0b30 PSN 0x2c5b55 RKey 0x074400 VAddr 0x007eff636f6000
 GID: 00:00:00:00:00:00:00:00:00:00:255:255:10:01:02:01
 local address: LID 0000 QPN 0x0b31 PSN 0xd0caa4 RKey 0x074400 VAddr 0x007eff63706000
 GID: 00:00:00:00:00:00:00:00:00:00:255:255:10:01:02:01
 local address: LID 0000 QPN 0x0b32 PSN 0xfa4ad8 RKey 0x074400 VAddr 0x007eff63716000
 GID: 00:00:00:00:00:00:00:00:00:00:255:255:10:01:02:01
 local address: LID 0000 QPN 0x0b33 PSN 0x161e0e RKey 0x074400 VAddr 0x007eff63726000
 GID: 00:00:00:00:00:00:00:00:00:00:255:255:10:01:02:01
 local address: LID 0000 QPN 0x0b34 PSN 0xafe390 RKey 0x074400 VAddr 0x007eff63736000
 GID: 00:00:00:00:00:00:00:00:00:00:255:255:10:01:02:01
 local address: LID 0000 QPN 0x0b35 PSN 0x2cd941 RKey 0x074400 VAddr 0x007eff63746000
 GID: 00:00:00:00:00:00:00:00:00:00:255:255:10:01:02:01
 local address: LID 0000 QPN 0x0b36 PSN 0xbca52a RKey 0x074400 VAddr 0x007eff63756000
 GID: 00:00:00:00:00:00:00:00:00:00:255:255:10:01:02:01
 local address: LID 0000 QPN 0x0b37 PSN 0x37821f RKey 0x074400 VAddr 0x007eff63766000
 GID: 00:00:00:00:00:00:00:00:00:00:255:255:10:01:02:01
 local address: LID 0000 QPN 0x0b38 PSN 0xe5c79e RKey 0x074400 VAddr 0x007eff63776000
 GID: 00:00:00:00:00:00:00:00:00:00:255:255:10:01:02:01
 local address: LID 0000 QPN 0x0b39 PSN 0xbd14ac RKey 0x074400 VAddr 0x007eff63786000
 GID: 00:00:00:00:00:00:00:00:00:00:255:255:10:01:02:01
 local address: LID 0000 QPN 0x0b3a PSN 0x8dc381 RKey 0x074400 VAddr 0x007eff63796000
 GID: 00:00:00:00:00:00:00:00:00:00:255:255:10:01:02:01
 local address: LID 0000 QPN 0x0b3b PSN 0x94fb8e RKey 0x074400 VAddr 0x007eff637a6000
 GID: 00:00:00:00:00:00:00:00:00:00:255:255:10:01:02:01
 local address: LID 0000 QPN 0x0b3c PSN 0x947581 RKey 0x074400 VAddr 0x007eff637b6000
 GID: 00:00:00:00:00:00:00:00:00:00:255:255:10:01:02:01
 local address: LID 0000 QPN 0x0b3d PSN 0x6348b8 RKey 0x074400 VAddr 0x007eff637c6000
 GID: 00:00:00:00:00:00:00:00:00:00:255:255:10:01:02:01
 local address: LID 0000 QPN 0x0b3e PSN 0xce8f53 RKey 0x074400 VAddr 0x007eff637d6000
 GID: 00:00:00:00:00:00:00:00:00:00:255:255:10:01:02:01
 local address: LID 0000 QPN 0x0b3f PSN 0xf02d0a RKey 0x074400 VAddr 0x007eff637e6000
 GID: 00:00:00:00:00:00:00:00:00:00:255:255:10:01:02:01
 local address: LID 0000 QPN 0x0b40 PSN 0x21bf0 RKey 0x074400 VAddr 0x007eff637f6000
 GID: 00:00:00:00:00:00:00:00:00:00:255:255:10:01:02:01
 local address: LID 0000 QPN 0x0b41 PSN 0x92c929 RKey 0x074400 VAddr 0x007eff63806000
 GID: 00:00:00:00:00:00:00:00:00:00:255:255:10:01:02:01
 local address: LID 0000 QPN 0x0b42 PSN 0x2929a9 RKey 0x074400 VAddr 0x007eff63816000
 GID: 00:00:00:00:00:00:00:00:00:00:255:255:10:01:02:01
 local address: LID 0000 QPN 0x0b43 PSN 0x36d197 RKey 0x074400 VAddr 0x007eff63826000
 GID: 00:00:00:00:00:00:00:00:00:00:255:255:10:01:02:01
 local address: LID 0000 QPN 0x0b44 PSN 0x645a37 RKey 0x074400 VAddr 0x007eff63836000
 GID: 00:00:00:00:00:00:00:00:00:00:255:255:10:01:02:01
 local address: LID 0000 QPN 0x0b45 PSN 0xd42d83 RKey 0x074400 VAddr 0x007eff63846000
 GID: 00:00:00:00:00:00:00:00:00:00:255:255:10:01:02:01
 local address: LID 0000 QPN 0x0b46 PSN 0xfe8f86 RKey 0x074400 VAddr 0x007eff63856000
 GID: 00:00:00:00:00:00:00:00:00:00:255:255:10:01:02:01
 local address: LID 0000 QPN 0x0b47 PSN 0xa0f9ae RKey 0x074400 VAddr 0x007eff63866000
 GID: 00:00:00:00:00:00:00:00:00:00:255:255:10:01:02:01
 local address: LID 0000 QPN 0x0b48 PSN 0x4d3aa RKey 0x074400 VAddr 0x007eff63876000
 GID: 00:00:00:00:00:00:00:00:00:00:255:255:10:01:02:01
 local address: LID 0000 QPN 0x0b49 PSN 0x4fb7fe RKey 0x074400 VAddr 0x007eff63886000
 GID: 00:00:00:00:00:00:00:00:00:00:255:255:10:01:02:01
 local address: LID 0000 QPN 0x0b4a PSN 0xe9daf1 RKey 0x074400 VAddr 0x007eff63896000
 GID: 00:00:00:00:00:00:00:00:00:00:255:255:10:01:02:01
 local address: LID 0000 QPN 0x0b4b PSN 0x3ab881 RKey 0x074400 VAddr 0x007eff638a6000
 GID: 00:00:00:00:00:00:00:00:00:00:255:255:10:01:02:01
 local address: LID 0000 QPN 0x0b4c PSN 0x6140c7 RKey 0x074400 VAddr 0x007eff638b6000
 GID: 00:00:00:00:00:00:00:00:00:00:255:255:10:01:02:01
 local address: LID 0000 QPN 0x0b4d PSN 0xc9f997 RKey 0x074400 VAddr 0x007eff638c6000
 GID: 00:00:00:00:00:00:00:00:00:00:255:255:10:01:02:01
 local address: LID 0000 QPN 0x0b4e PSN 0x524aa1 RKey 0x074400 VAddr 0x007eff638d6000
 GID: 00:00:00:00:00:00:00:00:00:00:255:255:10:01:02:01
 local address: LID 0000 QPN 0x0b4f PSN 0xac235b RKey 0x074400 VAddr 0x007eff638e6000
 GID: 00:00:00:00:00:00:00:00:00:00:255:255:10:01:02:01
 local address: LID 0000 QPN 0x0b50 PSN 0x1d37e7 RKey 0x074400 VAddr 0x007eff638f6000
 GID: 00:00:00:00:00:00:00:00:00:00:255:255:10:01:02:01
 local address: LID 0000 QPN 0x0b51 PSN 0x656540 RKey 0x074400 VAddr 0x007eff63906000
 GID: 00:00:00:00:00:00:00:00:00:00:255:255:10:01:02:01
 local address: LID 0000 QPN 0x0b52 PSN 0x2dda45 RKey 0x074400 VAddr 0x007eff63916000
 GID: 00:00:00:00:00:00:00:00:00:00:255:255:10:01:02:01
 local address: LID 0000 QPN 0x0b53 PSN 0x1ea526 RKey 0x074400 VAddr 0x007eff63926000
 GID: 00:00:00:00:00:00:00:00:00:00:255:255:10:01:02:01
 local address: LID 0000 QPN 0x0b54 PSN 0x8587a1 RKey 0x074400 VAddr 0x007eff63936000
 GID: 00:00:00:00:00:00:00:00:00:00:255:255:10:01:02:01
 local address: LID 0000 QPN 0x0b55 PSN 0xb4a438 RKey 0x074400 VAddr 0x007eff63946000
 GID: 00:00:00:00:00:00:00:00:00:00:255:255:10:01:02:01
 local address: LID 0000 QPN 0x0b56 PSN 0x28d56d RKey 0x074400 VAddr 0x007eff63956000
 GID: 00:00:00:00:00:00:00:00:00:00:255:255:10:01:02:01
 local address: LID 0000 QPN 0x0b57 PSN 0xccc807 RKey 0x074400 VAddr 0x007eff63966000
 GID: 00:00:00:00:00:00:00:00:00:00:255:255:10:01:02:01
 local address: LID 0000 QPN 0x0b58 PSN 0x489cbc RKey 0x074400 VAddr 0x007eff63976000
 GID: 00:00:00:00:00:00:00:00:00:00:255:255:10:01:02:01
 local address: LID 0000 QPN 0x0b59 PSN 0x549d75 RKey 0x074400 VAddr 0x007eff63986000
 GID: 00:00:00:00:00:00:00:00:00:00:255:255:10:01:02:01
 local address: LID 0000 QPN 0x0b5a PSN 0x36f18 RKey 0x074400 VAddr 0x007eff63996000
 GID: 00:00:00:00:00:00:00:00:00:00:255:255:10:01:02:01
 local address: LID 0000 QPN 0x0b5b PSN 0x39b724 RKey 0x074400 VAddr 0x007eff639a6000
 GID: 00:00:00:00:00:00:00:00:00:00:255:255:10:01:02:01
 local address: LID 0000 QPN 0x0b5c PSN 0x850dce RKey 0x074400 VAddr 0x007eff639b6000
 GID: 00:00:00:00:00:00:00:00:00:00:255:255:10:01:02:01
 local address: LID 0000 QPN 0x0b5d PSN 0x82423d RKey 0x074400 VAddr 0x007eff639c6000
 GID: 00:00:00:00:00:00:00:00:00:00:255:255:10:01:02:01
 local address: LID 0000 QPN 0x0b5e PSN 0xbd07db RKey 0x074400 VAddr 0x007eff639d6000
 GID: 00:00:00:00:00:00:00:00:00:00:255:255:10:01:02:01
 local address: LID 0000 QPN 0x0b5f PSN 0x5fda85 RKey 0x074400 VAddr 0x007eff639e6000
 GID: 00:00:00:00:00:00:00:00:00:00:255:255:10:01:02:01
 local address: LID 0000 QPN 0x0b60 PSN 0x70675 RKey 0x074400 VAddr 0x007eff639f6000
 GID: 00:00:00:00:00:00:00:00:00:00:255:255:10:01:02:01
 local address: LID 0000 QPN 0x0b61 PSN 0xf51d3 RKey 0x074400 VAddr 0x007eff63a06000
 GID: 00:00:00:00:00:00:00:00:00:00:255:255:10:01:02:01
 local address: LID 0000 QPN 0x0b62 PSN 0xb56caa RKey 0x074400 VAddr 0x007eff63a16000
 GID: 00:00:00:00:00:00:00:00:00:00:255:255:10:01:02:01
 local address: LID 0000 QPN 0x0b63 PSN 0x7a0f18 RKey 0x074400 VAddr 0x007eff63a26000
 GID: 00:00:00:00:00:00:00:00:00:00:255:255:10:01:02:01
 local address: LID 0000 QPN 0x0b64 PSN 0x1eec31 RKey 0x074400 VAddr 0x007eff63a36000
 GID: 00:00:00:00:00:00:00:00:00:00:255:255:10:01:02:01
 local address: LID 0000 QPN 0x0b65 PSN 0xda664f RKey 0x074400 VAddr 0x007eff63a46000
 GID: 00:00:00:00:00:00:00:00:00:00:255:255:10:01:02:01
 local address: LID 0000 QPN 0x0b66 PSN 0xe6f846 RKey 0x074400 VAddr 0x007eff63a56000
 GID: 00:00:00:00:00:00:00:00:00:00:255:255:10:01:02:01
 local address: LID 0000 QPN 0x0b67 PSN 0x811cce RKey 0x074400 VAddr 0x007eff63a66000
 GID: 00:00:00:00:00:00:00:00:00:00:255:255:10:01:02:01
 local address: LID 0000 QPN 0x0b68 PSN 0x8736dd RKey 0x074400 VAddr 0x007eff63a76000
 GID: 00:00:00:00:00:00:00:00:00:00:255:255:10:01:02:01
 local address: LID 0000 QPN 0x0b69 PSN 0xa1bc87 RKey 0x074400 VAddr 0x007eff63a86000
 GID: 00:00:00:00:00:00:00:00:00:00:255:255:10:01:02:01
 local address: LID 0000 QPN 0x0b6a PSN 0x612143 RKey 0x074400 VAddr 0x007eff63a96000
 GID: 00:00:00:00:00:00:00:00:00:00:255:255:10:01:02:01
 local address: LID 0000 QPN 0x0b6b PSN 0x2f2ce4 RKey 0x074400 VAddr 0x007eff63aa6000
 GID: 00:00:00:00:00:00:00:00:00:00:255:255:10:01:02:01
 local address: LID 0000 QPN 0x0b6c PSN 0xf516c8 RKey 0x074400 VAddr 0x007eff63ab6000
 GID: 00:00:00:00:00:00:00:00:00:00:255:255:10:01:02:01
 local address: LID 0000 QPN 0x0b6d PSN 0xcd4929 RKey 0x074400 VAddr 0x007eff63ac6000
 GID: 00:00:00:00:00:00:00:00:00:00:255:255:10:01:02:01
 local address: LID 0000 QPN 0x0b6e PSN 0xd99eb5 RKey 0x074400 VAddr 0x007eff63ad6000
 GID: 00:00:00:00:00:00:00:00:00:00:255:255:10:01:02:01
 local address: LID 0000 QPN 0x0b6f PSN 0x75223c RKey 0x074400 VAddr 0x007eff63ae6000
 GID: 00:00:00:00:00:00:00:00:00:00:255:255:10:01:02:01
 local address: LID 0000 QPN 0x0b70 PSN 0xcf2274 RKey 0x074400 VAddr 0x007eff63af6000
 GID: 00:00:00:00:00:00:00:00:00:00:255:255:10:01:02:01
 local address: LID 0000 QPN 0x0b71 PSN 0xc3cceb RKey 0x074400 VAddr 0x007eff63b06000
 GID: 00:00:00:00:00:00:00:00:00:00:255:255:10:01:02:01
 local address: LID 0000 QPN 0x0b72 PSN 0x22ed77 RKey 0x074400 VAddr 0x007eff63b16000
 GID: 00:00:00:00:00:00:00:00:00:00:255:255:10:01:02:01
 local address: LID 0000 QPN 0x0b73 PSN 0xe9d5e9 RKey 0x074400 VAddr 0x007eff63b26000
 GID: 00:00:00:00:00:00:00:00:00:00:255:255:10:01:02:01
 local address: LID 0000 QPN 0x0b74 PSN 0xbee5ea RKey 0x074400 VAddr 0x007eff63b36000
 GID: 00:00:00:00:00:00:00:00:00:00:255:255:10:01:02:01
 local address: LID 0000 QPN 0x0b75 PSN 0xa7b9d9 RKey 0x074400 VAddr 0x007eff63b46000
 GID: 00:00:00:00:00:00:00:00:00:00:255:255:10:01:02:01
 local address: LID 0000 QPN 0x0b76 PSN 0x39a017 RKey 0x074400 VAddr 0x007eff63b56000
 GID: 00:00:00:00:00:00:00:00:00:00:255:255:10:01:02:01
 local address: LID 0000 QPN 0x0b77 PSN 0xf959ca RKey 0x074400 VAddr 0x007eff63b66000
 GID: 00:00:00:00:00:00:00:00:00:00:255:255:10:01:02:01
 local address: LID 0000 QPN 0x0b78 PSN 0x5cdb8 RKey 0x074400 VAddr 0x007eff63b76000
 GID: 00:00:00:00:00:00:00:00:00:00:255:255:10:01:02:01
 local address: LID 0000 QPN 0x0b79 PSN 0x13dbcd RKey 0x074400 VAddr 0x007eff63b86000
 GID: 00:00:00:00:00:00:00:00:00:00:255:255:10:01:02:01
 local address: LID 0000 QPN 0x0b7a PSN 0x68361 RKey 0x074400 VAddr 0x007eff63b96000
 GID: 00:00:00:00:00:00:00:00:00:00:255:255:10:01:02:01
 local address: LID 0000 QPN 0x0b7b PSN 0x9a834d RKey 0x074400 VAddr 0x007eff63ba6000
 GID: 00:00:00:00:00:00:00:00:00:00:255:255:10:01:02:01
 local address: LID 0000 QPN 0x0b7c PSN 0x4b8789 RKey 0x074400 VAddr 0x007eff63bb6000
 GID: 00:00:00:00:00:00:00:00:00:00:255:255:10:01:02:01
 local address: LID 0000 QPN 0x0b7d PSN 0xbcd5fd RKey 0x074400 VAddr 0x007eff63bc6000
 GID: 00:00:00:00:00:00:00:00:00:00:255:255:10:01:02:01
 local address: LID 0000 QPN 0x0b7e PSN 0x8a4186 RKey 0x074400 VAddr 0x007eff63bd6000
 GID: 00:00:00:00:00:00:00:00:00:00:255:255:10:01:02:01
 local address: LID 0000 QPN 0x0b7f PSN 0x332055 RKey 0x074400 VAddr 0x007eff63be6000
 GID: 00:00:00:00:00:00:00:00:00:00:255:255:10:01:02:01
 local address: LID 0000 QPN 0x0b80 PSN 0xa3925f RKey 0x074400 VAddr 0x007eff63bf6000
 GID: 00:00:00:00:00:00:00:00:00:00:255:255:10:01:02:01
 local address: LID 0000 QPN 0x0b81 PSN 0xdba7ae RKey 0x074400 VAddr 0x007eff63c06000
 GID: 00:00:00:00:00:00:00:00:00:00:255:255:10:01:02:01
 local address: LID 0000 QPN 0x0b82 PSN 0x87cde9 RKey 0x074400 VAddr 0x007eff63c16000
 GID: 00:00:00:00:00:00:00:00:00:00:255:255:10:01:02:01
 local address: LID 0000 QPN 0x0b83 PSN 0x375836 RKey 0x074400 VAddr 0x007eff63c26000
 GID: 00:00:00:00:00:00:00:00:00:00:255:255:10:01:02:01
 local address: LID 0000 QPN 0x0b84 PSN 0x69586f RKey 0x074400 VAddr 0x007eff63c36000
 GID: 00:00:00:00:00:00:00:00:00:00:255:255:10:01:02:01
 local address: LID 0000 QPN 0x0b85 PSN 0x168a07 RKey 0x074400 VAddr 0x007eff63c46000
 GID: 00:00:00:00:00:00:00:00:00:00:255:255:10:01:02:01
 local address: LID 0000 QPN 0x0b86 PSN 0x8d8387 RKey 0x074400 VAddr 0x007eff63c56000
 GID: 00:00:00:00:00:00:00:00:00:00:255:255:10:01:02:01
 local address: LID 0000 QPN 0x0b87 PSN 0x16dadd RKey 0x074400 VAddr 0x007eff63c66000
 GID: 00:00:00:00:00:00:00:00:00:00:255:255:10:01:02:01
 local address: LID 0000 QPN 0x0b88 PSN 0xedcc99 RKey 0x074400 VAddr 0x007eff63c76000
 GID: 00:00:00:00:00:00:00:00:00:00:255:255:10:01:02:01
 local address: LID 0000 QPN 0x0b89 PSN 0x609900 RKey 0x074400 VAddr 0x007eff63c86000
 GID: 00:00:00:00:00:00:00:00:00:00:255:255:10:01:02:01
 local address: LID 0000 QPN 0x0b8a PSN 0x118000 RKey 0x074400 VAddr 0x007eff63c96000
 GID: 00:00:00:00:00:00:00:00:00:00:255:255:10:01:02:01
 local address: LID 0000 QPN 0x0b8b PSN 0x52a00d RKey 0x074400 VAddr 0x007eff63ca6000
 GID: 00:00:00:00:00:00:00:00:00:00:255:255:10:01:02:01
 local address: LID 0000 QPN 0x0b8c PSN 0x672582 RKey 0x074400 VAddr 0x007eff63cb6000
 GID: 00:00:00:00:00:00:00:00:00:00:255:255:10:01:02:01
 local address: LID 0000 QPN 0x0b8d PSN 0x1dd979 RKey 0x074400 VAddr 0x007eff63cc6000
 GID: 00:00:00:00:00:00:00:00:00:00:255:255:10:01:02:01
 local address: LID 0000 QPN 0x0b8e PSN 0xd46546 RKey 0x074400 VAddr 0x007eff63cd6000
 GID: 00:00:00:00:00:00:00:00:00:00:255:255:10:01:02:01
 local address: LID 0000 QPN 0x0b8f PSN 0x4018c4 RKey 0x074400 VAddr 0x007eff63ce6000
 GID: 00:00:00:00:00:00:00:00:00:00:255:255:10:01:02:01
 local address: LID 0000 QPN 0x0b90 PSN 0xc2f050 RKey 0x074400 VAddr 0x007eff63cf6000
 GID: 00:00:00:00:00:00:00:00:00:00:255:255:10:01:02:01
 local address: LID 0000 QPN 0x0b91 PSN 0xe04e67 RKey 0x074400 VAddr 0x007eff63d06000
 GID: 00:00:00:00:00:00:00:00:00:00:255:255:10:01:02:01
 local address: LID 0000 QPN 0x0b92 PSN 0x864be1 RKey 0x074400 VAddr 0x007eff63d16000
 GID: 00:00:00:00:00:00:00:00:00:00:255:255:10:01:02:01
 local address: LID 0000 QPN 0x0b93 PSN 0x2ad4bc RKey 0x074400 VAddr 0x007eff63d26000
 GID: 00:00:00:00:00:00:00:00:00:00:255:255:10:01:02:01
 local address: LID 0000 QPN 0x0b94 PSN 0x845501 RKey 0x074400 VAddr 0x007eff63d36000
 GID: 00:00:00:00:00:00:00:00:00:00:255:255:10:01:02:01
 local address: LID 0000 QPN 0x0b95 PSN 0x6bef29 RKey 0x074400 VAddr 0x007eff63d46000
 GID: 00:00:00:00:00:00:00:00:00:00:255:255:10:01:02:01
 local address: LID 0000 QPN 0x0b96 PSN 0x5c4fdc RKey 0x074400 VAddr 0x007eff63d56000
 GID: 00:00:00:00:00:00:00:00:00:00:255:255:10:01:02:01
 local address: LID 0000 QPN 0x0b97 PSN 0x53be0d RKey 0x074400 VAddr 0x007eff63d66000
 GID: 00:00:00:00:00:00:00:00:00:00:255:255:10:01:02:01
 local address: LID 0000 QPN 0x0b98 PSN 0x5c0668 RKey 0x074400 VAddr 0x007eff63d76000
 GID: 00:00:00:00:00:00:00:00:00:00:255:255:10:01:02:01
 local address: LID 0000 QPN 0x0b99 PSN 0x7a70f9 RKey 0x074400 VAddr 0x007eff63d86000
 GID: 00:00:00:00:00:00:00:00:00:00:255:255:10:01:02:01
 local address: LID 0000 QPN 0x0b9a PSN 0x81c250 RKey 0x074400 VAddr 0x007eff63d96000
 GID: 00:00:00:00:00:00:00:00:00:00:255:255:10:01:02:01
 local address: LID 0000 QPN 0x0b9b PSN 0xdd2cef RKey 0x074400 VAddr 0x007eff63da6000
 GID: 00:00:00:00:00:00:00:00:00:00:255:255:10:01:02:01
 local address: LID 0000 QPN 0x0b9c PSN 0x44f7c6 RKey 0x074400 VAddr 0x007eff63db6000
 GID: 00:00:00:00:00:00:00:00:00:00:255:255:10:01:02:01
 local address: LID 0000 QPN 0x0b9d PSN 0x14f57d RKey 0x074400 VAddr 0x007eff63dc6000
 GID: 00:00:00:00:00:00:00:00:00:00:255:255:10:01:02:01
 local address: LID 0000 QPN 0x0b9e PSN 0xb6a98a RKey 0x074400 VAddr 0x007eff63dd6000
 GID: 00:00:00:00:00:00:00:00:00:00:255:255:10:01:02:01
 local address: LID 0000 QPN 0x0b9f PSN 0x25359e RKey 0x074400 VAddr 0x007eff63de6000
 GID: 00:00:00:00:00:00:00:00:00:00:255:255:10:01:02:01
 local address: LID 0000 QPN 0x0ba0 PSN 0x489201 RKey 0x074400 VAddr 0x007eff63df6000
 GID: 00:00:00:00:00:00:00:00:00:00:255:255:10:01:02:01
 local address: LID 0000 QPN 0x0ba1 PSN 0x68d07d RKey 0x074400 VAddr 0x007eff63e06000
 GID: 00:00:00:00:00:00:00:00:00:00:255:255:10:01:02:01
 local address: LID 0000 QPN 0x0ba2 PSN 0x9dd9dc RKey 0x074400 VAddr 0x007eff63e16000
 GID: 00:00:00:00:00:00:00:00:00:00:255:255:10:01:02:01
 local address: LID 0000 QPN 0x0ba3 PSN 0x83b256 RKey 0x074400 VAddr 0x007eff63e26000
 GID: 00:00:00:00:00:00:00:00:00:00:255:255:10:01:02:01
 local address: LID 0000 QPN 0x0ba4 PSN 0x3ec283 RKey 0x074400 VAddr 0x007eff63e36000
 GID: 00:00:00:00:00:00:00:00:00:00:255:255:10:01:02:01
 local address: LID 0000 QPN 0x0ba5 PSN 0xddb6b0 RKey 0x074400 VAddr 0x007eff63e46000
 GID: 00:00:00:00:00:00:00:00:00:00:255:255:10:01:02:01
 local address: LID 0000 QPN 0x0ba6 PSN 0xd790fd RKey 0x074400 VAddr 0x007eff63e56000
 GID: 00:00:00:00:00:00:00:00:00:00:255:255:10:01:02:01
 local address: LID 0000 QPN 0x0ba7 PSN 0xf7ab7e RKey 0x074400 VAddr 0x007eff63e66000
 GID: 00:00:00:00:00:00:00:00:00:00:255:255:10:01:02:01
 local address: LID 0000 QPN 0x0ba8 PSN 0x89ddb2 RKey 0x074400 VAddr 0x007eff63e76000
 GID: 00:00:00:00:00:00:00:00:00:00:255:255:10:01:02:01
 local address: LID 0000 QPN 0x0ba9 PSN 0x6c7af RKey 0x074400 VAddr 0x007eff63e86000
 GID: 00:00:00:00:00:00:00:00:00:00:255:255:10:01:02:01
 local address: LID 0000 QPN 0x0baa PSN 0xaa1e1d RKey 0x074400 VAddr 0x007eff63e96000
 GID: 00:00:00:00:00:00:00:00:00:00:255:255:10:01:02:01
 local address: LID 0000 QPN 0x0bab PSN 0x27dfe1 RKey 0x074400 VAddr 0x007eff63ea6000
 GID: 00:00:00:00:00:00:00:00:00:00:255:255:10:01:02:01
 local address: LID 0000 QPN 0x0bac PSN 0x93ef07 RKey 0x074400 VAddr 0x007eff63eb6000
 GID: 00:00:00:00:00:00:00:00:00:00:255:255:10:01:02:01
 local address: LID 0000 QPN 0x0bad PSN 0xed050b RKey 0x074400 VAddr 0x007eff63ec6000
 GID: 00:00:00:00:00:00:00:00:00:00:255:255:10:01:02:01
 local address: LID 0000 QPN 0x0bae PSN 0x48c08a RKey 0x074400 VAddr 0x007eff63ed6000
 GID: 00:00:00:00:00:00:00:00:00:00:255:255:10:01:02:01
 local address: LID 0000 QPN 0x0baf PSN 0x544f17 RKey 0x074400 VAddr 0x007eff63ee6000
 GID: 00:00:00:00:00:00:00:00:00:00:255:255:10:01:02:01
 local address: LID 0000 QPN 0x0bb0 PSN 0x52b0cd RKey 0x074400 VAddr 0x007eff63ef6000
 GID: 00:00:00:00:00:00:00:00:00:00:255:255:10:01:02:01
 local address: LID 0000 QPN 0x0bb1 PSN 0x48e87a RKey 0x074400 VAddr 0x007eff63f06000
 GID: 00:00:00:00:00:00:00:00:00:00:255:255:10:01:02:01
 local address: LID 0000 QPN 0x0bb2 PSN 0x6186f8 RKey 0x074400 VAddr 0x007eff63f16000
 GID: 00:00:00:00:00:00:00:00:00:00:255:255:10:01:02:01
 local address: LID 0000 QPN 0x0bb3 PSN 0x92c802 RKey 0x074400 VAddr 0x007eff63f26000
 GID: 00:00:00:00:00:00:00:00:00:00:255:255:10:01:02:01
 local address: LID 0000 QPN 0x0bb4 PSN 0xf10578 RKey 0x074400 VAddr 0x007eff63f36000
 GID: 00:00:00:00:00:00:00:00:00:00:255:255:10:01:02:01
 local address: LID 0000 QPN 0x0bb5 PSN 0xa9eb2c RKey 0x074400 VAddr 0x007eff63f46000
 GID: 00:00:00:00:00:00:00:00:00:00:255:255:10:01:02:01
 local address: LID 0000 QPN 0x0bb6 PSN 0x1d9970 RKey 0x074400 VAddr 0x007eff63f56000
 GID: 00:00:00:00:00:00:00:00:00:00:255:255:10:01:02:01
 local address: LID 0000 QPN 0x0bb7 PSN 0xe9d74 RKey 0x074400 VAddr 0x007eff63f66000
 GID: 00:00:00:00:00:00:00:00:00:00:255:255:10:01:02:01
 local address: LID 0000 QPN 0x0bb8 PSN 0x906ca0 RKey 0x074400 VAddr 0x007eff63f76000
 GID: 00:00:00:00:00:00:00:00:00:00:255:255:10:01:02:01
 local address: LID 0000 QPN 0x0bb9 PSN 0x65f03c RKey 0x074400 VAddr 0x007eff63f86000
 GID: 00:00:00:00:00:00:00:00:00:00:255:255:10:01:02:01
 local address: LID 0000 QPN 0x0bba PSN 0xcbf7d8 RKey 0x074400 VAddr 0x007eff63f96000
 GID: 00:00:00:00:00:00:00:00:00:00:255:255:10:01:02:01
 local address: LID 0000 QPN 0x0bbb PSN 0x23c2ee RKey 0x074400 VAddr 0x007eff63fa6000
 GID: 00:00:00:00:00:00:00:00:00:00:255:255:10:01:02:01
 local address: LID 0000 QPN 0x0bbc PSN 0x828d98 RKey 0x074400 VAddr 0x007eff63fb6000
 GID: 00:00:00:00:00:00:00:00:00:00:255:255:10:01:02:01
 local address: LID 0000 QPN 0x0bbd PSN 0x97a442 RKey 0x074400 VAddr 0x007eff63fc6000
 GID: 00:00:00:00:00:00:00:00:00:00:255:255:10:01:02:01
 local address: LID 0000 QPN 0x0bbe PSN 0xa5571b RKey 0x074400 VAddr 0x007eff63fd6000
 GID: 00:00:00:00:00:00:00:00:00:00:255:255:10:01:02:01
 local address: LID 0000 QPN 0x0bbf PSN 0x2fb383 RKey 0x074400 VAddr 0x007eff63fe6000
 GID: 00:00:00:00:00:00:00:00:00:00:255:255:10:01:02:01
 local address: LID 0000 QPN 0x0bc0 PSN 0x291af RKey 0x074400 VAddr 0x007eff63ff6000
 GID: 00:00:00:00:00:00:00:00:00:00:255:255:10:01:02:01
 local address: LID 0000 QPN 0x0bc1 PSN 0x920405 RKey 0x074400 VAddr 0x007eff64006000
 GID: 00:00:00:00:00:00:00:00:00:00:255:255:10:01:02:01
 local address: LID 0000 QPN 0x0bc2 PSN 0x1866f4 RKey 0x074400 VAddr 0x007eff64016000
 GID: 00:00:00:00:00:00:00:00:00:00:255:255:10:01:02:01
 local address: LID 0000 QPN 0x0bc3 PSN 0xf6a4dc RKey 0x074400 VAddr 0x007eff64026000
 GID: 00:00:00:00:00:00:00:00:00:00:255:255:10:01:02:01
 local address: LID 0000 QPN 0x0bc4 PSN 0xf7a803 RKey 0x074400 VAddr 0x007eff64036000
 GID: 00:00:00:00:00:00:00:00:00:00:255:255:10:01:02:01
 local address: LID 0000 QPN 0x0bc5 PSN 0x205c4d RKey 0x074400 VAddr 0x007eff64046000
 GID: 00:00:00:00:00:00:00:00:00:00:255:255:10:01:02:01
 local address: LID 0000 QPN 0x0bc6 PSN 0x786a5c RKey 0x074400 VAddr 0x007eff64056000
 GID: 00:00:00:00:00:00:00:00:00:00:255:255:10:01:02:01
 local address: LID 0000 QPN 0x0bc7 PSN 0xa1a854 RKey 0x074400 VAddr 0x007eff64066000
 GID: 00:00:00:00:00:00:00:00:00:00:255:255:10:01:02:01
 local address: LID 0000 QPN 0x0bc8 PSN 0x45acfd RKey 0x074400 VAddr 0x007eff64076000
 GID: 00:00:00:00:00:00:00:00:00:00:255:255:10:01:02:01
 local address: LID 0000 QPN 0x0bc9 PSN 0xcd34d7 RKey 0x074400 VAddr 0x007eff64086000
 GID: 00:00:00:00:00:00:00:00:00:00:255:255:10:01:02:01
 local address: LID 0000 QPN 0x0bca PSN 0x5cac8e RKey 0x074400 VAddr 0x007eff64096000
 GID: 00:00:00:00:00:00:00:00:00:00:255:255:10:01:02:01
 local address: LID 0000 QPN 0x0bcb PSN 0xc27c43 RKey 0x074400 VAddr 0x007eff640a6000
 GID: 00:00:00:00:00:00:00:00:00:00:255:255:10:01:02:01
 local address: LID 0000 QPN 0x0bcc PSN 0x468f6c RKey 0x074400 VAddr 0x007eff640b6000
 GID: 00:00:00:00:00:00:00:00:00:00:255:255:10:01:02:01
 local address: LID 0000 QPN 0x0bcd PSN 0x5fb862 RKey 0x074400 VAddr 0x007eff640c6000
 GID: 00:00:00:00:00:00:00:00:00:00:255:255:10:01:02:01
 local address: LID 0000 QPN 0x0bce PSN 0x1dfcb3 RKey 0x074400 VAddr 0x007eff640d6000
 GID: 00:00:00:00:00:00:00:00:00:00:255:255:10:01:02:01
 local address: LID 0000 QPN 0x0bcf PSN 0x93ef59 RKey 0x074400 VAddr 0x007eff640e6000
 GID: 00:00:00:00:00:00:00:00:00:00:255:255:10:01:02:01
 local address: LID 0000 QPN 0x0bd0 PSN 0xd6ad41 RKey 0x074400 VAddr 0x007eff640f6000
 GID: 00:00:00:00:00:00:00:00:00:00:255:255:10:01:02:01
 local address: LID 0000 QPN 0x0bd1 PSN 0xe64be7 RKey 0x074400 VAddr 0x007eff64106000
 GID: 00:00:00:00:00:00:00:00:00:00:255:255:10:01:02:01
 local address: LID 0000 QPN 0x0bd2 PSN 0x47fa30 RKey 0x074400 VAddr 0x007eff64116000
 GID: 00:00:00:00:00:00:00:00:00:00:255:255:10:01:02:01
 local address: LID 0000 QPN 0x0bd3 PSN 0xf9d820 RKey 0x074400 VAddr 0x007eff64126000
 GID: 00:00:00:00:00:00:00:00:00:00:255:255:10:01:02:01
 local address: LID 0000 QPN 0x0bd4 PSN 0x8801e5 RKey 0x074400 VAddr 0x007eff64136000
 GID: 00:00:00:00:00:00:00:00:00:00:255:255:10:01:02:01
 local address: LID 0000 QPN 0x0bd5 PSN 0x1e26e5 RKey 0x074400 VAddr 0x007eff64146000
 GID: 00:00:00:00:00:00:00:00:00:00:255:255:10:01:02:01
 local address: LID 0000 QPN 0x0bd6 PSN 0x269b88 RKey 0x074400 VAddr 0x007eff64156000
 GID: 00:00:00:00:00:00:00:00:00:00:255:255:10:01:02:01
 local address: LID 0000 QPN 0x0bd7 PSN 0xb1c2a3 RKey 0x074400 VAddr 0x007eff64166000
 GID: 00:00:00:00:00:00:00:00:00:00:255:255:10:01:02:01
 local address: LID 0000 QPN 0x0bd8 PSN 0xb3a033 RKey 0x074400 VAddr 0x007eff64176000
 GID: 00:00:00:00:00:00:00:00:00:00:255:255:10:01:02:01
 local address: LID 0000 QPN 0x0bd9 PSN 0xf2deda RKey 0x074400 VAddr 0x007eff64186000
 GID: 00:00:00:00:00:00:00:00:00:00:255:255:10:01:02:01
 local address: LID 0000 QPN 0x0bda PSN 0x74f9ee RKey 0x074400 VAddr 0x007eff64196000
 GID: 00:00:00:00:00:00:00:00:00:00:255:255:10:01:02:01
 local address: LID 0000 QPN 0x0bdb PSN 0xd5962d RKey 0x074400 VAddr 0x007eff641a6000
 GID: 00:00:00:00:00:00:00:00:00:00:255:255:10:01:02:01
 local address: LID 0000 QPN 0x0bdc PSN 0xde9215 RKey 0x074400 VAddr 0x007eff641b6000
 GID: 00:00:00:00:00:00:00:00:00:00:255:255:10:01:02:01
 local address: LID 0000 QPN 0x0bdd PSN 0x4df7ce RKey 0x074400 VAddr 0x007eff641c6000
 GID: 00:00:00:00:00:00:00:00:00:00:255:255:10:01:02:01
 local address: LID 0000 QPN 0x0bde PSN 0x390b6b RKey 0x074400 VAddr 0x007eff641d6000
 GID: 00:00:00:00:00:00:00:00:00:00:255:255:10:01:02:01
 local address: LID 0000 QPN 0x0bdf PSN 0x63952a RKey 0x074400 VAddr 0x007eff641e6000
 GID: 00:00:00:00:00:00:00:00:00:00:255:255:10:01:02:01
 local address: LID 0000 QPN 0x0be0 PSN 0xded7be RKey 0x074400 VAddr 0x007eff641f6000
 GID: 00:00:00:00:00:00:00:00:00:00:255:255:10:01:02:01
 local address: LID 0000 QPN 0x0be1 PSN 0x9dac08 RKey 0x074400 VAddr 0x007eff64206000
 GID: 00:00:00:00:00:00:00:00:00:00:255:255:10:01:02:01
 local address: LID 0000 QPN 0x0be2 PSN 0xa895a8 RKey 0x074400 VAddr 0x007eff64216000
 GID: 00:00:00:00:00:00:00:00:00:00:255:255:10:01:02:01
 local address: LID 0000 QPN 0x0be3 PSN 0x13392b RKey 0x074400 VAddr 0x007eff64226000
 GID: 00:00:00:00:00:00:00:00:00:00:255:255:10:01:02:01
 local address: LID 0000 QPN 0x0be4 PSN 0xfee081 RKey 0x074400 VAddr 0x007eff64236000
 GID: 00:00:00:00:00:00:00:00:00:00:255:255:10:01:02:01
 local address: LID 0000 QPN 0x0be5 PSN 0x7b3ce4 RKey 0x074400 VAddr 0x007eff64246000
 GID: 00:00:00:00:00:00:00:00:00:00:255:255:10:01:02:01
 local address: LID 0000 QPN 0x0be6 PSN 0x2e4359 RKey 0x074400 VAddr 0x007eff64256000
 GID: 00:00:00:00:00:00:00:00:00:00:255:255:10:01:02:01
 local address: LID 0000 QPN 0x0be7 PSN 0x748d05 RKey 0x074400 VAddr 0x007eff64266000
 GID: 00:00:00:00:00:00:00:00:00:00:255:255:10:01:02:01
 local address: LID 0000 QPN 0x0be8 PSN 0xa9774d RKey 0x074400 VAddr 0x007eff64276000
 GID: 00:00:00:00:00:00:00:00:00:00:255:255:10:01:02:01
 local address: LID 0000 QPN 0x0be9 PSN 0xcc3ebd RKey 0x074400 VAddr 0x007eff64286000
 GID: 00:00:00:00:00:00:00:00:00:00:255:255:10:01:02:01
 local address: LID 0000 QPN 0x0bea PSN 0xea6646 RKey 0x074400 VAddr 0x007eff64296000
 GID: 00:00:00:00:00:00:00:00:00:00:255:255:10:01:02:01
 local address: LID 0000 QPN 0x0beb PSN 0x4fc718 RKey 0x074400 VAddr 0x007eff642a6000
 GID: 00:00:00:00:00:00:00:00:00:00:255:255:10:01:02:01
 local address: LID 0000 QPN 0x0bec PSN 0x8dbcc6 RKey 0x074400 VAddr 0x007eff642b6000
 GID: 00:00:00:00:00:00:00:00:00:00:255:255:10:01:02:01
 local address: LID 0000 QPN 0x0bed PSN 0xbf7204 RKey 0x074400 VAddr 0x007eff642c6000
 GID: 00:00:00:00:00:00:00:00:00:00:255:255:10:01:02:01
 local address: LID 0000 QPN 0x0bee PSN 0xf98ff7 RKey 0x074400 VAddr 0x007eff642d6000
 GID: 00:00:00:00:00:00:00:00:00:00:255:255:10:01:02:01
 local address: LID 0000 QPN 0x0bef PSN 0x9505ad RKey 0x074400 VAddr 0x007eff642e6000
 GID: 00:00:00:00:00:00:00:00:00:00:255:255:10:01:02:01
 local address: LID 0000 QPN 0x0bf0 PSN 0x4a6900 RKey 0x074400 VAddr 0x007eff642f6000
 GID: 00:00:00:00:00:00:00:00:00:00:255:255:10:01:02:01
 local address: LID 0000 QPN 0x0bf1 PSN 0x3cdb72 RKey 0x074400 VAddr 0x007eff64306000
 GID: 00:00:00:00:00:00:00:00:00:00:255:255:10:01:02:01
 local address: LID 0000 QPN 0x0bf2 PSN 0x3cafc RKey 0x074400 VAddr 0x007eff64316000
 GID: 00:00:00:00:00:00:00:00:00:00:255:255:10:01:02:01
 local address: LID 0000 QPN 0x0bf3 PSN 0x82f79 RKey 0x074400 VAddr 0x007eff64326000
 GID: 00:00:00:00:00:00:00:00:00:00:255:255:10:01:02:01
 local address: LID 0000 QPN 0x0bf4 PSN 0x292eda RKey 0x074400 VAddr 0x007eff64336000
 GID: 00:00:00:00:00:00:00:00:00:00:255:255:10:01:02:01
 local address: LID 0000 QPN 0x0bf5 PSN 0xe9ed5a RKey 0x074400 VAddr 0x007eff64346000
 GID: 00:00:00:00:00:00:00:00:00:00:255:255:10:01:02:01
 local address: LID 0000 QPN 0x0bf6 PSN 0xb9ded6 RKey 0x074400 VAddr 0x007eff64356000
 GID: 00:00:00:00:00:00:00:00:00:00:255:255:10:01:02:01
 local address: LID 0000 QPN 0x0bf7 PSN 0x531a3f RKey 0x074400 VAddr 0x007eff64366000
 GID: 00:00:00:00:00:00:00:00:00:00:255:255:10:01:02:01
 local address: LID 0000 QPN 0x0bf8 PSN 0xe6baf5 RKey 0x074400 VAddr 0x007eff64376000
 GID: 00:00:00:00:00:00:00:00:00:00:255:255:10:01:02:01
 local address: LID 0000 QPN 0x0bf9 PSN 0xddb417 RKey 0x074400 VAddr 0x007eff64386000
 GID: 00:00:00:00:00:00:00:00:00:00:255:255:10:01:02:01
 local address: LID 0000 QPN 0x0bfa PSN 0x92a886 RKey 0x074400 VAddr 0x007eff64396000
 GID: 00:00:00:00:00:00:00:00:00:00:255:255:10:01:02:01
 local address: LID 0000 QPN 0x0bfb PSN 0x683991 RKey 0x074400 VAddr 0x007eff643a6000
 GID: 00:00:00:00:00:00:00:00:00:00:255:255:10:01:02:01
 local address: LID 0000 QPN 0x0bfc PSN 0x916850 RKey 0x074400 VAddr 0x007eff643b6000
 GID: 00:00:00:00:00:00:00:00:00:00:255:255:10:01:02:01
 local address: LID 0000 QPN 0x0bfd PSN 0xae17a5 RKey 0x074400 VAddr 0x007eff643c6000
 GID: 00:00:00:00:00:00:00:00:00:00:255:255:10:01:02:01
 local address: LID 0000 QPN 0x0bfe PSN 0xf131af RKey 0x074400 VAddr 0x007eff643d6000
 GID: 00:00:00:00:00:00:00:00:00:00:255:255:10:01:02:01
 local address: LID 0000 QPN 0x0bff PSN 0x4237b6 RKey 0x074400 VAddr 0x007eff643e6000
 GID: 00:00:00:00:00:00:00:00:00:00:255:255:10:01:02:01
 local address: LID 0000 QPN 0x0c00 PSN 0xd06481 RKey 0x074400 VAddr 0x007eff643f6000
 GID: 00:00:00:00:00:00:00:00:00:00:255:255:10:01:02:01
 local address: LID 0000 QPN 0x0c01 PSN 0xbe644c RKey 0x074400 VAddr 0x007eff64406000
 GID: 00:00:00:00:00:00:00:00:00:00:255:255:10:01:02:01
 local address: LID 0000 QPN 0x0c02 PSN 0x7cd06a RKey 0x074400 VAddr 0x007eff64416000
 GID: 00:00:00:00:00:00:00:00:00:00:255:255:10:01:02:01
 local address: LID 0000 QPN 0x0c03 PSN 0x30faa7 RKey 0x074400 VAddr 0x007eff64426000
 GID: 00:00:00:00:00:00:00:00:00:00:255:255:10:01:02:01
 local address: LID 0000 QPN 0x0c04 PSN 0x69d92 RKey 0x074400 VAddr 0x007eff64436000
 GID: 00:00:00:00:00:00:00:00:00:00:255:255:10:01:02:01
 local address: LID 0000 QPN 0x0c05 PSN 0xc86c77 RKey 0x074400 VAddr 0x007eff64446000
 GID: 00:00:00:00:00:00:00:00:00:00:255:255:10:01:02:01
 local address: LID 0000 QPN 0x0c06 PSN 0x7f39a6 RKey 0x074400 VAddr 0x007eff64456000
 GID: 00:00:00:00:00:00:00:00:00:00:255:255:10:01:02:01
 local address: LID 0000 QPN 0x0c07 PSN 0x2ab734 RKey 0x074400 VAddr 0x007eff64466000
 GID: 00:00:00:00:00:00:00:00:00:00:255:255:10:01:02:01
 local address: LID 0000 QPN 0x0c08 PSN 0x607376 RKey 0x074400 VAddr 0x007eff64476000
 GID: 00:00:00:00:00:00:00:00:00:00:255:255:10:01:02:01
 local address: LID 0000 QPN 0x0c09 PSN 0x9cb5a3 RKey 0x074400 VAddr 0x007eff64486000
 GID: 00:00:00:00:00:00:00:00:00:00:255:255:10:01:02:01
 local address: LID 0000 QPN 0x0c0a PSN 0x31103a RKey 0x074400 VAddr 0x007eff64496000
 GID: 00:00:00:00:00:00:00:00:00:00:255:255:10:01:02:01
 local address: LID 0000 QPN 0x0c0b PSN 0x1fd444 RKey 0x074400 VAddr 0x007eff644a6000
 GID: 00:00:00:00:00:00:00:00:00:00:255:255:10:01:02:01
 local address: LID 0000 QPN 0x0c0c PSN 0x90c727 RKey 0x074400 VAddr 0x007eff644b6000
 GID: 00:00:00:00:00:00:00:00:00:00:255:255:10:01:02:01
 local address: LID 0000 QPN 0x0c0d PSN 0x2b4273 RKey 0x074400 VAddr 0x007eff644c6000
 GID: 00:00:00:00:00:00:00:00:00:00:255:255:10:01:02:01
 local address: LID 0000 QPN 0x0c0e PSN 0x9c1a89 RKey 0x074400 VAddr 0x007eff644d6000
 GID: 00:00:00:00:00:00:00:00:00:00:255:255:10:01:02:01
 local address: LID 0000 QPN 0x0c0f PSN 0x3a8039 RKey 0x074400 VAddr 0x007eff644e6000
 GID: 00:00:00:00:00:00:00:00:00:00:255:255:10:01:02:01
 local address: LID 0000 QPN 0x0c10 PSN 0x71a15d RKey 0x074400 VAddr 0x007eff644f6000
 GID: 00:00:00:00:00:00:00:00:00:00:255:255:10:01:02:01
 local address: LID 0000 QPN 0x0c11 PSN 0x2dabe0 RKey 0x074400 VAddr 0x007eff64506000
 GID: 00:00:00:00:00:00:00:00:00:00:255:255:10:01:02:01
 local address: LID 0000 QPN 0x0c12 PSN 0xc2e8d1 RKey 0x074400 VAddr 0x007eff64516000
 GID: 00:00:00:00:00:00:00:00:00:00:255:255:10:01:02:01
 local address: LID 0000 QPN 0x0c13 PSN 0x5efa72 RKey 0x074400 VAddr 0x007eff64526000
 GID: 00:00:00:00:00:00:00:00:00:00:255:255:10:01:02:01
 local address: LID 0000 QPN 0x0c14 PSN 0x864aec RKey 0x074400 VAddr 0x007eff64536000
 GID: 00:00:00:00:00:00:00:00:00:00:255:255:10:01:02:01
 local address: LID 0000 QPN 0x0c15 PSN 0x645b8d RKey 0x074400 VAddr 0x007eff64546000
 GID: 00:00:00:00:00:00:00:00:00:00:255:255:10:01:02:01
 local address: LID 0000 QPN 0x0c16 PSN 0xb05610 RKey 0x074400 VAddr 0x007eff64556000
 GID: 00:00:00:00:00:00:00:00:00:00:255:255:10:01:02:01
 local address: LID 0000 QPN 0x0c17 PSN 0x4fb2ea RKey 0x074400 VAddr 0x007eff64566000
 GID: 00:00:00:00:00:00:00:00:00:00:255:255:10:01:02:01
 local address: LID 0000 QPN 0x0c18 PSN 0x2050bb RKey 0x074400 VAddr 0x007eff64576000
 GID: 00:00:00:00:00:00:00:00:00:00:255:255:10:01:02:01
 local address: LID 0000 QPN 0x0c19 PSN 0x63d938 RKey 0x074400 VAddr 0x007eff64586000
 GID: 00:00:00:00:00:00:00:00:00:00:255:255:10:01:02:01
 local address: LID 0000 QPN 0x0c1a PSN 0x8ded93 RKey 0x074400 VAddr 0x007eff64596000
 GID: 00:00:00:00:00:00:00:00:00:00:255:255:10:01:02:01
 local address: LID 0000 QPN 0x0c1b PSN 0xa881fd RKey 0x074400 VAddr 0x007eff645a6000
 GID: 00:00:00:00:00:00:00:00:00:00:255:255:10:01:02:01
 local address: LID 0000 QPN 0x0c1c PSN 0x468d5c RKey 0x074400 VAddr 0x007eff645b6000
 GID: 00:00:00:00:00:00:00:00:00:00:255:255:10:01:02:01
 local address: LID 0000 QPN 0x0c1d PSN 0x8c3d4d RKey 0x074400 VAddr 0x007eff645c6000
 GID: 00:00:00:00:00:00:00:00:00:00:255:255:10:01:02:01
 local address: LID 0000 QPN 0x0c1e PSN 0x86df1c RKey 0x074400 VAddr 0x007eff645d6000
 GID: 00:00:00:00:00:00:00:00:00:00:255:255:10:01:02:01
 local address: LID 0000 QPN 0x0c1f PSN 0x965a4b RKey 0x074400 VAddr 0x007eff645e6000
 GID: 00:00:00:00:00:00:00:00:00:00:255:255:10:01:02:01
 local address: LID 0000 QPN 0x0c20 PSN 0x14f24d RKey 0x074400 VAddr 0x007eff645f6000
 GID: 00:00:00:00:00:00:00:00:00:00:255:255:10:01:02:01
 local address: LID 0000 QPN 0x0c21 PSN 0x13fa95 RKey 0x074400 VAddr 0x007eff64606000
 GID: 00:00:00:00:00:00:00:00:00:00:255:255:10:01:02:01
 local address: LID 0000 QPN 0x0c22 PSN 0xadcbaf RKey 0x074400 VAddr 0x007eff64616000
 GID: 00:00:00:00:00:00:00:00:00:00:255:255:10:01:02:01
 local address: LID 0000 QPN 0x0c23 PSN 0xe4f6b5 RKey 0x074400 VAddr 0x007eff64626000
 GID: 00:00:00:00:00:00:00:00:00:00:255:255:10:01:02:01
 local address: LID 0000 QPN 0x0c24 PSN 0xbd6aca RKey 0x074400 VAddr 0x007eff64636000
 GID: 00:00:00:00:00:00:00:00:00:00:255:255:10:01:02:01
 local address: LID 0000 QPN 0x0c25 PSN 0x30510b RKey 0x074400 VAddr 0x007eff64646000
 GID: 00:00:00:00:00:00:00:00:00:00:255:255:10:01:02:01
 local address: LID 0000 QPN 0x0c26 PSN 0xf654f9 RKey 0x074400 VAddr 0x007eff64656000
 GID: 00:00:00:00:00:00:00:00:00:00:255:255:10:01:02:01
 local address: LID 0000 QPN 0x0c27 PSN 0xd22685 RKey 0x074400 VAddr 0x007eff64666000
 GID: 00:00:00:00:00:00:00:00:00:00:255:255:10:01:02:01
 local address: LID 0000 QPN 0x0c28 PSN 0x3dd24d RKey 0x074400 VAddr 0x007eff64676000
 GID: 00:00:00:00:00:00:00:00:00:00:255:255:10:01:02:01
 local address: LID 0000 QPN 0x0c29 PSN 0x78dbcf RKey 0x074400 VAddr 0x007eff64686000
 GID: 00:00:00:00:00:00:00:00:00:00:255:255:10:01:02:01
 local address: LID 0000 QPN 0x0c2a PSN 0x37f95e RKey 0x074400 VAddr 0x007eff64696000
 GID: 00:00:00:00:00:00:00:00:00:00:255:255:10:01:02:01
 local address: LID 0000 QPN 0x0c2b PSN 0x2e79aa RKey 0x074400 VAddr 0x007eff646a6000
 GID: 00:00:00:00:00:00:00:00:00:00:255:255:10:01:02:01
 local address: LID 0000 QPN 0x0c2c PSN 0xe498a4 RKey 0x074400 VAddr 0x007eff646b6000
 GID: 00:00:00:00:00:00:00:00:00:00:255:255:10:01:02:01
 local address: LID 0000 QPN 0x0c2d PSN 0xc8cc34 RKey 0x074400 VAddr 0x007eff646c6000
 GID: 00:00:00:00:00:00:00:00:00:00:255:255:10:01:02:01
 local address: LID 0000 QPN 0x0c2e PSN 0xbe669e RKey 0x074400 VAddr 0x007eff646d6000
 GID: 00:00:00:00:00:00:00:00:00:00:255:255:10:01:02:01
 local address: LID 0000 QPN 0x0c2f PSN 0xcd2f20 RKey 0x074400 VAddr 0x007eff646e6000
 GID: 00:00:00:00:00:00:00:00:00:00:255:255:10:01:02:01
 local address: LID 0000 QPN 0x0c30 PSN 0x7d4dac RKey 0x074400 VAddr 0x007eff646f6000
 GID: 00:00:00:00:00:00:00:00:00:00:255:255:10:01:02:01
 local address: LID 0000 QPN 0x0c31 PSN 0x3783f4 RKey 0x074400 VAddr 0x007eff64706000
 GID: 00:00:00:00:00:00:00:00:00:00:255:255:10:01:02:01
 local address: LID 0000 QPN 0x0c32 PSN 0xc40d22 RKey 0x074400 VAddr 0x007eff64716000
 GID: 00:00:00:00:00:00:00:00:00:00:255:255:10:01:02:01
 local address: LID 0000 QPN 0x0c33 PSN 0x41676e RKey 0x074400 VAddr 0x007eff64726000
 GID: 00:00:00:00:00:00:00:00:00:00:255:255:10:01:02:01
 local address: LID 0000 QPN 0x0c34 PSN 0x17eeaf RKey 0x074400 VAddr 0x007eff64736000
 GID: 00:00:00:00:00:00:00:00:00:00:255:255:10:01:02:01
 local address: LID 0000 QPN 0x0c35 PSN 0x6b6083 RKey 0x074400 VAddr 0x007eff64746000
 GID: 00:00:00:00:00:00:00:00:00:00:255:255:10:01:02:01
 local address: LID 0000 QPN 0x0c36 PSN 0xf65de9 RKey 0x074400 VAddr 0x007eff64756000
 GID: 00:00:00:00:00:00:00:00:00:00:255:255:10:01:02:01
 local address: LID 0000 QPN 0x0c37 PSN 0x84bd49 RKey 0x074400 VAddr 0x007eff64766000
 GID: 00:00:00:00:00:00:00:00:00:00:255:255:10:01:02:01
 local address: LID 0000 QPN 0x0c38 PSN 0x716f58 RKey 0x074400 VAddr 0x007eff64776000
 GID: 00:00:00:00:00:00:00:00:00:00:255:255:10:01:02:01
 local address: LID 0000 QPN 0x0c39 PSN 0xa4a980 RKey 0x074400 VAddr 0x007eff64786000
 GID: 00:00:00:00:00:00:00:00:00:00:255:255:10:01:02:01
 local address: LID 0000 QPN 0x0c3a PSN 0x6fbd0a RKey 0x074400 VAddr 0x007eff64796000
 GID: 00:00:00:00:00:00:00:00:00:00:255:255:10:01:02:01
 local address: LID 0000 QPN 0x0c3b PSN 0x838656 RKey 0x074400 VAddr 0x007eff647a6000
 GID: 00:00:00:00:00:00:00:00:00:00:255:255:10:01:02:01
 local address: LID 0000 QPN 0x0c3c PSN 0xb1984f RKey 0x074400 VAddr 0x007eff647b6000
 GID: 00:00:00:00:00:00:00:00:00:00:255:255:10:01:02:01
 local address: LID 0000 QPN 0x0c3d PSN 0x8bb448 RKey 0x074400 VAddr 0x007eff647c6000
 GID: 00:00:00:00:00:00:00:00:00:00:255:255:10:01:02:01
 local address: LID 0000 QPN 0x0c3e PSN 0x9d2e5 RKey 0x074400 VAddr 0x007eff647d6000
 GID: 00:00:00:00:00:00:00:00:00:00:255:255:10:01:02:01
 local address: LID 0000 QPN 0x0c3f PSN 0xcd1e0d RKey 0x074400 VAddr 0x007eff647e6000
 GID: 00:00:00:00:00:00:00:00:00:00:255:255:10:01:02:01
 local address: LID 0000 QPN 0x0c40 PSN 0x19f575 RKey 0x074400 VAddr 0x007eff647f6000
 GID: 00:00:00:00:00:00:00:00:00:00:255:255:10:01:02:01
 local address: LID 0000 QPN 0x0c41 PSN 0x2c6ea5 RKey 0x074400 VAddr 0x007eff64806000
 GID: 00:00:00:00:00:00:00:00:00:00:255:255:10:01:02:01
 local address: LID 0000 QPN 0x0c42 PSN 0x2b85ea RKey 0x074400 VAddr 0x007eff64816000
 GID: 00:00:00:00:00:00:00:00:00:00:255:255:10:01:02:01
 local address: LID 0000 QPN 0x0c43 PSN 0xeabcb9 RKey 0x074400 VAddr 0x007eff64826000
 GID: 00:00:00:00:00:00:00:00:00:00:255:255:10:01:02:01
 local address: LID 0000 QPN 0x0c44 PSN 0x32dbd RKey 0x074400 VAddr 0x007eff64836000
 GID: 00:00:00:00:00:00:00:00:00:00:255:255:10:01:02:01
 local address: LID 0000 QPN 0x0c45 PSN 0xbaa2a4 RKey 0x074400 VAddr 0x007eff64846000
 GID: 00:00:00:00:00:00:00:00:00:00:255:255:10:01:02:01
 local address: LID 0000 QPN 0x0c46 PSN 0xe08705 RKey 0x074400 VAddr 0x007eff64856000
 GID: 00:00:00:00:00:00:00:00:00:00:255:255:10:01:02:01
 local address: LID 0000 QPN 0x0c47 PSN 0x457c9c RKey 0x074400 VAddr 0x007eff64866000
 GID: 00:00:00:00:00:00:00:00:00:00:255:255:10:01:02:01
 local address: LID 0000 QPN 0x0c48 PSN 0xc1bea5 RKey 0x074400 VAddr 0x007eff64876000
 GID: 00:00:00:00:00:00:00:00:00:00:255:255:10:01:02:01
 local address: LID 0000 QPN 0x0c49 PSN 0xdd6584 RKey 0x074400 VAddr 0x007eff64886000
 GID: 00:00:00:00:00:00:00:00:00:00:255:255:10:01:02:01
 local address: LID 0000 QPN 0x0c4a PSN 0xbcfaa5 RKey 0x074400 VAddr 0x007eff64896000
 GID: 00:00:00:00:00:00:00:00:00:00:255:255:10:01:02:01
 local address: LID 0000 QPN 0x0c4b PSN 0x2c4f2f RKey 0x074400 VAddr 0x007eff648a6000
 GID: 00:00:00:00:00:00:00:00:00:00:255:255:10:01:02:01
 local address: LID 0000 QPN 0x0c4c PSN 0x60b550 RKey 0x074400 VAddr 0x007eff648b6000
 GID: 00:00:00:00:00:00:00:00:00:00:255:255:10:01:02:01
 local address: LID 0000 QPN 0x0c4d PSN 0x7543ca RKey 0x074400 VAddr 0x007eff648c6000
 GID: 00:00:00:00:00:00:00:00:00:00:255:255:10:01:02:01
 local address: LID 0000 QPN 0x0c4e PSN 0x6e6868 RKey 0x074400 VAddr 0x007eff648d6000
 GID: 00:00:00:00:00:00:00:00:00:00:255:255:10:01:02:01
 local address: LID 0000 QPN 0x0c4f PSN 0x94c486 RKey 0x074400 VAddr 0x007eff648e6000
 GID: 00:00:00:00:00:00:00:00:00:00:255:255:10:01:02:01
 local address: LID 0000 QPN 0x0c50 PSN 0x309f42 RKey 0x074400 VAddr 0x007eff648f6000
 GID: 00:00:00:00:00:00:00:00:00:00:255:255:10:01:02:01
 local address: LID 0000 QPN 0x0c51 PSN 0x37dc72 RKey 0x074400 VAddr 0x007eff64906000
 GID: 00:00:00:00:00:00:00:00:00:00:255:255:10:01:02:01
 local address: LID 0000 QPN 0x0c52 PSN 0x83bb65 RKey 0x074400 VAddr 0x007eff64916000
 GID: 00:00:00:00:00:00:00:00:00:00:255:255:10:01:02:01
 local address: LID 0000 QPN 0x0c53 PSN 0xbda6d2 RKey 0x074400 VAddr 0x007eff64926000
 GID: 00:00:00:00:00:00:00:00:00:00:255:255:10:01:02:01
 local address: LID 0000 QPN 0x0c54 PSN 0x928cb7 RKey 0x074400 VAddr 0x007eff64936000
 GID: 00:00:00:00:00:00:00:00:00:00:255:255:10:01:02:01
 local address: LID 0000 QPN 0x0c55 PSN 0x34bd40 RKey 0x074400 VAddr 0x007eff64946000
 GID: 00:00:00:00:00:00:00:00:00:00:255:255:10:01:02:01
 local address: LID 0000 QPN 0x0c56 PSN 0x88bd15 RKey 0x074400 VAddr 0x007eff64956000
 GID: 00:00:00:00:00:00:00:00:00:00:255:255:10:01:02:01
 local address: LID 0000 QPN 0x0c57 PSN 0x88c01 RKey 0x074400 VAddr 0x007eff64966000
 GID: 00:00:00:00:00:00:00:00:00:00:255:255:10:01:02:01
 local address: LID 0000 QPN 0x0c58 PSN 0xca9ea0 RKey 0x074400 VAddr 0x007eff64976000
 GID: 00:00:00:00:00:00:00:00:00:00:255:255:10:01:02:01
 local address: LID 0000 QPN 0x0c59 PSN 0x827234 RKey 0x074400 VAddr 0x007eff64986000
 GID: 00:00:00:00:00:00:00:00:00:00:255:255:10:01:02:01
 local address: LID 0000 QPN 0x0c5a PSN 0xae14de RKey 0x074400 VAddr 0x007eff64996000
 GID: 00:00:00:00:00:00:00:00:00:00:255:255:10:01:02:01
 local address: LID 0000 QPN 0x0c5b PSN 0x4f9f80 RKey 0x074400 VAddr 0x007eff649a6000
 GID: 00:00:00:00:00:00:00:00:00:00:255:255:10:01:02:01
 local address: LID 0000 QPN 0x0c5c PSN 0xa33a3b RKey 0x074400 VAddr 0x007eff649b6000
 GID: 00:00:00:00:00:00:00:00:00:00:255:255:10:01:02:01
 local address: LID 0000 QPN 0x0c5d PSN 0xfda1b RKey 0x074400 VAddr 0x007eff649c6000
 GID: 00:00:00:00:00:00:00:00:00:00:255:255:10:01:02:01
 local address: LID 0000 QPN 0x0c5e PSN 0x7d763e RKey 0x074400 VAddr 0x007eff649d6000
 GID: 00:00:00:00:00:00:00:00:00:00:255:255:10:01:02:01
 local address: LID 0000 QPN 0x0c5f PSN 0xcf0620 RKey 0x074400 VAddr 0x007eff649e6000
 GID: 00:00:00:00:00:00:00:00:00:00:255:255:10:01:02:01
 local address: LID 0000 QPN 0x0c60 PSN 0xe19c4e RKey 0x074400 VAddr 0x007eff649f6000
 GID: 00:00:00:00:00:00:00:00:00:00:255:255:10:01:02:01
 local address: LID 0000 QPN 0x0c61 PSN 0x4f242 RKey 0x074400 VAddr 0x007eff64a06000
 GID: 00:00:00:00:00:00:00:00:00:00:255:255:10:01:02:01
 local address: LID 0000 QPN 0x0c62 PSN 0x2a4790 RKey 0x074400 VAddr 0x007eff64a16000
 GID: 00:00:00:00:00:00:00:00:00:00:255:255:10:01:02:01
 local address: LID 0000 QPN 0x0c63 PSN 0x8d5e16 RKey 0x074400 VAddr 0x007eff64a26000
 GID: 00:00:00:00:00:00:00:00:00:00:255:255:10:01:02:01
 local address: LID 0000 QPN 0x0c64 PSN 0x9e25ff RKey 0x074400 VAddr 0x007eff64a36000
 GID: 00:00:00:00:00:00:00:00:00:00:255:255:10:01:02:01
 local address: LID 0000 QPN 0x0c65 PSN 0x5f6b46 RKey 0x074400 VAddr 0x007eff64a46000
 GID: 00:00:00:00:00:00:00:00:00:00:255:255:10:01:02:01
 local address: LID 0000 QPN 0x0c66 PSN 0x89ab7e RKey 0x074400 VAddr 0x007eff64a56000
 GID: 00:00:00:00:00:00:00:00:00:00:255:255:10:01:02:01
 local address: LID 0000 QPN 0x0c67 PSN 0x24fd1c RKey 0x074400 VAddr 0x007eff64a66000
 GID: 00:00:00:00:00:00:00:00:00:00:255:255:10:01:02:01
 local address: LID 0000 QPN 0x0c68 PSN 0x1e5d53 RKey 0x074400 VAddr 0x007eff64a76000
 GID: 00:00:00:00:00:00:00:00:00:00:255:255:10:01:02:01
 local address: LID 0000 QPN 0x0c69 PSN 0xaa7907 RKey 0x074400 VAddr 0x007eff64a86000
 GID: 00:00:00:00:00:00:00:00:00:00:255:255:10:01:02:01
 local address: LID 0000 QPN 0x0c6a PSN 0x417704 RKey 0x074400 VAddr 0x007eff64a96000
 GID: 00:00:00:00:00:00:00:00:00:00:255:255:10:01:02:01
 local address: LID 0000 QPN 0x0c6b PSN 0x7aeb6 RKey 0x074400 VAddr 0x007eff64aa6000
 GID: 00:00:00:00:00:00:00:00:00:00:255:255:10:01:02:01
 local address: LID 0000 QPN 0x0c6c PSN 0x743b41 RKey 0x074400 VAddr 0x007eff64ab6000
 GID: 00:00:00:00:00:00:00:00:00:00:255:255:10:01:02:01
 local address: LID 0000 QPN 0x0c6d PSN 0xf66fbb RKey 0x074400 VAddr 0x007eff64ac6000
 GID: 00:00:00:00:00:00:00:00:00:00:255:255:10:01:02:01
 local address: LID 0000 QPN 0x0c6e PSN 0xec3e1c RKey 0x074400 VAddr 0x007eff64ad6000
 GID: 00:00:00:00:00:00:00:00:00:00:255:255:10:01:02:01
 local address: LID 0000 QPN 0x0c6f PSN 0xf0d48f RKey 0x074400 VAddr 0x007eff64ae6000
 GID: 00:00:00:00:00:00:00:00:00:00:255:255:10:01:02:01
 local address: LID 0000 QPN 0x0c70 PSN 0x860172 RKey 0x074400 VAddr 0x007eff64af6000
 GID: 00:00:00:00:00:00:00:00:00:00:255:255:10:01:02:01
 local address: LID 0000 QPN 0x0c71 PSN 0xabe01e RKey 0x074400 VAddr 0x007eff64b06000
 GID: 00:00:00:00:00:00:00:00:00:00:255:255:10:01:02:01
 local address: LID 0000 QPN 0x0c72 PSN 0x69410c RKey 0x074400 VAddr 0x007eff64b16000
 GID: 00:00:00:00:00:00:00:00:00:00:255:255:10:01:02:01
 local address: LID 0000 QPN 0x0c73 PSN 0x55eb02 RKey 0x074400 VAddr 0x007eff64b26000
 GID: 00:00:00:00:00:00:00:00:00:00:255:255:10:01:02:01
 local address: LID 0000 QPN 0x0c74 PSN 0xdb7198 RKey 0x074400 VAddr 0x007eff64b36000
 GID: 00:00:00:00:00:00:00:00:00:00:255:255:10:01:02:01
 local address: LID 0000 QPN 0x0c75 PSN 0x9f04c7 RKey 0x074400 VAddr 0x007eff64b46000
 GID: 00:00:00:00:00:00:00:00:00:00:255:255:10:01:02:01
 local address: LID 0000 QPN 0x0c76 PSN 0xf1a448 RKey 0x074400 VAddr 0x007eff64b56000
 GID: 00:00:00:00:00:00:00:00:00:00:255:255:10:01:02:01
 local address: LID 0000 QPN 0x0c77 PSN 0x6393b4 RKey 0x074400 VAddr 0x007eff64b66000
 GID: 00:00:00:00:00:00:00:00:00:00:255:255:10:01:02:01
 local address: LID 0000 QPN 0x0c78 PSN 0x40e068 RKey 0x074400 VAddr 0x007eff64b76000
 GID: 00:00:00:00:00:00:00:00:00:00:255:255:10:01:02:01
 local address: LID 0000 QPN 0x0c79 PSN 0x37296 RKey 0x074400 VAddr 0x007eff64b86000
 GID: 00:00:00:00:00:00:00:00:00:00:255:255:10:01:02:01
 local address: LID 0000 QPN 0x0c7a PSN 0x78fd05 RKey 0x074400 VAddr 0x007eff64b96000
 GID: 00:00:00:00:00:00:00:00:00:00:255:255:10:01:02:01
 local address: LID 0000 QPN 0x0c7b PSN 0x95685e RKey 0x074400 VAddr 0x007eff64ba6000
 GID: 00:00:00:00:00:00:00:00:00:00:255:255:10:01:02:01
 local address: LID 0000 QPN 0x0c7c PSN 0x9e3e35 RKey 0x074400 VAddr 0x007eff64bb6000
 GID: 00:00:00:00:00:00:00:00:00:00:255:255:10:01:02:01
 local address: LID 0000 QPN 0x0c7d PSN 0xad1e4a RKey 0x074400 VAddr 0x007eff64bc6000
 GID: 00:00:00:00:00:00:00:00:00:00:255:255:10:01:02:01
 local address: LID 0000 QPN 0x0c7e PSN 0xf5dc5b RKey 0x074400 VAddr 0x007eff64bd6000
 GID: 00:00:00:00:00:00:00:00:00:00:255:255:10:01:02:01
 local address: LID 0000 QPN 0x0c7f PSN 0x58f7a8 RKey 0x074400 VAddr 0x007eff64be6000
 GID: 00:00:00:00:00:00:00:00:00:00:255:255:10:01:02:01
 local address: LID 0000 QPN 0x0c80 PSN 0xe7cf2b RKey 0x074400 VAddr 0x007eff64bf6000
 GID: 00:00:00:00:00:00:00:00:00:00:255:255:10:01:02:01
 local address: LID 0000 QPN 0x0c81 PSN 0x8ae92f RKey 0x074400 VAddr 0x007eff64c06000
 GID: 00:00:00:00:00:00:00:00:00:00:255:255:10:01:02:01
 local address: LID 0000 QPN 0x0c82 PSN 0xfa315 RKey 0x074400 VAddr 0x007eff64c16000
 GID: 00:00:00:00:00:00:00:00:00:00:255:255:10:01:02:01
 local address: LID 0000 QPN 0x0c83 PSN 0x906e31 RKey 0x074400 VAddr 0x007eff64c26000
 GID: 00:00:00:00:00:00:00:00:00:00:255:255:10:01:02:01
 local address: LID 0000 QPN 0x0c84 PSN 0x6fed24 RKey 0x074400 VAddr 0x007eff64c36000
 GID: 00:00:00:00:00:00:00:00:00:00:255:255:10:01:02:01
 local address: LID 0000 QPN 0x0c85 PSN 0x9806f4 RKey 0x074400 VAddr 0x007eff64c46000
 GID: 00:00:00:00:00:00:00:00:00:00:255:255:10:01:02:01
 local address: LID 0000 QPN 0x0c86 PSN 0xf98819 RKey 0x074400 VAddr 0x007eff64c56000
 GID: 00:00:00:00:00:00:00:00:00:00:255:255:10:01:02:01
 local address: LID 0000 QPN 0x0c87 PSN 0x4f8dab RKey 0x074400 VAddr 0x007eff64c66000
 GID: 00:00:00:00:00:00:00:00:00:00:255:255:10:01:02:01
 local address: LID 0000 QPN 0x0c88 PSN 0xbccd2a RKey 0x074400 VAddr 0x007eff64c76000
 GID: 00:00:00:00:00:00:00:00:00:00:255:255:10:01:02:01
 local address: LID 0000 QPN 0x0c89 PSN 0xc4ae9b RKey 0x074400 VAddr 0x007eff64c86000
 GID: 00:00:00:00:00:00:00:00:00:00:255:255:10:01:02:01
 local address: LID 0000 QPN 0x0c8a PSN 0x975b6e RKey 0x074400 VAddr 0x007eff64c96000
 GID: 00:00:00:00:00:00:00:00:00:00:255:255:10:01:02:01
 local address: LID 0000 QPN 0x0c8b PSN 0xf5b424 RKey 0x074400 VAddr 0x007eff64ca6000
 GID: 00:00:00:00:00:00:00:00:00:00:255:255:10:01:02:01
 local address: LID 0000 QPN 0x0c8c PSN 0xfae28a RKey 0x074400 VAddr 0x007eff64cb6000
 GID: 00:00:00:00:00:00:00:00:00:00:255:255:10:01:02:01
 local address: LID 0000 QPN 0x0c8d PSN 0xaba889 RKey 0x074400 VAddr 0x007eff64cc6000
 GID: 00:00:00:00:00:00:00:00:00:00:255:255:10:01:02:01
 local address: LID 0000 QPN 0x0c8e PSN 0x72fef RKey 0x074400 VAddr 0x007eff64cd6000
 GID: 00:00:00:00:00:00:00:00:00:00:255:255:10:01:02:01
 local address: LID 0000 QPN 0x0c8f PSN 0xf1d55f RKey 0x074400 VAddr 0x007eff64ce6000
 GID: 00:00:00:00:00:00:00:00:00:00:255:255:10:01:02:01
 local address: LID 0000 QPN 0x0c90 PSN 0xd41991 RKey 0x074400 VAddr 0x007eff64cf6000
 GID: 00:00:00:00:00:00:00:00:00:00:255:255:10:01:02:01
 local address: LID 0000 QPN 0x0c91 PSN 0x716bbd RKey 0x074400 VAddr 0x007eff64d06000
 GID: 00:00:00:00:00:00:00:00:00:00:255:255:10:01:02:01
 local address: LID 0000 QPN 0x0c92 PSN 0xf3b58b RKey 0x074400 VAddr 0x007eff64d16000
 GID: 00:00:00:00:00:00:00:00:00:00:255:255:10:01:02:01
 local address: LID 0000 QPN 0x0c93 PSN 0x296860 RKey 0x074400 VAddr 0x007eff64d26000
 GID: 00:00:00:00:00:00:00:00:00:00:255:255:10:01:02:01
 local address: LID 0000 QPN 0x0c94 PSN 0x7dc3e6 RKey 0x074400 VAddr 0x007eff64d36000
 GID: 00:00:00:00:00:00:00:00:00:00:255:255:10:01:02:01
 local address: LID 0000 QPN 0x0c95 PSN 0x29c1d RKey 0x074400 VAddr 0x007eff64d46000
 GID: 00:00:00:00:00:00:00:00:00:00:255:255:10:01:02:01
 local address: LID 0000 QPN 0x0c96 PSN 0x45ae36 RKey 0x074400 VAddr 0x007eff64d56000
 GID: 00:00:00:00:00:00:00:00:00:00:255:255:10:01:02:01
 local address: LID 0000 QPN 0x0c97 PSN 0x496b07 RKey 0x074400 VAddr 0x007eff64d66000
 GID: 00:00:00:00:00:00:00:00:00:00:255:255:10:01:02:01
 local address: LID 0000 QPN 0x0c98 PSN 0xd2b083 RKey 0x074400 VAddr 0x007eff64d76000
 GID: 00:00:00:00:00:00:00:00:00:00:255:255:10:01:02:01
 local address: LID 0000 QPN 0x0c99 PSN 0x32dbec RKey 0x074400 VAddr 0x007eff64d86000
 GID: 00:00:00:00:00:00:00:00:00:00:255:255:10:01:02:01
 local address: LID 0000 QPN 0x0c9a PSN 0x878770 RKey 0x074400 VAddr 0x007eff64d96000
 GID: 00:00:00:00:00:00:00:00:00:00:255:255:10:01:02:01
 local address: LID 0000 QPN 0x0c9b PSN 0x58bdd4 RKey 0x074400 VAddr 0x007eff64da6000
 GID: 00:00:00:00:00:00:00:00:00:00:255:255:10:01:02:01
 local address: LID 0000 QPN 0x0c9c PSN 0xec8952 RKey 0x074400 VAddr 0x007eff64db6000
 GID: 00:00:00:00:00:00:00:00:00:00:255:255:10:01:02:01
 local address: LID 0000 QPN 0x0c9d PSN 0x1a0259 RKey 0x074400 VAddr 0x007eff64dc6000
 GID: 00:00:00:00:00:00:00:00:00:00:255:255:10:01:02:01
 local address: LID 0000 QPN 0x0c9e PSN 0x34c270 RKey 0x074400 VAddr 0x007eff64dd6000
 GID: 00:00:00:00:00:00:00:00:00:00:255:255:10:01:02:01
 local address: LID 0000 QPN 0x0c9f PSN 0xd539c9 RKey 0x074400 VAddr 0x007eff64de6000
 GID: 00:00:00:00:00:00:00:00:00:00:255:255:10:01:02:01
 local address: LID 0000 QPN 0x0ca0 PSN 0x873060 RKey 0x074400 VAddr 0x007eff64df6000
 GID: 00:00:00:00:00:00:00:00:00:00:255:255:10:01:02:01
 local address: LID 0000 QPN 0x0ca1 PSN 0x9ce930 RKey 0x074400 VAddr 0x007eff64e06000
 GID: 00:00:00:00:00:00:00:00:00:00:255:255:10:01:02:01
 local address: LID 0000 QPN 0x0ca2 PSN 0xdf74ed RKey 0x074400 VAddr 0x007eff64e16000
 GID: 00:00:00:00:00:00:00:00:00:00:255:255:10:01:02:01
 local address: LID 0000 QPN 0x0ca3 PSN 0x99026d RKey 0x074400 VAddr 0x007eff64e26000
 GID: 00:00:00:00:00:00:00:00:00:00:255:255:10:01:02:01
 local address: LID 0000 QPN 0x0ca4 PSN 0x2a76c0 RKey 0x074400 VAddr 0x007eff64e36000
 GID: 00:00:00:00:00:00:00:00:00:00:255:255:10:01:02:01
 local address: LID 0000 QPN 0x0ca5 PSN 0x7023b3 RKey 0x074400 VAddr 0x007eff64e46000
 GID: 00:00:00:00:00:00:00:00:00:00:255:255:10:01:02:01
 local address: LID 0000 QPN 0x0ca6 PSN 0x30cc88 RKey 0x074400 VAddr 0x007eff64e56000
 GID: 00:00:00:00:00:00:00:00:00:00:255:255:10:01:02:01
 local address: LID 0000 QPN 0x0ca7 PSN 0xdbb5ec RKey 0x074400 VAddr 0x007eff64e66000
 GID: 00:00:00:00:00:00:00:00:00:00:255:255:10:01:02:01
 local address: LID 0000 QPN 0x0ca8 PSN 0x4226ff RKey 0x074400 VAddr 0x007eff64e76000
 GID: 00:00:00:00:00:00:00:00:00:00:255:255:10:01:02:01
 local address: LID 0000 QPN 0x0ca9 PSN 0x361084 RKey 0x074400 VAddr 0x007eff64e86000
 GID: 00:00:00:00:00:00:00:00:00:00:255:255:10:01:02:01
 local address: LID 0000 QPN 0x0caa PSN 0xee1ed9 RKey 0x074400 VAddr 0x007eff64e96000
 GID: 00:00:00:00:00:00:00:00:00:00:255:255:10:01:02:01
 local address: LID 0000 QPN 0x0cab PSN 0xfb3d5c RKey 0x074400 VAddr 0x007eff64ea6000
 GID: 00:00:00:00:00:00:00:00:00:00:255:255:10:01:02:01
 local address: LID 0000 QPN 0x0cac PSN 0x91fd3f RKey 0x074400 VAddr 0x007eff64eb6000
 GID: 00:00:00:00:00:00:00:00:00:00:255:255:10:01:02:01
 local address: LID 0000 QPN 0x0cad PSN 0xbed8b9 RKey 0x074400 VAddr 0x007eff64ec6000
 GID: 00:00:00:00:00:00:00:00:00:00:255:255:10:01:02:01
 local address: LID 0000 QPN 0x0cae PSN 0xfab014 RKey 0x074400 VAddr 0x007eff64ed6000
 GID: 00:00:00:00:00:00:00:00:00:00:255:255:10:01:02:01
 local address: LID 0000 QPN 0x0caf PSN 0x721f1a RKey 0x074400 VAddr 0x007eff64ee6000
 GID: 00:00:00:00:00:00:00:00:00:00:255:255:10:01:02:01
 local address: LID 0000 QPN 0x0cb0 PSN 0x72c6f2 RKey 0x074400 VAddr 0x007eff64ef6000
 GID: 00:00:00:00:00:00:00:00:00:00:255:255:10:01:02:01
 local address: LID 0000 QPN 0x0cb1 PSN 0x80e12 RKey 0x074400 VAddr 0x007eff64f06000
 GID: 00:00:00:00:00:00:00:00:00:00:255:255:10:01:02:01
 local address: LID 0000 QPN 0x0cb2 PSN 0x66fa58 RKey 0x074400 VAddr 0x007eff64f16000
 GID: 00:00:00:00:00:00:00:00:00:00:255:255:10:01:02:01
 local address: LID 0000 QPN 0x0cb3 PSN 0x9d5553 RKey 0x074400 VAddr 0x007eff64f26000
 GID: 00:00:00:00:00:00:00:00:00:00:255:255:10:01:02:01
 local address: LID 0000 QPN 0x0cb4 PSN 0x9f8435 RKey 0x074400 VAddr 0x007eff64f36000
 GID: 00:00:00:00:00:00:00:00:00:00:255:255:10:01:02:01
 local address: LID 0000 QPN 0x0cb5 PSN 0x82ba46 RKey 0x074400 VAddr 0x007eff64f46000
 GID: 00:00:00:00:00:00:00:00:00:00:255:255:10:01:02:01
 local address: LID 0000 QPN 0x0cb6 PSN 0xa0df94 RKey 0x074400 VAddr 0x007eff64f56000
 GID: 00:00:00:00:00:00:00:00:00:00:255:255:10:01:02:01
 local address: LID 0000 QPN 0x0cb7 PSN 0xd1ca9f RKey 0x074400 VAddr 0x007eff64f66000
 GID: 00:00:00:00:00:00:00:00:00:00:255:255:10:01:02:01
 local address: LID 0000 QPN 0x0cb8 PSN 0xad04c6 RKey 0x074400 VAddr 0x007eff64f76000
 GID: 00:00:00:00:00:00:00:00:00:00:255:255:10:01:02:01
 local address: LID 0000 QPN 0x0cb9 PSN 0x81d179 RKey 0x074400 VAddr 0x007eff64f86000
 GID: 00:00:00:00:00:00:00:00:00:00:255:255:10:01:02:01
 local address: LID 0000 QPN 0x0cba PSN 0x64d016 RKey 0x074400 VAddr 0x007eff64f96000
 GID: 00:00:00:00:00:00:00:00:00:00:255:255:10:01:02:01
 local address: LID 0000 QPN 0x0cbb PSN 0xe1bec7 RKey 0x074400 VAddr 0x007eff64fa6000
 GID: 00:00:00:00:00:00:00:00:00:00:255:255:10:01:02:01
 local address: LID 0000 QPN 0x0cbc PSN 0x341aa4 RKey 0x074400 VAddr 0x007eff64fb6000
 GID: 00:00:00:00:00:00:00:00:00:00:255:255:10:01:02:01
 local address: LID 0000 QPN 0x0cbd PSN 0xa019cb RKey 0x074400 VAddr 0x007eff64fc6000
 GID: 00:00:00:00:00:00:00:00:00:00:255:255:10:01:02:01
 local address: LID 0000 QPN 0x0cbe PSN 0xc68fb1 RKey 0x074400 VAddr 0x007eff64fd6000
 GID: 00:00:00:00:00:00:00:00:00:00:255:255:10:01:02:01
 local address: LID 0000 QPN 0x0cbf PSN 0xb475a7 RKey 0x074400 VAddr 0x007eff64fe6000
 GID: 00:00:00:00:00:00:00:00:00:00:255:255:10:01:02:01
 local address: LID 0000 QPN 0x0cc0 PSN 0xde1c42 RKey 0x074400 VAddr 0x007eff64ff6000
 GID: 00:00:00:00:00:00:00:00:00:00:255:255:10:01:02:01
 local address: LID 0000 QPN 0x0cc1 PSN 0x8bba0a RKey 0x074400 VAddr 0x007eff65006000
 GID: 00:00:00:00:00:00:00:00:00:00:255:255:10:01:02:01
 local address: LID 0000 QPN 0x0cc2 PSN 0x28e38b RKey 0x074400 VAddr 0x007eff65016000
 GID: 00:00:00:00:00:00:00:00:00:00:255:255:10:01:02:01
 local address: LID 0000 QPN 0x0cc3 PSN 0x16b22f RKey 0x074400 VAddr 0x007eff65026000
 GID: 00:00:00:00:00:00:00:00:00:00:255:255:10:01:02:01
 local address: LID 0000 QPN 0x0cc4 PSN 0x851067 RKey 0x074400 VAddr 0x007eff65036000
 GID: 00:00:00:00:00:00:00:00:00:00:255:255:10:01:02:01
 local address: LID 0000 QPN 0x0cc5 PSN 0x16c187 RKey 0x074400 VAddr 0x007eff65046000
 GID: 00:00:00:00:00:00:00:00:00:00:255:255:10:01:02:01
 local address: LID 0000 QPN 0x0cc6 PSN 0xe61281 RKey 0x074400 VAddr 0x007eff65056000
 GID: 00:00:00:00:00:00:00:00:00:00:255:255:10:01:02:01
 local address: LID 0000 QPN 0x0cc7 PSN 0x909f83 RKey 0x074400 VAddr 0x007eff65066000
 GID: 00:00:00:00:00:00:00:00:00:00:255:255:10:01:02:01
 local address: LID 0000 QPN 0x0cc8 PSN 0x147da5 RKey 0x074400 VAddr 0x007eff65076000
 GID: 00:00:00:00:00:00:00:00:00:00:255:255:10:01:02:01
 local address: LID 0000 QPN 0x0cc9 PSN 0xcf1b06 RKey 0x074400 VAddr 0x007eff65086000
 GID: 00:00:00:00:00:00:00:00:00:00:255:255:10:01:02:01
 local address: LID 0000 QPN 0x0cca PSN 0x5fc237 RKey 0x074400 VAddr 0x007eff65096000
 GID: 00:00:00:00:00:00:00:00:00:00:255:255:10:01:02:01
 local address: LID 0000 QPN 0x0ccb PSN 0xf5ea42 RKey 0x074400 VAddr 0x007eff650a6000
 GID: 00:00:00:00:00:00:00:00:00:00:255:255:10:01:02:01
 local address: LID 0000 QPN 0x0ccc PSN 0x6d7773 RKey 0x074400 VAddr 0x007eff650b6000
 GID: 00:00:00:00:00:00:00:00:00:00:255:255:10:01:02:01
 local address: LID 0000 QPN 0x0ccd PSN 0xd57ccf RKey 0x074400 VAddr 0x007eff650c6000
 GID: 00:00:00:00:00:00:00:00:00:00:255:255:10:01:02:01
 local address: LID 0000 QPN 0x0cce PSN 0xcb5abf RKey 0x074400 VAddr 0x007eff650d6000
 GID: 00:00:00:00:00:00:00:00:00:00:255:255:10:01:02:01
 local address: LID 0000 QPN 0x0ccf PSN 0xaeebe4 RKey 0x074400 VAddr 0x007eff650e6000
 GID: 00:00:00:00:00:00:00:00:00:00:255:255:10:01:02:01
 local address: LID 0000 QPN 0x0cd0 PSN 0xe022e9 RKey 0x074400 VAddr 0x007eff650f6000
 GID: 00:00:00:00:00:00:00:00:00:00:255:255:10:01:02:01
 local address: LID 0000 QPN 0x0cd1 PSN 0x5207e1 RKey 0x074400 VAddr 0x007eff65106000
 GID: 00:00:00:00:00:00:00:00:00:00:255:255:10:01:02:01
 local address: LID 0000 QPN 0x0cd2 PSN 0xf8bae4 RKey 0x074400 VAddr 0x007eff65116000
 GID: 00:00:00:00:00:00:00:00:00:00:255:255:10:01:02:01
 local address: LID 0000 QPN 0x0cd3 PSN 0x85ea3d RKey 0x074400 VAddr 0x007eff65126000
 GID: 00:00:00:00:00:00:00:00:00:00:255:255:10:01:02:01
 local address: LID 0000 QPN 0x0cd4 PSN 0x768d18 RKey 0x074400 VAddr 0x007eff65136000
 GID: 00:00:00:00:00:00:00:00:00:00:255:255:10:01:02:01
 local address: LID 0000 QPN 0x0cd5 PSN 0xde6846 RKey 0x074400 VAddr 0x007eff65146000
 GID: 00:00:00:00:00:00:00:00:00:00:255:255:10:01:02:01
 local address: LID 0000 QPN 0x0cd6 PSN 0x23a715 RKey 0x074400 VAddr 0x007eff65156000
 GID: 00:00:00:00:00:00:00:00:00:00:255:255:10:01:02:01
 local address: LID 0000 QPN 0x0cd7 PSN 0x318d1e RKey 0x074400 VAddr 0x007eff65166000
 GID: 00:00:00:00:00:00:00:00:00:00:255:255:10:01:02:01
 local address: LID 0000 QPN 0x0cd8 PSN 0xf04d04 RKey 0x074400 VAddr 0x007eff65176000
 GID: 00:00:00:00:00:00:00:00:00:00:255:255:10:01:02:01
 local address: LID 0000 QPN 0x0cd9 PSN 0xa86882 RKey 0x074400 VAddr 0x007eff65186000
 GID: 00:00:00:00:00:00:00:00:00:00:255:255:10:01:02:01
 local address: LID 0000 QPN 0x0cda PSN 0x3cfce9 RKey 0x074400 VAddr 0x007eff65196000
 GID: 00:00:00:00:00:00:00:00:00:00:255:255:10:01:02:01
 local address: LID 0000 QPN 0x0cdb PSN 0x5cc1b RKey 0x074400 VAddr 0x007eff651a6000
 GID: 00:00:00:00:00:00:00:00:00:00:255:255:10:01:02:01
 local address: LID 0000 QPN 0x0cdc PSN 0x8c0b40 RKey 0x074400 VAddr 0x007eff651b6000
 GID: 00:00:00:00:00:00:00:00:00:00:255:255:10:01:02:01
 local address: LID 0000 QPN 0x0cdd PSN 0xd0a25 RKey 0x074400 VAddr 0x007eff651c6000
 GID: 00:00:00:00:00:00:00:00:00:00:255:255:10:01:02:01
 local address: LID 0000 QPN 0x0cde PSN 0x9f5553 RKey 0x074400 VAddr 0x007eff651d6000
 GID: 00:00:00:00:00:00:00:00:00:00:255:255:10:01:02:01
 local address: LID 0000 QPN 0x0cdf PSN 0x46b666 RKey 0x074400 VAddr 0x007eff651e6000
 GID: 00:00:00:00:00:00:00:00:00:00:255:255:10:01:02:01
 local address: LID 0000 QPN 0x0ce0 PSN 0x33a924 RKey 0x074400 VAddr 0x007eff651f6000
 GID: 00:00:00:00:00:00:00:00:00:00:255:255:10:01:02:01
 local address: LID 0000 QPN 0x0ce1 PSN 0x1b5580 RKey 0x074400 VAddr 0x007eff65206000
 GID: 00:00:00:00:00:00:00:00:00:00:255:255:10:01:02:01
 local address: LID 0000 QPN 0x0ce2 PSN 0x735f63 RKey 0x074400 VAddr 0x007eff65216000
 GID: 00:00:00:00:00:00:00:00:00:00:255:255:10:01:02:01
 local address: LID 0000 QPN 0x0ce3 PSN 0xac96da RKey 0x074400 VAddr 0x007eff65226000
 GID: 00:00:00:00:00:00:00:00:00:00:255:255:10:01:02:01
 local address: LID 0000 QPN 0x0ce4 PSN 0xf161ac RKey 0x074400 VAddr 0x007eff65236000
 GID: 00:00:00:00:00:00:00:00:00:00:255:255:10:01:02:01
 local address: LID 0000 QPN 0x0ce5 PSN 0xef3274 RKey 0x074400 VAddr 0x007eff65246000
 GID: 00:00:00:00:00:00:00:00:00:00:255:255:10:01:02:01
 local address: LID 0000 QPN 0x0ce6 PSN 0xc2ddb6 RKey 0x074400 VAddr 0x007eff65256000
 GID: 00:00:00:00:00:00:00:00:00:00:255:255:10:01:02:01
 local address: LID 0000 QPN 0x0ce7 PSN 0xdf1614 RKey 0x074400 VAddr 0x007eff65266000
 GID: 00:00:00:00:00:00:00:00:00:00:255:255:10:01:02:01
 local address: LID 0000 QPN 0x0ce8 PSN 0x5fddf0 RKey 0x074400 VAddr 0x007eff65276000
 GID: 00:00:00:00:00:00:00:00:00:00:255:255:10:01:02:01
 local address: LID 0000 QPN 0x0ce9 PSN 0x47bc66 RKey 0x074400 VAddr 0x007eff65286000
 GID: 00:00:00:00:00:00:00:00:00:00:255:255:10:01:02:01
 local address: LID 0000 QPN 0x0cea PSN 0xfdd07c RKey 0x074400 VAddr 0x007eff65296000
 GID: 00:00:00:00:00:00:00:00:00:00:255:255:10:01:02:01
 local address: LID 0000 QPN 0x0ceb PSN 0x251cbc RKey 0x074400 VAddr 0x007eff652a6000
 GID: 00:00:00:00:00:00:00:00:00:00:255:255:10:01:02:01
 local address: LID 0000 QPN 0x0cec PSN 0xacd73c RKey 0x074400 VAddr 0x007eff652b6000
 GID: 00:00:00:00:00:00:00:00:00:00:255:255:10:01:02:01
 local address: LID 0000 QPN 0x0ced PSN 0x41a34e RKey 0x074400 VAddr 0x007eff652c6000
 GID: 00:00:00:00:00:00:00:00:00:00:255:255:10:01:02:01
 local address: LID 0000 QPN 0x0cee PSN 0x23f624 RKey 0x074400 VAddr 0x007eff652d6000
 GID: 00:00:00:00:00:00:00:00:00:00:255:255:10:01:02:01
 local address: LID 0000 QPN 0x0cef PSN 0x6157e2 RKey 0x074400 VAddr 0x007eff652e6000
 GID: 00:00:00:00:00:00:00:00:00:00:255:255:10:01:02:01
 local address: LID 0000 QPN 0x0cf0 PSN 0x6580cb RKey 0x074400 VAddr 0x007eff652f6000
 GID: 00:00:00:00:00:00:00:00:00:00:255:255:10:01:02:01
 local address: LID 0000 QPN 0x0cf1 PSN 0xd54bef RKey 0x074400 VAddr 0x007eff65306000
 GID: 00:00:00:00:00:00:00:00:00:00:255:255:10:01:02:01
 local address: LID 0000 QPN 0x0cf2 PSN 0x7d6ca6 RKey 0x074400 VAddr 0x007eff65316000
 GID: 00:00:00:00:00:00:00:00:00:00:255:255:10:01:02:01
 local address: LID 0000 QPN 0x0cf3 PSN 0xcf6182 RKey 0x074400 VAddr 0x007eff65326000
 GID: 00:00:00:00:00:00:00:00:00:00:255:255:10:01:02:01
 local address: LID 0000 QPN 0x0cf4 PSN 0x3d9325 RKey 0x074400 VAddr 0x007eff65336000
 GID: 00:00:00:00:00:00:00:00:00:00:255:255:10:01:02:01
 local address: LID 0000 QPN 0x0cf5 PSN 0xc18121 RKey 0x074400 VAddr 0x007eff65346000
 GID: 00:00:00:00:00:00:00:00:00:00:255:255:10:01:02:01
 local address: LID 0000 QPN 0x0cf6 PSN 0x6fdd6c RKey 0x074400 VAddr 0x007eff65356000
 GID: 00:00:00:00:00:00:00:00:00:00:255:255:10:01:02:01
 local address: LID 0000 QPN 0x0cf7 PSN 0xf3af2a RKey 0x074400 VAddr 0x007eff65366000
 GID: 00:00:00:00:00:00:00:00:00:00:255:255:10:01:02:01
 local address: LID 0000 QPN 0x0cf8 PSN 0xf57312 RKey 0x074400 VAddr 0x007eff65376000
 GID: 00:00:00:00:00:00:00:00:00:00:255:255:10:01:02:01
 local address: LID 0000 QPN 0x0cf9 PSN 0x6a84a RKey 0x074400 VAddr 0x007eff65386000
 GID: 00:00:00:00:00:00:00:00:00:00:255:255:10:01:02:01
 local address: LID 0000 QPN 0x0cfa PSN 0x2a3dde RKey 0x074400 VAddr 0x007eff65396000
 GID: 00:00:00:00:00:00:00:00:00:00:255:255:10:01:02:01
 local address: LID 0000 QPN 0x0cfb PSN 0xf088b3 RKey 0x074400 VAddr 0x007eff653a6000
 GID: 00:00:00:00:00:00:00:00:00:00:255:255:10:01:02:01
 local address: LID 0000 QPN 0x0cfc PSN 0x118e39 RKey 0x074400 VAddr 0x007eff653b6000
 GID: 00:00:00:00:00:00:00:00:00:00:255:255:10:01:02:01
 local address: LID 0000 QPN 0x0cfd PSN 0x238aeb RKey 0x074400 VAddr 0x007eff653c6000
 GID: 00:00:00:00:00:00:00:00:00:00:255:255:10:01:02:01
 local address: LID 0000 QPN 0x0cfe PSN 0x37ce89 RKey 0x074400 VAddr 0x007eff653d6000
 GID: 00:00:00:00:00:00:00:00:00:00:255:255:10:01:02:01
 local address: LID 0000 QPN 0x0cff PSN 0x14692a RKey 0x074400 VAddr 0x007eff653e6000
 GID: 00:00:00:00:00:00:00:00:00:00:255:255:10:01:02:01
 local address: LID 0000 QPN 0x0d00 PSN 0xdca75a RKey 0x074400 VAddr 0x007eff653f6000
 GID: 00:00:00:00:00:00:00:00:00:00:255:255:10:01:02:01
 local address: LID 0000 QPN 0x0d01 PSN 0x3e756 RKey 0x074400 VAddr 0x007eff65406000
 GID: 00:00:00:00:00:00:00:00:00:00:255:255:10:01:02:01
 local address: LID 0000 QPN 0x0d02 PSN 0x2ba2eb RKey 0x074400 VAddr 0x007eff65416000
 GID: 00:00:00:00:00:00:00:00:00:00:255:255:10:01:02:01
 local address: LID 0000 QPN 0x0d03 PSN 0x1a4bd3 RKey 0x074400 VAddr 0x007eff65426000
 GID: 00:00:00:00:00:00:00:00:00:00:255:255:10:01:02:01
 local address: LID 0000 QPN 0x0d04 PSN 0xd06c25 RKey 0x074400 VAddr 0x007eff65436000
 GID: 00:00:00:00:00:00:00:00:00:00:255:255:10:01:02:01
 local address: LID 0000 QPN 0x0d05 PSN 0x221a7e RKey 0x074400 VAddr 0x007eff65446000
 GID: 00:00:00:00:00:00:00:00:00:00:255:255:10:01:02:01
 local address: LID 0000 QPN 0x0d06 PSN 0x209bdd RKey 0x074400 VAddr 0x007eff65456000
 GID: 00:00:00:00:00:00:00:00:00:00:255:255:10:01:02:01
 local address: LID 0000 QPN 0x0d07 PSN 0x5a8743 RKey 0x074400 VAddr 0x007eff65466000
 GID: 00:00:00:00:00:00:00:00:00:00:255:255:10:01:02:01
 local address: LID 0000 QPN 0x0d08 PSN 0x9b4eb5 RKey 0x074400 VAddr 0x007eff65476000
 GID: 00:00:00:00:00:00:00:00:00:00:255:255:10:01:02:01
 local address: LID 0000 QPN 0x0d09 PSN 0xe054e7 RKey 0x074400 VAddr 0x007eff65486000
 GID: 00:00:00:00:00:00:00:00:00:00:255:255:10:01:02:01
 local address: LID 0000 QPN 0x0d0a PSN 0x5e5e9d RKey 0x074400 VAddr 0x007eff65496000
 GID: 00:00:00:00:00:00:00:00:00:00:255:255:10:01:02:01
 local address: LID 0000 QPN 0x0d0b PSN 0x32f8ac RKey 0x074400 VAddr 0x007eff654a6000
 GID: 00:00:00:00:00:00:00:00:00:00:255:255:10:01:02:01
 local address: LID 0000 QPN 0x0d0c PSN 0x303cac RKey 0x074400 VAddr 0x007eff654b6000
 GID: 00:00:00:00:00:00:00:00:00:00:255:255:10:01:02:01
 local address: LID 0000 QPN 0x0d0d PSN 0xb2ecbc RKey 0x074400 VAddr 0x007eff654c6000
 GID: 00:00:00:00:00:00:00:00:00:00:255:255:10:01:02:01
 local address: LID 0000 QPN 0x0d0e PSN 0xb27277 RKey 0x074400 VAddr 0x007eff654d6000
 GID: 00:00:00:00:00:00:00:00:00:00:255:255:10:01:02:01
 local address: LID 0000 QPN 0x0d0f PSN 0x576136 RKey 0x074400 VAddr 0x007eff654e6000
 GID: 00:00:00:00:00:00:00:00:00:00:255:255:10:01:02:01
 local address: LID 0000 QPN 0x0d10 PSN 0x3c6deb RKey 0x074400 VAddr 0x007eff654f6000
 GID: 00:00:00:00:00:00:00:00:00:00:255:255:10:01:02:01
 local address: LID 0000 QPN 0x0d11 PSN 0x7c7eff RKey 0x074400 VAddr 0x007eff65506000
 GID: 00:00:00:00:00:00:00:00:00:00:255:255:10:01:02:01
 local address: LID 0000 QPN 0x0d12 PSN 0x954f10 RKey 0x074400 VAddr 0x007eff65516000
 GID: 00:00:00:00:00:00:00:00:00:00:255:255:10:01:02:01
 local address: LID 0000 QPN 0x0d13 PSN 0xa6f788 RKey 0x074400 VAddr 0x007eff65526000
 GID: 00:00:00:00:00:00:00:00:00:00:255:255:10:01:02:01
 local address: LID 0000 QPN 0x0d14 PSN 0xa924ee RKey 0x074400 VAddr 0x007eff65536000
 GID: 00:00:00:00:00:00:00:00:00:00:255:255:10:01:02:01
 local address: LID 0000 QPN 0x0d15 PSN 0x95b1da RKey 0x074400 VAddr 0x007eff65546000
 GID: 00:00:00:00:00:00:00:00:00:00:255:255:10:01:02:01
 local address: LID 0000 QPN 0x0d16 PSN 0xa5c54f RKey 0x074400 VAddr 0x007eff65556000
 GID: 00:00:00:00:00:00:00:00:00:00:255:255:10:01:02:01
 local address: LID 0000 QPN 0x0d17 PSN 0xb24f65 RKey 0x074400 VAddr 0x007eff65566000
 GID: 00:00:00:00:00:00:00:00:00:00:255:255:10:01:02:01
 local address: LID 0000 QPN 0x0d18 PSN 0x12dac3 RKey 0x074400 VAddr 0x007eff65576000
 GID: 00:00:00:00:00:00:00:00:00:00:255:255:10:01:02:01
 local address: LID 0000 QPN 0x0d19 PSN 0x858a15 RKey 0x074400 VAddr 0x007eff65586000
 GID: 00:00:00:00:00:00:00:00:00:00:255:255:10:01:02:01
 local address: LID 0000 QPN 0x0d1a PSN 0x1cce9 RKey 0x074400 VAddr 0x007eff65596000
 GID: 00:00:00:00:00:00:00:00:00:00:255:255:10:01:02:01
 local address: LID 0000 QPN 0x0d1b PSN 0x6cd973 RKey 0x074400 VAddr 0x007eff655a6000
 GID: 00:00:00:00:00:00:00:00:00:00:255:255:10:01:02:01
 local address: LID 0000 QPN 0x0d1c PSN 0xfcf0a5 RKey 0x074400 VAddr 0x007eff655b6000
 GID: 00:00:00:00:00:00:00:00:00:00:255:255:10:01:02:01
 local address: LID 0000 QPN 0x0d1d PSN 0x8c65a1 RKey 0x074400 VAddr 0x007eff655c6000
 GID: 00:00:00:00:00:00:00:00:00:00:255:255:10:01:02:01
 local address: LID 0000 QPN 0x0d1e PSN 0x2a6087 RKey 0x074400 VAddr 0x007eff655d6000
 GID: 00:00:00:00:00:00:00:00:00:00:255:255:10:01:02:01
 local address: LID 0000 QPN 0x0d1f PSN 0xb75d18 RKey 0x074400 VAddr 0x007eff655e6000
 GID: 00:00:00:00:00:00:00:00:00:00:255:255:10:01:02:01
 local address: LID 0000 QPN 0x0d20 PSN 0xa0a139 RKey 0x074400 VAddr 0x007eff655f6000
 GID: 00:00:00:00:00:00:00:00:00:00:255:255:10:01:02:01
 local address: LID 0000 QPN 0x0d21 PSN 0xf2cd51 RKey 0x074400 VAddr 0x007eff65606000
 GID: 00:00:00:00:00:00:00:00:00:00:255:255:10:01:02:01
 local address: LID 0000 QPN 0x0d22 PSN 0x10b295 RKey 0x074400 VAddr 0x007eff65616000
 GID: 00:00:00:00:00:00:00:00:00:00:255:255:10:01:02:01
 local address: LID 0000 QPN 0x0d23 PSN 0xa4ee7d RKey 0x074400 VAddr 0x007eff65626000
 GID: 00:00:00:00:00:00:00:00:00:00:255:255:10:01:02:01
 local address: LID 0000 QPN 0x0d24 PSN 0x278b64 RKey 0x074400 VAddr 0x007eff65636000
 GID: 00:00:00:00:00:00:00:00:00:00:255:255:10:01:02:01
 local address: LID 0000 QPN 0x0d25 PSN 0xae6fa8 RKey 0x074400 VAddr 0x007eff65646000
 GID: 00:00:00:00:00:00:00:00:00:00:255:255:10:01:02:01
 local address: LID 0000 QPN 0x0d26 PSN 0x45a4a9 RKey 0x074400 VAddr 0x007eff65656000
 GID: 00:00:00:00:00:00:00:00:00:00:255:255:10:01:02:01
 local address: LID 0000 QPN 0x0d27 PSN 0xb202b4 RKey 0x074400 VAddr 0x007eff65666000
 GID: 00:00:00:00:00:00:00:00:00:00:255:255:10:01:02:01
 local address: LID 0000 QPN 0x0d28 PSN 0x8dd0c7 RKey 0x074400 VAddr 0x007eff65676000
 GID: 00:00:00:00:00:00:00:00:00:00:255:255:10:01:02:01
 local address: LID 0000 QPN 0x0d29 PSN 0x82b6cd RKey 0x074400 VAddr 0x007eff65686000
 GID: 00:00:00:00:00:00:00:00:00:00:255:255:10:01:02:01
 local address: LID 0000 QPN 0x0d2a PSN 0xa90b8e RKey 0x074400 VAddr 0x007eff65696000
 GID: 00:00:00:00:00:00:00:00:00:00:255:255:10:01:02:01
 local address: LID 0000 QPN 0x0d2b PSN 0xbd63f6 RKey 0x074400 VAddr 0x007eff656a6000
 GID: 00:00:00:00:00:00:00:00:00:00:255:255:10:01:02:01
 local address: LID 0000 QPN 0x0d2c PSN 0xed61d8 RKey 0x074400 VAddr 0x007eff656b6000
 GID: 00:00:00:00:00:00:00:00:00:00:255:255:10:01:02:01
 local address: LID 0000 QPN 0x0d2d PSN 0x678b9b RKey 0x074400 VAddr 0x007eff656c6000
 GID: 00:00:00:00:00:00:00:00:00:00:255:255:10:01:02:01
 local address: LID 0000 QPN 0x0d2e PSN 0x4e9ed RKey 0x074400 VAddr 0x007eff656d6000
 GID: 00:00:00:00:00:00:00:00:00:00:255:255:10:01:02:01
 local address: LID 0000 QPN 0x0d2f PSN 0x8ce805 RKey 0x074400 VAddr 0x007eff656e6000
 GID: 00:00:00:00:00:00:00:00:00:00:255:255:10:01:02:01
 local address: LID 0000 QPN 0x0d30 PSN 0x33b19e RKey 0x074400 VAddr 0x007eff656f6000
 GID: 00:00:00:00:00:00:00:00:00:00:255:255:10:01:02:01
 local address: LID 0000 QPN 0x0d31 PSN 0xd7f7d5 RKey 0x074400 VAddr 0x007eff65706000
 GID: 00:00:00:00:00:00:00:00:00:00:255:255:10:01:02:01
 local address: LID 0000 QPN 0x0d32 PSN 0x596b97 RKey 0x074400 VAddr 0x007eff65716000
 GID: 00:00:00:00:00:00:00:00:00:00:255:255:10:01:02:01
 local address: LID 0000 QPN 0x0d33 PSN 0x23eab0 RKey 0x074400 VAddr 0x007eff65726000
 GID: 00:00:00:00:00:00:00:00:00:00:255:255:10:01:02:01
 local address: LID 0000 QPN 0x0d34 PSN 0xdcab09 RKey 0x074400 VAddr 0x007eff65736000
 GID: 00:00:00:00:00:00:00:00:00:00:255:255:10:01:02:01
 local address: LID 0000 QPN 0x0d35 PSN 0xd37977 RKey 0x074400 VAddr 0x007eff65746000
 GID: 00:00:00:00:00:00:00:00:00:00:255:255:10:01:02:01
 local address: LID 0000 QPN 0x0d36 PSN 0xe10b71 RKey 0x074400 VAddr 0x007eff65756000
 GID: 00:00:00:00:00:00:00:00:00:00:255:255:10:01:02:01
 local address: LID 0000 QPN 0x0d37 PSN 0x4fae75 RKey 0x074400 VAddr 0x007eff65766000
 GID: 00:00:00:00:00:00:00:00:00:00:255:255:10:01:02:01
 local address: LID 0000 QPN 0x0d38 PSN 0xe161eb RKey 0x074400 VAddr 0x007eff65776000
 GID: 00:00:00:00:00:00:00:00:00:00:255:255:10:01:02:01
 local address: LID 0000 QPN 0x0d39 PSN 0xf7f927 RKey 0x074400 VAddr 0x007eff65786000
 GID: 00:00:00:00:00:00:00:00:00:00:255:255:10:01:02:01
 local address: LID 0000 QPN 0x0d3a PSN 0xa0edfd RKey 0x074400 VAddr 0x007eff65796000
 GID: 00:00:00:00:00:00:00:00:00:00:255:255:10:01:02:01
 local address: LID 0000 QPN 0x0d3b PSN 0xade540 RKey 0x074400 VAddr 0x007eff657a6000
 GID: 00:00:00:00:00:00:00:00:00:00:255:255:10:01:02:01
 local address: LID 0000 QPN 0x0d3c PSN 0x369997 RKey 0x074400 VAddr 0x007eff657b6000
 GID: 00:00:00:00:00:00:00:00:00:00:255:255:10:01:02:01
 local address: LID 0000 QPN 0x0d3d PSN 0x4775ca RKey 0x074400 VAddr 0x007eff657c6000
 GID: 00:00:00:00:00:00:00:00:00:00:255:255:10:01:02:01
 local address: LID 0000 QPN 0x0d3e PSN 0x501a81 RKey 0x074400 VAddr 0x007eff657d6000
 GID: 00:00:00:00:00:00:00:00:00:00:255:255:10:01:02:01
 local address: LID 0000 QPN 0x0d3f PSN 0x33c352 RKey 0x074400 VAddr 0x007eff657e6000
 GID: 00:00:00:00:00:00:00:00:00:00:255:255:10:01:02:01
 local address: LID 0000 QPN 0x0d40 PSN 0x9edb15 RKey 0x074400 VAddr 0x007eff657f6000
 GID: 00:00:00:00:00:00:00:00:00:00:255:255:10:01:02:01
 local address: LID 0000 QPN 0x0d41 PSN 0xb9733 RKey 0x074400 VAddr 0x007eff65806000
 GID: 00:00:00:00:00:00:00:00:00:00:255:255:10:01:02:01
 local address: LID 0000 QPN 0x0d42 PSN 0x20dcd6 RKey 0x074400 VAddr 0x007eff65816000
 GID: 00:00:00:00:00:00:00:00:00:00:255:255:10:01:02:01
 local address: LID 0000 QPN 0x0d43 PSN 0x1e3d RKey 0x074400 VAddr 0x007eff65826000
 GID: 00:00:00:00:00:00:00:00:00:00:255:255:10:01:02:01
 local address: LID 0000 QPN 0x0d44 PSN 0xd574fe RKey 0x074400 VAddr 0x007eff65836000
 GID: 00:00:00:00:00:00:00:00:00:00:255:255:10:01:02:01
 local address: LID 0000 QPN 0x0d45 PSN 0xfa79f7 RKey 0x074400 VAddr 0x007eff65846000
 GID: 00:00:00:00:00:00:00:00:00:00:255:255:10:01:02:01
 remote address: LID 0000 QPN 0x094f PSN 0x5d90ee RKey 0x074400 VAddr 0x007f198fbfc000
 GID: 00:00:00:00:00:00:00:00:00:00:255:255:10:01:02:02
 remote address: LID 0000 QPN 0x0950 PSN 0x3bf340 RKey 0x074400 VAddr 0x007f198fc0c000
 GID: 00:00:00:00:00:00:00:00:00:00:255:255:10:01:02:02
 remote address: LID 0000 QPN 0x0951 PSN 0x83938a RKey 0x074400 VAddr 0x007f198fc1c000
 GID: 00:00:00:00:00:00:00:00:00:00:255:255:10:01:02:02
 remote address: LID 0000 QPN 0x0952 PSN 0xf26d11 RKey 0x074400 VAddr 0x007f198fc2c000
 GID: 00:00:00:00:00:00:00:00:00:00:255:255:10:01:02:02
 remote address: LID 0000 QPN 0x0953 PSN 0x536c50 RKey 0x074400 VAddr 0x007f198fc3c000
 GID: 00:00:00:00:00:00:00:00:00:00:255:255:10:01:02:02
 remote address: LID 0000 QPN 0x0954 PSN 0x2d5372 RKey 0x074400 VAddr 0x007f198fc4c000
 GID: 00:00:00:00:00:00:00:00:00:00:255:255:10:01:02:02
 remote address: LID 0000 QPN 0x0955 PSN 0x46b4e9 RKey 0x074400 VAddr 0x007f198fc5c000
 GID: 00:00:00:00:00:00:00:00:00:00:255:255:10:01:02:02
 remote address: LID 0000 QPN 0x0956 PSN 0x35992e RKey 0x074400 VAddr 0x007f198fc6c000
 GID: 00:00:00:00:00:00:00:00:00:00:255:255:10:01:02:02
 remote address: LID 0000 QPN 0x0957 PSN 0xa8663a RKey 0x074400 VAddr 0x007f198fc7c000
 GID: 00:00:00:00:00:00:00:00:00:00:255:255:10:01:02:02
 remote address: LID 0000 QPN 0x0958 PSN 0xca2034 RKey 0x074400 VAddr 0x007f198fc8c000
 GID: 00:00:00:00:00:00:00:00:00:00:255:255:10:01:02:02
 remote address: LID 0000 QPN 0x0959 PSN 0xffa3c8 RKey 0x074400 VAddr 0x007f198fc9c000
 GID: 00:00:00:00:00:00:00:00:00:00:255:255:10:01:02:02
 remote address: LID 0000 QPN 0x095a PSN 0x992cbb RKey 0x074400 VAddr 0x007f198fcac000
 GID: 00:00:00:00:00:00:00:00:00:00:255:255:10:01:02:02
 remote address: LID 0000 QPN 0x095b PSN 0xd4fb8b RKey 0x074400 VAddr 0x007f198fcbc000
 GID: 00:00:00:00:00:00:00:00:00:00:255:255:10:01:02:02
 remote address: LID 0000 QPN 0x095c PSN 0x1de5dc RKey 0x074400 VAddr 0x007f198fccc000
 GID: 00:00:00:00:00:00:00:00:00:00:255:255:10:01:02:02
 remote address: LID 0000 QPN 0x095d PSN 0x8e0b6a RKey 0x074400 VAddr 0x007f198fcdc000
 GID: 00:00:00:00:00:00:00:00:00:00:255:255:10:01:02:02
 remote address: LID 0000 QPN 0x095e PSN 0xbde7e6 RKey 0x074400 VAddr 0x007f198fcec000
 GID: 00:00:00:00:00:00:00:00:00:00:255:255:10:01:02:02
 remote address: LID 0000 QPN 0x095f PSN 0x60dc03 RKey 0x074400 VAddr 0x007f198fcfc000
 GID: 00:00:00:00:00:00:00:00:00:00:255:255:10:01:02:02
 remote address: LID 0000 QPN 0x0960 PSN 0xff701 RKey 0x074400 VAddr 0x007f198fd0c000
 GID: 00:00:00:00:00:00:00:00:00:00:255:255:10:01:02:02
 remote address: LID 0000 QPN 0x0961 PSN 0x865048 RKey 0x074400 VAddr 0x007f198fd1c000
 GID: 00:00:00:00:00:00:00:00:00:00:255:255:10:01:02:02
 remote address: LID 0000 QPN 0x0962 PSN 0xf34795 RKey 0x074400 VAddr 0x007f198fd2c000
 GID: 00:00:00:00:00:00:00:00:00:00:255:255:10:01:02:02
 remote address: LID 0000 QPN 0x0963 PSN 0xbb1d2 RKey 0x074400 VAddr 0x007f198fd3c000
 GID: 00:00:00:00:00:00:00:00:00:00:255:255:10:01:02:02
 remote address: LID 0000 QPN 0x0964 PSN 0x3e5e39 RKey 0x074400 VAddr 0x007f198fd4c000
 GID: 00:00:00:00:00:00:00:00:00:00:255:255:10:01:02:02
 remote address: LID 0000 QPN 0x0965 PSN 0x76cba9 RKey 0x074400 VAddr 0x007f198fd5c000
 GID: 00:00:00:00:00:00:00:00:00:00:255:255:10:01:02:02
 remote address: LID 0000 QPN 0x0966 PSN 0x3641fd RKey 0x074400 VAddr 0x007f198fd6c000
 GID: 00:00:00:00:00:00:00:00:00:00:255:255:10:01:02:02
 remote address: LID 0000 QPN 0x0967 PSN 0x4697ba RKey 0x074400 VAddr 0x007f198fd7c000
 GID: 00:00:00:00:00:00:00:00:00:00:255:255:10:01:02:02
 remote address: LID 0000 QPN 0x0968 PSN 0x96e9fd RKey 0x074400 VAddr 0x007f198fd8c000
 GID: 00:00:00:00:00:00:00:00:00:00:255:255:10:01:02:02
 remote address: LID 0000 QPN 0x0969 PSN 0x16e6da RKey 0x074400 VAddr 0x007f198fd9c000
 GID: 00:00:00:00:00:00:00:00:00:00:255:255:10:01:02:02
 remote address: LID 0000 QPN 0x096a PSN 0x2dfa54 RKey 0x074400 VAddr 0x007f198fdac000
 GID: 00:00:00:00:00:00:00:00:00:00:255:255:10:01:02:02
 remote address: LID 0000 QPN 0x096b PSN 0x5687e3 RKey 0x074400 VAddr 0x007f198fdbc000
 GID: 00:00:00:00:00:00:00:00:00:00:255:255:10:01:02:02
 remote address: LID 0000 QPN 0x096c PSN 0xc1d4a9 RKey 0x074400 VAddr 0x007f198fdcc000
 GID: 00:00:00:00:00:00:00:00:00:00:255:255:10:01:02:02
 remote address: LID 0000 QPN 0x096d PSN 0x7a700b RKey 0x074400 VAddr 0x007f198fddc000
 GID: 00:00:00:00:00:00:00:00:00:00:255:255:10:01:02:02
 remote address: LID 0000 QPN 0x096e PSN 0x3abd9e RKey 0x074400 VAddr 0x007f198fdec000
 GID: 00:00:00:00:00:00:00:00:00:00:255:255:10:01:02:02
 remote address: LID 0000 QPN 0x096f PSN 0x72ad3b RKey 0x074400 VAddr 0x007f198fdfc000
 GID: 00:00:00:00:00:00:00:00:00:00:255:255:10:01:02:02
 remote address: LID 0000 QPN 0x0970 PSN 0xe7aaa0 RKey 0x074400 VAddr 0x007f198fe0c000
 GID: 00:00:00:00:00:00:00:00:00:00:255:255:10:01:02:02
 remote address: LID 0000 QPN 0x0971 PSN 0x6f22c6 RKey 0x074400 VAddr 0x007f198fe1c000
 GID: 00:00:00:00:00:00:00:00:00:00:255:255:10:01:02:02
 remote address: LID 0000 QPN 0x0972 PSN 0x5ebaa4 RKey 0x074400 VAddr 0x007f198fe2c000
 GID: 00:00:00:00:00:00:00:00:00:00:255:255:10:01:02:02
 remote address: LID 0000 QPN 0x0973 PSN 0x362187 RKey 0x074400 VAddr 0x007f198fe3c000
 GID: 00:00:00:00:00:00:00:00:00:00:255:255:10:01:02:02
 remote address: LID 0000 QPN 0x0974 PSN 0x14308d RKey 0x074400 VAddr 0x007f198fe4c000
 GID: 00:00:00:00:00:00:00:00:00:00:255:255:10:01:02:02
 remote address: LID 0000 QPN 0x0975 PSN 0x4ffe0c RKey 0x074400 VAddr 0x007f198fe5c000
 GID: 00:00:00:00:00:00:00:00:00:00:255:255:10:01:02:02
 remote address: LID 0000 QPN 0x0976 PSN 0x8d0704 RKey 0x074400 VAddr 0x007f198fe6c000
 GID: 00:00:00:00:00:00:00:00:00:00:255:255:10:01:02:02
 remote address: LID 0000 QPN 0x0977 PSN 0x6b420b RKey 0x074400 VAddr 0x007f198fe7c000
 GID: 00:00:00:00:00:00:00:00:00:00:255:255:10:01:02:02
 remote address: LID 0000 QPN 0x0978 PSN 0x922bc4 RKey 0x074400 VAddr 0x007f198fe8c000
 GID: 00:00:00:00:00:00:00:00:00:00:255:255:10:01:02:02
 remote address: LID 0000 QPN 0x0979 PSN 0x79a20e RKey 0x074400 VAddr 0x007f198fe9c000
 GID: 00:00:00:00:00:00:00:00:00:00:255:255:10:01:02:02
 remote address: LID 0000 QPN 0x097a PSN 0xe2a361 RKey 0x074400 VAddr 0x007f198feac000
 GID: 00:00:00:00:00:00:00:00:00:00:255:255:10:01:02:02
 remote address: LID 0000 QPN 0x097b PSN 0x2f64d2 RKey 0x074400 VAddr 0x007f198febc000
 GID: 00:00:00:00:00:00:00:00:00:00:255:255:10:01:02:02
 remote address: LID 0000 QPN 0x097c PSN 0x380ec6 RKey 0x074400 VAddr 0x007f198fecc000
 GID: 00:00:00:00:00:00:00:00:00:00:255:255:10:01:02:02
 remote address: LID 0000 QPN 0x097d PSN 0xc48f85 RKey 0x074400 VAddr 0x007f198fedc000
 GID: 00:00:00:00:00:00:00:00:00:00:255:255:10:01:02:02
 remote address: LID 0000 QPN 0x097e PSN 0x9650ba RKey 0x074400 VAddr 0x007f198feec000
 GID: 00:00:00:00:00:00:00:00:00:00:255:255:10:01:02:02
 remote address: LID 0000 QPN 0x097f PSN 0x50589b RKey 0x074400 VAddr 0x007f198fefc000
 GID: 00:00:00:00:00:00:00:00:00:00:255:255:10:01:02:02
 remote address: LID 0000 QPN 0x0980 PSN 0xdbabe3 RKey 0x074400 VAddr 0x007f198ff0c000
 GID: 00:00:00:00:00:00:00:00:00:00:255:255:10:01:02:02
 remote address: LID 0000 QPN 0x0981 PSN 0x9dc2ae RKey 0x074400 VAddr 0x007f198ff1c000
 GID: 00:00:00:00:00:00:00:00:00:00:255:255:10:01:02:02
 remote address: LID 0000 QPN 0x0982 PSN 0x2728d9 RKey 0x074400 VAddr 0x007f198ff2c000
 GID: 00:00:00:00:00:00:00:00:00:00:255:255:10:01:02:02
 remote address: LID 0000 QPN 0x0983 PSN 0x31b960 RKey 0x074400 VAddr 0x007f198ff3c000
 GID: 00:00:00:00:00:00:00:00:00:00:255:255:10:01:02:02
 remote address: LID 0000 QPN 0x0984 PSN 0x232ffa RKey 0x074400 VAddr 0x007f198ff4c000
 GID: 00:00:00:00:00:00:00:00:00:00:255:255:10:01:02:02
 remote address: LID 0000 QPN 0x0985 PSN 0x23c3e6 RKey 0x074400 VAddr 0x007f198ff5c000
 GID: 00:00:00:00:00:00:00:00:00:00:255:255:10:01:02:02
 remote address: LID 0000 QPN 0x0986 PSN 0x9f0be2 RKey 0x074400 VAddr 0x007f198ff6c000
 GID: 00:00:00:00:00:00:00:00:00:00:255:255:10:01:02:02
 remote address: LID 0000 QPN 0x0987 PSN 0x1ec384 RKey 0x074400 VAddr 0x007f198ff7c000
 GID: 00:00:00:00:00:00:00:00:00:00:255:255:10:01:02:02
 remote address: LID 0000 QPN 0x0988 PSN 0xcbc75c RKey 0x074400 VAddr 0x007f198ff8c000
 GID: 00:00:00:00:00:00:00:00:00:00:255:255:10:01:02:02
 remote address: LID 0000 QPN 0x0989 PSN 0xb5e7dd RKey 0x074400 VAddr 0x007f198ff9c000
 GID: 00:00:00:00:00:00:00:00:00:00:255:255:10:01:02:02
 remote address: LID 0000 QPN 0x098a PSN 0xbd150b RKey 0x074400 VAddr 0x007f198ffac000
 GID: 00:00:00:00:00:00:00:00:00:00:255:255:10:01:02:02
 remote address: LID 0000 QPN 0x098b PSN 0x4def98 RKey 0x074400 VAddr 0x007f198ffbc000
 GID: 00:00:00:00:00:00:00:00:00:00:255:255:10:01:02:02
 remote address: LID 0000 QPN 0x098c PSN 0x626ecf RKey 0x074400 VAddr 0x007f198ffcc000
 GID: 00:00:00:00:00:00:00:00:00:00:255:255:10:01:02:02
 remote address: LID 0000 QPN 0x098d PSN 0x45197a RKey 0x074400 VAddr 0x007f198ffdc000
 GID: 00:00:00:00:00:00:00:00:00:00:255:255:10:01:02:02
 remote address: LID 0000 QPN 0x098e PSN 0xad686a RKey 0x074400 VAddr 0x007f198ffec000
 GID: 00:00:00:00:00:00:00:00:00:00:255:255:10:01:02:02
 remote address: LID 0000 QPN 0x098f PSN 0xa640ca RKey 0x074400 VAddr 0x007f198fffc000
 GID: 00:00:00:00:00:00:00:00:00:00:255:255:10:01:02:02
 remote address: LID 0000 QPN 0x0990 PSN 0x7192ae RKey 0x074400 VAddr 0x007f199000c000
 GID: 00:00:00:00:00:00:00:00:00:00:255:255:10:01:02:02
 remote address: LID 0000 QPN 0x0991 PSN 0x11274b RKey 0x074400 VAddr 0x007f199001c000
 GID: 00:00:00:00:00:00:00:00:00:00:255:255:10:01:02:02
 remote address: LID 0000 QPN 0x0992 PSN 0xb6cbe9 RKey 0x074400 VAddr 0x007f199002c000
 GID: 00:00:00:00:00:00:00:00:00:00:255:255:10:01:02:02
 remote address: LID 0000 QPN 0x0993 PSN 0x2acfea RKey 0x074400 VAddr 0x007f199003c000
 GID: 00:00:00:00:00:00:00:00:00:00:255:255:10:01:02:02
 remote address: LID 0000 QPN 0x0994 PSN 0x6e3e2e RKey 0x074400 VAddr 0x007f199004c000
 GID: 00:00:00:00:00:00:00:00:00:00:255:255:10:01:02:02
 remote address: LID 0000 QPN 0x0995 PSN 0xf32ea7 RKey 0x074400 VAddr 0x007f199005c000
 GID: 00:00:00:00:00:00:00:00:00:00:255:255:10:01:02:02
 remote address: LID 0000 QPN 0x0996 PSN 0x1b9d57 RKey 0x074400 VAddr 0x007f199006c000
 GID: 00:00:00:00:00:00:00:00:00:00:255:255:10:01:02:02
 remote address: LID 0000 QPN 0x0997 PSN 0x6fbd1a RKey 0x074400 VAddr 0x007f199007c000
 GID: 00:00:00:00:00:00:00:00:00:00:255:255:10:01:02:02
 remote address: LID 0000 QPN 0x0998 PSN 0x59bcbb RKey 0x074400 VAddr 0x007f199008c000
 GID: 00:00:00:00:00:00:00:00:00:00:255:255:10:01:02:02
 remote address: LID 0000 QPN 0x0999 PSN 0x855e63 RKey 0x074400 VAddr 0x007f199009c000
 GID: 00:00:00:00:00:00:00:00:00:00:255:255:10:01:02:02
 remote address: LID 0000 QPN 0x099a PSN 0x72d799 RKey 0x074400 VAddr 0x007f19900ac000
 GID: 00:00:00:00:00:00:00:00:00:00:255:255:10:01:02:02
 remote address: LID 0000 QPN 0x099b PSN 0x445212 RKey 0x074400 VAddr 0x007f19900bc000
 GID: 00:00:00:00:00:00:00:00:00:00:255:255:10:01:02:02
 remote address: LID 0000 QPN 0x099c PSN 0x38af81 RKey 0x074400 VAddr 0x007f19900cc000
 GID: 00:00:00:00:00:00:00:00:00:00:255:255:10:01:02:02
 remote address: LID 0000 QPN 0x099d PSN 0x1eb2d RKey 0x074400 VAddr 0x007f19900dc000
 GID: 00:00:00:00:00:00:00:00:00:00:255:255:10:01:02:02
 remote address: LID 0000 QPN 0x099e PSN 0x16f8fe RKey 0x074400 VAddr 0x007f19900ec000
 GID: 00:00:00:00:00:00:00:00:00:00:255:255:10:01:02:02
 remote address: LID 0000 QPN 0x099f PSN 0x70bf0d RKey 0x074400 VAddr 0x007f19900fc000
 GID: 00:00:00:00:00:00:00:00:00:00:255:255:10:01:02:02
 remote address: LID 0000 QPN 0x09a0 PSN 0x4eb906 RKey 0x074400 VAddr 0x007f199010c000
 GID: 00:00:00:00:00:00:00:00:00:00:255:255:10:01:02:02
 remote address: LID 0000 QPN 0x09a1 PSN 0x36af88 RKey 0x074400 VAddr 0x007f199011c000
 GID: 00:00:00:00:00:00:00:00:00:00:255:255:10:01:02:02
 remote address: LID 0000 QPN 0x09a2 PSN 0x13bcb0 RKey 0x074400 VAddr 0x007f199012c000
 GID: 00:00:00:00:00:00:00:00:00:00:255:255:10:01:02:02
 remote address: LID 0000 QPN 0x09a3 PSN 0xa27c54 RKey 0x074400 VAddr 0x007f199013c000
 GID: 00:00:00:00:00:00:00:00:00:00:255:255:10:01:02:02
 remote address: LID 0000 QPN 0x09a4 PSN 0x9e00f4 RKey 0x074400 VAddr 0x007f199014c000
 GID: 00:00:00:00:00:00:00:00:00:00:255:255:10:01:02:02
 remote address: LID 0000 QPN 0x09a5 PSN 0x89164 RKey 0x074400 VAddr 0x007f199015c000
 GID: 00:00:00:00:00:00:00:00:00:00:255:255:10:01:02:02
 remote address: LID 0000 QPN 0x09a6 PSN 0x58b945 RKey 0x074400 VAddr 0x007f199016c000
 GID: 00:00:00:00:00:00:00:00:00:00:255:255:10:01:02:02
 remote address: LID 0000 QPN 0x09a7 PSN 0x8fa65 RKey 0x074400 VAddr 0x007f199017c000
 GID: 00:00:00:00:00:00:00:00:00:00:255:255:10:01:02:02
 remote address: LID 0000 QPN 0x09a8 PSN 0x9bf1f5 RKey 0x074400 VAddr 0x007f199018c000
 GID: 00:00:00:00:00:00:00:00:00:00:255:255:10:01:02:02
 remote address: LID 0000 QPN 0x09a9 PSN 0x596759 RKey 0x074400 VAddr 0x007f199019c000
 GID: 00:00:00:00:00:00:00:00:00:00:255:255:10:01:02:02
 remote address: LID 0000 QPN 0x09aa PSN 0x61675 RKey 0x074400 VAddr 0x007f19901ac000
 GID: 00:00:00:00:00:00:00:00:00:00:255:255:10:01:02:02
 remote address: LID 0000 QPN 0x09ab PSN 0x54eac0 RKey 0x074400 VAddr 0x007f19901bc000
 GID: 00:00:00:00:00:00:00:00:00:00:255:255:10:01:02:02
 remote address: LID 0000 QPN 0x09ac PSN 0x80b3b7 RKey 0x074400 VAddr 0x007f19901cc000
 GID: 00:00:00:00:00:00:00:00:00:00:255:255:10:01:02:02
 remote address: LID 0000 QPN 0x09ad PSN 0x54b780 RKey 0x074400 VAddr 0x007f19901dc000
 GID: 00:00:00:00:00:00:00:00:00:00:255:255:10:01:02:02
 remote address: LID 0000 QPN 0x09ae PSN 0x89abe7 RKey 0x074400 VAddr 0x007f19901ec000
 GID: 00:00:00:00:00:00:00:00:00:00:255:255:10:01:02:02
 remote address: LID 0000 QPN 0x09af PSN 0x670b4d RKey 0x074400 VAddr 0x007f19901fc000
 GID: 00:00:00:00:00:00:00:00:00:00:255:255:10:01:02:02
 remote address: LID 0000 QPN 0x09b0 PSN 0x2d030f RKey 0x074400 VAddr 0x007f199020c000
 GID: 00:00:00:00:00:00:00:00:00:00:255:255:10:01:02:02
 remote address: LID 0000 QPN 0x09b1 PSN 0xd349ee RKey 0x074400 VAddr 0x007f199021c000
 GID: 00:00:00:00:00:00:00:00:00:00:255:255:10:01:02:02
 remote address: LID 0000 QPN 0x09b2 PSN 0x15fb24 RKey 0x074400 VAddr 0x007f199022c000
 GID: 00:00:00:00:00:00:00:00:00:00:255:255:10:01:02:02
 remote address: LID 0000 QPN 0x09b3 PSN 0x9ffe6d RKey 0x074400 VAddr 0x007f199023c000
 GID: 00:00:00:00:00:00:00:00:00:00:255:255:10:01:02:02
 remote address: LID 0000 QPN 0x09b4 PSN 0x7a2a39 RKey 0x074400 VAddr 0x007f199024c000
 GID: 00:00:00:00:00:00:00:00:00:00:255:255:10:01:02:02
 remote address: LID 0000 QPN 0x09b5 PSN 0x4b28ce RKey 0x074400 VAddr 0x007f199025c000
 GID: 00:00:00:00:00:00:00:00:00:00:255:255:10:01:02:02
 remote address: LID 0000 QPN 0x09b6 PSN 0xe196ad RKey 0x074400 VAddr 0x007f199026c000
 GID: 00:00:00:00:00:00:00:00:00:00:255:255:10:01:02:02
 remote address: LID 0000 QPN 0x09b7 PSN 0x11599b RKey 0x074400 VAddr 0x007f199027c000
 GID: 00:00:00:00:00:00:00:00:00:00:255:255:10:01:02:02
 remote address: LID 0000 QPN 0x09b8 PSN 0x1fb3d RKey 0x074400 VAddr 0x007f199028c000
 GID: 00:00:00:00:00:00:00:00:00:00:255:255:10:01:02:02
 remote address: LID 0000 QPN 0x09b9 PSN 0x41481a RKey 0x074400 VAddr 0x007f199029c000
 GID: 00:00:00:00:00:00:00:00:00:00:255:255:10:01:02:02
 remote address: LID 0000 QPN 0x09ba PSN 0xb4a827 RKey 0x074400 VAddr 0x007f19902ac000
 GID: 00:00:00:00:00:00:00:00:00:00:255:255:10:01:02:02
 remote address: LID 0000 QPN 0x09bb PSN 0x68b4bf RKey 0x074400 VAddr 0x007f19902bc000
 GID: 00:00:00:00:00:00:00:00:00:00:255:255:10:01:02:02
 remote address: LID 0000 QPN 0x09bc PSN 0x28ce6e RKey 0x074400 VAddr 0x007f19902cc000
 GID: 00:00:00:00:00:00:00:00:00:00:255:255:10:01:02:02
 remote address: LID 0000 QPN 0x09bd PSN 0xbaef6 RKey 0x074400 VAddr 0x007f19902dc000
 GID: 00:00:00:00:00:00:00:00:00:00:255:255:10:01:02:02
 remote address: LID 0000 QPN 0x09be PSN 0xb367b4 RKey 0x074400 VAddr 0x007f19902ec000
 GID: 00:00:00:00:00:00:00:00:00:00:255:255:10:01:02:02
 remote address: LID 0000 QPN 0x09bf PSN 0xf0240f RKey 0x074400 VAddr 0x007f19902fc000
 GID: 00:00:00:00:00:00:00:00:00:00:255:255:10:01:02:02
 remote address: LID 0000 QPN 0x09c0 PSN 0x91a70d RKey 0x074400 VAddr 0x007f199030c000
 GID: 00:00:00:00:00:00:00:00:00:00:255:255:10:01:02:02
 remote address: LID 0000 QPN 0x09c1 PSN 0x869ca9 RKey 0x074400 VAddr 0x007f199031c000
 GID: 00:00:00:00:00:00:00:00:00:00:255:255:10:01:02:02
 remote address: LID 0000 QPN 0x09c2 PSN 0x2f765e RKey 0x074400 VAddr 0x007f199032c000
 GID: 00:00:00:00:00:00:00:00:00:00:255:255:10:01:02:02
 remote address: LID 0000 QPN 0x09c3 PSN 0xc26a2 RKey 0x074400 VAddr 0x007f199033c000
 GID: 00:00:00:00:00:00:00:00:00:00:255:255:10:01:02:02
 remote address: LID 0000 QPN 0x09c4 PSN 0x44c00a RKey 0x074400 VAddr 0x007f199034c000
 GID: 00:00:00:00:00:00:00:00:00:00:255:255:10:01:02:02
 remote address: LID 0000 QPN 0x09c5 PSN 0xccc338 RKey 0x074400 VAddr 0x007f199035c000
 GID: 00:00:00:00:00:00:00:00:00:00:255:255:10:01:02:02
 remote address: LID 0000 QPN 0x09c6 PSN 0xb72dad RKey 0x074400 VAddr 0x007f199036c000
 GID: 00:00:00:00:00:00:00:00:00:00:255:255:10:01:02:02
 remote address: LID 0000 QPN 0x09c7 PSN 0xd5b393 RKey 0x074400 VAddr 0x007f199037c000
 GID: 00:00:00:00:00:00:00:00:00:00:255:255:10:01:02:02
 remote address: LID 0000 QPN 0x09c8 PSN 0xd2e2ea RKey 0x074400 VAddr 0x007f199038c000
 GID: 00:00:00:00:00:00:00:00:00:00:255:255:10:01:02:02
 remote address: LID 0000 QPN 0x09c9 PSN 0xaa51a1 RKey 0x074400 VAddr 0x007f199039c000
 GID: 00:00:00:00:00:00:00:00:00:00:255:255:10:01:02:02
 remote address: LID 0000 QPN 0x09ca PSN 0xb91658 RKey 0x074400 VAddr 0x007f19903ac000
 GID: 00:00:00:00:00:00:00:00:00:00:255:255:10:01:02:02
 remote address: LID 0000 QPN 0x09cb PSN 0x6fafce RKey 0x074400 VAddr 0x007f19903bc000
 GID: 00:00:00:00:00:00:00:00:00:00:255:255:10:01:02:02
 remote address: LID 0000 QPN 0x09cc PSN 0xc40ac4 RKey 0x074400 VAddr 0x007f19903cc000
 GID: 00:00:00:00:00:00:00:00:00:00:255:255:10:01:02:02
 remote address: LID 0000 QPN 0x09cd PSN 0x427b1 RKey 0x074400 VAddr 0x007f19903dc000
 GID: 00:00:00:00:00:00:00:00:00:00:255:255:10:01:02:02
 remote address: LID 0000 QPN 0x09ce PSN 0x2d818 RKey 0x074400 VAddr 0x007f19903ec000
 GID: 00:00:00:00:00:00:00:00:00:00:255:255:10:01:02:02
 remote address: LID 0000 QPN 0x09cf PSN 0x21b67a RKey 0x074400 VAddr 0x007f19903fc000
 GID: 00:00:00:00:00:00:00:00:00:00:255:255:10:01:02:02
 remote address: LID 0000 QPN 0x09d0 PSN 0xc5f565 RKey 0x074400 VAddr 0x007f199040c000
 GID: 00:00:00:00:00:00:00:00:00:00:255:255:10:01:02:02
 remote address: LID 0000 QPN 0x09d1 PSN 0x682d82 RKey 0x074400 VAddr 0x007f199041c000
 GID: 00:00:00:00:00:00:00:00:00:00:255:255:10:01:02:02
 remote address: LID 0000 QPN 0x09d2 PSN 0x461497 RKey 0x074400 VAddr 0x007f199042c000
 GID: 00:00:00:00:00:00:00:00:00:00:255:255:10:01:02:02
 remote address: LID 0000 QPN 0x09d3 PSN 0xb6be03 RKey 0x074400 VAddr 0x007f199043c000
 GID: 00:00:00:00:00:00:00:00:00:00:255:255:10:01:02:02
 remote address: LID 0000 QPN 0x09d4 PSN 0x776493 RKey 0x074400 VAddr 0x007f199044c000
 GID: 00:00:00:00:00:00:00:00:00:00:255:255:10:01:02:02
 remote address: LID 0000 QPN 0x09d5 PSN 0x116895 RKey 0x074400 VAddr 0x007f199045c000
 GID: 00:00:00:00:00:00:00:00:00:00:255:255:10:01:02:02
 remote address: LID 0000 QPN 0x09d6 PSN 0xc2bf88 RKey 0x074400 VAddr 0x007f199046c000
 GID: 00:00:00:00:00:00:00:00:00:00:255:255:10:01:02:02
 remote address: LID 0000 QPN 0x09d7 PSN 0xbcc3c2 RKey 0x074400 VAddr 0x007f199047c000
 GID: 00:00:00:00:00:00:00:00:00:00:255:255:10:01:02:02
 remote address: LID 0000 QPN 0x09d8 PSN 0x76f16f RKey 0x074400 VAddr 0x007f199048c000
 GID: 00:00:00:00:00:00:00:00:00:00:255:255:10:01:02:02
 remote address: LID 0000 QPN 0x09d9 PSN 0x7a0888 RKey 0x074400 VAddr 0x007f199049c000
 GID: 00:00:00:00:00:00:00:00:00:00:255:255:10:01:02:02
 remote address: LID 0000 QPN 0x09da PSN 0x5da5d0 RKey 0x074400 VAddr 0x007f19904ac000
 GID: 00:00:00:00:00:00:00:00:00:00:255:255:10:01:02:02
 remote address: LID 0000 QPN 0x09db PSN 0xab484c RKey 0x074400 VAddr 0x007f19904bc000
 GID: 00:00:00:00:00:00:00:00:00:00:255:255:10:01:02:02
 remote address: LID 0000 QPN 0x09dc PSN 0xa873f3 RKey 0x074400 VAddr 0x007f19904cc000
 GID: 00:00:00:00:00:00:00:00:00:00:255:255:10:01:02:02
 remote address: LID 0000 QPN 0x09dd PSN 0xbf4574 RKey 0x074400 VAddr 0x007f19904dc000
 GID: 00:00:00:00:00:00:00:00:00:00:255:255:10:01:02:02
 remote address: LID 0000 QPN 0x09de PSN 0xe2f5e1 RKey 0x074400 VAddr 0x007f19904ec000
 GID: 00:00:00:00:00:00:00:00:00:00:255:255:10:01:02:02
 remote address: LID 0000 QPN 0x09df PSN 0x490654 RKey 0x074400 VAddr 0x007f19904fc000
 GID: 00:00:00:00:00:00:00:00:00:00:255:255:10:01:02:02
 remote address: LID 0000 QPN 0x09e0 PSN 0x92209b RKey 0x074400 VAddr 0x007f199050c000
 GID: 00:00:00:00:00:00:00:00:00:00:255:255:10:01:02:02
 remote address: LID 0000 QPN 0x09e1 PSN 0x3e89e5 RKey 0x074400 VAddr 0x007f199051c000
 GID: 00:00:00:00:00:00:00:00:00:00:255:255:10:01:02:02
 remote address: LID 0000 QPN 0x09e2 PSN 0x1fbb28 RKey 0x074400 VAddr 0x007f199052c000
 GID: 00:00:00:00:00:00:00:00:00:00:255:255:10:01:02:02
 remote address: LID 0000 QPN 0x09e3 PSN 0x85ee3e RKey 0x074400 VAddr 0x007f199053c000
 GID: 00:00:00:00:00:00:00:00:00:00:255:255:10:01:02:02
 remote address: LID 0000 QPN 0x09e4 PSN 0x629e21 RKey 0x074400 VAddr 0x007f199054c000
 GID: 00:00:00:00:00:00:00:00:00:00:255:255:10:01:02:02
 remote address: LID 0000 QPN 0x09e5 PSN 0x910277 RKey 0x074400 VAddr 0x007f199055c000
 GID: 00:00:00:00:00:00:00:00:00:00:255:255:10:01:02:02
 remote address: LID 0000 QPN 0x09e6 PSN 0xfa5e9c RKey 0x074400 VAddr 0x007f199056c000
 GID: 00:00:00:00:00:00:00:00:00:00:255:255:10:01:02:02
 remote address: LID 0000 QPN 0x09e7 PSN 0x51041 RKey 0x074400 VAddr 0x007f199057c000
 GID: 00:00:00:00:00:00:00:00:00:00:255:255:10:01:02:02
 remote address: LID 0000 QPN 0x09e8 PSN 0xc37560 RKey 0x074400 VAddr 0x007f199058c000
 GID: 00:00:00:00:00:00:00:00:00:00:255:255:10:01:02:02
 remote address: LID 0000 QPN 0x09e9 PSN 0x24d09 RKey 0x074400 VAddr 0x007f199059c000
 GID: 00:00:00:00:00:00:00:00:00:00:255:255:10:01:02:02
 remote address: LID 0000 QPN 0x09ea PSN 0xe15e77 RKey 0x074400 VAddr 0x007f19905ac000
 GID: 00:00:00:00:00:00:00:00:00:00:255:255:10:01:02:02
 remote address: LID 0000 QPN 0x09eb PSN 0x62bf37 RKey 0x074400 VAddr 0x007f19905bc000
 GID: 00:00:00:00:00:00:00:00:00:00:255:255:10:01:02:02
 remote address: LID 0000 QPN 0x09ec PSN 0x2f5d5a RKey 0x074400 VAddr 0x007f19905cc000
 GID: 00:00:00:00:00:00:00:00:00:00:255:255:10:01:02:02
 remote address: LID 0000 QPN 0x09ed PSN 0x70a1a1 RKey 0x074400 VAddr 0x007f19905dc000
 GID: 00:00:00:00:00:00:00:00:00:00:255:255:10:01:02:02
 remote address: LID 0000 QPN 0x09ee PSN 0xe88f02 RKey 0x074400 VAddr 0x007f19905ec000
 GID: 00:00:00:00:00:00:00:00:00:00:255:255:10:01:02:02
 remote address: LID 0000 QPN 0x09ef PSN 0x7dd604 RKey 0x074400 VAddr 0x007f19905fc000
 GID: 00:00:00:00:00:00:00:00:00:00:255:255:10:01:02:02
 remote address: LID 0000 QPN 0x09f0 PSN 0x3a0555 RKey 0x074400 VAddr 0x007f199060c000
 GID: 00:00:00:00:00:00:00:00:00:00:255:255:10:01:02:02
 remote address: LID 0000 QPN 0x09f1 PSN 0xd06edc RKey 0x074400 VAddr 0x007f199061c000
 GID: 00:00:00:00:00:00:00:00:00:00:255:255:10:01:02:02
 remote address: LID 0000 QPN 0x09f2 PSN 0xe05688 RKey 0x074400 VAddr 0x007f199062c000
 GID: 00:00:00:00:00:00:00:00:00:00:255:255:10:01:02:02
 remote address: LID 0000 QPN 0x09f3 PSN 0x4fa9a1 RKey 0x074400 VAddr 0x007f199063c000
 GID: 00:00:00:00:00:00:00:00:00:00:255:255:10:01:02:02
 remote address: LID 0000 QPN 0x09f4 PSN 0x2f1f20 RKey 0x074400 VAddr 0x007f199064c000
 GID: 00:00:00:00:00:00:00:00:00:00:255:255:10:01:02:02
 remote address: LID 0000 QPN 0x09f5 PSN 0xf30410 RKey 0x074400 VAddr 0x007f199065c000
 GID: 00:00:00:00:00:00:00:00:00:00:255:255:10:01:02:02
 remote address: LID 0000 QPN 0x09f6 PSN 0xb7766c RKey 0x074400 VAddr 0x007f199066c000
 GID: 00:00:00:00:00:00:00:00:00:00:255:255:10:01:02:02
 remote address: LID 0000 QPN 0x09f7 PSN 0xccd1c4 RKey 0x074400 VAddr 0x007f199067c000
 GID: 00:00:00:00:00:00:00:00:00:00:255:255:10:01:02:02
 remote address: LID 0000 QPN 0x09f8 PSN 0xc88b73 RKey 0x074400 VAddr 0x007f199068c000
 GID: 00:00:00:00:00:00:00:00:00:00:255:255:10:01:02:02
 remote address: LID 0000 QPN 0x09f9 PSN 0x4f8300 RKey 0x074400 VAddr 0x007f199069c000
 GID: 00:00:00:00:00:00:00:00:00:00:255:255:10:01:02:02
 remote address: LID 0000 QPN 0x09fa PSN 0xaf1357 RKey 0x074400 VAddr 0x007f19906ac000
 GID: 00:00:00:00:00:00:00:00:00:00:255:255:10:01:02:02
 remote address: LID 0000 QPN 0x09fb PSN 0x81922e RKey 0x074400 VAddr 0x007f19906bc000
 GID: 00:00:00:00:00:00:00:00:00:00:255:255:10:01:02:02
 remote address: LID 0000 QPN 0x09fc PSN 0x97aa74 RKey 0x074400 VAddr 0x007f19906cc000
 GID: 00:00:00:00:00:00:00:00:00:00:255:255:10:01:02:02
 remote address: LID 0000 QPN 0x09fd PSN 0x6f33a RKey 0x074400 VAddr 0x007f19906dc000
 GID: 00:00:00:00:00:00:00:00:00:00:255:255:10:01:02:02
 remote address: LID 0000 QPN 0x09fe PSN 0x71ce89 RKey 0x074400 VAddr 0x007f19906ec000
 GID: 00:00:00:00:00:00:00:00:00:00:255:255:10:01:02:02
 remote address: LID 0000 QPN 0x09ff PSN 0xbf4e90 RKey 0x074400 VAddr 0x007f19906fc000
 GID: 00:00:00:00:00:00:00:00:00:00:255:255:10:01:02:02
 remote address: LID 0000 QPN 0x0a00 PSN 0x3bf256 RKey 0x074400 VAddr 0x007f199070c000
 GID: 00:00:00:00:00:00:00:00:00:00:255:255:10:01:02:02
 remote address: LID 0000 QPN 0x0a01 PSN 0xcff111 RKey 0x074400 VAddr 0x007f199071c000
 GID: 00:00:00:00:00:00:00:00:00:00:255:255:10:01:02:02
 remote address: LID 0000 QPN 0x0a02 PSN 0x19e251 RKey 0x074400 VAddr 0x007f199072c000
 GID: 00:00:00:00:00:00:00:00:00:00:255:255:10:01:02:02
 remote address: LID 0000 QPN 0x0a03 PSN 0xdd131b RKey 0x074400 VAddr 0x007f199073c000
 GID: 00:00:00:00:00:00:00:00:00:00:255:255:10:01:02:02
 remote address: LID 0000 QPN 0x0a04 PSN 0xc10e1c RKey 0x074400 VAddr 0x007f199074c000
 GID: 00:00:00:00:00:00:00:00:00:00:255:255:10:01:02:02
 remote address: LID 0000 QPN 0x0a05 PSN 0x841233 RKey 0x074400 VAddr 0x007f199075c000
 GID: 00:00:00:00:00:00:00:00:00:00:255:255:10:01:02:02
 remote address: LID 0000 QPN 0x0a06 PSN 0xbf5398 RKey 0x074400 VAddr 0x007f199076c000
 GID: 00:00:00:00:00:00:00:00:00:00:255:255:10:01:02:02
 remote address: LID 0000 QPN 0x0a07 PSN 0xe3dba3 RKey 0x074400 VAddr 0x007f199077c000
 GID: 00:00:00:00:00:00:00:00:00:00:255:255:10:01:02:02
 remote address: LID 0000 QPN 0x0a08 PSN 0xa0e67c RKey 0x074400 VAddr 0x007f199078c000
 GID: 00:00:00:00:00:00:00:00:00:00:255:255:10:01:02:02
 remote address: LID 0000 QPN 0x0a09 PSN 0x50b9e6 RKey 0x074400 VAddr 0x007f199079c000
 GID: 00:00:00:00:00:00:00:00:00:00:255:255:10:01:02:02
 remote address: LID 0000 QPN 0x0a0a PSN 0x666a97 RKey 0x074400 VAddr 0x007f19907ac000
 GID: 00:00:00:00:00:00:00:00:00:00:255:255:10:01:02:02
 remote address: LID 0000 QPN 0x0a0b PSN 0x9fe36e RKey 0x074400 VAddr 0x007f19907bc000
 GID: 00:00:00:00:00:00:00:00:00:00:255:255:10:01:02:02
 remote address: LID 0000 QPN 0x0a0c PSN 0xa16de RKey 0x074400 VAddr 0x007f19907cc000
 GID: 00:00:00:00:00:00:00:00:00:00:255:255:10:01:02:02
 remote address: LID 0000 QPN 0x0a0d PSN 0xaeb6e3 RKey 0x074400 VAddr 0x007f19907dc000
 GID: 00:00:00:00:00:00:00:00:00:00:255:255:10:01:02:02
 remote address: LID 0000 QPN 0x0a0e PSN 0x37c4a9 RKey 0x074400 VAddr 0x007f19907ec000
 GID: 00:00:00:00:00:00:00:00:00:00:255:255:10:01:02:02
 remote address: LID 0000 QPN 0x0a0f PSN 0x1ae79f RKey 0x074400 VAddr 0x007f19907fc000
 GID: 00:00:00:00:00:00:00:00:00:00:255:255:10:01:02:02
 remote address: LID 0000 QPN 0x0a10 PSN 0x517083 RKey 0x074400 VAddr 0x007f199080c000
 GID: 00:00:00:00:00:00:00:00:00:00:255:255:10:01:02:02
 remote address: LID 0000 QPN 0x0a11 PSN 0xdfa4cf RKey 0x074400 VAddr 0x007f199081c000
 GID: 00:00:00:00:00:00:00:00:00:00:255:255:10:01:02:02
 remote address: LID 0000 QPN 0x0a12 PSN 0xee713a RKey 0x074400 VAddr 0x007f199082c000
 GID: 00:00:00:00:00:00:00:00:00:00:255:255:10:01:02:02
 remote address: LID 0000 QPN 0x0a13 PSN 0x97e63a RKey 0x074400 VAddr 0x007f199083c000
 GID: 00:00:00:00:00:00:00:00:00:00:255:255:10:01:02:02
 remote address: LID 0000 QPN 0x0a14 PSN 0xfd4dc3 RKey 0x074400 VAddr 0x007f199084c000
 GID: 00:00:00:00:00:00:00:00:00:00:255:255:10:01:02:02
 remote address: LID 0000 QPN 0x0a15 PSN 0x65ab52 RKey 0x074400 VAddr 0x007f199085c000
 GID: 00:00:00:00:00:00:00:00:00:00:255:255:10:01:02:02
 remote address: LID 0000 QPN 0x0a16 PSN 0x7dabdf RKey 0x074400 VAddr 0x007f199086c000
 GID: 00:00:00:00:00:00:00:00:00:00:255:255:10:01:02:02
 remote address: LID 0000 QPN 0x0a17 PSN 0xe783d3 RKey 0x074400 VAddr 0x007f199087c000
 GID: 00:00:00:00:00:00:00:00:00:00:255:255:10:01:02:02
 remote address: LID 0000 QPN 0x0a18 PSN 0xc3976f RKey 0x074400 VAddr 0x007f199088c000
 GID: 00:00:00:00:00:00:00:00:00:00:255:255:10:01:02:02
 remote address: LID 0000 QPN 0x0a19 PSN 0x59d4d6 RKey 0x074400 VAddr 0x007f199089c000
 GID: 00:00:00:00:00:00:00:00:00:00:255:255:10:01:02:02
 remote address: LID 0000 QPN 0x0a1a PSN 0x36e580 RKey 0x074400 VAddr 0x007f19908ac000
 GID: 00:00:00:00:00:00:00:00:00:00:255:255:10:01:02:02
 remote address: LID 0000 QPN 0x0a1b PSN 0xf4e1d8 RKey 0x074400 VAddr 0x007f19908bc000
 GID: 00:00:00:00:00:00:00:00:00:00:255:255:10:01:02:02
 remote address: LID 0000 QPN 0x0a1c PSN 0x3f7e55 RKey 0x074400 VAddr 0x007f19908cc000
 GID: 00:00:00:00:00:00:00:00:00:00:255:255:10:01:02:02
 remote address: LID 0000 QPN 0x0a1d PSN 0x4ed6de RKey 0x074400 VAddr 0x007f19908dc000
 GID: 00:00:00:00:00:00:00:00:00:00:255:255:10:01:02:02
 remote address: LID 0000 QPN 0x0a1e PSN 0x51eeb0 RKey 0x074400 VAddr 0x007f19908ec000
 GID: 00:00:00:00:00:00:00:00:00:00:255:255:10:01:02:02
 remote address: LID 0000 QPN 0x0a1f PSN 0x5d4f77 RKey 0x074400 VAddr 0x007f19908fc000
 GID: 00:00:00:00:00:00:00:00:00:00:255:255:10:01:02:02
 remote address: LID 0000 QPN 0x0a20 PSN 0x320ae1 RKey 0x074400 VAddr 0x007f199090c000
 GID: 00:00:00:00:00:00:00:00:00:00:255:255:10:01:02:02
 remote address: LID 0000 QPN 0x0a21 PSN 0x31c600 RKey 0x074400 VAddr 0x007f199091c000
 GID: 00:00:00:00:00:00:00:00:00:00:255:255:10:01:02:02
 remote address: LID 0000 QPN 0x0a22 PSN 0xc4351d RKey 0x074400 VAddr 0x007f199092c000
 GID: 00:00:00:00:00:00:00:00:00:00:255:255:10:01:02:02
 remote address: LID 0000 QPN 0x0a23 PSN 0x61df2d RKey 0x074400 VAddr 0x007f199093c000
 GID: 00:00:00:00:00:00:00:00:00:00:255:255:10:01:02:02
 remote address: LID 0000 QPN 0x0a24 PSN 0xf0c4e0 RKey 0x074400 VAddr 0x007f199094c000
 GID: 00:00:00:00:00:00:00:00:00:00:255:255:10:01:02:02
 remote address: LID 0000 QPN 0x0a25 PSN 0xf7cf81 RKey 0x074400 VAddr 0x007f199095c000
 GID: 00:00:00:00:00:00:00:00:00:00:255:255:10:01:02:02
 remote address: LID 0000 QPN 0x0a26 PSN 0xf12623 RKey 0x074400 VAddr 0x007f199096c000
 GID: 00:00:00:00:00:00:00:00:00:00:255:255:10:01:02:02
 remote address: LID 0000 QPN 0x0a27 PSN 0x288aed RKey 0x074400 VAddr 0x007f199097c000
 GID: 00:00:00:00:00:00:00:00:00:00:255:255:10:01:02:02
 remote address: LID 0000 QPN 0x0a28 PSN 0x57d560 RKey 0x074400 VAddr 0x007f199098c000
 GID: 00:00:00:00:00:00:00:00:00:00:255:255:10:01:02:02
 remote address: LID 0000 QPN 0x0a29 PSN 0x7fb28b RKey 0x074400 VAddr 0x007f199099c000
 GID: 00:00:00:00:00:00:00:00:00:00:255:255:10:01:02:02
 remote address: LID 0000 QPN 0x0a2a PSN 0xce87b RKey 0x074400 VAddr 0x007f19909ac000
 GID: 00:00:00:00:00:00:00:00:00:00:255:255:10:01:02:02
 remote address: LID 0000 QPN 0x0a2b PSN 0xb330e9 RKey 0x074400 VAddr 0x007f19909bc000
 GID: 00:00:00:00:00:00:00:00:00:00:255:255:10:01:02:02
 remote address: LID 0000 QPN 0x0a2c PSN 0x4924b4 RKey 0x074400 VAddr 0x007f19909cc000
 GID: 00:00:00:00:00:00:00:00:00:00:255:255:10:01:02:02
 remote address: LID 0000 QPN 0x0a2d PSN 0x7f530d RKey 0x074400 VAddr 0x007f19909dc000
 GID: 00:00:00:00:00:00:00:00:00:00:255:255:10:01:02:02
 remote address: LID 0000 QPN 0x0a2e PSN 0x2bbf10 RKey 0x074400 VAddr 0x007f19909ec000
 GID: 00:00:00:00:00:00:00:00:00:00:255:255:10:01:02:02
 remote address: LID 0000 QPN 0x0a2f PSN 0xcd52ff RKey 0x074400 VAddr 0x007f19909fc000
 GID: 00:00:00:00:00:00:00:00:00:00:255:255:10:01:02:02
 remote address: LID 0000 QPN 0x0a30 PSN 0x981694 RKey 0x074400 VAddr 0x007f1990a0c000
 GID: 00:00:00:00:00:00:00:00:00:00:255:255:10:01:02:02
 remote address: LID 0000 QPN 0x0a31 PSN 0x41602f RKey 0x074400 VAddr 0x007f1990a1c000
 GID: 00:00:00:00:00:00:00:00:00:00:255:255:10:01:02:02
 remote address: LID 0000 QPN 0x0a32 PSN 0xb86f2 RKey 0x074400 VAddr 0x007f1990a2c000
 GID: 00:00:00:00:00:00:00:00:00:00:255:255:10:01:02:02
 remote address: LID 0000 QPN 0x0a33 PSN 0x1622c3 RKey 0x074400 VAddr 0x007f1990a3c000
 GID: 00:00:00:00:00:00:00:00:00:00:255:255:10:01:02:02
 remote address: LID 0000 QPN 0x0a34 PSN 0x59a660 RKey 0x074400 VAddr 0x007f1990a4c000
 GID: 00:00:00:00:00:00:00:00:00:00:255:255:10:01:02:02
 remote address: LID 0000 QPN 0x0a35 PSN 0xfca871 RKey 0x074400 VAddr 0x007f1990a5c000
 GID: 00:00:00:00:00:00:00:00:00:00:255:255:10:01:02:02
 remote address: LID 0000 QPN 0x0a36 PSN 0xc9e263 RKey 0x074400 VAddr 0x007f1990a6c000
 GID: 00:00:00:00:00:00:00:00:00:00:255:255:10:01:02:02
 remote address: LID 0000 QPN 0x0a37 PSN 0xdb0425 RKey 0x074400 VAddr 0x007f1990a7c000
 GID: 00:00:00:00:00:00:00:00:00:00:255:255:10:01:02:02
 remote address: LID 0000 QPN 0x0a38 PSN 0xac585 RKey 0x074400 VAddr 0x007f1990a8c000
 GID: 00:00:00:00:00:00:00:00:00:00:255:255:10:01:02:02
 remote address: LID 0000 QPN 0x0a39 PSN 0x4e555f RKey 0x074400 VAddr 0x007f1990a9c000
 GID: 00:00:00:00:00:00:00:00:00:00:255:255:10:01:02:02
 remote address: LID 0000 QPN 0x0a3a PSN 0x10c30f RKey 0x074400 VAddr 0x007f1990aac000
 GID: 00:00:00:00:00:00:00:00:00:00:255:255:10:01:02:02
 remote address: LID 0000 QPN 0x0a3b PSN 0x4f50bf RKey 0x074400 VAddr 0x007f1990abc000
 GID: 00:00:00:00:00:00:00:00:00:00:255:255:10:01:02:02
 remote address: LID 0000 QPN 0x0a3c PSN 0xfafdf8 RKey 0x074400 VAddr 0x007f1990acc000
 GID: 00:00:00:00:00:00:00:00:00:00:255:255:10:01:02:02
 remote address: LID 0000 QPN 0x0a3d PSN 0x79e8f3 RKey 0x074400 VAddr 0x007f1990adc000
 GID: 00:00:00:00:00:00:00:00:00:00:255:255:10:01:02:02
 remote address: LID 0000 QPN 0x0a3e PSN 0xec2559 RKey 0x074400 VAddr 0x007f1990aec000
 GID: 00:00:00:00:00:00:00:00:00:00:255:255:10:01:02:02
 remote address: LID 0000 QPN 0x0a3f PSN 0x70c5be RKey 0x074400 VAddr 0x007f1990afc000
 GID: 00:00:00:00:00:00:00:00:00:00:255:255:10:01:02:02
 remote address: LID 0000 QPN 0x0a40 PSN 0x77ae0 RKey 0x074400 VAddr 0x007f1990b0c000
 GID: 00:00:00:00:00:00:00:00:00:00:255:255:10:01:02:02
 remote address: LID 0000 QPN 0x0a41 PSN 0x257687 RKey 0x074400 VAddr 0x007f1990b1c000
 GID: 00:00:00:00:00:00:00:00:00:00:255:255:10:01:02:02
 remote address: LID 0000 QPN 0x0a42 PSN 0x96eed1 RKey 0x074400 VAddr 0x007f1990b2c000
 GID: 00:00:00:00:00:00:00:00:00:00:255:255:10:01:02:02
 remote address: LID 0000 QPN 0x0a43 PSN 0x34a66a RKey 0x074400 VAddr 0x007f1990b3c000
 GID: 00:00:00:00:00:00:00:00:00:00:255:255:10:01:02:02
 remote address: LID 0000 QPN 0x0a44 PSN 0x12b950 RKey 0x074400 VAddr 0x007f1990b4c000
 GID: 00:00:00:00:00:00:00:00:00:00:255:255:10:01:02:02
 remote address: LID 0000 QPN 0x0a45 PSN 0xf63175 RKey 0x074400 VAddr 0x007f1990b5c000
 GID: 00:00:00:00:00:00:00:00:00:00:255:255:10:01:02:02
 remote address: LID 0000 QPN 0x0a46 PSN 0x3a01c1 RKey 0x074400 VAddr 0x007f1990b6c000
 GID: 00:00:00:00:00:00:00:00:00:00:255:255:10:01:02:02
 remote address: LID 0000 QPN 0x0a47 PSN 0x103d53 RKey 0x074400 VAddr 0x007f1990b7c000
 GID: 00:00:00:00:00:00:00:00:00:00:255:255:10:01:02:02
 remote address: LID 0000 QPN 0x0a48 PSN 0xe74332 RKey 0x074400 VAddr 0x007f1990b8c000
 GID: 00:00:00:00:00:00:00:00:00:00:255:255:10:01:02:02
 remote address: LID 0000 QPN 0x0a49 PSN 0x590b4d RKey 0x074400 VAddr 0x007f1990b9c000
 GID: 00:00:00:00:00:00:00:00:00:00:255:255:10:01:02:02
 remote address: LID 0000 QPN 0x0a4a PSN 0xf7b7e7 RKey 0x074400 VAddr 0x007f1990bac000
 GID: 00:00:00:00:00:00:00:00:00:00:255:255:10:01:02:02
 remote address: LID 0000 QPN 0x0a4b PSN 0x30061a RKey 0x074400 VAddr 0x007f1990bbc000
 GID: 00:00:00:00:00:00:00:00:00:00:255:255:10:01:02:02
 remote address: LID 0000 QPN 0x0a4c PSN 0x77f63f RKey 0x074400 VAddr 0x007f1990bcc000
 GID: 00:00:00:00:00:00:00:00:00:00:255:255:10:01:02:02
 remote address: LID 0000 QPN 0x0a4d PSN 0x84bbb2 RKey 0x074400 VAddr 0x007f1990bdc000
 GID: 00:00:00:00:00:00:00:00:00:00:255:255:10:01:02:02
 remote address: LID 0000 QPN 0x0a4e PSN 0xcf163c RKey 0x074400 VAddr 0x007f1990bec000
 GID: 00:00:00:00:00:00:00:00:00:00:255:255:10:01:02:02
 remote address: LID 0000 QPN 0x0a4f PSN 0x5b69d9 RKey 0x074400 VAddr 0x007f1990bfc000
 GID: 00:00:00:00:00:00:00:00:00:00:255:255:10:01:02:02
 remote address: LID 0000 QPN 0x0a50 PSN 0xd6792a RKey 0x074400 VAddr 0x007f1990c0c000
 GID: 00:00:00:00:00:00:00:00:00:00:255:255:10:01:02:02
 remote address: LID 0000 QPN 0x0a51 PSN 0xfe2bd1 RKey 0x074400 VAddr 0x007f1990c1c000
 GID: 00:00:00:00:00:00:00:00:00:00:255:255:10:01:02:02
 remote address: LID 0000 QPN 0x0a52 PSN 0x52bf3 RKey 0x074400 VAddr 0x007f1990c2c000
 GID: 00:00:00:00:00:00:00:00:00:00:255:255:10:01:02:02
 remote address: LID 0000 QPN 0x0a53 PSN 0x379830 RKey 0x074400 VAddr 0x007f1990c3c000
 GID: 00:00:00:00:00:00:00:00:00:00:255:255:10:01:02:02
 remote address: LID 0000 QPN 0x0a54 PSN 0xe0a0dd RKey 0x074400 VAddr 0x007f1990c4c000
 GID: 00:00:00:00:00:00:00:00:00:00:255:255:10:01:02:02
 remote address: LID 0000 QPN 0x0a55 PSN 0x3ddf7f RKey 0x074400 VAddr 0x007f1990c5c000
 GID: 00:00:00:00:00:00:00:00:00:00:255:255:10:01:02:02
 remote address: LID 0000 QPN 0x0a56 PSN 0xf82e7d RKey 0x074400 VAddr 0x007f1990c6c000
 GID: 00:00:00:00:00:00:00:00:00:00:255:255:10:01:02:02
 remote address: LID 0000 QPN 0x0a57 PSN 0xfaa6ed RKey 0x074400 VAddr 0x007f1990c7c000
 GID: 00:00:00:00:00:00:00:00:00:00:255:255:10:01:02:02
 remote address: LID 0000 QPN 0x0a58 PSN 0xafa7da RKey 0x074400 VAddr 0x007f1990c8c000
 GID: 00:00:00:00:00:00:00:00:00:00:255:255:10:01:02:02
 remote address: LID 0000 QPN 0x0a59 PSN 0x2495ee RKey 0x074400 VAddr 0x007f1990c9c000
 GID: 00:00:00:00:00:00:00:00:00:00:255:255:10:01:02:02
 remote address: LID 0000 QPN 0x0a5a PSN 0xa704c9 RKey 0x074400 VAddr 0x007f1990cac000
 GID: 00:00:00:00:00:00:00:00:00:00:255:255:10:01:02:02
 remote address: LID 0000 QPN 0x0a5b PSN 0x48c257 RKey 0x074400 VAddr 0x007f1990cbc000
 GID: 00:00:00:00:00:00:00:00:00:00:255:255:10:01:02:02
 remote address: LID 0000 QPN 0x0a5c PSN 0x6039c4 RKey 0x074400 VAddr 0x007f1990ccc000
 GID: 00:00:00:00:00:00:00:00:00:00:255:255:10:01:02:02
 remote address: LID 0000 QPN 0x0a5d PSN 0x56fc0c RKey 0x074400 VAddr 0x007f1990cdc000
 GID: 00:00:00:00:00:00:00:00:00:00:255:255:10:01:02:02
 remote address: LID 0000 QPN 0x0a5e PSN 0xf1138a RKey 0x074400 VAddr 0x007f1990cec000
 GID: 00:00:00:00:00:00:00:00:00:00:255:255:10:01:02:02
 remote address: LID 0000 QPN 0x0a5f PSN 0x87d817 RKey 0x074400 VAddr 0x007f1990cfc000
 GID: 00:00:00:00:00:00:00:00:00:00:255:255:10:01:02:02
 remote address: LID 0000 QPN 0x0a60 PSN 0xf874f7 RKey 0x074400 VAddr 0x007f1990d0c000
 GID: 00:00:00:00:00:00:00:00:00:00:255:255:10:01:02:02
 remote address: LID 0000 QPN 0x0a61 PSN 0xfbea79 RKey 0x074400 VAddr 0x007f1990d1c000
 GID: 00:00:00:00:00:00:00:00:00:00:255:255:10:01:02:02
 remote address: LID 0000 QPN 0x0a62 PSN 0xbd3cb0 RKey 0x074400 VAddr 0x007f1990d2c000
 GID: 00:00:00:00:00:00:00:00:00:00:255:255:10:01:02:02
 remote address: LID 0000 QPN 0x0a63 PSN 0x12c6c4 RKey 0x074400 VAddr 0x007f1990d3c000
 GID: 00:00:00:00:00:00:00:00:00:00:255:255:10:01:02:02
 remote address: LID 0000 QPN 0x0a64 PSN 0x212451 RKey 0x074400 VAddr 0x007f1990d4c000
 GID: 00:00:00:00:00:00:00:00:00:00:255:255:10:01:02:02
 remote address: LID 0000 QPN 0x0a65 PSN 0x564922 RKey 0x074400 VAddr 0x007f1990d5c000
 GID: 00:00:00:00:00:00:00:00:00:00:255:255:10:01:02:02
 remote address: LID 0000 QPN 0x0a66 PSN 0xf423f8 RKey 0x074400 VAddr 0x007f1990d6c000
 GID: 00:00:00:00:00:00:00:00:00:00:255:255:10:01:02:02
 remote address: LID 0000 QPN 0x0a67 PSN 0xfbbc09 RKey 0x074400 VAddr 0x007f1990d7c000
 GID: 00:00:00:00:00:00:00:00:00:00:255:255:10:01:02:02
 remote address: LID 0000 QPN 0x0a68 PSN 0x399314 RKey 0x074400 VAddr 0x007f1990d8c000
 GID: 00:00:00:00:00:00:00:00:00:00:255:255:10:01:02:02
 remote address: LID 0000 QPN 0x0a69 PSN 0xeb527f RKey 0x074400 VAddr 0x007f1990d9c000
 GID: 00:00:00:00:00:00:00:00:00:00:255:255:10:01:02:02
 remote address: LID 0000 QPN 0x0a6a PSN 0xa8ea9f RKey 0x074400 VAddr 0x007f1990dac000
 GID: 00:00:00:00:00:00:00:00:00:00:255:255:10:01:02:02
 remote address: LID 0000 QPN 0x0a6b PSN 0x1e0b75 RKey 0x074400 VAddr 0x007f1990dbc000
 GID: 00:00:00:00:00:00:00:00:00:00:255:255:10:01:02:02
 remote address: LID 0000 QPN 0x0a6c PSN 0x217ce4 RKey 0x074400 VAddr 0x007f1990dcc000
 GID: 00:00:00:00:00:00:00:00:00:00:255:255:10:01:02:02
 remote address: LID 0000 QPN 0x0a6d PSN 0xf79065 RKey 0x074400 VAddr 0x007f1990ddc000
 GID: 00:00:00:00:00:00:00:00:00:00:255:255:10:01:02:02
 remote address: LID 0000 QPN 0x0a6e PSN 0xcb432 RKey 0x074400 VAddr 0x007f1990dec000
 GID: 00:00:00:00:00:00:00:00:00:00:255:255:10:01:02:02
 remote address: LID 0000 QPN 0x0a6f PSN 0xba67df RKey 0x074400 VAddr 0x007f1990dfc000
 GID: 00:00:00:00:00:00:00:00:00:00:255:255:10:01:02:02
 remote address: LID 0000 QPN 0x0a70 PSN 0xabbea RKey 0x074400 VAddr 0x007f1990e0c000
 GID: 00:00:00:00:00:00:00:00:00:00:255:255:10:01:02:02
 remote address: LID 0000 QPN 0x0a71 PSN 0x808c88 RKey 0x074400 VAddr 0x007f1990e1c000
 GID: 00:00:00:00:00:00:00:00:00:00:255:255:10:01:02:02
 remote address: LID 0000 QPN 0x0a72 PSN 0xfc6681 RKey 0x074400 VAddr 0x007f1990e2c000
 GID: 00:00:00:00:00:00:00:00:00:00:255:255:10:01:02:02
 remote address: LID 0000 QPN 0x0a73 PSN 0x5d0974 RKey 0x074400 VAddr 0x007f1990e3c000
 GID: 00:00:00:00:00:00:00:00:00:00:255:255:10:01:02:02
 remote address: LID 0000 QPN 0x0a74 PSN 0xdc771b RKey 0x074400 VAddr 0x007f1990e4c000
 GID: 00:00:00:00:00:00:00:00:00:00:255:255:10:01:02:02
 remote address: LID 0000 QPN 0x0a75 PSN 0xf6ce91 RKey 0x074400 VAddr 0x007f1990e5c000
 GID: 00:00:00:00:00:00:00:00:00:00:255:255:10:01:02:02
 remote address: LID 0000 QPN 0x0a76 PSN 0x3d36b1 RKey 0x074400 VAddr 0x007f1990e6c000
 GID: 00:00:00:00:00:00:00:00:00:00:255:255:10:01:02:02
 remote address: LID 0000 QPN 0x0a77 PSN 0xfbea5f RKey 0x074400 VAddr 0x007f1990e7c000
 GID: 00:00:00:00:00:00:00:00:00:00:255:255:10:01:02:02
 remote address: LID 0000 QPN 0x0a78 PSN 0x4bb293 RKey 0x074400 VAddr 0x007f1990e8c000
 GID: 00:00:00:00:00:00:00:00:00:00:255:255:10:01:02:02
 remote address: LID 0000 QPN 0x0a79 PSN 0xbb61d8 RKey 0x074400 VAddr 0x007f1990e9c000
 GID: 00:00:00:00:00:00:00:00:00:00:255:255:10:01:02:02
 remote address: LID 0000 QPN 0x0a7a PSN 0xf3b571 RKey 0x074400 VAddr 0x007f1990eac000
 GID: 00:00:00:00:00:00:00:00:00:00:255:255:10:01:02:02
 remote address: LID 0000 QPN 0x0a7b PSN 0xb3e413 RKey 0x074400 VAddr 0x007f1990ebc000
 GID: 00:00:00:00:00:00:00:00:00:00:255:255:10:01:02:02
 remote address: LID 0000 QPN 0x0a7c PSN 0xe9441b RKey 0x074400 VAddr 0x007f1990ecc000
 GID: 00:00:00:00:00:00:00:00:00:00:255:255:10:01:02:02
 remote address: LID 0000 QPN 0x0a7d PSN 0x95bcbf RKey 0x074400 VAddr 0x007f1990edc000
 GID: 00:00:00:00:00:00:00:00:00:00:255:255:10:01:02:02
 remote address: LID 0000 QPN 0x0a7e PSN 0xaa2c45 RKey 0x074400 VAddr 0x007f1990eec000
 GID: 00:00:00:00:00:00:00:00:00:00:255:255:10:01:02:02
 remote address: LID 0000 QPN 0x0a7f PSN 0xee1738 RKey 0x074400 VAddr 0x007f1990efc000
 GID: 00:00:00:00:00:00:00:00:00:00:255:255:10:01:02:02
 remote address: LID 0000 QPN 0x0a80 PSN 0x234dca RKey 0x074400 VAddr 0x007f1990f0c000
 GID: 00:00:00:00:00:00:00:00:00:00:255:255:10:01:02:02
 remote address: LID 0000 QPN 0x0a81 PSN 0xda83aa RKey 0x074400 VAddr 0x007f1990f1c000
 GID: 00:00:00:00:00:00:00:00:00:00:255:255:10:01:02:02
 remote address: LID 0000 QPN 0x0a82 PSN 0x763dfe RKey 0x074400 VAddr 0x007f1990f2c000
 GID: 00:00:00:00:00:00:00:00:00:00:255:255:10:01:02:02
 remote address: LID 0000 QPN 0x0a83 PSN 0xa3a830 RKey 0x074400 VAddr 0x007f1990f3c000
 GID: 00:00:00:00:00:00:00:00:00:00:255:255:10:01:02:02
 remote address: LID 0000 QPN 0x0a84 PSN 0xb880c7 RKey 0x074400 VAddr 0x007f1990f4c000
 GID: 00:00:00:00:00:00:00:00:00:00:255:255:10:01:02:02
 remote address: LID 0000 QPN 0x0a85 PSN 0x51419e RKey 0x074400 VAddr 0x007f1990f5c000
 GID: 00:00:00:00:00:00:00:00:00:00:255:255:10:01:02:02
 remote address: LID 0000 QPN 0x0a86 PSN 0x9adc4a RKey 0x074400 VAddr 0x007f1990f6c000
 GID: 00:00:00:00:00:00:00:00:00:00:255:255:10:01:02:02
 remote address: LID 0000 QPN 0x0a87 PSN 0x8c7a44 RKey 0x074400 VAddr 0x007f1990f7c000
 GID: 00:00:00:00:00:00:00:00:00:00:255:255:10:01:02:02
 remote address: LID 0000 QPN 0x0a88 PSN 0x7d8a2c RKey 0x074400 VAddr 0x007f1990f8c000
 GID: 00:00:00:00:00:00:00:00:00:00:255:255:10:01:02:02
 remote address: LID 0000 QPN 0x0a89 PSN 0x6ed075 RKey 0x074400 VAddr 0x007f1990f9c000
 GID: 00:00:00:00:00:00:00:00:00:00:255:255:10:01:02:02
 remote address: LID 0000 QPN 0x0a8a PSN 0x82c467 RKey 0x074400 VAddr 0x007f1990fac000
 GID: 00:00:00:00:00:00:00:00:00:00:255:255:10:01:02:02
 remote address: LID 0000 QPN 0x0a8b PSN 0xe63370 RKey 0x074400 VAddr 0x007f1990fbc000
 GID: 00:00:00:00:00:00:00:00:00:00:255:255:10:01:02:02
 remote address: LID 0000 QPN 0x0a8c PSN 0xb92c06 RKey 0x074400 VAddr 0x007f1990fcc000
 GID: 00:00:00:00:00:00:00:00:00:00:255:255:10:01:02:02
 remote address: LID 0000 QPN 0x0a8d PSN 0xdbcabb RKey 0x074400 VAddr 0x007f1990fdc000
 GID: 00:00:00:00:00:00:00:00:00:00:255:255:10:01:02:02
 remote address: LID 0000 QPN 0x0a8e PSN 0x40d4f3 RKey 0x074400 VAddr 0x007f1990fec000
 GID: 00:00:00:00:00:00:00:00:00:00:255:255:10:01:02:02
 remote address: LID 0000 QPN 0x0a8f PSN 0xcb72c7 RKey 0x074400 VAddr 0x007f1990ffc000
 GID: 00:00:00:00:00:00:00:00:00:00:255:255:10:01:02:02
 remote address: LID 0000 QPN 0x0a90 PSN 0xe1a479 RKey 0x074400 VAddr 0x007f199100c000
 GID: 00:00:00:00:00:00:00:00:00:00:255:255:10:01:02:02
 remote address: LID 0000 QPN 0x0a91 PSN 0x1a0129 RKey 0x074400 VAddr 0x007f199101c000
 GID: 00:00:00:00:00:00:00:00:00:00:255:255:10:01:02:02
 remote address: LID 0000 QPN 0x0a92 PSN 0x6aee0 RKey 0x074400 VAddr 0x007f199102c000
 GID: 00:00:00:00:00:00:00:00:00:00:255:255:10:01:02:02
 remote address: LID 0000 QPN 0x0a93 PSN 0x67c384 RKey 0x074400 VAddr 0x007f199103c000
 GID: 00:00:00:00:00:00:00:00:00:00:255:255:10:01:02:02
 remote address: LID 0000 QPN 0x0a94 PSN 0x4e2500 RKey 0x074400 VAddr 0x007f199104c000
 GID: 00:00:00:00:00:00:00:00:00:00:255:255:10:01:02:02
 remote address: LID 0000 QPN 0x0a95 PSN 0x118dbc RKey 0x074400 VAddr 0x007f199105c000
 GID: 00:00:00:00:00:00:00:00:00:00:255:255:10:01:02:02
 remote address: LID 0000 QPN 0x0a96 PSN 0x573383 RKey 0x074400 VAddr 0x007f199106c000
 GID: 00:00:00:00:00:00:00:00:00:00:255:255:10:01:02:02
 remote address: LID 0000 QPN 0x0a97 PSN 0x5376af RKey 0x074400 VAddr 0x007f199107c000
 GID: 00:00:00:00:00:00:00:00:00:00:255:255:10:01:02:02
 remote address: LID 0000 QPN 0x0a98 PSN 0x993bd3 RKey 0x074400 VAddr 0x007f199108c000
 GID: 00:00:00:00:00:00:00:00:00:00:255:255:10:01:02:02
 remote address: LID 0000 QPN 0x0a99 PSN 0xfdbe70 RKey 0x074400 VAddr 0x007f199109c000
 GID: 00:00:00:00:00:00:00:00:00:00:255:255:10:01:02:02
 remote address: LID 0000 QPN 0x0a9a PSN 0x4191cb RKey 0x074400 VAddr 0x007f19910ac000
 GID: 00:00:00:00:00:00:00:00:00:00:255:255:10:01:02:02
 remote address: LID 0000 QPN 0x0a9b PSN 0xab2d69 RKey 0x074400 VAddr 0x007f19910bc000
 GID: 00:00:00:00:00:00:00:00:00:00:255:255:10:01:02:02
 remote address: LID 0000 QPN 0x0a9c PSN 0x1d3161 RKey 0x074400 VAddr 0x007f19910cc000
 GID: 00:00:00:00:00:00:00:00:00:00:255:255:10:01:02:02
 remote address: LID 0000 QPN 0x0a9d PSN 0x3bb19e RKey 0x074400 VAddr 0x007f19910dc000
 GID: 00:00:00:00:00:00:00:00:00:00:255:255:10:01:02:02
 remote address: LID 0000 QPN 0x0a9e PSN 0xcab48e RKey 0x074400 VAddr 0x007f19910ec000
 GID: 00:00:00:00:00:00:00:00:00:00:255:255:10:01:02:02
 remote address: LID 0000 QPN 0x0a9f PSN 0xa97dd4 RKey 0x074400 VAddr 0x007f19910fc000
 GID: 00:00:00:00:00:00:00:00:00:00:255:255:10:01:02:02
 remote address: LID 0000 QPN 0x0aa0 PSN 0x417bfc RKey 0x074400 VAddr 0x007f199110c000
 GID: 00:00:00:00:00:00:00:00:00:00:255:255:10:01:02:02
 remote address: LID 0000 QPN 0x0aa1 PSN 0x801def RKey 0x074400 VAddr 0x007f199111c000
 GID: 00:00:00:00:00:00:00:00:00:00:255:255:10:01:02:02
 remote address: LID 0000 QPN 0x0aa2 PSN 0xf603ff RKey 0x074400 VAddr 0x007f199112c000
 GID: 00:00:00:00:00:00:00:00:00:00:255:255:10:01:02:02
 remote address: LID 0000 QPN 0x0aa3 PSN 0x45bca1 RKey 0x074400 VAddr 0x007f199113c000
 GID: 00:00:00:00:00:00:00:00:00:00:255:255:10:01:02:02
 remote address: LID 0000 QPN 0x0aa4 PSN 0x608b95 RKey 0x074400 VAddr 0x007f199114c000
 GID: 00:00:00:00:00:00:00:00:00:00:255:255:10:01:02:02
 remote address: LID 0000 QPN 0x0aa5 PSN 0x975ffc RKey 0x074400 VAddr 0x007f199115c000
 GID: 00:00:00:00:00:00:00:00:00:00:255:255:10:01:02:02
 remote address: LID 0000 QPN 0x0aa6 PSN 0xbb8c3c RKey 0x074400 VAddr 0x007f199116c000
 GID: 00:00:00:00:00:00:00:00:00:00:255:255:10:01:02:02
 remote address: LID 0000 QPN 0x0aa7 PSN 0x419537 RKey 0x074400 VAddr 0x007f199117c000
 GID: 00:00:00:00:00:00:00:00:00:00:255:255:10:01:02:02
 remote address: LID 0000 QPN 0x0aa8 PSN 0xff4f9c RKey 0x074400 VAddr 0x007f199118c000
 GID: 00:00:00:00:00:00:00:00:00:00:255:255:10:01:02:02
 remote address: LID 0000 QPN 0x0aa9 PSN 0xaa8784 RKey 0x074400 VAddr 0x007f199119c000
 GID: 00:00:00:00:00:00:00:00:00:00:255:255:10:01:02:02
 remote address: LID 0000 QPN 0x0aaa PSN 0xc8bb04 RKey 0x074400 VAddr 0x007f19911ac000
 GID: 00:00:00:00:00:00:00:00:00:00:255:255:10:01:02:02
 remote address: LID 0000 QPN 0x0aab PSN 0xbfba7d RKey 0x074400 VAddr 0x007f19911bc000
 GID: 00:00:00:00:00:00:00:00:00:00:255:255:10:01:02:02
 remote address: LID 0000 QPN 0x0aac PSN 0x3f909 RKey 0x074400 VAddr 0x007f19911cc000
 GID: 00:00:00:00:00:00:00:00:00:00:255:255:10:01:02:02
 remote address: LID 0000 QPN 0x0aad PSN 0xb5be49 RKey 0x074400 VAddr 0x007f19911dc000
 GID: 00:00:00:00:00:00:00:00:00:00:255:255:10:01:02:02
 remote address: LID 0000 QPN 0x0aae PSN 0x4a0686 RKey 0x074400 VAddr 0x007f19911ec000
 GID: 00:00:00:00:00:00:00:00:00:00:255:255:10:01:02:02
 remote address: LID 0000 QPN 0x0aaf PSN 0x989a44 RKey 0x074400 VAddr 0x007f19911fc000
 GID: 00:00:00:00:00:00:00:00:00:00:255:255:10:01:02:02
 remote address: LID 0000 QPN 0x0ab0 PSN 0xaf9a79 RKey 0x074400 VAddr 0x007f199120c000
 GID: 00:00:00:00:00:00:00:00:00:00:255:255:10:01:02:02
 remote address: LID 0000 QPN 0x0ab1 PSN 0x80287 RKey 0x074400 VAddr 0x007f199121c000
 GID: 00:00:00:00:00:00:00:00:00:00:255:255:10:01:02:02
 remote address: LID 0000 QPN 0x0ab2 PSN 0x4eef54 RKey 0x074400 VAddr 0x007f199122c000
 GID: 00:00:00:00:00:00:00:00:00:00:255:255:10:01:02:02
 remote address: LID 0000 QPN 0x0ab3 PSN 0xc69d54 RKey 0x074400 VAddr 0x007f199123c000
 GID: 00:00:00:00:00:00:00:00:00:00:255:255:10:01:02:02
 remote address: LID 0000 QPN 0x0ab4 PSN 0x766870 RKey 0x074400 VAddr 0x007f199124c000
 GID: 00:00:00:00:00:00:00:00:00:00:255:255:10:01:02:02
 remote address: LID 0000 QPN 0x0ab5 PSN 0xe9cf12 RKey 0x074400 VAddr 0x007f199125c000
 GID: 00:00:00:00:00:00:00:00:00:00:255:255:10:01:02:02
 remote address: LID 0000 QPN 0x0ab6 PSN 0xbeef77 RKey 0x074400 VAddr 0x007f199126c000
 GID: 00:00:00:00:00:00:00:00:00:00:255:255:10:01:02:02
 remote address: LID 0000 QPN 0x0ab7 PSN 0x121e11 RKey 0x074400 VAddr 0x007f199127c000
 GID: 00:00:00:00:00:00:00:00:00:00:255:255:10:01:02:02
 remote address: LID 0000 QPN 0x0ab8 PSN 0x8c7bbd RKey 0x074400 VAddr 0x007f199128c000
 GID: 00:00:00:00:00:00:00:00:00:00:255:255:10:01:02:02
 remote address: LID 0000 QPN 0x0ab9 PSN 0x87eb0b RKey 0x074400 VAddr 0x007f199129c000
 GID: 00:00:00:00:00:00:00:00:00:00:255:255:10:01:02:02
 remote address: LID 0000 QPN 0x0aba PSN 0x6d089c RKey 0x074400 VAddr 0x007f19912ac000
 GID: 00:00:00:00:00:00:00:00:00:00:255:255:10:01:02:02
 remote address: LID 0000 QPN 0x0abb PSN 0x3ddfca RKey 0x074400 VAddr 0x007f19912bc000
 GID: 00:00:00:00:00:00:00:00:00:00:255:255:10:01:02:02
 remote address: LID 0000 QPN 0x0abc PSN 0x3917fb RKey 0x074400 VAddr 0x007f19912cc000
 GID: 00:00:00:00:00:00:00:00:00:00:255:255:10:01:02:02
 remote address: LID 0000 QPN 0x0abd PSN 0x993b3e RKey 0x074400 VAddr 0x007f19912dc000
 GID: 00:00:00:00:00:00:00:00:00:00:255:255:10:01:02:02
 remote address: LID 0000 QPN 0x0abe PSN 0xc0c36b RKey 0x074400 VAddr 0x007f19912ec000
 GID: 00:00:00:00:00:00:00:00:00:00:255:255:10:01:02:02
 remote address: LID 0000 QPN 0x0abf PSN 0xf7709f RKey 0x074400 VAddr 0x007f19912fc000
 GID: 00:00:00:00:00:00:00:00:00:00:255:255:10:01:02:02
 remote address: LID 0000 QPN 0x0ac0 PSN 0xe09833 RKey 0x074400 VAddr 0x007f199130c000
 GID: 00:00:00:00:00:00:00:00:00:00:255:255:10:01:02:02
 remote address: LID 0000 QPN 0x0ac1 PSN 0x8a0f1b RKey 0x074400 VAddr 0x007f199131c000
 GID: 00:00:00:00:00:00:00:00:00:00:255:255:10:01:02:02
 remote address: LID 0000 QPN 0x0ac2 PSN 0xc691f8 RKey 0x074400 VAddr 0x007f199132c000
 GID: 00:00:00:00:00:00:00:00:00:00:255:255:10:01:02:02
 remote address: LID 0000 QPN 0x0ac3 PSN 0x5b800c RKey 0x074400 VAddr 0x007f199133c000
 GID: 00:00:00:00:00:00:00:00:00:00:255:255:10:01:02:02
 remote address: LID 0000 QPN 0x0ac4 PSN 0x55439f RKey 0x074400 VAddr 0x007f199134c000
 GID: 00:00:00:00:00:00:00:00:00:00:255:255:10:01:02:02
 remote address: LID 0000 QPN 0x0ac5 PSN 0xe5034f RKey 0x074400 VAddr 0x007f199135c000
 GID: 00:00:00:00:00:00:00:00:00:00:255:255:10:01:02:02
 remote address: LID 0000 QPN 0x0ac6 PSN 0x66a752 RKey 0x074400 VAddr 0x007f199136c000
 GID: 00:00:00:00:00:00:00:00:00:00:255:255:10:01:02:02
 remote address: LID 0000 QPN 0x0ac7 PSN 0x94d416 RKey 0x074400 VAddr 0x007f199137c000
 GID: 00:00:00:00:00:00:00:00:00:00:255:255:10:01:02:02
 remote address: LID 0000 QPN 0x0ac8 PSN 0x816c8a RKey 0x074400 VAddr 0x007f199138c000
 GID: 00:00:00:00:00:00:00:00:00:00:255:255:10:01:02:02
 remote address: LID 0000 QPN 0x0ac9 PSN 0xd933ff RKey 0x074400 VAddr 0x007f199139c000
 GID: 00:00:00:00:00:00:00:00:00:00:255:255:10:01:02:02
 remote address: LID 0000 QPN 0x0aca PSN 0x207639 RKey 0x074400 VAddr 0x007f19913ac000
 GID: 00:00:00:00:00:00:00:00:00:00:255:255:10:01:02:02
 remote address: LID 0000 QPN 0x0acb PSN 0x9d2710 RKey 0x074400 VAddr 0x007f19913bc000
 GID: 00:00:00:00:00:00:00:00:00:00:255:255:10:01:02:02
 remote address: LID 0000 QPN 0x0acc PSN 0x15b53 RKey 0x074400 VAddr 0x007f19913cc000
 GID: 00:00:00:00:00:00:00:00:00:00:255:255:10:01:02:02
 remote address: LID 0000 QPN 0x0acd PSN 0xbf18a1 RKey 0x074400 VAddr 0x007f19913dc000
 GID: 00:00:00:00:00:00:00:00:00:00:255:255:10:01:02:02
 remote address: LID 0000 QPN 0x0ace PSN 0x1a28ee RKey 0x074400 VAddr 0x007f19913ec000
 GID: 00:00:00:00:00:00:00:00:00:00:255:255:10:01:02:02
 remote address: LID 0000 QPN 0x0acf PSN 0x11d80a RKey 0x074400 VAddr 0x007f19913fc000
 GID: 00:00:00:00:00:00:00:00:00:00:255:255:10:01:02:02
 remote address: LID 0000 QPN 0x0ad0 PSN 0xe9a790 RKey 0x074400 VAddr 0x007f199140c000
 GID: 00:00:00:00:00:00:00:00:00:00:255:255:10:01:02:02
 remote address: LID 0000 QPN 0x0ad1 PSN 0xf90376 RKey 0x074400 VAddr 0x007f199141c000
 GID: 00:00:00:00:00:00:00:00:00:00:255:255:10:01:02:02
 remote address: LID 0000 QPN 0x0ad2 PSN 0xb68422 RKey 0x074400 VAddr 0x007f199142c000
 GID: 00:00:00:00:00:00:00:00:00:00:255:255:10:01:02:02
 remote address: LID 0000 QPN 0x0ad3 PSN 0x2f7d7 RKey 0x074400 VAddr 0x007f199143c000
 GID: 00:00:00:00:00:00:00:00:00:00:255:255:10:01:02:02
 remote address: LID 0000 QPN 0x0ad4 PSN 0xdec14e RKey 0x074400 VAddr 0x007f199144c000
 GID: 00:00:00:00:00:00:00:00:00:00:255:255:10:01:02:02
 remote address: LID 0000 QPN 0x0ad5 PSN 0x21dea8 RKey 0x074400 VAddr 0x007f199145c000
 GID: 00:00:00:00:00:00:00:00:00:00:255:255:10:01:02:02
 remote address: LID 0000 QPN 0x0ad6 PSN 0x58c710 RKey 0x074400 VAddr 0x007f199146c000
 GID: 00:00:00:00:00:00:00:00:00:00:255:255:10:01:02:02
 remote address: LID 0000 QPN 0x0ad7 PSN 0x41dcba RKey 0x074400 VAddr 0x007f199147c000
 GID: 00:00:00:00:00:00:00:00:00:00:255:255:10:01:02:02
 remote address: LID 0000 QPN 0x0ad8 PSN 0xec8c77 RKey 0x074400 VAddr 0x007f199148c000
 GID: 00:00:00:00:00:00:00:00:00:00:255:255:10:01:02:02
 remote address: LID 0000 QPN 0x0ad9 PSN 0xcc60fc RKey 0x074400 VAddr 0x007f199149c000
 GID: 00:00:00:00:00:00:00:00:00:00:255:255:10:01:02:02
 remote address: LID 0000 QPN 0x0ada PSN 0xa53aa6 RKey 0x074400 VAddr 0x007f19914ac000
 GID: 00:00:00:00:00:00:00:00:00:00:255:255:10:01:02:02
 remote address: LID 0000 QPN 0x0adb PSN 0x9d06ad RKey 0x074400 VAddr 0x007f19914bc000
 GID: 00:00:00:00:00:00:00:00:00:00:255:255:10:01:02:02
 remote address: LID 0000 QPN 0x0adc PSN 0x59104d RKey 0x074400 VAddr 0x007f19914cc000
 GID: 00:00:00:00:00:00:00:00:00:00:255:255:10:01:02:02
 remote address: LID 0000 QPN 0x0add PSN 0xbe9433 RKey 0x074400 VAddr 0x007f19914dc000
 GID: 00:00:00:00:00:00:00:00:00:00:255:255:10:01:02:02
 remote address: LID 0000 QPN 0x0ade PSN 0x8641de RKey 0x074400 VAddr 0x007f19914ec000
 GID: 00:00:00:00:00:00:00:00:00:00:255:255:10:01:02:02
 remote address: LID 0000 QPN 0x0adf PSN 0x49be4d RKey 0x074400 VAddr 0x007f19914fc000
 GID: 00:00:00:00:00:00:00:00:00:00:255:255:10:01:02:02
 remote address: LID 0000 QPN 0x0ae0 PSN 0x1b5d12 RKey 0x074400 VAddr 0x007f199150c000
 GID: 00:00:00:00:00:00:00:00:00:00:255:255:10:01:02:02
 remote address: LID 0000 QPN 0x0ae1 PSN 0x392703 RKey 0x074400 VAddr 0x007f199151c000
 GID: 00:00:00:00:00:00:00:00:00:00:255:255:10:01:02:02
 remote address: LID 0000 QPN 0x0ae2 PSN 0xa8dd2c RKey 0x074400 VAddr 0x007f199152c000
 GID: 00:00:00:00:00:00:00:00:00:00:255:255:10:01:02:02
 remote address: LID 0000 QPN 0x0ae3 PSN 0x187865 RKey 0x074400 VAddr 0x007f199153c000
 GID: 00:00:00:00:00:00:00:00:00:00:255:255:10:01:02:02
 remote address: LID 0000 QPN 0x0ae4 PSN 0xcfe9ca RKey 0x074400 VAddr 0x007f199154c000
 GID: 00:00:00:00:00:00:00:00:00:00:255:255:10:01:02:02
 remote address: LID 0000 QPN 0x0ae5 PSN 0x17a4ad RKey 0x074400 VAddr 0x007f199155c000
 GID: 00:00:00:00:00:00:00:00:00:00:255:255:10:01:02:02
 remote address: LID 0000 QPN 0x0ae6 PSN 0x20b310 RKey 0x074400 VAddr 0x007f199156c000
 GID: 00:00:00:00:00:00:00:00:00:00:255:255:10:01:02:02
 remote address: LID 0000 QPN 0x0ae7 PSN 0x97a815 RKey 0x074400 VAddr 0x007f199157c000
 GID: 00:00:00:00:00:00:00:00:00:00:255:255:10:01:02:02
 remote address: LID 0000 QPN 0x0ae8 PSN 0x15cc18 RKey 0x074400 VAddr 0x007f199158c000
 GID: 00:00:00:00:00:00:00:00:00:00:255:255:10:01:02:02
 remote address: LID 0000 QPN 0x0ae9 PSN 0xe4c3b RKey 0x074400 VAddr 0x007f199159c000
 GID: 00:00:00:00:00:00:00:00:00:00:255:255:10:01:02:02
 remote address: LID 0000 QPN 0x0aea PSN 0x92cfcb RKey 0x074400 VAddr 0x007f19915ac000
 GID: 00:00:00:00:00:00:00:00:00:00:255:255:10:01:02:02
 remote address: LID 0000 QPN 0x0aeb PSN 0x99499e RKey 0x074400 VAddr 0x007f19915bc000
 GID: 00:00:00:00:00:00:00:00:00:00:255:255:10:01:02:02
 remote address: LID 0000 QPN 0x0aec PSN 0x544c45 RKey 0x074400 VAddr 0x007f19915cc000
 GID: 00:00:00:00:00:00:00:00:00:00:255:255:10:01:02:02
 remote address: LID 0000 QPN 0x0aed PSN 0x9be158 RKey 0x074400 VAddr 0x007f19915dc000
 GID: 00:00:00:00:00:00:00:00:00:00:255:255:10:01:02:02
 remote address: LID 0000 QPN 0x0aee PSN 0xc76e2e RKey 0x074400 VAddr 0x007f19915ec000
 GID: 00:00:00:00:00:00:00:00:00:00:255:255:10:01:02:02
 remote address: LID 0000 QPN 0x0aef PSN 0x4a0fcd RKey 0x074400 VAddr 0x007f19915fc000
 GID: 00:00:00:00:00:00:00:00:00:00:255:255:10:01:02:02
 remote address: LID 0000 QPN 0x0af0 PSN 0x1e7760 RKey 0x074400 VAddr 0x007f199160c000
 GID: 00:00:00:00:00:00:00:00:00:00:255:255:10:01:02:02
 remote address: LID 0000 QPN 0x0af1 PSN 0x1170cb RKey 0x074400 VAddr 0x007f199161c000
 GID: 00:00:00:00:00:00:00:00:00:00:255:255:10:01:02:02
 remote address: LID 0000 QPN 0x0af2 PSN 0xf63b8d RKey 0x074400 VAddr 0x007f199162c000
 GID: 00:00:00:00:00:00:00:00:00:00:255:255:10:01:02:02
 remote address: LID 0000 QPN 0x0af3 PSN 0xcdbe02 RKey 0x074400 VAddr 0x007f199163c000
 GID: 00:00:00:00:00:00:00:00:00:00:255:255:10:01:02:02
 remote address: LID 0000 QPN 0x0af4 PSN 0xe2717f RKey 0x074400 VAddr 0x007f199164c000
 GID: 00:00:00:00:00:00:00:00:00:00:255:255:10:01:02:02
 remote address: LID 0000 QPN 0x0af5 PSN 0xf7a292 RKey 0x074400 VAddr 0x007f199165c000
 GID: 00:00:00:00:00:00:00:00:00:00:255:255:10:01:02:02
 remote address: LID 0000 QPN 0x0af6 PSN 0xa5a8d3 RKey 0x074400 VAddr 0x007f199166c000
 GID: 00:00:00:00:00:00:00:00:00:00:255:255:10:01:02:02
 remote address: LID 0000 QPN 0x0af7 PSN 0xc2d8dd RKey 0x074400 VAddr 0x007f199167c000
 GID: 00:00:00:00:00:00:00:00:00:00:255:255:10:01:02:02
 remote address: LID 0000 QPN 0x0af8 PSN 0x6c6a23 RKey 0x074400 VAddr 0x007f199168c000
 GID: 00:00:00:00:00:00:00:00:00:00:255:255:10:01:02:02
 remote address: LID 0000 QPN 0x0af9 PSN 0xb8d397 RKey 0x074400 VAddr 0x007f199169c000
 GID: 00:00:00:00:00:00:00:00:00:00:255:255:10:01:02:02
 remote address: LID 0000 QPN 0x0afa PSN 0xacfaaf RKey 0x074400 VAddr 0x007f19916ac000
 GID: 00:00:00:00:00:00:00:00:00:00:255:255:10:01:02:02
 remote address: LID 0000 QPN 0x0afb PSN 0xc87784 RKey 0x074400 VAddr 0x007f19916bc000
 GID: 00:00:00:00:00:00:00:00:00:00:255:255:10:01:02:02
 remote address: LID 0000 QPN 0x0afc PSN 0x2134ba RKey 0x074400 VAddr 0x007f19916cc000
 GID: 00:00:00:00:00:00:00:00:00:00:255:255:10:01:02:02
 remote address: LID 0000 QPN 0x0afd PSN 0x70d111 RKey 0x074400 VAddr 0x007f19916dc000
 GID: 00:00:00:00:00:00:00:00:00:00:255:255:10:01:02:02
 remote address: LID 0000 QPN 0x0afe PSN 0xf1eaed RKey 0x074400 VAddr 0x007f19916ec000
 GID: 00:00:00:00:00:00:00:00:00:00:255:255:10:01:02:02
 remote address: LID 0000 QPN 0x0aff PSN 0xc39f92 RKey 0x074400 VAddr 0x007f19916fc000
 GID: 00:00:00:00:00:00:00:00:00:00:255:255:10:01:02:02
 remote address: LID 0000 QPN 0x0b00 PSN 0xd2a73d RKey 0x074400 VAddr 0x007f199170c000
 GID: 00:00:00:00:00:00:00:00:00:00:255:255:10:01:02:02
 remote address: LID 0000 QPN 0x0b01 PSN 0xb6af7a RKey 0x074400 VAddr 0x007f199171c000
 GID: 00:00:00:00:00:00:00:00:00:00:255:255:10:01:02:02
 remote address: LID 0000 QPN 0x0b02 PSN 0xf5ccdf RKey 0x074400 VAddr 0x007f199172c000
 GID: 00:00:00:00:00:00:00:00:00:00:255:255:10:01:02:02
 remote address: LID 0000 QPN 0x0b03 PSN 0xce359f RKey 0x074400 VAddr 0x007f199173c000
 GID: 00:00:00:00:00:00:00:00:00:00:255:255:10:01:02:02
 remote address: LID 0000 QPN 0x0b04 PSN 0xd000fa RKey 0x074400 VAddr 0x007f199174c000
 GID: 00:00:00:00:00:00:00:00:00:00:255:255:10:01:02:02
 remote address: LID 0000 QPN 0x0b05 PSN 0xc2d728 RKey 0x074400 VAddr 0x007f199175c000
 GID: 00:00:00:00:00:00:00:00:00:00:255:255:10:01:02:02
 remote address: LID 0000 QPN 0x0b06 PSN 0x5346f9 RKey 0x074400 VAddr 0x007f199176c000
 GID: 00:00:00:00:00:00:00:00:00:00:255:255:10:01:02:02
 remote address: LID 0000 QPN 0x0b07 PSN 0x102c68 RKey 0x074400 VAddr 0x007f199177c000
 GID: 00:00:00:00:00:00:00:00:00:00:255:255:10:01:02:02
 remote address: LID 0000 QPN 0x0b08 PSN 0x76bb6c RKey 0x074400 VAddr 0x007f199178c000
 GID: 00:00:00:00:00:00:00:00:00:00:255:255:10:01:02:02
 remote address: LID 0000 QPN 0x0b09 PSN 0x1b008b RKey 0x074400 VAddr 0x007f199179c000
 GID: 00:00:00:00:00:00:00:00:00:00:255:255:10:01:02:02
 remote address: LID 0000 QPN 0x0b0a PSN 0xcd37d RKey 0x074400 VAddr 0x007f19917ac000
 GID: 00:00:00:00:00:00:00:00:00:00:255:255:10:01:02:02
 remote address: LID 0000 QPN 0x0b0b PSN 0xe43c9b RKey 0x074400 VAddr 0x007f19917bc000
 GID: 00:00:00:00:00:00:00:00:00:00:255:255:10:01:02:02
 remote address: LID 0000 QPN 0x0b0c PSN 0x2c4746 RKey 0x074400 VAddr 0x007f19917cc000
 GID: 00:00:00:00:00:00:00:00:00:00:255:255:10:01:02:02
 remote address: LID 0000 QPN 0x0b0d PSN 0x8f7a02 RKey 0x074400 VAddr 0x007f19917dc000
 GID: 00:00:00:00:00:00:00:00:00:00:255:255:10:01:02:02
 remote address: LID 0000 QPN 0x0b0e PSN 0x1d5a4b RKey 0x074400 VAddr 0x007f19917ec000
 GID: 00:00:00:00:00:00:00:00:00:00:255:255:10:01:02:02
 remote address: LID 0000 QPN 0x0b0f PSN 0x340f42 RKey 0x074400 VAddr 0x007f19917fc000
 GID: 00:00:00:00:00:00:00:00:00:00:255:255:10:01:02:02
 remote address: LID 0000 QPN 0x0b10 PSN 0x6f578f RKey 0x074400 VAddr 0x007f199180c000
 GID: 00:00:00:00:00:00:00:00:00:00:255:255:10:01:02:02
 remote address: LID 0000 QPN 0x0b11 PSN 0x70b15a RKey 0x074400 VAddr 0x007f199181c000
 GID: 00:00:00:00:00:00:00:00:00:00:255:255:10:01:02:02
 remote address: LID 0000 QPN 0x0b12 PSN 0x3f55da RKey 0x074400 VAddr 0x007f199182c000
 GID: 00:00:00:00:00:00:00:00:00:00:255:255:10:01:02:02
 remote address: LID 0000 QPN 0x0b13 PSN 0x8c64c9 RKey 0x074400 VAddr 0x007f199183c000
 GID: 00:00:00:00:00:00:00:00:00:00:255:255:10:01:02:02
 remote address: LID 0000 QPN 0x0b14 PSN 0xb77ce6 RKey 0x074400 VAddr 0x007f199184c000
 GID: 00:00:00:00:00:00:00:00:00:00:255:255:10:01:02:02
 remote address: LID 0000 QPN 0x0b15 PSN 0x199ae3 RKey 0x074400 VAddr 0x007f199185c000
 GID: 00:00:00:00:00:00:00:00:00:00:255:255:10:01:02:02
 remote address: LID 0000 QPN 0x0b16 PSN 0x741544 RKey 0x074400 VAddr 0x007f199186c000
 GID: 00:00:00:00:00:00:00:00:00:00:255:255:10:01:02:02
 remote address: LID 0000 QPN 0x0b17 PSN 0xa862ad RKey 0x074400 VAddr 0x007f199187c000
 GID: 00:00:00:00:00:00:00:00:00:00:255:255:10:01:02:02
 remote address: LID 0000 QPN 0x0b18 PSN 0x43f2e7 RKey 0x074400 VAddr 0x007f199188c000
 GID: 00:00:00:00:00:00:00:00:00:00:255:255:10:01:02:02
 remote address: LID 0000 QPN 0x0b19 PSN 0xdb3031 RKey 0x074400 VAddr 0x007f199189c000
 GID: 00:00:00:00:00:00:00:00:00:00:255:255:10:01:02:02
 remote address: LID 0000 QPN 0x0b1a PSN 0x9bcd7b RKey 0x074400 VAddr 0x007f19918ac000
 GID: 00:00:00:00:00:00:00:00:00:00:255:255:10:01:02:02
 remote address: LID 0000 QPN 0x0b1b PSN 0xbbd1c3 RKey 0x074400 VAddr 0x007f19918bc000
 GID: 00:00:00:00:00:00:00:00:00:00:255:255:10:01:02:02
 remote address: LID 0000 QPN 0x0b1c PSN 0xe6a1a6 RKey 0x074400 VAddr 0x007f19918cc000
 GID: 00:00:00:00:00:00:00:00:00:00:255:255:10:01:02:02
 remote address: LID 0000 QPN 0x0b1d PSN 0x9ee06c RKey 0x074400 VAddr 0x007f19918dc000
 GID: 00:00:00:00:00:00:00:00:00:00:255:255:10:01:02:02
 remote address: LID 0000 QPN 0x0b1e PSN 0x884b99 RKey 0x074400 VAddr 0x007f19918ec000
 GID: 00:00:00:00:00:00:00:00:00:00:255:255:10:01:02:02
 remote address: LID 0000 QPN 0x0b1f PSN 0x36b723 RKey 0x074400 VAddr 0x007f19918fc000
 GID: 00:00:00:00:00:00:00:00:00:00:255:255:10:01:02:02
 remote address: LID 0000 QPN 0x0b20 PSN 0x667558 RKey 0x074400 VAddr 0x007f199190c000
 GID: 00:00:00:00:00:00:00:00:00:00:255:255:10:01:02:02
 remote address: LID 0000 QPN 0x0b21 PSN 0xd96c54 RKey 0x074400 VAddr 0x007f199191c000
 GID: 00:00:00:00:00:00:00:00:00:00:255:255:10:01:02:02
 remote address: LID 0000 QPN 0x0b22 PSN 0x7f3a56 RKey 0x074400 VAddr 0x007f199192c000
 GID: 00:00:00:00:00:00:00:00:00:00:255:255:10:01:02:02
 remote address: LID 0000 QPN 0x0b23 PSN 0xb951af RKey 0x074400 VAddr 0x007f199193c000
 GID: 00:00:00:00:00:00:00:00:00:00:255:255:10:01:02:02
 remote address: LID 0000 QPN 0x0b24 PSN 0x644e12 RKey 0x074400 VAddr 0x007f199194c000
 GID: 00:00:00:00:00:00:00:00:00:00:255:255:10:01:02:02
 remote address: LID 0000 QPN 0x0b25 PSN 0x4547d6 RKey 0x074400 VAddr 0x007f199195c000
 GID: 00:00:00:00:00:00:00:00:00:00:255:255:10:01:02:02
 remote address: LID 0000 QPN 0x0b26 PSN 0x3e0c93 RKey 0x074400 VAddr 0x007f199196c000
 GID: 00:00:00:00:00:00:00:00:00:00:255:255:10:01:02:02
 remote address: LID 0000 QPN 0x0b27 PSN 0x162643 RKey 0x074400 VAddr 0x007f199197c000
 GID: 00:00:00:00:00:00:00:00:00:00:255:255:10:01:02:02
 remote address: LID 0000 QPN 0x0b28 PSN 0xdfe9a9 RKey 0x074400 VAddr 0x007f199198c000
 GID: 00:00:00:00:00:00:00:00:00:00:255:255:10:01:02:02
 remote address: LID 0000 QPN 0x0b29 PSN 0xf33b43 RKey 0x074400 VAddr 0x007f199199c000
 GID: 00:00:00:00:00:00:00:00:00:00:255:255:10:01:02:02
 remote address: LID 0000 QPN 0x0b2a PSN 0x60bf13 RKey 0x074400 VAddr 0x007f19919ac000
 GID: 00:00:00:00:00:00:00:00:00:00:255:255:10:01:02:02
 remote address: LID 0000 QPN 0x0b2b PSN 0x30647b RKey 0x074400 VAddr 0x007f19919bc000
 GID: 00:00:00:00:00:00:00:00:00:00:255:255:10:01:02:02
 remote address: LID 0000 QPN 0x0b2c PSN 0xae49b8 RKey 0x074400 VAddr 0x007f19919cc000
 GID: 00:00:00:00:00:00:00:00:00:00:255:255:10:01:02:02
 remote address: LID 0000 QPN 0x0b2d PSN 0x319e33 RKey 0x074400 VAddr 0x007f19919dc000
 GID: 00:00:00:00:00:00:00:00:00:00:255:255:10:01:02:02
 remote address: LID 0000 QPN 0x0b2e PSN 0xadc349 RKey 0x074400 VAddr 0x007f19919ec000
 GID: 00:00:00:00:00:00:00:00:00:00:255:255:10:01:02:02
 remote address: LID 0000 QPN 0x0b2f PSN 0xdf8e1b RKey 0x074400 VAddr 0x007f19919fc000
 GID: 00:00:00:00:00:00:00:00:00:00:255:255:10:01:02:02
 remote address: LID 0000 QPN 0x0b30 PSN 0x8937bf RKey 0x074400 VAddr 0x007f1991a0c000
 GID: 00:00:00:00:00:00:00:00:00:00:255:255:10:01:02:02
 remote address: LID 0000 QPN 0x0b31 PSN 0x3625f5 RKey 0x074400 VAddr 0x007f1991a1c000
 GID: 00:00:00:00:00:00:00:00:00:00:255:255:10:01:02:02
 remote address: LID 0000 QPN 0x0b32 PSN 0x5c854b RKey 0x074400 VAddr 0x007f1991a2c000
 GID: 00:00:00:00:00:00:00:00:00:00:255:255:10:01:02:02
 remote address: LID 0000 QPN 0x0b33 PSN 0x65eb1f RKey 0x074400 VAddr 0x007f1991a3c000
 GID: 00:00:00:00:00:00:00:00:00:00:255:255:10:01:02:02
 remote address: LID 0000 QPN 0x0b34 PSN 0xf7a968 RKey 0x074400 VAddr 0x007f1991a4c000
 GID: 00:00:00:00:00:00:00:00:00:00:255:255:10:01:02:02
 remote address: LID 0000 QPN 0x0b35 PSN 0xfbe1b1 RKey 0x074400 VAddr 0x007f1991a5c000
 GID: 00:00:00:00:00:00:00:00:00:00:255:255:10:01:02:02
 remote address: LID 0000 QPN 0x0b36 PSN 0x111ee6 RKey 0x074400 VAddr 0x007f1991a6c000
 GID: 00:00:00:00:00:00:00:00:00:00:255:255:10:01:02:02
 remote address: LID 0000 QPN 0x0b37 PSN 0x15f460 RKey 0x074400 VAddr 0x007f1991a7c000
 GID: 00:00:00:00:00:00:00:00:00:00:255:255:10:01:02:02
 remote address: LID 0000 QPN 0x0b38 PSN 0x48e6e6 RKey 0x074400 VAddr 0x007f1991a8c000
 GID: 00:00:00:00:00:00:00:00:00:00:255:255:10:01:02:02
 remote address: LID 0000 QPN 0x0b39 PSN 0x69e1d RKey 0x074400 VAddr 0x007f1991a9c000
 GID: 00:00:00:00:00:00:00:00:00:00:255:255:10:01:02:02
 remote address: LID 0000 QPN 0x0b3a PSN 0x1ee9cc RKey 0x074400 VAddr 0x007f1991aac000
 GID: 00:00:00:00:00:00:00:00:00:00:255:255:10:01:02:02
 remote address: LID 0000 QPN 0x0b3b PSN 0x1b7ee0 RKey 0x074400 VAddr 0x007f1991abc000
 GID: 00:00:00:00:00:00:00:00:00:00:255:255:10:01:02:02
 remote address: LID 0000 QPN 0x0b3c PSN 0x587576 RKey 0x074400 VAddr 0x007f1991acc000
 GID: 00:00:00:00:00:00:00:00:00:00:255:255:10:01:02:02
 remote address: LID 0000 QPN 0x0b3d PSN 0x568ad8 RKey 0x074400 VAddr 0x007f1991adc000
 GID: 00:00:00:00:00:00:00:00:00:00:255:255:10:01:02:02
 remote address: LID 0000 QPN 0x0b3e PSN 0xccc2e9 RKey 0x074400 VAddr 0x007f1991aec000
 GID: 00:00:00:00:00:00:00:00:00:00:255:255:10:01:02:02
 remote address: LID 0000 QPN 0x0b3f PSN 0xa011b2 RKey 0x074400 VAddr 0x007f1991afc000
 GID: 00:00:00:00:00:00:00:00:00:00:255:255:10:01:02:02
 remote address: LID 0000 QPN 0x0b40 PSN 0xeee807 RKey 0x074400 VAddr 0x007f1991b0c000
 GID: 00:00:00:00:00:00:00:00:00:00:255:255:10:01:02:02
 remote address: LID 0000 QPN 0x0b41 PSN 0x6a9b66 RKey 0x074400 VAddr 0x007f1991b1c000
 GID: 00:00:00:00:00:00:00:00:00:00:255:255:10:01:02:02
 remote address: LID 0000 QPN 0x0b42 PSN 0xf0f0d4 RKey 0x074400 VAddr 0x007f1991b2c000
 GID: 00:00:00:00:00:00:00:00:00:00:255:255:10:01:02:02
 remote address: LID 0000 QPN 0x0b43 PSN 0x4e7089 RKey 0x074400 VAddr 0x007f1991b3c000
 GID: 00:00:00:00:00:00:00:00:00:00:255:255:10:01:02:02
 remote address: LID 0000 QPN 0x0b44 PSN 0x73d7f6 RKey 0x074400 VAddr 0x007f1991b4c000
 GID: 00:00:00:00:00:00:00:00:00:00:255:255:10:01:02:02
 remote address: LID 0000 QPN 0x0b45 PSN 0x5dbdc9 RKey 0x074400 VAddr 0x007f1991b5c000
 GID: 00:00:00:00:00:00:00:00:00:00:255:255:10:01:02:02
 remote address: LID 0000 QPN 0x0b46 PSN 0x67bf60 RKey 0x074400 VAddr 0x007f1991b6c000
 GID: 00:00:00:00:00:00:00:00:00:00:255:255:10:01:02:02
 remote address: LID 0000 QPN 0x0b47 PSN 0x3004db RKey 0x074400 VAddr 0x007f1991b7c000
 GID: 00:00:00:00:00:00:00:00:00:00:255:255:10:01:02:02
 remote address: LID 0000 QPN 0x0b48 PSN 0x6767f2 RKey 0x074400 VAddr 0x007f1991b8c000
 GID: 00:00:00:00:00:00:00:00:00:00:255:255:10:01:02:02
 remote address: LID 0000 QPN 0x0b49 PSN 0x92a0b8 RKey 0x074400 VAddr 0x007f1991b9c000
 GID: 00:00:00:00:00:00:00:00:00:00:255:255:10:01:02:02
 remote address: LID 0000 QPN 0x0b4a PSN 0xc70251 RKey 0x074400 VAddr 0x007f1991bac000
 GID: 00:00:00:00:00:00:00:00:00:00:255:255:10:01:02:02
 remote address: LID 0000 QPN 0x0b4b PSN 0x9f6fb1 RKey 0x074400 VAddr 0x007f1991bbc000
 GID: 00:00:00:00:00:00:00:00:00:00:255:255:10:01:02:02
 remote address: LID 0000 QPN 0x0b4c PSN 0xddd2ff RKey 0x074400 VAddr 0x007f1991bcc000
 GID: 00:00:00:00:00:00:00:00:00:00:255:255:10:01:02:02
 remote address: LID 0000 QPN 0x0b4d PSN 0xa3637f RKey 0x074400 VAddr 0x007f1991bdc000
 GID: 00:00:00:00:00:00:00:00:00:00:255:255:10:01:02:02
 remote address: LID 0000 QPN 0x0b4e PSN 0x61d12b RKey 0x074400 VAddr 0x007f1991bec000
 GID: 00:00:00:00:00:00:00:00:00:00:255:255:10:01:02:02
 remote address: LID 0000 QPN 0x0b4f PSN 0x362e0e RKey 0x074400 VAddr 0x007f1991bfc000
 GID: 00:00:00:00:00:00:00:00:00:00:255:255:10:01:02:02
 remote address: LID 0000 QPN 0x0b50 PSN 0x1da996 RKey 0x074400 VAddr 0x007f1991c0c000
 GID: 00:00:00:00:00:00:00:00:00:00:255:255:10:01:02:02
 remote address: LID 0000 QPN 0x0b51 PSN 0x62972 RKey 0x074400 VAddr 0x007f1991c1c000
 GID: 00:00:00:00:00:00:00:00:00:00:255:255:10:01:02:02
 remote address: LID 0000 QPN 0x0b52 PSN 0x52ee26 RKey 0x074400 VAddr 0x007f1991c2c000
 GID: 00:00:00:00:00:00:00:00:00:00:255:255:10:01:02:02
 remote address: LID 0000 QPN 0x0b53 PSN 0xcfd9f9 RKey 0x074400 VAddr 0x007f1991c3c000
 GID: 00:00:00:00:00:00:00:00:00:00:255:255:10:01:02:02
 remote address: LID 0000 QPN 0x0b54 PSN 0xa97ee9 RKey 0x074400 VAddr 0x007f1991c4c000
 GID: 00:00:00:00:00:00:00:00:00:00:255:255:10:01:02:02
 remote address: LID 0000 QPN 0x0b55 PSN 0xad2b0f RKey 0x074400 VAddr 0x007f1991c5c000
 GID: 00:00:00:00:00:00:00:00:00:00:255:255:10:01:02:02
 remote address: LID 0000 QPN 0x0b56 PSN 0xf96a3f RKey 0x074400 VAddr 0x007f1991c6c000
 GID: 00:00:00:00:00:00:00:00:00:00:255:255:10:01:02:02
 remote address: LID 0000 QPN 0x0b57 PSN 0x9c3229 RKey 0x074400 VAddr 0x007f1991c7c000
 GID: 00:00:00:00:00:00:00:00:00:00:255:255:10:01:02:02
 remote address: LID 0000 QPN 0x0b58 PSN 0x87e843 RKey 0x074400 VAddr 0x007f1991c8c000
 GID: 00:00:00:00:00:00:00:00:00:00:255:255:10:01:02:02
 remote address: LID 0000 QPN 0x0b59 PSN 0x787eaf RKey 0x074400 VAddr 0x007f1991c9c000
 GID: 00:00:00:00:00:00:00:00:00:00:255:255:10:01:02:02
 remote address: LID 0000 QPN 0x0b5a PSN 0x3a3868 RKey 0x074400 VAddr 0x007f1991cac000
 GID: 00:00:00:00:00:00:00:00:00:00:255:255:10:01:02:02
 remote address: LID 0000 QPN 0x0b5b PSN 0x61b24d RKey 0x074400 VAddr 0x007f1991cbc000
 GID: 00:00:00:00:00:00:00:00:00:00:255:255:10:01:02:02
 remote address: LID 0000 QPN 0x0b5c PSN 0xa8d08e RKey 0x074400 VAddr 0x007f1991ccc000
 GID: 00:00:00:00:00:00:00:00:00:00:255:255:10:01:02:02
 remote address: LID 0000 QPN 0x0b5d PSN 0x3972e9 RKey 0x074400 VAddr 0x007f1991cdc000
 GID: 00:00:00:00:00:00:00:00:00:00:255:255:10:01:02:02
 remote address: LID 0000 QPN 0x0b5e PSN 0x1281e0 RKey 0x074400 VAddr 0x007f1991cec000
 GID: 00:00:00:00:00:00:00:00:00:00:255:255:10:01:02:02
 remote address: LID 0000 QPN 0x0b5f PSN 0x2525f5 RKey 0x074400 VAddr 0x007f1991cfc000
 GID: 00:00:00:00:00:00:00:00:00:00:255:255:10:01:02:02
 remote address: LID 0000 QPN 0x0b60 PSN 0xf541ef RKey 0x074400 VAddr 0x007f1991d0c000
 GID: 00:00:00:00:00:00:00:00:00:00:255:255:10:01:02:02
 remote address: LID 0000 QPN 0x0b61 PSN 0xeaf484 RKey 0x074400 VAddr 0x007f1991d1c000
 GID: 00:00:00:00:00:00:00:00:00:00:255:255:10:01:02:02
 remote address: LID 0000 QPN 0x0b62 PSN 0xb1ad9d RKey 0x074400 VAddr 0x007f1991d2c000
 GID: 00:00:00:00:00:00:00:00:00:00:255:255:10:01:02:02
 remote address: LID 0000 QPN 0x0b63 PSN 0x74020 RKey 0x074400 VAddr 0x007f1991d3c000
 GID: 00:00:00:00:00:00:00:00:00:00:255:255:10:01:02:02
 remote address: LID 0000 QPN 0x0b64 PSN 0x6e78c RKey 0x074400 VAddr 0x007f1991d4c000
 GID: 00:00:00:00:00:00:00:00:00:00:255:255:10:01:02:02
 remote address: LID 0000 QPN 0x0b65 PSN 0x401a16 RKey 0x074400 VAddr 0x007f1991d5c000
 GID: 00:00:00:00:00:00:00:00:00:00:255:255:10:01:02:02
 remote address: LID 0000 QPN 0x0b66 PSN 0x8f2ce5 RKey 0x074400 VAddr 0x007f1991d6c000
 GID: 00:00:00:00:00:00:00:00:00:00:255:255:10:01:02:02
 remote address: LID 0000 QPN 0x0b67 PSN 0xefe163 RKey 0x074400 VAddr 0x007f1991d7c000
 GID: 00:00:00:00:00:00:00:00:00:00:255:255:10:01:02:02
 remote address: LID 0000 QPN 0x0b68 PSN 0xd6a96d RKey 0x074400 VAddr 0x007f1991d8c000
 GID: 00:00:00:00:00:00:00:00:00:00:255:255:10:01:02:02
 remote address: LID 0000 QPN 0x0b69 PSN 0x618f3d RKey 0x074400 VAddr 0x007f1991d9c000
 GID: 00:00:00:00:00:00:00:00:00:00:255:255:10:01:02:02
 remote address: LID 0000 QPN 0x0b6a PSN 0xdf3efb RKey 0x074400 VAddr 0x007f1991dac000
 GID: 00:00:00:00:00:00:00:00:00:00:255:255:10:01:02:02
 remote address: LID 0000 QPN 0x0b6b PSN 0x2f56b2 RKey 0x074400 VAddr 0x007f1991dbc000
 GID: 00:00:00:00:00:00:00:00:00:00:255:255:10:01:02:02
 remote address: LID 0000 QPN 0x0b6c PSN 0x5e480 RKey 0x074400 VAddr 0x007f1991dcc000
 GID: 00:00:00:00:00:00:00:00:00:00:255:255:10:01:02:02
 remote address: LID 0000 QPN 0x0b6d PSN 0x443979 RKey 0x074400 VAddr 0x007f1991ddc000
 GID: 00:00:00:00:00:00:00:00:00:00:255:255:10:01:02:02
 remote address: LID 0000 QPN 0x0b6e PSN 0x8afdf7 RKey 0x074400 VAddr 0x007f1991dec000
 GID: 00:00:00:00:00:00:00:00:00:00:255:255:10:01:02:02
 remote address: LID 0000 QPN 0x0b6f PSN 0x387ace RKey 0x074400 VAddr 0x007f1991dfc000
 GID: 00:00:00:00:00:00:00:00:00:00:255:255:10:01:02:02
 remote address: LID 0000 QPN 0x0b70 PSN 0xdbe0b6 RKey 0x074400 VAddr 0x007f1991e0c000
 GID: 00:00:00:00:00:00:00:00:00:00:255:255:10:01:02:02
 remote address: LID 0000 QPN 0x0b71 PSN 0xf10a5 RKey 0x074400 VAddr 0x007f1991e1c000
 GID: 00:00:00:00:00:00:00:00:00:00:255:255:10:01:02:02
 remote address: LID 0000 QPN 0x0b72 PSN 0x8326af RKey 0x074400 VAddr 0x007f1991e2c000
 GID: 00:00:00:00:00:00:00:00:00:00:255:255:10:01:02:02
 remote address: LID 0000 QPN 0x0b73 PSN 0x9b444b RKey 0x074400 VAddr 0x007f1991e3c000
 GID: 00:00:00:00:00:00:00:00:00:00:255:255:10:01:02:02
 remote address: LID 0000 QPN 0x0b74 PSN 0xc9474c RKey 0x074400 VAddr 0x007f1991e4c000
 GID: 00:00:00:00:00:00:00:00:00:00:255:255:10:01:02:02
 remote address: LID 0000 QPN 0x0b75 PSN 0x2bc510 RKey 0x074400 VAddr 0x007f1991e5c000
 GID: 00:00:00:00:00:00:00:00:00:00:255:255:10:01:02:02
 remote address: LID 0000 QPN 0x0b76 PSN 0xa2dd1 RKey 0x074400 VAddr 0x007f1991e6c000
 GID: 00:00:00:00:00:00:00:00:00:00:255:255:10:01:02:02
 remote address: LID 0000 QPN 0x0b77 PSN 0x15ea3d RKey 0x074400 VAddr 0x007f1991e7c000
 GID: 00:00:00:00:00:00:00:00:00:00:255:255:10:01:02:02
 remote address: LID 0000 QPN 0x0b78 PSN 0x5d7b24 RKey 0x074400 VAddr 0x007f1991e8c000
 GID: 00:00:00:00:00:00:00:00:00:00:255:255:10:01:02:02
 remote address: LID 0000 QPN 0x0b79 PSN 0x7d6d3c RKey 0x074400 VAddr 0x007f1991e9c000
 GID: 00:00:00:00:00:00:00:00:00:00:255:255:10:01:02:02
 remote address: LID 0000 QPN 0x0b7a PSN 0x895413 RKey 0x074400 VAddr 0x007f1991eac000
 GID: 00:00:00:00:00:00:00:00:00:00:255:255:10:01:02:02
 remote address: LID 0000 QPN 0x0b7b PSN 0x8b697f RKey 0x074400 VAddr 0x007f1991ebc000
 GID: 00:00:00:00:00:00:00:00:00:00:255:255:10:01:02:02
 remote address: LID 0000 QPN 0x0b7c PSN 0x35d551 RKey 0x074400 VAddr 0x007f1991ecc000
 GID: 00:00:00:00:00:00:00:00:00:00:255:255:10:01:02:02
 remote address: LID 0000 QPN 0x0b7d PSN 0x721532 RKey 0x074400 VAddr 0x007f1991edc000
 GID: 00:00:00:00:00:00:00:00:00:00:255:255:10:01:02:02
 remote address: LID 0000 QPN 0x0b7e PSN 0xcd8b81 RKey 0x074400 VAddr 0x007f1991eec000
 GID: 00:00:00:00:00:00:00:00:00:00:255:255:10:01:02:02
 remote address: LID 0000 QPN 0x0b7f PSN 0x90d49f RKey 0x074400 VAddr 0x007f1991efc000
 GID: 00:00:00:00:00:00:00:00:00:00:255:255:10:01:02:02
 remote address: LID 0000 QPN 0x0b80 PSN 0xace7b2 RKey 0x074400 VAddr 0x007f1991f0c000
 GID: 00:00:00:00:00:00:00:00:00:00:255:255:10:01:02:02
 remote address: LID 0000 QPN 0x0b81 PSN 0xd7a980 RKey 0x074400 VAddr 0x007f1991f1c000
 GID: 00:00:00:00:00:00:00:00:00:00:255:255:10:01:02:02
 remote address: LID 0000 QPN 0x0b82 PSN 0x441ff5 RKey 0x074400 VAddr 0x007f1991f2c000
 GID: 00:00:00:00:00:00:00:00:00:00:255:255:10:01:02:02
 remote address: LID 0000 QPN 0x0b83 PSN 0xaf7869 RKey 0x074400 VAddr 0x007f1991f3c000
 GID: 00:00:00:00:00:00:00:00:00:00:255:255:10:01:02:02
 remote address: LID 0000 QPN 0x0b84 PSN 0x1007b5 RKey 0x074400 VAddr 0x007f1991f4c000
 GID: 00:00:00:00:00:00:00:00:00:00:255:255:10:01:02:02
 remote address: LID 0000 QPN 0x0b85 PSN 0x2a57d1 RKey 0x074400 VAddr 0x007f1991f5c000
 GID: 00:00:00:00:00:00:00:00:00:00:255:255:10:01:02:02
 remote address: LID 0000 QPN 0x0b86 PSN 0x1c34a5 RKey 0x074400 VAddr 0x007f1991f6c000
 GID: 00:00:00:00:00:00:00:00:00:00:255:255:10:01:02:02
 remote address: LID 0000 QPN 0x0b87 PSN 0x107f0e RKey 0x074400 VAddr 0x007f1991f7c000
 GID: 00:00:00:00:00:00:00:00:00:00:255:255:10:01:02:02
 remote address: LID 0000 QPN 0x0b88 PSN 0x3833d RKey 0x074400 VAddr 0x007f1991f8c000
 GID: 00:00:00:00:00:00:00:00:00:00:255:255:10:01:02:02
 remote address: LID 0000 QPN 0x0b89 PSN 0x1a1f27 RKey 0x074400 VAddr 0x007f1991f9c000
 GID: 00:00:00:00:00:00:00:00:00:00:255:255:10:01:02:02
 remote address: LID 0000 QPN 0x0b8a PSN 0x3148d6 RKey 0x074400 VAddr 0x007f1991fac000
 GID: 00:00:00:00:00:00:00:00:00:00:255:255:10:01:02:02
 remote address: LID 0000 QPN 0x0b8b PSN 0xa75bf1 RKey 0x074400 VAddr 0x007f1991fbc000
 GID: 00:00:00:00:00:00:00:00:00:00:255:255:10:01:02:02
 remote address: LID 0000 QPN 0x0b8c PSN 0xa2019e RKey 0x074400 VAddr 0x007f1991fcc000
 GID: 00:00:00:00:00:00:00:00:00:00:255:255:10:01:02:02
 remote address: LID 0000 QPN 0x0b8d PSN 0xe6e9b7 RKey 0x074400 VAddr 0x007f1991fdc000
 GID: 00:00:00:00:00:00:00:00:00:00:255:255:10:01:02:02
 remote address: LID 0000 QPN 0x0b8e PSN 0x7415af RKey 0x074400 VAddr 0x007f1991fec000
 GID: 00:00:00:00:00:00:00:00:00:00:255:255:10:01:02:02
 remote address: LID 0000 QPN 0x0b8f PSN 0xbaea0f RKey 0x074400 VAddr 0x007f1991ffc000
 GID: 00:00:00:00:00:00:00:00:00:00:255:255:10:01:02:02
 remote address: LID 0000 QPN 0x0b90 PSN 0xe9b2c5 RKey 0x074400 VAddr 0x007f199200c000
 GID: 00:00:00:00:00:00:00:00:00:00:255:255:10:01:02:02
 remote address: LID 0000 QPN 0x0b91 PSN 0x8e2a61 RKey 0x074400 VAddr 0x007f199201c000
 GID: 00:00:00:00:00:00:00:00:00:00:255:255:10:01:02:02
 remote address: LID 0000 QPN 0x0b92 PSN 0x4a3728 RKey 0x074400 VAddr 0x007f199202c000
 GID: 00:00:00:00:00:00:00:00:00:00:255:255:10:01:02:02
 remote address: LID 0000 QPN 0x0b93 PSN 0x81c708 RKey 0x074400 VAddr 0x007f199203c000
 GID: 00:00:00:00:00:00:00:00:00:00:255:255:10:01:02:02
 remote address: LID 0000 QPN 0x0b94 PSN 0x520e75 RKey 0x074400 VAddr 0x007f199204c000
 GID: 00:00:00:00:00:00:00:00:00:00:255:255:10:01:02:02
 remote address: LID 0000 QPN 0x0b95 PSN 0x3a97ca RKey 0x074400 VAddr 0x007f199205c000
 GID: 00:00:00:00:00:00:00:00:00:00:255:255:10:01:02:02
 remote address: LID 0000 QPN 0x0b96 PSN 0x323221 RKey 0x074400 VAddr 0x007f199206c000
 GID: 00:00:00:00:00:00:00:00:00:00:255:255:10:01:02:02
 remote address: LID 0000 QPN 0x0b97 PSN 0x514ce RKey 0x074400 VAddr 0x007f199207c000
 GID: 00:00:00:00:00:00:00:00:00:00:255:255:10:01:02:02
 remote address: LID 0000 QPN 0x0b98 PSN 0xf05ac RKey 0x074400 VAddr 0x007f199208c000
 GID: 00:00:00:00:00:00:00:00:00:00:255:255:10:01:02:02
 remote address: LID 0000 QPN 0x0b99 PSN 0x963f18 RKey 0x074400 VAddr 0x007f199209c000
 GID: 00:00:00:00:00:00:00:00:00:00:255:255:10:01:02:02
 remote address: LID 0000 QPN 0x0b9a PSN 0x898f RKey 0x074400 VAddr 0x007f19920ac000
 GID: 00:00:00:00:00:00:00:00:00:00:255:255:10:01:02:02
 remote address: LID 0000 QPN 0x0b9b PSN 0x456be9 RKey 0x074400 VAddr 0x007f19920bc000
 GID: 00:00:00:00:00:00:00:00:00:00:255:255:10:01:02:02
 remote address: LID 0000 QPN 0x0b9c PSN 0xb2a824 RKey 0x074400 VAddr 0x007f19920cc000
 GID: 00:00:00:00:00:00:00:00:00:00:255:255:10:01:02:02
 remote address: LID 0000 QPN 0x0b9d PSN 0x28c849 RKey 0x074400 VAddr 0x007f19920dc000
 GID: 00:00:00:00:00:00:00:00:00:00:255:255:10:01:02:02
 remote address: LID 0000 QPN 0x0b9e PSN 0x63b4d1 RKey 0x074400 VAddr 0x007f19920ec000
 GID: 00:00:00:00:00:00:00:00:00:00:255:255:10:01:02:02
 remote address: LID 0000 QPN 0x0b9f PSN 0x506864 RKey 0x074400 VAddr 0x007f19920fc000
 GID: 00:00:00:00:00:00:00:00:00:00:255:255:10:01:02:02
 remote address: LID 0000 QPN 0x0ba0 PSN 0xac5ff5 RKey 0x074400 VAddr 0x007f199210c000
 GID: 00:00:00:00:00:00:00:00:00:00:255:255:10:01:02:02
 remote address: LID 0000 QPN 0x0ba1 PSN 0x6f6630 RKey 0x074400 VAddr 0x007f199211c000
 GID: 00:00:00:00:00:00:00:00:00:00:255:255:10:01:02:02
 remote address: LID 0000 QPN 0x0ba2 PSN 0x27e921 RKey 0x074400 VAddr 0x007f199212c000
 GID: 00:00:00:00:00:00:00:00:00:00:255:255:10:01:02:02
 remote address: LID 0000 QPN 0x0ba3 PSN 0x31db58 RKey 0x074400 VAddr 0x007f199213c000
 GID: 00:00:00:00:00:00:00:00:00:00:255:255:10:01:02:02
 remote address: LID 0000 QPN 0x0ba4 PSN 0xb50557 RKey 0x074400 VAddr 0x007f199214c000
 GID: 00:00:00:00:00:00:00:00:00:00:255:255:10:01:02:02
 remote address: LID 0000 QPN 0x0ba5 PSN 0x798c0e RKey 0x074400 VAddr 0x007f199215c000
 GID: 00:00:00:00:00:00:00:00:00:00:255:255:10:01:02:02
 remote address: LID 0000 QPN 0x0ba6 PSN 0x10c825 RKey 0x074400 VAddr 0x007f199216c000
 GID: 00:00:00:00:00:00:00:00:00:00:255:255:10:01:02:02
 remote address: LID 0000 QPN 0x0ba7 PSN 0x124b12 RKey 0x074400 VAddr 0x007f199217c000
 GID: 00:00:00:00:00:00:00:00:00:00:255:255:10:01:02:02
 remote address: LID 0000 QPN 0x0ba8 PSN 0xa92c86 RKey 0x074400 VAddr 0x007f199218c000
 GID: 00:00:00:00:00:00:00:00:00:00:255:255:10:01:02:02
 remote address: LID 0000 QPN 0x0ba9 PSN 0x2d22c9 RKey 0x074400 VAddr 0x007f199219c000
 GID: 00:00:00:00:00:00:00:00:00:00:255:255:10:01:02:02
 remote address: LID 0000 QPN 0x0baa PSN 0x2e25a5 RKey 0x074400 VAddr 0x007f19921ac000
 GID: 00:00:00:00:00:00:00:00:00:00:255:255:10:01:02:02
 remote address: LID 0000 QPN 0x0bab PSN 0x50be4 RKey 0x074400 VAddr 0x007f19921bc000
 GID: 00:00:00:00:00:00:00:00:00:00:255:255:10:01:02:02
 remote address: LID 0000 QPN 0x0bac PSN 0xc72fbe RKey 0x074400 VAddr 0x007f19921cc000
 GID: 00:00:00:00:00:00:00:00:00:00:255:255:10:01:02:02
 remote address: LID 0000 QPN 0x0bad PSN 0x8697cb RKey 0x074400 VAddr 0x007f19921dc000
 GID: 00:00:00:00:00:00:00:00:00:00:255:255:10:01:02:02
 remote address: LID 0000 QPN 0x0bae PSN 0x723658 RKey 0x074400 VAddr 0x007f19921ec000
 GID: 00:00:00:00:00:00:00:00:00:00:255:255:10:01:02:02
 remote address: LID 0000 QPN 0x0baf PSN 0xa2db85 RKey 0x074400 VAddr 0x007f19921fc000
 GID: 00:00:00:00:00:00:00:00:00:00:255:255:10:01:02:02
 remote address: LID 0000 QPN 0x0bb0 PSN 0xdc9766 RKey 0x074400 VAddr 0x007f199220c000
 GID: 00:00:00:00:00:00:00:00:00:00:255:255:10:01:02:02
 remote address: LID 0000 QPN 0x0bb1 PSN 0xd4bf7a RKey 0x074400 VAddr 0x007f199221c000
 GID: 00:00:00:00:00:00:00:00:00:00:255:255:10:01:02:02
 remote address: LID 0000 QPN 0x0bb2 PSN 0x2299d7 RKey 0x074400 VAddr 0x007f199222c000
 GID: 00:00:00:00:00:00:00:00:00:00:255:255:10:01:02:02
 remote address: LID 0000 QPN 0x0bb3 PSN 0x328925 RKey 0x074400 VAddr 0x007f199223c000
 GID: 00:00:00:00:00:00:00:00:00:00:255:255:10:01:02:02
 remote address: LID 0000 QPN 0x0bb4 PSN 0xc6a249 RKey 0x074400 VAddr 0x007f199224c000
 GID: 00:00:00:00:00:00:00:00:00:00:255:255:10:01:02:02
 remote address: LID 0000 QPN 0x0bb5 PSN 0xb6254f RKey 0x074400 VAddr 0x007f199225c000
 GID: 00:00:00:00:00:00:00:00:00:00:255:255:10:01:02:02
 remote address: LID 0000 QPN 0x0bb6 PSN 0xa2d1b3 RKey 0x074400 VAddr 0x007f199226c000
 GID: 00:00:00:00:00:00:00:00:00:00:255:255:10:01:02:02
 remote address: LID 0000 QPN 0x0bb7 PSN 0x6fd412 RKey 0x074400 VAddr 0x007f199227c000
 GID: 00:00:00:00:00:00:00:00:00:00:255:255:10:01:02:02
 remote address: LID 0000 QPN 0x0bb8 PSN 0xe3cfff RKey 0x074400 VAddr 0x007f199228c000
 GID: 00:00:00:00:00:00:00:00:00:00:255:255:10:01:02:02
 remote address: LID 0000 QPN 0x0bb9 PSN 0x1d0395 RKey 0x074400 VAddr 0x007f199229c000
 GID: 00:00:00:00:00:00:00:00:00:00:255:255:10:01:02:02
 remote address: LID 0000 QPN 0x0bba PSN 0x2dd7a2 RKey 0x074400 VAddr 0x007f19922ac000
 GID: 00:00:00:00:00:00:00:00:00:00:255:255:10:01:02:02
 remote address: LID 0000 QPN 0x0bbb PSN 0x994b00 RKey 0x074400 VAddr 0x007f19922bc000
 GID: 00:00:00:00:00:00:00:00:00:00:255:255:10:01:02:02
 remote address: LID 0000 QPN 0x0bbc PSN 0xd06f6a RKey 0x074400 VAddr 0x007f19922cc000
 GID: 00:00:00:00:00:00:00:00:00:00:255:255:10:01:02:02
 remote address: LID 0000 QPN 0x0bbd PSN 0x78bcc0 RKey 0x074400 VAddr 0x007f19922dc000
 GID: 00:00:00:00:00:00:00:00:00:00:255:255:10:01:02:02
 remote address: LID 0000 QPN 0x0bbe PSN 0x7da4d4 RKey 0x074400 VAddr 0x007f19922ec000
 GID: 00:00:00:00:00:00:00:00:00:00:255:255:10:01:02:02
 remote address: LID 0000 QPN 0x0bbf PSN 0xf095f8 RKey 0x074400 VAddr 0x007f19922fc000
 GID: 00:00:00:00:00:00:00:00:00:00:255:255:10:01:02:02
 remote address: LID 0000 QPN 0x0bc0 PSN 0x26535c RKey 0x074400 VAddr 0x007f199230c000
 GID: 00:00:00:00:00:00:00:00:00:00:255:255:10:01:02:02
 remote address: LID 0000 QPN 0x0bc1 PSN 0xf75068 RKey 0x074400 VAddr 0x007f199231c000
 GID: 00:00:00:00:00:00:00:00:00:00:255:255:10:01:02:02
 remote address: LID 0000 QPN 0x0bc2 PSN 0x3a9c64 RKey 0x074400 VAddr 0x007f199232c000
 GID: 00:00:00:00:00:00:00:00:00:00:255:255:10:01:02:02
 remote address: LID 0000 QPN 0x0bc3 PSN 0xe534e0 RKey 0x074400 VAddr 0x007f199233c000
 GID: 00:00:00:00:00:00:00:00:00:00:255:255:10:01:02:02
 remote address: LID 0000 QPN 0x0bc4 PSN 0x17ef56 RKey 0x074400 VAddr 0x007f199234c000
 GID: 00:00:00:00:00:00:00:00:00:00:255:255:10:01:02:02
 remote address: LID 0000 QPN 0x0bc5 PSN 0x3ee5e0 RKey 0x074400 VAddr 0x007f199235c000
 GID: 00:00:00:00:00:00:00:00:00:00:255:255:10:01:02:02
 remote address: LID 0000 QPN 0x0bc6 PSN 0x79eaea RKey 0x074400 VAddr 0x007f199236c000
 GID: 00:00:00:00:00:00:00:00:00:00:255:255:10:01:02:02
 remote address: LID 0000 QPN 0x0bc7 PSN 0x585ca3 RKey 0x074400 VAddr 0x007f199237c000
 GID: 00:00:00:00:00:00:00:00:00:00:255:255:10:01:02:02
 remote address: LID 0000 QPN 0x0bc8 PSN 0xc13e6b RKey 0x074400 VAddr 0x007f199238c000
 GID: 00:00:00:00:00:00:00:00:00:00:255:255:10:01:02:02
 remote address: LID 0000 QPN 0x0bc9 PSN 0xa72677 RKey 0x074400 VAddr 0x007f199239c000
 GID: 00:00:00:00:00:00:00:00:00:00:255:255:10:01:02:02
 remote address: LID 0000 QPN 0x0bca PSN 0xb10d2d RKey 0x074400 VAddr 0x007f19923ac000
 GID: 00:00:00:00:00:00:00:00:00:00:255:255:10:01:02:02
 remote address: LID 0000 QPN 0x0bcb PSN 0x693cfc RKey 0x074400 VAddr 0x007f19923bc000
 GID: 00:00:00:00:00:00:00:00:00:00:255:255:10:01:02:02
 remote address: LID 0000 QPN 0x0bcc PSN 0xcf644 RKey 0x074400 VAddr 0x007f19923cc000
 GID: 00:00:00:00:00:00:00:00:00:00:255:255:10:01:02:02
 remote address: LID 0000 QPN 0x0bcd PSN 0x7bc14b RKey 0x074400 VAddr 0x007f19923dc000
 GID: 00:00:00:00:00:00:00:00:00:00:255:255:10:01:02:02
 remote address: LID 0000 QPN 0x0bce PSN 0x75cff5 RKey 0x074400 VAddr 0x007f19923ec000
 GID: 00:00:00:00:00:00:00:00:00:00:255:255:10:01:02:02
 remote address: LID 0000 QPN 0x0bcf PSN 0xa398e4 RKey 0x074400 VAddr 0x007f19923fc000
 GID: 00:00:00:00:00:00:00:00:00:00:255:255:10:01:02:02
 remote address: LID 0000 QPN 0x0bd0 PSN 0x32a83c RKey 0x074400 VAddr 0x007f199240c000
 GID: 00:00:00:00:00:00:00:00:00:00:255:255:10:01:02:02
 remote address: LID 0000 QPN 0x0bd1 PSN 0xcd12c5 RKey 0x074400 VAddr 0x007f199241c000
 GID: 00:00:00:00:00:00:00:00:00:00:255:255:10:01:02:02
 remote address: LID 0000 QPN 0x0bd2 PSN 0x453aff RKey 0x074400 VAddr 0x007f199242c000
 GID: 00:00:00:00:00:00:00:00:00:00:255:255:10:01:02:02
 remote address: LID 0000 QPN 0x0bd3 PSN 0xdf3b96 RKey 0x074400 VAddr 0x007f199243c000
 GID: 00:00:00:00:00:00:00:00:00:00:255:255:10:01:02:02
 remote address: LID 0000 QPN 0x0bd4 PSN 0x3a92ab RKey 0x074400 VAddr 0x007f199244c000
 GID: 00:00:00:00:00:00:00:00:00:00:255:255:10:01:02:02
 remote address: LID 0000 QPN 0x0bd5 PSN 0x6989b4 RKey 0x074400 VAddr 0x007f199245c000
 GID: 00:00:00:00:00:00:00:00:00:00:255:255:10:01:02:02
 remote address: LID 0000 QPN 0x0bd6 PSN 0x80f90a RKey 0x074400 VAddr 0x007f199246c000
 GID: 00:00:00:00:00:00:00:00:00:00:255:255:10:01:02:02
 remote address: LID 0000 QPN 0x0bd7 PSN 0x3d743b RKey 0x074400 VAddr 0x007f199247c000
 GID: 00:00:00:00:00:00:00:00:00:00:255:255:10:01:02:02
 remote address: LID 0000 QPN 0x0bd8 PSN 0xbe0441 RKey 0x074400 VAddr 0x007f199248c000
 GID: 00:00:00:00:00:00:00:00:00:00:255:255:10:01:02:02
 remote address: LID 0000 QPN 0x0bd9 PSN 0x6a0409 RKey 0x074400 VAddr 0x007f199249c000
 GID: 00:00:00:00:00:00:00:00:00:00:255:255:10:01:02:02
 remote address: LID 0000 QPN 0x0bda PSN 0xf9ef0f RKey 0x074400 VAddr 0x007f19924ac000
 GID: 00:00:00:00:00:00:00:00:00:00:255:255:10:01:02:02
 remote address: LID 0000 QPN 0x0bdb PSN 0x1a6238 RKey 0x074400 VAddr 0x007f19924bc000
 GID: 00:00:00:00:00:00:00:00:00:00:255:255:10:01:02:02
 remote address: LID 0000 QPN 0x0bdc PSN 0x675388 RKey 0x074400 VAddr 0x007f19924cc000
 GID: 00:00:00:00:00:00:00:00:00:00:255:255:10:01:02:02
 remote address: LID 0000 QPN 0x0bdd PSN 0xe4fd2d RKey 0x074400 VAddr 0x007f19924dc000
 GID: 00:00:00:00:00:00:00:00:00:00:255:255:10:01:02:02
 remote address: LID 0000 QPN 0x0bde PSN 0xd7d48d RKey 0x074400 VAddr 0x007f19924ec000
 GID: 00:00:00:00:00:00:00:00:00:00:255:255:10:01:02:02
 remote address: LID 0000 QPN 0x0bdf PSN 0x1a7c10 RKey 0x074400 VAddr 0x007f19924fc000
 GID: 00:00:00:00:00:00:00:00:00:00:255:255:10:01:02:02
 remote address: LID 0000 QPN 0x0be0 PSN 0xa28c8b RKey 0x074400 VAddr 0x007f199250c000
 GID: 00:00:00:00:00:00:00:00:00:00:255:255:10:01:02:02
 remote address: LID 0000 QPN 0x0be1 PSN 0x8007fb RKey 0x074400 VAddr 0x007f199251c000
 GID: 00:00:00:00:00:00:00:00:00:00:255:255:10:01:02:02
 remote address: LID 0000 QPN 0x0be2 PSN 0x98bf02 RKey 0x074400 VAddr 0x007f199252c000
 GID: 00:00:00:00:00:00:00:00:00:00:255:255:10:01:02:02
 remote address: LID 0000 QPN 0x0be3 PSN 0x595af6 RKey 0x074400 VAddr 0x007f199253c000
 GID: 00:00:00:00:00:00:00:00:00:00:255:255:10:01:02:02
 remote address: LID 0000 QPN 0x0be4 PSN 0xa01695 RKey 0x074400 VAddr 0x007f199254c000
 GID: 00:00:00:00:00:00:00:00:00:00:255:255:10:01:02:02
 remote address: LID 0000 QPN 0x0be5 PSN 0x54ae5d RKey 0x074400 VAddr 0x007f199255c000
 GID: 00:00:00:00:00:00:00:00:00:00:255:255:10:01:02:02
 remote address: LID 0000 QPN 0x0be6 PSN 0x60b276 RKey 0x074400 VAddr 0x007f199256c000
 GID: 00:00:00:00:00:00:00:00:00:00:255:255:10:01:02:02
 remote address: LID 0000 QPN 0x0be7 PSN 0xc574f3 RKey 0x074400 VAddr 0x007f199257c000
 GID: 00:00:00:00:00:00:00:00:00:00:255:255:10:01:02:02
 remote address: LID 0000 QPN 0x0be8 PSN 0x5cb412 RKey 0x074400 VAddr 0x007f199258c000
 GID: 00:00:00:00:00:00:00:00:00:00:255:255:10:01:02:02
 remote address: LID 0000 QPN 0x0be9 PSN 0x957086 RKey 0x074400 VAddr 0x007f199259c000
 GID: 00:00:00:00:00:00:00:00:00:00:255:255:10:01:02:02
 remote address: LID 0000 QPN 0x0bea PSN 0x6930 RKey 0x074400 VAddr 0x007f19925ac000
 GID: 00:00:00:00:00:00:00:00:00:00:255:255:10:01:02:02
 remote address: LID 0000 QPN 0x0beb PSN 0x850fb0 RKey 0x074400 VAddr 0x007f19925bc000
 GID: 00:00:00:00:00:00:00:00:00:00:255:255:10:01:02:02
 remote address: LID 0000 QPN 0x0bec PSN 0xf65e93 RKey 0x074400 VAddr 0x007f19925cc000
 GID: 00:00:00:00:00:00:00:00:00:00:255:255:10:01:02:02
 remote address: LID 0000 QPN 0x0bed PSN 0x313dc9 RKey 0x074400 VAddr 0x007f19925dc000
 GID: 00:00:00:00:00:00:00:00:00:00:255:255:10:01:02:02
 remote address: LID 0000 QPN 0x0bee PSN 0x1ba48c RKey 0x074400 VAddr 0x007f19925ec000
 GID: 00:00:00:00:00:00:00:00:00:00:255:255:10:01:02:02
 remote address: LID 0000 QPN 0x0bef PSN 0x7b55e1 RKey 0x074400 VAddr 0x007f19925fc000
 GID: 00:00:00:00:00:00:00:00:00:00:255:255:10:01:02:02
 remote address: LID 0000 QPN 0x0bf0 PSN 0x4ba0ed RKey 0x074400 VAddr 0x007f199260c000
 GID: 00:00:00:00:00:00:00:00:00:00:255:255:10:01:02:02
 remote address: LID 0000 QPN 0x0bf1 PSN 0xff6115 RKey 0x074400 VAddr 0x007f199261c000
 GID: 00:00:00:00:00:00:00:00:00:00:255:255:10:01:02:02
 remote address: LID 0000 QPN 0x0bf2 PSN 0xca78e5 RKey 0x074400 VAddr 0x007f199262c000
 GID: 00:00:00:00:00:00:00:00:00:00:255:255:10:01:02:02
 remote address: LID 0000 QPN 0x0bf3 PSN 0x49194e RKey 0x074400 VAddr 0x007f199263c000
 GID: 00:00:00:00:00:00:00:00:00:00:255:255:10:01:02:02
 remote address: LID 0000 QPN 0x0bf4 PSN 0xdb3180 RKey 0x074400 VAddr 0x007f199264c000
 GID: 00:00:00:00:00:00:00:00:00:00:255:255:10:01:02:02
 remote address: LID 0000 QPN 0x0bf5 PSN 0x637b0e RKey 0x074400 VAddr 0x007f199265c000
 GID: 00:00:00:00:00:00:00:00:00:00:255:255:10:01:02:02
 remote address: LID 0000 QPN 0x0bf6 PSN 0x1626ac RKey 0x074400 VAddr 0x007f199266c000
 GID: 00:00:00:00:00:00:00:00:00:00:255:255:10:01:02:02
 remote address: LID 0000 QPN 0x0bf7 PSN 0x136b7f RKey 0x074400 VAddr 0x007f199267c000
 GID: 00:00:00:00:00:00:00:00:00:00:255:255:10:01:02:02
 remote address: LID 0000 QPN 0x0bf8 PSN 0x33ae95 RKey 0x074400 VAddr 0x007f199268c000
 GID: 00:00:00:00:00:00:00:00:00:00:255:255:10:01:02:02
 remote address: LID 0000 QPN 0x0bf9 PSN 0x78c3c8 RKey 0x074400 VAddr 0x007f199269c000
 GID: 00:00:00:00:00:00:00:00:00:00:255:255:10:01:02:02
 remote address: LID 0000 QPN 0x0bfa PSN 0xe9329a RKey 0x074400 VAddr 0x007f19926ac000
 GID: 00:00:00:00:00:00:00:00:00:00:255:255:10:01:02:02
 remote address: LID 0000 QPN 0x0bfb PSN 0x92d704 RKey 0x074400 VAddr 0x007f19926bc000
 GID: 00:00:00:00:00:00:00:00:00:00:255:255:10:01:02:02
 remote address: LID 0000 QPN 0x0bfc PSN 0x1f7ee1 RKey 0x074400 VAddr 0x007f19926cc000
 GID: 00:00:00:00:00:00:00:00:00:00:255:255:10:01:02:02
 remote address: LID 0000 QPN 0x0bfd PSN 0x4d6e22 RKey 0x074400 VAddr 0x007f19926dc000
 GID: 00:00:00:00:00:00:00:00:00:00:255:255:10:01:02:02
 remote address: LID 0000 QPN 0x0bfe PSN 0x938f02 RKey 0x074400 VAddr 0x007f19926ec000
 GID: 00:00:00:00:00:00:00:00:00:00:255:255:10:01:02:02
 remote address: LID 0000 QPN 0x0bff PSN 0x10a35e RKey 0x074400 VAddr 0x007f19926fc000
 GID: 00:00:00:00:00:00:00:00:00:00:255:255:10:01:02:02
 remote address: LID 0000 QPN 0x0c00 PSN 0x36f827 RKey 0x074400 VAddr 0x007f199270c000
 GID: 00:00:00:00:00:00:00:00:00:00:255:255:10:01:02:02
 remote address: LID 0000 QPN 0x0c01 PSN 0x2aa6bd RKey 0x074400 VAddr 0x007f199271c000
 GID: 00:00:00:00:00:00:00:00:00:00:255:255:10:01:02:02
 remote address: LID 0000 QPN 0x0c02 PSN 0xfec83f RKey 0x074400 VAddr 0x007f199272c000
 GID: 00:00:00:00:00:00:00:00:00:00:255:255:10:01:02:02
 remote address: LID 0000 QPN 0x0c03 PSN 0xa42d8e RKey 0x074400 VAddr 0x007f199273c000
 GID: 00:00:00:00:00:00:00:00:00:00:255:255:10:01:02:02
 remote address: LID 0000 QPN 0x0c04 PSN 0xc30df9 RKey 0x074400 VAddr 0x007f199274c000
 GID: 00:00:00:00:00:00:00:00:00:00:255:255:10:01:02:02
 remote address: LID 0000 QPN 0x0c05 PSN 0xf34898 RKey 0x074400 VAddr 0x007f199275c000
 GID: 00:00:00:00:00:00:00:00:00:00:255:255:10:01:02:02
 remote address: LID 0000 QPN 0x0c06 PSN 0x3b464d RKey 0x074400 VAddr 0x007f199276c000
 GID: 00:00:00:00:00:00:00:00:00:00:255:255:10:01:02:02
 remote address: LID 0000 QPN 0x0c07 PSN 0xd8ff37 RKey 0x074400 VAddr 0x007f199277c000
 GID: 00:00:00:00:00:00:00:00:00:00:255:255:10:01:02:02
 remote address: LID 0000 QPN 0x0c08 PSN 0xfcea9e RKey 0x074400 VAddr 0x007f199278c000
 GID: 00:00:00:00:00:00:00:00:00:00:255:255:10:01:02:02
 remote address: LID 0000 QPN 0x0c09 PSN 0xeb0149 RKey 0x074400 VAddr 0x007f199279c000
 GID: 00:00:00:00:00:00:00:00:00:00:255:255:10:01:02:02
 remote address: LID 0000 QPN 0x0c0a PSN 0x4ed574 RKey 0x074400 VAddr 0x007f19927ac000
 GID: 00:00:00:00:00:00:00:00:00:00:255:255:10:01:02:02
 remote address: LID 0000 QPN 0x0c0b PSN 0x86ee72 RKey 0x074400 VAddr 0x007f19927bc000
 GID: 00:00:00:00:00:00:00:00:00:00:255:255:10:01:02:02
 remote address: LID 0000 QPN 0x0c0c PSN 0xdaf40f RKey 0x074400 VAddr 0x007f19927cc000
 GID: 00:00:00:00:00:00:00:00:00:00:255:255:10:01:02:02
 remote address: LID 0000 QPN 0x0c0d PSN 0x593eda RKey 0x074400 VAddr 0x007f19927dc000
 GID: 00:00:00:00:00:00:00:00:00:00:255:255:10:01:02:02
 remote address: LID 0000 QPN 0x0c0e PSN 0x3dc81f RKey 0x074400 VAddr 0x007f19927ec000
 GID: 00:00:00:00:00:00:00:00:00:00:255:255:10:01:02:02
 remote address: LID 0000 QPN 0x0c0f PSN 0xb0302e RKey 0x074400 VAddr 0x007f19927fc000
 GID: 00:00:00:00:00:00:00:00:00:00:255:255:10:01:02:02
 remote address: LID 0000 QPN 0x0c10 PSN 0xe1df1c RKey 0x074400 VAddr 0x007f199280c000
 GID: 00:00:00:00:00:00:00:00:00:00:255:255:10:01:02:02
 remote address: LID 0000 QPN 0x0c11 PSN 0x16e13e RKey 0x074400 VAddr 0x007f199281c000
 GID: 00:00:00:00:00:00:00:00:00:00:255:255:10:01:02:02
 remote address: LID 0000 QPN 0x0c12 PSN 0x4b23cb RKey 0x074400 VAddr 0x007f199282c000
 GID: 00:00:00:00:00:00:00:00:00:00:255:255:10:01:02:02
 remote address: LID 0000 QPN 0x0c13 PSN 0x4de742 RKey 0x074400 VAddr 0x007f199283c000
 GID: 00:00:00:00:00:00:00:00:00:00:255:255:10:01:02:02
 remote address: LID 0000 QPN 0x0c14 PSN 0xf892ac RKey 0x074400 VAddr 0x007f199284c000
 GID: 00:00:00:00:00:00:00:00:00:00:255:255:10:01:02:02
 remote address: LID 0000 QPN 0x0c15 PSN 0xcb496f RKey 0x074400 VAddr 0x007f199285c000
 GID: 00:00:00:00:00:00:00:00:00:00:255:255:10:01:02:02
 remote address: LID 0000 QPN 0x0c16 PSN 0x816b1b RKey 0x074400 VAddr 0x007f199286c000
 GID: 00:00:00:00:00:00:00:00:00:00:255:255:10:01:02:02
 remote address: LID 0000 QPN 0x0c17 PSN 0xb25a11 RKey 0x074400 VAddr 0x007f199287c000
 GID: 00:00:00:00:00:00:00:00:00:00:255:255:10:01:02:02
 remote address: LID 0000 QPN 0x0c18 PSN 0x27bd21 RKey 0x074400 VAddr 0x007f199288c000
 GID: 00:00:00:00:00:00:00:00:00:00:255:255:10:01:02:02
 remote address: LID 0000 QPN 0x0c19 PSN 0xd0025 RKey 0x074400 VAddr 0x007f199289c000
 GID: 00:00:00:00:00:00:00:00:00:00:255:255:10:01:02:02
 remote address: LID 0000 QPN 0x0c1a PSN 0xdcb708 RKey 0x074400 VAddr 0x007f19928ac000
 GID: 00:00:00:00:00:00:00:00:00:00:255:255:10:01:02:02
 remote address: LID 0000 QPN 0x0c1b PSN 0x3098d9 RKey 0x074400 VAddr 0x007f19928bc000
 GID: 00:00:00:00:00:00:00:00:00:00:255:255:10:01:02:02
 remote address: LID 0000 QPN 0x0c1c PSN 0x9a1dda RKey 0x074400 VAddr 0x007f19928cc000
 GID: 00:00:00:00:00:00:00:00:00:00:255:255:10:01:02:02
 remote address: LID 0000 QPN 0x0c1d PSN 0x63ce34 RKey 0x074400 VAddr 0x007f19928dc000
 GID: 00:00:00:00:00:00:00:00:00:00:255:255:10:01:02:02
 remote address: LID 0000 QPN 0x0c1e PSN 0x7f135 RKey 0x074400 VAddr 0x007f19928ec000
 GID: 00:00:00:00:00:00:00:00:00:00:255:255:10:01:02:02
 remote address: LID 0000 QPN 0x0c1f PSN 0xabfe98 RKey 0x074400 VAddr 0x007f19928fc000
 GID: 00:00:00:00:00:00:00:00:00:00:255:255:10:01:02:02
 remote address: LID 0000 QPN 0x0c20 PSN 0x40a4d2 RKey 0x074400 VAddr 0x007f199290c000
 GID: 00:00:00:00:00:00:00:00:00:00:255:255:10:01:02:02
 remote address: LID 0000 QPN 0x0c21 PSN 0xedc083 RKey 0x074400 VAddr 0x007f199291c000
 GID: 00:00:00:00:00:00:00:00:00:00:255:255:10:01:02:02
 remote address: LID 0000 QPN 0x0c22 PSN 0xaa2160 RKey 0x074400 VAddr 0x007f199292c000
 GID: 00:00:00:00:00:00:00:00:00:00:255:255:10:01:02:02
 remote address: LID 0000 QPN 0x0c23 PSN 0x2e969b RKey 0x074400 VAddr 0x007f199293c000
 GID: 00:00:00:00:00:00:00:00:00:00:255:255:10:01:02:02
 remote address: LID 0000 QPN 0x0c24 PSN 0x4daa65 RKey 0x074400 VAddr 0x007f199294c000
 GID: 00:00:00:00:00:00:00:00:00:00:255:255:10:01:02:02
 remote address: LID 0000 QPN 0x0c25 PSN 0xc631a4 RKey 0x074400 VAddr 0x007f199295c000
 GID: 00:00:00:00:00:00:00:00:00:00:255:255:10:01:02:02
 remote address: LID 0000 QPN 0x0c26 PSN 0xdddff5 RKey 0x074400 VAddr 0x007f199296c000
 GID: 00:00:00:00:00:00:00:00:00:00:255:255:10:01:02:02
 remote address: LID 0000 QPN 0x0c27 PSN 0x4c10a4 RKey 0x074400 VAddr 0x007f199297c000
 GID: 00:00:00:00:00:00:00:00:00:00:255:255:10:01:02:02
 remote address: LID 0000 QPN 0x0c28 PSN 0x6ca133 RKey 0x074400 VAddr 0x007f199298c000
 GID: 00:00:00:00:00:00:00:00:00:00:255:255:10:01:02:02
 remote address: LID 0000 QPN 0x0c29 PSN 0xe59315 RKey 0x074400 VAddr 0x007f199299c000
 GID: 00:00:00:00:00:00:00:00:00:00:255:255:10:01:02:02
 remote address: LID 0000 QPN 0x0c2a PSN 0xbc1fbd RKey 0x074400 VAddr 0x007f19929ac000
 GID: 00:00:00:00:00:00:00:00:00:00:255:255:10:01:02:02
 remote address: LID 0000 QPN 0x0c2b PSN 0x878db7 RKey 0x074400 VAddr 0x007f19929bc000
 GID: 00:00:00:00:00:00:00:00:00:00:255:255:10:01:02:02
 remote address: LID 0000 QPN 0x0c2c PSN 0x4fc41d RKey 0x074400 VAddr 0x007f19929cc000
 GID: 00:00:00:00:00:00:00:00:00:00:255:255:10:01:02:02
 remote address: LID 0000 QPN 0x0c2d PSN 0xa25012 RKey 0x074400 VAddr 0x007f19929dc000
 GID: 00:00:00:00:00:00:00:00:00:00:255:255:10:01:02:02
 remote address: LID 0000 QPN 0x0c2e PSN 0x4a0b3 RKey 0x074400 VAddr 0x007f19929ec000
 GID: 00:00:00:00:00:00:00:00:00:00:255:255:10:01:02:02
 remote address: LID 0000 QPN 0x0c2f PSN 0xcd2f81 RKey 0x074400 VAddr 0x007f19929fc000
 GID: 00:00:00:00:00:00:00:00:00:00:255:255:10:01:02:02
 remote address: LID 0000 QPN 0x0c30 PSN 0x3626d RKey 0x074400 VAddr 0x007f1992a0c000
 GID: 00:00:00:00:00:00:00:00:00:00:255:255:10:01:02:02
 remote address: LID 0000 QPN 0x0c31 PSN 0xe6c415 RKey 0x074400 VAddr 0x007f1992a1c000
 GID: 00:00:00:00:00:00:00:00:00:00:255:255:10:01:02:02
 remote address: LID 0000 QPN 0x0c32 PSN 0x17df7 RKey 0x074400 VAddr 0x007f1992a2c000
 GID: 00:00:00:00:00:00:00:00:00:00:255:255:10:01:02:02
 remote address: LID 0000 QPN 0x0c33 PSN 0xf4f466 RKey 0x074400 VAddr 0x007f1992a3c000
 GID: 00:00:00:00:00:00:00:00:00:00:255:255:10:01:02:02
 remote address: LID 0000 QPN 0x0c34 PSN 0x8e8c12 RKey 0x074400 VAddr 0x007f1992a4c000
 GID: 00:00:00:00:00:00:00:00:00:00:255:255:10:01:02:02
 remote address: LID 0000 QPN 0x0c35 PSN 0x35deec RKey 0x074400 VAddr 0x007f1992a5c000
 GID: 00:00:00:00:00:00:00:00:00:00:255:255:10:01:02:02
 remote address: LID 0000 QPN 0x0c36 PSN 0xe868dc RKey 0x074400 VAddr 0x007f1992a6c000
 GID: 00:00:00:00:00:00:00:00:00:00:255:255:10:01:02:02
 remote address: LID 0000 QPN 0x0c37 PSN 0xd30a26 RKey 0x074400 VAddr 0x007f1992a7c000
 GID: 00:00:00:00:00:00:00:00:00:00:255:255:10:01:02:02
 remote address: LID 0000 QPN 0x0c38 PSN 0xe30008 RKey 0x074400 VAddr 0x007f1992a8c000
 GID: 00:00:00:00:00:00:00:00:00:00:255:255:10:01:02:02
 remote address: LID 0000 QPN 0x0c39 PSN 0x57b074 RKey 0x074400 VAddr 0x007f1992a9c000
 GID: 00:00:00:00:00:00:00:00:00:00:255:255:10:01:02:02
 remote address: LID 0000 QPN 0x0c3a PSN 0x53431c RKey 0x074400 VAddr 0x007f1992aac000
 GID: 00:00:00:00:00:00:00:00:00:00:255:255:10:01:02:02
 remote address: LID 0000 QPN 0x0c3b PSN 0x32612a RKey 0x074400 VAddr 0x007f1992abc000
 GID: 00:00:00:00:00:00:00:00:00:00:255:255:10:01:02:02
 remote address: LID 0000 QPN 0x0c3c PSN 0x1a5ed6 RKey 0x074400 VAddr 0x007f1992acc000
 GID: 00:00:00:00:00:00:00:00:00:00:255:255:10:01:02:02
 remote address: LID 0000 QPN 0x0c3d PSN 0xa0b5f7 RKey 0x074400 VAddr 0x007f1992adc000
 GID: 00:00:00:00:00:00:00:00:00:00:255:255:10:01:02:02
 remote address: LID 0000 QPN 0x0c3e PSN 0x12ea2b RKey 0x074400 VAddr 0x007f1992aec000
 GID: 00:00:00:00:00:00:00:00:00:00:255:255:10:01:02:02
 remote address: LID 0000 QPN 0x0c3f PSN 0xd8ea71 RKey 0x074400 VAddr 0x007f1992afc000
 GID: 00:00:00:00:00:00:00:00:00:00:255:255:10:01:02:02
 remote address: LID 0000 QPN 0x0c40 PSN 0x9cc331 RKey 0x074400 VAddr 0x007f1992b0c000
 GID: 00:00:00:00:00:00:00:00:00:00:255:255:10:01:02:02
 remote address: LID 0000 QPN 0x0c41 PSN 0xda6320 RKey 0x074400 VAddr 0x007f1992b1c000
 GID: 00:00:00:00:00:00:00:00:00:00:255:255:10:01:02:02
 remote address: LID 0000 QPN 0x0c42 PSN 0xba25a8 RKey 0x074400 VAddr 0x007f1992b2c000
 GID: 00:00:00:00:00:00:00:00:00:00:255:255:10:01:02:02
 remote address: LID 0000 QPN 0x0c43 PSN 0x18a12 RKey 0x074400 VAddr 0x007f1992b3c000
 GID: 00:00:00:00:00:00:00:00:00:00:255:255:10:01:02:02
 remote address: LID 0000 QPN 0x0c44 PSN 0x2d02be RKey 0x074400 VAddr 0x007f1992b4c000
 GID: 00:00:00:00:00:00:00:00:00:00:255:255:10:01:02:02
 remote address: LID 0000 QPN 0x0c45 PSN 0x810097 RKey 0x074400 VAddr 0x007f1992b5c000
 GID: 00:00:00:00:00:00:00:00:00:00:255:255:10:01:02:02
 remote address: LID 0000 QPN 0x0c46 PSN 0xebcaf0 RKey 0x074400 VAddr 0x007f1992b6c000
 GID: 00:00:00:00:00:00:00:00:00:00:255:255:10:01:02:02
 remote address: LID 0000 QPN 0x0c47 PSN 0x2e686d RKey 0x074400 VAddr 0x007f1992b7c000
 GID: 00:00:00:00:00:00:00:00:00:00:255:255:10:01:02:02
 remote address: LID 0000 QPN 0x0c48 PSN 0x18f8f5 RKey 0x074400 VAddr 0x007f1992b8c000
 GID: 00:00:00:00:00:00:00:00:00:00:255:255:10:01:02:02
 remote address: LID 0000 QPN 0x0c49 PSN 0xf29a3d RKey 0x074400 VAddr 0x007f1992b9c000
 GID: 00:00:00:00:00:00:00:00:00:00:255:255:10:01:02:02
 remote address: LID 0000 QPN 0x0c4a PSN 0xd647cd RKey 0x074400 VAddr 0x007f1992bac000
 GID: 00:00:00:00:00:00:00:00:00:00:255:255:10:01:02:02
 remote address: LID 0000 QPN 0x0c4b PSN 0x76ebf2 RKey 0x074400 VAddr 0x007f1992bbc000
 GID: 00:00:00:00:00:00:00:00:00:00:255:255:10:01:02:02
 remote address: LID 0000 QPN 0x0c4c PSN 0x105e21 RKey 0x074400 VAddr 0x007f1992bcc000
 GID: 00:00:00:00:00:00:00:00:00:00:255:255:10:01:02:02
 remote address: LID 0000 QPN 0x0c4d PSN 0xec5705 RKey 0x074400 VAddr 0x007f1992bdc000
 GID: 00:00:00:00:00:00:00:00:00:00:255:255:10:01:02:02
 remote address: LID 0000 QPN 0x0c4e PSN 0x77e64c RKey 0x074400 VAddr 0x007f1992bec000
 GID: 00:00:00:00:00:00:00:00:00:00:255:255:10:01:02:02
 remote address: LID 0000 QPN 0x0c4f PSN 0x1f458d RKey 0x074400 VAddr 0x007f1992bfc000
 GID: 00:00:00:00:00:00:00:00:00:00:255:255:10:01:02:02
 remote address: LID 0000 QPN 0x0c50 PSN 0x8acc84 RKey 0x074400 VAddr 0x007f1992c0c000
 GID: 00:00:00:00:00:00:00:00:00:00:255:255:10:01:02:02
 remote address: LID 0000 QPN 0x0c51 PSN 0xef346d RKey 0x074400 VAddr 0x007f1992c1c000
 GID: 00:00:00:00:00:00:00:00:00:00:255:255:10:01:02:02
 remote address: LID 0000 QPN 0x0c52 PSN 0x6a3bac RKey 0x074400 VAddr 0x007f1992c2c000
 GID: 00:00:00:00:00:00:00:00:00:00:255:255:10:01:02:02
 remote address: LID 0000 QPN 0x0c53 PSN 0xfc19ad RKey 0x074400 VAddr 0x007f1992c3c000
 GID: 00:00:00:00:00:00:00:00:00:00:255:255:10:01:02:02
 remote address: LID 0000 QPN 0x0c54 PSN 0x4db597 RKey 0x074400 VAddr 0x007f1992c4c000
 GID: 00:00:00:00:00:00:00:00:00:00:255:255:10:01:02:02
 remote address: LID 0000 QPN 0x0c55 PSN 0x7abf98 RKey 0x074400 VAddr 0x007f1992c5c000
 GID: 00:00:00:00:00:00:00:00:00:00:255:255:10:01:02:02
 remote address: LID 0000 QPN 0x0c56 PSN 0x285472 RKey 0x074400 VAddr 0x007f1992c6c000
 GID: 00:00:00:00:00:00:00:00:00:00:255:255:10:01:02:02
 remote address: LID 0000 QPN 0x0c57 PSN 0x836ff0 RKey 0x074400 VAddr 0x007f1992c7c000
 GID: 00:00:00:00:00:00:00:00:00:00:255:255:10:01:02:02
 remote address: LID 0000 QPN 0x0c58 PSN 0xad296e RKey 0x074400 VAddr 0x007f1992c8c000
 GID: 00:00:00:00:00:00:00:00:00:00:255:255:10:01:02:02
 remote address: LID 0000 QPN 0x0c59 PSN 0x1c060a RKey 0x074400 VAddr 0x007f1992c9c000
 GID: 00:00:00:00:00:00:00:00:00:00:255:255:10:01:02:02
 remote address: LID 0000 QPN 0x0c5a PSN 0x2a4f9a RKey 0x074400 VAddr 0x007f1992cac000
 GID: 00:00:00:00:00:00:00:00:00:00:255:255:10:01:02:02
 remote address: LID 0000 QPN 0x0c5b PSN 0x14b36d RKey 0x074400 VAddr 0x007f1992cbc000
 GID: 00:00:00:00:00:00:00:00:00:00:255:255:10:01:02:02
 remote address: LID 0000 QPN 0x0c5c PSN 0xae723a RKey 0x074400 VAddr 0x007f1992ccc000
 GID: 00:00:00:00:00:00:00:00:00:00:255:255:10:01:02:02
 remote address: LID 0000 QPN 0x0c5d PSN 0xb897ff RKey 0x074400 VAddr 0x007f1992cdc000
 GID: 00:00:00:00:00:00:00:00:00:00:255:255:10:01:02:02
 remote address: LID 0000 QPN 0x0c5e PSN 0xea3ae8 RKey 0x074400 VAddr 0x007f1992cec000
 GID: 00:00:00:00:00:00:00:00:00:00:255:255:10:01:02:02
 remote address: LID 0000 QPN 0x0c5f PSN 0x942d9d RKey 0x074400 VAddr 0x007f1992cfc000
 GID: 00:00:00:00:00:00:00:00:00:00:255:255:10:01:02:02
 remote address: LID 0000 QPN 0x0c60 PSN 0x61a5e9 RKey 0x074400 VAddr 0x007f1992d0c000
 GID: 00:00:00:00:00:00:00:00:00:00:255:255:10:01:02:02
 remote address: LID 0000 QPN 0x0c61 PSN 0xe11668 RKey 0x074400 VAddr 0x007f1992d1c000
 GID: 00:00:00:00:00:00:00:00:00:00:255:255:10:01:02:02
 remote address: LID 0000 QPN 0x0c62 PSN 0x11225c RKey 0x074400 VAddr 0x007f1992d2c000
 GID: 00:00:00:00:00:00:00:00:00:00:255:255:10:01:02:02
 remote address: LID 0000 QPN 0x0c63 PSN 0x9305e6 RKey 0x074400 VAddr 0x007f1992d3c000
 GID: 00:00:00:00:00:00:00:00:00:00:255:255:10:01:02:02
 remote address: LID 0000 QPN 0x0c64 PSN 0xb76fe8 RKey 0x074400 VAddr 0x007f1992d4c000
 GID: 00:00:00:00:00:00:00:00:00:00:255:255:10:01:02:02
 remote address: LID 0000 QPN 0x0c65 PSN 0xf46683 RKey 0x074400 VAddr 0x007f1992d5c000
 GID: 00:00:00:00:00:00:00:00:00:00:255:255:10:01:02:02
 remote address: LID 0000 QPN 0x0c66 PSN 0xc864c3 RKey 0x074400 VAddr 0x007f1992d6c000
 GID: 00:00:00:00:00:00:00:00:00:00:255:255:10:01:02:02
 remote address: LID 0000 QPN 0x0c67 PSN 0x836fc6 RKey 0x074400 VAddr 0x007f1992d7c000
 GID: 00:00:00:00:00:00:00:00:00:00:255:255:10:01:02:02
 remote address: LID 0000 QPN 0x0c68 PSN 0xea7508 RKey 0x074400 VAddr 0x007f1992d8c000
 GID: 00:00:00:00:00:00:00:00:00:00:255:255:10:01:02:02
 remote address: LID 0000 QPN 0x0c69 PSN 0x144516 RKey 0x074400 VAddr 0x007f1992d9c000
 GID: 00:00:00:00:00:00:00:00:00:00:255:255:10:01:02:02
 remote address: LID 0000 QPN 0x0c6a PSN 0x9a7f6a RKey 0x074400 VAddr 0x007f1992dac000
 GID: 00:00:00:00:00:00:00:00:00:00:255:255:10:01:02:02
 remote address: LID 0000 QPN 0x0c6b PSN 0x895198 RKey 0x074400 VAddr 0x007f1992dbc000
 GID: 00:00:00:00:00:00:00:00:00:00:255:255:10:01:02:02
 remote address: LID 0000 QPN 0x0c6c PSN 0x67d37e RKey 0x074400 VAddr 0x007f1992dcc000
 GID: 00:00:00:00:00:00:00:00:00:00:255:255:10:01:02:02
 remote address: LID 0000 QPN 0x0c6d PSN 0xfd9347 RKey 0x074400 VAddr 0x007f1992ddc000
 GID: 00:00:00:00:00:00:00:00:00:00:255:255:10:01:02:02
 remote address: LID 0000 QPN 0x0c6e PSN 0x8fa2ee RKey 0x074400 VAddr 0x007f1992dec000
 GID: 00:00:00:00:00:00:00:00:00:00:255:255:10:01:02:02
 remote address: LID 0000 QPN 0x0c6f PSN 0xf24e06 RKey 0x074400 VAddr 0x007f1992dfc000
 GID: 00:00:00:00:00:00:00:00:00:00:255:255:10:01:02:02
 remote address: LID 0000 QPN 0x0c70 PSN 0x186104 RKey 0x074400 VAddr 0x007f1992e0c000
 GID: 00:00:00:00:00:00:00:00:00:00:255:255:10:01:02:02
 remote address: LID 0000 QPN 0x0c71 PSN 0x62571b RKey 0x074400 VAddr 0x007f1992e1c000
 GID: 00:00:00:00:00:00:00:00:00:00:255:255:10:01:02:02
 remote address: LID 0000 QPN 0x0c72 PSN 0x65832f RKey 0x074400 VAddr 0x007f1992e2c000
 GID: 00:00:00:00:00:00:00:00:00:00:255:255:10:01:02:02
 remote address: LID 0000 QPN 0x0c73 PSN 0xe4ba0c RKey 0x074400 VAddr 0x007f1992e3c000
 GID: 00:00:00:00:00:00:00:00:00:00:255:255:10:01:02:02
 remote address: LID 0000 QPN 0x0c74 PSN 0x24691e RKey 0x074400 VAddr 0x007f1992e4c000
 GID: 00:00:00:00:00:00:00:00:00:00:255:255:10:01:02:02
 remote address: LID 0000 QPN 0x0c75 PSN 0x90989 RKey 0x074400 VAddr 0x007f1992e5c000
 GID: 00:00:00:00:00:00:00:00:00:00:255:255:10:01:02:02
 remote address: LID 0000 QPN 0x0c76 PSN 0x6f463 RKey 0x074400 VAddr 0x007f1992e6c000
 GID: 00:00:00:00:00:00:00:00:00:00:255:255:10:01:02:02
 remote address: LID 0000 QPN 0x0c77 PSN 0x3a9a4 RKey 0x074400 VAddr 0x007f1992e7c000
 GID: 00:00:00:00:00:00:00:00:00:00:255:255:10:01:02:02
 remote address: LID 0000 QPN 0x0c78 PSN 0xe5cd77 RKey 0x074400 VAddr 0x007f1992e8c000
 GID: 00:00:00:00:00:00:00:00:00:00:255:255:10:01:02:02
 remote address: LID 0000 QPN 0x0c79 PSN 0x546c3a RKey 0x074400 VAddr 0x007f1992e9c000
 GID: 00:00:00:00:00:00:00:00:00:00:255:255:10:01:02:02
 remote address: LID 0000 QPN 0x0c7a PSN 0xdf0746 RKey 0x074400 VAddr 0x007f1992eac000
 GID: 00:00:00:00:00:00:00:00:00:00:255:255:10:01:02:02
 remote address: LID 0000 QPN 0x0c7b PSN 0x3edd14 RKey 0x074400 VAddr 0x007f1992ebc000
 GID: 00:00:00:00:00:00:00:00:00:00:255:255:10:01:02:02
 remote address: LID 0000 QPN 0x0c7c PSN 0xd88a6a RKey 0x074400 VAddr 0x007f1992ecc000
 GID: 00:00:00:00:00:00:00:00:00:00:255:255:10:01:02:02
 remote address: LID 0000 QPN 0x0c7d PSN 0x90c0e0 RKey 0x074400 VAddr 0x007f1992edc000
 GID: 00:00:00:00:00:00:00:00:00:00:255:255:10:01:02:02
 remote address: LID 0000 QPN 0x0c7e PSN 0x6c766f RKey 0x074400 VAddr 0x007f1992eec000
 GID: 00:00:00:00:00:00:00:00:00:00:255:255:10:01:02:02
 remote address: LID 0000 QPN 0x0c7f PSN 0x67f8d0 RKey 0x074400 VAddr 0x007f1992efc000
 GID: 00:00:00:00:00:00:00:00:00:00:255:255:10:01:02:02
 remote address: LID 0000 QPN 0x0c80 PSN 0x17c19c RKey 0x074400 VAddr 0x007f1992f0c000
 GID: 00:00:00:00:00:00:00:00:00:00:255:255:10:01:02:02
 remote address: LID 0000 QPN 0x0c81 PSN 0x16dc30 RKey 0x074400 VAddr 0x007f1992f1c000
 GID: 00:00:00:00:00:00:00:00:00:00:255:255:10:01:02:02
 remote address: LID 0000 QPN 0x0c82 PSN 0xb556be RKey 0x074400 VAddr 0x007f1992f2c000
 GID: 00:00:00:00:00:00:00:00:00:00:255:255:10:01:02:02
 remote address: LID 0000 QPN 0x0c83 PSN 0x13120d RKey 0x074400 VAddr 0x007f1992f3c000
 GID: 00:00:00:00:00:00:00:00:00:00:255:255:10:01:02:02
 remote address: LID 0000 QPN 0x0c84 PSN 0x758cc6 RKey 0x074400 VAddr 0x007f1992f4c000
 GID: 00:00:00:00:00:00:00:00:00:00:255:255:10:01:02:02
 remote address: LID 0000 QPN 0x0c85 PSN 0xa32e7d RKey 0x074400 VAddr 0x007f1992f5c000
 GID: 00:00:00:00:00:00:00:00:00:00:255:255:10:01:02:02
 remote address: LID 0000 QPN 0x0c86 PSN 0x81cf2 RKey 0x074400 VAddr 0x007f1992f6c000
 GID: 00:00:00:00:00:00:00:00:00:00:255:255:10:01:02:02
 remote address: LID 0000 QPN 0x0c87 PSN 0x5f39e3 RKey 0x074400 VAddr 0x007f1992f7c000
 GID: 00:00:00:00:00:00:00:00:00:00:255:255:10:01:02:02
 remote address: LID 0000 QPN 0x0c88 PSN 0x9dfa90 RKey 0x074400 VAddr 0x007f1992f8c000
 GID: 00:00:00:00:00:00:00:00:00:00:255:255:10:01:02:02
 remote address: LID 0000 QPN 0x0c89 PSN 0xc67bf3 RKey 0x074400 VAddr 0x007f1992f9c000
 GID: 00:00:00:00:00:00:00:00:00:00:255:255:10:01:02:02
 remote address: LID 0000 QPN 0x0c8a PSN 0xf62a57 RKey 0x074400 VAddr 0x007f1992fac000
 GID: 00:00:00:00:00:00:00:00:00:00:255:255:10:01:02:02
 remote address: LID 0000 QPN 0x0c8b PSN 0x24511d RKey 0x074400 VAddr 0x007f1992fbc000
 GID: 00:00:00:00:00:00:00:00:00:00:255:255:10:01:02:02
 remote address: LID 0000 QPN 0x0c8c PSN 0x19b799 RKey 0x074400 VAddr 0x007f1992fcc000
 GID: 00:00:00:00:00:00:00:00:00:00:255:255:10:01:02:02
 remote address: LID 0000 QPN 0x0c8d PSN 0xb79e6c RKey 0x074400 VAddr 0x007f1992fdc000
 GID: 00:00:00:00:00:00:00:00:00:00:255:255:10:01:02:02
 remote address: LID 0000 QPN 0x0c8e PSN 0xc5329c RKey 0x074400 VAddr 0x007f1992fec000
 GID: 00:00:00:00:00:00:00:00:00:00:255:255:10:01:02:02
 remote address: LID 0000 QPN 0x0c8f PSN 0x4e0ea1 RKey 0x074400 VAddr 0x007f1992ffc000
 GID: 00:00:00:00:00:00:00:00:00:00:255:255:10:01:02:02
 remote address: LID 0000 QPN 0x0c90 PSN 0x8b0593 RKey 0x074400 VAddr 0x007f199300c000
 GID: 00:00:00:00:00:00:00:00:00:00:255:255:10:01:02:02
 remote address: LID 0000 QPN 0x0c91 PSN 0xa94af2 RKey 0x074400 VAddr 0x007f199301c000
 GID: 00:00:00:00:00:00:00:00:00:00:255:255:10:01:02:02
 remote address: LID 0000 QPN 0x0c92 PSN 0xd7ecc3 RKey 0x074400 VAddr 0x007f199302c000
 GID: 00:00:00:00:00:00:00:00:00:00:255:255:10:01:02:02
 remote address: LID 0000 QPN 0x0c93 PSN 0x80c276 RKey 0x074400 VAddr 0x007f199303c000
 GID: 00:00:00:00:00:00:00:00:00:00:255:255:10:01:02:02
 remote address: LID 0000 QPN 0x0c94 PSN 0x47c28c RKey 0x074400 VAddr 0x007f199304c000
 GID: 00:00:00:00:00:00:00:00:00:00:255:255:10:01:02:02
 remote address: LID 0000 QPN 0x0c95 PSN 0xbc74d2 RKey 0x074400 VAddr 0x007f199305c000
 GID: 00:00:00:00:00:00:00:00:00:00:255:255:10:01:02:02
 remote address: LID 0000 QPN 0x0c96 PSN 0xe3a131 RKey 0x074400 VAddr 0x007f199306c000
 GID: 00:00:00:00:00:00:00:00:00:00:255:255:10:01:02:02
 remote address: LID 0000 QPN 0x0c97 PSN 0x22ff77 RKey 0x074400 VAddr 0x007f199307c000
 GID: 00:00:00:00:00:00:00:00:00:00:255:255:10:01:02:02
 remote address: LID 0000 QPN 0x0c98 PSN 0x9d6247 RKey 0x074400 VAddr 0x007f199308c000
 GID: 00:00:00:00:00:00:00:00:00:00:255:255:10:01:02:02
 remote address: LID 0000 QPN 0x0c99 PSN 0x578859 RKey 0x074400 VAddr 0x007f199309c000
 GID: 00:00:00:00:00:00:00:00:00:00:255:255:10:01:02:02
 remote address: LID 0000 QPN 0x0c9a PSN 0x4f46e5 RKey 0x074400 VAddr 0x007f19930ac000
 GID: 00:00:00:00:00:00:00:00:00:00:255:255:10:01:02:02
 remote address: LID 0000 QPN 0x0c9b PSN 0x2ff593 RKey 0x074400 VAddr 0x007f19930bc000
 GID: 00:00:00:00:00:00:00:00:00:00:255:255:10:01:02:02
 remote address: LID 0000 QPN 0x0c9c PSN 0xb7dbc8 RKey 0x074400 VAddr 0x007f19930cc000
 GID: 00:00:00:00:00:00:00:00:00:00:255:255:10:01:02:02
 remote address: LID 0000 QPN 0x0c9d PSN 0xb4572e RKey 0x074400 VAddr 0x007f19930dc000
 GID: 00:00:00:00:00:00:00:00:00:00:255:255:10:01:02:02
 remote address: LID 0000 QPN 0x0c9e PSN 0xf201c5 RKey 0x074400 VAddr 0x007f19930ec000
 GID: 00:00:00:00:00:00:00:00:00:00:255:255:10:01:02:02
 remote address: LID 0000 QPN 0x0c9f PSN 0x68e6be RKey 0x074400 VAddr 0x007f19930fc000
 GID: 00:00:00:00:00:00:00:00:00:00:255:255:10:01:02:02
 remote address: LID 0000 QPN 0x0ca0 PSN 0x72acef RKey 0x074400 VAddr 0x007f199310c000
 GID: 00:00:00:00:00:00:00:00:00:00:255:255:10:01:02:02
 remote address: LID 0000 QPN 0x0ca1 PSN 0x7a304b RKey 0x074400 VAddr 0x007f199311c000
 GID: 00:00:00:00:00:00:00:00:00:00:255:255:10:01:02:02
 remote address: LID 0000 QPN 0x0ca2 PSN 0xb1f414 RKey 0x074400 VAddr 0x007f199312c000
 GID: 00:00:00:00:00:00:00:00:00:00:255:255:10:01:02:02
 remote address: LID 0000 QPN 0x0ca3 PSN 0x38c078 RKey 0x074400 VAddr 0x007f199313c000
 GID: 00:00:00:00:00:00:00:00:00:00:255:255:10:01:02:02
 remote address: LID 0000 QPN 0x0ca4 PSN 0x6b363c RKey 0x074400 VAddr 0x007f199314c000
 GID: 00:00:00:00:00:00:00:00:00:00:255:255:10:01:02:02
 remote address: LID 0000 QPN 0x0ca5 PSN 0xd73d9a RKey 0x074400 VAddr 0x007f199315c000
 GID: 00:00:00:00:00:00:00:00:00:00:255:255:10:01:02:02
 remote address: LID 0000 QPN 0x0ca6 PSN 0x617501 RKey 0x074400 VAddr 0x007f199316c000
 GID: 00:00:00:00:00:00:00:00:00:00:255:255:10:01:02:02
 remote address: LID 0000 QPN 0x0ca7 PSN 0x8383f8 RKey 0x074400 VAddr 0x007f199317c000
 GID: 00:00:00:00:00:00:00:00:00:00:255:255:10:01:02:02
 remote address: LID 0000 QPN 0x0ca8 PSN 0x9dd0b1 RKey 0x074400 VAddr 0x007f199318c000
 GID: 00:00:00:00:00:00:00:00:00:00:255:255:10:01:02:02
 remote address: LID 0000 QPN 0x0ca9 PSN 0x63e128 RKey 0x074400 VAddr 0x007f199319c000
 GID: 00:00:00:00:00:00:00:00:00:00:255:255:10:01:02:02
 remote address: LID 0000 QPN 0x0caa PSN 0xc7de58 RKey 0x074400 VAddr 0x007f19931ac000
 GID: 00:00:00:00:00:00:00:00:00:00:255:255:10:01:02:02
 remote address: LID 0000 QPN 0x0cab PSN 0x4bc6f5 RKey 0x074400 VAddr 0x007f19931bc000
 GID: 00:00:00:00:00:00:00:00:00:00:255:255:10:01:02:02
 remote address: LID 0000 QPN 0x0cac PSN 0xcb1fd5 RKey 0x074400 VAddr 0x007f19931cc000
 GID: 00:00:00:00:00:00:00:00:00:00:255:255:10:01:02:02
 remote address: LID 0000 QPN 0x0cad PSN 0xcc6c08 RKey 0x074400 VAddr 0x007f19931dc000
 GID: 00:00:00:00:00:00:00:00:00:00:255:255:10:01:02:02
 remote address: LID 0000 QPN 0x0cae PSN 0x24435b RKey 0x074400 VAddr 0x007f19931ec000
 GID: 00:00:00:00:00:00:00:00:00:00:255:255:10:01:02:02
 remote address: LID 0000 QPN 0x0caf PSN 0x333710 RKey 0x074400 VAddr 0x007f19931fc000
 GID: 00:00:00:00:00:00:00:00:00:00:255:255:10:01:02:02
 remote address: LID 0000 QPN 0x0cb0 PSN 0xf941d4 RKey 0x074400 VAddr 0x007f199320c000
 GID: 00:00:00:00:00:00:00:00:00:00:255:255:10:01:02:02
 remote address: LID 0000 QPN 0x0cb1 PSN 0x6928c7 RKey 0x074400 VAddr 0x007f199321c000
 GID: 00:00:00:00:00:00:00:00:00:00:255:255:10:01:02:02
 remote address: LID 0000 QPN 0x0cb2 PSN 0xcb82ac RKey 0x074400 VAddr 0x007f199322c000
 GID: 00:00:00:00:00:00:00:00:00:00:255:255:10:01:02:02
 remote address: LID 0000 QPN 0x0cb3 PSN 0xffa9e1 RKey 0x074400 VAddr 0x007f199323c000
 GID: 00:00:00:00:00:00:00:00:00:00:255:255:10:01:02:02
 remote address: LID 0000 QPN 0x0cb4 PSN 0xbc9fc4 RKey 0x074400 VAddr 0x007f199324c000
 GID: 00:00:00:00:00:00:00:00:00:00:255:255:10:01:02:02
 remote address: LID 0000 QPN 0x0cb5 PSN 0x325387 RKey 0x074400 VAddr 0x007f199325c000
 GID: 00:00:00:00:00:00:00:00:00:00:255:255:10:01:02:02
 remote address: LID 0000 QPN 0x0cb6 PSN 0xe84561 RKey 0x074400 VAddr 0x007f199326c000
 GID: 00:00:00:00:00:00:00:00:00:00:255:255:10:01:02:02
 remote address: LID 0000 QPN 0x0cb7 PSN 0x1ce39c RKey 0x074400 VAddr 0x007f199327c000
 GID: 00:00:00:00:00:00:00:00:00:00:255:255:10:01:02:02
 remote address: LID 0000 QPN 0x0cb8 PSN 0xae4002 RKey 0x074400 VAddr 0x007f199328c000
 GID: 00:00:00:00:00:00:00:00:00:00:255:255:10:01:02:02
 remote address: LID 0000 QPN 0x0cb9 PSN 0x7d39ba RKey 0x074400 VAddr 0x007f199329c000
 GID: 00:00:00:00:00:00:00:00:00:00:255:255:10:01:02:02
 remote address: LID 0000 QPN 0x0cba PSN 0xfa9d3a RKey 0x074400 VAddr 0x007f19932ac000
 GID: 00:00:00:00:00:00:00:00:00:00:255:255:10:01:02:02
 remote address: LID 0000 QPN 0x0cbb PSN 0x2bde60 RKey 0x074400 VAddr 0x007f19932bc000
 GID: 00:00:00:00:00:00:00:00:00:00:255:255:10:01:02:02
 remote address: LID 0000 QPN 0x0cbc PSN 0xb19cbb RKey 0x074400 VAddr 0x007f19932cc000
 GID: 00:00:00:00:00:00:00:00:00:00:255:255:10:01:02:02
 remote address: LID 0000 QPN 0x0cbd PSN 0x495b7d RKey 0x074400 VAddr 0x007f19932dc000
 GID: 00:00:00:00:00:00:00:00:00:00:255:255:10:01:02:02
 remote address: LID 0000 QPN 0x0cbe PSN 0x9e13ee RKey 0x074400 VAddr 0x007f19932ec000
 GID: 00:00:00:00:00:00:00:00:00:00:255:255:10:01:02:02
 remote address: LID 0000 QPN 0x0cbf PSN 0xb2fc1c RKey 0x074400 VAddr 0x007f19932fc000
 GID: 00:00:00:00:00:00:00:00:00:00:255:255:10:01:02:02
 remote address: LID 0000 QPN 0x0cc0 PSN 0x8a2087 RKey 0x074400 VAddr 0x007f199330c000
 GID: 00:00:00:00:00:00:00:00:00:00:255:255:10:01:02:02
 remote address: LID 0000 QPN 0x0cc1 PSN 0x38088e RKey 0x074400 VAddr 0x007f199331c000
 GID: 00:00:00:00:00:00:00:00:00:00:255:255:10:01:02:02
 remote address: LID 0000 QPN 0x0cc2 PSN 0x781da1 RKey 0x074400 VAddr 0x007f199332c000
 GID: 00:00:00:00:00:00:00:00:00:00:255:255:10:01:02:02
 remote address: LID 0000 QPN 0x0cc3 PSN 0x8f2d1e RKey 0x074400 VAddr 0x007f199333c000
 GID: 00:00:00:00:00:00:00:00:00:00:255:255:10:01:02:02
 remote address: LID 0000 QPN 0x0cc4 PSN 0xe08b2f RKey 0x074400 VAddr 0x007f199334c000
 GID: 00:00:00:00:00:00:00:00:00:00:255:255:10:01:02:02
 remote address: LID 0000 QPN 0x0cc5 PSN 0x3692ec RKey 0x074400 VAddr 0x007f199335c000
 GID: 00:00:00:00:00:00:00:00:00:00:255:255:10:01:02:02
 remote address: LID 0000 QPN 0x0cc6 PSN 0x1e0073 RKey 0x074400 VAddr 0x007f199336c000
 GID: 00:00:00:00:00:00:00:00:00:00:255:255:10:01:02:02
 remote address: LID 0000 QPN 0x0cc7 PSN 0x7cb539 RKey 0x074400 VAddr 0x007f199337c000
 GID: 00:00:00:00:00:00:00:00:00:00:255:255:10:01:02:02
 remote address: LID 0000 QPN 0x0cc8 PSN 0x5aa08f RKey 0x074400 VAddr 0x007f199338c000
 GID: 00:00:00:00:00:00:00:00:00:00:255:255:10:01:02:02
 remote address: LID 0000 QPN 0x0cc9 PSN 0xad10a RKey 0x074400 VAddr 0x007f199339c000
 GID: 00:00:00:00:00:00:00:00:00:00:255:255:10:01:02:02
 remote address: LID 0000 QPN 0x0cca PSN 0x606332 RKey 0x074400 VAddr 0x007f19933ac000
 GID: 00:00:00:00:00:00:00:00:00:00:255:255:10:01:02:02
 remote address: LID 0000 QPN 0x0ccb PSN 0x8ed993 RKey 0x074400 VAddr 0x007f19933bc000
 GID: 00:00:00:00:00:00:00:00:00:00:255:255:10:01:02:02
 remote address: LID 0000 QPN 0x0ccc PSN 0xeba397 RKey 0x074400 VAddr 0x007f19933cc000
 GID: 00:00:00:00:00:00:00:00:00:00:255:255:10:01:02:02
 remote address: LID 0000 QPN 0x0ccd PSN 0xf349af RKey 0x074400 VAddr 0x007f19933dc000
 GID: 00:00:00:00:00:00:00:00:00:00:255:255:10:01:02:02
 remote address: LID 0000 QPN 0x0cce PSN 0xdbd52f RKey 0x074400 VAddr 0x007f19933ec000
 GID: 00:00:00:00:00:00:00:00:00:00:255:255:10:01:02:02
 remote address: LID 0000 QPN 0x0ccf PSN 0x586109 RKey 0x074400 VAddr 0x007f19933fc000
 GID: 00:00:00:00:00:00:00:00:00:00:255:255:10:01:02:02
 remote address: LID 0000 QPN 0x0cd0 PSN 0x2a3f6b RKey 0x074400 VAddr 0x007f199340c000
 GID: 00:00:00:00:00:00:00:00:00:00:255:255:10:01:02:02
 remote address: LID 0000 QPN 0x0cd1 PSN 0x8036d RKey 0x074400 VAddr 0x007f199341c000
 GID: 00:00:00:00:00:00:00:00:00:00:255:255:10:01:02:02
 remote address: LID 0000 QPN 0x0cd2 PSN 0x10c12e RKey 0x074400 VAddr 0x007f199342c000
 GID: 00:00:00:00:00:00:00:00:00:00:255:255:10:01:02:02
 remote address: LID 0000 QPN 0x0cd3 PSN 0x7b713f RKey 0x074400 VAddr 0x007f199343c000
 GID: 00:00:00:00:00:00:00:00:00:00:255:255:10:01:02:02
 remote address: LID 0000 QPN 0x0cd4 PSN 0x60a0aa RKey 0x074400 VAddr 0x007f199344c000
 GID: 00:00:00:00:00:00:00:00:00:00:255:255:10:01:02:02
 remote address: LID 0000 QPN 0x0cd5 PSN 0x9e91bb RKey 0x074400 VAddr 0x007f199345c000
 GID: 00:00:00:00:00:00:00:00:00:00:255:255:10:01:02:02
 remote address: LID 0000 QPN 0x0cd6 PSN 0xba5d77 RKey 0x074400 VAddr 0x007f199346c000
 GID: 00:00:00:00:00:00:00:00:00:00:255:255:10:01:02:02
 remote address: LID 0000 QPN 0x0cd7 PSN 0xf5f247 RKey 0x074400 VAddr 0x007f199347c000
 GID: 00:00:00:00:00:00:00:00:00:00:255:255:10:01:02:02
 remote address: LID 0000 QPN 0x0cd8 PSN 0x55a0cc RKey 0x074400 VAddr 0x007f199348c000
 GID: 00:00:00:00:00:00:00:00:00:00:255:255:10:01:02:02
 remote address: LID 0000 QPN 0x0cd9 PSN 0x4399b1 RKey 0x074400 VAddr 0x007f199349c000
 GID: 00:00:00:00:00:00:00:00:00:00:255:255:10:01:02:02
 remote address: LID 0000 QPN 0x0cda PSN 0xc34b09 RKey 0x074400 VAddr 0x007f19934ac000
 GID: 00:00:00:00:00:00:00:00:00:00:255:255:10:01:02:02
 remote address: LID 0000 QPN 0x0cdb PSN 0x6842ec RKey 0x074400 VAddr 0x007f19934bc000
 GID: 00:00:00:00:00:00:00:00:00:00:255:255:10:01:02:02
 remote address: LID 0000 QPN 0x0cdc PSN 0x9a05a5 RKey 0x074400 VAddr 0x007f19934cc000
 GID: 00:00:00:00:00:00:00:00:00:00:255:255:10:01:02:02
 remote address: LID 0000 QPN 0x0cdd PSN 0x85a860 RKey 0x074400 VAddr 0x007f19934dc000
 GID: 00:00:00:00:00:00:00:00:00:00:255:255:10:01:02:02
 remote address: LID 0000 QPN 0x0cde PSN 0x2fb5ee RKey 0x074400 VAddr 0x007f19934ec000
 GID: 00:00:00:00:00:00:00:00:00:00:255:255:10:01:02:02
 remote address: LID 0000 QPN 0x0cdf PSN 0x66a79d RKey 0x074400 VAddr 0x007f19934fc000
 GID: 00:00:00:00:00:00:00:00:00:00:255:255:10:01:02:02
 remote address: LID 0000 QPN 0x0ce0 PSN 0x92f706 RKey 0x074400 VAddr 0x007f199350c000
 GID: 00:00:00:00:00:00:00:00:00:00:255:255:10:01:02:02
 remote address: LID 0000 QPN 0x0ce1 PSN 0x70d4cc RKey 0x074400 VAddr 0x007f199351c000
 GID: 00:00:00:00:00:00:00:00:00:00:255:255:10:01:02:02
 remote address: LID 0000 QPN 0x0ce2 PSN 0xbfe8aa RKey 0x074400 VAddr 0x007f199352c000
 GID: 00:00:00:00:00:00:00:00:00:00:255:255:10:01:02:02
 remote address: LID 0000 QPN 0x0ce3 PSN 0x427df1 RKey 0x074400 VAddr 0x007f199353c000
 GID: 00:00:00:00:00:00:00:00:00:00:255:255:10:01:02:02
 remote address: LID 0000 QPN 0x0ce4 PSN 0xaaec83 RKey 0x074400 VAddr 0x007f199354c000
 GID: 00:00:00:00:00:00:00:00:00:00:255:255:10:01:02:02
 remote address: LID 0000 QPN 0x0ce5 PSN 0xd84788 RKey 0x074400 VAddr 0x007f199355c000
 GID: 00:00:00:00:00:00:00:00:00:00:255:255:10:01:02:02
 remote address: LID 0000 QPN 0x0ce6 PSN 0xb64cd RKey 0x074400 VAddr 0x007f199356c000
 GID: 00:00:00:00:00:00:00:00:00:00:255:255:10:01:02:02
 remote address: LID 0000 QPN 0x0ce7 PSN 0x3ededb RKey 0x074400 VAddr 0x007f199357c000
 GID: 00:00:00:00:00:00:00:00:00:00:255:255:10:01:02:02
 remote address: LID 0000 QPN 0x0ce8 PSN 0x24754e RKey 0x074400 VAddr 0x007f199358c000
 GID: 00:00:00:00:00:00:00:00:00:00:255:255:10:01:02:02
 remote address: LID 0000 QPN 0x0ce9 PSN 0x261ec RKey 0x074400 VAddr 0x007f199359c000
 GID: 00:00:00:00:00:00:00:00:00:00:255:255:10:01:02:02
 remote address: LID 0000 QPN 0x0cea PSN 0x83b2a8 RKey 0x074400 VAddr 0x007f19935ac000
 GID: 00:00:00:00:00:00:00:00:00:00:255:255:10:01:02:02
 remote address: LID 0000 QPN 0x0ceb PSN 0x74f96b RKey 0x074400 VAddr 0x007f19935bc000
 GID: 00:00:00:00:00:00:00:00:00:00:255:255:10:01:02:02
 remote address: LID 0000 QPN 0x0cec PSN 0x1e5c42 RKey 0x074400 VAddr 0x007f19935cc000
 GID: 00:00:00:00:00:00:00:00:00:00:255:255:10:01:02:02
 remote address: LID 0000 QPN 0x0ced PSN 0x9ddef4 RKey 0x074400 VAddr 0x007f19935dc000
 GID: 00:00:00:00:00:00:00:00:00:00:255:255:10:01:02:02
 remote address: LID 0000 QPN 0x0cee PSN 0x4f3a1c RKey 0x074400 VAddr 0x007f19935ec000
 GID: 00:00:00:00:00:00:00:00:00:00:255:255:10:01:02:02
 remote address: LID 0000 QPN 0x0cef PSN 0x67103e RKey 0x074400 VAddr 0x007f19935fc000
 GID: 00:00:00:00:00:00:00:00:00:00:255:255:10:01:02:02
 remote address: LID 0000 QPN 0x0cf0 PSN 0x8ec9fc RKey 0x074400 VAddr 0x007f199360c000
 GID: 00:00:00:00:00:00:00:00:00:00:255:255:10:01:02:02
 remote address: LID 0000 QPN 0x0cf1 PSN 0xb1e7b8 RKey 0x074400 VAddr 0x007f199361c000
 GID: 00:00:00:00:00:00:00:00:00:00:255:255:10:01:02:02
 remote address: LID 0000 QPN 0x0cf2 PSN 0x5f968e RKey 0x074400 VAddr 0x007f199362c000
 GID: 00:00:00:00:00:00:00:00:00:00:255:255:10:01:02:02
 remote address: LID 0000 QPN 0x0cf3 PSN 0x5a384 RKey 0x074400 VAddr 0x007f199363c000
 GID: 00:00:00:00:00:00:00:00:00:00:255:255:10:01:02:02
 remote address: LID 0000 QPN 0x0cf4 PSN 0x732724 RKey 0x074400 VAddr 0x007f199364c000
 GID: 00:00:00:00:00:00:00:00:00:00:255:255:10:01:02:02
 remote address: LID 0000 QPN 0x0cf5 PSN 0x20b584 RKey 0x074400 VAddr 0x007f199365c000
 GID: 00:00:00:00:00:00:00:00:00:00:255:255:10:01:02:02
 remote address: LID 0000 QPN 0x0cf6 PSN 0xabf7f6 RKey 0x074400 VAddr 0x007f199366c000
 GID: 00:00:00:00:00:00:00:00:00:00:255:255:10:01:02:02
 remote address: LID 0000 QPN 0x0cf7 PSN 0x58f1ac RKey 0x074400 VAddr 0x007f199367c000
 GID: 00:00:00:00:00:00:00:00:00:00:255:255:10:01:02:02
 remote address: LID 0000 QPN 0x0cf8 PSN 0x4ca0ca RKey 0x074400 VAddr 0x007f199368c000
 GID: 00:00:00:00:00:00:00:00:00:00:255:255:10:01:02:02
 remote address: LID 0000 QPN 0x0cf9 PSN 0xf3fb93 RKey 0x074400 VAddr 0x007f199369c000
 GID: 00:00:00:00:00:00:00:00:00:00:255:255:10:01:02:02
 remote address: LID 0000 QPN 0x0cfa PSN 0x2f4317 RKey 0x074400 VAddr 0x007f19936ac000
 GID: 00:00:00:00:00:00:00:00:00:00:255:255:10:01:02:02
 remote address: LID 0000 QPN 0x0cfb PSN 0xb998ae RKey 0x074400 VAddr 0x007f19936bc000
 GID: 00:00:00:00:00:00:00:00:00:00:255:255:10:01:02:02
 remote address: LID 0000 QPN 0x0cfc PSN 0x5d50ea RKey 0x074400 VAddr 0x007f19936cc000
 GID: 00:00:00:00:00:00:00:00:00:00:255:255:10:01:02:02
 remote address: LID 0000 QPN 0x0cfd PSN 0xa3f26d RKey 0x074400 VAddr 0x007f19936dc000
 GID: 00:00:00:00:00:00:00:00:00:00:255:255:10:01:02:02
 remote address: LID 0000 QPN 0x0cfe PSN 0x52c2c9 RKey 0x074400 VAddr 0x007f19936ec000
 GID: 00:00:00:00:00:00:00:00:00:00:255:255:10:01:02:02
 remote address: LID 0000 QPN 0x0cff PSN 0x25c1f4 RKey 0x074400 VAddr 0x007f19936fc000
 GID: 00:00:00:00:00:00:00:00:00:00:255:255:10:01:02:02
 remote address: LID 0000 QPN 0x0d00 PSN 0x182d12 RKey 0x074400 VAddr 0x007f199370c000
 GID: 00:00:00:00:00:00:00:00:00:00:255:255:10:01:02:02
 remote address: LID 0000 QPN 0x0d01 PSN 0x7d7eda RKey 0x074400 VAddr 0x007f199371c000
 GID: 00:00:00:00:00:00:00:00:00:00:255:255:10:01:02:02
 remote address: LID 0000 QPN 0x0d02 PSN 0xe95c72 RKey 0x074400 VAddr 0x007f199372c000
 GID: 00:00:00:00:00:00:00:00:00:00:255:255:10:01:02:02
 remote address: LID 0000 QPN 0x0d03 PSN 0x6ce2e6 RKey 0x074400 VAddr 0x007f199373c000
 GID: 00:00:00:00:00:00:00:00:00:00:255:255:10:01:02:02
 remote address: LID 0000 QPN 0x0d04 PSN 0xf5fd1b RKey 0x074400 VAddr 0x007f199374c000
 GID: 00:00:00:00:00:00:00:00:00:00:255:255:10:01:02:02
 remote address: LID 0000 QPN 0x0d05 PSN 0xd98e81 RKey 0x074400 VAddr 0x007f199375c000
 GID: 00:00:00:00:00:00:00:00:00:00:255:255:10:01:02:02
 remote address: LID 0000 QPN 0x0d06 PSN 0xec5993 RKey 0x074400 VAddr 0x007f199376c000
 GID: 00:00:00:00:00:00:00:00:00:00:255:255:10:01:02:02
 remote address: LID 0000 QPN 0x0d07 PSN 0x42bc11 RKey 0x074400 VAddr 0x007f199377c000
 GID: 00:00:00:00:00:00:00:00:00:00:255:255:10:01:02:02
 remote address: LID 0000 QPN 0x0d08 PSN 0x83bc12 RKey 0x074400 VAddr 0x007f199378c000
 GID: 00:00:00:00:00:00:00:00:00:00:255:255:10:01:02:02
 remote address: LID 0000 QPN 0x0d09 PSN 0x9f6422 RKey 0x074400 VAddr 0x007f199379c000
 GID: 00:00:00:00:00:00:00:00:00:00:255:255:10:01:02:02
 remote address: LID 0000 QPN 0x0d0a PSN 0xe9f87e RKey 0x074400 VAddr 0x007f19937ac000
 GID: 00:00:00:00:00:00:00:00:00:00:255:255:10:01:02:02
 remote address: LID 0000 QPN 0x0d0b PSN 0x6ae0f3 RKey 0x074400 VAddr 0x007f19937bc000
 GID: 00:00:00:00:00:00:00:00:00:00:255:255:10:01:02:02
 remote address: LID 0000 QPN 0x0d0c PSN 0x22e53b RKey 0x074400 VAddr 0x007f19937cc000
 GID: 00:00:00:00:00:00:00:00:00:00:255:255:10:01:02:02
 remote address: LID 0000 QPN 0x0d0d PSN 0x2d2d6d RKey 0x074400 VAddr 0x007f19937dc000
 GID: 00:00:00:00:00:00:00:00:00:00:255:255:10:01:02:02
 remote address: LID 0000 QPN 0x0d0e PSN 0xa71626 RKey 0x074400 VAddr 0x007f19937ec000
 GID: 00:00:00:00:00:00:00:00:00:00:255:255:10:01:02:02
 remote address: LID 0000 QPN 0x0d0f PSN 0xb8b265 RKey 0x074400 VAddr 0x007f19937fc000
 GID: 00:00:00:00:00:00:00:00:00:00:255:255:10:01:02:02
 remote address: LID 0000 QPN 0x0d10 PSN 0xba4f2b RKey 0x074400 VAddr 0x007f199380c000
 GID: 00:00:00:00:00:00:00:00:00:00:255:255:10:01:02:02
 remote address: LID 0000 QPN 0x0d11 PSN 0xdddc7d RKey 0x074400 VAddr 0x007f199381c000
 GID: 00:00:00:00:00:00:00:00:00:00:255:255:10:01:02:02
 remote address: LID 0000 QPN 0x0d12 PSN 0xf8630f RKey 0x074400 VAddr 0x007f199382c000
 GID: 00:00:00:00:00:00:00:00:00:00:255:255:10:01:02:02
 remote address: LID 0000 QPN 0x0d13 PSN 0x3455a5 RKey 0x074400 VAddr 0x007f199383c000
 GID: 00:00:00:00:00:00:00:00:00:00:255:255:10:01:02:02
 remote address: LID 0000 QPN 0x0d14 PSN 0x9e5714 RKey 0x074400 VAddr 0x007f199384c000
 GID: 00:00:00:00:00:00:00:00:00:00:255:255:10:01:02:02
 remote address: LID 0000 QPN 0x0d15 PSN 0x98def4 RKey 0x074400 VAddr 0x007f199385c000
 GID: 00:00:00:00:00:00:00:00:00:00:255:255:10:01:02:02
 remote address: LID 0000 QPN 0x0d16 PSN 0x6cb564 RKey 0x074400 VAddr 0x007f199386c000
 GID: 00:00:00:00:00:00:00:00:00:00:255:255:10:01:02:02
 remote address: LID 0000 QPN 0x0d17 PSN 0xf3d1ff RKey 0x074400 VAddr 0x007f199387c000
 GID: 00:00:00:00:00:00:00:00:00:00:255:255:10:01:02:02
 remote address: LID 0000 QPN 0x0d18 PSN 0x613e1e RKey 0x074400 VAddr 0x007f199388c000
 GID: 00:00:00:00:00:00:00:00:00:00:255:255:10:01:02:02
 remote address: LID 0000 QPN 0x0d19 PSN 0xc7ecb3 RKey 0x074400 VAddr 0x007f199389c000
 GID: 00:00:00:00:00:00:00:00:00:00:255:255:10:01:02:02
 remote address: LID 0000 QPN 0x0d1a PSN 0x292a27 RKey 0x074400 VAddr 0x007f19938ac000
 GID: 00:00:00:00:00:00:00:00:00:00:255:255:10:01:02:02
 remote address: LID 0000 QPN 0x0d1b PSN 0xc01f18 RKey 0x074400 VAddr 0x007f19938bc000
 GID: 00:00:00:00:00:00:00:00:00:00:255:255:10:01:02:02
 remote address: LID 0000 QPN 0x0d1c PSN 0x28baf0 RKey 0x074400 VAddr 0x007f19938cc000
 GID: 00:00:00:00:00:00:00:00:00:00:255:255:10:01:02:02
 remote address: LID 0000 QPN 0x0d1d PSN 0x58c836 RKey 0x074400 VAddr 0x007f19938dc000
 GID: 00:00:00:00:00:00:00:00:00:00:255:255:10:01:02:02
 remote address: LID 0000 QPN 0x0d1e PSN 0x70e782 RKey 0x074400 VAddr 0x007f19938ec000
 GID: 00:00:00:00:00:00:00:00:00:00:255:255:10:01:02:02
 remote address: LID 0000 QPN 0x0d1f PSN 0x108dd7 RKey 0x074400 VAddr 0x007f19938fc000
 GID: 00:00:00:00:00:00:00:00:00:00:255:255:10:01:02:02
 remote address: LID 0000 QPN 0x0d20 PSN 0xb3e14d RKey 0x074400 VAddr 0x007f199390c000
 GID: 00:00:00:00:00:00:00:00:00:00:255:255:10:01:02:02
 remote address: LID 0000 QPN 0x0d21 PSN 0xb46a8b RKey 0x074400 VAddr 0x007f199391c000
 GID: 00:00:00:00:00:00:00:00:00:00:255:255:10:01:02:02
 remote address: LID 0000 QPN 0x0d22 PSN 0xdd723d RKey 0x074400 VAddr 0x007f199392c000
 GID: 00:00:00:00:00:00:00:00:00:00:255:255:10:01:02:02
 remote address: LID 0000 QPN 0x0d23 PSN 0xe395f1 RKey 0x074400 VAddr 0x007f199393c000
 GID: 00:00:00:00:00:00:00:00:00:00:255:255:10:01:02:02
 remote address: LID 0000 QPN 0x0d24 PSN 0x8ca1db RKey 0x074400 VAddr 0x007f199394c000
 GID: 00:00:00:00:00:00:00:00:00:00:255:255:10:01:02:02
 remote address: LID 0000 QPN 0x0d25 PSN 0x72b4ed RKey 0x074400 VAddr 0x007f199395c000
 GID: 00:00:00:00:00:00:00:00:00:00:255:255:10:01:02:02
 remote address: LID 0000 QPN 0x0d26 PSN 0x69a849 RKey 0x074400 VAddr 0x007f199396c000
 GID: 00:00:00:00:00:00:00:00:00:00:255:255:10:01:02:02
 remote address: LID 0000 QPN 0x0d27 PSN 0x22b20f RKey 0x074400 VAddr 0x007f199397c000
 GID: 00:00:00:00:00:00:00:00:00:00:255:255:10:01:02:02
 remote address: LID 0000 QPN 0x0d28 PSN 0x124400 RKey 0x074400 VAddr 0x007f199398c000
 GID: 00:00:00:00:00:00:00:00:00:00:255:255:10:01:02:02
 remote address: LID 0000 QPN 0x0d29 PSN 0xa96201 RKey 0x074400 VAddr 0x007f199399c000
 GID: 00:00:00:00:00:00:00:00:00:00:255:255:10:01:02:02
 remote address: LID 0000 QPN 0x0d2a PSN 0x409279 RKey 0x074400 VAddr 0x007f19939ac000
 GID: 00:00:00:00:00:00:00:00:00:00:255:255:10:01:02:02
 remote address: LID 0000 QPN 0x0d2b PSN 0x2f949d RKey 0x074400 VAddr 0x007f19939bc000
 GID: 00:00:00:00:00:00:00:00:00:00:255:255:10:01:02:02
 remote address: LID 0000 QPN 0x0d2c PSN 0x3e5be5 RKey 0x074400 VAddr 0x007f19939cc000
 GID: 00:00:00:00:00:00:00:00:00:00:255:255:10:01:02:02
 remote address: LID 0000 QPN 0x0d2d PSN 0xa690ac RKey 0x074400 VAddr 0x007f19939dc000
 GID: 00:00:00:00:00:00:00:00:00:00:255:255:10:01:02:02
 remote address: LID 0000 QPN 0x0d2e PSN 0xe25f50 RKey 0x074400 VAddr 0x007f19939ec000
 GID: 00:00:00:00:00:00:00:00:00:00:255:255:10:01:02:02
 remote address: LID 0000 QPN 0x0d2f PSN 0x939f31 RKey 0x074400 VAddr 0x007f19939fc000
 GID: 00:00:00:00:00:00:00:00:00:00:255:255:10:01:02:02
 remote address: LID 0000 QPN 0x0d30 PSN 0x5bde9c RKey 0x074400 VAddr 0x007f1993a0c000
 GID: 00:00:00:00:00:00:00:00:00:00:255:255:10:01:02:02
 remote address: LID 0000 QPN 0x0d31 PSN 0x52e28f RKey 0x074400 VAddr 0x007f1993a1c000
 GID: 00:00:00:00:00:00:00:00:00:00:255:255:10:01:02:02
 remote address: LID 0000 QPN 0x0d32 PSN 0xc4f8f5 RKey 0x074400 VAddr 0x007f1993a2c000
 GID: 00:00:00:00:00:00:00:00:00:00:255:255:10:01:02:02
 remote address: LID 0000 QPN 0x0d33 PSN 0x2f2696 RKey 0x074400 VAddr 0x007f1993a3c000
 GID: 00:00:00:00:00:00:00:00:00:00:255:255:10:01:02:02
 remote address: LID 0000 QPN 0x0d34 PSN 0x80165e RKey 0x074400 VAddr 0x007f1993a4c000
 GID: 00:00:00:00:00:00:00:00:00:00:255:255:10:01:02:02
 remote address: LID 0000 QPN 0x0d35 PSN 0xfcc820 RKey 0x074400 VAddr 0x007f1993a5c000
 GID: 00:00:00:00:00:00:00:00:00:00:255:255:10:01:02:02
 remote address: LID 0000 QPN 0x0d36 PSN 0x3ac843 RKey 0x074400 VAddr 0x007f1993a6c000
 GID: 00:00:00:00:00:00:00:00:00:00:255:255:10:01:02:02
 remote address: LID 0000 QPN 0x0d37 PSN 0x54ad75 RKey 0x074400 VAddr 0x007f1993a7c000
 GID: 00:00:00:00:00:00:00:00:00:00:255:255:10:01:02:02
 remote address: LID 0000 QPN 0x0d38 PSN 0x8f58ed RKey 0x074400 VAddr 0x007f1993a8c000
 GID: 00:00:00:00:00:00:00:00:00:00:255:255:10:01:02:02
 remote address: LID 0000 QPN 0x0d39 PSN 0x8e3466 RKey 0x074400 VAddr 0x007f1993a9c000
 GID: 00:00:00:00:00:00:00:00:00:00:255:255:10:01:02:02
 remote address: LID 0000 QPN 0x0d3a PSN 0x4156fd RKey 0x074400 VAddr 0x007f1993aac000
 GID: 00:00:00:00:00:00:00:00:00:00:255:255:10:01:02:02
 remote address: LID 0000 QPN 0x0d3b PSN 0x94df9f RKey 0x074400 VAddr 0x007f1993abc000
 GID: 00:00:00:00:00:00:00:00:00:00:255:255:10:01:02:02
 remote address: LID 0000 QPN 0x0d3c PSN 0x138218 RKey 0x074400 VAddr 0x007f1993acc000
 GID: 00:00:00:00:00:00:00:00:00:00:255:255:10:01:02:02
 remote address: LID 0000 QPN 0x0d3d PSN 0xc79251 RKey 0x074400 VAddr 0x007f1993adc000
 GID: 00:00:00:00:00:00:00:00:00:00:255:255:10:01:02:02
 remote address: LID 0000 QPN 0x0d3e PSN 0x2a31f RKey 0x074400 VAddr 0x007f1993aec000
 GID: 00:00:00:00:00:00:00:00:00:00:255:255:10:01:02:02
 remote address: LID 0000 QPN 0x0d3f PSN 0x42b7f9 RKey 0x074400 VAddr 0x007f1993afc000
 GID: 00:00:00:00:00:00:00:00:00:00:255:255:10:01:02:02
 remote address: LID 0000 QPN 0x0d40 PSN 0x48545d RKey 0x074400 VAddr 0x007f1993b0c000
 GID: 00:00:00:00:00:00:00:00:00:00:255:255:10:01:02:02
 remote address: LID 0000 QPN 0x0d41 PSN 0xae75b3 RKey 0x074400 VAddr 0x007f1993b1c000
 GID: 00:00:00:00:00:00:00:00:00:00:255:255:10:01:02:02
 remote address: LID 0000 QPN 0x0d42 PSN 0x6f154f RKey 0x074400 VAddr 0x007f1993b2c000
 GID: 00:00:00:00:00:00:00:00:00:00:255:255:10:01:02:02
 remote address: LID 0000 QPN 0x0d43 PSN 0x83db05 RKey 0x074400 VAddr 0x007f1993b3c000
 GID: 00:00:Conflicting CPU frequency values detected: 2100.000000 != 2700.000000. CPU Frequency is not max.
00:00:00:00:00:00:00:00:255:255:10:01:02:02
 remote address: LID 0000 QPN 0x0d44 PSN 0xa201a8 RKey 0x074400 VAddr 0x007f1993b4c000
 GID: 00:00:00:00:00:00:00:00:00:00:255:255:10:01:02:02
 remote address: LID 0000 QPN 0x0d45 PSN 0x8c21df RKey 0x074400 VAddr 0x007f1993b5c000
 GID: 00:00:00:00:00:00:00:00:00:00:255:255:10:01:02:02
 remote address: LID 0000 QPN 0x0d46 PSN 0x832c72 RKey 0x074400 VAddr 0x007f1993b6c000
 GID: 00:00:00:00:00:00:00:00:00:00:255:255:10:01:02:02
 remote address: LID 0000 QPN 0x0d47 PSN 0xb7d009 RKey 0x074400 VAddr 0x007f1993b7c000
 GID: 00:00:00:00:00:00:00:00:00:00:255:255:10:01:02:02
 remote address: LID 0000 QPN 0x0d48 PSN 0xd43e3a RKey 0x074400 VAddr 0x007f1993b8c000
 GID: 00:00:00:00:00:00:00:00:00:00:255:255:10:01:02:02
 remote address: LID 0000 QPN 0x0d49 PSN 0x3f9fdd RKey 0x074400 VAddr 0x007f1993b9c000
 GID: 00:00:00:00:00:00:00:00:00:00:255:255:10:01:02:02
 remote address: LID 0000 QPN 0x0d4a PSN 0xab105b RKey 0x074400 VAddr 0x007f1993bac000
 GID: 00:00:00:00:00:00:00:00:00:00:255:255:10:01:02:02
 remote address: LID 0000 QPN 0x0d4b PSN 0xc162de RKey 0x074400 VAddr 0x007f1993bbc000
 GID: 00:00:00:00:00:00:00:00:00:00:255:255:10:01:02:02
 remote address: LID 0000 QPN 0x0d4c PSN 0x245fa5 RKey 0x074400 VAddr 0x007f1993bcc000
 GID: 00:00:00:00:00:00:00:00:00:00:255:255:10:01:02:02
 remote address: LID 0000 QPN 0x0d4d PSN 0xe8be46 RKey 0x074400 VAddr 0x007f1993bdc000
 GID: 00:00:00:00:00:00:00:00:00:00:255:255:10:01:02:02
 remote address: LID 0000 QPN 0x0d4e PSN 0x675d9f RKey 0x074400 VAddr 0x007f1993bec000
 GID: 00:00:00:00:00:00:00:00:00:00:255:255:10:01:02:02
---------------------------------------------------------------------------------------
 #bytes     #iterations    BW peak[Gb/sec]    BW average[Gb/sec]   MsgRate[Mpps]
 65536      803448           0.00               18.31  		     0.034932
---------------------------------------------------------------------------------------
