 WARNING: BW peak won't be measured in this run.
---------------------------------------------------------------------------------------
                    RDMA_Write BW Test
 Dual-port       : OFF		Device         : mlx5_9
 Number of qps   : 1024		Transport type : IB
 Connection type : RC		Using SRQ      : OFF
 PCIe relax order: ON		Lock-free      : OFF
 ibv_wr* API     : ON		Using Enhanced Reorder      : OFF
 TX depth        : 128
 CQ Moderation   : 1
 CQE Poll Batch  : Dynamic
 Mtu             : 1024[B]
 Link type       : Ethernet
 GID index       : 3
 Max inline data : 0[B]
 rdma_cm QPs	 : OFF
 Data ex. method : Ethernet
---------------------------------------------------------------------------------------
 local address: LID 0000 QPN 0x0274 PSN 0xfdff6e RKey 0x00c407 VAddr 0x007ffae39f2000
 GID: 00:00:00:00:00:00:00:00:00:00:255:255:10:01:03:01
 local address: LID 0000 QPN 0x0275 PSN 0xd1ffc0 RKey 0x00c407 VAddr 0x007ffae3a02000
 GID: 00:00:00:00:00:00:00:00:00:00:255:255:10:01:03:01
 local address: LID 0000 QPN 0x0276 PSN 0xa1e60a RKey 0x00c407 VAddr 0x007ffae3a12000
 GID: 00:00:00:00:00:00:00:00:00:00:255:255:10:01:03:01
 local address: LID 0000 QPN 0x0277 PSN 0xfa8d91 RKey 0x00c407 VAddr 0x007ffae3a22000
 GID: 00:00:00:00:00:00:00:00:00:00:255:255:10:01:03:01
 local address: LID 0000 QPN 0x0278 PSN 0xfc42d0 RKey 0x00c407 VAddr 0x007ffae3a32000
 GID: 00:00:00:00:00:00:00:00:00:00:255:255:10:01:03:01
 local address: LID 0000 QPN 0x0279 PSN 0xc7a7f2 RKey 0x00c407 VAddr 0x007ffae3a42000
 GID: 00:00:00:00:00:00:00:00:00:00:255:255:10:01:03:01
 local address: LID 0000 QPN 0x027a PSN 0xe7af69 RKey 0x00c407 VAddr 0x007ffae3a52000
 GID: 00:00:00:00:00:00:00:00:00:00:255:255:10:01:03:01
 local address: LID 0000 QPN 0x027b PSN 0xcf41ae RKey 0x00c407 VAddr 0x007ffae3a62000
 GID: 00:00:00:00:00:00:00:00:00:00:255:255:10:01:03:01
 local address: LID 0000 QPN 0x027c PSN 0x7824ba RKey 0x00c407 VAddr 0x007ffae3a72000
 GID: 00:00:00:00:00:00:00:00:00:00:255:255:10:01:03:01
 local address: LID 0000 QPN 0x027d PSN 0x653cb4 RKey 0x00c407 VAddr 0x007ffae3a82000
 GID: 00:00:00:00:00:00:00:00:00:00:255:255:10:01:03:01
 local address: LID 0000 QPN 0x027e PSN 0xa5c648 RKey 0x00c407 VAddr 0x007ffae3a92000
 GID: 00:00:00:00:00:00:00:00:00:00:255:255:10:01:03:01
 local address: LID 0000 QPN 0x027f PSN 0x54dd3b RKey 0x00c407 VAddr 0x007ffae3aa2000
 GID: 00:00:00:00:00:00:00:00:00:00:255:255:10:01:03:01
 local address: LID 0000 QPN 0x0280 PSN 0x52220b RKey 0x00c407 VAddr 0x007ffae3ab2000
 GID: 00:00:00:00:00:00:00:00:00:00:255:255:10:01:03:01
 local address: LID 0000 QPN 0x0281 PSN 0xfe4a5c RKey 0x00c407 VAddr 0x007ffae3ac2000
 GID: 00:00:00:00:00:00:00:00:00:00:255:255:10:01:03:01
 local address: LID 0000 QPN 0x0282 PSN 0x63d5ea RKey 0x00c407 VAddr 0x007ffae3ad2000
 GID: 00:00:00:00:00:00:00:00:00:00:255:255:10:01:03:01
 local address: LID 0000 QPN 0x0283 PSN 0xb42066 RKey 0x00c407 VAddr 0x007ffae3ae2000
 GID: 00:00:00:00:00:00:00:00:00:00:255:255:10:01:03:01
 local address: LID 0000 QPN 0x0284 PSN 0xf9ea83 RKey 0x00c407 VAddr 0x007ffae3af2000
 GID: 00:00:00:00:00:00:00:00:00:00:255:255:10:01:03:01
 local address: LID 0000 QPN 0x0285 PSN 0x422381 RKey 0x00c407 VAddr 0x007ffae3b02000
 GID: 00:00:00:00:00:00:00:00:00:00:255:255:10:01:03:01
 local address: LID 0000 QPN 0x0286 PSN 0xde42c8 RKey 0x00c407 VAddr 0x007ffae3b12000
 GID: 00:00:00:00:00:00:00:00:00:00:255:255:10:01:03:01
 local address: LID 0000 QPN 0x0287 PSN 0x448815 RKey 0x00c407 VAddr 0x007ffae3b22000
 GID: 00:00:00:00:00:00:00:00:00:00:255:255:10:01:03:01
 local address: LID 0000 QPN 0x0288 PSN 0x972852 RKey 0x00c407 VAddr 0x007ffae3b32000
 GID: 00:00:00:00:00:00:00:00:00:00:255:255:10:01:03:01
 local address: LID 0000 QPN 0x0289 PSN 0x16d2b9 RKey 0x00c407 VAddr 0x007ffae3b42000
 GID: 00:00:00:00:00:00:00:00:00:00:255:255:10:01:03:01
 local address: LID 0000 QPN 0x028a PSN 0x4b6629 RKey 0x00c407 VAddr 0x007ffae3b52000
 GID: 00:00:00:00:00:00:00:00:00:00:255:255:10:01:03:01
 local address: LID 0000 QPN 0x028b PSN 0x8b0a7d RKey 0x00c407 VAddr 0x007ffae3b62000
 GID: 00:00:00:00:00:00:00:00:00:00:255:255:10:01:03:01
 local address: LID 0000 QPN 0x028c PSN 0x82f63a RKey 0x00c407 VAddr 0x007ffae3b72000
 GID: 00:00:00:00:00:00:00:00:00:00:255:255:10:01:03:01
 local address: LID 0000 QPN 0x028d PSN 0x32267d RKey 0x00c407 VAddr 0x007ffae3b82000
 GID: 00:00:00:00:00:00:00:00:00:00:255:255:10:01:03:01
 local address: LID 0000 QPN 0x028e PSN 0x8aa95a RKey 0x00c407 VAddr 0x007ffae3b92000
 GID: 00:00:00:00:00:00:00:00:00:00:255:255:10:01:03:01
 local address: LID 0000 QPN 0x028f PSN 0x36cad4 RKey 0x00c407 VAddr 0x007ffae3ba2000
 GID: 00:00:00:00:00:00:00:00:00:00:255:255:10:01:03:01
 local address: LID 0000 QPN 0x0290 PSN 0x6a4e63 RKey 0x00c407 VAddr 0x007ffae3bb2000
 GID: 00:00:00:00:00:00:00:00:00:00:255:255:10:01:03:01
 local address: LID 0000 QPN 0x0291 PSN 0x845929 RKey 0x00c407 VAddr 0x007ffae3bc2000
 GID: 00:00:00:00:00:00:00:00:00:00:255:255:10:01:03:01
 local address: LID 0000 QPN 0x0292 PSN 0x57da8b RKey 0x00c407 VAddr 0x007ffae3bd2000
 GID: 00:00:00:00:00:00:00:00:00:00:255:255:10:01:03:01
 local address: LID 0000 QPN 0x0293 PSN 0x30161e RKey 0x00c407 VAddr 0x007ffae3be2000
 GID: 00:00:00:00:00:00:00:00:00:00:255:255:10:01:03:01
 local address: LID 0000 QPN 0x0294 PSN 0x6c5bbb RKey 0x00c407 VAddr 0x007ffae3bf2000
 GID: 00:00:00:00:00:00:00:00:00:00:255:255:10:01:03:01
 local address: LID 0000 QPN 0x0295 PSN 0xfdf720 RKey 0x00c407 VAddr 0x007ffae3c02000
 GID: 00:00:00:00:00:00:00:00:00:00:255:255:10:01:03:01
 local address: LID 0000 QPN 0x0296 PSN 0xa8b546 RKey 0x00c407 VAddr 0x007ffae3c12000
 GID: 00:00:00:00:00:00:00:00:00:00:255:255:10:01:03:01
 local address: LID 0000 QPN 0x0297 PSN 0x811b24 RKey 0x00c407 VAddr 0x007ffae3c22000
 GID: 00:00:00:00:00:00:00:00:00:00:255:255:10:01:03:01
 local address: LID 0000 QPN 0x0298 PSN 0x8c3807 RKey 0x00c407 VAddr 0x007ffae3c32000
 GID: 00:00:00:00:00:00:00:00:00:00:255:255:10:01:03:01
 local address: LID 0000 QPN 0x0299 PSN 0xf2c50d RKey 0x00c407 VAddr 0x007ffae3c42000
 GID: 00:00:00:00:00:00:00:00:00:00:255:255:10:01:03:01
 local address: LID 0000 QPN 0x029a PSN 0x80388c RKey 0x00c407 VAddr 0x007ffae3c52000
 GID: 00:00:00:00:00:00:00:00:00:00:255:255:10:01:03:01
 local address: LID 0000 QPN 0x029b PSN 0xa4ef84 RKey 0x00c407 VAddr 0x007ffae3c62000
 GID: 00:00:00:00:00:00:00:00:00:00:255:255:10:01:03:01
 local address: LID 0000 QPN 0x029c PSN 0x7c408b RKey 0x00c407 VAddr 0x007ffae3c72000
 GID: 00:00:00:00:00:00:00:00:00:00:255:255:10:01:03:01
 local address: LID 0000 QPN 0x029d PSN 0x758844 RKey 0x00c407 VAddr 0x007ffae3c82000
 GID: 00:00:00:00:00:00:00:00:00:00:255:255:10:01:03:01
 local address: LID 0000 QPN 0x029e PSN 0x63048e RKey 0x00c407 VAddr 0x007ffae3c92000
 GID: 00:00:00:00:00:00:00:00:00:00:255:255:10:01:03:01
 local address: LID 0000 QPN 0x029f PSN 0xc093e1 RKey 0x00c407 VAddr 0x007ffae3ca2000
 GID: 00:00:00:00:00:00:00:00:00:00:255:255:10:01:03:01
 local address: LID 0000 QPN 0x02a0 PSN 0xc1cb52 RKey 0x00c407 VAddr 0x007ffae3cb2000
 GID: 00:00:00:00:00:00:00:00:00:00:255:255:10:01:03:01
 local address: LID 0000 QPN 0x02a1 PSN 0xa4b346 RKey 0x00c407 VAddr 0x007ffae3cc2000
 GID: 00:00:00:00:00:00:00:00:00:00:255:255:10:01:03:01
 local address: LID 0000 QPN 0x02a2 PSN 0xd19a05 RKey 0x00c407 VAddr 0x007ffae3cd2000
 GID: 00:00:00:00:00:00:00:00:00:00:255:255:10:01:03:01
 local address: LID 0000 QPN 0x02a3 PSN 0x92c93a RKey 0x00c407 VAddr 0x007ffae3ce2000
 GID: 00:00:00:00:00:00:00:00:00:00:255:255:10:01:03:01
 local address: LID 0000 QPN 0x02a4 PSN 0x12a71b RKey 0x00c407 VAddr 0x007ffae3cf2000
 GID: 00:00:00:00:00:00:00:00:00:00:255:255:10:01:03:01
 local address: LID 0000 QPN 0x02a5 PSN 0x1e1863 RKey 0x00c407 VAddr 0x007ffae3d02000
 GID: 00:00:00:00:00:00:00:00:00:00:255:255:10:01:03:01
 local address: LID 0000 QPN 0x02a6 PSN 0x60f52e RKey 0x00c407 VAddr 0x007ffae3d12000
 GID: 00:00:00:00:00:00:00:00:00:00:255:255:10:01:03:01
 local address: LID 0000 QPN 0x02a7 PSN 0xa2a959 RKey 0x00c407 VAddr 0x007ffae3d22000
 GID: 00:00:00:00:00:00:00:00:00:00:255:255:10:01:03:01
 local address: LID 0000 QPN 0x02a8 PSN 0x3a6fe0 RKey 0x00c407 VAddr 0x007ffae3d32000
 GID: 00:00:00:00:00:00:00:00:00:00:255:255:10:01:03:01
 local address: LID 0000 QPN 0x02a9 PSN 0xcfe47a RKey 0x00c407 VAddr 0x007ffae3d42000
 GID: 00:00:00:00:00:00:00:00:00:00:255:255:10:01:03:01
 local address: LID 0000 QPN 0x02aa PSN 0xd79e66 RKey 0x00c407 VAddr 0x007ffae3d52000
 GID: 00:00:00:00:00:00:00:00:00:00:255:255:10:01:03:01
 local address: LID 0000 QPN 0x02ab PSN 0x821462 RKey 0x00c407 VAddr 0x007ffae3d62000
 GID: 00:00:00:00:00:00:00:00:00:00:255:255:10:01:03:01
 local address: LID 0000 QPN 0x02ac PSN 0x6c6204 RKey 0x00c407 VAddr 0x007ffae3d72000
 GID: 00:00:00:00:00:00:00:00:00:00:255:255:10:01:03:01
 local address: LID 0000 QPN 0x02ad PSN 0x3f43dc RKey 0x00c407 VAddr 0x007ffae3d82000
 GID: 00:00:00:00:00:00:00:00:00:00:255:255:10:01:03:01
 local address: LID 0000 QPN 0x02ae PSN 0xbcea5d RKey 0x00c407 VAddr 0x007ffae3d92000
 GID: 00:00:00:00:00:00:00:00:00:00:255:255:10:01:03:01
 local address: LID 0000 QPN 0x02af PSN 0xf8258b RKey 0x00c407 VAddr 0x007ffae3da2000
 GID: 00:00:00:00:00:00:00:00:00:00:255:255:10:01:03:01
 local address: LID 0000 QPN 0x02b0 PSN 0x46f618 RKey 0x00c407 VAddr 0x007ffae3db2000
 GID: 00:00:00:00:00:00:00:00:00:00:255:255:10:01:03:01
 local address: LID 0000 QPN 0x02b1 PSN 0x41334f RKey 0x00c407 VAddr 0x007ffae3dc2000
 GID: 00:00:00:00:00:00:00:00:00:00:255:255:10:01:03:01
 local address: LID 0000 QPN 0x02b2 PSN 0xa9c3fa RKey 0x00c407 VAddr 0x007ffae3dd2000
 GID: 00:00:00:00:00:00:00:00:00:00:255:255:10:01:03:01
 local address: LID 0000 QPN 0x02b3 PSN 0xb900ea RKey 0x00c407 VAddr 0x007ffae3de2000
 GID: 00:00:00:00:00:00:00:00:00:00:255:255:10:01:03:01
 local address: LID 0000 QPN 0x02b4 PSN 0x992f4a RKey 0x00c407 VAddr 0x007ffae3df2000
 GID: 00:00:00:00:00:00:00:00:00:00:255:255:10:01:03:01
 local address: LID 0000 QPN 0x02b5 PSN 0x281f2e RKey 0x00c407 VAddr 0x007ffae3e02000
 GID: 00:00:00:00:00:00:00:00:00:00:255:255:10:01:03:01
 local address: LID 0000 QPN 0x02b6 PSN 0x5f9cb RKey 0x00c407 VAddr 0x007ffae3e12000
 GID: 00:00:00:00:00:00:00:00:00:00:255:255:10:01:03:01
 local address: LID 0000 QPN 0x02b7 PSN 0x136c69 RKey 0x00c407 VAddr 0x007ffae3e22000
 GID: 00:00:00:00:00:00:00:00:00:00:255:255:10:01:03:01
 local address: LID 0000 QPN 0x02b8 PSN 0xce266a RKey 0x00c407 VAddr 0x007ffae3e32000
 GID: 00:00:00:00:00:00:00:00:00:00:255:255:10:01:03:01
 local address: LID 0000 QPN 0x02b9 PSN 0xb112ae RKey 0x00c407 VAddr 0x007ffae3e42000
 GID: 00:00:00:00:00:00:00:00:00:00:255:255:10:01:03:01
 local address: LID 0000 QPN 0x02ba PSN 0x52a927 RKey 0x00c407 VAddr 0x007ffae3e52000
 GID: 00:00:00:00:00:00:00:00:00:00:255:255:10:01:03:01
 local address: LID 0000 QPN 0x02bb PSN 0xd1c5d7 RKey 0x00c407 VAddr 0x007ffae3e62000
 GID: 00:00:00:00:00:00:00:00:00:00:255:255:10:01:03:01
 local address: LID 0000 QPN 0x02bc PSN 0x61fb9a RKey 0x00c407 VAddr 0x007ffae3e72000
 GID: 00:00:00:00:00:00:00:00:00:00:255:255:10:01:03:01
 local address: LID 0000 QPN 0x02bd PSN 0xa5593b RKey 0x00c407 VAddr 0x007ffae3e82000
 GID: 00:00:00:00:00:00:00:00:00:00:255:255:10:01:03:01
 local address: LID 0000 QPN 0x02be PSN 0x5200e3 RKey 0x00c407 VAddr 0x007ffae3e92000
 GID: 00:00:00:00:00:00:00:00:00:00:255:255:10:01:03:01
 local address: LID 0000 QPN 0x02bf PSN 0x930819 RKey 0x00c407 VAddr 0x007ffae3ea2000
 GID: 00:00:00:00:00:00:00:00:00:00:255:255:10:01:03:01
 local address: LID 0000 QPN 0x02c0 PSN 0x8bf892 RKey 0x00c407 VAddr 0x007ffae3eb2000
 GID: 00:00:00:00:00:00:00:00:00:00:255:255:10:01:03:01
 local address: LID 0000 QPN 0x02c1 PSN 0x519401 RKey 0x00c407 VAddr 0x007ffae3ec2000
 GID: 00:00:00:00:00:00:00:00:00:00:255:255:10:01:03:01
 local address: LID 0000 QPN 0x02c2 PSN 0xe635ad RKey 0x00c407 VAddr 0x007ffae3ed2000
 GID: 00:00:00:00:00:00:00:00:00:00:255:255:10:01:03:01
 local address: LID 0000 QPN 0x02c3 PSN 0x39b17e RKey 0x00c407 VAddr 0x007ffae3ee2000
 GID: 00:00:00:00:00:00:00:00:00:00:255:255:10:01:03:01
 local address: LID 0000 QPN 0x02c4 PSN 0xfc4d8d RKey 0x00c407 VAddr 0x007ffae3ef2000
 GID: 00:00:00:00:00:00:00:00:00:00:255:255:10:01:03:01
 local address: LID 0000 QPN 0x02c5 PSN 0xc16586 RKey 0x00c407 VAddr 0x007ffae3f02000
 GID: 00:00:00:00:00:00:00:00:00:00:255:255:10:01:03:01
 local address: LID 0000 QPN 0x02c6 PSN 0x52208 RKey 0x00c407 VAddr 0x007ffae3f12000
 GID: 00:00:00:00:00:00:00:00:00:00:255:255:10:01:03:01
 local address: LID 0000 QPN 0x02c7 PSN 0xd97d30 RKey 0x00c407 VAddr 0x007ffae3f22000
 GID: 00:00:00:00:00:00:00:00:00:00:255:255:10:01:03:01
 local address: LID 0000 QPN 0x02c8 PSN 0xc872d4 RKey 0x00c407 VAddr 0x007ffae3f32000
 GID: 00:00:00:00:00:00:00:00:00:00:255:255:10:01:03:01
 local address: LID 0000 QPN 0x02c9 PSN 0x3ef574 RKey 0x00c407 VAddr 0x007ffae3f42000
 GID: 00:00:00:00:00:00:00:00:00:00:255:255:10:01:03:01
 local address: LID 0000 QPN 0x02ca PSN 0x3babe4 RKey 0x00c407 VAddr 0x007ffae3f52000
 GID: 00:00:00:00:00:00:00:00:00:00:255:255:10:01:03:01
 local address: LID 0000 QPN 0x02cb PSN 0xea01c5 RKey 0x00c407 VAddr 0x007ffae3f62000
 GID: 00:00:00:00:00:00:00:00:00:00:255:255:10:01:03:01
 local address: LID 0000 QPN 0x02cc PSN 0x7d8e5 RKey 0x00c407 VAddr 0x007ffae3f72000
 GID: 00:00:00:00:00:00:00:00:00:00:255:255:10:01:03:01
 local address: LID 0000 QPN 0x02cd PSN 0x7ae75 RKey 0x00c407 VAddr 0x007ffae3f82000
 GID: 00:00:00:00:00:00:00:00:00:00:255:255:10:01:03:01
 local address: LID 0000 QPN 0x02ce PSN 0x93a9d9 RKey 0x00c407 VAddr 0x007ffae3f92000
 GID: 00:00:00:00:00:00:00:00:00:00:255:255:10:01:03:01
 local address: LID 0000 QPN 0x02cf PSN 0x9366f5 RKey 0x00c407 VAddr 0x007ffae3fa2000
 GID: 00:00:00:00:00:00:00:00:00:00:255:255:10:01:03:01
 local address: LID 0000 QPN 0x02d0 PSN 0xd33140 RKey 0x00c407 VAddr 0x007ffae3fb2000
 GID: 00:00:00:00:00:00:00:00:00:00:255:255:10:01:03:01
 local address: LID 0000 QPN 0x02d1 PSN 0x9bb837 RKey 0x00c407 VAddr 0x007ffae3fc2000
 GID: 00:00:00:00:00:00:00:00:00:00:255:255:10:01:03:01
 local address: LID 0000 QPN 0x02d2 PSN 0xe0a200 RKey 0x00c407 VAddr 0x007ffae3fd2000
 GID: 00:00:00:00:00:00:00:00:00:00:255:255:10:01:03:01
 local address: LID 0000 QPN 0x02d3 PSN 0xcb8467 RKey 0x00c407 VAddr 0x007ffae3fe2000
 GID: 00:00:00:00:00:00:00:00:00:00:255:255:10:01:03:01
 local address: LID 0000 QPN 0x02d4 PSN 0xf339cd RKey 0x00c407 VAddr 0x007ffae3ff2000
 GID: 00:00:00:00:00:00:00:00:00:00:255:255:10:01:03:01
 local address: LID 0000 QPN 0x02d5 PSN 0xa3cf8f RKey 0x00c407 VAddr 0x007ffae4002000
 GID: 00:00:00:00:00:00:00:00:00:00:255:255:10:01:03:01
 local address: LID 0000 QPN 0x02d6 PSN 0x235c6e RKey 0x00c407 VAddr 0x007ffae4012000
 GID: 00:00:00:00:00:00:00:00:00:00:255:255:10:01:03:01
 local address: LID 0000 QPN 0x02d7 PSN 0xccdba4 RKey 0x00c407 VAddr 0x007ffae4022000
 GID: 00:00:00:00:00:00:00:00:00:00:255:255:10:01:03:01
 local address: LID 0000 QPN 0x02d8 PSN 0x3094ed RKey 0x00c407 VAddr 0x007ffae4032000
 GID: 00:00:00:00:00:00:00:00:00:00:255:255:10:01:03:01
 local address: LID 0000 QPN 0x02d9 PSN 0x413eb9 RKey 0x00c407 VAddr 0x007ffae4042000
 GID: 00:00:00:00:00:00:00:00:00:00:255:255:10:01:03:01
 local address: LID 0000 QPN 0x02da PSN 0x79e34e RKey 0x00c407 VAddr 0x007ffae4052000
 GID: 00:00:00:00:00:00:00:00:00:00:255:255:10:01:03:01
 local address: LID 0000 QPN 0x02db PSN 0x55ff2d RKey 0x00c407 VAddr 0x007ffae4062000
 GID: 00:00:00:00:00:00:00:00:00:00:255:255:10:01:03:01
 local address: LID 0000 QPN 0x02dc PSN 0x84d81b RKey 0x00c407 VAddr 0x007ffae4072000
 GID: 00:00:00:00:00:00:00:00:00:00:255:255:10:01:03:01
 local address: LID 0000 QPN 0x02dd PSN 0xd5d7bd RKey 0x00c407 VAddr 0x007ffae4082000
 GID: 00:00:00:00:00:00:00:00:00:00:255:255:10:01:03:01
 local address: LID 0000 QPN 0x02de PSN 0x912a9a RKey 0x00c407 VAddr 0x007ffae4092000
 GID: 00:00:00:00:00:00:00:00:00:00:255:255:10:01:03:01
 local address: LID 0000 QPN 0x02df PSN 0x3718a7 RKey 0x00c407 VAddr 0x007ffae40a2000
 GID: 00:00:00:00:00:00:00:00:00:00:255:255:10:01:03:01
 local address: LID 0000 QPN 0x02e0 PSN 0x59b3f RKey 0x00c407 VAddr 0x007ffae40b2000
 GID: 00:00:00:00:00:00:00:00:00:00:255:255:10:01:03:01
 local address: LID 0000 QPN 0x02e1 PSN 0xdf2ee RKey 0x00c407 VAddr 0x007ffae40c2000
 GID: 00:00:00:00:00:00:00:00:00:00:255:255:10:01:03:01
 local address: LID 0000 QPN 0x02e2 PSN 0x673976 RKey 0x00c407 VAddr 0x007ffae40d2000
 GID: 00:00:00:00:00:00:00:00:00:00:255:255:10:01:03:01
 local address: LID 0000 QPN 0x02e3 PSN 0x1c6034 RKey 0x00c407 VAddr 0x007ffae40e2000
 GID: 00:00:00:00:00:00:00:00:00:00:255:255:10:01:03:01
 local address: LID 0000 QPN 0x02e4 PSN 0xe4f28f RKey 0x00c407 VAddr 0x007ffae40f2000
 GID: 00:00:00:00:00:00:00:00:00:00:255:255:10:01:03:01
 local address: LID 0000 QPN 0x02e5 PSN 0x54938d RKey 0x00c407 VAddr 0x007ffae4102000
 GID: 00:00:00:00:00:00:00:00:00:00:255:255:10:01:03:01
 local address: LID 0000 QPN 0x02e6 PSN 0x4f29 RKey 0x00c407 VAddr 0x007ffae4112000
 GID: 00:00:00:00:00:00:00:00:00:00:255:255:10:01:03:01
 local address: LID 0000 QPN 0x02e7 PSN 0x5f76de RKey 0x00c407 VAddr 0x007ffae4122000
 GID: 00:00:00:00:00:00:00:00:00:00:255:255:10:01:03:01
 local address: LID 0000 QPN 0x02e8 PSN 0xef5d22 RKey 0x00c407 VAddr 0x007ffae4132000
 GID: 00:00:00:00:00:00:00:00:00:00:255:255:10:01:03:01
 local address: LID 0000 QPN 0x02e9 PSN 0xf9f48a RKey 0x00c407 VAddr 0x007ffae4142000
 GID: 00:00:00:00:00:00:00:00:00:00:255:255:10:01:03:01
 local address: LID 0000 QPN 0x02ea PSN 0x1f1db8 RKey 0x00c407 VAddr 0x007ffae4152000
 GID: 00:00:00:00:00:00:00:00:00:00:255:255:10:01:03:01
 local address: LID 0000 QPN 0x02eb PSN 0x16b62d RKey 0x00c407 VAddr 0x007ffae4162000
 GID: 00:00:00:00:00:00:00:00:00:00:255:255:10:01:03:01
 local address: LID 0000 QPN 0x02ec PSN 0x25d213 RKey 0x00c407 VAddr 0x007ffae4172000
 GID: 00:00:00:00:00:00:00:00:00:00:255:255:10:01:03:01
 local address: LID 0000 QPN 0x02ed PSN 0x56df6a RKey 0x00c407 VAddr 0x007ffae4182000
 GID: 00:00:00:00:00:00:00:00:00:00:255:255:10:01:03:01
 local address: LID 0000 QPN 0x02ee PSN 0xb7d421 RKey 0x00c407 VAddr 0x007ffae4192000
 GID: 00:00:00:00:00:00:00:00:00:00:255:255:10:01:03:01
 local address: LID 0000 QPN 0x02ef PSN 0xb8a6d8 RKey 0x00c407 VAddr 0x007ffae41a2000
 GID: 00:00:00:00:00:00:00:00:00:00:255:255:10:01:03:01
 local address: LID 0000 QPN 0x02f0 PSN 0x13364e RKey 0x00c407 VAddr 0x007ffae41b2000
 GID: 00:00:00:00:00:00:00:00:00:00:255:255:10:01:03:01
 local address: LID 0000 QPN 0x02f1 PSN 0x3b4f44 RKey 0x00c407 VAddr 0x007ffae41c2000
 GID: 00:00:00:00:00:00:00:00:00:00:255:255:10:01:03:01
 local address: LID 0000 QPN 0x02f2 PSN 0x575231 RKey 0x00c407 VAddr 0x007ffae41d2000
 GID: 00:00:00:00:00:00:00:00:00:00:255:255:10:01:03:01
 local address: LID 0000 QPN 0x02f3 PSN 0x9af098 RKey 0x00c407 VAddr 0x007ffae41e2000
 GID: 00:00:00:00:00:00:00:00:00:00:255:255:10:01:03:01
 local address: LID 0000 QPN 0x02f4 PSN 0xe724fa RKey 0x00c407 VAddr 0x007ffae41f2000
 GID: 00:00:00:00:00:00:00:00:00:00:255:255:10:01:03:01
 local address: LID 0000 QPN 0x02f5 PSN 0x1d01e5 RKey 0x00c407 VAddr 0x007ffae4202000
 GID: 00:00:00:00:00:00:00:00:00:00:255:255:10:01:03:01
 local address: LID 0000 QPN 0x02f6 PSN 0xb38002 RKey 0x00c407 VAddr 0x007ffae4212000
 GID: 00:00:00:00:00:00:00:00:00:00:255:255:10:01:03:01
 local address: LID 0000 QPN 0x02f7 PSN 0x773517 RKey 0x00c407 VAddr 0x007ffae4222000
 GID: 00:00:00:00:00:00:00:00:00:00:255:255:10:01:03:01
 local address: LID 0000 QPN 0x02f8 PSN 0xd49483 RKey 0x00c407 VAddr 0x007ffae4232000
 GID: 00:00:00:00:00:00:00:00:00:00:255:255:10:01:03:01
 local address: LID 0000 QPN 0x02f9 PSN 0xe2b913 RKey 0x00c407 VAddr 0x007ffae4242000
 GID: 00:00:00:00:00:00:00:00:00:00:255:255:10:01:03:01
 local address: LID 0000 QPN 0x02fa PSN 0xaf6315 RKey 0x00c407 VAddr 0x007ffae4252000
 GID: 00:00:00:00:00:00:00:00:00:00:255:255:10:01:03:01
 local address: LID 0000 QPN 0x02fb PSN 0x156808 RKey 0x00c407 VAddr 0x007ffae4262000
 GID: 00:00:00:00:00:00:00:00:00:00:255:255:10:01:03:01
 local address: LID 0000 QPN 0x02fc PSN 0x518242 RKey 0x00c407 VAddr 0x007ffae4272000
 GID: 00:00:00:00:00:00:00:00:00:00:255:255:10:01:03:01
 local address: LID 0000 QPN 0x02fd PSN 0xf30def RKey 0x00c407 VAddr 0x007ffae4282000
 GID: 00:00:00:00:00:00:00:00:00:00:255:255:10:01:03:01
 local address: LID 0000 QPN 0x02fe PSN 0xed2b08 RKey 0x00c407 VAddr 0x007ffae4292000
 GID: 00:00:00:00:00:00:00:00:00:00:255:255:10:01:03:01
 local address: LID 0000 QPN 0x02ff PSN 0x625650 RKey 0x00c407 VAddr 0x007ffae42a2000
 GID: 00:00:00:00:00:00:00:00:00:00:255:255:10:01:03:01
 local address: LID 0000 QPN 0x0300 PSN 0x3d6ecc RKey 0x00c407 VAddr 0x007ffae42b2000
 GID: 00:00:00:00:00:00:00:00:00:00:255:255:10:01:03:01
 local address: LID 0000 QPN 0x0301 PSN 0x79d873 RKey 0x00c407 VAddr 0x007ffae42c2000
 GID: 00:00:00:00:00:00:00:00:00:00:255:255:10:01:03:01
 local address: LID 0000 QPN 0x0302 PSN 0x320ff4 RKey 0x00c407 VAddr 0x007ffae42d2000
 GID: 00:00:00:00:00:00:00:00:00:00:255:255:10:01:03:01
 local address: LID 0000 QPN 0x0303 PSN 0xb22e61 RKey 0x00c407 VAddr 0x007ffae42e2000
 GID: 00:00:00:00:00:00:00:00:00:00:255:255:10:01:03:01
 local address: LID 0000 QPN 0x0304 PSN 0x4714d4 RKey 0x00c407 VAddr 0x007ffae42f2000
 GID: 00:00:00:00:00:00:00:00:00:00:255:255:10:01:03:01
 local address: LID 0000 QPN 0x0305 PSN 0xc54d1b RKey 0x00c407 VAddr 0x007ffae4302000
 GID: 00:00:00:00:00:00:00:00:00:00:255:255:10:01:03:01
 local address: LID 0000 QPN 0x0306 PSN 0x37c65 RKey 0x00c407 VAddr 0x007ffae4312000
 GID: 00:00:00:00:00:00:00:00:00:00:255:255:10:01:03:01
 local address: LID 0000 QPN 0x0307 PSN 0xd9fba8 RKey 0x00c407 VAddr 0x007ffae4322000
 GID: 00:00:00:00:00:00:00:00:00:00:255:255:10:01:03:01
 local address: LID 0000 QPN 0x0308 PSN 0xc664be RKey 0x00c407 VAddr 0x007ffae4332000
 GID: 00:00:00:00:00:00:00:00:00:00:255:255:10:01:03:01
 local address: LID 0000 QPN 0x0309 PSN 0x4c12a1 RKey 0x00c407 VAddr 0x007ffae4342000
 GID: 00:00:00:00:00:00:00:00:00:00:255:255:10:01:03:01
 local address: LID 0000 QPN 0x030a PSN 0xa29cf7 RKey 0x00c407 VAddr 0x007ffae4352000
 GID: 00:00:00:00:00:00:00:00:00:00:255:255:10:01:03:01
 local address: LID 0000 QPN 0x030b PSN 0x48271c RKey 0x00c407 VAddr 0x007ffae4362000
 GID: 00:00:00:00:00:00:00:00:00:00:255:255:10:01:03:01
 local address: LID 0000 QPN 0x030c PSN 0x466ec1 RKey 0x00c407 VAddr 0x007ffae4372000
 GID: 00:00:00:00:00:00:00:00:00:00:255:255:10:01:03:01
 local address: LID 0000 QPN 0x030d PSN 0x7fb1e0 RKey 0x00c407 VAddr 0x007ffae4382000
 GID: 00:00:00:00:00:00:00:00:00:00:255:255:10:01:03:01
 local address: LID 0000 QPN 0x030e PSN 0x830f89 RKey 0x00c407 VAddr 0x007ffae4392000
 GID: 00:00:00:00:00:00:00:00:00:00:255:255:10:01:03:01
 local address: LID 0000 QPN 0x030f PSN 0x732ef7 RKey 0x00c407 VAddr 0x007ffae43a2000
 GID: 00:00:00:00:00:00:00:00:00:00:255:255:10:01:03:01
 local address: LID 0000 QPN 0x0310 PSN 0xcb85b7 RKey 0x00c407 VAddr 0x007ffae43b2000
 GID: 00:00:00:00:00:00:00:00:00:00:255:255:10:01:03:01
 local address: LID 0000 QPN 0x0311 PSN 0x22e1da RKey 0x00c407 VAddr 0x007ffae43c2000
 GID: 00:00:00:00:00:00:00:00:00:00:255:255:10:01:03:01
 local address: LID 0000 QPN 0x0312 PSN 0x2b0c21 RKey 0x00c407 VAddr 0x007ffae43d2000
 GID: 00:00:00:00:00:00:00:00:00:00:255:255:10:01:03:01
 local address: LID 0000 QPN 0x0313 PSN 0xf6e782 RKey 0x00c407 VAddr 0x007ffae43e2000
 GID: 00:00:00:00:00:00:00:00:00:00:255:255:10:01:03:01
 local address: LID 0000 QPN 0x0314 PSN 0x1c8484 RKey 0x00c407 VAddr 0x007ffae43f2000
 GID: 00:00:00:00:00:00:00:00:00:00:255:255:10:01:03:01
 local address: LID 0000 QPN 0x0315 PSN 0x9151d5 RKey 0x00c407 VAddr 0x007ffae4402000
 GID: 00:00:00:00:00:00:00:00:00:00:255:255:10:01:03:01
 local address: LID 0000 QPN 0x0316 PSN 0xb7015c RKey 0x00c407 VAddr 0x007ffae4412000
 GID: 00:00:00:00:00:00:00:00:00:00:255:255:10:01:03:01
 local address: LID 0000 QPN 0x0317 PSN 0xabb708 RKey 0x00c407 VAddr 0x007ffae4422000
 GID: 00:00:00:00:00:00:00:00:00:00:255:255:10:01:03:01
 local address: LID 0000 QPN 0x0318 PSN 0x9ac021 RKey 0x00c407 VAddr 0x007ffae4432000
 GID: 00:00:00:00:00:00:00:00:00:00:255:255:10:01:03:01
 local address: LID 0000 QPN 0x0319 PSN 0x5eb3a0 RKey 0x00c407 VAddr 0x007ffae4442000
 GID: 00:00:00:00:00:00:00:00:00:00:255:255:10:01:03:01
 local address: LID 0000 QPN 0x031a PSN 0xa03e90 RKey 0x00c407 VAddr 0x007ffae4452000
 GID: 00:00:00:00:00:00:00:00:00:00:255:255:10:01:03:01
 local address: LID 0000 QPN 0x031b PSN 0x85eec RKey 0x00c407 VAddr 0x007ffae4462000
 GID: 00:00:00:00:00:00:00:00:00:00:255:255:10:01:03:01
 local address: LID 0000 QPN 0x031c PSN 0x22d044 RKey 0x00c407 VAddr 0x007ffae4472000
 GID: 00:00:00:00:00:00:00:00:00:00:255:255:10:01:03:01
 local address: LID 0000 QPN 0x031d PSN 0xce7f3 RKey 0x00c407 VAddr 0x007ffae4482000
 GID: 00:00:00:00:00:00:00:00:00:00:255:255:10:01:03:01
 local address: LID 0000 QPN 0x031e PSN 0x85e580 RKey 0x00c407 VAddr 0x007ffae4492000
 GID: 00:00:00:00:00:00:00:00:00:00:255:255:10:01:03:01
 local address: LID 0000 QPN 0x031f PSN 0x5603d7 RKey 0x00c407 VAddr 0x007ffae44a2000
 GID: 00:00:00:00:00:00:00:00:00:00:255:255:10:01:03:01
 local address: LID 0000 QPN 0x0320 PSN 0xa8f8ae RKey 0x00c407 VAddr 0x007ffae44b2000
 GID: 00:00:00:00:00:00:00:00:00:00:255:255:10:01:03:01
 local address: LID 0000 QPN 0x0321 PSN 0x754ef4 RKey 0x00c407 VAddr 0x007ffae44c2000
 GID: 00:00:00:00:00:00:00:00:00:00:255:255:10:01:03:01
 local address: LID 0000 QPN 0x0322 PSN 0x30fdba RKey 0x00c407 VAddr 0x007ffae44d2000
 GID: 00:00:00:00:00:00:00:00:00:00:255:255:10:01:03:01
 local address: LID 0000 QPN 0x0323 PSN 0xc74709 RKey 0x00c407 VAddr 0x007ffae44e2000
 GID: 00:00:00:00:00:00:00:00:00:00:255:255:10:01:03:01
 local address: LID 0000 QPN 0x0324 PSN 0x669d10 RKey 0x00c407 VAddr 0x007ffae44f2000
 GID: 00:00:00:00:00:00:00:00:00:00:255:255:10:01:03:01
 local address: LID 0000 QPN 0x0325 PSN 0xff5ed6 RKey 0x00c407 VAddr 0x007ffae4502000
 GID: 00:00:00:00:00:00:00:00:00:00:255:255:10:01:03:01
 local address: LID 0000 QPN 0x0326 PSN 0x802391 RKey 0x00c407 VAddr 0x007ffae4512000
 GID: 00:00:00:00:00:00:00:00:00:00:255:255:10:01:03:01
 local address: LID 0000 QPN 0x0327 PSN 0x7e62d1 RKey 0x00c407 VAddr 0x007ffae4522000
 GID: 00:00:00:00:00:00:00:00:00:00:255:255:10:01:03:01
 local address: LID 0000 QPN 0x0328 PSN 0x1ac99b RKey 0x00c407 VAddr 0x007ffae4532000
 GID: 00:00:00:00:00:00:00:00:00:00:255:255:10:01:03:01
 local address: LID 0000 QPN 0x0329 PSN 0xfec29c RKey 0x00c407 VAddr 0x007ffae4542000
 GID: 00:00:00:00:00:00:00:00:00:00:255:255:10:01:03:01
 local address: LID 0000 QPN 0x032a PSN 0xf4ecb3 RKey 0x00c407 VAddr 0x007ffae4552000
 GID: 00:00:00:00:00:00:00:00:00:00:255:255:10:01:03:01
 local address: LID 0000 QPN 0x032b PSN 0x1b5c18 RKey 0x00c407 VAddr 0x007ffae4562000
 GID: 00:00:00:00:00:00:00:00:00:00:255:255:10:01:03:01
 local address: LID 0000 QPN 0x032c PSN 0xb67a23 RKey 0x00c407 VAddr 0x007ffae4572000
 GID: 00:00:00:00:00:00:00:00:00:00:255:255:10:01:03:01
 local address: LID 0000 QPN 0x032d PSN 0xb562fc RKey 0x00c407 VAddr 0x007ffae4582000
 GID: 00:00:00:00:00:00:00:00:00:00:255:255:10:01:03:01
 local address: LID 0000 QPN 0x032e PSN 0xe4bc66 RKey 0x00c407 VAddr 0x007ffae4592000
 GID: 00:00:00:00:00:00:00:00:00:00:255:255:10:01:03:01
 local address: LID 0000 QPN 0x032f PSN 0xaa7b17 RKey 0x00c407 VAddr 0x007ffae45a2000
 GID: 00:00:00:00:00:00:00:00:00:00:255:255:10:01:03:01
 local address: LID 0000 QPN 0x0330 PSN 0x6de9ee RKey 0x00c407 VAddr 0x007ffae45b2000
 GID: 00:00:00:00:00:00:00:00:00:00:255:255:10:01:03:01
 local address: LID 0000 QPN 0x0331 PSN 0x99db5e RKey 0x00c407 VAddr 0x007ffae45c2000
 GID: 00:00:00:00:00:00:00:00:00:00:255:255:10:01:03:01
 local address: LID 0000 QPN 0x0332 PSN 0x706163 RKey 0x00c407 VAddr 0x007ffae45d2000
 GID: 00:00:00:00:00:00:00:00:00:00:255:255:10:01:03:01
 local address: LID 0000 QPN 0x0333 PSN 0xdc5d29 RKey 0x00c407 VAddr 0x007ffae45e2000
 GID: 00:00:00:00:00:00:00:00:00:00:255:255:10:01:03:01
 local address: LID 0000 QPN 0x0334 PSN 0x32d61f RKey 0x00c407 VAddr 0x007ffae45f2000
 GID: 00:00:00:00:00:00:00:00:00:00:255:255:10:01:03:01
 local address: LID 0000 QPN 0x0335 PSN 0xc8fd03 RKey 0x00c407 VAddr 0x007ffae4602000
 GID: 00:00:00:00:00:00:00:00:00:00:255:255:10:01:03:01
 local address: LID 0000 QPN 0x0336 PSN 0x1774f RKey 0x00c407 VAddr 0x007ffae4612000
 GID: 00:00:00:00:00:00:00:00:00:00:255:255:10:01:03:01
 local address: LID 0000 QPN 0x0337 PSN 0x7411ba RKey 0x00c407 VAddr 0x007ffae4622000
 GID: 00:00:00:00:00:00:00:00:00:00:255:255:10:01:03:01
 local address: LID 0000 QPN 0x0338 PSN 0xb03cba RKey 0x00c407 VAddr 0x007ffae4632000
 GID: 00:00:00:00:00:00:00:00:00:00:255:255:10:01:03:01
 local address: LID 0000 QPN 0x0339 PSN 0x112243 RKey 0x00c407 VAddr 0x007ffae4642000
 GID: 00:00:00:00:00:00:00:00:00:00:255:255:10:01:03:01
 local address: LID 0000 QPN 0x033a PSN 0xc225d2 RKey 0x00c407 VAddr 0x007ffae4652000
 GID: 00:00:00:00:00:00:00:00:00:00:255:255:10:01:03:01
 local address: LID 0000 QPN 0x033b PSN 0xecd45f RKey 0x00c407 VAddr 0x007ffae4662000
 GID: 00:00:00:00:00:00:00:00:00:00:255:255:10:01:03:01
 local address: LID 0000 QPN 0x033c PSN 0x9ec253 RKey 0x00c407 VAddr 0x007ffae4672000
 GID: 00:00:00:00:00:00:00:00:00:00:255:255:10:01:03:01
 local address: LID 0000 QPN 0x033d PSN 0xf033ef RKey 0x00c407 VAddr 0x007ffae4682000
 GID: 00:00:00:00:00:00:00:00:00:00:255:255:10:01:03:01
 local address: LID 0000 QPN 0x033e PSN 0xf37756 RKey 0x00c407 VAddr 0x007ffae4692000
 GID: 00:00:00:00:00:00:00:00:00:00:255:255:10:01:03:01
 local address: LID 0000 QPN 0x033f PSN 0xa01600 RKey 0x00c407 VAddr 0x007ffae46a2000
 GID: 00:00:00:00:00:00:00:00:00:00:255:255:10:01:03:01
 local address: LID 0000 QPN 0x0340 PSN 0x518858 RKey 0x00c407 VAddr 0x007ffae46b2000
 GID: 00:00:00:00:00:00:00:00:00:00:255:255:10:01:03:01
 local address: LID 0000 QPN 0x0341 PSN 0x4962d5 RKey 0x00c407 VAddr 0x007ffae46c2000
 GID: 00:00:00:00:00:00:00:00:00:00:255:255:10:01:03:01
 local address: LID 0000 QPN 0x0342 PSN 0xd0215e RKey 0x00c407 VAddr 0x007ffae46d2000
 GID: 00:00:00:00:00:00:00:00:00:00:255:255:10:01:03:01
 local address: LID 0000 QPN 0x0343 PSN 0x4da730 RKey 0x00c407 VAddr 0x007ffae46e2000
 GID: 00:00:00:00:00:00:00:00:00:00:255:255:10:01:03:01
 local address: LID 0000 QPN 0x0344 PSN 0x4dddf7 RKey 0x00c407 VAddr 0x007ffae46f2000
 GID: 00:00:00:00:00:00:00:00:00:00:255:255:10:01:03:01
 local address: LID 0000 QPN 0x0345 PSN 0xa5b761 RKey 0x00c407 VAddr 0x007ffae4702000
 GID: 00:00:00:00:00:00:00:00:00:00:255:255:10:01:03:01
 local address: LID 0000 QPN 0x0346 PSN 0x6d3880 RKey 0x00c407 VAddr 0x007ffae4712000
 GID: 00:00:00:00:00:00:00:00:00:00:255:255:10:01:03:01
 local address: LID 0000 QPN 0x0347 PSN 0xf2f59d RKey 0x00c407 VAddr 0x007ffae4722000
 GID: 00:00:00:00:00:00:00:00:00:00:255:255:10:01:03:01
 local address: LID 0000 QPN 0x0348 PSN 0x3cd5ad RKey 0x00c407 VAddr 0x007ffae4732000
 GID: 00:00:00:00:00:00:00:00:00:00:255:255:10:01:03:01
 local address: LID 0000 QPN 0x0349 PSN 0xa2b960 RKey 0x00c407 VAddr 0x007ffae4742000
 GID: 00:00:00:00:00:00:00:00:00:00:255:255:10:01:03:01
 local address: LID 0000 QPN 0x034a PSN 0x67ea01 RKey 0x00c407 VAddr 0x007ffae4752000
 GID: 00:00:00:00:00:00:00:00:00:00:255:255:10:01:03:01
 local address: LID 0000 QPN 0x034b PSN 0x7b6ea3 RKey 0x00c407 VAddr 0x007ffae4762000
 GID: 00:00:00:00:00:00:00:00:00:00:255:255:10:01:03:01
 local address: LID 0000 QPN 0x034c PSN 0x2c696d RKey 0x00c407 VAddr 0x007ffae4772000
 GID: 00:00:00:00:00:00:00:00:00:00:255:255:10:01:03:01
 local address: LID 0000 QPN 0x034d PSN 0xe491e0 RKey 0x00c407 VAddr 0x007ffae4782000
 GID: 00:00:00:00:00:00:00:00:00:00:255:255:10:01:03:01
 local address: LID 0000 QPN 0x034e PSN 0xc6f50b RKey 0x00c407 VAddr 0x007ffae4792000
 GID: 00:00:00:00:00:00:00:00:00:00:255:255:10:01:03:01
 local address: LID 0000 QPN 0x034f PSN 0x2338fb RKey 0x00c407 VAddr 0x007ffae47a2000
 GID: 00:00:00:00:00:00:00:00:00:00:255:255:10:01:03:01
 local address: LID 0000 QPN 0x0350 PSN 0x867769 RKey 0x00c407 VAddr 0x007ffae47b2000
 GID: 00:00:00:00:00:00:00:00:00:00:255:255:10:01:03:01
 local address: LID 0000 QPN 0x0351 PSN 0x952934 RKey 0x00c407 VAddr 0x007ffae47c2000
 GID: 00:00:00:00:00:00:00:00:00:00:255:255:10:01:03:01
 local address: LID 0000 QPN 0x0352 PSN 0xe83d8d RKey 0x00c407 VAddr 0x007ffae47d2000
 GID: 00:00:00:00:00:00:00:00:00:00:255:255:10:01:03:01
 local address: LID 0000 QPN 0x0353 PSN 0x869790 RKey 0x00c407 VAddr 0x007ffae47e2000
 GID: 00:00:00:00:00:00:00:00:00:00:255:255:10:01:03:01
 local address: LID 0000 QPN 0x0354 PSN 0xfe817f RKey 0x00c407 VAddr 0x007ffae47f2000
 GID: 00:00:00:00:00:00:00:00:00:00:255:255:10:01:03:01
 local address: LID 0000 QPN 0x0355 PSN 0x4fe314 RKey 0x00c407 VAddr 0x007ffae4802000
 GID: 00:00:00:00:00:00:00:00:00:00:255:255:10:01:03:01
 local address: LID 0000 QPN 0x0356 PSN 0x3e72af RKey 0x00c407 VAddr 0x007ffae4812000
 GID: 00:00:00:00:00:00:00:00:00:00:255:255:10:01:03:01
 local address: LID 0000 QPN 0x0357 PSN 0x6b6772 RKey 0x00c407 VAddr 0x007ffae4822000
 GID: 00:00:00:00:00:00:00:00:00:00:255:255:10:01:03:01
 local address: LID 0000 QPN 0x0358 PSN 0x9bb943 RKey 0x00c407 VAddr 0x007ffae4832000
 GID: 00:00:00:00:00:00:00:00:00:00:255:255:10:01:03:01
 local address: LID 0000 QPN 0x0359 PSN 0x71bae0 RKey 0x00c407 VAddr 0x007ffae4842000
 GID: 00:00:00:00:00:00:00:00:00:00:255:255:10:01:03:01
 local address: LID 0000 QPN 0x035a PSN 0xa862f1 RKey 0x00c407 VAddr 0x007ffae4852000
 GID: 00:00:00:00:00:00:00:00:00:00:255:255:10:01:03:01
 local address: LID 0000 QPN 0x035b PSN 0x774ae3 RKey 0x00c407 VAddr 0x007ffae4862000
 GID: 00:00:00:00:00:00:00:00:00:00:255:255:10:01:03:01
 local address: LID 0000 QPN 0x035c PSN 0x9382a5 RKey 0x00c407 VAddr 0x007ffae4872000
 GID: 00:00:00:00:00:00:00:00:00:00:255:255:10:01:03:01
 local address: LID 0000 QPN 0x035d PSN 0x3fa205 RKey 0x00c407 VAddr 0x007ffae4882000
 GID: 00:00:00:00:00:00:00:00:00:00:255:255:10:01:03:01
 local address: LID 0000 QPN 0x035e PSN 0xeb37df RKey 0x00c407 VAddr 0x007ffae4892000
 GID: 00:00:00:00:00:00:00:00:00:00:255:255:10:01:03:01
 local address: LID 0000 QPN 0x035f PSN 0x5c338f RKey 0x00c407 VAddr 0x007ffae48a2000
 GID: 00:00:00:00:00:00:00:00:00:00:255:255:10:01:03:01
 local address: LID 0000 QPN 0x0360 PSN 0x81373f RKey 0x00c407 VAddr 0x007ffae48b2000
 GID: 00:00:00:00:00:00:00:00:00:00:255:255:10:01:03:01
 local address: LID 0000 QPN 0x0361 PSN 0x512278 RKey 0x00c407 VAddr 0x007ffae48c2000
 GID: 00:00:00:00:00:00:00:00:00:00:255:255:10:01:03:01
 local address: LID 0000 QPN 0x0362 PSN 0xf27373 RKey 0x00c407 VAddr 0x007ffae48d2000
 GID: 00:00:00:00:00:00:00:00:00:00:255:255:10:01:03:01
 local address: LID 0000 QPN 0x0363 PSN 0xae1dd9 RKey 0x00c407 VAddr 0x007ffae48e2000
 GID: 00:00:00:00:00:00:00:00:00:00:255:255:10:01:03:01
 local address: LID 0000 QPN 0x0364 PSN 0x4a943e RKey 0x00c407 VAddr 0x007ffae48f2000
 GID: 00:00:00:00:00:00:00:00:00:00:255:255:10:01:03:01
 local address: LID 0000 QPN 0x0365 PSN 0x4b6760 RKey 0x00c407 VAddr 0x007ffae4902000
 GID: 00:00:00:00:00:00:00:00:00:00:255:255:10:01:03:01
 local address: LID 0000 QPN 0x0366 PSN 0x8c2907 RKey 0x00c407 VAddr 0x007ffae4912000
 GID: 00:00:00:00:00:00:00:00:00:00:255:255:10:01:03:01
 local address: LID 0000 QPN 0x0367 PSN 0xafef51 RKey 0x00c407 VAddr 0x007ffae4922000
 GID: 00:00:00:00:00:00:00:00:00:00:255:255:10:01:03:01
 local address: LID 0000 QPN 0x0368 PSN 0x4cdcea RKey 0x00c407 VAddr 0x007ffae4932000
 GID: 00:00:00:00:00:00:00:00:00:00:255:255:10:01:03:01
 local address: LID 0000 QPN 0x0369 PSN 0x58edd0 RKey 0x00c407 VAddr 0x007ffae4942000
 GID: 00:00:00:00:00:00:00:00:00:00:255:255:10:01:03:01
 local address: LID 0000 QPN 0x036a PSN 0x58bf5 RKey 0x00c407 VAddr 0x007ffae4952000
 GID: 00:00:00:00:00:00:00:00:00:00:255:255:10:01:03:01
 local address: LID 0000 QPN 0x036b PSN 0x128a41 RKey 0x00c407 VAddr 0x007ffae4962000
 GID: 00:00:00:00:00:00:00:00:00:00:255:255:10:01:03:01
 local address: LID 0000 QPN 0x036c PSN 0xe55bd3 RKey 0x00c407 VAddr 0x007ffae4972000
 GID: 00:00:00:00:00:00:00:00:00:00:255:255:10:01:03:01
 local address: LID 0000 QPN 0x036d PSN 0xc3fb2 RKey 0x00c407 VAddr 0x007ffae4982000
 GID: 00:00:00:00:00:00:00:00:00:00:255:255:10:01:03:01
 local address: LID 0000 QPN 0x036e PSN 0xf38dcd RKey 0x00c407 VAddr 0x007ffae4992000
 GID: 00:00:00:00:00:00:00:00:00:00:255:255:10:01:03:01
 local address: LID 0000 QPN 0x036f PSN 0x4867 RKey 0x00c407 VAddr 0x007ffae49a2000
 GID: 00:00:00:00:00:00:00:00:00:00:255:255:10:01:03:01
 local address: LID 0000 QPN 0x0370 PSN 0xa88c9a RKey 0x00c407 VAddr 0x007ffae49b2000
 GID: 00:00:00:00:00:00:00:00:00:00:255:255:10:01:03:01
 local address: LID 0000 QPN 0x0371 PSN 0xa03abf RKey 0x00c407 VAddr 0x007ffae49c2000
 GID: 00:00:00:00:00:00:00:00:00:00:255:255:10:01:03:01
 local address: LID 0000 QPN 0x0372 PSN 0x34e632 RKey 0x00c407 VAddr 0x007ffae49d2000
 GID: 00:00:00:00:00:00:00:00:00:00:255:255:10:01:03:01
 local address: LID 0000 QPN 0x0373 PSN 0x2ebc RKey 0x00c407 VAddr 0x007ffae49e2000
 GID: 00:00:00:00:00:00:00:00:00:00:255:255:10:01:03:01
 local address: LID 0000 QPN 0x0374 PSN 0x45d859 RKey 0x00c407 VAddr 0x007ffae49f2000
 GID: 00:00:00:00:00:00:00:00:00:00:255:255:10:01:03:01
 local address: LID 0000 QPN 0x0375 PSN 0xee85aa RKey 0x00c407 VAddr 0x007ffae4a02000
 GID: 00:00:00:00:00:00:00:00:00:00:255:255:10:01:03:01
 local address: LID 0000 QPN 0x0376 PSN 0x767e51 RKey 0x00c407 VAddr 0x007ffae4a12000
 GID: 00:00:00:00:00:00:00:00:00:00:255:255:10:01:03:01
 local address: LID 0000 QPN 0x0377 PSN 0x5f4c73 RKey 0x00c407 VAddr 0x007ffae4a22000
 GID: 00:00:00:00:00:00:00:00:00:00:255:255:10:01:03:01
 local address: LID 0000 QPN 0x0378 PSN 0xca6eb0 RKey 0x00c407 VAddr 0x007ffae4a32000
 GID: 00:00:00:00:00:00:00:00:00:00:255:255:10:01:03:01
 local address: LID 0000 QPN 0x0379 PSN 0x1cf55d RKey 0x00c407 VAddr 0x007ffae4a42000
 GID: 00:00:00:00:00:00:00:00:00:00:255:255:10:01:03:01
 local address: LID 0000 QPN 0x037a PSN 0xd8d9ff RKey 0x00c407 VAddr 0x007ffae4a52000
 GID: 00:00:00:00:00:00:00:00:00:00:255:255:10:01:03:01
 local address: LID 0000 QPN 0x037b PSN 0x3d6fd RKey 0x00c407 VAddr 0x007ffae4a62000
 GID: 00:00:00:00:00:00:00:00:00:00:255:255:10:01:03:01
 local address: LID 0000 QPN 0x037c PSN 0x54656d RKey 0x00c407 VAddr 0x007ffae4a72000
 GID: 00:00:00:00:00:00:00:00:00:00:255:255:10:01:03:01
 local address: LID 0000 QPN 0x037d PSN 0xcc45a RKey 0x00c407 VAddr 0x007ffae4a82000
 GID: 00:00:00:00:00:00:00:00:00:00:255:255:10:01:03:01
 local address: LID 0000 QPN 0x037e PSN 0x64b86e RKey 0x00c407 VAddr 0x007ffae4a92000
 GID: 00:00:00:00:00:00:00:00:00:00:255:255:10:01:03:01
 local address: LID 0000 QPN 0x037f PSN 0xf4b549 RKey 0x00c407 VAddr 0x007ffae4aa2000
 GID: 00:00:00:00:00:00:00:00:00:00:255:255:10:01:03:01
 local address: LID 0000 QPN 0x0380 PSN 0xefe8d7 RKey 0x00c407 VAddr 0x007ffae4ab2000
 GID: 00:00:00:00:00:00:00:00:00:00:255:255:10:01:03:01
 local address: LID 0000 QPN 0x0381 PSN 0x229e44 RKey 0x00c407 VAddr 0x007ffae4ac2000
 GID: 00:00:00:00:00:00:00:00:00:00:255:255:10:01:03:01
 local address: LID 0000 QPN 0x0382 PSN 0x66c68c RKey 0x00c407 VAddr 0x007ffae4ad2000
 GID: 00:00:00:00:00:00:00:00:00:00:255:255:10:01:03:01
 local address: LID 0000 QPN 0x0383 PSN 0x994c0a RKey 0x00c407 VAddr 0x007ffae4ae2000
 GID: 00:00:00:00:00:00:00:00:00:00:255:255:10:01:03:01
 local address: LID 0000 QPN 0x0384 PSN 0xeae697 RKey 0x00c407 VAddr 0x007ffae4af2000
 GID: 00:00:00:00:00:00:00:00:00:00:255:255:10:01:03:01
 local address: LID 0000 QPN 0x0385 PSN 0x2ca177 RKey 0x00c407 VAddr 0x007ffae4b02000
 GID: 00:00:00:00:00:00:00:00:00:00:255:255:10:01:03:01
 local address: LID 0000 QPN 0x0386 PSN 0x2ddcf9 RKey 0x00c407 VAddr 0x007ffae4b12000
 GID: 00:00:00:00:00:00:00:00:00:00:255:255:10:01:03:01
 local address: LID 0000 QPN 0x0387 PSN 0xe07d30 RKey 0x00c407 VAddr 0x007ffae4b22000
 GID: 00:00:00:00:00:00:00:00:00:00:255:255:10:01:03:01
 local address: LID 0000 QPN 0x0388 PSN 0x83d44 RKey 0x00c407 VAddr 0x007ffae4b32000
 GID: 00:00:00:00:00:00:00:00:00:00:255:255:10:01:03:01
 local address: LID 0000 QPN 0x0389 PSN 0x1b98d1 RKey 0x00c407 VAddr 0x007ffae4b42000
 GID: 00:00:00:00:00:00:00:00:00:00:255:255:10:01:03:01
 local address: LID 0000 QPN 0x038a PSN 0xa4e3a2 RKey 0x00c407 VAddr 0x007ffae4b52000
 GID: 00:00:00:00:00:00:00:00:00:00:255:255:10:01:03:01
 local address: LID 0000 QPN 0x038b PSN 0x3aec78 RKey 0x00c407 VAddr 0x007ffae4b62000
 GID: 00:00:00:00:00:00:00:00:00:00:255:255:10:01:03:01
 local address: LID 0000 QPN 0x038c PSN 0x421a89 RKey 0x00c407 VAddr 0x007ffae4b72000
 GID: 00:00:00:00:00:00:00:00:00:00:255:255:10:01:03:01
 local address: LID 0000 QPN 0x038d PSN 0x16cf94 RKey 0x00c407 VAddr 0x007ffae4b82000
 GID: 00:00:00:00:00:00:00:00:00:00:255:255:10:01:03:01
 local address: LID 0000 QPN 0x038e PSN 0x7914ff RKey 0x00c407 VAddr 0x007ffae4b92000
 GID: 00:00:00:00:00:00:00:00:00:00:255:255:10:01:03:01
 local address: LID 0000 QPN 0x038f PSN 0xc3bb1f RKey 0x00c407 VAddr 0x007ffae4ba2000
 GID: 00:00:00:00:00:00:00:00:00:00:255:255:10:01:03:01
 local address: LID 0000 QPN 0x0390 PSN 0xdbd1f5 RKey 0x00c407 VAddr 0x007ffae4bb2000
 GID: 00:00:00:00:00:00:00:00:00:00:255:255:10:01:03:01
 local address: LID 0000 QPN 0x0391 PSN 0x460164 RKey 0x00c407 VAddr 0x007ffae4bc2000
 GID: 00:00:00:00:00:00:00:00:00:00:255:255:10:01:03:01
 local address: LID 0000 QPN 0x0392 PSN 0x8efae5 RKey 0x00c407 VAddr 0x007ffae4bd2000
 GID: 00:00:00:00:00:00:00:00:00:00:255:255:10:01:03:01
 local address: LID 0000 QPN 0x0393 PSN 0x340cb2 RKey 0x00c407 VAddr 0x007ffae4be2000
 GID: 00:00:00:00:00:00:00:00:00:00:255:255:10:01:03:01
 local address: LID 0000 QPN 0x0394 PSN 0xfe165f RKey 0x00c407 VAddr 0x007ffae4bf2000
 GID: 00:00:00:00:00:00:00:00:00:00:255:255:10:01:03:01
 local address: LID 0000 QPN 0x0395 PSN 0xa3086a RKey 0x00c407 VAddr 0x007ffae4c02000
 GID: 00:00:00:00:00:00:00:00:00:00:255:255:10:01:03:01
 local address: LID 0000 QPN 0x0396 PSN 0x141f08 RKey 0x00c407 VAddr 0x007ffae4c12000
 GID: 00:00:00:00:00:00:00:00:00:00:255:255:10:01:03:01
 local address: LID 0000 QPN 0x0397 PSN 0x70c701 RKey 0x00c407 VAddr 0x007ffae4c22000
 GID: 00:00:00:00:00:00:00:00:00:00:255:255:10:01:03:01
 local address: LID 0000 QPN 0x0398 PSN 0x9d1ff4 RKey 0x00c407 VAddr 0x007ffae4c32000
 GID: 00:00:00:00:00:00:00:00:00:00:255:255:10:01:03:01
 local address: LID 0000 QPN 0x0399 PSN 0x5d0b9b RKey 0x00c407 VAddr 0x007ffae4c42000
 GID: 00:00:00:00:00:00:00:00:00:00:255:255:10:01:03:01
 local address: LID 0000 QPN 0x039a PSN 0x210911 RKey 0x00c407 VAddr 0x007ffae4c52000
 GID: 00:00:00:00:00:00:00:00:00:00:255:255:10:01:03:01
 local address: LID 0000 QPN 0x039b PSN 0xc71f31 RKey 0x00c407 VAddr 0x007ffae4c62000
 GID: 00:00:00:00:00:00:00:00:00:00:255:255:10:01:03:01
 local address: LID 0000 QPN 0x039c PSN 0x96e8df RKey 0x00c407 VAddr 0x007ffae4c72000
 GID: 00:00:00:00:00:00:00:00:00:00:255:255:10:01:03:01
 local address: LID 0000 QPN 0x039d PSN 0xf10f13 RKey 0x00c407 VAddr 0x007ffae4c82000
 GID: 00:00:00:00:00:00:00:00:00:00:255:255:10:01:03:01
 local address: LID 0000 QPN 0x039e PSN 0x3ec458 RKey 0x00c407 VAddr 0x007ffae4c92000
 GID: 00:00:00:00:00:00:00:00:00:00:255:255:10:01:03:01
 local address: LID 0000 QPN 0x039f PSN 0x63a5f1 RKey 0x00c407 VAddr 0x007ffae4ca2000
 GID: 00:00:00:00:00:00:00:00:00:00:255:255:10:01:03:01
 local address: LID 0000 QPN 0x03a0 PSN 0x704a93 RKey 0x00c407 VAddr 0x007ffae4cb2000
 GID: 00:00:00:00:00:00:00:00:00:00:255:255:10:01:03:01
 local address: LID 0000 QPN 0x03a1 PSN 0x37e89b RKey 0x00c407 VAddr 0x007ffae4cc2000
 GID: 00:00:00:00:00:00:00:00:00:00:255:255:10:01:03:01
 local address: LID 0000 QPN 0x03a2 PSN 0xdcc73f RKey 0x00c407 VAddr 0x007ffae4cd2000
 GID: 00:00:00:00:00:00:00:00:00:00:255:255:10:01:03:01
 local address: LID 0000 QPN 0x03a3 PSN 0x58a4c5 RKey 0x00c407 VAddr 0x007ffae4ce2000
 GID: 00:00:00:00:00:00:00:00:00:00:255:255:10:01:03:01
 local address: LID 0000 QPN 0x03a4 PSN 0x7a65b8 RKey 0x00c407 VAddr 0x007ffae4cf2000
 GID: 00:00:00:00:00:00:00:00:00:00:255:255:10:01:03:01
 local address: LID 0000 QPN 0x03a5 PSN 0x67ba4a RKey 0x00c407 VAddr 0x007ffae4d02000
 GID: 00:00:00:00:00:00:00:00:00:00:255:255:10:01:03:01
 local address: LID 0000 QPN 0x03a6 PSN 0x77b62a RKey 0x00c407 VAddr 0x007ffae4d12000
 GID: 00:00:00:00:00:00:00:00:00:00:255:255:10:01:03:01
 local address: LID 0000 QPN 0x03a7 PSN 0xc3be7e RKey 0x00c407 VAddr 0x007ffae4d22000
 GID: 00:00:00:00:00:00:00:00:00:00:255:255:10:01:03:01
 local address: LID 0000 QPN 0x03a8 PSN 0x165eb0 RKey 0x00c407 VAddr 0x007ffae4d32000
 GID: 00:00:00:00:00:00:00:00:00:00:255:255:10:01:03:01
 local address: LID 0000 QPN 0x03a9 PSN 0x873547 RKey 0x00c407 VAddr 0x007ffae4d42000
 GID: 00:00:00:00:00:00:00:00:00:00:255:255:10:01:03:01
 local address: LID 0000 QPN 0x03aa PSN 0x7f1c1e RKey 0x00c407 VAddr 0x007ffae4d52000
 GID: 00:00:00:00:00:00:00:00:00:00:255:255:10:01:03:01
 local address: LID 0000 QPN 0x03ab PSN 0x6fe4ca RKey 0x00c407 VAddr 0x007ffae4d62000
 GID: 00:00:00:00:00:00:00:00:00:00:255:255:10:01:03:01
 local address: LID 0000 QPN 0x03ac PSN 0xe418c4 RKey 0x00c407 VAddr 0x007ffae4d72000
 GID: 00:00:00:00:00:00:00:00:00:00:255:255:10:01:03:01
 local address: LID 0000 QPN 0x03ad PSN 0x3306ac RKey 0x00c407 VAddr 0x007ffae4d82000
 GID: 00:00:00:00:00:00:00:00:00:00:255:255:10:01:03:01
 local address: LID 0000 QPN 0x03ae PSN 0x8fd2f5 RKey 0x00c407 VAddr 0x007ffae4d92000
 GID: 00:00:00:00:00:00:00:00:00:00:255:255:10:01:03:01
 local address: LID 0000 QPN 0x03af PSN 0xcfd4e7 RKey 0x00c407 VAddr 0x007ffae4da2000
 GID: 00:00:00:00:00:00:00:00:00:00:255:255:10:01:03:01
 local address: LID 0000 QPN 0x03b0 PSN 0x8939f0 RKey 0x00c407 VAddr 0x007ffae4db2000
 GID: 00:00:00:00:00:00:00:00:00:00:255:255:10:01:03:01
 local address: LID 0000 QPN 0x03b1 PSN 0xf9f086 RKey 0x00c407 VAddr 0x007ffae4dc2000
 GID: 00:00:00:00:00:00:00:00:00:00:255:255:10:01:03:01
 local address: LID 0000 QPN 0x03b2 PSN 0xfa753b RKey 0x00c407 VAddr 0x007ffae4dd2000
 GID: 00:00:00:00:00:00:00:00:00:00:255:255:10:01:03:01
 local address: LID 0000 QPN 0x03b3 PSN 0x7e6d73 RKey 0x00c407 VAddr 0x007ffae4de2000
 GID: 00:00:00:00:00:00:00:00:00:00:255:255:10:01:03:01
 local address: LID 0000 QPN 0x03b4 PSN 0x86147 RKey 0x00c407 VAddr 0x007ffae4df2000
 GID: 00:00:00:00:00:00:00:00:00:00:255:255:10:01:03:01
 local address: LID 0000 QPN 0x03b5 PSN 0x1a30f9 RKey 0x00c407 VAddr 0x007ffae4e02000
 GID: 00:00:00:00:00:00:00:00:00:00:255:255:10:01:03:01
 local address: LID 0000 QPN 0x03b6 PSN 0x68d3a9 RKey 0x00c407 VAddr 0x007ffae4e12000
 GID: 00:00:00:00:00:00:00:00:00:00:255:255:10:01:03:01
 local address: LID 0000 QPN 0x03b7 PSN 0xb54f60 RKey 0x00c407 VAddr 0x007ffae4e22000
 GID: 00:00:00:00:00:00:00:00:00:00:255:255:10:01:03:01
 local address: LID 0000 QPN 0x03b8 PSN 0xf51a04 RKey 0x00c407 VAddr 0x007ffae4e32000
 GID: 00:00:00:00:00:00:00:00:00:00:255:255:10:01:03:01
 local address: LID 0000 QPN 0x03b9 PSN 0x32f980 RKey 0x00c407 VAddr 0x007ffae4e42000
 GID: 00:00:00:00:00:00:00:00:00:00:255:255:10:01:03:01
 local address: LID 0000 QPN 0x03ba PSN 0x6b083c RKey 0x00c407 VAddr 0x007ffae4e52000
 GID: 00:00:00:00:00:00:00:00:00:00:255:255:10:01:03:01
 local address: LID 0000 QPN 0x03bb PSN 0x7f5c03 RKey 0x00c407 VAddr 0x007ffae4e62000
 GID: 00:00:00:00:00:00:00:00:00:00:255:255:10:01:03:01
 local address: LID 0000 QPN 0x03bc PSN 0xcfb52f RKey 0x00c407 VAddr 0x007ffae4e72000
 GID: 00:00:00:00:00:00:00:00:00:00:255:255:10:01:03:01
 local address: LID 0000 QPN 0x03bd PSN 0xa6d853 RKey 0x00c407 VAddr 0x007ffae4e82000
 GID: 00:00:00:00:00:00:00:00:00:00:255:255:10:01:03:01
 local address: LID 0000 QPN 0x03be PSN 0x6460f0 RKey 0x00c407 VAddr 0x007ffae4e92000
 GID: 00:00:00:00:00:00:00:00:00:00:255:255:10:01:03:01
 local address: LID 0000 QPN 0x03bf PSN 0xf3c24b RKey 0x00c407 VAddr 0x007ffae4ea2000
 GID: 00:00:00:00:00:00:00:00:00:00:255:255:10:01:03:01
 local address: LID 0000 QPN 0x03c0 PSN 0x1cd3e9 RKey 0x00c407 VAddr 0x007ffae4eb2000
 GID: 00:00:00:00:00:00:00:00:00:00:255:255:10:01:03:01
 local address: LID 0000 QPN 0x03c1 PSN 0x1815e1 RKey 0x00c407 VAddr 0x007ffae4ec2000
 GID: 00:00:00:00:00:00:00:00:00:00:255:255:10:01:03:01
 local address: LID 0000 QPN 0x03c2 PSN 0x59fc1e RKey 0x00c407 VAddr 0x007ffae4ed2000
 GID: 00:00:00:00:00:00:00:00:00:00:255:255:10:01:03:01
 local address: LID 0000 QPN 0x03c3 PSN 0x9f6d0e RKey 0x00c407 VAddr 0x007ffae4ee2000
 GID: 00:00:00:00:00:00:00:00:00:00:255:255:10:01:03:01
 local address: LID 0000 QPN 0x03c4 PSN 0xff0c54 RKey 0x00c407 VAddr 0x007ffae4ef2000
 GID: 00:00:00:00:00:00:00:00:00:00:255:255:10:01:03:01
 local address: LID 0000 QPN 0x03c5 PSN 0xb6287c RKey 0x00c407 VAddr 0x007ffae4f02000
 GID: 00:00:00:00:00:00:00:00:00:00:255:255:10:01:03:01
 local address: LID 0000 QPN 0x03c6 PSN 0x28906f RKey 0x00c407 VAddr 0x007ffae4f12000
 GID: 00:00:00:00:00:00:00:00:00:00:255:255:10:01:03:01
 local address: LID 0000 QPN 0x03c7 PSN 0x8dc47f RKey 0x00c407 VAddr 0x007ffae4f22000
 GID: 00:00:00:00:00:00:00:00:00:00:255:255:10:01:03:01
 local address: LID 0000 QPN 0x03c8 PSN 0xd5b321 RKey 0x00c407 VAddr 0x007ffae4f32000
 GID: 00:00:00:00:00:00:00:00:00:00:255:255:10:01:03:01
 local address: LID 0000 QPN 0x03c9 PSN 0x238015 RKey 0x00c407 VAddr 0x007ffae4f42000
 GID: 00:00:00:00:00:00:00:00:00:00:255:255:10:01:03:01
 local address: LID 0000 QPN 0x03ca PSN 0x447a7c RKey 0x00c407 VAddr 0x007ffae4f52000
 GID: 00:00:00:00:00:00:00:00:00:00:255:255:10:01:03:01
 local address: LID 0000 QPN 0x03cb PSN 0x3ed4bc RKey 0x00c407 VAddr 0x007ffae4f62000
 GID: 00:00:00:00:00:00:00:00:00:00:255:255:10:01:03:01
 local address: LID 0000 QPN 0x03cc PSN 0x4a73b7 RKey 0x00c407 VAddr 0x007ffae4f72000
 GID: 00:00:00:00:00:00:00:00:00:00:255:255:10:01:03:01
 local address: LID 0000 QPN 0x03cd PSN 0xad0c1c RKey 0x00c407 VAddr 0x007ffae4f82000
 GID: 00:00:00:00:00:00:00:00:00:00:255:255:10:01:03:01
 local address: LID 0000 QPN 0x03ce PSN 0xfeca04 RKey 0x00c407 VAddr 0x007ffae4f92000
 GID: 00:00:00:00:00:00:00:00:00:00:255:255:10:01:03:01
 local address: LID 0000 QPN 0x03cf PSN 0x680b84 RKey 0x00c407 VAddr 0x007ffae4fa2000
 GID: 00:00:00:00:00:00:00:00:00:00:255:255:10:01:03:01
 local address: LID 0000 QPN 0x03d0 PSN 0xe800fd RKey 0x00c407 VAddr 0x007ffae4fb2000
 GID: 00:00:00:00:00:00:00:00:00:00:255:255:10:01:03:01
 local address: LID 0000 QPN 0x03d1 PSN 0x80fd89 RKey 0x00c407 VAddr 0x007ffae4fc2000
 GID: 00:00:00:00:00:00:00:00:00:00:255:255:10:01:03:01
 local address: LID 0000 QPN 0x03d2 PSN 0xfba8c9 RKey 0x00c407 VAddr 0x007ffae4fd2000
 GID: 00:00:00:00:00:00:00:00:00:00:255:255:10:01:03:01
 local address: LID 0000 QPN 0x03d3 PSN 0xbddf06 RKey 0x00c407 VAddr 0x007ffae4fe2000
 GID: 00:00:00:00:00:00:00:00:00:00:255:255:10:01:03:01
 local address: LID 0000 QPN 0x03d4 PSN 0x6ec8c4 RKey 0x00c407 VAddr 0x007ffae4ff2000
 GID: 00:00:00:00:00:00:00:00:00:00:255:255:10:01:03:01
 local address: LID 0000 QPN 0x03d5 PSN 0xa866f9 RKey 0x00c407 VAddr 0x007ffae5002000
 GID: 00:00:00:00:00:00:00:00:00:00:255:255:10:01:03:01
 local address: LID 0000 QPN 0x03d6 PSN 0xb21507 RKey 0x00c407 VAddr 0x007ffae5012000
 GID: 00:00:00:00:00:00:00:00:00:00:255:255:10:01:03:01
 local address: LID 0000 QPN 0x03d7 PSN 0x57cfd4 RKey 0x00c407 VAddr 0x007ffae5022000
 GID: 00:00:00:00:00:00:00:00:00:00:255:255:10:01:03:01
 local address: LID 0000 QPN 0x03d8 PSN 0x4133d4 RKey 0x00c407 VAddr 0x007ffae5032000
 GID: 00:00:00:00:00:00:00:00:00:00:255:255:10:01:03:01
 local address: LID 0000 QPN 0x03d9 PSN 0xdf7cf0 RKey 0x00c407 VAddr 0x007ffae5042000
 GID: 00:00:00:00:00:00:00:00:00:00:255:255:10:01:03:01
 local address: LID 0000 QPN 0x03da PSN 0x128992 RKey 0x00c407 VAddr 0x007ffae5052000
 GID: 00:00:00:00:00:00:00:00:00:00:255:255:10:01:03:01
 local address: LID 0000 QPN 0x03db PSN 0xa557f7 RKey 0x00c407 VAddr 0x007ffae5062000
 GID: 00:00:00:00:00:00:00:00:00:00:255:255:10:01:03:01
 local address: LID 0000 QPN 0x03dc PSN 0xf9c91 RKey 0x00c407 VAddr 0x007ffae5072000
 GID: 00:00:00:00:00:00:00:00:00:00:255:255:10:01:03:01
 local address: LID 0000 QPN 0x03dd PSN 0x22583d RKey 0x00c407 VAddr 0x007ffae5082000
 GID: 00:00:00:00:00:00:00:00:00:00:255:255:10:01:03:01
 local address: LID 0000 QPN 0x03de PSN 0x71cd8b RKey 0x00c407 VAddr 0x007ffae5092000
 GID: 00:00:00:00:00:00:00:00:00:00:255:255:10:01:03:01
 local address: LID 0000 QPN 0x03df PSN 0x81791c RKey 0x00c407 VAddr 0x007ffae50a2000
 GID: 00:00:00:00:00:00:00:00:00:00:255:255:10:01:03:01
 local address: LID 0000 QPN 0x03e0 PSN 0x4c64a RKey 0x00c407 VAddr 0x007ffae50b2000
 GID: 00:00:00:00:00:00:00:00:00:00:255:255:10:01:03:01
 local address: LID 0000 QPN 0x03e1 PSN 0x3c7b RKey 0x00c407 VAddr 0x007ffae50c2000
 GID: 00:00:00:00:00:00:00:00:00:00:255:255:10:01:03:01
 local address: LID 0000 QPN 0x03e2 PSN 0x2ec5be RKey 0x00c407 VAddr 0x007ffae50d2000
 GID: 00:00:00:00:00:00:00:00:00:00:255:255:10:01:03:01
 local address: LID 0000 QPN 0x03e3 PSN 0xdbbbeb RKey 0x00c407 VAddr 0x007ffae50e2000
 GID: 00:00:00:00:00:00:00:00:00:00:255:255:10:01:03:01
 local address: LID 0000 QPN 0x03e4 PSN 0xb63f1f RKey 0x00c407 VAddr 0x007ffae50f2000
 GID: 00:00:00:00:00:00:00:00:00:00:255:255:10:01:03:01
 local address: LID 0000 QPN 0x03e5 PSN 0xa584b3 RKey 0x00c407 VAddr 0x007ffae5102000
 GID: 00:00:00:00:00:00:00:00:00:00:255:255:10:01:03:01
 local address: LID 0000 QPN 0x03e6 PSN 0xddc19b RKey 0x00c407 VAddr 0x007ffae5112000
 GID: 00:00:00:00:00:00:00:00:00:00:255:255:10:01:03:01
 local address: LID 0000 QPN 0x03e7 PSN 0xc89278 RKey 0x00c407 VAddr 0x007ffae5122000
 GID: 00:00:00:00:00:00:00:00:00:00:255:255:10:01:03:01
 local address: LID 0000 QPN 0x03e8 PSN 0xa8b68c RKey 0x00c407 VAddr 0x007ffae5132000
 GID: 00:00:00:00:00:00:00:00:00:00:255:255:10:01:03:01
 local address: LID 0000 QPN 0x03e9 PSN 0x2c781f RKey 0x00c407 VAddr 0x007ffae5142000
 GID: 00:00:00:00:00:00:00:00:00:00:255:255:10:01:03:01
 local address: LID 0000 QPN 0x03ea PSN 0xb15dcf RKey 0x00c407 VAddr 0x007ffae5152000
 GID: 00:00:00:00:00:00:00:00:00:00:255:255:10:01:03:01
 local address: LID 0000 QPN 0x03eb PSN 0xb82fd2 RKey 0x00c407 VAddr 0x007ffae5162000
 GID: 00:00:00:00:00:00:00:00:00:00:255:255:10:01:03:01
 local address: LID 0000 QPN 0x03ec PSN 0xeef296 RKey 0x00c407 VAddr 0x007ffae5172000
 GID: 00:00:00:00:00:00:00:00:00:00:255:255:10:01:03:01
 local address: LID 0000 QPN 0x03ed PSN 0x47690a RKey 0x00c407 VAddr 0x007ffae5182000
 GID: 00:00:00:00:00:00:00:00:00:00:255:255:10:01:03:01
 local address: LID 0000 QPN 0x03ee PSN 0xb67f RKey 0x00c407 VAddr 0x007ffae5192000
 GID: 00:00:00:00:00:00:00:00:00:00:255:255:10:01:03:01
 local address: LID 0000 QPN 0x03ef PSN 0x3206b9 RKey 0x00c407 VAddr 0x007ffae51a2000
 GID: 00:00:00:00:00:00:00:00:00:00:255:255:10:01:03:01
 local address: LID 0000 QPN 0x03f0 PSN 0xeaad90 RKey 0x00c407 VAddr 0x007ffae51b2000
 GID: 00:00:00:00:00:00:00:00:00:00:255:255:10:01:03:01
 local address: LID 0000 QPN 0x03f1 PSN 0xda9fd3 RKey 0x00c407 VAddr 0x007ffae51c2000
 GID: 00:00:00:00:00:00:00:00:00:00:255:255:10:01:03:01
 local address: LID 0000 QPN 0x03f2 PSN 0xcc4321 RKey 0x00c407 VAddr 0x007ffae51d2000
 GID: 00:00:00:00:00:00:00:00:00:00:255:255:10:01:03:01
 local address: LID 0000 QPN 0x03f3 PSN 0xe4416e RKey 0x00c407 VAddr 0x007ffae51e2000
 GID: 00:00:00:00:00:00:00:00:00:00:255:255:10:01:03:01
 local address: LID 0000 QPN 0x03f4 PSN 0x21468a RKey 0x00c407 VAddr 0x007ffae51f2000
 GID: 00:00:00:00:00:00:00:00:00:00:255:255:10:01:03:01
 local address: LID 0000 QPN 0x03f5 PSN 0xc2b410 RKey 0x00c407 VAddr 0x007ffae5202000
 GID: 00:00:00:00:00:00:00:00:00:00:255:255:10:01:03:01
 local address: LID 0000 QPN 0x03f6 PSN 0x9e55f6 RKey 0x00c407 VAddr 0x007ffae5212000
 GID: 00:00:00:00:00:00:00:00:00:00:255:255:10:01:03:01
 local address: LID 0000 QPN 0x03f7 PSN 0x39a4a2 RKey 0x00c407 VAddr 0x007ffae5222000
 GID: 00:00:00:00:00:00:00:00:00:00:255:255:10:01:03:01
 local address: LID 0000 QPN 0x03f8 PSN 0xace57 RKey 0x00c407 VAddr 0x007ffae5232000
 GID: 00:00:00:00:00:00:00:00:00:00:255:255:10:01:03:01
 local address: LID 0000 QPN 0x03f9 PSN 0xec15ce RKey 0x00c407 VAddr 0x007ffae5242000
 GID: 00:00:00:00:00:00:00:00:00:00:255:255:10:01:03:01
 local address: LID 0000 QPN 0x03fa PSN 0xb9d928 RKey 0x00c407 VAddr 0x007ffae5252000
 GID: 00:00:00:00:00:00:00:00:00:00:255:255:10:01:03:01
 local address: LID 0000 QPN 0x03fb PSN 0x1d6f90 RKey 0x00c407 VAddr 0x007ffae5262000
 GID: 00:00:00:00:00:00:00:00:00:00:255:255:10:01:03:01
 local address: LID 0000 QPN 0x03fc PSN 0x609b3a RKey 0x00c407 VAddr 0x007ffae5272000
 GID: 00:00:00:00:00:00:00:00:00:00:255:255:10:01:03:01
 local address: LID 0000 QPN 0x03fd PSN 0x2aa8f7 RKey 0x00c407 VAddr 0x007ffae5282000
 GID: 00:00:00:00:00:00:00:00:00:00:255:255:10:01:03:01
 local address: LID 0000 QPN 0x03fe PSN 0xd9837c RKey 0x00c407 VAddr 0x007ffae5292000
 GID: 00:00:00:00:00:00:00:00:00:00:255:255:10:01:03:01
 local address: LID 0000 QPN 0x03ff PSN 0x3beb26 RKey 0x00c407 VAddr 0x007ffae52a2000
 GID: 00:00:00:00:00:00:00:00:00:00:255:255:10:01:03:01
 local address: LID 0000 QPN 0x0400 PSN 0x592d2d RKey 0x00c407 VAddr 0x007ffae52b2000
 GID: 00:00:00:00:00:00:00:00:00:00:255:255:10:01:03:01
 local address: LID 0000 QPN 0x0401 PSN 0xc74cd RKey 0x00c407 VAddr 0x007ffae52c2000
 GID: 00:00:00:00:00:00:00:00:00:00:255:255:10:01:03:01
 local address: LID 0000 QPN 0x0402 PSN 0x6b5eb3 RKey 0x00c407 VAddr 0x007ffae52d2000
 GID: 00:00:00:00:00:00:00:00:00:00:255:255:10:01:03:01
 local address: LID 0000 QPN 0x0403 PSN 0x77a5e RKey 0x00c407 VAddr 0x007ffae52e2000
 GID: 00:00:00:00:00:00:00:00:00:00:255:255:10:01:03:01
 local address: LID 0000 QPN 0x0404 PSN 0x11cccd RKey 0x00c407 VAddr 0x007ffae52f2000
 GID: 00:00:00:00:00:00:00:00:00:00:255:255:10:01:03:01
 local address: LID 0000 QPN 0x0405 PSN 0x508992 RKey 0x00c407 VAddr 0x007ffae5302000
 GID: 00:00:00:00:00:00:00:00:00:00:255:255:10:01:03:01
 local address: LID 0000 QPN 0x0406 PSN 0xd81983 RKey 0x00c407 VAddr 0x007ffae5312000
 GID: 00:00:00:00:00:00:00:00:00:00:255:255:10:01:03:01
 local address: LID 0000 QPN 0x0407 PSN 0x351dac RKey 0x00c407 VAddr 0x007ffae5322000
 GID: 00:00:00:00:00:00:00:00:00:00:255:255:10:01:03:01
 local address: LID 0000 QPN 0x0408 PSN 0xc2eee5 RKey 0x00c407 VAddr 0x007ffae5332000
 GID: 00:00:00:00:00:00:00:00:00:00:255:255:10:01:03:01
 local address: LID 0000 QPN 0x0409 PSN 0xdb5e4a RKey 0x00c407 VAddr 0x007ffae5342000
 GID: 00:00:00:00:00:00:00:00:00:00:255:255:10:01:03:01
 local address: LID 0000 QPN 0x040a PSN 0xa33f2d RKey 0x00c407 VAddr 0x007ffae5352000
 GID: 00:00:00:00:00:00:00:00:00:00:255:255:10:01:03:01
 local address: LID 0000 QPN 0x040b PSN 0x607b90 RKey 0x00c407 VAddr 0x007ffae5362000
 GID: 00:00:00:00:00:00:00:00:00:00:255:255:10:01:03:01
 local address: LID 0000 QPN 0x040c PSN 0xe30695 RKey 0x00c407 VAddr 0x007ffae5372000
 GID: 00:00:00:00:00:00:00:00:00:00:255:255:10:01:03:01
 local address: LID 0000 QPN 0x040d PSN 0x140898 RKey 0x00c407 VAddr 0x007ffae5382000
 GID: 00:00:00:00:00:00:00:00:00:00:255:255:10:01:03:01
 local address: LID 0000 QPN 0x040e PSN 0xa90ebb RKey 0x00c407 VAddr 0x007ffae5392000
 GID: 00:00:00:00:00:00:00:00:00:00:255:255:10:01:03:01
 local address: LID 0000 QPN 0x040f PSN 0x36a04b RKey 0x00c407 VAddr 0x007ffae53a2000
 GID: 00:00:00:00:00:00:00:00:00:00:255:255:10:01:03:01
 local address: LID 0000 QPN 0x0410 PSN 0xac101e RKey 0x00c407 VAddr 0x007ffae53b2000
 GID: 00:00:00:00:00:00:00:00:00:00:255:255:10:01:03:01
 local address: LID 0000 QPN 0x0411 PSN 0xa9d0c5 RKey 0x00c407 VAddr 0x007ffae53c2000
 GID: 00:00:00:00:00:00:00:00:00:00:255:255:10:01:03:01
 local address: LID 0000 QPN 0x0412 PSN 0x104bd8 RKey 0x00c407 VAddr 0x007ffae53d2000
 GID: 00:00:00:00:00:00:00:00:00:00:255:255:10:01:03:01
 local address: LID 0000 QPN 0x0413 PSN 0x7c6ae RKey 0x00c407 VAddr 0x007ffae53e2000
 GID: 00:00:00:00:00:00:00:00:00:00:255:255:10:01:03:01
 local address: LID 0000 QPN 0x0414 PSN 0x32be4d RKey 0x00c407 VAddr 0x007ffae53f2000
 GID: 00:00:00:00:00:00:00:00:00:00:255:255:10:01:03:01
 local address: LID 0000 QPN 0x0415 PSN 0xf7c3e0 RKey 0x00c407 VAddr 0x007ffae5402000
 GID: 00:00:00:00:00:00:00:00:00:00:255:255:10:01:03:01
 local address: LID 0000 QPN 0x0416 PSN 0x52034b RKey 0x00c407 VAddr 0x007ffae5412000
 GID: 00:00:00:00:00:00:00:00:00:00:255:255:10:01:03:01
 local address: LID 0000 QPN 0x0417 PSN 0x139c0d RKey 0x00c407 VAddr 0x007ffae5422000
 GID: 00:00:00:00:00:00:00:00:00:00:255:255:10:01:03:01
 local address: LID 0000 QPN 0x0418 PSN 0x2d482 RKey 0x00c407 VAddr 0x007ffae5432000
 GID: 00:00:00:00:00:00:00:00:00:00:255:255:10:01:03:01
 local address: LID 0000 QPN 0x0419 PSN 0xb405ff RKey 0x00c407 VAddr 0x007ffae5442000
 GID: 00:00:00:00:00:00:00:00:00:00:255:255:10:01:03:01
 local address: LID 0000 QPN 0x041a PSN 0x9edd12 RKey 0x00c407 VAddr 0x007ffae5452000
 GID: 00:00:00:00:00:00:00:00:00:00:255:255:10:01:03:01
 local address: LID 0000 QPN 0x041b PSN 0x689153 RKey 0x00c407 VAddr 0x007ffae5462000
 GID: 00:00:00:00:00:00:00:00:00:00:255:255:10:01:03:01
 local address: LID 0000 QPN 0x041c PSN 0xa2d75d RKey 0x00c407 VAddr 0x007ffae5472000
 GID: 00:00:00:00:00:00:00:00:00:00:255:255:10:01:03:01
 local address: LID 0000 QPN 0x041d PSN 0x72c6a3 RKey 0x00c407 VAddr 0x007ffae5482000
 GID: 00:00:00:00:00:00:00:00:00:00:255:255:10:01:03:01
 local address: LID 0000 QPN 0x041e PSN 0x893617 RKey 0x00c407 VAddr 0x007ffae5492000
 GID: 00:00:00:00:00:00:00:00:00:00:255:255:10:01:03:01
 local address: LID 0000 QPN 0x041f PSN 0xe5eb2f RKey 0x00c407 VAddr 0x007ffae54a2000
 GID: 00:00:00:00:00:00:00:00:00:00:255:255:10:01:03:01
 local address: LID 0000 QPN 0x0420 PSN 0x19de04 RKey 0x00c407 VAddr 0x007ffae54b2000
 GID: 00:00:00:00:00:00:00:00:00:00:255:255:10:01:03:01
 local address: LID 0000 QPN 0x0421 PSN 0xe0d93a RKey 0x00c407 VAddr 0x007ffae54c2000
 GID: 00:00:00:00:00:00:00:00:00:00:255:255:10:01:03:01
 local address: LID 0000 QPN 0x0422 PSN 0xd4db91 RKey 0x00c407 VAddr 0x007ffae54d2000
 GID: 00:00:00:00:00:00:00:00:00:00:255:255:10:01:03:01
 local address: LID 0000 QPN 0x0423 PSN 0xf9636d RKey 0x00c407 VAddr 0x007ffae54e2000
 GID: 00:00:00:00:00:00:00:00:00:00:255:255:10:01:03:01
 local address: LID 0000 QPN 0x0424 PSN 0x34ee12 RKey 0x00c407 VAddr 0x007ffae54f2000
 GID: 00:00:00:00:00:00:00:00:00:00:255:255:10:01:03:01
 local address: LID 0000 QPN 0x0425 PSN 0x9813bd RKey 0x00c407 VAddr 0x007ffae5502000
 GID: 00:00:00:00:00:00:00:00:00:00:255:255:10:01:03:01
 local address: LID 0000 QPN 0x0426 PSN 0x40e1fa RKey 0x00c407 VAddr 0x007ffae5512000
 GID: 00:00:00:00:00:00:00:00:00:00:255:255:10:01:03:01
 local address: LID 0000 QPN 0x0427 PSN 0x2c4d5f RKey 0x00c407 VAddr 0x007ffae5522000
 GID: 00:00:00:00:00:00:00:00:00:00:255:255:10:01:03:01
 local address: LID 0000 QPN 0x0428 PSN 0x75ec1f RKey 0x00c407 VAddr 0x007ffae5532000
 GID: 00:00:00:00:00:00:00:00:00:00:255:255:10:01:03:01
 local address: LID 0000 QPN 0x0429 PSN 0x2fb57a RKey 0x00c407 VAddr 0x007ffae5542000
 GID: 00:00:00:00:00:00:00:00:00:00:255:255:10:01:03:01
 local address: LID 0000 QPN 0x042a PSN 0xadb1a8 RKey 0x00c407 VAddr 0x007ffae5552000
 GID: 00:00:00:00:00:00:00:00:00:00:255:255:10:01:03:01
 local address: LID 0000 QPN 0x042b PSN 0xa14f79 RKey 0x00c407 VAddr 0x007ffae5562000
 GID: 00:00:00:00:00:00:00:00:00:00:255:255:10:01:03:01
 local address: LID 0000 QPN 0x042c PSN 0xeccae8 RKey 0x00c407 VAddr 0x007ffae5572000
 GID: 00:00:00:00:00:00:00:00:00:00:255:255:10:01:03:01
 local address: LID 0000 QPN 0x042d PSN 0xcd37ec RKey 0x00c407 VAddr 0x007ffae5582000
 GID: 00:00:00:00:00:00:00:00:00:00:255:255:10:01:03:01
 local address: LID 0000 QPN 0x042e PSN 0xc9030b RKey 0x00c407 VAddr 0x007ffae5592000
 GID: 00:00:00:00:00:00:00:00:00:00:255:255:10:01:03:01
 local address: LID 0000 QPN 0x042f PSN 0x62e3fd RKey 0x00c407 VAddr 0x007ffae55a2000
 GID: 00:00:00:00:00:00:00:00:00:00:255:255:10:01:03:01
 local address: LID 0000 QPN 0x0430 PSN 0x5c431b RKey 0x00c407 VAddr 0x007ffae55b2000
 GID: 00:00:00:00:00:00:00:00:00:00:255:255:10:01:03:01
 local address: LID 0000 QPN 0x0431 PSN 0x1e0bc6 RKey 0x00c407 VAddr 0x007ffae55c2000
 GID: 00:00:00:00:00:00:00:00:00:00:255:255:10:01:03:01
 local address: LID 0000 QPN 0x0432 PSN 0xb2482 RKey 0x00c407 VAddr 0x007ffae55d2000
 GID: 00:00:00:00:00:00:00:00:00:00:255:255:10:01:03:01
 local address: LID 0000 QPN 0x0433 PSN 0xf3f2cb RKey 0x00c407 VAddr 0x007ffae55e2000
 GID: 00:00:00:00:00:00:00:00:00:00:255:255:10:01:03:01
 local address: LID 0000 QPN 0x0434 PSN 0x95fdc2 RKey 0x00c407 VAddr 0x007ffae55f2000
 GID: 00:00:00:00:00:00:00:00:00:00:255:255:10:01:03:01
 local address: LID 0000 QPN 0x0435 PSN 0x68e40f RKey 0x00c407 VAddr 0x007ffae5602000
 GID: 00:00:00:00:00:00:00:00:00:00:255:255:10:01:03:01
 local address: LID 0000 QPN 0x0436 PSN 0xec83da RKey 0x00c407 VAddr 0x007ffae5612000
 GID: 00:00:00:00:00:00:00:00:00:00:255:255:10:01:03:01
 local address: LID 0000 QPN 0x0437 PSN 0x16f65a RKey 0x00c407 VAddr 0x007ffae5622000
 GID: 00:00:00:00:00:00:00:00:00:00:255:255:10:01:03:01
 local address: LID 0000 QPN 0x0438 PSN 0x8ebb49 RKey 0x00c407 VAddr 0x007ffae5632000
 GID: 00:00:00:00:00:00:00:00:00:00:255:255:10:01:03:01
 local address: LID 0000 QPN 0x0439 PSN 0x6d5166 RKey 0x00c407 VAddr 0x007ffae5642000
 GID: 00:00:00:00:00:00:00:00:00:00:255:255:10:01:03:01
 local address: LID 0000 QPN 0x043a PSN 0x701563 RKey 0x00c407 VAddr 0x007ffae5652000
 GID: 00:00:00:00:00:00:00:00:00:00:255:255:10:01:03:01
 local address: LID 0000 QPN 0x043b PSN 0x553dc4 RKey 0x00c407 VAddr 0x007ffae5662000
 GID: 00:00:00:00:00:00:00:00:00:00:255:255:10:01:03:01
 local address: LID 0000 QPN 0x043c PSN 0xe9a12d RKey 0x00c407 VAddr 0x007ffae5672000
 GID: 00:00:00:00:00:00:00:00:00:00:255:255:10:01:03:01
 local address: LID 0000 QPN 0x043d PSN 0x328f67 RKey 0x00c407 VAddr 0x007ffae5682000
 GID: 00:00:00:00:00:00:00:00:00:00:255:255:10:01:03:01
 local address: LID 0000 QPN 0x043e PSN 0xed2b1 RKey 0x00c407 VAddr 0x007ffae5692000
 GID: 00:00:00:00:00:00:00:00:00:00:255:255:10:01:03:01
 local address: LID 0000 QPN 0x043f PSN 0x96fdfb RKey 0x00c407 VAddr 0x007ffae56a2000
 GID: 00:00:00:00:00:00:00:00:00:00:255:255:10:01:03:01
 local address: LID 0000 QPN 0x0440 PSN 0x427843 RKey 0x00c407 VAddr 0x007ffae56b2000
 GID: 00:00:00:00:00:00:00:00:00:00:255:255:10:01:03:01
 local address: LID 0000 QPN 0x0441 PSN 0xd28626 RKey 0x00c407 VAddr 0x007ffae56c2000
 GID: 00:00:00:00:00:00:00:00:00:00:255:255:10:01:03:01
 local address: LID 0000 QPN 0x0442 PSN 0x5a2aec RKey 0x00c407 VAddr 0x007ffae56d2000
 GID: 00:00:00:00:00:00:00:00:00:00:255:255:10:01:03:01
 local address: LID 0000 QPN 0x0443 PSN 0x360419 RKey 0x00c407 VAddr 0x007ffae56e2000
 GID: 00:00:00:00:00:00:00:00:00:00:255:255:10:01:03:01
 local address: LID 0000 QPN 0x0444 PSN 0xf145a3 RKey 0x00c407 VAddr 0x007ffae56f2000
 GID: 00:00:00:00:00:00:00:00:00:00:255:255:10:01:03:01
 local address: LID 0000 QPN 0x0445 PSN 0xdc21d8 RKey 0x00c407 VAddr 0x007ffae5702000
 GID: 00:00:00:00:00:00:00:00:00:00:255:255:10:01:03:01
 local address: LID 0000 QPN 0x0446 PSN 0xeeded4 RKey 0x00c407 VAddr 0x007ffae5712000
 GID: 00:00:00:00:00:00:00:00:00:00:255:255:10:01:03:01
 local address: LID 0000 QPN 0x0447 PSN 0x7ffad6 RKey 0x00c407 VAddr 0x007ffae5722000
 GID: 00:00:00:00:00:00:00:00:00:00:255:255:10:01:03:01
 local address: LID 0000 QPN 0x0448 PSN 0xfe482f RKey 0x00c407 VAddr 0x007ffae5732000
 GID: 00:00:00:00:00:00:00:00:00:00:255:255:10:01:03:01
 local address: LID 0000 QPN 0x0449 PSN 0x384292 RKey 0x00c407 VAddr 0x007ffae5742000
 GID: 00:00:00:00:00:00:00:00:00:00:255:255:10:01:03:01
 local address: LID 0000 QPN 0x044a PSN 0x2f6256 RKey 0x00c407 VAddr 0x007ffae5752000
 GID: 00:00:00:00:00:00:00:00:00:00:255:255:10:01:03:01
 local address: LID 0000 QPN 0x044b PSN 0xba5513 RKey 0x00c407 VAddr 0x007ffae5762000
 GID: 00:00:00:00:00:00:00:00:00:00:255:255:10:01:03:01
 local address: LID 0000 QPN 0x044c PSN 0x2404c3 RKey 0x00c407 VAddr 0x007ffae5772000
 GID: 00:00:00:00:00:00:00:00:00:00:255:255:10:01:03:01
 local address: LID 0000 QPN 0x044d PSN 0xaea629 RKey 0x00c407 VAddr 0x007ffae5782000
 GID: 00:00:00:00:00:00:00:00:00:00:255:255:10:01:03:01
 local address: LID 0000 QPN 0x044e PSN 0x547dc3 RKey 0x00c407 VAddr 0x007ffae5792000
 GID: 00:00:00:00:00:00:00:00:00:00:255:255:10:01:03:01
 local address: LID 0000 QPN 0x044f PSN 0x890f93 RKey 0x00c407 VAddr 0x007ffae57a2000
 GID: 00:00:00:00:00:00:00:00:00:00:255:255:10:01:03:01
 local address: LID 0000 QPN 0x0450 PSN 0xadaafb RKey 0x00c407 VAddr 0x007ffae57b2000
 GID: 00:00:00:00:00:00:00:00:00:00:255:255:10:01:03:01
 local address: LID 0000 QPN 0x0451 PSN 0x5c4e38 RKey 0x00c407 VAddr 0x007ffae57c2000
 GID: 00:00:00:00:00:00:00:00:00:00:255:255:10:01:03:01
 local address: LID 0000 QPN 0x0452 PSN 0x5488b3 RKey 0x00c407 VAddr 0x007ffae57d2000
 GID: 00:00:00:00:00:00:00:00:00:00:255:255:10:01:03:01
 local address: LID 0000 QPN 0x0453 PSN 0x3a9bc9 RKey 0x00c407 VAddr 0x007ffae57e2000
 GID: 00:00:00:00:00:00:00:00:00:00:255:255:10:01:03:01
 local address: LID 0000 QPN 0x0454 PSN 0x5abc9b RKey 0x00c407 VAddr 0x007ffae57f2000
 GID: 00:00:00:00:00:00:00:00:00:00:255:255:10:01:03:01
 local address: LID 0000 QPN 0x0455 PSN 0xc3043f RKey 0x00c407 VAddr 0x007ffae5802000
 GID: 00:00:00:00:00:00:00:00:00:00:255:255:10:01:03:01
 local address: LID 0000 QPN 0x0456 PSN 0x8d3875 RKey 0x00c407 VAddr 0x007ffae5812000
 GID: 00:00:00:00:00:00:00:00:00:00:255:255:10:01:03:01
 local address: LID 0000 QPN 0x0457 PSN 0xe65cb RKey 0x00c407 VAddr 0x007ffae5822000
 GID: 00:00:00:00:00:00:00:00:00:00:255:255:10:01:03:01
 local address: LID 0000 QPN 0x0458 PSN 0xd5819f RKey 0x00c407 VAddr 0x007ffae5832000
 GID: 00:00:00:00:00:00:00:00:00:00:255:255:10:01:03:01
 local address: LID 0000 QPN 0x0459 PSN 0xb1bde8 RKey 0x00c407 VAddr 0x007ffae5842000
 GID: 00:00:00:00:00:00:00:00:00:00:255:255:10:01:03:01
 local address: LID 0000 QPN 0x045a PSN 0xa19c31 RKey 0x00c407 VAddr 0x007ffae5852000
 GID: 00:00:00:00:00:00:00:00:00:00:255:255:10:01:03:01
 local address: LID 0000 QPN 0x045b PSN 0x308766 RKey 0x00c407 VAddr 0x007ffae5862000
 GID: 00:00:00:00:00:00:00:00:00:00:255:255:10:01:03:01
 local address: LID 0000 QPN 0x045c PSN 0x5872e0 RKey 0x00c407 VAddr 0x007ffae5872000
 GID: 00:00:00:00:00:00:00:00:00:00:255:255:10:01:03:01
 local address: LID 0000 QPN 0x045d PSN 0x3fc366 RKey 0x00c407 VAddr 0x007ffae5882000
 GID: 00:00:00:00:00:00:00:00:00:00:255:255:10:01:03:01
 local address: LID 0000 QPN 0x045e PSN 0x3d809d RKey 0x00c407 VAddr 0x007ffae5892000
 GID: 00:00:00:00:00:00:00:00:00:00:255:255:10:01:03:01
 local address: LID 0000 QPN 0x045f PSN 0xfc5a4c RKey 0x00c407 VAddr 0x007ffae58a2000
 GID: 00:00:00:00:00:00:00:00:00:00:255:255:10:01:03:01
 local address: LID 0000 QPN 0x0460 PSN 0x776560 RKey 0x00c407 VAddr 0x007ffae58b2000
 GID: 00:00:00:00:00:00:00:00:00:00:255:255:10:01:03:01
 local address: LID 0000 QPN 0x0461 PSN 0x9099f6 RKey 0x00c407 VAddr 0x007ffae58c2000
 GID: 00:00:00:00:00:00:00:00:00:00:255:255:10:01:03:01
 local address: LID 0000 QPN 0x0462 PSN 0x91558 RKey 0x00c407 VAddr 0x007ffae58d2000
 GID: 00:00:00:00:00:00:00:00:00:00:255:255:10:01:03:01
 local address: LID 0000 QPN 0x0463 PSN 0x40bb69 RKey 0x00c407 VAddr 0x007ffae58e2000
 GID: 00:00:00:00:00:00:00:00:00:00:255:255:10:01:03:01
 local address: LID 0000 QPN 0x0464 PSN 0x43e032 RKey 0x00c407 VAddr 0x007ffae58f2000
 GID: 00:00:00:00:00:00:00:00:00:00:255:255:10:01:03:01
 local address: LID 0000 QPN 0x0465 PSN 0x34d487 RKey 0x00c407 VAddr 0x007ffae5902000
 GID: 00:00:00:00:00:00:00:00:00:00:255:255:10:01:03:01
 local address: LID 0000 QPN 0x0466 PSN 0xab4de6 RKey 0x00c407 VAddr 0x007ffae5912000
 GID: 00:00:00:00:00:00:00:00:00:00:255:255:10:01:03:01
 local address: LID 0000 QPN 0x0467 PSN 0xdbf154 RKey 0x00c407 VAddr 0x007ffae5922000
 GID: 00:00:00:00:00:00:00:00:00:00:255:255:10:01:03:01
 local address: LID 0000 QPN 0x0468 PSN 0xd0a709 RKey 0x00c407 VAddr 0x007ffae5932000
 GID: 00:00:00:00:00:00:00:00:00:00:255:255:10:01:03:01
 local address: LID 0000 QPN 0x0469 PSN 0xdc0c76 RKey 0x00c407 VAddr 0x007ffae5942000
 GID: 00:00:00:00:00:00:00:00:00:00:255:255:10:01:03:01
 local address: LID 0000 QPN 0x046a PSN 0xe71849 RKey 0x00c407 VAddr 0x007ffae5952000
 GID: 00:00:00:00:00:00:00:00:00:00:255:255:10:01:03:01
 local address: LID 0000 QPN 0x046b PSN 0x3247e0 RKey 0x00c407 VAddr 0x007ffae5962000
 GID: 00:00:00:00:00:00:00:00:00:00:255:255:10:01:03:01
 local address: LID 0000 QPN 0x046c PSN 0xf235b RKey 0x00c407 VAddr 0x007ffae5972000
 GID: 00:00:00:00:00:00:00:00:00:00:255:255:10:01:03:01
 local address: LID 0000 QPN 0x046d PSN 0xce6472 RKey 0x00c407 VAddr 0x007ffae5982000
 GID: 00:00:00:00:00:00:00:00:00:00:255:255:10:01:03:01
 local address: LID 0000 QPN 0x046e PSN 0x472338 RKey 0x00c407 VAddr 0x007ffae5992000
 GID: 00:00:00:00:00:00:00:00:00:00:255:255:10:01:03:01
 local address: LID 0000 QPN 0x046f PSN 0xe192d1 RKey 0x00c407 VAddr 0x007ffae59a2000
 GID: 00:00:00:00:00:00:00:00:00:00:255:255:10:01:03:01
 local address: LID 0000 QPN 0x0470 PSN 0xc1f631 RKey 0x00c407 VAddr 0x007ffae59b2000
 GID: 00:00:00:00:00:00:00:00:00:00:255:255:10:01:03:01
 local address: LID 0000 QPN 0x0471 PSN 0x68177f RKey 0x00c407 VAddr 0x007ffae59c2000
 GID: 00:00:00:00:00:00:00:00:00:00:255:255:10:01:03:01
 local address: LID 0000 QPN 0x0472 PSN 0xd8dff RKey 0x00c407 VAddr 0x007ffae59d2000
 GID: 00:00:00:00:00:00:00:00:00:00:255:255:10:01:03:01
 local address: LID 0000 QPN 0x0473 PSN 0xc4e9ab RKey 0x00c407 VAddr 0x007ffae59e2000
 GID: 00:00:00:00:00:00:00:00:00:00:255:255:10:01:03:01
 local address: LID 0000 QPN 0x0474 PSN 0x6a9c8e RKey 0x00c407 VAddr 0x007ffae59f2000
 GID: 00:00:00:00:00:00:00:00:00:00:255:255:10:01:03:01
 local address: LID 0000 QPN 0x0475 PSN 0xb7b616 RKey 0x00c407 VAddr 0x007ffae5a02000
 GID: 00:00:00:00:00:00:00:00:00:00:255:255:10:01:03:01
 local address: LID 0000 QPN 0x0476 PSN 0xd87bf2 RKey 0x00c407 VAddr 0x007ffae5a12000
 GID: 00:00:00:00:00:00:00:00:00:00:255:255:10:01:03:01
 local address: LID 0000 QPN 0x0477 PSN 0xff0ea6 RKey 0x00c407 VAddr 0x007ffae5a22000
 GID: 00:00:00:00:00:00:00:00:00:00:255:255:10:01:03:01
 local address: LID 0000 QPN 0x0478 PSN 0x4cb079 RKey 0x00c407 VAddr 0x007ffae5a32000
 GID: 00:00:00:00:00:00:00:00:00:00:255:255:10:01:03:01
 local address: LID 0000 QPN 0x0479 PSN 0x87d369 RKey 0x00c407 VAddr 0x007ffae5a42000
 GID: 00:00:00:00:00:00:00:00:00:00:255:255:10:01:03:01
 local address: LID 0000 QPN 0x047a PSN 0x42258f RKey 0x00c407 VAddr 0x007ffae5a52000
 GID: 00:00:00:00:00:00:00:00:00:00:255:255:10:01:03:01
 local address: LID 0000 QPN 0x047b PSN 0x7712bf RKey 0x00c407 VAddr 0x007ffae5a62000
 GID: 00:00:00:00:00:00:00:00:00:00:255:255:10:01:03:01
 local address: LID 0000 QPN 0x047c PSN 0x7ff0a9 RKey 0x00c407 VAddr 0x007ffae5a72000
 GID: 00:00:00:00:00:00:00:00:00:00:255:255:10:01:03:01
 local address: LID 0000 QPN 0x047d PSN 0xa704c3 RKey 0x00c407 VAddr 0x007ffae5a82000
 GID: 00:00:00:00:00:00:00:00:00:00:255:255:10:01:03:01
 local address: LID 0000 QPN 0x047e PSN 0x52a12f RKey 0x00c407 VAddr 0x007ffae5a92000
 GID: 00:00:00:00:00:00:00:00:00:00:255:255:10:01:03:01
 local address: LID 0000 QPN 0x047f PSN 0x19e8e8 RKey 0x00c407 VAddr 0x007ffae5aa2000
 GID: 00:00:00:00:00:00:00:00:00:00:255:255:10:01:03:01
 local address: LID 0000 QPN 0x0480 PSN 0x32d8cd RKey 0x00c407 VAddr 0x007ffae5ab2000
 GID: 00:00:00:00:00:00:00:00:00:00:255:255:10:01:03:01
 local address: LID 0000 QPN 0x0481 PSN 0x4d350e RKey 0x00c407 VAddr 0x007ffae5ac2000
 GID: 00:00:00:00:00:00:00:00:00:00:255:255:10:01:03:01
 local address: LID 0000 QPN 0x0482 PSN 0x833d69 RKey 0x00c407 VAddr 0x007ffae5ad2000
 GID: 00:00:00:00:00:00:00:00:00:00:255:255:10:01:03:01
 local address: LID 0000 QPN 0x0483 PSN 0x6cba60 RKey 0x00c407 VAddr 0x007ffae5ae2000
 GID: 00:00:00:00:00:00:00:00:00:00:255:255:10:01:03:01
 local address: LID 0000 QPN 0x0484 PSN 0x523475 RKey 0x00c407 VAddr 0x007ffae5af2000
 GID: 00:00:00:00:00:00:00:00:00:00:255:255:10:01:03:01
 local address: LID 0000 QPN 0x0485 PSN 0x2b6e6f RKey 0x00c407 VAddr 0x007ffae5b02000
 GID: 00:00:00:00:00:00:00:00:00:00:255:255:10:01:03:01
 local address: LID 0000 QPN 0x0486 PSN 0xf6e704 RKey 0x00c407 VAddr 0x007ffae5b12000
 GID: 00:00:00:00:00:00:00:00:00:00:255:255:10:01:03:01
 local address: LID 0000 QPN 0x0487 PSN 0xa6ee1d RKey 0x00c407 VAddr 0x007ffae5b22000
 GID: 00:00:00:00:00:00:00:00:00:00:255:255:10:01:03:01
 local address: LID 0000 QPN 0x0488 PSN 0x66b6a0 RKey 0x00c407 VAddr 0x007ffae5b32000
 GID: 00:00:00:00:00:00:00:00:00:00:255:255:10:01:03:01
 local address: LID 0000 QPN 0x0489 PSN 0x235c0c RKey 0x00c407 VAddr 0x007ffae5b42000
 GID: 00:00:00:00:00:00:00:00:00:00:255:255:10:01:03:01
 local address: LID 0000 QPN 0x048a PSN 0x8b496 RKey 0x00c407 VAddr 0x007ffae5b52000
 GID: 00:00:00:00:00:00:00:00:00:00:255:255:10:01:03:01
 local address: LID 0000 QPN 0x048b PSN 0xc7f565 RKey 0x00c407 VAddr 0x007ffae5b62000
 GID: 00:00:00:00:00:00:00:00:00:00:255:255:10:01:03:01
 local address: LID 0000 QPN 0x048c PSN 0x403fe3 RKey 0x00c407 VAddr 0x007ffae5b72000
 GID: 00:00:00:00:00:00:00:00:00:00:255:255:10:01:03:01
 local address: LID 0000 QPN 0x048d PSN 0xf5e5ed RKey 0x00c407 VAddr 0x007ffae5b82000
 GID: 00:00:00:00:00:00:00:00:00:00:255:255:10:01:03:01
 local address: LID 0000 QPN 0x048e PSN 0x951bd RKey 0x00c407 VAddr 0x007ffae5b92000
 GID: 00:00:00:00:00:00:00:00:00:00:255:255:10:01:03:01
 local address: LID 0000 QPN 0x048f PSN 0xc0f7b RKey 0x00c407 VAddr 0x007ffae5ba2000
 GID: 00:00:00:00:00:00:00:00:00:00:255:255:10:01:03:01
 local address: LID 0000 QPN 0x0490 PSN 0x971d32 RKey 0x00c407 VAddr 0x007ffae5bb2000
 GID: 00:00:00:00:00:00:00:00:00:00:255:255:10:01:03:01
 local address: LID 0000 QPN 0x0491 PSN 0x8c6900 RKey 0x00c407 VAddr 0x007ffae5bc2000
 GID: 00:00:00:00:00:00:00:00:00:00:255:255:10:01:03:01
 local address: LID 0000 QPN 0x0492 PSN 0x95a3f9 RKey 0x00c407 VAddr 0x007ffae5bd2000
 GID: 00:00:00:00:00:00:00:00:00:00:255:255:10:01:03:01
 local address: LID 0000 QPN 0x0493 PSN 0xe45677 RKey 0x00c407 VAddr 0x007ffae5be2000
 GID: 00:00:00:00:00:00:00:00:00:00:255:255:10:01:03:01
 local address: LID 0000 QPN 0x0494 PSN 0xc6294e RKey 0x00c407 VAddr 0x007ffae5bf2000
 GID: 00:00:00:00:00:00:00:00:00:00:255:255:10:01:03:01
 local address: LID 0000 QPN 0x0495 PSN 0xf62d36 RKey 0x00c407 VAddr 0x007ffae5c02000
 GID: 00:00:00:00:00:00:00:00:00:00:255:255:10:01:03:01
 local address: LID 0000 QPN 0x0496 PSN 0xfca325 RKey 0x00c407 VAddr 0x007ffae5c12000
 GID: 00:00:00:00:00:00:00:00:00:00:255:255:10:01:03:01
 local address: LID 0000 QPN 0x0497 PSN 0x49872f RKey 0x00c407 VAddr 0x007ffae5c22000
 GID: 00:00:00:00:00:00:00:00:00:00:255:255:10:01:03:01
 local address: LID 0000 QPN 0x0498 PSN 0xc55acb RKey 0x00c407 VAddr 0x007ffae5c32000
 GID: 00:00:00:00:00:00:00:00:00:00:255:255:10:01:03:01
 local address: LID 0000 QPN 0x0499 PSN 0xebdbcc RKey 0x00c407 VAddr 0x007ffae5c42000
 GID: 00:00:00:00:00:00:00:00:00:00:255:255:10:01:03:01
 local address: LID 0000 QPN 0x049a PSN 0x4fff90 RKey 0x00c407 VAddr 0x007ffae5c52000
 GID: 00:00:00:00:00:00:00:00:00:00:255:255:10:01:03:01
 local address: LID 0000 QPN 0x049b PSN 0x61651 RKey 0x00c407 VAddr 0x007ffae5c62000
 GID: 00:00:00:00:00:00:00:00:00:00:255:255:10:01:03:01
 local address: LID 0000 QPN 0x049c PSN 0x3ae8bd RKey 0x00c407 VAddr 0x007ffae5c72000
 GID: 00:00:00:00:00:00:00:00:00:00:255:255:10:01:03:01
 local address: LID 0000 QPN 0x049d PSN 0xc4d7a4 RKey 0x00c407 VAddr 0x007ffae5c82000
 GID: 00:00:00:00:00:00:00:00:00:00:255:255:10:01:03:01
 local address: LID 0000 QPN 0x049e PSN 0x9acfbc RKey 0x00c407 VAddr 0x007ffae5c92000
 GID: 00:00:00:00:00:00:00:00:00:00:255:255:10:01:03:01
 local address: LID 0000 QPN 0x049f PSN 0x8b4493 RKey 0x00c407 VAddr 0x007ffae5ca2000
 GID: 00:00:00:00:00:00:00:00:00:00:255:255:10:01:03:01
 local address: LID 0000 QPN 0x04a0 PSN 0x71cfff RKey 0x00c407 VAddr 0x007ffae5cb2000
 GID: 00:00:00:00:00:00:00:00:00:00:255:255:10:01:03:01
 local address: LID 0000 QPN 0x04a1 PSN 0x6679d1 RKey 0x00c407 VAddr 0x007ffae5cc2000
 GID: 00:00:00:00:00:00:00:00:00:00:255:255:10:01:03:01
 local address: LID 0000 QPN 0x04a2 PSN 0xf31fb2 RKey 0x00c407 VAddr 0x007ffae5cd2000
 GID: 00:00:00:00:00:00:00:00:00:00:255:255:10:01:03:01
 local address: LID 0000 QPN 0x04a3 PSN 0x2e0401 RKey 0x00c407 VAddr 0x007ffae5ce2000
 GID: 00:00:00:00:00:00:00:00:00:00:255:255:10:01:03:01
 local address: LID 0000 QPN 0x04a4 PSN 0xe7231f RKey 0x00c407 VAddr 0x007ffae5cf2000
 GID: 00:00:00:00:00:00:00:00:00:00:255:255:10:01:03:01
 local address: LID 0000 QPN 0x04a5 PSN 0xf35432 RKey 0x00c407 VAddr 0x007ffae5d02000
 GID: 00:00:00:00:00:00:00:00:00:00:255:255:10:01:03:01
 local address: LID 0000 QPN 0x04a6 PSN 0x4edc00 RKey 0x00c407 VAddr 0x007ffae5d12000
 GID: 00:00:00:00:00:00:00:00:00:00:255:255:10:01:03:01
 local address: LID 0000 QPN 0x04a7 PSN 0x63a075 RKey 0x00c407 VAddr 0x007ffae5d22000
 GID: 00:00:00:00:00:00:00:00:00:00:255:255:10:01:03:01
 local address: LID 0000 QPN 0x04a8 PSN 0x8c2ee9 RKey 0x00c407 VAddr 0x007ffae5d32000
 GID: 00:00:00:00:00:00:00:00:00:00:255:255:10:01:03:01
 local address: LID 0000 QPN 0x04a9 PSN 0xbc35 RKey 0x00c407 VAddr 0x007ffae5d42000
 GID: 00:00:00:00:00:00:00:00:00:00:255:255:10:01:03:01
 local address: LID 0000 QPN 0x04aa PSN 0xd23251 RKey 0x00c407 VAddr 0x007ffae5d52000
 GID: 00:00:00:00:00:00:00:00:00:00:255:255:10:01:03:01
 local address: LID 0000 QPN 0x04ab PSN 0xe33d25 RKey 0x00c407 VAddr 0x007ffae5d62000
 GID: 00:00:00:00:00:00:00:00:00:00:255:255:10:01:03:01
 local address: LID 0000 QPN 0x04ac PSN 0x721d8e RKey 0x00c407 VAddr 0x007ffae5d72000
 GID: 00:00:00:00:00:00:00:00:00:00:255:255:10:01:03:01
 local address: LID 0000 QPN 0x04ad PSN 0xfaffbd RKey 0x00c407 VAddr 0x007ffae5d82000
 GID: 00:00:00:00:00:00:00:00:00:00:255:255:10:01:03:01
 local address: LID 0000 QPN 0x04ae PSN 0x5521a7 RKey 0x00c407 VAddr 0x007ffae5d92000
 GID: 00:00:00:00:00:00:00:00:00:00:255:255:10:01:03:01
 local address: LID 0000 QPN 0x04af PSN 0x905956 RKey 0x00c407 VAddr 0x007ffae5da2000
 GID: 00:00:00:00:00:00:00:00:00:00:255:255:10:01:03:01
 local address: LID 0000 QPN 0x04b0 PSN 0xf46271 RKey 0x00c407 VAddr 0x007ffae5db2000
 GID: 00:00:00:00:00:00:00:00:00:00:255:255:10:01:03:01
 local address: LID 0000 QPN 0x04b1 PSN 0x44c61e RKey 0x00c407 VAddr 0x007ffae5dc2000
 GID: 00:00:00:00:00:00:00:00:00:00:255:255:10:01:03:01
 local address: LID 0000 QPN 0x04b2 PSN 0xbf9437 RKey 0x00c407 VAddr 0x007ffae5dd2000
 GID: 00:00:00:00:00:00:00:00:00:00:255:255:10:01:03:01
 local address: LID 0000 QPN 0x04b3 PSN 0xe3ae2f RKey 0x00c407 VAddr 0x007ffae5de2000
 GID: 00:00:00:00:00:00:00:00:00:00:255:255:10:01:03:01
 local address: LID 0000 QPN 0x04b4 PSN 0x41d88f RKey 0x00c407 VAddr 0x007ffae5df2000
 GID: 00:00:00:00:00:00:00:00:00:00:255:255:10:01:03:01
 local address: LID 0000 QPN 0x04b5 PSN 0xa43f45 RKey 0x00c407 VAddr 0x007ffae5e02000
 GID: 00:00:00:00:00:00:00:00:00:00:255:255:10:01:03:01
 local address: LID 0000 QPN 0x04b6 PSN 0x36fce1 RKey 0x00c407 VAddr 0x007ffae5e12000
 GID: 00:00:00:00:00:00:00:00:00:00:255:255:10:01:03:01
 local address: LID 0000 QPN 0x04b7 PSN 0x4ad7a8 RKey 0x00c407 VAddr 0x007ffae5e22000
 GID: 00:00:00:00:00:00:00:00:00:00:255:255:10:01:03:01
 local address: LID 0000 QPN 0x04b8 PSN 0xf91d88 RKey 0x00c407 VAddr 0x007ffae5e32000
 GID: 00:00:00:00:00:00:00:00:00:00:255:255:10:01:03:01
 local address: LID 0000 QPN 0x04b9 PSN 0xd8e2f5 RKey 0x00c407 VAddr 0x007ffae5e42000
 GID: 00:00:00:00:00:00:00:00:00:00:255:255:10:01:03:01
 local address: LID 0000 QPN 0x04ba PSN 0x8e124a RKey 0x00c407 VAddr 0x007ffae5e52000
 GID: 00:00:00:00:00:00:00:00:00:00:255:255:10:01:03:01
 local address: LID 0000 QPN 0x04bb PSN 0xcc5aa1 RKey 0x00c407 VAddr 0x007ffae5e62000
 GID: 00:00:00:00:00:00:00:00:00:00:255:255:10:01:03:01
 local address: LID 0000 QPN 0x04bc PSN 0xb534e RKey 0x00c407 VAddr 0x007ffae5e72000
 GID: 00:00:00:00:00:00:00:00:00:00:255:255:10:01:03:01
 local address: LID 0000 QPN 0x04bd PSN 0xdea22c RKey 0x00c407 VAddr 0x007ffae5e82000
 GID: 00:00:00:00:00:00:00:00:00:00:255:255:10:01:03:01
 local address: LID 0000 QPN 0x04be PSN 0x96e198 RKey 0x00c407 VAddr 0x007ffae5e92000
 GID: 00:00:00:00:00:00:00:00:00:00:255:255:10:01:03:01
 local address: LID 0000 QPN 0x04bf PSN 0x44ba0f RKey 0x00c407 VAddr 0x007ffae5ea2000
 GID: 00:00:00:00:00:00:00:00:00:00:255:255:10:01:03:01
 local address: LID 0000 QPN 0x04c0 PSN 0xe11269 RKey 0x00c407 VAddr 0x007ffae5eb2000
 GID: 00:00:00:00:00:00:00:00:00:00:255:255:10:01:03:01
 local address: LID 0000 QPN 0x04c1 PSN 0x8f8ca4 RKey 0x00c407 VAddr 0x007ffae5ec2000
 GID: 00:00:00:00:00:00:00:00:00:00:255:255:10:01:03:01
 local address: LID 0000 QPN 0x04c2 PSN 0x8112c9 RKey 0x00c407 VAddr 0x007ffae5ed2000
 GID: 00:00:00:00:00:00:00:00:00:00:255:255:10:01:03:01
 local address: LID 0000 QPN 0x04c3 PSN 0xea6d51 RKey 0x00c407 VAddr 0x007ffae5ee2000
 GID: 00:00:00:00:00:00:00:00:00:00:255:255:10:01:03:01
 local address: LID 0000 QPN 0x04c4 PSN 0x6ff6e4 RKey 0x00c407 VAddr 0x007ffae5ef2000
 GID: 00:00:00:00:00:00:00:00:00:00:255:255:10:01:03:01
 local address: LID 0000 QPN 0x04c5 PSN 0x230c75 RKey 0x00c407 VAddr 0x007ffae5f02000
 GID: 00:00:00:00:00:00:00:00:00:00:255:255:10:01:03:01
 local address: LID 0000 QPN 0x04c6 PSN 0xf1d8b0 RKey 0x00c407 VAddr 0x007ffae5f12000
 GID: 00:00:00:00:00:00:00:00:00:00:255:255:10:01:03:01
 local address: LID 0000 QPN 0x04c7 PSN 0x91a9a1 RKey 0x00c407 VAddr 0x007ffae5f22000
 GID: 00:00:00:00:00:00:00:00:00:00:255:255:10:01:03:01
 local address: LID 0000 QPN 0x04c8 PSN 0x2bd1d8 RKey 0x00c407 VAddr 0x007ffae5f32000
 GID: 00:00:00:00:00:00:00:00:00:00:255:255:10:01:03:01
 local address: LID 0000 QPN 0x04c9 PSN 0x99f9d7 RKey 0x00c407 VAddr 0x007ffae5f42000
 GID: 00:00:00:00:00:00:00:00:00:00:255:255:10:01:03:01
 local address: LID 0000 QPN 0x04ca PSN 0xa0a68e RKey 0x00c407 VAddr 0x007ffae5f52000
 GID: 00:00:00:00:00:00:00:00:00:00:255:255:10:01:03:01
 local address: LID 0000 QPN 0x04cb PSN 0x8610a5 RKey 0x00c407 VAddr 0x007ffae5f62000
 GID: 00:00:00:00:00:00:00:00:00:00:255:255:10:01:03:01
 local address: LID 0000 QPN 0x04cc PSN 0x252992 RKey 0x00c407 VAddr 0x007ffae5f72000
 GID: 00:00:00:00:00:00:00:00:00:00:255:255:10:01:03:01
 local address: LID 0000 QPN 0x04cd PSN 0x98e906 RKey 0x00c407 VAddr 0x007ffae5f82000
 GID: 00:00:00:00:00:00:00:00:00:00:255:255:10:01:03:01
 local address: LID 0000 QPN 0x04ce PSN 0x9b6549 RKey 0x00c407 VAddr 0x007ffae5f92000
 GID: 00:00:00:00:00:00:00:00:00:00:255:255:10:01:03:01
 local address: LID 0000 QPN 0x04cf PSN 0xdf7625 RKey 0x00c407 VAddr 0x007ffae5fa2000
 GID: 00:00:00:00:00:00:00:00:00:00:255:255:10:01:03:01
 local address: LID 0000 QPN 0x04d0 PSN 0xd75264 RKey 0x00c407 VAddr 0x007ffae5fb2000
 GID: 00:00:00:00:00:00:00:00:00:00:255:255:10:01:03:01
 local address: LID 0000 QPN 0x04d1 PSN 0xa6343e RKey 0x00c407 VAddr 0x007ffae5fc2000
 GID: 00:00:00:00:00:00:00:00:00:00:255:255:10:01:03:01
 local address: LID 0000 QPN 0x04d2 PSN 0x86824b RKey 0x00c407 VAddr 0x007ffae5fd2000
 GID: 00:00:00:00:00:00:00:00:00:00:255:255:10:01:03:01
 local address: LID 0000 QPN 0x04d3 PSN 0x180ed8 RKey 0x00c407 VAddr 0x007ffae5fe2000
 GID: 00:00:00:00:00:00:00:00:00:00:255:255:10:01:03:01
 local address: LID 0000 QPN 0x04d4 PSN 0xc30a05 RKey 0x00c407 VAddr 0x007ffae5ff2000
 GID: 00:00:00:00:00:00:00:00:00:00:255:255:10:01:03:01
 local address: LID 0000 QPN 0x04d5 PSN 0x5763e6 RKey 0x00c407 VAddr 0x007ffae6002000
 GID: 00:00:00:00:00:00:00:00:00:00:255:255:10:01:03:01
 local address: LID 0000 QPN 0x04d6 PSN 0xd8d1fa RKey 0x00c407 VAddr 0x007ffae6012000
 GID: 00:00:00:00:00:00:00:00:00:00:255:255:10:01:03:01
 local address: LID 0000 QPN 0x04d7 PSN 0x7d7a57 RKey 0x00c407 VAddr 0x007ffae6022000
 GID: 00:00:00:00:00:00:00:00:00:00:255:255:10:01:03:01
 local address: LID 0000 QPN 0x04d8 PSN 0x971fa5 RKey 0x00c407 VAddr 0x007ffae6032000
 GID: 00:00:00:00:00:00:00:00:00:00:255:255:10:01:03:01
 local address: LID 0000 QPN 0x04d9 PSN 0xd1b6c9 RKey 0x00c407 VAddr 0x007ffae6042000
 GID: 00:00:00:00:00:00:00:00:00:00:255:255:10:01:03:01
 local address: LID 0000 QPN 0x04da PSN 0xd8dfcf RKey 0x00c407 VAddr 0x007ffae6052000
 GID: 00:00:00:00:00:00:00:00:00:00:255:255:10:01:03:01
 local address: LID 0000 QPN 0x04db PSN 0xfb3a33 RKey 0x00c407 VAddr 0x007ffae6062000
 GID: 00:00:00:00:00:00:00:00:00:00:255:255:10:01:03:01
 local address: LID 0000 QPN 0x04dc PSN 0xf75292 RKey 0x00c407 VAddr 0x007ffae6072000
 GID: 00:00:00:00:00:00:00:00:00:00:255:255:10:01:03:01
 local address: LID 0000 QPN 0x04dd PSN 0x3bac7f RKey 0x00c407 VAddr 0x007ffae6082000
 GID: 00:00:00:00:00:00:00:00:00:00:255:255:10:01:03:01
 local address: LID 0000 QPN 0x04de PSN 0xa0e615 RKey 0x00c407 VAddr 0x007ffae6092000
 GID: 00:00:00:00:00:00:00:00:00:00:255:255:10:01:03:01
 local address: LID 0000 QPN 0x04df PSN 0xd44822 RKey 0x00c407 VAddr 0x007ffae60a2000
 GID: 00:00:00:00:00:00:00:00:00:00:255:255:10:01:03:01
 local address: LID 0000 QPN 0x04e0 PSN 0x8a3180 RKey 0x00c407 VAddr 0x007ffae60b2000
 GID: 00:00:00:00:00:00:00:00:00:00:255:255:10:01:03:01
 local address: LID 0000 QPN 0x04e1 PSN 0x7993ea RKey 0x00c407 VAddr 0x007ffae60c2000
 GID: 00:00:00:00:00:00:00:00:00:00:255:255:10:01:03:01
 local address: LID 0000 QPN 0x04e2 PSN 0x484740 RKey 0x00c407 VAddr 0x007ffae60d2000
 GID: 00:00:00:00:00:00:00:00:00:00:255:255:10:01:03:01
 local address: LID 0000 QPN 0x04e3 PSN 0x4a9d54 RKey 0x00c407 VAddr 0x007ffae60e2000
 GID: 00:00:00:00:00:00:00:00:00:00:255:255:10:01:03:01
 local address: LID 0000 QPN 0x04e4 PSN 0x796478 RKey 0x00c407 VAddr 0x007ffae60f2000
 GID: 00:00:00:00:00:00:00:00:00:00:255:255:10:01:03:01
 local address: LID 0000 QPN 0x04e5 PSN 0xed3fdc RKey 0x00c407 VAddr 0x007ffae6102000
 GID: 00:00:00:00:00:00:00:00:00:00:255:255:10:01:03:01
 local address: LID 0000 QPN 0x04e6 PSN 0x2502e8 RKey 0x00c407 VAddr 0x007ffae6112000
 GID: 00:00:00:00:00:00:00:00:00:00:255:255:10:01:03:01
 local address: LID 0000 QPN 0x04e7 PSN 0xe9ce4 RKey 0x00c407 VAddr 0x007ffae6122000
 GID: 00:00:00:00:00:00:00:00:00:00:255:255:10:01:03:01
 local address: LID 0000 QPN 0x04e8 PSN 0x9c6b60 RKey 0x00c407 VAddr 0x007ffae6132000
 GID: 00:00:00:00:00:00:00:00:00:00:255:255:10:01:03:01
 local address: LID 0000 QPN 0x04e9 PSN 0x1123d6 RKey 0x00c407 VAddr 0x007ffae6142000
 GID: 00:00:00:00:00:00:00:00:00:00:255:255:10:01:03:01
 local address: LID 0000 QPN 0x04ea PSN 0x854060 RKey 0x00c407 VAddr 0x007ffae6152000
 GID: 00:00:00:00:00:00:00:00:00:00:255:255:10:01:03:01
 local address: LID 0000 QPN 0x04eb PSN 0xbd736a RKey 0x00c407 VAddr 0x007ffae6162000
 GID: 00:00:00:00:00:00:00:00:00:00:255:255:10:01:03:01
 local address: LID 0000 QPN 0x04ec PSN 0xbc7b23 RKey 0x00c407 VAddr 0x007ffae6172000
 GID: 00:00:00:00:00:00:00:00:00:00:255:255:10:01:03:01
 local address: LID 0000 QPN 0x04ed PSN 0xc93aeb RKey 0x00c407 VAddr 0x007ffae6182000
 GID: 00:00:00:00:00:00:00:00:00:00:255:255:10:01:03:01
 local address: LID 0000 QPN 0x04ee PSN 0xe8a8f7 RKey 0x00c407 VAddr 0x007ffae6192000
 GID: 00:00:00:00:00:00:00:00:00:00:255:255:10:01:03:01
 local address: LID 0000 QPN 0x04ef PSN 0xd49dad RKey 0x00c407 VAddr 0x007ffae61a2000
 GID: 00:00:00:00:00:00:00:00:00:00:255:255:10:01:03:01
 local address: LID 0000 QPN 0x04f0 PSN 0x60c37c RKey 0x00c407 VAddr 0x007ffae61b2000
 GID: 00:00:00:00:00:00:00:00:00:00:255:255:10:01:03:01
 local address: LID 0000 QPN 0x04f1 PSN 0x483ac4 RKey 0x00c407 VAddr 0x007ffae61c2000
 GID: 00:00:00:00:00:00:00:00:00:00:255:255:10:01:03:01
 local address: LID 0000 QPN 0x04f2 PSN 0x42ebcb RKey 0x00c407 VAddr 0x007ffae61d2000
 GID: 00:00:00:00:00:00:00:00:00:00:255:255:10:01:03:01
 local address: LID 0000 QPN 0x04f3 PSN 0x71e875 RKey 0x00c407 VAddr 0x007ffae61e2000
 GID: 00:00:00:00:00:00:00:00:00:00:255:255:10:01:03:01
 local address: LID 0000 QPN 0x04f4 PSN 0xfd0764 RKey 0x00c407 VAddr 0x007ffae61f2000
 GID: 00:00:00:00:00:00:00:00:00:00:255:255:10:01:03:01
 local address: LID 0000 QPN 0x04f5 PSN 0x8db4bc RKey 0x00c407 VAddr 0x007ffae6202000
 GID: 00:00:00:00:00:00:00:00:00:00:255:255:10:01:03:01
 local address: LID 0000 QPN 0x04f6 PSN 0xcc6545 RKey 0x00c407 VAddr 0x007ffae6212000
 GID: 00:00:00:00:00:00:00:00:00:00:255:255:10:01:03:01
 local address: LID 0000 QPN 0x04f7 PSN 0x1a5b7f RKey 0x00c407 VAddr 0x007ffae6222000
 GID: 00:00:00:00:00:00:00:00:00:00:255:255:10:01:03:01
 local address: LID 0000 QPN 0x04f8 PSN 0xd11216 RKey 0x00c407 VAddr 0x007ffae6232000
 GID: 00:00:00:00:00:00:00:00:00:00:255:255:10:01:03:01
 local address: LID 0000 QPN 0x04f9 PSN 0xe9e72b RKey 0x00c407 VAddr 0x007ffae6242000
 GID: 00:00:00:00:00:00:00:00:00:00:255:255:10:01:03:01
 local address: LID 0000 QPN 0x04fa PSN 0xfb8434 RKey 0x00c407 VAddr 0x007ffae6252000
 GID: 00:00:00:00:00:00:00:00:00:00:255:255:10:01:03:01
 local address: LID 0000 QPN 0x04fb PSN 0xb7a18a RKey 0x00c407 VAddr 0x007ffae6262000
 GID: 00:00:00:00:00:00:00:00:00:00:255:255:10:01:03:01
 local address: LID 0000 QPN 0x04fc PSN 0xe632bb RKey 0x00c407 VAddr 0x007ffae6272000
 GID: 00:00:00:00:00:00:00:00:00:00:255:255:10:01:03:01
 local address: LID 0000 QPN 0x04fd PSN 0xbe20c1 RKey 0x00c407 VAddr 0x007ffae6282000
 GID: 00:00:00:00:00:00:00:00:00:00:255:255:10:01:03:01
 local address: LID 0000 QPN 0x04fe PSN 0x112689 RKey 0x00c407 VAddr 0x007ffae6292000
 GID: 00:00:00:00:00:00:00:00:00:00:255:255:10:01:03:01
 local address: LID 0000 QPN 0x04ff PSN 0x229f8f RKey 0x00c407 VAddr 0x007ffae62a2000
 GID: 00:00:00:00:00:00:00:00:00:00:255:255:10:01:03:01
 local address: LID 0000 QPN 0x0500 PSN 0x88b8 RKey 0x00c407 VAddr 0x007ffae62b2000
 GID: 00:00:00:00:00:00:00:00:00:00:255:255:10:01:03:01
 local address: LID 0000 QPN 0x0501 PSN 0xfcb808 RKey 0x00c407 VAddr 0x007ffae62c2000
 GID: 00:00:00:00:00:00:00:00:00:00:255:255:10:01:03:01
 local address: LID 0000 QPN 0x0502 PSN 0xcbc7ad RKey 0x00c407 VAddr 0x007ffae62d2000
 GID: 00:00:00:00:00:00:00:00:00:00:255:255:10:01:03:01
 local address: LID 0000 QPN 0x0503 PSN 0xb0d0d RKey 0x00c407 VAddr 0x007ffae62e2000
 GID: 00:00:00:00:00:00:00:00:00:00:255:255:10:01:03:01
 local address: LID 0000 QPN 0x0504 PSN 0xac8a90 RKey 0x00c407 VAddr 0x007ffae62f2000
 GID: 00:00:00:00:00:00:00:00:00:00:255:255:10:01:03:01
 local address: LID 0000 QPN 0x0505 PSN 0xd9b90b RKey 0x00c407 VAddr 0x007ffae6302000
 GID: 00:00:00:00:00:00:00:00:00:00:255:255:10:01:03:01
 local address: LID 0000 QPN 0x0506 PSN 0xf8fa7b RKey 0x00c407 VAddr 0x007ffae6312000
 GID: 00:00:00:00:00:00:00:00:00:00:255:255:10:01:03:01
 local address: LID 0000 QPN 0x0507 PSN 0xf6ff82 RKey 0x00c407 VAddr 0x007ffae6322000
 GID: 00:00:00:00:00:00:00:00:00:00:255:255:10:01:03:01
 local address: LID 0000 QPN 0x0508 PSN 0x6dd176 RKey 0x00c407 VAddr 0x007ffae6332000
 GID: 00:00:00:00:00:00:00:00:00:00:255:255:10:01:03:01
 local address: LID 0000 QPN 0x0509 PSN 0xcd8b15 RKey 0x00c407 VAddr 0x007ffae6342000
 GID: 00:00:00:00:00:00:00:00:00:00:255:255:10:01:03:01
 local address: LID 0000 QPN 0x050a PSN 0x5a48dd RKey 0x00c407 VAddr 0x007ffae6352000
 GID: 00:00:00:00:00:00:00:00:00:00:255:255:10:01:03:01
 local address: LID 0000 QPN 0x050b PSN 0x927af6 RKey 0x00c407 VAddr 0x007ffae6362000
 GID: 00:00:00:00:00:00:00:00:00:00:255:255:10:01:03:01
 local address: LID 0000 QPN 0x050c PSN 0x1ad373 RKey 0x00c407 VAddr 0x007ffae6372000
 GID: 00:00:00:00:00:00:00:00:00:00:255:255:10:01:03:01
 local address: LID 0000 QPN 0x050d PSN 0x9cf092 RKey 0x00c407 VAddr 0x007ffae6382000
 GID: 00:00:00:00:00:00:00:00:00:00:255:255:10:01:03:01
 local address: LID 0000 QPN 0x050e PSN 0x4a3306 RKey 0x00c407 VAddr 0x007ffae6392000
 GID: 00:00:00:00:00:00:00:00:00:00:255:255:10:01:03:01
 local address: LID 0000 QPN 0x050f PSN 0xb639b0 RKey 0x00c407 VAddr 0x007ffae63a2000
 GID: 00:00:00:00:00:00:00:00:00:00:255:255:10:01:03:01
 local address: LID 0000 QPN 0x0510 PSN 0x41d630 RKey 0x00c407 VAddr 0x007ffae63b2000
 GID: 00:00:00:00:00:00:00:00:00:00:255:255:10:01:03:01
 local address: LID 0000 QPN 0x0511 PSN 0xade313 RKey 0x00c407 VAddr 0x007ffae63c2000
 GID: 00:00:00:00:00:00:00:00:00:00:255:255:10:01:03:01
 local address: LID 0000 QPN 0x0512 PSN 0x5fa849 RKey 0x00c407 VAddr 0x007ffae63d2000
 GID: 00:00:00:00:00:00:00:00:00:00:255:255:10:01:03:01
 local address: LID 0000 QPN 0x0513 PSN 0x8dfd0c RKey 0x00c407 VAddr 0x007ffae63e2000
 GID: 00:00:00:00:00:00:00:00:00:00:255:255:10:01:03:01
 local address: LID 0000 QPN 0x0514 PSN 0xae0461 RKey 0x00c407 VAddr 0x007ffae63f2000
 GID: 00:00:00:00:00:00:00:00:00:00:255:255:10:01:03:01
 local address: LID 0000 QPN 0x0515 PSN 0xa6ed6d RKey 0x00c407 VAddr 0x007ffae6402000
 GID: 00:00:00:00:00:00:00:00:00:00:255:255:10:01:03:01
 local address: LID 0000 QPN 0x0516 PSN 0x99f395 RKey 0x00c407 VAddr 0x007ffae6412000
 GID: 00:00:00:00:00:00:00:00:00:00:255:255:10:01:03:01
 local address: LID 0000 QPN 0x0517 PSN 0x39d965 RKey 0x00c407 VAddr 0x007ffae6422000
 GID: 00:00:00:00:00:00:00:00:00:00:255:255:10:01:03:01
 local address: LID 0000 QPN 0x0518 PSN 0x682fce RKey 0x00c407 VAddr 0x007ffae6432000
 GID: 00:00:00:00:00:00:00:00:00:00:255:255:10:01:03:01
 local address: LID 0000 QPN 0x0519 PSN 0x4ec600 RKey 0x00c407 VAddr 0x007ffae6442000
 GID: 00:00:00:00:00:00:00:00:00:00:255:255:10:01:03:01
 local address: LID 0000 QPN 0x051a PSN 0x4b58e RKey 0x00c407 VAddr 0x007ffae6452000
 GID: 00:00:00:00:00:00:00:00:00:00:255:255:10:01:03:01
 local address: LID 0000 QPN 0x051b PSN 0x4b0f2c RKey 0x00c407 VAddr 0x007ffae6462000
 GID: 00:00:00:00:00:00:00:00:00:00:255:255:10:01:03:01
 local address: LID 0000 QPN 0x051c PSN 0x7d69ff RKey 0x00c407 VAddr 0x007ffae6472000
 GID: 00:00:00:00:00:00:00:00:00:00:255:255:10:01:03:01
 local address: LID 0000 QPN 0x051d PSN 0xfc0b15 RKey 0x00c407 VAddr 0x007ffae6482000
 GID: 00:00:00:00:00:00:00:00:00:00:255:255:10:01:03:01
 local address: LID 0000 QPN 0x051e PSN 0xe32648 RKey 0x00c407 VAddr 0x007ffae6492000
 GID: 00:00:00:00:00:00:00:00:00:00:255:255:10:01:03:01
 local address: LID 0000 QPN 0x051f PSN 0xb4231a RKey 0x00c407 VAddr 0x007ffae64a2000
 GID: 00:00:00:00:00:00:00:00:00:00:255:255:10:01:03:01
 local address: LID 0000 QPN 0x0520 PSN 0xe3d84 RKey 0x00c407 VAddr 0x007ffae64b2000
 GID: 00:00:00:00:00:00:00:00:00:00:255:255:10:01:03:01
 local address: LID 0000 QPN 0x0521 PSN 0xc12361 RKey 0x00c407 VAddr 0x007ffae64c2000
 GID: 00:00:00:00:00:00:00:00:00:00:255:255:10:01:03:01
 local address: LID 0000 QPN 0x0522 PSN 0xeb78a2 RKey 0x00c407 VAddr 0x007ffae64d2000
 GID: 00:00:00:00:00:00:00:00:00:00:255:255:10:01:03:01
 local address: LID 0000 QPN 0x0523 PSN 0x4d0782 RKey 0x00c407 VAddr 0x007ffae64e2000
 GID: 00:00:00:00:00:00:00:00:00:00:255:255:10:01:03:01
 local address: LID 0000 QPN 0x0524 PSN 0x4bf1de RKey 0x00c407 VAddr 0x007ffae64f2000
 GID: 00:00:00:00:00:00:00:00:00:00:255:255:10:01:03:01
 local address: LID 0000 QPN 0x0525 PSN 0xfe64a7 RKey 0x00c407 VAddr 0x007ffae6502000
 GID: 00:00:00:00:00:00:00:00:00:00:255:255:10:01:03:01
 local address: LID 0000 QPN 0x0526 PSN 0x8ed93d RKey 0x00c407 VAddr 0x007ffae6512000
 GID: 00:00:00:00:00:00:00:00:00:00:255:255:10:01:03:01
 local address: LID 0000 QPN 0x0527 PSN 0x748bf RKey 0x00c407 VAddr 0x007ffae6522000
 GID: 00:00:00:00:00:00:00:00:00:00:255:255:10:01:03:01
 local address: LID 0000 QPN 0x0528 PSN 0xb5e40e RKey 0x00c407 VAddr 0x007ffae6532000
 GID: 00:00:00:00:00:00:00:00:00:00:255:255:10:01:03:01
 local address: LID 0000 QPN 0x0529 PSN 0x44c279 RKey 0x00c407 VAddr 0x007ffae6542000
 GID: 00:00:00:00:00:00:00:00:00:00:255:255:10:01:03:01
 local address: LID 0000 QPN 0x052a PSN 0x582318 RKey 0x00c407 VAddr 0x007ffae6552000
 GID: 00:00:00:00:00:00:00:00:00:00:255:255:10:01:03:01
 local address: LID 0000 QPN 0x052b PSN 0x7b4ecd RKey 0x00c407 VAddr 0x007ffae6562000
 GID: 00:00:00:00:00:00:00:00:00:00:255:255:10:01:03:01
 local address: LID 0000 QPN 0x052c PSN 0xbf9db7 RKey 0x00c407 VAddr 0x007ffae6572000
 GID: 00:00:00:00:00:00:00:00:00:00:255:255:10:01:03:01
 local address: LID 0000 QPN 0x052d PSN 0x95671e RKey 0x00c407 VAddr 0x007ffae6582000
 GID: 00:00:00:00:00:00:00:00:00:00:255:255:10:01:03:01
 local address: LID 0000 QPN 0x052e PSN 0xb303c9 RKey 0x00c407 VAddr 0x007ffae6592000
 GID: 00:00:00:00:00:00:00:00:00:00:255:255:10:01:03:01
 local address: LID 0000 QPN 0x052f PSN 0xb6e5f4 RKey 0x00c407 VAddr 0x007ffae65a2000
 GID: 00:00:00:00:00:00:00:00:00:00:255:255:10:01:03:01
 local address: LID 0000 QPN 0x0530 PSN 0xa8f4f2 RKey 0x00c407 VAddr 0x007ffae65b2000
 GID: 00:00:00:00:00:00:00:00:00:00:255:255:10:01:03:01
 local address: LID 0000 QPN 0x0531 PSN 0x2eb88f RKey 0x00c407 VAddr 0x007ffae65c2000
 GID: 00:00:00:00:00:00:00:00:00:00:255:255:10:01:03:01
 local address: LID 0000 QPN 0x0532 PSN 0x8ee95a RKey 0x00c407 VAddr 0x007ffae65d2000
 GID: 00:00:00:00:00:00:00:00:00:00:255:255:10:01:03:01
 local address: LID 0000 QPN 0x0533 PSN 0x46609f RKey 0x00c407 VAddr 0x007ffae65e2000
 GID: 00:00:00:00:00:00:00:00:00:00:255:255:10:01:03:01
 local address: LID 0000 QPN 0x0534 PSN 0x5c1eae RKey 0x00c407 VAddr 0x007ffae65f2000
 GID: 00:00:00:00:00:00:00:00:00:00:255:255:10:01:03:01
 local address: LID 0000 QPN 0x0535 PSN 0x5d6b9c RKey 0x00c407 VAddr 0x007ffae6602000
 GID: 00:00:00:00:00:00:00:00:00:00:255:255:10:01:03:01
 local address: LID 0000 QPN 0x0536 PSN 0xecb3be RKey 0x00c407 VAddr 0x007ffae6612000
 GID: 00:00:00:00:00:00:00:00:00:00:255:255:10:01:03:01
 local address: LID 0000 QPN 0x0537 PSN 0x74c44b RKey 0x00c407 VAddr 0x007ffae6622000
 GID: 00:00:00:00:00:00:00:00:00:00:255:255:10:01:03:01
 local address: LID 0000 QPN 0x0538 PSN 0x3a3dc2 RKey 0x00c407 VAddr 0x007ffae6632000
 GID: 00:00:00:00:00:00:00:00:00:00:255:255:10:01:03:01
 local address: LID 0000 QPN 0x0539 PSN 0x50672c RKey 0x00c407 VAddr 0x007ffae6642000
 GID: 00:00:00:00:00:00:00:00:00:00:255:255:10:01:03:01
 local address: LID 0000 QPN 0x053a PSN 0x1bc3ef RKey 0x00c407 VAddr 0x007ffae6652000
 GID: 00:00:00:00:00:00:00:00:00:00:255:255:10:01:03:01
 local address: LID 0000 QPN 0x053b PSN 0xd4939b RKey 0x00c407 VAddr 0x007ffae6662000
 GID: 00:00:00:00:00:00:00:00:00:00:255:255:10:01:03:01
 local address: LID 0000 QPN 0x053c PSN 0x7d9891 RKey 0x00c407 VAddr 0x007ffae6672000
 GID: 00:00:00:00:00:00:00:00:00:00:255:255:10:01:03:01
 local address: LID 0000 QPN 0x053d PSN 0xd859a1 RKey 0x00c407 VAddr 0x007ffae6682000
 GID: 00:00:00:00:00:00:00:00:00:00:255:255:10:01:03:01
 local address: LID 0000 QPN 0x053e PSN 0xdaa2a5 RKey 0x00c407 VAddr 0x007ffae6692000
 GID: 00:00:00:00:00:00:00:00:00:00:255:255:10:01:03:01
 local address: LID 0000 QPN 0x053f PSN 0x69e788 RKey 0x00c407 VAddr 0x007ffae66a2000
 GID: 00:00:00:00:00:00:00:00:00:00:255:255:10:01:03:01
 local address: LID 0000 QPN 0x0540 PSN 0xe13f59 RKey 0x00c407 VAddr 0x007ffae66b2000
 GID: 00:00:00:00:00:00:00:00:00:00:255:255:10:01:03:01
 local address: LID 0000 QPN 0x0541 PSN 0x68025a RKey 0x00c407 VAddr 0x007ffae66c2000
 GID: 00:00:00:00:00:00:00:00:00:00:255:255:10:01:03:01
 local address: LID 0000 QPN 0x0542 PSN 0x5918b4 RKey 0x00c407 VAddr 0x007ffae66d2000
 GID: 00:00:00:00:00:00:00:00:00:00:255:255:10:01:03:01
 local address: LID 0000 QPN 0x0543 PSN 0x67a9b5 RKey 0x00c407 VAddr 0x007ffae66e2000
 GID: 00:00:00:00:00:00:00:00:00:00:255:255:10:01:03:01
 local address: LID 0000 QPN 0x0544 PSN 0x308d18 RKey 0x00c407 VAddr 0x007ffae66f2000
 GID: 00:00:00:00:00:00:00:00:00:00:255:255:10:01:03:01
 local address: LID 0000 QPN 0x0545 PSN 0xb85152 RKey 0x00c407 VAddr 0x007ffae6702000
 GID: 00:00:00:00:00:00:00:00:00:00:255:255:10:01:03:01
 local address: LID 0000 QPN 0x0546 PSN 0xdd3303 RKey 0x00c407 VAddr 0x007ffae6712000
 GID: 00:00:00:00:00:00:00:00:00:00:255:255:10:01:03:01
 local address: LID 0000 QPN 0x0547 PSN 0x7ce1e0 RKey 0x00c407 VAddr 0x007ffae6722000
 GID: 00:00:00:00:00:00:00:00:00:00:255:255:10:01:03:01
 local address: LID 0000 QPN 0x0548 PSN 0xdd8d1b RKey 0x00c407 VAddr 0x007ffae6732000
 GID: 00:00:00:00:00:00:00:00:00:00:255:255:10:01:03:01
 local address: LID 0000 QPN 0x0549 PSN 0x439ee5 RKey 0x00c407 VAddr 0x007ffae6742000
 GID: 00:00:00:00:00:00:00:00:00:00:255:255:10:01:03:01
 local address: LID 0000 QPN 0x054a PSN 0x2a4c24 RKey 0x00c407 VAddr 0x007ffae6752000
 GID: 00:00:00:00:00:00:00:00:00:00:255:255:10:01:03:01
 local address: LID 0000 QPN 0x054b PSN 0x4c2875 RKey 0x00c407 VAddr 0x007ffae6762000
 GID: 00:00:00:00:00:00:00:00:00:00:255:255:10:01:03:01
 local address: LID 0000 QPN 0x054c PSN 0x63ef24 RKey 0x00c407 VAddr 0x007ffae6772000
 GID: 00:00:00:00:00:00:00:00:00:00:255:255:10:01:03:01
 local address: LID 0000 QPN 0x054d PSN 0x7d5db3 RKey 0x00c407 VAddr 0x007ffae6782000
 GID: 00:00:00:00:00:00:00:00:00:00:255:255:10:01:03:01
 local address: LID 0000 QPN 0x054e PSN 0x60d595 RKey 0x00c407 VAddr 0x007ffae6792000
 GID: 00:00:00:00:00:00:00:00:00:00:255:255:10:01:03:01
 local address: LID 0000 QPN 0x054f PSN 0xf6703d RKey 0x00c407 VAddr 0x007ffae67a2000
 GID: 00:00:00:00:00:00:00:00:00:00:255:255:10:01:03:01
 local address: LID 0000 QPN 0x0550 PSN 0xaed437 RKey 0x00c407 VAddr 0x007ffae67b2000
 GID: 00:00:00:00:00:00:00:00:00:00:255:255:10:01:03:01
 local address: LID 0000 QPN 0x0551 PSN 0x5fc89d RKey 0x00c407 VAddr 0x007ffae67c2000
 GID: 00:00:00:00:00:00:00:00:00:00:255:255:10:01:03:01
 local address: LID 0000 QPN 0x0552 PSN 0x7f3a92 RKey 0x00c407 VAddr 0x007ffae67d2000
 GID: 00:00:00:00:00:00:00:00:00:00:255:255:10:01:03:01
 local address: LID 0000 QPN 0x0553 PSN 0xc37933 RKey 0x00c407 VAddr 0x007ffae67e2000
 GID: 00:00:00:00:00:00:00:00:00:00:255:255:10:01:03:01
 local address: LID 0000 QPN 0x0554 PSN 0x925e01 RKey 0x00c407 VAddr 0x007ffae67f2000
 GID: 00:00:00:00:00:00:00:00:00:00:255:255:10:01:03:01
 local address: LID 0000 QPN 0x0555 PSN 0xbf2eed RKey 0x00c407 VAddr 0x007ffae6802000
 GID: 00:00:00:00:00:00:00:00:00:00:255:255:10:01:03:01
 local address: LID 0000 QPN 0x0556 PSN 0x97d695 RKey 0x00c407 VAddr 0x007ffae6812000
 GID: 00:00:00:00:00:00:00:00:00:00:255:255:10:01:03:01
 local address: LID 0000 QPN 0x0557 PSN 0x55e77 RKey 0x00c407 VAddr 0x007ffae6822000
 GID: 00:00:00:00:00:00:00:00:00:00:255:255:10:01:03:01
 local address: LID 0000 QPN 0x0558 PSN 0x4e8ae6 RKey 0x00c407 VAddr 0x007ffae6832000
 GID: 00:00:00:00:00:00:00:00:00:00:255:255:10:01:03:01
 local address: LID 0000 QPN 0x0559 PSN 0xeaa092 RKey 0x00c407 VAddr 0x007ffae6842000
 GID: 00:00:00:00:00:00:00:00:00:00:255:255:10:01:03:01
 local address: LID 0000 QPN 0x055a PSN 0xd5996c RKey 0x00c407 VAddr 0x007ffae6852000
 GID: 00:00:00:00:00:00:00:00:00:00:255:255:10:01:03:01
 local address: LID 0000 QPN 0x055b PSN 0x79d15c RKey 0x00c407 VAddr 0x007ffae6862000
 GID: 00:00:00:00:00:00:00:00:00:00:255:255:10:01:03:01
 local address: LID 0000 QPN 0x055c PSN 0x9f88a6 RKey 0x00c407 VAddr 0x007ffae6872000
 GID: 00:00:00:00:00:00:00:00:00:00:255:255:10:01:03:01
 local address: LID 0000 QPN 0x055d PSN 0x9bdc88 RKey 0x00c407 VAddr 0x007ffae6882000
 GID: 00:00:00:00:00:00:00:00:00:00:255:255:10:01:03:01
 local address: LID 0000 QPN 0x055e PSN 0x2892f4 RKey 0x00c407 VAddr 0x007ffae6892000
 GID: 00:00:00:00:00:00:00:00:00:00:255:255:10:01:03:01
 local address: LID 0000 QPN 0x055f PSN 0xc2b39c RKey 0x00c407 VAddr 0x007ffae68a2000
 GID: 00:00:00:00:00:00:00:00:00:00:255:255:10:01:03:01
 local address: LID 0000 QPN 0x0560 PSN 0xb847aa RKey 0x00c407 VAddr 0x007ffae68b2000
 GID: 00:00:00:00:00:00:00:00:00:00:255:255:10:01:03:01
 local address: LID 0000 QPN 0x0561 PSN 0x348356 RKey 0x00c407 VAddr 0x007ffae68c2000
 GID: 00:00:00:00:00:00:00:00:00:00:255:255:10:01:03:01
 local address: LID 0000 QPN 0x0562 PSN 0x8d4077 RKey 0x00c407 VAddr 0x007ffae68d2000
 GID: 00:00:00:00:00:00:00:00:00:00:255:255:10:01:03:01
 local address: LID 0000 QPN 0x0563 PSN 0x38e2ab RKey 0x00c407 VAddr 0x007ffae68e2000
 GID: 00:00:00:00:00:00:00:00:00:00:255:255:10:01:03:01
 local address: LID 0000 QPN 0x0564 PSN 0x46b8f1 RKey 0x00c407 VAddr 0x007ffae68f2000
 GID: 00:00:00:00:00:00:00:00:00:00:255:255:10:01:03:01
 local address: LID 0000 QPN 0x0565 PSN 0xe4afb1 RKey 0x00c407 VAddr 0x007ffae6902000
 GID: 00:00:00:00:00:00:00:00:00:00:255:255:10:01:03:01
 local address: LID 0000 QPN 0x0566 PSN 0xf515a0 RKey 0x00c407 VAddr 0x007ffae6912000
 GID: 00:00:00:00:00:00:00:00:00:00:255:255:10:01:03:01
 local address: LID 0000 QPN 0x0567 PSN 0x772628 RKey 0x00c407 VAddr 0x007ffae6922000
 GID: 00:00:00:00:00:00:00:00:00:00:255:255:10:01:03:01
 local address: LID 0000 QPN 0x0568 PSN 0xedc092 RKey 0x00c407 VAddr 0x007ffae6932000
 GID: 00:00:00:00:00:00:00:00:00:00:255:255:10:01:03:01
 local address: LID 0000 QPN 0x0569 PSN 0xb7373e RKey 0x00c407 VAddr 0x007ffae6942000
 GID: 00:00:00:00:00:00:00:00:00:00:255:255:10:01:03:01
 local address: LID 0000 QPN 0x056a PSN 0x845b17 RKey 0x00c407 VAddr 0x007ffae6952000
 GID: 00:00:00:00:00:00:00:00:00:00:255:255:10:01:03:01
 local address: LID 0000 QPN 0x056b PSN 0xa85370 RKey 0x00c407 VAddr 0x007ffae6962000
 GID: 00:00:00:00:00:00:00:00:00:00:255:255:10:01:03:01
 local address: LID 0000 QPN 0x056c PSN 0x1786ed RKey 0x00c407 VAddr 0x007ffae6972000
 GID: 00:00:00:00:00:00:00:00:00:00:255:255:10:01:03:01
 local address: LID 0000 QPN 0x056d PSN 0xc1f575 RKey 0x00c407 VAddr 0x007ffae6982000
 GID: 00:00:00:00:00:00:00:00:00:00:255:255:10:01:03:01
 local address: LID 0000 QPN 0x056e PSN 0xc11cbd RKey 0x00c407 VAddr 0x007ffae6992000
 GID: 00:00:00:00:00:00:00:00:00:00:255:255:10:01:03:01
 local address: LID 0000 QPN 0x056f PSN 0x2d84d RKey 0x00c407 VAddr 0x007ffae69a2000
 GID: 00:00:00:00:00:00:00:00:00:00:255:255:10:01:03:01
 local address: LID 0000 QPN 0x0570 PSN 0x437272 RKey 0x00c407 VAddr 0x007ffae69b2000
 GID: 00:00:00:00:00:00:00:00:00:00:255:255:10:01:03:01
 local address: LID 0000 QPN 0x0571 PSN 0xfca2a1 RKey 0x00c407 VAddr 0x007ffae69c2000
 GID: 00:00:00:00:00:00:00:00:00:00:255:255:10:01:03:01
 local address: LID 0000 QPN 0x0572 PSN 0x108185 RKey 0x00c407 VAddr 0x007ffae69d2000
 GID: 00:00:00:00:00:00:00:00:00:00:255:255:10:01:03:01
 local address: LID 0000 QPN 0x0573 PSN 0xcfecc RKey 0x00c407 VAddr 0x007ffae69e2000
 GID: 00:00:00:00:00:00:00:00:00:00:255:255:10:01:03:01
 local address: LID 0000 QPN 0x0574 PSN 0x9db40d RKey 0x00c407 VAddr 0x007ffae69f2000
 GID: 00:00:00:00:00:00:00:00:00:00:255:255:10:01:03:01
 local address: LID 0000 QPN 0x0575 PSN 0xa6d904 RKey 0x00c407 VAddr 0x007ffae6a02000
 GID: 00:00:00:00:00:00:00:00:00:00:255:255:10:01:03:01
 local address: LID 0000 QPN 0x0576 PSN 0x1b86ed RKey 0x00c407 VAddr 0x007ffae6a12000
 GID: 00:00:00:00:00:00:00:00:00:00:255:255:10:01:03:01
 local address: LID 0000 QPN 0x0577 PSN 0x685c2c RKey 0x00c407 VAddr 0x007ffae6a22000
 GID: 00:00:00:00:00:00:00:00:00:00:255:255:10:01:03:01
 local address: LID 0000 QPN 0x0578 PSN 0x62f02d RKey 0x00c407 VAddr 0x007ffae6a32000
 GID: 00:00:00:00:00:00:00:00:00:00:255:255:10:01:03:01
 local address: LID 0000 QPN 0x0579 PSN 0xce0a17 RKey 0x00c407 VAddr 0x007ffae6a42000
 GID: 00:00:00:00:00:00:00:00:00:00:255:255:10:01:03:01
 local address: LID 0000 QPN 0x057a PSN 0x9ba18 RKey 0x00c407 VAddr 0x007ffae6a52000
 GID: 00:00:00:00:00:00:00:00:00:00:255:255:10:01:03:01
 local address: LID 0000 QPN 0x057b PSN 0x17fcf2 RKey 0x00c407 VAddr 0x007ffae6a62000
 GID: 00:00:00:00:00:00:00:00:00:00:255:255:10:01:03:01
 local address: LID 0000 QPN 0x057c PSN 0xf12e70 RKey 0x00c407 VAddr 0x007ffae6a72000
 GID: 00:00:00:00:00:00:00:00:00:00:255:255:10:01:03:01
 local address: LID 0000 QPN 0x057d PSN 0x8e45ee RKey 0x00c407 VAddr 0x007ffae6a82000
 GID: 00:00:00:00:00:00:00:00:00:00:255:255:10:01:03:01
 local address: LID 0000 QPN 0x057e PSN 0x90288a RKey 0x00c407 VAddr 0x007ffae6a92000
 GID: 00:00:00:00:00:00:00:00:00:00:255:255:10:01:03:01
 local address: LID 0000 QPN 0x057f PSN 0x9c001a RKey 0x00c407 VAddr 0x007ffae6aa2000
 GID: 00:00:00:00:00:00:00:00:00:00:255:255:10:01:03:01
 local address: LID 0000 QPN 0x0580 PSN 0xfd9ed RKey 0x00c407 VAddr 0x007ffae6ab2000
 GID: 00:00:00:00:00:00:00:00:00:00:255:255:10:01:03:01
 local address: LID 0000 QPN 0x0581 PSN 0x34d6ba RKey 0x00c407 VAddr 0x007ffae6ac2000
 GID: 00:00:00:00:00:00:00:00:00:00:255:255:10:01:03:01
 local address: LID 0000 QPN 0x0582 PSN 0x3c627f RKey 0x00c407 VAddr 0x007ffae6ad2000
 GID: 00:00:00:00:00:00:00:00:00:00:255:255:10:01:03:01
 local address: LID 0000 QPN 0x0583 PSN 0xf67368 RKey 0x00c407 VAddr 0x007ffae6ae2000
 GID: 00:00:00:00:00:00:00:00:00:00:255:255:10:01:03:01
 local address: LID 0000 QPN 0x0584 PSN 0x8b3c1d RKey 0x00c407 VAddr 0x007ffae6af2000
 GID: 00:00:00:00:00:00:00:00:00:00:255:255:10:01:03:01
 local address: LID 0000 QPN 0x0585 PSN 0x99d269 RKey 0x00c407 VAddr 0x007ffae6b02000
 GID: 00:00:00:00:00:00:00:00:00:00:255:255:10:01:03:01
 local address: LID 0000 QPN 0x0586 PSN 0xc708e8 RKey 0x00c407 VAddr 0x007ffae6b12000
 GID: 00:00:00:00:00:00:00:00:00:00:255:255:10:01:03:01
 local address: LID 0000 QPN 0x0587 PSN 0xd862dc RKey 0x00c407 VAddr 0x007ffae6b22000
 GID: 00:00:00:00:00:00:00:00:00:00:255:255:10:01:03:01
 local address: LID 0000 QPN 0x0588 PSN 0x5c7c66 RKey 0x00c407 VAddr 0x007ffae6b32000
 GID: 00:00:00:00:00:00:00:00:00:00:255:255:10:01:03:01
 local address: LID 0000 QPN 0x0589 PSN 0xf5e468 RKey 0x00c407 VAddr 0x007ffae6b42000
 GID: 00:00:00:00:00:00:00:00:00:00:255:255:10:01:03:01
 local address: LID 0000 QPN 0x058a PSN 0x370103 RKey 0x00c407 VAddr 0x007ffae6b52000
 GID: 00:00:00:00:00:00:00:00:00:00:255:255:10:01:03:01
 local address: LID 0000 QPN 0x058b PSN 0xf32d43 RKey 0x00c407 VAddr 0x007ffae6b62000
 GID: 00:00:00:00:00:00:00:00:00:00:255:255:10:01:03:01
 local address: LID 0000 QPN 0x058c PSN 0xddce46 RKey 0x00c407 VAddr 0x007ffae6b72000
 GID: 00:00:00:00:00:00:00:00:00:00:255:255:10:01:03:01
 local address: LID 0000 QPN 0x058d PSN 0x4bb188 RKey 0x00c407 VAddr 0x007ffae6b82000
 GID: 00:00:00:00:00:00:00:00:00:00:255:255:10:01:03:01
 local address: LID 0000 QPN 0x058e PSN 0xd60796 RKey 0x00c407 VAddr 0x007ffae6b92000
 GID: 00:00:00:00:00:00:00:00:00:00:255:255:10:01:03:01
 local address: LID 0000 QPN 0x058f PSN 0xd94fea RKey 0x00c407 VAddr 0x007ffae6ba2000
 GID: 00:00:00:00:00:00:00:00:00:00:255:255:10:01:03:01
 local address: LID 0000 QPN 0x0590 PSN 0x9b1818 RKey 0x00c407 VAddr 0x007ffae6bb2000
 GID: 00:00:00:00:00:00:00:00:00:00:255:255:10:01:03:01
 local address: LID 0000 QPN 0x0591 PSN 0x5057fe RKey 0x00c407 VAddr 0x007ffae6bc2000
 GID: 00:00:00:00:00:00:00:00:00:00:255:255:10:01:03:01
 local address: LID 0000 QPN 0x0592 PSN 0x8fdc7 RKey 0x00c407 VAddr 0x007ffae6bd2000
 GID: 00:00:00:00:00:00:00:00:00:00:255:255:10:01:03:01
 local address: LID 0000 QPN 0x0593 PSN 0x1afb6e RKey 0x00c407 VAddr 0x007ffae6be2000
 GID: 00:00:00:00:00:00:00:00:00:00:255:255:10:01:03:01
 local address: LID 0000 QPN 0x0594 PSN 0xc9fc86 RKey 0x00c407 VAddr 0x007ffae6bf2000
 GID: 00:00:00:00:00:00:00:00:00:00:255:255:10:01:03:01
 local address: LID 0000 QPN 0x0595 PSN 0xb4ad84 RKey 0x00c407 VAddr 0x007ffae6c02000
 GID: 00:00:00:00:00:00:00:00:00:00:255:255:10:01:03:01
 local address: LID 0000 QPN 0x0596 PSN 0xa9e99b RKey 0x00c407 VAddr 0x007ffae6c12000
 GID: 00:00:00:00:00:00:00:00:00:00:255:255:10:01:03:01
 local address: LID 0000 QPN 0x0597 PSN 0x7de3af RKey 0x00c407 VAddr 0x007ffae6c22000
 GID: 00:00:00:00:00:00:00:00:00:00:255:255:10:01:03:01
 local address: LID 0000 QPN 0x0598 PSN 0xf8d08c RKey 0x00c407 VAddr 0x007ffae6c32000
 GID: 00:00:00:00:00:00:00:00:00:00:255:255:10:01:03:01
 local address: LID 0000 QPN 0x0599 PSN 0xe8fd9e RKey 0x00c407 VAddr 0x007ffae6c42000
 GID: 00:00:00:00:00:00:00:00:00:00:255:255:10:01:03:01
 local address: LID 0000 QPN 0x059a PSN 0x274409 RKey 0x00c407 VAddr 0x007ffae6c52000
 GID: 00:00:00:00:00:00:00:00:00:00:255:255:10:01:03:01
 local address: LID 0000 QPN 0x059b PSN 0x74dce3 RKey 0x00c407 VAddr 0x007ffae6c62000
 GID: 00:00:00:00:00:00:00:00:00:00:255:255:10:01:03:01
 local address: LID 0000 QPN 0x059c PSN 0xb2a824 RKey 0x00c407 VAddr 0x007ffae6c72000
 GID: 00:00:00:00:00:00:00:00:00:00:255:255:10:01:03:01
 local address: LID 0000 QPN 0x059d PSN 0xf29f7 RKey 0x00c407 VAddr 0x007ffae6c82000
 GID: 00:00:00:00:00:00:00:00:00:00:255:255:10:01:03:01
 local address: LID 0000 QPN 0x059e PSN 0xbceba RKey 0x00c407 VAddr 0x007ffae6c92000
 GID: 00:00:00:00:00:00:00:00:00:00:255:255:10:01:03:01
 local address: LID 0000 QPN 0x059f PSN 0x72f7c6 RKey 0x00c407 VAddr 0x007ffae6ca2000
 GID: 00:00:00:00:00:00:00:00:00:00:255:255:10:01:03:01
 local address: LID 0000 QPN 0x05a0 PSN 0x4f4394 RKey 0x00c407 VAddr 0x007ffae6cb2000
 GID: 00:00:00:00:00:00:00:00:00:00:255:255:10:01:03:01
 local address: LID 0000 QPN 0x05a1 PSN 0xeb2eea RKey 0x00c407 VAddr 0x007ffae6cc2000
 GID: 00:00:00:00:00:00:00:00:00:00:255:255:10:01:03:01
 local address: LID 0000 QPN 0x05a2 PSN 0x4bcb60 RKey 0x00c407 VAddr 0x007ffae6cd2000
 GID: 00:00:00:00:00:00:00:00:00:00:255:255:10:01:03:01
 local address: LID 0000 QPN 0x05a3 PSN 0x7eeeef RKey 0x00c407 VAddr 0x007ffae6ce2000
 GID: 00:00:00:00:00:00:00:00:00:00:255:255:10:01:03:01
 local address: LID 0000 QPN 0x05a4 PSN 0x884750 RKey 0x00c407 VAddr 0x007ffae6cf2000
 GID: 00:00:00:00:00:00:00:00:00:00:255:255:10:01:03:01
 local address: LID 0000 QPN 0x05a5 PSN 0x602e1c RKey 0x00c407 VAddr 0x007ffae6d02000
 GID: 00:00:00:00:00:00:00:00:00:00:255:255:10:01:03:01
 local address: LID 0000 QPN 0x05a6 PSN 0x680eb0 RKey 0x00c407 VAddr 0x007ffae6d12000
 GID: 00:00:00:00:00:00:00:00:00:00:255:255:10:01:03:01
 local address: LID 0000 QPN 0x05a7 PSN 0xa6d73e RKey 0x00c407 VAddr 0x007ffae6d22000
 GID: 00:00:00:00:00:00:00:00:00:00:255:255:10:01:03:01
 local address: LID 0000 QPN 0x05a8 PSN 0x59c88d RKey 0x00c407 VAddr 0x007ffae6d32000
 GID: 00:00:00:00:00:00:00:00:00:00:255:255:10:01:03:01
 local address: LID 0000 QPN 0x05a9 PSN 0x884146 RKey 0x00c407 VAddr 0x007ffae6d42000
 GID: 00:00:00:00:00:00:00:00:00:00:255:255:10:01:03:01
 local address: LID 0000 QPN 0x05aa PSN 0xc508fd RKey 0x00c407 VAddr 0x007ffae6d52000
 GID: 00:00:00:00:00:00:00:00:00:00:255:255:10:01:03:01
 local address: LID 0000 QPN 0x05ab PSN 0xc12572 RKey 0x00c407 VAddr 0x007ffae6d62000
 GID: 00:00:00:00:00:00:00:00:00:00:255:255:10:01:03:01
 local address: LID 0000 QPN 0x05ac PSN 0xcad863 RKey 0x00c407 VAddr 0x007ffae6d72000
 GID: 00:00:00:00:00:00:00:00:00:00:255:255:10:01:03:01
 local address: LID 0000 QPN 0x05ad PSN 0xd77710 RKey 0x00c407 VAddr 0x007ffae6d82000
 GID: 00:00:00:00:00:00:00:00:00:00:255:255:10:01:03:01
 local address: LID 0000 QPN 0x05ae PSN 0x1b7e73 RKey 0x00c407 VAddr 0x007ffae6d92000
 GID: 00:00:00:00:00:00:00:00:00:00:255:255:10:01:03:01
 local address: LID 0000 QPN 0x05af PSN 0x673ad7 RKey 0x00c407 VAddr 0x007ffae6da2000
 GID: 00:00:00:00:00:00:00:00:00:00:255:255:10:01:03:01
 local address: LID 0000 QPN 0x05b0 PSN 0x1b579d RKey 0x00c407 VAddr 0x007ffae6db2000
 GID: 00:00:00:00:00:00:00:00:00:00:255:255:10:01:03:01
 local address: LID 0000 QPN 0x05b1 PSN 0x1e7c19 RKey 0x00c407 VAddr 0x007ffae6dc2000
 GID: 00:00:00:00:00:00:00:00:00:00:255:255:10:01:03:01
 local address: LID 0000 QPN 0x05b2 PSN 0x4a48ec RKey 0x00c407 VAddr 0x007ffae6dd2000
 GID: 00:00:00:00:00:00:00:00:00:00:255:255:10:01:03:01
 local address: LID 0000 QPN 0x05b3 PSN 0x66cb1c RKey 0x00c407 VAddr 0x007ffae6de2000
 GID: 00:00:00:00:00:00:00:00:00:00:255:255:10:01:03:01
 local address: LID 0000 QPN 0x05b4 PSN 0x1efd21 RKey 0x00c407 VAddr 0x007ffae6df2000
 GID: 00:00:00:00:00:00:00:00:00:00:255:255:10:01:03:01
 local address: LID 0000 QPN 0x05b5 PSN 0xc79213 RKey 0x00c407 VAddr 0x007ffae6e02000
 GID: 00:00:00:00:00:00:00:00:00:00:255:255:10:01:03:01
 local address: LID 0000 QPN 0x05b6 PSN 0xac1d72 RKey 0x00c407 VAddr 0x007ffae6e12000
 GID: 00:00:00:00:00:00:00:00:00:00:255:255:10:01:03:01
 local address: LID 0000 QPN 0x05b7 PSN 0x2a8d43 RKey 0x00c407 VAddr 0x007ffae6e22000
 GID: 00:00:00:00:00:00:00:00:00:00:255:255:10:01:03:01
 local address: LID 0000 QPN 0x05b8 PSN 0xe218f6 RKey 0x00c407 VAddr 0x007ffae6e32000
 GID: 00:00:00:00:00:00:00:00:00:00:255:255:10:01:03:01
 local address: LID 0000 QPN 0x05b9 PSN 0x70970c RKey 0x00c407 VAddr 0x007ffae6e42000
 GID: 00:00:00:00:00:00:00:00:00:00:255:255:10:01:03:01
 local address: LID 0000 QPN 0x05ba PSN 0x9ef52 RKey 0x00c407 VAddr 0x007ffae6e52000
 GID: 00:00:00:00:00:00:00:00:00:00:255:255:10:01:03:01
 local address: LID 0000 QPN 0x05bb PSN 0xefc9b1 RKey 0x00c407 VAddr 0x007ffae6e62000
 GID: 00:00:00:00:00:00:00:00:00:00:255:255:10:01:03:01
 local address: LID 0000 QPN 0x05bc PSN 0xb33df7 RKey 0x00c407 VAddr 0x007ffae6e72000
 GID: 00:00:00:00:00:00:00:00:00:00:255:255:10:01:03:01
 local address: LID 0000 QPN 0x05bd PSN 0x2efec7 RKey 0x00c407 VAddr 0x007ffae6e82000
 GID: 00:00:00:00:00:00:00:00:00:00:255:255:10:01:03:01
 local address: LID 0000 QPN 0x05be PSN 0xf22ad9 RKey 0x00c407 VAddr 0x007ffae6e92000
 GID: 00:00:00:00:00:00:00:00:00:00:255:255:10:01:03:01
 local address: LID 0000 QPN 0x05bf PSN 0x257765 RKey 0x00c407 VAddr 0x007ffae6ea2000
 GID: 00:00:00:00:00:00:00:00:00:00:255:255:10:01:03:01
 local address: LID 0000 QPN 0x05c0 PSN 0xf59c13 RKey 0x00c407 VAddr 0x007ffae6eb2000
 GID: 00:00:00:00:00:00:00:00:00:00:255:255:10:01:03:01
 local address: LID 0000 QPN 0x05c1 PSN 0x76c048 RKey 0x00c407 VAddr 0x007ffae6ec2000
 GID: 00:00:00:00:00:00:00:00:00:00:255:255:10:01:03:01
 local address: LID 0000 QPN 0x05c2 PSN 0x46a1ae RKey 0x00c407 VAddr 0x007ffae6ed2000
 GID: 00:00:00:00:00:00:00:00:00:00:255:255:10:01:03:01
 local address: LID 0000 QPN 0x05c3 PSN 0x2aba45 RKey 0x00c407 VAddr 0x007ffae6ee2000
 GID: 00:00:00:00:00:00:00:00:00:00:255:255:10:01:03:01
 local address: LID 0000 QPN 0x05c4 PSN 0x52753e RKey 0x00c407 VAddr 0x007ffae6ef2000
 GID: 00:00:00:00:00:00:00:00:00:00:255:255:10:01:03:01
 local address: LID 0000 QPN 0x05c5 PSN 0xeb596f RKey 0x00c407 VAddr 0x007ffae6f02000
 GID: 00:00:00:00:00:00:00:00:00:00:255:255:10:01:03:01
 local address: LID 0000 QPN 0x05c6 PSN 0xd6a2cb RKey 0x00c407 VAddr 0x007ffae6f12000
 GID: 00:00:00:00:00:00:00:00:00:00:255:255:10:01:03:01
 local address: LID 0000 QPN 0x05c7 PSN 0xedb494 RKey 0x00c407 VAddr 0x007ffae6f22000
 GID: 00:00:00:00:00:00:00:00:00:00:255:255:10:01:03:01
 local address: LID 0000 QPN 0x05c8 PSN 0x9cb6f8 RKey 0x00c407 VAddr 0x007ffae6f32000
 GID: 00:00:00:00:00:00:00:00:00:00:255:255:10:01:03:01
 local address: LID 0000 QPN 0x05c9 PSN 0x722abc RKey 0x00c407 VAddr 0x007ffae6f42000
 GID: 00:00:00:00:00:00:00:00:00:00:255:255:10:01:03:01
 local address: LID 0000 QPN 0x05ca PSN 0x78581a RKey 0x00c407 VAddr 0x007ffae6f52000
 GID: 00:00:00:00:00:00:00:00:00:00:255:255:10:01:03:01
 local address: LID 0000 QPN 0x05cb PSN 0xc8bd81 RKey 0x00c407 VAddr 0x007ffae6f62000
 GID: 00:00:00:00:00:00:00:00:00:00:255:255:10:01:03:01
 local address: LID 0000 QPN 0x05cc PSN 0xa06278 RKey 0x00c407 VAddr 0x007ffae6f72000
 GID: 00:00:00:00:00:00:00:00:00:00:255:255:10:01:03:01
 local address: LID 0000 QPN 0x05cd PSN 0xcf8d31 RKey 0x00c407 VAddr 0x007ffae6f82000
 GID: 00:00:00:00:00:00:00:00:00:00:255:255:10:01:03:01
 local address: LID 0000 QPN 0x05ce PSN 0xec23a8 RKey 0x00c407 VAddr 0x007ffae6f92000
 GID: 00:00:00:00:00:00:00:00:00:00:255:255:10:01:03:01
 local address: LID 0000 QPN 0x05cf PSN 0x8b2ed8 RKey 0x00c407 VAddr 0x007ffae6fa2000
 GID: 00:00:00:00:00:00:00:00:00:00:255:255:10:01:03:01
 local address: LID 0000 QPN 0x05d0 PSN 0xc80d75 RKey 0x00c407 VAddr 0x007ffae6fb2000
 GID: 00:00:00:00:00:00:00:00:00:00:255:255:10:01:03:01
 local address: LID 0000 QPN 0x05d1 PSN 0xc2455 RKey 0x00c407 VAddr 0x007ffae6fc2000
 GID: 00:00:00:00:00:00:00:00:00:00:255:255:10:01:03:01
 local address: LID 0000 QPN 0x05d2 PSN 0x865688 RKey 0x00c407 VAddr 0x007ffae6fd2000
 GID: 00:00:00:00:00:00:00:00:00:00:255:255:10:01:03:01
 local address: LID 0000 QPN 0x05d3 PSN 0xfc1bdb RKey 0x00c407 VAddr 0x007ffae6fe2000
 GID: 00:00:00:00:00:00:00:00:00:00:255:255:10:01:03:01
 local address: LID 0000 QPN 0x05d4 PSN 0x9d6590 RKey 0x00c407 VAddr 0x007ffae6ff2000
 GID: 00:00:00:00:00:00:00:00:00:00:255:255:10:01:03:01
 local address: LID 0000 QPN 0x05d5 PSN 0xf60e54 RKey 0x00c407 VAddr 0x007ffae7002000
 GID: 00:00:00:00:00:00:00:00:00:00:255:255:10:01:03:01
 local address: LID 0000 QPN 0x05d6 PSN 0xc73b47 RKey 0x00c407 VAddr 0x007ffae7012000
 GID: 00:00:00:00:00:00:00:00:00:00:255:255:10:01:03:01
 local address: LID 0000 QPN 0x05d7 PSN 0x78632c RKey 0x00c407 VAddr 0x007ffae7022000
 GID: 00:00:00:00:00:00:00:00:00:00:255:255:10:01:03:01
 local address: LID 0000 QPN 0x05d8 PSN 0x4e4061 RKey 0x00c407 VAddr 0x007ffae7032000
 GID: 00:00:00:00:00:00:00:00:00:00:255:255:10:01:03:01
 local address: LID 0000 QPN 0x05d9 PSN 0x69b444 RKey 0x00c407 VAddr 0x007ffae7042000
 GID: 00:00:00:00:00:00:00:00:00:00:255:255:10:01:03:01
 local address: LID 0000 QPN 0x05da PSN 0x4f0e07 RKey 0x00c407 VAddr 0x007ffae7052000
 GID: 00:00:00:00:00:00:00:00:00:00:255:255:10:01:03:01
 local address: LID 0000 QPN 0x05db PSN 0xb2ade1 RKey 0x00c407 VAddr 0x007ffae7062000
 GID: 00:00:00:00:00:00:00:00:00:00:255:255:10:01:03:01
 local address: LID 0000 QPN 0x05dc PSN 0x2e621c RKey 0x00c407 VAddr 0x007ffae7072000
 GID: 00:00:00:00:00:00:00:00:00:00:255:255:10:01:03:01
 local address: LID 0000 QPN 0x05dd PSN 0xc81c82 RKey 0x00c407 VAddr 0x007ffae7082000
 GID: 00:00:00:00:00:00:00:00:00:00:255:255:10:01:03:01
 local address: LID 0000 QPN 0x05de PSN 0x9b1c3a RKey 0x00c407 VAddr 0x007ffae7092000
 GID: 00:00:00:00:00:00:00:00:00:00:255:255:10:01:03:01
 local address: LID 0000 QPN 0x05df PSN 0x330dba RKey 0x00c407 VAddr 0x007ffae70a2000
 GID: 00:00:00:00:00:00:00:00:00:00:255:255:10:01:03:01
 local address: LID 0000 QPN 0x05e0 PSN 0x46c4e0 RKey 0x00c407 VAddr 0x007ffae70b2000
 GID: 00:00:00:00:00:00:00:00:00:00:255:255:10:01:03:01
 local address: LID 0000 QPN 0x05e1 PSN 0x3cc13b RKey 0x00c407 VAddr 0x007ffae70c2000
 GID: 00:00:00:00:00:00:00:00:00:00:255:255:10:01:03:01
 local address: LID 0000 QPN 0x05e2 PSN 0x52e5fd RKey 0x00c407 VAddr 0x007ffae70d2000
 GID: 00:00:00:00:00:00:00:00:00:00:255:255:10:01:03:01
 local address: LID 0000 QPN 0x05e3 PSN 0x1d0c6e RKey 0x00c407 VAddr 0x007ffae70e2000
 GID: 00:00:00:00:00:00:00:00:00:00:255:255:10:01:03:01
 local address: LID 0000 QPN 0x05e4 PSN 0x5ca9c RKey 0x00c407 VAddr 0x007ffae70f2000
 GID: 00:00:00:00:00:00:00:00:00:00:255:255:10:01:03:01
 local address: LID 0000 QPN 0x05e5 PSN 0x530d07 RKey 0x00c407 VAddr 0x007ffae7102000
 GID: 00:00:00:00:00:00:00:00:00:00:255:255:10:01:03:01
 local address: LID 0000 QPN 0x05e6 PSN 0x3fbb0e RKey 0x00c407 VAddr 0x007ffae7112000
 GID: 00:00:00:00:00:00:00:00:00:00:255:255:10:01:03:01
 local address: LID 0000 QPN 0x05e7 PSN 0x1e1e21 RKey 0x00c407 VAddr 0x007ffae7122000
 GID: 00:00:00:00:00:00:00:00:00:00:255:255:10:01:03:01
 local address: LID 0000 QPN 0x05e8 PSN 0xb0639e RKey 0x00c407 VAddr 0x007ffae7132000
 GID: 00:00:00:00:00:00:00:00:00:00:255:255:10:01:03:01
 local address: LID 0000 QPN 0x05e9 PSN 0xfbbfaf RKey 0x00c407 VAddr 0x007ffae7142000
 GID: 00:00:00:00:00:00:00:00:00:00:255:255:10:01:03:01
 local address: LID 0000 QPN 0x05ea PSN 0xf6ed6c RKey 0x00c407 VAddr 0x007ffae7152000
 GID: 00:00:00:00:00:00:00:00:00:00:255:255:10:01:03:01
 local address: LID 0000 QPN 0x05eb PSN 0x5388f3 RKey 0x00c407 VAddr 0x007ffae7162000
 GID: 00:00:00:00:00:00:00:00:00:00:255:255:10:01:03:01
 local address: LID 0000 QPN 0x05ec PSN 0xead3b9 RKey 0x00c407 VAddr 0x007ffae7172000
 GID: 00:00:00:00:00:00:00:00:00:00:255:255:10:01:03:01
 local address: LID 0000 QPN 0x05ed PSN 0xa49d0f RKey 0x00c407 VAddr 0x007ffae7182000
 GID: 00:00:00:00:00:00:00:00:00:00:255:255:10:01:03:01
 local address: LID 0000 QPN 0x05ee PSN 0x66538a RKey 0x00c407 VAddr 0x007ffae7192000
 GID: 00:00:00:00:00:00:00:00:00:00:255:255:10:01:03:01
 local address: LID 0000 QPN 0x05ef PSN 0x95f3b2 RKey 0x00c407 VAddr 0x007ffae71a2000
 GID: 00:00:00:00:00:00:00:00:00:00:255:255:10:01:03:01
 local address: LID 0000 QPN 0x05f0 PSN 0x306013 RKey 0x00c407 VAddr 0x007ffae71b2000
 GID: 00:00:00:00:00:00:00:00:00:00:255:255:10:01:03:01
 local address: LID 0000 QPN 0x05f1 PSN 0x88e817 RKey 0x00c407 VAddr 0x007ffae71c2000
 GID: 00:00:00:00:00:00:00:00:00:00:255:255:10:01:03:01
 local address: LID 0000 QPN 0x05f2 PSN 0x74742f RKey 0x00c407 VAddr 0x007ffae71d2000
 GID: 00:00:00:00:00:00:00:00:00:00:255:255:10:01:03:01
 local address: LID 0000 QPN 0x05f3 PSN 0x9edaf RKey 0x00c407 VAddr 0x007ffae71e2000
 GID: 00:00:00:00:00:00:00:00:00:00:255:255:10:01:03:01
 local address: LID 0000 QPN 0x05f4 PSN 0xfbcf89 RKey 0x00c407 VAddr 0x007ffae71f2000
 GID: 00:00:00:00:00:00:00:00:00:00:255:255:10:01:03:01
 local address: LID 0000 QPN 0x05f5 PSN 0x74beb RKey 0x00c407 VAddr 0x007ffae7202000
 GID: 00:00:00:00:00:00:00:00:00:00:255:255:10:01:03:01
 local address: LID 0000 QPN 0x05f6 PSN 0x6155ed RKey 0x00c407 VAddr 0x007ffae7212000
 GID: 00:00:00:00:00:00:00:00:00:00:255:255:10:01:03:01
 local address: LID 0000 QPN 0x05f7 PSN 0x37e1ae RKey 0x00c407 VAddr 0x007ffae7222000
 GID: 00:00:00:00:00:00:00:00:00:00:255:255:10:01:03:01
 local address: LID 0000 QPN 0x05f8 PSN 0x5747bf RKey 0x00c407 VAddr 0x007ffae7232000
 GID: 00:00:00:00:00:00:00:00:00:00:255:255:10:01:03:01
 local address: LID 0000 QPN 0x05f9 PSN 0xb1f52a RKey 0x00c407 VAddr 0x007ffae7242000
 GID: 00:00:00:00:00:00:00:00:00:00:255:255:10:01:03:01
 local address: LID 0000 QPN 0x05fa PSN 0x2a8c3b RKey 0x00c407 VAddr 0x007ffae7252000
 GID: 00:00:00:00:00:00:00:00:00:00:255:255:10:01:03:01
 local address: LID 0000 QPN 0x05fb PSN 0x6305f7 RKey 0x00c407 VAddr 0x007ffae7262000
 GID: 00:00:00:00:00:00:00:00:00:00:255:255:10:01:03:01
 local address: LID 0000 QPN 0x05fc PSN 0x28b0c7 RKey 0x00c407 VAddr 0x007ffae7272000
 GID: 00:00:00:00:00:00:00:00:00:00:255:255:10:01:03:01
 local address: LID 0000 QPN 0x05fd PSN 0x17bd4c RKey 0x00c407 VAddr 0x007ffae7282000
 GID: 00:00:00:00:00:00:00:00:00:00:255:255:10:01:03:01
 local address: LID 0000 QPN 0x05fe PSN 0x84bc31 RKey 0x00c407 VAddr 0x007ffae7292000
 GID: 00:00:00:00:00:00:00:00:00:00:255:255:10:01:03:01
 local address: LID 0000 QPN 0x05ff PSN 0x7dfb89 RKey 0x00c407 VAddr 0x007ffae72a2000
 GID: 00:00:00:00:00:00:00:00:00:00:255:255:10:01:03:01
 local address: LID 0000 QPN 0x0600 PSN 0x78696c RKey 0x00c407 VAddr 0x007ffae72b2000
 GID: 00:00:00:00:00:00:00:00:00:00:255:255:10:01:03:01
 local address: LID 0000 QPN 0x0601 PSN 0x116a25 RKey 0x00c407 VAddr 0x007ffae72c2000
 GID: 00:00:00:00:00:00:00:00:00:00:255:255:10:01:03:01
 local address: LID 0000 QPN 0x0602 PSN 0xa672e0 RKey 0x00c407 VAddr 0x007ffae72d2000
 GID: 00:00:00:00:00:00:00:00:00:00:255:255:10:01:03:01
 local address: LID 0000 QPN 0x0603 PSN 0x14ee6e RKey 0x00c407 VAddr 0x007ffae72e2000
 GID: 00:00:00:00:00:00:00:00:00:00:255:255:10:01:03:01
 local address: LID 0000 QPN 0x0604 PSN 0xc2b61d RKey 0x00c407 VAddr 0x007ffae72f2000
 GID: 00:00:00:00:00:00:00:00:00:00:255:255:10:01:03:01
 local address: LID 0000 QPN 0x0605 PSN 0xcc2386 RKey 0x00c407 VAddr 0x007ffae7302000
 GID: 00:00:00:00:00:00:00:00:00:00:255:255:10:01:03:01
 local address: LID 0000 QPN 0x0606 PSN 0xc3c74c RKey 0x00c407 VAddr 0x007ffae7312000
 GID: 00:00:00:00:00:00:00:00:00:00:255:255:10:01:03:01
 local address: LID 0000 QPN 0x0607 PSN 0xf0292a RKey 0x00c407 VAddr 0x007ffae7322000
 GID: 00:00:00:00:00:00:00:00:00:00:255:255:10:01:03:01
 local address: LID 0000 QPN 0x0608 PSN 0xc0f471 RKey 0x00c407 VAddr 0x007ffae7332000
 GID: 00:00:00:00:00:00:00:00:00:00:255:255:10:01:03:01
 local address: LID 0000 QPN 0x0609 PSN 0xfa6103 RKey 0x00c407 VAddr 0x007ffae7342000
 GID: 00:00:00:00:00:00:00:00:00:00:255:255:10:01:03:01
 local address: LID 0000 QPN 0x060a PSN 0x57e208 RKey 0x00c407 VAddr 0x007ffae7352000
 GID: 00:00:00:00:00:00:00:00:00:00:255:255:10:01:03:01
 local address: LID 0000 QPN 0x060b PSN 0x2f2d4d RKey 0x00c407 VAddr 0x007ffae7362000
 GID: 00:00:00:00:00:00:00:00:00:00:255:255:10:01:03:01
 local address: LID 0000 QPN 0x060c PSN 0x9e3d5b RKey 0x00c407 VAddr 0x007ffae7372000
 GID: 00:00:00:00:00:00:00:00:00:00:255:255:10:01:03:01
 local address: LID 0000 QPN 0x060d PSN 0xa6b1ce RKey 0x00c407 VAddr 0x007ffae7382000
 GID: 00:00:00:00:00:00:00:00:00:00:255:255:10:01:03:01
 local address: LID 0000 QPN 0x060e PSN 0xd1246c RKey 0x00c407 VAddr 0x007ffae7392000
 GID: 00:00:00:00:00:00:00:00:00:00:255:255:10:01:03:01
 local address: LID 0000 QPN 0x060f PSN 0x4b8328 RKey 0x00c407 VAddr 0x007ffae73a2000
 GID: 00:00:00:00:00:00:00:00:00:00:255:255:10:01:03:01
 local address: LID 0000 QPN 0x0610 PSN 0xdbbfeb RKey 0x00c407 VAddr 0x007ffae73b2000
 GID: 00:00:00:00:00:00:00:00:00:00:255:255:10:01:03:01
 local address: LID 0000 QPN 0x0611 PSN 0x37e0c2 RKey 0x00c407 VAddr 0x007ffae73c2000
 GID: 00:00:00:00:00:00:00:00:00:00:255:255:10:01:03:01
 local address: LID 0000 QPN 0x0612 PSN 0x864974 RKey 0x00c407 VAddr 0x007ffae73d2000
 GID: 00:00:00:00:00:00:00:00:00:00:255:255:10:01:03:01
 local address: LID 0000 QPN 0x0613 PSN 0xf3929c RKey 0x00c407 VAddr 0x007ffae73e2000
 GID: 00:00:00:00:00:00:00:00:00:00:255:255:10:01:03:01
 local address: LID 0000 QPN 0x0614 PSN 0xe3bebe RKey 0x00c407 VAddr 0x007ffae73f2000
 GID: 00:00:00:00:00:00:00:00:00:00:255:255:10:01:03:01
 local address: LID 0000 QPN 0x0615 PSN 0x6c167c RKey 0x00c407 VAddr 0x007ffae7402000
 GID: 00:00:00:00:00:00:00:00:00:00:255:255:10:01:03:01
 local address: LID 0000 QPN 0x0616 PSN 0xa67a38 RKey 0x00c407 VAddr 0x007ffae7412000
 GID: 00:00:00:00:00:00:00:00:00:00:255:255:10:01:03:01
 local address: LID 0000 QPN 0x0617 PSN 0x20f70e RKey 0x00c407 VAddr 0x007ffae7422000
 GID: 00:00:00:00:00:00:00:00:00:00:255:255:10:01:03:01
 local address: LID 0000 QPN 0x0618 PSN 0xeba04 RKey 0x00c407 VAddr 0x007ffae7432000
 GID: 00:00:00:00:00:00:00:00:00:00:255:255:10:01:03:01
 local address: LID 0000 QPN 0x0619 PSN 0x88bba4 RKey 0x00c407 VAddr 0x007ffae7442000
 GID: 00:00:00:00:00:00:00:00:00:00:255:255:10:01:03:01
 local address: LID 0000 QPN 0x061a PSN 0xbbf004 RKey 0x00c407 VAddr 0x007ffae7452000
 GID: 00:00:00:00:00:00:00:00:00:00:255:255:10:01:03:01
 local address: LID 0000 QPN 0x061b PSN 0x52e076 RKey 0x00c407 VAddr 0x007ffae7462000
 GID: 00:00:00:00:00:00:00:00:00:00:255:255:10:01:03:01
 local address: LID 0000 QPN 0x061c PSN 0x4cf02c RKey 0x00c407 VAddr 0x007ffae7472000
 GID: 00:00:00:00:00:00:00:00:00:00:255:255:10:01:03:01
 local address: LID 0000 QPN 0x061d PSN 0xd6fd4a RKey 0x00c407 VAddr 0x007ffae7482000
 GID: 00:00:00:00:00:00:00:00:00:00:255:255:10:01:03:01
 local address: LID 0000 QPN 0x061e PSN 0xf85e13 RKey 0x00c407 VAddr 0x007ffae7492000
 GID: 00:00:00:00:00:00:00:00:00:00:255:255:10:01:03:01
 local address: LID 0000 QPN 0x061f PSN 0x8c3397 RKey 0x00c407 VAddr 0x007ffae74a2000
 GID: 00:00:00:00:00:00:00:00:00:00:255:255:10:01:03:01
 local address: LID 0000 QPN 0x0620 PSN 0x5eff2e RKey 0x00c407 VAddr 0x007ffae74b2000
 GID: 00:00:00:00:00:00:00:00:00:00:255:255:10:01:03:01
 local address: LID 0000 QPN 0x0621 PSN 0xe0f56a RKey 0x00c407 VAddr 0x007ffae74c2000
 GID: 00:00:00:00:00:00:00:00:00:00:255:255:10:01:03:01
 local address: LID 0000 QPN 0x0622 PSN 0x7bfced RKey 0x00c407 VAddr 0x007ffae74d2000
 GID: 00:00:00:00:00:00:00:00:00:00:255:255:10:01:03:01
 local address: LID 0000 QPN 0x0623 PSN 0xbe3b49 RKey 0x00c407 VAddr 0x007ffae74e2000
 GID: 00:00:00:00:00:00:00:00:00:00:255:255:10:01:03:01
 local address: LID 0000 QPN 0x0624 PSN 0x2b1074 RKey 0x00c407 VAddr 0x007ffae74f2000
 GID: 00:00:00:00:00:00:00:00:00:00:255:255:10:01:03:01
 local address: LID 0000 QPN 0x0625 PSN 0xe19992 RKey 0x00c407 VAddr 0x007ffae7502000
 GID: 00:00:00:00:00:00:00:00:00:00:255:255:10:01:03:01
 local address: LID 0000 QPN 0x0626 PSN 0xbbb15a RKey 0x00c407 VAddr 0x007ffae7512000
 GID: 00:00:00:00:00:00:00:00:00:00:255:255:10:01:03:01
 local address: LID 0000 QPN 0x0627 PSN 0xc3dcf2 RKey 0x00c407 VAddr 0x007ffae7522000
 GID: 00:00:00:00:00:00:00:00:00:00:255:255:10:01:03:01
 local address: LID 0000 QPN 0x0628 PSN 0xe89966 RKey 0x00c407 VAddr 0x007ffae7532000
 GID: 00:00:00:00:00:00:00:00:00:00:255:255:10:01:03:01
 local address: LID 0000 QPN 0x0629 PSN 0x99b19b RKey 0x00c407 VAddr 0x007ffae7542000
 GID: 00:00:00:00:00:00:00:00:00:00:255:255:10:01:03:01
 local address: LID 0000 QPN 0x062a PSN 0xb86901 RKey 0x00c407 VAddr 0x007ffae7552000
 GID: 00:00:00:00:00:00:00:00:00:00:255:255:10:01:03:01
 local address: LID 0000 QPN 0x062b PSN 0x1e6213 RKey 0x00c407 VAddr 0x007ffae7562000
 GID: 00:00:00:00:00:00:00:00:00:00:255:255:10:01:03:01
 local address: LID 0000 QPN 0x062c PSN 0x335a91 RKey 0x00c407 VAddr 0x007ffae7572000
 GID: 00:00:00:00:00:00:00:00:00:00:255:255:10:01:03:01
 local address: LID 0000 QPN 0x062d PSN 0x5e3892 RKey 0x00c407 VAddr 0x007ffae7582000
 GID: 00:00:00:00:00:00:00:00:00:00:255:255:10:01:03:01
 local address: LID 0000 QPN 0x062e PSN 0x8166a2 RKey 0x00c407 VAddr 0x007ffae7592000
 GID: 00:00:00:00:00:00:00:00:00:00:255:255:10:01:03:01
 local address: LID 0000 QPN 0x062f PSN 0x6408fe RKey 0x00c407 VAddr 0x007ffae75a2000
 GID: 00:00:00:00:00:00:00:00:00:00:255:255:10:01:03:01
 local address: LID 0000 QPN 0x0630 PSN 0x36e773 RKey 0x00c407 VAddr 0x007ffae75b2000
 GID: 00:00:00:00:00:00:00:00:00:00:255:255:10:01:03:01
 local address: LID 0000 QPN 0x0631 PSN 0xd8a9bb RKey 0x00c407 VAddr 0x007ffae75c2000
 GID: 00:00:00:00:00:00:00:00:00:00:255:255:10:01:03:01
 local address: LID 0000 QPN 0x0632 PSN 0x1cd7ed RKey 0x00c407 VAddr 0x007ffae75d2000
 GID: 00:00:00:00:00:00:00:00:00:00:255:255:10:01:03:01
 local address: LID 0000 QPN 0x0633 PSN 0xe1aea6 RKey 0x00c407 VAddr 0x007ffae75e2000
 GID: 00:00:00:00:00:00:00:00:00:00:255:255:10:01:03:01
 local address: LID 0000 QPN 0x0634 PSN 0xaea0e5 RKey 0x00c407 VAddr 0x007ffae75f2000
 GID: 00:00:00:00:00:00:00:00:00:00:255:255:10:01:03:01
 local address: LID 0000 QPN 0x0635 PSN 0xb7dbab RKey 0x00c407 VAddr 0x007ffae7602000
 GID: 00:00:00:00:00:00:00:00:00:00:255:255:10:01:03:01
 local address: LID 0000 QPN 0x0636 PSN 0xdaefd RKey 0x00c407 VAddr 0x007ffae7612000
 GID: 00:00:00:00:00:00:00:00:00:00:255:255:10:01:03:01
 local address: LID 0000 QPN 0x0637 PSN 0x74038f RKey 0x00c407 VAddr 0x007ffae7622000
 GID: 00:00:00:00:00:00:00:00:00:00:255:255:10:01:03:01
 local address: LID 0000 QPN 0x0638 PSN 0xaac25 RKey 0x00c407 VAddr 0x007ffae7632000
 GID: 00:00:00:00:00:00:00:00:00:00:255:255:10:01:03:01
 local address: LID 0000 QPN 0x0639 PSN 0x982b94 RKey 0x00c407 VAddr 0x007ffae7642000
 GID: 00:00:00:00:00:00:00:00:00:00:255:255:10:01:03:01
 local address: LID 0000 QPN 0x063a PSN 0xe35974 RKey 0x00c407 VAddr 0x007ffae7652000
 GID: 00:00:00:00:00:00:00:00:00:00:255:255:10:01:03:01
 local address: LID 0000 QPN 0x063b PSN 0x31dde4 RKey 0x00c407 VAddr 0x007ffae7662000
 GID: 00:00:00:00:00:00:00:00:00:00:255:255:10:01:03:01
 local address: LID 0000 QPN 0x063c PSN 0x49107f RKey 0x00c407 VAddr 0x007ffae7672000
 GID: 00:00:00:00:00:00:00:00:00:00:255:255:10:01:03:01
 local address: LID 0000 QPN 0x063d PSN 0xd3da9e RKey 0x00c407 VAddr 0x007ffae7682000
 GID: 00:00:00:00:00:00:00:00:00:00:255:255:10:01:03:01
 local address: LID 0000 QPN 0x063e PSN 0x2f8f33 RKey 0x00c407 VAddr 0x007ffae7692000
 GID: 00:00:00:00:00:00:00:00:00:00:255:255:10:01:03:01
 local address: LID 0000 QPN 0x063f PSN 0x485aa7 RKey 0x00c407 VAddr 0x007ffae76a2000
 GID: 00:00:00:00:00:00:00:00:00:00:255:255:10:01:03:01
 local address: LID 0000 QPN 0x0640 PSN 0x9ac598 RKey 0x00c407 VAddr 0x007ffae76b2000
 GID: 00:00:00:00:00:00:00:00:00:00:255:255:10:01:03:01
 local address: LID 0000 QPN 0x0641 PSN 0xd89f70 RKey 0x00c407 VAddr 0x007ffae76c2000
 GID: 00:00:00:00:00:00:00:00:00:00:255:255:10:01:03:01
 local address: LID 0000 QPN 0x0642 PSN 0x8812b6 RKey 0x00c407 VAddr 0x007ffae76d2000
 GID: 00:00:00:00:00:00:00:00:00:00:255:255:10:01:03:01
 local address: LID 0000 QPN 0x0643 PSN 0x82a002 RKey 0x00c407 VAddr 0x007ffae76e2000
 GID: 00:00:00:00:00:00:00:00:00:00:255:255:10:01:03:01
 local address: LID 0000 QPN 0x0644 PSN 0x5f1c57 RKey 0x00c407 VAddr 0x007ffae76f2000
 GID: 00:00:00:00:00:00:00:00:00:00:255:255:10:01:03:01
 local address: LID 0000 QPN 0x0645 PSN 0x2d8dcd RKey 0x00c407 VAddr 0x007ffae7702000
 GID: 00:00:00:00:00:00:00:00:00:00:255:255:10:01:03:01
 local address: LID 0000 QPN 0x0646 PSN 0x7ddd0b RKey 0x00c407 VAddr 0x007ffae7712000
 GID: 00:00:00:00:00:00:00:00:00:00:255:255:10:01:03:01
 local address: LID 0000 QPN 0x0647 PSN 0x8232bd RKey 0x00c407 VAddr 0x007ffae7722000
 GID: 00:00:00:00:00:00:00:00:00:00:255:255:10:01:03:01
 local address: LID 0000 QPN 0x0648 PSN 0xfc8c71 RKey 0x00c407 VAddr 0x007ffae7732000
 GID: 00:00:00:00:00:00:00:00:00:00:255:255:10:01:03:01
 local address: LID 0000 QPN 0x0649 PSN 0xa4965b RKey 0x00c407 VAddr 0x007ffae7742000
 GID: 00:00:00:00:00:00:00:00:00:00:255:255:10:01:03:01
 local address: LID 0000 QPN 0x064a PSN 0x50cf6d RKey 0x00c407 VAddr 0x007ffae7752000
 GID: 00:00:00:00:00:00:00:00:00:00:255:255:10:01:03:01
 local address: LID 0000 QPN 0x064b PSN 0xc9f0c9 RKey 0x00c407 VAddr 0x007ffae7762000
 GID: 00:00:00:00:00:00:00:00:00:00:255:255:10:01:03:01
 local address: LID 0000 QPN 0x064c PSN 0x44908f RKey 0x00c407 VAddr 0x007ffae7772000
 GID: 00:00:00:00:00:00:00:00:00:00:255:255:10:01:03:01
 local address: LID 0000 QPN 0x064d PSN 0x650080 RKey 0x00c407 VAddr 0x007ffae7782000
 GID: 00:00:00:00:00:00:00:00:00:00:255:255:10:01:03:01
 local address: LID 0000 QPN 0x064e PSN 0x3ea481 RKey 0x00c407 VAddr 0x007ffae7792000
 GID: 00:00:00:00:00:00:00:00:00:00:255:255:10:01:03:01
 local address: LID 0000 QPN 0x064f PSN 0x8ce2f9 RKey 0x00c407 VAddr 0x007ffae77a2000
 GID: 00:00:00:00:00:00:00:00:00:00:255:255:10:01:03:01
 local address: LID 0000 QPN 0x0650 PSN 0xdb1d RKey 0x00c407 VAddr 0x007ffae77b2000
 GID: 00:00:00:00:00:00:00:00:00:00:255:255:10:01:03:01
 local address: LID 0000 QPN 0x0651 PSN 0xb06065 RKey 0x00c407 VAddr 0x007ffae77c2000
 GID: 00:00:00:00:00:00:00:00:00:00:255:255:10:01:03:01
 local address: LID 0000 QPN 0x0652 PSN 0x3d7b2c RKey 0x00c407 VAddr 0x007ffae77d2000
 GID: 00:00:00:00:00:00:00:00:00:00:255:255:10:01:03:01
 local address: LID 0000 QPN 0x0653 PSN 0xd337d0 RKey 0x00c407 VAddr 0x007ffae77e2000
 GID: 00:00:00:00:00:00:00:00:00:00:255:255:10:01:03:01
 local address: LID 0000 QPN 0x0654 PSN 0xa2cdb1 RKey 0x00c407 VAddr 0x007ffae77f2000
 GID: 00:00:00:00:00:00:00:00:00:00:255:255:10:01:03:01
 local address: LID 0000 QPN 0x0655 PSN 0x99ab1c RKey 0x00c407 VAddr 0x007ffae7802000
 GID: 00:00:00:00:00:00:00:00:00:00:255:255:10:01:03:01
 local address: LID 0000 QPN 0x0656 PSN 0x5df50f RKey 0x00c407 VAddr 0x007ffae7812000
 GID: 00:00:00:00:00:00:00:00:00:00:255:255:10:01:03:01
 local address: LID 0000 QPN 0x0657 PSN 0x1ad975 RKey 0x00c407 VAddr 0x007ffae7822000
 GID: 00:00:00:00:00:00:00:00:00:00:255:255:10:01:03:01
 local address: LID 0000 QPN 0x0658 PSN 0x72bd16 RKey 0x00c407 VAddr 0x007ffae7832000
 GID: 00:00:00:00:00:00:00:00:00:00:255:255:10:01:03:01
 local address: LID 0000 QPN 0x0659 PSN 0x7e2ade RKey 0x00c407 VAddr 0x007ffae7842000
 GID: 00:00:00:00:00:00:00:00:00:00:255:255:10:01:03:01
 local address: LID 0000 QPN 0x065a PSN 0x9682a0 RKey 0x00c407 VAddr 0x007ffae7852000
 GID: 00:00:00:00:00:00:00:00:00:00:255:255:10:01:03:01
 local address: LID 0000 QPN 0x065b PSN 0x3e30c3 RKey 0x00c407 VAddr 0x007ffae7862000
 GID: 00:00:00:00:00:00:00:00:00:00:255:255:10:01:03:01
 local address: LID 0000 QPN 0x065c PSN 0xab2bf5 RKey 0x00c407 VAddr 0x007ffae7872000
 GID: 00:00:00:00:00:00:00:00:00:00:255:255:10:01:03:01
 local address: LID 0000 QPN 0x065d PSN 0xa356d RKey 0x00c407 VAddr 0x007ffae7882000
 GID: 00:00:00:00:00:00:00:00:00:00:255:255:10:01:03:01
 local address: LID 0000 QPN 0x065e PSN 0xf916e6 RKey 0x00c407 VAddr 0x007ffae7892000
 GID: 00:00:00:00:00:00:00:00:00:00:255:255:10:01:03:01
 local address: LID 0000 QPN 0x065f PSN 0x42c77d RKey 0x00c407 VAddr 0x007ffae78a2000
 GID: 00:00:00:00:00:00:00:00:00:00:255:255:10:01:03:01
 local address: LID 0000 QPN 0x0660 PSN 0x44c61f RKey 0x00c407 VAddr 0x007ffae78b2000
 GID: 00:00:00:00:00:00:00:00:00:00:255:255:10:01:03:01
 local address: LID 0000 QPN 0x0661 PSN 0xfa698 RKey 0x00c407 VAddr 0x007ffae78c2000
 GID: 00:00:00:00:00:00:00:00:00:00:255:255:10:01:03:01
 local address: LID 0000 QPN 0x0662 PSN 0xee1cd1 RKey 0x00c407 VAddr 0x007ffae78d2000
 GID: 00:00:00:00:00:00:00:00:00:00:255:255:10:01:03:01
 local address: LID 0000 QPN 0x0663 PSN 0xda9b9f RKey 0x00c407 VAddr 0x007ffae78e2000
 GID: 00:00:00:00:00:00:00:00:00:00:255:255:10:01:03:01
 local address: LID 0000 QPN 0x0664 PSN 0x7a8679 RKey 0x00c407 VAddr 0x007ffae78f2000
 GID: 00:00:00:00:00:00:00:00:00:00:255:255:10:01:03:01
 local address: LID 0000 QPN 0x0665 PSN 0x9240dd RKey 0x00c407 VAddr 0x007ffae7902000
 GID: 00:00:00:00:00:00:00:00:00:00:255:255:10:01:03:01
 local address: LID 0000 QPN 0x0666 PSN 0xa32833 RKey 0x00c407 VAddr 0x007ffae7912000
 GID: 00:00:00:00:00:00:00:00:00:00:255:255:10:01:03:01
 local address: LID 0000 QPN 0x0667 PSN 0xfe15cf RKey 0x00c407 VAddr 0x007ffae7922000
 GID: 00:00:00:00:00:00:00:00:00:00:255:255:10:01:03:01
 local address: LID 0000 QPN 0x0668 PSN 0xda1185 RKey 0x00c407 VAddr 0x007ffae7932000
 GID: 00:00:00:00:00:00:00:00:00:00:255:255:10:01:03:01
 local address: LID 0000 QPN 0x0669 PSN 0x4e3628 RKey 0x00c407 VAddr 0x007ffae7942000
 GID: 00:00:00:00:00:00:00:00:00:00:255:255:10:01:03:01
 local address: LID 0000 QPN 0x066a PSN 0x97c5f RKey 0x00c407 VAddr 0x007ffae7952000
 GID: 00:00:00:00:00:00:00:00:00:00:255:255:10:01:03:01
 local address: LID 0000 QPN 0x066b PSN 0x31b4f2 RKey 0x00c407 VAddr 0x007ffae7962000
 GID: 00:00:00:00:00:00:00:00:00:00:255:255:10:01:03:01
 local address: LID 0000 QPN 0x066c PSN 0xaaee89 RKey 0x00c407 VAddr 0x007ffae7972000
 GID: 00:00:00:00:00:00:00:00:00:00:255:255:10:01:03:01
 local address: LID 0000 QPN 0x066d PSN 0xbf3aba RKey 0x00c407 VAddr 0x007ffae7982000
 GID: 00:00:00:00:00:00:00:00:00:00:255:255:10:01:03:01
 local address: LID 0000 QPN 0x066e PSN 0x28225d RKey 0x00c407 VAddr 0x007ffae7992000
 GID: 00:00:00:00:00:00:00:00:00:00:255:255:10:01:03:01
 local address: LID 0000 QPN 0x066f PSN 0xe9a0db RKey 0x00c407 VAddr 0x007ffae79a2000
 GID: 00:00:00:00:00:00:00:00:00:00:255:255:10:01:03:01
 local address: LID 0000 QPN 0x0670 PSN 0x37e95e RKey 0x00c407 VAddr 0x007ffae79b2000
 GID: 00:00:00:00:00:00:00:00:00:00:255:255:10:01:03:01
 local address: LID 0000 QPN 0x0671 PSN 0x72a425 RKey 0x00c407 VAddr 0x007ffae79c2000
 GID: 00:00:00:00:00:00:00:00:00:00:255:255:10:01:03:01
 local address: LID 0000 QPN 0x0672 PSN 0xc6e8c6 RKey 0x00c407 VAddr 0x007ffae79d2000
 GID: 00:00:00:00:00:00:00:00:00:00:255:255:10:01:03:01
 local address: LID 0000 QPN 0x0673 PSN 0x2e761f RKey 0x00c407 VAddr 0x007ffae79e2000
 GID: 00:00:00:00:00:00:00:00:00:00:255:255:10:01:03:01
 remote address: LID 0000 QPN 0x026f PSN 0xa74dae RKey 0x00c407 VAddr 0x007f46b8d75000
 GID: 00:00:00:00:00:00:00:00:00:00:255:255:10:01:03:02
 remote address: LID 0000 QPN 0x0270 PSN 0x35d100 RKey 0x00c407 VAddr 0x007f46b8d85000
 GID: 00:00:00:00:00:00:00:00:00:00:255:255:10:01:03:02
 remote address: LID 0000 QPN 0x0271 PSN 0x217e4a RKey 0x00c407 VAddr 0x007f46b8d95000
 GID: 00:00:00:00:00:00:00:00:00:00:255:255:10:01:03:02
 remote address: LID 0000 QPN 0x0272 PSN 0x17e0d1 RKey 0x00c407 VAddr 0x007f46b8da5000
 GID: 00:00:00:00:00:00:00:00:00:00:255:255:10:01:03:02
 remote address: LID 0000 QPN 0x0273 PSN 0x443510 RKey 0x00c407 VAddr 0x007f46b8db5000
 GID: 00:00:00:00:00:00:00:00:00:00:255:255:10:01:03:02
 remote address: LID 0000 QPN 0x0274 PSN 0xf4d32 RKey 0x00c407 VAddr 0x007f46b8dc5000
 GID: 00:00:00:00:00:00:00:00:00:00:255:255:10:01:03:02
 remote address: LID 0000 QPN 0x0275 PSN 0xe08ba9 RKey 0x00c407 VAddr 0x007f46b8dd5000
 GID: 00:00:00:00:00:00:00:00:00:00:255:255:10:01:03:02
 remote address: LID 0000 QPN 0x0276 PSN 0xa688ee RKey 0x00c407 VAddr 0x007f46b8de5000
 GID: 00:00:00:00:00:00:00:00:00:00:255:255:10:01:03:02
 remote address: LID 0000 QPN 0x0277 PSN 0x24fafa RKey 0x00c407 VAddr 0x007f46b8df5000
 GID: 00:00:00:00:00:00:00:00:00:00:255:255:10:01:03:02
 remote address: LID 0000 QPN 0x0278 PSN 0x79f5f4 RKey 0x00c407 VAddr 0x007f46b8e05000
 GID: 00:00:00:00:00:00:00:00:00:00:255:255:10:01:03:02
 remote address: LID 0000 QPN 0x0279 PSN 0xe82688 RKey 0x00c407 VAddr 0x007f46b8e15000
 GID: 00:00:00:00:00:00:00:00:00:00:255:255:10:01:03:02
 remote address: LID 0000 QPN 0x027a PSN 0x11587b RKey 0x00c407 VAddr 0x007f46b8e25000
 GID: 00:00:00:00:00:00:00:00:00:00:255:255:10:01:03:02
 remote address: LID 0000 QPN 0x027b PSN 0x4e1c4b RKey 0x00c407 VAddr 0x007f46b8e35000
 GID: 00:00:00:00:00:00:00:00:00:00:255:255:10:01:03:02
 remote address: LID 0000 QPN 0x027c PSN 0x1d579c RKey 0x00c407 VAddr 0x007f46b8e45000
 GID: 00:00:00:00:00:00:00:00:00:00:255:255:10:01:03:02
 remote address: LID 0000 QPN 0x027d PSN 0x83fa2a RKey 0x00c407 VAddr 0x007f46b8e55000
 GID: 00:00:00:00:00:00:00:00:00:00:255:255:10:01:03:02
 remote address: LID 0000 QPN 0x027e PSN 0xf50fa6 RKey 0x00c407 VAddr 0x007f46b8e65000
 GID: 00:00:00:00:00:00:00:00:00:00:255:255:10:01:03:02
 remote address: LID 0000 QPN 0x027f PSN 0x9348c3 RKey 0x00c407 VAddr 0x007f46b8e75000
 GID: 00:00:00:00:00:00:00:00:00:00:255:255:10:01:03:02
 remote address: LID 0000 QPN 0x0280 PSN 0x3cc4c1 RKey 0x00c407 VAddr 0x007f46b8e85000
 GID: 00:00:00:00:00:00:00:00:00:00:255:255:10:01:03:02
 remote address: LID 0000 QPN 0x0281 PSN 0x746b08 RKey 0x00c407 VAddr 0x007f46b8e95000
 GID: 00:00:00:00:00:00:00:00:00:00:255:255:10:01:03:02
 remote address: LID 0000 QPN 0x0282 PSN 0x5d2b55 RKey 0x00c407 VAddr 0x007f46b8ea5000
 GID: 00:00:00:00:00:00:00:00:00:00:255:255:10:01:03:02
 remote address: LID 0000 QPN 0x0283 PSN 0xc02a92 RKey 0x00c407 VAddr 0x007f46b8eb5000
 GID: 00:00:00:00:00:00:00:00:00:00:255:255:10:01:03:02
 remote address: LID 0000 QPN 0x0284 PSN 0x9247f9 RKey 0x00c407 VAddr 0x007f46b8ec5000
 GID: 00:00:00:00:00:00:00:00:00:00:255:255:10:01:03:02
 remote address: LID 0000 QPN 0x0285 PSN 0x33d269 RKey 0x00c407 VAddr 0x007f46b8ed5000
 GID: 00:00:00:00:00:00:00:00:00:00:255:255:10:01:03:02
 remote address: LID 0000 QPN 0x0286 PSN 0xc2a1bd RKey 0x00c407 VAddr 0x007f46b8ee5000
 GID: 00:00:00:00:00:00:00:00:00:00:255:255:10:01:03:02
 remote address: LID 0000 QPN 0x0287 PSN 0x11dc7a RKey 0x00c407 VAddr 0x007f46b8ef5000
 GID: 00:00:00:00:00:00:00:00:00:00:255:255:10:01:03:02
 remote address: LID 0000 QPN 0x0288 PSN 0xe7afbd RKey 0x00c407 VAddr 0x007f46b8f05000
 GID: 00:00:00:00:00:00:00:00:00:00:255:255:10:01:03:02
 remote address: LID 0000 QPN 0x0289 PSN 0x25999a RKey 0x00c407 VAddr 0x007f46b8f15000
 GID: 00:00:00:00:00:00:00:00:00:00:255:255:10:01:03:02
 remote address: LID 0000 QPN 0x028a PSN 0x89614 RKey 0x00c407 VAddr 0x007f46b8f25000
 GID: 00:00:00:00:00:00:00:00:00:00:255:255:10:01:03:02
 remote address: LID 0000 QPN 0x028b PSN 0x5958a3 RKey 0x00c407 VAddr 0x007f46b8f35000
 GID: 00:00:00:00:00:00:00:00:00:00:255:255:10:01:03:02
 remote address: LID 0000 QPN 0x028c PSN 0x813669 RKey 0x00c407 VAddr 0x007f46b8f45000
 GID: 00:00:00:00:00:00:00:00:00:00:255:255:10:01:03:02
 remote address: LID 0000 QPN 0x028d PSN 0xc98ecb RKey 0x00c407 VAddr 0x007f46b8f55000
 GID: 00:00:00:00:00:00:00:00:00:00:255:255:10:01:03:02
 remote address: LID 0000 QPN 0x028e PSN 0x8b555e RKey 0x00c407 VAddr 0x007f46b8f65000
 GID: 00:00:00:00:00:00:00:00:00:00:255:255:10:01:03:02
 remote address: LID 0000 QPN 0x028f PSN 0x19c9fb RKey 0x00c407 VAddr 0x007f46b8f75000
 GID: 00:00:00:00:00:00:00:00:00:00:255:255:10:01:03:02
 remote address: LID 0000 QPN 0x0290 PSN 0xe36860 RKey 0x00c407 VAddr 0x007f46b8f85000
 GID: 00:00:00:00:00:00:00:00:00:00:255:255:10:01:03:02
 remote address: LID 0000 QPN 0x0291 PSN 0x196d86 RKey 0x00c407 VAddr 0x007f46b8f95000
 GID: 00:00:00:00:00:00:00:00:00:00:255:255:10:01:03:02
 remote address: LID 0000 QPN 0x0292 PSN 0x90e64 RKey 0x00c407 VAddr 0x007f46b8fa5000
 GID: 00:00:00:00:00:00:00:00:00:00:255:255:10:01:03:02
 remote address: LID 0000 QPN 0x0293 PSN 0xfa4a47 RKey 0x00c407 VAddr 0x007f46b8fb5000
 GID: 00:00:00:00:00:00:00:00:00:00:255:255:10:01:03:02
 remote address: LID 0000 QPN 0x0294 PSN 0x360a4d RKey 0x00c407 VAddr 0x007f46b8fc5000
 GID: 00:00:00:00:00:00:00:00:00:00:255:255:10:01:03:02
 remote address: LID 0000 QPN 0x0295 PSN 0x5c34cc RKey 0x00c407 VAddr 0x007f46b8fd5000
 GID: 00:00:00:00:00:00:00:00:00:00:255:255:10:01:03:02
 remote address: LID 0000 QPN 0x0296 PSN 0xf0d6c4 RKey 0x00c407 VAddr 0x007f46b8fe5000
 GID: 00:00:00:00:00:00:00:00:00:00:255:255:10:01:03:02
 remote address: LID 0000 QPN 0x0297 PSN 0x9136cb RKey 0x00c407 VAddr 0x007f46b8ff5000
 GID: 00:00:00:00:00:00:00:00:00:00:255:255:10:01:03:02
 remote address: LID 0000 QPN 0x0298 PSN 0x9fe184 RKey 0x00c407 VAddr 0x007f46b9005000
 GID: 00:00:00:00:00:00:00:00:00:00:255:255:10:01:03:02
 remote address: LID 0000 QPN 0x0299 PSN 0x9a84ce RKey 0x00c407 VAddr 0x007f46b9015000
 GID: 00:00:00:00:00:00:00:00:00:00:255:255:10:01:03:02
 remote address: LID 0000 QPN 0x029a PSN 0x9baf21 RKey 0x00c407 VAddr 0x007f46b9025000
 GID: 00:00:00:00:00:00:00:00:00:00:255:255:10:01:03:02
 remote address: LID 0000 QPN 0x029b PSN 0x87e592 RKey 0x00c407 VAddr 0x007f46b9035000
 GID: 00:00:00:00:00:00:00:00:00:00:255:255:10:01:03:02
 remote address: LID 0000 QPN 0x029c PSN 0x936086 RKey 0x00c407 VAddr 0x007f46b9045000
 GID: 00:00:00:00:00:00:00:00:00:00:255:255:10:01:03:02
 remote address: LID 0000 QPN 0x029d PSN 0x18de45 RKey 0x00c407 VAddr 0x007f46b9055000
 GID: 00:00:00:00:00:00:00:00:00:00:255:255:10:01:03:02
 remote address: LID 0000 QPN 0x029e PSN 0x3c587a RKey 0x00c407 VAddr 0x007f46b9065000
 GID: 00:00:00:00:00:00:00:00:00:00:255:255:10:01:03:02
 remote address: LID 0000 QPN 0x029f PSN 0xf8255b RKey 0x00c407 VAddr 0x007f46b9075000
 GID: 00:00:00:00:00:00:00:00:00:00:255:255:10:01:03:02
 remote address: LID 0000 QPN 0x02a0 PSN 0x4259a3 RKey 0x00c407 VAddr 0x007f46b9085000
 GID: 00:00:00:00:00:00:00:00:00:00:255:255:10:01:03:02
 remote address: LID 0000 QPN 0x02a1 PSN 0x703d6e RKey 0x00c407 VAddr 0x007f46b9095000
 GID: 00:00:00:00:00:00:00:00:00:00:255:255:10:01:03:02
 remote address: LID 0000 QPN 0x02a2 PSN 0xdec99 RKey 0x00c407 VAddr 0x007f46b90a5000
 GID: 00:00:00:00:00:00:00:00:00:00:255:255:10:01:03:02
 remote address: LID 0000 QPN 0x02a3 PSN 0x519220 RKey 0x00c407 VAddr 0x007f46b90b5000
 GID: 00:00:00:00:00:00:00:00:00:00:255:255:10:01:03:02
 remote address: LID 0000 QPN 0x02a4 PSN 0x6ef9ba RKey 0x00c407 VAddr 0x007f46b90c5000
 GID: 00:00:00:00:00:00:00:00:00:00:255:255:10:01:03:02
 remote address: LID 0000 QPN 0x02a5 PSN 0xab2aa6 RKey 0x00c407 VAddr 0x007f46b90d5000
 GID: 00:00:00:00:00:00:00:00:00:00:255:255:10:01:03:02
 remote address: LID 0000 QPN 0x02a6 PSN 0x964ba2 RKey 0x00c407 VAddr 0x007f46b90e5000
 GID: 00:00:00:00:00:00:00:00:00:00:255:255:10:01:03:02
 remote address: LID 0000 QPN 0x02a7 PSN 0xab6844 RKey 0x00c407 VAddr 0x007f46b90f5000
 GID: 00:00:00:00:00:00:00:00:00:00:255:255:10:01:03:02
 remote address: LID 0000 QPN 0x02a8 PSN 0xb26d1c RKey 0x00c407 VAddr 0x007f46b9105000
 GID: 00:00:00:00:00:00:00:00:00:00:255:255:10:01:03:02
 remote address: LID 0000 QPN 0x02a9 PSN 0xd4fa9d RKey 0x00c407 VAddr 0x007f46b9115000
 GID: 00:00:00:00:00:00:00:00:00:00:255:255:10:01:03:02
 remote address: LID 0000 QPN 0x02aa PSN 0xd090cb RKey 0x00c407 VAddr 0x007f46b9125000
 GID: 00:00:00:00:00:00:00:00:00:00:255:255:10:01:03:02
 remote address: LID 0000 QPN 0x02ab PSN 0xc82058 RKey 0x00c407 VAddr 0x007f46b9135000
 GID: 00:00:00:00:00:00:00:00:00:00:255:255:10:01:03:02
 remote address: LID 0000 QPN 0x02ac PSN 0x35b08f RKey 0x00c407 VAddr 0x007f46b9145000
 GID: 00:00:00:00:00:00:00:00:00:00:255:255:10:01:03:02
 remote address: LID 0000 QPN 0x02ad PSN 0x4a983a RKey 0x00c407 VAddr 0x007f46b9155000
 GID: 00:00:00:00:00:00:00:00:00:00:255:255:10:01:03:02
 remote address: LID 0000 QPN 0x02ae PSN 0xe4e02a RKey 0x00c407 VAddr 0x007f46b9165000
 GID: 00:00:00:00:00:00:00:00:00:00:255:255:10:01:03:02
 remote address: LID 0000 QPN 0x02af PSN 0xdabd8a RKey 0x00c407 VAddr 0x007f46b9175000
 GID: 00:00:00:00:00:00:00:00:00:00:255:255:10:01:03:02
 remote address: LID 0000 QPN 0x02b0 PSN 0xdf306e RKey 0x00c407 VAddr 0x007f46b9185000
 GID: 00:00:00:00:00:00:00:00:00:00:255:255:10:01:03:02
 remote address: LID 0000 QPN 0x02b1 PSN 0x77d20b RKey 0x00c407 VAddr 0x007f46b9195000
 GID: 00:00:00:00:00:00:00:00:00:00:255:255:10:01:03:02
 remote address: LID 0000 QPN 0x02b2 PSN 0xd5ffa9 RKey 0x00c407 VAddr 0x007f46b91a5000
 GID: 00:00:00:00:00:00:00:00:00:00:255:255:10:01:03:02
 remote address: LID 0000 QPN 0x02b3 PSN 0xf258aa RKey 0x00c407 VAddr 0x007f46b91b5000
 GID: 00:00:00:00:00:00:00:00:00:00:255:255:10:01:03:02
 remote address: LID 0000 QPN 0x02b4 PSN 0x3ff7ee RKey 0x00c407 VAddr 0x007f46b91c5000
 GID: 00:00:00:00:00:00:00:00:00:00:255:255:10:01:03:02
 remote address: LID 0000 QPN 0x02b5 PSN 0x21c567 RKey 0x00c407 VAddr 0x007f46b91d5000
 GID: 00:00:00:00:00:00:00:00:00:00:255:255:10:01:03:02
 remote address: LID 0000 QPN 0x02b6 PSN 0x624d17 RKey 0x00c407 VAddr 0x007f46b91e5000
 GID: 00:00:00:00:00:00:00:00:00:00:255:255:10:01:03:02
 remote address: LID 0000 QPN 0x02b7 PSN 0x6f11da RKey 0x00c407 VAddr 0x007f46b91f5000
 GID: 00:00:00:00:00:00:00:00:00:00:255:255:10:01:03:02
 remote address: LID 0000 QPN 0x02b8 PSN 0x35527b RKey 0x00c407 VAddr 0x007f46b9205000
 GID: 00:00:00:00:00:00:00:00:00:00:255:255:10:01:03:02
 remote address: LID 0000 QPN 0x02b9 PSN 0x8ea123 RKey 0x00c407 VAddr 0x007f46b9215000
 GID: 00:00:00:00:00:00:00:00:00:00:255:255:10:01:03:02
 remote address: LID 0000 QPN 0x02ba PSN 0x5cc359 RKey 0x00c407 VAddr 0x007f46b9225000
 GID: 00:00:00:00:00:00:00:00:00:00:255:255:10:01:03:02
 remote address: LID 0000 QPN 0x02bb PSN 0xac32d2 RKey 0x00c407 VAddr 0x007f46b9235000
 GID: 00:00:00:00:00:00:00:00:00:00:255:255:10:01:03:02
 remote address: LID 0000 QPN 0x02bc PSN 0x5fe141 RKey 0x00c407 VAddr 0x007f46b9245000
 GID: 00:00:00:00:00:00:00:00:00:00:255:255:10:01:03:02
 remote address: LID 0000 QPN 0x02bd PSN 0x6499ed RKey 0x00c407 VAddr 0x007f46b9255000
 GID: 00:00:00:00:00:00:00:00:00:00:255:255:10:01:03:02
 remote address: LID 0000 QPN 0x02be PSN 0x1be0be RKey 0x00c407 VAddr 0x007f46b9265000
 GID: 00:00:00:00:00:00:00:00:00:00:255:255:10:01:03:02
 remote address: LID 0000 QPN 0x02bf PSN 0xbdebcd RKey 0x00c407 VAddr 0x007f46b9275000
 GID: 00:00:00:00:00:00:00:00:00:00:255:255:10:01:03:02
 remote address: LID 0000 QPN 0x02c0 PSN 0x5f46c6 RKey 0x00c407 VAddr 0x007f46b9285000
 GID: 00:00:00:00:00:00:00:00:00:00:255:255:10:01:03:02
 remote address: LID 0000 QPN 0x02c1 PSN 0x9d8a48 RKey 0x00c407 VAddr 0x007f46b9295000
 GID: 00:00:00:00:00:00:00:00:00:00:255:255:10:01:03:02
 remote address: LID 0000 QPN 0x02c2 PSN 0x676070 RKey 0x00c407 VAddr 0x007f46b92a5000
 GID: 00:00:00:00:00:00:00:00:00:00:255:255:10:01:03:02
 remote address: LID 0000 QPN 0x02c3 PSN 0x5db514 RKey 0x00c407 VAddr 0x007f46b92b5000
 GID: 00:00:00:00:00:00:00:00:00:00:255:255:10:01:03:02
 remote address: LID 0000 QPN 0x02c4 PSN 0x51aab4 RKey 0x00c407 VAddr 0x007f46b92c5000
 GID: 00:00:00:00:00:00:00:00:00:00:255:255:10:01:03:02
 remote address: LID 0000 QPN 0x02c5 PSN 0xa5824 RKey 0x00c407 VAddr 0x007f46b92d5000
 GID: 00:00:00:00:00:00:00:00:00:00:255:255:10:01:03:02
 remote address: LID 0000 QPN 0x02c6 PSN 0xaad905 RKey 0x00c407 VAddr 0x007f46b92e5000
 GID: 00:00:00:00:00:00:00:00:00:00:255:255:10:01:03:02
 remote address: LID 0000 QPN 0x02c7 PSN 0x86ff25 RKey 0x00c407 VAddr 0x007f46b92f5000
 GID: 00:00:00:00:00:00:00:00:00:00:255:255:10:01:03:02
 remote address: LID 0000 QPN 0x02c8 PSN 0x8877b5 RKey 0x00c407 VAddr 0x007f46b9305000
 GID: 00:00:00:00:00:00:00:00:00:00:255:255:10:01:03:02
 remote address: LID 0000 QPN 0x02c9 PSN 0x38da19 RKey 0x00c407 VAddr 0x007f46b9315000
 GID: 00:00:00:00:00:00:00:00:00:00:255:255:10:01:03:02
 remote address: LID 0000 QPN 0x02ca PSN 0x427235 RKey 0x00c407 VAddr 0x007f46b9325000
 GID: 00:00:00:00:00:00:00:00:00:00:255:255:10:01:03:02
 remote address: LID 0000 QPN 0x02cb PSN 0x767b80 RKey 0x00c407 VAddr 0x007f46b9335000
 GID: 00:00:00:00:00:00:00:00:00:00:255:255:10:01:03:02
 remote address: LID 0000 QPN 0x02cc PSN 0xd7d577 RKey 0x00c407 VAddr 0x007f46b9345000
 GID: 00:00:00:00:00:00:00:00:00:00:255:255:10:01:03:02
 remote address: LID 0000 QPN 0x02cd PSN 0xc09640 RKey 0x00c407 VAddr 0x007f46b9355000
 GID: 00:00:00:00:00:00:00:00:00:00:255:255:10:01:03:02
 remote address: LID 0000 QPN 0x02ce PSN 0x9803a7 RKey 0x00c407 VAddr 0x007f46b9365000
 GID: 00:00:00:00:00:00:00:00:00:00:255:255:10:01:03:02
 remote address: LID 0000 QPN 0x02cf PSN 0x58e80d RKey 0x00c407 VAddr 0x007f46b9375000
 GID: 00:00:00:00:00:00:00:00:00:00:255:255:10:01:03:02
 remote address: LID 0000 QPN 0x02d0 PSN 0x7c80cf RKey 0x00c407 VAddr 0x007f46b9385000
 GID: 00:00:00:00:00:00:00:00:00:00:255:255:10:01:03:02
 remote address: LID 0000 QPN 0x02d1 PSN 0xa654ae RKey 0x00c407 VAddr 0x007f46b9395000
 GID: 00:00:00:00:00:00:00:00:00:00:255:255:10:01:03:02
 remote address: LID 0000 QPN 0x02d2 PSN 0x9a0ee4 RKey 0x00c407 VAddr 0x007f46b93a5000
 GID: 00:00:00:00:00:00:00:00:00:00:255:255:10:01:03:02
 remote address: LID 0000 QPN 0x02d3 PSN 0x9ae72d RKey 0x00c407 VAddr 0x007f46b93b5000
 GID: 00:00:00:00:00:00:00:00:00:00:255:255:10:01:03:02
 remote address: LID 0000 QPN 0x02d4 PSN 0x6bc3f9 RKey 0x00c407 VAddr 0x007f46b93c5000
 GID: 00:00:00:00:00:00:00:00:00:00:255:255:10:01:03:02
 remote address: LID 0000 QPN 0x02d5 PSN 0x4c1f8e RKey 0x00c407 VAddr 0x007f46b93d5000
 GID: 00:00:00:00:00:00:00:00:00:00:255:255:10:01:03:02
 remote address: LID 0000 QPN 0x02d6 PSN 0xfb266d RKey 0x00c407 VAddr 0x007f46b93e5000
 GID: 00:00:00:00:00:00:00:00:00:00:255:255:10:01:03:02
 remote address: LID 0000 QPN 0x02d7 PSN 0x1a0e5b RKey 0x00c407 VAddr 0x007f46b93f5000
 GID: 00:00:00:00:00:00:00:00:00:00:255:255:10:01:03:02
 remote address: LID 0000 QPN 0x02d8 PSN 0x1b70fd RKey 0x00c407 VAddr 0x007f46b9405000
 GID: 00:00:00:00:00:00:00:00:00:00:255:255:10:01:03:02
 remote address: LID 0000 QPN 0x02d9 PSN 0xe2eada RKey 0x00c407 VAddr 0x007f46b9415000
 GID: 00:00:00:00:00:00:00:00:00:00:255:255:10:01:03:02
 remote address: LID 0000 QPN 0x02da PSN 0xbf73e7 RKey 0x00c407 VAddr 0x007f46b9425000
 GID: 00:00:00:00:00:00:00:00:00:00:255:255:10:01:03:02
 remote address: LID 0000 QPN 0x02db PSN 0xff57f RKey 0x00c407 VAddr 0x007f46b9435000
 GID: 00:00:00:00:00:00:00:00:00:00:255:255:10:01:03:02
 remote address: LID 0000 QPN 0x02dc PSN 0x8be02e RKey 0x00c407 VAddr 0x007f46b9445000
 GID: 00:00:00:00:00:00:00:00:00:00:255:255:10:01:03:02
 remote address: LID 0000 QPN 0x02dd PSN 0x2cbdb6 RKey 0x00c407 VAddr 0x007f46b9455000
 GID: 00:00:00:00:00:00:00:00:00:00:255:255:10:01:03:02
 remote address: LID 0000 QPN 0x02de PSN 0x72f74 RKey 0x00c407 VAddr 0x007f46b9465000
 GID: 00:00:00:00:00:00:00:00:00:00:255:255:10:01:03:02
 remote address: LID 0000 QPN 0x02df PSN 0x12b0cf RKey 0x00c407 VAddr 0x007f46b9475000
 GID: 00:00:00:00:00:00:00:00:00:00:255:255:10:01:03:02
 remote address: LID 0000 QPN 0x02e0 PSN 0xbc14cd RKey 0x00c407 VAddr 0x007f46b9485000
 GID: 00:00:00:00:00:00:00:00:00:00:255:255:10:01:03:02
 remote address: LID 0000 QPN 0x02e1 PSN 0x31d769 RKey 0x00c407 VAddr 0x007f46b9495000
 GID: 00:00:00:00:00:00:00:00:00:00:255:255:10:01:03:02
 remote address: LID 0000 QPN 0x02e2 PSN 0xdffa1e RKey 0x00c407 VAddr 0x007f46b94a5000
 GID: 00:00:00:00:00:00:00:00:00:00:255:255:10:01:03:02
 remote address: LID 0000 QPN 0x02e3 PSN 0x92bf62 RKey 0x00c407 VAddr 0x007f46b94b5000
 GID: 00:00:00:00:00:00:00:00:00:00:255:255:10:01:03:02
 remote address: LID 0000 QPN 0x02e4 PSN 0xd049ca RKey 0x00c407 VAddr 0x007f46b94c5000
 GID: 00:00:00:00:00:00:00:00:00:00:255:255:10:01:03:02
 remote address: LID 0000 QPN 0x02e5 PSN 0xf8e9f8 RKey 0x00c407 VAddr 0x007f46b94d5000
 GID: 00:00:00:00:00:00:00:00:00:00:255:255:10:01:03:02
 remote address: LID 0000 QPN 0x02e6 PSN 0x542d6d RKey 0x00c407 VAddr 0x007f46b94e5000
 GID: 00:00:00:00:00:00:00:00:00:00:255:255:10:01:03:02
 remote address: LID 0000 QPN 0x02e7 PSN 0x751853 RKey 0x00c407 VAddr 0x007f46b94f5000
 GID: 00:00:00:00:00:00:00:00:00:00:255:255:10:01:03:02
 remote address: LID 0000 QPN 0x02e8 PSN 0x3548aa RKey 0x00c407 VAddr 0x007f46b9505000
 GID: 00:00:00:00:00:00:00:00:00:00:255:255:10:01:03:02
 remote address: LID 0000 QPN 0x02e9 PSN 0xfa2461 RKey 0x00c407 VAddr 0x007f46b9515000
 GID: 00:00:00:00:00:00:00:00:00:00:255:255:10:01:03:02
 remote address: LID 0000 QPN 0x02ea PSN 0xe5218 RKey 0x00c407 VAddr 0x007f46b9525000
 GID: 00:00:00:00:00:00:00:00:00:00:255:255:10:01:03:02
 remote address: LID 0000 QPN 0x02eb PSN 0x68a08e RKey 0x00c407 VAddr 0x007f46b9535000
 GID: 00:00:00:00:00:00:00:00:00:00:255:255:10:01:03:02
 remote address: LID 0000 QPN 0x02ec PSN 0xf0c84 RKey 0x00c407 VAddr 0x007f46b9545000
 GID: 00:00:00:00:00:00:00:00:00:00:255:255:10:01:03:02
 remote address: LID 0000 QPN 0x02ed PSN 0x866671 RKey 0x00c407 VAddr 0x007f46b9555000
 GID: 00:00:00:00:00:00:00:00:00:00:255:255:10:01:03:02
 remote address: LID 0000 QPN 0x02ee PSN 0xd80fd8 RKey 0x00c407 VAddr 0x007f46b9565000
 GID: 00:00:00:00:00:00:00:00:00:00:255:255:10:01:03:02
 remote address: LID 0000 QPN 0x02ef PSN 0xf33a RKey 0x00c407 VAddr 0x007f46b9575000
 GID: 00:00:00:00:00:00:00:00:00:00:255:255:10:01:03:02
 remote address: LID 0000 QPN 0x02f0 PSN 0x675325 RKey 0x00c407 VAddr 0x007f46b9585000
 GID: 00:00:00:00:00:00:00:00:00:00:255:255:10:01:03:02
 remote address: LID 0000 QPN 0x02f1 PSN 0x579842 RKey 0x00c407 VAddr 0x007f46b9595000
 GID: 00:00:00:00:00:00:00:00:00:00:255:255:10:01:03:02
 remote address: LID 0000 QPN 0x02f2 PSN 0x1f0857 RKey 0x00c407 VAddr 0x007f46b95a5000
 GID: 00:00:00:00:00:00:00:00:00:00:255:255:10:01:03:02
 remote address: LID 0000 QPN 0x02f3 PSN 0x1506c3 RKey 0x00c407 VAddr 0x007f46b95b5000
 GID: 00:00:00:00:00:00:00:00:00:00:255:255:10:01:03:02
 remote address: LID 0000 QPN 0x02f4 PSN 0xf8de53 RKey 0x00c407 VAddr 0x007f46b95c5000
 GID: 00:00:00:00:00:00:00:00:00:00:255:255:10:01:03:02
 remote address: LID 0000 QPN 0x02f5 PSN 0x94bf55 RKey 0x00c407 VAddr 0x007f46b95d5000
 GID: 00:00:00:00:00:00:00:00:00:00:255:255:10:01:03:02
 remote address: LID 0000 QPN 0x02f6 PSN 0x9f2f48 RKey 0x00c407 VAddr 0x007f46b95e5000
 GID: 00:00:00:00:00:00:00:00:00:00:255:255:10:01:03:02
 remote address: LID 0000 QPN 0x02f7 PSN 0xfed882 RKey 0x00c407 VAddr 0x007f46b95f5000
 GID: 00:00:00:00:00:00:00:00:00:00:255:255:10:01:03:02
 remote address: LID 0000 QPN 0x02f8 PSN 0x3e472f RKey 0x00c407 VAddr 0x007f46b9605000
 GID: 00:00:00:00:00:00:00:00:00:00:255:255:10:01:03:02
 remote address: LID 0000 QPN 0x02f9 PSN 0x640b48 RKey 0x00c407 VAddr 0x007f46b9615000
 GID: 00:00:00:00:00:00:00:00:00:00:255:255:10:01:03:02
 remote address: LID 0000 QPN 0x02fa PSN 0x795190 RKey 0x00c407 VAddr 0x007f46b9625000
 GID: 00:00:00:00:00:00:00:00:00:00:255:255:10:01:03:02
 remote address: LID 0000 QPN 0x02fb PSN 0xc1e90c RKey 0x00c407 VAddr 0x007f46b9635000
 GID: 00:00:00:00:00:00:00:00:00:00:255:255:10:01:03:02
 remote address: LID 0000 QPN 0x02fc PSN 0xb765b3 RKey 0x00c407 VAddr 0x007f46b9645000
 GID: 00:00:00:00:00:00:00:00:00:00:255:255:10:01:03:02
 remote address: LID 0000 QPN 0x02fd PSN 0x4eb434 RKey 0x00c407 VAddr 0x007f46b9655000
 GID: 00:00:00:00:00:00:00:00:00:00:255:255:10:01:03:02
 remote address: LID 0000 QPN 0x02fe PSN 0x759da1 RKey 0x00c407 VAddr 0x007f46b9665000
 GID: 00:00:00:00:00:00:00:00:00:00:255:255:10:01:03:02
 remote address: LID 0000 QPN 0x02ff PSN 0x70f314 RKey 0x00c407 VAddr 0x007f46b9675000
 GID: 00:00:00:00:00:00:00:00:00:00:255:255:10:01:03:02
 remote address: LID 0000 QPN 0x0300 PSN 0x466e5b RKey 0x00c407 VAddr 0x007f46b9685000
 GID: 00:00:00:00:00:00:00:00:00:00:255:255:10:01:03:02
 remote address: LID 0000 QPN 0x0301 PSN 0xde24a5 RKey 0x00c407 VAddr 0x007f46b9695000
 GID: 00:00:00:00:00:00:00:00:00:00:255:255:10:01:03:02
 remote address: LID 0000 QPN 0x0302 PSN 0x1d1ee8 RKey 0x00c407 VAddr 0x007f46b96a5000
 GID: 00:00:00:00:00:00:00:00:00:00:255:255:10:01:03:02
 remote address: LID 0000 QPN 0x0303 PSN 0x7e6fe RKey 0x00c407 VAddr 0x007f46b96b5000
 GID: 00:00:00:00:00:00:00:00:00:00:255:255:10:01:03:02
 remote address: LID 0000 QPN 0x0304 PSN 0x3607e1 RKey 0x00c407 VAddr 0x007f46b96c5000
 GID: 00:00:00:00:00:00:00:00:00:00:255:255:10:01:03:02
 remote address: LID 0000 QPN 0x0305 PSN 0x978937 RKey 0x00c407 VAddr 0x007f46b96d5000
 GID: 00:00:00:00:00:00:00:00:00:00:255:255:10:01:03:02
 remote address: LID 0000 QPN 0x0306 PSN 0xd23e5c RKey 0x00c407 VAddr 0x007f46b96e5000
 GID: 00:00:00:00:00:00:00:00:00:00:255:255:10:01:03:02
 remote address: LID 0000 QPN 0x0307 PSN 0xf5d501 RKey 0x00c407 VAddr 0x007f46b96f5000
 GID: 00:00:00:00:00:00:00:00:00:00:255:255:10:01:03:02
 remote address: LID 0000 QPN 0x0308 PSN 0xbbb20 RKey 0x00c407 VAddr 0x007f46b9705000
 GID: 00:00:00:00:00:00:00:00:00:00:255:255:10:01:03:02
 remote address: LID 0000 QPN 0x0309 PSN 0x727fc9 RKey 0x00c407 VAddr 0x007f46b9715000
 GID: 00:00:00:00:00:00:00:00:00:00:255:255:10:01:03:02
 remote address: LID 0000 QPN 0x030a PSN 0x3f7a37 RKey 0x00c407 VAddr 0x007f46b9725000
 GID: 00:00:00:00:00:00:00:00:00:00:255:255:10:01:03:02
 remote address: LID 0000 QPN 0x030b PSN 0x630ff7 RKey 0x00c407 VAddr 0x007f46b9735000
 GID: 00:00:00:00:00:00:00:00:00:00:255:255:10:01:03:02
 remote address: LID 0000 QPN 0x030c PSN 0xde3f1a RKey 0x00c407 VAddr 0x007f46b9745000
 GID: 00:00:00:00:00:00:00:00:00:00:255:255:10:01:03:02
 remote address: LID 0000 QPN 0x030d PSN 0xb94061 RKey 0x00c407 VAddr 0x007f46b9755000
 GID: 00:00:00:00:00:00:00:00:00:00:255:255:10:01:03:02
 remote address: LID 0000 QPN 0x030e PSN 0x74a6c2 RKey 0x00c407 VAddr 0x007f46b9765000
 GID: 00:00:00:00:00:00:00:00:00:00:255:255:10:01:03:02
 remote address: LID 0000 QPN 0x030f PSN 0x7a72c4 RKey 0x00c407 VAddr 0x007f46b9775000
 GID: 00:00:00:00:00:00:00:00:00:00:255:255:10:01:03:02
 remote address: LID 0000 QPN 0x0310 PSN 0x9d4315 RKey 0x00c407 VAddr 0x007f46b9785000
 GID: 00:00:00:00:00:00:00:00:00:00:255:255:10:01:03:02
 remote address: LID 0000 QPN 0x0311 PSN 0x8c399c RKey 0x00c407 VAddr 0x007f46b9795000
 GID: 00:00:00:00:00:00:00:00:00:00:255:255:10:01:03:02
 remote address: LID 0000 QPN 0x0312 PSN 0xfe2a48 RKey 0x00c407 VAddr 0x007f46b97a5000
 GID: 00:00:00:00:00:00:00:00:00:00:255:255:10:01:03:02
 remote address: LID 0000 QPN 0x0313 PSN 0x415261 RKey 0x00c407 VAddr 0x007f46b97b5000
 GID: 00:00:00:00:00:00:00:00:00:00:255:255:10:01:03:02
 remote address: LID 0000 QPN 0x0314 PSN 0xb078e0 RKey 0x00c407 VAddr 0x007f46b97c5000
 GID: 00:00:00:00:00:00:00:00:00:00:255:255:10:01:03:02
 remote address: LID 0000 QPN 0x0315 PSN 0xa8bad0 RKey 0x00c407 VAddr 0x007f46b97d5000
 GID: 00:00:00:00:00:00:00:00:00:00:255:255:10:01:03:02
 remote address: LID 0000 QPN 0x0316 PSN 0x46c62c RKey 0x00c407 VAddr 0x007f46b97e5000
 GID: 00:00:00:00:00:00:00:00:00:00:255:255:10:01:03:02
 remote address: LID 0000 QPN 0x0317 PSN 0x784684 RKey 0x00c407 VAddr 0x007f46b97f5000
 GID: 00:00:00:00:00:00:00:00:00:00:255:255:10:01:03:02
 remote address: LID 0000 QPN 0x0318 PSN 0xadc133 RKey 0x00c407 VAddr 0x007f46b9805000
 GID: 00:00:00:00:00:00:00:00:00:00:255:255:10:01:03:02
 remote address: LID 0000 QPN 0x0319 PSN 0x31e5c0 RKey 0x00c407 VAddr 0x007f46b9815000
 GID: 00:00:00:00:00:00:00:00:00:00:255:255:10:01:03:02
 remote address: LID 0000 QPN 0x031a PSN 0xcb9f17 RKey 0x00c407 VAddr 0x007f46b9825000
 GID: 00:00:00:00:00:00:00:00:00:00:255:255:10:01:03:02
 remote address: LID 0000 QPN 0x031b PSN 0x3792ee RKey 0x00c407 VAddr 0x007f46b9835000
 GID: 00:00:00:00:00:00:00:00:00:00:255:255:10:01:03:02
 remote address: LID 0000 QPN 0x031c PSN 0xc27c34 RKey 0x00c407 VAddr 0x007f46b9845000
 GID: 00:00:00:00:00:00:00:00:00:00:255:255:10:01:03:02
 remote address: LID 0000 QPN 0x031d PSN 0xb4c1fa RKey 0x00c407 VAddr 0x007f46b9855000
 GID: 00:00:00:00:00:00:00:00:00:00:255:255:10:01:03:02
 remote address: LID 0000 QPN 0x031e PSN 0x335649 RKey 0x00c407 VAddr 0x007f46b9865000
 GID: 00:00:00:00:00:00:00:00:00:00:255:255:10:01:03:02
 remote address: LID 0000 QPN 0x031f PSN 0x1c9b50 RKey 0x00c407 VAddr 0x007f46b9875000
 GID: 00:00:00:00:00:00:00:00:00:00:255:255:10:01:03:02
 remote address: LID 0000 QPN 0x0320 PSN 0xea2016 RKey 0x00c407 VAddr 0x007f46b9885000
 GID: 00:00:00:00:00:00:00:00:00:00:255:255:10:01:03:02
 remote address: LID 0000 QPN 0x0321 PSN 0x13ebd1 RKey 0x00c407 VAddr 0x007f46b9895000
 GID: 00:00:00:00:00:00:00:00:00:00:255:255:10:01:03:02
 remote address: LID 0000 QPN 0x0322 PSN 0x542611 RKey 0x00c407 VAddr 0x007f46b98a5000
 GID: 00:00:00:00:00:00:00:00:00:00:255:255:10:01:03:02
 remote address: LID 0000 QPN 0x0323 PSN 0x8a6bdb RKey 0x00c407 VAddr 0x007f46b98b5000
 GID: 00:00:00:00:00:00:00:00:00:00:255:255:10:01:03:02
 remote address: LID 0000 QPN 0x0324 PSN 0x4c57dc RKey 0x00c407 VAddr 0x007f46b98c5000
 GID: 00:00:00:00:00:00:00:00:00:00:255:255:10:01:03:02
 remote address: LID 0000 QPN 0x0325 PSN 0x14f8f3 RKey 0x00c407 VAddr 0x007f46b98d5000
 GID: 00:00:00:00:00:00:00:00:00:00:255:255:10:01:03:02
 remote address: LID 0000 QPN 0x0326 PSN 0xc21358 RKey 0x00c407 VAddr 0x007f46b98e5000
 GID: 00:00:00:00:00:00:00:00:00:00:255:255:10:01:03:02
 remote address: LID 0000 QPN 0x0327 PSN 0x560063 RKey 0x00c407 VAddr 0x007f46b98f5000
 GID: 00:00:00:00:00:00:00:00:00:00:255:255:10:01:03:02
 remote address: LID 0000 QPN 0x0328 PSN 0x3f0c3c RKey 0x00c407 VAddr 0x007f46b9905000
 GID: 00:00:00:00:00:00:00:00:00:00:255:255:10:01:03:02
 remote address: LID 0000 QPN 0x0329 PSN 0x914ca6 RKey 0x00c407 VAddr 0x007f46b9915000
 GID: 00:00:00:00:00:00:00:00:00:00:255:255:10:01:03:02
 remote address: LID 0000 QPN 0x032a PSN 0xbd6657 RKey 0x00c407 VAddr 0x007f46b9925000
 GID: 00:00:00:00:00:00:00:00:00:00:255:255:10:01:03:02
 remote address: LID 0000 QPN 0x032b PSN 0xd7942e RKey 0x00c407 VAddr 0x007f46b9935000
 GID: 00:00:00:00:00:00:00:00:00:00:255:255:10:01:03:02
 remote address: LID 0000 QPN 0x032c PSN 0x8cd89e RKey 0x00c407 VAddr 0x007f46b9945000
 GID: 00:00:00:00:00:00:00:00:00:00:255:255:10:01:03:02
 remote address: LID 0000 QPN 0x032d PSN 0x6db5a3 RKey 0x00c407 VAddr 0x007f46b9955000
 GID: 00:00:00:00:00:00:00:00:00:00:255:255:10:01:03:02
 remote address: LID 0000 QPN 0x032e PSN 0x6abc69 RKey 0x00c407 VAddr 0x007f46b9965000
 GID: 00:00:00:00:00:00:00:00:00:00:255:255:10:01:03:02
 remote address: LID 0000 QPN 0x032f PSN 0x64e45f RKey 0x00c407 VAddr 0x007f46b9975000
 GID: 00:00:00:00:00:00:00:00:00:00:255:255:10:01:03:02
 remote address: LID 0000 QPN 0x0330 PSN 0xe68e43 RKey 0x00c407 VAddr 0x007f46b9985000
 GID: 00:00:00:00:00:00:00:00:00:00:255:255:10:01:03:02
 remote address: LID 0000 QPN 0x0331 PSN 0x17cf8f RKey 0x00c407 VAddr 0x007f46b9995000
 GID: 00:00:00:00:00:00:00:00:00:00:255:255:10:01:03:02
 remote address: LID 0000 QPN 0x0332 PSN 0x4124fa RKey 0x00c407 VAddr 0x007f46b99a5000
 GID: 00:00:00:00:00:00:00:00:00:00:255:255:10:01:03:02
 remote address: LID 0000 QPN 0x0333 PSN 0x4ceefa RKey 0x00c407 VAddr 0x007f46b99b5000
 GID: 00:00:00:00:00:00:00:00:00:00:255:255:10:01:03:02
 remote address: LID 0000 QPN 0x0334 PSN 0xee8783 RKey 0x00c407 VAddr 0x007f46b99c5000
 GID: 00:00:00:00:00:00:00:00:00:00:255:255:10:01:03:02
 remote address: LID 0000 QPN 0x0335 PSN 0xfdc212 RKey 0x00c407 VAddr 0x007f46b99d5000
 GID: 00:00:00:00:00:00:00:00:00:00:255:255:10:01:03:02
 remote address: LID 0000 QPN 0x0336 PSN 0xafdb9f RKey 0x00c407 VAddr 0x007f46b99e5000
 GID: 00:00:00:00:00:00:00:00:00:00:255:255:10:01:03:02
 remote address: LID 0000 QPN 0x0337 PSN 0x2c5893 RKey 0x00c407 VAddr 0x007f46b99f5000
 GID: 00:00:00:00:00:00:00:00:00:00:255:255:10:01:03:02
 remote address: LID 0000 QPN 0x0338 PSN 0x36ad2f RKey 0x00c407 VAddr 0x007f46b9a05000
 GID: 00:00:00:00:00:00:00:00:00:00:255:255:10:01:03:02
 remote address: LID 0000 QPN 0x0339 PSN 0xe49796 RKey 0x00c407 VAddr 0x007f46b9a15000
 GID: 00:00:00:00:00:00:00:00:00:00:255:255:10:01:03:02
 remote address: LID 0000 QPN 0x033a PSN 0x445140 RKey 0x00c407 VAddr 0x007f46b9a25000
 GID: 00:00:00:00:00:00:00:00:00:00:255:255:10:01:03:02
 remote address: LID 0000 QPN 0x033b PSN 0x7a4298 RKey 0x00c407 VAddr 0x007f46b9a35000
 GID: 00:00:00:00:00:00:00:00:00:00:255:255:10:01:03:02
 remote address: LID 0000 QPN 0x033c PSN 0xf63015 RKey 0x00c407 VAddr 0x007f46b9a45000
 GID: 00:00:00:00:00:00:00:00:00:00:255:255:10:01:03:02
 remote address: LID 0000 QPN 0x033d PSN 0xcb059e RKey 0x00c407 VAddr 0x007f46b9a55000
 GID: 00:00:00:00:00:00:00:00:00:00:255:255:10:01:03:02
 remote address: LID 0000 QPN 0x033e PSN 0x325670 RKey 0x00c407 VAddr 0x007f46b9a65000
 GID: 00:00:00:00:00:00:00:00:00:00:255:255:10:01:03:02
 remote address: LID 0000 QPN 0x033f PSN 0x1ffc37 RKey 0x00c407 VAddr 0x007f46b9a75000
 GID: 00:00:00:00:00:00:00:00:00:00:255:255:10:01:03:02
 remote address: LID 0000 QPN 0x0340 PSN 0x4a18a1 RKey 0x00c407 VAddr 0x007f46b9a85000
 GID: 00:00:00:00:00:00:00:00:00:00:255:255:10:01:03:02
 remote address: LID 0000 QPN 0x0341 PSN 0xca20c0 RKey 0x00c407 VAddr 0x007f46b9a95000
 GID: 00:00:00:00:00:00:00:00:00:00:255:255:10:01:03:02
 remote address: LID 0000 QPN 0x0342 PSN 0x2b58dd RKey 0x00c407 VAddr 0x007f46b9aa5000
 GID: 00:00:00:00:00:00:00:00:00:00:255:255:10:01:03:02
 remote address: LID 0000 QPN 0x0343 PSN 0x6a97ed RKey 0x00c407 VAddr 0x007f46b9ab5000
 GID: 00:00:00:00:00:00:00:00:00:00:255:255:10:01:03:02
 remote address: LID 0000 QPN 0x0344 PSN 0xa3eea0 RKey 0x00c407 VAddr 0x007f46b9ac5000
 GID: 00:00:00:00:00:00:00:00:00:00:255:255:10:01:03:02
 remote address: LID 0000 QPN 0x0345 PSN 0xc31641 RKey 0x00c407 VAddr 0x007f46b9ad5000
 GID: 00:00:00:00:00:00:00:00:00:00:255:255:10:01:03:02
 remote address: LID 0000 QPN 0x0346 PSN 0xec5e3 RKey 0x00c407 VAddr 0x007f46b9ae5000
 GID: 00:00:00:00:00:00:00:00:00:00:255:255:10:01:03:02
 remote address: LID 0000 QPN 0x0347 PSN 0x4c0fad RKey 0x00c407 VAddr 0x007f46b9af5000
 GID: 00:00:00:00:00:00:00:00:00:00:255:255:10:01:03:02
 remote address: LID 0000 QPN 0x0348 PSN 0xbbdb20 RKey 0x00c407 VAddr 0x007f46b9b05000
 GID: 00:00:00:00:00:00:00:00:00:00:255:255:10:01:03:02
 remote address: LID 0000 QPN 0x0349 PSN 0x40a54b RKey 0x00c407 VAddr 0x007f46b9b15000
 GID: 00:00:00:00:00:00:00:00:00:00:255:255:10:01:03:02
 remote address: LID 0000 QPN 0x034a PSN 0x4cc43b RKey 0x00c407 VAddr 0x007f46b9b25000
 GID: 00:00:00:00:00:00:00:00:00:00:255:255:10:01:03:02
 remote address: LID 0000 QPN 0x034b PSN 0x5241a9 RKey 0x00c407 VAddr 0x007f46b9b35000
 GID: 00:00:00:00:00:00:00:00:00:00:255:255:10:01:03:02
 remote address: LID 0000 QPN 0x034c PSN 0xfc674 RKey 0x00c407 VAddr 0x007f46b9b45000
 GID: 00:00:00:00:00:00:00:00:00:00:255:255:10:01:03:02
 remote address: LID 0000 QPN 0x034d PSN 0x64b1cd RKey 0x00c407 VAddr 0x007f46b9b55000
 GID: 00:00:00:00:00:00:00:00:00:00:255:255:10:01:03:02
 remote address: LID 0000 QPN 0x034e PSN 0xf596d0 RKey 0x00c407 VAddr 0x007f46b9b65000
 GID: 00:00:00:00:00:00:00:00:00:00:255:255:10:01:03:02
 remote address: LID 0000 QPN 0x034f PSN 0x94afbf RKey 0x00c407 VAddr 0x007f46b9b75000
 GID: 00:00:00:00:00:00:00:00:00:00:255:255:10:01:03:02
 remote address: LID 0000 QPN 0x0350 PSN 0xcf1454 RKey 0x00c407 VAddr 0x007f46b9b85000
 GID: 00:00:00:00:00:00:00:00:00:00:255:255:10:01:03:02
 remote address: LID 0000 QPN 0x0351 PSN 0xa5eaef RKey 0x00c407 VAddr 0x007f46b9b95000
 GID: 00:00:00:00:00:00:00:00:00:00:255:255:10:01:03:02
 remote address: LID 0000 QPN 0x0352 PSN 0x831ab2 RKey 0x00c407 VAddr 0x007f46b9ba5000
 GID: 00:00:00:00:00:00:00:00:00:00:255:255:10:01:03:02
 remote address: LID 0000 QPN 0x0353 PSN 0xbe8b83 RKey 0x00c407 VAddr 0x007f46b9bb5000
 GID: 00:00:00:00:00:00:00:00:00:00:255:255:10:01:03:02
 remote address: LID 0000 QPN 0x0354 PSN 0x2ac020 RKey 0x00c407 VAddr 0x007f46b9bc5000
 GID: 00:00:00:00:00:00:00:00:00:00:255:255:10:01:03:02
 remote address: LID 0000 QPN 0x0355 PSN 0x271f31 RKey 0x00c407 VAddr 0x007f46b9bd5000
 GID: 00:00:00:00:00:00:00:00:00:00:255:255:10:01:03:02
 remote address: LID 0000 QPN 0x0356 PSN 0x8ef223 RKey 0x00c407 VAddr 0x007f46b9be5000
 GID: 00:00:00:00:00:00:00:00:00:00:255:255:10:01:03:02
 remote address: LID 0000 QPN 0x0357 PSN 0xe938e5 RKey 0x00c407 VAddr 0x007f46b9bf5000
 GID: 00:00:00:00:00:00:00:00:00:00:255:255:10:01:03:02
 remote address: LID 0000 QPN 0x0358 PSN 0x7bbb45 RKey 0x00c407 VAddr 0x007f46b9c05000
 GID: 00:00:00:00:00:00:00:00:00:00:255:255:10:01:03:02
 remote address: LID 0000 QPN 0x0359 PSN 0x31781f RKey 0x00c407 VAddr 0x007f46b9c15000
 GID: 00:00:00:00:00:00:00:00:00:00:255:255:10:01:03:02
 remote address: LID 0000 QPN 0x035a PSN 0xff0ecf RKey 0x00c407 VAddr 0x007f46b9c25000
 GID: 00:00:00:00:00:00:00:00:00:00:255:255:10:01:03:02
 remote address: LID 0000 QPN 0x035b PSN 0xd4117f RKey 0x00c407 VAddr 0x007f46b9c35000
 GID: 00:00:00:00:00:00:00:00:00:00:255:255:10:01:03:02
 remote address: LID 0000 QPN 0x035c PSN 0xad8fb8 RKey 0x00c407 VAddr 0x007f46b9c45000
 GID: 00:00:00:00:00:00:00:00:00:00:255:255:10:01:03:02
 remote address: LID 0000 QPN 0x035d PSN 0x7477b3 RKey 0x00c407 VAddr 0x007f46b9c55000
 GID: 00:00:00:00:00:00:00:00:00:00:255:255:10:01:03:02
 remote address: LID 0000 QPN 0x035e PSN 0xdb6d19 RKey 0x00c407 VAddr 0x007f46b9c65000
 GID: 00:00:00:00:00:00:00:00:00:00:255:255:10:01:03:02
 remote address: LID 0000 QPN 0x035f PSN 0xc8d27e RKey 0x00c407 VAddr 0x007f46b9c75000
 GID: 00:00:00:00:00:00:00:00:00:00:255:255:10:01:03:02
 remote address: LID 0000 QPN 0x0360 PSN 0xf968a0 RKey 0x00c407 VAddr 0x007f46b9c85000
 GID: 00:00:00:00:00:00:00:00:00:00:255:255:10:01:03:02
 remote address: LID 0000 QPN 0x0361 PSN 0xc23147 RKey 0x00c407 VAddr 0x007f46b9c95000
 GID: 00:00:00:00:00:00:00:00:00:00:255:255:10:01:03:02
 remote address: LID 0000 QPN 0x0362 PSN 0x1af291 RKey 0x00c407 VAddr 0x007f46b9ca5000
 GID: 00:00:00:00:00:00:00:00:00:00:255:255:10:01:03:02
 remote address: LID 0000 QPN 0x0363 PSN 0xc8bf2a RKey 0x00c407 VAddr 0x007f46b9cb5000
 GID: 00:00:00:00:00:00:00:00:00:00:255:255:10:01:03:02
 remote address: LID 0000 QPN 0x0364 PSN 0x5dc310 RKey 0x00c407 VAddr 0x007f46b9cc5000
 GID: 00:00:00:00:00:00:00:00:00:00:255:255:10:01:03:02
 remote address: LID 0000 QPN 0x0365 PSN 0xabd835 RKey 0x00c407 VAddr 0x007f46b9cd5000
 GID: 00:00:00:00:00:00:00:00:00:00:255:255:10:01:03:02
 remote address: LID 0000 QPN 0x0366 PSN 0x628181 RKey 0x00c407 VAddr 0x007f46b9ce5000
 GID: 00:00:00:00:00:00:00:00:00:00:255:255:10:01:03:02
 remote address: LID 0000 QPN 0x0367 PSN 0x152213 RKey 0x00c407 VAddr 0x007f46b9cf5000
 GID: 00:00:00:00:00:00:00:00:00:00:255:255:10:01:03:02
 remote address: LID 0000 QPN 0x0368 PSN 0x8128f2 RKey 0x00c407 VAddr 0x007f46b9d05000
 GID: 00:00:00:00:00:00:00:00:00:00:255:255:10:01:03:02
 remote address: LID 0000 QPN 0x0369 PSN 0x4a5e0d RKey 0x00c407 VAddr 0x007f46b9d15000
 GID: 00:00:00:00:00:00:00:00:00:00:255:255:10:01:03:02
 remote address: LID 0000 QPN 0x036a PSN 0x1073a7 RKey 0x00c407 VAddr 0x007f46b9d25000
 GID: 00:00:00:00:00:00:00:00:00:00:255:255:10:01:03:02
 remote address: LID 0000 QPN 0x036b PSN 0x6676da RKey 0x00c407 VAddr 0x007f46b9d35000
 GID: 00:00:00:00:00:00:00:00:00:00:255:255:10:01:03:02
 remote address: LID 0000 QPN 0x036c PSN 0xf277ff RKey 0x00c407 VAddr 0x007f46b9d45000
 GID: 00:00:00:00:00:00:00:00:00:00:255:255:10:01:03:02
 remote address: LID 0000 QPN 0x036d PSN 0x407a72 RKey 0x00c407 VAddr 0x007f46b9d55000
 GID: 00:00:00:00:00:00:00:00:00:00:255:255:10:01:03:02
 remote address: LID 0000 QPN 0x036e PSN 0x1fcdfc RKey 0x00c407 VAddr 0x007f46b9d65000
 GID: 00:00:00:00:00:00:00:00:00:00:255:255:10:01:03:02
 remote address: LID 0000 QPN 0x036f PSN 0xd02699 RKey 0x00c407 VAddr 0x007f46b9d75000
 GID: 00:00:00:00:00:00:00:00:00:00:255:255:10:01:03:02
 remote address: LID 0000 QPN 0x0370 PSN 0x1f56ea RKey 0x00c407 VAddr 0x007f46b9d85000
 GID: 00:00:00:00:00:00:00:00:00:00:255:255:10:01:03:02
 remote address: LID 0000 QPN 0x0371 PSN 0x3f1691 RKey 0x00c407 VAddr 0x007f46b9d95000
 GID: 00:00:00:00:00:00:00:00:00:00:255:255:10:01:03:02
 remote address: LID 0000 QPN 0x0372 PSN 0x919fb3 RKey 0x00c407 VAddr 0x007f46b9da5000
 GID: 00:00:00:00:00:00:00:00:00:00:255:255:10:01:03:02
 remote address: LID 0000 QPN 0x0373 PSN 0x360f0 RKey 0x00c407 VAddr 0x007f46b9db5000
 GID: 00:00:00:00:00:00:00:00:00:00:255:255:10:01:03:02
 remote address: LID 0000 QPN 0x0374 PSN 0x19a9d RKey 0x00c407 VAddr 0x007f46b9dc5000
 GID: 00:00:00:00:00:00:00:00:00:00:255:255:10:01:03:02
 remote address: LID 0000 QPN 0x0375 PSN 0xaab63f RKey 0x00c407 VAddr 0x007f46b9dd5000
 GID: 00:00:00:00:00:00:00:00:00:00:255:255:10:01:03:02
 remote address: LID 0000 QPN 0x0376 PSN 0x401e3d RKey 0x00c407 VAddr 0x007f46b9de5000
 GID: 00:00:00:00:00:00:00:00:00:00:255:255:10:01:03:02
 remote address: LID 0000 QPN 0x0377 PSN 0x23bad RKey 0x00c407 VAddr 0x007f46b9df5000
 GID: 00:00:00:00:00:00:00:00:00:00:255:255:10:01:03:02
 remote address: LID 0000 QPN 0x0378 PSN 0x8e7d9a RKey 0x00c407 VAddr 0x007f46b9e05000
 GID: 00:00:00:00:00:00:00:00:00:00:255:255:10:01:03:02
 remote address: LID 0000 QPN 0x0379 PSN 0x1018ae RKey 0x00c407 VAddr 0x007f46b9e15000
 GID: 00:00:00:00:00:00:00:00:00:00:255:255:10:01:03:02
 remote address: LID 0000 QPN 0x037a PSN 0x663089 RKey 0x00c407 VAddr 0x007f46b9e25000
 GID: 00:00:00:00:00:00:00:00:00:00:255:255:10:01:03:02
 remote address: LID 0000 QPN 0x037b PSN 0xfce317 RKey 0x00c407 VAddr 0x007f46b9e35000
 GID: 00:00:00:00:00:00:00:00:00:00:255:255:10:01:03:02
 remote address: LID 0000 QPN 0x037c PSN 0x7eab84 RKey 0x00c407 VAddr 0x007f46b9e45000
 GID: 00:00:00:00:00:00:00:00:00:00:255:255:10:01:03:02
 remote address: LID 0000 QPN 0x037d PSN 0x7feacc RKey 0x00c407 VAddr 0x007f46b9e55000
 GID: 00:00:00:00:00:00:00:00:00:00:255:255:10:01:03:02
 remote address: LID 0000 QPN 0x037e PSN 0xdf3b4a RKey 0x00c407 VAddr 0x007f46b9e65000
 GID: 00:00:00:00:00:00:00:00:00:00:255:255:10:01:03:02
 remote address: LID 0000 QPN 0x037f PSN 0xa544d7 RKey 0x00c407 VAddr 0x007f46b9e75000
 GID: 00:00:00:00:00:00:00:00:00:00:255:255:10:01:03:02
 remote address: LID 0000 QPN 0x0380 PSN 0x3442b7 RKey 0x00c407 VAddr 0x007f46b9e85000
 GID: 00:00:00:00:00:00:00:00:00:00:255:255:10:01:03:02
 remote address: LID 0000 QPN 0x0381 PSN 0x4d0539 RKey 0x00c407 VAddr 0x007f46b9e95000
 GID: 00:00:00:00:00:00:00:00:00:00:255:255:10:01:03:02
 remote address: LID 0000 QPN 0x0382 PSN 0x4e2070 RKey 0x00c407 VAddr 0x007f46b9ea5000
 GID: 00:00:00:00:00:00:00:00:00:00:255:255:10:01:03:02
 remote address: LID 0000 QPN 0x0383 PSN 0x623f84 RKey 0x00c407 VAddr 0x007f46b9eb5000
 GID: 00:00:00:00:00:00:00:00:00:00:255:255:10:01:03:02
 remote address: LID 0000 QPN 0x0384 PSN 0x740e11 RKey 0x00c407 VAddr 0x007f46b9ec5000
 GID: 00:00:00:00:00:00:00:00:00:00:255:255:10:01:03:02
 remote address: LID 0000 QPN 0x0385 PSN 0xa64fe2 RKey 0x00c407 VAddr 0x007f46b9ed5000
 GID: 00:00:00:00:00:00:00:00:00:00:255:255:10:01:03:02
 remote address: LID 0000 QPN 0x0386 PSN 0x1783b8 RKey 0x00c407 VAddr 0x007f46b9ee5000
 GID: 00:00:00:00:00:00:00:00:00:00:255:255:10:01:03:02
 remote address: LID 0000 QPN 0x0387 PSN 0x1200c9 RKey 0x00c407 VAddr 0x007f46b9ef5000
 GID: 00:00:00:00:00:00:00:00:00:00:255:255:10:01:03:02
 remote address: LID 0000 QPN 0x0388 PSN 0x7958d4 RKey 0x00c407 VAddr 0x007f46b9f05000
 GID: 00:00:00:00:00:00:00:00:00:00:255:255:10:01:03:02
 remote address: LID 0000 QPN 0x0389 PSN 0xbd053f RKey 0x00c407 VAddr 0x007f46b9f15000
 GID: 00:00:00:00:00:00:00:00:00:00:255:255:10:01:03:02
 remote address: LID 0000 QPN 0x038a PSN 0x8a865f RKey 0x00c407 VAddr 0x007f46b9f25000
 GID: 00:00:00:00:00:00:00:00:00:00:255:255:10:01:03:02
 remote address: LID 0000 QPN 0x038b PSN 0x1bdc35 RKey 0x00c407 VAddr 0x007f46b9f35000
 GID: 00:00:00:00:00:00:00:00:00:00:255:255:10:01:03:02
 remote address: LID 0000 QPN 0x038c PSN 0xbfdea4 RKey 0x00c407 VAddr 0x007f46b9f45000
 GID: 00:00:00:00:00:00:00:00:00:00:255:255:10:01:03:02
 remote address: LID 0000 QPN 0x038d PSN 0x39af25 RKey 0x00c407 VAddr 0x007f46b9f55000
 GID: 00:00:00:00:00:00:00:00:00:00:255:255:10:01:03:02
 remote address: LID 0000 QPN 0x038e PSN 0xd44bf2 RKey 0x00c407 VAddr 0x007f46b9f65000
 GID: 00:00:00:00:00:00:00:00:00:00:255:255:10:01:03:02
 remote address: LID 0000 QPN 0x038f PSN 0xc849f RKey 0x00c407 VAddr 0x007f46b9f75000
 GID: 00:00:00:00:00:00:00:00:00:00:255:255:10:01:03:02
 remote address: LID 0000 QPN 0x0390 PSN 0xd579aa RKey 0x00c407 VAddr 0x007f46b9f85000
 GID: 00:00:00:00:00:00:00:00:00:00:255:255:10:01:03:02
 remote address: LID 0000 QPN 0x0391 PSN 0x4dd748 RKey 0x00c407 VAddr 0x007f46b9f95000
 GID: 00:00:00:00:00:00:00:00:00:00:255:255:10:01:03:02
 remote address: LID 0000 QPN 0x0392 PSN 0x8dba41 RKey 0x00c407 VAddr 0x007f46b9fa5000
 GID: 00:00:00:00:00:00:00:00:00:00:255:255:10:01:03:02
 remote address: LID 0000 QPN 0x0393 PSN 0x7c3234 RKey 0x00c407 VAddr 0x007f46b9fb5000
 GID: 00:00:00:00:00:00:00:00:00:00:255:255:10:01:03:02
 remote address: LID 0000 QPN 0x0394 PSN 0xbd50db RKey 0x00c407 VAddr 0x007f46b9fc5000
 GID: 00:00:00:00:00:00:00:00:00:00:255:255:10:01:03:02
 remote address: LID 0000 QPN 0x0395 PSN 0x560551 RKey 0x00c407 VAddr 0x007f46b9fd5000
 GID: 00:00:00:00:00:00:00:00:00:00:255:255:10:01:03:02
 remote address: LID 0000 QPN 0x0396 PSN 0xf80671 RKey 0x00c407 VAddr 0x007f46b9fe5000
 GID: 00:00:00:00:00:00:00:00:00:00:255:255:10:01:03:02
 remote address: LID 0000 QPN 0x0397 PSN 0x2cdf1f RKey 0x00c407 VAddr 0x007f46b9ff5000
 GID: 00:00:00:00:00:00:00:00:00:00:255:255:10:01:03:02
 remote address: LID 0000 QPN 0x0398 PSN 0x86853 RKey 0x00c407 VAddr 0x007f46ba005000
 GID: 00:00:00:00:00:00:00:00:00:00:255:255:10:01:03:02
 remote address: LID 0000 QPN 0x0399 PSN 0x5f4498 RKey 0x00c407 VAddr 0x007f46ba015000
 GID: 00:00:00:00:00:00:00:00:00:00:255:255:10:01:03:02
 remote address: LID 0000 QPN 0x039a PSN 0x73c131 RKey 0x00c407 VAddr 0x007f46ba025000
 GID: 00:00:00:00:00:00:00:00:00:00:255:255:10:01:03:02
 remote address: LID 0000 QPN 0x039b PSN 0xc764d3 RKey 0x00c407 VAddr 0x007f46ba035000
 GID: 00:00:00:00:00:00:00:00:00:00:255:255:10:01:03:02
 remote address: LID 0000 QPN 0x039c PSN 0xe395db RKey 0x00c407 VAddr 0x007f46ba045000
 GID: 00:00:00:00:00:00:00:00:00:00:255:255:10:01:03:02
 remote address: LID 0000 QPN 0x039d PSN 0x9d0b7f RKey 0x00c407 VAddr 0x007f46ba055000
 GID: 00:00:00:00:00:00:00:00:00:00:255:255:10:01:03:02
 remote address: LID 0000 QPN 0x039e PSN 0x873405 RKey 0x00c407 VAddr 0x007f46ba065000
 GID: 00:00:00:00:00:00:00:00:00:00:255:255:10:01:03:02
 remote address: LID 0000 QPN 0x039f PSN 0xe3f8 RKey 0x00c407 VAddr 0x007f46ba075000
 GID: 00:00:00:00:00:00:00:00:00:00:255:255:10:01:03:02
 remote address: LID 0000 QPN 0x03a0 PSN 0x18fb8a RKey 0x00c407 VAddr 0x007f46ba085000
 GID: 00:00:00:00:00:00:00:00:00:00:255:255:10:01:03:02
 remote address: LID 0000 QPN 0x03a1 PSN 0x8ffe6a RKey 0x00c407 VAddr 0x007f46ba095000
 GID: 00:00:00:00:00:00:00:00:00:00:255:255:10:01:03:02
 remote address: LID 0000 QPN 0x03a2 PSN 0x401be RKey 0x00c407 VAddr 0x007f46ba0a5000
 GID: 00:00:00:00:00:00:00:00:00:00:255:255:10:01:03:02
 remote address: LID 0000 QPN 0x03a3 PSN 0xde80f0 RKey 0x00c407 VAddr 0x007f46ba0b5000
 GID: 00:00:00:00:00:00:00:00:00:00:255:255:10:01:03:02
 remote address: LID 0000 QPN 0x03a4 PSN 0x834a87 RKey 0x00c407 VAddr 0x007f46ba0c5000
 GID: 00:00:00:00:00:00:00:00:00:00:255:255:10:01:03:02
 remote address: LID 0000 QPN 0x03a5 PSN 0xeba85e RKey 0x00c407 VAddr 0x007f46ba0d5000
 GID: 00:00:00:00:00:00:00:00:00:00:255:255:10:01:03:02
 remote address: LID 0000 QPN 0x03a6 PSN 0xa91c0a RKey 0x00c407 VAddr 0x007f46ba0e5000
 GID: 00:00:00:00:00:00:00:00:00:00:255:255:10:01:03:02
 remote address: LID 0000 QPN 0x03a7 PSN 0xe41f04 RKey 0x00c407 VAddr 0x007f46ba0f5000
 GID: 00:00:00:00:00:00:00:00:00:00:255:255:10:01:03:02
 remote address: LID 0000 QPN 0x03a8 PSN 0xd32fec RKey 0x00c407 VAddr 0x007f46ba105000
 GID: 00:00:00:00:00:00:00:00:00:00:255:255:10:01:03:02
 remote address: LID 0000 QPN 0x03a9 PSN 0xd0e335 RKey 0x00c407 VAddr 0x007f46ba115000
 GID: 00:00:00:00:00:00:00:00:00:00:255:255:10:01:03:02
 remote address: LID 0000 QPN 0x03aa PSN 0x1d4027 RKey 0x00c407 VAddr 0x007f46ba125000
 GID: 00:00:00:00:00:00:00:00:00:00:255:255:10:01:03:02
 remote address: LID 0000 QPN 0x03ab PSN 0xdb6430 RKey 0x00c407 VAddr 0x007f46ba135000
 GID: 00:00:00:00:00:00:00:00:00:00:255:255:10:01:03:02
 remote address: LID 0000 QPN 0x03ac PSN 0xeb6dc6 RKey 0x00c407 VAddr 0x007f46ba145000
 GID: 00:00:00:00:00:00:00:00:00:00:255:255:10:01:03:02
 remote address: LID 0000 QPN 0x03ad PSN 0x54497b RKey 0x00c407 VAddr 0x007f46ba155000
 GID: 00:00:00:00:00:00:00:00:00:00:255:255:10:01:03:02
 remote address: LID 0000 QPN 0x03ae PSN 0x6f4cb3 RKey 0x00c407 VAddr 0x007f46ba165000
 GID: 00:00:00:00:00:00:00:00:00:00:255:255:10:01:03:02
 remote address: LID 0000 QPN 0x03af PSN 0x2aef87 RKey 0x00c407 VAddr 0x007f46ba175000
 GID: 00:00:00:00:00:00:00:00:00:00:255:255:10:01:03:02
 remote address: LID 0000 QPN 0x03b0 PSN 0x9e4239 RKey 0x00c407 VAddr 0x007f46ba185000
 GID: 00:00:00:00:00:00:00:00:00:00:255:255:10:01:03:02
 remote address: LID 0000 QPN 0x03b1 PSN 0x23abe9 RKey 0x00c407 VAddr 0x007f46ba195000
 GID: 00:00:00:00:00:00:00:00:00:00:255:255:10:01:03:02
 remote address: LID 0000 QPN 0x03b2 PSN 0x8ce2a0 RKey 0x00c407 VAddr 0x007f46ba1a5000
 GID: 00:00:00:00:00:00:00:00:00:00:255:255:10:01:03:02
 remote address: LID 0000 QPN 0x03b3 PSN 0xa4c44 RKey 0x00c407 VAddr 0x007f46ba1b5000
 GID: 00:00:00:00:00:00:00:00:00:00:255:255:10:01:03:02
 remote address: LID 0000 QPN 0x03b4 PSN 0x5edec0 RKey 0x00c407 VAddr 0x007f46ba1c5000
 GID: 00:00:00:00:00:00:00:00:00:00:255:255:10:01:03:02
 remote address: LID 0000 QPN 0x03b5 PSN 0x13247c RKey 0x00c407 VAddr 0x007f46ba1d5000
 GID: 00:00:00:00:00:00:00:00:00:00:255:255:10:01:03:02
 remote address: LID 0000 QPN 0x03b6 PSN 0x74e343 RKey 0x00c407 VAddr 0x007f46ba1e5000
 GID: 00:00:00:00:00:00:00:00:00:00:255:255:10:01:03:02
 remote address: LID 0000 QPN 0x03b7 PSN 0xddcb6f RKey 0x00c407 VAddr 0x007f46ba1f5000
 GID: 00:00:00:00:00:00:00:00:00:00:255:255:10:01:03:02
 remote address: LID 0000 QPN 0x03b8 PSN 0xa3d193 RKey 0x00c407 VAddr 0x007f46ba205000
 GID: 00:00:00:00:00:00:00:00:00:00:255:255:10:01:03:02
 remote address: LID 0000 QPN 0x03b9 PSN 0xa0130 RKey 0x00c407 VAddr 0x007f46ba215000
 GID: 00:00:00:00:00:00:00:00:00:00:255:255:10:01:03:02
 remote address: LID 0000 QPN 0x03ba PSN 0x727d8b RKey 0x00c407 VAddr 0x007f46ba225000
 GID: 00:00:00:00:00:00:00:00:00:00:255:255:10:01:03:02
 remote address: LID 0000 QPN 0x03bb PSN 0x4e0e29 RKey 0x00c407 VAddr 0x007f46ba235000
 GID: 00:00:00:00:00:00:00:00:00:00:255:255:10:01:03:02
 remote address: LID 0000 QPN 0x03bc PSN 0x636321 RKey 0x00c407 VAddr 0x007f46ba245000
 GID: 00:00:00:00:00:00:00:00:00:00:255:255:10:01:03:02
 remote address: LID 0000 QPN 0x03bd PSN 0xd1605e RKey 0x00c407 VAddr 0x007f46ba255000
 GID: 00:00:00:00:00:00:00:00:00:00:255:255:10:01:03:02
 remote address: LID 0000 QPN 0x03be PSN 0x869c4e RKey 0x00c407 VAddr 0x007f46ba265000
 GID: 00:00:00:00:00:00:00:00:00:00:255:255:10:01:03:02
 remote address: LID 0000 QPN 0x03bf PSN 0xe1aa94 RKey 0x00c407 VAddr 0x007f46ba275000
 GID: 00:00:00:00:00:00:00:00:00:00:255:255:10:01:03:02
 remote address: LID 0000 QPN 0x03c0 PSN 0x6109bc RKey 0x00c407 VAddr 0x007f46ba285000
 GID: 00:00:00:00:00:00:00:00:00:00:255:255:10:01:03:02
 remote address: LID 0000 QPN 0x03c1 PSN 0x49f8af RKey 0x00c407 VAddr 0x007f46ba295000
 GID: 00:00:00:00:00:00:00:00:00:00:255:255:10:01:03:02
 remote address: LID 0000 QPN 0x03c2 PSN 0x70a7bf RKey 0x00c407 VAddr 0x007f46ba2a5000
 GID: 00:00:00:00:00:00:00:00:00:00:255:255:10:01:03:02
 remote address: LID 0000 QPN 0x03c3 PSN 0x9bf561 RKey 0x00c407 VAddr 0x007f46ba2b5000
 GID: 00:00:00:00:00:00:00:00:00:00:255:255:10:01:03:02
 remote address: LID 0000 QPN 0x03c4 PSN 0x133555 RKey 0x00c407 VAddr 0x007f46ba2c5000
 GID: 00:00:00:00:00:00:00:00:00:00:255:255:10:01:03:02
 remote address: LID 0000 QPN 0x03c5 PSN 0x2c26bc RKey 0x00c407 VAddr 0x007f46ba2d5000
 GID: 00:00:00:00:00:00:00:00:00:00:255:255:10:01:03:02
 remote address: LID 0000 QPN 0x03c6 PSN 0xa4abfc RKey 0x00c407 VAddr 0x007f46ba2e5000
 GID: 00:00:00:00:00:00:00:00:00:00:255:255:10:01:03:02
 remote address: LID 0000 QPN 0x03c7 PSN 0xa99f7 RKey 0x00c407 VAddr 0x007f46ba2f5000
 GID: 00:00:00:00:00:00:00:00:00:00:255:255:10:01:03:02
 remote address: LID 0000 QPN 0x03c8 PSN 0xdad55c RKey 0x00c407 VAddr 0x007f46ba305000
 GID: 00:00:00:00:00:00:00:00:00:00:255:255:10:01:03:02
 remote address: LID 0000 QPN 0x03c9 PSN 0x4cfa44 RKey 0x00c407 VAddr 0x007f46ba315000
 GID: 00:00:00:00:00:00:00:00:00:00:255:255:10:01:03:02
 remote address: LID 0000 QPN 0x03ca PSN 0xc16c4 RKey 0x00c407 VAddr 0x007f46ba325000
 GID: 00:00:00:00:00:00:00:00:00:00:255:255:10:01:03:02
 remote address: LID 0000 QPN 0x03cb PSN 0xdc4b3d RKey 0x00c407 VAddr 0x007f46ba335000
 GID: 00:00:00:00:00:00:00:00:00:00:255:255:10:01:03:02
 remote address: LID 0000 QPN 0x03cc PSN 0x3a1ac9 RKey 0x00c407 VAddr 0x007f46ba345000
 GID: 00:00:00:00:00:00:00:00:00:00:255:255:10:01:03:02
 remote address: LID 0000 QPN 0x03cd PSN 0x149d09 RKey 0x00c407 VAddr 0x007f46ba355000
 GID: 00:00:00:00:00:00:00:00:00:00:255:255:10:01:03:02
 remote address: LID 0000 QPN 0x03ce PSN 0xcf5e46 RKey 0x00c407 VAddr 0x007f46ba365000
 GID: 00:00:00:00:00:00:00:00:00:00:255:255:10:01:03:02
 remote address: LID 0000 QPN 0x03cf PSN 0x357704 RKey 0x00c407 VAddr 0x007f46ba375000
 GID: 00:00:00:00:00:00:00:00:00:00:255:255:10:01:03:02
 remote address: LID 0000 QPN 0x03d0 PSN 0xce1839 RKey 0x00c407 VAddr 0x007f46ba385000
 GID: 00:00:00:00:00:00:00:00:00:00:255:255:10:01:03:02
 remote address: LID 0000 QPN 0x03d1 PSN 0xfe0d47 RKey 0x00c407 VAddr 0x007f46ba395000
 GID: 00:00:00:00:00:00:00:00:00:00:255:255:10:01:03:02
 remote address: LID 0000 QPN 0x03d2 PSN 0xba0314 RKey 0x00c407 VAddr 0x007f46ba3a5000
 GID: 00:00:00:00:00:00:00:00:00:00:255:255:10:01:03:02
 remote address: LID 0000 QPN 0x03d3 PSN 0x1c8614 RKey 0x00c407 VAddr 0x007f46ba3b5000
 GID: 00:00:00:00:00:00:00:00:00:00:255:255:10:01:03:02
 remote address: LID 0000 QPN 0x03d4 PSN 0x270230 RKey 0x00c407 VAddr 0x007f46ba3c5000
 GID: 00:00:00:00:00:00:00:00:00:00:255:255:10:01:03:02
 remote address: LID 0000 QPN 0x03d5 PSN 0x3dc5d2 RKey 0x00c407 VAddr 0x007f46ba3d5000
 GID: 00:00:00:00:00:00:00:00:00:00:255:255:10:01:03:02
 remote address: LID 0000 QPN 0x03d6 PSN 0x2f7f37 RKey 0x00c407 VAddr 0x007f46ba3e5000
 GID: 00:00:00:00:00:00:00:00:00:00:255:255:10:01:03:02
 remote address: LID 0000 QPN 0x03d7 PSN 0x25d2d1 RKey 0x00c407 VAddr 0x007f46ba3f5000
 GID: 00:00:00:00:00:00:00:00:00:00:255:255:10:01:03:02
 remote address: LID 0000 QPN 0x03d8 PSN 0x54f17d RKey 0x00c407 VAddr 0x007f46ba405000
 GID: 00:00:00:00:00:00:00:00:00:00:255:255:10:01:03:02
 remote address: LID 0000 QPN 0x03d9 PSN 0xac8dcb RKey 0x00c407 VAddr 0x007f46ba415000
 GID: 00:00:00:00:00:00:00:00:00:00:255:255:10:01:03:02
 remote address: LID 0000 QPN 0x03da PSN 0x3ed45c RKey 0x00c407 VAddr 0x007f46ba425000
 GID: 00:00:00:00:00:00:00:00:00:00:255:255:10:01:03:02
 remote address: LID 0000 QPN 0x03db PSN 0xa0208a RKey 0x00c407 VAddr 0x007f46ba435000
 GID: 00:00:00:00:00:00:00:00:00:00:255:255:10:01:03:02
 remote address: LID 0000 QPN 0x03dc PSN 0x3b29bb RKey 0x00c407 VAddr 0x007f46ba445000
 GID: 00:00:00:00:00:00:00:00:00:00:255:255:10:01:03:02
 remote address: LID 0000 QPN 0x03dd PSN 0x6d49fe RKey 0x00c407 VAddr 0x007f46ba455000
 GID: 00:00:00:00:00:00:00:00:00:00:255:255:10:01:03:02
 remote address: LID 0000 QPN 0x03de PSN 0x4b8b2b RKey 0x00c407 VAddr 0x007f46ba465000
 GID: 00:00:00:00:00:00:00:00:00:00:255:255:10:01:03:02
 remote address: LID 0000 QPN 0x03df PSN 0x84fd5f RKey 0x00c407 VAddr 0x007f46ba475000
 GID: 00:00:00:00:00:00:00:00:00:00:255:255:10:01:03:02
 remote address: LID 0000 QPN 0x03e0 PSN 0x9a05f3 RKey 0x00c407 VAddr 0x007f46ba485000
 GID: 00:00:00:00:00:00:00:00:00:00:255:255:10:01:03:02
 remote address: LID 0000 QPN 0x03e1 PSN 0x1849db RKey 0x00c407 VAddr 0x007f46ba495000
 GID: 00:00:00:00:00:00:00:00:00:00:255:255:10:01:03:02
 remote address: LID 0000 QPN 0x03e2 PSN 0x1e15b8 RKey 0x00c407 VAddr 0x007f46ba4a5000
 GID: 00:00:00:00:00:00:00:00:00:00:255:255:10:01:03:02
 remote address: LID 0000 QPN 0x03e3 PSN 0xfd18cc RKey 0x00c407 VAddr 0x007f46ba4b5000
 GID: 00:00:00:00:00:00:00:00:00:00:255:255:10:01:03:02
 remote address: LID 0000 QPN 0x03e4 PSN 0x5fcd5f RKey 0x00c407 VAddr 0x007f46ba4c5000
 GID: 00:00:00:00:00:00:00:00:00:00:255:255:10:01:03:02
 remote address: LID 0000 QPN 0x03e5 PSN 0x242a0f RKey 0x00c407 VAddr 0x007f46ba4d5000
 GID: 00:00:00:00:00:00:00:00:00:00:255:255:10:01:03:02
 remote address: LID 0000 QPN 0x03e6 PSN 0x1aa712 RKey 0x00c407 VAddr 0x007f46ba4e5000
 GID: 00:00:00:00:00:00:00:00:00:00:255:255:10:01:03:02
 remote address: LID 0000 QPN 0x03e7 PSN 0xff38d6 RKey 0x00c407 VAddr 0x007f46ba4f5000
 GID: 00:00:00:00:00:00:00:00:00:00:255:255:10:01:03:02
 remote address: LID 0000 QPN 0x03e8 PSN 0x52d24a RKey 0x00c407 VAddr 0x007f46ba505000
 GID: 00:00:00:00:00:00:00:00:00:00:255:255:10:01:03:02
 remote address: LID 0000 QPN 0x03e9 PSN 0x6c06bf RKey 0x00c407 VAddr 0x007f46ba515000
 GID: 00:00:00:00:00:00:00:00:00:00:255:255:10:01:03:02
 remote address: LID 0000 QPN 0x03ea PSN 0xfcb1f9 RKey 0x00c407 VAddr 0x007f46ba525000
 GID: 00:00:00:00:00:00:00:00:00:00:255:255:10:01:03:02
 remote address: LID 0000 QPN 0x03eb PSN 0x1117d0 RKey 0x00c407 VAddr 0x007f46ba535000
 GID: 00:00:00:00:00:00:00:00:00:00:255:255:10:01:03:02
 remote address: LID 0000 QPN 0x03ec PSN 0xab5d13 RKey 0x00c407 VAddr 0x007f46ba545000
 GID: 00:00:00:00:00:00:00:00:00:00:255:255:10:01:03:02
 remote address: LID 0000 QPN 0x03ed PSN 0xb45761 RKey 0x00c407 VAddr 0x007f46ba555000
 GID: 00:00:00:00:00:00:00:00:00:00:255:255:10:01:03:02
 remote address: LID 0000 QPN 0x03ee PSN 0xe660ae RKey 0x00c407 VAddr 0x007f46ba565000
 GID: 00:00:00:00:00:00:00:00:00:00:255:255:10:01:03:02
 remote address: LID 0000 QPN 0x03ef PSN 0x1c14ca RKey 0x00c407 VAddr 0x007f46ba575000
 GID: 00:00:00:00:00:00:00:00:00:00:255:255:10:01:03:02
 remote address: LID 0000 QPN 0x03f0 PSN 0xda0550 RKey 0x00c407 VAddr 0x007f46ba585000
 GID: 00:00:00:00:00:00:00:00:00:00:255:255:10:01:03:02
 remote address: LID 0000 QPN 0x03f1 PSN 0x8b6e36 RKey 0x00c407 VAddr 0x007f46ba595000
 GID: 00:00:00:00:00:00:00:00:00:00:255:255:10:01:03:02
 remote address: LID 0000 QPN 0x03f2 PSN 0xf677e2 RKey 0x00c407 VAddr 0x007f46ba5a5000
 GID: 00:00:00:00:00:00:00:00:00:00:255:255:10:01:03:02
 remote address: LID 0000 QPN 0x03f3 PSN 0x3c4097 RKey 0x00c407 VAddr 0x007f46ba5b5000
 GID: 00:00:00:00:00:00:00:00:00:00:255:255:10:01:03:02
 remote address: LID 0000 QPN 0x03f4 PSN 0x9f3b0e RKey 0x00c407 VAddr 0x007f46ba5c5000
 GID: 00:00:00:00:00:00:00:00:00:00:255:255:10:01:03:02
 remote address: LID 0000 QPN 0x03f5 PSN 0x783568 RKey 0x00c407 VAddr 0x007f46ba5d5000
 GID: 00:00:00:00:00:00:00:00:00:00:255:255:10:01:03:02
 remote address: LID 0000 QPN 0x03f6 PSN 0xc36d0 RKey 0x00c407 VAddr 0x007f46ba5e5000
 GID: 00:00:00:00:00:00:00:00:00:00:255:255:10:01:03:02
 remote address: LID 0000 QPN 0x03f7 PSN 0xef17a RKey 0x00c407 VAddr 0x007f46ba5f5000
 GID: 00:00:00:00:00:00:00:00:00:00:255:255:10:01:03:02
 remote address: LID 0000 QPN 0x03f8 PSN 0xe2e237 RKey 0x00c407 VAddr 0x007f46ba605000
 GID: 00:00:00:00:00:00:00:00:00:00:255:255:10:01:03:02
 remote address: LID 0000 QPN 0x03f9 PSN 0xb963bc RKey 0x00c407 VAddr 0x007f46ba615000
 GID: 00:00:00:00:00:00:00:00:00:00:255:255:10:01:03:02
 remote address: LID 0000 QPN 0x03fa PSN 0x7e666 RKey 0x00c407 VAddr 0x007f46ba625000
 GID: 00:00:00:00:00:00:00:00:00:00:255:255:10:01:03:02
 remote address: LID 0000 QPN 0x03fb PSN 0xeea76d RKey 0x00c407 VAddr 0x007f46ba635000
 GID: 00:00:00:00:00:00:00:00:00:00:255:255:10:01:03:02
 remote address: LID 0000 QPN 0x03fc PSN 0x87020d RKey 0x00c407 VAddr 0x007f46ba645000
 GID: 00:00:00:00:00:00:00:00:00:00:255:255:10:01:03:02
 remote address: LID 0000 QPN 0x03fd PSN 0x8102f3 RKey 0x00c407 VAddr 0x007f46ba655000
 GID: 00:00:00:00:00:00:00:00:00:00:255:255:10:01:03:02
 remote address: LID 0000 QPN 0x03fe PSN 0xcfe99e RKey 0x00c407 VAddr 0x007f46ba665000
 GID: 00:00:00:00:00:00:00:00:00:00:255:255:10:01:03:02
 remote address: LID 0000 QPN 0x03ff PSN 0x5cab0d RKey 0x00c407 VAddr 0x007f46ba675000
 GID: 00:00:00:00:00:00:00:00:00:00:255:255:10:01:03:02
 remote address: LID 0000 QPN 0x0400 PSN 0xdeaad2 RKey 0x00c407 VAddr 0x007f46ba685000
 GID: 00:00:00:00:00:00:00:00:00:00:255:255:10:01:03:02
 remote address: LID 0000 QPN 0x0401 PSN 0x3bc1c3 RKey 0x00c407 VAddr 0x007f46ba695000
 GID: 00:00:00:00:00:00:00:00:00:00:255:255:10:01:03:02
 remote address: LID 0000 QPN 0x0402 PSN 0xcd40ec RKey 0x00c407 VAddr 0x007f46ba6a5000
 GID: 00:00:00:00:00:00:00:00:00:00:255:255:10:01:03:02
 remote address: LID 0000 QPN 0x0403 PSN 0x357125 RKey 0x00c407 VAddr 0x007f46ba6b5000
 GID: 00:00:00:00:00:00:00:00:00:00:255:255:10:01:03:02
 remote address: LID 0000 QPN 0x0404 PSN 0xa2538a RKey 0x00c407 VAddr 0x007f46ba6c5000
 GID: 00:00:00:00:00:00:00:00:00:00:255:255:10:01:03:02
 remote address: LID 0000 QPN 0x0405 PSN 0xb12b6d RKey 0x00c407 VAddr 0x007f46ba6d5000
 GID: 00:00:00:00:00:00:00:00:00:00:255:255:10:01:03:02
 remote address: LID 0000 QPN 0x0406 PSN 0x8f92d0 RKey 0x00c407 VAddr 0x007f46ba6e5000
 GID: 00:00:00:00:00:00:00:00:00:00:255:255:10:01:03:02
 remote address: LID 0000 QPN 0x0407 PSN 0xd36cd5 RKey 0x00c407 VAddr 0x007f46ba6f5000
 GID: 00:00:00:00:00:00:00:00:00:00:255:255:10:01:03:02
 remote address: LID 0000 QPN 0x0408 PSN 0x4d11d8 RKey 0x00c407 VAddr 0x007f46ba705000
 GID: 00:00:00:00:00:00:00:00:00:00:255:255:10:01:03:02
 remote address: LID 0000 QPN 0x0409 PSN 0x417efb RKey 0x00c407 VAddr 0x007f46ba715000
 GID: 00:00:00:00:00:00:00:00:00:00:255:255:10:01:03:02
 remote address: LID 0000 QPN 0x040a PSN 0xf7eb8b RKey 0x00c407 VAddr 0x007f46ba725000
 GID: 00:00:00:00:00:00:00:00:00:00:255:255:10:01:03:02
 remote address: LID 0000 QPN 0x040b PSN 0x949a5e RKey 0x00c407 VAddr 0x007f46ba735000
 GID: 00:00:00:00:00:00:00:00:00:00:255:255:10:01:03:02
 remote address: LID 0000 QPN 0x040c PSN 0xe22e05 RKey 0x00c407 VAddr 0x007f46ba745000
 GID: 00:00:00:00:00:00:00:00:00:00:255:255:10:01:03:02
 remote address: LID 0000 QPN 0x040d PSN 0xd78018 RKey 0x00c407 VAddr 0x007f46ba755000
 GID: 00:00:00:00:00:00:00:00:00:00:255:255:10:01:03:02
 remote address: LID 0000 QPN 0x040e PSN 0xca85ee RKey 0x00c407 VAddr 0x007f46ba765000
 GID: 00:00:00:00:00:00:00:00:00:00:255:255:10:01:03:02
 remote address: LID 0000 QPN 0x040f PSN 0xf1ac8d RKey 0x00c407 VAddr 0x007f46ba775000
 GID: 00:00:00:00:00:00:00:00:00:00:255:255:10:01:03:02
 remote address: LID 0000 QPN 0x0410 PSN 0x50b520 RKey 0x00c407 VAddr 0x007f46ba785000
 GID: 00:00:00:00:00:00:00:00:00:00:255:255:10:01:03:02
 remote address: LID 0000 QPN 0x0411 PSN 0xf03b8b RKey 0x00c407 VAddr 0x007f46ba795000
 GID: 00:00:00:00:00:00:00:00:00:00:255:255:10:01:03:02
 remote address: LID 0000 QPN 0x0412 PSN 0xfb0f4d RKey 0x00c407 VAddr 0x007f46ba7a5000
 GID: 00:00:00:00:00:00:00:00:00:00:255:255:10:01:03:02
 remote address: LID 0000 QPN 0x0413 PSN 0x1a66c2 RKey 0x00c407 VAddr 0x007f46ba7b5000
 GID: 00:00:00:00:00:00:00:00:00:00:255:255:10:01:03:02
 remote address: LID 0000 QPN 0x0414 PSN 0x22cb3f RKey 0x00c407 VAddr 0x007f46ba7c5000
 GID: 00:00:00:00:00:00:00:00:00:00:255:255:10:01:03:02
 remote address: LID 0000 QPN 0x0415 PSN 0x5952 RKey 0x00c407 VAddr 0x007f46ba7d5000
 GID: 00:00:00:00:00:00:00:00:00:00:255:255:10:01:03:02
 remote address: LID 0000 QPN 0x0416 PSN 0x8bf893 RKey 0x00c407 VAddr 0x007f46ba7e5000
 GID: 00:00:00:00:00:00:00:00:00:00:255:255:10:01:03:02
 remote address: LID 0000 QPN 0x0417 PSN 0x794d9d RKey 0x00c407 VAddr 0x007f46ba7f5000
 GID: 00:00:00:00:00:00:00:00:00:00:255:255:10:01:03:02
 remote address: LID 0000 QPN 0x0418 PSN 0x9fe3 RKey 0x00c407 VAddr 0x007f46ba805000
 GID: 00:00:00:00:00:00:00:00:00:00:255:255:10:01:03:02
 remote address: LID 0000 QPN 0x0419 PSN 0x1e3657 RKey 0x00c407 VAddr 0x007f46ba815000
 GID: 00:00:00:00:00:00:00:00:00:00:255:255:10:01:03:02
 remote address: LID 0000 QPN 0x041a PSN 0x90866f RKey 0x00c407 VAddr 0x007f46ba825000
 GID: 00:00:00:00:00:00:00:00:00:00:255:255:10:01:03:02
 remote address: LID 0000 QPN 0x041b PSN 0x397844 RKey 0x00c407 VAddr 0x007f46ba835000
 GID: 00:00:00:00:00:00:00:00:00:00:255:255:10:01:03:02
 remote address: LID 0000 QPN 0x041c PSN 0xeb067a RKey 0x00c407 VAddr 0x007f46ba845000
 GID: 00:00:00:00:00:00:00:00:00:00:255:255:10:01:03:02
 remote address: LID 0000 QPN 0x041d PSN 0xd19fd1 RKey 0x00c407 VAddr 0x007f46ba855000
 GID: 00:00:00:00:00:00:00:00:00:00:255:255:10:01:03:02
 remote address: LID 0000 QPN 0x041e PSN 0xea72ad RKey 0x00c407 VAddr 0x007f46ba865000
 GID: 00:00:00:00:00:00:00:00:00:00:255:255:10:01:03:02
 remote address: LID 0000 QPN 0x041f PSN 0x8bec52 RKey 0x00c407 VAddr 0x007f46ba875000
 GID: 00:00:00:00:00:00:00:00:00:00:255:255:10:01:03:02
 remote address: LID 0000 QPN 0x0420 PSN 0xfd4fd RKey 0x00c407 VAddr 0x007f46ba885000
 GID: 00:00:00:00:00:00:00:00:00:00:255:255:10:01:03:02
 remote address: LID 0000 QPN 0x0421 PSN 0xddaa3a RKey 0x00c407 VAddr 0x007f46ba895000
 GID: 00:00:00:00:00:00:00:00:00:00:255:255:10:01:03:02
 remote address: LID 0000 QPN 0x0422 PSN 0xd7109f RKey 0x00c407 VAddr 0x007f46ba8a5000
 GID: 00:00:00:00:00:00:00:00:00:00:255:255:10:01:03:02
 remote address: LID 0000 QPN 0x0423 PSN 0x968e5f RKey 0x00c407 VAddr 0x007f46ba8b5000
 GID: 00:00:00:00:00:00:00:00:00:00:255:255:10:01:03:02
 remote address: LID 0000 QPN 0x0424 PSN 0xda4aba RKey 0x00c407 VAddr 0x007f46ba8c5000
 GID: 00:00:00:00:00:00:00:00:00:00:255:255:10:01:03:02
 remote address: LID 0000 QPN 0x0425 PSN 0x66bde8 RKey 0x00c407 VAddr 0x007f46ba8d5000
 GID: 00:00:00:00:00:00:00:00:00:00:255:255:10:01:03:02
 remote address: LID 0000 QPN 0x0426 PSN 0x6d06b9 RKey 0x00c407 VAddr 0x007f46ba8e5000
 GID: 00:00:00:00:00:00:00:00:00:00:255:255:10:01:03:02
 remote address: LID 0000 QPN 0x0427 PSN 0x4d5128 RKey 0x00c407 VAddr 0x007f46ba8f5000
 GID: 00:00:00:00:00:00:00:00:00:00:255:255:10:01:03:02
 remote address: LID 0000 QPN 0x0428 PSN 0x83e12c RKey 0x00c407 VAddr 0x007f46ba905000
 GID: 00:00:00:00:00:00:00:00:00:00:255:255:10:01:03:02
 remote address: LID 0000 QPN 0x0429 PSN 0x9e934b RKey 0x00c407 VAddr 0x007f46ba915000
 GID: 00:00:00:00:00:00:00:00:00:00:255:255:10:01:03:02
 remote address: LID 0000 QPN 0x042a PSN 0xeacf3d RKey 0x00c407 VAddr 0x007f46ba925000
 GID: 00:00:00:00:00:00:00:00:00:00:255:255:10:01:03:02
 remote address: LID 0000 QPN 0x042b PSN 0x96ed5b RKey 0x00c407 VAddr 0x007f46ba935000
 GID: 00:00:00:00:00:00:00:00:00:00:255:255:10:01:03:02
 remote address: LID 0000 QPN 0x042c PSN 0xe0906 RKey 0x00c407 VAddr 0x007f46ba945000
 GID: 00:00:00:00:00:00:00:00:00:00:255:255:10:01:03:02
 remote address: LID 0000 QPN 0x042d PSN 0xc178c2 RKey 0x00c407 VAddr 0x007f46ba955000
 GID: 00:00:00:00:00:00:00:00:00:00:255:255:10:01:03:02
 remote address: LID 0000 QPN 0x042e PSN 0x47520b RKey 0x00c407 VAddr 0x007f46ba965000
 GID: 00:00:00:00:00:00:00:00:00:00:255:255:10:01:03:02
 remote address: LID 0000 QPN 0x042f PSN 0xa90c02 RKey 0x00c407 VAddr 0x007f46ba975000
 GID: 00:00:00:00:00:00:00:00:00:00:255:255:10:01:03:02
 remote address: LID 0000 QPN 0x0430 PSN 0x53754f RKey 0x00c407 VAddr 0x007f46ba985000
 GID: 00:00:00:00:00:00:00:00:00:00:255:255:10:01:03:02
 remote address: LID 0000 QPN 0x0431 PSN 0x4bdc1a RKey 0x00c407 VAddr 0x007f46ba995000
 GID: 00:00:00:00:00:00:00:00:00:00:255:255:10:01:03:02
 remote address: LID 0000 QPN 0x0432 PSN 0xf9099a RKey 0x00c407 VAddr 0x007f46ba9a5000
 GID: 00:00:00:00:00:00:00:00:00:00:255:255:10:01:03:02
 remote address: LID 0000 QPN 0x0433 PSN 0x1c6d89 RKey 0x00c407 VAddr 0x007f46ba9b5000
 GID: 00:00:00:00:00:00:00:00:00:00:255:255:10:01:03:02
 remote address: LID 0000 QPN 0x0434 PSN 0xe7b6a6 RKey 0x00c407 VAddr 0x007f46ba9c5000
 GID: 00:00:00:00:00:00:00:00:00:00:255:255:10:01:03:02
 remote address: LID 0000 QPN 0x0435 PSN 0x84b1a3 RKey 0x00c407 VAddr 0x007f46ba9d5000
 GID: 00:00:00:00:00:00:00:00:00:00:255:255:10:01:03:02
 remote address: LID 0000 QPN 0x0436 PSN 0x7d4504 RKey 0x00c407 VAddr 0x007f46ba9e5000
 GID: 00:00:00:00:00:00:00:00:00:00:255:255:10:01:03:02
 remote address: LID 0000 QPN 0x0437 PSN 0x78376d RKey 0x00c407 VAddr 0x007f46ba9f5000
 GID: 00:00:00:00:00:00:00:00:00:00:255:255:10:01:03:02
 remote address: LID 0000 QPN 0x0438 PSN 0xe608a7 RKey 0x00c407 VAddr 0x007f46baa05000
 GID: 00:00:00:00:00:00:00:00:00:00:255:255:10:01:03:02
 remote address: LID 0000 QPN 0x0439 PSN 0x68f2f1 RKey 0x00c407 VAddr 0x007f46baa15000
 GID: 00:00:00:00:00:00:00:00:00:00:255:255:10:01:03:02
 remote address: LID 0000 QPN 0x043a PSN 0xf0393b RKey 0x00c407 VAddr 0x007f46baa25000
 GID: 00:00:00:00:00:00:00:00:00:00:255:255:10:01:03:02
 remote address: LID 0000 QPN 0x043b PSN 0x7c3283 RKey 0x00c407 VAddr 0x007f46baa35000
 GID: 00:00:00:00:00:00:00:00:00:00:255:255:10:01:03:02
 remote address: LID 0000 QPN 0x043c PSN 0xbc5366 RKey 0x00c407 VAddr 0x007f46baa45000
 GID: 00:00:00:00:00:00:00:00:00:00:255:255:10:01:03:02
 remote address: LID 0000 QPN 0x043d PSN 0x4e0f2c RKey 0x00c407 VAddr 0x007f46baa55000
 GID: 00:00:00:00:00:00:00:00:00:00:255:255:10:01:03:02
 remote address: LID 0000 QPN 0x043e PSN 0x1fb359 RKey 0x00c407 VAddr 0x007f46baa65000
 GID: 00:00:00:00:00:00:00:00:00:00:255:255:10:01:03:02
 remote address: LID 0000 QPN 0x043f PSN 0xe463e3 RKey 0x00c407 VAddr 0x007f46baa75000
 GID: 00:00:00:00:00:00:00:00:00:00:255:255:10:01:03:02
 remote address: LID 0000 QPN 0x0440 PSN 0x8d8318 RKey 0x00c407 VAddr 0x007f46baa85000
 GID: 00:00:00:00:00:00:00:00:00:00:255:255:10:01:03:02
 remote address: LID 0000 QPN 0x0441 PSN 0xd4c714 RKey 0x00c407 VAddr 0x007f46baa95000
 GID: 00:00:00:00:00:00:00:00:00:00:255:255:10:01:03:02
 remote address: LID 0000 QPN 0x0442 PSN 0xd5e16 RKey 0x00c407 VAddr 0x007f46baaa5000
 GID: 00:00:00:00:00:00:00:00:00:00:255:255:10:01:03:02
 remote address: LID 0000 QPN 0x0443 PSN 0x5d0a6f RKey 0x00c407 VAddr 0x007f46baab5000
 GID: 00:00:00:00:00:00:00:00:00:00:255:255:10:01:03:02
 remote address: LID 0000 QPN 0x0444 PSN 0x1677d2 RKey 0x00c407 VAddr 0x007f46baac5000
 GID: 00:00:00:00:00:00:00:00:00:00:255:255:10:01:03:02
 remote address: LID 0000 QPN 0x0445 PSN 0xa38e96 RKey 0x00c407 VAddr 0x007f46baad5000
 GID: 00:00:00:00:00:00:00:00:00:00:255:255:10:01:03:02
 remote address: LID 0000 QPN 0x0446 PSN 0xf2ac53 RKey 0x00c407 VAddr 0x007f46baae5000
 GID: 00:00:00:00:00:00:00:00:00:00:255:255:10:01:03:02
 remote address: LID 0000 QPN 0x0447 PSN 0x84ab03 RKey 0x00c407 VAddr 0x007f46baaf5000
 GID: 00:00:00:00:00:00:00:00:00:00:255:255:10:01:03:02
 remote address: LID 0000 QPN 0x0448 PSN 0x32ef69 RKey 0x00c407 VAddr 0x007f46bab05000
 GID: 00:00:00:00:00:00:00:00:00:00:255:255:10:01:03:02
 remote address: LID 0000 QPN 0x0449 PSN 0x772e03 RKey 0x00c407 VAddr 0x007f46bab15000
 GID: 00:00:00:00:00:00:00:00:00:00:255:255:10:01:03:02
 remote address: LID 0000 QPN 0x044a PSN 0xa79ad3 RKey 0x00c407 VAddr 0x007f46bab25000
 GID: 00:00:00:00:00:00:00:00:00:00:255:255:10:01:03:02
 remote address: LID 0000 QPN 0x044b PSN 0xca753b RKey 0x00c407 VAddr 0x007f46bab35000
 GID: 00:00:00:00:00:00:00:00:00:00:255:255:10:01:03:02
 remote address: LID 0000 QPN 0x044c PSN 0x53eb78 RKey 0x00c407 VAddr 0x007f46bab45000
 GID: 00:00:00:00:00:00:00:00:00:00:255:255:10:01:03:02
 remote address: LID 0000 QPN 0x044d PSN 0x9fcf3 RKey 0x00c407 VAddr 0x007f46bab55000
 GID: 00:00:00:00:00:00:00:00:00:00:255:255:10:01:03:02
 remote address: LID 0000 QPN 0x044e PSN 0xee9b09 RKey 0x00c407 VAddr 0x007f46bab65000
 GID: 00:00:00:00:00:00:00:00:00:00:255:255:10:01:03:02
 remote address: LID 0000 QPN 0x044f PSN 0x51eadb RKey 0x00c407 VAddr 0x007f46bab75000
 GID: 00:00:00:00:00:00:00:00:00:00:255:255:10:01:03:02
 remote address: LID 0000 QPN 0x0450 PSN 0x8f357f RKey 0x00c407 VAddr 0x007f46bab85000
 GID: 00:00:00:00:00:00:00:00:00:00:255:255:10:01:03:02
 remote address: LID 0000 QPN 0x0451 PSN 0xbdb0b5 RKey 0x00c407 VAddr 0x007f46bab95000
 GID: 00:00:00:00:00:00:00:00:00:00:255:255:10:01:03:02
 remote address: LID 0000 QPN 0x0452 PSN 0xbb190b RKey 0x00c407 VAddr 0x007f46baba5000
 GID: 00:00:00:00:00:00:00:00:00:00:255:255:10:01:03:02
 remote address: LID 0000 QPN 0x0453 PSN 0x6953df RKey 0x00c407 VAddr 0x007f46babb5000
 GID: 00:00:00:00:00:00:00:00:00:00:255:255:10:01:03:02
 remote address: LID 0000 QPN 0x0454 PSN 0x87c328 RKey 0x00c407 VAddr 0x007f46babc5000
 GID: 00:00:00:00:00:00:00:00:00:00:255:255:10:01:03:02
 remote address: LID 0000 QPN 0x0455 PSN 0x795871 RKey 0x00c407 VAddr 0x007f46babd5000
 GID: 00:00:00:00:00:00:00:00:00:00:255:255:10:01:03:02
 remote address: LID 0000 QPN 0x0456 PSN 0x2d2ea6 RKey 0x00c407 VAddr 0x007f46babe5000
 GID: 00:00:00:00:00:00:00:00:00:00:255:255:10:01:03:02
 remote address: LID 0000 QPN 0x0457 PSN 0x2f2920 RKey 0x00c407 VAddr 0x007f46babf5000
 GID: 00:00:00:00:00:00:00:00:00:00:255:255:10:01:03:02
 remote address: LID 0000 QPN 0x0458 PSN 0x68dca6 RKey 0x00c407 VAddr 0x007f46bac05000
 GID: 00:00:00:00:00:00:00:00:00:00:255:255:10:01:03:02
 remote address: LID 0000 QPN 0x0459 PSN 0x6cc0dd RKey 0x00c407 VAddr 0x007f46bac15000
 GID: 00:00:00:00:00:00:00:00:00:00:255:255:10:01:03:02
 remote address: LID 0000 QPN 0x045a PSN 0xd4358c RKey 0x00c407 VAddr 0x007f46bac25000
 GID: 00:00:00:00:00:00:00:00:00:00:255:255:10:01:03:02
 remote address: LID 0000 QPN 0x045b PSN 0x5b3fa0 RKey 0x00c407 VAddr 0x007f46bac35000
 GID: 00:00:00:00:00:00:00:00:00:00:255:255:10:01:03:02
 remote address: LID 0000 QPN 0x045c PSN 0xaa0736 RKey 0x00c407 VAddr 0x007f46bac45000
 GID: 00:00:00:00:00:00:00:00:00:00:255:255:10:01:03:02
 remote address: LID 0000 QPN 0x045d PSN 0x41998 RKey 0x00c407 VAddr 0x007f46bac55000
 GID: 00:00:00:00:00:00:00:00:00:00:255:255:10:01:03:02
 remote address: LID 0000 QPN 0x045e PSN 0xf30aa9 RKey 0x00c407 VAddr 0x007f46bac65000
 GID: 00:00:00:00:00:00:00:00:00:00:255:255:10:01:03:02
 remote address: LID 0000 QPN 0x045f PSN 0x631e72 RKey 0x00c407 VAddr 0x007f46bac75000
 GID: 00:00:00:00:00:00:00:00:00:00:255:255:10:01:03:02
 remote address: LID 0000 QPN 0x0460 PSN 0x6fd5c7 RKey 0x00c407 VAddr 0x007f46bac85000
 GID: 00:00:00:00:00:00:00:00:00:00:255:255:10:01:03:02
 remote address: LID 0000 QPN 0x0461 PSN 0xea5626 RKey 0x00c407 VAddr 0x007f46bac95000
 GID: 00:00:00:00:00:00:00:00:00:00:255:255:10:01:03:02
 remote address: LID 0000 QPN 0x0462 PSN 0x1bf494 RKey 0x00c407 VAddr 0x007f46baca5000
 GID: 00:00:00:00:00:00:00:00:00:00:255:255:10:01:03:02
 remote address: LID 0000 QPN 0x0463 PSN 0xfd8949 RKey 0x00c407 VAddr 0x007f46bacb5000
 GID: 00:00:00:00:00:00:00:00:00:00:255:255:10:01:03:02
 remote address: LID 0000 QPN 0x0464 PSN 0x3de1b6 RKey 0x00c407 VAddr 0x007f46bacc5000
 GID: 00:00:00:00:00:00:00:00:00:00:255:255:10:01:03:02
 remote address: LID 0000 QPN 0x0465 PSN 0x266489 RKey 0x00c407 VAddr 0x007f46bacd5000
 GID: 00:00:00:00:00:00:00:00:00:00:255:255:10:01:03:02
 remote address: LID 0000 QPN 0x0466 PSN 0xa73f20 RKey 0x00c407 VAddr 0x007f46bace5000
 GID: 00:00:00:00:00:00:00:00:00:00:255:255:10:01:03:02
 remote address: LID 0000 QPN 0x0467 PSN 0xffe99b RKey 0x00c407 VAddr 0x007f46bacf5000
 GID: 00:00:00:00:00:00:00:00:00:00:255:255:10:01:03:02
 remote address: LID 0000 QPN 0x0468 PSN 0x704db2 RKey 0x00c407 VAddr 0x007f46bad05000
 GID: 00:00:00:00:00:00:00:00:00:00:255:255:10:01:03:02
 remote address: LID 0000 QPN 0x0469 PSN 0xc6f378 RKey 0x00c407 VAddr 0x007f46bad15000
 GID: 00:00:00:00:00:00:00:00:00:00:255:255:10:01:03:02
 remote address: LID 0000 QPN 0x046a PSN 0x66be11 RKey 0x00c407 VAddr 0x007f46bad25000
 GID: 00:00:00:00:00:00:00:00:00:00:255:255:10:01:03:02
 remote address: LID 0000 QPN 0x046b PSN 0x50e071 RKey 0x00c407 VAddr 0x007f46bad35000
 GID: 00:00:00:00:00:00:00:00:00:00:255:255:10:01:03:02
 remote address: LID 0000 QPN 0x046c PSN 0xb754bf RKey 0x00c407 VAddr 0x007f46bad45000
 GID: 00:00:00:00:00:00:00:00:00:00:255:255:10:01:03:02
 remote address: LID 0000 QPN 0x046d PSN 0xd2223f RKey 0x00c407 VAddr 0x007f46bad55000
 GID: 00:00:00:00:00:00:00:00:00:00:255:255:10:01:03:02
 remote address: LID 0000 QPN 0x046e PSN 0xa988eb RKey 0x00c407 VAddr 0x007f46bad65000
 GID: 00:00:00:00:00:00:00:00:00:00:255:255:10:01:03:02
 remote address: LID 0000 QPN 0x046f PSN 0xd5eace RKey 0x00c407 VAddr 0x007f46bad75000
 GID: 00:00:00:00:00:00:00:00:00:00:255:255:10:01:03:02
 remote address: LID 0000 QPN 0x0470 PSN 0xb58756 RKey 0x00c407 VAddr 0x007f46bad85000
 GID: 00:00:00:00:00:00:00:00:00:00:255:255:10:01:03:02
 remote address: LID 0000 QPN 0x0471 PSN 0xea1432 RKey 0x00c407 VAddr 0x007f46bad95000
 GID: 00:00:00:00:00:00:00:00:00:00:255:255:10:01:03:02
 remote address: LID 0000 QPN 0x0472 PSN 0x4661e6 RKey 0x00c407 VAddr 0x007f46bada5000
 GID: 00:00:00:00:00:00:00:00:00:00:255:255:10:01:03:02
 remote address: LID 0000 QPN 0x0473 PSN 0x76a2b9 RKey 0x00c407 VAddr 0x007f46badb5000
 GID: 00:00:00:00:00:00:00:00:00:00:255:255:10:01:03:02
 remote address: LID 0000 QPN 0x0474 PSN 0x978a9 RKey 0x00c407 VAddr 0x007f46badc5000
 GID: 00:00:00:00:00:00:00:00:00:00:255:255:10:01:03:02
 remote address: LID 0000 QPN 0x0475 PSN 0xed01cf RKey 0x00c407 VAddr 0x007f46badd5000
 GID: 00:00:00:00:00:00:00:00:00:00:255:255:10:01:03:02
 remote address: LID 0000 QPN 0x0476 PSN 0x1859ff RKey 0x00c407 VAddr 0x007f46bade5000
 GID: 00:00:00:00:00:00:00:00:00:00:255:255:10:01:03:02
 remote address: LID 0000 QPN 0x0477 PSN 0x2ec6e9 RKey 0x00c407 VAddr 0x007f46badf5000
 GID: 00:00:00:00:00:00:00:00:00:00:255:255:10:01:03:02
 remote address: LID 0000 QPN 0x0478 PSN 0x95be03 RKey 0x00c407 VAddr 0x007f46bae05000
 GID: 00:00:00:00:00:00:00:00:00:00:255:255:10:01:03:02
 remote address: LID 0000 QPN 0x0479 PSN 0x67016f RKey 0x00c407 VAddr 0x007f46bae15000
 GID: 00:00:00:00:00:00:00:00:00:00:255:255:10:01:03:02
 remote address: LID 0000 QPN 0x047a PSN 0x406428 RKey 0x00c407 VAddr 0x007f46bae25000
 GID: 00:00:00:00:00:00:00:00:00:00:255:255:10:01:03:02
 remote address: LID 0000 QPN 0x047b PSN 0x50d30d RKey 0x00c407 VAddr 0x007f46bae35000
 GID: 00:00:00:00:00:00:00:00:00:00:255:255:10:01:03:02
 remote address: LID 0000 QPN 0x047c PSN 0xe6424e RKey 0x00c407 VAddr 0x007f46bae45000
 GID: 00:00:00:00:00:00:00:00:00:00:255:255:10:01:03:02
 remote address: LID 0000 QPN 0x047d PSN 0x9561a9 RKey 0x00c407 VAddr 0x007f46bae55000
 GID: 00:00:00:00:00:00:00:00:00:00:255:255:10:01:03:02
 remote address: LID 0000 QPN 0x047e PSN 0xb7a9a0 RKey 0x00c407 VAddr 0x007f46bae65000
 GID: 00:00:00:00:00:00:00:00:00:00:255:255:10:01:03:02
 remote address: LID 0000 QPN 0x047f PSN 0x2d92b5 RKey 0x00c407 VAddr 0x007f46bae75000
 GID: 00:00:00:00:00:00:00:00:00:00:255:255:10:01:03:02
 remote address: LID 0000 QPN 0x0480 PSN 0x400faf RKey 0x00c407 VAddr 0x007f46bae85000
 GID: 00:00:00:00:00:00:00:00:00:00:255:255:10:01:03:02
 remote address: LID 0000 QPN 0x0481 PSN 0x9f0f44 RKey 0x00c407 VAddr 0x007f46bae95000
 GID: 00:00:00:00:00:00:00:00:00:00:255:255:10:01:03:02
 remote address: LID 0000 QPN 0x0482 PSN 0x69915d RKey 0x00c407 VAddr 0x007f46baea5000
 GID: 00:00:00:00:00:00:00:00:00:00:255:255:10:01:03:02
 remote address: LID 0000 QPN 0x0483 PSN 0xf1b8e0 RKey 0x00c407 VAddr 0x007f46baeb5000
 GID: 00:00:00:00:00:00:00:00:00:00:255:255:10:01:03:02
 remote address: LID 0000 QPN 0x0484 PSN 0x58d14c RKey 0x00c407 VAddr 0x007f46baec5000
 GID: 00:00:00:00:00:00:00:00:00:00:255:255:10:01:03:02
 remote address: LID 0000 QPN 0x0485 PSN 0x2320d6 RKey 0x00c407 VAddr 0x007f46baed5000
 GID: 00:00:00:00:00:00:00:00:00:00:255:255:10:01:03:02
 remote address: LID 0000 QPN 0x0486 PSN 0x498ca5 RKey 0x00c407 VAddr 0x007f46baee5000
 GID: 00:00:00:00:00:00:00:00:00:00:255:255:10:01:03:02
 remote address: LID 0000 QPN 0x0487 PSN 0x512623 RKey 0x00c407 VAddr 0x007f46baef5000
 GID: 00:00:00:00:00:00:00:00:00:00:255:255:10:01:03:02
 remote address: LID 0000 QPN 0x0488 PSN 0x56f2d RKey 0x00c407 VAddr 0x007f46baf05000
 GID: 00:00:00:00:00:00:00:00:00:00:255:255:10:01:03:02
 remote address: LID 0000 QPN 0x0489 PSN 0xf641fd RKey 0x00c407 VAddr 0x007f46baf15000
 GID: 00:00:00:00:00:00:00:00:00:00:255:255:10:01:03:02
 remote address: LID 0000 QPN 0x048a PSN 0xc7dabb RKey 0x00c407 VAddr 0x007f46baf25000
 GID: 00:00:00:00:00:00:00:00:00:00:255:255:10:01:03:02
 remote address: LID 0000 QPN 0x048b PSN 0x282772 RKey 0x00c407 VAddr 0x007f46baf35000
 GID: 00:00:00:00:00:00:00:00:00:00:255:255:10:01:03:02
 remote address: LID 0000 QPN 0x048c PSN 0x834640 RKey 0x00c407 VAddr 0x007f46baf45000
 GID: 00:00:00:00:00:00:00:00:00:00:255:255:10:01:03:02
 remote address: LID 0000 QPN 0x048d PSN 0x795839 RKey 0x00c407 VAddr 0x007f46baf55000
 GID: 00:00:00:00:00:00:00:00:00:00:255:255:10:01:03:02
 remote address: LID 0000 QPN 0x048e PSN 0xc995b7 RKey 0x00c407 VAddr 0x007f46baf65000
 GID: 00:00:00:00:00:00:00:00:00:00:255:255:10:01:03:02
 remote address: LID 0000 QPN 0x048f PSN 0x35978e RKey 0x00c407 VAddr 0x007f46baf75000
 GID: 00:00:00:00:00:00:00:00:00:00:255:255:10:01:03:02
 remote address: LID 0000 QPN 0x0490 PSN 0x759e76 RKey 0x00c407 VAddr 0x007f46baf85000
 GID: 00:00:00:00:00:00:00:00:00:00:255:255:10:01:03:02
 remote address: LID 0000 QPN 0x0491 PSN 0xff5b65 RKey 0x00c407 VAddr 0x007f46baf95000
 GID: 00:00:00:00:00:00:00:00:00:00:255:255:10:01:03:02
 remote address: LID 0000 QPN 0x0492 PSN 0xfb7a6f RKey 0x00c407 VAddr 0x007f46bafa5000
 GID: 00:00:00:00:00:00:00:00:00:00:255:255:10:01:03:02
 remote address: LID 0000 QPN 0x0493 PSN 0x156d0b RKey 0x00c407 VAddr 0x007f46bafb5000
 GID: 00:00:00:00:00:00:00:00:00:00:255:255:10:01:03:02
 remote address: LID 0000 QPN 0x0494 PSN 0x69210c RKey 0x00c407 VAddr 0x007f46bafc5000
 GID: 00:00:00:00:00:00:00:00:00:00:255:255:10:01:03:02
 remote address: LID 0000 QPN 0x0495 PSN 0xddfbd0 RKey 0x00c407 VAddr 0x007f46bafd5000
 GID: 00:00:00:00:00:00:00:00:00:00:255:255:10:01:03:02
 remote address: LID 0000 QPN 0x0496 PSN 0x1bfd91 RKey 0x00c407 VAddr 0x007f46bafe5000
 GID: 00:00:00:00:00:00:00:00:00:00:255:255:10:01:03:02
 remote address: LID 0000 QPN 0x0497 PSN 0x51defd RKey 0x00c407 VAddr 0x007f46baff5000
 GID: 00:00:00:00:00:00:00:00:00:00:255:255:10:01:03:02
 remote address: LID 0000 QPN 0x0498 PSN 0xc930e4 RKey 0x00c407 VAddr 0x007f46bb005000
 GID: 00:00:00:00:00:00:00:00:00:00:255:255:10:01:03:02
 remote address: LID 0000 QPN 0x0499 PSN 0xa44ffc RKey 0x00c407 VAddr 0x007f46bb015000
 GID: 00:00:00:00:00:00:00:00:00:00:255:255:10:01:03:02
 remote address: LID 0000 QPN 0x049a PSN 0xd05fd3 RKey 0x00c407 VAddr 0x007f46bb025000
 GID: 00:00:00:00:00:00:00:00:00:00:255:255:10:01:03:02
 remote address: LID 0000 QPN 0x049b PSN 0x59ea3f RKey 0x00c407 VAddr 0x007f46bb035000
 GID: 00:00:00:00:00:00:00:00:00:00:255:255:10:01:03:02
 remote address: LID 0000 QPN 0x049c PSN 0xcf2711 RKey 0x00c407 VAddr 0x007f46bb045000
 GID: 00:00:00:00:00:00:00:00:00:00:255:255:10:01:03:02
 remote address: LID 0000 QPN 0x049d PSN 0x2c63f2 RKey 0x00c407 VAddr 0x007f46bb055000
 GID: 00:00:00:00:00:00:00:00:00:00:255:255:10:01:03:02
 remote address: LID 0000 QPN 0x049e PSN 0xe19341 RKey 0x00c407 VAddr 0x007f46bb065000
 GID: 00:00:00:00:00:00:00:00:00:00:255:255:10:01:03:02
 remote address: LID 0000 QPN 0x049f PSN 0xea15f RKey 0x00c407 VAddr 0x007f46bb075000
 GID: 00:00:00:00:00:00:00:00:00:00:255:255:10:01:03:02
 remote address: LID 0000 QPN 0x04a0 PSN 0x319572 RKey 0x00c407 VAddr 0x007f46bb085000
 GID: 00:00:00:00:00:00:00:00:00:00:255:255:10:01:03:02
 remote address: LID 0000 QPN 0x04a1 PSN 0x702440 RKey 0x00c407 VAddr 0x007f46bb095000
 GID: 00:00:00:00:00:00:00:00:00:00:255:255:10:01:03:02
 remote address: LID 0000 QPN 0x04a2 PSN 0x78e3b5 RKey 0x00c407 VAddr 0x007f46bb0a5000
 GID: 00:00:00:00:00:00:00:00:00:00:255:255:10:01:03:02
 remote address: LID 0000 QPN 0x04a3 PSN 0x55129 RKey 0x00c407 VAddr 0x007f46bb0b5000
 GID: 00:00:00:00:00:00:00:00:00:00:255:255:10:01:03:02
 remote address: LID 0000 QPN 0x04a4 PSN 0x59d175 RKey 0x00c407 VAddr 0x007f46bb0c5000
 GID: 00:00:00:00:00:00:00:00:00:00:255:255:10:01:03:02
 remote address: LID 0000 QPN 0x04a5 PSN 0xd7be91 RKey 0x00c407 VAddr 0x007f46bb0d5000
 GID: 00:00:00:00:00:00:00:00:00:00:255:255:10:01:03:02
 remote address: LID 0000 QPN 0x04a6 PSN 0x417465 RKey 0x00c407 VAddr 0x007f46bb0e5000
 GID: 00:00:00:00:00:00:00:00:00:00:255:255:10:01:03:02
 remote address: LID 0000 QPN 0x04a7 PSN 0x3323ce RKey 0x00c407 VAddr 0x007f46bb0f5000
 GID: 00:00:00:00:00:00:00:00:00:00:255:255:10:01:03:02
 remote address: LID 0000 QPN 0x04a8 PSN 0xc828fd RKey 0x00c407 VAddr 0x007f46bb105000
 GID: 00:00:00:00:00:00:00:00:00:00:255:255:10:01:03:02
 remote address: LID 0000 QPN 0x04a9 PSN 0xbf31e7 RKey 0x00c407 VAddr 0x007f46bb115000
 GID: 00:00:00:00:00:00:00:00:00:00:255:255:10:01:03:02
 remote address: LID 0000 QPN 0x04aa PSN 0x52c496 RKey 0x00c407 VAddr 0x007f46bb125000
 GID: 00:00:00:00:00:00:00:00:00:00:255:255:10:01:03:02
 remote address: LID 0000 QPN 0x04ab PSN 0x178cb1 RKey 0x00c407 VAddr 0x007f46bb135000
 GID: 00:00:00:00:00:00:00:00:00:00:255:255:10:01:03:02
 remote address: LID 0000 QPN 0x04ac PSN 0x33435e RKey 0x00c407 VAddr 0x007f46bb145000
 GID: 00:00:00:00:00:00:00:00:00:00:255:255:10:01:03:02
 remote address: LID 0000 QPN 0x04ad PSN 0xd26877 RKey 0x00c407 VAddr 0x007f46bb155000
 GID: 00:00:00:00:00:00:00:00:00:00:255:255:10:01:03:02
 remote address: LID 0000 QPN 0x04ae PSN 0x998d6f RKey 0x00c407 VAddr 0x007f46bb165000
 GID: 00:00:00:00:00:00:00:00:00:00:255:255:10:01:03:02
 remote address: LID 0000 QPN 0x04af PSN 0x4566cf RKey 0x00c407 VAddr 0x007f46bb175000
 GID: 00:00:00:00:00:00:00:00:00:00:255:255:10:01:03:02
 remote address: LID 0000 QPN 0x04b0 PSN 0xf55085 RKey 0x00c407 VAddr 0x007f46bb185000
 GID: 00:00:00:00:00:00:00:00:00:00:255:255:10:01:03:02
 remote address: LID 0000 QPN 0x04b1 PSN 0x3ad521 RKey 0x00c407 VAddr 0x007f46bb195000
 GID: 00:00:00:00:00:00:00:00:00:00:255:255:10:01:03:02
 remote address: LID 0000 QPN 0x04b2 PSN 0x376ae8 RKey 0x00c407 VAddr 0x007f46bb1a5000
 GID: 00:00:00:00:00:00:00:00:00:00:255:255:10:01:03:02
 remote address: LID 0000 QPN 0x04b3 PSN 0xff4fc8 RKey 0x00c407 VAddr 0x007f46bb1b5000
 GID: 00:00:00:00:00:00:00:00:00:00:255:255:10:01:03:02
 remote address: LID 0000 QPN 0x04b4 PSN 0xa1c835 RKey 0x00c407 VAddr 0x007f46bb1c5000
 GID: 00:00:00:00:00:00:00:00:00:00:255:255:10:01:03:02
 remote address: LID 0000 QPN 0x04b5 PSN 0xf2e8a RKey 0x00c407 VAddr 0x007f46bb1d5000
 GID: 00:00:00:00:00:00:00:00:00:00:255:255:10:01:03:02
 remote address: LID 0000 QPN 0x04b6 PSN 0x26e1e1 RKey 0x00c407 VAddr 0x007f46bb1e5000
 GID: 00:00:00:00:00:00:00:00:00:00:255:255:10:01:03:02
 remote address: LID 0000 QPN 0x04b7 PSN 0x1a698e RKey 0x00c407 VAddr 0x007f46bb1f5000
 GID: 00:00:00:00:00:00:00:00:00:00:255:255:10:01:03:02
 remote address: LID 0000 QPN 0x04b8 PSN 0x489b6c RKey 0x00c407 VAddr 0x007f46bb205000
 GID: 00:00:00:00:00:00:00:00:00:00:255:255:10:01:03:02
 remote address: LID 0000 QPN 0x04b9 PSN 0xa581d8 RKey 0x00c407 VAddr 0x007f46bb215000
 GID: 00:00:00:00:00:00:00:00:00:00:255:255:10:01:03:02
 remote address: LID 0000 QPN 0x04ba PSN 0x78754f RKey 0x00c407 VAddr 0x007f46bb225000
 GID: 00:00:00:00:00:00:00:00:00:00:255:255:10:01:03:02
 remote address: LID 0000 QPN 0x04bb PSN 0x234ca9 RKey 0x00c407 VAddr 0x007f46bb235000
 GID: 00:00:00:00:00:00:00:00:00:00:255:255:10:01:03:02
 remote address: LID 0000 QPN 0x04bc PSN 0x17d9e4 RKey 0x00c407 VAddr 0x007f46bb245000
 GID: 00:00:00:00:00:00:00:00:00:00:255:255:10:01:03:02
 remote address: LID 0000 QPN 0x04bd PSN 0xf17709 RKey 0x00c407 VAddr 0x007f46bb255000
 GID: 00:00:00:00:00:00:00:00:00:00:255:255:10:01:03:02
 remote address: LID 0000 QPN 0x04be PSN 0xd69c91 RKey 0x00c407 VAddr 0x007f46bb265000
 GID: 00:00:00:00:00:00:00:00:00:00:255:255:10:01:03:02
 remote address: LID 0000 QPN 0x04bf PSN 0x739524 RKey 0x00c407 VAddr 0x007f46bb275000
 GID: 00:00:00:00:00:00:00:00:00:00:255:255:10:01:03:02
 remote address: LID 0000 QPN 0x04c0 PSN 0xdaedb5 RKey 0x00c407 VAddr 0x007f46bb285000
 GID: 00:00:00:00:00:00:00:00:00:00:255:255:10:01:03:02
 remote address: LID 0000 QPN 0x04c1 PSN 0x9c40f0 RKey 0x00c407 VAddr 0x007f46bb295000
 GID: 00:00:00:00:00:00:00:00:00:00:255:255:10:01:03:02
 remote address: LID 0000 QPN 0x04c2 PSN 0xc98ce1 RKey 0x00c407 VAddr 0x007f46bb2a5000
 GID: 00:00:00:00:00:00:00:00:00:00:255:255:10:01:03:02
 remote address: LID 0000 QPN 0x04c3 PSN 0x231418 RKey 0x00c407 VAddr 0x007f46bb2b5000
 GID: 00:00:00:00:00:00:00:00:00:00:255:255:10:01:03:02
 remote address: LID 0000 QPN 0x04c4 PSN 0x66af17 RKey 0x00c407 VAddr 0x007f46bb2c5000
 GID: 00:00:00:00:00:00:00:00:00:00:255:255:10:01:03:02
 remote address: LID 0000 QPN 0x04c5 PSN 0xa152ce RKey 0x00c407 VAddr 0x007f46bb2d5000
 GID: 00:00:00:00:00:00:00:00:00:00:255:255:10:01:03:02
 remote address: LID 0000 QPN 0x04c6 PSN 0x90e7e5 RKey 0x00c407 VAddr 0x007f46bb2e5000
 GID: 00:00:00:00:00:00:00:00:00:00:255:255:10:01:03:02
 remote address: LID 0000 QPN 0x04c7 PSN 0x264fd2 RKey 0x00c407 VAddr 0x007f46bb2f5000
 GID: 00:00:00:00:00:00:00:00:00:00:255:255:10:01:03:02
 remote address: LID 0000 QPN 0x04c8 PSN 0x73b246 RKey 0x00c407 VAddr 0x007f46bb305000
 GID: 00:00:00:00:00:00:00:00:00:00:255:255:10:01:03:02
 remote address: LID 0000 QPN 0x04c9 PSN 0x929589 RKey 0x00c407 VAddr 0x007f46bb315000
 GID: 00:00:00:00:00:00:00:00:00:00:255:255:10:01:03:02
 remote address: LID 0000 QPN 0x04ca PSN 0x788165 RKey 0x00c407 VAddr 0x007f46bb325000
 GID: 00:00:00:00:00:00:00:00:00:00:255:255:10:01:03:02
 remote address: LID 0000 QPN 0x04cb PSN 0x1c9ca4 RKey 0x00c407 VAddr 0x007f46bb335000
 GID: 00:00:00:00:00:00:00:00:00:00:255:255:10:01:03:02
 remote address: LID 0000 QPN 0x04cc PSN 0xdc517e RKey 0x00c407 VAddr 0x007f46bb345000
 GID: 00:00:00:00:00:00:00:00:00:00:255:255:10:01:03:02
 remote address: LID 0000 QPN 0x04cd PSN 0xd8768b RKey 0x00c407 VAddr 0x007f46bb355000
 GID: 00:00:00:00:00:00:00:00:00:00:255:255:10:01:03:02
 remote address: LID 0000 QPN 0x04ce PSN 0x6e8e18 RKey 0x00c407 VAddr 0x007f46bb365000
 GID: 00:00:00:00:00:00:00:00:00:00:255:255:10:01:03:02
 remote address: LID 0000 QPN 0x04cf PSN 0xeab845 RKey 0x00c407 VAddr 0x007f46bb375000
 GID: 00:00:00:00:00:00:00:00:00:00:255:255:10:01:03:02
 remote address: LID 0000 QPN 0x04d0 PSN 0xca1526 RKey 0x00c407 VAddr 0x007f46bb385000
 GID: 00:00:00:00:00:00:00:00:00:00:255:255:10:01:03:02
 remote address: LID 0000 QPN 0x04d1 PSN 0xedca3a RKey 0x00c407 VAddr 0x007f46bb395000
 GID: 00:00:00:00:00:00:00:00:00:00:255:255:10:01:03:02
 remote address: LID 0000 QPN 0x04d2 PSN 0x74ad97 RKey 0x00c407 VAddr 0x007f46bb3a5000
 GID: 00:00:00:00:00:00:00:00:00:00:255:255:10:01:03:02
 remote address: LID 0000 QPN 0x04d3 PSN 0xe371e5 RKey 0x00c407 VAddr 0x007f46bb3b5000
 GID: 00:00:00:00:00:00:00:00:00:00:255:255:10:01:03:02
 remote address: LID 0000 QPN 0x04d4 PSN 0x363c09 RKey 0x00c407 VAddr 0x007f46bb3c5000
 GID: 00:00:00:00:00:00:00:00:00:00:255:255:10:01:03:02
 remote address: LID 0000 QPN 0x04d5 PSN 0x5d1c0f RKey 0x00c407 VAddr 0x007f46bb3d5000
 GID: 00:00:00:00:00:00:00:00:00:00:255:255:10:01:03:02
 remote address: LID 0000 QPN 0x04d6 PSN 0x6a6173 RKey 0x00c407 VAddr 0x007f46bb3e5000
 GID: 00:00:00:00:00:00:00:00:00:00:255:255:10:01:03:02
 remote address: LID 0000 QPN 0x04d7 PSN 0x8e88d2 RKey 0x00c407 VAddr 0x007f46bb3f5000
 GID: 00:00:00:00:00:00:00:00:00:00:255:255:10:01:03:02
 remote address: LID 0000 QPN 0x04d8 PSN 0x5b45bf RKey 0x00c407 VAddr 0x007f46bb405000
 GID: 00:00:00:00:00:00:00:00:00:00:255:255:10:01:03:02
 remote address: LID 0000 QPN 0x04d9 PSN 0xc4a655 RKey 0x00c407 VAddr 0x007f46bb415000
 GID: 00:00:00:00:00:00:00:00:00:00:255:255:10:01:03:02
 remote address: LID 0000 QPN 0x04da PSN 0xc6a362 RKey 0x00c407 VAddr 0x007f46bb425000
 GID: 00:00:00:00:00:00:00:00:00:00:255:255:10:01:03:02
 remote address: LID 0000 QPN 0x04db PSN 0xb68bc0 RKey 0x00c407 VAddr 0x007f46bb435000
 GID: 00:00:00:00:00:00:00:00:00:00:255:255:10:01:03:02
 remote address: LID 0000 QPN 0x04dc PSN 0x71812a RKey 0x00c407 VAddr 0x007f46bb445000
 GID: 00:00:00:00:00:00:00:00:00:00:255:255:10:01:03:02
 remote address: LID 0000 QPN 0x04dd PSN 0xffcb80 RKey 0x00c407 VAddr 0x007f46bb455000
 GID: 00:00:00:00:00:00:00:00:00:00:255:255:10:01:03:02
 remote address: LID 0000 QPN 0x04de PSN 0x3f6c94 RKey 0x00c407 VAddr 0x007f46bb465000
 GID: 00:00:00:00:00:00:00:00:00:00:255:255:10:01:03:02
 remote address: LID 0000 QPN 0x04df PSN 0xe922b8 RKey 0x00c407 VAddr 0x007f46bb475000
 GID: 00:00:00:00:00:00:00:00:00:00:255:255:10:01:03:02
 remote address: LID 0000 QPN 0x04e0 PSN 0x6ec11c RKey 0x00c407 VAddr 0x007f46bb485000
 GID: 00:00:00:00:00:00:00:00:00:00:255:255:10:01:03:02
 remote address: LID 0000 QPN 0x04e1 PSN 0x688b28 RKey 0x00c407 VAddr 0x007f46bb495000
 GID: 00:00:00:00:00:00:00:00:00:00:255:255:10:01:03:02
 remote address: LID 0000 QPN 0x04e2 PSN 0x392024 RKey 0x00c407 VAddr 0x007f46bb4a5000
 GID: 00:00:00:00:00:00:00:00:00:00:255:255:10:01:03:02
 remote address: LID 0000 QPN 0x04e3 PSN 0xa1cda0 RKey 0x00c407 VAddr 0x007f46bb4b5000
 GID: 00:00:00:00:00:00:00:00:00:00:255:255:10:01:03:02
 remote address: LID 0000 QPN 0x04e4 PSN 0xa17916 RKey 0x00c407 VAddr 0x007f46bb4c5000
 GID: 00:00:00:00:00:00:00:00:00:00:255:255:10:01:03:02
 remote address: LID 0000 QPN 0x04e5 PSN 0x910ca0 RKey 0x00c407 VAddr 0x007f46bb4d5000
 GID: 00:00:00:00:00:00:00:00:00:00:255:255:10:01:03:02
 remote address: LID 0000 QPN 0x04e6 PSN 0x44eaaa RKey 0x00c407 VAddr 0x007f46bb4e5000
 GID: 00:00:00:00:00:00:00:00:00:00:255:255:10:01:03:02
 remote address: LID 0000 QPN 0x04e7 PSN 0x8dc163 RKey 0x00c407 VAddr 0x007f46bb4f5000
 GID: 00:00:00:00:00:00:00:00:00:00:255:255:10:01:03:02
 remote address: LID 0000 QPN 0x04e8 PSN 0x1a42b RKey 0x00c407 VAddr 0x007f46bb505000
 GID: 00:00:00:00:00:00:00:00:00:00:255:255:10:01:03:02
 remote address: LID 0000 QPN 0x04e9 PSN 0x7cf937 RKey 0x00c407 VAddr 0x007f46bb515000
 GID: 00:00:00:00:00:00:00:00:00:00:255:255:10:01:03:02
 remote address: LID 0000 QPN 0x04ea PSN 0x1448ed RKey 0x00c407 VAddr 0x007f46bb525000
 GID: 00:00:00:00:00:00:00:00:00:00:255:255:10:01:03:02
 remote address: LID 0000 QPN 0x04eb PSN 0x582dbc RKey 0x00c407 VAddr 0x007f46bb535000
 GID: 00:00:00:00:00:00:00:00:00:00:255:255:10:01:03:02
 remote address: LID 0000 QPN 0x04ec PSN 0x15f804 RKey 0x00c407 VAddr 0x007f46bb545000
 GID: 00:00:00:00:00:00:00:00:00:00:255:255:10:01:03:02
 remote address: LID 0000 QPN 0x04ed PSN 0xe4000b RKey 0x00c407 VAddr 0x007f46bb555000
 GID: 00:00:00:00:00:00:00:00:00:00:255:255:10:01:03:02
 remote address: LID 0000 QPN 0x04ee PSN 0x3907b5 RKey 0x00c407 VAddr 0x007f46bb565000
 GID: 00:00:00:00:00:00:00:00:00:00:255:255:10:01:03:02
 remote address: LID 0000 QPN 0x04ef PSN 0xd8d5a4 RKey 0x00c407 VAddr 0x007f46bb575000
 GID: 00:00:00:00:00:00:00:00:00:00:255:255:10:01:03:02
 remote address: LID 0000 QPN 0x04f0 PSN 0x7205fc RKey 0x00c407 VAddr 0x007f46bb585000
 GID: 00:00:00:00:00:00:00:00:00:00:255:255:10:01:03:02
 remote address: LID 0000 QPN 0x04f1 PSN 0x27d85 RKey 0x00c407 VAddr 0x007f46bb595000
 GID: 00:00:00:00:00:00:00:00:00:00:255:255:10:01:03:02
 remote address: LID 0000 QPN 0x04f2 PSN 0xec2ebf RKey 0x00c407 VAddr 0x007f46bb5a5000
 GID: 00:00:00:00:00:00:00:00:00:00:255:255:10:01:03:02
 remote address: LID 0000 QPN 0x04f3 PSN 0xf38456 RKey 0x00c407 VAddr 0x007f46bb5b5000
 GID: 00:00:00:00:00:00:00:00:00:00:255:255:10:01:03:02
 remote address: LID 0000 QPN 0x04f4 PSN 0x3a0c6b RKey 0x00c407 VAddr 0x007f46bb5c5000
 GID: 00:00:00:00:00:00:00:00:00:00:255:255:10:01:03:02
 remote address: LID 0000 QPN 0x04f5 PSN 0x92e074 RKey 0x00c407 VAddr 0x007f46bb5d5000
 GID: 00:00:00:00:00:00:00:00:00:00:255:255:10:01:03:02
 remote address: LID 0000 QPN 0x04f6 PSN 0xb68ca RKey 0x00c407 VAddr 0x007f46bb5e5000
 GID: 00:00:00:00:00:00:00:00:00:00:255:255:10:01:03:02
 remote address: LID 0000 QPN 0x04f7 PSN 0x9588fb RKey 0x00c407 VAddr 0x007f46bb5f5000
 GID: 00:00:00:00:00:00:00:00:00:00:255:255:10:01:03:02
 remote address: LID 0000 QPN 0x04f8 PSN 0xe35a01 RKey 0x00c407 VAddr 0x007f46bb605000
 GID: 00:00:00:00:00:00:00:00:00:00:255:255:10:01:03:02
 remote address: LID 0000 QPN 0x04f9 PSN 0x5a06c9 RKey 0x00c407 VAddr 0x007f46bb615000
 GID: 00:00:00:00:00:00:00:00:00:00:255:255:10:01:03:02
 remote address: LID 0000 QPN 0x04fa PSN 0xa39acf RKey 0x00c407 VAddr 0x007f46bb625000
 GID: 00:00:00:00:00:00:00:00:00:00:255:255:10:01:03:02
 remote address: LID 0000 QPN 0x04fb PSN 0xa702f8 RKey 0x00c407 VAddr 0x007f46bb635000
 GID: 00:00:00:00:00:00:00:00:00:00:255:255:10:01:03:02
 remote address: LID 0000 QPN 0x04fc PSN 0xb44548 RKey 0x00c407 VAddr 0x007f46bb645000
 GID: 00:00:00:00:00:00:00:00:00:00:255:255:10:01:03:02
 remote address: LID 0000 QPN 0x04fd PSN 0xda6bed RKey 0x00c407 VAddr 0x007f46bb655000
 GID: 00:00:00:00:00:00:00:00:00:00:255:255:10:01:03:02
 remote address: LID 0000 QPN 0x04fe PSN 0xd87c4d RKey 0x00c407 VAddr 0x007f46bb665000
 GID: 00:00:00:00:00:00:00:00:00:00:255:255:10:01:03:02
 remote address: LID 0000 QPN 0x04ff PSN 0x1868d0 RKey 0x00c407 VAddr 0x007f46bb675000
 GID: 00:00:00:00:00:00:00:00:00:00:255:255:10:01:03:02
 remote address: LID 0000 QPN 0x0500 PSN 0x74da4b RKey 0x00c407 VAddr 0x007f46bb685000
 GID: 00:00:00:00:00:00:00:00:00:00:255:255:10:01:03:02
 remote address: LID 0000 QPN 0x0501 PSN 0xe5a2bb RKey 0x00c407 VAddr 0x007f46bb695000
 GID: 00:00:00:00:00:00:00:00:00:00:255:255:10:01:03:02
 remote address: LID 0000 QPN 0x0502 PSN 0xe422c2 RKey 0x00c407 VAddr 0x007f46bb6a5000
 GID: 00:00:00:00:00:00:00:00:00:00:255:255:10:01:03:02
 remote address: LID 0000 QPN 0x0503 PSN 0x1153b6 RKey 0x00c407 VAddr 0x007f46bb6b5000
 GID: 00:00:00:00:00:00:00:00:00:00:255:255:10:01:03:02
 remote address: LID 0000 QPN 0x0504 PSN 0x718055 RKey 0x00c407 VAddr 0x007f46bb6c5000
 GID: 00:00:00:00:00:00:00:00:00:00:255:255:10:01:03:02
 remote address: LID 0000 QPN 0x0505 PSN 0x81351d RKey 0x00c407 VAddr 0x007f46bb6d5000
 GID: 00:00:00:00:00:00:00:00:00:00:255:255:10:01:03:02
 remote address: LID 0000 QPN 0x0506 PSN 0x669236 RKey 0x00c407 VAddr 0x007f46bb6e5000
 GID: 00:00:00:00:00:00:00:00:00:00:255:255:10:01:03:02
 remote address: LID 0000 QPN 0x0507 PSN 0x4c39b3 RKey 0x00c407 VAddr 0x007f46bb6f5000
 GID: 00:00:00:00:00:00:00:00:00:00:255:255:10:01:03:02
 remote address: LID 0000 QPN 0x0508 PSN 0x82f9d2 RKey 0x00c407 VAddr 0x007f46bb705000
 GID: 00:00:00:00:00:00:00:00:00:00:255:255:10:01:03:02
 remote address: LID 0000 QPN 0x0509 PSN 0x8ba346 RKey 0x00c407 VAddr 0x007f46bb715000
 GID: 00:00:00:00:00:00:00:00:00:00:255:255:10:01:03:02
 remote address: LID 0000 QPN 0x050a PSN 0x6c84f0 RKey 0x00c407 VAddr 0x007f46bb725000
 GID: 00:00:00:00:00:00:00:00:00:00:255:255:10:01:03:02
 remote address: LID 0000 QPN 0x050b PSN 0x7b6070 RKey 0x00c407 VAddr 0x007f46bb735000
 GID: 00:00:00:00:00:00:00:00:00:00:255:255:10:01:03:02
 remote address: LID 0000 QPN 0x050c PSN 0x634053 RKey 0x00c407 VAddr 0x007f46bb745000
 GID: 00:00:00:00:00:00:00:00:00:00:255:255:10:01:03:02
 remote address: LID 0000 QPN 0x050d PSN 0x5fdc89 RKey 0x00c407 VAddr 0x007f46bb755000
 GID: 00:00:00:00:00:00:00:00:00:00:255:255:10:01:03:02
 remote address: LID 0000 QPN 0x050e PSN 0x95bc4c RKey 0x00c407 VAddr 0x007f46bb765000
 GID: 00:00:00:00:00:00:00:00:00:00:255:255:10:01:03:02
 remote address: LID 0000 QPN 0x050f PSN 0xcdf2a1 RKey 0x00c407 VAddr 0x007f46bb775000
 GID: 00:00:00:00:00:00:00:00:00:00:255:255:10:01:03:02
 remote address: LID 0000 QPN 0x0510 PSN 0x4cdead RKey 0x00c407 VAddr 0x007f46bb785000
 GID: 00:00:00:00:00:00:00:00:00:00:255:255:10:01:03:02
 remote address: LID 0000 QPN 0x0511 PSN 0x12bd5 RKey 0x00c407 VAddr 0x007f46bb795000
 GID: 00:00:00:00:00:00:00:00:00:00:255:255:10:01:03:02
 remote address: LID 0000 QPN 0x0512 PSN 0xb64ca5 RKey 0x00c407 VAddr 0x007f46bb7a5000
 GID: 00:00:00:00:00:00:00:00:00:00:255:255:10:01:03:02
 remote address: LID 0000 QPN 0x0513 PSN 0xf0c20e RKey 0x00c407 VAddr 0x007f46bb7b5000
 GID: 00:00:00:00:00:00:00:00:00:00:255:255:10:01:03:02
 remote address: LID 0000 QPN 0x0514 PSN 0xda8b40 RKey 0x00c407 VAddr 0x007f46bb7c5000
 GID: 00:00:00:00:00:00:00:00:00:00:255:255:10:01:03:02
 remote address: LID 0000 QPN 0x0515 PSN 0xbf31ce RKey 0x00c407 VAddr 0x007f46bb7d5000
 GID: 00:00:00:00:00:00:00:00:00:00:255:255:10:01:03:02
 remote address: LID 0000 QPN 0x0516 PSN 0x53766c RKey 0x00c407 VAddr 0x007f46bb7e5000
 GID: 00:00:00:00:00:00:00:00:00:00:255:255:10:01:03:02
 remote address: LID 0000 QPN 0x0517 PSN 0xd4e03f RKey 0x00c407 VAddr 0x007f46bb7f5000
 GID: 00:00:00:00:00:00:00:00:00:00:255:255:10:01:03:02
 remote address: LID 0000 QPN 0x0518 PSN 0x76e455 RKey 0x00c407 VAddr 0x007f46bb805000
 GID: 00:00:00:00:00:00:00:00:00:00:255:255:10:01:03:02
 remote address: LID 0000 QPN 0x0519 PSN 0x612688 RKey 0x00c407 VAddr 0x007f46bb815000
 GID: 00:00:00:00:00:00:00:00:00:00:255:255:10:01:03:02
 remote address: LID 0000 QPN 0x051a PSN 0x93be5a RKey 0x00c407 VAddr 0x007f46bb825000
 GID: 00:00:00:00:00:00:00:00:00:00:255:255:10:01:03:02
 remote address: LID 0000 QPN 0x051b PSN 0xbed7c4 RKey 0x00c407 VAddr 0x007f46bb835000
 GID: 00:00:00:00:00:00:00:00:00:00:255:255:10:01:03:02
 remote address: LID 0000 QPN 0x051c PSN 0x8850a1 RKey 0x00c407 VAddr 0x007f46bb845000
 GID: 00:00:00:00:00:00:00:00:00:00:255:255:10:01:03:02
 remote address: LID 0000 QPN 0x051d PSN 0x613ce2 RKey 0x00c407 VAddr 0x007f46bb855000
 GID: 00:00:00:00:00:00:00:00:00:00:255:255:10:01:03:02
 remote address: LID 0000 QPN 0x051e PSN 0xc316c2 RKey 0x00c407 VAddr 0x007f46bb865000
 GID: 00:00:00:00:00:00:00:00:00:00:255:255:10:01:03:02
 remote address: LID 0000 QPN 0x051f PSN 0x43f01e RKey 0x00c407 VAddr 0x007f46bb875000
 GID: 00:00:00:00:00:00:00:00:00:00:255:255:10:01:03:02
 remote address: LID 0000 QPN 0x0520 PSN 0x325e7 RKey 0x00c407 VAddr 0x007f46bb885000
 GID: 00:00:00:00:00:00:00:00:00:00:255:255:10:01:03:02
 remote address: LID 0000 QPN 0x0521 PSN 0x34a17d RKey 0x00c407 VAddr 0x007f46bb895000
 GID: 00:00:00:00:00:00:00:00:00:00:255:255:10:01:03:02
 remote address: LID 0000 QPN 0x0522 PSN 0x870bff RKey 0x00c407 VAddr 0x007f46bb8a5000
 GID: 00:00:00:00:00:00:00:00:00:00:255:255:10:01:03:02
 remote address: LID 0000 QPN 0x0523 PSN 0x87864e RKey 0x00c407 VAddr 0x007f46bb8b5000
 GID: 00:00:00:00:00:00:00:00:00:00:255:255:10:01:03:02
 remote address: LID 0000 QPN 0x0524 PSN 0x4c57b9 RKey 0x00c407 VAddr 0x007f46bb8c5000
 GID: 00:00:00:00:00:00:00:00:00:00:255:255:10:01:03:02
 remote address: LID 0000 QPN 0x0525 PSN 0xaa2f58 RKey 0x00c407 VAddr 0x007f46bb8d5000
 GID: 00:00:00:00:00:00:00:00:00:00:255:255:10:01:03:02
 remote address: LID 0000 QPN 0x0526 PSN 0x6c060d RKey 0x00c407 VAddr 0x007f46bb8e5000
 GID: 00:00:00:00:00:00:00:00:00:00:255:255:10:01:03:02
 remote address: LID 0000 QPN 0x0527 PSN 0xe123f7 RKey 0x00c407 VAddr 0x007f46bb8f5000
 GID: 00:00:00:00:00:00:00:00:00:00:255:255:10:01:03:02
 remote address: LID 0000 QPN 0x0528 PSN 0x79105e RKey 0x00c407 VAddr 0x007f46bb905000
 GID: 00:00:00:00:00:00:00:00:00:00:255:255:10:01:03:02
 remote address: LID 0000 QPN 0x0529 PSN 0xb19409 RKey 0x00c407 VAddr 0x007f46bb915000
 GID: 00:00:00:00:00:00:00:00:00:00:255:255:10:01:03:02
 remote address: LID 0000 QPN 0x052a PSN 0xb3d134 RKey 0x00c407 VAddr 0x007f46bb925000
 GID: 00:00:00:00:00:00:00:00:00:00:255:255:10:01:03:02
 remote address: LID 0000 QPN 0x052b PSN 0xb49f32 RKey 0x00c407 VAddr 0x007f46bb935000
 GID: 00:00:00:00:00:00:00:00:00:00:255:255:10:01:03:02
 remote address: LID 0000 QPN 0x052c PSN 0x1bb5cf RKey 0x00c407 VAddr 0x007f46bb945000
 GID: 00:00:00:00:00:00:00:00:00:00:255:255:10:01:03:02
 remote address: LID 0000 QPN 0x052d PSN 0xfe3d9a RKey 0x00c407 VAddr 0x007f46bb955000
 GID: 00:00:00:00:00:00:00:00:00:00:255:255:10:01:03:02
 remote address: LID 0000 QPN 0x052e PSN 0x5ebfdf RKey 0x00c407 VAddr 0x007f46bb965000
 GID: 00:00:00:00:00:00:00:00:00:00:255:255:10:01:03:02
 remote address: LID 0000 QPN 0x052f PSN 0x502cee RKey 0x00c407 VAddr 0x007f46bb975000
 GID: 00:00:00:00:00:00:00:00:00:00:255:255:10:01:03:02
 remote address: LID 0000 QPN 0x0530 PSN 0x14fcdc RKey 0x00c407 VAddr 0x007f46bb985000
 GID: 00:00:00:00:00:00:00:00:00:00:255:255:10:01:03:02
 remote address: LID 0000 QPN 0x0531 PSN 0x950bfe RKey 0x00c407 VAddr 0x007f46bb995000
 GID: 00:00:00:00:00:00:00:00:00:00:255:255:10:01:03:02
 remote address: LID 0000 QPN 0x0532 PSN 0x6bd78b RKey 0x00c407 VAddr 0x007f46bb9a5000
 GID: 00:00:00:00:00:00:00:00:00:00:255:255:10:01:03:02
 remote address: LID 0000 QPN 0x0533 PSN 0xb8f002 RKey 0x00c407 VAddr 0x007f46bb9b5000
 GID: 00:00:00:00:00:00:00:00:00:00:255:255:10:01:03:02
 remote address: LID 0000 QPN 0x0534 PSN 0x67cc6c RKey 0x00c407 VAddr 0x007f46bb9c5000
 GID: 00:00:00:00:00:00:00:00:00:00:255:255:10:01:03:02
 remote address: LID 0000 QPN 0x0535 PSN 0x9602f RKey 0x00c407 VAddr 0x007f46bb9d5000
 GID: 00:00:00:00:00:00:00:00:00:00:255:255:10:01:03:02
 remote address: LID 0000 QPN 0x0536 PSN 0x619adb RKey 0x00c407 VAddr 0x007f46bb9e5000
 GID: 00:00:00:00:00:00:00:00:00:00:255:255:10:01:03:02
 remote address: LID 0000 QPN 0x0537 PSN 0xd2ed1 RKey 0x00c407 VAddr 0x007f46bb9f5000
 GID: 00:00:00:00:00:00:00:00:00:00:255:255:10:01:03:02
 remote address: LID 0000 QPN 0x0538 PSN 0xf8d2e1 RKey 0x00c407 VAddr 0x007f46bba05000
 GID: 00:00:00:00:00:00:00:00:00:00:255:255:10:01:03:02
 remote address: LID 0000 QPN 0x0539 PSN 0x9dc2e5 RKey 0x00c407 VAddr 0x007f46bba15000
 GID: 00:00:00:00:00:00:00:00:00:00:255:255:10:01:03:02
 remote address: LID 0000 QPN 0x053a PSN 0x7822c8 RKey 0x00c407 VAddr 0x007f46bba25000
 GID: 00:00:00:00:00:00:00:00:00:00:255:255:10:01:03:02
 remote address: LID 0000 QPN 0x053b PSN 0x2bf999 RKey 0x00c407 VAddr 0x007f46bba35000
 GID: 00:00:00:00:00:00:00:00:00:00:255:255:10:01:03:02
 remote address: LID 0000 QPN 0x053c PSN 0x8ecf9a RKey 0x00c407 VAddr 0x007f46bba45000
 GID: 00:00:00:00:00:00:00:00:00:00:255:255:10:01:03:02
 remote address: LID 0000 QPN 0x053d PSN 0x45fcf4 RKey 0x00c407 VAddr 0x007f46bba55000
 GID: 00:00:00:00:00:00:00:00:00:00:255:255:10:01:03:02
 remote address: LID 0000 QPN 0x053e PSN 0x5658f5 RKey 0x00c407 VAddr 0x007f46bba65000
 GID: 00:00:00:00:00:00:00:00:00:00:255:255:10:01:03:02
 remote address: LID 0000 QPN 0x053f PSN 0x44ab58 RKey 0x00c407 VAddr 0x007f46bba75000
 GID: 00:00:00:00:00:00:00:00:00:00:255:255:10:01:03:02
 remote address: LID 0000 QPN 0x0540 PSN 0x76b292 RKey 0x00c407 VAddr 0x007f46bba85000
 GID: 00:00:00:00:00:00:00:00:00:00:255:255:10:01:03:02
 remote address: LID 0000 QPN 0x0541 PSN 0x4c1b43 RKey 0x00c407 VAddr 0x007f46bba95000
 GID: 00:00:00:00:00:00:00:00:00:00:255:255:10:01:03:02
 remote address: LID 0000 QPN 0x0542 PSN 0x5f4520 RKey 0x00c407 VAddr 0x007f46bbaa5000
 GID: 00:00:00:00:00:00:00:00:00:00:255:255:10:01:03:02
 remote address: LID 0000 QPN 0x0543 PSN 0x6d4f5b RKey 0x00c407 VAddr 0x007f46bbab5000
 GID: 00:00:00:00:00:00:00:00:00:00:255:255:10:01:03:02
 remote address: LID 0000 QPN 0x0544 PSN 0xfed425 RKey 0x00c407 VAddr 0x007f46bbac5000
 GID: 00:00:00:00:00:00:00:00:00:00:255:255:10:01:03:02
 remote address: LID 0000 QPN 0x0545 PSN 0xb77864 RKey 0x00c407 VAddr 0x007f46bbad5000
 GID: 00:00:00:00:00:00:00:00:00:00:255:255:10:01:03:02
 remote address: LID 0000 QPN 0x0546 PSN 0x297fb5 RKey 0x00c407 VAddr 0x007f46bbae5000
 GID: 00:00:00:00:00:00:00:00:00:00:255:255:10:01:03:02
 remote address: LID 0000 QPN 0x0547 PSN 0x59564 RKey 0x00c407 VAddr 0x007f46bbaf5000
 GID: 00:00:00:00:00:00:00:00:00:00:255:255:10:01:03:02
 remote address: LID 0000 QPN 0x0548 PSN 0xaea6f3 RKey 0x00c407 VAddr 0x007f46bbb05000
 GID: 00:00:00:00:00:00:00:00:00:00:255:255:10:01:03:02
 remote address: LID 0000 QPN 0x0549 PSN 0x2c85d5 RKey 0x00c407 VAddr 0x007f46bbb15000
 GID: 00:00:00:00:00:00:00:00:00:00:255:255:10:01:03:02
 remote address: LID 0000 QPN 0x054a PSN 0x9fb7d RKey 0x00c407 VAddr 0x007f46bbb25000
 GID: 00:00:00:00:00:00:00:00:00:00:255:255:10:01:03:02
 remote address: LID 0000 QPN 0x054b PSN 0x1c9e77 RKey 0x00c407 VAddr 0x007f46bbb35000
 GID: 00:00:00:00:00:00:00:00:00:00:255:255:10:01:03:02
 remote address: LID 0000 QPN 0x054c PSN 0xd465dd RKey 0x00c407 VAddr 0x007f46bbb45000
 GID: 00:00:00:00:00:00:00:00:00:00:255:255:10:01:03:02
 remote address: LID 0000 QPN 0x054d PSN 0x6daed2 RKey 0x00c407 VAddr 0x007f46bbb55000
 GID: 00:00:00:00:00:00:00:00:00:00:255:255:10:01:03:02
 remote address: LID 0000 QPN 0x054e PSN 0xbc7873 RKey 0x00c407 VAddr 0x007f46bbb65000
 GID: 00:00:00:00:00:00:00:00:00:00:255:255:10:01:03:02
 remote address: LID 0000 QPN 0x054f PSN 0xea8c41 RKey 0x00c407 VAddr 0x007f46bbb75000
 GID: 00:00:00:00:00:00:00:00:00:00:255:255:10:01:03:02
 remote address: LID 0000 QPN 0x0550 PSN 0xd8602d RKey 0x00c407 VAddr 0x007f46bbb85000
 GID: 00:00:00:00:00:00:00:00:00:00:255:255:10:01:03:02
 remote address: LID 0000 QPN 0x0551 PSN 0x914ed5 RKey 0x00c407 VAddr 0x007f46bbb95000
 GID: 00:00:00:00:00:00:00:00:00:00:255:255:10:01:03:02
 remote address: LID 0000 QPN 0x0552 PSN 0x4711b7 RKey 0x00c407 VAddr 0x007f46bbba5000
 GID: 00:00:00:00:00:00:00:00:00:00:255:255:10:01:03:02
 remote address: LID 0000 QPN 0x0553 PSN 0x535d26 RKey 0x00c407 VAddr 0x007f46bbbb5000
 GID: 00:00:00:00:00:00:00:00:00:00:255:255:10:01:03:02
 remote address: LID 0000 QPN 0x0554 PSN 0xdda5d2 RKey 0x00c407 VAddr 0x007f46bbbc5000
 GID: 00:00:00:00:00:00:00:00:00:00:255:255:10:01:03:02
 remote address: LID 0000 QPN 0x0555 PSN 0x655ac RKey 0x00c407 VAddr 0x007f46bbbd5000
 GID: 00:00:00:00:00:00:00:00:00:00:255:255:10:01:03:02
 remote address: LID 0000 QPN 0x0556 PSN 0x5b789c RKey 0x00c407 VAddr 0x007f46bbbe5000
 GID: 00:00:00:00:00:00:00:00:00:00:255:255:10:01:03:02
 remote address: LID 0000 QPN 0x0557 PSN 0xf73ee6 RKey 0x00c407 VAddr 0x007f46bbbf5000
 GID: 00:00:00:00:00:00:00:00:00:00:255:255:10:01:03:02
 remote address: LID 0000 QPN 0x0558 PSN 0xb1f5c8 RKey 0x00c407 VAddr 0x007f46bbc05000
 GID: 00:00:00:00:00:00:00:00:00:00:255:255:10:01:03:02
 remote address: LID 0000 QPN 0x0559 PSN 0x40d334 RKey 0x00c407 VAddr 0x007f46bbc15000
 GID: 00:00:00:00:00:00:00:00:00:00:255:255:10:01:03:02
 remote address: LID 0000 QPN 0x055a PSN 0xcf8edc RKey 0x00c407 VAddr 0x007f46bbc25000
 GID: 00:00:00:00:00:00:00:00:00:00:255:255:10:01:03:02
 remote address: LID 0000 QPN 0x055b PSN 0x2d21ea RKey 0x00c407 VAddr 0x007f46bbc35000
 GID: 00:00:00:00:00:00:00:00:00:00:255:255:10:01:03:02
 remote address: LID 0000 QPN 0x055c PSN 0xaf096 RKey 0x00c407 VAddr 0x007f46bbc45000
 GID: 00:00:00:00:00:00:00:00:00:00:255:255:10:01:03:02
 remote address: LID 0000 QPN 0x055d PSN 0x144b7 RKey 0x00c407 VAddr 0x007f46bbc55000
 GID: 00:00:00:00:00:00:00:00:00:00:255:255:10:01:03:02
 remote address: LID 0000 QPN 0x055e PSN 0x7031eb RKey 0x00c407 VAddr 0x007f46bbc65000
 GID: 00:00:00:00:00:00:00:00:00:00:255:255:10:01:03:02
 remote address: LID 0000 QPN 0x055f PSN 0x6f731 RKey 0x00c407 VAddr 0x007f46bbc75000
 GID: 00:00:00:00:00:00:00:00:00:00:255:255:10:01:03:02
 remote address: LID 0000 QPN 0x0560 PSN 0xacb0f1 RKey 0x00c407 VAddr 0x007f46bbc85000
 GID: 00:00:00:00:00:00:00:00:00:00:255:255:10:01:03:02
 remote address: LID 0000 QPN 0x0561 PSN 0x3d1de0 RKey 0x00c407 VAddr 0x007f46bbc95000
 GID: 00:00:00:00:00:00:00:00:00:00:255:255:10:01:03:02
 remote address: LID 0000 QPN 0x0562 PSN 0x8c2968 RKey 0x00c407 VAddr 0x007f46bbca5000
 GID: 00:00:00:00:00:00:00:00:00:00:255:255:10:01:03:02
 remote address: LID 0000 QPN 0x0563 PSN 0xcba2d2 RKey 0x00c407 VAddr 0x007f46bbcb5000
 GID: 00:00:00:00:00:00:00:00:00:00:255:255:10:01:03:02
 remote address: LID 0000 QPN 0x0564 PSN 0x760c7e RKey 0x00c407 VAddr 0x007f46bbcc5000
 GID: 00:00:00:00:00:00:00:00:00:00:255:255:10:01:03:02
 remote address: LID 0000 QPN 0x0565 PSN 0x5ca757 RKey 0x00c407 VAddr 0x007f46bbcd5000
 GID: 00:00:00:00:00:00:00:00:00:00:255:255:10:01:03:02
 remote address: LID 0000 QPN 0x0566 PSN 0x424ab0 RKey 0x00c407 VAddr 0x007f46bbce5000
 GID: 00:00:00:00:00:00:00:00:00:00:255:255:10:01:03:02
 remote address: LID 0000 QPN 0x0567 PSN 0xc94d2d RKey 0x00c407 VAddr 0x007f46bbcf5000
 GID: 00:00:00:00:00:00:00:00:00:00:255:255:10:01:03:02
 remote address: LID 0000 QPN 0x0568 PSN 0x90deb5 RKey 0x00c407 VAddr 0x007f46bbd05000
 GID: 00:00:00:00:00:00:00:00:00:00:255:255:10:01:03:02
 remote address: LID 0000 QPN 0x0569 PSN 0x69ecfd RKey 0x00c407 VAddr 0x007f46bbd15000
 GID: 00:00:00:00:00:00:00:00:00:00:255:255:10:01:03:02
 remote address: LID 0000 QPN 0x056a PSN 0xfd038d RKey 0x00c407 VAddr 0x007f46bbd25000
 GID: 00:00:00:00:00:00:00:00:00:00:255:255:10:01:03:02
 remote address: LID 0000 QPN 0x056b PSN 0xa35cb2 RKey 0x00c407 VAddr 0x007f46bbd35000
 GID: 00:00:00:00:00:00:00:00:00:00:255:255:10:01:03:02
 remote address: LID 0000 QPN 0x056c PSN 0x48dfe1 RKey 0x00c407 VAddr 0x007f46bbd45000
 GID: 00:00:00:00:00:00:00:00:00:00:255:255:10:01:03:02
 remote address: LID 0000 QPN 0x056d PSN 0x8e15c5 RKey 0x00c407 VAddr 0x007f46bbd55000
 GID: 00:00:00:00:00:00:00:00:00:00:255:255:10:01:03:02
 remote address: LID 0000 QPN 0x056e PSN 0xb69e0c RKey 0x00c407 VAddr 0x007f46bbd65000
 GID: 00:00:00:00:00:00:00:00:00:00:255:255:10:01:03:02
 remote address: LID 0000 QPN 0x056f PSN 0xea024d RKey 0x00c407 VAddr 0x007f46bbd75000
 GID: 00:00:00:00:00:00:00:00:00:00:255:255:10:01:03:02
 remote address: LID 0000 QPN 0x0570 PSN 0x71aa44 RKey 0x00c407 VAddr 0x007f46bbd85000
 GID: 00:00:00:00:00:00:00:00:00:00:255:255:10:01:03:02
 remote address: LID 0000 QPN 0x0571 PSN 0x761f2d RKey 0x00c407 VAddr 0x007f46bbd95000
 GID: 00:00:00:00:00:00:00:00:00:00:255:255:10:01:03:02
 remote address: LID 0000 QPN 0x0572 PSN 0xc4af6c RKey 0x00c407 VAddr 0x007f46bbda5000
 GID: 00:00:00:00:00:00:00:00:00:00:255:255:10:01:03:02
 remote address: LID 0000 QPN 0x0573 PSN 0x7de26d RKey 0x00c407 VAddr 0x007f46bbdb5000
 GID: 00:00:00:00:00:00:00:00:00:00:255:255:10:01:03:02
 remote address: LID 0000 QPN 0x0574 PSN 0xecaf57 RKey 0x00c407 VAddr 0x007f46bbdc5000
 GID: 00:00:00:00:00:00:00:00:00:00:255:255:10:01:03:02
 remote address: LID 0000 QPN 0x0575 PSN 0x8d9658 RKey 0x00c407 VAddr 0x007f46bbdd5000
 GID: 00:00:00:00:00:00:00:00:00:00:255:255:10:01:03:02
 remote address: LID 0000 QPN 0x0576 PSN 0x1e4432 RKey 0x00c407 VAddr 0x007f46bbde5000
 GID: 00:00:00:00:00:00:00:00:00:00:255:255:10:01:03:02
 remote address: LID 0000 QPN 0x0577 PSN 0xa104b0 RKey 0x00c407 VAddr 0x007f46bbdf5000
 GID: 00:00:00:00:00:00:00:00:00:00:255:255:10:01:03:02
 remote address: LID 0000 QPN 0x0578 PSN 0xe9ff2e RKey 0x00c407 VAddr 0x007f46bbe05000
 GID: 00:00:00:00:00:00:00:00:00:00:255:255:10:01:03:02
 remote address: LID 0000 QPN 0x0579 PSN 0xd88ca RKey 0x00c407 VAddr 0x007f46bbe15000
 GID: 00:00:00:00:00:00:00:00:00:00:255:255:10:01:03:02
 remote address: LID 0000 QPN 0x057a PSN 0x777b5a RKey 0x00c407 VAddr 0x007f46bbe25000
 GID: 00:00:00:00:00:00:00:00:00:00:255:255:10:01:03:02
 remote address: LID 0000 QPN 0x057b PSN 0x3ed42d RKey 0x00c407 VAddr 0x007f46bbe35000
 GID: 00:00:00:00:00:00:00:00:00:00:255:255:10:01:03:02
 remote address: LID 0000 QPN 0x057c PSN 0xae3fa RKey 0x00c407 VAddr 0x007f46bbe45000
 GID: 00:00:00:00:00:00:00:00:00:00:255:255:10:01:03:02
 remote address: LID 0000 QPN 0x057d PSN 0x4786bf RKey 0x00c407 VAddr 0x007f46bbe55000
 GID: 00:00:00:00:00:00:00:00:00:00:255:255:10:01:03:02
 remote address: LID 0000 QPN 0x057e PSN 0x4662a8 RKey 0x00c407 VAddr 0x007f46bbe65000
 GID: 00:00:00:00:00:00:00:00:00:00:255:255:10:01:03:02
 remote address: LID 0000 QPN 0x057f PSN 0x879a5d RKey 0x00c407 VAddr 0x007f46bbe75000
 GID: 00:00:00:00:00:00:00:00:00:00:255:255:10:01:03:02
 remote address: LID 0000 QPN 0x0580 PSN 0xbb73a9 RKey 0x00c407 VAddr 0x007f46bbe85000
 GID: 00:00:00:00:00:00:00:00:00:00:255:255:10:01:03:02
 remote address: LID 0000 QPN 0x0581 PSN 0xf83128 RKey 0x00c407 VAddr 0x007f46bbe95000
 GID: 00:00:00:00:00:00:00:00:00:00:255:255:10:01:03:02
 remote address: LID 0000 QPN 0x0582 PSN 0xf0061c RKey 0x00c407 VAddr 0x007f46bbea5000
 GID: 00:00:00:00:00:00:00:00:00:00:255:255:10:01:03:02
 remote address: LID 0000 QPN 0x0583 PSN 0x187ea6 RKey 0x00c407 VAddr 0x007f46bbeb5000
 GID: 00:00:00:00:00:00:00:00:00:00:255:255:10:01:03:02
 remote address: LID 0000 QPN 0x0584 PSN 0x859a8 RKey 0x00c407 VAddr 0x007f46bbec5000
 GID: 00:00:00:00:00:00:00:00:00:00:255:255:10:01:03:02
 remote address: LID 0000 QPN 0x0585 PSN 0x6a6d43 RKey 0x00c407 VAddr 0x007f46bbed5000
 GID: 00:00:00:00:00:00:00:00:00:00:255:255:10:01:03:02
 remote address: LID 0000 QPN 0x0586 PSN 0x19c483 RKey 0x00c407 VAddr 0x007f46bbee5000
 GID: 00:00:00:00:00:00:00:00:00:00:255:255:10:01:03:02
 remote address: LID 0000 QPN 0x0587 PSN 0x2fb486 RKey 0x00c407 VAddr 0x007f46bbef5000
 GID: 00:00:00:00:00:00:00:00:00:00:255:255:10:01:03:02
 remote address: LID 0000 QPN 0x0588 PSN 0x83ac8 RKey 0x00c407 VAddr 0x007f46bbf05000
 GID: 00:00:00:00:00:00:00:00:00:00:255:255:10:01:03:02
 remote address: LID 0000 QPN 0x0589 PSN 0x6bf7d6 RKey 0x00c407 VAddr 0x007f46bbf15000
 GID: 00:00:00:00:00:00:00:00:00:00:255:255:10:01:03:02
 remote address: LID 0000 QPN 0x058a PSN 0x8a1b2a RKey 0x00c407 VAddr 0x007f46bbf25000
 GID: 00:00:00:00:00:00:00:00:00:00:255:255:10:01:03:02
 remote address: LID 0000 QPN 0x058b PSN 0x7d2258 RKey 0x00c407 VAddr 0x007f46bbf35000
 GID: 00:00:00:00:00:00:00:00:00:00:255:255:10:01:03:02
 remote address: LID 0000 QPN 0x058c PSN 0xc4353e RKey 0x00c407 VAddr 0x007f46bbf45000
 GID: 00:00:00:00:00:00:00:00:00:00:255:255:10:01:03:02
 remote address: LID 0000 QPN 0x058d PSN 0x25b207 RKey 0x00c407 VAddr 0x007f46bbf55000
 GID: 00:00:00:00:00:00:00:00:00:00:255:255:10:01:03:02
 remote address: LID 0000 QPN 0x058e PSN 0x453aae RKey 0x00c407 VAddr 0x007f46bbf65000
 GID: 00:00:00:00:00:00:00:00:00:00:255:255:10:01:03:02
 remote address: LID 0000 QPN 0x058f PSN 0x9a6ac6 RKey 0x00c407 VAddr 0x007f46bbf75000
 GID: 00:00:00:00:00:00:00:00:00:00:255:255:10:01:03:02
 remote address: LID 0000 QPN 0x0590 PSN 0x811ec4 RKey 0x00c407 VAddr 0x007f46bbf85000
 GID: 00:00:00:00:00:00:00:00:00:00:255:255:10:01:03:02
 remote address: LID 0000 QPN 0x0591 PSN 0x75a1db RKey 0x00c407 VAddr 0x007f46bbf95000
 GID: 00:00:00:00:00:00:00:00:00:00:255:255:10:01:03:02
 remote address: LID 0000 QPN 0x0592 PSN 0xc4d6ef RKey 0x00c407 VAddr 0x007f46bbfa5000
 GID: 00:00:00:00:00:00:00:00:00:00:255:255:10:01:03:02
 remote address: LID 0000 QPN 0x0593 PSN 0xb9e2cc RKey 0x00c407 VAddr 0x007f46bbfb5000
 GID: 00:00:00:00:00:00:00:00:00:00:255:255:10:01:03:02
 remote address: LID 0000 QPN 0x0594 PSN 0x8342de RKey 0x00c407 VAddr 0x007f46bbfc5000
 GID: 00:00:00:00:00:00:00:00:00:00:255:255:10:01:03:02
 remote address: LID 0000 QPN 0x0595 PSN 0xe4049 RKey 0x00c407 VAddr 0x007f46bbfd5000
 GID: 00:00:00:00:00:00:00:00:00:00:255:255:10:01:03:02
 remote address: LID 0000 QPN 0x0596 PSN 0x6fc423 RKey 0x00c407 VAddr 0x007f46bbfe5000
 GID: 00:00:00:00:00:00:00:00:00:00:255:255:10:01:03:02
 remote address: LID 0000 QPN 0x0597 PSN 0x4a9e64 RKey 0x00c407 VAddr 0x007f46bbff5000
 GID: 00:00:00:00:00:00:00:00:00:00:255:255:10:01:03:02
 remote address: LID 0000 QPN 0x0598 PSN 0x8337 RKey 0x00c407 VAddr 0x007f46bc005000
 GID: 00:00:00:00:00:00:00:00:00:00:255:255:10:01:03:02
 remote address: LID 0000 QPN 0x0599 PSN 0xfe4efa RKey 0x00c407 VAddr 0x007f46bc015000
 GID: 00:00:00:00:00:00:00:00:00:00:255:255:10:01:03:02
 remote address: LID 0000 QPN 0x059a PSN 0xed1306 RKey 0x00c407 VAddr 0x007f46bc025000
 GID: 00:00:00:00:00:00:00:00:00:00:255:255:10:01:03:02
 remote address: LID 0000 QPN 0x059b PSN 0xc85dd4 RKey 0x00c407 VAddr 0x007f46bc035000
 GID: 00:00:00:00:00:00:00:00:00:00:255:255:10:01:03:02
 remote address: LID 0000 QPN 0x059c PSN 0x10dc2a RKey 0x00c407 VAddr 0x007f46bc045000
 GID: 00:00:00:00:00:00:00:00:00:00:255:255:10:01:03:02
 remote address: LID 0000 QPN 0x059d PSN 0xfe0fa0 RKey 0x00c407 VAddr 0x007f46bc055000
 GID: 00:00:00:00:00:00:00:00:00:00:255:255:10:01:03:02
 remote address: LID 0000 QPN 0x059e PSN 0xb77e2f RKey 0x00c407 VAddr 0x007f46bc065000
 GID: 00:00:00:00:00:00:00:00:00:00:255:255:10:01:03:02
 remote address: LID 0000 QPN 0x059f PSN 0x50c590 RKey 0x00c407 VAddr 0x007f46bc075000
 GID: 00:00:00:00:00:00:00:00:00:00:255:255:10:01:03:02
 remote address: LID 0000 QPN 0x05a0 PSN 0x2b6f5c RKey 0x00c407 VAddr 0x007f46bc085000
 GID: 00:00:00:00:00:00:00:00:00:00:255:255:10:01:03:02
 remote address: LID 0000 QPN 0x05a1 PSN 0x9256f0 RKey 0x00c407 VAddr 0x007f46bc095000
 GID: 00:00:00:00:00:00:00:00:00:00:255:255:10:01:03:02
 remote address: LID 0000 QPN 0x05a2 PSN 0x911a7e RKey 0x00c407 VAddr 0x007f46bc0a5000
 GID: 00:00:00:00:00:00:00:00:00:00:255:255:10:01:03:02
 remote address: LID 0000 QPN 0x05a3 PSN 0x83eacd RKey 0x00c407 VAddr 0x007f46bc0b5000
 GID: 00:00:00:00:00:00:00:00:00:00:255:255:10:01:03:02
 remote address: LID 0000 QPN 0x05a4 PSN 0x3e5686 RKey 0x00c407 VAddr 0x007f46bc0c5000
 GID: 00:00:00:00:00:00:00:00:00:00:255:255:10:01:03:02
 remote address: LID 0000 QPN 0x05a5 PSN 0x63953d RKey 0x00c407 VAddr 0x007f46bc0d5000
 GID: 00:00:00:00:00:00:00:00:00:00:255:255:10:01:03:02
 remote address: LID 0000 QPN 0x05a6 PSN 0x445cb2 RKey 0x00c407 VAddr 0x007f46bc0e5000
 GID: 00:00:00:00:00:00:00:00:00:00:255:255:10:01:03:02
 remote address: LID 0000 QPN 0x05a7 PSN 0x4cdea3 RKey 0x00c407 VAddr 0x007f46bc0f5000
 GID: 00:00:00:00:00:00:00:00:00:00:255:255:10:01:03:02
 remote address: LID 0000 QPN 0x05a8 PSN 0xd1a050 RKey 0x00c407 VAddr 0x007f46bc105000
 GID: 00:00:00:00:00:00:00:00:00:00:255:255:10:01:03:02
 remote address: LID 0000 QPN 0x05a9 PSN 0xae8eb3 RKey 0x00c407 VAddr 0x007f46bc115000
 GID: 00:00:00:00:00:00:00:00:00:00:255:255:10:01:03:02
 remote address: LID 0000 QPN 0x05aa PSN 0x9ea617 RKey 0x00c407 VAddr 0x007f46bc125000
 GID: 00:00:00:00:00:00:00:00:00:00:255:255:10:01:03:02
 remote address: LID 0000 QPN 0x05ab PSN 0xf81dd RKey 0x00c407 VAddr 0x007f46bc135000
 GID: 00:00:00:00:00:00:00:00:00:00:255:255:10:01:03:02
 remote address: LID 0000 QPN 0x05ac PSN 0x9f959 RKey 0x00c407 VAddr 0x007f46bc145000
 GID: 00:00:00:00:00:00:00:00:00:00:255:255:10:01:03:02
 remote address: LID 0000 QPN 0x05ad PSN 0x161d2c RKey 0x00c407 VAddr 0x007f46bc155000
 GID: 00:00:00:00:00:00:00:00:00:00:255:255:10:01:03:02
 remote address: LID 0000 QPN 0x05ae PSN 0xe1aa5c RKey 0x00c407 VAddr 0x007f46bc165000
 GID: 00:00:00:00:00:00:00:00:00:00:255:255:10:01:03:02
 remote address: LID 0000 QPN 0x05af PSN 0x38b61 RKey 0x00c407 VAddr 0x007f46bc175000
 GID: 00:00:00:00:00:00:00:00:00:00:255:255:10:01:03:02
 remote address: LID 0000 QPN 0x05b0 PSN 0xe5a353 RKey 0x00c407 VAddr 0x007f46bc185000
 GID: 00:00:00:00:00:00:00:00:00:00:255:255:10:01:03:02
 remote address: LID 0000 QPN 0x05b1 PSN 0xf8f5b2 RKey 0x00c407 VAddr 0x007f46bc195000
 GID: 00:00:00:00:00:00:00:00:00:00:255:255:10:01:03:02
 remote address: LID 0000 QPN 0x05b2 PSN 0x2c2083 RKey 0x00c407 VAddr 0x007f46bc1a5000
 GID: 00:00:00:00:00:00:00:00:00:00:255:255:10:01:03:02
 remote address: LID 0000 QPN 0x05b3 PSN 0xd94b36 RKey 0x00c407 VAddr 0x007f46bc1b5000
 GID: 00:00:00:00:00:00:00:00:00:00:255:255:10:01:03:02
 remote address: LID 0000 QPN 0x05b4 PSN 0xd67c4c RKey 0x00c407 VAddr 0x007f46bc1c5000
 GID: 00:00:00:00:00:00:00:00:00:00:255:255:10:01:03:02
 remote address: LID 0000 QPN 0x05b5 PSN 0x640b92 RKey 0x00c407 VAddr 0x007f46bc1d5000
 GID: 00:00:00:00:00:00:00:00:00:00:255:255:10:01:03:02
 remote address: LID 0000 QPN 0x05b6 PSN 0xaf50f1 RKey 0x00c407 VAddr 0x007f46bc1e5000
 GID: 00:00:00:00:00:00:00:00:00:00:255:255:10:01:03:02
 remote address: LID 0000 QPN 0x05b7 PSN 0xc35437 RKey 0x00c407 VAddr 0x007f46bc1f5000
 GID: 00:00:00:00:00:00:00:00:00:00:255:255:10:01:03:02
 remote address: LID 0000 QPN 0x05b8 PSN 0x5f807 RKey 0x00c407 VAddr 0x007f46bc205000
 GID: 00:00:00:00:00:00:00:00:00:00:255:255:10:01:03:02
 remote address: LID 0000 QPN 0x05b9 PSN 0x69cb19 RKey 0x00c407 VAddr 0x007f46bc215000
 GID: 00:00:00:00:00:00:00:00:00:00:255:255:10:01:03:02
 remote address: LID 0000 QPN 0x05ba PSN 0xe32a5 RKey 0x00c407 VAddr 0x007f46bc225000
 GID: 00:00:00:00:00:00:00:00:00:00:255:255:10:01:03:02
 remote address: LID 0000 QPN 0x05bb PSN 0x48d653 RKey 0x00c407 VAddr 0x007f46bc235000
 GID: 00:00:00:00:00:00:00:00:00:00:255:255:10:01:03:02
 remote address: LID 0000 QPN 0x05bc PSN 0x3c0d88 RKey 0x00c407 VAddr 0x007f46bc245000
 GID: 00:00:00:00:00:00:00:00:00:00:255:255:10:01:03:02
 remote address: LID 0000 QPN 0x05bd PSN 0xb005ee RKey 0x00c407 VAddr 0x007f46bc255000
 GID: 00:00:00:00:00:00:00:00:00:00:255:255:10:01:03:02
 remote address: LID 0000 QPN 0x05be PSN 0x1be985 RKey 0x00c407 VAddr 0x007f46bc265000
 GID: 00:00:00:00:00:00:00:00:00:00:255:255:10:01:03:02
 remote address: LID 0000 QPN 0x05bf PSN 0x77137e RKey 0x00c407 VAddr 0x007f46bc275000
 GID: 00:00:00:00:00:00:00:00:00:00:255:255:10:01:03:02
 remote address: LID 0000 QPN 0x05c0 PSN 0xb03aaf RKey 0x00c407 VAddr 0x007f46bc285000
 GID: 00:00:00:00:00:00:00:00:00:00:255:255:10:01:03:02
 remote address: LID 0000 QPN 0x05c1 PSN 0xa0b0b RKey 0x00c407 VAddr 0x007f46bc295000
 GID: 00:00:00:00:00:00:00:00:00:00:255:255:10:01:03:02
 remote address: LID 0000 QPN 0x05c2 PSN 0x7a97d4 RKey 0x00c407 VAddr 0x007f46bc2a5000
 GID: 00:00:00:00:00:00:00:00:00:00:255:255:10:01:03:02
 remote address: LID 0000 QPN 0x05c3 PSN 0xc4f938 RKey 0x00c407 VAddr 0x007f46bc2b5000
 GID: 00:00:00:00:00:00:00:00:00:00:255:255:10:01:03:02
 remote address: LID 0000 QPN 0x05c4 PSN 0x1bdffc RKey 0x00c407 VAddr 0x007f46bc2c5000
 GID: 00:00:00:00:00:00:00:00:00:00:255:255:10:01:03:02
 remote address: LID 0000 QPN 0x05c5 PSN 0x92045a RKey 0x00c407 VAddr 0x007f46bc2d5000
 GID: 00:00:00:00:00:00:00:00:00:00:255:255:10:01:03:02
 remote address: LID 0000 QPN 0x05c6 PSN 0x7894c1 RKey 0x00c407 VAddr 0x007f46bc2e5000
 GID: 00:00:00:00:00:00:00:00:00:00:255:255:10:01:03:02
 remote address: LID 0000 QPN 0x05c7 PSN 0xe288b8 RKey 0x00c407 VAddr 0x007f46bc2f5000
 GID: 00:00:00:00:00:00:00:00:00:00:255:255:10:01:03:02
 remote address: LID 0000 QPN 0x05c8 PSN 0x575671 RKey 0x00c407 VAddr 0x007f46bc305000
 GID: 00:00:00:00:00:00:00:00:00:00:255:255:10:01:03:02
 remote address: LID 0000 QPN 0x05c9 PSN 0x8c53e8 RKey 0x00c407 VAddr 0x007f46bc315000
 GID: 00:00:00:00:00:00:00:00:00:00:255:255:10:01:03:02
 remote address: LID 0000 QPN 0x05ca PSN 0x193a18 RKey 0x00c407 VAddr 0x007f46bc325000
 GID: 00:00:00:00:00:00:00:00:00:00:255:255:10:01:03:02
 remote address: LID 0000 QPN 0x05cb PSN 0x5e57b5 RKey 0x00c407 VAddr 0x007f46bc335000
 GID: 00:00:00:00:00:00:00:00:00:00:255:255:10:01:03:02
 remote address: LID 0000 QPN 0x05cc PSN 0xbf4195 RKey 0x00c407 VAddr 0x007f46bc345000
 GID: 00:00:00:00:00:00:00:00:00:00:255:255:10:01:03:02
 remote address: LID 0000 QPN 0x05cd PSN 0x114ac8 RKey 0x00c407 VAddr 0x007f46bc355000
 GID: 00:00:00:00:00:00:00:00:00:00:255:255:10:01:03:02
 remote address: LID 0000 QPN 0x05ce PSN 0x979b1b RKey 0x00c407 VAddr 0x007f46bc365000
 GID: 00:00:00:00:00:00:00:00:00:00:255:255:10:01:03:02
 remote address: LID 0000 QPN 0x05cf PSN 0x2613d0 RKey 0x00c407 VAddr 0x007f46bc375000
 GID: 00:00:00:00:00:00:00:00:00:00:255:255:10:01:03:02
 remote address: LID 0000 QPN 0x05d0 PSN 0xb5bf94 RKey 0x00c407 VAddr 0x007f46bc385000
 GID: 00:00:00:00:00:00:00:00:00:00:255:255:10:01:03:02
 remote address: LID 0000 QPN 0x05d1 PSN 0xa53387 RKey 0x00c407 VAddr 0x007f46bc395000
 GID: 00:00:00:00:00:00:00:00:00:00:255:255:10:01:03:02
 remote address: LID 0000 QPN 0x05d2 PSN 0x4966c RKey 0x00c407 VAddr 0x007f46bc3a5000
 GID: 00:00:00:00:00:00:00:00:00:00:255:255:10:01:03:02
 remote address: LID 0000 QPN 0x05d3 PSN 0xb92a1 RKey 0x00c407 VAddr 0x007f46bc3b5000
 GID: 00:00:00:00:00:00:00:00:00:00:255:255:10:01:03:02
 remote address: LID 0000 QPN 0x05d4 PSN 0xeb3984 RKey 0x00c407 VAddr 0x007f46bc3c5000
 GID: 00:00:00:00:00:00:00:00:00:00:255:255:10:01:03:02
 remote address: LID 0000 QPN 0x05d5 PSN 0x2c4a47 RKey 0x00c407 VAddr 0x007f46bc3d5000
 GID: 00:00:00:00:00:00:00:00:00:00:255:255:10:01:03:02
 remote address: LID 0000 QPN 0x05d6 PSN 0x6d521 RKey 0x00c407 VAddr 0x007f46bc3e5000
 GID: 00:00:00:00:00:00:00:00:00:00:255:255:10:01:03:02
 remote address: LID 0000 QPN 0x05d7 PSN 0x46985c RKey 0x00c407 VAddr 0x007f46bc3f5000
 GID: 00:00:00:00:00:00:00:00:00:00:255:255:10:01:03:02
 remote address: LID 0000 QPN 0x05d8 PSN 0xd4b5c2 RKey 0x00c407 VAddr 0x007f46bc405000
 GID: 00:00:00:00:00:00:00:00:00:00:255:255:10:01:03:02
 remote address: LID 0000 QPN 0x05d9 PSN 0xa7dc7a RKey 0x00c407 VAddr 0x007f46bc415000
 GID: 00:00:00:00:00:00:00:00:00:00:255:255:10:01:03:02
 remote address: LID 0000 QPN 0x05da PSN 0x5a68fa RKey 0x00c407 VAddr 0x007f46bc425000
 GID: 00:00:00:00:00:00:00:00:00:00:255:255:10:01:03:02
 remote address: LID 0000 QPN 0x05db PSN 0x41f20 RKey 0x00c407 VAddr 0x007f46bc435000
 GID: 00:00:00:00:00:00:00:00:00:00:255:255:10:01:03:02
 remote address: LID 0000 QPN 0x05dc PSN 0xf1ae7b RKey 0x00c407 VAddr 0x007f46bc445000
 GID: 00:00:00:00:00:00:00:00:00:00:255:255:10:01:03:02
 remote address: LID 0000 QPN 0x05dd PSN 0x836a3d RKey 0x00c407 VAddr 0x007f46bc455000
 GID: 00:00:00:00:00:00:00:00:00:00:255:255:10:01:03:02
 remote address: LID 0000 QPN 0x05de PSN 0x96dbae RKey 0x00c407 VAddr 0x007f46bc465000
 GID: 00:00:00:00:00:00:00:00:00:00:255:255:10:01:03:02
 remote address: LID 0000 QPN 0x05df PSN 0x1688dc RKey 0x00c407 VAddr 0x007f46bc475000
 GID: 00:00:00:00:00:00:00:00:00:00:255:255:10:01:03:02
 remote address: LID 0000 QPN 0x05e0 PSN 0x618e47 RKey 0x00c407 VAddr 0x007f46bc485000
 GID: 00:00:00:00:00:00:00:00:00:00:255:255:10:01:03:02
 remote address: LID 0000 QPN 0x05e1 PSN 0x8c434e RKey 0x00c407 VAddr 0x007f46bc495000
 GID: 00:00:00:00:00:00:00:00:00:00:255:255:10:01:03:02
 remote address: LID 0000 QPN 0x05e2 PSN 0x1da161 RKey 0x00c407 VAddr 0x007f46bc4a5000
 GID: 00:00:00:00:00:00:00:00:00:00:255:255:10:01:03:02
 remote address: LID 0000 QPN 0x05e3 PSN 0x66c5de RKey 0x00c407 VAddr 0x007f46bc4b5000
 GID: 00:00:00:00:00:00:00:00:00:00:255:255:10:01:03:02
 remote address: LID 0000 QPN 0x05e4 PSN 0xe914ef RKey 0x00c407 VAddr 0x007f46bc4c5000
 GID: 00:00:00:00:00:00:00:00:00:00:255:255:10:01:03:02
 remote address: LID 0000 QPN 0x05e5 PSN 0x9bb9ac RKey 0x00c407 VAddr 0x007f46bc4d5000
 GID: 00:00:00:00:00:00:00:00:00:00:255:255:10:01:03:02
 remote address: LID 0000 QPN 0x05e6 PSN 0x0033 RKey 0x00c407 VAddr 0x007f46bc4e5000
 GID: 00:00:00:00:00:00:00:00:00:00:255:255:10:01:03:02
 remote address: LID 0000 QPN 0x05e7 PSN 0x7d19f9 RKey 0x00c407 VAddr 0x007f46bc4f5000
 GID: 00:00:00:00:00:00:00:00:00:00:255:255:10:01:03:02
 remote address: LID 0000 QPN 0x05e8 PSN 0xa064f RKey 0x00c407 VAddr 0x007f46bc505000
 GID: 00:00:00:00:00:00:00:00:00:00:255:255:10:01:03:02
 remote address: LID 0000 QPN 0x05e9 PSN 0x23a3ca RKey 0x00c407 VAddr 0x007f46bc515000
 GID: 00:00:00:00:00:00:00:00:00:00:255:255:10:01:03:02
 remote address: LID 0000 QPN 0x05ea PSN 0x4a9ef2 RKey 0x00c407 VAddr 0x007f46bc525000
 GID: 00:00:00:00:00:00:00:00:00:00:255:255:10:01:03:02
 remote address: LID 0000 QPN 0x05eb PSN 0xf8ca53 RKey 0x00c407 VAddr 0x007f46bc535000
 GID: 00:00:00:00:00:00:00:00:00:00:255:255:10:01:03:02
 remote address: LID 0000 QPN 0x05ec PSN 0x53a557 RKey 0x00c407 VAddr 0x007f46bc545000
 GID: 00:00:00:00:00:00:00:00:00:00:255:255:10:01:03:02
 remote address: LID 0000 QPN 0x05ed PSN 0xce886f RKey 0x00c407 VAddr 0x007f46bc555000
 GID: 00:00:00:00:00:00:00:00:00:00:255:255:10:01:03:02
 remote address: LID 0000 QPN 0x05ee PSN 0x960cef RKey 0x00c407 VAddr 0x007f46bc565000
 GID: 00:00:00:00:00:00:00:00:00:00:255:255:10:01:03:02
 remote address: LID 0000 QPN 0x05ef PSN 0xb89dc9 RKey 0x00c407 VAddr 0x007f46bc575000
 GID: 00:00:00:00:00:00:00:00:00:00:255:255:10:01:03:02
 remote address: LID 0000 QPN 0x05f0 PSN 0xb89d2b RKey 0x00c407 VAddr 0x007f46bc585000
 GID: 00:00:00:00:00:00:00:00:00:00:255:255:10:01:03:02
 remote address: LID 0000 QPN 0x05f1 PSN 0xe06e2d RKey 0x00c407 VAddr 0x007f46bc595000
 GID: 00:00:00:00:00:00:00:00:00:00:255:255:10:01:03:02
 remote address: LID 0000 QPN 0x05f2 PSN 0x1eb4ee RKey 0x00c407 VAddr 0x007f46bc5a5000
 GID: 00:00:00:00:00:00:00:00:00:00:255:255:10:01:03:02
 remote address: LID 0000 QPN 0x05f3 PSN 0x6ab9ff RKey 0x00c407 VAddr 0x007f46bc5b5000
 GID: 00:00:00:00:00:00:00:00:00:00:255:255:10:01:03:02
 remote address: LID 0000 QPN 0x05f4 PSN 0x9f1a6a RKey 0x00c407 VAddr 0x007f46bc5c5000
 GID: 00:00:00:00:00:00:00:00:00:00:255:255:10:01:03:02
 remote address: LID 0000 QPN 0x05f5 PSN 0x9ae87b RKey 0x00c407 VAddr 0x007f46bc5d5000
 GID: 00:00:00:00:00:00:00:00:00:00:255:255:10:01:03:02
 remote address: LID 0000 QPN 0x05f6 PSN 0x1bcd37 RKey 0x00c407 VAddr 0x007f46bc5e5000
 GID: 00:00:00:00:00:00:00:00:00:00:255:255:10:01:03:02
 remote address: LID 0000 QPN 0x05f7 PSN 0xd90707 RKey 0x00c407 VAddr 0x007f46bc5f5000
 GID: 00:00:00:00:00:00:00:00:00:00:255:255:10:01:03:02
 remote address: LID 0000 QPN 0x05f8 PSN 0xa9f68c RKey 0x00c407 VAddr 0x007f46bc605000
 GID: 00:00:00:00:00:00:00:00:00:00:255:255:10:01:03:02
 remote address: LID 0000 QPN 0x05f9 PSN 0x369c71 RKey 0x00c407 VAddr 0x007f46bc615000
 GID: 00:00:00:00:00:00:00:00:00:00:255:255:10:01:03:02
 remote address: LID 0000 QPN 0x05fa PSN 0xb3f6c9 RKey 0x00c407 VAddr 0x007f46bc625000
 GID: 00:00:00:00:00:00:00:00:00:00:255:255:10:01:03:02
 remote address: LID 0000 QPN 0x05fb PSN 0x2fe3ac RKey 0x00c407 VAddr 0x007f46bc635000
 GID: 00:00:00:00:00:00:00:00:00:00:255:255:10:01:03:02
 remote address: LID 0000 QPN 0x05fc PSN 0x5f765 RKey 0x00c407 VAddr 0x007f46bc645000
 GID: 00:00:00:00:00:00:00:00:00:00:255:255:10:01:03:02
 remote address: LID 0000 QPN 0x05fd PSN 0xae1720 RKey 0x00c407 VAddr 0x007f46bc655000
 GID: 00:00:00:00:00:00:00:00:00:00:255:255:10:01:03:02
 remote address: LID 0000 QPN 0x05fe PSN 0xe75dae RKey 0x00c407 VAddr 0x007f46bc665000
 GID: 00:00:00:00:00:00:00:00:00:00:255:255:10:01:03:02
 remote address: LID 0000 QPN 0x05ff PSN 0x4f945d RKey 0x00c407 VAddr 0x007f46bc675000
 GID: 00:00:00:00:00:00:00:00:00:00:255:255:10:01:03:02
 remote address: LID 0000 QPN 0x0600 PSN 0x7444c6 RKey 0x00c407 VAddr 0x007f46bc685000
 GID: 00:00:00:00:00:00:00:00:00:00:255:255:10:01:03:02
 remote address: LID 0000 QPN 0x0601 PSN 0x396f8c RKey 0x00c407 VAddr 0x007f46bc695000
 GID: 00:00:00:00:00:00:00:00:00:00:255:255:10:01:03:02
 remote address: LID 0000 QPN 0x0602 PSN 0x324c6a RKey 0x00c407 VAddr 0x007f46bc6a5000
 GID: 00:00:00:00:00:00:00:00:00:00:255:255:10:01:03:02
 remote address: LID 0000 QPN 0x0603 PSN 0x9576b1 RKey 0x00c407 VAddr 0x007f46bc6b5000
 GID: 00:00:00:00:00:00:00:00:00:00:255:255:10:01:03:02
 remote address: LID 0000 QPN 0x0604 PSN 0x7b5643 RKey 0x00c407 VAddr 0x007f46bc6c5000
 GID: 00:00:00:00:00:00:00:00:00:00:255:255:10:01:03:02
 remote address: LID 0000 QPN 0x0605 PSN 0x97ce48 RKey 0x00c407 VAddr 0x007f46bc6d5000
 GID: 00:00:00:00:00:00:00:00:00:00:255:255:10:01:03:02
 remote address: LID 0000 QPN 0x0606 PSN 0xa8448d RKey 0x00c407 VAddr 0x007f46bc6e5000
 GID: 00:00:00:00:00:00:00:00:00:00:255:255:10:01:03:02
 remote address: LID 0000 QPN 0x0607 PSN 0x10a39b RKey 0x00c407 VAddr 0x007f46bc6f5000
 GID: 00:00:00:00:00:00:00:00:00:00:255:255:10:01:03:02
 remote address: LID 0000 QPN 0x0608 PSN 0x39bb0e RKey 0x00c407 VAddr 0x007f46bc705000
 GID: 00:00:00:00:00:00:00:00:00:00:255:255:10:01:03:02
 remote address: LID 0000 QPN 0x0609 PSN 0xbb94ac RKey 0x00c407 VAddr 0x007f46bc715000
 GID: 00:00:00:00:00:00:00:00:00:00:255:255:10:01:03:02
 remote address: LID 0000 QPN 0x060a PSN 0xf6ce68 RKey 0x00c407 VAddr 0x007f46bc725000
 GID: 00:00:00:00:00:00:00:00:00:00:255:255:10:01:03:02
 remote address: LID 0000 QPN 0x060b PSN 0x664a2b RKey 0x00c407 VAddr 0x007f46bc735000
 GID: 00:00:00:00:00:00:00:00:00:00:255:255:10:01:03:02
 remote address: LID 0000 QPN 0x060c PSN 0x6a3e02 RKey 0x00c407 VAddr 0x007f46bc745000
 GID: 00:00:00:00:00:00:00:00:00:00:255:255:10:01:03:02
 remote address: LID 0000 QPN 0x060d PSN 0xbf7db4 RKey 0x00c407 VAddr 0x007f46bc755000
 GID: 00:00:00:00:00:00:00:00:00:00:255:255:10:01:03:02
 remote address: LID 0000 QPN 0x060e PSN 0x4051dc RKey 0x00c407 VAddr 0x007f46bc765000
 GID: 00:00:00:00:00:00:00:00:00:00:255:255:10:01:03:02
 remote address: LID 0000 QPN 0x060f PSN 0x64acfe RKey 0x00c407 VAddr 0x007f46bc775000
 GID: 00:00:00:00:00:00:00:00:00:00:255:255:10:01:03:02
 remote address: LID 0000 QPN 0x0610 PSN 0x5f07bc RKey 0x00c407 VAddr 0x007f46bc785000
 GID: 00:00:00:00:00:00:00:00:00:00:255:255:10:01:03:02
 remote address: LID 0000 QPN 0x0611 PSN 0xd6b278 RKey 0x00c407 VAddr 0x007f46bc795000
 GID: 00:00:00:00:00:00:00:00:00:00:255:255:10:01:03:02
 remote address: LID 0000 QPN 0x0612 PSN 0x326a4e RKey 0x00c407 VAddr 0x007f46bc7a5000
 GID: 00:00:00:00:00:00:00:00:00:00:255:255:10:01:03:02
 remote address: LID 0000 QPN 0x0613 PSN 0x84c44 RKey 0x00c407 VAddr 0x007f46bc7b5000
 GID: 00:00:00:00:00:00:00:00:00:00:255:255:10:01:03:02
 remote address: LID 0000 QPN 0x0614 PSN 0x3180e4 RKey 0x00c407 VAddr 0x007f46bc7c5000
 GID: 00:00:00:00:00:00:00:00:00:00:255:255:10:01:03:02
 remote address: LID 0000 QPN 0x0615 PSN 0xcf6c44 RKey 0x00c407 VAddr 0x007f46bc7d5000
 GID: 00:00:00:00:00:00:00:00:00:00:255:255:10:01:03:02
 remote address: LID 0000 QPN 0x0616 PSN 0x4047b6 RKey 0x00c407 VAddr 0x007f46bc7e5000
 GID: 00:00:00:00:00:00:00:00:00:00:255:255:10:01:03:02
 remote address: LID 0000 QPN 0x0617 PSN 0x25666c RKey 0x00c407 VAddr 0x007f46bc7f5000
 GID: 00:00:00:00:00:00:00:00:00:00:255:255:10:01:03:02
 remote address: LID 0000 QPN 0x0618 PSN 0x3ed68a RKey 0x00c407 VAddr 0x007f46bc805000
 GID: 00:00:00:00:00:00:00:00:00:00:255:255:10:01:03:02
 remote address: LID 0000 QPN 0x0619 PSN 0x5f5e53 RKey 0x00c407 VAddr 0x007f46bc815000
 GID: 00:00:00:00:00:00:00:00:00:00:255:255:10:01:03:02
 remote address: LID 0000 QPN 0x061a PSN 0xa0ced7 RKey 0x00c407 VAddr 0x007f46bc825000
 GID: 00:00:00:00:00:00:00:00:00:00:255:255:10:01:03:02
 remote address: LID 0000 QPN 0x061b PSN 0xa0996e RKey 0x00c407 VAddr 0x007f46bc835000
 GID: 00:00:00:00:00:00:00:00:00:00:255:255:10:01:03:02
 remote address: LID 0000 QPN 0x061c PSN 0x6522aa RKey 0x00c407 VAddr 0x007f46bc845000
 GID: 00:00:00:00:00:00:00:00:00:00:255:255:10:01:03:02
 remote address: LID 0000 QPN 0x061d PSN 0x6ac12d RKey 0x00c407 VAddr 0x007f46bc855000
 GID: 00:00:00:00:00:00:00:00:00:00:255:255:10:01:03:02
 remote address: LID 0000 QPN 0x061e PSN 0xb94a89 RKey 0x00c407 VAddr 0x007f46bc865000
 GID: 00:00:00:00:00:00:00:00:00:00:255:255:10:01:03:02
 remote address: LID 0000 QPN 0x061f PSN 0xc40eb4 RKey 0x00c407 VAddr 0x007f46bc875000
 GID: 00:00:00:00:00:00:00:00:00:00:255:255:10:01:03:02
 remote address: LID 0000 QPN 0x0620 PSN 0x735ad2 RKey 0x00c407 VAddr 0x007f46bc885000
 GID: 00:00:00:00:00:00:00:00:00:00:255:255:10:01:03:02
 remote address: LID 0000 QPN 0x0621 PSN 0x6a799a RKey 0x00c407 VAddr 0x007f46bc895000
 GID: 00:00:00:00:00:00:00:00:00:00:255:255:10:01:03:02
 remote address: LID 0000 QPN 0x0622 PSN 0x18a032 RKey 0x00c407 VAddr 0x007f46bc8a5000
 GID: 00:00:00:00:00:00:00:00:00:00:255:255:10:01:03:02
 remote address: LID 0000 QPN 0x0623 PSN 0x6b3ba6 RKey 0x00c407 VAddr 0x007f46bc8b5000
 GID: 00:00:00:00:00:00:00:00:00:00:255:255:10:01:03:02
 remote address: LID 0000 QPN 0x0624 PSN 0xfe46db RKey 0x00c407 VAddr 0x007f46bc8c5000
 GID: 00:00:00:00:00:00:00:00:00:00:255:255:10:01:03:02
 remote address: LID 0000 QPN 0x0625 PSN 0xa37541 RKey 0x00c407 VAddr 0x007f46bc8d5000
 GID: 00:00:00:00:00:00:00:00:00:00:255:255:10:01:03:02
 remote address: LID 0000 QPN 0x0626 PSN 0x341953 RKey 0x00c407 VAddr 0x007f46bc8e5000
 GID: 00:00:00:00:00:00:00:00:00:00:255:255:10:01:03:02
 remote address: LID 0000 QPN 0x0627 PSN 0x15e0d1 RKey 0x00c407 VAddr 0x007f46bc8f5000
 GID: 00:00:00:00:00:00:00:00:00:00:255:255:10:01:03:02
 remote address: LID 0000 QPN 0x0628 PSN 0x6ee1d2 RKey 0x00c407 VAddr 0x007f46bc905000
 GID: 00:00:00:00:00:00:00:00:00:00:255:255:10:01:03:02
 remote address: LID 0000 QPN 0x0629 PSN 0xa8f6e2 RKey 0x00c407 VAddr 0x007f46bc915000
 GID: 00:00:00:00:00:00:00:00:00:00:255:255:10:01:03:02
 remote address: LID 0000 QPN 0x062a PSN 0xd5f43e RKey 0x00c407 VAddr 0x007f46bc925000
 GID: 00:00:00:00:00:00:00:00:00:00:255:255:10:01:03:02
 remote address: LID 0000 QPN 0x062b PSN 0x1391b3 RKey 0x00c407 VAddr 0x007f46bc935000
 GID: 00:00:00:00:00:00:00:00:00:00:255:255:10:01:03:02
 remote address: LID 0000 QPN 0x062c PSN 0xc2a6fb RKey 0x00c407 VAddr 0x007f46bc945000
 GID: 00:00:00:00:00:00:00:00:00:00:255:255:10:01:03:02
 remote address: LID 0000 QPN 0x062d PSN 0x452c2d RKey 0x00c407 VAddr 0x007f46bc955000
 GID: 00:00:00:00:00:00:00:00:00:00:255:255:10:01:03:02
 remote address: LID 0000 QPN 0x062e PSN 0xbf0de6 RKey 0x00c407 VAddr 0x007f46bc965000
 GID: 00:00:00:00:00:00:00:00:00:00:255:255:10:01:03:02
 remote address: LID 0000 QPN 0x062f PSN 0x83af25 RKey 0x00c407 VAddr 0x007f46bc975000
 GID: 00:00:00:00:00:00:00:00:00:00:255:255:10:01:03:02
 remote address: LID 0000 QPN 0x0630 PSN 0x3c6ceb RKey 0x00c407 VAddr 0x007f46bc985000
 GID: 00:00:00:00:00:00:00:00:00:00:255:255:10:01:03:02
 remote address: LID 0000 QPN 0x0631 PSN 0xff073d RKey 0x00c407 VAddr 0x007f46bc995000
 GID: 00:00:00:00:00:00:00:00:00:00:255:255:10:01:03:02
 remote address: LID 0000 QPN 0x0632 PSN 0x8016cf RKey 0x00c407 VAddr 0x007f46bc9a5000
 GID: 00:00:00:00:00:00:00:00:00:00:255:255:10:01:03:02
 remote address: LID 0000 QPN 0x0633 PSN 0x7a5e65 RKey 0x00c407 VAddr 0x007f46bc9b5000
 GID: 00:00:00:00:00:00:00:00:00:00:255:255:10:01:03:02
 remote address: LID 0000 QPN 0x0634 PSN 0x4c90d4 RKey 0x00c407 VAddr 0x007f46bc9c5000
 GID: 00:00:00:00:00:00:00:00:00:00:255:255:10:01:03:02
 remote address: LID 0000 QPN 0x0635 PSN 0xa9f5b4 RKey 0x00c407 VAddr 0x007f46bc9d5000
 GID: 00:00:00:00:00:00:00:00:00:00:255:255:10:01:03:02
 remote address: LID 0000 QPN 0x0636 PSN 0x23e524 RKey 0x00c407 VAddr 0x007f46bc9e5000
 GID: 00:00:00:00:00:00:00:00:00:00:255:255:10:01:03:02
 remote address: LID 0000 QPN 0x0637 PSN 0xd9a6bf RKey 0x00c407 VAddr 0x007f46bc9f5000
 GID: 00:00:00:00:00:00:00:00:00:00:255:255:10:01:03:02
 remote address: LID 0000 QPN 0x0638 PSN 0x6153de RKey 0x00c407 VAddr 0x007f46bca05000
 GID: 00:00:00:00:00:00:00:00:00:00:255:255:10:01:03:02
 remote address: LID 0000 QPN 0x0639 PSN 0x5baf73 RKey 0x00c407 VAddr 0x007f46bca15000
 GID: 00:00:00:00:00:00:00:00:00:00:255:255:10:01:03:02
 remote address: LID 0000 QPN 0x063a PSN 0xb95e7 RKey 0x00c407 VAddr 0x007f46bca25000
 GID: 00:00:00:00:00:00:00:00:00:00:255:255:10:01:03:02
 remote address: LID 0000 QPN 0x063b PSN 0xf67fd8 RKey 0x00c407 VAddr 0x007f46bca35000
 GID: 00:00:00:00:00:00:00:00:00:00:255:255:10:01:03:02
 remote address: LID 0000 QPN 0x063c PSN 0x3c6cb0 RKey 0x00c407 VAddr 0x007f46bca45000
 GID: 00:00:00:00:00:00:00:00:00:00:255:255:10:01:03:02
 remote address: LID 0000 QPN 0x063d PSN 0x6df6f6 RKey 0x00c407 VAddr 0x007f46bca55000
 GID: 00:00:00:00:00:00:00:00:00:00:255:255:10:01:03:02
 remote address: LID 0000 QPN 0x063e PSN 0x764f42 RKey 0x00c407 VAddr 0x007f46bca65000
 GID: 00:00:00:00:00:00:00:00:00:00:255:255:10:01:03:02
 remote address: LID 0000 QPN 0x063f PSN 0x943a97 RKey 0x00c407 VAddr 0x007f46bca75000
 GID: 00:00:00:00:00:00:00:00:00:00:255:255:10:01:03:02
 remote address: LID 0000 QPN 0x0640 PSN 0xf8ef0d RKey 0x00c407 VAddr 0x007f46bca85000
 GID: 00:00:00:00:00:00:00:00:00:00:255:255:10:01:03:02
 remote address: LID 0000 QPN 0x0641 PSN 0x75c54b RKey 0x00c407 VAddr 0x007f46bca95000
 GID: 00:00:00:00:00:00:00:00:00:00:255:255:10:01:03:02
 remote address: LID 0000 QPN 0x0642 PSN 0xb995fd RKey 0x00c407 VAddr 0x007f46bcaa5000
 GID: 00:00:00:00:00:00:00:00:00:00:255:255:10:01:03:02
 remote address: LID 0000 QPN 0x0643 PSN 0xbd4eb1 RKey 0x00c407 VAddr 0x007f46bcab5000
 GID: 00:00:00:00:00:00:00:00:00:00:255:255:10:01:03:02
 remote address: LID 0000 QPN 0x0644 PSN 0x3ccb9b RKey 0x00c407 VAddr 0x007f46bcac5000
 GID: 00:00:00:00:00:00:00:00:00:00:255:255:10:01:03:02
 remote address: LID 0000 QPN 0x0645 PSN 0xf6fbad RKey 0x00c407 VAddr 0x007f46bcad5000
 GID: 00:00:00:00:00:00:00:00:00:00:255:255:10:01:03:02
 remote address: LID 0000 QPN 0x0646 PSN 0x4c4809 RKey 0x00c407 VAddr 0x007f46bcae5000
 GID: 00:00:00:00:00:00:00:00:00:00:255:255:10:01:03:02
 remote address: LID 0000 QPN 0x0647 PSN 0x2736cf RKey 0x00c407 VAddr 0x007f46bcaf5000
 GID: 00:00:00:00:00:00:00:00:00:00:255:255:10:01:03:02
 remote address: LID 0000 QPN 0x0648 PSN 0x4349c0 RKey 0x00c407 VAddr 0x007f46bcb05000
 GID: 00:00:00:00:00:00:00:00:00:00:255:255:10:01:03:02
 remote address: LID 0000 QPN 0x0649 PSN 0xb354c1 RKey 0x00c407 VAddr 0x007f46bcb15000
 GID: 00:00:00:00:00:00:00:00:00:00:255:255:10:01:03:02
 remote address: LID 0000 QPN 0x064a PSN 0x956e39 RKey 0x00c407 VAddr 0x007f46bcb25000
 GID: 00:00:00:00:00:00:00:00:00:00:255:255:10:01:03:02
 remote address: LID 0000 QPN 0x064b PSN 0xbfa55d RKey 0x00c407 VAddr 0x007f46bcb35000
 GID: 00:00:00:00:00:00:00:00:00:00:255:255:10:01:03:02
 remote address: LID 0000 QPN 0x064c PSN 0xa1fda5 RKey 0x00c407 VAddr 0x007f46bcb45000
 GID: 00:00:00:00:00:00:00:00:00:00:255:255:10:01:03:02
 remote address: LID 0000 QPN 0x064d PSN 0x64ef6c RKey 0x00c407 VAddr 0x007f46bcb55000
 GID: 00:00:00:00:00:00:00:00:00:00:255:255:10:01:03:02
 remote address: LID 0000 QPN 0x064e PSN 0x113710 RKey 0x00c407 VAddr 0x007f46bcb65000
 GID: 00:00:00:00:00:00:00:00:00:00:255:255:10:01:03:02
 remote address: LID 0000 QPN 0x064f PSN 0x5bfbf1 RKey 0x00c407 VAddr 0x007f46bcb75000
 GID: 00:00:00:00:00:00:00:00:00:00:255:255:10:01:03:02
 remote address: LID 0000 QPN 0x0650 PSN 0xffdc5c RKey 0x00c407 VAddr 0x007f46bcb85000
 GID: 00:00:00:00:00:00:00:00:00:00:255:255:10:01:03:02
 remote address: LID 0000 QPN 0x0651 PSN 0x206d4f RKey 0x00c407 VAddr 0x007f46bcb95000
 GID: 00:00:00:00:00:00:00:00:00:00:255:255:10:01:03:02
 remote address: LID 0000 QPN 0x0652 PSN 0xf18cb5 RKey 0x00c407 VAddr 0x007f46bcba5000
 GID: 00:00:00:00:00:00:00:00:00:00:255:255:10:01:03:02
 remote address: LID 0000 QPN 0x0653 PSN 0xe88f56 RKey 0x00c407 VAddr 0x007f46bcbb5000
 GID: 00:00:00:00:00:00:00:00:00:00:255:255:10:01:03:02
 remote address: LID 0000 QPN 0x0654 PSN 0x8e301e RKey 0x00c407 VAddr 0x007f46bcbc5000
 GID: 00:00:00:00:00:00:00:00:00:00:255:255:10:01:03:02
 remote address: LID 0000 QPN 0x0655 PSN 0x203ee0 RKey 0x00c407 VAddr 0x007f46bcbd5000
 GID: 00:00:00:00:00:00:00:00:00:00:255:255:10:01:03:02
 remote address: LID 0000 QPN 0x0656 PSN 0x4d803 RKey 0x00c407 VAddr 0x007f46bcbe5000
 GID: 00:00:00:00:00:00:00:00:00:00:255:255:10:01:03:02
 remote address: LID 0000 QPN 0x0657 PSN 0x83e235 RKey 0x00c407 VAddr 0x007f46bcbf5000
 GID: 00:00:00:00:00:00:00:00:00:00:255:255:10:01:03:02
 remote address: LID 0000 QPN 0x0658 PSN 0xd4ead RKey 0x00c407 VAddr 0x007f46bcc05000
 GID: 00:00:00:00:00:00:00:00:00:00:255:255:10:01:03:02
 remote address: LID 0000 QPN 0x0659 PSN 0xfa5726 RKey 0x00c407 VAddr 0x007f46bcc15000
 GID: 00:00:00:00:00:00:00:00:00:00:255:255:10:01:03:02
 remote address: LID 0000 QPN 0x065a PSN 0x84a2bd RKey 0x00c407 VAddr 0x007f46bcc25000
 GID: 00:00:00:00:00:00:00:00:00:00:255:255:10:01:03:02
 remote address: LID 0000 QPN 0x065b PSN 0x4aa05f RKey 0x00c407 VAddr 0x007f46bcc35000
 GID: 00:00:00:00:00:00:00:00:00:00:255:255:10:01:03:02
 remote address: LID 0000 QPN 0x065c PSN 0xa313d8 RKey 0x00c407 VAddr 0x007f46bcc45000
 GID: 00:00:00:00:00:00:00:00:00:00:255:255:10:01:03:02
 remote address: LID 0000 QPN 0x065d PSN 0xdb2111 RKey 0x00c407 VAddr 0x007f46bcc55000
 GID: 00:00:00:00:00:00:00:00:00:00:255:255:10:01:03:02
 remote address: LID 0000 QPN 0x065e PSN 0x96eadf RKey 0x00c407 VAddr 0x007f46bcc65000
 GID: 00:00:00:00:00:00:00:00:00:00:255:255:10:01:03:02
 remote address: LID 0000 QPN 0x065f PSN 0xdbc4b9 RKey 0x00c407 VAddr 0x007f46bcc75000
 GID: 00:00:00:00:00:00:00:00:00:00:255:255:10:01:03:02
 remote address: LID 0000 QPN 0x0660 PSN 0xe7421d RKey 0x00c407 VAddr 0x007f46bcc85000
 GID: 00:00:00:00:00:00:00:00:00:00:255:255:10:01:03:02
 remote address: LID 0000 QPN 0x0661 PSN 0xf43073 RKey 0x00c407 VAddr 0x007f46bcc95000
 GID: 00:00:00:00:00:00:00:00:00:00:255:255:10:01:03:02
 remote address: LID 0000 QPN 0x0662 PSN 0xe8190f RKey 0x00c407 VAddr 0x007f46bcca5000
 GID: 00:00:00:00:00:00:00:00:00:00:255:255:10:01:03:02
 remote address: LID 0000 QPN 0x0663 PSN 0x68f3c5 RKey 0x00c407 VAddr 0x007f46bccb5000
 GID: 00:00:00:00:00:00:00:00:00:00:255:Conflicting CPU frequency values detected: 802.897000 != 2700.000000. CPU Frequency is not max.
255:10:01:03:02
 remote address: LID 0000 QPN 0x0664 PSN 0x6a0b68 RKey 0x00c407 VAddr 0x007f46bccc5000
 GID: 00:00:00:00:00:00:00:00:00:00:255:255:10:01:03:02
 remote address: LID 0000 QPN 0x0665 PSN 0x7ac89f RKey 0x00c407 VAddr 0x007f46bccd5000
 GID: 00:00:00:00:00:00:00:00:00:00:255:255:10:01:03:02
 remote address: LID 0000 QPN 0x0666 PSN 0xf0ac32 RKey 0x00c407 VAddr 0x007f46bcce5000
 GID: 00:00:00:00:00:00:00:00:00:00:255:255:10:01:03:02
 remote address: LID 0000 QPN 0x0667 PSN 0x1db4c9 RKey 0x00c407 VAddr 0x007f46bccf5000
 GID: 00:00:00:00:00:00:00:00:00:00:255:255:10:01:03:02
 remote address: LID 0000 QPN 0x0668 PSN 0xbb23fa RKey 0x00c407 VAddr 0x007f46bcd05000
 GID: 00:00:00:00:00:00:00:00:00:00:255:255:10:01:03:02
 remote address: LID 0000 QPN 0x0669 PSN 0xf9f29d RKey 0x00c407 VAddr 0x007f46bcd15000
 GID: 00:00:00:00:00:00:00:00:00:00:255:255:10:01:03:02
 remote address: LID 0000 QPN 0x066a PSN 0x58cc1b RKey 0x00c407 VAddr 0x007f46bcd25000
 GID: 00:00:00:00:00:00:00:00:00:00:255:255:10:01:03:02
 remote address: LID 0000 QPN 0x066b PSN 0x68d39e RKey 0x00c407 VAddr 0x007f46bcd35000
 GID: 00:00:00:00:00:00:00:00:00:00:255:255:10:01:03:02
 remote address: LID 0000 QPN 0x066c PSN 0xbbe165 RKey 0x00c407 VAddr 0x007f46bcd45000
 GID: 00:00:00:00:00:00:00:00:00:00:255:255:10:01:03:02
 remote address: LID 0000 QPN 0x066d PSN 0xfd7d06 RKey 0x00c407 VAddr 0x007f46bcd55000
 GID: 00:00:00:00:00:00:00:00:00:00:255:255:10:01:03:02
 remote address: LID 0000 QPN 0x066e PSN 0x9d155f RKey 0x00c407 VAddr 0x007f46bcd65000
 GID: 00:00:00:00:00:00:00:00:00:00:255:255:10:01:03:02
---------------------------------------------------------------------------------------
 #bytes     #iterations    BW peak[Gb/sec]    BW average[Gb/sec]   MsgRate[Mpps]
 65536      2030274          0.00               46.28  		     0.088273
---------------------------------------------------------------------------------------
