arm,size,metric,x,value
cc,4096,fct_cdf,871.9330,0.0250
cc,4096,fct_cdf,964.5320,0.3503
cc,4096,fct_cdf,974.2820,0.7005
cc,4096,fct_cdf,979.5590,1.0258
cc,4096,fct_cdf,982.6070,1.3510
cc,4096,fct_cdf,986.1070,1.7013
cc,4096,fct_cdf,989.5320,2.0265
cc,4096,fct_cdf,992.5860,2.3518
cc,4096,fct_cdf,995.2200,2.7020
cc,4096,fct_cdf,997.8850,3.0273
cc,4096,fct_cdf,1000.5900,3.3525
cc,4096,fct_cdf,1003.3600,3.7028
cc,4096,fct_cdf,1005.6300,4.0280
cc,4096,fct_cdf,1007.5500,4.3533
cc,4096,fct_cdf,1009.4700,4.6785
cc,4096,fct_cdf,1011.4900,5.0288
cc,4096,fct_cdf,1012.7600,5.3540
cc,4096,fct_cdf,1013.9400,5.6793
cc,4096,fct_cdf,1016.0200,6.0295
cc,4096,fct_cdf,1016.7600,6.3548
cc,4096,fct_cdf,1017.4900,6.6800
cc,4096,fct_cdf,1018.2900,7.0303
cc,4096,fct_cdf,1019.1100,7.3555
cc,4096,fct_cdf,1020.3900,7.6808
cc,4096,fct_cdf,1021.6900,8.0310
cc,4096,fct_cdf,1022.9900,8.3563
cc,4096,fct_cdf,1023.5800,8.6815
cc,4096,fct_cdf,1024.1900,9.0318
cc,4096,fct_cdf,1024.8300,9.3570
cc,4096,fct_cdf,1026.0800,9.6823
cc,4096,fct_cdf,1026.8800,10.0325
cc,4096,fct_cdf,1027.6200,10.3578
cc,4096,fct_cdf,1028.1900,10.6830
cc,4096,fct_cdf,1028.9100,11.0333
cc,4096,fct_cdf,1029.6300,11.3585
cc,4096,fct_cdf,1030.2200,11.6838
cc,4096,fct_cdf,1030.8400,12.0340
cc,4096,fct_cdf,1031.2300,12.3593
cc,4096,fct_cdf,1031.9900,12.6845
cc,4096,fct_cdf,1032.3200,13.0098
cc,4096,fct_cdf,1033.1800,13.3600
cc,4096,fct_cdf,1033.5700,13.6853
cc,4096,fct_cdf,1033.9100,14.0105
cc,4096,fct_cdf,1034.5400,14.3608
cc,4096,fct_cdf,1034.8300,14.6860
cc,4096,fct_cdf,1035.3800,15.0113
cc,4096,fct_cdf,1035.8900,15.3615
cc,4096,fct_cdf,1036.3800,15.6868
cc,4096,fct_cdf,1036.8100,16.0120
cc,4096,fct_cdf,1037.1900,16.3623
cc,4096,fct_cdf,1037.6200,16.6875
cc,4096,fct_cdf,1038.2200,17.0128
cc,4096,fct_cdf,1038.7500,17.3630
cc,4096,fct_cdf,1039.0700,17.6883
cc,4096,fct_cdf,1039.4800,18.0135
cc,4096,fct_cdf,1039.9100,18.3638
cc,4096,fct_cdf,1040.4000,18.6890
cc,4096,fct_cdf,1040.6900,19.0143
cc,4096,fct_cdf,1041.1100,19.3645
cc,4096,fct_cdf,1041.4200,19.6898
cc,4096,fct_cdf,1041.7800,20.0150
cc,4096,fct_cdf,1042.0900,20.3653
cc,4096,fct_cdf,1042.3200,20.6905
cc,4096,fct_cdf,1042.5500,21.0158
cc,4096,fct_cdf,1042.8500,21.3410
cc,4096,fct_cdf,1043.1700,21.6913
cc,4096,fct_cdf,1043.4200,22.0165
cc,4096,fct_cdf,1043.8000,22.3418
cc,4096,fct_cdf,1044.1600,22.6920
cc,4096,fct_cdf,1044.4300,23.0173
cc,4096,fct_cdf,1044.8800,23.3425
cc,4096,fct_cdf,1045.1600,23.6928
cc,4096,fct_cdf,1045.6200,24.0180
cc,4096,fct_cdf,1045.9600,24.3433
cc,4096,fct_cdf,1046.2300,24.6935
cc,4096,fct_cdf,1046.5100,25.0188
cc,4096,fct_cdf,1046.7800,25.3440
cc,4096,fct_cdf,1047.1900,25.6943
cc,4096,fct_cdf,1047.3800,26.0195
cc,4096,fct_cdf,1047.6300,26.3448
cc,4096,fct_cdf,1047.9500,26.6950
cc,4096,fct_cdf,1048.1200,27.0203
cc,4096,fct_cdf,1048.3000,27.3455
cc,4096,fct_cdf,1048.5500,27.6958
cc,4096,fct_cdf,1048.7300,28.0210
cc,4096,fct_cdf,1048.8800,28.3463
cc,4096,fct_cdf,1049.2200,28.6965
cc,4096,fct_cdf,1049.6000,29.0218
cc,4096,fct_cdf,1049.8500,29.3470
cc,4096,fct_cdf,1050.1000,29.6723
cc,4096,fct_cdf,1050.3500,30.0225
cc,4096,fct_cdf,1050.7200,30.3478
cc,4096,fct_cdf,1050.9300,30.6730
cc,4096,fct_cdf,1051.1200,31.0233
cc,4096,fct_cdf,1051.4400,31.3485
cc,4096,fct_cdf,1051.7000,31.6738
cc,4096,fct_cdf,1051.9500,32.0240
cc,4096,fct_cdf,1052.1300,32.3493
cc,4096,fct_cdf,1052.4900,32.6745
cc,4096,fct_cdf,1052.6500,33.0248
cc,4096,fct_cdf,1052.8600,33.3500
cc,4096,fct_cdf,1053.0800,33.6753
cc,4096,fct_cdf,1053.2300,34.0255
cc,4096,fct_cdf,1053.4700,34.3508
cc,4096,fct_cdf,1053.8600,34.6760
cc,4096,fct_cdf,1054.0500,35.0263
cc,4096,fct_cdf,1054.2700,35.3515
cc,4096,fct_cdf,1054.4900,35.6768
cc,4096,fct_cdf,1054.6600,36.0270
cc,4096,fct_cdf,1054.8700,36.3523
cc,4096,fct_cdf,1055.1400,36.6775
cc,4096,fct_cdf,1055.2900,37.0278
cc,4096,fct_cdf,1055.6100,37.3530
cc,4096,fct_cdf,1055.7600,37.6783
cc,4096,fct_cdf,1055.9400,38.0035
cc,4096,fct_cdf,1056.1300,38.3538
cc,4096,fct_cdf,1056.3100,38.6790
cc,4096,fct_cdf,1056.4700,39.0043
cc,4096,fct_cdf,1056.7700,39.3545
cc,4096,fct_cdf,1056.9400,39.6798
cc,4096,fct_cdf,1057.1400,40.0050
cc,4096,fct_cdf,1057.3800,40.3553
cc,4096,fct_cdf,1057.6300,40.6805
cc,4096,fct_cdf,1057.8000,41.0058
cc,4096,fct_cdf,1058.0000,41.3560
cc,4096,fct_cdf,1058.1900,41.6813
cc,4096,fct_cdf,1058.3800,42.0065
cc,4096,fct_cdf,1058.6800,42.3568
cc,4096,fct_cdf,1058.7700,42.6820
cc,4096,fct_cdf,1058.9100,43.0073
cc,4096,fct_cdf,1059.0900,43.3575
cc,4096,fct_cdf,1059.3800,43.6828
cc,4096,fct_cdf,1059.5600,44.0080
cc,4096,fct_cdf,1059.6900,44.3583
cc,4096,fct_cdf,1059.8800,44.6835
cc,4096,fct_cdf,1060.0400,45.0088
cc,4096,fct_cdf,1060.1900,45.3590
cc,4096,fct_cdf,1060.3400,45.6843
cc,4096,fct_cdf,1060.5600,46.0095
cc,4096,fct_cdf,1060.6900,46.3348
cc,4096,fct_cdf,1060.8600,46.6850
cc,4096,fct_cdf,1061.0300,47.0103
cc,4096,fct_cdf,1061.2400,47.3355
cc,4096,fct_cdf,1061.3700,47.6858
cc,4096,fct_cdf,1061.5900,48.0110
cc,4096,fct_cdf,1061.8200,48.3363
cc,4096,fct_cdf,1061.9400,48.6865
cc,4096,fct_cdf,1062.0800,49.0118
cc,4096,fct_cdf,1062.2400,49.3370
cc,4096,fct_cdf,1062.3800,49.6873
cc,4096,fct_cdf,1062.5200,50.0125
cc,4096,fct_cdf,1062.8000,50.3378
cc,4096,fct_cdf,1062.9200,50.6880
cc,4096,fct_cdf,1063.1300,51.0133
cc,4096,fct_cdf,1063.2700,51.3385
cc,4096,fct_cdf,1063.4400,51.6888
cc,4096,fct_cdf,1063.5900,52.0140
cc,4096,fct_cdf,1063.7800,52.3393
cc,4096,fct_cdf,1063.9700,52.6895
cc,4096,fct_cdf,1064.1800,53.0148
cc,4096,fct_cdf,1064.3400,53.3400
cc,4096,fct_cdf,1064.5000,53.6903
cc,4096,fct_cdf,1064.7000,54.0155
cc,4096,fct_cdf,1064.9500,54.3408
cc,4096,fct_cdf,1065.1900,54.6660
cc,4096,fct_cdf,1065.3400,55.0163
cc,4096,fct_cdf,1065.5000,55.3415
cc,4096,fct_cdf,1065.6100,55.6668
cc,4096,fct_cdf,1065.6800,56.0170
cc,4096,fct_cdf,1065.8700,56.3423
cc,4096,fct_cdf,1066.0000,56.6675
cc,4096,fct_cdf,1066.3100,57.0178
cc,4096,fct_cdf,1066.4100,57.3430
cc,4096,fct_cdf,1066.5600,57.6683
cc,4096,fct_cdf,1066.6800,58.0185
cc,4096,fct_cdf,1066.8200,58.3438
cc,4096,fct_cdf,1066.9500,58.6690
cc,4096,fct_cdf,1067.1700,59.0193
cc,4096,fct_cdf,1067.3600,59.3445
cc,4096,fct_cdf,1067.5200,59.6698
cc,4096,fct_cdf,1067.6500,60.0200
cc,4096,fct_cdf,1067.8200,60.3453
cc,4096,fct_cdf,1068.0000,60.6705
cc,4096,fct_cdf,1068.2200,61.0208
cc,4096,fct_cdf,1068.3900,61.3460
cc,4096,fct_cdf,1068.5200,61.6713
cc,4096,fct_cdf,1068.6500,62.0215
cc,4096,fct_cdf,1068.8000,62.3468
cc,4096,fct_cdf,1068.9000,62.6720
cc,4096,fct_cdf,1069.0500,62.9972
cc,4096,fct_cdf,1069.1800,63.3475
cc,4096,fct_cdf,1069.3200,63.6728
cc,4096,fct_cdf,1069.5700,63.9980
cc,4096,fct_cdf,1069.7600,64.3483
cc,4096,fct_cdf,1070.0400,64.6735
cc,4096,fct_cdf,1070.1300,64.9987
cc,4096,fct_cdf,1070.2600,65.3490
cc,4096,fct_cdf,1070.3400,65.6743
cc,4096,fct_cdf,1070.4600,65.9995
cc,4096,fct_cdf,1070.6600,66.3498
cc,4096,fct_cdf,1070.7600,66.6750
cc,4096,fct_cdf,1070.8600,67.0003
cc,4096,fct_cdf,1071.0500,67.3505
cc,4096,fct_cdf,1071.2200,67.6758
cc,4096,fct_cdf,1071.3700,68.0010
cc,4096,fct_cdf,1071.4600,68.3513
cc,4096,fct_cdf,1071.6300,68.6765
cc,4096,fct_cdf,1071.8300,69.0018
cc,4096,fct_cdf,1072.0000,69.3520
cc,4096,fct_cdf,1072.1100,69.6773
cc,4096,fct_cdf,1072.3200,70.0025
cc,4096,fct_cdf,1072.4200,70.3528
cc,4096,fct_cdf,1072.5500,70.6780
cc,4096,fct_cdf,1072.6500,71.0033
cc,4096,fct_cdf,1072.7900,71.3285
cc,4096,fct_cdf,1072.9500,71.6788
cc,4096,fct_cdf,1073.0500,72.0040
cc,4096,fct_cdf,1073.1800,72.3292
cc,4096,fct_cdf,1073.3100,72.6795
cc,4096,fct_cdf,1073.5200,73.0048
cc,4096,fct_cdf,1073.6400,73.3300
cc,4096,fct_cdf,1073.8400,73.6803
cc,4096,fct_cdf,1073.9700,74.0055
cc,4096,fct_cdf,1074.1300,74.3307
cc,4096,fct_cdf,1074.2600,74.6810
cc,4096,fct_cdf,1074.4100,75.0063
cc,4096,fct_cdf,1074.5400,75.3315
cc,4096,fct_cdf,1074.7400,75.6818
cc,4096,fct_cdf,1074.8800,76.0070
cc,4096,fct_cdf,1074.9900,76.3322
cc,4096,fct_cdf,1075.1800,76.6825
cc,4096,fct_cdf,1075.2900,77.0078
cc,4096,fct_cdf,1075.4100,77.3330
cc,4096,fct_cdf,1075.6300,77.6833
cc,4096,fct_cdf,1075.7400,78.0085
cc,4096,fct_cdf,1075.8700,78.3338
cc,4096,fct_cdf,1076.0800,78.6840
cc,4096,fct_cdf,1076.3000,79.0093
cc,4096,fct_cdf,1076.3900,79.3345
cc,4096,fct_cdf,1076.5700,79.6597
cc,4096,fct_cdf,1076.7200,80.0100
cc,4096,fct_cdf,1076.8700,80.3353
cc,4096,fct_cdf,1077.0000,80.6605
cc,4096,fct_cdf,1077.2000,81.0108
cc,4096,fct_cdf,1077.3200,81.3360
cc,4096,fct_cdf,1077.4600,81.6612
cc,4096,fct_cdf,1077.6400,82.0115
cc,4096,fct_cdf,1077.7500,82.3368
cc,4096,fct_cdf,1077.9100,82.6620
cc,4096,fct_cdf,1078.0700,83.0123
cc,4096,fct_cdf,1078.1900,83.3375
cc,4096,fct_cdf,1078.3900,83.6627
cc,4096,fct_cdf,1078.5100,84.0130
cc,4096,fct_cdf,1078.6800,84.3383
cc,4096,fct_cdf,1078.8600,84.6635
cc,4096,fct_cdf,1079.1000,85.0138
cc,4096,fct_cdf,1079.2700,85.3390
cc,4096,fct_cdf,1079.4300,85.6642
cc,4096,fct_cdf,1079.5400,86.0145
cc,4096,fct_cdf,1079.6700,86.3398
cc,4096,fct_cdf,1079.8000,86.6650
cc,4096,fct_cdf,1079.9700,87.0153
cc,4096,fct_cdf,1080.2400,87.3405
cc,4096,fct_cdf,1080.3400,87.6657
cc,4096,fct_cdf,1080.5000,87.9910
cc,4096,fct_cdf,1080.7300,88.3413
cc,4096,fct_cdf,1080.8900,88.6665
cc,4096,fct_cdf,1081.0900,88.9917
cc,4096,fct_cdf,1081.3400,89.3420
cc,4096,fct_cdf,1081.4800,89.6673
cc,4096,fct_cdf,1081.6500,89.9925
cc,4096,fct_cdf,1081.8000,90.3428
cc,4096,fct_cdf,1081.8900,90.6680
cc,4096,fct_cdf,1082.0600,90.9932
cc,4096,fct_cdf,1082.1900,91.3435
cc,4096,fct_cdf,1082.3100,91.6688
cc,4096,fct_cdf,1082.4700,91.9940
cc,4096,fct_cdf,1082.7800,92.3443
cc,4096,fct_cdf,1083.0500,92.6695
cc,4096,fct_cdf,1083.2400,92.9947
cc,4096,fct_cdf,1083.4900,93.3450
cc,4096,fct_cdf,1083.7200,93.6703
cc,4096,fct_cdf,1083.8500,93.9955
cc,4096,fct_cdf,1084.0600,94.3458
cc,4096,fct_cdf,1084.2200,94.6710
cc,4096,fct_cdf,1084.4500,94.9962
cc,4096,fct_cdf,1084.8900,95.3465
cc,4096,fct_cdf,1085.2100,95.6718
cc,4096,fct_cdf,1085.3600,95.9970
cc,4096,fct_cdf,1085.6600,96.3222
cc,4096,fct_cdf,1086.0200,96.6725
cc,4096,fct_cdf,1086.1600,96.9977
cc,4096,fct_cdf,1086.6100,97.3230
cc,4096,fct_cdf,1086.8800,97.6733
cc,4096,fct_cdf,1087.1300,97.9985
cc,4096,fct_cdf,1087.4900,98.3237
cc,4096,fct_cdf,1088.1500,98.6740
cc,4096,fct_cdf,1088.6100,98.9992
cc,4096,fct_cdf,1089.0800,99.3245
cc,4096,fct_cdf,1090.7700,99.6748
cc,4096,fct_cdf,1095.0400,100.0000
cc,4096,fct_p50,,1062.520
cc,4096,fct_p99,,1088.640
cc,4096,fct_p999,,1093.360
cc,4096,samples,,3997
cc,16384,fct_cdf,1014.1300,0.0250
cc,16384,fct_cdf,1031.4700,0.3503
cc,16384,fct_cdf,1035.9000,0.7005
cc,16384,fct_cdf,1043.7900,1.0258
cc,16384,fct_cdf,1047.3900,1.3510
cc,16384,fct_cdf,1050.0700,1.7013
cc,16384,fct_cdf,1056.2000,2.0265
cc,16384,fct_cdf,1059.9800,2.3518
cc,16384,fct_cdf,1062.3800,2.7020
cc,16384,fct_cdf,1064.9500,3.0273
cc,16384,fct_cdf,1066.8400,3.3525
cc,16384,fct_cdf,1069.4600,3.7028
cc,16384,fct_cdf,1071.5800,4.0280
cc,16384,fct_cdf,1074.2800,4.3533
cc,16384,fct_cdf,1075.8500,4.6785
cc,16384,fct_cdf,1077.8200,5.0288
cc,16384,fct_cdf,1079.2500,5.3540
cc,16384,fct_cdf,1081.1500,5.6793
cc,16384,fct_cdf,1083.3600,6.0295
cc,16384,fct_cdf,1085.3500,6.3548
cc,16384,fct_cdf,1088.0600,6.6800
cc,16384,fct_cdf,1094.7300,7.0303
cc,16384,fct_cdf,1111.9400,7.3555
cc,16384,fct_cdf,1138.5800,7.6808
cc,16384,fct_cdf,1162.0900,8.0310
cc,16384,fct_cdf,1169.7300,8.3563
cc,16384,fct_cdf,1176.1800,8.6815
cc,16384,fct_cdf,1180.7400,9.0318
cc,16384,fct_cdf,1184.9500,9.3570
cc,16384,fct_cdf,1187.9900,9.6823
cc,16384,fct_cdf,1190.5500,10.0325
cc,16384,fct_cdf,1191.9500,10.3578
cc,16384,fct_cdf,1194.5800,10.6830
cc,16384,fct_cdf,1195.9900,11.0333
cc,16384,fct_cdf,1198.1900,11.3585
cc,16384,fct_cdf,1199.6900,11.6838
cc,16384,fct_cdf,1201.5800,12.0340
cc,16384,fct_cdf,1202.8600,12.3593
cc,16384,fct_cdf,1204.1800,12.6845
cc,16384,fct_cdf,1205.4600,13.0098
cc,16384,fct_cdf,1206.6200,13.3600
cc,16384,fct_cdf,1207.6600,13.6853
cc,16384,fct_cdf,1208.4800,14.0105
cc,16384,fct_cdf,1209.4300,14.3608
cc,16384,fct_cdf,1210.0400,14.6860
cc,16384,fct_cdf,1210.6800,15.0113
cc,16384,fct_cdf,1211.4500,15.3615
cc,16384,fct_cdf,1212.1100,15.6868
cc,16384,fct_cdf,1212.7500,16.0120
cc,16384,fct_cdf,1213.4700,16.3623
cc,16384,fct_cdf,1214.1200,16.6875
cc,16384,fct_cdf,1214.6200,17.0128
cc,16384,fct_cdf,1215.2700,17.3630
cc,16384,fct_cdf,1215.6500,17.6883
cc,16384,fct_cdf,1216.1300,18.0135
cc,16384,fct_cdf,1216.5600,18.3638
cc,16384,fct_cdf,1217.1000,18.6890
cc,16384,fct_cdf,1217.4800,19.0143
cc,16384,fct_cdf,1217.8400,19.3645
cc,16384,fct_cdf,1218.2300,19.6898
cc,16384,fct_cdf,1218.4900,20.0150
cc,16384,fct_cdf,1219.0300,20.3653
cc,16384,fct_cdf,1219.4400,20.6905
cc,16384,fct_cdf,1220.0900,21.0158
cc,16384,fct_cdf,1220.4500,21.3410
cc,16384,fct_cdf,1220.8800,21.6913
cc,16384,fct_cdf,1221.2000,22.0165
cc,16384,fct_cdf,1221.5800,22.3418
cc,16384,fct_cdf,1221.9600,22.6920
cc,16384,fct_cdf,1222.2900,23.0173
cc,16384,fct_cdf,1222.5200,23.3425
cc,16384,fct_cdf,1222.9600,23.6928
cc,16384,fct_cdf,1223.3300,24.0180
cc,16384,fct_cdf,1223.7400,24.3433
cc,16384,fct_cdf,1224.0100,24.6935
cc,16384,fct_cdf,1224.3100,25.0188
cc,16384,fct_cdf,1224.6600,25.3440
cc,16384,fct_cdf,1224.8700,25.6943
cc,16384,fct_cdf,1225.2300,26.0195
cc,16384,fct_cdf,1225.4000,26.3448
cc,16384,fct_cdf,1225.6800,26.6950
cc,16384,fct_cdf,1225.9600,27.0203
cc,16384,fct_cdf,1226.1900,27.3455
cc,16384,fct_cdf,1226.5200,27.6958
cc,16384,fct_cdf,1226.7400,28.0210
cc,16384,fct_cdf,1226.9000,28.3463
cc,16384,fct_cdf,1227.2000,28.6965
cc,16384,fct_cdf,1227.4400,29.0218
cc,16384,fct_cdf,1227.6100,29.3470
cc,16384,fct_cdf,1227.8200,29.6723
cc,16384,fct_cdf,1228.0100,30.0225
cc,16384,fct_cdf,1228.2000,30.3478
cc,16384,fct_cdf,1228.4300,30.6730
cc,16384,fct_cdf,1228.7400,31.0233
cc,16384,fct_cdf,1228.9000,31.3485
cc,16384,fct_cdf,1229.0100,31.6738
cc,16384,fct_cdf,1229.1600,32.0240
cc,16384,fct_cdf,1229.4200,32.3493
cc,16384,fct_cdf,1229.6300,32.6745
cc,16384,fct_cdf,1229.7800,33.0248
cc,16384,fct_cdf,1229.9600,33.3500
cc,16384,fct_cdf,1230.1700,33.6753
cc,16384,fct_cdf,1230.2800,34.0255
cc,16384,fct_cdf,1230.4900,34.3508
cc,16384,fct_cdf,1230.6900,34.6760
cc,16384,fct_cdf,1230.8800,35.0263
cc,16384,fct_cdf,1231.0800,35.3515
cc,16384,fct_cdf,1231.2100,35.6768
cc,16384,fct_cdf,1231.4600,36.0270
cc,16384,fct_cdf,1231.6300,36.3523
cc,16384,fct_cdf,1231.7700,36.6775
cc,16384,fct_cdf,1232.0100,37.0278
cc,16384,fct_cdf,1232.1400,37.3530
cc,16384,fct_cdf,1232.2500,37.6783
cc,16384,fct_cdf,1232.3500,38.0035
cc,16384,fct_cdf,1232.4700,38.3538
cc,16384,fct_cdf,1232.6200,38.6790
cc,16384,fct_cdf,1232.7300,39.0043
cc,16384,fct_cdf,1232.9200,39.3545
cc,16384,fct_cdf,1233.1100,39.6798
cc,16384,fct_cdf,1233.2400,40.0050
cc,16384,fct_cdf,1233.4100,40.3553
cc,16384,fct_cdf,1233.5100,40.6805
cc,16384,fct_cdf,1233.6800,41.0058
cc,16384,fct_cdf,1233.8400,41.3560
cc,16384,fct_cdf,1233.9400,41.6813
cc,16384,fct_cdf,1234.0700,42.0065
cc,16384,fct_cdf,1234.1700,42.3568
cc,16384,fct_cdf,1234.3800,42.6820
cc,16384,fct_cdf,1234.4800,43.0073
cc,16384,fct_cdf,1234.6000,43.3575
cc,16384,fct_cdf,1234.7100,43.6828
cc,16384,fct_cdf,1234.8800,44.0080
cc,16384,fct_cdf,1234.9800,44.3583
cc,16384,fct_cdf,1235.0700,44.6835
cc,16384,fct_cdf,1235.2000,45.0088
cc,16384,fct_cdf,1235.3000,45.3590
cc,16384,fct_cdf,1235.4900,45.6843
cc,16384,fct_cdf,1235.5800,46.0095
cc,16384,fct_cdf,1235.7100,46.3348
cc,16384,fct_cdf,1235.8400,46.6850
cc,16384,fct_cdf,1236.0100,47.0103
cc,16384,fct_cdf,1236.1100,47.3355
cc,16384,fct_cdf,1236.2300,47.6858
cc,16384,fct_cdf,1236.3700,48.0110
cc,16384,fct_cdf,1236.4800,48.3363
cc,16384,fct_cdf,1236.6100,48.6865
cc,16384,fct_cdf,1236.7100,49.0118
cc,16384,fct_cdf,1236.8400,49.3370
cc,16384,fct_cdf,1236.9400,49.6873
cc,16384,fct_cdf,1237.0600,50.0125
cc,16384,fct_cdf,1237.1500,50.3378
cc,16384,fct_cdf,1237.3000,50.6880
cc,16384,fct_cdf,1237.4100,51.0133
cc,16384,fct_cdf,1237.5300,51.3385
cc,16384,fct_cdf,1237.6800,51.6888
cc,16384,fct_cdf,1237.7800,52.0140
cc,16384,fct_cdf,1237.8500,52.3393
cc,16384,fct_cdf,1237.9200,52.6895
cc,16384,fct_cdf,1238.0300,53.0148
cc,16384,fct_cdf,1238.1100,53.3400
cc,16384,fct_cdf,1238.2000,53.6903
cc,16384,fct_cdf,1238.3000,54.0155
cc,16384,fct_cdf,1238.3800,54.3408
cc,16384,fct_cdf,1238.5200,54.6660
cc,16384,fct_cdf,1238.6900,55.0163
cc,16384,fct_cdf,1238.7600,55.3415
cc,16384,fct_cdf,1238.8800,55.6668
cc,16384,fct_cdf,1238.9600,56.0170
cc,16384,fct_cdf,1239.0400,56.3423
cc,16384,fct_cdf,1239.1200,56.6675
cc,16384,fct_cdf,1239.2300,57.0178
cc,16384,fct_cdf,1239.3600,57.3430
cc,16384,fct_cdf,1239.4100,57.6683
cc,16384,fct_cdf,1239.5000,58.0185
cc,16384,fct_cdf,1239.5900,58.3438
cc,16384,fct_cdf,1239.7600,58.6690
cc,16384,fct_cdf,1239.9200,59.0193
cc,16384,fct_cdf,1240.0100,59.3445
cc,16384,fct_cdf,1240.1300,59.6698
cc,16384,fct_cdf,1240.2500,60.0200
cc,16384,fct_cdf,1240.3600,60.3453
cc,16384,fct_cdf,1240.4400,60.6705
cc,16384,fct_cdf,1240.5800,61.0208
cc,16384,fct_cdf,1240.6800,61.3460
cc,16384,fct_cdf,1240.8400,61.6713
cc,16384,fct_cdf,1240.9700,62.0215
cc,16384,fct_cdf,1241.0300,62.3468
cc,16384,fct_cdf,1241.1400,62.6720
cc,16384,fct_cdf,1241.2300,62.9972
cc,16384,fct_cdf,1241.3300,63.3475
cc,16384,fct_cdf,1241.4200,63.6728
cc,16384,fct_cdf,1241.4700,63.9980
cc,16384,fct_cdf,1241.6400,64.3483
cc,16384,fct_cdf,1241.7200,64.6735
cc,16384,fct_cdf,1241.8600,64.9987
cc,16384,fct_cdf,1241.9900,65.3490
cc,16384,fct_cdf,1242.0900,65.6743
cc,16384,fct_cdf,1242.2100,65.9995
cc,16384,fct_cdf,1242.3500,66.3498
cc,16384,fct_cdf,1242.4300,66.6750
cc,16384,fct_cdf,1242.6300,67.0003
cc,16384,fct_cdf,1242.7400,67.3505
cc,16384,fct_cdf,1242.8700,67.6758
cc,16384,fct_cdf,1243.0400,68.0010
cc,16384,fct_cdf,1243.1600,68.3513
cc,16384,fct_cdf,1243.2400,68.6765
cc,16384,fct_cdf,1243.4000,69.0018
cc,16384,fct_cdf,1243.4700,69.3520
cc,16384,fct_cdf,1243.6700,69.6773
cc,16384,fct_cdf,1243.7400,70.0025
cc,16384,fct_cdf,1243.8700,70.3528
cc,16384,fct_cdf,1244.0100,70.6780
cc,16384,fct_cdf,1244.1300,71.0033
cc,16384,fct_cdf,1244.2200,71.3285
cc,16384,fct_cdf,1244.3100,71.6788
cc,16384,fct_cdf,1244.4200,72.0040
cc,16384,fct_cdf,1244.5000,72.3292
cc,16384,fct_cdf,1244.6100,72.6795
cc,16384,fct_cdf,1244.7200,73.0048
cc,16384,fct_cdf,1244.8400,73.3300
cc,16384,fct_cdf,1244.9700,73.6803
cc,16384,fct_cdf,1245.0500,74.0055
cc,16384,fct_cdf,1245.2300,74.3307
cc,16384,fct_cdf,1245.3800,74.6810
cc,16384,fct_cdf,1245.4700,75.0063
cc,16384,fct_cdf,1245.5700,75.3315
cc,16384,fct_cdf,1245.7200,75.6818
cc,16384,fct_cdf,1245.8400,76.0070
cc,16384,fct_cdf,1245.9400,76.3322
cc,16384,fct_cdf,1246.0300,76.6825
cc,16384,fct_cdf,1246.1300,77.0078
cc,16384,fct_cdf,1246.2400,77.3330
cc,16384,fct_cdf,1246.3300,77.6833
cc,16384,fct_cdf,1246.4700,78.0085
cc,16384,fct_cdf,1246.6000,78.3338
cc,16384,fct_cdf,1246.8100,78.6840
cc,16384,fct_cdf,1246.9600,79.0093
cc,16384,fct_cdf,1247.0600,79.3345
cc,16384,fct_cdf,1247.2200,79.6597
cc,16384,fct_cdf,1247.3300,80.0100
cc,16384,fct_cdf,1247.4500,80.3353
cc,16384,fct_cdf,1247.5500,80.6605
cc,16384,fct_cdf,1247.7000,81.0108
cc,16384,fct_cdf,1247.8800,81.3360
cc,16384,fct_cdf,1247.9800,81.6612
cc,16384,fct_cdf,1248.1200,82.0115
cc,16384,fct_cdf,1248.3300,82.3368
cc,16384,fct_cdf,1248.4300,82.6620
cc,16384,fct_cdf,1248.5600,83.0123
cc,16384,fct_cdf,1248.7500,83.3375
cc,16384,fct_cdf,1248.8400,83.6627
cc,16384,fct_cdf,1248.9700,84.0130
cc,16384,fct_cdf,1249.0800,84.3383
cc,16384,fct_cdf,1249.2300,84.6635
cc,16384,fct_cdf,1249.3800,85.0138
cc,16384,fct_cdf,1249.5100,85.3390
cc,16384,fct_cdf,1249.7600,85.6642
cc,16384,fct_cdf,1250.0000,86.0145
cc,16384,fct_cdf,1250.1600,86.3398
cc,16384,fct_cdf,1250.2800,86.6650
cc,16384,fct_cdf,1250.5200,87.0153
cc,16384,fct_cdf,1250.6400,87.3405
cc,16384,fct_cdf,1250.8500,87.6657
cc,16384,fct_cdf,1250.9600,87.9910
cc,16384,fct_cdf,1251.0900,88.3413
cc,16384,fct_cdf,1251.2400,88.6665
cc,16384,fct_cdf,1251.4300,88.9917
cc,16384,fct_cdf,1251.6300,89.3420
cc,16384,fct_cdf,1251.8200,89.6673
cc,16384,fct_cdf,1252.0000,89.9925
cc,16384,fct_cdf,1252.1600,90.3428
cc,16384,fct_cdf,1252.3800,90.6680
cc,16384,fct_cdf,1252.5600,90.9932
cc,16384,fct_cdf,1252.9900,91.3435
cc,16384,fct_cdf,1253.1700,91.6688
cc,16384,fct_cdf,1253.3900,91.9940
cc,16384,fct_cdf,1253.6300,92.3443
cc,16384,fct_cdf,1253.7600,92.6695
cc,16384,fct_cdf,1254.0000,92.9947
cc,16384,fct_cdf,1254.2900,93.3450
cc,16384,fct_cdf,1254.5800,93.6703
cc,16384,fct_cdf,1254.8900,93.9955
cc,16384,fct_cdf,1255.3300,94.3458
cc,16384,fct_cdf,1255.7300,94.6710
cc,16384,fct_cdf,1256.0900,94.9962
cc,16384,fct_cdf,1256.6800,95.3465
cc,16384,fct_cdf,1257.1900,95.6718
cc,16384,fct_cdf,1257.5800,95.9970
cc,16384,fct_cdf,1258.1800,96.3222
cc,16384,fct_cdf,1258.8100,96.6725
cc,16384,fct_cdf,1259.4500,96.9977
cc,16384,fct_cdf,1260.3100,97.3230
cc,16384,fct_cdf,1260.9700,97.6733
cc,16384,fct_cdf,1261.7900,97.9985
cc,16384,fct_cdf,1262.5200,98.3237
cc,16384,fct_cdf,1263.6800,98.6740
cc,16384,fct_cdf,1264.7000,98.9992
cc,16384,fct_cdf,1266.6200,99.3245
cc,16384,fct_cdf,1270.0300,99.6748
cc,16384,fct_cdf,1276.1700,100.0000
cc,16384,fct_p50,,1237.060
cc,16384,fct_p99,,1264.900
cc,16384,fct_p999,,1275.460
cc,16384,samples,,3997
cc,65536,fct_cdf,994.6870,0.0334
cc,65536,fct_cdf,3457.7900,0.3670
cc,65536,fct_cdf,3475.2700,0.7007
cc,65536,fct_cdf,3484.6500,1.0344
cc,65536,fct_cdf,3492.5700,1.3680
cc,65536,fct_cdf,3495.8400,1.7017
cc,65536,fct_cdf,3499.4600,2.0354
cc,65536,fct_cdf,3504.8000,2.3690
cc,65536,fct_cdf,3508.6000,2.7027
cc,65536,fct_cdf,3511.1000,3.0364
cc,65536,fct_cdf,3514.6800,3.3700
cc,65536,fct_cdf,3516.9700,3.7037
cc,65536,fct_cdf,3518.4100,4.0374
cc,65536,fct_cdf,3520.2700,4.3710
cc,65536,fct_cdf,3523.2700,4.7047
cc,65536,fct_cdf,3525.2700,5.0384
cc,65536,fct_cdf,3526.7600,5.3720
cc,65536,fct_cdf,3529.6400,5.7057
cc,65536,fct_cdf,3531.7400,6.0394
cc,65536,fct_cdf,3533.6900,6.3730
cc,65536,fct_cdf,3535.6900,6.7067
cc,65536,fct_cdf,3538.0500,7.0404
cc,65536,fct_cdf,3539.1700,7.3740
cc,65536,fct_cdf,3540.9200,7.7077
cc,65536,fct_cdf,3542.9900,8.0414
cc,65536,fct_cdf,3544.4700,8.3750
cc,65536,fct_cdf,3546.2600,8.7087
cc,65536,fct_cdf,3547.3100,9.0424
cc,65536,fct_cdf,3549.2300,9.3760
cc,65536,fct_cdf,3550.9800,9.7097
cc,65536,fct_cdf,3551.8000,10.0434
cc,65536,fct_cdf,3552.8600,10.3770
cc,65536,fct_cdf,3554.6000,10.7107
cc,65536,fct_cdf,3556.2600,11.0444
cc,65536,fct_cdf,3557.1900,11.3780
cc,65536,fct_cdf,3558.1100,11.7117
cc,65536,fct_cdf,3559.2800,12.0454
cc,65536,fct_cdf,3560.1700,12.3790
cc,65536,fct_cdf,3561.5400,12.6793
cc,65536,fct_cdf,3563.0400,13.0130
cc,65536,fct_cdf,3564.3100,13.3467
cc,65536,fct_cdf,3565.6600,13.6803
cc,65536,fct_cdf,3568.3100,14.0140
cc,65536,fct_cdf,3570.1700,14.3477
cc,65536,fct_cdf,3571.1700,14.6813
cc,65536,fct_cdf,3573.0000,15.0150
cc,65536,fct_cdf,3574.6800,15.3487
cc,65536,fct_cdf,3575.5500,15.6823
cc,65536,fct_cdf,3577.0400,16.0160
cc,65536,fct_cdf,3578.3000,16.3497
cc,65536,fct_cdf,3579.4100,16.6834
cc,65536,fct_cdf,3580.2600,17.0170
cc,65536,fct_cdf,3581.4400,17.3507
cc,65536,fct_cdf,3582.7100,17.6844
cc,65536,fct_cdf,3583.7500,18.0180
cc,65536,fct_cdf,3584.6900,18.3517
cc,65536,fct_cdf,3585.2300,18.6854
cc,65536,fct_cdf,3586.2400,19.0190
cc,65536,fct_cdf,3587.3200,19.3527
cc,65536,fct_cdf,3588.3100,19.6864
cc,65536,fct_cdf,3589.4400,20.0200
cc,65536,fct_cdf,3590.4900,20.3537
cc,65536,fct_cdf,3591.0000,20.6874
cc,65536,fct_cdf,3591.9500,21.0210
cc,65536,fct_cdf,3593.7300,21.3547
cc,65536,fct_cdf,3594.9000,21.6884
cc,65536,fct_cdf,3595.4800,22.0220
cc,65536,fct_cdf,3596.5700,22.3557
cc,65536,fct_cdf,3597.5200,22.6894
cc,65536,fct_cdf,3598.7400,23.0230
cc,65536,fct_cdf,3599.4000,23.3567
cc,65536,fct_cdf,3599.9200,23.6904
cc,65536,fct_cdf,3601.0300,24.0240
cc,65536,fct_cdf,3601.8600,24.3577
cc,65536,fct_cdf,3602.6100,24.6914
cc,65536,fct_cdf,3603.6500,25.0250
cc,65536,fct_cdf,3604.2700,25.3587
cc,65536,fct_cdf,3605.6600,25.6924
cc,65536,fct_cdf,3606.2700,26.0260
cc,65536,fct_cdf,3607.0100,26.3597
cc,65536,fct_cdf,3607.6900,26.6934
cc,65536,fct_cdf,3608.6700,27.0270
cc,65536,fct_cdf,3609.3400,27.3607
cc,65536,fct_cdf,3610.3000,27.6944
cc,65536,fct_cdf,3611.2500,28.0280
cc,65536,fct_cdf,3612.5500,28.3617
cc,65536,fct_cdf,3613.3200,28.6954
cc,65536,fct_cdf,3613.6300,29.0290
cc,65536,fct_cdf,3614.6200,29.3627
cc,65536,fct_cdf,3616.0500,29.6964
cc,65536,fct_cdf,3617.0000,30.0300
cc,65536,fct_cdf,3617.8000,30.3637
cc,65536,fct_cdf,3618.7600,30.6974
cc,65536,fct_cdf,3619.6400,31.0310
cc,65536,fct_cdf,3620.3100,31.3647
cc,65536,fct_cdf,3621.1300,31.6984
cc,65536,fct_cdf,3622.3000,32.0320
cc,65536,fct_cdf,3623.0800,32.3657
cc,65536,fct_cdf,3624.0600,32.6994
cc,65536,fct_cdf,3625.1300,33.0330
cc,65536,fct_cdf,3625.9900,33.3667
cc,65536,fct_cdf,3626.8600,33.7004
cc,65536,fct_cdf,3627.5700,34.0340
cc,65536,fct_cdf,3628.3500,34.3677
cc,65536,fct_cdf,3629.6600,34.7014
cc,65536,fct_cdf,3630.1500,35.0350
cc,65536,fct_cdf,3630.9700,35.3687
cc,65536,fct_cdf,3631.5400,35.7024
cc,65536,fct_cdf,3632.3500,36.0360
cc,65536,fct_cdf,3632.7000,36.3697
cc,65536,fct_cdf,3634.1900,36.7034
cc,65536,fct_cdf,3634.8500,37.0370
cc,65536,fct_cdf,3635.6900,37.3707
cc,65536,fct_cdf,3636.3500,37.6710
cc,65536,fct_cdf,3637.1500,38.0047
cc,65536,fct_cdf,3637.5800,38.3383
cc,65536,fct_cdf,3638.6300,38.6720
cc,65536,fct_cdf,3639.6000,39.0057
cc,65536,fct_cdf,3640.2200,39.3393
cc,65536,fct_cdf,3640.7100,39.6730
cc,65536,fct_cdf,3641.1700,40.0067
cc,65536,fct_cdf,3641.6600,40.3403
cc,65536,fct_cdf,3642.4700,40.6740
cc,65536,fct_cdf,3642.9000,41.0077
cc,65536,fct_cdf,3643.7900,41.3413
cc,65536,fct_cdf,3644.6600,41.6750
cc,65536,fct_cdf,3645.1200,42.0087
cc,65536,fct_cdf,3645.8900,42.3423
cc,65536,fct_cdf,3646.4300,42.6760
cc,65536,fct_cdf,3646.9500,43.0097
cc,65536,fct_cdf,3647.4400,43.3433
cc,65536,fct_cdf,3647.8500,43.6770
cc,65536,fct_cdf,3648.3900,44.0107
cc,65536,fct_cdf,3649.1300,44.3443
cc,65536,fct_cdf,3649.6100,44.6780
cc,65536,fct_cdf,3650.7400,45.0117
cc,65536,fct_cdf,3651.5800,45.3453
cc,65536,fct_cdf,3652.3200,45.6790
cc,65536,fct_cdf,3652.7800,46.0127
cc,65536,fct_cdf,3653.6300,46.3463
cc,65536,fct_cdf,3654.2600,46.6800
cc,65536,fct_cdf,3654.9200,47.0137
cc,65536,fct_cdf,3655.3200,47.3473
cc,65536,fct_cdf,3656.0100,47.6810
cc,65536,fct_cdf,3656.4700,48.0147
cc,65536,fct_cdf,3656.9700,48.3483
cc,65536,fct_cdf,3657.4800,48.6820
cc,65536,fct_cdf,3658.2300,49.0157
cc,65536,fct_cdf,3659.1000,49.3493
cc,65536,fct_cdf,3659.5800,49.6830
cc,65536,fct_cdf,3660.0500,50.0167
cc,65536,fct_cdf,3660.5600,50.3504
cc,65536,fct_cdf,3661.2700,50.6840
cc,65536,fct_cdf,3661.9700,51.0177
cc,65536,fct_cdf,3662.2600,51.3514
cc,65536,fct_cdf,3663.2700,51.6850
cc,65536,fct_cdf,3663.8100,52.0187
cc,65536,fct_cdf,3664.3400,52.3524
cc,65536,fct_cdf,3665.0800,52.6860
cc,65536,fct_cdf,3665.6600,53.0197
cc,65536,fct_cdf,3666.2200,53.3534
cc,65536,fct_cdf,3666.6200,53.6870
cc,65536,fct_cdf,3667.4200,54.0207
cc,65536,fct_cdf,3668.5400,54.3544
cc,65536,fct_cdf,3668.8200,54.6880
cc,65536,fct_cdf,3669.2800,55.0217
cc,65536,fct_cdf,3669.7500,55.3554
cc,65536,fct_cdf,3670.2700,55.6890
cc,65536,fct_cdf,3670.6400,56.0227
cc,65536,fct_cdf,3671.6000,56.3564
cc,65536,fct_cdf,3672.7800,56.6900
cc,65536,fct_cdf,3673.5100,57.0237
cc,65536,fct_cdf,3674.1200,57.3574
cc,65536,fct_cdf,3674.6800,57.6910
cc,65536,fct_cdf,3675.4000,58.0247
cc,65536,fct_cdf,3676.3200,58.3584
cc,65536,fct_cdf,3677.0500,58.6920
cc,65536,fct_cdf,3677.9000,59.0257
cc,65536,fct_cdf,3678.6200,59.3594
cc,65536,fct_cdf,3679.4800,59.6930
cc,65536,fct_cdf,3680.3300,60.0267
cc,65536,fct_cdf,3680.7100,60.3604
cc,65536,fct_cdf,3681.3700,60.6940
cc,65536,fct_cdf,3682.1300,61.0277
cc,65536,fct_cdf,3683.0700,61.3614
cc,65536,fct_cdf,3684.1800,61.6950
cc,65536,fct_cdf,3684.7300,62.0287
cc,65536,fct_cdf,3685.3400,62.3624
cc,65536,fct_cdf,3686.1300,62.6627
cc,65536,fct_cdf,3686.6600,62.9963
cc,65536,fct_cdf,3687.2100,63.3300
cc,65536,fct_cdf,3688.2400,63.6637
cc,65536,fct_cdf,3689.1800,63.9973
cc,65536,fct_cdf,3689.9600,64.3310
cc,65536,fct_cdf,3690.8100,64.6647
cc,65536,fct_cdf,3691.3800,64.9983
cc,65536,fct_cdf,3691.8700,65.3320
cc,65536,fct_cdf,3692.6600,65.6657
cc,65536,fct_cdf,3693.5900,65.9993
cc,65536,fct_cdf,3694.5300,66.3330
cc,65536,fct_cdf,3695.0700,66.6667
cc,65536,fct_cdf,3695.5300,67.0003
cc,65536,fct_cdf,3696.6400,67.3340
cc,65536,fct_cdf,3697.6300,67.6677
cc,65536,fct_cdf,3698.5300,68.0013
cc,65536,fct_cdf,3699.2500,68.3350
cc,65536,fct_cdf,3699.6800,68.6687
cc,65536,fct_cdf,3700.3000,69.0023
cc,65536,fct_cdf,3701.0800,69.3360
cc,65536,fct_cdf,3702.0400,69.6697
cc,65536,fct_cdf,3702.6900,70.0033
cc,65536,fct_cdf,3703.7800,70.3370
cc,65536,fct_cdf,3704.3500,70.6707
cc,65536,fct_cdf,3705.0900,71.0043
cc,65536,fct_cdf,3705.8000,71.3380
cc,65536,fct_cdf,3706.3800,71.6717
cc,65536,fct_cdf,3706.9300,72.0053
cc,65536,fct_cdf,3707.4700,72.3390
cc,65536,fct_cdf,3708.2000,72.6727
cc,65536,fct_cdf,3708.6900,73.0063
cc,65536,fct_cdf,3709.3100,73.3400
cc,65536,fct_cdf,3710.1300,73.6737
cc,65536,fct_cdf,3710.6700,74.0073
cc,65536,fct_cdf,3711.4600,74.3410
cc,65536,fct_cdf,3712.2400,74.6747
cc,65536,fct_cdf,3712.8200,75.0083
cc,65536,fct_cdf,3713.5900,75.3420
cc,65536,fct_cdf,3713.9200,75.6757
cc,65536,fct_cdf,3714.1900,76.0093
cc,65536,fct_cdf,3714.6800,76.3430
cc,65536,fct_cdf,3715.4600,76.6767
cc,65536,fct_cdf,3715.9300,77.0103
cc,65536,fct_cdf,3716.4900,77.3440
cc,65536,fct_cdf,3717.1800,77.6777
cc,65536,fct_cdf,3717.8800,78.0113
cc,65536,fct_cdf,3718.4700,78.3450
cc,65536,fct_cdf,3719.2100,78.6787
cc,65536,fct_cdf,3720.1000,79.0123
cc,65536,fct_cdf,3720.6800,79.3460
cc,65536,fct_cdf,3721.2300,79.6797
cc,65536,fct_cdf,3721.9100,80.0133
cc,65536,fct_cdf,3722.7400,80.3470
cc,65536,fct_cdf,3723.3200,80.6807
cc,65536,fct_cdf,3724.0000,81.0143
cc,65536,fct_cdf,3725.0600,81.3480
cc,65536,fct_cdf,3725.4200,81.6817
cc,65536,fct_cdf,3726.4800,82.0153
cc,65536,fct_cdf,3727.2500,82.3490
cc,65536,fct_cdf,3727.8600,82.6827
cc,65536,fct_cdf,3728.6300,83.0163
cc,65536,fct_cdf,3729.5700,83.3500
cc,65536,fct_cdf,3730.5600,83.6837
cc,65536,fct_cdf,3731.6100,84.0174
cc,65536,fct_cdf,3732.7500,84.3510
cc,65536,fct_cdf,3733.3300,84.6847
cc,65536,fct_cdf,3733.7700,85.0184
cc,65536,fct_cdf,3734.8200,85.3520
cc,65536,fct_cdf,3735.6100,85.6857
cc,65536,fct_cdf,3736.5100,86.0194
cc,65536,fct_cdf,3737.4900,86.3530
cc,65536,fct_cdf,3738.9200,86.6867
cc,65536,fct_cdf,3740.0100,87.0204
cc,65536,fct_cdf,3741.4000,87.3540
cc,65536,fct_cdf,3742.6400,87.6543
cc,65536,fct_cdf,3743.7500,87.9880
cc,65536,fct_cdf,3745.0000,88.3217
cc,65536,fct_cdf,3746.4400,88.6553
cc,65536,fct_cdf,3747.3900,88.9890
cc,65536,fct_cdf,3748.7600,89.3227
cc,65536,fct_cdf,3750.1700,89.6563
cc,65536,fct_cdf,3750.9500,89.9900
cc,65536,fct_cdf,3752.4500,90.3237
cc,65536,fct_cdf,3753.5500,90.6573
cc,65536,fct_cdf,3754.5000,90.9910
cc,65536,fct_cdf,3756.5400,91.3247
cc,65536,fct_cdf,3757.8600,91.6583
cc,65536,fct_cdf,3759.6900,91.9920
cc,65536,fct_cdf,3760.4000,92.3257
cc,65536,fct_cdf,3762.0200,92.6593
cc,65536,fct_cdf,3763.4900,92.9930
cc,65536,fct_cdf,3765.8900,93.3267
cc,65536,fct_cdf,3767.0100,93.6603
cc,65536,fct_cdf,3768.8100,93.9940
cc,65536,fct_cdf,3769.9900,94.3277
cc,65536,fct_cdf,3773.5000,94.6613
cc,65536,fct_cdf,3774.7600,94.9950
cc,65536,fct_cdf,3777.1700,95.3287
cc,65536,fct_cdf,3779.5400,95.6623
cc,65536,fct_cdf,3782.0100,95.9960
cc,65536,fct_cdf,3788.7500,96.3297
cc,65536,fct_cdf,3791.3700,96.6633
cc,65536,fct_cdf,3794.3500,96.9970
cc,65536,fct_cdf,3798.3800,97.3307
cc,65536,fct_cdf,3805.4300,97.6643
cc,65536,fct_cdf,3808.9400,97.9980
cc,65536,fct_cdf,3814.0600,98.3317
cc,65536,fct_cdf,3821.9100,98.6653
cc,65536,fct_cdf,3827.7200,98.9990
cc,65536,fct_cdf,3848.5600,99.3327
cc,65536,fct_cdf,3868.6000,99.6663
cc,65536,fct_cdf,4990.9900,100.0000
cc,65536,fct_p50,,3660.050
cc,65536,fct_p99,,3828.930
cc,65536,fct_p999,,3903.120
cc,65536,samples,,2997
cc,262144,fct_cdf,1062.7300,0.0835
cc,262144,fct_cdf,13055.8000,0.4177
cc,262144,fct_cdf,13131.9000,0.7519
cc,262144,fct_cdf,13169.0000,1.0860
cc,262144,fct_cdf,13181.0000,1.4202
cc,262144,fct_cdf,13192.3000,1.7544
cc,262144,fct_cdf,13200.2000,2.0886
cc,262144,fct_cdf,13208.2000,2.4227
cc,262144,fct_cdf,13219.5000,2.7569
cc,262144,fct_cdf,13226.4000,3.0911
cc,262144,fct_cdf,13231.2000,3.4252
cc,262144,fct_cdf,13236.5000,3.7594
cc,262144,fct_cdf,13240.9000,4.0936
cc,262144,fct_cdf,13248.0000,4.4277
cc,262144,fct_cdf,13254.2000,4.7619
cc,262144,fct_cdf,13257.0000,5.0961
cc,262144,fct_cdf,13259.5000,5.4302
cc,262144,fct_cdf,13263.1000,5.7644
cc,262144,fct_cdf,13273.1000,6.0986
cc,262144,fct_cdf,13281.9000,6.4327
cc,262144,fct_cdf,13285.8000,6.7669
cc,262144,fct_cdf,13288.6000,7.1011
cc,262144,fct_cdf,13293.6000,7.4353
cc,262144,fct_cdf,13294.6000,7.7694
cc,262144,fct_cdf,13298.8000,8.1036
cc,262144,fct_cdf,13302.3000,8.4378
cc,262144,fct_cdf,13304.2000,8.7719
cc,262144,fct_cdf,13308.0000,9.1061
cc,262144,fct_cdf,13309.9000,9.4403
cc,262144,fct_cdf,13315.1000,9.7744
cc,262144,fct_cdf,13317.8000,10.1086
cc,262144,fct_cdf,13324.6000,10.4428
cc,262144,fct_cdf,13326.2000,10.7769
cc,262144,fct_cdf,13328.1000,11.1111
cc,262144,fct_cdf,13330.6000,11.4453
cc,262144,fct_cdf,13333.1000,11.7794
cc,262144,fct_cdf,13334.6000,12.1136
cc,262144,fct_cdf,13335.4000,12.4478
cc,262144,fct_cdf,13337.4000,12.6984
cc,262144,fct_cdf,13338.6000,13.0326
cc,262144,fct_cdf,13340.9000,13.3668
cc,262144,fct_cdf,13342.0000,13.7009
cc,262144,fct_cdf,13343.2000,14.0351
cc,262144,fct_cdf,13346.3000,14.3693
cc,262144,fct_cdf,13348.7000,14.7034
cc,262144,fct_cdf,13350.9000,15.0376
cc,262144,fct_cdf,13353.2000,15.3718
cc,262144,fct_cdf,13354.8000,15.7059
cc,262144,fct_cdf,13356.9000,16.0401
cc,262144,fct_cdf,13359.2000,16.3743
cc,262144,fct_cdf,13360.8000,16.7084
cc,262144,fct_cdf,13361.9000,17.0426
cc,262144,fct_cdf,13363.1000,17.3768
cc,262144,fct_cdf,13364.1000,17.7109
cc,262144,fct_cdf,13366.1000,18.0451
cc,262144,fct_cdf,13367.0000,18.3793
cc,262144,fct_cdf,13369.3000,18.7135
cc,262144,fct_cdf,13370.1000,19.0476
cc,262144,fct_cdf,13371.7000,19.3818
cc,262144,fct_cdf,13376.9000,19.7160
cc,262144,fct_cdf,13379.5000,20.0501
cc,262144,fct_cdf,13380.0000,20.3843
cc,262144,fct_cdf,13381.4000,20.7185
cc,262144,fct_cdf,13383.1000,21.0526
cc,262144,fct_cdf,13384.2000,21.3868
cc,262144,fct_cdf,13386.9000,21.7210
cc,262144,fct_cdf,13388.4000,22.0551
cc,262144,fct_cdf,13390.2000,22.3893
cc,262144,fct_cdf,13393.5000,22.7235
cc,262144,fct_cdf,13394.3000,23.0576
cc,262144,fct_cdf,13396.7000,23.3918
cc,262144,fct_cdf,13397.0000,23.7260
cc,262144,fct_cdf,13399.0000,24.0602
cc,262144,fct_cdf,13399.8000,24.3943
cc,262144,fct_cdf,13400.3000,24.7285
cc,262144,fct_cdf,13402.7000,25.0627
cc,262144,fct_cdf,13403.9000,25.3968
cc,262144,fct_cdf,13405.5000,25.7310
cc,262144,fct_cdf,13406.7000,26.0652
cc,262144,fct_cdf,13408.2000,26.3993
cc,262144,fct_cdf,13409.0000,26.7335
cc,262144,fct_cdf,13411.1000,27.0677
cc,262144,fct_cdf,13412.9000,27.4018
cc,262144,fct_cdf,13415.1000,27.7360
cc,262144,fct_cdf,13415.6000,28.0702
cc,262144,fct_cdf,13416.9000,28.4043
cc,262144,fct_cdf,13419.9000,28.7385
cc,262144,fct_cdf,13420.7000,29.0727
cc,262144,fct_cdf,13421.4000,29.4069
cc,262144,fct_cdf,13421.8000,29.7410
cc,262144,fct_cdf,13422.9000,30.0752
cc,262144,fct_cdf,13425.0000,30.4094
cc,262144,fct_cdf,13425.8000,30.7435
cc,262144,fct_cdf,13428.3000,31.0777
cc,262144,fct_cdf,13429.5000,31.4119
cc,262144,fct_cdf,13431.6000,31.7460
cc,262144,fct_cdf,13432.3000,32.0802
cc,262144,fct_cdf,13433.0000,32.4144
cc,262144,fct_cdf,13433.9000,32.7485
cc,262144,fct_cdf,13434.7000,33.0827
cc,262144,fct_cdf,13435.7000,33.4169
cc,262144,fct_cdf,13436.4000,33.7510
cc,262144,fct_cdf,13437.8000,34.0852
cc,262144,fct_cdf,13438.1000,34.4194
cc,262144,fct_cdf,13439.3000,34.7536
cc,262144,fct_cdf,13440.6000,35.0877
cc,262144,fct_cdf,13441.9000,35.4219
cc,262144,fct_cdf,13443.1000,35.7561
cc,262144,fct_cdf,13444.4000,36.0902
cc,262144,fct_cdf,13446.1000,36.4244
cc,262144,fct_cdf,13447.1000,36.7586
cc,262144,fct_cdf,13447.7000,37.0927
cc,262144,fct_cdf,13448.8000,37.4269
cc,262144,fct_cdf,13448.9000,37.6775
cc,262144,fct_cdf,13450.4000,38.0117
cc,262144,fct_cdf,13451.5000,38.3459
cc,262144,fct_cdf,13452.6000,38.6800
cc,262144,fct_cdf,13453.1000,39.0142
cc,262144,fct_cdf,13455.0000,39.3484
cc,262144,fct_cdf,13456.6000,39.6825
cc,262144,fct_cdf,13457.2000,40.0167
cc,262144,fct_cdf,13458.4000,40.3509
cc,262144,fct_cdf,13459.9000,40.6850
cc,262144,fct_cdf,13460.8000,41.0192
cc,262144,fct_cdf,13461.7000,41.3534
cc,262144,fct_cdf,13462.8000,41.6876
cc,262144,fct_cdf,13464.0000,42.0217
cc,262144,fct_cdf,13464.9000,42.3559
cc,262144,fct_cdf,13465.2000,42.6901
cc,262144,fct_cdf,13465.6000,43.0242
cc,262144,fct_cdf,13468.4000,43.3584
cc,262144,fct_cdf,13469.7000,43.6926
cc,262144,fct_cdf,13470.9000,44.0267
cc,262144,fct_cdf,13471.8000,44.3609
cc,262144,fct_cdf,13473.3000,44.6951
cc,262144,fct_cdf,13474.0000,45.0292
cc,262144,fct_cdf,13475.9000,45.3634
cc,262144,fct_cdf,13477.4000,45.6976
cc,262144,fct_cdf,13480.1000,46.0317
cc,262144,fct_cdf,13481.7000,46.3659
cc,262144,fct_cdf,13482.7000,46.7001
cc,262144,fct_cdf,13483.6000,47.0343
cc,262144,fct_cdf,13485.2000,47.3684
cc,262144,fct_cdf,13485.6000,47.7026
cc,262144,fct_cdf,13486.3000,48.0368
cc,262144,fct_cdf,13487.2000,48.3709
cc,262144,fct_cdf,13488.5000,48.7051
cc,262144,fct_cdf,13489.8000,49.0393
cc,262144,fct_cdf,13490.9000,49.3734
cc,262144,fct_cdf,13492.0000,49.7076
cc,262144,fct_cdf,13492.8000,50.0418
cc,262144,fct_cdf,13493.7000,50.3759
cc,262144,fct_cdf,13494.4000,50.7101
cc,262144,fct_cdf,13494.9000,51.0443
cc,262144,fct_cdf,13496.2000,51.3784
cc,262144,fct_cdf,13497.5000,51.7126
cc,262144,fct_cdf,13498.2000,52.0468
cc,262144,fct_cdf,13499.1000,52.3810
cc,262144,fct_cdf,13502.3000,52.7151
cc,262144,fct_cdf,13503.7000,53.0493
cc,262144,fct_cdf,13503.9000,53.3835
cc,262144,fct_cdf,13504.8000,53.7176
cc,262144,fct_cdf,13506.4000,54.0518
cc,262144,fct_cdf,13507.0000,54.3860
cc,262144,fct_cdf,13507.3000,54.7201
cc,262144,fct_cdf,13508.3000,55.0543
cc,262144,fct_cdf,13508.9000,55.3885
cc,262144,fct_cdf,13510.3000,55.7226
cc,262144,fct_cdf,13511.9000,56.0568
cc,262144,fct_cdf,13512.4000,56.3910
cc,262144,fct_cdf,13513.8000,56.7251
cc,262144,fct_cdf,13514.8000,57.0593
cc,262144,fct_cdf,13516.9000,57.3935
cc,262144,fct_cdf,13517.8000,57.7277
cc,262144,fct_cdf,13518.7000,58.0618
cc,262144,fct_cdf,13520.3000,58.3960
cc,262144,fct_cdf,13521.0000,58.7302
cc,262144,fct_cdf,13521.7000,59.0643
cc,262144,fct_cdf,13522.4000,59.3985
cc,262144,fct_cdf,13523.0000,59.7327
cc,262144,fct_cdf,13524.0000,60.0668
cc,262144,fct_cdf,13524.5000,60.4010
cc,262144,fct_cdf,13525.3000,60.7352
cc,262144,fct_cdf,13525.9000,61.0693
cc,262144,fct_cdf,13526.5000,61.4035
cc,262144,fct_cdf,13527.3000,61.7377
cc,262144,fct_cdf,13528.0000,62.0718
cc,262144,fct_cdf,13528.8000,62.4060
cc,262144,fct_cdf,13529.1000,62.6566
cc,262144,fct_cdf,13530.0000,62.9908
cc,262144,fct_cdf,13530.8000,63.3250
cc,262144,fct_cdf,13531.8000,63.6591
cc,262144,fct_cdf,13532.4000,63.9933
cc,262144,fct_cdf,13533.3000,64.3275
cc,262144,fct_cdf,13533.5000,64.6617
cc,262144,fct_cdf,13534.6000,64.9958
cc,262144,fct_cdf,13536.1000,65.3300
cc,262144,fct_cdf,13537.2000,65.6642
cc,262144,fct_cdf,13538.2000,65.9983
cc,262144,fct_cdf,13538.6000,66.3325
cc,262144,fct_cdf,13539.0000,66.6667
cc,262144,fct_cdf,13540.2000,67.0008
cc,262144,fct_cdf,13541.0000,67.3350
cc,262144,fct_cdf,13541.9000,67.6692
cc,262144,fct_cdf,13542.7000,68.0033
cc,262144,fct_cdf,13543.3000,68.3375
cc,262144,fct_cdf,13546.1000,68.6717
cc,262144,fct_cdf,13548.0000,69.0058
cc,262144,fct_cdf,13549.4000,69.3400
cc,262144,fct_cdf,13550.9000,69.6742
cc,262144,fct_cdf,13552.9000,70.0084
cc,262144,fct_cdf,13554.6000,70.3425
cc,262144,fct_cdf,13555.5000,70.6767
cc,262144,fct_cdf,13556.3000,71.0109
cc,262144,fct_cdf,13556.6000,71.3450
cc,262144,fct_cdf,13558.0000,71.6792
cc,262144,fct_cdf,13560.4000,72.0134
cc,262144,fct_cdf,13562.4000,72.3475
cc,262144,fct_cdf,13563.4000,72.6817
cc,262144,fct_cdf,13564.7000,73.0159
cc,262144,fct_cdf,13565.6000,73.3500
cc,262144,fct_cdf,13567.4000,73.6842
cc,262144,fct_cdf,13569.7000,74.0184
cc,262144,fct_cdf,13570.5000,74.3525
cc,262144,fct_cdf,13571.5000,74.6867
cc,262144,fct_cdf,13572.8000,75.0209
cc,262144,fct_cdf,13573.5000,75.3551
cc,262144,fct_cdf,13574.7000,75.6892
cc,262144,fct_cdf,13576.1000,76.0234
cc,262144,fct_cdf,13578.2000,76.3576
cc,262144,fct_cdf,13580.1000,76.6917
cc,262144,fct_cdf,13581.5000,77.0259
cc,262144,fct_cdf,13582.5000,77.3601
cc,262144,fct_cdf,13584.8000,77.6942
cc,262144,fct_cdf,13586.1000,78.0284
cc,262144,fct_cdf,13587.2000,78.3626
cc,262144,fct_cdf,13587.8000,78.6967
cc,262144,fct_cdf,13588.5000,79.0309
cc,262144,fct_cdf,13590.2000,79.3651
cc,262144,fct_cdf,13591.8000,79.6992
cc,262144,fct_cdf,13592.8000,80.0334
cc,262144,fct_cdf,13594.1000,80.3676
cc,262144,fct_cdf,13595.4000,80.7018
cc,262144,fct_cdf,13597.0000,81.0359
cc,262144,fct_cdf,13599.2000,81.3701
cc,262144,fct_cdf,13600.6000,81.7043
cc,262144,fct_cdf,13603.7000,82.0384
cc,262144,fct_cdf,13605.2000,82.3726
cc,262144,fct_cdf,13606.3000,82.7068
cc,262144,fct_cdf,13609.5000,83.0409
cc,262144,fct_cdf,13611.8000,83.3751
cc,262144,fct_cdf,13615.9000,83.7093
cc,262144,fct_cdf,13616.9000,84.0434
cc,262144,fct_cdf,13618.0000,84.3776
cc,262144,fct_cdf,13619.9000,84.7118
cc,262144,fct_cdf,13621.8000,85.0459
cc,262144,fct_cdf,13625.3000,85.3801
cc,262144,fct_cdf,13627.7000,85.7143
cc,262144,fct_cdf,13629.3000,86.0485
cc,262144,fct_cdf,13631.5000,86.3826
cc,262144,fct_cdf,13633.6000,86.7168
cc,262144,fct_cdf,13635.9000,87.0510
cc,262144,fct_cdf,13638.9000,87.3851
cc,262144,fct_cdf,13640.5000,87.6358
cc,262144,fct_cdf,13642.9000,87.9699
cc,262144,fct_cdf,13645.1000,88.3041
cc,262144,fct_cdf,13647.8000,88.6383
cc,262144,fct_cdf,13648.8000,88.9724
cc,262144,fct_cdf,13651.8000,89.3066
cc,262144,fct_cdf,13653.3000,89.6408
cc,262144,fct_cdf,13655.4000,89.9749
cc,262144,fct_cdf,13657.2000,90.3091
cc,262144,fct_cdf,13659.1000,90.6433
cc,262144,fct_cdf,13664.9000,90.9774
cc,262144,fct_cdf,13667.3000,91.3116
cc,262144,fct_cdf,13670.0000,91.6458
cc,262144,fct_cdf,13674.4000,91.9799
cc,262144,fct_cdf,13681.6000,92.3141
cc,262144,fct_cdf,13687.7000,92.6483
cc,262144,fct_cdf,13691.7000,92.9825
cc,262144,fct_cdf,13700.4000,93.3166
cc,262144,fct_cdf,13705.5000,93.6508
cc,262144,fct_cdf,13710.5000,93.9850
cc,262144,fct_cdf,13714.6000,94.3191
cc,262144,fct_cdf,13721.4000,94.6533
cc,262144,fct_cdf,13727.1000,94.9875
cc,262144,fct_cdf,13733.2000,95.3216
cc,262144,fct_cdf,13738.6000,95.6558
cc,262144,fct_cdf,13743.3000,95.9900
cc,262144,fct_cdf,13747.1000,96.3241
cc,262144,fct_cdf,13758.5000,96.6583
cc,262144,fct_cdf,13768.5000,96.9925
cc,262144,fct_cdf,13780.0000,97.3266
cc,262144,fct_cdf,13792.5000,97.6608
cc,262144,fct_cdf,13808.8000,97.9950
cc,262144,fct_cdf,13822.8000,98.3292
cc,262144,fct_cdf,13843.5000,98.6633
cc,262144,fct_cdf,13889.9000,98.9975
cc,262144,fct_cdf,13924.8000,99.3317
cc,262144,fct_cdf,15043.8000,99.6658
cc,262144,fct_cdf,19789.0000,100.0000
cc,262144,fct_p50,,13492.800
cc,262144,fct_p99,,13892.800
cc,262144,fct_p999,,19684.000
cc,262144,samples,,1197
cc,1048576,fct_cdf,51520.1000,0.4049
cc,1048576,fct_cdf,51592.6000,0.8097
cc,1048576,fct_cdf,51727.3000,1.2146
cc,1048576,fct_cdf,51727.3000,1.2146
cc,1048576,fct_cdf,51740.7000,1.6194
cc,1048576,fct_cdf,51884.3000,2.0243
cc,1048576,fct_cdf,51926.3000,2.4291
cc,1048576,fct_cdf,51928.4000,2.8340
cc,1048576,fct_cdf,51973.3000,3.2389
cc,1048576,fct_cdf,51973.3000,3.2389
cc,1048576,fct_cdf,51979.7000,3.6437
cc,1048576,fct_cdf,51991.9000,4.0486
cc,1048576,fct_cdf,52007.8000,4.4534
cc,1048576,fct_cdf,52008.0000,4.8583
cc,1048576,fct_cdf,52008.0000,4.8583
cc,1048576,fct_cdf,52073.2000,5.2632
cc,1048576,fct_cdf,52078.1000,5.6680
cc,1048576,fct_cdf,52098.4000,6.0729
cc,1048576,fct_cdf,52121.7000,6.4777
cc,1048576,fct_cdf,52145.6000,6.8826
cc,1048576,fct_cdf,52145.6000,6.8826
cc,1048576,fct_cdf,52155.4000,7.2874
cc,1048576,fct_cdf,52164.2000,7.6923
cc,1048576,fct_cdf,52190.3000,8.0972
cc,1048576,fct_cdf,52200.0000,8.5020
cc,1048576,fct_cdf,52200.0000,8.5020
cc,1048576,fct_cdf,52217.8000,8.9069
cc,1048576,fct_cdf,52226.2000,9.3117
cc,1048576,fct_cdf,52240.5000,9.7166
cc,1048576,fct_cdf,52254.7000,10.1215
cc,1048576,fct_cdf,52264.7000,10.5263
cc,1048576,fct_cdf,52264.7000,10.5263
cc,1048576,fct_cdf,52282.3000,10.9312
cc,1048576,fct_cdf,52387.8000,11.3360
cc,1048576,fct_cdf,52393.0000,11.7409
cc,1048576,fct_cdf,52403.8000,12.1457
cc,1048576,fct_cdf,52424.1000,12.5506
cc,1048576,fct_cdf,52424.1000,12.5506
cc,1048576,fct_cdf,52448.1000,12.9555
cc,1048576,fct_cdf,52478.4000,13.3603
cc,1048576,fct_cdf,52479.5000,13.7652
cc,1048576,fct_cdf,52503.7000,14.1700
cc,1048576,fct_cdf,52503.7000,14.1700
cc,1048576,fct_cdf,52518.9000,14.5749
cc,1048576,fct_cdf,52532.4000,14.9798
cc,1048576,fct_cdf,52549.0000,15.3846
cc,1048576,fct_cdf,52550.8000,15.7895
cc,1048576,fct_cdf,52555.2000,16.1943
cc,1048576,fct_cdf,52555.2000,16.1943
cc,1048576,fct_cdf,52572.2000,16.5992
cc,1048576,fct_cdf,52578.2000,17.0040
cc,1048576,fct_cdf,52603.1000,17.4089
cc,1048576,fct_cdf,52614.3000,17.8138
cc,1048576,fct_cdf,52614.3000,17.8138
cc,1048576,fct_cdf,52646.5000,18.2186
cc,1048576,fct_cdf,52650.5000,18.6235
cc,1048576,fct_cdf,52656.1000,19.0283
cc,1048576,fct_cdf,52702.2000,19.4332
cc,1048576,fct_cdf,52706.0000,19.8381
cc,1048576,fct_cdf,52706.0000,19.8381
cc,1048576,fct_cdf,52749.8000,20.2429
cc,1048576,fct_cdf,52789.2000,20.6478
cc,1048576,fct_cdf,52815.2000,21.0526
cc,1048576,fct_cdf,52829.6000,21.4575
cc,1048576,fct_cdf,52829.6000,21.4575
cc,1048576,fct_cdf,52837.7000,21.8623
cc,1048576,fct_cdf,52867.5000,22.2672
cc,1048576,fct_cdf,52917.0000,22.6721
cc,1048576,fct_cdf,52921.0000,23.0769
cc,1048576,fct_cdf,52927.4000,23.4818
cc,1048576,fct_cdf,52927.4000,23.4818
cc,1048576,fct_cdf,52942.4000,23.8866
cc,1048576,fct_cdf,53002.5000,24.2915
cc,1048576,fct_cdf,53041.7000,24.6964
cc,1048576,fct_cdf,53045.9000,25.1012
cc,1048576,fct_cdf,53055.3000,25.5061
cc,1048576,fct_cdf,53055.3000,25.5061
cc,1048576,fct_cdf,53055.9000,25.9109
cc,1048576,fct_cdf,53059.8000,26.3158
cc,1048576,fct_cdf,53098.8000,26.7206
cc,1048576,fct_cdf,53099.5000,27.1255
cc,1048576,fct_cdf,53099.5000,27.1255
cc,1048576,fct_cdf,53119.7000,27.5304
cc,1048576,fct_cdf,53126.0000,27.9352
cc,1048576,fct_cdf,53127.8000,28.3401
cc,1048576,fct_cdf,53130.6000,28.7449
cc,1048576,fct_cdf,53138.1000,29.1498
cc,1048576,fct_cdf,53138.1000,29.1498
cc,1048576,fct_cdf,53155.7000,29.5547
cc,1048576,fct_cdf,53159.2000,29.9595
cc,1048576,fct_cdf,53166.4000,30.3644
cc,1048576,fct_cdf,53189.5000,30.7692
cc,1048576,fct_cdf,53189.5000,30.7692
cc,1048576,fct_cdf,53206.6000,31.1741
cc,1048576,fct_cdf,53223.4000,31.5789
cc,1048576,fct_cdf,53224.0000,31.9838
cc,1048576,fct_cdf,53234.7000,32.3887
cc,1048576,fct_cdf,53242.2000,32.7935
cc,1048576,fct_cdf,53242.2000,32.7935
cc,1048576,fct_cdf,53252.5000,33.1984
cc,1048576,fct_cdf,53263.7000,33.6032
cc,1048576,fct_cdf,53264.3000,34.0081
cc,1048576,fct_cdf,53270.2000,34.4130
cc,1048576,fct_cdf,53270.2000,34.4130
cc,1048576,fct_cdf,53277.4000,34.8178
cc,1048576,fct_cdf,53284.8000,35.2227
cc,1048576,fct_cdf,53287.5000,35.6275
cc,1048576,fct_cdf,53291.2000,36.0324
cc,1048576,fct_cdf,53301.2000,36.4372
cc,1048576,fct_cdf,53301.2000,36.4372
cc,1048576,fct_cdf,53307.1000,36.8421
cc,1048576,fct_cdf,53315.0000,37.2470
cc,1048576,fct_cdf,53325.6000,37.6518
cc,1048576,fct_cdf,53339.6000,38.0567
cc,1048576,fct_cdf,53339.6000,38.0567
cc,1048576,fct_cdf,53349.7000,38.4615
cc,1048576,fct_cdf,53351.5000,38.8664
cc,1048576,fct_cdf,53361.3000,39.2713
cc,1048576,fct_cdf,53363.3000,39.6761
cc,1048576,fct_cdf,53369.6000,40.0810
cc,1048576,fct_cdf,53369.6000,40.0810
cc,1048576,fct_cdf,53375.1000,40.4858
cc,1048576,fct_cdf,53384.3000,40.8907
cc,1048576,fct_cdf,53394.5000,41.2955
cc,1048576,fct_cdf,53401.4000,41.7004
cc,1048576,fct_cdf,53401.4000,41.7004
cc,1048576,fct_cdf,53406.0000,42.1053
cc,1048576,fct_cdf,53414.0000,42.5101
cc,1048576,fct_cdf,53414.1000,42.9150
cc,1048576,fct_cdf,53415.6000,43.3198
cc,1048576,fct_cdf,53420.1000,43.7247
cc,1048576,fct_cdf,53420.1000,43.7247
cc,1048576,fct_cdf,53421.6000,44.1296
cc,1048576,fct_cdf,53441.1000,44.5344
cc,1048576,fct_cdf,53444.1000,44.9393
cc,1048576,fct_cdf,53453.3000,45.3441
cc,1048576,fct_cdf,53471.0000,45.7490
cc,1048576,fct_cdf,53471.0000,45.7490
cc,1048576,fct_cdf,53477.5000,46.1538
cc,1048576,fct_cdf,53481.5000,46.5587
cc,1048576,fct_cdf,53484.7000,46.9636
cc,1048576,fct_cdf,53488.6000,47.3684
cc,1048576,fct_cdf,53488.6000,47.3684
cc,1048576,fct_cdf,53498.4000,47.7733
cc,1048576,fct_cdf,53504.6000,48.1781
cc,1048576,fct_cdf,53517.7000,48.5830
cc,1048576,fct_cdf,53519.2000,48.9879
cc,1048576,fct_cdf,53519.3000,49.3927
cc,1048576,fct_cdf,53519.3000,49.3927
cc,1048576,fct_cdf,53522.6000,49.7976
cc,1048576,fct_cdf,53522.7000,50.2024
cc,1048576,fct_cdf,53543.1000,50.6073
cc,1048576,fct_cdf,53544.1000,51.0121
cc,1048576,fct_cdf,53544.1000,51.0121
cc,1048576,fct_cdf,53550.7000,51.4170
cc,1048576,fct_cdf,53553.9000,51.8219
cc,1048576,fct_cdf,53568.5000,52.2267
cc,1048576,fct_cdf,53573.0000,52.6316
cc,1048576,fct_cdf,53573.9000,53.0364
cc,1048576,fct_cdf,53573.9000,53.0364
cc,1048576,fct_cdf,53609.1000,53.4413
cc,1048576,fct_cdf,53612.6000,53.8462
cc,1048576,fct_cdf,53614.2000,54.2510
cc,1048576,fct_cdf,53625.3000,54.6559
cc,1048576,fct_cdf,53625.3000,54.6559
cc,1048576,fct_cdf,53631.9000,55.0607
cc,1048576,fct_cdf,53635.6000,55.4656
cc,1048576,fct_cdf,53639.3000,55.8704
cc,1048576,fct_cdf,53661.8000,56.2753
cc,1048576,fct_cdf,53667.9000,56.6802
cc,1048576,fct_cdf,53667.9000,56.6802
cc,1048576,fct_cdf,53671.7000,57.0850
cc,1048576,fct_cdf,53676.2000,57.4899
cc,1048576,fct_cdf,53676.8000,57.8947
cc,1048576,fct_cdf,53678.4000,58.2996
cc,1048576,fct_cdf,53680.8000,58.7045
cc,1048576,fct_cdf,53680.8000,58.7045
cc,1048576,fct_cdf,53684.1000,59.1093
cc,1048576,fct_cdf,53691.5000,59.5142
cc,1048576,fct_cdf,53693.7000,59.9190
cc,1048576,fct_cdf,53696.0000,60.3239
cc,1048576,fct_cdf,53696.0000,60.3239
cc,1048576,fct_cdf,53703.7000,60.7287
cc,1048576,fct_cdf,53707.7000,61.1336
cc,1048576,fct_cdf,53721.2000,61.5385
cc,1048576,fct_cdf,53734.7000,61.9433
cc,1048576,fct_cdf,53752.4000,62.3482
cc,1048576,fct_cdf,53752.4000,62.3482
cc,1048576,fct_cdf,53774.5000,62.7530
cc,1048576,fct_cdf,53775.2000,63.1579
cc,1048576,fct_cdf,53775.9000,63.5628
cc,1048576,fct_cdf,53779.0000,63.9676
cc,1048576,fct_cdf,53779.0000,63.9676
cc,1048576,fct_cdf,53790.7000,64.3725
cc,1048576,fct_cdf,53798.6000,64.7773
cc,1048576,fct_cdf,53813.2000,65.1822
cc,1048576,fct_cdf,53817.8000,65.5870
cc,1048576,fct_cdf,53818.6000,65.9919
cc,1048576,fct_cdf,53818.6000,65.9919
cc,1048576,fct_cdf,53819.5000,66.3968
cc,1048576,fct_cdf,53838.0000,66.8016
cc,1048576,fct_cdf,53840.1000,67.2065
cc,1048576,fct_cdf,53861.7000,67.6113
cc,1048576,fct_cdf,53861.7000,67.6113
cc,1048576,fct_cdf,53876.2000,68.0162
cc,1048576,fct_cdf,53877.5000,68.4211
cc,1048576,fct_cdf,53891.7000,68.8259
cc,1048576,fct_cdf,53892.5000,69.2308
cc,1048576,fct_cdf,53896.3000,69.6356
cc,1048576,fct_cdf,53896.3000,69.6356
cc,1048576,fct_cdf,53958.7000,70.0405
cc,1048576,fct_cdf,53959.7000,70.4453
cc,1048576,fct_cdf,53969.6000,70.8502
cc,1048576,fct_cdf,53974.8000,71.2551
cc,1048576,fct_cdf,53974.8000,71.2551
cc,1048576,fct_cdf,54010.5000,71.6599
cc,1048576,fct_cdf,54022.6000,72.0648
cc,1048576,fct_cdf,54029.3000,72.4696
cc,1048576,fct_cdf,54079.1000,72.8745
cc,1048576,fct_cdf,54091.1000,73.2794
cc,1048576,fct_cdf,54091.1000,73.2794
cc,1048576,fct_cdf,54131.1000,73.6842
cc,1048576,fct_cdf,54138.4000,74.0891
cc,1048576,fct_cdf,54152.2000,74.4939
cc,1048576,fct_cdf,54156.4000,74.8988
cc,1048576,fct_cdf,54156.4000,74.8988
cc,1048576,fct_cdf,54195.4000,75.3036
cc,1048576,fct_cdf,54207.9000,75.7085
cc,1048576,fct_cdf,54221.4000,76.1134
cc,1048576,fct_cdf,54252.2000,76.5182
cc,1048576,fct_cdf,54252.3000,76.9231
cc,1048576,fct_cdf,54252.3000,76.9231
cc,1048576,fct_cdf,54277.4000,77.3279
cc,1048576,fct_cdf,54294.4000,77.7328
cc,1048576,fct_cdf,54301.0000,78.1377
cc,1048576,fct_cdf,54324.5000,78.5425
cc,1048576,fct_cdf,54364.3000,78.9474
cc,1048576,fct_cdf,54364.3000,78.9474
cc,1048576,fct_cdf,54374.6000,79.3522
cc,1048576,fct_cdf,54386.4000,79.7571
cc,1048576,fct_cdf,54406.8000,80.1619
cc,1048576,fct_cdf,54410.9000,80.5668
cc,1048576,fct_cdf,54410.9000,80.5668
cc,1048576,fct_cdf,54422.9000,80.9717
cc,1048576,fct_cdf,54428.2000,81.3765
cc,1048576,fct_cdf,54430.4000,81.7814
cc,1048576,fct_cdf,54443.3000,82.1862
cc,1048576,fct_cdf,54444.2000,82.5911
cc,1048576,fct_cdf,54444.2000,82.5911
cc,1048576,fct_cdf,54477.9000,82.9960
cc,1048576,fct_cdf,54478.5000,83.4008
cc,1048576,fct_cdf,54490.3000,83.8057
cc,1048576,fct_cdf,54491.7000,84.2105
cc,1048576,fct_cdf,54491.7000,84.2105
cc,1048576,fct_cdf,54492.7000,84.6154
cc,1048576,fct_cdf,54502.7000,85.0202
cc,1048576,fct_cdf,54535.2000,85.4251
cc,1048576,fct_cdf,54540.4000,85.8300
cc,1048576,fct_cdf,54583.2000,86.2348
cc,1048576,fct_cdf,54583.2000,86.2348
cc,1048576,fct_cdf,54595.1000,86.6397
cc,1048576,fct_cdf,54605.6000,87.0445
cc,1048576,fct_cdf,54607.5000,87.4494
cc,1048576,fct_cdf,54615.5000,87.8543
cc,1048576,fct_cdf,54615.5000,87.8543
cc,1048576,fct_cdf,54622.8000,88.2591
cc,1048576,fct_cdf,54626.4000,88.6640
cc,1048576,fct_cdf,54640.6000,89.0688
cc,1048576,fct_cdf,54650.0000,89.4737
cc,1048576,fct_cdf,54651.8000,89.8785
cc,1048576,fct_cdf,54651.8000,89.8785
cc,1048576,fct_cdf,54656.7000,90.2834
cc,1048576,fct_cdf,54665.7000,90.6883
cc,1048576,fct_cdf,54683.0000,91.0931
cc,1048576,fct_cdf,54684.1000,91.4980
cc,1048576,fct_cdf,54698.0000,91.9028
cc,1048576,fct_cdf,54698.0000,91.9028
cc,1048576,fct_cdf,54701.0000,92.3077
cc,1048576,fct_cdf,54701.9000,92.7126
cc,1048576,fct_cdf,54743.9000,93.1174
cc,1048576,fct_cdf,54754.4000,93.5223
cc,1048576,fct_cdf,54754.4000,93.5223
cc,1048576,fct_cdf,54765.1000,93.9271
cc,1048576,fct_cdf,54778.2000,94.3320
cc,1048576,fct_cdf,54822.3000,94.7368
cc,1048576,fct_cdf,54860.6000,95.1417
cc,1048576,fct_cdf,54869.2000,95.5466
cc,1048576,fct_cdf,54869.2000,95.5466
cc,1048576,fct_cdf,54874.8000,95.9514
cc,1048576,fct_cdf,54907.7000,96.3563
cc,1048576,fct_cdf,54911.3000,96.7611
cc,1048576,fct_cdf,54939.2000,97.1660
cc,1048576,fct_cdf,54939.2000,97.1660
cc,1048576,fct_cdf,54976.5000,97.5709
cc,1048576,fct_cdf,54981.0000,97.9757
cc,1048576,fct_cdf,54998.4000,98.3806
cc,1048576,fct_cdf,55015.2000,98.7854
cc,1048576,fct_cdf,55162.5000,99.1903
cc,1048576,fct_cdf,55162.5000,99.1903
cc,1048576,fct_cdf,55216.7000,99.5951
cc,1048576,fct_cdf,55295.4000,100.0000
cc,1048576,fct_p50,,53522.700
cc,1048576,fct_p99,,55162.500
cc,1048576,fct_p999,,55295.400
cc,1048576,samples,,247
cc,,goodput_gbps,,182.17
cc,,ecn_marked,,65076197
cc,,queue_drops,,0
hpft,4096,fct_cdf,3.3209,0.0005
hpft,4096,fct_cdf,3.6161,0.3340
hpft,4096,fct_cdf,3.6676,0.6670
hpft,4096,fct_cdf,3.7052,1.0005
hpft,4096,fct_cdf,3.7328,1.3340
hpft,4096,fct_cdf,3.7580,1.6670
hpft,4096,fct_cdf,3.7842,2.0005
hpft,4096,fct_cdf,3.8061,2.3340
hpft,4096,fct_cdf,3.8276,2.6670
hpft,4096,fct_cdf,3.8485,3.0005
hpft,4096,fct_cdf,3.8676,3.3341
hpft,4096,fct_cdf,3.8880,3.6671
hpft,4096,fct_cdf,3.9057,4.0006
hpft,4096,fct_cdf,3.9242,4.3336
hpft,4096,fct_cdf,3.9442,4.6671
hpft,4096,fct_cdf,3.9623,5.0006
hpft,4096,fct_cdf,3.9809,5.3336
hpft,4096,fct_cdf,3.9999,5.6671
hpft,4096,fct_cdf,4.0185,6.0006
hpft,4096,fct_cdf,4.0356,6.3336
hpft,4096,fct_cdf,4.0528,6.6671
hpft,4096,fct_cdf,4.0714,7.0006
hpft,4096,fct_cdf,4.0899,7.3336
hpft,4096,fct_cdf,4.1075,7.6671
hpft,4096,fct_cdf,4.1252,8.0006
hpft,4096,fct_cdf,4.1442,8.3336
hpft,4096,fct_cdf,4.1642,8.6671
hpft,4096,fct_cdf,4.1818,9.0006
hpft,4096,fct_cdf,4.2023,9.3336
hpft,4096,fct_cdf,4.2214,9.6671
hpft,4096,fct_cdf,4.2409,10.0007
hpft,4096,fct_cdf,4.2599,10.3337
hpft,4096,fct_cdf,4.2790,10.6672
hpft,4096,fct_cdf,4.2990,11.0007
hpft,4096,fct_cdf,4.3199,11.3337
hpft,4096,fct_cdf,4.3409,11.6672
hpft,4096,fct_cdf,4.3613,12.0007
hpft,4096,fct_cdf,4.3833,12.3337
hpft,4096,fct_cdf,4.4047,12.6672
hpft,4096,fct_cdf,4.4266,13.0002
hpft,4096,fct_cdf,4.4475,13.3337
hpft,4096,fct_cdf,4.4695,13.6672
hpft,4096,fct_cdf,4.4899,14.0002
hpft,4096,fct_cdf,4.5114,14.3337
hpft,4096,fct_cdf,4.5328,14.6672
hpft,4096,fct_cdf,4.5556,15.0002
hpft,4096,fct_cdf,4.5780,15.3337
hpft,4096,fct_cdf,4.6018,15.6672
hpft,4096,fct_cdf,4.6271,16.0002
hpft,4096,fct_cdf,4.6518,16.3337
hpft,4096,fct_cdf,4.6728,16.6673
hpft,4096,fct_cdf,4.6956,17.0003
hpft,4096,fct_cdf,4.7190,17.3338
hpft,4096,fct_cdf,4.7428,17.6673
hpft,4096,fct_cdf,4.7661,18.0003
hpft,4096,fct_cdf,4.7899,18.3338
hpft,4096,fct_cdf,4.8137,18.6673
hpft,4096,fct_cdf,4.8371,19.0003
hpft,4096,fct_cdf,4.8599,19.3338
hpft,4096,fct_cdf,4.8813,19.6673
hpft,4096,fct_cdf,4.9042,20.0003
hpft,4096,fct_cdf,4.9266,20.3338
hpft,4096,fct_cdf,4.9499,20.6673
hpft,4096,fct_cdf,4.9742,21.0003
hpft,4096,fct_cdf,4.9980,21.3338
hpft,4096,fct_cdf,5.0204,21.6668
hpft,4096,fct_cdf,5.0432,22.0003
hpft,4096,fct_cdf,5.0661,22.3338
hpft,4096,fct_cdf,5.0866,22.6668
hpft,4096,fct_cdf,5.1071,23.0003
hpft,4096,fct_cdf,5.1290,23.3339
hpft,4096,fct_cdf,5.1504,23.6669
hpft,4096,fct_cdf,5.1723,24.0004
hpft,4096,fct_cdf,5.1942,24.3339
hpft,4096,fct_cdf,5.2156,24.6669
hpft,4096,fct_cdf,5.2375,25.0004
hpft,4096,fct_cdf,5.2599,25.3339
hpft,4096,fct_cdf,5.2832,25.6669
hpft,4096,fct_cdf,5.3052,26.0004
hpft,4096,fct_cdf,5.3280,26.3339
hpft,4096,fct_cdf,5.3494,26.6669
hpft,4096,fct_cdf,5.3709,27.0004
hpft,4096,fct_cdf,5.3932,27.3339
hpft,4096,fct_cdf,5.4156,27.6669
hpft,4096,fct_cdf,5.4371,28.0004
hpft,4096,fct_cdf,5.4594,28.3339
hpft,4096,fct_cdf,5.4813,28.6669
hpft,4096,fct_cdf,5.5032,29.0004
hpft,4096,fct_cdf,5.5280,29.3334
hpft,4096,fct_cdf,5.5523,29.6669
hpft,4096,fct_cdf,5.5756,30.0005
hpft,4096,fct_cdf,5.5999,30.3335
hpft,4096,fct_cdf,5.6232,30.6670
hpft,4096,fct_cdf,5.6475,31.0005
hpft,4096,fct_cdf,5.6713,31.3335
hpft,4096,fct_cdf,5.6956,31.6670
hpft,4096,fct_cdf,5.7218,32.0005
hpft,4096,fct_cdf,5.7451,32.3335
hpft,4096,fct_cdf,5.7690,32.6670
hpft,4096,fct_cdf,5.7928,33.0005
hpft,4096,fct_cdf,5.8170,33.3335
hpft,4096,fct_cdf,5.8418,33.6670
hpft,4096,fct_cdf,5.8661,34.0005
hpft,4096,fct_cdf,5.8909,34.3335
hpft,4096,fct_cdf,5.9147,34.6670
hpft,4096,fct_cdf,5.9385,35.0005
hpft,4096,fct_cdf,5.9651,35.3335
hpft,4096,fct_cdf,5.9899,35.6670
hpft,4096,fct_cdf,6.0156,36.0005
hpft,4096,fct_cdf,6.0394,36.3335
hpft,4096,fct_cdf,6.0647,36.6671
hpft,4096,fct_cdf,6.0908,37.0006
hpft,4096,fct_cdf,6.1170,37.3336
hpft,4096,fct_cdf,6.1418,37.6671
hpft,4096,fct_cdf,6.1680,38.0001
hpft,4096,fct_cdf,6.1937,38.3336
hpft,4096,fct_cdf,6.2199,38.6671
hpft,4096,fct_cdf,6.2451,39.0001
hpft,4096,fct_cdf,6.2718,39.3336
hpft,4096,fct_cdf,6.2975,39.6671
hpft,4096,fct_cdf,6.3218,40.0001
hpft,4096,fct_cdf,6.3470,40.3336
hpft,4096,fct_cdf,6.3732,40.6671
hpft,4096,fct_cdf,6.3999,41.0001
hpft,4096,fct_cdf,6.4275,41.3336
hpft,4096,fct_cdf,6.4532,41.6671
hpft,4096,fct_cdf,6.4780,42.0001
hpft,4096,fct_cdf,6.5056,42.3336
hpft,4096,fct_cdf,6.5323,42.6671
hpft,4096,fct_cdf,6.5565,43.0001
hpft,4096,fct_cdf,6.5832,43.3337
hpft,4096,fct_cdf,6.6104,43.6672
hpft,4096,fct_cdf,6.6365,44.0002
hpft,4096,fct_cdf,6.6618,44.3337
hpft,4096,fct_cdf,6.6908,44.6672
hpft,4096,fct_cdf,6.7175,45.0002
hpft,4096,fct_cdf,6.7475,45.3337
hpft,4096,fct_cdf,6.7756,45.6672
hpft,4096,fct_cdf,6.8037,46.0002
hpft,4096,fct_cdf,6.8285,46.3337
hpft,4096,fct_cdf,6.8570,46.6667
hpft,4096,fct_cdf,6.8846,47.0002
hpft,4096,fct_cdf,6.9118,47.3337
hpft,4096,fct_cdf,6.9408,47.6667
hpft,4096,fct_cdf,6.9680,48.0002
hpft,4096,fct_cdf,6.9956,48.3337
hpft,4096,fct_cdf,7.0232,48.6667
hpft,4096,fct_cdf,7.0508,49.0002
hpft,4096,fct_cdf,7.0789,49.3337
hpft,4096,fct_cdf,7.1075,49.6667
hpft,4096,fct_cdf,7.1342,50.0003
hpft,4096,fct_cdf,7.1627,50.3338
hpft,4096,fct_cdf,7.1918,50.6668
hpft,4096,fct_cdf,7.2180,51.0003
hpft,4096,fct_cdf,7.2470,51.3338
hpft,4096,fct_cdf,7.2756,51.6668
hpft,4096,fct_cdf,7.3037,52.0003
hpft,4096,fct_cdf,7.3323,52.3338
hpft,4096,fct_cdf,7.3627,52.6668
hpft,4096,fct_cdf,7.3903,53.0003
hpft,4096,fct_cdf,7.4204,53.3338
hpft,4096,fct_cdf,7.4499,53.6668
hpft,4096,fct_cdf,7.4799,54.0003
hpft,4096,fct_cdf,7.5080,54.3333
hpft,4096,fct_cdf,7.5380,54.6668
hpft,4096,fct_cdf,7.5684,55.0003
hpft,4096,fct_cdf,7.5980,55.3333
hpft,4096,fct_cdf,7.6275,55.6668
hpft,4096,fct_cdf,7.6565,56.0003
hpft,4096,fct_cdf,7.6865,56.3333
hpft,4096,fct_cdf,7.7180,56.6669
hpft,4096,fct_cdf,7.7475,57.0004
hpft,4096,fct_cdf,7.7775,57.3334
hpft,4096,fct_cdf,7.8075,57.6669
hpft,4096,fct_cdf,7.8365,58.0004
hpft,4096,fct_cdf,7.8661,58.3334
hpft,4096,fct_cdf,7.8975,58.6669
hpft,4096,fct_cdf,7.9289,59.0004
hpft,4096,fct_cdf,7.9599,59.3334
hpft,4096,fct_cdf,7.9937,59.6669
hpft,4096,fct_cdf,8.0280,60.0004
hpft,4096,fct_cdf,8.0599,60.3334
hpft,4096,fct_cdf,8.0913,60.6669
hpft,4096,fct_cdf,8.1222,61.0004
hpft,4096,fct_cdf,8.1556,61.3334
hpft,4096,fct_cdf,8.1865,61.6669
hpft,4096,fct_cdf,8.2184,62.0004
hpft,4096,fct_cdf,8.2518,62.3334
hpft,4096,fct_cdf,8.2851,62.6669
hpft,4096,fct_cdf,8.3179,62.9999
hpft,4096,fct_cdf,8.3537,63.3335
hpft,4096,fct_cdf,8.3880,63.6670
hpft,4096,fct_cdf,8.4218,64.0000
hpft,4096,fct_cdf,8.4556,64.3335
hpft,4096,fct_cdf,8.4903,64.6670
hpft,4096,fct_cdf,8.5256,65.0000
hpft,4096,fct_cdf,8.5632,65.3335
hpft,4096,fct_cdf,8.6003,65.6670
hpft,4096,fct_cdf,8.6370,66.0000
hpft,4096,fct_cdf,8.6732,66.3335
hpft,4096,fct_cdf,8.7089,66.6670
hpft,4096,fct_cdf,8.7470,67.0000
hpft,4096,fct_cdf,8.7837,67.3335
hpft,4096,fct_cdf,8.8199,67.6670
hpft,4096,fct_cdf,8.8575,68.0000
hpft,4096,fct_cdf,8.8956,68.3335
hpft,4096,fct_cdf,8.9313,68.6670
hpft,4096,fct_cdf,8.9718,69.0000
hpft,4096,fct_cdf,9.0103,69.3335
hpft,4096,fct_cdf,9.0508,69.6670
hpft,4096,fct_cdf,9.0894,70.0001
hpft,4096,fct_cdf,9.1284,70.3336
hpft,4096,fct_cdf,9.1670,70.6671
hpft,4096,fct_cdf,9.2079,71.0001
hpft,4096,fct_cdf,9.2470,71.3336
hpft,4096,fct_cdf,9.2875,71.6666
hpft,4096,fct_cdf,9.3251,72.0001
hpft,4096,fct_cdf,9.3660,72.3336
hpft,4096,fct_cdf,9.4084,72.6666
hpft,4096,fct_cdf,9.4465,73.0001
hpft,4096,fct_cdf,9.4860,73.3336
hpft,4096,fct_cdf,9.5274,73.6666
hpft,4096,fct_cdf,9.5674,74.0001
hpft,4096,fct_cdf,9.6094,74.3336
hpft,4096,fct_cdf,9.6532,74.6666
hpft,4096,fct_cdf,9.6965,75.0001
hpft,4096,fct_cdf,9.7389,75.3336
hpft,4096,fct_cdf,9.7813,75.6666
hpft,4096,fct_cdf,9.8260,76.0001
hpft,4096,fct_cdf,9.8732,76.3336
hpft,4096,fct_cdf,9.9227,76.6666
hpft,4096,fct_cdf,9.9694,77.0002
hpft,4096,fct_cdf,10.0165,77.3337
hpft,4096,fct_cdf,10.0613,77.6667
hpft,4096,fct_cdf,10.1108,78.0002
hpft,4096,fct_cdf,10.1627,78.3337
hpft,4096,fct_cdf,10.2108,78.6667
hpft,4096,fct_cdf,10.2593,79.0002
hpft,4096,fct_cdf,10.3093,79.3332
hpft,4096,fct_cdf,10.3622,79.6667
hpft,4096,fct_cdf,10.4136,80.0002
hpft,4096,fct_cdf,10.4670,80.3332
hpft,4096,fct_cdf,10.5217,80.6667
hpft,4096,fct_cdf,10.5746,81.0002
hpft,4096,fct_cdf,10.6279,81.3332
hpft,4096,fct_cdf,10.6817,81.6667
hpft,4096,fct_cdf,10.7412,82.0002
hpft,4096,fct_cdf,10.7955,82.3332
hpft,4096,fct_cdf,10.8550,82.6667
hpft,4096,fct_cdf,10.9112,83.0002
hpft,4096,fct_cdf,10.9703,83.3332
hpft,4096,fct_cdf,11.0265,83.6668
hpft,4096,fct_cdf,11.0869,84.0003
hpft,4096,fct_cdf,11.1527,84.3333
hpft,4096,fct_cdf,11.2198,84.6668
hpft,4096,fct_cdf,11.2831,85.0003
hpft,4096,fct_cdf,11.3479,85.3333
hpft,4096,fct_cdf,11.4093,85.6668
hpft,4096,fct_cdf,11.4788,86.0003
hpft,4096,fct_cdf,11.5565,86.3333
hpft,4096,fct_cdf,11.6236,86.6668
hpft,4096,fct_cdf,11.6988,87.0003
hpft,4096,fct_cdf,11.7712,87.3333
hpft,4096,fct_cdf,11.8446,87.6668
hpft,4096,fct_cdf,11.9207,87.9998
hpft,4096,fct_cdf,12.0007,88.3333
hpft,4096,fct_cdf,12.0826,88.6668
hpft,4096,fct_cdf,12.1631,88.9998
hpft,4096,fct_cdf,12.2469,89.3333
hpft,4096,fct_cdf,12.3312,89.6668
hpft,4096,fct_cdf,12.4212,89.9998
hpft,4096,fct_cdf,12.5117,90.3334
hpft,4096,fct_cdf,12.6036,90.6669
hpft,4096,fct_cdf,12.6926,90.9999
hpft,4096,fct_cdf,12.7931,91.3334
hpft,4096,fct_cdf,12.9031,91.6669
hpft,4096,fct_cdf,13.0102,91.9999
hpft,4096,fct_cdf,13.1288,92.3334
hpft,4096,fct_cdf,13.2493,92.6669
hpft,4096,fct_cdf,13.3679,92.9999
hpft,4096,fct_cdf,13.5017,93.3334
hpft,4096,fct_cdf,13.6407,93.6669
hpft,4096,fct_cdf,13.7831,93.9999
hpft,4096,fct_cdf,13.9317,94.3334
hpft,4096,fct_cdf,14.0850,94.6669
hpft,4096,fct_cdf,14.2517,94.9999
hpft,4096,fct_cdf,14.4288,95.3334
hpft,4096,fct_cdf,14.6302,95.6669
hpft,4096,fct_cdf,14.8402,95.9999
hpft,4096,fct_cdf,15.0683,96.3334
hpft,4096,fct_cdf,15.3078,96.6664
hpft,4096,fct_cdf,15.5802,97.0000
hpft,4096,fct_cdf,15.8859,97.3335
hpft,4096,fct_cdf,16.2450,97.6665
hpft,4096,fct_cdf,16.6630,98.0000
hpft,4096,fct_cdf,17.1883,98.3335
hpft,4096,fct_cdf,17.9068,98.6665
hpft,4096,fct_cdf,18.9349,99.0000
hpft,4096,fct_cdf,20.6277,99.3335
hpft,4096,fct_cdf,25.2634,99.6665
hpft,4096,fct_cdf,240.7820,100.0000
hpft,4096,fct_p50,,7.134
hpft,4096,fct_p99,,18.935
hpft,4096,fct_p999,,43.015
hpft,4096,samples,,199997
hpft,16384,fct_cdf,7.0761,0.0008
hpft,16384,fct_cdf,7.3022,0.3342
hpft,16384,fct_cdf,7.3561,0.6675
hpft,16384,fct_cdf,7.3961,1.0009
hpft,16384,fct_cdf,7.4275,1.3342
hpft,16384,fct_cdf,7.4599,1.6675
hpft,16384,fct_cdf,7.4884,2.0009
hpft,16384,fct_cdf,7.5199,2.3342
hpft,16384,fct_cdf,7.5494,2.6676
hpft,16384,fct_cdf,7.5808,3.0009
hpft,16384,fct_cdf,7.6103,3.3343
hpft,16384,fct_cdf,7.6456,3.6676
hpft,16384,fct_cdf,7.6799,4.0009
hpft,16384,fct_cdf,7.7137,4.3343
hpft,16384,fct_cdf,7.7489,4.6676
hpft,16384,fct_cdf,7.7789,5.0010
hpft,16384,fct_cdf,7.8089,5.3343
hpft,16384,fct_cdf,7.8384,5.6676
hpft,16384,fct_cdf,7.8732,6.0010
hpft,16384,fct_cdf,7.9065,6.3343
hpft,16384,fct_cdf,7.9408,6.6677
hpft,16384,fct_cdf,7.9756,7.0010
hpft,16384,fct_cdf,8.0089,7.3344
hpft,16384,fct_cdf,8.0427,7.6677
hpft,16384,fct_cdf,8.0761,8.0010
hpft,16384,fct_cdf,8.1094,8.3344
hpft,16384,fct_cdf,8.1446,8.6677
hpft,16384,fct_cdf,8.1803,9.0011
hpft,16384,fct_cdf,8.2165,9.3344
hpft,16384,fct_cdf,8.2494,9.6677
hpft,16384,fct_cdf,8.2808,10.0011
hpft,16384,fct_cdf,8.3132,10.3344
hpft,16384,fct_cdf,8.3480,10.6678
hpft,16384,fct_cdf,8.3803,11.0011
hpft,16384,fct_cdf,8.4122,11.3345
hpft,16384,fct_cdf,8.4418,11.6678
hpft,16384,fct_cdf,8.4741,12.0011
hpft,16384,fct_cdf,8.5060,12.3345
hpft,16384,fct_cdf,8.5379,12.6670
hpft,16384,fct_cdf,8.5732,13.0003
hpft,16384,fct_cdf,8.6027,13.3337
hpft,16384,fct_cdf,8.6327,13.6670
hpft,16384,fct_cdf,8.6641,14.0004
hpft,16384,fct_cdf,8.6922,14.3337
hpft,16384,fct_cdf,8.7218,14.6670
hpft,16384,fct_cdf,8.7532,15.0004
hpft,16384,fct_cdf,8.7822,15.3337
hpft,16384,fct_cdf,8.8103,15.6671
hpft,16384,fct_cdf,8.8379,16.0004
hpft,16384,fct_cdf,8.8651,16.3337
hpft,16384,fct_cdf,8.8946,16.6671
hpft,16384,fct_cdf,8.9232,17.0004
hpft,16384,fct_cdf,8.9498,17.3338
hpft,16384,fct_cdf,8.9803,17.6671
hpft,16384,fct_cdf,9.0098,18.0005
hpft,16384,fct_cdf,9.0375,18.3338
hpft,16384,fct_cdf,9.0665,18.6671
hpft,16384,fct_cdf,9.0955,19.0005
hpft,16384,fct_cdf,9.1246,19.3338
hpft,16384,fct_cdf,9.1541,19.6672
hpft,16384,fct_cdf,9.1832,20.0005
hpft,16384,fct_cdf,9.2136,20.3338
hpft,16384,fct_cdf,9.2436,20.6672
hpft,16384,fct_cdf,9.2713,21.0005
hpft,16384,fct_cdf,9.3013,21.3339
hpft,16384,fct_cdf,9.3336,21.6672
hpft,16384,fct_cdf,9.3651,22.0006
hpft,16384,fct_cdf,9.3956,22.3339
hpft,16384,fct_cdf,9.4265,22.6672
hpft,16384,fct_cdf,9.4556,23.0006
hpft,16384,fct_cdf,9.4865,23.3339
hpft,16384,fct_cdf,9.5170,23.6673
hpft,16384,fct_cdf,9.5484,24.0006
hpft,16384,fct_cdf,9.5775,24.3339
hpft,16384,fct_cdf,9.6075,24.6673
hpft,16384,fct_cdf,9.6379,25.0006
hpft,16384,fct_cdf,9.6703,25.3340
hpft,16384,fct_cdf,9.6994,25.6673
hpft,16384,fct_cdf,9.7274,26.0007
hpft,16384,fct_cdf,9.7574,26.3340
hpft,16384,fct_cdf,9.7874,26.6673
hpft,16384,fct_cdf,9.8189,27.0007
hpft,16384,fct_cdf,9.8498,27.3340
hpft,16384,fct_cdf,9.8817,27.6674
hpft,16384,fct_cdf,9.9117,28.0007
hpft,16384,fct_cdf,9.9417,28.3340
hpft,16384,fct_cdf,9.9712,28.6674
hpft,16384,fct_cdf,10.0003,29.0007
hpft,16384,fct_cdf,10.0327,29.3341
hpft,16384,fct_cdf,10.0651,29.6674
hpft,16384,fct_cdf,10.0946,30.0008
hpft,16384,fct_cdf,10.1270,30.3341
hpft,16384,fct_cdf,10.1574,30.6674
hpft,16384,fct_cdf,10.1889,31.0008
hpft,16384,fct_cdf,10.2198,31.3341
hpft,16384,fct_cdf,10.2512,31.6675
hpft,16384,fct_cdf,10.2812,32.0008
hpft,16384,fct_cdf,10.3136,32.3341
hpft,16384,fct_cdf,10.3460,32.6675
hpft,16384,fct_cdf,10.3774,33.0008
hpft,16384,fct_cdf,10.4079,33.3342
hpft,16384,fct_cdf,10.4379,33.6675
hpft,16384,fct_cdf,10.4665,34.0009
hpft,16384,fct_cdf,10.4965,34.3342
hpft,16384,fct_cdf,10.5308,34.6675
hpft,16384,fct_cdf,10.5608,35.0009
hpft,16384,fct_cdf,10.5917,35.3342
hpft,16384,fct_cdf,10.6236,35.6676
hpft,16384,fct_cdf,10.6565,36.0009
hpft,16384,fct_cdf,10.6879,36.3342
hpft,16384,fct_cdf,10.7170,36.6676
hpft,16384,fct_cdf,10.7498,37.0009
hpft,16384,fct_cdf,10.7812,37.3343
hpft,16384,fct_cdf,10.8108,37.6668
hpft,16384,fct_cdf,10.8460,38.0001
hpft,16384,fct_cdf,10.8789,38.3335
hpft,16384,fct_cdf,10.9127,38.6668
hpft,16384,fct_cdf,10.9427,39.0001
hpft,16384,fct_cdf,10.9717,39.3335
hpft,16384,fct_cdf,11.0069,39.6668
hpft,16384,fct_cdf,11.0403,40.0002
hpft,16384,fct_cdf,11.0698,40.3335
hpft,16384,fct_cdf,11.1003,40.6669
hpft,16384,fct_cdf,11.1331,41.0002
hpft,16384,fct_cdf,11.1655,41.3335
hpft,16384,fct_cdf,11.1955,41.6669
hpft,16384,fct_cdf,11.2288,42.0002
hpft,16384,fct_cdf,11.2641,42.3336
hpft,16384,fct_cdf,11.3003,42.6669
hpft,16384,fct_cdf,11.3336,43.0002
hpft,16384,fct_cdf,11.3679,43.3336
hpft,16384,fct_cdf,11.4041,43.6669
hpft,16384,fct_cdf,11.4388,44.0003
hpft,16384,fct_cdf,11.4727,44.3336
hpft,16384,fct_cdf,11.5069,44.6670
hpft,16384,fct_cdf,11.5412,45.0003
hpft,16384,fct_cdf,11.5769,45.3336
hpft,16384,fct_cdf,11.6103,45.6670
hpft,16384,fct_cdf,11.6441,46.0003
hpft,16384,fct_cdf,11.6807,46.3337
hpft,16384,fct_cdf,11.7150,46.6670
hpft,16384,fct_cdf,11.7526,47.0003
hpft,16384,fct_cdf,11.7850,47.3337
hpft,16384,fct_cdf,11.8179,47.6670
hpft,16384,fct_cdf,11.8512,48.0004
hpft,16384,fct_cdf,11.8845,48.3337
hpft,16384,fct_cdf,11.9212,48.6671
hpft,16384,fct_cdf,11.9584,49.0004
hpft,16384,fct_cdf,11.9936,49.3337
hpft,16384,fct_cdf,12.0317,49.6671
hpft,16384,fct_cdf,12.0703,50.0004
hpft,16384,fct_cdf,12.1065,50.3338
hpft,16384,fct_cdf,12.1464,50.6671
hpft,16384,fct_cdf,12.1831,51.0004
hpft,16384,fct_cdf,12.2198,51.3338
hpft,16384,fct_cdf,12.2550,51.6671
hpft,16384,fct_cdf,12.2931,52.0005
hpft,16384,fct_cdf,12.3307,52.3338
hpft,16384,fct_cdf,12.3698,52.6672
hpft,16384,fct_cdf,12.4050,53.0005
hpft,16384,fct_cdf,12.4455,53.3338
hpft,16384,fct_cdf,12.4812,53.6672
hpft,16384,fct_cdf,12.5222,54.0005
hpft,16384,fct_cdf,12.5655,54.3339
hpft,16384,fct_cdf,12.6017,54.6672
hpft,16384,fct_cdf,12.6398,55.0005
hpft,16384,fct_cdf,12.6798,55.3339
hpft,16384,fct_cdf,12.7207,55.6672
hpft,16384,fct_cdf,12.7641,56.0006
hpft,16384,fct_cdf,12.8045,56.3339
hpft,16384,fct_cdf,12.8426,56.6673
hpft,16384,fct_cdf,12.8836,57.0006
hpft,16384,fct_cdf,12.9269,57.3339
hpft,16384,fct_cdf,12.9721,57.6673
hpft,16384,fct_cdf,13.0121,58.0006
hpft,16384,fct_cdf,13.0536,58.3340
hpft,16384,fct_cdf,13.1002,58.6673
hpft,16384,fct_cdf,13.1441,59.0006
hpft,16384,fct_cdf,13.1888,59.3340
hpft,16384,fct_cdf,13.2317,59.6673
hpft,16384,fct_cdf,13.2779,60.0007
hpft,16384,fct_cdf,13.3274,60.3340
hpft,16384,fct_cdf,13.3740,60.6674
hpft,16384,fct_cdf,13.4221,61.0007
hpft,16384,fct_cdf,13.4683,61.3340
hpft,16384,fct_cdf,13.5188,61.6674
hpft,16384,fct_cdf,13.5626,62.0007
hpft,16384,fct_cdf,13.6159,62.3341
hpft,16384,fct_cdf,13.6650,62.6666
hpft,16384,fct_cdf,13.7212,62.9999
hpft,16384,fct_cdf,13.7655,63.3332
hpft,16384,fct_cdf,13.8159,63.6666
hpft,16384,fct_cdf,13.8664,63.9999
hpft,16384,fct_cdf,13.9159,64.3333
hpft,16384,fct_cdf,13.9659,64.6666
hpft,16384,fct_cdf,14.0202,65.0000
hpft,16384,fct_cdf,14.0745,65.3333
hpft,16384,fct_cdf,14.1269,65.6666
hpft,16384,fct_cdf,14.1836,66.0000
hpft,16384,fct_cdf,14.2359,66.3333
hpft,16384,fct_cdf,14.2945,66.6667
hpft,16384,fct_cdf,14.3469,67.0000
hpft,16384,fct_cdf,14.4083,67.3334
hpft,16384,fct_cdf,14.4616,67.6667
hpft,16384,fct_cdf,14.5178,68.0000
hpft,16384,fct_cdf,14.5835,68.3334
hpft,16384,fct_cdf,14.6412,68.6667
hpft,16384,fct_cdf,14.7097,69.0001
hpft,16384,fct_cdf,14.7750,69.3334
hpft,16384,fct_cdf,14.8416,69.6667
hpft,16384,fct_cdf,14.9074,70.0001
hpft,16384,fct_cdf,14.9726,70.3334
hpft,16384,fct_cdf,15.0445,70.6668
hpft,16384,fct_cdf,15.1131,71.0001
hpft,16384,fct_cdf,15.1878,71.3335
hpft,16384,fct_cdf,15.2583,71.6668
hpft,16384,fct_cdf,15.3354,72.0001
hpft,16384,fct_cdf,15.4140,72.3335
hpft,16384,fct_cdf,15.4964,72.6668
hpft,16384,fct_cdf,15.5735,73.0002
hpft,16384,fct_cdf,15.6597,73.3335
hpft,16384,fct_cdf,15.7435,73.6668
hpft,16384,fct_cdf,15.8431,74.0002
hpft,16384,fct_cdf,15.9359,74.3335
hpft,16384,fct_cdf,16.0321,74.6669
hpft,16384,fct_cdf,16.1283,75.0002
hpft,16384,fct_cdf,16.2259,75.3336
hpft,16384,fct_cdf,16.3349,75.6669
hpft,16384,fct_cdf,16.4392,76.0002
hpft,16384,fct_cdf,16.5507,76.3336
hpft,16384,fct_cdf,16.6564,76.6669
hpft,16384,fct_cdf,16.7749,77.0003
hpft,16384,fct_cdf,16.8983,77.3336
hpft,16384,fct_cdf,17.0449,77.6669
hpft,16384,fct_cdf,17.1864,78.0003
hpft,16384,fct_cdf,17.3373,78.3336
hpft,16384,fct_cdf,17.4959,78.6670
hpft,16384,fct_cdf,17.6487,79.0003
hpft,16384,fct_cdf,17.8035,79.3337
hpft,16384,fct_cdf,17.9411,79.6670
hpft,16384,fct_cdf,18.0802,80.0003
hpft,16384,fct_cdf,18.2292,80.3337
hpft,16384,fct_cdf,18.3621,80.6670
hpft,16384,fct_cdf,18.5025,81.0004
hpft,16384,fct_cdf,18.6606,81.3337
hpft,16384,fct_cdf,18.8035,81.6670
hpft,16384,fct_cdf,18.9406,82.0004
hpft,16384,fct_cdf,19.0830,82.3337
hpft,16384,fct_cdf,19.2149,82.6671
hpft,16384,fct_cdf,19.3420,83.0004
hpft,16384,fct_cdf,19.4644,83.3338
hpft,16384,fct_cdf,19.5863,83.6671
hpft,16384,fct_cdf,19.7235,84.0004
hpft,16384,fct_cdf,19.8606,84.3338
hpft,16384,fct_cdf,19.9954,84.6671
hpft,16384,fct_cdf,20.1454,85.0005
hpft,16384,fct_cdf,20.2854,85.3338
hpft,16384,fct_cdf,20.4492,85.6671
hpft,16384,fct_cdf,20.6092,86.0005
hpft,16384,fct_cdf,20.7782,86.3338
hpft,16384,fct_cdf,20.9396,86.6672
hpft,16384,fct_cdf,21.1101,87.0005
hpft,16384,fct_cdf,21.2687,87.3339
hpft,16384,fct_cdf,21.4406,87.6664
hpft,16384,fct_cdf,21.6072,87.9997
hpft,16384,fct_cdf,21.7782,88.3330
hpft,16384,fct_cdf,21.9653,88.6664
hpft,16384,fct_cdf,22.1453,88.9997
hpft,16384,fct_cdf,22.3153,89.3331
hpft,16384,fct_cdf,22.5020,89.6664
hpft,16384,fct_cdf,22.6882,89.9997
hpft,16384,fct_cdf,22.8582,90.3331
hpft,16384,fct_cdf,23.0601,90.6664
hpft,16384,fct_cdf,23.2520,90.9998
hpft,16384,fct_cdf,23.4434,91.3331
hpft,16384,fct_cdf,23.6420,91.6665
hpft,16384,fct_cdf,23.8520,91.9998
hpft,16384,fct_cdf,24.0667,92.3331
hpft,16384,fct_cdf,24.2791,92.6665
hpft,16384,fct_cdf,24.5024,92.9998
hpft,16384,fct_cdf,24.7005,93.3332
hpft,16384,fct_cdf,24.9538,93.6665
hpft,16384,fct_cdf,25.1915,93.9998
hpft,16384,fct_cdf,25.4372,94.3332
hpft,16384,fct_cdf,25.6943,94.6665
hpft,16384,fct_cdf,25.9729,94.9999
hpft,16384,fct_cdf,26.2867,95.3332
hpft,16384,fct_cdf,26.5971,95.6666
hpft,16384,fct_cdf,26.9443,95.9999
hpft,16384,fct_cdf,27.2948,96.3332
hpft,16384,fct_cdf,27.7152,96.6666
hpft,16384,fct_cdf,28.1943,96.9999
hpft,16384,fct_cdf,28.6885,97.3333
hpft,16384,fct_cdf,29.2266,97.6666
hpft,16384,fct_cdf,29.9190,97.9999
hpft,16384,fct_cdf,30.7090,98.3333
hpft,16384,fct_cdf,31.6904,98.6666
hpft,16384,fct_cdf,32.9975,99.0000
hpft,16384,fct_cdf,35.2894,99.3333
hpft,16384,fct_cdf,40.4193,99.6667
hpft,16384,fct_cdf,225.7610,100.0000
hpft,16384,fct_p50,,12.070
hpft,16384,fct_p99,,32.998
hpft,16384,fct_p999,,57.670
hpft,16384,samples,,119997
hpft,65536,fct_cdf,13.6741,0.0020
hpft,65536,fct_cdf,14.1708,0.3360
hpft,65536,fct_cdf,14.3065,0.6680
hpft,65536,fct_cdf,14.4027,1.0021
hpft,65536,fct_cdf,14.4788,1.3361
hpft,65536,fct_cdf,14.5460,1.6681
hpft,65536,fct_cdf,14.6065,2.0021
hpft,65536,fct_cdf,14.6650,2.3361
hpft,65536,fct_cdf,14.7188,2.6682
hpft,65536,fct_cdf,14.7812,3.0022
hpft,65536,fct_cdf,14.8322,3.3362
hpft,65536,fct_cdf,14.8827,3.6682
hpft,65536,fct_cdf,14.9303,4.0022
hpft,65536,fct_cdf,14.9736,4.3343
hpft,65536,fct_cdf,15.0179,4.6683
hpft,65536,fct_cdf,15.0593,5.0023
hpft,65536,fct_cdf,15.0998,5.3343
hpft,65536,fct_cdf,15.1384,5.6683
hpft,65536,fct_cdf,15.1826,6.0024
hpft,65536,fct_cdf,15.2198,6.3344
hpft,65536,fct_cdf,15.2622,6.6684
hpft,65536,fct_cdf,15.3012,7.0024
hpft,65536,fct_cdf,15.3436,7.3344
hpft,65536,fct_cdf,15.3836,7.6685
hpft,65536,fct_cdf,15.4241,8.0025
hpft,65536,fct_cdf,15.4612,8.3345
hpft,65536,fct_cdf,15.5007,8.6685
hpft,65536,fct_cdf,15.5379,9.0025
hpft,65536,fct_cdf,15.5836,9.3346
hpft,65536,fct_cdf,15.6255,9.6686
hpft,65536,fct_cdf,15.6617,10.0026
hpft,65536,fct_cdf,15.7017,10.3346
hpft,65536,fct_cdf,15.7388,10.6686
hpft,65536,fct_cdf,15.7745,11.0027
hpft,65536,fct_cdf,15.8107,11.3347
hpft,65536,fct_cdf,15.8503,11.6687
hpft,65536,fct_cdf,15.8917,12.0027
hpft,65536,fct_cdf,15.9255,12.3347
hpft,65536,fct_cdf,15.9641,12.6688
hpft,65536,fct_cdf,16.0012,13.0008
hpft,65536,fct_cdf,16.0417,13.3348
hpft,65536,fct_cdf,16.0784,13.6688
hpft,65536,fct_cdf,16.1131,14.0008
hpft,65536,fct_cdf,16.1493,14.3349
hpft,65536,fct_cdf,16.1869,14.6689
hpft,65536,fct_cdf,16.2307,15.0009
hpft,65536,fct_cdf,16.2674,15.3349
hpft,65536,fct_cdf,16.2974,15.6689
hpft,65536,fct_cdf,16.3345,16.0010
hpft,65536,fct_cdf,16.3712,16.3350
hpft,65536,fct_cdf,16.4103,16.6690
hpft,65536,fct_cdf,16.4455,17.0010
hpft,65536,fct_cdf,16.4817,17.3350
hpft,65536,fct_cdf,16.5212,17.6691
hpft,65536,fct_cdf,16.5564,18.0011
hpft,65536,fct_cdf,16.5950,18.3351
hpft,65536,fct_cdf,16.6345,18.6691
hpft,65536,fct_cdf,16.6674,19.0011
hpft,65536,fct_cdf,16.7036,19.3352
hpft,65536,fct_cdf,16.7379,19.6692
hpft,65536,fct_cdf,16.7745,20.0012
hpft,65536,fct_cdf,16.8083,20.3352
hpft,65536,fct_cdf,16.8445,20.6692
hpft,65536,fct_cdf,16.8760,21.0013
hpft,65536,fct_cdf,16.9136,21.3353
hpft,65536,fct_cdf,16.9493,21.6673
hpft,65536,fct_cdf,16.9869,22.0013
hpft,65536,fct_cdf,17.0217,22.3353
hpft,65536,fct_cdf,17.0521,22.6674
hpft,65536,fct_cdf,17.0860,23.0014
hpft,65536,fct_cdf,17.1198,23.3354
hpft,65536,fct_cdf,17.1550,23.6674
hpft,65536,fct_cdf,17.1883,24.0014
hpft,65536,fct_cdf,17.2236,24.3355
hpft,65536,fct_cdf,17.2550,24.6675
hpft,65536,fct_cdf,17.2917,25.0015
hpft,65536,fct_cdf,17.3255,25.3355
hpft,65536,fct_cdf,17.3579,25.6675
hpft,65536,fct_cdf,17.3912,26.0016
hpft,65536,fct_cdf,17.4245,26.3356
hpft,65536,fct_cdf,17.4669,26.6676
hpft,65536,fct_cdf,17.5036,27.0016
hpft,65536,fct_cdf,17.5379,27.3356
hpft,65536,fct_cdf,17.5721,27.6677
hpft,65536,fct_cdf,17.6055,28.0017
hpft,65536,fct_cdf,17.6440,28.3357
hpft,65536,fct_cdf,17.6798,28.6677
hpft,65536,fct_cdf,17.7102,29.0017
hpft,65536,fct_cdf,17.7459,29.3338
hpft,65536,fct_cdf,17.7759,29.6678
hpft,65536,fct_cdf,17.8140,30.0018
hpft,65536,fct_cdf,17.8483,30.3338
hpft,65536,fct_cdf,17.8821,30.6678
hpft,65536,fct_cdf,17.9202,31.0019
hpft,65536,fct_cdf,17.9521,31.3339
hpft,65536,fct_cdf,17.9859,31.6679
hpft,65536,fct_cdf,18.0240,32.0019
hpft,65536,fct_cdf,18.0531,32.3339
hpft,65536,fct_cdf,18.0950,32.6680
hpft,65536,fct_cdf,18.1283,33.0020
hpft,65536,fct_cdf,18.1645,33.3340
hpft,65536,fct_cdf,18.2045,33.6680
hpft,65536,fct_cdf,18.2355,34.0020
hpft,65536,fct_cdf,18.2712,34.3341
hpft,65536,fct_cdf,18.3040,34.6681
hpft,65536,fct_cdf,18.3350,35.0021
hpft,65536,fct_cdf,18.3702,35.3341
hpft,65536,fct_cdf,18.4012,35.6681
hpft,65536,fct_cdf,18.4326,36.0022
hpft,65536,fct_cdf,18.4697,36.3342
hpft,65536,fct_cdf,18.5055,36.6682
hpft,65536,fct_cdf,18.5436,37.0022
hpft,65536,fct_cdf,18.5821,37.3342
hpft,65536,fct_cdf,18.6183,37.6683
hpft,65536,fct_cdf,18.6555,38.0003
hpft,65536,fct_cdf,18.6926,38.3343
hpft,65536,fct_cdf,18.7312,38.6683
hpft,65536,fct_cdf,18.7664,39.0003
hpft,65536,fct_cdf,18.7997,39.3344
hpft,65536,fct_cdf,18.8388,39.6684
hpft,65536,fct_cdf,18.8736,40.0004
hpft,65536,fct_cdf,18.9083,40.3344
hpft,65536,fct_cdf,18.9445,40.6684
hpft,65536,fct_cdf,18.9797,41.0005
hpft,65536,fct_cdf,19.0145,41.3345
hpft,65536,fct_cdf,19.0507,41.6685
hpft,65536,fct_cdf,19.0907,42.0005
hpft,65536,fct_cdf,19.1259,42.3345
hpft,65536,fct_cdf,19.1650,42.6686
hpft,65536,fct_cdf,19.2007,43.0006
hpft,65536,fct_cdf,19.2450,43.3346
hpft,65536,fct_cdf,19.2840,43.6686
hpft,65536,fct_cdf,19.3202,44.0006
hpft,65536,fct_cdf,19.3588,44.3347
hpft,65536,fct_cdf,19.3935,44.6687
hpft,65536,fct_cdf,19.4350,45.0007
hpft,65536,fct_cdf,19.4726,45.3347
hpft,65536,fct_cdf,19.5074,45.6687
hpft,65536,fct_cdf,19.5478,46.0008
hpft,65536,fct_cdf,19.5831,46.3348
hpft,65536,fct_cdf,19.6231,46.6668
hpft,65536,fct_cdf,19.6588,47.0008
hpft,65536,fct_cdf,19.6983,47.3348
hpft,65536,fct_cdf,19.7369,47.6669
hpft,65536,fct_cdf,19.7807,48.0009
hpft,65536,fct_cdf,19.8202,48.3349
hpft,65536,fct_cdf,19.8588,48.6669
hpft,65536,fct_cdf,19.8997,49.0009
hpft,65536,fct_cdf,19.9431,49.3350
hpft,65536,fct_cdf,19.9850,49.6670
hpft,65536,fct_cdf,20.0259,50.0010
hpft,65536,fct_cdf,20.0702,50.3350
hpft,65536,fct_cdf,20.1112,50.6670
hpft,65536,fct_cdf,20.1569,51.0011
hpft,65536,fct_cdf,20.1940,51.3351
hpft,65536,fct_cdf,20.2397,51.6671
hpft,65536,fct_cdf,20.2831,52.0011
hpft,65536,fct_cdf,20.3273,52.3351
hpft,65536,fct_cdf,20.3707,52.6672
hpft,65536,fct_cdf,20.4169,53.0012
hpft,65536,fct_cdf,20.4635,53.3352
hpft,65536,fct_cdf,20.5021,53.6672
hpft,65536,fct_cdf,20.5507,54.0012
hpft,65536,fct_cdf,20.5921,54.3333
hpft,65536,fct_cdf,20.6411,54.6673
hpft,65536,fct_cdf,20.6888,55.0013
hpft,65536,fct_cdf,20.7335,55.3333
hpft,65536,fct_cdf,20.7797,55.6673
hpft,65536,fct_cdf,20.8302,56.0014
hpft,65536,fct_cdf,20.8740,56.3334
hpft,65536,fct_cdf,20.9240,56.6674
hpft,65536,fct_cdf,20.9697,57.0014
hpft,65536,fct_cdf,21.0202,57.3334
hpft,65536,fct_cdf,21.0697,57.6675
hpft,65536,fct_cdf,21.1254,58.0015
hpft,65536,fct_cdf,21.1735,58.3335
hpft,65536,fct_cdf,21.2221,58.6675
hpft,65536,fct_cdf,21.2745,59.0015
hpft,65536,fct_cdf,21.3221,59.3336
hpft,65536,fct_cdf,21.3845,59.6676
hpft,65536,fct_cdf,21.4307,60.0016
hpft,65536,fct_cdf,21.4816,60.3336
hpft,65536,fct_cdf,21.5378,60.6676
hpft,65536,fct_cdf,21.5907,61.0017
hpft,65536,fct_cdf,21.6464,61.3337
hpft,65536,fct_cdf,21.6973,61.6677
hpft,65536,fct_cdf,21.7568,62.0017
hpft,65536,fct_cdf,21.8178,62.3337
hpft,65536,fct_cdf,21.8711,62.6678
hpft,65536,fct_cdf,21.9273,62.9998
hpft,65536,fct_cdf,21.9916,63.3338
hpft,65536,fct_cdf,22.0516,63.6678
hpft,65536,fct_cdf,22.1121,63.9998
hpft,65536,fct_cdf,22.1711,64.3339
hpft,65536,fct_cdf,22.2392,64.6679
hpft,65536,fct_cdf,22.2997,64.9999
hpft,65536,fct_cdf,22.3621,65.3339
hpft,65536,fct_cdf,22.4349,65.6679
hpft,65536,fct_cdf,22.5045,66.0000
hpft,65536,fct_cdf,22.5702,66.3340
hpft,65536,fct_cdf,22.6454,66.6680
hpft,65536,fct_cdf,22.7121,67.0000
hpft,65536,fct_cdf,22.7854,67.3340
hpft,65536,fct_cdf,22.8535,67.6681
hpft,65536,fct_cdf,22.9264,68.0001
hpft,65536,fct_cdf,22.9987,68.3341
hpft,65536,fct_cdf,23.0697,68.6681
hpft,65536,fct_cdf,23.1397,69.0001
hpft,65536,fct_cdf,23.2183,69.3342
hpft,65536,fct_cdf,23.2944,69.6682
hpft,65536,fct_cdf,23.3763,70.0002
hpft,65536,fct_cdf,23.4525,70.3342
hpft,65536,fct_cdf,23.5430,70.6682
hpft,65536,fct_cdf,23.6216,71.0003
hpft,65536,fct_cdf,23.7135,71.3343
hpft,65536,fct_cdf,23.8002,71.6663
hpft,65536,fct_cdf,23.8816,72.0003
hpft,65536,fct_cdf,23.9801,72.3343
hpft,65536,fct_cdf,24.0730,72.6664
hpft,65536,fct_cdf,24.1597,73.0004
hpft,65536,fct_cdf,24.2463,73.3344
hpft,65536,fct_cdf,24.3440,73.6664
hpft,65536,fct_cdf,24.4459,74.0004
hpft,65536,fct_cdf,24.5587,74.3345
hpft,65536,fct_cdf,24.6644,74.6665
hpft,65536,fct_cdf,24.7739,75.0005
hpft,65536,fct_cdf,24.8820,75.3345
hpft,65536,fct_cdf,24.9992,75.6665
hpft,65536,fct_cdf,25.1239,76.0006
hpft,65536,fct_cdf,25.2444,76.3346
hpft,65536,fct_cdf,25.3787,76.6666
hpft,65536,fct_cdf,25.4977,77.0006
hpft,65536,fct_cdf,25.6177,77.3346
hpft,65536,fct_cdf,25.7592,77.6667
hpft,65536,fct_cdf,25.9177,78.0007
hpft,65536,fct_cdf,26.0720,78.3347
hpft,65536,fct_cdf,26.2387,78.6667
hpft,65536,fct_cdf,26.4277,79.0007
hpft,65536,fct_cdf,26.5949,79.3328
hpft,65536,fct_cdf,26.7620,79.6668
hpft,65536,fct_cdf,26.9573,80.0008
hpft,65536,fct_cdf,27.1472,80.3328
hpft,65536,fct_cdf,27.3363,80.6668
hpft,65536,fct_cdf,27.5487,81.0009
hpft,65536,fct_cdf,27.7858,81.3329
hpft,65536,fct_cdf,28.0068,81.6669
hpft,65536,fct_cdf,28.2134,82.0009
hpft,65536,fct_cdf,28.4653,82.3329
hpft,65536,fct_cdf,28.7153,82.6670
hpft,65536,fct_cdf,28.9891,83.0010
hpft,65536,fct_cdf,29.3120,83.3330
hpft,65536,fct_cdf,29.6301,83.6670
hpft,65536,fct_cdf,29.9234,84.0010
hpft,65536,fct_cdf,30.2324,84.3331
hpft,65536,fct_cdf,30.6310,84.6671
hpft,65536,fct_cdf,31.0958,85.0011
hpft,65536,fct_cdf,31.5734,85.3331
hpft,65536,fct_cdf,32.1624,85.6671
hpft,65536,fct_cdf,32.7167,86.0012
hpft,65536,fct_cdf,33.5434,86.3332
hpft,65536,fct_cdf,34.4886,86.6672
hpft,65536,fct_cdf,35.8243,87.0012
hpft,65536,fct_cdf,38.3766,87.3332
hpft,65536,fct_cdf,45.7632,87.6673
hpft,65536,fct_cdf,74.3080,87.9993
hpft,65536,fct_cdf,74.5723,88.3333
hpft,65536,fct_cdf,74.8233,88.6673
hpft,65536,fct_cdf,75.0737,88.9993
hpft,65536,fct_cdf,75.2890,89.3334
hpft,65536,fct_cdf,75.5323,89.6674
hpft,65536,fct_cdf,75.8166,89.9994
hpft,65536,fct_cdf,76.0937,90.3334
hpft,65536,fct_cdf,76.3861,90.6674
hpft,65536,fct_cdf,76.6623,90.9995
hpft,65536,fct_cdf,76.9280,91.3335
hpft,65536,fct_cdf,77.1747,91.6675
hpft,65536,fct_cdf,77.4099,91.9995
hpft,65536,fct_cdf,77.6242,92.3335
hpft,65536,fct_cdf,77.8923,92.6676
hpft,65536,fct_cdf,78.1427,92.9996
hpft,65536,fct_cdf,78.4151,93.3336
hpft,65536,fct_cdf,78.6980,93.6676
hpft,65536,fct_cdf,78.9761,93.9996
hpft,65536,fct_cdf,79.2689,94.3337
hpft,65536,fct_cdf,79.5461,94.6677
hpft,65536,fct_cdf,79.8122,94.9997
hpft,65536,fct_cdf,80.1232,95.3337
hpft,65536,fct_cdf,80.4541,95.6677
hpft,65536,fct_cdf,80.7660,95.9998
hpft,65536,fct_cdf,81.1527,96.3338
hpft,65536,fct_cdf,81.4941,96.6658
hpft,65536,fct_cdf,81.9075,96.9998
hpft,65536,fct_cdf,82.3527,97.3338
hpft,65536,fct_cdf,82.8789,97.6659
hpft,65536,fct_cdf,83.4655,97.9999
hpft,65536,fct_cdf,84.1169,98.3339
hpft,65536,fct_cdf,84.9898,98.6659
hpft,65536,fct_cdf,86.0898,98.9999
hpft,65536,fct_cdf,87.8364,99.3340
hpft,65536,fct_cdf,92.3397,99.6660
hpft,65536,fct_cdf,119.2960,100.0000
hpft,65536,fct_p50,,20.026
hpft,65536,fct_p99,,86.106
hpft,65536,fct_p999,,100.853
hpft,65536,samples,,49997
hpft,262144,fct_cdf,40.1032,0.0067
hpft,262144,fct_cdf,40.3346,0.3401
hpft,262144,fct_cdf,40.4284,0.6735
hpft,262144,fct_cdf,40.4889,1.0069
hpft,262144,fct_cdf,40.5656,1.3403
hpft,262144,fct_cdf,40.6408,1.6737
hpft,262144,fct_cdf,40.7018,2.0071
hpft,262144,fct_cdf,40.7408,2.3405
hpft,262144,fct_cdf,40.7765,2.6739
hpft,262144,fct_cdf,40.8084,3.0073
hpft,262144,fct_cdf,40.8518,3.3407
hpft,262144,fct_cdf,40.8932,3.6741
hpft,262144,fct_cdf,40.9294,4.0075
hpft,262144,fct_cdf,40.9665,4.3409
hpft,262144,fct_cdf,41.0099,4.6743
hpft,262144,fct_cdf,41.0584,5.0077
hpft,262144,fct_cdf,41.0932,5.3411
hpft,262144,fct_cdf,41.1313,5.6745
hpft,262144,fct_cdf,41.1780,6.0079
hpft,262144,fct_cdf,41.2256,6.3413
hpft,262144,fct_cdf,41.2737,6.6747
hpft,262144,fct_cdf,41.3104,7.0081
hpft,262144,fct_cdf,41.3399,7.3415
hpft,262144,fct_cdf,41.3847,7.6749
hpft,262144,fct_cdf,41.4151,8.0083
hpft,262144,fct_cdf,41.4589,8.3417
hpft,262144,fct_cdf,41.4970,8.6751
hpft,262144,fct_cdf,41.5299,9.0085
hpft,262144,fct_cdf,41.5799,9.3419
hpft,262144,fct_cdf,41.6275,9.6753
hpft,262144,fct_cdf,41.6709,10.0087
hpft,262144,fct_cdf,41.7270,10.3421
hpft,262144,fct_cdf,41.7690,10.6755
hpft,262144,fct_cdf,41.8099,11.0089
hpft,262144,fct_cdf,41.8509,11.3423
hpft,262144,fct_cdf,41.8899,11.6757
hpft,262144,fct_cdf,41.9271,12.0091
hpft,262144,fct_cdf,41.9728,12.3425
hpft,262144,fct_cdf,42.0166,12.6692
hpft,262144,fct_cdf,42.0542,13.0026
hpft,262144,fct_cdf,42.0899,13.3360
hpft,262144,fct_cdf,42.1356,13.6694
hpft,262144,fct_cdf,42.1871,14.0028
hpft,262144,fct_cdf,42.2375,14.3362
hpft,262144,fct_cdf,42.2837,14.6696
hpft,262144,fct_cdf,42.3342,15.0030
hpft,262144,fct_cdf,42.3780,15.3364
hpft,262144,fct_cdf,42.4218,15.6698
hpft,262144,fct_cdf,42.4557,16.0032
hpft,262144,fct_cdf,42.4942,16.3366
hpft,262144,fct_cdf,42.5295,16.6700
hpft,262144,fct_cdf,42.5742,17.0034
hpft,262144,fct_cdf,42.6180,17.3368
hpft,262144,fct_cdf,42.6599,17.6702
hpft,262144,fct_cdf,42.7014,18.0036
hpft,262144,fct_cdf,42.7371,18.3370
hpft,262144,fct_cdf,42.7747,18.6704
hpft,262144,fct_cdf,42.8047,19.0038
hpft,262144,fct_cdf,42.8452,19.3372
hpft,262144,fct_cdf,42.8761,19.6706
hpft,262144,fct_cdf,42.9085,20.0040
hpft,262144,fct_cdf,42.9366,20.3374
hpft,262144,fct_cdf,42.9776,20.6708
hpft,262144,fct_cdf,43.0090,21.0042
hpft,262144,fct_cdf,43.0428,21.3376
hpft,262144,fct_cdf,43.0809,21.6710
hpft,262144,fct_cdf,43.1181,22.0044
hpft,262144,fct_cdf,43.1619,22.3378
hpft,262144,fct_cdf,43.1952,22.6712
hpft,262144,fct_cdf,43.2285,23.0046
hpft,262144,fct_cdf,43.2666,23.3380
hpft,262144,fct_cdf,43.3047,23.6714
hpft,262144,fct_cdf,43.3466,24.0048
hpft,262144,fct_cdf,43.3771,24.3382
hpft,262144,fct_cdf,43.4176,24.6716
hpft,262144,fct_cdf,43.4528,25.0050
hpft,262144,fct_cdf,43.4914,25.3384
hpft,262144,fct_cdf,43.5290,25.6718
hpft,262144,fct_cdf,43.5619,26.0052
hpft,262144,fct_cdf,43.6005,26.3386
hpft,262144,fct_cdf,43.6405,26.6720
hpft,262144,fct_cdf,43.6800,27.0054
hpft,262144,fct_cdf,43.7281,27.3388
hpft,262144,fct_cdf,43.7609,27.6722
hpft,262144,fct_cdf,43.8005,28.0056
hpft,262144,fct_cdf,43.8386,28.3390
hpft,262144,fct_cdf,43.8790,28.6724
hpft,262144,fct_cdf,43.9124,29.0058
hpft,262144,fct_cdf,43.9543,29.3392
hpft,262144,fct_cdf,43.9938,29.6726
hpft,262144,fct_cdf,44.0286,30.0060
hpft,262144,fct_cdf,44.0619,30.3394
hpft,262144,fct_cdf,44.0924,30.6728
hpft,262144,fct_cdf,44.1343,31.0062
hpft,262144,fct_cdf,44.1633,31.3396
hpft,262144,fct_cdf,44.2095,31.6730
hpft,262144,fct_cdf,44.2467,32.0064
hpft,262144,fct_cdf,44.2891,32.3398
hpft,262144,fct_cdf,44.3229,32.6732
hpft,262144,fct_cdf,44.3567,33.0066
hpft,262144,fct_cdf,44.3862,33.3400
hpft,262144,fct_cdf,44.4253,33.6734
hpft,262144,fct_cdf,44.4610,34.0068
hpft,262144,fct_cdf,44.4915,34.3402
hpft,262144,fct_cdf,44.5248,34.6736
hpft,262144,fct_cdf,44.5624,35.0070
hpft,262144,fct_cdf,44.5924,35.3404
hpft,262144,fct_cdf,44.6324,35.6738
hpft,262144,fct_cdf,44.6757,36.0072
hpft,262144,fct_cdf,44.7100,36.3406
hpft,262144,fct_cdf,44.7477,36.6740
hpft,262144,fct_cdf,44.7762,37.0074
hpft,262144,fct_cdf,44.8105,37.3408
hpft,262144,fct_cdf,44.8453,37.6675
hpft,262144,fct_cdf,44.8872,38.0009
hpft,262144,fct_cdf,44.9229,38.3343
hpft,262144,fct_cdf,44.9748,38.6677
hpft,262144,fct_cdf,45.0196,39.0011
hpft,262144,fct_cdf,45.0615,39.3345
hpft,262144,fct_cdf,45.1091,39.6679
hpft,262144,fct_cdf,45.1658,40.0013
hpft,262144,fct_cdf,45.2086,40.3347
hpft,262144,fct_cdf,45.2382,40.6681
hpft,262144,fct_cdf,45.2762,41.0015
hpft,262144,fct_cdf,45.3077,41.3349
hpft,262144,fct_cdf,45.3558,41.6683
hpft,262144,fct_cdf,45.4110,42.0017
hpft,262144,fct_cdf,45.4610,42.3351
hpft,262144,fct_cdf,45.4934,42.6685
hpft,262144,fct_cdf,45.5386,43.0019
hpft,262144,fct_cdf,45.5763,43.3353
hpft,262144,fct_cdf,45.6206,43.6687
hpft,262144,fct_cdf,45.6620,44.0021
hpft,262144,fct_cdf,45.7034,44.3355
hpft,262144,fct_cdf,45.7367,44.6689
hpft,262144,fct_cdf,45.7729,45.0023
hpft,262144,fct_cdf,45.8182,45.3357
hpft,262144,fct_cdf,45.8658,45.6691
hpft,262144,fct_cdf,45.8991,46.0025
hpft,262144,fct_cdf,45.9449,46.3359
hpft,262144,fct_cdf,45.9977,46.6693
hpft,262144,fct_cdf,46.0406,47.0027
hpft,262144,fct_cdf,46.0858,47.3361
hpft,262144,fct_cdf,46.1291,47.6695
hpft,262144,fct_cdf,46.1787,48.0029
hpft,262144,fct_cdf,46.2234,48.3363
hpft,262144,fct_cdf,46.2715,48.6697
hpft,262144,fct_cdf,46.3177,49.0031
hpft,262144,fct_cdf,46.3877,49.3365
hpft,262144,fct_cdf,46.4301,49.6699
hpft,262144,fct_cdf,46.4739,50.0033
hpft,262144,fct_cdf,46.5092,50.3367
hpft,262144,fct_cdf,46.5582,50.6701
hpft,262144,fct_cdf,46.6001,51.0035
hpft,262144,fct_cdf,46.6444,51.3369
hpft,262144,fct_cdf,46.6958,51.6703
hpft,262144,fct_cdf,46.7401,52.0037
hpft,262144,fct_cdf,46.7868,52.3371
hpft,262144,fct_cdf,46.8430,52.6705
hpft,262144,fct_cdf,46.8949,53.0039
hpft,262144,fct_cdf,46.9597,53.3373
hpft,262144,fct_cdf,47.0197,53.6707
hpft,262144,fct_cdf,47.0806,54.0041
hpft,262144,fct_cdf,47.1416,54.3375
hpft,262144,fct_cdf,47.1873,54.6709
hpft,262144,fct_cdf,47.2397,55.0043
hpft,262144,fct_cdf,47.2873,55.3377
hpft,262144,fct_cdf,47.3463,55.6711
hpft,262144,fct_cdf,47.4035,56.0045
hpft,262144,fct_cdf,47.4640,56.3379
hpft,262144,fct_cdf,47.5278,56.6713
hpft,262144,fct_cdf,47.5916,57.0047
hpft,262144,fct_cdf,47.6678,57.3381
hpft,262144,fct_cdf,47.7349,57.6715
hpft,262144,fct_cdf,47.7911,58.0049
hpft,262144,fct_cdf,47.8640,58.3383
hpft,262144,fct_cdf,47.9259,58.6717
hpft,262144,fct_cdf,47.9826,59.0051
hpft,262144,fct_cdf,48.0454,59.3385
hpft,262144,fct_cdf,48.1130,59.6719
hpft,262144,fct_cdf,48.1754,60.0053
hpft,262144,fct_cdf,48.2369,60.3387
hpft,262144,fct_cdf,48.2978,60.6721
hpft,262144,fct_cdf,48.3659,61.0055
hpft,262144,fct_cdf,48.4264,61.3389
hpft,262144,fct_cdf,48.5216,61.6723
hpft,262144,fct_cdf,48.6164,62.0057
hpft,262144,fct_cdf,48.6950,62.3391
hpft,262144,fct_cdf,48.7650,62.6659
hpft,262144,fct_cdf,48.8359,62.9993
hpft,262144,fct_cdf,48.9397,63.3327
hpft,262144,fct_cdf,49.0312,63.6661
hpft,262144,fct_cdf,49.0974,63.9995
hpft,262144,fct_cdf,49.1793,64.3329
hpft,262144,fct_cdf,49.2702,64.6663
hpft,262144,fct_cdf,49.3498,64.9997
hpft,262144,fct_cdf,49.4355,65.3331
hpft,262144,fct_cdf,49.5469,65.6665
hpft,262144,fct_cdf,49.6245,65.9999
hpft,262144,fct_cdf,49.7355,66.3333
hpft,262144,fct_cdf,49.8388,66.6667
hpft,262144,fct_cdf,49.9217,67.0001
hpft,262144,fct_cdf,50.0388,67.3335
hpft,262144,fct_cdf,50.1469,67.6669
hpft,262144,fct_cdf,50.2555,68.0003
hpft,262144,fct_cdf,50.3936,68.3337
hpft,262144,fct_cdf,50.5408,68.6671
hpft,262144,fct_cdf,50.6465,69.0005
hpft,262144,fct_cdf,50.8193,69.3339
hpft,262144,fct_cdf,50.9917,69.6673
hpft,262144,fct_cdf,51.1798,70.0007
hpft,262144,fct_cdf,51.3408,70.3341
hpft,262144,fct_cdf,51.4756,70.6675
hpft,262144,fct_cdf,51.6732,71.0009
hpft,262144,fct_cdf,51.8965,71.3343
hpft,262144,fct_cdf,52.0946,71.6677
hpft,262144,fct_cdf,52.3004,72.0011
hpft,262144,fct_cdf,52.4566,72.3345
hpft,262144,fct_cdf,52.6985,72.6679
hpft,262144,fct_cdf,52.9385,73.0013
hpft,262144,fct_cdf,53.1704,73.3347
hpft,262144,fct_cdf,53.4599,73.6681
hpft,262144,fct_cdf,53.7352,74.0015
hpft,262144,fct_cdf,54.0109,74.3349
hpft,262144,fct_cdf,54.3028,74.6683
hpft,262144,fct_cdf,54.7633,75.0017
hpft,262144,fct_cdf,55.2976,75.3351
hpft,262144,fct_cdf,55.6557,75.6685
hpft,262144,fct_cdf,56.1220,76.0019
hpft,262144,fct_cdf,56.5972,76.3353
hpft,262144,fct_cdf,57.0844,76.6687
hpft,262144,fct_cdf,57.6368,77.0021
hpft,262144,fct_cdf,58.3030,77.3355
hpft,262144,fct_cdf,58.8735,77.6689
hpft,262144,fct_cdf,59.5064,78.0023
hpft,262144,fct_cdf,60.0740,78.3357
hpft,262144,fct_cdf,60.5793,78.6691
hpft,262144,fct_cdf,61.3260,79.0025
hpft,262144,fct_cdf,61.9513,79.3359
hpft,262144,fct_cdf,62.8908,79.6693
hpft,262144,fct_cdf,63.7713,80.0027
hpft,262144,fct_cdf,64.6909,80.3361
hpft,262144,fct_cdf,65.6390,80.6695
hpft,262144,fct_cdf,66.6224,81.0029
hpft,262144,fct_cdf,68.1115,81.3363
hpft,262144,fct_cdf,69.3673,81.6697
hpft,262144,fct_cdf,70.4116,82.0031
hpft,262144,fct_cdf,71.7026,82.3365
hpft,262144,fct_cdf,72.7432,82.6699
hpft,262144,fct_cdf,74.0713,83.0033
hpft,262144,fct_cdf,75.7814,83.3367
hpft,262144,fct_cdf,77.2819,83.6701
hpft,262144,fct_cdf,78.8787,84.0035
hpft,262144,fct_cdf,80.9592,84.3369
hpft,262144,fct_cdf,82.6103,84.6703
hpft,262144,fct_cdf,83.8713,85.0037
hpft,262144,fct_cdf,85.5370,85.3371
hpft,262144,fct_cdf,87.5714,85.6705
hpft,262144,fct_cdf,89.4763,86.0039
hpft,262144,fct_cdf,91.3297,86.3373
hpft,262144,fct_cdf,92.9888,86.6707
hpft,262144,fct_cdf,95.0856,87.0041
hpft,262144,fct_cdf,97.2961,87.3375
hpft,262144,fct_cdf,98.9586,87.6642
hpft,262144,fct_cdf,100.7020,87.9976
hpft,262144,fct_cdf,102.8640,88.3310
hpft,262144,fct_cdf,106.1360,88.6644
hpft,262144,fct_cdf,109.8690,88.9978
hpft,262144,fct_cdf,114.1740,89.3312
hpft,262144,fct_cdf,119.4450,89.6646
hpft,262144,fct_cdf,124.4030,89.9980
hpft,262144,fct_cdf,130.5920,90.3314
hpft,262144,fct_cdf,138.0600,90.6648
hpft,262144,fct_cdf,147.7710,90.9982
hpft,262144,fct_cdf,166.6690,91.3316
hpft,262144,fct_cdf,198.4780,91.6650
hpft,262144,fct_cdf,295.7220,91.9984
hpft,262144,fct_cdf,297.1190,92.3318
hpft,262144,fct_cdf,297.6560,92.6652
hpft,262144,fct_cdf,298.0460,92.9986
hpft,262144,fct_cdf,298.5160,93.3320
hpft,262144,fct_cdf,298.9720,93.6654
hpft,262144,fct_cdf,299.3510,93.9988
hpft,262144,fct_cdf,299.6530,94.3322
hpft,262144,fct_cdf,299.9650,94.6656
hpft,262144,fct_cdf,300.3210,94.9990
hpft,262144,fct_cdf,300.7000,95.3324
hpft,262144,fct_cdf,301.0310,95.6658
hpft,262144,fct_cdf,301.4700,95.9992
hpft,262144,fct_cdf,301.9010,96.3326
hpft,262144,fct_cdf,302.3730,96.6660
hpft,262144,fct_cdf,303.0020,96.9994
hpft,262144,fct_cdf,303.5050,97.3328
hpft,262144,fct_cdf,303.9930,97.6662
hpft,262144,fct_cdf,304.4800,97.9996
hpft,262144,fct_cdf,305.1710,98.3330
hpft,262144,fct_cdf,305.9290,98.6664
hpft,262144,fct_cdf,307.2950,98.9998
hpft,262144,fct_cdf,308.9550,99.3332
hpft,262144,fct_cdf,318.7210,99.6666
hpft,262144,fct_cdf,1144.1200,100.0000
hpft,262144,fct_p50,,46.474
hpft,262144,fct_p99,,307.304
hpft,262144,fct_p999,,526.048
hpft,262144,samples,,14997
hpft,1048576,fct_cdf,151.2350,0.0250
hpft,1048576,fct_cdf,151.6220,0.3503
hpft,1048576,fct_cdf,151.7370,0.7005
hpft,1048576,fct_cdf,151.8360,1.0258
hpft,1048576,fct_cdf,151.8960,1.3510
hpft,1048576,fct_cdf,151.9500,1.7013
hpft,1048576,fct_cdf,152.0320,2.0265
hpft,1048576,fct_cdf,152.1570,2.3518
hpft,1048576,fct_cdf,152.2390,2.7020
hpft,1048576,fct_cdf,152.2870,3.0273
hpft,1048576,fct_cdf,152.3810,3.3525
hpft,1048576,fct_cdf,152.4660,3.7028
hpft,1048576,fct_cdf,152.5320,4.0280
hpft,1048576,fct_cdf,152.5980,4.3533
hpft,1048576,fct_cdf,152.6640,4.6785
hpft,1048576,fct_cdf,152.7560,5.0288
hpft,1048576,fct_cdf,152.8460,5.3540
hpft,1048576,fct_cdf,152.9280,5.6793
hpft,1048576,fct_cdf,152.9900,6.0295
hpft,1048576,fct_cdf,153.0630,6.3548
hpft,1048576,fct_cdf,153.1470,6.6800
hpft,1048576,fct_cdf,153.2160,7.0303
hpft,1048576,fct_cdf,153.2790,7.3555
hpft,1048576,fct_cdf,153.3440,7.6808
hpft,1048576,fct_cdf,153.4290,8.0310
hpft,1048576,fct_cdf,153.4900,8.3563
hpft,1048576,fct_cdf,153.5420,8.6815
hpft,1048576,fct_cdf,153.6010,9.0318
hpft,1048576,fct_cdf,153.6620,9.3570
hpft,1048576,fct_cdf,153.7230,9.6823
hpft,1048576,fct_cdf,153.7900,10.0325
hpft,1048576,fct_cdf,153.8490,10.3578
hpft,1048576,fct_cdf,153.9110,10.6830
hpft,1048576,fct_cdf,153.9740,11.0333
hpft,1048576,fct_cdf,154.0350,11.3585
hpft,1048576,fct_cdf,154.0850,11.6838
hpft,1048576,fct_cdf,154.1750,12.0340
hpft,1048576,fct_cdf,154.2320,12.3593
hpft,1048576,fct_cdf,154.2940,12.6845
hpft,1048576,fct_cdf,154.3540,13.0098
hpft,1048576,fct_cdf,154.3990,13.3600
hpft,1048576,fct_cdf,154.4560,13.6853
hpft,1048576,fct_cdf,154.5340,14.0105
hpft,1048576,fct_cdf,154.5860,14.3608
hpft,1048576,fct_cdf,154.6750,14.6860
hpft,1048576,fct_cdf,154.7250,15.0113
hpft,1048576,fct_cdf,154.8100,15.3615
hpft,1048576,fct_cdf,154.8700,15.6868
hpft,1048576,fct_cdf,154.9180,16.0120
hpft,1048576,fct_cdf,154.9660,16.3623
hpft,1048576,fct_cdf,155.0080,16.6875
hpft,1048576,fct_cdf,155.0750,17.0128
hpft,1048576,fct_cdf,155.1200,17.3630
hpft,1048576,fct_cdf,155.1830,17.6883
hpft,1048576,fct_cdf,155.2190,18.0135
hpft,1048576,fct_cdf,155.2980,18.3638
hpft,1048576,fct_cdf,155.3310,18.6890
hpft,1048576,fct_cdf,155.3620,19.0143
hpft,1048576,fct_cdf,155.4040,19.3645
hpft,1048576,fct_cdf,155.4680,19.6898
hpft,1048576,fct_cdf,155.5250,20.0150
hpft,1048576,fct_cdf,155.6040,20.3653
hpft,1048576,fct_cdf,155.6560,20.6905
hpft,1048576,fct_cdf,155.6920,21.0158
hpft,1048576,fct_cdf,155.7550,21.3410
hpft,1048576,fct_cdf,155.7920,21.6913
hpft,1048576,fct_cdf,155.8210,22.0165
hpft,1048576,fct_cdf,155.8870,22.3418
hpft,1048576,fct_cdf,155.9520,22.6920
hpft,1048576,fct_cdf,155.9960,23.0173
hpft,1048576,fct_cdf,156.0430,23.3425
hpft,1048576,fct_cdf,156.1310,23.6928
hpft,1048576,fct_cdf,156.1630,24.0180
hpft,1048576,fct_cdf,156.2170,24.3433
hpft,1048576,fct_cdf,156.2660,24.6935
hpft,1048576,fct_cdf,156.3080,25.0188
hpft,1048576,fct_cdf,156.3560,25.3440
hpft,1048576,fct_cdf,156.4240,25.6943
hpft,1048576,fct_cdf,156.4940,26.0195
hpft,1048576,fct_cdf,156.5360,26.3448
hpft,1048576,fct_cdf,156.5840,26.6950
hpft,1048576,fct_cdf,156.6200,27.0203
hpft,1048576,fct_cdf,156.6940,27.3455
hpft,1048576,fct_cdf,156.7700,27.6958
hpft,1048576,fct_cdf,156.8230,28.0210
hpft,1048576,fct_cdf,156.8890,28.3463
hpft,1048576,fct_cdf,156.9440,28.6965
hpft,1048576,fct_cdf,156.9900,29.0218
hpft,1048576,fct_cdf,157.0710,29.3470
hpft,1048576,fct_cdf,157.1460,29.6723
hpft,1048576,fct_cdf,157.2390,30.0225
hpft,1048576,fct_cdf,157.3070,30.3478
hpft,1048576,fct_cdf,157.3510,30.6730
hpft,1048576,fct_cdf,157.4380,31.0233
hpft,1048576,fct_cdf,157.4970,31.3485
hpft,1048576,fct_cdf,157.5380,31.6738
hpft,1048576,fct_cdf,157.6080,32.0240
hpft,1048576,fct_cdf,157.6560,32.3493
hpft,1048576,fct_cdf,157.7030,32.6745
hpft,1048576,fct_cdf,157.7810,33.0248
hpft,1048576,fct_cdf,157.8350,33.3500
hpft,1048576,fct_cdf,157.8900,33.6753
hpft,1048576,fct_cdf,157.9360,34.0255
hpft,1048576,fct_cdf,157.9910,34.3508
hpft,1048576,fct_cdf,158.0460,34.6760
hpft,1048576,fct_cdf,158.0970,35.0263
hpft,1048576,fct_cdf,158.1420,35.3515
hpft,1048576,fct_cdf,158.2060,35.6768
hpft,1048576,fct_cdf,158.3210,36.0270
hpft,1048576,fct_cdf,158.3570,36.3523
hpft,1048576,fct_cdf,158.4590,36.6775
hpft,1048576,fct_cdf,158.5730,37.0278
hpft,1048576,fct_cdf,158.6520,37.3530
hpft,1048576,fct_cdf,158.6980,37.6783
hpft,1048576,fct_cdf,158.7510,38.0035
hpft,1048576,fct_cdf,158.8150,38.3538
hpft,1048576,fct_cdf,158.9070,38.6790
hpft,1048576,fct_cdf,158.9740,39.0043
hpft,1048576,fct_cdf,159.0190,39.3545
hpft,1048576,fct_cdf,159.1020,39.6798
hpft,1048576,fct_cdf,159.1450,40.0050
hpft,1048576,fct_cdf,159.2640,40.3553
hpft,1048576,fct_cdf,159.3230,40.6805
hpft,1048576,fct_cdf,159.3750,41.0058
hpft,1048576,fct_cdf,159.4370,41.3560
hpft,1048576,fct_cdf,159.4740,41.6813
hpft,1048576,fct_cdf,159.5330,42.0065
hpft,1048576,fct_cdf,159.5980,42.3568
hpft,1048576,fct_cdf,159.6460,42.6820
hpft,1048576,fct_cdf,159.7070,43.0073
hpft,1048576,fct_cdf,159.8140,43.3575
hpft,1048576,fct_cdf,159.9170,43.6828
hpft,1048576,fct_cdf,159.9950,44.0080
hpft,1048576,fct_cdf,160.0800,44.3583
hpft,1048576,fct_cdf,160.1830,44.6835
hpft,1048576,fct_cdf,160.2890,45.0088
hpft,1048576,fct_cdf,160.3430,45.3590
hpft,1048576,fct_cdf,160.4210,45.6843
hpft,1048576,fct_cdf,160.5200,46.0095
hpft,1048576,fct_cdf,160.5940,46.3348
hpft,1048576,fct_cdf,160.6500,46.6850
hpft,1048576,fct_cdf,160.7490,47.0103
hpft,1048576,fct_cdf,160.8260,47.3355
hpft,1048576,fct_cdf,160.9230,47.6858
hpft,1048576,fct_cdf,161.0230,48.0110
hpft,1048576,fct_cdf,161.0940,48.3363
hpft,1048576,fct_cdf,161.1780,48.6865
hpft,1048576,fct_cdf,161.2540,49.0118
hpft,1048576,fct_cdf,161.3360,49.3370
hpft,1048576,fct_cdf,161.4030,49.6873
hpft,1048576,fct_cdf,161.5400,50.0125
hpft,1048576,fct_cdf,161.6220,50.3378
hpft,1048576,fct_cdf,161.7510,50.6880
hpft,1048576,fct_cdf,161.8610,51.0133
hpft,1048576,fct_cdf,161.9370,51.3385
hpft,1048576,fct_cdf,162.0570,51.6888
hpft,1048576,fct_cdf,162.1650,52.0140
hpft,1048576,fct_cdf,162.2690,52.3393
hpft,1048576,fct_cdf,162.3840,52.6895
hpft,1048576,fct_cdf,162.5190,53.0148
hpft,1048576,fct_cdf,162.6240,53.3400
hpft,1048576,fct_cdf,162.7330,53.6903
hpft,1048576,fct_cdf,162.8210,54.0155
hpft,1048576,fct_cdf,163.0400,54.3408
hpft,1048576,fct_cdf,163.1360,54.6660
hpft,1048576,fct_cdf,163.3480,55.0163
hpft,1048576,fct_cdf,163.4890,55.3415
hpft,1048576,fct_cdf,163.7260,55.6668
hpft,1048576,fct_cdf,163.9030,56.0170
hpft,1048576,fct_cdf,164.0610,56.3423
hpft,1048576,fct_cdf,164.2720,56.6675
hpft,1048576,fct_cdf,164.5080,57.0178
hpft,1048576,fct_cdf,164.7680,57.3430
hpft,1048576,fct_cdf,164.9380,57.6683
hpft,1048576,fct_cdf,165.1240,58.0185
hpft,1048576,fct_cdf,165.3170,58.3438
hpft,1048576,fct_cdf,165.5750,58.6690
hpft,1048576,fct_cdf,165.7930,59.0193
hpft,1048576,fct_cdf,166.0030,59.3445
hpft,1048576,fct_cdf,166.3780,59.6698
hpft,1048576,fct_cdf,166.6850,60.0200
hpft,1048576,fct_cdf,166.9150,60.3453
hpft,1048576,fct_cdf,167.2950,60.6705
hpft,1048576,fct_cdf,167.5850,61.0208
hpft,1048576,fct_cdf,168.0250,61.3460
hpft,1048576,fct_cdf,168.2710,61.6713
hpft,1048576,fct_cdf,168.8220,62.0215
hpft,1048576,fct_cdf,169.2020,62.3468
hpft,1048576,fct_cdf,169.6520,62.6720
hpft,1048576,fct_cdf,170.1500,62.9972
hpft,1048576,fct_cdf,170.5530,63.3475
hpft,1048576,fct_cdf,171.1960,63.6728
hpft,1048576,fct_cdf,171.7530,63.9980
hpft,1048576,fct_cdf,172.5980,64.3483
hpft,1048576,fct_cdf,173.2330,64.6735
hpft,1048576,fct_cdf,173.7580,64.9987
hpft,1048576,fct_cdf,174.4390,65.3490
hpft,1048576,fct_cdf,175.1620,65.6743
hpft,1048576,fct_cdf,176.1130,65.9995
hpft,1048576,fct_cdf,176.5810,66.3498
hpft,1048576,fct_cdf,177.1290,66.6750
hpft,1048576,fct_cdf,178.1600,67.0003
hpft,1048576,fct_cdf,178.9470,67.3505
hpft,1048576,fct_cdf,180.1520,67.6758
hpft,1048576,fct_cdf,181.1990,68.0010
hpft,1048576,fct_cdf,183.1660,68.3513
hpft,1048576,fct_cdf,186.0440,68.6765
hpft,1048576,fct_cdf,188.4430,69.0018
hpft,1048576,fct_cdf,191.1310,69.3520
hpft,1048576,fct_cdf,191.8740,69.6773
hpft,1048576,fct_cdf,193.6420,70.0025
hpft,1048576,fct_cdf,195.3110,70.3528
hpft,1048576,fct_cdf,197.9350,70.6780
hpft,1048576,fct_cdf,200.4930,71.0033
hpft,1048576,fct_cdf,202.3360,71.3285
hpft,1048576,fct_cdf,205.9420,71.6788
hpft,1048576,fct_cdf,208.0190,72.0040
hpft,1048576,fct_cdf,209.7640,72.3292
hpft,1048576,fct_cdf,211.6050,72.6795
hpft,1048576,fct_cdf,214.5600,73.0048
hpft,1048576,fct_cdf,216.7430,73.3300
hpft,1048576,fct_cdf,221.8130,73.6803
hpft,1048576,fct_cdf,223.7970,74.0055
hpft,1048576,fct_cdf,226.7280,74.3307
hpft,1048576,fct_cdf,229.1210,74.6810
hpft,1048576,fct_cdf,232.6660,75.0063
hpft,1048576,fct_cdf,235.3960,75.3315
hpft,1048576,fct_cdf,238.6410,75.6818
hpft,1048576,fct_cdf,242.6620,76.0070
hpft,1048576,fct_cdf,245.7130,76.3322
hpft,1048576,fct_cdf,248.7490,76.6825
hpft,1048576,fct_cdf,252.5190,77.0078
hpft,1048576,fct_cdf,254.8480,77.3330
hpft,1048576,fct_cdf,261.7630,77.6833
hpft,1048576,fct_cdf,266.1710,78.0085
hpft,1048576,fct_cdf,270.2440,78.3338
hpft,1048576,fct_cdf,274.6280,78.6840
hpft,1048576,fct_cdf,279.0110,79.0093
hpft,1048576,fct_cdf,283.1330,79.3345
hpft,1048576,fct_cdf,286.8700,79.6597
hpft,1048576,fct_cdf,293.1350,80.0100
hpft,1048576,fct_cdf,298.3080,80.3353
hpft,1048576,fct_cdf,302.4000,80.6605
hpft,1048576,fct_cdf,306.3950,81.0108
hpft,1048576,fct_cdf,311.8100,81.3360
hpft,1048576,fct_cdf,318.8020,81.6612
hpft,1048576,fct_cdf,325.6940,82.0115
hpft,1048576,fct_cdf,336.2280,82.3368
hpft,1048576,fct_cdf,342.9160,82.6620
hpft,1048576,fct_cdf,353.6550,83.0123
hpft,1048576,fct_cdf,359.8910,83.3375
hpft,1048576,fct_cdf,369.4760,83.6627
hpft,1048576,fct_cdf,378.7210,84.0130
hpft,1048576,fct_cdf,386.4010,84.3383
hpft,1048576,fct_cdf,393.6100,84.6635
hpft,1048576,fct_cdf,407.8380,85.0138
hpft,1048576,fct_cdf,420.8990,85.3390
hpft,1048576,fct_cdf,435.0880,85.6642
hpft,1048576,fct_cdf,450.7800,86.0145
hpft,1048576,fct_cdf,471.7790,86.3398
hpft,1048576,fct_cdf,499.4000,86.6650
hpft,1048576,fct_cdf,522.6550,87.0153
hpft,1048576,fct_cdf,540.0780,87.3405
hpft,1048576,fct_cdf,594.3260,87.6657
hpft,1048576,fct_cdf,656.5560,87.9910
hpft,1048576,fct_cdf,731.9630,88.3413
hpft,1048576,fct_cdf,827.1900,88.6665
hpft,1048576,fct_cdf,1186.7200,88.9917
hpft,1048576,fct_cdf,1188.4300,89.3420
hpft,1048576,fct_cdf,1189.1300,89.6673
hpft,1048576,fct_cdf,1189.5600,89.9925
hpft,1048576,fct_cdf,1190.2400,90.3428
hpft,1048576,fct_cdf,1190.6300,90.6680
hpft,1048576,fct_cdf,1191.0200,90.9932
hpft,1048576,fct_cdf,1191.6200,91.3435
hpft,1048576,fct_cdf,1192.0300,91.6688
hpft,1048576,fct_cdf,1192.5500,91.9940
hpft,1048576,fct_cdf,1192.9500,92.3443
hpft,1048576,fct_cdf,1193.1600,92.6695
hpft,1048576,fct_cdf,1193.5500,92.9947
hpft,1048576,fct_cdf,1194.0300,93.3450
hpft,1048576,fct_cdf,1194.3600,93.6703
hpft,1048576,fct_cdf,1194.8800,93.9955
hpft,1048576,fct_cdf,1195.3400,94.3458
hpft,1048576,fct_cdf,1195.7100,94.6710
hpft,1048576,fct_cdf,1196.1600,94.9962
hpft,1048576,fct_cdf,1196.8400,95.3465
hpft,1048576,fct_cdf,1197.4400,95.6718
hpft,1048576,fct_cdf,1197.8100,95.9970
hpft,1048576,fct_cdf,1198.3600,96.3222
hpft,1048576,fct_cdf,1198.9100,96.6725
hpft,1048576,fct_cdf,1199.8700,96.9977
hpft,1048576,fct_cdf,1200.9700,97.3230
hpft,1048576,fct_cdf,1201.7400,97.6733
hpft,1048576,fct_cdf,1203.2200,97.9985
hpft,1048576,fct_cdf,1205.5300,98.3237
hpft,1048576,fct_cdf,1207.2600,98.6740
hpft,1048576,fct_cdf,1210.8000,98.9992
hpft,1048576,fct_cdf,1216.3900,99.3245
hpft,1048576,fct_cdf,1288.7000,99.6748
hpft,1048576,fct_cdf,3786.3800,100.0000
hpft,1048576,fct_p50,,161.540
hpft,1048576,fct_p99,,1211.150
hpft,1048576,fct_p999,,2102.810
hpft,1048576,samples,,3997
hpft,,goodput_gbps,,172.01
hpft,,ecn_marked,,10241215
hpft,,queue_drops,,0
