Conflicting CPU frequency values detected: 798.651000 != 2100.000000. CPU Frequency is not max.
Conflicting CPU frequency values detected: 843.662000 != 2100.000000. CPU Frequency is not max.
Disabling dynamic polling
---------------------------------------------------------------------------------------
                    RDMA_Write Latency Test
 Dual-port       : OFF		Device         : mlx5_10
 Number of qps   : 1		Transport type : IB
 Connection type : RC		Using SRQ      : OFF
 PCIe relax order: OFF		Lock-free      : OFF
 ibv_wr* API     : ON		Using Enhanced Reorder      : OFF
 TX depth        : 1
 Mtu             : 1024[B]
 Link type       : Ethernet
 GID index       : 3
 Max inline data : 220[B]
 rdma_cm QPs	 : OFF
 Data ex. method : Ethernet
---------------------------------------------------------------------------------------
 local address: LID 0000 QPN 0x01e4 PSN 0x29c5d8 RKey 0x04d100 VAddr 0x007f400899b000
 GID: 00:00:00:00:00:00:00:00:00:00:255:255:10:01:04:01
 remote address: LID 0000 QPN 0x0208 PSN 0x9457b5 RKey 0x04d100 VAddr 0x007f3c560fa000
 GID: 00:00:00:00:00:00:00:00:00:00:255:255:10:01:04:02
---------------------------------------------------------------------------------------
 #bytes #iterations    t_min[usec]    t_max[usec]  t_typical[usec]    t_avg[usec]    t_stdev[usec]   99% percentile[usec]   99.9% percentile[usec] 
#, usec
1, 14.7186
2, 14.7215
3, 14.7948
4, 14.8291
5, 14.8339
6, 14.8405
7, 14.8472
8, 14.8601
9, 14.8644
10, 14.8763
11, 14.8958
12, 14.9396
13, 14.9615
14, 14.9672
15, 14.9696
16, 14.9815
17, 14.9839
18, 14.9844
19, 14.9853
20, 15.0015
21, 15.0058
22, 15.0115
23, 15.021
24, 15.0234
25, 15.0253
26, 15.0277
27, 15.0315
28, 15.0453
29, 15.0644
30, 15.0653
31, 15.0686
32, 15.0701
33, 15.0729
34, 15.0839
35, 15.0886
36, 15.0915
37, 15.0996
38, 15.1186
39, 15.1201
40, 15.132
41, 15.141
42, 15.1463
43, 15.1544
44, 15.1563
45, 15.161
46, 15.1634
47, 15.1658
48, 15.1677
49, 15.1701
50, 15.1748
51, 15.1796
52, 15.1815
53, 15.1829
54, 15.1858
55, 15.1858
56, 15.1915
57, 15.1934
58, 15.1939
59, 15.1958
60, 15.2015
61, 15.2058
62, 15.2067
63, 15.2191
64, 15.2196
65, 15.2267
66, 15.2282
67, 15.2324
68, 15.2529
69, 15.2534
70, 15.2553
71, 15.2643
72, 15.2643
73, 15.2658
74, 15.2672
75, 15.2677
76, 15.2686
77, 15.2734
78, 15.2786
79, 15.2791
80, 15.282
81, 15.2843
82, 15.2853
83, 15.2858
84, 15.2858
85, 15.2882
86, 15.2905
87, 15.291
88, 15.2929
89, 15.2929
90, 15.2929
91, 15.2934
92, 15.2939
93, 15.2939
94, 15.2953
95, 15.2982
96, 15.301
97, 15.3024
98, 15.3063
99, 15.3063
100, 15.3072
101, 15.3091
102, 15.3124
103, 15.3153
104, 15.3167
105, 15.3172
106, 15.3172
107, 15.3172
108, 15.3205
109, 15.3224
110, 15.3248
111, 15.3267
112, 15.3277
113, 15.3291
114, 15.3382
115, 15.3396
116, 15.3401
117, 15.3405
118, 15.341
119, 15.342
120, 15.3443
121, 15.3453
122, 15.3462
123, 15.3515
124, 15.3539
125, 15.3543
126, 15.3558
127, 15.3582
128, 15.3596
129, 15.3596
130, 15.3601
131, 15.3605
132, 15.3615
133, 15.362
134, 15.3624
135, 15.3624
136, 15.3634
137, 15.3643
138, 15.3662
139, 15.3677
140, 15.3682
141, 15.3686
142, 15.3696
143, 15.371
144, 15.3729
145, 15.3739
146, 15.3739
147, 15.3772
148, 15.3791
149, 15.381
150, 15.381
151, 15.3824
152, 15.3843
153, 15.3843
154, 15.3858
155, 15.3862
156, 15.3872
157, 15.3905
158, 15.3915
159, 15.3924
160, 15.3924
161, 15.3948
162, 15.3967
163, 15.3977
164, 15.3996
165, 15.3996
166, 15.4001
167, 15.4015
168, 15.4015
169, 15.4015
170, 15.4024
171, 15.4043
172, 15.4053
173, 15.4067
174, 15.4067
175, 15.4072
176, 15.4096
177, 15.4105
178, 15.4115
179, 15.4115
180, 15.4172
181, 15.4205
182, 15.4205
183, 15.421
184, 15.4215
185, 15.422
186, 15.4224
187, 15.4234
188, 15.4239
189, 15.4248
190, 15.4248
191, 15.4262
192, 15.4272
193, 15.4282
194, 15.4291
195, 15.431
196, 15.432
197, 15.4343
198, 15.4382
199, 15.4391
200, 15.4405
201, 15.4439
202, 15.4472
203, 15.4501
204, 15.4501
205, 15.4501
206, 15.451
207, 15.4515
208, 15.4543
209, 15.4562
210, 15.461
211, 15.4624
212, 15.4643
213, 15.4662
214, 15.4662
215, 15.4667
216, 15.4667
217, 15.4677
218, 15.4691
219, 15.4696
220, 15.4715
221, 15.472
222, 15.4762
223, 15.4767
224, 15.4796
225, 15.482
226, 15.4824
227, 15.4843
228, 15.4843
229, 15.4858
230, 15.4867
231, 15.4867
232, 15.4872
233, 15.4872
234, 15.4877
235, 15.491
236, 15.491
237, 15.4915
238, 15.4915
239, 15.4934
240, 15.4934
241, 15.4934
242, 15.4943
243, 15.4948
244, 15.4962
245, 15.4982
246, 15.4986
247, 15.5005
248, 15.5015
249, 15.5029
250, 15.5034
251, 15.5039
252, 15.5072
253, 15.5101
254, 15.5105
255, 15.5115
256, 15.5134
257, 15.5139
258, 15.5177
259, 15.5186
260, 15.5224
261, 15.5229
262, 15.5234
263, 15.5243
264, 15.5258
265, 15.5262
266, 15.5272
267, 15.5281
268, 15.5305
269, 15.532
270, 15.5329
271, 15.5329
272, 15.5339
273, 15.5367
274, 15.5381
275, 15.5405
276, 15.5415
277, 15.5415
278, 15.542
279, 15.5424
280, 15.5434
281, 15.5467
282, 15.5467
283, 15.5472
284, 15.5496
285, 15.5501
286, 15.5505
287, 15.5581
288, 15.5581
289, 15.5581
290, 15.5596
291, 15.5629
292, 15.5634
293, 15.5634
294, 15.5639
295, 15.5648
296, 15.5658
297, 15.5667
298, 15.5667
299, 15.5691
300, 15.5696
301, 15.5701
302, 15.5701
303, 15.5715
304, 15.5729
305, 15.5734
306, 15.5739
307, 15.5753
308, 15.5758
309, 15.5777
310, 15.5791
311, 15.5796
312, 15.5801
313, 15.5839
314, 15.5843
315, 15.5843
316, 15.5843
317, 15.5848
318, 15.5886
319, 15.5886
320, 15.5896
321, 15.5905
322, 15.5905
323, 15.591
324, 15.592
325, 15.592
326, 15.5924
327, 15.5943
328, 15.5948
329, 15.5953
330, 15.5962
331, 15.6001
332, 15.6015
333, 15.6015
334, 15.6048
335, 15.6048
336, 15.6058
337, 15.6067
338, 15.6067
339, 15.6072
340, 15.6077
341, 15.6081
342, 15.6086
343, 15.611
344, 15.6115
345, 15.6124
346, 15.6134
347, 15.6134
348, 15.6167
349, 15.6177
350, 15.6181
351, 15.6196
352, 15.621
353, 15.621
354, 15.6229
355, 15.6258
356, 15.6277
357, 15.6296
358, 15.6301
359, 15.6305
360, 15.631
361, 15.6334
362, 15.6339
363, 15.6343
364, 15.6348
365, 15.6353
366, 15.6381
367, 15.6386
368, 15.6401
369, 15.641
370, 15.6415
371, 15.6415
372, 15.6434
373, 15.6434
374, 15.6448
375, 15.6453
376, 15.6453
377, 15.6462
378, 15.6481
379, 15.6501
380, 15.651
381, 15.6524
382, 15.6539
383, 15.6572
384, 15.6572
385, 15.6577
386, 15.6577
387, 15.6577
388, 15.6605
389, 15.661
390, 15.661
391, 15.6624
392, 15.6624
393, 15.6639
394, 15.6639
395, 15.6648
396, 15.6648
397, 15.6667
398, 15.6667
399, 15.6672
400, 15.6686
401, 15.6696
402, 15.6701
403, 15.6729
404, 15.6729
405, 15.6734
406, 15.6762
407, 15.6772
408, 15.6777
409, 15.6777
410, 15.6781
411, 15.6796
412, 15.6805
413, 15.682
414, 15.6834
415, 15.6839
416, 15.6862
417, 15.6886
418, 15.6891
419, 15.6939
420, 15.6958
421, 15.6958
422, 15.6962
423, 15.6967
424, 15.6972
425, 15.6981
426, 15.7034
427, 15.7043
428, 15.7053
429, 15.7072
430, 15.7086
431, 15.7091
432, 15.7105
433, 15.7129
434, 15.7134
435, 15.7148
436, 15.7158
437, 15.7162
438, 15.7162
439, 15.7167
440, 15.7167
441, 15.7181
442, 15.7181
443, 15.7196
444, 15.72
445, 15.7243
446, 15.7248
447, 15.7248
448, 15.7281
449, 15.7291
450, 15.7305
451, 15.7315
452, 15.7315
453, 15.7324
454, 15.7324
455, 15.7339
456, 15.7343
457, 15.7358
458, 15.7367
459, 15.7372
460, 15.7391
461, 15.7396
462, 15.7396
463, 15.7415
464, 15.742
465, 15.7429
466, 15.7448
467, 15.7496
468, 15.751
469, 15.751
470, 15.751
471, 15.752
472, 15.7524
473, 15.7534
474, 15.7539
475, 15.7539
476, 15.7553
477, 15.7558
478, 15.7572
479, 15.7572
480, 15.7581
481, 15.7591
482, 15.7596
483, 15.761
484, 15.7624
485, 15.7634
486, 15.7634
487, 15.7643
488, 15.7653
489, 15.771
490, 15.7748
491, 15.7781
492, 15.7781
493, 15.7791
494, 15.7805
495, 15.7805
496, 15.7834
497, 15.7848
498, 15.7862
499, 15.7877
500, 15.7877
501, 15.7886
502, 15.7886
503, 15.7891
504, 15.7905
505, 15.7905
506, 15.792
507, 15.7924
508, 15.7934
509, 15.7939
510, 15.7943
511, 15.7943
512, 15.7962
513, 15.7967
514, 15.7986
515, 15.7991
516, 15.7996
517, 15.8048
518, 15.8058
519, 15.8062
520, 15.8067
521, 15.8067
522, 15.8077
523, 15.8105
524, 15.8115
525, 15.812
526, 15.8134
527, 15.8143
528, 15.8148
529, 15.8153
530, 15.8158
531, 15.8167
532, 15.8172
533, 15.82
534, 15.821
535, 15.822
536, 15.8229
537, 15.8234
538, 15.8243
539, 15.8258
540, 15.8258
541, 15.8262
542, 15.8281
543, 15.8343
544, 15.8348
545, 15.8348
546, 15.8348
547, 15.8377
548, 15.8377
549, 15.8396
550, 15.84
551, 15.8405
552, 15.8424
553, 15.8424
554, 15.8434
555, 15.8439
556, 15.8448
557, 15.8453
558, 15.8467
559, 15.8472
560, 15.8472
561, 15.8472
562, 15.8472
563, 15.8477
564, 15.8491
565, 15.8515
566, 15.8524
567, 15.8529
568, 15.8539
569, 15.8539
570, 15.8548
571, 15.8553
572, 15.8558
573, 15.8572
574, 15.8581
575, 15.8596
576, 15.862
577, 15.8634
578, 15.8653
579, 15.8653
580, 15.8658
581, 15.8658
582, 15.8662
583, 15.8677
584, 15.8686
585, 15.87
586, 15.871
587, 15.8729
588, 15.8748
589, 15.8748
590, 15.8758
591, 15.8762
592, 15.8767
593, 15.8772
594, 15.8772
595, 15.8781
596, 15.8786
597, 15.8791
598, 15.8815
599, 15.8815
600, 15.8824
601, 15.8872
602, 15.8872
603, 15.8891
604, 15.8896
605, 15.89
606, 15.8905
607, 15.8905
608, 15.8915
609, 15.8915
610, 15.8929
611, 15.8934
612, 15.8939
613, 15.8948
614, 15.8953
615, 15.8986
616, 15.8986
617, 15.9
618, 15.901
619, 15.9019
620, 15.9048
621, 15.9062
622, 15.9081
623, 15.9096
624, 15.91
625, 15.9143
626, 15.9153
627, 15.9153
628, 15.9158
629, 15.9158
630, 15.9177
631, 15.9177
632, 15.9186
633, 15.9191
634, 15.92
635, 15.9205
636, 15.921
637, 15.921
638, 15.9215
639, 15.9215
640, 15.9215
641, 15.9219
642, 15.9234
643, 15.9234
644, 15.9239
645, 15.9239
646, 15.9258
647, 15.9267
648, 15.9267
649, 15.9272
650, 15.9291
651, 15.9291
652, 15.9315
653, 15.9329
654, 15.9386
655, 15.9391
656, 15.941
657, 15.9415
658, 15.9419
659, 15.9429
660, 15.9434
661, 15.9448
662, 15.9448
663, 15.9448
664, 15.9453
665, 15.9467
666, 15.9486
667, 15.9496
668, 15.9505
669, 15.9524
670, 15.9529
671, 15.9543
672, 15.9548
673, 15.9562
674, 15.9577
675, 15.9577
676, 15.9581
677, 15.9586
678, 15.9586
679, 15.96
680, 15.96
681, 15.961
682, 15.9643
683, 15.9648
684, 15.9662
685, 15.9672
686, 15.9672
687, 15.97
688, 15.9743
689, 15.9758
690, 15.9758
691, 15.9767
692, 15.9767
693, 15.9777
694, 15.9791
695, 15.9796
696, 15.98
697, 15.9815
698, 15.9824
699, 15.9834
700, 15.9839
701, 15.9853
702, 15.9858
703, 15.9862
704, 15.9862
705, 15.9862
706, 15.9862
707, 15.9867
708, 15.9872
709, 15.9896
710, 15.99
711, 15.99
712, 15.991
713, 15.9915
714, 15.9915
715, 15.9929
716, 15.9934
717, 15.9948
718, 15.9972
719, 15.9977
720, 15.9981
721, 15.9996
722, 16.001
723, 16.0039
724, 16.0043
725, 16.0053
726, 16.0053
727, 16.0062
728, 16.0067
729, 16.0077
730, 16.0096
731, 16.0105
732, 16.0105
733, 16.011
734, 16.0119
735, 16.0162
736, 16.0186
737, 16.0186
738, 16.0191
739, 16.0191
740, 16.0196
741, 16.02
742, 16.02
743, 16.0205
744, 16.0205
745, 16.021
746, 16.0224
747, 16.0224
748, 16.0229
749, 16.0239
750, 16.0239
751, 16.0243
752, 16.0248
753, 16.0253
754, 16.0272
755, 16.0277
756, 16.0286
757, 16.0286
758, 16.0291
759, 16.0291
760, 16.0291
761, 16.0296
762, 16.03
763, 16.0305
764, 16.0324
765, 16.0324
766, 16.0329
767, 16.0339
768, 16.0362
769, 16.0372
770, 16.0381
771, 16.0386
772, 16.0386
773, 16.0386
774, 16.0415
775, 16.0415
776, 16.0424
777, 16.0424
778, 16.0434
779, 16.0462
780, 16.0467
781, 16.0467
782, 16.0477
783, 16.0477
784, 16.0481
785, 16.051
786, 16.0519
787, 16.0524
788, 16.0529
789, 16.0529
790, 16.0538
791, 16.0548
792, 16.0548
793, 16.0553
794, 16.0567
795, 16.0567
796, 16.0577
797, 16.0581
798, 16.0586
799, 16.0586
800, 16.0605
801, 16.0605
802, 16.061
803, 16.0638
804, 16.0643
805, 16.0648
806, 16.0658
807, 16.0662
808, 16.0662
809, 16.0667
810, 16.0681
811, 16.0696
812, 16.0705
813, 16.0719
814, 16.0719
815, 16.0743
816, 16.0753
817, 16.0753
818, 16.0758
819, 16.0762
820, 16.0791
821, 16.0815
822, 16.0815
823, 16.0819
824, 16.0824
825, 16.0829
826, 16.0829
827, 16.0834
828, 16.0858
829, 16.0862
830, 16.0867
831, 16.0867
832, 16.0867
833, 16.0872
834, 16.0881
835, 16.0881
836, 16.0891
837, 16.0891
838, 16.0919
839, 16.0924
840, 16.0934
841, 16.0938
842, 16.0958
843, 16.0972
844, 16.0981
845, 16.0981
846, 16.0996
847, 16.1
848, 16.1015
849, 16.1024
850, 16.1038
851, 16.1053
852, 16.1062
853, 16.1072
854, 16.1072
855, 16.1072
856, 16.1077
857, 16.1081
858, 16.1096
859, 16.1105
860, 16.1115
861, 16.1115
862, 16.1134
863, 16.1134
864, 16.1148
865, 16.1148
866, 16.1158
867, 16.1167
868, 16.1177
869, 16.1186
870, 16.1186
871, 16.12
872, 16.1205
873, 16.1224
874, 16.1229
875, 16.1229
876, 16.1229
877, 16.1258
878, 16.1267
879, 16.1272
880, 16.1296
881, 16.13
882, 16.13
883, 16.131
884, 16.1348
885, 16.1377
886, 16.1386
887, 16.1396
888, 16.1405
889, 16.1405
890, 16.1438
891, 16.1453
892, 16.1472
893, 16.1472
894, 16.1491
895, 16.15
896, 16.151
897, 16.1519
898, 16.1529
899, 16.1538
900, 16.1567
901, 16.1577
902, 16.1581
903, 16.1596
904, 16.1605
905, 16.1619
906, 16.1629
907, 16.1634
908, 16.1634
909, 16.1643
910, 16.1648
911, 16.1672
912, 16.1672
913, 16.1677
914, 16.1681
915, 16.1686
916, 16.1696
917, 16.1705
918, 16.1715
919, 16.1719
920, 16.1724
921, 16.1748
922, 16.1758
923, 16.1772
924, 16.1781
925, 16.1805
926, 16.1815
927, 16.1834
928, 16.1853
929, 16.1867
930, 16.1872
931, 16.1872
932, 16.1872
933, 16.1877
934, 16.1886
935, 16.1915
936, 16.1919
937, 16.1929
938, 16.1929
939, 16.1938
940, 16.1943
941, 16.1972
942, 16.1981
943, 16.1981
944, 16.2
945, 16.2
946, 16.2005
947, 16.201
948, 16.2015
949, 16.2034
950, 16.2038
951, 16.2043
952, 16.2077
953, 16.2086
954, 16.2091
955, 16.2105
956, 16.2124
957, 16.2134
958, 16.2134
959, 16.2153
960, 16.2158
961, 16.2162
962, 16.2172
963, 16.2177
964, 16.2186
965, 16.221
966, 16.2215
967, 16.2238
968, 16.2243
969, 16.2257
970, 16.2262
971, 16.2267
972, 16.2291
973, 16.2315
974, 16.2315
975, 16.2319
976, 16.2319
977, 16.2319
978, 16.2324
979, 16.2329
980, 16.2338
981, 16.2348
982, 16.2357
983, 16.2362
984, 16.2372
985, 16.2372
986, 16.2396
987, 16.2405
988, 16.241
989, 16.241
990, 16.2419
991, 16.2419
992, 16.2424
993, 16.2429
994, 16.2434
995, 16.2472
996, 16.2486
997, 16.25
998, 16.2515
999, 16.2519
1000, 16.2524
1001, 16.2524
1002, 16.2529
1003, 16.2534
1004, 16.2538
1005, 16.2553
1006, 16.2562
1007, 16.2591
1008, 16.2591
1009, 16.26
1010, 16.261
1011, 16.261
1012, 16.2624
1013, 16.2624
1014, 16.2643
1015, 16.2648
1016, 16.2653
1017, 16.2686
1018, 16.2686
1019, 16.2686
1020, 16.2691
1021, 16.27
1022, 16.2715
1023, 16.2719
1024, 16.2724
1025, 16.2729
1026, 16.2748
1027, 16.2753
1028, 16.2753
1029, 16.2757
1030, 16.2762
1031, 16.2767
1032, 16.2786
1033, 16.2791
1034, 16.2796
1035, 16.28
1036, 16.281
1037, 16.2829
1038, 16.2834
1039, 16.2848
1040, 16.2853
1041, 16.2867
1042, 16.2872
1043, 16.2872
1044, 16.291
1045, 16.2948
1046, 16.2953
1047, 16.2972
1048, 16.3
1049, 16.3
1050, 16.3
1051, 16.3
1052, 16.301
1053, 16.3015
1054, 16.3019
1055, 16.3019
1056, 16.3048
1057, 16.3057
1058, 16.3072
1059, 16.3091
1060, 16.3115
1061, 16.3129
1062, 16.3134
1063, 16.3148
1064, 16.3157
1065, 16.3157
1066, 16.3177
1067, 16.3177
1068, 16.3181
1069, 16.3181
1070, 16.3181
1071, 16.321
1072, 16.3215
1073, 16.3224
1074, 16.3234
1075, 16.3238
1076, 16.3253
1077, 16.3253
1078, 16.3257
1079, 16.3267
1080, 16.3272
1081, 16.3272
1082, 16.3291
1083, 16.33
1084, 16.33
1085, 16.3305
1086, 16.3319
1087, 16.3329
1088, 16.3334
1089, 16.3334
1090, 16.3338
1091, 16.3343
1092, 16.3343
1093, 16.3348
1094, 16.3353
1095, 16.3362
1096, 16.3372
1097, 16.3377
1098, 16.3381
1099, 16.3391
1100, 16.3396
1101, 16.3405
1102, 16.341
1103, 16.3419
1104, 16.3424
1105, 16.3429
1106, 16.3462
1107, 16.3462
1108, 16.3467
1109, 16.3467
1110, 16.3477
1111, 16.3481
1112, 16.3491
1113, 16.35
1114, 16.351
1115, 16.351
1116, 16.3524
1117, 16.3529
1118, 16.3534
1119, 16.3553
1120, 16.3577
1121, 16.3615
1122, 16.3619
1123, 16.3619
1124, 16.3624
1125, 16.3643
1126, 16.3643
1127, 16.3648
1128, 16.3662
1129, 16.3681
1130, 16.3691
1131, 16.3691
1132, 16.37
1133, 16.37
1134, 16.3719
1135, 16.3734
1136, 16.3748
1137, 16.3753
1138, 16.3753
1139, 16.3762
1140, 16.3767
1141, 16.3772
1142, 16.3777
1143, 16.3786
1144, 16.3786
1145, 16.38
1146, 16.38
1147, 16.3805
1148, 16.3805
1149, 16.3805
1150, 16.3805
1151, 16.381
1152, 16.3829
1153, 16.3843
1154, 16.3843
1155, 16.3848
1156, 16.3853
1157, 16.3867
1158, 16.3877
1159, 16.3924
1160, 16.3929
1161, 16.3938
1162, 16.3938
1163, 16.3948
1164, 16.3953
1165, 16.3962
1166, 16.3967
1167, 16.3967
1168, 16.3977
1169, 16.3996
1170, 16.3996
1171, 16.3996
1172, 16.4019
1173, 16.4019
1174, 16.4029
1175, 16.4038
1176, 16.4043
1177, 16.4048
1178, 16.4048
1179, 16.4053
1180, 16.4057
1181, 16.4062
1182, 16.4081
1183, 16.4086
1184, 16.4091
1185, 16.4105
1186, 16.4105
1187, 16.4134
1188, 16.4138
1189, 16.4138
1190, 16.4138
1191, 16.4148
1192, 16.4181
1193, 16.4215
1194, 16.4238
1195, 16.4243
1196, 16.4248
1197, 16.4248
1198, 16.4257
1199, 16.4257
1200, 16.4257
1201, 16.4257
1202, 16.4262
1203, 16.4276
1204, 16.4286
1205, 16.4286
1206, 16.4291
1207, 16.431
1208, 16.4315
1209, 16.4315
1210, 16.4319
1211, 16.4324
1212, 16.4343
1213, 16.4353
1214, 16.4357
1215, 16.4362
1216, 16.4367
1217, 16.4372
1218, 16.4381
1219, 16.4386
1220, 16.4386
1221, 16.4386
1222, 16.4396
1223, 16.441
1224, 16.4434
1225, 16.4438
1226, 16.4438
1227, 16.4438
1228, 16.4443
1229, 16.4457
1230, 16.4457
1231, 16.4462
1232, 16.4462
1233, 16.4467
1234, 16.4486
1235, 16.4486
1236, 16.4486
1237, 16.4496
1238, 16.45
1239, 16.45
1240, 16.451
1241, 16.4529
1242, 16.4548
1243, 16.4562
1244, 16.4572
1245, 16.4572
1246, 16.461
1247, 16.461
1248, 16.4615
1249, 16.4624
1250, 16.4638
1251, 16.4638
1252, 16.4638
1253, 16.4638
1254, 16.4643
1255, 16.4643
1256, 16.4648
1257, 16.4648
1258, 16.4657
1259, 16.4657
1260, 16.4657
1261, 16.4662
1262, 16.4676
1263, 16.4676
1264, 16.4696
1265, 16.4715
1266, 16.4715
1267, 16.4729
1268, 16.4743
1269, 16.4753
1270, 16.4757
1271, 16.4757
1272, 16.4772
1273, 16.4786
1274, 16.4791
1275, 16.4796
1276, 16.481
1277, 16.4819
1278, 16.4824
1279, 16.4824
1280, 16.4834
1281, 16.4843
1282, 16.4843
1283, 16.4848
1284, 16.4853
1285, 16.4862
1286, 16.4881
1287, 16.4886
1288, 16.4886
1289, 16.49
1290, 16.4919
1291, 16.4929
1292, 16.4934
1293, 16.4948
1294, 16.4953
1295, 16.4957
1296, 16.4957
1297, 16.4962
1298, 16.4962
1299, 16.4981
1300, 16.4981
1301, 16.4986
1302, 16.4986
1303, 16.4991
1304, 16.4996
1305, 16.5
1306, 16.5005
1307, 16.5015
1308, 16.5019
1309, 16.5029
1310, 16.5029
1311, 16.5034
1312, 16.5038
1313, 16.5043
1314, 16.5048
1315, 16.5053
1316, 16.5053
1317, 16.5072
1318, 16.5081
1319, 16.5096
1320, 16.51
1321, 16.511
1322, 16.5115
1323, 16.5129
1324, 16.5129
1325, 16.5162
1326, 16.5172
1327, 16.5172
1328, 16.5186
1329, 16.52
1330, 16.5215
1331, 16.5229
1332, 16.5234
1333, 16.5238
1334, 16.5267
1335, 16.5286
1336, 16.5286
1337, 16.5329
1338, 16.5338
1339, 16.5343
1340, 16.5357
1341, 16.5357
1342, 16.5357
1343, 16.5367
1344, 16.5386
1345, 16.5386
1346, 16.541
1347, 16.541
1348, 16.5415
1349, 16.5415
1350, 16.5415
1351, 16.5424
1352, 16.5424
1353, 16.5434
1354, 16.5448
1355, 16.5448
1356, 16.5453
1357, 16.5457
1358, 16.5462
1359, 16.5467
1360, 16.5472
1361, 16.5476
1362, 16.551
1363, 16.5515
1364, 16.5519
1365, 16.5524
1366, 16.5538
1367, 16.5548
1368, 16.5557
1369, 16.5557
1370, 16.5572
1371, 16.5576
1372, 16.5596
1373, 16.5596
1374, 16.56
1375, 16.5605
1376, 16.5605
1377, 16.5615
1378, 16.5629
1379, 16.5634
1380, 16.5638
1381, 16.5638
1382, 16.5638
1383, 16.5643
1384, 16.5667
1385, 16.5681
1386, 16.5705
1387, 16.571
1388, 16.5729
1389, 16.5757
1390, 16.5762
1391, 16.5776
1392, 16.5781
1393, 16.5791
1394, 16.581
1395, 16.5819
1396, 16.5824
1397, 16.5824
1398, 16.5829
1399, 16.5834
1400, 16.5834
1401, 16.5838
1402, 16.5848
1403, 16.5848
1404, 16.5848
1405, 16.5853
1406, 16.5862
1407, 16.5872
1408, 16.5876
1409, 16.5876
1410, 16.5876
1411, 16.5886
1412, 16.5891
1413, 16.5895
1414, 16.59
1415, 16.59
1416, 16.5905
1417, 16.591
1418, 16.5929
1419, 16.5943
1420, 16.5948
1421, 16.5948
1422, 16.5953
1423, 16.5967
1424, 16.5972
1425, 16.5976
1426, 16.5976
1427, 16.5976
1428, 16.5981
1429, 16.5981
1430, 16.5986
1431, 16.5995
1432, 16.5995
1433, 16.6
1434, 16.6005
1435, 16.6019
1436, 16.6019
1437, 16.6043
1438, 16.6043
1439, 16.6053
1440, 16.6053
1441, 16.6057
1442, 16.6057
1443, 16.6072
1444, 16.6086
1445, 16.6091
1446, 16.6105
1447, 16.6129
1448, 16.6134
1449, 16.6134
1450, 16.6138
1451, 16.6143
1452, 16.6148
1453, 16.6148
1454, 16.6153
1455, 16.6153
1456, 16.6157
1457, 16.6167
1458, 16.6167
1459, 16.6172
1460, 16.6181
1461, 16.6186
1462, 16.6195
1463, 16.6195
1464, 16.6195
1465, 16.62
1466, 16.6205
1467, 16.621
1468, 16.6224
1469, 16.6224
1470, 16.6229
1471, 16.6229
1472, 16.6234
1473, 16.6234
1474, 16.6234
1475, 16.6234
1476, 16.6276
1477, 16.6291
1478, 16.63
1479, 16.6305
1480, 16.6324
1481, 16.6329
1482, 16.6329
1483, 16.6343
1484, 16.6348
1485, 16.6348
1486, 16.6348
1487, 16.6353
1488, 16.6362
1489, 16.6367
1490, 16.6381
1491, 16.6386
1492, 16.6386
1493, 16.6386
1494, 16.64
1495, 16.6405
1496, 16.641
1497, 16.641
1498, 16.641
1499, 16.6415
1500, 16.6415
1501, 16.6438
1502, 16.6457
1503, 16.6462
1504, 16.6476
1505, 16.6481
1506, 16.6495
1507, 16.6495
1508, 16.6505
1509, 16.651
1510, 16.651
1511, 16.6515
1512, 16.6529
1513, 16.6529
1514, 16.6529
1515, 16.6538
1516, 16.6538
1517, 16.6538
1518, 16.6553
1519, 16.6557
1520, 16.6567
1521, 16.6567
1522, 16.6567
1523, 16.6567
1524, 16.6572
1525, 16.6572
1526, 16.6576
1527, 16.6581
1528, 16.6586
1529, 16.6591
1530, 16.6591
1531, 16.6591
1532, 16.66
1533, 16.66
1534, 16.6605
1535, 16.6615
1536, 16.6619
1537, 16.6624
1538, 16.6648
1539, 16.6657
1540, 16.6657
1541, 16.6662
1542, 16.6672
1543, 16.6676
1544, 16.6695
1545, 16.67
1546, 16.67
1547, 16.67
1548, 16.6705
1549, 16.671
1550, 16.6715
1551, 16.6715
1552, 16.6734
1553, 16.6743
1554, 16.6748
1555, 16.6748
1556, 16.6753
1557, 16.6753
1558, 16.6767
1559, 16.6772
1560, 16.6776
1561, 16.6781
1562, 16.6791
1563, 16.6824
1564, 16.6829
1565, 16.6834
1566, 16.6838
1567, 16.6843
1568, 16.6853
1569, 16.6857
1570, 16.6862
1571, 16.6862
1572, 16.6867
1573, 16.6867
1574, 16.6876
1575, 16.6881
1576, 16.6881
1577, 16.6886
1578, 16.6905
1579, 16.691
1580, 16.6919
1581, 16.6934
1582, 16.6943
1583, 16.6962
1584, 16.6967
1585, 16.6981
1586, 16.6981
1587, 16.6986
1588, 16.6991
1589, 16.6991
1590, 16.7
1591, 16.7
1592, 16.7
1593, 16.7
1594, 16.7015
1595, 16.7015
1596, 16.7024
1597, 16.7029
1598, 16.7034
1599, 16.7043
1600, 16.7053
1601, 16.7062
1602, 16.7067
1603, 16.7081
1604, 16.7095
1605, 16.711
1606, 16.711
1607, 16.711
1608, 16.7119
1609, 16.7134
1610, 16.7157
1611, 16.7162
1612, 16.7176
1613, 16.7191
1614, 16.7195
1615, 16.72
1616, 16.7205
1617, 16.721
1618, 16.7219
1619, 16.7219
1620, 16.7234
1621, 16.7257
1622, 16.7257
1623, 16.7262
1624, 16.7267
1625, 16.7281
1626, 16.731
1627, 16.7315
1628, 16.7315
1629, 16.7329
1630, 16.7329
1631, 16.7334
1632, 16.7338
1633, 16.7348
1634, 16.7367
1635, 16.7372
1636, 16.7381
1637, 16.7391
1638, 16.7405
1639, 16.7405
1640, 16.7405
1641, 16.741
1642, 16.7415
1643, 16.7415
1644, 16.7419
1645, 16.7419
1646, 16.7424
1647, 16.7424
1648, 16.7429
1649, 16.7462
1650, 16.7467
1651, 16.7476
1652, 16.7481
1653, 16.7486
1654, 16.7491
1655, 16.75
1656, 16.751
1657, 16.751
1658, 16.7514
1659, 16.7534
1660, 16.7543
1661, 16.7548
1662, 16.7557
1663, 16.7576
1664, 16.76
1665, 16.7605
1666, 16.7638
1667, 16.7643
1668, 16.7657
1669, 16.7657
1670, 16.7667
1671, 16.7672
1672, 16.7672
1673, 16.7681
1674, 16.7686
1675, 16.7691
1676, 16.7714
1677, 16.7714
1678, 16.7734
1679, 16.7738
1680, 16.7738
1681, 16.7748
1682, 16.7757
1683, 16.7762
1684, 16.7786
1685, 16.78
1686, 16.7824
1687, 16.7829
1688, 16.7838
1689, 16.7843
1690, 16.7848
1691, 16.7862
1692, 16.7876
1693, 16.7876
1694, 16.7895
1695, 16.79
1696, 16.7929
1697, 16.7929
1698, 16.7943
1699, 16.7943
1700, 16.7943
1701, 16.7948
1702, 16.7976
1703, 16.7986
1704, 16.7995
1705, 16.8
1706, 16.8
1707, 16.8005
1708, 16.801
1709, 16.8038
1710, 16.8038
1711, 16.8048
1712, 16.8062
1713, 16.8062
1714, 16.8067
1715, 16.8067
1716, 16.8076
1717, 16.8129
1718, 16.8134
1719, 16.8138
1720, 16.8143
1721, 16.8153
1722, 16.8167
1723, 16.8167
1724, 16.8172
1725, 16.8172
1726, 16.8186
1727, 16.8195
1728, 16.8195
1729, 16.82
1730, 16.821
1731, 16.8214
1732, 16.8219
1733, 16.8224
1734, 16.8229
1735, 16.8229
1736, 16.8229
1737, 16.8243
1738, 16.8248
1739, 16.8257
1740, 16.8262
1741, 16.8267
1742, 16.8267
1743, 16.8281
1744, 16.8286
1745, 16.8291
1746, 16.8305
1747, 16.8305
1748, 16.8319
1749, 16.8324
1750, 16.8324
1751, 16.8338
1752, 16.8338
1753, 16.8338
1754, 16.8348
1755, 16.8372
1756, 16.8372
1757, 16.8386
1758, 16.8391
1759, 16.8391
1760, 16.8395
1761, 16.841
1762, 16.841
1763, 16.8419
1764, 16.8424
1765, 16.8424
1766, 16.8429
1767, 16.8453
1768, 16.8462
1769, 16.8472
1770, 16.8481
1771, 16.8491
1772, 16.85
1773, 16.85
1774, 16.851
1775, 16.8514
1776, 16.8519
1777, 16.8524
1778, 16.8538
1779, 16.8538
1780, 16.8548
1781, 16.8572
1782, 16.8576
1783, 16.8576
1784, 16.8581
1785, 16.8586
1786, 16.8591
1787, 16.8591
1788, 16.86
1789, 16.86
1790, 16.861
1791, 16.861
1792, 16.8614
1793, 16.8624
1794, 16.8634
1795, 16.8634
1796, 16.8643
1797, 16.8643
1798, 16.8643
1799, 16.8643
1800, 16.8653
1801, 16.8657
1802, 16.8657
1803, 16.8662
1804, 16.8667
1805, 16.8691
1806, 16.8705
1807, 16.871
1808, 16.871
1809, 16.8738
1810, 16.8743
1811, 16.8743
1812, 16.8757
1813, 16.8767
1814, 16.8776
1815, 16.8795
1816, 16.8805
1817, 16.8814
1818, 16.8843
1819, 16.8843
1820, 16.8848
1821, 16.8862
1822, 16.8862
1823, 16.8867
1824, 16.8872
1825, 16.8872
1826, 16.8881
1827, 16.8891
1828, 16.8891
1829, 16.8895
1830, 16.8895
1831, 16.8905
1832, 16.8905
1833, 16.8919
1834, 16.8924
1835, 16.8924
1836, 16.8934
1837, 16.8957
1838, 16.8957
1839, 16.8957
1840, 16.8962
1841, 16.9005
1842, 16.901
1843, 16.9019
1844, 16.9034
1845, 16.9034
1846, 16.9034
1847, 16.9043
1848, 16.9043
1849, 16.9057
1850, 16.9067
1851, 16.9076
1852, 16.9076
1853, 16.9081
1854, 16.9091
1855, 16.911
1856, 16.911
1857, 16.911
1858, 16.9119
1859, 16.9129
1860, 16.9129
1861, 16.9134
1862, 16.9157
1863, 16.9162
1864, 16.9172
1865, 16.9176
1866, 16.9186
1867, 16.9191
1868, 16.9195
1869, 16.92
1870, 16.9214
1871, 16.9219
1872, 16.9234
1873, 16.9234
1874, 16.9248
1875, 16.9253
1876, 16.9253
1877, 16.9257
1878, 16.9267
1879, 16.9272
1880, 16.9286
1881, 16.9295
1882, 16.9295
1883, 16.9305
1884, 16.931
1885, 16.931
1886, 16.9314
1887, 16.9329
1888, 16.9329
1889, 16.9333
1890, 16.9333
1891, 16.9338
1892, 16.9338
1893, 16.9343
1894, 16.9348
1895, 16.9353
1896, 16.9367
1897, 16.9376
1898, 16.9395
1899, 16.94
1900, 16.941
1901, 16.9424
1902, 16.9429
1903, 16.9429
1904, 16.9438
1905, 16.9448
1906, 16.9453
1907, 16.9453
1908, 16.9453
1909, 16.9457
1910, 16.9462
1911, 16.9462
1912, 16.9472
1913, 16.9476
1914, 16.9491
1915, 16.9495
1916, 16.951
1917, 16.9514
1918, 16.9529
1919, 16.9533
1920, 16.9533
1921, 16.9543
1922, 16.9548
1923, 16.9553
1924, 16.9553
1925, 16.9557
1926, 16.9562
1927, 16.9581
1928, 16.9586
1929, 16.9591
1930, 16.9605
1931, 16.961
1932, 16.9614
1933, 16.9614
1934, 16.9614
1935, 16.9624
1936, 16.9629
1937, 16.9629
1938, 16.9629
1939, 16.9629
1940, 16.9633
1941, 16.9638
1942, 16.9648
1943, 16.9648
1944, 16.9648
1945, 16.9657
1946, 16.9667
1947, 16.9672
1948, 16.9686
1949, 16.9686
1950, 16.9695
1951, 16.97
1952, 16.9705
1953, 16.9714
1954, 16.9729
1955, 16.9729
1956, 16.9729
1957, 16.9738
1958, 16.9738
1959, 16.9748
1960, 16.9748
1961, 16.9753
1962, 16.9762
1963, 16.9767
1964, 16.9772
1965, 16.9776
1966, 16.9776
1967, 16.9781
1968, 16.9791
1969, 16.9814
1970, 16.9819
1971, 16.9843
1972, 16.9848
1973, 16.9857
1974, 16.9867
1975, 16.9867
1976, 16.9881
1977, 16.9886
1978, 16.9905
1979, 16.9905
1980, 16.9905
1981, 16.991
1982, 16.9919
1983, 16.9933
1984, 16.9938
1985, 16.9943
1986, 16.9943
1987, 16.9948
1988, 16.9957
1989, 16.9967
1990, 16.9967
1991, 16.9972
1992, 16.9972
1993, 16.9972
1994, 16.9991
1995, 16.9991
1996, 16.9995
1997, 17.0005
1998, 17.0014
1999, 17.0019
2000, 17.0024
2001, 17.0038
2002, 17.0043
2003, 17.0043
2004, 17.0043
2005, 17.0053
2006, 17.0062
2007, 17.0062
2008, 17.0067
2009, 17.0076
2010, 17.0081
2011, 17.011
2012, 17.0114
2013, 17.0114
2014, 17.0119
2015, 17.0119
2016, 17.0148
2017, 17.0157
2018, 17.0186
2019, 17.0195
2020, 17.0195
2021, 17.02
2022, 17.02
2023, 17.021
2024, 17.0214
2025, 17.0214
2026, 17.0229
2027, 17.0233
2028, 17.0238
2029, 17.0238
2030, 17.0248
2031, 17.0253
2032, 17.0267
2033, 17.0281
2034, 17.0281
2035, 17.0295
2036, 17.03
2037, 17.0305
2038, 17.0305
2039, 17.0305
2040, 17.0305
2041, 17.031
2042, 17.031
2043, 17.0314
2044, 17.0329
2045, 17.0329
2046, 17.0333
2047, 17.0343
2048, 17.0348
2049, 17.0353
2050, 17.0353
2051, 17.0357
2052, 17.0376
2053, 17.0381
2054, 17.0391
2055, 17.04
2056, 17.0405
2057, 17.0405
2058, 17.0419
2059, 17.0424
2060, 17.0429
2061, 17.0433
2062, 17.0433
2063, 17.0448
2064, 17.0453
2065, 17.0457
2066, 17.0472
2067, 17.0481
2068, 17.0481
2069, 17.0481
2070, 17.0486
2071, 17.0495
2072, 17.051
2073, 17.051
2074, 17.051
2075, 17.0514
2076, 17.0529
2077, 17.0557
2078, 17.0576
2079, 17.0595
2080, 17.0595
2081, 17.06
2082, 17.0614
2083, 17.0619
2084, 17.0633
2085, 17.0633
2086, 17.0633
2087, 17.0638
2088, 17.0638
2089, 17.0643
2090, 17.0657
2091, 17.0662
2092, 17.0662
2093, 17.0667
2094, 17.0686
2095, 17.0686
2096, 17.0691
2097, 17.0695
2098, 17.07
2099, 17.071
2100, 17.0714
2101, 17.0719
2102, 17.0738
2103, 17.0748
2104, 17.0753
2105, 17.0762
2106, 17.0762
2107, 17.0767
2108, 17.0772
2109, 17.0776
2110, 17.0776
2111, 17.0786
2112, 17.0791
2113, 17.0795
2114, 17.0795
2115, 17.08
2116, 17.081
2117, 17.0814
2118, 17.0814
2119, 17.0819
2120, 17.0829
2121, 17.0829
2122, 17.0838
2123, 17.0838
2124, 17.0838
2125, 17.0843
2126, 17.0857
2127, 17.0862
2128, 17.0867
2129, 17.0872
2130, 17.0876
2131, 17.0891
2132, 17.0891
2133, 17.0891
2134, 17.09
2135, 17.09
2136, 17.0914
2137, 17.0943
2138, 17.0943
2139, 17.0967
2140, 17.0972
2141, 17.0976
2142, 17.0981
2143, 17.0981
2144, 17.0995
2145, 17.0995
2146, 17.0995
2147, 17.0995
2148, 17.1005
2149, 17.1005
2150, 17.1005
2151, 17.1014
2152, 17.1014
2153, 17.1019
2154, 17.1019
2155, 17.1029
2156, 17.1038
2157, 17.1043
2158, 17.1043
2159, 17.1057
2160, 17.1067
2161, 17.1072
2162, 17.1072
2163, 17.1076
2164, 17.1076
2165, 17.1091
2166, 17.1095
2167, 17.1105
2168, 17.1114
2169, 17.1119
2170, 17.1143
2171, 17.1143
2172, 17.1167
2173, 17.1172
2174, 17.1172
2175, 17.1176
2176, 17.1195
2177, 17.12
2178, 17.121
2179, 17.1214
2180, 17.1224
2181, 17.1229
2182, 17.1238
2183, 17.1238
2184, 17.1243
2185, 17.1252
2186, 17.1252
2187, 17.1262
2188, 17.1267
2189, 17.1267
2190, 17.1272
2191, 17.1276
2192, 17.1281
2193, 17.1281
2194, 17.1291
2195, 17.1295
2196, 17.13
2197, 17.13
2198, 17.1305
2199, 17.131
2200, 17.1314
2201, 17.1319
2202, 17.1324
2203, 17.1324
2204, 17.1324
2205, 17.1338
2206, 17.1343
2207, 17.1352
2208, 17.1352
2209, 17.1352
2210, 17.1372
2211, 17.1372
2212, 17.1376
2213, 17.1381
2214, 17.1395
2215, 17.1414
2216, 17.1419
2217, 17.1419
2218, 17.1429
2219, 17.1438
2220, 17.1438
2221, 17.1452
2222, 17.1452
2223, 17.1457
2224, 17.1462
2225, 17.1462
2226, 17.1472
2227, 17.1476
2228, 17.1476
2229, 17.1476
2230, 17.1486
2231, 17.151
2232, 17.1519
2233, 17.1529
2234, 17.1548
2235, 17.1548
2236, 17.1552
2237, 17.1562
2238, 17.1572
2239, 17.1576
2240, 17.1576
2241, 17.1595
2242, 17.1595
2243, 17.1595
2244, 17.1614
2245, 17.1619
2246, 17.1624
2247, 17.1633
2248, 17.1638
2249, 17.1643
2250, 17.1643
2251, 17.1652
2252, 17.1667
2253, 17.1676
2254, 17.1681
2255, 17.1695
2256, 17.17
2257, 17.1705
2258, 17.171
2259, 17.1714
2260, 17.1714
2261, 17.1714
2262, 17.1724
2263, 17.1733
2264, 17.1738
2265, 17.1743
2266, 17.1748
2267, 17.1748
2268, 17.1752
2269, 17.1776
2270, 17.1795
2271, 17.18
2272, 17.18
2273, 17.1805
2274, 17.1814
2275, 17.1819
2276, 17.1819
2277, 17.1824
2278, 17.1824
2279, 17.1829
2280, 17.1857
2281, 17.1857
2282, 17.1862
2283, 17.1867
2284, 17.1872
2285, 17.1876
2286, 17.1881
2287, 17.1881
2288, 17.1891
2289, 17.191
2290, 17.1919
2291, 17.1924
2292, 17.1933
2293, 17.1938
2294, 17.1938
2295, 17.1948
2296, 17.1952
2297, 17.1952
2298, 17.1957
2299, 17.1957
2300, 17.1957
2301, 17.1962
2302, 17.1962
2303, 17.1962
2304, 17.1967
2305, 17.1972
2306, 17.1972
2307, 17.1976
2308, 17.1981
2309, 17.1986
2310, 17.1991
2311, 17.1995
2312, 17.1995
2313, 17.2005
2314, 17.2019
2315, 17.2033
2316, 17.2033
2317, 17.2038
2318, 17.2038
2319, 17.2043
2320, 17.2043
2321, 17.2043
2322, 17.2052
2323, 17.2057
2324, 17.2062
2325, 17.2062
2326, 17.2062
2327, 17.2081
2328, 17.2091
2329, 17.2095
2330, 17.211
2331, 17.211
2332, 17.211
2333, 17.2124
2334, 17.2133
2335, 17.2143
2336, 17.2143
2337, 17.2148
2338, 17.2167
2339, 17.2191
2340, 17.22
2341, 17.22
2342, 17.2214
2343, 17.2224
2344, 17.2238
2345, 17.2248
2346, 17.2248
2347, 17.2262
2348, 17.2286
2349, 17.2291
2350, 17.2291
2351, 17.23
2352, 17.231
2353, 17.2314
2354, 17.2319
2355, 17.2324
2356, 17.2329
2357, 17.2329
2358, 17.2338
2359, 17.2343
2360, 17.2348
2361, 17.2362
2362, 17.2367
2363, 17.2372
2364, 17.2381
2365, 17.2391
2366, 17.2395
2367, 17.2433
2368, 17.2438
2369, 17.2438
2370, 17.2448
2371, 17.2448
2372, 17.2462
2373, 17.2462
2374, 17.2472
2375, 17.2476
2376, 17.2481
2377, 17.2495
2378, 17.2519
2379, 17.2529
2380, 17.2533
2381, 17.2538
2382, 17.2543
2383, 17.2548
2384, 17.2557
2385, 17.2557
2386, 17.2576
2387, 17.2595
2388, 17.2619
2389, 17.2629
2390, 17.2638
2391, 17.2638
2392, 17.2643
2393, 17.2643
2394, 17.2648
2395, 17.2652
2396, 17.2686
2397, 17.2686
2398, 17.2695
2399, 17.2695
2400, 17.271
2401, 17.2719
2402, 17.2724
2403, 17.2729
2404, 17.2776
2405, 17.2786
2406, 17.2795
2407, 17.2795
2408, 17.28
2409, 17.281
2410, 17.281
2411, 17.2829
2412, 17.2838
2413, 17.2843
2414, 17.2843
2415, 17.2857
2416, 17.2867
2417, 17.2876
2418, 17.2886
2419, 17.291
2420, 17.2919
2421, 17.2943
2422, 17.2952
2423, 17.2952
2424, 17.2962
2425, 17.2967
2426, 17.2971
2427, 17.2976
2428, 17.2976
2429, 17.2976
2430, 17.2981
2431, 17.3005
2432, 17.301
2433, 17.3019
2434, 17.3019
2435, 17.3019
2436, 17.3038
2437, 17.3038
2438, 17.3038
2439, 17.3038
2440, 17.3048
2441, 17.3067
2442, 17.3067
2443, 17.3067
2444, 17.3081
2445, 17.3081
2446, 17.3081
2447, 17.3091
2448, 17.31
2449, 17.31
2450, 17.311
2451, 17.311
2452, 17.311
2453, 17.311
2454, 17.3114
2455, 17.3124
2456, 17.3133
2457, 17.3143
2458, 17.3143
2459, 17.3148
2460, 17.3152
2461, 17.3152
2462, 17.3157
2463, 17.3162
2464, 17.3167
2465, 17.3171
2466, 17.3181
2467, 17.3191
2468, 17.3191
2469, 17.3205
2470, 17.321
2471, 17.321
2472, 17.321
2473, 17.321
2474, 17.3224
2475, 17.3224
2476, 17.3224
2477, 17.3233
2478, 17.3276
2479, 17.3281
2480, 17.3286
2481, 17.3291
2482, 17.3295
2483, 17.33
2484, 17.33
2485, 17.3319
2486, 17.3333
2487, 17.3333
2488, 17.3338
2489, 17.3338
2490, 17.3348
2491, 17.3348
2492, 17.3357
2493, 17.3376
2494, 17.3391
2495, 17.3391
2496, 17.3395
2497, 17.3405
2498, 17.3405
2499, 17.3424
2500, 17.3424
2501, 17.3429
2502, 17.3429
2503, 17.3429
2504, 17.3438
2505, 17.3457
2506, 17.3457
2507, 17.3457
2508, 17.3457
2509, 17.3476
2510, 17.3505
2511, 17.351
2512, 17.3529
2513, 17.3543
2514, 17.3543
2515, 17.3562
2516, 17.3571
2517, 17.3581
2518, 17.3591
2519, 17.3591
2520, 17.3591
2521, 17.3595
2522, 17.3595
2523, 17.36
2524, 17.36
2525, 17.3605
2526, 17.3619
2527, 17.3624
2528, 17.3629
2529, 17.3633
2530, 17.3638
2531, 17.3643
2532, 17.3652
2533, 17.3652
2534, 17.3652
2535, 17.3662
2536, 17.3676
2537, 17.3686
2538, 17.3691
2539, 17.3695
2540, 17.37
2541, 17.371
2542, 17.371
2543, 17.3714
2544, 17.3714
2545, 17.3714
2546, 17.3719
2547, 17.3719
2548, 17.3729
2549, 17.3729
2550, 17.3729
2551, 17.3733
2552, 17.3738
2553, 17.3748
2554, 17.3757
2555, 17.3762
2556, 17.3762
2557, 17.3767
2558, 17.3767
2559, 17.3771
2560, 17.3795
2561, 17.38
2562, 17.3814
2563, 17.3824
2564, 17.3824
2565, 17.3829
2566, 17.3833
2567, 17.3833
2568, 17.3862
2569, 17.3862
2570, 17.3871
2571, 17.3881
2572, 17.3886
2573, 17.3886
2574, 17.3891
2575, 17.3895
2576, 17.3933
2577, 17.3952
2578, 17.3971
2579, 17.3971
2580, 17.3981
2581, 17.3986
2582, 17.3991
2583, 17.3991
2584, 17.4
2585, 17.4
2586, 17.4
2587, 17.401
2588, 17.401
2589, 17.401
2590, 17.4024
2591, 17.4024
2592, 17.4033
2593, 17.4057
2594, 17.4057
2595, 17.4062
2596, 17.4071
2597, 17.4086
2598, 17.4091
2599, 17.4091
2600, 17.4105
2601, 17.4114
2602, 17.4119
2603, 17.4129
2604, 17.4138
2605, 17.4138
2606, 17.4143
2607, 17.4143
2608, 17.4157
2609, 17.4162
2610, 17.4162
2611, 17.4162
2612, 17.4167
2613, 17.4167
2614, 17.4171
2615, 17.4171
2616, 17.4176
2617, 17.4176
2618, 17.4181
2619, 17.4186
2620, 17.42
2621, 17.4219
2622, 17.4238
2623, 17.4243
2624, 17.4257
2625, 17.4262
2626, 17.4262
2627, 17.4267
2628, 17.4271
2629, 17.4271
2630, 17.4286
2631, 17.4286
2632, 17.4286
2633, 17.4295
2634, 17.4305
2635, 17.4305
2636, 17.431
2637, 17.4314
2638, 17.4319
2639, 17.4324
2640, 17.4338
2641, 17.4338
2642, 17.4348
2643, 17.4352
2644, 17.4357
2645, 17.4386
2646, 17.4391
2647, 17.4391
2648, 17.4395
2649, 17.4395
2650, 17.4424
2651, 17.4429
2652, 17.4433
2653, 17.4438
2654, 17.4452
2655, 17.4462
2656, 17.4462
2657, 17.4467
2658, 17.4467
2659, 17.4467
2660, 17.4486
2661, 17.4491
2662, 17.4495
2663, 17.451
2664, 17.4524
2665, 17.4529
2666, 17.4538
2667, 17.4552
2668, 17.4552
2669, 17.4557
2670, 17.4562
2671, 17.4562
2672, 17.4581
2673, 17.4595
2674, 17.4595
2675, 17.46
2676, 17.461
2677, 17.4614
2678, 17.4619
2679, 17.4643
2680, 17.4648
2681, 17.4648
2682, 17.4652
2683, 17.4657
2684, 17.4662
2685, 17.4667
2686, 17.4671
2687, 17.4676
2688, 17.471
2689, 17.471
2690, 17.4729
2691, 17.4729
2692, 17.4738
2693, 17.4748
2694, 17.4748
2695, 17.4757
2696, 17.4767
2697, 17.4771
2698, 17.4771
2699, 17.4771
2700, 17.4776
2701, 17.479
2702, 17.479
2703, 17.4795
2704, 17.4795
2705, 17.48
2706, 17.481
2707, 17.481
2708, 17.4833
2709, 17.4838
2710, 17.4838
2711, 17.4848
2712, 17.4857
2713, 17.4857
2714, 17.4862
2715, 17.4881
2716, 17.4881
2717, 17.4881
2718, 17.4881
2719, 17.4881
2720, 17.4886
2721, 17.489
2722, 17.4895
2723, 17.4905
2724, 17.4914
2725, 17.4919
2726, 17.4924
2727, 17.4924
2728, 17.4929
2729, 17.4976
2730, 17.4981
2731, 17.4981
2732, 17.4995
2733, 17.4995
2734, 17.5
2735, 17.5005
2736, 17.501
2737, 17.501
2738, 17.5029
2739, 17.5048
2740, 17.5052
2741, 17.5052
2742, 17.5062
2743, 17.5062
2744, 17.5071
2745, 17.5081
2746, 17.509
2747, 17.5105
2748, 17.5114
2749, 17.5119
2750, 17.5119
2751, 17.5129
2752, 17.5133
2753, 17.5133
2754, 17.5148
2755, 17.5148
2756, 17.5152
2757, 17.5157
2758, 17.5162
2759, 17.5162
2760, 17.5171
2761, 17.5176
2762, 17.5181
2763, 17.5181
2764, 17.5186
2765, 17.5195
2766, 17.5195
2767, 17.5195
2768, 17.5229
2769, 17.5233
2770, 17.5243
2771, 17.5252
2772, 17.5252
2773, 17.5252
2774, 17.5252
2775, 17.5252
2776, 17.5257
2777, 17.5257
2778, 17.5262
2779, 17.5267
2780, 17.5271
2781, 17.5271
2782, 17.5281
2783, 17.5286
2784, 17.5286
2785, 17.529
2786, 17.529
2787, 17.5295
2788, 17.53
2789, 17.531
2790, 17.5319
2791, 17.5324
2792, 17.5343
2793, 17.5348
2794, 17.5371
2795, 17.5371
2796, 17.5386
2797, 17.5386
2798, 17.539
2799, 17.5395
2800, 17.54
2801, 17.54
2802, 17.541
2803, 17.5414
2804, 17.5429
2805, 17.5433
2806, 17.5438
2807, 17.5457
2808, 17.5462
2809, 17.5471
2810, 17.5476
2811, 17.5481
2812, 17.5486
2813, 17.549
2814, 17.549
2815, 17.5495
2816, 17.5495
2817, 17.5495
2818, 17.55
2819, 17.551
2820, 17.5514
2821, 17.5519
2822, 17.5524
2823, 17.5533
2824, 17.5533
2825, 17.5538
2826, 17.5543
2827, 17.5543
2828, 17.5543
2829, 17.5548
2830, 17.5548
2831, 17.5557
2832, 17.5557
2833, 17.5562
2834, 17.5562
2835, 17.5562
2836, 17.5567
2837, 17.5576
2838, 17.5595
2839, 17.5595
2840, 17.5595
2841, 17.56
2842, 17.5614
2843, 17.5619
2844, 17.5619
2845, 17.5624
2846, 17.5629
2847, 17.5633
2848, 17.5638
2849, 17.5648
2850, 17.5648
2851, 17.5671
2852, 17.5686
2853, 17.569
2854, 17.569
2855, 17.569
2856, 17.5695
2857, 17.57
2858, 17.57
2859, 17.5705
2860, 17.571
2861, 17.571
2862, 17.5714
2863, 17.5719
2864, 17.5719
2865, 17.5724
2866, 17.5724
2867, 17.5733
2868, 17.5743
2869, 17.5748
2870, 17.5748
2871, 17.5757
2872, 17.5767
2873, 17.5767
2874, 17.5771
2875, 17.5786
2876, 17.58
2877, 17.5805
2878, 17.5814
2879, 17.5833
2880, 17.5833
2881, 17.5833
2882, 17.5838
2883, 17.5843
2884, 17.5843
2885, 17.5862
2886, 17.5876
2887, 17.589
2888, 17.5895
2889, 17.5895
2890, 17.59
2891, 17.591
2892, 17.591
2893, 17.5919
2894, 17.5919
2895, 17.5919
2896, 17.5919
2897, 17.5924
2898, 17.5929
2899, 17.5929
2900, 17.5933
2901, 17.5948
2902, 17.5952
2903, 17.5952
2904, 17.5952
2905, 17.5957
2906, 17.5957
2907, 17.5962
2908, 17.5962
2909, 17.5967
2910, 17.5971
2911, 17.5976
2912, 17.6005
2913, 17.6005
2914, 17.6005
2915, 17.6005
2916, 17.601
2917, 17.6014
2918, 17.6019
2919, 17.6019
2920, 17.6029
2921, 17.6038
2922, 17.6038
2923, 17.6057
2924, 17.6062
2925, 17.6071
2926, 17.6071
2927, 17.6095
2928, 17.61
2929, 17.61
2930, 17.61
2931, 17.6105
2932, 17.6105
2933, 17.611
2934, 17.6114
2935, 17.6119
2936, 17.6124
2937, 17.6138
2938, 17.6157
2939, 17.6157
2940, 17.6162
2941, 17.6167
2942, 17.6181
2943, 17.6181
2944, 17.6186
2945, 17.619
2946, 17.6205
2947, 17.621
2948, 17.6219
2949, 17.6219
2950, 17.6224
2951, 17.6233
2952, 17.6248
2953, 17.6248
2954, 17.6252
2955, 17.6257
2956, 17.6262
2957, 17.6262
2958, 17.6267
2959, 17.6271
2960, 17.6271
2961, 17.6276
2962, 17.6276
2963, 17.6281
2964, 17.6286
2965, 17.629
2966, 17.629
2967, 17.6295
2968, 17.6295
2969, 17.6309
2970, 17.6314
2971, 17.6314
2972, 17.6314
2973, 17.6324
2974, 17.6333
2975, 17.6338
2976, 17.6338
2977, 17.6348
2978, 17.6352
2979, 17.6362
2980, 17.6362
2981, 17.6367
2982, 17.6371
2983, 17.6371
2984, 17.6371
2985, 17.6381
2986, 17.6381
2987, 17.6381
2988, 17.64
2989, 17.6405
2990, 17.6419
2991, 17.6419
2992, 17.6429
2993, 17.6429
2994, 17.6433
2995, 17.6438
2996, 17.6443
2997, 17.6443
2998, 17.6452
2999, 17.6452
3000, 17.6471
3001, 17.6471
3002, 17.649
3003, 17.649
3004, 17.649
3005, 17.6495
3006, 17.65
3007, 17.6509
3008, 17.6509
3009, 17.6509
3010, 17.6509
3011, 17.6524
3012, 17.6529
3013, 17.6538
3014, 17.6538
3015, 17.6538
3016, 17.6543
3017, 17.6543
3018, 17.6548
3019, 17.6552
3020, 17.6562
3021, 17.6567
3022, 17.6571
3023, 17.6571
3024, 17.6576
3025, 17.6595
3026, 17.6595
3027, 17.66
3028, 17.6605
3029, 17.6609
3030, 17.6609
3031, 17.6614
3032, 17.6619
3033, 17.6619
3034, 17.6624
3035, 17.6629
3036, 17.6633
3037, 17.6633
3038, 17.6643
3039, 17.6648
3040, 17.6648
3041, 17.6652
3042, 17.6657
3043, 17.6662
3044, 17.6662
3045, 17.6667
3046, 17.6671
3047, 17.6671
3048, 17.6676
3049, 17.6676
3050, 17.6681
3051, 17.6686
3052, 17.669
3053, 17.669
3054, 17.6705
3055, 17.6705
3056, 17.6705
3057, 17.6705
3058, 17.6714
3059, 17.6724
3060, 17.6724
3061, 17.6738
3062, 17.6752
3063, 17.6752
3064, 17.6757
3065, 17.6757
3066, 17.6767
3067, 17.6795
3068, 17.68
3069, 17.68
3070, 17.68
3071, 17.68
3072, 17.68
3073, 17.68
3074, 17.6805
3075, 17.6819
3076, 17.6819
3077, 17.6824
3078, 17.6824
3079, 17.6843
3080, 17.6852
3081, 17.6867
3082, 17.6871
3083, 17.6881
3084, 17.6895
3085, 17.6905
3086, 17.6909
3087, 17.6914
3088, 17.6914
3089, 17.6919
3090, 17.6929
3091, 17.6929
3092, 17.6938
3093, 17.6943
3094, 17.6948
3095, 17.6948
3096, 17.6952
3097, 17.6957
3098, 17.6981
3099, 17.6986
3100, 17.699
3101, 17.699
3102, 17.6995
3103, 17.7009
3104, 17.7014
3105, 17.7014
3106, 17.7014
3107, 17.7014
3108, 17.7024
3109, 17.7029
3110, 17.7029
3111, 17.7033
3112, 17.7033
3113, 17.7033
3114, 17.7038
3115, 17.7052
3116, 17.7057
3117, 17.7062
3118, 17.7076
3119, 17.7086
3120, 17.709
3121, 17.71
3122, 17.7105
3123, 17.7105
3124, 17.7114
3125, 17.7129
3126, 17.7129
3127, 17.7143
3128, 17.7143
3129, 17.7143
3130, 17.7148
3131, 17.7157
3132, 17.7157
3133, 17.7162
3134, 17.7162
3135, 17.7167
3136, 17.7176
3137, 17.7181
3138, 17.719
3139, 17.7195
3140, 17.72
3141, 17.7224
3142, 17.7233
3143, 17.7243
3144, 17.7243
3145, 17.7257
3146, 17.729
3147, 17.729
3148, 17.7309
3149, 17.7309
3150, 17.7329
3151, 17.7329
3152, 17.7329
3153, 17.7329
3154, 17.7333
3155, 17.7338
3156, 17.7338
3157, 17.7348
3158, 17.7352
3159, 17.7362
3160, 17.7362
3161, 17.7371
3162, 17.7371
3163, 17.7376
3164, 17.7381
3165, 17.739
3166, 17.7409
3167, 17.7414
3168, 17.7414
3169, 17.7424
3170, 17.7424
3171, 17.7433
3172, 17.7452
3173, 17.7457
3174, 17.7457
3175, 17.7471
3176, 17.7476
3177, 17.7481
3178, 17.7486
3179, 17.7495
3180, 17.7509
3181, 17.7514
3182, 17.7519
3183, 17.7524
3184, 17.7529
3185, 17.7543
3186, 17.7543
3187, 17.7548
3188, 17.7548
3189, 17.7567
3190, 17.7576
3191, 17.7576
3192, 17.7581
3193, 17.7605
3194, 17.7605
3195, 17.7609
3196, 17.7609
3197, 17.7643
3198, 17.7652
3199, 17.7657
3200, 17.7657
3201, 17.7681
3202, 17.7686
3203, 17.769
3204, 17.7705
3205, 17.7714
3206, 17.7714
3207, 17.7719
3208, 17.7724
3209, 17.7729
3210, 17.7729
3211, 17.7748
3212, 17.7748
3213, 17.7748
3214, 17.7762
3215, 17.7776
3216, 17.7786
3217, 17.779
3218, 17.7795
3219, 17.78
3220, 17.7809
3221, 17.7809
3222, 17.7824
3223, 17.7824
3224, 17.7824
3225, 17.7824
3226, 17.7838
3227, 17.7838
3228, 17.7843
3229, 17.7867
3230, 17.7867
3231, 17.7871
3232, 17.7876
3233, 17.7876
3234, 17.7876
3235, 17.7881
3236, 17.7886
3237, 17.789
3238, 17.7895
3239, 17.7895
3240, 17.7895
3241, 17.79
3242, 17.79
3243, 17.7905
3244, 17.7909
3245, 17.7924
3246, 17.7924
3247, 17.7929
3248, 17.7929
3249, 17.7929
3250, 17.7929
3251, 17.7933
3252, 17.7938
3253, 17.7938
3254, 17.7943
3255, 17.7948
3256, 17.7952
3257, 17.7962
3258, 17.7976
3259, 17.7986
3260, 17.7986
3261, 17.7986
3262, 17.8
3263, 17.8005
3264, 17.8014
3265, 17.8019
3266, 17.8019
3267, 17.8028
3268, 17.8048
3269, 17.8048
3270, 17.8062
3271, 17.8062
3272, 17.8067
3273, 17.8071
3274, 17.8071
3275, 17.8071
3276, 17.8076
3277, 17.8076
3278, 17.8076
3279, 17.8081
3280, 17.8095
3281, 17.81
3282, 17.8119
3283, 17.8124
3284, 17.8138
3285, 17.8143
3286, 17.8148
3287, 17.8152
3288, 17.8157
3289, 17.8157
3290, 17.8157
3291, 17.8157
3292, 17.8162
3293, 17.8162
3294, 17.8167
3295, 17.8167
3296, 17.8176
3297, 17.8181
3298, 17.8181
3299, 17.8181
3300, 17.8205
3301, 17.8219
3302, 17.8224
3303, 17.8224
3304, 17.8243
3305, 17.8252
3306, 17.8257
3307, 17.8262
3308, 17.8262
3309, 17.8267
3310, 17.8276
3311, 17.8281
3312, 17.8281
3313, 17.8309
3314, 17.8314
3315, 17.8314
3316, 17.8324
3317, 17.8328
3318, 17.8333
3319, 17.8338
3320, 17.8338
3321, 17.8338
3322, 17.8348
3323, 17.8357
3324, 17.8357
3325, 17.8362
3326, 17.8362
3327, 17.8371
3328, 17.8376
3329, 17.8409
3330, 17.8409
3331, 17.8419
3332, 17.8424
3333, 17.8424
3334, 17.8428
3335, 17.8433
3336, 17.8438
3337, 17.8443
3338, 17.8448
3339, 17.8457
3340, 17.8471
3341, 17.8471
3342, 17.8476
3343, 17.8481
3344, 17.8486
3345, 17.8495
3346, 17.8505
3347, 17.8505
3348, 17.8505
3349, 17.8509
3350, 17.8509
3351, 17.8514
3352, 17.8528
3353, 17.8548
3354, 17.8552
3355, 17.8567
3356, 17.8571
3357, 17.86
3358, 17.8614
3359, 17.8619
3360, 17.8624
3361, 17.8624
3362, 17.8628
3363, 17.8638
3364, 17.8638
3365, 17.8648
3366, 17.8648
3367, 17.8652
3368, 17.8652
3369, 17.8657
3370, 17.8657
3371, 17.8662
3372, 17.8662
3373, 17.8671
3374, 17.8671
3375, 17.8686
3376, 17.8686
3377, 17.869
3378, 17.8705
3379, 17.8705
3380, 17.8719
3381, 17.8724
3382, 17.8733
3383, 17.8733
3384, 17.8738
3385, 17.8748
3386, 17.8748
3387, 17.8748
3388, 17.8757
3389, 17.8771
3390, 17.8776
3391, 17.8776
3392, 17.8781
3393, 17.8781
3394, 17.8795
3395, 17.8814
3396, 17.8838
3397, 17.8843
3398, 17.8848
3399, 17.8852
3400, 17.8852
3401, 17.8857
3402, 17.8862
3403, 17.8871
3404, 17.8881
3405, 17.8881
3406, 17.8886
3407, 17.889
3408, 17.8895
3409, 17.89
3410, 17.89
3411, 17.8909
3412, 17.8924
3413, 17.8943
3414, 17.8948
3415, 17.8957
3416, 17.899
3417, 17.8995
3418, 17.8995
3419, 17.9
3420, 17.9005
3421, 17.9033
3422, 17.9052
3423, 17.9057
3424, 17.9057
3425, 17.9067
3426, 17.9086
3427, 17.9095
3428, 17.91
3429, 17.9114
3430, 17.9119
3431, 17.9124
3432, 17.9138
3433, 17.9143
3434, 17.9152
3435, 17.9167
3436, 17.9195
3437, 17.92
3438, 17.92
3439, 17.92
3440, 17.9214
3441, 17.9224
3442, 17.9238
3443, 17.9243
3444, 17.9252
3445, 17.9276
3446, 17.9276
3447, 17.9276
3448, 17.9281
3449, 17.9286
3450, 17.9286
3451, 17.9286
3452, 17.929
3453, 17.93
3454, 17.9305
3455, 17.9305
3456, 17.9309
3457, 17.9324
3458, 17.9328
3459, 17.9338
3460, 17.9343
3461, 17.9371
3462, 17.9376
3463, 17.9386
3464, 17.939
3465, 17.9395
3466, 17.94
3467, 17.9405
3468, 17.9414
3469, 17.9424
3470, 17.9424
3471, 17.9424
3472, 17.9433
3473, 17.9433
3474, 17.9438
3475, 17.9443
3476, 17.9443
3477, 17.9448
3478, 17.9448
3479, 17.9452
3480, 17.9457
3481, 17.9462
3482, 17.9462
3483, 17.9476
3484, 17.9481
3485, 17.9486
3486, 17.949
3487, 17.949
3488, 17.9495
3489, 17.95
3490, 17.9514
3491, 17.9524
3492, 17.9543
3493, 17.9543
3494, 17.9543
3495, 17.9548
3496, 17.9548
3497, 17.9552
3498, 17.9557
3499, 17.9562
3500, 17.9571
3501, 17.9576
3502, 17.9581
3503, 17.9586
3504, 17.9586
3505, 17.9586
3506, 17.9586
3507, 17.959
3508, 17.9595
3509, 17.96
3510, 17.9614
3511, 17.9614
3512, 17.9619
3513, 17.9624
3514, 17.9624
3515, 17.9624
3516, 17.9633
3517, 17.9633
3518, 17.9648
3519, 17.9671
3520, 17.9686
3521, 17.9686
3522, 17.9695
3523, 17.97
3524, 17.9705
3525, 17.9714
3526, 17.9714
3527, 17.9719
3528, 17.9724
3529, 17.9733
3530, 17.9733
3531, 17.9738
3532, 17.9752
3533, 17.9752
3534, 17.9752
3535, 17.9767
3536, 17.9771
3537, 17.9781
3538, 17.9786
3539, 17.9805
3540, 17.9805
3541, 17.9809
3542, 17.9809
3543, 17.9814
3544, 17.9819
3545, 17.9824
3546, 17.9824
3547, 17.9838
3548, 17.9847
3549, 17.9847
3550, 17.9852
3551, 17.9857
3552, 17.9862
3553, 17.9871
3554, 17.9876
3555, 17.9881
3556, 17.9886
3557, 17.99
3558, 17.9909
3559, 17.9909
3560, 17.9909
3561, 17.9914
3562, 17.9919
3563, 17.9924
3564, 17.9933
3565, 17.9952
3566, 17.9952
3567, 17.9952
3568, 17.9957
3569, 17.9971
3570, 17.9971
3571, 17.9976
3572, 17.999
3573, 17.9995
3574, 18.0009
3575, 18.0019
3576, 18.0028
3577, 18.0028
3578, 18.0038
3579, 18.0038
3580, 18.0038
3581, 18.0062
3582, 18.0067
3583, 18.0081
3584, 18.0086
3585, 18.009
3586, 18.0095
3587, 18.0105
3588, 18.0128
3589, 18.0138
3590, 18.0147
3591, 18.0152
3592, 18.0157
3593, 18.0167
3594, 18.0171
3595, 18.0181
3596, 18.0195
3597, 18.0195
3598, 18.02
3599, 18.02
3600, 18.0209
3601, 18.0224
3602, 18.0228
3603, 18.0228
3604, 18.0238
3605, 18.0243
3606, 18.0247
3607, 18.0247
3608, 18.0247
3609, 18.0286
3610, 18.029
3611, 18.03
3612, 18.03
3613, 18.0309
3614, 18.0309
3615, 18.0324
3616, 18.0343
3617, 18.0347
3618, 18.0347
3619, 18.0347
3620, 18.0352
3621, 18.0357
3622, 18.0357
3623, 18.0362
3624, 18.0381
3625, 18.0386
3626, 18.0395
3627, 18.0405
3628, 18.0409
3629, 18.0419
3630, 18.0424
3631, 18.0433
3632, 18.0433
3633, 18.0438
3634, 18.0462
3635, 18.0471
3636, 18.0476
3637, 18.0476
3638, 18.0476
3639, 18.0476
3640, 18.0486
3641, 18.0486
3642, 18.0495
3643, 18.05
3644, 18.0509
3645, 18.0519
3646, 18.0519
3647, 18.0524
3648, 18.0524
3649, 18.0528
3650, 18.0547
3651, 18.0562
3652, 18.0567
3653, 18.0567
3654, 18.0571
3655, 18.0581
3656, 18.0586
3657, 18.0586
3658, 18.059
3659, 18.0595
3660, 18.06
3661, 18.0605
3662, 18.0633
3663, 18.0643
3664, 18.0643
3665, 18.0647
3666, 18.0647
3667, 18.0662
3668, 18.0667
3669, 18.0667
3670, 18.0667
3671, 18.0676
3672, 18.0676
3673, 18.0681
3674, 18.069
3675, 18.0695
3676, 18.0695
3677, 18.0705
3678, 18.0719
3679, 18.0728
3680, 18.0743
3681, 18.0747
3682, 18.0747
3683, 18.0752
3684, 18.0752
3685, 18.0776
3686, 18.0776
3687, 18.0776
3688, 18.0805
3689, 18.0805
3690, 18.0809
3691, 18.0814
3692, 18.0814
3693, 18.0828
3694, 18.0838
3695, 18.0843
3696, 18.0847
3697, 18.0852
3698, 18.0852
3699, 18.0857
3700, 18.0862
3701, 18.0867
3702, 18.0871
3703, 18.0881
3704, 18.089
3705, 18.089
3706, 18.0909
3707, 18.0914
3708, 18.0919
3709, 18.0919
3710, 18.0928
3711, 18.0933
3712, 18.0933
3713, 18.0943
3714, 18.0943
3715, 18.0947
3716, 18.0952
3717, 18.0952
3718, 18.0952
3719, 18.0957
3720, 18.0957
3721, 18.0976
3722, 18.0976
3723, 18.0981
3724, 18.0995
3725, 18.0995
3726, 18.1
3727, 18.1005
3728, 18.1005
3729, 18.1009
3730, 18.1014
3731, 18.1019
3732, 18.1019
3733, 18.1033
3734, 18.1043
3735, 18.1047
3736, 18.1047
3737, 18.1062
3738, 18.1086
3739, 18.1086
3740, 18.1086
3741, 18.1086
3742, 18.1095
3743, 18.11
3744, 18.1109
3745, 18.1114
3746, 18.1143
3747, 18.1147
3748, 18.1152
3749, 18.1152
3750, 18.1152
3751, 18.1152
3752, 18.1157
3753, 18.1162
3754, 18.1162
3755, 18.1162
3756, 18.1171
3757, 18.1171
3758, 18.1186
3759, 18.119
3760, 18.119
3761, 18.1195
3762, 18.1209
3763, 18.1209
3764, 18.1219
3765, 18.1233
3766, 18.1238
3767, 18.1243
3768, 18.1247
3769, 18.1252
3770, 18.1252
3771, 18.1262
3772, 18.1267
3773, 18.1267
3774, 18.1271
3775, 18.1271
3776, 18.1276
3777, 18.1281
3778, 18.1281
3779, 18.1281
3780, 18.1281
3781, 18.1286
3782, 18.1286
3783, 18.1286
3784, 18.129
3785, 18.13
3786, 18.1305
3787, 18.1319
3788, 18.1324
3789, 18.1328
3790, 18.1328
3791, 18.1338
3792, 18.1343
3793, 18.1343
3794, 18.1362
3795, 18.1362
3796, 18.1367
3797, 18.1367
3798, 18.1386
3799, 18.1395
3800, 18.1395
3801, 18.1395
3802, 18.1395
3803, 18.14
3804, 18.14
3805, 18.1409
3806, 18.1424
3807, 18.1424
3808, 18.1424
3809, 18.1433
3810, 18.1433
3811, 18.1443
3812, 18.1447
3813, 18.1447
3814, 18.1447
3815, 18.1462
3816, 18.1476
3817, 18.1481
3818, 18.1481
3819, 18.149
3820, 18.15
3821, 18.1519
3822, 18.1524
3823, 18.1524
3824, 18.1528
3825, 18.1528
3826, 18.1533
3827, 18.1538
3828, 18.1547
3829, 18.1552
3830, 18.1552
3831, 18.1562
3832, 18.1566
3833, 18.1571
3834, 18.1581
3835, 18.159
3836, 18.1595
3837, 18.1595
3838, 18.1605
3839, 18.1605
3840, 18.1619
3841, 18.1619
3842, 18.1624
3843, 18.1628
3844, 18.1628
3845, 18.1638
3846, 18.1657
3847, 18.1657
3848, 18.1666
3849, 18.1671
3850, 18.1676
3851, 18.1676
3852, 18.1695
3853, 18.17
3854, 18.1728
3855, 18.1728
3856, 18.1733
3857, 18.1733
3858, 18.1743
3859, 18.1752
3860, 18.1766
3861, 18.1766
3862, 18.1766
3863, 18.1781
3864, 18.1781
3865, 18.1781
3866, 18.1781
3867, 18.1786
3868, 18.179
3869, 18.1805
3870, 18.1809
3871, 18.1809
3872, 18.1819
3873, 18.1824
3874, 18.1828
3875, 18.1833
3876, 18.1833
3877, 18.1833
3878, 18.1838
3879, 18.1838
3880, 18.1847
3881, 18.1847
3882, 18.1847
3883, 18.1852
3884, 18.1857
3885, 18.1881
3886, 18.1881
3887, 18.1881
3888, 18.1886
3889, 18.1886
3890, 18.1886
3891, 18.1895
3892, 18.1905
3893, 18.1905
3894, 18.1924
3895, 18.1933
3896, 18.1933
3897, 18.1933
3898, 18.1947
3899, 18.1947
3900, 18.1957
3901, 18.1957
3902, 18.1957
3903, 18.1962
3904, 18.1976
3905, 18.1981
3906, 18.1981
3907, 18.1986
3908, 18.1995
3909, 18.2
3910, 18.2005
3911, 18.2005
3912, 18.2009
3913, 18.2019
3914, 18.2038
3915, 18.2047
3916, 18.2047
3917, 18.2047
3918, 18.2057
3919, 18.2057
3920, 18.2062
3921, 18.2062
3922, 18.2066
3923, 18.2066
3924, 18.2076
3925, 18.2076
3926, 18.2076
3927, 18.2081
3928, 18.2081
3929, 18.2086
3930, 18.2114
3931, 18.2114
3932, 18.2119
3933, 18.2143
3934, 18.2147
3935, 18.2147
3936, 18.2152
3937, 18.2152
3938, 18.2152
3939, 18.2157
3940, 18.2157
3941, 18.2162
3942, 18.2166
3943, 18.2171
3944, 18.2176
3945, 18.2181
3946, 18.2186
3947, 18.219
3948, 18.2195
3949, 18.22
3950, 18.22
3951, 18.2205
3952, 18.2214
3953, 18.2219
3954, 18.2228
3955, 18.2238
3956, 18.2247
3957, 18.2252
3958, 18.2262
3959, 18.2276
3960, 18.2276
3961, 18.2281
3962, 18.2286
3963, 18.23
3964, 18.2305
3965, 18.2309
3966, 18.2314
3967, 18.2324
3968, 18.2328
3969, 18.2328
3970, 18.2328
3971, 18.2333
3972, 18.2338
3973, 18.2343
3974, 18.2343
3975, 18.2347
3976, 18.2376
3977, 18.2381
3978, 18.239
3979, 18.239
3980, 18.2395
3981, 18.24
3982, 18.24
3983, 18.24
3984, 18.2409
3985, 18.2409
3986, 18.2414
3987, 18.2419
3988, 18.2424
3989, 18.2428
3990, 18.2428
3991, 18.2438
3992, 18.2438
3993, 18.2447
3994, 18.2452
3995, 18.2452
3996, 18.2462
3997, 18.2466
3998, 18.2466
3999, 18.2481
4000, 18.2481
4001, 18.2486
4002, 18.2486
4003, 18.249
4004, 18.249
4005, 18.2495
4006, 18.25
4007, 18.2505
4008, 18.2505
4009, 18.2514
4010, 18.2519
4011, 18.2533
4012, 18.2543
4013, 18.2547
4014, 18.2552
4015, 18.2566
4016, 18.2571
4017, 18.26
4018, 18.26
4019, 18.26
4020, 18.2605
4021, 18.2609
4022, 18.2619
4023, 18.2633
4024, 18.2638
4025, 18.2643
4026, 18.2643
4027, 18.2643
4028, 18.2647
4029, 18.2652
4030, 18.2657
4031, 18.2695
4032, 18.27
4033, 18.27
4034, 18.27
4035, 18.2705
4036, 18.2705
4037, 18.2709
4038, 18.2714
4039, 18.2719
4040, 18.2724
4041, 18.2738
4042, 18.2752
4043, 18.2771
4044, 18.2781
4045, 18.279
4046, 18.28
4047, 18.2805
4048, 18.2819
4049, 18.2828
4050, 18.2838
4051, 18.2838
4052, 18.2843
4053, 18.2862
4054, 18.2862
4055, 18.2866
4056, 18.2871
4057, 18.2895
4058, 18.29
4059, 18.2905
4060, 18.2905
4061, 18.2914
4062, 18.2928
4063, 18.2928
4064, 18.2928
4065, 18.2938
4066, 18.2952
4067, 18.2952
4068, 18.2962
4069, 18.2966
4070, 18.2966
4071, 18.2971
4072, 18.2971
4073, 18.2981
4074, 18.2981
4075, 18.2981
4076, 18.2986
4077, 18.2995
4078, 18.3
4079, 18.3014
4080, 18.3024
4081, 18.3028
4082, 18.3038
4083, 18.3038
4084, 18.3047
4085, 18.3062
4086, 18.3066
4087, 18.3066
4088, 18.3066
4089, 18.3076
4090, 18.3081
4091, 18.3086
4092, 18.3086
4093, 18.3086
4094, 18.309
4095, 18.31
4096, 18.3109
4097, 18.3109
4098, 18.3114
4099, 18.3119
4100, 18.3138
4101, 18.3138
4102, 18.3166
4103, 18.3171
4104, 18.3181
4105, 18.3186
4106, 18.319
4107, 18.319
4108, 18.3195
4109, 18.3195
4110, 18.32
4111, 18.32
4112, 18.3219
4113, 18.3219
4114, 18.3219
4115, 18.3224
4116, 18.3228
4117, 18.3233
4118, 18.3243
4119, 18.3252
4120, 18.3252
4121, 18.3257
4122, 18.3262
4123, 18.3266
4124, 18.3266
4125, 18.3285
4126, 18.3285
4127, 18.3285
4128, 18.3285
4129, 18.329
4130, 18.3295
4131, 18.33
4132, 18.3305
4133, 18.3309
4134, 18.3309
4135, 18.3309
4136, 18.3314
4137, 18.3314
4138, 18.3319
4139, 18.3324
4140, 18.3333
4141, 18.3338
4142, 18.3347
4143, 18.3347
4144, 18.3347
4145, 18.3352
4146, 18.3352
4147, 18.3357
4148, 18.3362
4149, 18.3362
4150, 18.3362
4151, 18.3376
4152, 18.3385
4153, 18.339
4154, 18.339
4155, 18.3405
4156, 18.3405
4157, 18.3409
4158, 18.3409
4159, 18.3414
4160, 18.3424
4161, 18.3428
4162, 18.3438
4163, 18.3443
4164, 18.3443
4165, 18.3452
4166, 18.3462
4167, 18.3462
4168, 18.3471
4169, 18.3481
4170, 18.3485
4171, 18.3485
4172, 18.349
4173, 18.3505
4174, 18.3509
4175, 18.3514
4176, 18.3514
4177, 18.3519
4178, 18.3519
4179, 18.3538
4180, 18.3538
4181, 18.3543
4182, 18.3543
4183, 18.3547
4184, 18.3552
4185, 18.3557
4186, 18.3557
4187, 18.3557
4188, 18.3571
4189, 18.3571
4190, 18.3581
4191, 18.3581
4192, 18.359
4193, 18.3595
4194, 18.3605
4195, 18.3609
4196, 18.3614
4197, 18.3638
4198, 18.3643
4199, 18.3647
4200, 18.3652
4201, 18.3662
4202, 18.3662
4203, 18.3662
4204, 18.3666
4205, 18.3671
4206, 18.3671
4207, 18.3681
4208, 18.3681
4209, 18.3685
4210, 18.3695
4211, 18.3695
4212, 18.3705
4213, 18.3705
4214, 18.3705
4215, 18.3709
4216, 18.3724
4217, 18.3733
4218, 18.3752
4219, 18.3752
4220, 18.3766
4221, 18.3766
4222, 18.3776
4223, 18.3781
4224, 18.3781
4225, 18.3785
4226, 18.3795
4227, 18.3805
4228, 18.3809
4229, 18.3809
4230, 18.3814
4231, 18.3814
4232, 18.3819
4233, 18.3828
4234, 18.3838
4235, 18.3847
4236, 18.3847
4237, 18.3857
4238, 18.3862
4239, 18.3862
4240, 18.3862
4241, 18.3866
4242, 18.3885
4243, 18.389
4244, 18.389
4245, 18.389
4246, 18.389
4247, 18.3895
4248, 18.3895
4249, 18.3895
4250, 18.39
4251, 18.39
4252, 18.3909
4253, 18.3909
4254, 18.3909
4255, 18.3914
4256, 18.3914
4257, 18.3914
4258, 18.3919
4259, 18.3938
4260, 18.3943
4261, 18.3962
4262, 18.3966
4263, 18.3966
4264, 18.399
4265, 18.3995
4266, 18.4014
4267, 18.4019
4268, 18.4019
4269, 18.4028
4270, 18.4028
4271, 18.4047
4272, 18.4047
4273, 18.4052
4274, 18.4057
4275, 18.4066
4276, 18.4081
4277, 18.4095
4278, 18.4095
4279, 18.41
4280, 18.4114
4281, 18.4114
4282, 18.4124
4283, 18.4124
4284, 18.4133
4285, 18.4143
4286, 18.4152
4287, 18.4162
4288, 18.4162
4289, 18.4166
4290, 18.4171
4291, 18.4176
4292, 18.4176
4293, 18.42
4294, 18.4205
4295, 18.4205
4296, 18.4209
4297, 18.4209
4298, 18.4224
4299, 18.4228
4300, 18.4228
4301, 18.4228
4302, 18.4233
4303, 18.4233
4304, 18.4233
4305, 18.4238
4306, 18.4243
4307, 18.4252
4308, 18.4257
4309, 18.4271
4310, 18.4271
4311, 18.4276
4312, 18.4285
4313, 18.4285
4314, 18.4305
4315, 18.4309
4316, 18.4309
4317, 18.4314
4318, 18.4319
4319, 18.4324
4320, 18.4328
4321, 18.4328
4322, 18.4328
4323, 18.4328
4324, 18.4328
4325, 18.4333
4326, 18.4343
4327, 18.4357
4328, 18.4362
4329, 18.4362
4330, 18.4366
4331, 18.439
4332, 18.4395
4333, 18.4405
4334, 18.4414
4335, 18.4414
4336, 18.4414
4337, 18.4419
4338, 18.4424
4339, 18.4424
4340, 18.4428
4341, 18.4428
4342, 18.4438
4343, 18.4443
4344, 18.4447
4345, 18.4447
4346, 18.4452
4347, 18.4457
4348, 18.4466
4349, 18.4466
4350, 18.4471
4351, 18.4485
4352, 18.4485
4353, 18.449
4354, 18.449
4355, 18.45
4356, 18.4514
4357, 18.4514
4358, 18.4514
4359, 18.4519
4360, 18.4524
4361, 18.4524
4362, 18.4524
4363, 18.4528
4364, 18.4533
4365, 18.4538
4366, 18.4547
4367, 18.4547
4368, 18.4552
4369, 18.4557
4370, 18.4562
4371, 18.4571
4372, 18.4581
4373, 18.4585
4374, 18.4585
4375, 18.46
4376, 18.46
4377, 18.4614
4378, 18.4619
4379, 18.4619
4380, 18.4628
4381, 18.4633
4382, 18.4638
4383, 18.4643
4384, 18.4643
4385, 18.4647
4386, 18.4666
4387, 18.4676
4388, 18.4681
4389, 18.469
4390, 18.4695
4391, 18.4705
4392, 18.4714
4393, 18.4728
4394, 18.4752
4395, 18.4752
4396, 18.4757
4397, 18.4757
4398, 18.4766
4399, 18.4776
4400, 18.4781
4401, 18.4785
4402, 18.479
4403, 18.4795
4404, 18.4795
4405, 18.48
4406, 18.4805
4407, 18.4809
4408, 18.4809
4409, 18.4819
4410, 18.4824
4411, 18.4824
4412, 18.4833
4413, 18.4833
4414, 18.4847
4415, 18.4847
4416, 18.4852
4417, 18.4852
4418, 18.4857
4419, 18.4866
4420, 18.4866
4421, 18.4866
4422, 18.4876
4423, 18.4881
4424, 18.489
4425, 18.49
4426, 18.4909
4427, 18.4909
4428, 18.4914
4429, 18.4933
4430, 18.4943
4431, 18.4943
4432, 18.4952
4433, 18.4952
4434, 18.4957
4435, 18.4962
4436, 18.4971
4437, 18.4981
4438, 18.4985
4439, 18.4985
4440, 18.4995
4441, 18.4995
4442, 18.5005
4443, 18.5009
4444, 18.5019
4445, 18.5033
4446, 18.5038
4447, 18.5043
4448, 18.5047
4449, 18.5052
4450, 18.5062
4451, 18.5085
4452, 18.51
4453, 18.51
4454, 18.51
4455, 18.5104
4456, 18.5109
4457, 18.5114
4458, 18.5119
4459, 18.5128
4460, 18.5138
4461, 18.5143
4462, 18.5147
4463, 18.5147
4464, 18.5147
4465, 18.5147
4466, 18.5152
4467, 18.5157
4468, 18.5162
4469, 18.5166
4470, 18.5176
4471, 18.5176
4472, 18.5181
4473, 18.5181
4474, 18.5181
4475, 18.5185
4476, 18.519
4477, 18.52
4478, 18.52
4479, 18.5219
4480, 18.5224
4481, 18.5228
4482, 18.5233
4483, 18.5238
4484, 18.5238
4485, 18.5238
4486, 18.5247
4487, 18.5252
4488, 18.5252
4489, 18.5257
4490, 18.5262
4491, 18.5266
4492, 18.5266
4493, 18.5281
4494, 18.5285
4495, 18.5295
4496, 18.5304
4497, 18.5314
4498, 18.5324
4499, 18.5333
4500, 18.5338
4501, 18.5352
4502, 18.5352
4503, 18.5357
4504, 18.5366
4505, 18.5376
4506, 18.5381
4507, 18.5385
4508, 18.5395
4509, 18.5395
4510, 18.5395
4511, 18.5419
4512, 18.5424
4513, 18.5424
4514, 18.5424
4515, 18.5433
4516, 18.5447
4517, 18.5452
4518, 18.5462
4519, 18.5466
4520, 18.5481
4521, 18.5481
4522, 18.5485
4523, 18.549
4524, 18.549
4525, 18.5495
4526, 18.5504
4527, 18.5504
4528, 18.5509
4529, 18.5514
4530, 18.5519
4531, 18.5519
4532, 18.5524
4533, 18.5528
4534, 18.5533
4535, 18.5547
4536, 18.5552
4537, 18.5552
4538, 18.5557
4539, 18.5571
4540, 18.5585
4541, 18.5585
4542, 18.5604
4543, 18.5604
4544, 18.5619
4545, 18.5624
4546, 18.5628
4547, 18.5628
4548, 18.5628
4549, 18.5633
4550, 18.5633
4551, 18.5638
4552, 18.5643
4553, 18.5647
4554, 18.5652
4555, 18.5662
4556, 18.5676
4557, 18.5685
4558, 18.569
4559, 18.569
4560, 18.569
4561, 18.5695
4562, 18.57
4563, 18.5704
4564, 18.5724
4565, 18.5728
4566, 18.5728
4567, 18.5728
4568, 18.5728
4569, 18.5728
4570, 18.5733
4571, 18.5733
4572, 18.5738
4573, 18.5747
4574, 18.5766
4575, 18.5771
4576, 18.5781
4577, 18.5781
4578, 18.5795
4579, 18.5795
4580, 18.58
4581, 18.5804
4582, 18.5804
4583, 18.5809
4584, 18.5824
4585, 18.5838
4586, 18.5843
4587, 18.5843
4588, 18.5843
4589, 18.5847
4590, 18.5852
4591, 18.5866
4592, 18.5866
4593, 18.5876
4594, 18.5876
4595, 18.5885
4596, 18.589
4597, 18.5904
4598, 18.5904
4599, 18.5909
4600, 18.5924
4601, 18.5928
4602, 18.5938
4603, 18.5947
4604, 18.5952
4605, 18.5952
4606, 18.5957
4607, 18.5957
4608, 18.5957
4609, 18.5962
4610, 18.5962
4611, 18.5966
4612, 18.5966
4613, 18.599
4614, 18.599
4615, 18.599
4616, 18.6004
4617, 18.6004
4618, 18.6009
4619, 18.6009
4620, 18.6009
4621, 18.6019
4622, 18.6033
4623, 18.6038
4624, 18.6043
4625, 18.6052
4626, 18.6062
4627, 18.6066
4628, 18.6066
4629, 18.6071
4630, 18.6076
4631, 18.6076
4632, 18.6081
4633, 18.6081
4634, 18.6085
4635, 18.6085
4636, 18.6085
4637, 18.609
4638, 18.61
4639, 18.61
4640, 18.6119
4641, 18.6133
4642, 18.6138
4643, 18.6138
4644, 18.6152
4645, 18.6162
4646, 18.6171
4647, 18.6176
4648, 18.6181
4649, 18.6185
4650, 18.6185
4651, 18.619
4652, 18.619
4653, 18.619
4654, 18.6195
4655, 18.62
4656, 18.62
4657, 18.6204
4658, 18.6214
4659, 18.6214
4660, 18.6228
4661, 18.6238
4662, 18.6243
4663, 18.6247
4664, 18.6247
4665, 18.6252
4666, 18.6257
4667, 18.6285
4668, 18.6285
4669, 18.6285
4670, 18.6295
4671, 18.63
4672, 18.6304
4673, 18.6319
4674, 18.6338
4675, 18.6352
4676, 18.6357
4677, 18.6357
4678, 18.6362
4679, 18.6371
4680, 18.6381
4681, 18.6381
4682, 18.6385
4683, 18.639
4684, 18.6395
4685, 18.6395
4686, 18.6404
4687, 18.6409
4688, 18.6409
4689, 18.6419
4690, 18.6419
4691, 18.6419
4692, 18.6419
4693, 18.6428
4694, 18.6433
4695, 18.6438
4696, 18.6443
4697, 18.6462
4698, 18.6471
4699, 18.6471
4700, 18.6481
4701, 18.6481
4702, 18.6481
4703, 18.6485
4704, 18.649
4705, 18.649
4706, 18.6495
4707, 18.6495
4708, 18.65
4709, 18.65
4710, 18.65
4711, 18.6504
4712, 18.6509
4713, 18.6519
4714, 18.6524
4715, 18.6524
4716, 18.6533
4717, 18.6543
4718, 18.6552
4719, 18.6562
4720, 18.6566
4721, 18.6566
4722, 18.6566
4723, 18.6571
4724, 18.6585
4725, 18.659
4726, 18.659
4727, 18.66
4728, 18.6604
4729, 18.6609
4730, 18.6614
4731, 18.6619
4732, 18.6624
4733, 18.6624
4734, 18.6624
4735, 18.6633
4736, 18.6638
4737, 18.6643
4738, 18.6643
4739, 18.6647
4740, 18.6647
4741, 18.6647
4742, 18.6657
4743, 18.6662
4744, 18.6671
4745, 18.67
4746, 18.6704
4747, 18.6704
4748, 18.6709
4749, 18.6709
4750, 18.6709
4751, 18.6709
4752, 18.6724
4753, 18.6724
4754, 18.6728
4755, 18.6733
4756, 18.6733
4757, 18.6738
4758, 18.6747
4759, 18.6752
4760, 18.6757
4761, 18.6766
4762, 18.6771
4763, 18.6776
4764, 18.6776
4765, 18.6781
4766, 18.6785
4767, 18.6785
4768, 18.6785
4769, 18.679
4770, 18.68
4771, 18.68
4772, 18.68
4773, 18.6819
4774, 18.6819
4775, 18.6847
4776, 18.6847
4777, 18.6852
4778, 18.6857
4779, 18.6862
4780, 18.6862
4781, 18.6876
4782, 18.6876
4783, 18.6881
4784, 18.689
4785, 18.6895
4786, 18.6904
4787, 18.6909
4788, 18.6914
4789, 18.6919
4790, 18.6923
4791, 18.6928
4792, 18.6943
4793, 18.6943
4794, 18.6943
4795, 18.6952
4796, 18.6957
4797, 18.6962
4798, 18.6962
4799, 18.6962
4800, 18.6966
4801, 18.6981
4802, 18.6995
4803, 18.7
4804, 18.7004
4805, 18.7009
4806, 18.7009
4807, 18.7014
4808, 18.7014
4809, 18.7019
4810, 18.7023
4811, 18.7023
4812, 18.7023
4813, 18.7033
4814, 18.7043
4815, 18.7047
4816, 18.7057
4817, 18.7062
4818, 18.7062
4819, 18.7071
4820, 18.7071
4821, 18.7071
4822, 18.7081
4823, 18.7085
4824, 18.709
4825, 18.7095
4826, 18.7095
4827, 18.7109
4828, 18.7119
4829, 18.7123
4830, 18.7128
4831, 18.7133
4832, 18.7157
4833, 18.7166
4834, 18.7171
4835, 18.719
4836, 18.7195
4837, 18.7204
4838, 18.7209
4839, 18.7214
4840, 18.7214
4841, 18.7214
4842, 18.7219
4843, 18.7223
4844, 18.7228
4845, 18.7233
4846, 18.7233
4847, 18.7238
4848, 18.7238
4849, 18.7243
4850, 18.7243
4851, 18.7243
4852, 18.7252
4853, 18.7262
4854, 18.7266
4855, 18.7266
4856, 18.7281
4857, 18.729
4858, 18.73
4859, 18.73
4860, 18.7304
4861, 18.7309
4862, 18.7314
4863, 18.7338
4864, 18.7343
4865, 18.7357
4866, 18.7366
4867, 18.7371
4868, 18.7376
4869, 18.7376
4870, 18.7385
4871, 18.7385
4872, 18.739
4873, 18.7404
4874, 18.7414
4875, 18.7414
4876, 18.7419
4877, 18.7423
4878, 18.7433
4879, 18.7433
4880, 18.7438
4881, 18.7443
4882, 18.7447
4883, 18.7452
4884, 18.7457
4885, 18.7457
4886, 18.7462
4887, 18.7466
4888, 18.7471
4889, 18.7476
4890, 18.7485
4891, 18.749
4892, 18.7495
4893, 18.7495
4894, 18.7495
4895, 18.7495
4896, 18.75
4897, 18.7504
4898, 18.7514
4899, 18.7514
4900, 18.7514
4901, 18.7519
4902, 18.7523
4903, 18.7523
4904, 18.7533
4905, 18.7538
4906, 18.7543
4907, 18.7543
4908, 18.7547
4909, 18.7552
4910, 18.7552
4911, 18.7557
4912, 18.7557
4913, 18.7585
4914, 18.7604
4915, 18.7604
4916, 18.7619
4917, 18.7623
4918, 18.7643
4919, 18.7647
4920, 18.7652
4921, 18.7652
4922, 18.7652
4923, 18.7657
4924, 18.7657
4925, 18.7666
4926, 18.7666
4927, 18.7666
4928, 18.7671
4929, 18.7681
4930, 18.7681
4931, 18.7685
4932, 18.7685
4933, 18.769
4934, 18.7695
4935, 18.77
4936, 18.7709
4937, 18.7714
4938, 18.7719
4939, 18.7728
4940, 18.7733
4941, 18.7738
4942, 18.7738
4943, 18.7743
4944, 18.7747
4945, 18.7747
4946, 18.7762
4947, 18.7762
4948, 18.7766
4949, 18.7766
4950, 18.7766
4951, 18.7771
4952, 18.7776
4953, 18.7781
4954, 18.7795
4955, 18.78
4956, 18.7804
4957, 18.7819
4958, 18.7828
4959, 18.7847
4960, 18.7852
4961, 18.7857
4962, 18.7857
4963, 18.7866
4964, 18.7871
4965, 18.7876
4966, 18.7881
4967, 18.7881
4968, 18.7885
4969, 18.7885
4970, 18.789
4971, 18.7895
4972, 18.7904
4973, 18.7909
4974, 18.7919
4975, 18.7919
4976, 18.7919
4977, 18.7923
4978, 18.7923
4979, 18.7933
4980, 18.7938
4981, 18.7938
4982, 18.7943
4983, 18.7947
4984, 18.7947
4985, 18.7962
4986, 18.7962
4987, 18.7966
4988, 18.7971
4989, 18.7971
4990, 18.7976
4991, 18.7976
4992, 18.7981
4993, 18.7981
4994, 18.7995
4995, 18.7995
4996, 18.8
4997, 18.8
4998, 18.8
4999, 18.8004
5000, 18.8004
5001, 18.8019
5002, 18.8023
5003, 18.8023
5004, 18.8028
5005, 18.8028
5006, 18.8033
5007, 18.8033
5008, 18.8047
5009, 18.8047
5010, 18.8047
5011, 18.8047
5012, 18.8052
5013, 18.8062
5014, 18.8081
5015, 18.8081
5016, 18.8081
5017, 18.8085
5018, 18.8085
5019, 18.809
5020, 18.8095
5021, 18.8095
5022, 18.81
5023, 18.8104
5024, 18.8128
5025, 18.8128
5026, 18.8133
5027, 18.8166
5028, 18.8176
5029, 18.8185
5030, 18.8185
5031, 18.819
5032, 18.8195
5033, 18.82
5034, 18.8204
5035, 18.8204
5036, 18.8214
5037, 18.8219
5038, 18.8223
5039, 18.8238
5040, 18.8243
5041, 18.8243
5042, 18.8243
5043, 18.8257
5044, 18.8257
5045, 18.8262
5046, 18.8266
5047, 18.8271
5048, 18.8276
5049, 18.8281
5050, 18.8285
5051, 18.829
5052, 18.8295
5053, 18.8319
5054, 18.8333
5055, 18.8343
5056, 18.8347
5057, 18.8352
5058, 18.8357
5059, 18.8362
5060, 18.8366
5061, 18.8376
5062, 18.8385
5063, 18.84
5064, 18.8404
5065, 18.8404
5066, 18.8409
5067, 18.8409
5068, 18.8438
5069, 18.8438
5070, 18.8447
5071, 18.8452
5072, 18.8457
5073, 18.8462
5074, 18.8462
5075, 18.8466
5076, 18.8466
5077, 18.8471
5078, 18.849
5079, 18.85
5080, 18.8504
5081, 18.8504
5082, 18.8504
5083, 18.8514
5084, 18.8528
5085, 18.8533
5086, 18.8533
5087, 18.8533
5088, 18.8538
5089, 18.8542
5090, 18.8542
5091, 18.8542
5092, 18.8547
5093, 18.8552
5094, 18.8552
5095, 18.8571
5096, 18.8571
5097, 18.8581
5098, 18.8585
5099, 18.8585
5100, 18.8595
5101, 18.86
5102, 18.8609
5103, 18.8614
5104, 18.8614
5105, 18.8628
5106, 18.8633
5107, 18.8642
5108, 18.8642
5109, 18.8662
5110, 18.8671
5111, 18.8676
5112, 18.8676
5113, 18.8685
5114, 18.869
5115, 18.8695
5116, 18.8695
5117, 18.8695
5118, 18.8695
5119, 18.8704
5120, 18.8709
5121, 18.8709
5122, 18.8714
5123, 18.8728
5124, 18.8733
5125, 18.8733
5126, 18.8738
5127, 18.8742
5128, 18.8747
5129, 18.8747
5130, 18.8752
5131, 18.8757
5132, 18.8762
5133, 18.8766
5134, 18.8771
5135, 18.8771
5136, 18.8771
5137, 18.8776
5138, 18.8776
5139, 18.8781
5140, 18.8781
5141, 18.8785
5142, 18.879
5143, 18.8819
5144, 18.8819
5145, 18.8823
5146, 18.8838
5147, 18.8842
5148, 18.8847
5149, 18.8852
5150, 18.8871
5151, 18.8876
5152, 18.8881
5153, 18.8881
5154, 18.8881
5155, 18.8895
5156, 18.8895
5157, 18.8904
5158, 18.8923
5159, 18.8933
5160, 18.8933
5161, 18.8942
5162, 18.8957
5163, 18.8957
5164, 18.8966
5165, 18.8981
5166, 18.8985
5167, 18.899
5168, 18.899
5169, 18.9
5170, 18.9009
5171, 18.9009
5172, 18.9014
5173, 18.9033
5174, 18.9038
5175, 18.9042
5176, 18.9042
5177, 18.9047
5178, 18.9047
5179, 18.9052
5180, 18.9052
5181, 18.9066
5182, 18.9081
5183, 18.9085
5184, 18.909
5185, 18.9095
5186, 18.9095
5187, 18.9109
5188, 18.9114
5189, 18.9119
5190, 18.9123
5191, 18.9123
5192, 18.9128
5193, 18.9138
5194, 18.9147
5195, 18.9152
5196, 18.9152
5197, 18.9171
5198, 18.9181
5199, 18.9181
5200, 18.9185
5201, 18.919
5202, 18.919
5203, 18.9195
5204, 18.9209
5205, 18.9209
5206, 18.9209
5207, 18.9219
5208, 18.9219
5209, 18.9223
5210, 18.9223
5211, 18.9228
5212, 18.9238
5213, 18.9242
5214, 18.9247
5215, 18.9252
5216, 18.9262
5217, 18.9266
5218, 18.9266
5219, 18.9276
5220, 18.9304
5221, 18.9309
5222, 18.9314
5223, 18.9314
5224, 18.9314
5225, 18.9323
5226, 18.9323
5227, 18.9323
5228, 18.9338
5229, 18.9347
5230, 18.9352
5231, 18.9357
5232, 18.9357
5233, 18.9357
5234, 18.9357
5235, 18.9366
5236, 18.939
5237, 18.939
5238, 18.9395
5239, 18.94
5240, 18.9404
5241, 18.9409
5242, 18.9409
5243, 18.9428
5244, 18.9433
5245, 18.9442
5246, 18.9442
5247, 18.9457
5248, 18.9462
5249, 18.9466
5250, 18.9466
5251, 18.9466
5252, 18.9485
5253, 18.949
5254, 18.949
5255, 18.9504
5256, 18.9504
5257, 18.9514
5258, 18.9523
5259, 18.9542
5260, 18.9542
5261, 18.9547
5262, 18.9557
5263, 18.9571
5264, 18.9571
5265, 18.9576
5266, 18.9576
5267, 18.9585
5268, 18.9585
5269, 18.9585
5270, 18.959
5271, 18.959
5272, 18.9595
5273, 18.9604
5274, 18.9609
5275, 18.9609
5276, 18.9614
5277, 18.9619
5278, 18.9619
5279, 18.9638
5280, 18.9642
5281, 18.9642
5282, 18.9652
5283, 18.9652
5284, 18.9657
5285, 18.9666
5286, 18.9676
5287, 18.9681
5288, 18.969
5289, 18.9695
5290, 18.97
5291, 18.97
5292, 18.9714
5293, 18.9728
5294, 18.9733
5295, 18.9738
5296, 18.9738
5297, 18.9738
5298, 18.9742
5299, 18.9742
5300, 18.9742
5301, 18.9757
5302, 18.9757
5303, 18.9762
5304, 18.9762
5305, 18.9766
5306, 18.9776
5307, 18.9776
5308, 18.9785
5309, 18.979
5310, 18.979
5311, 18.9795
5312, 18.9795
5313, 18.98
5314, 18.9819
5315, 18.9823
5316, 18.9833
5317, 18.9842
5318, 18.9842
5319, 18.9847
5320, 18.9857
5321, 18.9857
5322, 18.9857
5323, 18.9871
5324, 18.9871
5325, 18.9876
5326, 18.9881
5327, 18.9885
5328, 18.989
5329, 18.99
5330, 18.9928
5331, 18.9942
5332, 18.9957
5333, 18.9966
5334, 18.9971
5335, 18.9971
5336, 18.9976
5337, 18.9976
5338, 18.9981
5339, 18.9985
5340, 19.0004
5341, 19.0009
5342, 19.0009
5343, 19.0014
5344, 19.0023
5345, 19.0028
5346, 19.0062
5347, 19.0071
5348, 19.0076
5349, 19.0085
5350, 19.0109
5351, 19.0123
5352, 19.0123
5353, 19.0128
5354, 19.0128
5355, 19.0133
5356, 19.0138
5357, 19.0142
5358, 19.0147
5359, 19.0147
5360, 19.0152
5361, 19.0162
5362, 19.0166
5363, 19.0171
5364, 19.0181
5365, 19.0195
5366, 19.02
5367, 19.0204
5368, 19.0214
5369, 19.0214
5370, 19.0219
5371, 19.0228
5372, 19.0238
5373, 19.0247
5374, 19.0252
5375, 19.0257
5376, 19.0257
5377, 19.0257
5378, 19.0266
5379, 19.0266
5380, 19.0281
5381, 19.0281
5382, 19.0281
5383, 19.0285
5384, 19.0285
5385, 19.029
5386, 19.0304
5387, 19.0309
5388, 19.0314
5389, 19.0314
5390, 19.0314
5391, 19.0323
5392, 19.0328
5393, 19.0338
5394, 19.0338
5395, 19.0342
5396, 19.0347
5397, 19.0371
5398, 19.0371
5399, 19.0371
5400, 19.0376
5401, 19.0381
5402, 19.0385
5403, 19.0395
5404, 19.04
5405, 19.0404
5406, 19.0414
5407, 19.0414
5408, 19.0419
5409, 19.0423
5410, 19.0433
5411, 19.0433
5412, 19.0438
5413, 19.0438
5414, 19.0442
5415, 19.0442
5416, 19.0447
5417, 19.0452
5418, 19.0471
5419, 19.0476
5420, 19.0481
5421, 19.0485
5422, 19.0485
5423, 19.0495
5424, 19.0504
5425, 19.0509
5426, 19.0514
5427, 19.0514
5428, 19.0514
5429, 19.0519
5430, 19.0523
5431, 19.0528
5432, 19.0533
5433, 19.0538
5434, 19.0552
5435, 19.0552
5436, 19.0566
5437, 19.0571
5438, 19.0571
5439, 19.0571
5440, 19.0576
5441, 19.0576
5442, 19.0581
5443, 19.059
5444, 19.0595
5445, 19.0595
5446, 19.06
5447, 19.0604
5448, 19.0609
5449, 19.0614
5450, 19.0628
5451, 19.0628
5452, 19.0628
5453, 19.0633
5454, 19.0647
5455, 19.0657
5456, 19.0666
5457, 19.0676
5458, 19.0676
5459, 19.0681
5460, 19.0685
5461, 19.069
5462, 19.069
5463, 19.0695
5464, 19.0709
5465, 19.0714
5466, 19.0723
5467, 19.0728
5468, 19.0733
5469, 19.0738
5470, 19.0738
5471, 19.0742
5472, 19.0742
5473, 19.0747
5474, 19.0752
5475, 19.0766
5476, 19.0776
5477, 19.0781
5478, 19.079
5479, 19.079
5480, 19.079
5481, 19.0795
5482, 19.08
5483, 19.08
5484, 19.08
5485, 19.0804
5486, 19.0819
5487, 19.0819
5488, 19.0819
5489, 19.0828
5490, 19.0833
5491, 19.0833
5492, 19.0842
5493, 19.0847
5494, 19.0852
5495, 19.0866
5496, 19.0866
5497, 19.0871
5498, 19.0871
5499, 19.0876
5500, 19.0885
5501, 19.089
5502, 19.089
5503, 19.089
5504, 19.0895
5505, 19.09
5506, 19.0904
5507, 19.0904
5508, 19.0909
5509, 19.0909
5510, 19.0914
5511, 19.0919
5512, 19.0928
5513, 19.0933
5514, 19.0942
5515, 19.0942
5516, 19.0952
5517, 19.0961
5518, 19.0966
5519, 19.0971
5520, 19.0971
5521, 19.0981
5522, 19.099
5523, 19.1
5524, 19.1009
5525, 19.1019
5526, 19.1023
5527, 19.1023
5528, 19.1028
5529, 19.1038
5530, 19.1047
5531, 19.1052
5532, 19.1057
5533, 19.109
5534, 19.109
5535, 19.11
5536, 19.1109
5537, 19.1109
5538, 19.1119
5539, 19.1119
5540, 19.1133
5541, 19.1133
5542, 19.1142
5543, 19.1147
5544, 19.1152
5545, 19.1166
5546, 19.1171
5547, 19.1181
5548, 19.1181
5549, 19.1185
5550, 19.1185
5551, 19.119
5552, 19.119
5553, 19.12
5554, 19.12
5555, 19.1209
5556, 19.1209
5557, 19.1209
5558, 19.1219
5559, 19.1223
5560, 19.1223
5561, 19.1228
5562, 19.1233
5563, 19.1238
5564, 19.1238
5565, 19.1242
5566, 19.1247
5567, 19.1252
5568, 19.1252
5569, 19.1257
5570, 19.1257
5571, 19.1261
5572, 19.1261
5573, 19.1271
5574, 19.1276
5575, 19.1285
5576, 19.1285
5577, 19.129
5578, 19.1295
5579, 19.1304
5580, 19.1319
5581, 19.1319
5582, 19.1328
5583, 19.1333
5584, 19.1338
5585, 19.1338
5586, 19.1342
5587, 19.1342
5588, 19.1342
5589, 19.1347
5590, 19.1352
5591, 19.1352
5592, 19.1361
5593, 19.1371
5594, 19.1371
5595, 19.1376
5596, 19.1385
5597, 19.1385
5598, 19.1385
5599, 19.1385
5600, 19.1395
5601, 19.1395
5602, 19.14
5603, 19.1414
5604, 19.1419
5605, 19.1423
5606, 19.1438
5607, 19.1442
5608, 19.1447
5609, 19.1457
5610, 19.1461
5611, 19.1461
5612, 19.1461
5613, 19.1461
5614, 19.149
5615, 19.149
5616, 19.149
5617, 19.1504
5618, 19.1514
5619, 19.1528
5620, 19.1542
5621, 19.1585
5622, 19.159
5623, 19.16
5624, 19.16
5625, 19.16
5626, 19.1604
5627, 19.1609
5628, 19.1614
5629, 19.1614
5630, 19.1623
5631, 19.1623
5632, 19.1633
5633, 19.1652
5634, 19.1657
5635, 19.1657
5636, 19.1657
5637, 19.1661
5638, 19.1661
5639, 19.1666
5640, 19.1666
5641, 19.1681
5642, 19.1685
5643, 19.1695
5644, 19.1704
5645, 19.1714
5646, 19.1714
5647, 19.1723
5648, 19.1723
5649, 19.1728
5650, 19.1728
5651, 19.1728
5652, 19.1733
5653, 19.1742
5654, 19.1742
5655, 19.1747
5656, 19.1752
5657, 19.1757
5658, 19.1757
5659, 19.1757
5660, 19.1781
5661, 19.179
5662, 19.179
5663, 19.1804
5664, 19.1809
5665, 19.1814
5666, 19.1819
5667, 19.1823
5668, 19.1838
5669, 19.1842
5670, 19.1847
5671, 19.1847
5672, 19.1852
5673, 19.1857
5674, 19.1861
5675, 19.1866
5676, 19.1876
5677, 19.189
5678, 19.19
5679, 19.1923
5680, 19.1923
5681, 19.1923
5682, 19.1928
5683, 19.1938
5684, 19.1942
5685, 19.1966
5686, 19.1966
5687, 19.1976
5688, 19.1976
5689, 19.1976
5690, 19.1981
5691, 19.199
5692, 19.2004
5693, 19.2009
5694, 19.2009
5695, 19.2014
5696, 19.2028
5697, 19.2028
5698, 19.2033
5699, 19.2033
5700, 19.2033
5701, 19.2038
5702, 19.2042
5703, 19.2047
5704, 19.2047
5705, 19.2052
5706, 19.2061
5707, 19.2066
5708, 19.2071
5709, 19.208
5710, 19.209
5711, 19.2109
5712, 19.2114
5713, 19.2123
5714, 19.2123
5715, 19.2128
5716, 19.2128
5717, 19.2147
5718, 19.2147
5719, 19.2152
5720, 19.2152
5721, 19.2161
5722, 19.2176
5723, 19.2185
5724, 19.2219
5725, 19.2223
5726, 19.2228
5727, 19.2233
5728, 19.2238
5729, 19.2242
5730, 19.2242
5731, 19.2247
5732, 19.2252
5733, 19.2257
5734, 19.2257
5735, 19.2261
5736, 19.2266
5737, 19.2271
5738, 19.2271
5739, 19.2285
5740, 19.229
5741, 19.2295
5742, 19.2295
5743, 19.23
5744, 19.2304
5745, 19.2309
5746, 19.2314
5747, 19.2323
5748, 19.2328
5749, 19.2333
5750, 19.2333
5751, 19.2333
5752, 19.2333
5753, 19.2338
5754, 19.2338
5755, 19.2338
5756, 19.2347
5757, 19.2347
5758, 19.2347
5759, 19.2357
5760, 19.2366
5761, 19.2376
5762, 19.2376
5763, 19.238
5764, 19.2385
5765, 19.2404
5766, 19.2409
5767, 19.2419
5768, 19.2428
5769, 19.2428
5770, 19.2433
5771, 19.2442
5772, 19.2447
5773, 19.2447
5774, 19.2447
5775, 19.2457
5776, 19.2457
5777, 19.2457
5778, 19.2461
5779, 19.2466
5780, 19.2466
5781, 19.2476
5782, 19.2485
5783, 19.2485
5784, 19.249
5785, 19.249
5786, 19.2495
5787, 19.25
5788, 19.25
5789, 19.2504
5790, 19.2504
5791, 19.2509
5792, 19.2514
5793, 19.2519
5794, 19.2523
5795, 19.2523
5796, 19.2538
5797, 19.2538
5798, 19.2538
5799, 19.2547
5800, 19.2547
5801, 19.2552
5802, 19.2561
5803, 19.258
5804, 19.26
5805, 19.2609
5806, 19.2614
5807, 19.2619
5808, 19.2623
5809, 19.2623
5810, 19.2623
5811, 19.2633
5812, 19.2638
5813, 19.2638
5814, 19.2642
5815, 19.2661
5816, 19.2671
5817, 19.2676
5818, 19.2676
5819, 19.2685
5820, 19.2695
5821, 19.2695
5822, 19.27
5823, 19.27
5824, 19.2709
5825, 19.2714
5826, 19.2714
5827, 19.2719
5828, 19.2733
5829, 19.2738
5830, 19.2742
5831, 19.2752
5832, 19.2752
5833, 19.2752
5834, 19.2752
5835, 19.2766
5836, 19.2771
5837, 19.278
5838, 19.2785
5839, 19.2809
5840, 19.2809
5841, 19.2814
5842, 19.2819
5843, 19.2819
5844, 19.2823
5845, 19.2823
5846, 19.2838
5847, 19.2842
5848, 19.2852
5849, 19.2861
5850, 19.2866
5851, 19.288
5852, 19.288
5853, 19.289
5854, 19.2895
5855, 19.2895
5856, 19.29
5857, 19.2909
5858, 19.2914
5859, 19.2914
5860, 19.2919
5861, 19.2919
5862, 19.2919
5863, 19.2923
5864, 19.2928
5865, 19.2938
5866, 19.2942
5867, 19.2942
5868, 19.2947
5869, 19.2952
5870, 19.2961
5871, 19.2961
5872, 19.2961
5873, 19.298
5874, 19.298
5875, 19.298
5876, 19.2985
5877, 19.2985
5878, 19.3
5879, 19.3009
5880, 19.3014
5881, 19.3014
5882, 19.3019
5883, 19.3019
5884, 19.3028
5885, 19.3028
5886, 19.3033
5887, 19.3033
5888, 19.3042
5889, 19.3047
5890, 19.3052
5891, 19.3057
5892, 19.3057
5893, 19.3061
5894, 19.3061
5895, 19.308
5896, 19.308
5897, 19.3085
5898, 19.31
5899, 19.3104
5900, 19.3109
5901, 19.3114
5902, 19.3114
5903, 19.3119
5904, 19.3123
5905, 19.3128
5906, 19.3128
5907, 19.3133
5908, 19.3133
5909, 19.3133
5910, 19.3138
5911, 19.3142
5912, 19.3147
5913, 19.3157
5914, 19.3161
5915, 19.3161
5916, 19.3171
5917, 19.3171
5918, 19.318
5919, 19.319
5920, 19.319
5921, 19.3195
5922, 19.3195
5923, 19.3195
5924, 19.32
5925, 19.3214
5926, 19.3223
5927, 19.3228
5928, 19.3233
5929, 19.3242
5930, 19.3247
5931, 19.3252
5932, 19.3257
5933, 19.3276
5934, 19.3276
5935, 19.3276
5936, 19.3285
5937, 19.329
5938, 19.329
5939, 19.3304
5940, 19.3309
5941, 19.3314
5942, 19.3323
5943, 19.3328
5944, 19.3328
5945, 19.3333
5946, 19.3333
5947, 19.3333
5948, 19.3338
5949, 19.3338
5950, 19.3342
5951, 19.3347
5952, 19.3352
5953, 19.3352
5954, 19.3361
5955, 19.3366
5956, 19.3366
5957, 19.3371
5958, 19.3371
5959, 19.3371
5960, 19.3371
5961, 19.3376
5962, 19.3376
5963, 19.338
5964, 19.338
5965, 19.339
5966, 19.3395
5967, 19.3404
5968, 19.3404
5969, 19.3409
5970, 19.3423
5971, 19.3428
5972, 19.3428
5973, 19.3433
5974, 19.3433
5975, 19.3438
5976, 19.3442
5977, 19.3452
5978, 19.3461
5979, 19.3461
5980, 19.3471
5981, 19.3476
5982, 19.3485
5983, 19.349
5984, 19.3495
5985, 19.35
5986, 19.3509
5987, 19.3509
5988, 19.3528
5989, 19.3528
5990, 19.3538
5991, 19.3552
5992, 19.3557
5993, 19.3561
5994, 19.3566
5995, 19.358
5996, 19.3585
5997, 19.3585
5998, 19.3585
5999, 19.359
6000, 19.3609
6001, 19.3614
6002, 19.3614
6003, 19.3614
6004, 19.3623
6005, 19.3623
6006, 19.3623
6007, 19.3628
6008, 19.3633
6009, 19.3647
6010, 19.3671
6011, 19.3685
6012, 19.369
6013, 19.37
6014, 19.3709
6015, 19.3709
6016, 19.3714
6017, 19.3714
6018, 19.3719
6019, 19.3719
6020, 19.3723
6021, 19.3728
6022, 19.3728
6023, 19.3738
6024, 19.3742
6025, 19.3747
6026, 19.3761
6027, 19.3771
6028, 19.378
6029, 19.3785
6030, 19.379
6031, 19.3804
6032, 19.3804
6033, 19.3804
6034, 19.3819
6035, 19.3833
6036, 19.3842
6037, 19.3847
6038, 19.3857
6039, 19.3861
6040, 19.3871
6041, 19.3871
6042, 19.3876
6043, 19.388
6044, 19.388
6045, 19.389
6046, 19.3895
6047, 19.3899
6048, 19.3899
6049, 19.3919
6050, 19.3919
6051, 19.3923
6052, 19.3942
6053, 19.3947
6054, 19.3952
6055, 19.3952
6056, 19.3957
6057, 19.3957
6058, 19.3957
6059, 19.3957
6060, 19.3961
6061, 19.3966
6062, 19.3976
6063, 19.398
6064, 19.398
6065, 19.3995
6066, 19.4004
6067, 19.4004
6068, 19.4009
6069, 19.4009
6070, 19.4019
6071, 19.4019
6072, 19.4028
6073, 19.4033
6074, 19.4033
6075, 19.4038
6076, 19.4042
6077, 19.4042
6078, 19.4042
6079, 19.4052
6080, 19.4057
6081, 19.4061
6082, 19.4061
6083, 19.4066
6084, 19.4076
6085, 19.408
6086, 19.4085
6087, 19.4095
6088, 19.4095
6089, 19.4104
6090, 19.4109
6091, 19.4123
6092, 19.4123
6093, 19.4128
6094, 19.4133
6095, 19.4133
6096, 19.4142
6097, 19.4147
6098, 19.4152
6099, 19.4152
6100, 19.4157
6101, 19.4161
6102, 19.418
6103, 19.4185
6104, 19.4185
6105, 19.419
6106, 19.419
6107, 19.419
6108, 19.4195
6109, 19.4195
6110, 19.4195
6111, 19.4199
6112, 19.4199
6113, 19.4199
6114, 19.4209
6115, 19.4209
6116, 19.4219
6117, 19.4223
6118, 19.4223
6119, 19.4223
6120, 19.4223
6121, 19.4228
6122, 19.4242
6123, 19.4242
6124, 19.4242
6125, 19.4247
6126, 19.4252
6127, 19.4257
6128, 19.4257
6129, 19.4261
6130, 19.4261
6131, 19.4276
6132, 19.4285
6133, 19.4285
6134, 19.4285
6135, 19.429
6136, 19.4295
6137, 19.4295
6138, 19.4295
6139, 19.4299
6140, 19.4304
6141, 19.4304
6142, 19.4309
6143, 19.4314
6144, 19.4323
6145, 19.4338
6146, 19.4352
6147, 19.4361
6148, 19.4371
6149, 19.4371
6150, 19.4371
6151, 19.4376
6152, 19.4376
6153, 19.4385
6154, 19.439
6155, 19.4399
6156, 19.4414
6157, 19.4419
6158, 19.4433
6159, 19.4433
6160, 19.4433
6161, 19.4442
6162, 19.4447
6163, 19.4452
6164, 19.4457
6165, 19.4457
6166, 19.4461
6167, 19.4461
6168, 19.4476
6169, 19.448
6170, 19.4485
6171, 19.4485
6172, 19.449
6173, 19.449
6174, 19.449
6175, 19.4495
6176, 19.4499
6177, 19.4504
6178, 19.4509
6179, 19.4509
6180, 19.4514
6181, 19.4514
6182, 19.4519
6183, 19.4528
6184, 19.4533
6185, 19.4542
6186, 19.4547
6187, 19.4557
6188, 19.4557
6189, 19.4557
6190, 19.4561
6191, 19.4571
6192, 19.4571
6193, 19.4585
6194, 19.4599
6195, 19.4599
6196, 19.4604
6197, 19.4609
6198, 19.4609
6199, 19.4614
6200, 19.4614
6201, 19.4614
6202, 19.4628
6203, 19.4647
6204, 19.4652
6205, 19.4661
6206, 19.4666
6207, 19.4676
6208, 19.4676
6209, 19.4676
6210, 19.4695
6211, 19.4704
6212, 19.4704
6213, 19.4719
6214, 19.4723
6215, 19.4723
6216, 19.4733
6217, 19.4738
6218, 19.4742
6219, 19.4742
6220, 19.4747
6221, 19.4752
6222, 19.4761
6223, 19.4761
6224, 19.4761
6225, 19.4766
6226, 19.478
6227, 19.4785
6228, 19.4785
6229, 19.479
6230, 19.4795
6231, 19.4795
6232, 19.4799
6233, 19.4799
6234, 19.4804
6235, 19.4809
6236, 19.4809
6237, 19.4814
6238, 19.4819
6239, 19.4823
6240, 19.4823
6241, 19.4828
6242, 19.4828
6243, 19.4833
6244, 19.4833
6245, 19.4838
6246, 19.4842
6247, 19.4842
6248, 19.4861
6249, 19.4861
6250, 19.4861
6251, 19.4866
6252, 19.4866
6253, 19.488
6254, 19.489
6255, 19.4899
6256, 19.4904
6257, 19.4909
6258, 19.4919
6259, 19.4919
6260, 19.4923
6261, 19.4923
6262, 19.4928
6263, 19.4928
6264, 19.4933
6265, 19.4933
6266, 19.4938
6267, 19.4942
6268, 19.4971
6269, 19.4976
6270, 19.4985
6271, 19.4995
6272, 19.5004
6273, 19.5004
6274, 19.5009
6275, 19.5009
6276, 19.5023
6277, 19.5023
6278, 19.5028
6279, 19.5028
6280, 19.5033
6281, 19.5033
6282, 19.5038
6283, 19.5047
6284, 19.5052
6285, 19.5052
6286, 19.5052
6287, 19.5061
6288, 19.5061
6289, 19.5071
6290, 19.5071
6291, 19.5076
6292, 19.508
6293, 19.508
6294, 19.508
6295, 19.509
6296, 19.5099
6297, 19.5099
6298, 19.5109
6299, 19.5123
6300, 19.5128
6301, 19.5128
6302, 19.5133
6303, 19.5142
6304, 19.5142
6305, 19.5161
6306, 19.5166
6307, 19.5171
6308, 19.5171
6309, 19.5176
6310, 19.518
6311, 19.5185
6312, 19.5185
6313, 19.5185
6314, 19.519
6315, 19.5195
6316, 19.5195
6317, 19.5204
6318, 19.5204
6319, 19.5209
6320, 19.5219
6321, 19.5219
6322, 19.5233
6323, 19.5238
6324, 19.5238
6325, 19.5242
6326, 19.5252
6327, 19.5252
6328, 19.5257
6329, 19.5261
6330, 19.5261
6331, 19.5266
6332, 19.5266
6333, 19.5271
6334, 19.5271
6335, 19.5271
6336, 19.528
6337, 19.5285
6338, 19.5295
6339, 19.5295
6340, 19.5299
6341, 19.5304
6342, 19.5304
6343, 19.5304
6344, 19.5309
6345, 19.5319
6346, 19.5323
6347, 19.5333
6348, 19.5342
6349, 19.5342
6350, 19.5352
6351, 19.5357
6352, 19.5357
6353, 19.5361
6354, 19.5361
6355, 19.538
6356, 19.5385
6357, 19.5385
6358, 19.5385
6359, 19.5395
6360, 19.5399
6361, 19.5404
6362, 19.5404
6363, 19.5409
6364, 19.5414
6365, 19.5419
6366, 19.5428
6367, 19.5433
6368, 19.5433
6369, 19.5438
6370, 19.5447
6371, 19.5452
6372, 19.5457
6373, 19.5457
6374, 19.5457
6375, 19.5466
6376, 19.5476
6377, 19.548
6378, 19.548
6379, 19.549
6380, 19.5499
6381, 19.5504
6382, 19.5514
6383, 19.5519
6384, 19.5528
6385, 19.5533
6386, 19.5533
6387, 19.5538
6388, 19.5538
6389, 19.5538
6390, 19.5542
6391, 19.5547
6392, 19.5552
6393, 19.5557
6394, 19.5561
6395, 19.5566
6396, 19.5571
6397, 19.5571
6398, 19.5585
6399, 19.5585
6400, 19.559
6401, 19.559
6402, 19.5595
6403, 19.5599
6404, 19.5599
6405, 19.5609
6406, 19.5609
6407, 19.5618
6408, 19.5618
6409, 19.5618
6410, 19.5623
6411, 19.5628
6412, 19.5628
6413, 19.5628
6414, 19.5628
6415, 19.5633
6416, 19.5642
6417, 19.5642
6418, 19.5642
6419, 19.5652
6420, 19.5652
6421, 19.5652
6422, 19.5657
6423, 19.5657
6424, 19.5657
6425, 19.5661
6426, 19.568
6427, 19.5685
6428, 19.5728
6429, 19.5742
6430, 19.5742
6431, 19.5742
6432, 19.5742
6433, 19.5742
6434, 19.5742
6435, 19.5747
6436, 19.5752
6437, 19.5757
6438, 19.5771
6439, 19.5776
6440, 19.5785
6441, 19.579
6442, 19.579
6443, 19.5804
6444, 19.5814
6445, 19.5823
6446, 19.5838
6447, 19.5842
6448, 19.5847
6449, 19.5847
6450, 19.5857
6451, 19.5861
6452, 19.5866
6453, 19.5876
6454, 19.5876
6455, 19.5876
6456, 19.588
6457, 19.5885
6458, 19.5885
6459, 19.589
6460, 19.589
6461, 19.5895
6462, 19.5899
6463, 19.5899
6464, 19.5914
6465, 19.5914
6466, 19.5923
6467, 19.5923
6468, 19.5928
6469, 19.5933
6470, 19.5933
6471, 19.5938
6472, 19.5942
6473, 19.5957
6474, 19.598
6475, 19.5985
6476, 19.5985
6477, 19.5995
6478, 19.6028
6479, 19.6042
6480, 19.6047
6481, 19.6052
6482, 19.6057
6483, 19.6066
6484, 19.6066
6485, 19.6071
6486, 19.6071
6487, 19.6076
6488, 19.608
6489, 19.6085
6490, 19.609
6491, 19.6104
6492, 19.6114
6493, 19.6114
6494, 19.6118
6495, 19.6118
6496, 19.6133
6497, 19.6138
6498, 19.6142
6499, 19.6142
6500, 19.6152
6501, 19.6157
6502, 19.6161
6503, 19.618
6504, 19.6185
6505, 19.6185
6506, 19.6185
6507, 19.619
6508, 19.619
6509, 19.6199
6510, 19.6209
6511, 19.6218
6512, 19.6228
6513, 19.6238
6514, 19.6238
6515, 19.6252
6516, 19.6257
6517, 19.6257
6518, 19.6261
6519, 19.6271
6520, 19.6271
6521, 19.6276
6522, 19.6285
6523, 19.6285
6524, 19.6295
6525, 19.6295
6526, 19.6304
6527, 19.6309
6528, 19.6323
6529, 19.6342
6530, 19.6347
6531, 19.6347
6532, 19.6352
6533, 19.6352
6534, 19.6352
6535, 19.6366
6536, 19.6366
6537, 19.6371
6538, 19.6376
6539, 19.638
6540, 19.6385
6541, 19.6385
6542, 19.6385
6543, 19.6418
6544, 19.6423
6545, 19.6428
6546, 19.6438
6547, 19.6442
6548, 19.6442
6549, 19.6447
6550, 19.6461
6551, 19.6466
6552, 19.6466
6553, 19.6471
6554, 19.6485
6555, 19.649
6556, 19.6495
6557, 19.6499
6558, 19.6504
6559, 19.6509
6560, 19.6509
6561, 19.6514
6562, 19.6523
6563, 19.6528
6564, 19.6547
6565, 19.6561
6566, 19.6566
6567, 19.6576
6568, 19.658
6569, 19.658
6570, 19.6585
6571, 19.6585
6572, 19.659
6573, 19.659
6574, 19.6599
6575, 19.6604
6576, 19.6618
6577, 19.6623
6578, 19.6633
6579, 19.6638
6580, 19.6652
6581, 19.668
6582, 19.668
6583, 19.669
6584, 19.6695
6585, 19.6695
6586, 19.6704
6587, 19.6714
6588, 19.6723
6589, 19.6723
6590, 19.6728
6591, 19.6733
6592, 19.6738
6593, 19.6738
6594, 19.6752
6595, 19.6766
6596, 19.6771
6597, 19.6776
6598, 19.678
6599, 19.6785
6600, 19.679
6601, 19.6795
6602, 19.6795
6603, 19.6795
6604, 19.6799
6605, 19.6814
6606, 19.6823
6607, 19.6823
6608, 19.6828
6609, 19.6828
6610, 19.6833
6611, 19.6833
6612, 19.6842
6613, 19.6847
6614, 19.6852
6615, 19.6861
6616, 19.6866
6617, 19.6866
6618, 19.688
6619, 19.688
6620, 19.689
6621, 19.689
6622, 19.6895
6623, 19.6895
6624, 19.6904
6625, 19.6909
6626, 19.6909
6627, 19.6928
6628, 19.6933
6629, 19.6938
6630, 19.6942
6631, 19.6952
6632, 19.6952
6633, 19.6961
6634, 19.6966
6635, 19.6976
6636, 19.6976
6637, 19.6985
6638, 19.6985
6639, 19.6995
6640, 19.6999
6641, 19.7004
6642, 19.7033
6643, 19.7033
6644, 19.7047
6645, 19.7047
6646, 19.7057
6647, 19.7066
6648, 19.7071
6649, 19.7071
6650, 19.7071
6651, 19.708
6652, 19.7099
6653, 19.7099
6654, 19.7104
6655, 19.7104
6656, 19.7109
6657, 19.7118
6658, 19.7118
6659, 19.7123
6660, 19.7123
6661, 19.7128
6662, 19.7128
6663, 19.7128
6664, 19.7133
6665, 19.7142
6666, 19.7147
6667, 19.7147
6668, 19.7147
6669, 19.7166
6670, 19.719
6671, 19.719
6672, 19.7195
6673, 19.7199
6674, 19.7204
6675, 19.7209
6676, 19.7209
6677, 19.7228
6678, 19.7228
6679, 19.7233
6680, 19.7233
6681, 19.7242
6682, 19.7242
6683, 19.7242
6684, 19.7247
6685, 19.7252
6686, 19.7271
6687, 19.7276
6688, 19.7276
6689, 19.729
6690, 19.7295
6691, 19.7295
6692, 19.7299
6693, 19.7309
6694, 19.7318
6695, 19.7347
6696, 19.7366
6697, 19.7376
6698, 19.738
6699, 19.738
6700, 19.7385
6701, 19.739
6702, 19.739
6703, 19.7409
6704, 19.7409
6705, 19.7414
6706, 19.7414
6707, 19.7418
6708, 19.7423
6709, 19.7423
6710, 19.7428
6711, 19.7442
6712, 19.7442
6713, 19.7442
6714, 19.7442
6715, 19.7447
6716, 19.7452
6717, 19.7461
6718, 19.7461
6719, 19.7485
6720, 19.749
6721, 19.7499
6722, 19.7504
6723, 19.7504
6724, 19.7504
6725, 19.7509
6726, 19.7514
6727, 19.7518
6728, 19.7523
6729, 19.7533
6730, 19.7533
6731, 19.7533
6732, 19.7537
6733, 19.7552
6734, 19.7566
6735, 19.7566
6736, 19.7576
6737, 19.7576
6738, 19.758
6739, 19.7585
6740, 19.759
6741, 19.759
6742, 19.7604
6743, 19.7604
6744, 19.7628
6745, 19.7637
6746, 19.7642
6747, 19.7647
6748, 19.7661
6749, 19.7666
6750, 19.7695
6751, 19.7699
6752, 19.7704
6753, 19.7709
6754, 19.7709
6755, 19.7733
6756, 19.7737
6757, 19.7757
6758, 19.7761
6759, 19.7761
6760, 19.7766
6761, 19.7771
6762, 19.7804
6763, 19.7809
6764, 19.7809
6765, 19.7818
6766, 19.7828
6767, 19.7828
6768, 19.7833
6769, 19.7847
6770, 19.7847
6771, 19.7852
6772, 19.7852
6773, 19.7857
6774, 19.7866
6775, 19.7866
6776, 19.7885
6777, 19.789
6778, 19.7899
6779, 19.7918
6780, 19.7923
6781, 19.7923
6782, 19.7933
6783, 19.7942
6784, 19.7947
6785, 19.7957
6786, 19.7957
6787, 19.7957
6788, 19.7971
6789, 19.798
6790, 19.7985
6791, 19.799
6792, 19.7995
6793, 19.7995
6794, 19.7999
6795, 19.8009
6796, 19.8018
6797, 19.8018
6798, 19.8018
6799, 19.8023
6800, 19.8023
6801, 19.8028
6802, 19.8033
6803, 19.8037
6804, 19.8047
6805, 19.8047
6806, 19.8047
6807, 19.8057
6808, 19.8066
6809, 19.8066
6810, 19.8076
6811, 19.8076
6812, 19.8076
6813, 19.8085
6814, 19.809
6815, 19.809
6816, 19.8095
6817, 19.8099
6818, 19.8104
6819, 19.8109
6820, 19.8109
6821, 19.8118
6822, 19.8123
6823, 19.8128
6824, 19.8128
6825, 19.8133
6826, 19.8133
6827, 19.8133
6828, 19.8157
6829, 19.8161
6830, 19.8161
6831, 19.8161
6832, 19.8166
6833, 19.8166
6834, 19.8185
6835, 19.8185
6836, 19.8185
6837, 19.819
6838, 19.8195
6839, 19.8214
6840, 19.8223
6841, 19.8233
6842, 19.8233
6843, 19.8233
6844, 19.8242
6845, 19.8242
6846, 19.8247
6847, 19.8252
6848, 19.8252
6849, 19.8257
6850, 19.8271
6851, 19.8271
6852, 19.8276
6853, 19.828
6854, 19.828
6855, 19.8299
6856, 19.8299
6857, 19.8299
6858, 19.8299
6859, 19.8304
6860, 19.8309
6861, 19.8309
6862, 19.8314
6863, 19.8318
6864, 19.8318
6865, 19.8323
6866, 19.8323
6867, 19.8323
6868, 19.8323
6869, 19.8333
6870, 19.8342
6871, 19.8342
6872, 19.8347
6873, 19.8371
6874, 19.838
6875, 19.839
6876, 19.8395
6877, 19.8399
6878, 19.8404
6879, 19.8409
6880, 19.8409
6881, 19.8423
6882, 19.8428
6883, 19.8433
6884, 19.8437
6885, 19.8447
6886, 19.8452
6887, 19.8457
6888, 19.8471
6889, 19.848
6890, 19.8485
6891, 19.8485
6892, 19.849
6893, 19.849
6894, 19.849
6895, 19.8499
6896, 19.8499
6897, 19.8504
6898, 19.8504
6899, 19.8509
6900, 19.8514
6901, 19.8518
6902, 19.8528
6903, 19.8528
6904, 19.8533
6905, 19.8542
6906, 19.8547
6907, 19.8547
6908, 19.8557
6909, 19.8557
6910, 19.8557
6911, 19.8566
6912, 19.858
6913, 19.8585
6914, 19.8585
6915, 19.8595
6916, 19.8599
6917, 19.8604
6918, 19.8609
6919, 19.8609
6920, 19.8609
6921, 19.8609
6922, 19.8618
6923, 19.8618
6924, 19.8618
6925, 19.8623
6926, 19.8623
6927, 19.8628
6928, 19.8628
6929, 19.8628
6930, 19.8633
6931, 19.8633
6932, 19.8637
6933, 19.8637
6934, 19.8642
6935, 19.8652
6936, 19.8657
6937, 19.8657
6938, 19.8657
6939, 19.8666
6940, 19.8666
6941, 19.8666
6942, 19.8676
6943, 19.868
6944, 19.8685
6945, 19.8695
6946, 19.8699
6947, 19.8699
6948, 19.8704
6949, 19.8709
6950, 19.8714
6951, 19.8718
6952, 19.8723
6953, 19.8728
6954, 19.8742
6955, 19.8752
6956, 19.8752
6957, 19.8757
6958, 19.8761
6959, 19.8766
6960, 19.8771
6961, 19.8785
6962, 19.879
6963, 19.879
6964, 19.8795
6965, 19.8804
6966, 19.8809
6967, 19.8814
6968, 19.8814
6969, 19.8823
6970, 19.8823
6971, 19.8833
6972, 19.8833
6973, 19.8837
6974, 19.8842
6975, 19.8847
6976, 19.8847
6977, 19.8852
6978, 19.8852
6979, 19.8852
6980, 19.8857
6981, 19.8871
6982, 19.8876
6983, 19.888
6984, 19.8899
6985, 19.8899
6986, 19.8909
6987, 19.8923
6988, 19.8928
6989, 19.8933
6990, 19.8937
6991, 19.8937
6992, 19.8937
6993, 19.8947
6994, 19.8947
6995, 19.8961
6996, 19.8961
6997, 19.8961
6998, 19.8966
6999, 19.8971
7000, 19.8976
7001, 19.8985
7002, 19.8985
7003, 19.8985
7004, 19.8999
7005, 19.8999
7006, 19.8999
7007, 19.9004
7008, 19.9004
7009, 19.9009
7010, 19.9009
7011, 19.9014
7012, 19.9014
7013, 19.9014
7014, 19.9014
7015, 19.9018
7016, 19.9018
7017, 19.9023
7018, 19.9023
7019, 19.9023
7020, 19.9028
7021, 19.9033
7022, 19.9037
7023, 19.9052
7024, 19.9052
7025, 19.9061
7026, 19.9061
7027, 19.908
7028, 19.908
7029, 19.9085
7030, 19.909
7031, 19.9095
7032, 19.9104
7033, 19.9109
7034, 19.9109
7035, 19.9123
7036, 19.9123
7037, 19.9133
7038, 19.9147
7039, 19.9147
7040, 19.9156
7041, 19.9161
7042, 19.9171
7043, 19.9176
7044, 19.9176
7045, 19.9176
7046, 19.918
7047, 19.9204
7048, 19.9214
7049, 19.9218
7050, 19.9218
7051, 19.9223
7052, 19.9228
7053, 19.9247
7054, 19.9261
7055, 19.9261
7056, 19.9271
7057, 19.9276
7058, 19.9285
7059, 19.9285
7060, 19.9295
7061, 19.9304
7062, 19.9304
7063, 19.9304
7064, 19.9309
7065, 19.9309
7066, 19.9314
7067, 19.9318
7068, 19.9318
7069, 19.9323
7070, 19.9323
7071, 19.9323
7072, 19.9328
7073, 19.9333
7074, 19.9347
7075, 19.9352
7076, 19.9356
7077, 19.9361
7078, 19.9361
7079, 19.9366
7080, 19.938
7081, 19.9385
7082, 19.939
7083, 19.939
7084, 19.9399
7085, 19.9404
7086, 19.9404
7087, 19.9404
7088, 19.9409
7089, 19.9409
7090, 19.9409
7091, 19.9418
7092, 19.9423
7093, 19.9423
7094, 19.9433
7095, 19.9437
7096, 19.9437
7097, 19.9442
7098, 19.9447
7099, 19.9452
7100, 19.9456
7101, 19.9461
7102, 19.9461
7103, 19.948
7104, 19.948
7105, 19.948
7106, 19.949
7107, 19.9495
7108, 19.9514
7109, 19.9518
7110, 19.9523
7111, 19.9528
7112, 19.9533
7113, 19.9537
7114, 19.9537
7115, 19.9542
7116, 19.9547
7117, 19.9552
7118, 19.9552
7119, 19.9566
7120, 19.9571
7121, 19.9576
7122, 19.9576
7123, 19.959
7124, 19.9595
7125, 19.9599
7126, 19.9599
7127, 19.9599
7128, 19.9604
7129, 19.9614
7130, 19.9618
7131, 19.9633
7132, 19.9642
7133, 19.9647
7134, 19.9652
7135, 19.9652
7136, 19.9652
7137, 19.9652
7138, 19.9656
7139, 19.9676
7140, 19.9676
7141, 19.968
7142, 19.9685
7143, 19.969
7144, 19.969
7145, 19.9695
7146, 19.9714
7147, 19.9718
7148, 19.9718
7149, 19.9723
7150, 19.9723
7151, 19.9737
7152, 19.9737
7153, 19.9742
7154, 19.9747
7155, 19.9752
7156, 19.9761
7157, 19.9766
7158, 19.9771
7159, 19.9776
7160, 19.978
7161, 19.9795
7162, 19.9799
7163, 19.9804
7164, 19.9804
7165, 19.9804
7166, 19.9818
7167, 19.9818
7168, 19.9818
7169, 19.9833
7170, 19.9833
7171, 19.9842
7172, 19.9856
7173, 19.9861
7174, 19.9866
7175, 19.9866
7176, 19.9871
7177, 19.988
7178, 19.9895
7179, 19.9899
7180, 19.9909
7181, 19.9914
7182, 19.9914
7183, 19.9923
7184, 19.9923
7185, 19.9928
7186, 19.9933
7187, 19.9937
7188, 19.9952
7189, 19.9966
7190, 19.9976
7191, 19.9976
7192, 19.9985
7193, 19.999
7194, 19.9999
7195, 19.9999
7196, 20.0009
7197, 20.0014
7198, 20.0018
7199, 20.0023
7200, 20.0023
7201, 20.0028
7202, 20.0028
7203, 20.0028
7204, 20.0042
7205, 20.0042
7206, 20.0047
7207, 20.0052
7208, 20.0056
7209, 20.0061
7210, 20.0066
7211, 20.0071
7212, 20.0071
7213, 20.0076
7214, 20.0085
7215, 20.0099
7216, 20.0109
7217, 20.0114
7218, 20.0114
7219, 20.0118
7220, 20.0128
7221, 20.0133
7222, 20.0133
7223, 20.0142
7224, 20.0152
7225, 20.0156
7226, 20.0161
7227, 20.0161
7228, 20.0171
7229, 20.0171
7230, 20.0176
7231, 20.0199
7232, 20.0199
7233, 20.0209
7234, 20.0214
7235, 20.0214
7236, 20.0218
7237, 20.0223
7238, 20.0228
7239, 20.0228
7240, 20.0237
7241, 20.0242
7242, 20.0256
7243, 20.0256
7244, 20.0271
7245, 20.0276
7246, 20.0285
7247, 20.029
7248, 20.0295
7249, 20.0295
7250, 20.0299
7251, 20.0304
7252, 20.0314
7253, 20.0323
7254, 20.0323
7255, 20.0328
7256, 20.0328
7257, 20.0337
7258, 20.0347
7259, 20.0352
7260, 20.0356
7261, 20.0356
7262, 20.0366
7263, 20.0366
7264, 20.0371
7265, 20.0385
7266, 20.0385
7267, 20.0399
7268, 20.0409
7269, 20.0409
7270, 20.0418
7271, 20.0418
7272, 20.0433
7273, 20.0437
7274, 20.0442
7275, 20.0442
7276, 20.0447
7277, 20.0452
7278, 20.0456
7279, 20.0461
7280, 20.0466
7281, 20.0471
7282, 20.0471
7283, 20.0476
7284, 20.0476
7285, 20.0495
7286, 20.0504
7287, 20.0509
7288, 20.0514
7289, 20.0523
7290, 20.0528
7291, 20.0533
7292, 20.0537
7293, 20.0547
7294, 20.0552
7295, 20.0552
7296, 20.0561
7297, 20.0566
7298, 20.0566
7299, 20.0571
7300, 20.0576
7301, 20.0576
7302, 20.0585
7303, 20.0585
7304, 20.059
7305, 20.0595
7306, 20.0599
7307, 20.0604
7308, 20.0604
7309, 20.0609
7310, 20.0609
7311, 20.0609
7312, 20.0614
7313, 20.0614
7314, 20.0618
7315, 20.0633
7316, 20.0637
7317, 20.0647
7318, 20.0647
7319, 20.0652
7320, 20.0652
7321, 20.0652
7322, 20.0656
7323, 20.0666
7324, 20.0676
7325, 20.0676
7326, 20.0676
7327, 20.0676
7328, 20.069
7329, 20.0695
7330, 20.0714
7331, 20.0718
7332, 20.0728
7333, 20.0733
7334, 20.0737
7335, 20.0752
7336, 20.0752
7337, 20.0761
7338, 20.0761
7339, 20.0776
7340, 20.0785
7341, 20.0795
7342, 20.0804
7343, 20.0809
7344, 20.0809
7345, 20.0809
7346, 20.0814
7347, 20.0833
7348, 20.0837
7349, 20.0837
7350, 20.0842
7351, 20.0847
7352, 20.0852
7353, 20.0856
7354, 20.0861
7355, 20.0861
7356, 20.0866
7357, 20.0871
7358, 20.0875
7359, 20.088
7360, 20.0885
7361, 20.089
7362, 20.0895
7363, 20.0904
7364, 20.0909
7365, 20.0914
7366, 20.0918
7367, 20.0928
7368, 20.0933
7369, 20.0937
7370, 20.0966
7371, 20.0985
7372, 20.099
7373, 20.0995
7374, 20.0995
7375, 20.0995
7376, 20.0995
7377, 20.1004
7378, 20.1014
7379, 20.1014
7380, 20.1023
7381, 20.1028
7382, 20.1028
7383, 20.1033
7384, 20.1037
7385, 20.1037
7386, 20.1052
7387, 20.1052
7388, 20.1056
7389, 20.1066
7390, 20.1075
7391, 20.108
7392, 20.1085
7393, 20.1095
7394, 20.1095
7395, 20.1095
7396, 20.1099
7397, 20.1099
7398, 20.1118
7399, 20.1133
7400, 20.1137
7401, 20.1142
7402, 20.1147
7403, 20.1156
7404, 20.1166
7405, 20.1171
7406, 20.118
7407, 20.118
7408, 20.1185
7409, 20.1185
7410, 20.1185
7411, 20.1185
7412, 20.119
7413, 20.1214
7414, 20.1233
7415, 20.1256
7416, 20.1271
7417, 20.1271
7418, 20.1271
7419, 20.1275
7420, 20.128
7421, 20.1285
7422, 20.1309
7423, 20.1314
7424, 20.1314
7425, 20.1318
7426, 20.1323
7427, 20.1328
7428, 20.1333
7429, 20.1337
7430, 20.1347
7431, 20.1347
7432, 20.1347
7433, 20.1352
7434, 20.1361
7435, 20.1366
7436, 20.1366
7437, 20.1366
7438, 20.1375
7439, 20.139
7440, 20.1395
7441, 20.1395
7442, 20.1404
7443, 20.1409
7444, 20.1423
7445, 20.1428
7446, 20.1428
7447, 20.1447
7448, 20.1452
7449, 20.1456
7450, 20.1456
7451, 20.1461
7452, 20.1461
7453, 20.1466
7454, 20.1466
7455, 20.1466
7456, 20.1471
7457, 20.1471
7458, 20.1475
7459, 20.148
7460, 20.149
7461, 20.1495
7462, 20.1495
7463, 20.1499
7464, 20.1499
7465, 20.1504
7466, 20.1509
7467, 20.1528
7468, 20.1537
7469, 20.1542
7470, 20.1547
7471, 20.1552
7472, 20.1561
7473, 20.1571
7474, 20.1571
7475, 20.1575
7476, 20.158
7477, 20.1599
7478, 20.1614
7479, 20.1618
7480, 20.1618
7481, 20.1628
7482, 20.1642
7483, 20.1647
7484, 20.1666
7485, 20.1666
7486, 20.1671
7487, 20.168
7488, 20.1685
7489, 20.169
7490, 20.1695
7491, 20.1699
7492, 20.1709
7493, 20.1709
7494, 20.1709
7495, 20.1714
7496, 20.1718
7497, 20.1718
7498, 20.1723
7499, 20.1728
7500, 20.1737
7501, 20.1737
7502, 20.1737
7503, 20.178
7504, 20.178
7505, 20.1785
7506, 20.1799
7507, 20.1804
7508, 20.1809
7509, 20.1809
7510, 20.1809
7511, 20.1823
7512, 20.1833
7513, 20.1837
7514, 20.1847
7515, 20.1866
7516, 20.188
7517, 20.188
7518, 20.1899
7519, 20.1904
7520, 20.1904
7521, 20.1914
7522, 20.1918
7523, 20.1923
7524, 20.1923
7525, 20.1928
7526, 20.1928
7527, 20.1933
7528, 20.1933
7529, 20.1933
7530, 20.1933
7531, 20.1937
7532, 20.1942
7533, 20.1952
7534, 20.1956
7535, 20.1975
7536, 20.198
7537, 20.1985
7538, 20.2004
7539, 20.2009
7540, 20.2014
7541, 20.2018
7542, 20.2018
7543, 20.2018
7544, 20.2018
7545, 20.2028
7546, 20.2033
7547, 20.2033
7548, 20.2033
7549, 20.2037
7550, 20.2037
7551, 20.2052
7552, 20.2052
7553, 20.2061
7554, 20.2061
7555, 20.2071
7556, 20.2071
7557, 20.2071
7558, 20.2075
7559, 20.2075
7560, 20.2099
7561, 20.2099
7562, 20.2104
7563, 20.2109
7564, 20.2114
7565, 20.2123
7566, 20.2128
7567, 20.2133
7568, 20.2137
7569, 20.2152
7570, 20.2161
7571, 20.2161
7572, 20.2166
7573, 20.2166
7574, 20.2185
7575, 20.2195
7576, 20.2195
7577, 20.2204
7578, 20.2204
7579, 20.2209
7580, 20.2214
7581, 20.2218
7582, 20.2218
7583, 20.2218
7584, 20.2233
7585, 20.2233
7586, 20.2247
7587, 20.2252
7588, 20.2266
7589, 20.2266
7590, 20.2285
7591, 20.229
7592, 20.2295
7593, 20.2299
7594, 20.2299
7595, 20.2304
7596, 20.2314
7597, 20.2323
7598, 20.2342
7599, 20.2347
7600, 20.2347
7601, 20.2366
7602, 20.2371
7603, 20.238
7604, 20.239
7605, 20.2409
7606, 20.2409
7607, 20.2414
7608, 20.2418
7609, 20.2428
7610, 20.2433
7611, 20.2442
7612, 20.2461
7613, 20.2466
7614, 20.2475
7615, 20.2475
7616, 20.248
7617, 20.248
7618, 20.248
7619, 20.2485
7620, 20.2495
7621, 20.2504
7622, 20.2504
7623, 20.2523
7624, 20.2528
7625, 20.2533
7626, 20.2537
7627, 20.2542
7628, 20.2542
7629, 20.2547
7630, 20.2561
7631, 20.2561
7632, 20.2571
7633, 20.259
7634, 20.2594
7635, 20.2604
7636, 20.2604
7637, 20.2614
7638, 20.2637
7639, 20.2637
7640, 20.2642
7641, 20.2666
7642, 20.2666
7643, 20.2671
7644, 20.2671
7645, 20.2671
7646, 20.2675
7647, 20.2675
7648, 20.2675
7649, 20.2685
7650, 20.2685
7651, 20.2699
7652, 20.2699
7653, 20.2704
7654, 20.2709
7655, 20.2742
7656, 20.2742
7657, 20.2761
7658, 20.2761
7659, 20.2766
7660, 20.2766
7661, 20.2766
7662, 20.2775
7663, 20.278
7664, 20.279
7665, 20.279
7666, 20.2794
7667, 20.2799
7668, 20.2804
7669, 20.2804
7670, 20.2804
7671, 20.2804
7672, 20.2809
7673, 20.2809
7674, 20.2809
7675, 20.2814
7676, 20.2828
7677, 20.2833
7678, 20.2842
7679, 20.2847
7680, 20.2847
7681, 20.2856
7682, 20.2856
7683, 20.2856
7684, 20.2861
7685, 20.2861
7686, 20.289
7687, 20.2894
7688, 20.2894
7689, 20.2923
7690, 20.2942
7691, 20.2942
7692, 20.2942
7693, 20.2947
7694, 20.2947
7695, 20.2947
7696, 20.2952
7697, 20.2961
7698, 20.2971
7699, 20.2975
7700, 20.2985
7701, 20.2999
7702, 20.2999
7703, 20.3004
7704, 20.3009
7705, 20.3009
7706, 20.3023
7707, 20.3033
7708, 20.3033
7709, 20.3042
7710, 20.3042
7711, 20.3047
7712, 20.3047
7713, 20.3061
7714, 20.3066
7715, 20.3071
7716, 20.308
7717, 20.308
7718, 20.3085
7719, 20.3085
7720, 20.3085
7721, 20.309
7722, 20.309
7723, 20.3099
7724, 20.3099
7725, 20.3104
7726, 20.3109
7727, 20.3114
7728, 20.3118
7729, 20.3123
7730, 20.3133
7731, 20.3137
7732, 20.3137
7733, 20.3142
7734, 20.3142
7735, 20.3147
7736, 20.3156
7737, 20.3156
7738, 20.3156
7739, 20.3161
7740, 20.3161
7741, 20.3161
7742, 20.3161
7743, 20.3166
7744, 20.3171
7745, 20.3171
7746, 20.3185
7747, 20.319
7748, 20.3194
7749, 20.3199
7750, 20.3204
7751, 20.3209
7752, 20.3209
7753, 20.3209
7754, 20.3214
7755, 20.3214
7756, 20.3214
7757, 20.3214
7758, 20.3214
7759, 20.3218
7760, 20.3223
7761, 20.3228
7762, 20.3228
7763, 20.3233
7764, 20.3237
7765, 20.3242
7766, 20.3252
7767, 20.3261
7768, 20.3266
7769, 20.3271
7770, 20.3271
7771, 20.3271
7772, 20.3275
7773, 20.3294
7774, 20.3294
7775, 20.3299
7776, 20.3314
7777, 20.3314
7778, 20.3318
7779, 20.3323
7780, 20.3328
7781, 20.3328
7782, 20.3337
7783, 20.3342
7784, 20.3347
7785, 20.3352
7786, 20.3361
7787, 20.3366
7788, 20.3366
7789, 20.3366
7790, 20.338
7791, 20.3385
7792, 20.3385
7793, 20.339
7794, 20.339
7795, 20.339
7796, 20.3394
7797, 20.3409
7798, 20.3414
7799, 20.3414
7800, 20.3414
7801, 20.3414
7802, 20.3423
7803, 20.3428
7804, 20.3442
7805, 20.3442
7806, 20.3442
7807, 20.3442
7808, 20.3447
7809, 20.3452
7810, 20.3452
7811, 20.3452
7812, 20.3456
7813, 20.3456
7814, 20.3461
7815, 20.3461
7816, 20.3461
7817, 20.3475
7818, 20.3475
7819, 20.3475
7820, 20.349
7821, 20.3494
7822, 20.3494
7823, 20.3499
7824, 20.3504
7825, 20.3509
7826, 20.3509
7827, 20.3509
7828, 20.3514
7829, 20.3514
7830, 20.3518
7831, 20.3523
7832, 20.3523
7833, 20.3537
7834, 20.3542
7835, 20.3556
7836, 20.3556
7837, 20.3571
7838, 20.3575
7839, 20.3585
7840, 20.3585
7841, 20.3585
7842, 20.359
7843, 20.3599
7844, 20.3604
7845, 20.3604
7846, 20.3614
7847, 20.3614
7848, 20.3618
7849, 20.3623
7850, 20.3628
7851, 20.3633
7852, 20.3652
7853, 20.3652
7854, 20.3666
7855, 20.3671
7856, 20.3671
7857, 20.3675
7858, 20.3675
7859, 20.369
7860, 20.3714
7861, 20.3714
7862, 20.3718
7863, 20.3728
7864, 20.3733
7865, 20.3737
7866, 20.3742
7867, 20.3742
7868, 20.3747
7869, 20.3747
7870, 20.3752
7871, 20.3752
7872, 20.3766
7873, 20.3766
7874, 20.3766
7875, 20.3766
7876, 20.3771
7877, 20.3771
7878, 20.3771
7879, 20.378
7880, 20.379
7881, 20.379
7882, 20.3809
7883, 20.3814
7884, 20.3818
7885, 20.3818
7886, 20.3828
7887, 20.3837
7888, 20.3847
7889, 20.3847
7890, 20.3852
7891, 20.3856
7892, 20.3856
7893, 20.3871
7894, 20.3875
7895, 20.3875
7896, 20.388
7897, 20.388
7898, 20.3885
7899, 20.389
7900, 20.3894
7901, 20.3899
7902, 20.3904
7903, 20.3904
7904, 20.3914
7905, 20.3918
7906, 20.3923
7907, 20.3923
7908, 20.3928
7909, 20.3928
7910, 20.3933
7911, 20.3937
7912, 20.3952
7913, 20.3952
7914, 20.3952
7915, 20.3956
7916, 20.3956
7917, 20.3961
7918, 20.3961
7919, 20.3971
7920, 20.398
7921, 20.398
7922, 20.398
7923, 20.399
7924, 20.4004
7925, 20.4009
7926, 20.4009
7927, 20.4014
7928, 20.4018
7929, 20.4023
7930, 20.4033
7931, 20.4047
7932, 20.4056
7933, 20.4071
7934, 20.4071
7935, 20.4071
7936, 20.408
7937, 20.4085
7938, 20.4085
7939, 20.4085
7940, 20.409
7941, 20.409
7942, 20.409
7943, 20.4099
7944, 20.4109
7945, 20.4118
7946, 20.4133
7947, 20.4137
7948, 20.4137
7949, 20.4142
7950, 20.4161
7951, 20.4171
7952, 20.4171
7953, 20.4171
7954, 20.4185
7955, 20.419
7956, 20.4194
7957, 20.4214
7958, 20.4242
7959, 20.4247
7960, 20.4247
7961, 20.4252
7962, 20.4252
7963, 20.4256
7964, 20.4266
7965, 20.4271
7966, 20.4275
7967, 20.428
7968, 20.428
7969, 20.4285
7970, 20.4285
7971, 20.4294
7972, 20.4299
7973, 20.4299
7974, 20.4299
7975, 20.4299
7976, 20.4309
7977, 20.4318
7978, 20.4328
7979, 20.4333
7980, 20.4333
7981, 20.4361
7982, 20.4366
7983, 20.4371
7984, 20.4371
7985, 20.438
7986, 20.438
7987, 20.438
7988, 20.4385
7989, 20.4394
7990, 20.4413
7991, 20.4433
7992, 20.4437
7993, 20.4442
7994, 20.4447
7995, 20.4452
7996, 20.4456
7997, 20.4466
7998, 20.4466
7999, 20.4523
8000, 20.4523
8001, 20.4523
8002, 20.4523
8003, 20.4537
8004, 20.4542
8005, 20.4547
8006, 20.4547
8007, 20.4552
8008, 20.4552
8009, 20.4561
8010, 20.4566
8011, 20.4566
8012, 20.4566
8013, 20.4566
8014, 20.4571
8015, 20.4585
8016, 20.4594
8017, 20.4599
8018, 20.4613
8019, 20.4618
8020, 20.4618
8021, 20.4623
8022, 20.4623
8023, 20.4623
8024, 20.4628
8025, 20.4633
8026, 20.4633
8027, 20.4652
8028, 20.4652
8029, 20.4656
8030, 20.4666
8031, 20.4671
8032, 20.4675
8033, 20.4675
8034, 20.4685
8035, 20.4685
8036, 20.4694
8037, 20.4694
8038, 20.4699
8039, 20.4709
8040, 20.4713
8041, 20.4723
8042, 20.4728
8043, 20.4728
8044, 20.4733
8045, 20.4742
8046, 20.4752
8047, 20.4752
8048, 20.4756
8049, 20.4761
8050, 20.4766
8051, 20.4766
8052, 20.478
8053, 20.478
8054, 20.479
8055, 20.4794
8056, 20.4794
8057, 20.4794
8058, 20.4799
8059, 20.4799
8060, 20.4804
8061, 20.4809
8062, 20.4813
8063, 20.4813
8064, 20.4818
8065, 20.4818
8066, 20.4818
8067, 20.4823
8068, 20.4833
8069, 20.4837
8070, 20.4842
8071, 20.4847
8072, 20.4847
8073, 20.4847
8074, 20.4852
8075, 20.4852
8076, 20.4856
8077, 20.4871
8078, 20.4875
8079, 20.4885
8080, 20.489
8081, 20.4894
8082, 20.4904
8083, 20.4928
8084, 20.4933
8085, 20.4937
8086, 20.4956
8087, 20.4961
8088, 20.4961
8089, 20.4966
8090, 20.4966
8091, 20.4966
8092, 20.4971
8093, 20.498
8094, 20.4985
8095, 20.4985
8096, 20.5009
8097, 20.5013
8098, 20.5013
8099, 20.5013
8100, 20.5018
8101, 20.5018
8102, 20.5018
8103, 20.5023
8104, 20.5028
8105, 20.5028
8106, 20.5033
8107, 20.5033
8108, 20.5037
8109, 20.5052
8110, 20.5056
8111, 20.5061
8112, 20.508
8113, 20.5085
8114, 20.509
8115, 20.5094
8116, 20.5094
8117, 20.5094
8118, 20.5118
8119, 20.5123
8120, 20.5133
8121, 20.5137
8122, 20.5137
8123, 20.5142
8124, 20.5156
8125, 20.5171
8126, 20.5185
8127, 20.5194
8128, 20.5199
8129, 20.5204
8130, 20.5204
8131, 20.5209
8132, 20.5209
8133, 20.5218
8134, 20.5218
8135, 20.5228
8136, 20.5233
8137, 20.5233
8138, 20.5242
8139, 20.5247
8140, 20.5247
8141, 20.5252
8142, 20.5256
8143, 20.5271
8144, 20.5271
8145, 20.5271
8146, 20.5275
8147, 20.5285
8148, 20.5285
8149, 20.529
8150, 20.5299
8151, 20.5304
8152, 20.5309
8153, 20.5313
8154, 20.5313
8155, 20.5337
8156, 20.5337
8157, 20.5347
8158, 20.5347
8159, 20.5352
8160, 20.5356
8161, 20.5361
8162, 20.5361
8163, 20.5361
8164, 20.5371
8165, 20.5371
8166, 20.5375
8167, 20.5385
8168, 20.5394
8169, 20.5399
8170, 20.5413
8171, 20.5423
8172, 20.5423
8173, 20.5423
8174, 20.5428
8175, 20.5433
8176, 20.5433
8177, 20.5437
8178, 20.5452
8179, 20.5461
8180, 20.548
8181, 20.5494
8182, 20.5504
8183, 20.5504
8184, 20.5509
8185, 20.5513
8186, 20.5513
8187, 20.5518
8188, 20.5518
8189, 20.5523
8190, 20.5537
8191, 20.5547
8192, 20.5552
8193, 20.5561
8194, 20.5561
8195, 20.5566
8196, 20.5566
8197, 20.5571
8198, 20.5571
8199, 20.5571
8200, 20.5571
8201, 20.5575
8202, 20.5575
8203, 20.5585
8204, 20.559
8205, 20.5594
8206, 20.5599
8207, 20.5604
8208, 20.5609
8209, 20.5613
8210, 20.5613
8211, 20.5618
8212, 20.5628
8213, 20.5633
8214, 20.5633
8215, 20.5642
8216, 20.5642
8217, 20.5642
8218, 20.5656
8219, 20.5656
8220, 20.5661
8221, 20.5675
8222, 20.568
8223, 20.5685
8224, 20.569
8225, 20.5704
8226, 20.5713
8227, 20.5718
8228, 20.5728
8229, 20.5737
8230, 20.5742
8231, 20.5747
8232, 20.5747
8233, 20.5761
8234, 20.5766
8235, 20.5771
8236, 20.5775
8237, 20.5775
8238, 20.578
8239, 20.5785
8240, 20.5785
8241, 20.579
8242, 20.5794
8243, 20.5794
8244, 20.5794
8245, 20.5852
8246, 20.5856
8247, 20.5866
8248, 20.5875
8249, 20.588
8250, 20.588
8251, 20.5885
8252, 20.5899
8253, 20.5923
8254, 20.5937
8255, 20.5937
8256, 20.5942
8257, 20.5947
8258, 20.5952
8259, 20.5966
8260, 20.5966
8261, 20.5971
8262, 20.5971
8263, 20.5971
8264, 20.5975
8265, 20.5985
8266, 20.599
8267, 20.5994
8268, 20.5999
8269, 20.6013
8270, 20.6023
8271, 20.6023
8272, 20.6037
8273, 20.6042
8274, 20.6052
8275, 20.6061
8276, 20.6061
8277, 20.6061
8278, 20.6061
8279, 20.6066
8280, 20.6071
8281, 20.6075
8282, 20.6075
8283, 20.608
8284, 20.608
8285, 20.608
8286, 20.609
8287, 20.609
8288, 20.609
8289, 20.6094
8290, 20.6094
8291, 20.6094
8292, 20.6099
8293, 20.6104
8294, 20.6109
8295, 20.6123
8296, 20.6123
8297, 20.6123
8298, 20.6128
8299, 20.6128
8300, 20.6137
8301, 20.6156
8302, 20.6161
8303, 20.6166
8304, 20.618
8305, 20.619
8306, 20.6194
8307, 20.6199
8308, 20.6209
8309, 20.6209
8310, 20.6209
8311, 20.6213
8312, 20.6213
8313, 20.6213
8314, 20.6218
8315, 20.6223
8316, 20.6223
8317, 20.6228
8318, 20.6237
8319, 20.6242
8320, 20.6261
8321, 20.6261
8322, 20.6266
8323, 20.6271
8324, 20.6271
8325, 20.6275
8326, 20.628
8327, 20.628
8328, 20.6294
8329, 20.6294
8330, 20.6294
8331, 20.6299
8332, 20.6304
8333, 20.6304
8334, 20.6309
8335, 20.6309
8336, 20.6309
8337, 20.6318
8338, 20.6318
8339, 20.6328
8340, 20.6328
8341, 20.6332
8342, 20.6337
8343, 20.6347
8344, 20.6347
8345, 20.6356
8346, 20.6366
8347, 20.638
8348, 20.6385
8349, 20.6394
8350, 20.6394
8351, 20.6409
8352, 20.6413
8353, 20.6423
8354, 20.6423
8355, 20.6432
8356, 20.6437
8357, 20.6437
8358, 20.6442
8359, 20.6447
8360, 20.6456
8361, 20.6461
8362, 20.6466
8363, 20.648
8364, 20.6485
8365, 20.6494
8366, 20.6494
8367, 20.6494
8368, 20.6494
8369, 20.6494
8370, 20.6499
8371, 20.6499
8372, 20.6504
8373, 20.6509
8374, 20.6509
8375, 20.6513
8376, 20.6552
8377, 20.6556
8378, 20.6561
8379, 20.6561
8380, 20.6575
8381, 20.6575
8382, 20.6575
8383, 20.658
8384, 20.658
8385, 20.658
8386, 20.6585
8387, 20.6604
8388, 20.6613
8389, 20.6613
8390, 20.6613
8391, 20.6618
8392, 20.6628
8393, 20.6637
8394, 20.6642
8395, 20.6642
8396, 20.6656
8397, 20.6661
8398, 20.6666
8399, 20.6671
8400, 20.6675
8401, 20.668
8402, 20.6685
8403, 20.6685
8404, 20.669
8405, 20.6694
8406, 20.6709
8407, 20.6709
8408, 20.6713
8409, 20.6723
8410, 20.6732
8411, 20.6737
8412, 20.6742
8413, 20.6747
8414, 20.6747
8415, 20.6756
8416, 20.6761
8417, 20.6761
8418, 20.6775
8419, 20.6775
8420, 20.678
8421, 20.6785
8422, 20.6794
8423, 20.6794
8424, 20.6809
8425, 20.6818
8426, 20.6823
8427, 20.6828
8428, 20.6828
8429, 20.6842
8430, 20.6856
8431, 20.6866
8432, 20.6866
8433, 20.688
8434, 20.6885
8435, 20.689
8436, 20.6899
8437, 20.6899
8438, 20.6899
8439, 20.6904
8440, 20.6913
8441, 20.6913
8442, 20.6918
8443, 20.6928
8444, 20.6932
8445, 20.6942
8446, 20.6952
8447, 20.6966
8448, 20.6966
8449, 20.6971
8450, 20.698
8451, 20.6985
8452, 20.699
8453, 20.699
8454, 20.6994
8455, 20.6999
8456, 20.6999
8457, 20.7009
8458, 20.7009
8459, 20.7013
8460, 20.7013
8461, 20.7013
8462, 20.7023
8463, 20.7028
8464, 20.7037
8465, 20.7037
8466, 20.7052
8467, 20.7056
8468, 20.7061
8469, 20.7061
8470, 20.708
8471, 20.708
8472, 20.7085
8473, 20.709
8474, 20.709
8475, 20.7094
8476, 20.7104
8477, 20.7113
8478, 20.7118
8479, 20.7123
8480, 20.7128
8481, 20.7132
8482, 20.7137
8483, 20.7142
8484, 20.7142
8485, 20.7156
8486, 20.7156
8487, 20.718
8488, 20.7185
8489, 20.7185
8490, 20.7194
8491, 20.7194
8492, 20.7194
8493, 20.7199
8494, 20.7204
8495, 20.7209
8496, 20.7213
8497, 20.7223
8498, 20.7232
8499, 20.7237
8500, 20.7252
8501, 20.7252
8502, 20.7256
8503, 20.7256
8504, 20.7271
8505, 20.7271
8506, 20.7271
8507, 20.7304
8508, 20.7304
8509, 20.7309
8510, 20.7313
8511, 20.7318
8512, 20.7328
8513, 20.7332
8514, 20.7332
8515, 20.7337
8516, 20.7342
8517, 20.7347
8518, 20.7361
8519, 20.7366
8520, 20.7375
8521, 20.738
8522, 20.738
8523, 20.739
8524, 20.7404
8525, 20.7404
8526, 20.7409
8527, 20.7413
8528, 20.7423
8529, 20.7432
8530, 20.7432
8531, 20.7442
8532, 20.7442
8533, 20.7447
8534, 20.7447
8535, 20.7461
8536, 20.7485
8537, 20.7485
8538, 20.7504
8539, 20.7509
8540, 20.7518
8541, 20.7528
8542, 20.7532
8543, 20.7537
8544, 20.7537
8545, 20.7542
8546, 20.7542
8547, 20.7542
8548, 20.7547
8549, 20.7552
8550, 20.7552
8551, 20.7552
8552, 20.7556
8553, 20.7561
8554, 20.7561
8555, 20.7566
8556, 20.7566
8557, 20.7571
8558, 20.7571
8559, 20.7585
8560, 20.759
8561, 20.7599
8562, 20.7599
8563, 20.7613
8564, 20.7613
8565, 20.7613
8566, 20.7618
8567, 20.7623
8568, 20.7623
8569, 20.7623
8570, 20.7632
8571, 20.7637
8572, 20.7661
8573, 20.7666
8574, 20.7666
8575, 20.7666
8576, 20.7675
8577, 20.7685
8578, 20.7699
8579, 20.7704
8580, 20.7718
8581, 20.7732
8582, 20.7737
8583, 20.7737
8584, 20.7742
8585, 20.7747
8586, 20.7756
8587, 20.7771
8588, 20.7771
8589, 20.7775
8590, 20.7809
8591, 20.7809
8592, 20.7813
8593, 20.7818
8594, 20.7828
8595, 20.7828
8596, 20.7847
8597, 20.7851
8598, 20.7861
8599, 20.7861
8600, 20.7861
8601, 20.7875
8602, 20.788
8603, 20.7894
8604, 20.7899
8605, 20.7899
8606, 20.7899
8607, 20.7904
8608, 20.7909
8609, 20.7913
8610, 20.7918
8611, 20.7928
8612, 20.7928
8613, 20.7928
8614, 20.7942
8615, 20.7942
8616, 20.7947
8617, 20.7947
8618, 20.7947
8619, 20.7971
8620, 20.7975
8621, 20.7985
8622, 20.799
8623, 20.7994
8624, 20.7999
8625, 20.7999
8626, 20.8004
8627, 20.8009
8628, 20.8018
8629, 20.8018
8630, 20.8023
8631, 20.8023
8632, 20.8023
8633, 20.8028
8634, 20.8028
8635, 20.8032
8636, 20.8037
8637, 20.8037
8638, 20.8037
8639, 20.8042
8640, 20.8042
8641, 20.8051
8642, 20.8061
8643, 20.8075
8644, 20.8085
8645, 20.8085
8646, 20.809
8647, 20.809
8648, 20.8109
8649, 20.8109
8650, 20.8118
8651, 20.8118
8652, 20.8123
8653, 20.8128
8654, 20.8132
8655, 20.8147
8656, 20.8147
8657, 20.8147
8658, 20.8151
8659, 20.8166
8660, 20.8166
8661, 20.8175
8662, 20.8175
8663, 20.8175
8664, 20.819
8665, 20.8194
8666, 20.8199
8667, 20.8204
8668, 20.8223
8669, 20.8247
8670, 20.8251
8671, 20.8256
8672, 20.8256
8673, 20.8275
8674, 20.828
8675, 20.829
8676, 20.8294
8677, 20.8294
8678, 20.8304
8679, 20.8309
8680, 20.8318
8681, 20.8351
8682, 20.8375
8683, 20.8375
8684, 20.8375
8685, 20.838
8686, 20.839
8687, 20.839
8688, 20.8394
8689, 20.8404
8690, 20.8423
8691, 20.8442
8692, 20.8447
8693, 20.8451
8694, 20.8456
8695, 20.8461
8696, 20.8471
8697, 20.8475
8698, 20.8475
8699, 20.8475
8700, 20.848
8701, 20.8485
8702, 20.8485
8703, 20.849
8704, 20.849
8705, 20.8494
8706, 20.8499
8707, 20.8499
8708, 20.8499
8709, 20.8504
8710, 20.8509
8711, 20.8523
8712, 20.8542
8713, 20.8542
8714, 20.8551
8715, 20.8556
8716, 20.8561
8717, 20.8566
8718, 20.8575
8719, 20.858
8720, 20.8585
8721, 20.8585
8722, 20.8585
8723, 20.8609
8724, 20.8609
8725, 20.8609
8726, 20.8613
8727, 20.8632
8728, 20.8666
8729, 20.8675
8730, 20.868
8731, 20.8685
8732, 20.8685
8733, 20.8685
8734, 20.8685
8735, 20.869
8736, 20.8694
8737, 20.8699
8738, 20.8704
8739, 20.8704
8740, 20.8709
8741, 20.8723
8742, 20.8732
8743, 20.8732
8744, 20.8732
8745, 20.8737
8746, 20.8737
8747, 20.8742
8748, 20.8742
8749, 20.8766
8750, 20.8766
8751, 20.8771
8752, 20.8771
8753, 20.8771
8754, 20.878
8755, 20.879
8756, 20.879
8757, 20.8794
8758, 20.8804
8759, 20.8804
8760, 20.8813
8761, 20.8813
8762, 20.8818
8763, 20.8832
8764, 20.8837
8765, 20.8837
8766, 20.8842
8767, 20.8842
8768, 20.8847
8769, 20.8861
8770, 20.8861
8771, 20.8866
8772, 20.8866
8773, 20.8875
8774, 20.889
8775, 20.8894
8776, 20.8894
8777, 20.8894
8778, 20.8913
8779, 20.8913
8780, 20.8923
8781, 20.8932
8782, 20.8937
8783, 20.8937
8784, 20.8942
8785, 20.8961
8786, 20.8961
8787, 20.8966
8788, 20.8966
8789, 20.8971
8790, 20.8971
8791, 20.898
8792, 20.899
8793, 20.8994
8794, 20.8994
8795, 20.8994
8796, 20.8994
8797, 20.9004
8798, 20.9013
8799, 20.9013
8800, 20.9013
8801, 20.9013
8802, 20.9018
8803, 20.9028
8804, 20.9028
8805, 20.9028
8806, 20.9028
8807, 20.9032
8808, 20.9037
8809, 20.9047
8810, 20.9047
8811, 20.9047
8812, 20.9066
8813, 20.9071
8814, 20.9075
8815, 20.9085
8816, 20.9085
8817, 20.9085
8818, 20.909
8819, 20.909
8820, 20.9094
8821, 20.9094
8822, 20.9099
8823, 20.9113
8824, 20.9113
8825, 20.9118
8826, 20.9123
8827, 20.9123
8828, 20.9128
8829, 20.9137
8830, 20.9142
8831, 20.9151
8832, 20.9156
8833, 20.9161
8834, 20.9161
8835, 20.9166
8836, 20.9175
8837, 20.918
8838, 20.918
8839, 20.9194
8840, 20.9194
8841, 20.9199
8842, 20.9204
8843, 20.9209
8844, 20.9209
8845, 20.9209
8846, 20.9218
8847, 20.9218
8848, 20.9223
8849, 20.9228
8850, 20.9228
8851, 20.9232
8852, 20.9237
8853, 20.9237
8854, 20.9237
8855, 20.9242
8856, 20.9251
8857, 20.9251
8858, 20.9251
8859, 20.9266
8860, 20.9275
8861, 20.929
8862, 20.9299
8863, 20.9304
8864, 20.9309
8865, 20.9313
8866, 20.9313
8867, 20.9318
8868, 20.9318
8869, 20.9318
8870, 20.9318
8871, 20.9318
8872, 20.9328
8873, 20.9328
8874, 20.9332
8875, 20.9332
8876, 20.9332
8877, 20.9342
8878, 20.9342
8879, 20.9347
8880, 20.9356
8881, 20.9356
8882, 20.9371
8883, 20.9371
8884, 20.9371
8885, 20.9375
8886, 20.939
8887, 20.9404
8888, 20.9409
8889, 20.9423
8890, 20.9437
8891, 20.9437
8892, 20.9442
8893, 20.9466
8894, 20.9466
8895, 20.9471
8896, 20.9471
8897, 20.948
8898, 20.948
8899, 20.9485
8900, 20.9494
8901, 20.9499
8902, 20.9499
8903, 20.9509
8904, 20.9518
8905, 20.9523
8906, 20.9532
8907, 20.9542
8908, 20.9547
8909, 20.9551
8910, 20.9556
8911, 20.9556
8912, 20.9556
8913, 20.9561
8914, 20.9561
8915, 20.9575
8916, 20.9575
8917, 20.9575
8918, 20.958
8919, 20.9585
8920, 20.9618
8921, 20.9628
8922, 20.9628
8923, 20.9628
8924, 20.9632
8925, 20.9651
8926, 20.9661
8927, 20.9675
8928, 20.968
8929, 20.9685
8930, 20.9699
8931, 20.9704
8932, 20.9704
8933, 20.9704
8934, 20.9709
8935, 20.9713
8936, 20.9718
8937, 20.9737
8938, 20.9737
8939, 20.9742
8940, 20.9751
8941, 20.9751
8942, 20.9756
8943, 20.9756
8944, 20.9761
8945, 20.9766
8946, 20.977
8947, 20.9785
8948, 20.9794
8949, 20.9794
8950, 20.9804
8951, 20.9804
8952, 20.9809
8953, 20.9818
8954, 20.9818
8955, 20.9823
8956, 20.9828
8957, 20.9842
8958, 20.9847
8959, 20.9851
8960, 20.9851
8961, 20.9856
8962, 20.9861
8963, 20.987
8964, 20.9875
8965, 20.988
8966, 20.9885
8967, 20.989
8968, 20.9899
8969, 20.9899
8970, 20.9909
8971, 20.9913
8972, 20.9918
8973, 20.9923
8974, 20.9923
8975, 20.9923
8976, 20.9928
8977, 20.9937
8978, 20.9937
8979, 20.9942
8980, 20.9947
8981, 20.9956
8982, 20.9961
8983, 20.998
8984, 20.999
8985, 20.9999
8986, 21.0013
8987, 21.0018
8988, 21.0028
8989, 21.0032
8990, 21.0051
8991, 21.0051
8992, 21.0051
8993, 21.0056
8994, 21.0056
8995, 21.0061
8996, 21.0061
8997, 21.007
8998, 21.0085
8999, 21.0094
9000, 21.0094
9001, 21.0094
9002, 21.0099
9003, 21.0099
9004, 21.0104
9005, 21.0104
9006, 21.0109
9007, 21.0109
9008, 21.0113
9009, 21.0113
9010, 21.0128
9011, 21.0147
9012, 21.0147
9013, 21.0161
9014, 21.0161
9015, 21.017
9016, 21.017
9017, 21.0175
9018, 21.0194
9019, 21.0194
9020, 21.0199
9021, 21.0204
9022, 21.0204
9023, 21.0213
9024, 21.0228
9025, 21.0228
9026, 21.0237
9027, 21.0242
9028, 21.0242
9029, 21.0247
9030, 21.0251
9031, 21.0251
9032, 21.027
9033, 21.0275
9034, 21.0285
9035, 21.029
9036, 21.0309
9037, 21.0337
9038, 21.0342
9039, 21.0347
9040, 21.0351
9041, 21.0356
9042, 21.0366
9043, 21.038
9044, 21.038
9045, 21.039
9046, 21.0394
9047, 21.0399
9048, 21.0404
9049, 21.0413
9050, 21.0418
9051, 21.0418
9052, 21.0442
9053, 21.0451
9054, 21.0456
9055, 21.0461
9056, 21.0466
9057, 21.047
9058, 21.047
9059, 21.047
9060, 21.0475
9061, 21.0475
9062, 21.0485
9063, 21.0485
9064, 21.0494
9065, 21.0494
9066, 21.0509
9067, 21.0513
9068, 21.0513
9069, 21.0518
9070, 21.0528
9071, 21.0528
9072, 21.0532
9073, 21.0532
9074, 21.0537
9075, 21.0547
9076, 21.0551
9077, 21.0561
9078, 21.0566
9079, 21.0575
9080, 21.058
9081, 21.0585
9082, 21.0594
9083, 21.0599
9084, 21.0604
9085, 21.0604
9086, 21.0632
9087, 21.0637
9088, 21.0642
9089, 21.0647
9090, 21.0647
9091, 21.0647
9092, 21.0656
9093, 21.0666
9094, 21.067
9095, 21.0685
9096, 21.0694
9097, 21.0704
9098, 21.0704
9099, 21.0718
9100, 21.0728
9101, 21.0737
9102, 21.0737
9103, 21.0742
9104, 21.0747
9105, 21.0751
9106, 21.0761
9107, 21.0761
9108, 21.0761
9109, 21.0766
9110, 21.078
9111, 21.078
9112, 21.0785
9113, 21.079
9114, 21.0794
9115, 21.0804
9116, 21.0809
9117, 21.0809
9118, 21.0813
9119, 21.0818
9120, 21.0823
9121, 21.0828
9122, 21.0828
9123, 21.0828
9124, 21.0837
9125, 21.0837
9126, 21.0851
9127, 21.0856
9128, 21.0861
9129, 21.0861
9130, 21.0866
9131, 21.0875
9132, 21.0875
9133, 21.0875
9134, 21.088
9135, 21.088
9136, 21.088
9137, 21.0885
9138, 21.0885
9139, 21.089
9140, 21.0909
9141, 21.0909
9142, 21.0913
9143, 21.0913
9144, 21.0932
9145, 21.0937
9146, 21.0937
9147, 21.0937
9148, 21.0942
9149, 21.0947
9150, 21.0947
9151, 21.0951
9152, 21.0951
9153, 21.0966
9154, 21.0975
9155, 21.099
9156, 21.0994
9157, 21.0994
9158, 21.1004
9159, 21.1018
9160, 21.1023
9161, 21.1032
9162, 21.1037
9163, 21.1051
9164, 21.1061
9165, 21.108
9166, 21.1085
9167, 21.1085
9168, 21.109
9169, 21.1099
9170, 21.1099
9171, 21.1104
9172, 21.1104
9173, 21.1109
9174, 21.1118
9175, 21.1118
9176, 21.1132
9177, 21.1132
9178, 21.1161
9179, 21.1166
9180, 21.117
9181, 21.117
9182, 21.117
9183, 21.117
9184, 21.1175
9185, 21.1175
9186, 21.119
9187, 21.119
9188, 21.1194
9189, 21.1199
9190, 21.1199
9191, 21.1199
9192, 21.1204
9193, 21.1218
9194, 21.1218
9195, 21.1232
9196, 21.1232
9197, 21.1237
9198, 21.1247
9199, 21.1251
9200, 21.1251
9201, 21.1261
9202, 21.1266
9203, 21.127
9204, 21.128
9205, 21.1294
9206, 21.1304
9207, 21.1313
9208, 21.1332
9209, 21.1342
9210, 21.1347
9211, 21.1347
9212, 21.1347
9213, 21.1356
9214, 21.1366
9215, 21.1385
9216, 21.1385
9217, 21.1389
9218, 21.1389
9219, 21.1394
9220, 21.1394
9221, 21.1404
9222, 21.1409
9223, 21.1413
9224, 21.1418
9225, 21.1423
9226, 21.1428
9227, 21.1461
9228, 21.147
9229, 21.148
9230, 21.148
9231, 21.1499
9232, 21.1509
9233, 21.1513
9234, 21.1551
9235, 21.1556
9236, 21.1561
9237, 21.1575
9238, 21.1599
9239, 21.1604
9240, 21.1604
9241, 21.1604
9242, 21.1604
9243, 21.1609
9244, 21.1609
9245, 21.1613
9246, 21.1623
9247, 21.1632
9248, 21.1632
9249, 21.1637
9250, 21.1642
9251, 21.1642
9252, 21.1661
9253, 21.1661
9254, 21.1689
9255, 21.1694
9256, 21.1699
9257, 21.1704
9258, 21.1718
9259, 21.1723
9260, 21.1728
9261, 21.1742
9262, 21.1747
9263, 21.1747
9264, 21.1761
9265, 21.177
9266, 21.177
9267, 21.177
9268, 21.178
9269, 21.178
9270, 21.178
9271, 21.1785
9272, 21.1785
9273, 21.1799
9274, 21.1804
9275, 21.1809
9276, 21.1818
9277, 21.1823
9278, 21.1828
9279, 21.1832
9280, 21.1832
9281, 21.1837
9282, 21.1842
9283, 21.1847
9284, 21.1875
9285, 21.1885
9286, 21.1889
9287, 21.1894
9288, 21.1942
9289, 21.1942
9290, 21.1956
9291, 21.1961
9292, 21.1961
9293, 21.1966
9294, 21.1966
9295, 21.1975
9296, 21.198
9297, 21.198
9298, 21.198
9299, 21.198
9300, 21.1994
9301, 21.1994
9302, 21.2004
9303, 21.2009
9304, 21.2009
9305, 21.2013
9306, 21.2028
9307, 21.2028
9308, 21.2032
9309, 21.2037
9310, 21.2042
9311, 21.2051
9312, 21.2056
9313, 21.2056
9314, 21.2061
9315, 21.2066
9316, 21.2066
9317, 21.208
9318, 21.208
9319, 21.208
9320, 21.2085
9321, 21.2085
9322, 21.2089
9323, 21.2109
9324, 21.2109
9325, 21.2113
9326, 21.2113
9327, 21.2118
9328, 21.2118
9329, 21.2118
9330, 21.2128
9331, 21.2128
9332, 21.2142
9333, 21.2142
9334, 21.2161
9335, 21.2161
9336, 21.2166
9337, 21.2166
9338, 21.217
9339, 21.2189
9340, 21.2189
9341, 21.2199
9342, 21.2199
9343, 21.2209
9344, 21.2209
9345, 21.2209
9346, 21.2213
9347, 21.2223
9348, 21.2223
9349, 21.2237
9350, 21.2237
9351, 21.2242
9352, 21.2251
9353, 21.2256
9354, 21.227
9355, 21.2275
9356, 21.2275
9357, 21.2289
9358, 21.2289
9359, 21.2294
9360, 21.2299
9361, 21.2299
9362, 21.2304
9363, 21.2309
9364, 21.2313
9365, 21.2313
9366, 21.2328
9367, 21.2347
9368, 21.2356
9369, 21.2375
9370, 21.2394
9371, 21.2404
9372, 21.2404
9373, 21.2404
9374, 21.2404
9375, 21.2413
9376, 21.2418
9377, 21.2418
9378, 21.2423
9379, 21.2423
9380, 21.2432
9381, 21.2451
9382, 21.247
9383, 21.247
9384, 21.247
9385, 21.2475
9386, 21.2475
9387, 21.248
9388, 21.248
9389, 21.2485
9390, 21.2489
9391, 21.2494
9392, 21.2509
9393, 21.2509
9394, 21.2513
9395, 21.2528
9396, 21.2532
9397, 21.2542
9398, 21.2547
9399, 21.2547
9400, 21.2556
9401, 21.2556
9402, 21.258
9403, 21.2585
9404, 21.2589
9405, 21.2594
9406, 21.2604
9407, 21.2604
9408, 21.2604
9409, 21.2628
9410, 21.2632
9411, 21.2642
9412, 21.2647
9413, 21.267
9414, 21.267
9415, 21.2685
9416, 21.2704
9417, 21.2713
9418, 21.2728
9419, 21.2732
9420, 21.2732
9421, 21.2751
9422, 21.2766
9423, 21.2775
9424, 21.2775
9425, 21.2775
9426, 21.278
9427, 21.2789
9428, 21.2789
9429, 21.2799
9430, 21.2804
9431, 21.2809
9432, 21.2809
9433, 21.2813
9434, 21.2837
9435, 21.2851
9436, 21.287
9437, 21.2875
9438, 21.288
9439, 21.288
9440, 21.2909
9441, 21.2909
9442, 21.2913
9443, 21.2932
9444, 21.2937
9445, 21.2937
9446, 21.2937
9447, 21.2947
9448, 21.2951
9449, 21.2956
9450, 21.2961
9451, 21.2966
9452, 21.2975
9453, 21.2989
9454, 21.2989
9455, 21.3004
9456, 21.3004
9457, 21.3009
9458, 21.3032
9459, 21.3042
9460, 21.3042
9461, 21.3056
9462, 21.3056
9463, 21.3061
9464, 21.308
9465, 21.3085
9466, 21.3089
9467, 21.3094
9468, 21.3099
9469, 21.3099
9470, 21.3099
9471, 21.3113
9472, 21.3123
9473, 21.3128
9474, 21.3137
9475, 21.3142
9476, 21.3147
9477, 21.3147
9478, 21.3147
9479, 21.3156
9480, 21.3166
9481, 21.3166
9482, 21.3175
9483, 21.318
9484, 21.318
9485, 21.3185
9486, 21.3194
9487, 21.3204
9488, 21.3208
9489, 21.3213
9490, 21.3218
9491, 21.3237
9492, 21.3251
9493, 21.3251
9494, 21.3251
9495, 21.3251
9496, 21.3256
9497, 21.3256
9498, 21.3261
9499, 21.3261
9500, 21.3266
9501, 21.327
9502, 21.3275
9503, 21.3275
9504, 21.3285
9505, 21.3289
9506, 21.3304
9507, 21.3304
9508, 21.3308
9509, 21.3313
9510, 21.3313
9511, 21.3318
9512, 21.3323
9513, 21.3337
9514, 21.3347
9515, 21.3347
9516, 21.3347
9517, 21.3351
9518, 21.3351
9519, 21.3356
9520, 21.3361
9521, 21.3361
9522, 21.337
9523, 21.3375
9524, 21.3399
9525, 21.3399
9526, 21.3404
9527, 21.3413
9528, 21.3418
9529, 21.3428
9530, 21.3432
9531, 21.3432
9532, 21.3442
9533, 21.3442
9534, 21.3447
9535, 21.3447
9536, 21.3456
9537, 21.3456
9538, 21.3456
9539, 21.3456
9540, 21.347
9541, 21.3475
9542, 21.3475
9543, 21.348
9544, 21.348
9545, 21.3485
9546, 21.3485
9547, 21.3513
9548, 21.3513
9549, 21.3528
9550, 21.3528
9551, 21.3532
9552, 21.3537
9553, 21.3542
9554, 21.3547
9555, 21.3547
9556, 21.3551
9557, 21.357
9558, 21.357
9559, 21.3575
9560, 21.3585
9561, 21.3589
9562, 21.3599
9563, 21.3604
9564, 21.3608
9565, 21.3608
9566, 21.3623
9567, 21.3628
9568, 21.3661
9569, 21.3675
9570, 21.368
9571, 21.3685
9572, 21.3689
9573, 21.3694
9574, 21.3694
9575, 21.3699
9576, 21.3718
9577, 21.3742
9578, 21.3742
9579, 21.3742
9580, 21.3747
9581, 21.3751
9582, 21.3761
9583, 21.3761
9584, 21.3785
9585, 21.3789
9586, 21.3794
9587, 21.3799
9588, 21.3799
9589, 21.3804
9590, 21.3808
9591, 21.3813
9592, 21.3818
9593, 21.3818
9594, 21.3818
9595, 21.3818
9596, 21.3823
9597, 21.3823
9598, 21.3828
9599, 21.3828
9600, 21.3832
9601, 21.3842
9602, 21.3842
9603, 21.3851
9604, 21.3851
9605, 21.3856
9606, 21.3856
9607, 21.3866
9608, 21.387
9609, 21.3875
9610, 21.3889
9611, 21.3889
9612, 21.3889
9613, 21.3899
9614, 21.3913
9615, 21.3918
9616, 21.3928
9617, 21.3928
9618, 21.3928
9619, 21.3932
9620, 21.3937
9621, 21.3942
9622, 21.397
9623, 21.3985
9624, 21.3985
9625, 21.3989
9626, 21.3989
9627, 21.3994
9628, 21.4008
9629, 21.4018
9630, 21.4023
9631, 21.4028
9632, 21.4037
9633, 21.4037
9634, 21.4042
9635, 21.4042
9636, 21.4051
9637, 21.4066
9638, 21.407
9639, 21.4085
9640, 21.4094
9641, 21.4099
9642, 21.4108
9643, 21.4113
9644, 21.4118
9645, 21.4123
9646, 21.4123
9647, 21.4123
9648, 21.4132
9649, 21.4132
9650, 21.4137
9651, 21.4142
9652, 21.4142
9653, 21.4156
9654, 21.4156
9655, 21.4161
9656, 21.4166
9657, 21.4166
9658, 21.4166
9659, 21.418
9660, 21.4185
9661, 21.4185
9662, 21.4185
9663, 21.4189
9664, 21.4189
9665, 21.4199
9666, 21.4213
9667, 21.4237
9668, 21.4237
9669, 21.4256
9670, 21.4256
9671, 21.4256
9672, 21.4256
9673, 21.4266
9674, 21.427
9675, 21.4275
9676, 21.4275
9677, 21.428
9678, 21.4285
9679, 21.4289
9680, 21.4289
9681, 21.4299
9682, 21.4299
9683, 21.4308
9684, 21.4308
9685, 21.4318
9686, 21.4323
9687, 21.4323
9688, 21.4328
9689, 21.4332
9690, 21.4332
9691, 21.4332
9692, 21.4332
9693, 21.4337
9694, 21.4337
9695, 21.4351
9696, 21.4356
9697, 21.4356
9698, 21.4356
9699, 21.4361
9700, 21.437
9701, 21.437
9702, 21.4389
9703, 21.4394
9704, 21.4394
9705, 21.4408
9706, 21.4413
9707, 21.4428
9708, 21.4428
9709, 21.4432
9710, 21.4432
9711, 21.4437
9712, 21.4442
9713, 21.4456
9714, 21.4466
9715, 21.447
9716, 21.4475
9717, 21.4475
9718, 21.4475
9719, 21.448
9720, 21.4485
9721, 21.4485
9722, 21.4489
9723, 21.4494
9724, 21.4504
9725, 21.4504
9726, 21.4508
9727, 21.4513
9728, 21.4528
9729, 21.4537
9730, 21.4537
9731, 21.4542
9732, 21.4542
9733, 21.4551
9734, 21.4551
9735, 21.4561
9736, 21.4566
9737, 21.457
9738, 21.457
9739, 21.4575
9740, 21.4575
9741, 21.4589
9742, 21.4589
9743, 21.4594
9744, 21.4594
9745, 21.4604
9746, 21.4608
9747, 21.4608
9748, 21.4608
9749, 21.4613
9750, 21.4618
9751, 21.4618
9752, 21.4618
9753, 21.4623
9754, 21.4628
9755, 21.4637
9756, 21.4637
9757, 21.4651
9758, 21.4661
9759, 21.4661
9760, 21.467
9761, 21.4689
9762, 21.4694
9763, 21.4699
9764, 21.4704
9765, 21.4708
9766, 21.4708
9767, 21.4708
9768, 21.4713
9769, 21.4728
9770, 21.4737
9771, 21.4737
9772, 21.4742
9773, 21.4742
9774, 21.4747
9775, 21.4751
9776, 21.4761
9777, 21.478
9778, 21.4789
9779, 21.4789
9780, 21.4794
9781, 21.4799
9782, 21.4804
9783, 21.4818
9784, 21.4823
9785, 21.4847
9786, 21.4851
9787, 21.4851
9788, 21.4856
9789, 21.4875
9790, 21.488
9791, 21.488
9792, 21.4885
9793, 21.4899
9794, 21.4908
9795, 21.4913
9796, 21.4918
9797, 21.4951
9798, 21.4956
9799, 21.4956
9800, 21.4956
9801, 21.4961
9802, 21.4961
9803, 21.4966
9804, 21.4975
9805, 21.498
9806, 21.4985
9807, 21.4989
9808, 21.4994
9809, 21.4999
9810, 21.5008
9811, 21.5008
9812, 21.5013
9813, 21.5013
9814, 21.5023
9815, 21.5032
9816, 21.5037
9817, 21.5042
9818, 21.5042
9819, 21.5056
9820, 21.507
9821, 21.5075
9822, 21.508
9823, 21.5085
9824, 21.5085
9825, 21.5085
9826, 21.5089
9827, 21.5108
9828, 21.5108
9829, 21.5108
9830, 21.5118
9831, 21.5123
9832, 21.5127
9833, 21.5127
9834, 21.5132
9835, 21.5132
9836, 21.5137
9837, 21.5142
9838, 21.5156
9839, 21.5166
9840, 21.5166
9841, 21.5166
9842, 21.5175
9843, 21.5185
9844, 21.5189
9845, 21.5194
9846, 21.5208
9847, 21.5213
9848, 21.5213
9849, 21.5223
9850, 21.5232
9851, 21.5237
9852, 21.5247
9853, 21.5251
9854, 21.5256
9855, 21.5256
9856, 21.5261
9857, 21.527
9858, 21.5275
9859, 21.528
9860, 21.528
9861, 21.528
9862, 21.5294
9863, 21.5299
9864, 21.5304
9865, 21.5308
9866, 21.5318
9867, 21.5318
9868, 21.5323
9869, 21.5332
9870, 21.5337
9871, 21.5342
9872, 21.5351
9873, 21.5356
9874, 21.5361
9875, 21.5361
9876, 21.538
9877, 21.5385
9878, 21.5385
9879, 21.5394
9880, 21.5399
9881, 21.5399
9882, 21.5408
9883, 21.5408
9884, 21.5423
9885, 21.5423
9886, 21.5427
9887, 21.5427
9888, 21.5442
9889, 21.5442
9890, 21.5442
9891, 21.5485
9892, 21.5485
9893, 21.5499
9894, 21.5499
9895, 21.5499
9896, 21.5499
9897, 21.5499
9898, 21.5504
9899, 21.5513
9900, 21.5518
9901, 21.5523
9902, 21.5523
9903, 21.5547
9904, 21.5547
9905, 21.5551
9906, 21.5556
9907, 21.5556
9908, 21.5561
9909, 21.5566
9910, 21.5566
9911, 21.5566
9912, 21.558
9913, 21.558
9914, 21.5589
9915, 21.5599
9916, 21.5599
9917, 21.5604
9918, 21.5604
9919, 21.5618
9920, 21.5618
9921, 21.5623
9922, 21.5637
9923, 21.5647
9924, 21.5647
9925, 21.5647
9926, 21.567
9927, 21.567
9928, 21.5675
9929, 21.5675
9930, 21.568
9931, 21.5685
9932, 21.5704
9933, 21.5708
9934, 21.5708
9935, 21.5718
9936, 21.5732
9937, 21.5742
9938, 21.5742
9939, 21.5761
9940, 21.5775
9941, 21.5775
9942, 21.5785
9943, 21.5789
9944, 21.5794
9945, 21.5799
9946, 21.5799
9947, 21.5818
9948, 21.5837
9949, 21.5837
9950, 21.5851
9951, 21.587
9952, 21.588
9953, 21.588
9954, 21.5885
9955, 21.5889
9956, 21.5889
9957, 21.5899
9958, 21.5904
9959, 21.5908
9960, 21.5913
9961, 21.5913
9962, 21.5918
9963, 21.5918
9964, 21.5927
9965, 21.5932
9966, 21.5932
9967, 21.5937
9968, 21.5942
9969, 21.5942
9970, 21.5942
9971, 21.5942
9972, 21.597
9973, 21.598
9974, 21.598
9975, 21.5985
9976, 21.5999
9977, 21.6004
9978, 21.6008
9979, 21.6018
9980, 21.6023
9981, 21.6032
9982, 21.6037
9983, 21.6047
9984, 21.6051
9985, 21.6056
9986, 21.6056
9987, 21.607
9988, 21.6089
9989, 21.6094
9990, 21.6094
9991, 21.6113
9992, 21.6113
9993, 21.6123
9994, 21.6127
9995, 21.6132
9996, 21.6137
9997, 21.6151
9998, 21.6151
9999, 21.6156
10000, 21.6161
10001, 21.617
10002, 21.617
10003, 21.617
10004, 21.6175
10005, 21.6175
10006, 21.618
10007, 21.618
10008, 21.618
10009, 21.6185
10010, 21.6185
10011, 21.6194
10012, 21.6199
10013, 21.6199
10014, 21.6204
10015, 21.6204
10016, 21.6208
10017, 21.6213
10018, 21.6213
10019, 21.6218
10020, 21.6218
10021, 21.6218
10022, 21.6227
10023, 21.6227
10024, 21.6227
10025, 21.6242
10026, 21.6242
10027, 21.6242
10028, 21.6247
10029, 21.6256
10030, 21.6256
10031, 21.6261
10032, 21.6261
10033, 21.6266
10034, 21.627
10035, 21.628
10036, 21.628
10037, 21.6285
10038, 21.6299
10039, 21.6327
10040, 21.6332
10041, 21.6332
10042, 21.6337
10043, 21.6342
10044, 21.6342
10045, 21.6351
10046, 21.637
10047, 21.638
10048, 21.6385
10049, 21.6385
10050, 21.6389
10051, 21.6389
10052, 21.6389
10053, 21.6404
10054, 21.6404
10055, 21.6408
10056, 21.6418
10057, 21.6418
10058, 21.6423
10059, 21.6423
10060, 21.6427
10061, 21.6427
10062, 21.6437
10063, 21.6437
10064, 21.6442
10065, 21.6456
10066, 21.647
10067, 21.647
10068, 21.6475
10069, 21.648
10070, 21.6485
10071, 21.6489
10072, 21.6499
10073, 21.6508
10074, 21.6518
10075, 21.6518
10076, 21.6523
10077, 21.6527
10078, 21.6527
10079, 21.6532
10080, 21.6542
10081, 21.6551
10082, 21.6551
10083, 21.6556
10084, 21.6561
10085, 21.657
10086, 21.658
10087, 21.658
10088, 21.658
10089, 21.658
10090, 21.6594
10091, 21.6594
10092, 21.6599
10093, 21.6604
10094, 21.6608
10095, 21.6623
10096, 21.6646
10097, 21.6661
10098, 21.6694
10099, 21.6699
10100, 21.6699
10101, 21.6708
10102, 21.6713
10103, 21.6713
10104, 21.6718
10105, 21.6723
10106, 21.6732
10107, 21.6737
10108, 21.6751
10109, 21.6756
10110, 21.6761
10111, 21.6761
10112, 21.6761
10113, 21.6761
10114, 21.6766
10115, 21.6766
10116, 21.6766
10117, 21.677
10118, 21.6775
10119, 21.6775
10120, 21.6785
10121, 21.6804
10122, 21.6823
10123, 21.6832
10124, 21.6842
10125, 21.6846
10126, 21.6851
10127, 21.6866
10128, 21.6866
10129, 21.6875
10130, 21.6885
10131, 21.6889
10132, 21.6889
10133, 21.6889
10134, 21.6889
10135, 21.6908
10136, 21.6908
10137, 21.6908
10138, 21.6923
10139, 21.6975
10140, 21.6975
10141, 21.6989
10142, 21.6989
10143, 21.6989
10144, 21.6999
10145, 21.7004
10146, 21.7008
10147, 21.7018
10148, 21.7032
10149, 21.7037
10150, 21.708
10151, 21.7085
10152, 21.7094
10153, 21.7099
10154, 21.7113
10155, 21.7118
10156, 21.7132
10157, 21.7137
10158, 21.7146
10159, 21.7146
10160, 21.7151
10161, 21.7151
10162, 21.7161
10163, 21.7166
10164, 21.717
10165, 21.717
10166, 21.7175
10167, 21.7175
10168, 21.718
10169, 21.7189
10170, 21.7194
10171, 21.7199
10172, 21.7213
10173, 21.7223
10174, 21.7237
10175, 21.7251
10176, 21.7251
10177, 21.7256
10178, 21.7261
10179, 21.7266
10180, 21.7266
10181, 21.727
10182, 21.727
10183, 21.7285
10184, 21.7304
10185, 21.7313
10186, 21.7323
10187, 21.7327
10188, 21.7332
10189, 21.7332
10190, 21.7332
10191, 21.7332
10192, 21.7351
10193, 21.7351
10194, 21.7356
10195, 21.7356
10196, 21.737
10197, 21.738
10198, 21.7385
10199, 21.7389
10200, 21.7389
10201, 21.7394
10202, 21.7408
10203, 21.7408
10204, 21.7413
10205, 21.7413
10206, 21.7423
10207, 21.7423
10208, 21.7427
10209, 21.7432
10210, 21.7437
10211, 21.7437
10212, 21.7442
10213, 21.7446
10214, 21.7466
10215, 21.7466
10216, 21.7466
10217, 21.7466
10218, 21.7485
10219, 21.7485
10220, 21.7494
10221, 21.7494
10222, 21.7504
10223, 21.7508
10224, 21.7508
10225, 21.7518
10226, 21.7551
10227, 21.7556
10228, 21.7566
10229, 21.757
10230, 21.758
10231, 21.758
10232, 21.758
10233, 21.758
10234, 21.7589
10235, 21.7594
10236, 21.7594
10237, 21.7599
10238, 21.7608
10239, 21.7613
10240, 21.7618
10241, 21.7627
10242, 21.7627
10243, 21.7632
10244, 21.7637
10245, 21.7651
10246, 21.7656
10247, 21.7661
10248, 21.7661
10249, 21.7661
10250, 21.767
10251, 21.768
10252, 21.768
10253, 21.7689
10254, 21.7704
10255, 21.7704
10256, 21.7708
10257, 21.7708
10258, 21.7713
10259, 21.7713
10260, 21.7723
10261, 21.7723
10262, 21.7723
10263, 21.7727
10264, 21.7732
10265, 21.7742
10266, 21.7742
10267, 21.7746
10268, 21.7761
10269, 21.7761
10270, 21.7761
10271, 21.7766
10272, 21.7775
10273, 21.7775
10274, 21.7775
10275, 21.7794
10276, 21.7799
10277, 21.7799
10278, 21.7813
10279, 21.7813
10280, 21.7818
10281, 21.7818
10282, 21.7818
10283, 21.7837
10284, 21.7842
10285, 21.7846
10286, 21.7856
10287, 21.7856
10288, 21.787
10289, 21.787
10290, 21.7875
10291, 21.7875
10292, 21.7885
10293, 21.7885
10294, 21.7889
10295, 21.7899
10296, 21.7913
10297, 21.7913
10298, 21.7913
10299, 21.7946
10300, 21.7951
10301, 21.7956
10302, 21.7956
10303, 21.797
10304, 21.797
10305, 21.7975
10306, 21.7985
10307, 21.7989
10308, 21.7994
10309, 21.7994
10310, 21.7999
10311, 21.8013
10312, 21.8013
10313, 21.8023
10314, 21.8023
10315, 21.8027
10316, 21.8032
10317, 21.8032
10318, 21.8032
10319, 21.8037
10320, 21.8037
10321, 21.8042
10322, 21.8046
10323, 21.8046
10324, 21.8051
10325, 21.8061
10326, 21.8061
10327, 21.8075
10328, 21.8075
10329, 21.808
10330, 21.8085
10331, 21.8094
10332, 21.8094
10333, 21.8099
10334, 21.8099
10335, 21.8118
10336, 21.8123
10337, 21.8142
10338, 21.8156
10339, 21.8156
10340, 21.8161
10341, 21.8161
10342, 21.8166
10343, 21.8166
10344, 21.817
10345, 21.8175
10346, 21.818
10347, 21.8185
10348, 21.8204
10349, 21.8204
10350, 21.8208
10351, 21.8213
10352, 21.8223
10353, 21.8227
10354, 21.8227
10355, 21.8227
10356, 21.8242
10357, 21.8246
10358, 21.8251
10359, 21.8251
10360, 21.8261
10361, 21.8266
10362, 21.8266
10363, 21.8266
10364, 21.8275
10365, 21.8275
10366, 21.828
10367, 21.828
10368, 21.8285
10369, 21.8289
10370, 21.8289
10371, 21.8289
10372, 21.8304
10373, 21.8308
10374, 21.8308
10375, 21.8313
10376, 21.8318
10377, 21.8327
10378, 21.8327
10379, 21.8342
10380, 21.8351
10381, 21.8351
10382, 21.837
10383, 21.837
10384, 21.8375
10385, 21.838
10386, 21.8389
10387, 21.8389
10388, 21.8408
10389, 21.8413
10390, 21.8413
10391, 21.8413
10392, 21.8418
10393, 21.8418
10394, 21.8437
10395, 21.8442
10396, 21.8442
10397, 21.8451
10398, 21.8461
10399, 21.8465
10400, 21.8465
10401, 21.847
10402, 21.847
10403, 21.8475
10404, 21.8489
10405, 21.8489
10406, 21.8499
10407, 21.8499
10408, 21.8499
10409, 21.8527
10410, 21.8527
10411, 21.8527
10412, 21.8532
10413, 21.8546
10414, 21.8551
10415, 21.8556
10416, 21.8556
10417, 21.8565
10418, 21.8565
10419, 21.857
10420, 21.857
10421, 21.858
10422, 21.8585
10423, 21.8589
10424, 21.8589
10425, 21.8594
10426, 21.8594
10427, 21.8594
10428, 21.8599
10429, 21.8604
10430, 21.8604
10431, 21.8618
10432, 21.8623
10433, 21.8623
10434, 21.8627
10435, 21.8627
10436, 21.8627
10437, 21.8646
10438, 21.8651
10439, 21.8661
10440, 21.8661
10441, 21.8661
10442, 21.8675
10443, 21.8675
10444, 21.8694
10445, 21.8694
10446, 21.8699
10447, 21.8704
10448, 21.8708
10449, 21.8727
10450, 21.8732
10451, 21.8732
10452, 21.8732
10453, 21.8751
10454, 21.8751
10455, 21.8761
10456, 21.8761
10457, 21.8765
10458, 21.877
10459, 21.878
10460, 21.8785
10461, 21.8789
10462, 21.8789
10463, 21.8799
10464, 21.8804
10465, 21.8808
10466, 21.8808
10467, 21.8808
10468, 21.8808
10469, 21.8808
10470, 21.8808
10471, 21.8813
10472, 21.8813
10473, 21.8827
10474, 21.8827
10475, 21.8832
10476, 21.8842
10477, 21.8846
10478, 21.8846
10479, 21.8851
10480, 21.8851
10481, 21.8851
10482, 21.8856
10483, 21.887
10484, 21.8875
10485, 21.8875
10486, 21.8875
10487, 21.8894
10488, 21.8894
10489, 21.8899
10490, 21.8904
10491, 21.8904
10492, 21.8913
10493, 21.8918
10494, 21.8937
10495, 21.8942
10496, 21.8946
10497, 21.8961
10498, 21.8965
10499, 21.897
10500, 21.8975
10501, 21.8975
10502, 21.898
10503, 21.898
10504, 21.8999
10505, 21.9023
10506, 21.9027
10507, 21.9032
10508, 21.9032
10509, 21.9037
10510, 21.9037
10511, 21.9046
10512, 21.9056
10513, 21.9056
10514, 21.907
10515, 21.9075
10516, 21.908
10517, 21.9085
10518, 21.9085
10519, 21.9089
10520, 21.9089
10521, 21.9094
10522, 21.9094
10523, 21.9108
10524, 21.9113
10525, 21.9113
10526, 21.9118
10527, 21.9118
10528, 21.9127
10529, 21.9127
10530, 21.9127
10531, 21.9132
10532, 21.9142
10533, 21.9146
10534, 21.9146
10535, 21.9156
10536, 21.9161
10537, 21.9161
10538, 21.9161
10539, 21.9165
10540, 21.9165
10541, 21.917
10542, 21.9175
10543, 21.9194
10544, 21.9223
10545, 21.9223
10546, 21.9227
10547, 21.9232
10548, 21.9242
10549, 21.9246
10550, 21.9246
10551, 21.9251
10552, 21.9251
10553, 21.927
10554, 21.9275
10555, 21.928
10556, 21.928
10557, 21.9299
10558, 21.9299
10559, 21.9313
10560, 21.9323
10561, 21.9327
10562, 21.9337
10563, 21.9346
10564, 21.9346
10565, 21.9356
10566, 21.9375
10567, 21.9385
10568, 21.9389
10569, 21.9399
10570, 21.9404
10571, 21.9413
10572, 21.9423
10573, 21.9423
10574, 21.9432
10575, 21.9432
10576, 21.9432
10577, 21.9442
10578, 21.9451
10579, 21.9451
10580, 21.9461
10581, 21.9465
10582, 21.9475
10583, 21.948
10584, 21.9508
10585, 21.9513
10586, 21.9513
10587, 21.9523
10588, 21.9537
10589, 21.9542
10590, 21.9546
10591, 21.9551
10592, 21.9551
10593, 21.9556
10594, 21.9561
10595, 21.9561
10596, 21.9561
10597, 21.9561
10598, 21.957
10599, 21.957
10600, 21.957
10601, 21.9575
10602, 21.9575
10603, 21.958
10604, 21.9585
10605, 21.9594
10606, 21.9594
10607, 21.9608
10608, 21.9613
10609, 21.9623
10610, 21.9623
10611, 21.9623
10612, 21.9627
10613, 21.9627
10614, 21.9627
10615, 21.9627
10616, 21.9651
10617, 21.9651
10618, 21.9651
10619, 21.9665
10620, 21.9665
10621, 21.968
10622, 21.9685
10623, 21.9689
10624, 21.9694
10625, 21.9699
10626, 21.9699
10627, 21.9704
10628, 21.9708
10629, 21.9708
10630, 21.9713
10631, 21.9718
10632, 21.9718
10633, 21.9718
10634, 21.9718
10635, 21.9718
10636, 21.9727
10637, 21.9751
10638, 21.9761
10639, 21.9761
10640, 21.9789
10641, 21.9789
10642, 21.9789
10643, 21.9804
10644, 21.9808
10645, 21.9813
10646, 21.9823
10647, 21.9827
10648, 21.9832
10649, 21.9846
10650, 21.9846
10651, 21.9861
10652, 21.9865
10653, 21.9875
10654, 21.9894
10655, 21.9899
10656, 21.9899
10657, 21.9904
10658, 21.9923
10659, 21.9923
10660, 21.9927
10661, 21.9932
10662, 21.9942
10663, 21.9946
10664, 21.9946
10665, 21.9946
10666, 21.9956
10667, 21.9956
10668, 21.9961
10669, 21.9961
10670, 21.9965
10671, 21.997
10672, 21.9975
10673, 21.9975
10674, 21.998
10675, 21.998
10676, 21.9985
10677, 21.9989
10678, 21.9994
10679, 21.9994
10680, 21.9994
10681, 21.9994
10682, 21.9999
10683, 22.0013
10684, 22.0023
10685, 22.0027
10686, 22.0032
10687, 22.0046
10688, 22.0046
10689, 22.0056
10690, 22.0061
10691, 22.0065
10692, 22.0065
10693, 22.007
10694, 22.007
10695, 22.008
10696, 22.0085
10697, 22.0104
10698, 22.0104
10699, 22.0118
10700, 22.0127
10701, 22.0127
10702, 22.0132
10703, 22.0137
10704, 22.0137
10705, 22.0142
10706, 22.0151
10707, 22.0151
10708, 22.0165
10709, 22.0165
10710, 22.0175
10711, 22.0189
10712, 22.0189
10713, 22.0189
10714, 22.0199
10715, 22.0199
10716, 22.0208
10717, 22.0246
10718, 22.0256
10719, 22.0261
10720, 22.0265
10721, 22.0275
10722, 22.0275
10723, 22.028
10724, 22.0284
10725, 22.0289
10726, 22.0304
10727, 22.0313
10728, 22.0313
10729, 22.0323
10730, 22.0332
10731, 22.0332
10732, 22.0332
10733, 22.0337
10734, 22.0342
10735, 22.0342
10736, 22.0342
10737, 22.0361
10738, 22.0361
10739, 22.037
10740, 22.0384
10741, 22.0389
10742, 22.0389
10743, 22.0394
10744, 22.0394
10745, 22.0399
10746, 22.0399
10747, 22.0404
10748, 22.0404
10749, 22.0408
10750, 22.0413
10751, 22.0413
10752, 22.0413
10753, 22.0418
10754, 22.0418
10755, 22.0418
10756, 22.0423
10757, 22.0427
10758, 22.0442
10759, 22.0446
10760, 22.0446
10761, 22.0451
10762, 22.0456
10763, 22.0456
10764, 22.048
10765, 22.0489
10766, 22.0499
10767, 22.0499
10768, 22.0504
10769, 22.0513
10770, 22.0513
10771, 22.0527
10772, 22.0532
10773, 22.0532
10774, 22.0532
10775, 22.0537
10776, 22.0537
10777, 22.0542
10778, 22.0542
10779, 22.0546
10780, 22.0546
10781, 22.0556
10782, 22.0556
10783, 22.0561
10784, 22.0565
10785, 22.058
10786, 22.0599
10787, 22.0608
10788, 22.0618
10789, 22.0623
10790, 22.0623
10791, 22.0632
10792, 22.0632
10793, 22.0637
10794, 22.0642
10795, 22.0642
10796, 22.0642
10797, 22.0642
10798, 22.0646
10799, 22.0651
10800, 22.0656
10801, 22.0661
10802, 22.0675
10803, 22.068
10804, 22.0684
10805, 22.0689
10806, 22.0704
10807, 22.0713
10808, 22.0718
10809, 22.0723
10810, 22.0723
10811, 22.0732
10812, 22.0737
10813, 22.0742
10814, 22.0756
10815, 22.0784
10816, 22.0794
10817, 22.0799
10818, 22.0799
10819, 22.0804
10820, 22.0804
10821, 22.0818
10822, 22.0823
10823, 22.0851
10824, 22.0861
10825, 22.0861
10826, 22.0861
10827, 22.0865
10828, 22.087
10829, 22.087
10830, 22.0884
10831, 22.0889
10832, 22.0894
10833, 22.0908
10834, 22.0913
10835, 22.0913
10836, 22.0923
10837, 22.0927
10838, 22.0927
10839, 22.0946
10840, 22.0956
10841, 22.0965
10842, 22.0965
10843, 22.097
10844, 22.097
10845, 22.098
10846, 22.098
10847, 22.098
10848, 22.0989
10849, 22.0989
10850, 22.0994
10851, 22.0994
10852, 22.1004
10853, 22.1004
10854, 22.1008
10855, 22.1008
10856, 22.1013
10857, 22.1032
10858, 22.1037
10859, 22.1042
10860, 22.1065
10861, 22.1084
10862, 22.1094
10863, 22.1094
10864, 22.1094
10865, 22.1104
10866, 22.1104
10867, 22.1104
10868, 22.1132
10869, 22.1146
10870, 22.1151
10871, 22.1161
10872, 22.117
10873, 22.1175
10874, 22.1184
10875, 22.1184
10876, 22.1184
10877, 22.1184
10878, 22.1194
10879, 22.1204
10880, 22.1204
10881, 22.1204
10882, 22.1213
10883, 22.1218
10884, 22.1218
10885, 22.1232
10886, 22.1246
10887, 22.1246
10888, 22.1261
10889, 22.1265
10890, 22.127
10891, 22.127
10892, 22.1275
10893, 22.128
10894, 22.128
10895, 22.1289
10896, 22.1294
10897, 22.1299
10898, 22.1313
10899, 22.1313
10900, 22.1323
10901, 22.1327
10902, 22.1337
10903, 22.1351
10904, 22.1356
10905, 22.1361
10906, 22.137
10907, 22.138
10908, 22.138
10909, 22.1389
10910, 22.1399
10911, 22.1404
10912, 22.1408
10913, 22.1418
10914, 22.1418
10915, 22.1423
10916, 22.1427
10917, 22.1437
10918, 22.1456
10919, 22.1461
10920, 22.1461
10921, 22.1461
10922, 22.1465
10923, 22.1465
10924, 22.1475
10925, 22.148
10926, 22.148
10927, 22.148
10928, 22.1489
10929, 22.1494
10930, 22.1494
10931, 22.1494
10932, 22.1499
10933, 22.1499
10934, 22.1513
10935, 22.1518
10936, 22.1523
10937, 22.1537
10938, 22.1537
10939, 22.1546
10940, 22.1556
10941, 22.1565
10942, 22.157
10943, 22.1575
10944, 22.158
10945, 22.158
10946, 22.158
10947, 22.1589
10948, 22.1594
10949, 22.1594
10950, 22.1604
10951, 22.1608
10952, 22.1613
10953, 22.1618
10954, 22.1618
10955, 22.1618
10956, 22.1623
10957, 22.1623
10958, 22.1623
10959, 22.1637
10960, 22.1642
10961, 22.1656
10962, 22.167
10963, 22.1675
10964, 22.1684
10965, 22.1704
10966, 22.1708
10967, 22.1708
10968, 22.1708
10969, 22.1713
10970, 22.1723
10971, 22.1727
10972, 22.1737
10973, 22.1746
10974, 22.1746
10975, 22.1746
10976, 22.1751
10977, 22.1761
10978, 22.1765
10979, 22.1789
10980, 22.1789
10981, 22.1794
10982, 22.1804
10983, 22.1804
10984, 22.1813
10985, 22.1827
10986, 22.1851
10987, 22.1851
10988, 22.1861
10989, 22.1865
10990, 22.1875
10991, 22.1875
10992, 22.1884
10993, 22.1884
10994, 22.1884
10995, 22.1884
10996, 22.1884
10997, 22.1894
10998, 22.1899
10999, 22.1899
11000, 22.1908
11001, 22.1918
11002, 22.1927
11003, 22.1927
11004, 22.1937
11005, 22.1937
11006, 22.1937
11007, 22.1942
11008, 22.1942
11009, 22.1961
11010, 22.1961
11011, 22.1965
11012, 22.197
11013, 22.1975
11014, 22.1984
11015, 22.1994
11016, 22.1999
11017, 22.2003
11018, 22.2008
11019, 22.2018
11020, 22.2023
11021, 22.2027
11022, 22.2027
11023, 22.2032
11024, 22.2037
11025, 22.2042
11026, 22.2042
11027, 22.2056
11028, 22.2061
11029, 22.2065
11030, 22.207
11031, 22.2075
11032, 22.2075
11033, 22.208
11034, 22.208
11035, 22.208
11036, 22.2084
11037, 22.2094
11038, 22.2103
11039, 22.2108
11040, 22.2113
11041, 22.2132
11042, 22.2142
11043, 22.2142
11044, 22.2142
11045, 22.2142
11046, 22.2146
11047, 22.2146
11048, 22.2151
11049, 22.2151
11050, 22.2161
11051, 22.2161
11052, 22.2175
11053, 22.2184
11054, 22.2189
11055, 22.2194
11056, 22.2194
11057, 22.2194
11058, 22.2218
11059, 22.2223
11060, 22.2227
11061, 22.2232
11062, 22.2237
11063, 22.2237
11064, 22.2251
11065, 22.2261
11066, 22.2261
11067, 22.2265
11068, 22.2265
11069, 22.2275
11070, 22.2284
11071, 22.2294
11072, 22.2299
11073, 22.2308
11074, 22.2313
11075, 22.2313
11076, 22.2318
11077, 22.2323
11078, 22.2327
11079, 22.2337
11080, 22.2337
11081, 22.2342
11082, 22.2342
11083, 22.2342
11084, 22.2346
11085, 22.2365
11086, 22.2365
11087, 22.2375
11088, 22.2389
11089, 22.2399
11090, 22.2403
11091, 22.2423
11092, 22.2432
11093, 22.2437
11094, 22.2446
11095, 22.2451
11096, 22.2456
11097, 22.2475
11098, 22.2475
11099, 22.2494
11100, 22.2503
11101, 22.2508
11102, 22.2513
11103, 22.2513
11104, 22.2527
11105, 22.2537
11106, 22.2546
11107, 22.2546
11108, 22.2551
11109, 22.2565
11110, 22.257
11111, 22.258
11112, 22.258
11113, 22.2584
11114, 22.2599
11115, 22.2603
11116, 22.2618
11117, 22.2623
11118, 22.2627
11119, 22.2637
11120, 22.2637
11121, 22.2642
11122, 22.2642
11123, 22.2646
11124, 22.2651
11125, 22.2656
11126, 22.2661
11127, 22.2675
11128, 22.2694
11129, 22.2708
11130, 22.2708
11131, 22.2713
11132, 22.2718
11133, 22.2727
11134, 22.2756
11135, 22.2765
11136, 22.277
11137, 22.277
11138, 22.277
11139, 22.2775
11140, 22.278
11141, 22.2789
11142, 22.2813
11143, 22.2818
11144, 22.2823
11145, 22.2823
11146, 22.2842
11147, 22.2846
11148, 22.2846
11149, 22.2851
11150, 22.2856
11151, 22.2861
11152, 22.288
11153, 22.2889
11154, 22.2889
11155, 22.2894
11156, 22.2894
11157, 22.2899
11158, 22.2899
11159, 22.2899
11160, 22.2913
11161, 22.2923
11162, 22.2932
11163, 22.2946
11164, 22.2961
11165, 22.297
11166, 22.297
11167, 22.298
11168, 22.2994
11169, 22.2994
11170, 22.3008
11171, 22.3008
11172, 22.3023
11173, 22.3027
11174, 22.3032
11175, 22.3037
11176, 22.3037
11177, 22.3051
11178, 22.3065
11179, 22.307
11180, 22.307
11181, 22.3089
11182, 22.3089
11183, 22.3089
11184, 22.3094
11185, 22.3094
11186, 22.3099
11187, 22.3127
11188, 22.3137
11189, 22.3142
11190, 22.3146
11191, 22.3146
11192, 22.3156
11193, 22.3156
11194, 22.317
11195, 22.3175
11196, 22.3175
11197, 22.318
11198, 22.318
11199, 22.3184
11200, 22.3184
11201, 22.3223
11202, 22.3223
11203, 22.3232
11204, 22.3232
11205, 22.3232
11206, 22.3232
11207, 22.3237
11208, 22.3237
11209, 22.3242
11210, 22.3265
11211, 22.3265
11212, 22.327
11213, 22.327
11214, 22.3275
11215, 22.3275
11216, 22.328
11217, 22.3289
11218, 22.3289
11219, 22.3289
11220, 22.3294
11221, 22.3294
11222, 22.3318
11223, 22.3356
11224, 22.3356
11225, 22.3361
11226, 22.3365
11227, 22.337
11228, 22.3375
11229, 22.338
11230, 22.3389
11231, 22.3394
11232, 22.3418
11233, 22.3423
11234, 22.3423
11235, 22.3423
11236, 22.3427
11237, 22.3427
11238, 22.3432
11239, 22.3432
11240, 22.3432
11241, 22.3442
11242, 22.3446
11243, 22.3451
11244, 22.3465
11245, 22.3465
11246, 22.3465
11247, 22.347
11248, 22.3475
11249, 22.3494
11250, 22.3499
11251, 22.3503
11252, 22.3513
11253, 22.3518
11254, 22.3518
11255, 22.3527
11256, 22.3542
11257, 22.3551
11258, 22.3551
11259, 22.3556
11260, 22.3561
11261, 22.357
11262, 22.358
11263, 22.3589
11264, 22.3589
11265, 22.3594
11266, 22.3599
11267, 22.3603
11268, 22.3608
11269, 22.3618
11270, 22.3622
11271, 22.3627
11272, 22.3637
11273, 22.3642
11274, 22.3646
11275, 22.3646
11276, 22.3656
11277, 22.3675
11278, 22.3684
11279, 22.3694
11280, 22.3694
11281, 22.3699
11282, 22.3713
11283, 22.3718
11284, 22.3732
11285, 22.3732
11286, 22.3742
11287, 22.3746
11288, 22.3751
11289, 22.3751
11290, 22.3761
11291, 22.377
11292, 22.378
11293, 22.3784
11294, 22.3803
11295, 22.3808
11296, 22.3813
11297, 22.3818
11298, 22.3822
11299, 22.3827
11300, 22.3837
11301, 22.3837
11302, 22.3842
11303, 22.3842
11304, 22.3851
11305, 22.3865
11306, 22.3875
11307, 22.388
11308, 22.388
11309, 22.3889
11310, 22.3894
11311, 22.3908
11312, 22.3922
11313, 22.3932
11314, 22.3942
11315, 22.3942
11316, 22.3946
11317, 22.3951
11318, 22.3961
11319, 22.3961
11320, 22.3965
11321, 22.398
11322, 22.398
11323, 22.3989
11324, 22.3994
11325, 22.4003
11326, 22.4013
11327, 22.4022
11328, 22.4037
11329, 22.4042
11330, 22.4042
11331, 22.4042
11332, 22.4056
11333, 22.4061
11334, 22.4065
11335, 22.4094
11336, 22.4094
11337, 22.4103
11338, 22.4122
11339, 22.4127
11340, 22.4127
11341, 22.4132
11342, 22.4137
11343, 22.4137
11344, 22.4137
11345, 22.4142
11346, 22.4142
11347, 22.4146
11348, 22.4146
11349, 22.4156
11350, 22.4161
11351, 22.4161
11352, 22.4175
11353, 22.4175
11354, 22.4184
11355, 22.4194
11356, 22.4194
11357, 22.4194
11358, 22.4199
11359, 22.4199
11360, 22.4203
11361, 22.4218
11362, 22.4218
11363, 22.4218
11364, 22.4227
11365, 22.4237
11366, 22.4237
11367, 22.4237
11368, 22.4251
11369, 22.4256
11370, 22.4256
11371, 22.4265
11372, 22.427
11373, 22.4284
11374, 22.4289
11375, 22.4289
11376, 22.4294
11377, 22.4299
11378, 22.4303
11379, 22.4303
11380, 22.4318
11381, 22.4337
11382, 22.4337
11383, 22.4337
11384, 22.4346
11385, 22.4346
11386, 22.4346
11387, 22.4361
11388, 22.437
11389, 22.437
11390, 22.4389
11391, 22.4389
11392, 22.4389
11393, 22.4394
11394, 22.4394
11395, 22.4394
11396, 22.4399
11397, 22.4408
11398, 22.4418
11399, 22.4418
11400, 22.4418
11401, 22.4427
11402, 22.4437
11403, 22.4442
11404, 22.4446
11405, 22.4451
11406, 22.4461
11407, 22.4461
11408, 22.4465
11409, 22.4465
11410, 22.4465
11411, 22.4484
11412, 22.4489
11413, 22.4494
11414, 22.4494
11415, 22.4503
11416, 22.4513
11417, 22.4518
11418, 22.4522
11419, 22.4527
11420, 22.4527
11421, 22.4527
11422, 22.4537
11423, 22.4561
11424, 22.4565
11425, 22.457
11426, 22.4589
11427, 22.4599
11428, 22.4603
11429, 22.4608
11430, 22.4608
11431, 22.4608
11432, 22.4613
11433, 22.4627
11434, 22.4627
11435, 22.4632
11436, 22.4637
11437, 22.4651
11438, 22.4651
11439, 22.4656
11440, 22.4661
11441, 22.4665
11442, 22.4684
11443, 22.4684
11444, 22.4684
11445, 22.4694
11446, 22.4694
11447, 22.4699
11448, 22.4699
11449, 22.4703
11450, 22.4708
11451, 22.4708
11452, 22.4718
11453, 22.477
11454, 22.4775
11455, 22.478
11456, 22.4784
11457, 22.4789
11458, 22.4789
11459, 22.4794
11460, 22.4799
11461, 22.4799
11462, 22.4803
11463, 22.4808
11464, 22.4822
11465, 22.4822
11466, 22.4842
11467, 22.4851
11468, 22.4856
11469, 22.4865
11470, 22.487
11471, 22.4875
11472, 22.488
11473, 22.4894
11474, 22.4894
11475, 22.4894
11476, 22.4899
11477, 22.4899
11478, 22.4922
11479, 22.4942
11480, 22.4942
11481, 22.4951
11482, 22.4951
11483, 22.4961
11484, 22.4965
11485, 22.4975
11486, 22.498
11487, 22.498
11488, 22.498
11489, 22.4989
11490, 22.4994
11491, 22.4999
11492, 22.4999
11493, 22.5003
11494, 22.5008
11495, 22.5013
11496, 22.5013
11497, 22.5018
11498, 22.5018
11499, 22.5022
11500, 22.5027
11501, 22.5051
11502, 22.5051
11503, 22.5056
11504, 22.5056
11505, 22.5065
11506, 22.5065
11507, 22.507
11508, 22.5075
11509, 22.5084
11510, 22.5089
11511, 22.5089
11512, 22.5089
11513, 22.5089
11514, 22.5099
11515, 22.5103
11516, 22.5103
11517, 22.5108
11518, 22.5113
11519, 22.5118
11520, 22.5118
11521, 22.5127
11522, 22.5137
11523, 22.5142
11524, 22.5142
11525, 22.5142
11526, 22.5146
11527, 22.5146
11528, 22.5146
11529, 22.5151
11530, 22.5156
11531, 22.5161
11532, 22.5165
11533, 22.5184
11534, 22.5184
11535, 22.5194
11536, 22.5194
11537, 22.5199
11538, 22.5199
11539, 22.5199
11540, 22.5208
11541, 22.5208
11542, 22.5213
11543, 22.5213
11544, 22.5213
11545, 22.5218
11546, 22.5222
11547, 22.5227
11548, 22.5232
11549, 22.5237
11550, 22.5242
11551, 22.5242
11552, 22.5265
11553, 22.5294
11554, 22.5303
11555, 22.5337
11556, 22.5342
11557, 22.5346
11558, 22.5351
11559, 22.5365
11560, 22.5389
11561, 22.5389
11562, 22.5394
11563, 22.5394
11564, 22.5399
11565, 22.5399
11566, 22.5403
11567, 22.5403
11568, 22.5432
11569, 22.5437
11570, 22.5437
11571, 22.5441
11572, 22.5446
11573, 22.5451
11574, 22.5461
11575, 22.5484
11576, 22.5489
11577, 22.5489
11578, 22.5489
11579, 22.5494
11580, 22.5494
11581, 22.5499
11582, 22.5503
11583, 22.5508
11584, 22.5508
11585, 22.5513
11586, 22.5513
11587, 22.5518
11588, 22.5527
11589, 22.5527
11590, 22.5541
11591, 22.5551
11592, 22.5556
11593, 22.5556
11594, 22.5561
11595, 22.5565
11596, 22.5575
11597, 22.558
11598, 22.5599
11599, 22.5603
11600, 22.5632
11601, 22.5632
11602, 22.5632
11603, 22.5646
11604, 22.5651
11605, 22.5656
11606, 22.5656
11607, 22.5694
11608, 22.5699
11609, 22.5699
11610, 22.5699
11611, 22.5713
11612, 22.5713
11613, 22.5713
11614, 22.5722
11615, 22.5722
11616, 22.5732
11617, 22.5732
11618, 22.5732
11619, 22.5737
11620, 22.5751
11621, 22.578
11622, 22.5784
11623, 22.5789
11624, 22.5808
11625, 22.5813
11626, 22.5832
11627, 22.5837
11628, 22.5841
11629, 22.5841
11630, 22.5841
11631, 22.5851
11632, 22.5856
11633, 22.5865
11634, 22.5865
11635, 22.5875
11636, 22.5875
11637, 22.5875
11638, 22.5894
11639, 22.5894
11640, 22.5908
11641, 22.5908
11642, 22.5913
11643, 22.5918
11644, 22.5918
11645, 22.5918
11646, 22.5927
11647, 22.5927
11648, 22.5927
11649, 22.5932
11650, 22.5941
11651, 22.5961
11652, 22.597
11653, 22.598
11654, 22.598
11655, 22.5984
11656, 22.5989
11657, 22.5989
11658, 22.5989
11659, 22.5994
11660, 22.6003
11661, 22.6003
11662, 22.6008
11663, 22.6022
11664, 22.6022
11665, 22.6027
11666, 22.6037
11667, 22.6046
11668, 22.6056
11669, 22.6056
11670, 22.6061
11671, 22.6061
11672, 22.6084
11673, 22.6094
11674, 22.6108
11675, 22.6113
11676, 22.6113
11677, 22.6118
11678, 22.6122
11679, 22.6122
11680, 22.6127
11681, 22.6132
11682, 22.6132
11683, 22.6146
11684, 22.6146
11685, 22.6151
11686, 22.6156
11687, 22.6156
11688, 22.6165
11689, 22.618
11690, 22.6184
11691, 22.6194
11692, 22.6203
11693, 22.6208
11694, 22.6232
11695, 22.6237
11696, 22.6237
11697, 22.6237
11698, 22.6241
11699, 22.6241
11700, 22.6246
11701, 22.6251
11702, 22.6251
11703, 22.6261
11704, 22.6265
11705, 22.627
11706, 22.627
11707, 22.627
11708, 22.6275
11709, 22.628
11710, 22.6284
11711, 22.6299
11712, 22.6308
11713, 22.6318
11714, 22.6318
11715, 22.6332
11716, 22.6332
11717, 22.6346
11718, 22.6346
11719, 22.6346
11720, 22.6356
11721, 22.6356
11722, 22.6365
11723, 22.6365
11724, 22.6389
11725, 22.6389
11726, 22.6403
11727, 22.6413
11728, 22.6437
11729, 22.6446
11730, 22.6451
11731, 22.6451
11732, 22.6451
11733, 22.6461
11734, 22.6489
11735, 22.6494
11736, 22.6518
11737, 22.6527
11738, 22.6527
11739, 22.6537
11740, 22.6537
11741, 22.6541
11742, 22.6546
11743, 22.6546
11744, 22.6551
11745, 22.6556
11746, 22.6565
11747, 22.6584
11748, 22.6599
11749, 22.6613
11750, 22.6627
11751, 22.6632
11752, 22.6632
11753, 22.6637
11754, 22.6637
11755, 22.6637
11756, 22.6641
11757, 22.6646
11758, 22.6651
11759, 22.6656
11760, 22.6665
11761, 22.667
11762, 22.667
11763, 22.6694
11764, 22.6699
11765, 22.6703
11766, 22.6703
11767, 22.6708
11768, 22.6713
11769, 22.6713
11770, 22.6746
11771, 22.6751
11772, 22.6756
11773, 22.6761
11774, 22.6775
11775, 22.6784
11776, 22.6784
11777, 22.6789
11778, 22.6799
11779, 22.6822
11780, 22.6827
11781, 22.6837
11782, 22.6837
11783, 22.6837
11784, 22.6841
11785, 22.6846
11786, 22.6851
11787, 22.6851
11788, 22.6861
11789, 22.6865
11790, 22.6884
11791, 22.6889
11792, 22.6894
11793, 22.6899
11794, 22.6899
11795, 22.6903
11796, 22.6903
11797, 22.6908
11798, 22.6918
11799, 22.6946
11800, 22.6946
11801, 22.6951
11802, 22.6956
11803, 22.6975
11804, 22.6984
11805, 22.6989
11806, 22.6989
11807, 22.6994
11808, 22.7003
11809, 22.7003
11810, 22.7008
11811, 22.7013
11812, 22.7022
11813, 22.7022
11814, 22.7027
11815, 22.7032
11816, 22.7041
11817, 22.7041
11818, 22.7041
11819, 22.7051
11820, 22.7065
11821, 22.7065
11822, 22.7065
11823, 22.7075
11824, 22.7094
11825, 22.7099
11826, 22.7103
11827, 22.7113
11828, 22.7113
11829, 22.7132
11830, 22.7137
11831, 22.7151
11832, 22.7156
11833, 22.7156
11834, 22.717
11835, 22.718
11836, 22.7184
11837, 22.7184
11838, 22.7203
11839, 22.7213
11840, 22.7218
11841, 22.7222
11842, 22.7222
11843, 22.7246
11844, 22.7246
11845, 22.7256
11846, 22.726
11847, 22.726
11848, 22.7265
11849, 22.727
11850, 22.727
11851, 22.7275
11852, 22.728
11853, 22.7284
11854, 22.7303
11855, 22.7308
11856, 22.7313
11857, 22.7327
11858, 22.7337
11859, 22.7337
11860, 22.7356
11861, 22.7356
11862, 22.736
11863, 22.736
11864, 22.736
11865, 22.7365
11866, 22.7365
11867, 22.737
11868, 22.7375
11869, 22.7384
11870, 22.7394
11871, 22.7403
11872, 22.7403
11873, 22.7413
11874, 22.7422
11875, 22.7427
11876, 22.7432
11877, 22.7437
11878, 22.7441
11879, 22.7451
11880, 22.7451
11881, 22.7451
11882, 22.7465
11883, 22.747
11884, 22.747
11885, 22.7475
11886, 22.748
11887, 22.7489
11888, 22.7503
11889, 22.7508
11890, 22.7508
11891, 22.7518
11892, 22.7518
11893, 22.7532
11894, 22.7537
11895, 22.7537
11896, 22.7541
11897, 22.7546
11898, 22.7551
11899, 22.7551
11900, 22.7556
11901, 22.757
11902, 22.7575
11903, 22.7589
11904, 22.7589
11905, 22.7603
11906, 22.7603
11907, 22.7608
11908, 22.7613
11909, 22.7622
11910, 22.7622
11911, 22.7632
11912, 22.7632
11913, 22.7637
11914, 22.7641
11915, 22.7656
11916, 22.7656
11917, 22.766
11918, 22.768
11919, 22.768
11920, 22.7684
11921, 22.7684
11922, 22.7713
11923, 22.7718
11924, 22.7718
11925, 22.7722
11926, 22.7732
11927, 22.7737
11928, 22.7751
11929, 22.7751
11930, 22.776
11931, 22.7765
11932, 22.7789
11933, 22.7808
11934, 22.7822
11935, 22.7827
11936, 22.7832
11937, 22.7841
11938, 22.7846
11939, 22.7856
11940, 22.786
11941, 22.7865
11942, 22.787
11943, 22.787
11944, 22.7875
11945, 22.788
11946, 22.7884
11947, 22.7889
11948, 22.7889
11949, 22.7889
11950, 22.7889
11951, 22.7903
11952, 22.7908
11953, 22.7908
11954, 22.7913
11955, 22.7913
11956, 22.7918
11957, 22.7922
11958, 22.7922
11959, 22.7937
11960, 22.7941
11961, 22.7946
11962, 22.796
11963, 22.7965
11964, 22.797
11965, 22.7975
11966, 22.7975
11967, 22.7975
11968, 22.7975
11969, 22.7994
11970, 22.7994
11971, 22.7994
11972, 22.7999
11973, 22.8022
11974, 22.8022
11975, 22.8032
11976, 22.8032
11977, 22.8037
11978, 22.8041
11979, 22.8041
11980, 22.8056
11981, 22.806
11982, 22.807
11983, 22.8075
11984, 22.808
11985, 22.8084
11986, 22.8089
11987, 22.8099
11988, 22.8099
11989, 22.8099
11990, 22.8103
11991, 22.8108
11992, 22.8122
11993, 22.8122
11994, 22.8132
11995, 22.8141
11996, 22.8146
11997, 22.8146
11998, 22.816
11999, 22.816
12000, 22.8165
12001, 22.818
12002, 22.818
12003, 22.8184
12004, 22.8194
12005, 22.8194
12006, 22.8222
12007, 22.8222
12008, 22.8227
12009, 22.8227
12010, 22.8232
12011, 22.8246
12012, 22.8246
12013, 22.8246
12014, 22.8251
12015, 22.826
12016, 22.827
12017, 22.827
12018, 22.8275
12019, 22.8284
12020, 22.8284
12021, 22.8289
12022, 22.8299
12023, 22.8313
12024, 22.8327
12025, 22.8332
12026, 22.8332
12027, 22.8337
12028, 22.8337
12029, 22.8341
12030, 22.8346
12031, 22.8346
12032, 22.8375
12033, 22.8384
12034, 22.8384
12035, 22.8403
12036, 22.8408
12037, 22.8408
12038, 22.8413
12039, 22.8422
12040, 22.8427
12041, 22.8427
12042, 22.8432
12043, 22.846
12044, 22.8465
12045, 22.847
12046, 22.8484
12047, 22.8489
12048, 22.8489
12049, 22.8489
12050, 22.8499
12051, 22.8508
12052, 22.8522
12053, 22.8532
12054, 22.8541
12055, 22.8565
12056, 22.858
12057, 22.8594
12058, 22.8594
12059, 22.8603
12060, 22.8603
12061, 22.8608
12062, 22.8613
12063, 22.8622
12064, 22.8632
12065, 22.8641
12066, 22.8646
12067, 22.8651
12068, 22.8651
12069, 22.8656
12070, 22.8665
12071, 22.8665
12072, 22.8675
12073, 22.868
12074, 22.8689
12075, 22.8694
12076, 22.8694
12077, 22.8699
12078, 22.8708
12079, 22.8708
12080, 22.8718
12081, 22.8718
12082, 22.8737
12083, 22.8741
12084, 22.8746
12085, 22.876
12086, 22.8775
12087, 22.8794
12088, 22.8794
12089, 22.8799
12090, 22.8799
12091, 22.8803
12092, 22.8813
12093, 22.8818
12094, 22.8818
12095, 22.8827
12096, 22.8837
12097, 22.8837
12098, 22.8851
12099, 22.8856
12100, 22.887
12101, 22.8875
12102, 22.8879
12103, 22.8884
12104, 22.8889
12105, 22.8894
12106, 22.8922
12107, 22.8937
12108, 22.8941
12109, 22.8941
12110, 22.8941
12111, 22.8951
12112, 22.8951
12113, 22.896
12114, 22.896
12115, 22.8965
12116, 22.897
12117, 22.8979
12118, 22.8994
12119, 22.8999
12120, 22.8999
12121, 22.9003
12122, 22.9003
12123, 22.9008
12124, 22.9008
12125, 22.9018
12126, 22.9032
12127, 22.9037
12128, 22.9046
12129, 22.907
12130, 22.9075
12131, 22.9079
12132, 22.9079
12133, 22.9084
12134, 22.9084
12135, 22.9084
12136, 22.9084
12137, 22.9089
12138, 22.9094
12139, 22.9099
12140, 22.9099
12141, 22.9103
12142, 22.9103
12143, 22.9108
12144, 22.9113
12145, 22.9113
12146, 22.9118
12147, 22.9122
12148, 22.9122
12149, 22.9137
12150, 22.9146
12151, 22.9146
12152, 22.9146
12153, 22.9146
12154, 22.9146
12155, 22.9151
12156, 22.9151
12157, 22.9156
12158, 22.916
12159, 22.916
12160, 22.9175
12161, 22.9184
12162, 22.9189
12163, 22.9194
12164, 22.9199
12165, 22.9208
12166, 22.9208
12167, 22.9213
12168, 22.9227
12169, 22.9227
12170, 22.9232
12171, 22.9232
12172, 22.9232
12173, 22.9251
12174, 22.9256
12175, 22.9275
12176, 22.9279
12177, 22.9279
12178, 22.9299
12179, 22.9303
12180, 22.9313
12181, 22.9332
12182, 22.9337
12183, 22.9337
12184, 22.9341
12185, 22.9346
12186, 22.9346
12187, 22.9351
12188, 22.9351
12189, 22.936
12190, 22.936
12191, 22.9365
12192, 22.9375
12193, 22.9375
12194, 22.9384
12195, 22.9403
12196, 22.9403
12197, 22.9408
12198, 22.9413
12199, 22.9413
12200, 22.9413
12201, 22.9413
12202, 22.9418
12203, 22.9451
12204, 22.9451
12205, 22.9456
12206, 22.9489
12207, 22.9503
12208, 22.9503
12209, 22.9508
12210, 22.9508
12211, 22.9522
12212, 22.9532
12213, 22.9532
12214, 22.9537
12215, 22.9541
12216, 22.9546
12217, 22.9546
12218, 22.9551
12219, 22.9551
12220, 22.9556
12221, 22.9556
12222, 22.956
12223, 22.956
12224, 22.957
12225, 22.9584
12226, 22.9594
12227, 22.9603
12228, 22.9603
12229, 22.9608
12230, 22.9618
12231, 22.9622
12232, 22.9627
12233, 22.9637
12234, 22.9646
12235, 22.9646
12236, 22.9656
12237, 22.966
12238, 22.966
12239, 22.9665
12240, 22.967
12241, 22.9689
12242, 22.9689
12243, 22.9689
12244, 22.9699
12245, 22.9718
12246, 22.9722
12247, 22.9722
12248, 22.9727
12249, 22.9727
12250, 22.9751
12251, 22.976
12252, 22.976
12253, 22.9779
12254, 22.9808
12255, 22.9813
12256, 22.9827
12257, 22.9837
12258, 22.9837
12259, 22.9856
12260, 22.986
12261, 22.986
12262, 22.9865
12263, 22.9879
12264, 22.9889
12265, 22.9889
12266, 22.9899
12267, 22.9899
12268, 22.9908
12269, 22.9908
12270, 22.9913
12271, 22.9922
12272, 22.9927
12273, 22.9927
12274, 22.9932
12275, 22.9932
12276, 22.9946
12277, 22.9951
12278, 22.9956
12279, 22.9965
12280, 22.9984
12281, 22.9989
12282, 22.9989
12283, 22.9994
12284, 22.9994
12285, 22.9999
12286, 23.0008
12287, 23.0008
12288, 23.0013
12289, 23.0013
12290, 23.0013
12291, 23.0022
12292, 23.0032
12293, 23.0032
12294, 23.0037
12295, 23.0037
12296, 23.0046
12297, 23.0065
12298, 23.007
12299, 23.0089
12300, 23.0108
12301, 23.0113
12302, 23.0122
12303, 23.0127
12304, 23.0132
12305, 23.0137
12306, 23.0141
12307, 23.0146
12308, 23.016
12309, 23.0165
12310, 23.0194
12311, 23.0194
12312, 23.0213
12313, 23.0241
12314, 23.0241
12315, 23.0241
12316, 23.0251
12317, 23.0256
12318, 23.027
12319, 23.0275
12320, 23.0275
12321, 23.0294
12322, 23.0294
12323, 23.0299
12324, 23.0299
12325, 23.0299
12326, 23.0303
12327, 23.0308
12328, 23.0313
12329, 23.0327
12330, 23.0337
12331, 23.0346
12332, 23.0351
12333, 23.0356
12334, 23.036
12335, 23.036
12336, 23.0365
12337, 23.0399
12338, 23.0408
12339, 23.0408
12340, 23.0432
12341, 23.0441
12342, 23.0446
12343, 23.0446
12344, 23.0456
12345, 23.046
12346, 23.046
12347, 23.0465
12348, 23.0475
12349, 23.0479
12350, 23.0489
12351, 23.0489
12352, 23.0494
12353, 23.0499
12354, 23.0499
12355, 23.0527
12356, 23.0532
12357, 23.0541
12358, 23.0546
12359, 23.0556
12360, 23.0556
12361, 23.0556
12362, 23.0556
12363, 23.056
12364, 23.0575
12365, 23.0575
12366, 23.0584
12367, 23.0589
12368, 23.0599
12369, 23.0599
12370, 23.0603
12371, 23.0608
12372, 23.0608
12373, 23.0618
12374, 23.0618
12375, 23.0627
12376, 23.0627
12377, 23.0646
12378, 23.0656
12379, 23.066
12380, 23.0665
12381, 23.067
12382, 23.0679
12383, 23.0684
12384, 23.0694
12385, 23.0694
12386, 23.0713
12387, 23.0718
12388, 23.0732
12389, 23.0737
12390, 23.0741
12391, 23.0741
12392, 23.0746
12393, 23.0751
12394, 23.0756
12395, 23.0756
12396, 23.077
12397, 23.077
12398, 23.077
12399, 23.0775
12400, 23.0775
12401, 23.0775
12402, 23.0784
12403, 23.0798
12404, 23.0798
12405, 23.0798
12406, 23.0803
12407, 23.0818
12408, 23.0818
12409, 23.0827
12410, 23.0827
12411, 23.0832
12412, 23.0832
12413, 23.086
12414, 23.087
12415, 23.0875
12416, 23.0884
12417, 23.0889
12418, 23.0894
12419, 23.0898
12420, 23.0898
12421, 23.0903
12422, 23.0903
12423, 23.0913
12424, 23.0918
12425, 23.0918
12426, 23.0922
12427, 23.0927
12428, 23.0927
12429, 23.0927
12430, 23.0937
12431, 23.0941
12432, 23.0941
12433, 23.096
12434, 23.0965
12435, 23.0979
12436, 23.0984
12437, 23.1008
12438, 23.1013
12439, 23.1027
12440, 23.1027
12441, 23.1027
12442, 23.1027
12443, 23.106
12444, 23.106
12445, 23.107
12446, 23.107
12447, 23.1075
12448, 23.1075
12449, 23.1079
12450, 23.1084
12451, 23.1084
12452, 23.1103
12453, 23.1113
12454, 23.1127
12455, 23.1132
12456, 23.1156
12457, 23.116
12458, 23.1165
12459, 23.1165
12460, 23.1175
12461, 23.1198
12462, 23.1208
12463, 23.1208
12464, 23.1213
12465, 23.1218
12466, 23.1227
12467, 23.1232
12468, 23.1232
12469, 23.1232
12470, 23.1237
12471, 23.126
12472, 23.1279
12473, 23.1279
12474, 23.1289
12475, 23.1298
12476, 23.1308
12477, 23.1308
12478, 23.1313
12479, 23.1318
12480, 23.1327
12481, 23.1327
12482, 23.1332
12483, 23.1332
12484, 23.1346
12485, 23.1346
12486, 23.136
12487, 23.1375
12488, 23.1384
12489, 23.1394
12490, 23.1403
12491, 23.1403
12492, 23.1408
12493, 23.1408
12494, 23.1413
12495, 23.1422
12496, 23.1422
12497, 23.1427
12498, 23.1427
12499, 23.1432
12500, 23.1437
12501, 23.1441
12502, 23.1446
12503, 23.1451
12504, 23.146
12505, 23.1475
12506, 23.1475
12507, 23.1479
12508, 23.1479
12509, 23.1494
12510, 23.1503
12511, 23.1518
12512, 23.1537
12513, 23.1546
12514, 23.1546
12515, 23.1551
12516, 23.1551
12517, 23.156
12518, 23.1575
12519, 23.1584
12520, 23.1584
12521, 23.1584
12522, 23.1603
12523, 23.1603
12524, 23.1608
12525, 23.1613
12526, 23.1618
12527, 23.1622
12528, 23.1622
12529, 23.1622
12530, 23.1651
12531, 23.1656
12532, 23.166
12533, 23.1665
12534, 23.167
12535, 23.167
12536, 23.1675
12537, 23.1703
12538, 23.1708
12539, 23.1708
12540, 23.1708
12541, 23.1727
12542, 23.1732
12543, 23.1732
12544, 23.1732
12545, 23.1741
12546, 23.1751
12547, 23.1751
12548, 23.176
12549, 23.1765
12550, 23.177
12551, 23.1789
12552, 23.1803
12553, 23.1803
12554, 23.1813
12555, 23.1813
12556, 23.1818
12557, 23.1822
12558, 23.1827
12559, 23.1832
12560, 23.1837
12561, 23.1856
12562, 23.1889
12563, 23.1898
12564, 23.1922
12565, 23.1922
12566, 23.1922
12567, 23.1932
12568, 23.1932
12569, 23.1932
12570, 23.1937
12571, 23.1951
12572, 23.1956
12573, 23.1965
12574, 23.1965
12575, 23.1965
12576, 23.1975
12577, 23.1975
12578, 23.1984
12579, 23.1994
12580, 23.1998
12581, 23.2013
12582, 23.2018
12583, 23.2027
12584, 23.2027
12585, 23.2027
12586, 23.2041
12587, 23.2041
12588, 23.2046
12589, 23.2051
12590, 23.2051
12591, 23.2075
12592, 23.2084
12593, 23.2103
12594, 23.2103
12595, 23.2108
12596, 23.2122
12597, 23.2141
12598, 23.2141
12599, 23.2146
12600, 23.2146
12601, 23.2156
12602, 23.2156
12603, 23.216
12604, 23.216
12605, 23.217
12606, 23.217
12607, 23.217
12608, 23.217
12609, 23.2179
12610, 23.2179
12611, 23.2179
12612, 23.2189
12613, 23.2203
12614, 23.2203
12615, 23.2208
12616, 23.2208
12617, 23.2213
12618, 23.2213
12619, 23.2213
12620, 23.2218
12621, 23.2222
12622, 23.2237
12623, 23.2237
12624, 23.2246
12625, 23.2251
12626, 23.2251
12627, 23.2256
12628, 23.226
12629, 23.226
12630, 23.2289
12631, 23.2298
12632, 23.2298
12633, 23.2308
12634, 23.2308
12635, 23.2313
12636, 23.2327
12637, 23.2327
12638, 23.2337
12639, 23.2346
12640, 23.2351
12641, 23.2351
12642, 23.2356
12643, 23.2356
12644, 23.236
12645, 23.2365
12646, 23.237
12647, 23.2384
12648, 23.2394
12649, 23.2398
12650, 23.2398
12651, 23.2408
12652, 23.2413
12653, 23.2422
12654, 23.2437
12655, 23.2441
12656, 23.2451
12657, 23.2451
12658, 23.2456
12659, 23.246
12660, 23.246
12661, 23.2475
12662, 23.2494
12663, 23.2508
12664, 23.2513
12665, 23.2513
12666, 23.2517
12667, 23.2517
12668, 23.2517
12669, 23.2532
12670, 23.2541
12671, 23.2551
12672, 23.2556
12673, 23.256
12674, 23.257
12675, 23.257
12676, 23.257
12677, 23.2575
12678, 23.2589
12679, 23.2589
12680, 23.2613
12681, 23.2617
12682, 23.2627
12683, 23.2627
12684, 23.2641
12685, 23.2665
12686, 23.2675
12687, 23.2675
12688, 23.2684
12689, 23.2689
12690, 23.2689
12691, 23.2694
12692, 23.2722
12693, 23.2727
12694, 23.2751
12695, 23.2751
12696, 23.2751
12697, 23.2756
12698, 23.2775
12699, 23.2784
12700, 23.2794
12701, 23.2803
12702, 23.2808
12703, 23.2827
12704, 23.2827
12705, 23.2832
12706, 23.2832
12707, 23.2841
12708, 23.286
12709, 23.2879
12710, 23.2898
12711, 23.2917
12712, 23.2922
12713, 23.2937
12714, 23.2941
12715, 23.2946
12716, 23.2956
12717, 23.296
12718, 23.2975
12719, 23.2975
12720, 23.2984
12721, 23.2984
12722, 23.2989
12723, 23.2994
12724, 23.3013
12725, 23.3013
12726, 23.3017
12727, 23.3017
12728, 23.3041
12729, 23.3056
12730, 23.306
12731, 23.306
12732, 23.3075
12733, 23.3075
12734, 23.3079
12735, 23.3094
12736, 23.3098
12737, 23.3113
12738, 23.3117
12739, 23.3117
12740, 23.3122
12741, 23.3132
12742, 23.3141
12743, 23.316
12744, 23.316
12745, 23.317
12746, 23.3175
12747, 23.3179
12748, 23.3184
12749, 23.3189
12750, 23.3194
12751, 23.3203
12752, 23.3217
12753, 23.3251
12754, 23.3251
12755, 23.326
12756, 23.3275
12757, 23.3294
12758, 23.3298
12759, 23.3322
12760, 23.3327
12761, 23.3332
12762, 23.3337
12763, 23.3341
12764, 23.3365
12765, 23.3375
12766, 23.3379
12767, 23.3394
12768, 23.3394
12769, 23.3394
12770, 23.3394
12771, 23.3403
12772, 23.3403
12773, 23.3413
12774, 23.3432
12775, 23.3437
12776, 23.3456
12777, 23.3456
12778, 23.346
12779, 23.3484
12780, 23.3484
12781, 23.3494
12782, 23.3494
12783, 23.3498
12784, 23.3503
12785, 23.3503
12786, 23.3522
12787, 23.3537
12788, 23.3551
12789, 23.3575
12790, 23.3575
12791, 23.3584
12792, 23.3589
12793, 23.3594
12794, 23.3594
12795, 23.3594
12796, 23.3598
12797, 23.3613
12798, 23.3632
12799, 23.3641
12800, 23.3646
12801, 23.3651
12802, 23.3656
12803, 23.366
12804, 23.3689
12805, 23.3689
12806, 23.3694
12807, 23.3698
12808, 23.3741
12809, 23.3751
12810, 23.3756
12811, 23.3765
12812, 23.377
12813, 23.377
12814, 23.3784
12815, 23.3789
12816, 23.3798
12817, 23.3803
12818, 23.3813
12819, 23.3822
12820, 23.3822
12821, 23.3837
12822, 23.3841
12823, 23.3851
12824, 23.3856
12825, 23.387
12826, 23.3884
12827, 23.3889
12828, 23.3894
12829, 23.3903
12830, 23.3908
12831, 23.3913
12832, 23.3913
12833, 23.3917
12834, 23.3922
12835, 23.3927
12836, 23.3937
12837, 23.3937
12838, 23.3965
12839, 23.3984
12840, 23.3989
12841, 23.3994
12842, 23.3998
12843, 23.4008
12844, 23.4041
12845, 23.4051
12846, 23.4065
12847, 23.4065
12848, 23.4065
12849, 23.4075
12850, 23.4079
12851, 23.4084
12852, 23.4089
12853, 23.4098
12854, 23.4098
12855, 23.4108
12856, 23.4113
12857, 23.4113
12858, 23.4113
12859, 23.4117
12860, 23.4117
12861, 23.4127
12862, 23.4127
12863, 23.4127
12864, 23.4146
12865, 23.4146
12866, 23.4151
12867, 23.4156
12868, 23.4198
12869, 23.4208
12870, 23.4213
12871, 23.4217
12872, 23.4217
12873, 23.4222
12874, 23.4227
12875, 23.4236
12876, 23.4241
12877, 23.4246
12878, 23.4246
12879, 23.4251
12880, 23.4256
12881, 23.426
12882, 23.4275
12883, 23.4279
12884, 23.4284
12885, 23.4284
12886, 23.4294
12887, 23.4298
12888, 23.4313
12889, 23.4317
12890, 23.4322
12891, 23.4322
12892, 23.4322
12893, 23.4327
12894, 23.4341
12895, 23.4346
12896, 23.4346
12897, 23.4351
12898, 23.4356
12899, 23.4375
12900, 23.4379
12901, 23.4389
12902, 23.4398
12903, 23.4413
12904, 23.4417
12905, 23.4422
12906, 23.4422
12907, 23.4427
12908, 23.4432
12909, 23.4436
12910, 23.4436
12911, 23.4451
12912, 23.4451
12913, 23.4456
12914, 23.4484
12915, 23.4498
12916, 23.4513
12917, 23.4513
12918, 23.4517
12919, 23.4527
12920, 23.4536
12921, 23.4536
12922, 23.4546
12923, 23.4551
12924, 23.456
12925, 23.456
12926, 23.456
12927, 23.4565
12928, 23.4575
12929, 23.4575
12930, 23.4575
12931, 23.4598
12932, 23.4603
12933, 23.4613
12934, 23.4613
12935, 23.4622
12936, 23.4622
12937, 23.4622
12938, 23.4622
12939, 23.467
12940, 23.4703
12941, 23.4713
12942, 23.4713
12943, 23.4717
12944, 23.4727
12945, 23.4727
12946, 23.4732
12947, 23.4741
12948, 23.4746
12949, 23.4751
12950, 23.476
12951, 23.4775
12952, 23.4779
12953, 23.4784
12954, 23.4794
12955, 23.4798
12956, 23.4803
12957, 23.4803
12958, 23.4803
12959, 23.4808
12960, 23.4813
12961, 23.4822
12962, 23.4822
12963, 23.4822
12964, 23.4827
12965, 23.4832
12966, 23.4836
12967, 23.4841
12968, 23.4841
12969, 23.4846
12970, 23.4856
12971, 23.486
12972, 23.4865
12973, 23.487
12974, 23.4879
12975, 23.4884
12976, 23.4889
12977, 23.4894
12978, 23.4898
12979, 23.4917
12980, 23.4922
12981, 23.4927
12982, 23.4932
12983, 23.4951
12984, 23.4956
12985, 23.4956
12986, 23.496
12987, 23.496
12988, 23.4965
12989, 23.4965
12990, 23.4984
12991, 23.4989
12992, 23.5013
12993, 23.5022
12994, 23.5036
12995, 23.5036
12996, 23.5051
12997, 23.5051
12998, 23.5056
12999, 23.506
13000, 23.5075
13001, 23.5079
13002, 23.5084
13003, 23.5094
13004, 23.5098
13005, 23.5098
13006, 23.5113
13007, 23.5122
13008, 23.5122
13009, 23.5127
13010, 23.5141
13011, 23.5146
13012, 23.5151
13013, 23.5165
13014, 23.5179
13015, 23.5194
13016, 23.5203
13017, 23.5213
13018, 23.5251
13019, 23.5251
13020, 23.5251
13021, 23.526
13022, 23.5279
13023, 23.5294
13024, 23.5294
13025, 23.5303
13026, 23.5308
13027, 23.5308
13028, 23.5317
13029, 23.5332
13030, 23.5332
13031, 23.5341
13032, 23.536
13033, 23.5384
13034, 23.5403
13035, 23.5408
13036, 23.5422
13037, 23.5422
13038, 23.5427
13039, 23.5446
13040, 23.5451
13041, 23.5465
13042, 23.5475
13043, 23.5475
13044, 23.5475
13045, 23.5489
13046, 23.5489
13047, 23.5494
13048, 23.5508
13049, 23.5508
13050, 23.5513
13051, 23.5517
13052, 23.5522
13053, 23.5527
13054, 23.5527
13055, 23.5536
13056, 23.5536
13057, 23.5536
13058, 23.5546
13059, 23.5565
13060, 23.5565
13061, 23.5584
13062, 23.5594
13063, 23.5598
13064, 23.5603
13065, 23.5632
13066, 23.5656
13067, 23.5656
13068, 23.566
13069, 23.5675
13070, 23.5675
13071, 23.5694
13072, 23.5698
13073, 23.5703
13074, 23.5703
13075, 23.5708
13076, 23.5717
13077, 23.5717
13078, 23.5732
13079, 23.5732
13080, 23.5741
13081, 23.5756
13082, 23.576
13083, 23.5765
13084, 23.5784
13085, 23.5817
13086, 23.5832
13087, 23.5832
13088, 23.5846
13089, 23.5851
13090, 23.5856
13091, 23.586
13092, 23.5865
13093, 23.587
13094, 23.5894
13095, 23.5898
13096, 23.5898
13097, 23.5898
13098, 23.5903
13099, 23.5922
13100, 23.5932
13101, 23.5941
13102, 23.5979
13103, 23.5979
13104, 23.5984
13105, 23.5994
13106, 23.5998
13107, 23.5998
13108, 23.6003
13109, 23.6008
13110, 23.6013
13111, 23.6017
13112, 23.6017
13113, 23.6022
13114, 23.6022
13115, 23.6027
13116, 23.6036
13117, 23.6036
13118, 23.6046
13119, 23.6046
13120, 23.606
13121, 23.606
13122, 23.6065
13123, 23.607
13124, 23.607
13125, 23.6079
13126, 23.6084
13127, 23.6094
13128, 23.6108
13129, 23.6117
13130, 23.6117
13131, 23.6136
13132, 23.6146
13133, 23.6155
13134, 23.6165
13135, 23.617
13136, 23.6194
13137, 23.6198
13138, 23.6208
13139, 23.6217
13140, 23.6236
13141, 23.6236
13142, 23.6241
13143, 23.6246
13144, 23.6246
13145, 23.6246
13146, 23.6279
13147, 23.6284
13148, 23.6294
13149, 23.6298
13150, 23.6298
13151, 23.6317
13152, 23.6332
13153, 23.6336
13154, 23.6351
13155, 23.6355
13156, 23.6355
13157, 23.637
13158, 23.6384
13159, 23.6398
13160, 23.6403
13161, 23.6408
13162, 23.6422
13163, 23.6441
13164, 23.6446
13165, 23.6446
13166, 23.6451
13167, 23.6451
13168, 23.647
13169, 23.6475
13170, 23.6479
13171, 23.6484
13172, 23.6489
13173, 23.6489
13174, 23.6494
13175, 23.6503
13176, 23.6503
13177, 23.6532
13178, 23.6536
13179, 23.6536
13180, 23.6546
13181, 23.6551
13182, 23.6555
13183, 23.6555
13184, 23.6555
13185, 23.656
13186, 23.656
13187, 23.6575
13188, 23.6594
13189, 23.6598
13190, 23.6603
13191, 23.6608
13192, 23.6622
13193, 23.6627
13194, 23.6632
13195, 23.6632
13196, 23.6641
13197, 23.6641
13198, 23.6641
13199, 23.6646
13200, 23.6651
13201, 23.6655
13202, 23.666
13203, 23.666
13204, 23.6665
13205, 23.667
13206, 23.6679
13207, 23.6684
13208, 23.6698
13209, 23.6713
13210, 23.6717
13211, 23.6717
13212, 23.6736
13213, 23.6741
13214, 23.6751
13215, 23.6755
13216, 23.6765
13217, 23.677
13218, 23.6779
13219, 23.6779
13220, 23.6789
13221, 23.6794
13222, 23.6798
13223, 23.6813
13224, 23.6827
13225, 23.6827
13226, 23.6836
13227, 23.6851
13228, 23.6851
13229, 23.6855
13230, 23.6865
13231, 23.6879
13232, 23.6908
13233, 23.6913
13234, 23.6922
13235, 23.6922
13236, 23.6932
13237, 23.6932
13238, 23.6951
13239, 23.6955
13240, 23.6955
13241, 23.696
13242, 23.697
13243, 23.697
13244, 23.6975
13245, 23.6979
13246, 23.6998
13247, 23.6998
13248, 23.6998
13249, 23.7003
13250, 23.7017
13251, 23.7027
13252, 23.7032
13253, 23.7032
13254, 23.7041
13255, 23.7046
13256, 23.7051
13257, 23.7055
13258, 23.706
13259, 23.7079
13260, 23.7089
13261, 23.7094
13262, 23.7103
13263, 23.7108
13264, 23.7113
13265, 23.7117
13266, 23.7122
13267, 23.7122
13268, 23.7127
13269, 23.7127
13270, 23.7127
13271, 23.7136
13272, 23.7146
13273, 23.716
13274, 23.716
13275, 23.7184
13276, 23.7208
13277, 23.7227
13278, 23.7241
13279, 23.7246
13280, 23.7251
13281, 23.726
13282, 23.727
13283, 23.7275
13284, 23.7275
13285, 23.7275
13286, 23.7279
13287, 23.7284
13288, 23.7289
13289, 23.7303
13290, 23.7332
13291, 23.7332
13292, 23.7351
13293, 23.7355
13294, 23.7365
13295, 23.7365
13296, 23.737
13297, 23.7379
13298, 23.7379
13299, 23.7379
13300, 23.7384
13301, 23.7389
13302, 23.7398
13303, 23.7403
13304, 23.7432
13305, 23.7446
13306, 23.7446
13307, 23.7451
13308, 23.7479
13309, 23.7503
13310, 23.7517
13311, 23.7517
13312, 23.7522
13313, 23.7522
13314, 23.7527
13315, 23.7532
13316, 23.7546
13317, 23.7551
13318, 23.7551
13319, 23.7555
13320, 23.7565
13321, 23.7579
13322, 23.7584
13323, 23.7584
13324, 23.7608
13325, 23.7636
13326, 23.7641
13327, 23.7641
13328, 23.7655
13329, 23.7665
13330, 23.7674
13331, 23.7679
13332, 23.7684
13333, 23.7684
13334, 23.7689
13335, 23.7689
13336, 23.7708
13337, 23.7727
13338, 23.7746
13339, 23.7751
13340, 23.777
13341, 23.7779
13342, 23.7779
13343, 23.7784
13344, 23.7789
13345, 23.7798
13346, 23.7803
13347, 23.7817
13348, 23.7817
13349, 23.7822
13350, 23.7827
13351, 23.7832
13352, 23.7836
13353, 23.7846
13354, 23.7865
13355, 23.787
13356, 23.7884
13357, 23.7884
13358, 23.7894
13359, 23.7903
13360, 23.7922
13361, 23.7941
13362, 23.7965
13363, 23.797
13364, 23.797
13365, 23.7984
13366, 23.7989
13367, 23.7994
13368, 23.7994
13369, 23.7994
13370, 23.7994
13371, 23.7998
13372, 23.8013
13373, 23.8017
13374, 23.8022
13375, 23.8022
13376, 23.8027
13377, 23.8032
13378, 23.8032
13379, 23.8036
13380, 23.8041
13381, 23.8051
13382, 23.806
13383, 23.806
13384, 23.806
13385, 23.807
13386, 23.807
13387, 23.8074
13388, 23.8089
13389, 23.8098
13390, 23.8103
13391, 23.8108
13392, 23.8108
13393, 23.8113
13394, 23.8113
13395, 23.8117
13396, 23.8122
13397, 23.8127
13398, 23.8127
13399, 23.8132
13400, 23.8136
13401, 23.8151
13402, 23.8165
13403, 23.8213
13404, 23.8222
13405, 23.8232
13406, 23.8236
13407, 23.8236
13408, 23.8246
13409, 23.8246
13410, 23.8251
13411, 23.827
13412, 23.8279
13413, 23.8279
13414, 23.8294
13415, 23.8298
13416, 23.8303
13417, 23.8303
13418, 23.8308
13419, 23.8308
13420, 23.8317
13421, 23.8327
13422, 23.8336
13423, 23.8351
13424, 23.836
13425, 23.836
13426, 23.8374
13427, 23.8394
13428, 23.8398
13429, 23.8422
13430, 23.8432
13431, 23.8441
13432, 23.8441
13433, 23.8446
13434, 23.8446
13435, 23.8451
13436, 23.8455
13437, 23.847
13438, 23.847
13439, 23.847
13440, 23.8513
13441, 23.8522
13442, 23.8522
13443, 23.8522
13444, 23.8527
13445, 23.8546
13446, 23.8574
13447, 23.8584
13448, 23.8594
13449, 23.8594
13450, 23.8608
13451, 23.8608
13452, 23.8613
13453, 23.8613
13454, 23.8613
13455, 23.8646
13456, 23.8651
13457, 23.866
13458, 23.8665
13459, 23.8679
13460, 23.8684
13461, 23.8684
13462, 23.8689
13463, 23.8689
13464, 23.8694
13465, 23.8698
13466, 23.8713
13467, 23.8713
13468, 23.8727
13469, 23.8732
13470, 23.8732
13471, 23.8736
13472, 23.8765
13473, 23.8774
13474, 23.8808
13475, 23.8808
13476, 23.8808
13477, 23.8813
13478, 23.8822
13479, 23.8827
13480, 23.8832
13481, 23.8836
13482, 23.8836
13483, 23.8836
13484, 23.8851
13485, 23.886
13486, 23.8865
13487, 23.8865
13488, 23.8865
13489, 23.8874
13490, 23.8879
13491, 23.8894
13492, 23.8894
13493, 23.8908
13494, 23.8913
13495, 23.8922
13496, 23.8927
13497, 23.8941
13498, 23.8955
13499, 23.897
13500, 23.8974
13501, 23.8974
13502, 23.8984
13503, 23.8989
13504, 23.8994
13505, 23.8994
13506, 23.9022
13507, 23.9046
13508, 23.9046
13509, 23.9055
13510, 23.9084
13511, 23.9098
13512, 23.9122
13513, 23.9127
13514, 23.9132
13515, 23.9151
13516, 23.9155
13517, 23.9155
13518, 23.916
13519, 23.916
13520, 23.9165
13521, 23.9165
13522, 23.917
13523, 23.9179
13524, 23.9189
13525, 23.9208
13526, 23.9213
13527, 23.9232
13528, 23.9236
13529, 23.927
13530, 23.927
13531, 23.9274
13532, 23.9274
13533, 23.9279
13534, 23.9298
13535, 23.9298
13536, 23.9303
13537, 23.9303
13538, 23.9308
13539, 23.9317
13540, 23.9317
13541, 23.9322
13542, 23.9322
13543, 23.9327
13544, 23.9346
13545, 23.9351
13546, 23.9365
13547, 23.937
13548, 23.9374
13549, 23.9374
13550, 23.9389
13551, 23.9408
13552, 23.9432
13553, 23.9432
13554, 23.9432
13555, 23.9432
13556, 23.9432
13557, 23.9446
13558, 23.9451
13559, 23.947
13560, 23.947
13561, 23.9479
13562, 23.9489
13563, 23.9503
13564, 23.9508
13565, 23.9508
13566, 23.9517
13567, 23.9522
13568, 23.9541
13569, 23.9546
13570, 23.9574
13571, 23.9574
13572, 23.9584
13573, 23.9593
13574, 23.9603
13575, 23.9608
13576, 23.9613
13577, 23.9632
13578, 23.9636
13579, 23.9641
13580, 23.9646
13581, 23.9655
13582, 23.9665
13583, 23.9679
13584, 23.9689
13585, 23.9689
13586, 23.9713
13587, 23.9713
13588, 23.9717
13589, 23.9727
13590, 23.9741
13591, 23.9746
13592, 23.9751
13593, 23.976
13594, 23.976
13595, 23.976
13596, 23.9789
13597, 23.9793
13598, 23.9798
13599, 23.9808
13600, 23.9817
13601, 23.9827
13602, 23.9827
13603, 23.9832
13604, 23.9841
13605, 23.9855
13606, 23.9908
13607, 23.9913
13608, 23.9922
13609, 23.9927
13610, 23.9936
13611, 23.9941
13612, 23.9941
13613, 23.9946
13614, 23.9951
13615, 23.9955
13616, 23.997
13617, 23.9974
13618, 23.9974
13619, 23.9984
13620, 23.9993
13621, 23.9998
13622, 23.9998
13623, 24.0022
13624, 24.0022
13625, 24.0032
13626, 24.0032
13627, 24.0065
13628, 24.0074
13629, 24.0074
13630, 24.0084
13631, 24.0093
13632, 24.0098
13633, 24.0108
13634, 24.0122
13635, 24.0122
13636, 24.0155
13637, 24.016
13638, 24.0184
13639, 24.0184
13640, 24.0193
13641, 24.0222
13642, 24.0232
13643, 24.0236
13644, 24.0246
13645, 24.0246
13646, 24.0246
13647, 24.0251
13648, 24.0255
13649, 24.026
13650, 24.0274
13651, 24.0274
13652, 24.0298
13653, 24.0298
13654, 24.0313
13655, 24.0317
13656, 24.0317
13657, 24.0322
13658, 24.0336
13659, 24.0341
13660, 24.0351
13661, 24.0355
13662, 24.0393
13663, 24.0398
13664, 24.0403
13665, 24.0417
13666, 24.0417
13667, 24.0422
13668, 24.0436
13669, 24.0455
13670, 24.0455
13671, 24.0474
13672, 24.0479
13673, 24.0484
13674, 24.0493
13675, 24.0522
13676, 24.0527
13677, 24.0541
13678, 24.0555
13679, 24.057
13680, 24.0589
13681, 24.0593
13682, 24.0622
13683, 24.0632
13684, 24.0655
13685, 24.0665
13686, 24.067
13687, 24.0674
13688, 24.0684
13689, 24.0689
13690, 24.0693
13691, 24.0703
13692, 24.0713
13693, 24.0727
13694, 24.0727
13695, 24.0727
13696, 24.0732
13697, 24.0741
13698, 24.0755
13699, 24.0755
13700, 24.077
13701, 24.0789
13702, 24.0832
13703, 24.0836
13704, 24.0846
13705, 24.0855
13706, 24.0855
13707, 24.086
13708, 24.0865
13709, 24.0874
13710, 24.0889
13711, 24.0893
13712, 24.0898
13713, 24.0922
13714, 24.0932
13715, 24.0936
13716, 24.096
13717, 24.0965
13718, 24.097
13719, 24.097
13720, 24.0974
13721, 24.0974
13722, 24.0974
13723, 24.0984
13724, 24.0984
13725, 24.0989
13726, 24.0993
13727, 24.1003
13728, 24.1013
13729, 24.1017
13730, 24.1032
13731, 24.1032
13732, 24.1041
13733, 24.1041
13734, 24.1051
13735, 24.106
13736, 24.106
13737, 24.1065
13738, 24.1065
13739, 24.1089
13740, 24.1089
13741, 24.1093
13742, 24.1132
13743, 24.1132
13744, 24.1136
13745, 24.1141
13746, 24.1146
13747, 24.1146
13748, 24.1151
13749, 24.116
13750, 24.1174
13751, 24.1179
13752, 24.1179
13753, 24.1184
13754, 24.1193
13755, 24.1222
13756, 24.1227
13757, 24.1232
13758, 24.1232
13759, 24.1236
13760, 24.1236
13761, 24.1241
13762, 24.1241
13763, 24.126
13764, 24.1265
13765, 24.1265
13766, 24.1279
13767, 24.1298
13768, 24.1308
13769, 24.1341
13770, 24.1346
13771, 24.1355
13772, 24.136
13773, 24.1365
13774, 24.1365
13775, 24.137
13776, 24.137
13777, 24.137
13778, 24.137
13779, 24.1384
13780, 24.1398
13781, 24.1422
13782, 24.1432
13783, 24.1441
13784, 24.1465
13785, 24.1465
13786, 24.1489
13787, 24.1493
13788, 24.1508
13789, 24.1527
13790, 24.1536
13791, 24.1536
13792, 24.1546
13793, 24.1551
13794, 24.1551
13795, 24.1555
13796, 24.157
13797, 24.1579
13798, 24.1579
13799, 24.1579
13800, 24.1584
13801, 24.1589
13802, 24.1589
13803, 24.1593
13804, 24.1593
13805, 24.1598
13806, 24.1627
13807, 24.1651
13808, 24.1651
13809, 24.166
13810, 24.166
13811, 24.1693
13812, 24.1693
13813, 24.1698
13814, 24.1698
13815, 24.1708
13816, 24.1722
13817, 24.1722
13818, 24.1746
13819, 24.176
13820, 24.176
13821, 24.177
13822, 24.177
13823, 24.1793
13824, 24.1798
13825, 24.1798
13826, 24.1798
13827, 24.1798
13828, 24.1812
13829, 24.186
13830, 24.186
13831, 24.186
13832, 24.1893
13833, 24.1908
13834, 24.1908
13835, 24.1908
13836, 24.1912
13837, 24.1917
13838, 24.1927
13839, 24.1932
13840, 24.1936
13841, 24.1951
13842, 24.1965
13843, 24.1965
13844, 24.1984
13845, 24.1989
13846, 24.1993
13847, 24.1993
13848, 24.1998
13849, 24.2008
13850, 24.2017
13851, 24.2022
13852, 24.2022
13853, 24.2032
13854, 24.2032
13855, 24.2036
13856, 24.2041
13857, 24.2055
13858, 24.2079
13859, 24.2089
13860, 24.2089
13861, 24.2103
13862, 24.2132
13863, 24.2155
13864, 24.2165
13865, 24.217
13866, 24.2174
13867, 24.2174
13868, 24.2179
13869, 24.2179
13870, 24.2189
13871, 24.2203
13872, 24.2208
13873, 24.2212
13874, 24.2217
13875, 24.2222
13876, 24.2236
13877, 24.2265
13878, 24.227
13879, 24.2274
13880, 24.2289
13881, 24.2293
13882, 24.2293
13883, 24.2298
13884, 24.2312
13885, 24.2317
13886, 24.2322
13887, 24.2322
13888, 24.2327
13889, 24.2341
13890, 24.2351
13891, 24.2374
13892, 24.2379
13893, 24.2422
13894, 24.2451
13895, 24.2455
13896, 24.2455
13897, 24.2465
13898, 24.2474
13899, 24.2498
13900, 24.2512
13901, 24.2517
13902, 24.2522
13903, 24.2527
13904, 24.2527
13905, 24.2541
13906, 24.2546
13907, 24.2555
13908, 24.256
13909, 24.256
13910, 24.257
13911, 24.257
13912, 24.2574
13913, 24.2579
13914, 24.2584
13915, 24.2593
13916, 24.2622
13917, 24.2632
13918, 24.2632
13919, 24.2646
13920, 24.2655
13921, 24.2655
13922, 24.266
13923, 24.266
13924, 24.2665
13925, 24.2679
13926, 24.2684
13927, 24.2712
13928, 24.2717
13929, 24.2736
13930, 24.2741
13931, 24.2751
13932, 24.2755
13933, 24.2755
13934, 24.277
13935, 24.2774
13936, 24.2789
13937, 24.2798
13938, 24.2808
13939, 24.2822
13940, 24.2832
13941, 24.2836
13942, 24.2851
13943, 24.2851
13944, 24.2851
13945, 24.2889
13946, 24.2893
13947, 24.2893
13948, 24.2898
13949, 24.2908
13950, 24.2912
13951, 24.2917
13952, 24.2917
13953, 24.2931
13954, 24.2931
13955, 24.2936
13956, 24.2946
13957, 24.2951
13958, 24.296
13959, 24.296
13960, 24.297
13961, 24.297
13962, 24.297
13963, 24.2979
13964, 24.2979
13965, 24.2984
13966, 24.2989
13967, 24.2989
13968, 24.3003
13969, 24.3027
13970, 24.3027
13971, 24.3041
13972, 24.3041
13973, 24.306
13974, 24.3079
13975, 24.3084
13976, 24.3108
13977, 24.3108
13978, 24.3112
13979, 24.3112
13980, 24.3122
13981, 24.3131
13982, 24.3136
13983, 24.3136
13984, 24.3151
13985, 24.3151
13986, 24.316
13987, 24.3174
13988, 24.3174
13989, 24.3179
13990, 24.3193
13991, 24.3198
13992, 24.3198
13993, 24.3212
13994, 24.3222
13995, 24.3222
13996, 24.3222
13997, 24.3231
13998, 24.3236
13999, 24.3236
14000, 24.327
14001, 24.3284
14002, 24.3293
14003, 24.3293
14004, 24.3308
14005, 24.3308
14006, 24.3312
14007, 24.3317
14008, 24.3322
14009, 24.3322
14010, 24.3331
14011, 24.3351
14012, 24.3355
14013, 24.3355
14014, 24.336
14015, 24.3393
14016, 24.3398
14017, 24.3403
14018, 24.3408
14019, 24.3427
14020, 24.3431
14021, 24.3446
14022, 24.3446
14023, 24.3446
14024, 24.3465
14025, 24.3479
14026, 24.3484
14027, 24.3484
14028, 24.3489
14029, 24.3498
14030, 24.3498
14031, 24.3503
14032, 24.3508
14033, 24.3522
14034, 24.3522
14035, 24.3522
14036, 24.3531
14037, 24.3541
14038, 24.3546
14039, 24.3565
14040, 24.357
14041, 24.3584
14042, 24.3584
14043, 24.3593
14044, 24.3598
14045, 24.3598
14046, 24.3608
14047, 24.3636
14048, 24.3636
14049, 24.3651
14050, 24.3655
14051, 24.3665
14052, 24.367
14053, 24.367
14054, 24.3674
14055, 24.3674
14056, 24.3684
14057, 24.3698
14058, 24.3698
14059, 24.3703
14060, 24.3708
14061, 24.3717
14062, 24.3731
14063, 24.3741
14064, 24.3751
14065, 24.3765
14066, 24.3765
14067, 24.3774
14068, 24.3779
14069, 24.3784
14070, 24.3798
14071, 24.3798
14072, 24.3831
14073, 24.3846
14074, 24.3846
14075, 24.3851
14076, 24.386
14077, 24.3865
14078, 24.3879
14079, 24.3879
14080, 24.3884
14081, 24.3889
14082, 24.3912
14083, 24.3917
14084, 24.3936
14085, 24.3946
14086, 24.3974
14087, 24.3979
14088, 24.3984
14089, 24.3989
14090, 24.3989
14091, 24.4003
14092, 24.4017
14093, 24.4017
14094, 24.4017
14095, 24.4031
14096, 24.4046
14097, 24.4046
14098, 24.406
14099, 24.4065
14100, 24.4065
14101, 24.4108
14102, 24.4136
14103, 24.4136
14104, 24.4136
14105, 24.4146
14106, 24.4151
14107, 24.4155
14108, 24.416
14109, 24.4165
14110, 24.4179
14111, 24.4179
14112, 24.4203
14113, 24.4203
14114, 24.4208
14115, 24.4222
14116, 24.4241
14117, 24.4241
14118, 24.4255
14119, 24.4255
14120, 24.4255
14121, 24.427
14122, 24.4279
14123, 24.4284
14124, 24.4289
14125, 24.4293
14126, 24.4293
14127, 24.4308
14128, 24.4312
14129, 24.4317
14130, 24.4327
14131, 24.4331
14132, 24.4336
14133, 24.436
14134, 24.437
14135, 24.4393
14136, 24.4398
14137, 24.4412
14138, 24.4417
14139, 24.4431
14140, 24.4446
14141, 24.4451
14142, 24.4465
14143, 24.447
14144, 24.4498
14145, 24.4508
14146, 24.4508
14147, 24.4512
14148, 24.4541
14149, 24.4541
14150, 24.4551
14151, 24.456
14152, 24.456
14153, 24.457
14154, 24.4574
14155, 24.4589
14156, 24.4593
14157, 24.4598
14158, 24.4598
14159, 24.4608
14160, 24.4608
14161, 24.4612
14162, 24.4617
14163, 24.4617
14164, 24.4631
14165, 24.4641
14166, 24.4651
14167, 24.466
14168, 24.4679
14169, 24.4684
14170, 24.4689
14171, 24.4698
14172, 24.4703
14173, 24.4703
14174, 24.4722
14175, 24.4727
14176, 24.4741
14177, 24.4765
14178, 24.4779
14179, 24.4789
14180, 24.4798
14181, 24.4812
14182, 24.4822
14183, 24.4827
14184, 24.4836
14185, 24.4836
14186, 24.4846
14187, 24.4855
14188, 24.4865
14189, 24.487
14190, 24.4874
14191, 24.4874
14192, 24.4889
14193, 24.4898
14194, 24.4908
14195, 24.4917
14196, 24.4931
14197, 24.4936
14198, 24.4941
14199, 24.4941
14200, 24.495
14201, 24.495
14202, 24.4979
14203, 24.4993
14204, 24.4993
14205, 24.4993
14206, 24.4993
14207, 24.4998
14208, 24.4998
14209, 24.4998
14210, 24.4998
14211, 24.5003
14212, 24.5008
14213, 24.5008
14214, 24.5017
14215, 24.5022
14216, 24.5027
14217, 24.5079
14218, 24.5084
14219, 24.5089
14220, 24.5098
14221, 24.5098
14222, 24.5108
14223, 24.5112
14224, 24.5117
14225, 24.5117
14226, 24.5127
14227, 24.5141
14228, 24.5146
14229, 24.515
14230, 24.516
14231, 24.5165
14232, 24.517
14233, 24.517
14234, 24.5179
14235, 24.5184
14236, 24.5193
14237, 24.5208
14238, 24.5208
14239, 24.5222
14240, 24.5227
14241, 24.5241
14242, 24.5246
14243, 24.525
14244, 24.525
14245, 24.5255
14246, 24.5255
14247, 24.526
14248, 24.5265
14249, 24.527
14250, 24.527
14251, 24.527
14252, 24.5274
14253, 24.5284
14254, 24.5289
14255, 24.5308
14256, 24.5312
14257, 24.5312
14258, 24.5322
14259, 24.5336
14260, 24.5341
14261, 24.5341
14262, 24.5355
14263, 24.5355
14264, 24.5365
14265, 24.5379
14266, 24.5384
14267, 24.5412
14268, 24.5422
14269, 24.5422
14270, 24.5427
14271, 24.5436
14272, 24.5446
14273, 24.545
14274, 24.5455
14275, 24.5455
14276, 24.546
14277, 24.5465
14278, 24.5498
14279, 24.5503
14280, 24.5503
14281, 24.5522
14282, 24.5527
14283, 24.5598
14284, 24.5603
14285, 24.5612
14286, 24.5641
14287, 24.5641
14288, 24.5646
14289, 24.565
14290, 24.566
14291, 24.5665
14292, 24.5665
14293, 24.5665
14294, 24.5674
14295, 24.5679
14296, 24.5679
14297, 24.5684
14298, 24.5693
14299, 24.5693
14300, 24.5698
14301, 24.5703
14302, 24.5703
14303, 24.5712
14304, 24.5712
14305, 24.5712
14306, 24.5717
14307, 24.5731
14308, 24.5731
14309, 24.5736
14310, 24.5736
14311, 24.5755
14312, 24.5755
14313, 24.5765
14314, 24.577
14315, 24.5774
14316, 24.5779
14317, 24.5784
14318, 24.5793
14319, 24.5803
14320, 24.5812
14321, 24.5827
14322, 24.5827
14323, 24.585
14324, 24.585
14325, 24.586
14326, 24.586
14327, 24.587
14328, 24.5879
14329, 24.5912
14330, 24.5922
14331, 24.5922
14332, 24.5927
14333, 24.5927
14334, 24.5936
14335, 24.5941
14336, 24.595
14337, 24.596
14338, 24.596
14339, 24.5993
14340, 24.5998
14341, 24.6022
14342, 24.6027
14343, 24.6031
14344, 24.6041
14345, 24.605
14346, 24.606
14347, 24.6065
14348, 24.607
14349, 24.6079
14350, 24.6079
14351, 24.6084
14352, 24.6089
14353, 24.6098
14354, 24.6108
14355, 24.6122
14356, 24.616
14357, 24.617
14358, 24.6179
14359, 24.6198
14360, 24.6212
14361, 24.6227
14362, 24.6241
14363, 24.625
14364, 24.627
14365, 24.627
14366, 24.6274
14367, 24.6312
14368, 24.6317
14369, 24.6327
14370, 24.6331
14371, 24.6355
14372, 24.6355
14373, 24.6379
14374, 24.6379
14375, 24.6389
14376, 24.6398
14377, 24.6398
14378, 24.6403
14379, 24.6412
14380, 24.6412
14381, 24.6417
14382, 24.645
14383, 24.646
14384, 24.6474
14385, 24.6479
14386, 24.6479
14387, 24.6489
14388, 24.6493
14389, 24.6493
14390, 24.6508
14391, 24.6512
14392, 24.6512
14393, 24.6522
14394, 24.6527
14395, 24.6546
14396, 24.655
14397, 24.6565
14398, 24.6593
14399, 24.6598
14400, 24.6598
14401, 24.6598
14402, 24.6608
14403, 24.6612
14404, 24.6631
14405, 24.6631
14406, 24.6646
14407, 24.665
14408, 24.6665
14409, 24.6684
14410, 24.6693
14411, 24.6693
14412, 24.6703
14413, 24.6736
14414, 24.6736
14415, 24.6741
14416, 24.6741
14417, 24.675
14418, 24.6769
14419, 24.6774
14420, 24.6779
14421, 24.6779
14422, 24.6789
14423, 24.6793
14424, 24.6793
14425, 24.6803
14426, 24.6822
14427, 24.6831
14428, 24.6841
14429, 24.6846
14430, 24.6846
14431, 24.685
14432, 24.686
14433, 24.686
14434, 24.686
14435, 24.6865
14436, 24.6874
14437, 24.6874
14438, 24.6874
14439, 24.6874
14440, 24.6884
14441, 24.6903
14442, 24.6912
14443, 24.6912
14444, 24.6917
14445, 24.6927
14446, 24.6927
14447, 24.6941
14448, 24.6941
14449, 24.6969
14450, 24.6984
14451, 24.6984
14452, 24.6989
14453, 24.6993
14454, 24.7008
14455, 24.7012
14456, 24.7027
14457, 24.7027
14458, 24.7031
14459, 24.706
14460, 24.7069
14461, 24.7074
14462, 24.7098
14463, 24.7103
14464, 24.7103
14465, 24.7103
14466, 24.7122
14467, 24.7127
14468, 24.7131
14469, 24.716
14470, 24.716
14471, 24.7165
14472, 24.7184
14473, 24.7189
14474, 24.7208
14475, 24.7222
14476, 24.7231
14477, 24.7231
14478, 24.7236
14479, 24.725
14480, 24.725
14481, 24.7269
14482, 24.7274
14483, 24.7289
14484, 24.7308
14485, 24.7312
14486, 24.7331
14487, 24.7331
14488, 24.735
14489, 24.7369
14490, 24.7379
14491, 24.7384
14492, 24.7384
14493, 24.7393
14494, 24.7398
14495, 24.7412
14496, 24.7417
14497, 24.7422
14498, 24.745
14499, 24.746
14500, 24.746
14501, 24.7469
14502, 24.7484
14503, 24.7489
14504, 24.7493
14505, 24.7498
14506, 24.7503
14507, 24.7508
14508, 24.7512
14509, 24.7517
14510, 24.7531
14511, 24.7531
14512, 24.7536
14513, 24.7536
14514, 24.7546
14515, 24.756
14516, 24.7579
14517, 24.7589
14518, 24.7589
14519, 24.7593
14520, 24.7593
14521, 24.7593
14522, 24.7603
14523, 24.7608
14524, 24.7617
14525, 24.7636
14526, 24.7655
14527, 24.7665
14528, 24.7665
14529, 24.7665
14530, 24.7669
14531, 24.7669
14532, 24.7674
14533, 24.7679
14534, 24.7684
14535, 24.7689
14536, 24.7693
14537, 24.7693
14538, 24.7703
14539, 24.7712
14540, 24.7717
14541, 24.7717
14542, 24.7727
14543, 24.7731
14544, 24.7741
14545, 24.7746
14546, 24.7755
14547, 24.7755
14548, 24.7769
14549, 24.7779
14550, 24.7784
14551, 24.7789
14552, 24.7798
14553, 24.7803
14554, 24.7808
14555, 24.7808
14556, 24.7846
14557, 24.7855
14558, 24.7855
14559, 24.7865
14560, 24.7869
14561, 24.7874
14562, 24.7884
14563, 24.7884
14564, 24.7889
14565, 24.7893
14566, 24.7893
14567, 24.7898
14568, 24.7908
14569, 24.795
14570, 24.7969
14571, 24.7998
14572, 24.8003
14573, 24.8012
14574, 24.8012
14575, 24.8017
14576, 24.8036
14577, 24.8041
14578, 24.8041
14579, 24.8046
14580, 24.806
14581, 24.8103
14582, 24.8117
14583, 24.8117
14584, 24.8127
14585, 24.8127
14586, 24.8136
14587, 24.8141
14588, 24.8146
14589, 24.815
14590, 24.815
14591, 24.816
14592, 24.8184
14593, 24.8184
14594, 24.8198
14595, 24.8217
14596, 24.8217
14597, 24.8227
14598, 24.825
14599, 24.8279
14600, 24.8284
14601, 24.8288
14602, 24.8288
14603, 24.8293
14604, 24.8298
14605, 24.8303
14606, 24.8331
14607, 24.8331
14608, 24.8336
14609, 24.8336
14610, 24.8346
14611, 24.835
14612, 24.8355
14613, 24.8365
14614, 24.8369
14615, 24.8384
14616, 24.8393
14617, 24.8412
14618, 24.8412
14619, 24.8417
14620, 24.8431
14621, 24.8431
14622, 24.845
14623, 24.8455
14624, 24.846
14625, 24.8474
14626, 24.8503
14627, 24.8512
14628, 24.8522
14629, 24.8541
14630, 24.8541
14631, 24.8541
14632, 24.8546
14633, 24.8555
14634, 24.8555
14635, 24.856
14636, 24.8569
14637, 24.8574
14638, 24.8574
14639, 24.8579
14640, 24.8617
14641, 24.8617
14642, 24.8617
14643, 24.8622
14644, 24.8622
14645, 24.8622
14646, 24.8641
14647, 24.8646
14648, 24.8646
14649, 24.8646
14650, 24.866
14651, 24.866
14652, 24.8665
14653, 24.8669
14654, 24.8684
14655, 24.8684
14656, 24.8712
14657, 24.8722
14658, 24.8727
14659, 24.8731
14660, 24.8741
14661, 24.8746
14662, 24.8784
14663, 24.8784
14664, 24.8788
14665, 24.8798
14666, 24.8812
14667, 24.8812
14668, 24.8822
14669, 24.8836
14670, 24.8841
14671, 24.8846
14672, 24.886
14673, 24.8865
14674, 24.8865
14675, 24.8879
14676, 24.8898
14677, 24.8903
14678, 24.8903
14679, 24.8908
14680, 24.8922
14681, 24.8936
14682, 24.8941
14683, 24.8946
14684, 24.8946
14685, 24.896
14686, 24.8965
14687, 24.8965
14688, 24.8969
14689, 24.8974
14690, 24.8979
14691, 24.8993
14692, 24.8998
14693, 24.9003
14694, 24.9003
14695, 24.9012
14696, 24.9022
14697, 24.9031
14698, 24.9041
14699, 24.905
14700, 24.9055
14701, 24.9074
14702, 24.9079
14703, 24.9084
14704, 24.9112
14705, 24.9117
14706, 24.9122
14707, 24.9127
14708, 24.9127
14709, 24.9146
14710, 24.9146
14711, 24.915
14712, 24.915
14713, 24.915
14714, 24.916
14715, 24.916
14716, 24.9165
14717, 24.9165
14718, 24.9169
14719, 24.9174
14720, 24.9179
14721, 24.9198
14722, 24.9198
14723, 24.9208
14724, 24.9208
14725, 24.9217
14726, 24.9222
14727, 24.9227
14728, 24.9231
14729, 24.9246
14730, 24.925
14731, 24.925
14732, 24.9265
14733, 24.9279
14734, 24.9284
14735, 24.9293
14736, 24.9293
14737, 24.9298
14738, 24.9308
14739, 24.9312
14740, 24.9331
14741, 24.9346
14742, 24.9355
14743, 24.936
14744, 24.936
14745, 24.9365
14746, 24.9379
14747, 24.9384
14748, 24.9393
14749, 24.9403
14750, 24.9408
14751, 24.9422
14752, 24.9422
14753, 24.945
14754, 24.9484
14755, 24.9498
14756, 24.9503
14757, 24.9522
14758, 24.9531
14759, 24.9536
14760, 24.9536
14761, 24.9536
14762, 24.9565
14763, 24.9574
14764, 24.9584
14765, 24.9593
14766, 24.9608
14767, 24.9608
14768, 24.9608
14769, 24.9612
14770, 24.9612
14771, 24.9612
14772, 24.9617
14773, 24.9622
14774, 24.9631
14775, 24.9631
14776, 24.9641
14777, 24.9646
14778, 24.9646
14779, 24.965
14780, 24.965
14781, 24.966
14782, 24.9665
14783, 24.9674
14784, 24.9684
14785, 24.9688
14786, 24.9688
14787, 24.9693
14788, 24.9693
14789, 24.9703
14790, 24.9717
14791, 24.9731
14792, 24.9741
14793, 24.9746
14794, 24.976
14795, 24.9765
14796, 24.9779
14797, 24.9784
14798, 24.9788
14799, 24.9808
14800, 24.9812
14801, 24.9827
14802, 24.985
14803, 24.985
14804, 24.986
14805, 24.9865
14806, 24.9869
14807, 24.9869
14808, 24.9879
14809, 24.9879
14810, 24.9884
14811, 24.9884
14812, 24.9888
14813, 24.9912
14814, 24.9941
14815, 24.995
14816, 24.995
14817, 24.9955
14818, 24.996
14819, 24.9965
14820, 24.9969
14821, 24.9984
14822, 25.0031
14823, 25.0036
14824, 25.0046
14825, 25.0055
14826, 25.0055
14827, 25.0055
14828, 25.0065
14829, 25.0079
14830, 25.0084
14831, 25.0084
14832, 25.0093
14833, 25.0098
14834, 25.0098
14835, 25.0103
14836, 25.0107
14837, 25.0112
14838, 25.0112
14839, 25.0112
14840, 25.0131
14841, 25.0136
14842, 25.0136
14843, 25.0141
14844, 25.0141
14845, 25.0146
14846, 25.0155
14847, 25.0165
14848, 25.0165
14849, 25.0193
14850, 25.0193
14851, 25.0193
14852, 25.0203
14853, 25.0207
14854, 25.0222
14855, 25.0227
14856, 25.0236
14857, 25.0241
14858, 25.0246
14859, 25.0246
14860, 25.0246
14861, 25.0255
14862, 25.0265
14863, 25.0269
14864, 25.0274
14865, 25.0293
14866, 25.0293
14867, 25.0293
14868, 25.0293
14869, 25.0298
14870, 25.0303
14871, 25.0317
14872, 25.0327
14873, 25.0336
14874, 25.0346
14875, 25.0346
14876, 25.0365
14877, 25.0379
14878, 25.0393
14879, 25.0393
14880, 25.0398
14881, 25.0422
14882, 25.0431
14883, 25.0436
14884, 25.0446
14885, 25.0455
14886, 25.0455
14887, 25.046
14888, 25.0469
14889, 25.0469
14890, 25.0469
14891, 25.0474
14892, 25.0479
14893, 25.0484
14894, 25.0488
14895, 25.0507
14896, 25.0512
14897, 25.0517
14898, 25.0527
14899, 25.0531
14900, 25.0536
14901, 25.056
14902, 25.0565
14903, 25.0565
14904, 25.0569
14905, 25.0579
14906, 25.0584
14907, 25.0593
14908, 25.0627
14909, 25.0627
14910, 25.0641
14911, 25.0646
14912, 25.0655
14913, 25.0669
14914, 25.0679
14915, 25.0679
14916, 25.0684
14917, 25.0684
14918, 25.0688
14919, 25.0707
14920, 25.0722
14921, 25.0731
14922, 25.0784
14923, 25.0784
14924, 25.0784
14925, 25.0788
14926, 25.0793
14927, 25.0793
14928, 25.0798
14929, 25.0798
14930, 25.0803
14931, 25.0831
14932, 25.0831
14933, 25.0841
14934, 25.0874
14935, 25.0888
14936, 25.0903
14937, 25.0903
14938, 25.0903
14939, 25.0912
14940, 25.0912
14941, 25.0922
14942, 25.0927
14943, 25.0931
14944, 25.0946
14945, 25.0946
14946, 25.095
14947, 25.095
14948, 25.0974
14949, 25.1003
14950, 25.1012
14951, 25.1012
14952, 25.1017
14953, 25.1027
14954, 25.1031
14955, 25.1036
14956, 25.105
14957, 25.1055
14958, 25.106
14959, 25.1088
14960, 25.1093
14961, 25.1098
14962, 25.1103
14963, 25.1112
14964, 25.1122
14965, 25.1127
14966, 25.1127
14967, 25.115
14968, 25.1155
14969, 25.1165
14970, 25.1179
14971, 25.1184
14972, 25.1184
14973, 25.1198
14974, 25.1203
14975, 25.1207
14976, 25.1217
14977, 25.1217
14978, 25.1222
14979, 25.1227
14980, 25.1231
14981, 25.1236
14982, 25.1279
14983, 25.1284
14984, 25.1288
14985, 25.1298
14986, 25.1307
14987, 25.1317
14988, 25.1327
14989, 25.1327
14990, 25.1327
14991, 25.1331
14992, 25.1346
14993, 25.1355
14994, 25.1355
14995, 25.136
14996, 25.1365
14997, 25.1369
14998, 25.1369
14999, 25.1388
15000, 25.1403
15001, 25.1407
15002, 25.1412
15003, 25.1412
15004, 25.1412
15005, 25.1422
15006, 25.1427
15007, 25.1436
15008, 25.145
15009, 25.145
15010, 25.145
15011, 25.1455
15012, 25.1465
15013, 25.1474
15014, 25.1536
15015, 25.1546
15016, 25.155
15017, 25.1555
15018, 25.1555
15019, 25.1588
15020, 25.1607
15021, 25.1622
15022, 25.1622
15023, 25.1627
15024, 25.1636
15025, 25.1641
15026, 25.1641
15027, 25.165
15028, 25.166
15029, 25.1684
15030, 25.1684
15031, 25.1688
15032, 25.1703
15033, 25.1712
15034, 25.1712
15035, 25.1717
15036, 25.1736
15037, 25.1741
15038, 25.1755
15039, 25.176
15040, 25.1774
15041, 25.1774
15042, 25.1793
15043, 25.1793
15044, 25.1803
15045, 25.1807
15046, 25.1807
15047, 25.1812
15048, 25.1831
15049, 25.1831
15050, 25.1846
15051, 25.1855
15052, 25.1869
15053, 25.1884
15054, 25.1888
15055, 25.1903
15056, 25.1907
15057, 25.1922
15058, 25.1936
15059, 25.1974
15060, 25.1979
15061, 25.2003
15062, 25.2017
15063, 25.2026
15064, 25.205
15065, 25.2065
15066, 25.2074
15067, 25.2074
15068, 25.2084
15069, 25.2088
15070, 25.2093
15071, 25.2103
15072, 25.2107
15073, 25.2117
15074, 25.2131
15075, 25.2136
15076, 25.2136
15077, 25.2141
15078, 25.215
15079, 25.215
15080, 25.2155
15081, 25.2155
15082, 25.2231
15083, 25.2246
15084, 25.2246
15085, 25.225
15086, 25.2255
15087, 25.226
15088, 25.2265
15089, 25.2265
15090, 25.2269
15091, 25.2298
15092, 25.2303
15093, 25.2303
15094, 25.2312
15095, 25.2326
15096, 25.2331
15097, 25.2336
15098, 25.2341
15099, 25.235
15100, 25.235
15101, 25.2355
15102, 25.236
15103, 25.236
15104, 25.2365
15105, 25.2365
15106, 25.2369
15107, 25.2369
15108, 25.2374
15109, 25.2388
15110, 25.2388
15111, 25.2393
15112, 25.2393
15113, 25.2393
15114, 25.2393
15115, 25.2398
15116, 25.2426
15117, 25.2441
15118, 25.245
15119, 25.2484
15120, 25.2512
15121, 25.2522
15122, 25.2522
15123, 25.2531
15124, 25.2531
15125, 25.255
15126, 25.255
15127, 25.256
15128, 25.2579
15129, 25.2584
15130, 25.2593
15131, 25.2607
15132, 25.2631
15133, 25.2631
15134, 25.2665
15135, 25.2665
15136, 25.2669
15137, 25.2679
15138, 25.2707
15139, 25.2712
15140, 25.2717
15141, 25.2746
15142, 25.2746
15143, 25.2755
15144, 25.2765
15145, 25.2793
15146, 25.2803
15147, 25.2831
15148, 25.2841
15149, 25.2846
15150, 25.286
15151, 25.2879
15152, 25.2888
15153, 25.2893
15154, 25.2898
15155, 25.2903
15156, 25.2917
15157, 25.2917
15158, 25.2917
15159, 25.2922
15160, 25.2926
15161, 25.2941
15162, 25.2946
15163, 25.2946
15164, 25.296
15165, 25.2965
15166, 25.2965
15167, 25.2974
15168, 25.3007
15169, 25.3022
15170, 25.3026
15171, 25.3031
15172, 25.3046
15173, 25.305
15174, 25.305
15175, 25.306
15176, 25.3079
15177, 25.3088
15178, 25.3098
15179, 25.3103
15180, 25.3107
15181, 25.3117
15182, 25.3117
15183, 25.3126
15184, 25.3169
15185, 25.3184
15186, 25.3184
15187, 25.3198
15188, 25.3198
15189, 25.3203
15190, 25.3207
15191, 25.3217
15192, 25.3226
15193, 25.3246
15194, 25.3265
15195, 25.3269
15196, 25.3274
15197, 25.3279
15198, 25.3279
15199, 25.3307
15200, 25.3307
15201, 25.3317
15202, 25.3322
15203, 25.3331
15204, 25.3336
15205, 25.335
15206, 25.3365
15207, 25.3369
15208, 25.3379
15209, 25.3388
15210, 25.3407
15211, 25.3417
15212, 25.3484
15213, 25.3498
15214, 25.3512
15215, 25.3512
15216, 25.3531
15217, 25.356
15218, 25.3588
15219, 25.3598
15220, 25.3598
15221, 25.3622
15222, 25.3622
15223, 25.3636
15224, 25.3636
15225, 25.3645
15226, 25.366
15227, 25.3669
15228, 25.3674
15229, 25.3679
15230, 25.3684
15231, 25.3688
15232, 25.3726
15233, 25.3726
15234, 25.3736
15235, 25.3745
15236, 25.3745
15237, 25.3745
15238, 25.375
15239, 25.3755
15240, 25.3788
15241, 25.3793
15242, 25.3798
15243, 25.3807
15244, 25.3817
15245, 25.3831
15246, 25.3841
15247, 25.3855
15248, 25.386
15249, 25.3893
15250, 25.3893
15251, 25.3903
15252, 25.3907
15253, 25.3936
15254, 25.3955
15255, 25.3965
15256, 25.3969
15257, 25.3988
15258, 25.3998
15259, 25.4003
15260, 25.4031
15261, 25.4036
15262, 25.405
15263, 25.406
15264, 25.4065
15265, 25.4084
15266, 25.4103
15267, 25.4107
15268, 25.4155
15269, 25.4165
15270, 25.4165
15271, 25.4169
15272, 25.4203
15273, 25.4212
15274, 25.4226
15275, 25.4236
15276, 25.4236
15277, 25.4236
15278, 25.4245
15279, 25.425
15280, 25.4255
15281, 25.4265
15282, 25.4274
15283, 25.4274
15284, 25.4288
15285, 25.4288
15286, 25.4298
15287, 25.4317
15288, 25.4322
15289, 25.4331
15290, 25.4336
15291, 25.4341
15292, 25.4355
15293, 25.4365
15294, 25.4365
15295, 25.4374
15296, 25.4379
15297, 25.4388
15298, 25.4398
15299, 25.4403
15300, 25.4407
15301, 25.4412
15302, 25.4426
15303, 25.4436
15304, 25.445
15305, 25.446
15306, 25.4479
15307, 25.4498
15308, 25.4512
15309, 25.4531
15310, 25.4541
15311, 25.455
15312, 25.4569
15313, 25.4574
15314, 25.4574
15315, 25.4584
15316, 25.4584
15317, 25.4607
15318, 25.4607
15319, 25.4612
15320, 25.4617
15321, 25.4636
15322, 25.4641
15323, 25.465
15324, 25.465
15325, 25.4655
15326, 25.4688
15327, 25.4693
15328, 25.4693
15329, 25.4698
15330, 25.4698
15331, 25.4712
15332, 25.4717
15333, 25.4717
15334, 25.4722
15335, 25.4745
15336, 25.4745
15337, 25.4765
15338, 25.4812
15339, 25.4826
15340, 25.4826
15341, 25.485
15342, 25.4874
15343, 25.4903
15344, 25.4907
15345, 25.4907
15346, 25.4922
15347, 25.4955
15348, 25.4955
15349, 25.4979
15350, 25.4993
15351, 25.4993
15352, 25.4998
15353, 25.5012
15354, 25.5017
15355, 25.5017
15356, 25.5036
15357, 25.5036
15358, 25.505
15359, 25.505
15360, 25.5055
15361, 25.5074
15362, 25.5093
15363, 25.5169
15364, 25.5179
15365, 25.5179
15366, 25.5193
15367, 25.5236
15368, 25.5236
15369, 25.5241
15370, 25.5241
15371, 25.5241
15372, 25.525
15373, 25.525
15374, 25.5269
15375, 25.5274
15376, 25.5284
15377, 25.5293
15378, 25.5293
15379, 25.5298
15380, 25.5312
15381, 25.5317
15382, 25.5345
15383, 25.536
15384, 25.5388
15385, 25.5393
15386, 25.5393
15387, 25.5393
15388, 25.5398
15389, 25.5407
15390, 25.5422
15391, 25.5455
15392, 25.546
15393, 25.5464
15394, 25.5469
15395, 25.5488
15396, 25.5512
15397, 25.5526
15398, 25.5531
15399, 25.5569
15400, 25.5574
15401, 25.5574
15402, 25.5574
15403, 25.5579
15404, 25.5579
15405, 25.5593
15406, 25.5598
15407, 25.5617
15408, 25.5622
15409, 25.5631
15410, 25.5631
15411, 25.5636
15412, 25.5636
15413, 25.5636
15414, 25.5636
15415, 25.5641
15416, 25.5641
15417, 25.5669
15418, 25.5669
15419, 25.5674
15420, 25.5674
15421, 25.5684
15422, 25.5684
15423, 25.5703
15424, 25.5707
15425, 25.5736
15426, 25.5741
15427, 25.5741
15428, 25.576
15429, 25.576
15430, 25.5764
15431, 25.5769
15432, 25.5798
15433, 25.5798
15434, 25.5807
15435, 25.5817
15436, 25.585
15437, 25.5864
15438, 25.5864
15439, 25.5888
15440, 25.5903
15441, 25.5912
15442, 25.5917
15443, 25.5936
15444, 25.5945
15445, 25.5945
15446, 25.5955
15447, 25.596
15448, 25.5974
15449, 25.5984
15450, 25.5998
15451, 25.6003
15452, 25.6022
15453, 25.6026
15454, 25.6031
15455, 25.6031
15456, 25.605
15457, 25.6055
15458, 25.6055
15459, 25.6074
15460, 25.6074
15461, 25.6084
15462, 25.6093
15463, 25.6112
15464, 25.6122
15465, 25.6131
15466, 25.6131
15467, 25.6164
15468, 25.6184
15469, 25.6188
15470, 25.6193
15471, 25.6198
15472, 25.6198
15473, 25.6226
15474, 25.6236
15475, 25.625
15476, 25.6255
15477, 25.6255
15478, 25.626
15479, 25.6274
15480, 25.6279
15481, 25.6288
15482, 25.6293
15483, 25.6336
15484, 25.6345
15485, 25.635
15486, 25.636
15487, 25.6364
15488, 25.6384
15489, 25.6384
15490, 25.6393
15491, 25.6393
15492, 25.6407
15493, 25.6407
15494, 25.6422
15495, 25.6422
15496, 25.6441
15497, 25.6441
15498, 25.645
15499, 25.6455
15500, 25.6455
15501, 25.6469
15502, 25.6484
15503, 25.6484
15504, 25.6484
15505, 25.6503
15506, 25.6507
15507, 25.6522
15508, 25.6522
15509, 25.6522
15510, 25.6531
15511, 25.6545
15512, 25.655
15513, 25.6555
15514, 25.656
15515, 25.656
15516, 25.6574
15517, 25.6588
15518, 25.6588
15519, 25.6598
15520, 25.6603
15521, 25.6603
15522, 25.6622
15523, 25.6626
15524, 25.6645
15525, 25.6645
15526, 25.6655
15527, 25.6688
15528, 25.6707
15529, 25.6712
15530, 25.6722
15531, 25.6741
15532, 25.6741
15533, 25.6745
15534, 25.675
15535, 25.676
15536, 25.676
15537, 25.6764
15538, 25.6769
15539, 25.6769
15540, 25.6779
15541, 25.6793
15542, 25.6803
15543, 25.6807
15544, 25.6812
15545, 25.6817
15546, 25.6817
15547, 25.6831
15548, 25.6831
15549, 25.6836
15550, 25.685
15551, 25.6869
15552, 25.6888
15553, 25.6893
15554, 25.6898
15555, 25.6903
15556, 25.6917
15557, 25.6936
15558, 25.6941
15559, 25.695
15560, 25.695
15561, 25.6955
15562, 25.696
15563, 25.6964
15564, 25.6979
15565, 25.7007
15566, 25.7007
15567, 25.7041
15568, 25.7045
15569, 25.7045
15570, 25.7055
15571, 25.706
15572, 25.7088
15573, 25.7093
15574, 25.7103
15575, 25.7112
15576, 25.7126
15577, 25.7136
15578, 25.7136
15579, 25.716
15580, 25.7164
15581, 25.7164
15582, 25.7169
15583, 25.7174
15584, 25.7174
15585, 25.7198
15586, 25.7198
15587, 25.7207
15588, 25.7222
15589, 25.7241
15590, 25.726
15591, 25.7269
15592, 25.7279
15593, 25.7279
15594, 25.7298
15595, 25.7307
15596, 25.7307
15597, 25.7312
15598, 25.7331
15599, 25.7336
15600, 25.7341
15601, 25.7341
15602, 25.7341
15603, 25.7345
15604, 25.7355
15605, 25.7445
15606, 25.745
15607, 25.745
15608, 25.7483
15609, 25.7488
15610, 25.7493
15611, 25.7503
15612, 25.7507
15613, 25.7507
15614, 25.7512
15615, 25.7512
15616, 25.7512
15617, 25.7522
15618, 25.7579
15619, 25.7579
15620, 25.7583
15621, 25.7612
15622, 25.765
15623, 25.7679
15624, 25.7693
15625, 25.7707
15626, 25.7712
15627, 25.7712
15628, 25.7717
15629, 25.7731
15630, 25.7736
15631, 25.7741
15632, 25.7741
15633, 25.7755
15634, 25.7812
15635, 25.7831
15636, 25.7836
15637, 25.7845
15638, 25.7874
15639, 25.7879
15640, 25.7888
15641, 25.7893
15642, 25.7898
15643, 25.7903
15644, 25.7907
15645, 25.7907
15646, 25.7912
15647, 25.7926
15648, 25.7926
15649, 25.7936
15650, 25.7974
15651, 25.7988
15652, 25.7998
15653, 25.8012
15654, 25.8017
15655, 25.8022
15656, 25.8026
15657, 25.8026
15658, 25.8074
15659, 25.8093
15660, 25.8103
15661, 25.8103
15662, 25.8126
15663, 25.8141
15664, 25.8141
15665, 25.8155
15666, 25.8183
15667, 25.8207
15668, 25.8207
15669, 25.8217
15670, 25.8231
15671, 25.8236
15672, 25.8245
15673, 25.826
15674, 25.8264
15675, 25.8264
15676, 25.8269
15677, 25.8274
15678, 25.8274
15679, 25.8283
15680, 25.8298
15681, 25.8298
15682, 25.8303
15683, 25.8307
15684, 25.8312
15685, 25.8322
15686, 25.8336
15687, 25.8336
15688, 25.8336
15689, 25.835
15690, 25.835
15691, 25.8364
15692, 25.8379
15693, 25.8383
15694, 25.8393
15695, 25.8441
15696, 25.8441
15697, 25.8441
15698, 25.8455
15699, 25.8464
15700, 25.8469
15701, 25.8488
15702, 25.8507
15703, 25.8526
15704, 25.8526
15705, 25.8531
15706, 25.8536
15707, 25.8536
15708, 25.8545
15709, 25.855
15710, 25.856
15711, 25.8569
15712, 25.8569
15713, 25.8574
15714, 25.8583
15715, 25.8588
15716, 25.8598
15717, 25.8607
15718, 25.8622
15719, 25.8626
15720, 25.8645
15721, 25.8664
15722, 25.8669
15723, 25.8683
15724, 25.8683
15725, 25.8693
15726, 25.8707
15727, 25.8722
15728, 25.8741
15729, 25.8741
15730, 25.8745
15731, 25.8745
15732, 25.875
15733, 25.8755
15734, 25.876
15735, 25.8764
15736, 25.8788
15737, 25.8793
15738, 25.8793
15739, 25.8802
15740, 25.8807
15741, 25.8822
15742, 25.8826
15743, 25.8841
15744, 25.885
15745, 25.8883
15746, 25.8898
15747, 25.8898
15748, 25.8902
15749, 25.8926
15750, 25.8941
15751, 25.8941
15752, 25.8945
15753, 25.895
15754, 25.896
15755, 25.8969
15756, 25.8988
15757, 25.8993
15758, 25.9002
15759, 25.9007
15760, 25.9026
15761, 25.9031
15762, 25.905
15763, 25.9055
15764, 25.9055
15765, 25.9074
15766, 25.9088
15767, 25.9088
15768, 25.9093
15769, 25.9098
15770, 25.9098
15771, 25.9107
15772, 25.9131
15773, 25.9136
15774, 25.9136
15775, 25.9155
15776, 25.916
15777, 25.9164
15778, 25.9193
15779, 25.9202
15780, 25.9207
15781, 25.9212
15782, 25.9217
15783, 25.9222
15784, 25.9231
15785, 25.9236
15786, 25.9269
15787, 25.9274
15788, 25.9279
15789, 25.9283
15790, 25.9283
15791, 25.9283
15792, 25.9307
15793, 25.9312
15794, 25.9322
15795, 25.9345
15796, 25.9364
15797, 25.9398
15798, 25.9426
15799, 25.9436
15800, 25.945
15801, 25.946
15802, 25.946
15803, 25.9464
15804, 25.9479
15805, 25.9488
15806, 25.9498
15807, 25.9502
15808, 25.9502
15809, 25.9507
15810, 25.9507
15811, 25.9512
15812, 25.9517
15813, 25.9517
15814, 25.9517
15815, 25.9522
15816, 25.9536
15817, 25.9536
15818, 25.9541
15819, 25.956
15820, 25.9564
15821, 25.9588
15822, 25.9602
15823, 25.9612
15824, 25.9617
15825, 25.9626
15826, 25.9631
15827, 25.9645
15828, 25.9707
15829, 25.9712
15830, 25.9717
15831, 25.9745
15832, 25.9745
15833, 25.975
15834, 25.9764
15835, 25.9769
15836, 25.9774
15837, 25.9779
15838, 25.9779
15839, 25.9783
15840, 25.9793
15841, 25.9802
15842, 25.9817
15843, 25.9841
15844, 25.9874
15845, 25.9888
15846, 25.9898
15847, 25.9902
15848, 25.9912
15849, 25.9922
15850, 25.9922
15851, 25.9926
15852, 25.9941
15853, 25.9941
15854, 25.9945
15855, 25.9945
15856, 25.9964
15857, 26.0002
15858, 26.0022
15859, 26.0031
15860, 26.0079
15861, 26.0079
15862, 26.0079
15863, 26.0102
15864, 26.0112
15865, 26.0112
15866, 26.0117
15867, 26.0117
15868, 26.015
15869, 26.0174
15870, 26.0174
15871, 26.0183
15872, 26.0202
15873, 26.0217
15874, 26.0222
15875, 26.0231
15876, 26.0236
15877, 26.0241
15878, 26.0245
15879, 26.0245
15880, 26.0283
15881, 26.0293
15882, 26.0307
15883, 26.0317
15884, 26.0326
15885, 26.0331
15886, 26.0331
15887, 26.0355
15888, 26.0369
15889, 26.0379
15890, 26.0379
15891, 26.0388
15892, 26.0417
15893, 26.0426
15894, 26.0483
15895, 26.0483
15896, 26.0521
15897, 26.0531
15898, 26.0545
15899, 26.0545
15900, 26.0564
15901, 26.0574
15902, 26.0574
15903, 26.0579
15904, 26.0617
15905, 26.0626
15906, 26.0626
15907, 26.0645
15908, 26.0655
15909, 26.066
15910, 26.0664
15911, 26.0674
15912, 26.0702
15913, 26.0712
15914, 26.0717
15915, 26.0721
15916, 26.0721
15917, 26.0726
15918, 26.0736
15919, 26.0741
15920, 26.0741
15921, 26.0745
15922, 26.0755
15923, 26.0774
15924, 26.0779
15925, 26.0788
15926, 26.0793
15927, 26.0831
15928, 26.0831
15929, 26.0864
15930, 26.0874
15931, 26.0888
15932, 26.0888
15933, 26.0893
15934, 26.0893
15935, 26.0893
15936, 26.0902
15937, 26.0936
15938, 26.0936
15939, 26.0941
15940, 26.095
15941, 26.0955
15942, 26.0964
15943, 26.1041
15944, 26.1055
15945, 26.1055
15946, 26.106
15947, 26.1069
15948, 26.1093
15949, 26.1093
15950, 26.1112
15951, 26.1126
15952, 26.1131
15953, 26.1141
15954, 26.1141
15955, 26.1141
15956, 26.115
15957, 26.1164
15958, 26.1183
15959, 26.1193
15960, 26.1193
15961, 26.1207
15962, 26.1212
15963, 26.1241
15964, 26.1241
15965, 26.1241
15966, 26.125
15967, 26.125
15968, 26.125
15969, 26.1298
15970, 26.1298
15971, 26.1298
15972, 26.1331
15973, 26.1331
15974, 26.1345
15975, 26.1345
15976, 26.1364
15977, 26.1383
15978, 26.1388
15979, 26.1417
15980, 26.1421
15981, 26.1426
15982, 26.1426
15983, 26.1445
15984, 26.145
15985, 26.1474
15986, 26.1493
15987, 26.1498
15988, 26.1512
15989, 26.1512
15990, 26.1517
15991, 26.1531
15992, 26.1541
15993, 26.1574
15994, 26.1593
15995, 26.1602
15996, 26.1607
15997, 26.1612
15998, 26.165
15999, 26.1655
16000, 26.166
16001, 26.1664
16002, 26.1664
16003, 26.1669
16004, 26.1679
16005, 26.1698
16006, 26.1702
16007, 26.1707
16008, 26.1717
16009, 26.1726
16010, 26.1726
16011, 26.1731
16012, 26.175
16013, 26.1755
16014, 26.1774
16015, 26.1779
16016, 26.1779
16017, 26.1783
16018, 26.1783
16019, 26.1798
16020, 26.1807
16021, 26.1817
16022, 26.1826
16023, 26.1831
16024, 26.1841
16025, 26.1841
16026, 26.1841
16027, 26.185
16028, 26.1864
16029, 26.1883
16030, 26.1888
16031, 26.1893
16032, 26.1902
16033, 26.1921
16034, 26.1941
16035, 26.1941
16036, 26.1955
16037, 26.196
16038, 26.196
16039, 26.1979
16040, 26.1983
16041, 26.1983
16042, 26.1998
16043, 26.2007
16044, 26.2007
16045, 26.2012
16046, 26.2017
16047, 26.2021
16048, 26.2026
16049, 26.2031
16050, 26.2036
16051, 26.2074
16052, 26.2083
16053, 26.2112
16054, 26.2131
16055, 26.2131
16056, 26.2141
16057, 26.2141
16058, 26.2145
16059, 26.2155
16060, 26.216
16061, 26.2169
16062, 26.2179
16063, 26.2198
16064, 26.224
16065, 26.2274
16066, 26.2283
16067, 26.2302
16068, 26.2307
16069, 26.2321
16070, 26.234
16071, 26.236
16072, 26.2364
16073, 26.2383
16074, 26.2388
16075, 26.2388
16076, 26.2426
16077, 26.2426
16078, 26.2431
16079, 26.245
16080, 26.246
16081, 26.2464
16082, 26.2464
16083, 26.2469
16084, 26.2479
16085, 26.2498
16086, 26.2507
16087, 26.2512
16088, 26.2545
16089, 26.255
16090, 26.2555
16091, 26.256
16092, 26.2564
16093, 26.2569
16094, 26.2569
16095, 26.2574
16096, 26.2583
16097, 26.2583
16098, 26.2598
16099, 26.2602
16100, 26.2631
16101, 26.265
16102, 26.2655
16103, 26.2664
16104, 26.2669
16105, 26.2674
16106, 26.2707
16107, 26.2717
16108, 26.2736
16109, 26.2736
16110, 26.2745
16111, 26.2755
16112, 26.2764
16113, 26.2788
16114, 26.2802
16115, 26.2831
16116, 26.2831
16117, 26.284
16118, 26.2855
16119, 26.2869
16120, 26.2869
16121, 26.2902
16122, 26.2907
16123, 26.2912
16124, 26.2917
16125, 26.2917
16126, 26.2921
16127, 26.2926
16128, 26.2936
16129, 26.2955
16130, 26.2993
16131, 26.3012
16132, 26.3012
16133, 26.3021
16134, 26.3074
16135, 26.3098
16136, 26.3098
16137, 26.3117
16138, 26.3131
16139, 26.315
16140, 26.3164
16141, 26.3164
16142, 26.3169
16143, 26.3169
16144, 26.3183
16145, 26.3188
16146, 26.3202
16147, 26.324
16148, 26.3245
16149, 26.3279
16150, 26.3283
16151, 26.3298
16152, 26.3302
16153, 26.3307
16154, 26.3331
16155, 26.3355
16156, 26.336
16157, 26.3374
16158, 26.3383
16159, 26.3388
16160, 26.3417
16161, 26.3421
16162, 26.3421
16163, 26.344
16164, 26.3445
16165, 26.345
16166, 26.3455
16167, 26.3455
16168, 26.3455
16169, 26.3464
16170, 26.3464
16171, 26.3493
16172, 26.3493
16173, 26.3517
16174, 26.3517
16175, 26.3531
16176, 26.354
16177, 26.3555
16178, 26.3564
16179, 26.3564
16180, 26.3574
16181, 26.3588
16182, 26.3612
16183, 26.3617
16184, 26.3626
16185, 26.364
16186, 26.365
16187, 26.3664
16188, 26.3669
16189, 26.3674
16190, 26.3674
16191, 26.3688
16192, 26.3698
16193, 26.3698
16194, 26.374
16195, 26.374
16196, 26.3755
16197, 26.3755
16198, 26.3774
16199, 26.3779
16200, 26.3783
16201, 26.3793
16202, 26.3793
16203, 26.3802
16204, 26.3826
16205, 26.3826
16206, 26.3869
16207, 26.3883
16208, 26.3893
16209, 26.3907
16210, 26.3921
16211, 26.3921
16212, 26.3931
16213, 26.3936
16214, 26.3936
16215, 26.395
16216, 26.3964
16217, 26.3979
16218, 26.4007
16219, 26.4017
16220, 26.4017
16221, 26.4021
16222, 26.4021
16223, 26.4026
16224, 26.4026
16225, 26.4031
16226, 26.4036
16227, 26.405
16228, 26.4088
16229, 26.4107
16230, 26.4131
16231, 26.4131
16232, 26.4131
16233, 26.4155
16234, 26.4159
16235, 26.4159
16236, 26.4169
16237, 26.4169
16238, 26.4169
16239, 26.4188
16240, 26.4193
16241, 26.4202
16242, 26.4217
16243, 26.4245
16244, 26.425
16245, 26.4259
16246, 26.4259
16247, 26.4283
16248, 26.4298
16249, 26.4307
16250, 26.4359
16251, 26.4364
16252, 26.4379
16253, 26.4383
16254, 26.4398
16255, 26.444
16256, 26.4445
16257, 26.4455
16258, 26.4474
16259, 26.4488
16260, 26.4488
16261, 26.4507
16262, 26.4526
16263, 26.454
16264, 26.455
16265, 26.4588
16266, 26.4593
16267, 26.4602
16268, 26.4602
16269, 26.464
16270, 26.464
16271, 26.4645
16272, 26.4664
16273, 26.4674
16274, 26.4683
16275, 26.4693
16276, 26.4712
16277, 26.4717
16278, 26.4717
16279, 26.4726
16280, 26.4731
16281, 26.4731
16282, 26.4736
16283, 26.4745
16284, 26.4755
16285, 26.4764
16286, 26.4764
16287, 26.4779
16288, 26.4821
16289, 26.4845
16290, 26.4859
16291, 26.4859
16292, 26.4864
16293, 26.4874
16294, 26.4879
16295, 26.4902
16296, 26.4907
16297, 26.4917
16298, 26.4921
16299, 26.4926
16300, 26.4931
16301, 26.495
16302, 26.4979
16303, 26.5007
16304, 26.5012
16305, 26.5021
16306, 26.5026
16307, 26.5031
16308, 26.5045
16309, 26.5045
16310, 26.5045
16311, 26.5083
16312, 26.5107
16313, 26.5121
16314, 26.5126
16315, 26.515
16316, 26.5155
16317, 26.5164
16318, 26.5183
16319, 26.5193
16320, 26.5193
16321, 26.5198
16322, 26.5207
16323, 26.5217
16324, 26.5217
16325, 26.5245
16326, 26.5269
16327, 26.5302
16328, 26.5336
16329, 26.5345
16330, 26.5345
16331, 26.5345
16332, 26.5355
16333, 26.5379
16334, 26.5379
16335, 26.5383
16336, 26.5398
16337, 26.5402
16338, 26.5402
16339, 26.5417
16340, 26.5436
16341, 26.5483
16342, 26.5493
16343, 26.5498
16344, 26.5521
16345, 26.5526
16346, 26.5531
16347, 26.554
16348, 26.5564
16349, 26.5612
16350, 26.5621
16351, 26.5621
16352, 26.5631
16353, 26.5636
16354, 26.5636
16355, 26.5645
16356, 26.5645
16357, 26.5659
16358, 26.5664
16359, 26.5669
16360, 26.5674
16361, 26.5707
16362, 26.5721
16363, 26.5721
16364, 26.5726
16365, 26.5731
16366, 26.574
16367, 26.5745
16368, 26.5755
16369, 26.5759
16370, 26.5778
16371, 26.5778
16372, 26.5817
16373, 26.5817
16374, 26.5821
16375, 26.5836
16376, 26.585
16377, 26.585
16378, 26.5859
16379, 26.5864
16380, 26.5864
16381, 26.5869
16382, 26.5893
16383, 26.5898
16384, 26.5926
16385, 26.5926
16386, 26.5926
16387, 26.5931
16388, 26.5959
16389, 26.5964
16390, 26.5969
16391, 26.5974
16392, 26.5978
16393, 26.5983
16394, 26.5988
16395, 26.5988
16396, 26.5993
16397, 26.6007
16398, 26.6026
16399, 26.604
16400, 26.6064
16401, 26.6069
16402, 26.6074
16403, 26.6078
16404, 26.6083
16405, 26.6088
16406, 26.6088
16407, 26.6098
16408, 26.6117
16409, 26.6121
16410, 26.6126
16411, 26.6145
16412, 26.615
16413, 26.6155
16414, 26.6159
16415, 26.6207
16416, 26.6207
16417, 26.6245
16418, 26.625
16419, 26.6259
16420, 26.6278
16421, 26.6283
16422, 26.6321
16423, 26.6326
16424, 26.634
16425, 26.635
16426, 26.635
16427, 26.6359
16428, 26.6393
16429, 26.6402
16430, 26.6417
16431, 26.6426
16432, 26.6464
16433, 26.6469
16434, 26.6474
16435, 26.6488
16436, 26.6493
16437, 26.6507
16438, 26.6507
16439, 26.6521
16440, 26.6526
16441, 26.6526
16442, 26.6526
16443, 26.654
16444, 26.6545
16445, 26.655
16446, 26.6555
16447, 26.6564
16448, 26.6578
16449, 26.6583
16450, 26.6598
16451, 26.6602
16452, 26.6612
16453, 26.6617
16454, 26.6631
16455, 26.664
16456, 26.6645
16457, 26.6655
16458, 26.6669
16459, 26.6683
16460, 26.6698
16461, 26.6707
16462, 26.6707
16463, 26.6721
16464, 26.6721
16465, 26.6726
16466, 26.6731
16467, 26.6745
16468, 26.6759
16469, 26.6778
16470, 26.6812
16471, 26.6812
16472, 26.6888
16473, 26.6893
16474, 26.6907
16475, 26.6912
16476, 26.6921
16477, 26.6936
16478, 26.6945
16479, 26.6974
16480, 26.7007
16481, 26.7012
16482, 26.7017
16483, 26.7017
16484, 26.7017
16485, 26.7017
16486, 26.7021
16487, 26.7026
16488, 26.704
16489, 26.7045
16490, 26.705
16491, 26.7055
16492, 26.7064
16493, 26.7064
16494, 26.7098
16495, 26.7098
16496, 26.7136
16497, 26.7136
16498, 26.715
16499, 26.7164
16500, 26.7169
16501, 26.7212
16502, 26.7312
16503, 26.7345
16504, 26.7398
16505, 26.7402
16506, 26.7426
16507, 26.7436
16508, 26.745
16509, 26.7464
16510, 26.7464
16511, 26.7464
16512, 26.7464
16513, 26.7488
16514, 26.7512
16515, 26.7588
16516, 26.7612
16517, 26.7626
16518, 26.7626
16519, 26.7659
16520, 26.7669
16521, 26.7688
16522, 26.7693
16523, 26.7717
16524, 26.7726
16525, 26.7726
16526, 26.7731
16527, 26.7755
16528, 26.7759
16529, 26.7774
16530, 26.7778
16531, 26.7793
16532, 26.7864
16533, 26.7864
16534, 26.7864
16535, 26.7869
16536, 26.7897
16537, 26.7917
16538, 26.7921
16539, 26.7921
16540, 26.7921
16541, 26.7931
16542, 26.794
16543, 26.7945
16544, 26.795
16545, 26.7974
16546, 26.7974
16547, 26.7978
16548, 26.7988
16549, 26.7993
16550, 26.8017
16551, 26.8026
16552, 26.804
16553, 26.8045
16554, 26.805
16555, 26.8078
16556, 26.8102
16557, 26.8121
16558, 26.8174
16559, 26.8193
16560, 26.8197
16561, 26.8197
16562, 26.8212
16563, 26.8217
16564, 26.8217
16565, 26.8226
16566, 26.8231
16567, 26.8236
16568, 26.825
16569, 26.8317
16570, 26.8364
16571, 26.8388
16572, 26.8393
16573, 26.8397
16574, 26.8426
16575, 26.8431
16576, 26.8436
16577, 26.8436
16578, 26.8436
16579, 26.8455
16580, 26.8455
16581, 26.8478
16582, 26.8483
16583, 26.8497
16584, 26.8497
16585, 26.8497
16586, 26.8545
16587, 26.8555
16588, 26.8564
16589, 26.8578
16590, 26.8593
16591, 26.8617
16592, 26.8626
16593, 26.8626
16594, 26.8626
16595, 26.8636
16596, 26.865
16597, 26.8655
16598, 26.8655
16599, 26.8669
16600, 26.8707
16601, 26.8712
16602, 26.8717
16603, 26.8721
16604, 26.8726
16605, 26.8731
16606, 26.874
16607, 26.8745
16608, 26.8778
16609, 26.8778
16610, 26.8788
16611, 26.8788
16612, 26.8807
16613, 26.8821
16614, 26.8836
16615, 26.884
16616, 26.8845
16617, 26.8845
16618, 26.8864
16619, 26.8864
16620, 26.8897
16621, 26.8902
16622, 26.8926
16623, 26.8931
16624, 26.8945
16625, 26.9045
16626, 26.905
16627, 26.905
16628, 26.9055
16629, 26.9074
16630, 26.9078
16631, 26.9083
16632, 26.9088
16633, 26.9088
16634, 26.9088
16635, 26.9093
16636, 26.9097
16637, 26.9097
16638, 26.9112
16639, 26.9155
16640, 26.9159
16641, 26.9169
16642, 26.9169
16643, 26.9169
16644, 26.9183
16645, 26.9207
16646, 26.9231
16647, 26.924
16648, 26.9297
16649, 26.9307
16650, 26.9336
16651, 26.9364
16652, 26.9416
16653, 26.9421
16654, 26.9421
16655, 26.9431
16656, 26.9431
16657, 26.9445
16658, 26.9459
16659, 26.9469
16660, 26.9469
16661, 26.9488
16662, 26.9493
16663, 26.9521
16664, 26.9526
16665, 26.9531
16666, 26.9531
16667, 26.9555
16668, 26.9564
16669, 26.9578
16670, 26.9607
16671, 26.9612
16672, 26.9612
16673, 26.9621
16674, 26.9636
16675, 26.964
16676, 26.964
16677, 26.9645
16678, 26.9655
16679, 26.9655
16680, 26.9664
16681, 26.9669
16682, 26.9726
16683, 26.9726
16684, 26.9745
16685, 26.9755
16686, 26.9759
16687, 26.9788
16688, 26.9812
16689, 26.9821
16690, 26.9826
16691, 26.985
16692, 26.9864
16693, 26.9874
16694, 26.9902
16695, 26.9912
16696, 26.9916
16697, 26.9931
16698, 26.9936
16699, 26.9955
16700, 26.9993
16701, 26.9997
16702, 27.0002
16703, 27.0031
16704, 27.005
16705, 27.0059
16706, 27.0074
16707, 27.0078
16708, 27.0088
16709, 27.0093
16710, 27.0093
16711, 27.0116
16712, 27.0116
16713, 27.0131
16714, 27.015
16715, 27.0178
16716, 27.0183
16717, 27.0202
16718, 27.024
16719, 27.0259
16720, 27.0283
16721, 27.0302
16722, 27.0316
16723, 27.034
16724, 27.0355
16725, 27.0364
16726, 27.0407
16727, 27.0426
16728, 27.0445
16729, 27.045
16730, 27.0455
16731, 27.0469
16732, 27.0507
16733, 27.0516
16734, 27.0526
16735, 27.0531
16736, 27.0545
16737, 27.0545
16738, 27.0545
16739, 27.0578
16740, 27.0593
16741, 27.0602
16742, 27.0612
16743, 27.0626
16744, 27.0636
16745, 27.065
16746, 27.0655
16747, 27.0688
16748, 27.0721
16749, 27.0726
16750, 27.0731
16751, 27.075
16752, 27.0769
16753, 27.0778
16754, 27.0778
16755, 27.0821
16756, 27.0826
16757, 27.0826
16758, 27.0869
16759, 27.0888
16760, 27.0893
16761, 27.0912
16762, 27.0916
16763, 27.0921
16764, 27.094
16765, 27.0964
16766, 27.0964
16767, 27.0969
16768, 27.0974
16769, 27.0988
16770, 27.1021
16771, 27.104
16772, 27.104
16773, 27.1055
16774, 27.1064
16775, 27.1088
16776, 27.1093
16777, 27.1116
16778, 27.1121
16779, 27.1126
16780, 27.115
16781, 27.1169
16782, 27.1174
16783, 27.1178
16784, 27.1183
16785, 27.1188
16786, 27.1202
16787, 27.1207
16788, 27.1226
16789, 27.1231
16790, 27.1235
16791, 27.124
16792, 27.125
16793, 27.1269
16794, 27.1269
16795, 27.1269
16796, 27.1269
16797, 27.1278
16798, 27.1283
16799, 27.1307
16800, 27.1359
16801, 27.1364
16802, 27.1364
16803, 27.1369
16804, 27.1374
16805, 27.1402
16806, 27.1412
16807, 27.1426
16808, 27.1426
16809, 27.1435
16810, 27.1435
16811, 27.1455
16812, 27.1474
16813, 27.1478
16814, 27.1512
16815, 27.1564
16816, 27.1574
16817, 27.1583
16818, 27.1607
16819, 27.1612
16820, 27.1621
16821, 27.1635
16822, 27.164
16823, 27.164
16824, 27.1669
16825, 27.1683
16826, 27.1707
16827, 27.1712
16828, 27.1716
16829, 27.1735
16830, 27.1745
16831, 27.1788
16832, 27.1788
16833, 27.1802
16834, 27.1812
16835, 27.1831
16836, 27.1835
16837, 27.1845
16838, 27.185
16839, 27.185
16840, 27.1859
16841, 27.1864
16842, 27.1864
16843, 27.1926
16844, 27.1955
16845, 27.1959
16846, 27.1964
16847, 27.1978
16848, 27.1988
16849, 27.2016
16850, 27.2021
16851, 27.205
16852, 27.2059
16853, 27.2083
16854, 27.2107
16855, 27.2112
16856, 27.2135
16857, 27.2145
16858, 27.2155
16859, 27.2155
16860, 27.2159
16861, 27.2169
16862, 27.2212
16863, 27.2212
16864, 27.2221
16865, 27.2226
16866, 27.2231
16867, 27.225
16868, 27.225
16869, 27.2255
16870, 27.2283
16871, 27.2293
16872, 27.2293
16873, 27.2297
16874, 27.2316
16875, 27.2355
16876, 27.2369
16877, 27.2374
16878, 27.2388
16879, 27.2416
16880, 27.2416
16881, 27.2416
16882, 27.2459
16883, 27.2474
16884, 27.2478
16885, 27.2493
16886, 27.2507
16887, 27.2512
16888, 27.2521
16889, 27.2526
16890, 27.2555
16891, 27.2564
16892, 27.2569
16893, 27.2583
16894, 27.2597
16895, 27.2597
16896, 27.2602
16897, 27.2612
16898, 27.2631
16899, 27.264
16900, 27.2655
16901, 27.2683
16902, 27.2683
16903, 27.2693
16904, 27.2693
16905, 27.2693
16906, 27.2702
16907, 27.2712
16908, 27.2712
16909, 27.2726
16910, 27.275
16911, 27.2764
16912, 27.2769
16913, 27.2778
16914, 27.2783
16915, 27.2793
16916, 27.2793
16917, 27.2845
16918, 27.2854
16919, 27.2859
16920, 27.2878
16921, 27.2883
16922, 27.2897
16923, 27.2902
16924, 27.2912
16925, 27.2921
16926, 27.2931
16927, 27.2974
16928, 27.2978
16929, 27.2983
16930, 27.2993
16931, 27.3021
16932, 27.3031
16933, 27.3059
16934, 27.3059
16935, 27.3074
16936, 27.3088
16937, 27.3097
16938, 27.3102
16939, 27.3107
16940, 27.3135
16941, 27.3164
16942, 27.3174
16943, 27.3178
16944, 27.3183
16945, 27.3197
16946, 27.3197
16947, 27.3212
16948, 27.3216
16949, 27.3231
16950, 27.3254
16951, 27.3264
16952, 27.3269
16953, 27.3283
16954, 27.3312
16955, 27.3335
16956, 27.3345
16957, 27.335
16958, 27.3359
16959, 27.3374
16960, 27.3374
16961, 27.3402
16962, 27.3421
16963, 27.3421
16964, 27.345
16965, 27.3497
16966, 27.3497
16967, 27.3554
16968, 27.3559
16969, 27.3559
16970, 27.3564
16971, 27.3578
16972, 27.3588
16973, 27.3588
16974, 27.3593
16975, 27.3597
16976, 27.3626
16977, 27.3659
16978, 27.3678
16979, 27.374
16980, 27.374
16981, 27.3764
16982, 27.3769
16983, 27.3774
16984, 27.3774
16985, 27.3778
16986, 27.3816
16987, 27.3816
16988, 27.3831
16989, 27.384
16990, 27.3878
16991, 27.3883
16992, 27.3888
16993, 27.3893
16994, 27.3893
16995, 27.3912
16996, 27.3926
16997, 27.4031
16998, 27.4035
16999, 27.404
17000, 27.4074
17001, 27.4083
17002, 27.4093
17003, 27.4107
17004, 27.4126
17005, 27.4131
17006, 27.4159
17007, 27.4174
17008, 27.4197
17009, 27.4202
17010, 27.425
17011, 27.425
17012, 27.4259
17013, 27.4259
17014, 27.4283
17015, 27.4283
17016, 27.4345
17017, 27.4345
17018, 27.4383
17019, 27.4388
17020, 27.4388
17021, 27.4393
17022, 27.4393
17023, 27.4412
17024, 27.4431
17025, 27.4431
17026, 27.4431
17027, 27.4435
17028, 27.4435
17029, 27.444
17030, 27.445
17031, 27.445
17032, 27.4459
17033, 27.4483
17034, 27.4497
17035, 27.4535
17036, 27.4545
17037, 27.4559
17038, 27.4573
17039, 27.4583
17040, 27.4588
17041, 27.4593
17042, 27.4602
17043, 27.4607
17044, 27.4612
17045, 27.4616
17046, 27.4621
17047, 27.4631
17048, 27.4659
17049, 27.4697
17050, 27.4731
17051, 27.4745
17052, 27.4745
17053, 27.4745
17054, 27.4759
17055, 27.485
17056, 27.4859
17057, 27.4859
17058, 27.4873
17059, 27.4878
17060, 27.4902
17061, 27.4912
17062, 27.4931
17063, 27.4945
17064, 27.4964
17065, 27.4973
17066, 27.5031
17067, 27.5045
17068, 27.505
17069, 27.5054
17070, 27.5073
17071, 27.5078
17072, 27.5093
17073, 27.5107
17074, 27.5121
17075, 27.5131
17076, 27.5169
17077, 27.5173
17078, 27.5202
17079, 27.5207
17080, 27.5212
17081, 27.5212
17082, 27.5231
17083, 27.525
17084, 27.5269
17085, 27.5297
17086, 27.5383
17087, 27.5402
17088, 27.5412
17089, 27.5416
17090, 27.5416
17091, 27.5464
17092, 27.5507
17093, 27.5507
17094, 27.5545
17095, 27.5554
17096, 27.5583
17097, 27.5616
17098, 27.5635
17099, 27.5673
17100, 27.5683
17101, 27.5702
17102, 27.5707
17103, 27.5712
17104, 27.5712
17105, 27.5716
17106, 27.575
17107, 27.5759
17108, 27.5769
17109, 27.5793
17110, 27.5831
17111, 27.584
17112, 27.5864
17113, 27.5926
17114, 27.5931
17115, 27.5931
17116, 27.594
17117, 27.595
17118, 27.5954
17119, 27.5964
17120, 27.5973
17121, 27.5973
17122, 27.5978
17123, 27.5993
17124, 27.6026
17125, 27.6054
17126, 27.6064
17127, 27.6078
17128, 27.6107
17129, 27.6131
17130, 27.614
17131, 27.614
17132, 27.6154
17133, 27.6173
17134, 27.6178
17135, 27.6193
17136, 27.6207
17137, 27.6207
17138, 27.6245
17139, 27.6245
17140, 27.625
17141, 27.6254
17142, 27.6254
17143, 27.6278
17144, 27.6297
17145, 27.6302
17146, 27.6307
17147, 27.6331
17148, 27.6335
17149, 27.6354
17150, 27.6359
17151, 27.6359
17152, 27.6378
17153, 27.6383
17154, 27.6392
17155, 27.6454
17156, 27.6459
17157, 27.6488
17158, 27.6497
17159, 27.654
17160, 27.6545
17161, 27.6569
17162, 27.6583
17163, 27.6612
17164, 27.6612
17165, 27.6631
17166, 27.6635
17167, 27.6635
17168, 27.6654
17169, 27.6664
17170, 27.6673
17171, 27.6688
17172, 27.6692
17173, 27.6697
17174, 27.6697
17175, 27.6697
17176, 27.6697
17177, 27.674
17178, 27.6773
17179, 27.684
17180, 27.685
17181, 27.6854
17182, 27.6864
17183, 27.6864
17184, 27.6869
17185, 27.6892
17186, 27.6897
17187, 27.6912
17188, 27.6921
17189, 27.6926
17190, 27.6931
17191, 27.6931
17192, 27.6959
17193, 27.6969
17194, 27.6978
17195, 27.6983
17196, 27.6992
17197, 27.6997
17198, 27.6997
17199, 27.7002
17200, 27.7012
17201, 27.7031
17202, 27.7035
17203, 27.7064
17204, 27.7145
17205, 27.7154
17206, 27.7178
17207, 27.7197
17208, 27.7216
17209, 27.7216
17210, 27.7226
17211, 27.7259
17212, 27.7264
17213, 27.7273
17214, 27.7292
17215, 27.7292
17216, 27.7302
17217, 27.7312
17218, 27.7316
17219, 27.7321
17220, 27.7321
17221, 27.734
17222, 27.7354
17223, 27.7369
17224, 27.7378
17225, 27.7388
17226, 27.7407
17227, 27.7435
17228, 27.7454
17229, 27.7469
17230, 27.7478
17231, 27.7483
17232, 27.7492
17233, 27.7492
17234, 27.7497
17235, 27.7502
17236, 27.7526
17237, 27.755
17238, 27.7564
17239, 27.7578
17240, 27.7578
17241, 27.7597
17242, 27.7616
17243, 27.764
17244, 27.7654
17245, 27.7669
17246, 27.7669
17247, 27.7688
17248, 27.7754
17249, 27.7769
17250, 27.7788
17251, 27.7792
17252, 27.7797
17253, 27.784
17254, 27.785
17255, 27.7897
17256, 27.7916
17257, 27.7931
17258, 27.7969
17259, 27.7978
17260, 27.7992
17261, 27.8016
17262, 27.8045
17263, 27.8054
17264, 27.8059
17265, 27.8064
17266, 27.8069
17267, 27.8078
17268, 27.8083
17269, 27.8088
17270, 27.814
17271, 27.8145
17272, 27.8159
17273, 27.8164
17274, 27.8164
17275, 27.8211
17276, 27.8216
17277, 27.825
17278, 27.8288
17279, 27.8288
17280, 27.8288
17281, 27.8292
17282, 27.8292
17283, 27.8297
17284, 27.8307
17285, 27.8307
17286, 27.8326
17287, 27.8354
17288, 27.8354
17289, 27.8359
17290, 27.8369
17291, 27.8383
17292, 27.8383
17293, 27.8383
17294, 27.8392
17295, 27.8392
17296, 27.8397
17297, 27.8402
17298, 27.8402
17299, 27.8402
17300, 27.8407
17301, 27.8421
17302, 27.8431
17303, 27.8464
17304, 27.8478
17305, 27.8492
17306, 27.8502
17307, 27.8507
17308, 27.8511
17309, 27.8535
17310, 27.8573
17311, 27.8583
17312, 27.865
17313, 27.865
17314, 27.8664
17315, 27.8688
17316, 27.8688
17317, 27.8697
17318, 27.8702
17319, 27.8721
17320, 27.8764
17321, 27.8783
17322, 27.8788
17323, 27.8788
17324, 27.8797
17325, 27.8802
17326, 27.8807
17327, 27.8811
17328, 27.8816
17329, 27.8821
17330, 27.8821
17331, 27.8826
17332, 27.8864
17333, 27.8878
17334, 27.8897
17335, 27.8902
17336, 27.8902
17337, 27.8907
17338, 27.8911
17339, 27.8916
17340, 27.8926
17341, 27.8964
17342, 27.8969
17343, 27.8992
17344, 27.9016
17345, 27.9021
17346, 27.9026
17347, 27.9054
17348, 27.9054
17349, 27.9069
17350, 27.9088
17351, 27.9121
17352, 27.915
17353, 27.9159
17354, 27.9159
17355, 27.9183
17356, 27.9207
17357, 27.9292
17358, 27.9292
17359, 27.9302
17360, 27.9321
17361, 27.9345
17362, 27.9345
17363, 27.9378
17364, 27.9392
17365, 27.9407
17366, 27.9426
17367, 27.9431
17368, 27.9435
17369, 27.9445
17370, 27.9454
17371, 27.9478
17372, 27.9488
17373, 27.9488
17374, 27.9507
17375, 27.9521
17376, 27.9535
17377, 27.9564
17378, 27.9569
17379, 27.9569
17380, 27.9611
17381, 27.9626
17382, 27.9626
17383, 27.9631
17384, 27.9659
17385, 27.9673
17386, 27.9683
17387, 27.9735
17388, 27.9745
17389, 27.9759
17390, 27.9764
17391, 27.9773
17392, 27.9773
17393, 27.9773
17394, 27.9778
17395, 27.9783
17396, 27.9802
17397, 27.9807
17398, 27.9816
17399, 27.9826
17400, 27.983
17401, 27.9835
17402, 27.9835
17403, 27.985
17404, 27.9897
17405, 27.9902
17406, 27.9902
17407, 27.9921
17408, 27.9983
17409, 27.9997
17410, 28.0002
17411, 28.0021
17412, 28.0026
17413, 28.0045
17414, 28.005
17415, 28.0073
17416, 28.0078
17417, 28.0097
17418, 28.0121
17419, 28.0145
17420, 28.0183
17421, 28.0197
17422, 28.0226
17423, 28.0259
17424, 28.0273
17425, 28.0288
17426, 28.0297
17427, 28.0307
17428, 28.033
17429, 28.034
17430, 28.034
17431, 28.035
17432, 28.0354
17433, 28.0388
17434, 28.0416
17435, 28.0426
17436, 28.043
17437, 28.0459
17438, 28.0459
17439, 28.0464
17440, 28.0502
17441, 28.0507
17442, 28.0516
17443, 28.053
17444, 28.0545
17445, 28.0569
17446, 28.0602
17447, 28.0607
17448, 28.0607
17449, 28.0664
17450, 28.0711
17451, 28.0726
17452, 28.0745
17453, 28.0745
17454, 28.0759
17455, 28.0783
17456, 28.0835
17457, 28.0859
17458, 28.0859
17459, 28.0859
17460, 28.0888
17461, 28.0892
17462, 28.0902
17463, 28.0916
17464, 28.0926
17465, 28.0945
17466, 28.0954
17467, 28.0969
17468, 28.0969
17469, 28.0978
17470, 28.103
17471, 28.1059
17472, 28.1069
17473, 28.1088
17474, 28.1092
17475, 28.1092
17476, 28.1097
17477, 28.1107
17478, 28.1116
17479, 28.1178
17480, 28.1183
17481, 28.1192
17482, 28.1197
17483, 28.1216
17484, 28.123
17485, 28.124
17486, 28.125
17487, 28.1259
17488, 28.1269
17489, 28.1278
17490, 28.1292
17491, 28.1297
17492, 28.1302
17493, 28.1307
17494, 28.1307
17495, 28.1311
17496, 28.1321
17497, 28.1321
17498, 28.1345
17499, 28.1359
17500, 28.1369
17501, 28.1402
17502, 28.1407
17503, 28.143
17504, 28.1464
17505, 28.1469
17506, 28.1483
17507, 28.1497
17508, 28.1507
17509, 28.1516
17510, 28.1535
17511, 28.1559
17512, 28.1588
17513, 28.1626
17514, 28.1635
17515, 28.164
17516, 28.1664
17517, 28.1664
17518, 28.173
17519, 28.174
17520, 28.1769
17521, 28.1792
17522, 28.1792
17523, 28.1792
17524, 28.1792
17525, 28.1845
17526, 28.1845
17527, 28.1854
17528, 28.1888
17529, 28.1916
17530, 28.1945
17531, 28.1973
17532, 28.1978
17533, 28.1978
17534, 28.1988
17535, 28.2021
17536, 28.2035
17537, 28.2045
17538, 28.2049
17539, 28.2078
17540, 28.2088
17541, 28.2097
17542, 28.2107
17543, 28.2126
17544, 28.2126
17545, 28.2135
17546, 28.2145
17547, 28.2173
17548, 28.2221
17549, 28.2221
17550, 28.223
17551, 28.224
17552, 28.224
17553, 28.2245
17554, 28.2254
17555, 28.2264
17556, 28.2269
17557, 28.2273
17558, 28.2273
17559, 28.2283
17560, 28.2302
17561, 28.2311
17562, 28.2326
17563, 28.2354
17564, 28.2369
17565, 28.2373
17566, 28.2416
17567, 28.2464
17568, 28.2483
17569, 28.2492
17570, 28.2521
17571, 28.253
17572, 28.2549
17573, 28.2569
17574, 28.2626
17575, 28.263
17576, 28.2635
17577, 28.2649
17578, 28.2659
17579, 28.2669
17580, 28.2683
17581, 28.2749
17582, 28.2764
17583, 28.2783
17584, 28.2792
17585, 28.284
17586, 28.284
17587, 28.2845
17588, 28.2878
17589, 28.2878
17590, 28.2888
17591, 28.2892
17592, 28.2911
17593, 28.2911
17594, 28.2916
17595, 28.294
17596, 28.2945
17597, 28.2988
17598, 28.3054
17599, 28.3078
17600, 28.3092
17601, 28.3097
17602, 28.3102
17603, 28.3154
17604, 28.3173
17605, 28.3173
17606, 28.3197
17607, 28.3202
17608, 28.3221
17609, 28.3221
17610, 28.3226
17611, 28.3288
17612, 28.3316
17613, 28.3345
17614, 28.3354
17615, 28.3368
17616, 28.3397
17617, 28.3411
17618, 28.344
17619, 28.3445
17620, 28.3464
17621, 28.3473
17622, 28.3473
17623, 28.3478
17624, 28.3478
17625, 28.3492
17626, 28.3507
17627, 28.3521
17628, 28.354
17629, 28.354
17630, 28.354
17631, 28.354
17632, 28.3568
17633, 28.3583
17634, 28.3588
17635, 28.3621
17636, 28.3645
17637, 28.3692
17638, 28.3692
17639, 28.3697
17640, 28.3726
17641, 28.3735
17642, 28.3754
17643, 28.3768
17644, 28.3773
17645, 28.3792
17646, 28.3807
17647, 28.3811
17648, 28.3864
17649, 28.3888
17650, 28.3888
17651, 28.3892
17652, 28.3892
17653, 28.3902
17654, 28.3916
17655, 28.3926
17656, 28.3935
17657, 28.3968
17658, 28.3973
17659, 28.3992
17660, 28.4126
17661, 28.414
17662, 28.4154
17663, 28.4159
17664, 28.4192
17665, 28.4192
17666, 28.4202
17667, 28.423
17668, 28.424
17669, 28.4264
17670, 28.4273
17671, 28.4292
17672, 28.4316
17673, 28.4349
17674, 28.4349
17675, 28.4359
17676, 28.4359
17677, 28.4359
17678, 28.4368
17679, 28.4392
17680, 28.4397
17681, 28.4411
17682, 28.444
17683, 28.4454
17684, 28.4483
17685, 28.4497
17686, 28.4507
17687, 28.4511
17688, 28.4511
17689, 28.4516
17690, 28.4535
17691, 28.454
17692, 28.4554
17693, 28.4559
17694, 28.4597
17695, 28.4602
17696, 28.4616
17697, 28.4635
17698, 28.4649
17699, 28.4649
17700, 28.4678
17701, 28.4683
17702, 28.4697
17703, 28.4697
17704, 28.4711
17705, 28.4726
17706, 28.4726
17707, 28.473
17708, 28.473
17709, 28.4735
17710, 28.4735
17711, 28.4745
17712, 28.4768
17713, 28.4773
17714, 28.4778
17715, 28.4778
17716, 28.4783
17717, 28.4802
17718, 28.4807
17719, 28.4816
17720, 28.4821
17721, 28.4873
17722, 28.4883
17723, 28.4892
17724, 28.4902
17725, 28.4921
17726, 28.4921
17727, 28.4926
17728, 28.494
17729, 28.4954
17730, 28.5002
17731, 28.5007
17732, 28.5021
17733, 28.5083
17734, 28.5092
17735, 28.5107
17736, 28.5111
17737, 28.5121
17738, 28.5126
17739, 28.5145
17740, 28.5164
17741, 28.5173
17742, 28.5178
17743, 28.5192
17744, 28.5192
17745, 28.5197
17746, 28.5216
17747, 28.524
17748, 28.5268
17749, 28.5278
17750, 28.5287
17751, 28.5292
17752, 28.534
17753, 28.5345
17754, 28.5349
17755, 28.5349
17756, 28.5359
17757, 28.5473
17758, 28.5483
17759, 28.5502
17760, 28.5511
17761, 28.5535
17762, 28.5549
17763, 28.5573
17764, 28.5578
17765, 28.5587
17766, 28.5592
17767, 28.5592
17768, 28.5626
17769, 28.5635
17770, 28.5654
17771, 28.5659
17772, 28.5673
17773, 28.5692
17774, 28.5711
17775, 28.5759
17776, 28.5759
17777, 28.5787
17778, 28.584
17779, 28.584
17780, 28.5883
17781, 28.5883
17782, 28.5892
17783, 28.5902
17784, 28.593
17785, 28.5935
17786, 28.5954
17787, 28.5968
17788, 28.5973
17789, 28.5992
17790, 28.5992
17791, 28.6016
17792, 28.6035
17793, 28.604
17794, 28.6059
17795, 28.6097
17796, 28.6102
17797, 28.6102
17798, 28.6116
17799, 28.6149
17800, 28.6159
17801, 28.6183
17802, 28.6211
17803, 28.624
17804, 28.624
17805, 28.6273
17806, 28.6287
17807, 28.6316
17808, 28.633
17809, 28.6335
17810, 28.6349
17811, 28.6349
17812, 28.6349
17813, 28.6354
17814, 28.6364
17815, 28.6364
17816, 28.6383
17817, 28.6459
17818, 28.6468
17819, 28.6526
17820, 28.6564
17821, 28.6564
17822, 28.6578
17823, 28.6583
17824, 28.6597
17825, 28.663
17826, 28.6645
17827, 28.6664
17828, 28.6678
17829, 28.6687
17830, 28.6697
17831, 28.6711
17832, 28.6716
17833, 28.6764
17834, 28.6764
17835, 28.6778
17836, 28.6797
17837, 28.6811
17838, 28.6826
17839, 28.6826
17840, 28.6854
17841, 28.6873
17842, 28.6887
17843, 28.6935
17844, 28.6945
17845, 28.6945
17846, 28.6964
17847, 28.6983
17848, 28.7002
17849, 28.7021
17850, 28.7059
17851, 28.7073
17852, 28.7083
17853, 28.7102
17854, 28.7126
17855, 28.713
17856, 28.7168
17857, 28.7173
17858, 28.7197
17859, 28.7202
17860, 28.7268
17861, 28.7326
17862, 28.7354
17863, 28.7364
17864, 28.7397
17865, 28.7402
17866, 28.7426
17867, 28.7426
17868, 28.7435
17869, 28.7449
17870, 28.7459
17871, 28.7473
17872, 28.7473
17873, 28.7492
17874, 28.7526
17875, 28.7549
17876, 28.7564
17877, 28.7573
17878, 28.7587
17879, 28.7626
17880, 28.7654
17881, 28.7659
17882, 28.7706
17883, 28.7768
17884, 28.7773
17885, 28.7802
17886, 28.784
17887, 28.7849
17888, 28.7854
17889, 28.7878
17890, 28.7892
17891, 28.7897
17892, 28.7902
17893, 28.794
17894, 28.7949
17895, 28.7954
17896, 28.7964
17897, 28.7987
17898, 28.8026
17899, 28.8026
17900, 28.8035
17901, 28.804
17902, 28.8054
17903, 28.8064
17904, 28.8064
17905, 28.8068
17906, 28.8078
17907, 28.814
17908, 28.8145
17909, 28.8164
17910, 28.8178
17911, 28.8178
17912, 28.8226
17913, 28.8254
17914, 28.8268
17915, 28.8273
17916, 28.8283
17917, 28.8292
17918, 28.8292
17919, 28.8321
17920, 28.8345
17921, 28.8378
17922, 28.8392
17923, 28.8406
17924, 28.8445
17925, 28.8445
17926, 28.8464
17927, 28.8483
17928, 28.8492
17929, 28.8511
17930, 28.8525
17931, 28.8559
17932, 28.8564
17933, 28.8583
17934, 28.8587
17935, 28.8635
17936, 28.8659
17937, 28.8687
17938, 28.8711
17939, 28.8711
17940, 28.8716
17941, 28.873
17942, 28.8735
17943, 28.8773
17944, 28.8811
17945, 28.8811
17946, 28.8825
17947, 28.883
17948, 28.8849
17949, 28.893
17950, 28.8954
17951, 28.8959
17952, 28.8997
17953, 28.8997
17954, 28.9011
17955, 28.9025
17956, 28.9035
17957, 28.9054
17958, 28.9064
17959, 28.9097
17960, 28.9106
17961, 28.913
17962, 28.9154
17963, 28.9187
17964, 28.9202
17965, 28.9235
17966, 28.924
17967, 28.9254
17968, 28.9254
17969, 28.9264
17970, 28.9306
17971, 28.9325
17972, 28.933
17973, 28.933
17974, 28.9359
17975, 28.9364
17976, 28.9364
17977, 28.9364
17978, 28.9392
17979, 28.9402
17980, 28.9406
17981, 28.9454
17982, 28.9506
17983, 28.9525
17984, 28.953
17985, 28.9549
17986, 28.9554
17987, 28.9573
17988, 28.9597
17989, 28.9616
17990, 28.9621
17991, 28.9621
17992, 28.9673
17993, 28.9683
17994, 28.9683
17995, 28.9692
17996, 28.9697
17997, 28.9711
17998, 28.9759
17999, 28.9797
18000, 28.9811
18001, 28.9825
18002, 28.9849
18003, 28.9854
18004, 28.9859
18005, 28.9859
18006, 28.9887
18007, 28.9892
18008, 28.9902
18009, 28.9902
18010, 28.993
18011, 28.9978
18012, 28.9978
18013, 28.9983
18014, 29.0011
18015, 29.003
18016, 29.004
18017, 29.004
18018, 29.0087
18019, 29.0116
18020, 29.013
18021, 29.0135
18022, 29.0178
18023, 29.0202
18024, 29.0225
18025, 29.0235
18026, 29.0268
18027, 29.0283
18028, 29.0354
18029, 29.0392
18030, 29.0402
18031, 29.0421
18032, 29.0435
18033, 29.044
18034, 29.0459
18035, 29.0464
18036, 29.0468
18037, 29.0506
18038, 29.0549
18039, 29.0559
18040, 29.0568
18041, 29.0592
18042, 29.0597
18043, 29.0606
18044, 29.0611
18045, 29.0611
18046, 29.0611
18047, 29.0664
18048, 29.0673
18049, 29.0702
18050, 29.0725
18051, 29.073
18052, 29.074
18053, 29.0783
18054, 29.0797
18055, 29.0806
18056, 29.083
18057, 29.0835
18058, 29.0868
18059, 29.0878
18060, 29.0887
18061, 29.0892
18062, 29.0892
18063, 29.0897
18064, 29.0964
18065, 29.0964
18066, 29.0992
18067, 29.1002
18068, 29.1006
18069, 29.1025
18070, 29.103
18071, 29.104
18072, 29.1087
18073, 29.1121
18074, 29.1154
18075, 29.1164
18076, 29.1206
18077, 29.1235
18078, 29.1249
18079, 29.1254
18080, 29.1273
18081, 29.1287
18082, 29.1287
18083, 29.1287
18084, 29.1302
18085, 29.1306
18086, 29.134
18087, 29.134
18088, 29.1349
18089, 29.1406
18090, 29.1435
18091, 29.1454
18092, 29.1564
18093, 29.1635
18094, 29.1644
18095, 29.1687
18096, 29.1725
18097, 29.1749
18098, 29.1773
18099, 29.183
18100, 29.1849
18101, 29.1854
18102, 29.1859
18103, 29.1887
18104, 29.1892
18105, 29.1897
18106, 29.1944
18107, 29.1954
18108, 29.1968
18109, 29.1978
18110, 29.1983
18111, 29.1987
18112, 29.2011
18113, 29.2016
18114, 29.2021
18115, 29.203
18116, 29.2035
18117, 29.2059
18118, 29.2083
18119, 29.2102
18120, 29.2121
18121, 29.213
18122, 29.2135
18123, 29.2135
18124, 29.214
18125, 29.2154
18126, 29.2154
18127, 29.2216
18128, 29.2221
18129, 29.223
18130, 29.224
18131, 29.2263
18132, 29.2263
18133, 29.2278
18134, 29.2283
18135, 29.2287
18136, 29.2311
18137, 29.2311
18138, 29.2325
18139, 29.2387
18140, 29.2411
18141, 29.244
18142, 29.2449
18143, 29.2468
18144, 29.2473
18145, 29.2478
18146, 29.2521
18147, 29.254
18148, 29.2573
18149, 29.2597
18150, 29.2602
18151, 29.2625
18152, 29.264
18153, 29.2673
18154, 29.2687
18155, 29.2692
18156, 29.2711
18157, 29.2735
18158, 29.274
18159, 29.2744
18160, 29.2787
18161, 29.2802
18162, 29.2811
18163, 29.2821
18164, 29.2844
18165, 29.2883
18166, 29.2883
18167, 29.293
18168, 29.293
18169, 29.293
18170, 29.2983
18171, 29.3002
18172, 29.3006
18173, 29.3006
18174, 29.3011
18175, 29.3102
18176, 29.3111
18177, 29.3111
18178, 29.3154
18179, 29.3168
18180, 29.3173
18181, 29.3263
18182, 29.3287
18183, 29.3344
18184, 29.3363
18185, 29.3373
18186, 29.3373
18187, 29.3378
18188, 29.3406
18189, 29.3454
18190, 29.3483
18191, 29.3483
18192, 29.3511
18193, 29.3525
18194, 29.353
18195, 29.354
18196, 29.3549
18197, 29.3559
18198, 29.3573
18199, 29.3606
18200, 29.3625
18201, 29.3668
18202, 29.3673
18203, 29.3678
18204, 29.3697
18205, 29.374
18206, 29.3787
18207, 29.3787
18208, 29.3816
18209, 29.3825
18210, 29.384
18211, 29.3844
18212, 29.3854
18213, 29.3859
18214, 29.3868
18215, 29.3925
18216, 29.3925
18217, 29.3963
18218, 29.3978
18219, 29.3978
18220, 29.3987
18221, 29.3987
18222, 29.4011
18223, 29.4068
18224, 29.4068
18225, 29.4121
18226, 29.4163
18227, 29.4192
18228, 29.4197
18229, 29.4197
18230, 29.4202
18231, 29.4216
18232, 29.4216
18233, 29.4335
18234, 29.4349
18235, 29.4354
18236, 29.4444
18237, 29.4454
18238, 29.4473
18239, 29.4492
18240, 29.4492
18241, 29.4559
18242, 29.4606
18243, 29.4606
18244, 29.464
18245, 29.4668
18246, 29.4682
18247, 29.4687
18248, 29.4697
18249, 29.4716
18250, 29.4721
18251, 29.4735
18252, 29.474
18253, 29.4754
18254, 29.4782
18255, 29.4782
18256, 29.4787
18257, 29.4835
18258, 29.4878
18259, 29.4892
18260, 29.4902
18261, 29.4916
18262, 29.4954
18263, 29.4973
18264, 29.4978
18265, 29.4987
18266, 29.4997
18267, 29.5011
18268, 29.5102
18269, 29.5106
18270, 29.5116
18271, 29.5121
18272, 29.5159
18273, 29.5168
18274, 29.5168
18275, 29.5192
18276, 29.5197
18277, 29.5206
18278, 29.5216
18279, 29.5249
18280, 29.5254
18281, 29.5302
18282, 29.5387
18283, 29.5387
18284, 29.5421
18285, 29.5449
18286, 29.5511
18287, 29.5521
18288, 29.553
18289, 29.5535
18290, 29.5568
18291, 29.5573
18292, 29.5616
18293, 29.5625
18294, 29.5659
18295, 29.5659
18296, 29.573
18297, 29.5768
18298, 29.5768
18299, 29.5825
18300, 29.5844
18301, 29.5854
18302, 29.5859
18303, 29.5897
18304, 29.5901
18305, 29.5906
18306, 29.5911
18307, 29.5911
18308, 29.594
18309, 29.5954
18310, 29.5963
18311, 29.5978
18312, 29.5982
18313, 29.5992
18314, 29.6025
18315, 29.603
18316, 29.6059
18317, 29.6068
18318, 29.6068
18319, 29.6073
18320, 29.6078
18321, 29.6082
18322, 29.6121
18323, 29.614
18324, 29.6149
18325, 29.6159
18326, 29.6159
18327, 29.6163
18328, 29.6197
18329, 29.6197
18330, 29.6225
18331, 29.623
18332, 29.6235
18333, 29.6259
18334, 29.6282
18335, 29.6282
18336, 29.6287
18337, 29.6301
18338, 29.6321
18339, 29.6325
18340, 29.6363
18341, 29.6368
18342, 29.6368
18343, 29.6382
18344, 29.6387
18345, 29.6425
18346, 29.6449
18347, 29.6459
18348, 29.6463
18349, 29.6492
18350, 29.6492
18351, 29.6516
18352, 29.6521
18353, 29.6535
18354, 29.6549
18355, 29.6549
18356, 29.6559
18357, 29.6559
18358, 29.6582
18359, 29.6649
18360, 29.6673
18361, 29.6687
18362, 29.6701
18363, 29.6711
18364, 29.6735
18365, 29.6749
18366, 29.6763
18367, 29.683
18368, 29.683
18369, 29.6935
18370, 29.6963
18371, 29.6997
18372, 29.7016
18373, 29.7021
18374, 29.703
18375, 29.704
18376, 29.7082
18377, 29.7087
18378, 29.7087
18379, 29.7173
18380, 29.7201
18381, 29.7211
18382, 29.7211
18383, 29.7216
18384, 29.7225
18385, 29.724
18386, 29.724
18387, 29.7249
18388, 29.7287
18389, 29.7287
18390, 29.7287
18391, 29.7311
18392, 29.732
18393, 29.734
18394, 29.7392
18395, 29.7392
18396, 29.7397
18397, 29.7397
18398, 29.7401
18399, 29.742
18400, 29.7444
18401, 29.7454
18402, 29.7463
18403, 29.7473
18404, 29.7482
18405, 29.7501
18406, 29.752
18407, 29.7544
18408, 29.7601
18409, 29.763
18410, 29.763
18411, 29.7654
18412, 29.7668
18413, 29.7711
18414, 29.7716
18415, 29.7735
18416, 29.7801
18417, 29.7806
18418, 29.7835
18419, 29.7844
18420, 29.7849
18421, 29.7854
18422, 29.7892
18423, 29.7906
18424, 29.793
18425, 29.7954
18426, 29.7968
18427, 29.7982
18428, 29.8025
18429, 29.803
18430, 29.8035
18431, 29.8044
18432, 29.8068
18433, 29.8082
18434, 29.8106
18435, 29.8111
18436, 29.813
18437, 29.814
18438, 29.8159
18439, 29.8178
18440, 29.8182
18441, 29.8211
18442, 29.8216
18443, 29.823
18444, 29.824
18445, 29.8278
18446, 29.8287
18447, 29.8306
18448, 29.834
18449, 29.8349
18450, 29.8349
18451, 29.8359
18452, 29.8373
18453, 29.8378
18454, 29.8411
18455, 29.8425
18456, 29.8435
18457, 29.8454
18458, 29.8468
18459, 29.8525
18460, 29.8535
18461, 29.854
18462, 29.8554
18463, 29.8611
18464, 29.8649
18465, 29.8659
18466, 29.8663
18467, 29.8663
18468, 29.8678
18469, 29.8692
18470, 29.8701
18471, 29.8711
18472, 29.872
18473, 29.8754
18474, 29.8759
18475, 29.8763
18476, 29.8763
18477, 29.8773
18478, 29.8801
18479, 29.8806
18480, 29.883
18481, 29.8835
18482, 29.8844
18483, 29.8863
18484, 29.8873
18485, 29.8882
18486, 29.8911
18487, 29.892
18488, 29.8987
18489, 29.8987
18490, 29.8992
18491, 29.9016
18492, 29.903
18493, 29.9035
18494, 29.9044
18495, 29.9044
18496, 29.9049
18497, 29.9049
18498, 29.9092
18499, 29.9101
18500, 29.9149
18501, 29.9173
18502, 29.9178
18503, 29.9197
18504, 29.9201
18505, 29.9254
18506, 29.9263
18507, 29.9278
18508, 29.9311
18509, 29.9363
18510, 29.9368
18511, 29.9487
18512, 29.9497
18513, 29.9497
18514, 29.9549
18515, 29.9563
18516, 29.9563
18517, 29.9587
18518, 29.9597
18519, 29.962
18520, 29.9659
18521, 29.9663
18522, 29.9706
18523, 29.972
18524, 29.9735
18525, 29.9749
18526, 29.9778
18527, 29.9854
18528, 29.9892
18529, 29.9897
18530, 29.9939
18531, 29.9987
18532, 30.002
18533, 30.0025
18534, 30.003
18535, 30.0039
18536, 30.0049
18537, 30.0054
18538, 30.0125
18539, 30.0149
18540, 30.0235
18541, 30.0235
18542, 30.0249
18543, 30.0259
18544, 30.0263
18545, 30.0278
18546, 30.0339
18547, 30.0378
18548, 30.0406
18549, 30.0425
18550, 30.0439
18551, 30.0468
18552, 30.0482
18553, 30.0539
18554, 30.0559
18555, 30.0578
18556, 30.0601
18557, 30.062
18558, 30.0654
18559, 30.0711
18560, 30.0749
18561, 30.0754
18562, 30.0773
18563, 30.0806
18564, 30.0811
18565, 30.0868
18566, 30.0873
18567, 30.0873
18568, 30.0906
18569, 30.0973
18570, 30.0987
18571, 30.0987
18572, 30.1035
18573, 30.1073
18574, 30.1082
18575, 30.1111
18576, 30.112
18577, 30.1158
18578, 30.1173
18579, 30.1225
18580, 30.1244
18581, 30.1249
18582, 30.1258
18583, 30.1273
18584, 30.1306
18585, 30.1311
18586, 30.1335
18587, 30.1339
18588, 30.1368
18589, 30.1392
18590, 30.1411
18591, 30.1416
18592, 30.143
18593, 30.1458
18594, 30.1539
18595, 30.1544
18596, 30.1582
18597, 30.163
18598, 30.1635
18599, 30.1663
18600, 30.1706
18601, 30.1725
18602, 30.1763
18603, 30.1778
18604, 30.1787
18605, 30.183
18606, 30.1858
18607, 30.1873
18608, 30.193
18609, 30.1968
18610, 30.2025
18611, 30.2063
18612, 30.2078
18613, 30.2101
18614, 30.2116
18615, 30.2116
18616, 30.2135
18617, 30.2139
18618, 30.2163
18619, 30.2192
18620, 30.2192
18621, 30.2211
18622, 30.2244
18623, 30.2273
18624, 30.2292
18625, 30.2311
18626, 30.233
18627, 30.2335
18628, 30.2349
18629, 30.2378
18630, 30.2397
18631, 30.2411
18632, 30.2411
18633, 30.243
18634, 30.2439
18635, 30.2454
18636, 30.2539
18637, 30.2573
18638, 30.2597
18639, 30.262
18640, 30.2697
18641, 30.2701
18642, 30.272
18643, 30.2811
18644, 30.283
18645, 30.2835
18646, 30.2844
18647, 30.2849
18648, 30.2873
18649, 30.2873
18650, 30.2877
18651, 30.2877
18652, 30.2911
18653, 30.2935
18654, 30.2954
18655, 30.2997
18656, 30.3006
18657, 30.3044
18658, 30.3068
18659, 30.3068
18660, 30.3092
18661, 30.312
18662, 30.313
18663, 30.3144
18664, 30.3158
18665, 30.3192
18666, 30.3216
18667, 30.3239
18668, 30.3268
18669, 30.3268
18670, 30.3268
18671, 30.3292
18672, 30.3311
18673, 30.3335
18674, 30.3349
18675, 30.3349
18676, 30.3377
18677, 30.3397
18678, 30.3416
18679, 30.3458
18680, 30.3487
18681, 30.3487
18682, 30.3501
18683, 30.3506
18684, 30.3516
18685, 30.3549
18686, 30.3554
18687, 30.3568
18688, 30.3587
18689, 30.3601
18690, 30.3616
18691, 30.3654
18692, 30.3682
18693, 30.372
18694, 30.3725
18695, 30.3758
18696, 30.3782
18697, 30.3797
18698, 30.3801
18699, 30.383
18700, 30.3849
18701, 30.3873
18702, 30.3911
18703, 30.392
18704, 30.3987
18705, 30.3992
18706, 30.4073
18707, 30.4082
18708, 30.4135
18709, 30.4168
18710, 30.4173
18711, 30.4192
18712, 30.4216
18713, 30.4225
18714, 30.4244
18715, 30.4249
18716, 30.4263
18717, 30.4263
18718, 30.4296
18719, 30.433
18720, 30.4335
18721, 30.4358
18722, 30.4363
18723, 30.4373
18724, 30.4392
18725, 30.4392
18726, 30.4396
18727, 30.4411
18728, 30.4492
18729, 30.4501
18730, 30.4539
18731, 30.4592
18732, 30.4658
18733, 30.4668
18734, 30.4692
18735, 30.4711
18736, 30.4777
18737, 30.4806
18738, 30.4806
18739, 30.4816
18740, 30.4844
18741, 30.4849
18742, 30.492
18743, 30.4958
18744, 30.4982
18745, 30.5006
18746, 30.5054
18747, 30.5058
18748, 30.5073
18749, 30.512
18750, 30.5139
18751, 30.5216
18752, 30.522
18753, 30.5249
18754, 30.5249
18755, 30.5263
18756, 30.5277
18757, 30.5287
18758, 30.5292
18759, 30.5296
18760, 30.5301
18761, 30.5339
18762, 30.5354
18763, 30.5425
18764, 30.543
18765, 30.5439
18766, 30.5444
18767, 30.5482
18768, 30.5506
18769, 30.5544
18770, 30.5554
18771, 30.5558
18772, 30.5568
18773, 30.5649
18774, 30.5687
18775, 30.5692
18776, 30.5706
18777, 30.572
18778, 30.5749
18779, 30.5768
18780, 30.5768
18781, 30.5792
18782, 30.582
18783, 30.583
18784, 30.5911
18785, 30.5939
18786, 30.5949
18787, 30.5996
18788, 30.602
18789, 30.602
18790, 30.6111
18791, 30.6144
18792, 30.6149
18793, 30.6206
18794, 30.6206
18795, 30.6239
18796, 30.6287
18797, 30.6287
18798, 30.6315
18799, 30.6363
18800, 30.6368
18801, 30.6373
18802, 30.6377
18803, 30.6406
18804, 30.643
18805, 30.6496
18806, 30.652
18807, 30.6558
18808, 30.6596
18809, 30.663
18810, 30.6644
18811, 30.6663
18812, 30.6696
18813, 30.6701
18814, 30.6725
18815, 30.673
18816, 30.6744
18817, 30.6801
18818, 30.6844
18819, 30.6906
18820, 30.6939
18821, 30.7006
18822, 30.7015
18823, 30.702
18824, 30.7025
18825, 30.7035
18826, 30.7058
18827, 30.7082
18828, 30.7106
18829, 30.7158
18830, 30.7192
18831, 30.7196
18832, 30.722
18833, 30.723
18834, 30.723
18835, 30.7263
18836, 30.7273
18837, 30.7325
18838, 30.7401
18839, 30.743
18840, 30.7435
18841, 30.7454
18842, 30.7492
18843, 30.7563
18844, 30.7592
18845, 30.7654
18846, 30.7682
18847, 30.7687
18848, 30.7692
18849, 30.7739
18850, 30.7749
18851, 30.7906
18852, 30.7992
18853, 30.7996
18854, 30.802
18855, 30.8025
18856, 30.8111
18857, 30.8158
18858, 30.8168
18859, 30.8173
18860, 30.8182
18861, 30.8211
18862, 30.8211
18863, 30.8258
18864, 30.8277
18865, 30.8301
18866, 30.8339
18867, 30.8344
18868, 30.8354
18869, 30.8382
18870, 30.8382
18871, 30.8392
18872, 30.8434
18873, 30.8444
18874, 30.8444
18875, 30.8449
18876, 30.8477
18877, 30.8492
18878, 30.8511
18879, 30.853
18880, 30.8554
18881, 30.8601
18882, 30.8634
18883, 30.8654
18884, 30.8673
18885, 30.8739
18886, 30.8754
18887, 30.8787
18888, 30.8792
18889, 30.8806
18890, 30.882
18891, 30.8825
18892, 30.8839
18893, 30.8854
18894, 30.8915
18895, 30.892
18896, 30.8925
18897, 30.8934
18898, 30.8939
18899, 30.8977
18900, 30.8992
18901, 30.902
18902, 30.903
18903, 30.9034
18904, 30.9063
18905, 30.9111
18906, 30.912
18907, 30.913
18908, 30.9134
18909, 30.9173
18910, 30.9173
18911, 30.9182
18912, 30.9211
18913, 30.9234
18914, 30.9239
18915, 30.9263
18916, 30.9311
18917, 30.932
18918, 30.9325
18919, 30.9363
18920, 30.9382
18921, 30.9396
18922, 30.9444
18923, 30.9458
18924, 30.9463
18925, 30.9482
18926, 30.9492
18927, 30.9496
18928, 30.962
18929, 30.9644
18930, 30.9649
18931, 30.9658
18932, 30.9673
18933, 30.9673
18934, 30.9696
18935, 30.9701
18936, 30.9711
18937, 30.9739
18938, 30.9763
18939, 30.9777
18940, 30.9811
18941, 30.9877
18942, 30.9887
18943, 30.9892
18944, 30.9896
18945, 30.9906
18946, 30.9915
18947, 30.9934
18948, 30.9982
18949, 30.9982
18950, 31.002
18951, 31.0025
18952, 31.003
18953, 31.0082
18954, 31.0125
18955, 31.0158
18956, 31.0182
18957, 31.0196
18958, 31.0296
18959, 31.0358
18960, 31.0363
18961, 31.0368
18962, 31.0434
18963, 31.0453
18964, 31.0463
18965, 31.0558
18966, 31.0573
18967, 31.0582
18968, 31.0596
18969, 31.0601
18970, 31.0606
18971, 31.0611
18972, 31.0625
18973, 31.0644
18974, 31.0668
18975, 31.0701
18976, 31.0768
18977, 31.0777
18978, 31.0792
18979, 31.083
18980, 31.0844
18981, 31.0877
18982, 31.1001
18983, 31.1001
18984, 31.102
18985, 31.1106
18986, 31.1125
18987, 31.1149
18988, 31.1277
18989, 31.1287
18990, 31.132
18991, 31.1387
18992, 31.1396
18993, 31.1411
18994, 31.1506
18995, 31.1544
18996, 31.1563
18997, 31.1592
18998, 31.1611
18999, 31.1653
19000, 31.1668
19001, 31.173
19002, 31.1768
19003, 31.1792
19004, 31.1796
19005, 31.1825
19006, 31.1853
19007, 31.1863
19008, 31.1872
19009, 31.1953
19010, 31.1972
19011, 31.2006
19012, 31.202
19013, 31.2034
19014, 31.2049
19015, 31.2049
19016, 31.2072
19017, 31.2101
19018, 31.2144
19019, 31.2144
19020, 31.2172
19021, 31.2206
19022, 31.2215
19023, 31.2253
19024, 31.2382
19025, 31.242
19026, 31.2439
19027, 31.2439
19028, 31.2515
19029, 31.252
19030, 31.2558
19031, 31.2577
19032, 31.2615
19033, 31.2682
19034, 31.2744
19035, 31.2744
19036, 31.2763
19037, 31.2768
19038, 31.2811
19039, 31.2815
19040, 31.2815
19041, 31.283
19042, 31.2858
19043, 31.2863
19044, 31.2939
19045, 31.2977
19046, 31.2987
19047, 31.3025
19048, 31.3068
19049, 31.3087
19050, 31.3106
19051, 31.3153
19052, 31.3153
19053, 31.3206
19054, 31.3249
19055, 31.3249
19056, 31.3296
19057, 31.3301
19058, 31.333
19059, 31.3334
19060, 31.3411
19061, 31.3415
19062, 31.3439
19063, 31.3439
19064, 31.3463
19065, 31.3549
19066, 31.3572
19067, 31.3658
19068, 31.3658
19069, 31.3658
19070, 31.3677
19071, 31.3711
19072, 31.373
19073, 31.3739
19074, 31.3787
19075, 31.3806
19076, 31.3811
19077, 31.3839
19078, 31.3844
19079, 31.3844
19080, 31.3872
19081, 31.3877
19082, 31.3944
19083, 31.3958
19084, 31.3996
19085, 31.403
19086, 31.4115
19087, 31.4134
19088, 31.4149
19089, 31.4201
19090, 31.4215
19091, 31.4215
19092, 31.4249
19093, 31.4253
19094, 31.4377
19095, 31.4382
19096, 31.4425
19097, 31.4506
19098, 31.452
19099, 31.4534
19100, 31.4582
19101, 31.462
19102, 31.4687
19103, 31.4687
19104, 31.4691
19105, 31.4772
19106, 31.483
19107, 31.483
19108, 31.4839
19109, 31.4839
19110, 31.491
19111, 31.4963
19112, 31.4977
19113, 31.4987
19114, 31.4987
19115, 31.4996
19116, 31.513
19117, 31.5139
19118, 31.5153
19119, 31.521
19120, 31.5234
19121, 31.5253
19122, 31.5287
19123, 31.5287
19124, 31.5396
19125, 31.5406
19126, 31.5425
19127, 31.5439
19128, 31.5487
19129, 31.5496
19130, 31.5544
19131, 31.5601
19132, 31.5606
19133, 31.5625
19134, 31.563
19135, 31.5653
19136, 31.5715
19137, 31.5753
19138, 31.5758
19139, 31.582
19140, 31.582
19141, 31.5825
19142, 31.5825
19143, 31.5834
19144, 31.5901
19145, 31.5939
19146, 31.5977
19147, 31.5991
19148, 31.6001
19149, 31.6001
19150, 31.601
19151, 31.6058
19152, 31.6063
19153, 31.6163
19154, 31.6177
19155, 31.6182
19156, 31.6206
19157, 31.6239
19158, 31.6253
19159, 31.6277
19160, 31.6282
19161, 31.6291
19162, 31.6291
19163, 31.6358
19164, 31.6391
19165, 31.6415
19166, 31.6563
19167, 31.6577
19168, 31.6582
19169, 31.6644
19170, 31.6696
19171, 31.6696
19172, 31.6729
19173, 31.6768
19174, 31.6829
19175, 31.6839
19176, 31.6853
19177, 31.6858
19178, 31.6901
19179, 31.6915
19180, 31.701
19181, 31.712
19182, 31.7125
19183, 31.7125
19184, 31.7144
19185, 31.7144
19186, 31.7158
19187, 31.7163
19188, 31.7187
19189, 31.7187
19190, 31.7253
19191, 31.7282
19192, 31.7296
19193, 31.7315
19194, 31.7334
19195, 31.7368
19196, 31.7368
19197, 31.742
19198, 31.7425
19199, 31.7468
19200, 31.7501
19201, 31.752
19202, 31.7529
19203, 31.7577
19204, 31.7582
19205, 31.7615
19206, 31.7649
19207, 31.7706
19208, 31.7706
19209, 31.7744
19210, 31.7772
19211, 31.7777
19212, 31.7858
19213, 31.7882
19214, 31.7939
19215, 31.7944
19216, 31.7958
19217, 31.7972
19218, 31.7987
19219, 31.7991
19220, 31.8025
19221, 31.8029
19222, 31.8049
19223, 31.8072
19224, 31.8087
19225, 31.8087
19226, 31.8106
19227, 31.8106
19228, 31.8106
19229, 31.8115
19230, 31.8125
19231, 31.8144
19232, 31.8163
19233, 31.8168
19234, 31.8272
19235, 31.8291
19236, 31.8296
19237, 31.8301
19238, 31.8306
19239, 31.832
19240, 31.8329
19241, 31.8353
19242, 31.8396
19243, 31.8434
19244, 31.8453
19245, 31.8472
19246, 31.851
19247, 31.8515
19248, 31.8668
19249, 31.8691
19250, 31.8696
19251, 31.8748
19252, 31.8806
19253, 31.8839
19254, 31.8844
19255, 31.8887
19256, 31.8906
19257, 31.8929
19258, 31.8972
19259, 31.9029
19260, 31.9115
19261, 31.921
19262, 31.9215
19263, 31.9258
19264, 31.9277
19265, 31.9296
19266, 31.931
19267, 31.9334
19268, 31.9339
19269, 31.9358
19270, 31.9391
19271, 31.9425
19272, 31.9434
19273, 31.9434
19274, 31.9501
19275, 31.9582
19276, 31.9587
19277, 31.9606
19278, 31.9653
19279, 31.9658
19280, 31.9668
19281, 31.9668
19282, 31.9682
19283, 31.9687
19284, 31.9706
19285, 31.9706
19286, 31.9725
19287, 31.982
19288, 31.982
19289, 31.9848
19290, 31.992
19291, 31.9925
19292, 31.9958
19293, 31.9963
19294, 32.002
19295, 32.0039
19296, 32.0272
19297, 32.0358
19298, 32.041
19299, 32.042
19300, 32.0439
19301, 32.0487
19302, 32.0558
19303, 32.0572
19304, 32.0596
19305, 32.0682
19306, 32.0701
19307, 32.0777
19308, 32.0825
19309, 32.0863
19310, 32.0915
19311, 32.0925
19312, 32.0934
19313, 32.1006
19314, 32.1015
19315, 32.1015
19316, 32.1048
19317, 32.1129
19318, 32.1158
19319, 32.1167
19320, 32.1182
19321, 32.1206
19322, 32.1267
19323, 32.1272
19324, 32.1282
19325, 32.1301
19326, 32.1344
19327, 32.1377
19328, 32.1467
19329, 32.1491
19330, 32.1534
19331, 32.1539
19332, 32.1553
19333, 32.1563
19334, 32.161
19335, 32.1667
19336, 32.171
19337, 32.1739
19338, 32.1796
19339, 32.1825
19340, 32.1839
19341, 32.1844
19342, 32.1886
19343, 32.192
19344, 32.1972
19345, 32.2001
19346, 32.201
19347, 32.2029
19348, 32.212
19349, 32.2139
19350, 32.2225
19351, 32.2239
19352, 32.2253
19353, 32.2286
19354, 32.2334
19355, 32.2386
19356, 32.2434
19357, 32.2501
19358, 32.251
19359, 32.2553
19360, 32.261
19361, 32.2725
19362, 32.2753
19363, 32.2777
19364, 32.2815
19365, 32.2853
19366, 32.2858
19367, 32.2863
19368, 32.292
19369, 32.3053
19370, 32.3101
19371, 32.3115
19372, 32.3167
19373, 32.322
19374, 32.3291
19375, 32.3291
19376, 32.3325
19377, 32.3467
19378, 32.3482
19379, 32.3525
19380, 32.3539
19381, 32.3563
19382, 32.3596
19383, 32.3663
19384, 32.3763
19385, 32.3763
19386, 32.3825
19387, 32.3844
19388, 32.3853
19389, 32.3863
19390, 32.3891
19391, 32.3925
19392, 32.3958
19393, 32.4077
19394, 32.4125
19395, 32.4191
19396, 32.4344
19397, 32.4401
19398, 32.4405
19399, 32.4505
19400, 32.4558
19401, 32.4586
19402, 32.4782
19403, 32.4829
19404, 32.4886
19405, 32.4905
19406, 32.4934
19407, 32.5034
19408, 32.5063
19409, 32.5091
19410, 32.5153
19411, 32.521
19412, 32.5258
19413, 32.5277
19414, 32.5434
19415, 32.5444
19416, 32.561
19417, 32.5696
19418, 32.5939
19419, 32.5996
19420, 32.5996
19421, 32.602
19422, 32.6029
19423, 32.6048
19424, 32.622
19425, 32.6229
19426, 32.6229
19427, 32.6234
19428, 32.6244
19429, 32.6248
19430, 32.6263
19431, 32.6263
19432, 32.6282
19433, 32.6286
19434, 32.6301
19435, 32.631
19436, 32.6363
19437, 32.642
19438, 32.6424
19439, 32.6477
19440, 32.6553
19441, 32.6567
19442, 32.6601
19443, 32.6615
19444, 32.6658
19445, 32.6677
19446, 32.6753
19447, 32.6782
19448, 32.6791
19449, 32.6882
19450, 32.6934
19451, 32.7001
19452, 32.7024
19453, 32.7029
19454, 32.7053
19455, 32.7205
19456, 32.7243
19457, 32.7277
19458, 32.7305
19459, 32.7315
19460, 32.7358
19461, 32.7453
19462, 32.7486
19463, 32.7524
19464, 32.7529
19465, 32.7582
19466, 32.7648
19467, 32.7686
19468, 32.7729
19469, 32.7758
19470, 32.7782
19471, 32.7796
19472, 32.7805
19473, 32.7805
19474, 32.7877
19475, 32.7877
19476, 32.7929
19477, 32.8158
19478, 32.8158
19479, 32.8272
19480, 32.8282
19481, 32.831
19482, 32.8343
19483, 32.8348
19484, 32.8391
19485, 32.8477
19486, 32.8505
19487, 32.8515
19488, 32.8524
19489, 32.8591
19490, 32.8643
19491, 32.8672
19492, 32.8715
19493, 32.8786
19494, 32.8815
19495, 32.882
19496, 32.882
19497, 32.8824
19498, 32.8929
19499, 32.9262
19500, 32.9262
19501, 32.9348
19502, 32.9443
19503, 32.9462
19504, 32.9524
19505, 32.9534
19506, 32.9648
19507, 32.9682
19508, 32.9696
19509, 32.9767
19510, 32.9848
19511, 32.9853
19512, 32.9886
19513, 32.992
19514, 32.9929
19515, 32.9991
19516, 33.0015
19517, 33.0034
19518, 33.0124
19519, 33.0158
19520, 33.0172
19521, 33.0262
19522, 33.0353
19523, 33.041
19524, 33.0415
19525, 33.0472
19526, 33.0553
19527, 33.0648
19528, 33.0672
19529, 33.0696
19530, 33.0777
19531, 33.0829
19532, 33.0848
19533, 33.0943
19534, 33.0958
19535, 33.0958
19536, 33.1058
19537, 33.1172
19538, 33.1181
19539, 33.1267
19540, 33.1272
19541, 33.1315
19542, 33.1334
19543, 33.1353
19544, 33.1372
19545, 33.142
19546, 33.1424
19547, 33.1439
19548, 33.1501
19549, 33.1539
19550, 33.1615
19551, 33.1624
19552, 33.1681
19553, 33.1729
19554, 33.182
19555, 33.1834
19556, 33.1872
19557, 33.1915
19558, 33.1996
19559, 33.2053
19560, 33.2053
19561, 33.2186
19562, 33.2253
19563, 33.2315
19564, 33.2367
19565, 33.2377
19566, 33.2481
19567, 33.25
19568, 33.2543
19569, 33.2548
19570, 33.2553
19571, 33.2629
19572, 33.27
19573, 33.2739
19574, 33.2762
19575, 33.2777
19576, 33.2805
19577, 33.3
19578, 33.3086
19579, 33.3115
19580, 33.3124
19581, 33.3134
19582, 33.3186
19583, 33.3262
19584, 33.3329
19585, 33.3348
19586, 33.3386
19587, 33.3439
19588, 33.3448
19589, 33.3515
19590, 33.3515
19591, 33.3524
19592, 33.3667
19593, 33.3734
19594, 33.3739
19595, 33.3853
19596, 33.3943
19597, 33.4072
19598, 33.4158
19599, 33.4167
19600, 33.4377
19601, 33.4448
19602, 33.4486
19603, 33.4615
19604, 33.4839
19605, 33.4858
19606, 33.4867
19607, 33.4877
19608, 33.4943
19609, 33.5024
19610, 33.5029
19611, 33.5091
19612, 33.5115
19613, 33.5177
19614, 33.5229
19615, 33.5491
19616, 33.5677
19617, 33.5829
19618, 33.5834
19619, 33.5886
19620, 33.5891
19621, 33.6024
19622, 33.6043
19623, 33.6115
19624, 33.6115
19625, 33.6281
19626, 33.6329
19627, 33.6596
19628, 33.66
19629, 33.6615
19630, 33.6653
19631, 33.6653
19632, 33.6705
19633, 33.671
19634, 33.6848
19635, 33.6981
19636, 33.7038
19637, 33.7148
19638, 33.7258
19639, 33.7319
19640, 33.7343
19641, 33.7419
19642, 33.7491
19643, 33.7586
19644, 33.7591
19645, 33.7657
19646, 33.7657
19647, 33.7834
19648, 33.7843
19649, 33.8019
19650, 33.8086
19651, 33.8138
19652, 33.8224
19653, 33.8257
19654, 33.8267
19655, 33.8467
19656, 33.8519
19657, 33.8648
19658, 33.8672
19659, 33.8672
19660, 33.8686
19661, 33.8724
19662, 33.8891
19663, 33.9124
19664, 33.9148
19665, 33.9172
19666, 33.9229
19667, 33.931
19668, 33.9329
19669, 33.9376
19670, 33.9648
19671, 33.9881
19672, 33.9943
19673, 33.9962
19674, 34.001
19675, 34.0024
19676, 34.0072
19677, 34.0105
19678, 34.0105
19679, 34.0157
19680, 34.0257
19681, 34.0262
19682, 34.0267
19683, 34.0276
19684, 34.0329
19685, 34.0348
19686, 34.0372
19687, 34.0386
19688, 34.04
19689, 34.0524
19690, 34.0524
19691, 34.0534
19692, 34.0748
19693, 34.0748
19694, 34.0805
19695, 34.0843
19696, 34.0962
19697, 34.0976
19698, 34.1029
19699, 34.1062
19700, 34.1096
19701, 34.1248
19702, 34.131
19703, 34.141
19704, 34.1581
19705, 34.1691
19706, 34.1748
19707, 34.181
19708, 34.1848
19709, 34.1848
19710, 34.191
19711, 34.1995
19712, 34.2024
19713, 34.2034
19714, 34.2038
19715, 34.2048
19716, 34.2076
19717, 34.2138
19718, 34.2143
19719, 34.2215
19720, 34.2229
19721, 34.2238
19722, 34.2367
19723, 34.24
19724, 34.2419
19725, 34.2443
19726, 34.2557
19727, 34.2605
19728, 34.2638
19729, 34.2791
19730, 34.2876
19731, 34.3129
19732, 34.3134
19733, 34.3167
19734, 34.32
19735, 34.3234
19736, 34.3319
19737, 34.3348
19738, 34.3395
19739, 34.3481
19740, 34.3634
19741, 34.3786
19742, 34.4057
19743, 34.4081
19744, 34.4376
19745, 34.4381
19746, 34.4534
19747, 34.4591
19748, 34.4629
19749, 34.4681
19750, 34.4957
19751, 34.4986
19752, 34.4991
19753, 34.5033
19754, 34.5114
19755, 34.5162
19756, 34.5338
19757, 34.5372
19758, 34.5567
19759, 34.5591
19760, 34.5676
19761, 34.571
19762, 34.5838
19763, 34.5914
19764, 34.5962
19765, 34.5981
19766, 34.6072
19767, 34.6086
19768, 34.6124
19769, 34.6181
19770, 34.6205
19771, 34.6272
19772, 34.631
19773, 34.6319
19774, 34.6362
19775, 34.65
19776, 34.6567
19777, 34.6643
19778, 34.6791
19779, 34.6791
19780, 34.701
19781, 34.7072
19782, 34.7143
19783, 34.7357
19784, 34.7405
19785, 34.7462
19786, 34.7591
19787, 34.77
19788, 34.7891
19789, 34.7962
19790, 34.8029
19791, 34.8243
19792, 34.8291
19793, 34.8314
19794, 34.8352
19795, 34.8376
19796, 34.841
19797, 34.8429
19798, 34.8457
19799, 34.8524
19800, 34.8562
19801, 34.8657
19802, 34.8881
19803, 34.9024
19804, 34.9205
19805, 34.9229
19806, 34.9257
19807, 34.9281
19808, 34.93
19809, 34.9329
19810, 34.9371
19811, 34.9419
19812, 34.9467
19813, 34.9557
19814, 34.9724
19815, 34.9752
19816, 34.9762
19817, 34.9795
19818, 34.9881
19819, 34.9943
19820, 34.9976
19821, 35.0067
19822, 35.0148
19823, 35.0424
19824, 35.061
19825, 35.0629
19826, 35.0943
19827, 35.0952
19828, 35.099
19829, 35.1019
19830, 35.1129
19831, 35.119
19832, 35.121
19833, 35.1281
19834, 35.1352
19835, 35.1367
19836, 35.1452
19837, 35.1633
19838, 35.169
19839, 35.179
19840, 35.1857
19841, 35.189
19842, 35.19
19843, 35.1981
19844, 35.1995
19845, 35.2019
19846, 35.2071
19847, 35.2105
19848, 35.2205
19849, 35.2238
19850, 35.2309
19851, 35.2319
19852, 35.2352
19853, 35.2395
19854, 35.2414
19855, 35.2495
19856, 35.2538
19857, 35.2667
19858, 35.2852
19859, 35.3181
19860, 35.3276
19861, 35.329
19862, 35.3324
19863, 35.34
19864, 35.3433
19865, 35.3452
19866, 35.35
19867, 35.3505
19868, 35.3524
19869, 35.3543
19870, 35.359
19871, 35.3638
19872, 35.3657
19873, 35.3676
19874, 35.3809
19875, 35.3876
19876, 35.4057
19877, 35.4067
19878, 35.4176
19879, 35.4657
19880, 35.4695
19881, 35.479
19882, 35.479
19883, 35.4828
19884, 35.4948
19885, 35.4976
19886, 35.519
19887, 35.5224
19888, 35.5238
19889, 35.5252
19890, 35.5319
19891, 35.5543
19892, 35.5547
19893, 35.5719
19894, 35.5752
19895, 35.5871
19896, 35.5957
19897, 35.6009
19898, 35.6052
19899, 35.6052
19900, 35.6086
19901, 35.6162
19902, 35.6233
19903, 35.6257
19904, 35.6367
19905, 35.6386
19906, 35.6443
19907, 35.6514
19908, 35.6557
19909, 35.6576
19910, 35.67
19911, 35.6733
19912, 35.6919
19913, 35.699
19914, 35.7066
19915, 35.7214
19916, 35.7352
19917, 35.7414
19918, 35.7471
19919, 35.7557
19920, 35.7657
19921, 35.7838
19922, 35.7843
19923, 35.7862
19924, 35.7866
19925, 35.7909
19926, 35.7947
19927, 35.7971
19928, 35.8086
19929, 35.8243
19930, 35.8247
19931, 35.8352
19932, 35.8433
19933, 35.8495
19934, 35.8524
19935, 35.8533
19936, 35.8557
19937, 35.8633
19938, 35.8662
19939, 35.8719
19940, 35.8866
19941, 35.8924
19942, 35.8962
19943, 35.9024
19944, 35.9166
19945, 35.9224
19946, 35.9438
19947, 35.9695
19948, 35.9705
19949, 35.9805
19950, 35.9914
19951, 35.9957
19952, 35.9962
19953, 35.999
19954, 36.0105
19955, 36.0119
19956, 36.0138
19957, 36.0176
19958, 36.0224
19959, 36.0295
19960, 36.0638
19961, 36.0895
19962, 36.0909
19963, 36.0981
19964, 36.1038
19965, 36.1081
19966, 36.1595
19967, 36.1647
19968, 36.1671
19969, 36.1685
19970, 36.1719
19971, 36.1947
19972, 36.2081
19973, 36.2114
19974, 36.24
19975, 36.2504
19976, 36.2562
19977, 36.2685
19978, 36.27
19979, 36.2743
19980, 36.2828
19981, 36.2857
19982, 36.2895
19983, 36.2962
19984, 36.3014
19985, 36.3028
19986, 36.3166
19987, 36.32
19988, 36.3447
19989, 36.3904
19990, 36.4066
19991, 36.4071
19992, 36.4238
19993, 36.4252
19994, 36.4295
19995, 36.4347
19996, 36.4357
19997, 36.4433
19998, 36.4595
19999, 36.4609
20000, 36.4757
20001, 36.4909
20002, 36.5109
20003, 36.5176
20004, 36.5419
20005, 36.55
20006, 36.5552
20007, 36.5652
20008, 36.5676
20009, 36.5676
20010, 36.5809
20011, 36.5809
20012, 36.5885
20013, 36.589
20014, 36.5981
20015, 36.6019
20016, 36.6033
20017, 36.6076
20018, 36.6142
20019, 36.6157
20020, 36.6195
20021, 36.6242
20022, 36.639
20023, 36.6476
20024, 36.65
20025, 36.6542
20026, 36.68
20027, 36.7004
20028, 36.7033
20029, 36.7114
20030, 36.7119
20031, 36.7319
20032, 36.74
20033, 36.7419
20034, 36.7447
20035, 36.7504
20036, 36.7561
20037, 36.7576
20038, 36.7814
20039, 36.7842
20040, 36.7904
20041, 36.8128
20042, 36.8176
20043, 36.8204
20044, 36.8295
20045, 36.8328
20046, 36.8519
20047, 36.8557
20048, 36.8695
20049, 36.8695
20050, 36.8738
20051, 36.8923
20052, 36.9252
20053, 36.9252
20054, 36.9257
20055, 36.9285
20056, 36.9514
20057, 36.9633
20058, 36.9695
20059, 36.9761
20060, 37.0242
20061, 37.0247
20062, 37.0414
20063, 37.0452
20064, 37.0723
20065, 37.0738
20066, 37.0833
20067, 37.0852
20068, 37.0904
20069, 37.1257
20070, 37.1514
20071, 37.159
20072, 37.1618
20073, 37.1766
20074, 37.1809
20075, 37.1999
20076, 37.2018
20077, 37.2033
20078, 37.2166
20079, 37.2347
20080, 37.2695
20081, 37.2766
20082, 37.2771
20083, 37.2861
20084, 37.3052
20085, 37.3423
20086, 37.3447
20087, 37.3699
20088, 37.4028
20089, 37.4071
20090, 37.4099
20091, 37.4123
20092, 37.4161
20093, 37.418
20094, 37.4523
20095, 37.4576
20096, 37.469
20097, 37.4909
20098, 37.4947
20099, 37.5352
20100, 37.538
20101, 37.5456
20102, 37.548
20103, 37.5552
20104, 37.5609
20105, 37.5623
20106, 37.5923
20107, 37.5933
20108, 37.6118
20109, 37.6228
20110, 37.6395
20111, 37.6637
20112, 37.7052
20113, 37.7056
20114, 37.7204
20115, 37.7375
20116, 37.7456
20117, 37.7637
20118, 37.7899
20119, 37.7899
20120, 37.7918
20121, 37.8699
20122, 37.8809
20123, 37.8975
20124, 37.8999
20125, 37.908
20126, 37.9209
20127, 37.9256
20128, 37.938
20129, 37.9442
20130, 37.9537
20131, 38.0047
20132, 38.0061
20133, 38.0304
20134, 38.0433
20135, 38.0447
20136, 38.0747
20137, 38.0761
20138, 38.1066
20139, 38.1133
20140, 38.1242
20141, 38.1275
20142, 38.1575
20143, 38.1737
20144, 38.1861
20145, 38.1932
20146, 38.2313
20147, 38.2461
20148, 38.2852
20149, 38.2866
20150, 38.3085
20151, 38.3113
20152, 38.3152
20153, 38.3228
20154, 38.3266
20155, 38.3351
20156, 38.3513
20157, 38.3628
20158, 38.4128
20159, 38.459
20160, 38.4699
20161, 38.4794
20162, 38.4794
20163, 38.5604
20164, 38.5947
20165, 38.5975
20166, 38.6213
20167, 38.7347
20168, 38.7585
20169, 38.7751
20170, 38.7794
20171, 38.7985
20172, 38.8099
20173, 38.8123
20174, 38.8818
20175, 38.9008
20176, 38.9018
20177, 38.9166
20178, 38.9285
20179, 38.9585
20180, 38.9642
20181, 38.9656
20182, 38.9761
20183, 38.9804
20184, 38.9875
20185, 39.0132
20186, 39.0694
20187, 39.0923
20188, 39.107
20189, 39.1132
20190, 39.1161
20191, 39.1637
20192, 39.1789
20193, 39.1794
20194, 39.1794
20195, 39.1885
20196, 39.1894
20197, 39.2199
20198, 39.2289
20199, 39.2351
20200, 39.2418
20201, 39.2575
20202, 39.2589
20203, 39.2623
20204, 39.2713
20205, 39.2861
20206, 39.3313
20207, 39.3346
20208, 39.338
20209, 39.3437
20210, 39.3518
20211, 39.3589
20212, 39.3832
20213, 39.4651
20214, 39.5342
20215, 39.5789
20216, 39.598
20217, 39.6346
20218, 39.6451
20219, 39.657
20220, 39.6832
20221, 39.6865
20222, 39.6884
20223, 39.6937
20224, 39.728
20225, 39.7361
20226, 39.787
20227, 39.8099
20228, 39.8199
20229, 39.8351
20230, 39.857
20231, 39.8689
20232, 39.8761
20233, 39.8808
20234, 39.9361
20235, 39.9375
20236, 40.0018
20237, 40.0461
20238, 40.067
20239, 40.1051
20240, 40.1094
20241, 40.118
20242, 40.1432
20243, 40.1484
20244, 40.1565
20245, 40.1661
20246, 40.1722
20247, 40.1903
20248, 40.2032
20249, 40.2075
20250, 40.2108
20251, 40.2256
20252, 40.2746
20253, 40.2822
20254, 40.3665
20255, 40.3827
20256, 40.477
20257, 40.517
20258, 40.6413
20259, 40.6551
20260, 40.7122
20261, 40.7732
20262, 40.7898
20263, 40.7975
20264, 40.8575
20265, 40.8722
20266, 40.8865
20267, 40.8903
20268, 40.916
20269, 41.0022
20270, 41.016
20271, 41.0898
20272, 41.1175
20273, 41.1451
20274, 41.1532
20275, 41.2251
20276, 41.2346
20277, 41.2679
20278, 41.2779
20279, 41.286
20280, 41.3103
20281, 41.3236
20282, 41.3255
20283, 41.3613
20284, 41.3765
20285, 41.396
20286, 41.4541
20287, 41.4665
20288, 41.5446
20289, 41.5798
20290, 41.5889
20291, 41.6293
20292, 41.7036
20293, 41.7227
20294, 41.7317
20295, 41.7936
20296, 41.8484
20297, 41.8774
20298, 41.8789
20299, 41.8984
20300, 41.9036
20301, 41.9536
20302, 41.9831
20303, 42.0341
20304, 42.0708
20305, 42.1055
20306, 42.2008
20307, 42.2565
20308, 42.2569
20309, 42.2589
20310, 42.356
20311, 42.3741
20312, 42.396
20313, 42.3998
20314, 42.446
20315, 42.4465
20316, 42.4593
20317, 42.4717
20318, 42.4903
20319, 42.5812
20320, 42.5879
20321, 42.5917
20322, 42.6003
20323, 42.6893
20324, 42.7207
20325, 42.7279
20326, 42.7403
20327, 42.8012
20328, 42.8112
20329, 42.8865
20330, 42.9855
20331, 43.026
20332, 43.1336
20333, 43.1926
20334, 43.2274
20335, 43.2945
20336, 43.3131
20337, 43.3793
20338, 43.3807
20339, 43.396
20340, 43.5064
20341, 43.5069
20342, 43.6945
20343, 43.7117
20344, 43.765
20345, 43.7683
20346, 43.8336
20347, 43.9326
20348, 43.9359
20349, 44.0226
20350, 44.0812
20351, 44.085
20352, 44.1526
20353, 44.2021
20354, 44.2121
20355, 44.295
20356, 44.3959
20357, 44.4488
20358, 44.7031
20359, 44.8174
20360, 44.8302
20361, 45.0216
20362, 45.025
20363, 45.0302
20364, 45.0469
20365, 45.0716
20366, 45.1116
20367, 45.1345
20368, 45.1493
20369, 45.1792
20370, 45.2154
20371, 45.2702
20372, 45.2759
20373, 45.3269
20374, 45.3335
20375, 45.4816
20376, 45.525
20377, 45.7502
20378, 45.7816
20379, 45.8283
20380, 45.9445
20381, 46.093
20382, 46.1064
20383, 46.174
20384, 46.1907
20385, 46.3492
20386, 46.433
20387, 46.5825
20388, 46.6097
20389, 46.7502
20390, 46.7563
20391, 46.803
20392, 46.8268
20393, 46.8483
20394, 46.934
20395, 47.2321
20396, 47.422
20397, 47.4659
20398, 47.5249
20399, 48.092
20400, 48.2292
20401, 48.3915
20402, 48.4349
20403, 48.5949
20404, 48.6844
20405, 48.9872
20406, 49.153
20407, 49.1872
20408, 49.2401
20409, 49.3544
20410, 49.482
20411, 49.7077
20412, 50.0767
20413, 50.1905
20414, 50.4143
20415, 50.4924
20416, 51.2419
20417, 51.3453
20418, 52.0238
20419, 52.2257
20420, 52.5205
20421, 52.8367
20422, 53.0181
20423, 53.129
20424, 53.3266
20425, 53.7124
20426, 54.1581
20427, 54.4599
20428, 54.5242
20429, 54.5714
20430, 54.778
20431, 54.8042
20432, 55.0623
20433, 55.0704
20434, 55.3023
20435, 55.3161
20436, 55.8066
20437, 55.9437
20438, 56.0323
20439, 56.1413
20440, 56.4766
20441, 56.9232
20442, 58.5622
20443, 58.8603
20444, 59.6941
20445, 59.9274
20446, 60.7622
20447, 61.9531
20448, 62.3774
20449, 63.1221
20450, 63.4826
20451, 63.9083
20452, 65.0992
20453, 65.4273
20454, 65.6339
20455, 66.3506
20456, 66.6787
20457, 66.9372
20458, 67.9801
20459, 69
20460, 69.7395
20461, 70.8076
20462, 72.8761
20463, 73.1609
20464, 73.2937
20465, 73.3699
20466, 73.4447
20467, 73.5228
20468, 73.5351
20469, 73.5404
20470, 73.629
20471, 73.6451
20472, 73.6547
20473, 73.688
20474, 73.7504
20475, 73.7523
20476, 73.8109
20477, 73.8242
20478, 73.8609
20479, 73.8785
20480, 73.8823
20481, 73.8847
20482, 73.8928
20483, 73.9047
20484, 73.9094
20485, 73.9094
20486, 73.9147
20487, 73.9199
20488, 73.9375
20489, 73.9575
20490, 73.9599
20491, 73.9628
20492, 73.9632
20493, 73.9666
20494, 73.9861
20495, 73.9989
20496, 74.0128
20497, 74.0132
20498, 74.0232
20499, 74.0247
20500, 74.0266
20501, 74.0389
20502, 74.0394
20503, 74.0499
20504, 74.0632
20505, 74.0651
20506, 74.0661
20507, 74.0685
20508, 74.0756
20509, 74.0761
20510, 74.0789
20511, 74.0875
20512, 74.0875
20513, 74.0932
20514, 74.0937
20515, 74.0942
20516, 74.0966
20517, 74.1027
20518, 74.1066
20519, 74.1099
20520, 74.1127
20521, 74.1194
20522, 74.1237
20523, 74.1266
20524, 74.1332
20525, 74.1332
20526, 74.1356
20527, 74.1394
20528, 74.1404
20529, 74.1408
20530, 74.1442
20531, 74.148
20532, 74.1575
20533, 74.1647
20534, 74.1675
20535, 74.1694
20536, 74.1742
20537, 74.1747
20538, 74.1808
20539, 74.1832
20540, 74.1966
20541, 74.2032
20542, 74.2066
20543, 74.2085
20544, 74.2085
20545, 74.2089
20546, 74.2094
20547, 74.2137
20548, 74.218
20549, 74.2189
20550, 74.2189
20551, 74.227
20552, 74.2289
20553, 74.2327
20554, 74.2385
20555, 74.2399
20556, 74.2447
20557, 74.2475
20558, 74.2551
20559, 74.2556
20560, 74.2594
20561, 74.2613
20562, 74.267
20563, 74.2685
20564, 74.2694
20565, 74.2708
20566, 74.2737
20567, 74.2756
20568, 74.2756
20569, 74.2794
20570, 74.2808
20571, 74.2827
20572, 74.2832
20573, 74.2861
20574, 74.2885
20575, 74.2942
20576, 74.297
20577, 74.297
20578, 74.2989
20579, 74.3018
20580, 74.307
20581, 74.3099
20582, 74.3137
20583, 74.3142
20584, 74.3208
20585, 74.3242
20586, 74.3261
20587, 74.3275
20588, 74.3294
20589, 74.3294
20590, 74.3294
20591, 74.3299
20592, 74.3304
20593, 74.3404
20594, 74.3437
20595, 74.3499
20596, 74.3499
20597, 74.3527
20598, 74.3542
20599, 74.3542
20600, 74.3561
20601, 74.358
20602, 74.3589
20603, 74.3613
20604, 74.3627
20605, 74.3646
20606, 74.3666
20607, 74.3727
20608, 74.3766
20609, 74.378
20610, 74.3799
20611, 74.3799
20612, 74.3804
20613, 74.3823
20614, 74.3832
20615, 74.3846
20616, 74.3894
20617, 74.3904
20618, 74.3913
20619, 74.3966
20620, 74.4008
20621, 74.4018
20622, 74.4023
20623, 74.4046
20624, 74.4099
20625, 74.418
20626, 74.4261
20627, 74.427
20628, 74.4299
20629, 74.4308
20630, 74.4318
20631, 74.4332
20632, 74.4346
20633, 74.4366
20634, 74.4394
20635, 74.4413
20636, 74.4418
20637, 74.4437
20638, 74.447
20639, 74.447
20640, 74.448
20641, 74.4518
20642, 74.4565
20643, 74.458
20644, 74.4585
20645, 74.4604
20646, 74.4642
20647, 74.4651
20648, 74.4718
20649, 74.4723
20650, 74.4732
20651, 74.4746
20652, 74.4761
20653, 74.4775
20654, 74.4799
20655, 74.4823
20656, 74.4832
20657, 74.4837
20658, 74.4846
20659, 74.4846
20660, 74.4923
20661, 74.4923
20662, 74.4927
20663, 74.4942
20664, 74.4975
20665, 74.5051
20666, 74.507
20667, 74.507
20668, 74.5113
20669, 74.5127
20670, 74.5127
20671, 74.5204
20672, 74.5213
20673, 74.5232
20674, 74.5232
20675, 74.527
20676, 74.5275
20677, 74.528
20678, 74.5327
20679, 74.5332
20680, 74.5361
20681, 74.5361
20682, 74.5365
20683, 74.538
20684, 74.5404
20685, 74.5423
20686, 74.5456
20687, 74.548
20688, 74.5499
20689, 74.5542
20690, 74.5546
20691, 74.5561
20692, 74.5561
20693, 74.5604
20694, 74.5623
20695, 74.5656
20696, 74.5656
20697, 74.5665
20698, 74.567
20699, 74.5694
20700, 74.5723
20701, 74.577
20702, 74.578
20703, 74.5794
20704, 74.5823
20705, 74.5837
20706, 74.5846
20707, 74.5889
20708, 74.5904
20709, 74.5927
20710, 74.5946
20711, 74.5999
20712, 74.6008
20713, 74.6023
20714, 74.6051
20715, 74.6061
20716, 74.6075
20717, 74.6085
20718, 74.6094
20719, 74.6118
20720, 74.6118
20721, 74.6137
20722, 74.6142
20723, 74.6156
20724, 74.6165
20725, 74.6175
20726, 74.6218
20727, 74.6246
20728, 74.6246
20729, 74.628
20730, 74.6284
20731, 74.6356
20732, 74.6361
20733, 74.637
20734, 74.638
20735, 74.6384
20736, 74.6394
20737, 74.6399
20738, 74.6418
20739, 74.6442
20740, 74.6456
20741, 74.647
20742, 74.6475
20743, 74.6504
20744, 74.6546
20745, 74.6551
20746, 74.6575
20747, 74.658
20748, 74.6599
20749, 74.6608
20750, 74.6613
20751, 74.6618
20752, 74.6627
20753, 74.6637
20754, 74.6675
20755, 74.6742
20756, 74.6751
20757, 74.678
20758, 74.6789
20759, 74.6804
20760, 74.6837
20761, 74.6913
20762, 74.6913
20763, 74.6932
20764, 74.6965
20765, 74.6989
20766, 74.7018
20767, 74.707
20768, 74.7099
20769, 74.7104
20770, 74.7113
20771, 74.7184
20772, 74.7189
20773, 74.7208
20774, 74.7246
20775, 74.7313
20776, 74.7318
20777, 74.7356
20778, 74.7384
20779, 74.7399
20780, 74.7427
20781, 74.7451
20782, 74.7465
20783, 74.7484
20784, 74.7508
20785, 74.7523
20786, 74.7542
20787, 74.758
20788, 74.758
20789, 74.7584
20790, 74.7618
20791, 74.7627
20792, 74.7651
20793, 74.7656
20794, 74.7704
20795, 74.7708
20796, 74.7732
20797, 74.7765
20798, 74.7765
20799, 74.7789
20800, 74.7856
20801, 74.7865
20802, 74.7927
20803, 74.7932
20804, 74.7961
20805, 74.7975
20806, 74.798
20807, 74.7984
20808, 74.8003
20809, 74.8008
20810, 74.8008
20811, 74.8013
20812, 74.8027
20813, 74.8032
20814, 74.8032
20815, 74.808
20816, 74.8108
20817, 74.8123
20818, 74.8146
20819, 74.8175
20820, 74.8208
20821, 74.8213
20822, 74.8242
20823, 74.8261
20824, 74.828
20825, 74.8289
20826, 74.8323
20827, 74.8356
20828, 74.8384
20829, 74.8461
20830, 74.847
20831, 74.8484
20832, 74.8499
20833, 74.8503
20834, 74.8584
20835, 74.8589
20836, 74.8623
20837, 74.8627
20838, 74.8632
20839, 74.8632
20840, 74.8661
20841, 74.8675
20842, 74.868
20843, 74.8694
20844, 74.8713
20845, 74.8718
20846, 74.8718
20847, 74.8727
20848, 74.8789
20849, 74.8803
20850, 74.8808
20851, 74.8823
20852, 74.8884
20853, 74.8889
20854, 74.8894
20855, 74.8932
20856, 74.8932
20857, 74.8946
20858, 74.8961
20859, 74.8965
20860, 74.9003
20861, 74.9056
20862, 74.9118
20863, 74.9142
20864, 74.9142
20865, 74.9146
20866, 74.917
20867, 74.9175
20868, 74.9208
20869, 74.9213
20870, 74.9232
20871, 74.927
20872, 74.9275
20873, 74.9299
20874, 74.9318
20875, 74.9365
20876, 74.9389
20877, 74.9389
20878, 74.9394
20879, 74.9399
20880, 74.9418
20881, 74.9437
20882, 74.9451
20883, 74.9461
20884, 74.9527
20885, 74.9527
20886, 74.9532
20887, 74.9608
20888, 74.9642
20889, 74.9656
20890, 74.9703
20891, 74.9703
20892, 74.9732
20893, 74.9737
20894, 74.978
20895, 74.9813
20896, 74.9842
20897, 74.9846
20898, 74.9932
20899, 74.9937
20900, 74.9965
20901, 74.9975
20902, 74.9989
20903, 75.0008
20904, 75.0013
20905, 75.0022
20906, 75.0051
20907, 75.0075
20908, 75.0089
20909, 75.0127
20910, 75.0127
20911, 75.0142
20912, 75.0146
20913, 75.0146
20914, 75.0151
20915, 75.0175
20916, 75.0284
20917, 75.0308
20918, 75.0327
20919, 75.0337
20920, 75.0375
20921, 75.038
20922, 75.0456
20923, 75.0503
20924, 75.0532
20925, 75.0556
20926, 75.058
20927, 75.0627
20928, 75.0708
20929, 75.0775
20930, 75.0794
20931, 75.0822
20932, 75.0827
20933, 75.0827
20934, 75.0846
20935, 75.0908
20936, 75.0932
20937, 75.0994
20938, 75.1008
20939, 75.1022
20940, 75.1032
20941, 75.1046
20942, 75.1046
20943, 75.1137
20944, 75.1151
20945, 75.1156
20946, 75.1208
20947, 75.1227
20948, 75.1284
20949, 75.1332
20950, 75.1361
20951, 75.137
20952, 75.1418
20953, 75.1451
20954, 75.1456
20955, 75.147
20956, 75.148
20957, 75.1503
20958, 75.1503
20959, 75.1532
20960, 75.1556
20961, 75.158
20962, 75.1584
20963, 75.1584
20964, 75.1618
20965, 75.1632
20966, 75.1646
20967, 75.1727
20968, 75.1751
20969, 75.1756
20970, 75.1761
20971, 75.1765
20972, 75.177
20973, 75.1827
20974, 75.1846
20975, 75.1865
20976, 75.187
20977, 75.188
20978, 75.1899
20979, 75.1913
20980, 75.1913
20981, 75.1922
20982, 75.198
20983, 75.2008
20984, 75.2008
20985, 75.2027
20986, 75.2037
20987, 75.2041
20988, 75.2099
20989, 75.2108
20990, 75.2108
20991, 75.2146
20992, 75.2165
20993, 75.2184
20994, 75.2213
20995, 75.2246
20996, 75.2284
20997, 75.2365
20998, 75.238
20999, 75.2403
21000, 75.2441
21001, 75.2465
21002, 75.2599
21003, 75.2618
21004, 75.2627
21005, 75.2632
21006, 75.267
21007, 75.2675
21008, 75.2689
21009, 75.2727
21010, 75.2727
21011, 75.2761
21012, 75.2765
21013, 75.2846
21014, 75.2894
21015, 75.2908
21016, 75.2918
21017, 75.2932
21018, 75.2932
21019, 75.2951
21020, 75.2961
21021, 75.297
21022, 75.297
21023, 75.2999
21024, 75.2999
21025, 75.3041
21026, 75.3041
21027, 75.3089
21028, 75.3094
21029, 75.3113
21030, 75.3118
21031, 75.3118
21032, 75.3122
21033, 75.3122
21034, 75.3137
21035, 75.3165
21036, 75.317
21037, 75.317
21038, 75.318
21039, 75.3189
21040, 75.3237
21041, 75.326
21042, 75.3289
21043, 75.3294
21044, 75.3299
21045, 75.3337
21046, 75.3346
21047, 75.3365
21048, 75.3389
21049, 75.3408
21050, 75.3422
21051, 75.3441
21052, 75.3446
21053, 75.3465
21054, 75.3503
21055, 75.3532
21056, 75.3541
21057, 75.3613
21058, 75.366
21059, 75.3675
21060, 75.3675
21061, 75.3737
21062, 75.3775
21063, 75.3789
21064, 75.3794
21065, 75.3884
21066, 75.3903
21067, 75.3908
21068, 75.3922
21069, 75.3937
21070, 75.3941
21071, 75.3941
21072, 75.3984
21073, 75.3994
21074, 75.3994
21075, 75.4003
21076, 75.4008
21077, 75.4027
21078, 75.407
21079, 75.4146
21080, 75.4199
21081, 75.4208
21082, 75.4218
21083, 75.4232
21084, 75.4275
21085, 75.4275
21086, 75.4313
21087, 75.4332
21088, 75.4375
21089, 75.4399
21090, 75.4408
21091, 75.4413
21092, 75.4456
21093, 75.4494
21094, 75.4499
21095, 75.4527
21096, 75.4627
21097, 75.4637
21098, 75.4694
21099, 75.4746
21100, 75.478
21101, 75.4794
21102, 75.4822
21103, 75.4884
21104, 75.4908
21105, 75.4922
21106, 75.4937
21107, 75.496
21108, 75.497
21109, 75.5003
21110, 75.5013
21111, 75.5041
21112, 75.5046
21113, 75.506
21114, 75.506
21115, 75.5113
21116, 75.5122
21117, 75.5127
21118, 75.5146
21119, 75.5189
21120, 75.5189
21121, 75.5218
21122, 75.5246
21123, 75.5279
21124, 75.5289
21125, 75.5294
21126, 75.5299
21127, 75.5308
21128, 75.5322
21129, 75.5346
21130, 75.5346
21131, 75.5351
21132, 75.537
21133, 75.5422
21134, 75.5432
21135, 75.5446
21136, 75.5456
21137, 75.5494
21138, 75.5518
21139, 75.5546
21140, 75.557
21141, 75.5603
21142, 75.5627
21143, 75.5627
21144, 75.5675
21145, 75.5675
21146, 75.5679
21147, 75.5713
21148, 75.5718
21149, 75.5746
21150, 75.5813
21151, 75.5837
21152, 75.5908
21153, 75.5951
21154, 75.5951
21155, 75.596
21156, 75.5994
21157, 75.5999
21158, 75.6065
21159, 75.6099
21160, 75.6122
21161, 75.6127
21162, 75.6132
21163, 75.6156
21164, 75.6156
21165, 75.6203
21166, 75.6265
21167, 75.6313
21168, 75.6332
21169, 75.6351
21170, 75.6351
21171, 75.6351
21172, 75.636
21173, 75.6399
21174, 75.6427
21175, 75.6494
21176, 75.6494
21177, 75.6499
21178, 75.656
21179, 75.6589
21180, 75.6594
21181, 75.6594
21182, 75.6665
21183, 75.6675
21184, 75.6689
21185, 75.6732
21186, 75.6808
21187, 75.6851
21188, 75.6884
21189, 75.6889
21190, 75.6898
21191, 75.6956
21192, 75.6965
21193, 75.7018
21194, 75.7046
21195, 75.7056
21196, 75.7089
21197, 75.7103
21198, 75.7108
21199, 75.7113
21200, 75.7127
21201, 75.7198
21202, 75.7208
21203, 75.7222
21204, 75.7237
21205, 75.7237
21206, 75.726
21207, 75.7289
21208, 75.7327
21209, 75.7337
21210, 75.7341
21211, 75.7384
21212, 75.7394
21213, 75.7441
21214, 75.7465
21215, 75.7484
21216, 75.7494
21217, 75.7498
21218, 75.7513
21219, 75.7518
21220, 75.7522
21221, 75.7532
21222, 75.7546
21223, 75.757
21224, 75.7594
21225, 75.7632
21226, 75.7656
21227, 75.7698
21228, 75.7756
21229, 75.776
21230, 75.7808
21231, 75.7822
21232, 75.7841
21233, 75.7937
21234, 75.797
21235, 75.8003
21236, 75.8013
21237, 75.8018
21238, 75.8027
21239, 75.8065
21240, 75.807
21241, 75.8089
21242, 75.8137
21243, 75.8151
21244, 75.8198
21245, 75.8198
21246, 75.8198
21247, 75.8208
21248, 75.8218
21249, 75.8256
21250, 75.826
21251, 75.8279
21252, 75.8284
21253, 75.8294
21254, 75.8298
21255, 75.8389
21256, 75.8389
21257, 75.8418
21258, 75.8446
21259, 75.8465
21260, 75.8484
21261, 75.8532
21262, 75.8532
21263, 75.8532
21264, 75.8537
21265, 75.857
21266, 75.857
21267, 75.8584
21268, 75.8589
21269, 75.8603
21270, 75.8608
21271, 75.8617
21272, 75.8617
21273, 75.8627
21274, 75.8637
21275, 75.8656
21276, 75.866
21277, 75.8675
21278, 75.8694
21279, 75.8698
21280, 75.8717
21281, 75.8727
21282, 75.8751
21283, 75.8756
21284, 75.8817
21285, 75.8822
21286, 75.8827
21287, 75.8837
21288, 75.8889
21289, 75.8941
21290, 75.8984
21291, 75.9003
21292, 75.9017
21293, 75.9046
21294, 75.906
21295, 75.9065
21296, 75.907
21297, 75.9075
21298, 75.9079
21299, 75.9079
21300, 75.9108
21301, 75.9113
21302, 75.9122
21303, 75.9156
21304, 75.916
21305, 75.9189
21306, 75.9189
21307, 75.9194
21308, 75.9256
21309, 75.9341
21310, 75.9341
21311, 75.9365
21312, 75.9379
21313, 75.9389
21314, 75.9451
21315, 75.9456
21316, 75.9456
21317, 75.947
21318, 75.9475
21319, 75.9484
21320, 75.9489
21321, 75.9508
21322, 75.9513
21323, 75.9513
21324, 75.9527
21325, 75.9627
21326, 75.9641
21327, 75.9641
21328, 75.9646
21329, 75.9656
21330, 75.9656
21331, 75.9751
21332, 75.9756
21333, 75.976
21334, 75.9837
21335, 75.9856
21336, 75.9884
21337, 75.9917
21338, 75.996
21339, 75.9965
21340, 75.9965
21341, 75.9975
21342, 75.9994
21343, 76.0008
21344, 76.0065
21345, 76.0079
21346, 76.0079
21347, 76.0117
21348, 76.0117
21349, 76.0137
21350, 76.0184
21351, 76.0208
21352, 76.026
21353, 76.0332
21354, 76.036
21355, 76.0375
21356, 76.0389
21357, 76.0494
21358, 76.0517
21359, 76.0522
21360, 76.0589
21361, 76.0608
21362, 76.0703
21363, 76.0746
21364, 76.0751
21365, 76.0756
21366, 76.076
21367, 76.0779
21368, 76.0789
21369, 76.0817
21370, 76.0832
21371, 76.086
21372, 76.086
21373, 76.0879
21374, 76.0884
21375, 76.0951
21376, 76.096
21377, 76.0979
21378, 76.1022
21379, 76.1032
21380, 76.1032
21381, 76.1079
21382, 76.1084
21383, 76.1094
21384, 76.1132
21385, 76.1151
21386, 76.1151
21387, 76.1156
21388, 76.1179
21389, 76.1289
21390, 76.1303
21391, 76.1313
21392, 76.1327
21393, 76.1379
21394, 76.1389
21395, 76.1465
21396, 76.1465
21397, 76.1498
21398, 76.1527
21399, 76.1565
21400, 76.157
21401, 76.1579
21402, 76.1603
21403, 76.1608
21404, 76.1641
21405, 76.1656
21406, 76.1736
21407, 76.1813
21408, 76.1908
21409, 76.1908
21410, 76.1922
21411, 76.1922
21412, 76.1936
21413, 76.1951
21414, 76.1994
21415, 76.2003
21416, 76.2027
21417, 76.2075
21418, 76.2108
21419, 76.2117
21420, 76.2127
21421, 76.2146
21422, 76.2155
21423, 76.2155
21424, 76.217
21425, 76.2184
21426, 76.2194
21427, 76.2198
21428, 76.2217
21429, 76.2236
21430, 76.2246
21431, 76.2265
21432, 76.2294
21433, 76.2303
21434, 76.236
21435, 76.2465
21436, 76.2489
21437, 76.2508
21438, 76.2513
21439, 76.2546
21440, 76.2546
21441, 76.2575
21442, 76.2589
21443, 76.2627
21444, 76.2632
21445, 76.2641
21446, 76.2655
21447, 76.2679
21448, 76.2698
21449, 76.2727
21450, 76.2751
21451, 76.276
21452, 76.277
21453, 76.2779
21454, 76.2794
21455, 76.2822
21456, 76.2832
21457, 76.2865
21458, 76.2884
21459, 76.2932
21460, 76.2936
21461, 76.3022
21462, 76.3032
21463, 76.3041
21464, 76.3046
21465, 76.3094
21466, 76.3113
21467, 76.3165
21468, 76.317
21469, 76.3351
21470, 76.3379
21471, 76.3379
21472, 76.3394
21473, 76.3413
21474, 76.3441
21475, 76.3446
21476, 76.3455
21477, 76.3455
21478, 76.3465
21479, 76.347
21480, 76.3475
21481, 76.3479
21482, 76.3489
21483, 76.3489
21484, 76.3498
21485, 76.3522
21486, 76.3541
21487, 76.3541
21488, 76.3575
21489, 76.3584
21490, 76.3627
21491, 76.3632
21492, 76.3651
21493, 76.366
21494, 76.3689
21495, 76.3713
21496, 76.3736
21497, 76.3736
21498, 76.3779
21499, 76.3803
21500, 76.3841
21501, 76.3841
21502, 76.3913
21503, 76.3917
21504, 76.3922
21505, 76.3927
21506, 76.3936
21507, 76.3941
21508, 76.397
21509, 76.3974
21510, 76.4027
21511, 76.4032
21512, 76.4032
21513, 76.4079
21514, 76.4122
21515, 76.4141
21516, 76.4146
21517, 76.4151
21518, 76.4179
21519, 76.4217
21520, 76.4236
21521, 76.4251
21522, 76.4279
21523, 76.4294
21524, 76.4308
21525, 76.4308
21526, 76.4308
21527, 76.4322
21528, 76.4384
21529, 76.4413
21530, 76.4427
21531, 76.4441
21532, 76.446
21533, 76.4484
21534, 76.4508
21535, 76.4517
21536, 76.4546
21537, 76.4555
21538, 76.456
21539, 76.4565
21540, 76.4584
21541, 76.4603
21542, 76.4613
21543, 76.4655
21544, 76.4694
21545, 76.4746
21546, 76.476
21547, 76.4765
21548, 76.4784
21549, 76.4827
21550, 76.487
21551, 76.487
21552, 76.4874
21553, 76.4903
21554, 76.4946
21555, 76.4965
21556, 76.5003
21557, 76.5013
21558, 76.5013
21559, 76.5017
21560, 76.5027
21561, 76.5089
21562, 76.5094
21563, 76.5127
21564, 76.5132
21565, 76.5151
21566, 76.5151
21567, 76.5189
21568, 76.5194
21569, 76.5213
21570, 76.5236
21571, 76.5241
21572, 76.5246
21573, 76.5317
21574, 76.5341
21575, 76.5365
21576, 76.5374
21577, 76.5374
21578, 76.5379
21579, 76.5384
21580, 76.5403
21581, 76.5413
21582, 76.5427
21583, 76.5436
21584, 76.5451
21585, 76.547
21586, 76.5517
21587, 76.5517
21588, 76.5527
21589, 76.5536
21590, 76.5565
21591, 76.5603
21592, 76.5603
21593, 76.5646
21594, 76.5679
21595, 76.5684
21596, 76.5689
21597, 76.5703
21598, 76.5717
21599, 76.5727
21600, 76.5741
21601, 76.5784
21602, 76.5841
21603, 76.587
21604, 76.596
21605, 76.5984
21606, 76.5993
21607, 76.6008
21608, 76.6041
21609, 76.6074
21610, 76.6108
21611, 76.6151
21612, 76.6151
21613, 76.6165
21614, 76.6179
21615, 76.6208
21616, 76.6208
21617, 76.6227
21618, 76.6232
21619, 76.6255
21620, 76.6289
21621, 76.6346
21622, 76.6374
21623, 76.6408
21624, 76.6413
21625, 76.6436
21626, 76.646
21627, 76.6493
21628, 76.6493
21629, 76.657
21630, 76.6574
21631, 76.6584
21632, 76.6622
21633, 76.6636
21634, 76.6636
21635, 76.6636
21636, 76.6641
21637, 76.6655
21638, 76.6655
21639, 76.6679
21640, 76.6703
21641, 76.6727
21642, 76.6736
21643, 76.6751
21644, 76.677
21645, 76.6779
21646, 76.6808
21647, 76.6813
21648, 76.6822
21649, 76.6846
21650, 76.6855
21651, 76.686
21652, 76.6874
21653, 76.6884
21654, 76.6889
21655, 76.6917
21656, 76.6927
21657, 76.6993
21658, 76.7051
21659, 76.7055
21660, 76.7079
21661, 76.7084
21662, 76.7146
21663, 76.7179
21664, 76.7213
21665, 76.7241
21666, 76.7246
21667, 76.726
21668, 76.726
21669, 76.7265
21670, 76.7265
21671, 76.7274
21672, 76.7298
21673, 76.7298
21674, 76.7303
21675, 76.7312
21676, 76.7346
21677, 76.7351
21678, 76.7365
21679, 76.737
21680, 76.7484
21681, 76.7489
21682, 76.7522
21683, 76.7555
21684, 76.7565
21685, 76.7579
21686, 76.7589
21687, 76.7608
21688, 76.7612
21689, 76.7617
21690, 76.7632
21691, 76.7703
21692, 76.7717
21693, 76.7727
21694, 76.7741
21695, 76.7755
21696, 76.7765
21697, 76.7784
21698, 76.7793
21699, 76.7798
21700, 76.7822
21701, 76.7827
21702, 76.7827
21703, 76.7851
21704, 76.7851
21705, 76.7874
21706, 76.7884
21707, 76.7903
21708, 76.7955
21709, 76.7979
21710, 76.7989
21711, 76.8022
21712, 76.8032
21713, 76.806
21714, 76.806
21715, 76.806
21716, 76.807
21717, 76.807
21718, 76.8079
21719, 76.8122
21720, 76.8122
21721, 76.8212
21722, 76.8222
21723, 76.8227
21724, 76.8255
21725, 76.826
21726, 76.8279
21727, 76.8284
21728, 76.8284
21729, 76.8303
21730, 76.8322
21731, 76.8341
21732, 76.8351
21733, 76.8379
21734, 76.8384
21735, 76.8408
21736, 76.8412
21737, 76.8427
21738, 76.8436
21739, 76.8455
21740, 76.847
21741, 76.8546
21742, 76.8546
21743, 76.8555
21744, 76.857
21745, 76.8632
21746, 76.8646
21747, 76.867
21748, 76.867
21749, 76.8708
21750, 76.8727
21751, 76.8736
21752, 76.8736
21753, 76.8803
21754, 76.8808
21755, 76.8808
21756, 76.886
21757, 76.8898
21758, 76.8951
21759, 76.8955
21760, 76.8955
21761, 76.8965
21762, 76.8974
21763, 76.8989
21764, 76.8998
21765, 76.9017
21766, 76.906
21767, 76.9079
21768, 76.9127
21769, 76.9127
21770, 76.9131
21771, 76.9131
21772, 76.9136
21773, 76.9146
21774, 76.9189
21775, 76.9193
21776, 76.9217
21777, 76.9236
21778, 76.9246
21779, 76.9246
21780, 76.926
21781, 76.9322
21782, 76.9327
21783, 76.9331
21784, 76.936
21785, 76.9422
21786, 76.9431
21787, 76.9441
21788, 76.9451
21789, 76.9479
21790, 76.9527
21791, 76.9565
21792, 76.9579
21793, 76.9579
21794, 76.9608
21795, 76.9651
21796, 76.9689
21797, 76.9703
21798, 76.9712
21799, 76.9722
21800, 76.9798
21801, 76.9865
21802, 76.9903
21803, 76.9908
21804, 76.9922
21805, 76.996
21806, 76.9989
21807, 77.0017
21808, 77.0027
21809, 77.0036
21810, 77.007
21811, 77.0079
21812, 77.0108
21813, 77.0108
21814, 77.0131
21815, 77.0131
21816, 77.0136
21817, 77.0189
21818, 77.0198
21819, 77.0212
21820, 77.0303
21821, 77.0303
21822, 77.0336
21823, 77.0346
21824, 77.0351
21825, 77.0422
21826, 77.0431
21827, 77.0441
21828, 77.0446
21829, 77.0455
21830, 77.047
21831, 77.047
21832, 77.0479
21833, 77.0479
21834, 77.0493
21835, 77.0546
21836, 77.057
21837, 77.0593
21838, 77.0693
21839, 77.0751
21840, 77.0765
21841, 77.0865
21842, 77.0865
21843, 77.0965
21844, 77.097
21845, 77.097
21846, 77.0979
21847, 77.1027
21848, 77.1041
21849, 77.105
21850, 77.1065
21851, 77.1093
21852, 77.1112
21853, 77.1131
21854, 77.1146
21855, 77.117
21856, 77.1179
21857, 77.1203
21858, 77.1208
21859, 77.1227
21860, 77.1241
21861, 77.1255
21862, 77.1293
21863, 77.1303
21864, 77.1308
21865, 77.1322
21866, 77.1384
21867, 77.1417
21868, 77.1484
21869, 77.1503
21870, 77.1512
21871, 77.1527
21872, 77.155
21873, 77.1565
21874, 77.157
21875, 77.1574
21876, 77.1579
21877, 77.1589
21878, 77.1612
21879, 77.1617
21880, 77.1617
21881, 77.1617
21882, 77.1631
21883, 77.1693
21884, 77.1708
21885, 77.1731
21886, 77.1746
21887, 77.1765
21888, 77.1798
21889, 77.1836
21890, 77.185
21891, 77.185
21892, 77.1855
21893, 77.1874
21894, 77.1884
21895, 77.1955
21896, 77.1984
21897, 77.2017
21898, 77.2041
21899, 77.2079
21900, 77.2122
21901, 77.216
21902, 77.2227
21903, 77.2293
21904, 77.2317
21905, 77.2322
21906, 77.236
21907, 77.2379
21908, 77.2474
21909, 77.2498
21910, 77.2546
21911, 77.2565
21912, 77.2565
21913, 77.2574
21914, 77.2579
21915, 77.2589
21916, 77.2603
21917, 77.2608
21918, 77.2608
21919, 77.2617
21920, 77.2617
21921, 77.2646
21922, 77.2684
21923, 77.2727
21924, 77.2731
21925, 77.2736
21926, 77.2741
21927, 77.2755
21928, 77.2765
21929, 77.2765
21930, 77.2769
21931, 77.2789
21932, 77.2793
21933, 77.2817
21934, 77.2817
21935, 77.2827
21936, 77.2855
21937, 77.2869
21938, 77.2879
21939, 77.296
21940, 77.296
21941, 77.2984
21942, 77.2993
21943, 77.3017
21944, 77.3031
21945, 77.3046
21946, 77.3046
21947, 77.3074
21948, 77.3089
21949, 77.3117
21950, 77.3122
21951, 77.3127
21952, 77.3146
21953, 77.315
21954, 77.315
21955, 77.3174
21956, 77.3179
21957, 77.326
21958, 77.3269
21959, 77.3279
21960, 77.3331
21961, 77.335
21962, 77.3365
21963, 77.3365
21964, 77.3379
21965, 77.3412
21966, 77.3417
21967, 77.3427
21968, 77.3441
21969, 77.345
21970, 77.3469
21971, 77.3474
21972, 77.3474
21973, 77.3484
21974, 77.3531
21975, 77.3593
21976, 77.3627
21977, 77.3636
21978, 77.3698
21979, 77.3698
21980, 77.3703
21981, 77.3793
21982, 77.3812
21983, 77.3827
21984, 77.3841
21985, 77.3846
21986, 77.386
21987, 77.3884
21988, 77.3908
21989, 77.3912
21990, 77.3922
21991, 77.395
21992, 77.3955
21993, 77.396
21994, 77.3965
21995, 77.3998
21996, 77.4036
21997, 77.405
21998, 77.4065
21999, 77.4069
22000, 77.4069
22001, 77.4079
22002, 77.4098
22003, 77.4127
22004, 77.4131
22005, 77.4146
22006, 77.4193
22007, 77.4231
22008, 77.4284
22009, 77.4298
22010, 77.4308
22011, 77.4317
22012, 77.4346
22013, 77.435
22014, 77.4379
22015, 77.4388
22016, 77.4441
22017, 77.4469
22018, 77.4498
22019, 77.4517
22020, 77.4531
22021, 77.4569
22022, 77.4569
22023, 77.4593
22024, 77.4603
22025, 77.4622
22026, 77.4693
22027, 77.4722
22028, 77.4722
22029, 77.4731
22030, 77.4741
22031, 77.4765
22032, 77.4779
22033, 77.4784
22034, 77.4822
22035, 77.4831
22036, 77.4855
22037, 77.4879
22038, 77.4898
22039, 77.4936
22040, 77.4941
22041, 77.4946
22042, 77.496
22043, 77.5022
22044, 77.5031
22045, 77.5036
22046, 77.505
22047, 77.5055
22048, 77.5122
22049, 77.5141
22050, 77.5141
22051, 77.5193
22052, 77.5231
22053, 77.5241
22054, 77.5274
22055, 77.5284
22056, 77.5293
22057, 77.5355
22058, 77.5388
22059, 77.5393
22060, 77.5431
22061, 77.5431
22062, 77.5446
22063, 77.5455
22064, 77.5465
22065, 77.5484
22066, 77.5503
22067, 77.5508
22068, 77.556
22069, 77.5574
22070, 77.5579
22071, 77.5588
22072, 77.5598
22073, 77.565
22074, 77.5679
22075, 77.5688
22076, 77.5688
22077, 77.5703
22078, 77.5708
22079, 77.5708
22080, 77.5731
22081, 77.575
22082, 77.5788
22083, 77.5836
22084, 77.5855
22085, 77.5912
22086, 77.5946
22087, 77.6008
22088, 77.606
22089, 77.6088
22090, 77.6117
22091, 77.6117
22092, 77.6127
22093, 77.6184
22094, 77.6193
22095, 77.6227
22096, 77.6279
22097, 77.6288
22098, 77.6398
22099, 77.6403
22100, 77.6417
22101, 77.6465
22102, 77.6479
22103, 77.6493
22104, 77.6531
22105, 77.6603
22106, 77.6607
22107, 77.6607
22108, 77.665
22109, 77.6655
22110, 77.6665
22111, 77.6736
22112, 77.6755
22113, 77.676
22114, 77.6774
22115, 77.686
22116, 77.6888
22117, 77.6893
22118, 77.6907
22119, 77.6955
22120, 77.6998
22121, 77.7027
22122, 77.7079
22123, 77.7093
22124, 77.7093
22125, 77.7098
22126, 77.7127
22127, 77.7141
22128, 77.7193
22129, 77.7236
22130, 77.725
22131, 77.7265
22132, 77.7269
22133, 77.7288
22134, 77.7293
22135, 77.7293
22136, 77.7303
22137, 77.7312
22138, 77.735
22139, 77.7355
22140, 77.7417
22141, 77.7422
22142, 77.7436
22143, 77.7441
22144, 77.7465
22145, 77.7465
22146, 77.7517
22147, 77.7522
22148, 77.7598
22149, 77.7622
22150, 77.7646
22151, 77.7646
22152, 77.766
22153, 77.7674
22154, 77.7674
22155, 77.7688
22156, 77.7703
22157, 77.7746
22158, 77.7798
22159, 77.7812
22160, 77.7836
22161, 77.7874
22162, 77.7888
22163, 77.7907
22164, 77.7917
22165, 77.7917
22166, 77.7926
22167, 77.7941
22168, 77.7955
22169, 77.7988
22170, 77.8017
22171, 77.8022
22172, 77.8022
22173, 77.8031
22174, 77.8065
22175, 77.8117
22176, 77.8136
22177, 77.8146
22178, 77.8169
22179, 77.8226
22180, 77.825
22181, 77.8255
22182, 77.8274
22183, 77.8284
22184, 77.8317
22185, 77.835
22186, 77.8465
22187, 77.8512
22188, 77.8555
22189, 77.8569
22190, 77.8588
22191, 77.8598
22192, 77.8612
22193, 77.8641
22194, 77.8665
22195, 77.8674
22196, 77.8712
22197, 77.8722
22198, 77.8755
22199, 77.8755
22200, 77.8765
22201, 77.8779
22202, 77.8793
22203, 77.8826
22204, 77.8831
22205, 77.8836
22206, 77.8912
22207, 77.8931
22208, 77.8946
22209, 77.896
22210, 77.8988
22211, 77.9007
22212, 77.9017
22213, 77.9036
22214, 77.9046
22215, 77.9098
22216, 77.9112
22217, 77.9136
22218, 77.9136
22219, 77.9141
22220, 77.9141
22221, 77.915
22222, 77.9188
22223, 77.9241
22224, 77.9255
22225, 77.926
22226, 77.9265
22227, 77.9303
22228, 77.9303
22229, 77.9322
22230, 77.9379
22231, 77.9412
22232, 77.9455
22233, 77.9469
22234, 77.9488
22235, 77.9517
22236, 77.9526
22237, 77.9565
22238, 77.9579
22239, 77.9598
22240, 77.9641
22241, 77.966
22242, 77.9665
22243, 77.9665
22244, 77.9669
22245, 77.9698
22246, 77.9717
22247, 77.9731
22248, 77.9745
22249, 77.975
22250, 77.9774
22251, 77.9798
22252, 77.9803
22253, 77.9812
22254, 77.9812
22255, 77.9841
22256, 77.9841
22257, 77.9865
22258, 77.9893
22259, 77.9907
22260, 77.9974
22261, 78.0041
22262, 78.0045
22263, 78.0065
22264, 78.0088
22265, 78.0198
22266, 78.0198
22267, 78.0217
22268, 78.0217
22269, 78.0231
22270, 78.0279
22271, 78.0312
22272, 78.0336
22273, 78.036
22274, 78.0374
22275, 78.0379
22276, 78.0388
22277, 78.0488
22278, 78.0493
22279, 78.0517
22280, 78.0536
22281, 78.0545
22282, 78.0598
22283, 78.0665
22284, 78.0665
22285, 78.0669
22286, 78.0698
22287, 78.0703
22288, 78.0707
22289, 78.0731
22290, 78.0731
22291, 78.0741
22292, 78.0779
22293, 78.0788
22294, 78.0793
22295, 78.0798
22296, 78.0822
22297, 78.0826
22298, 78.0841
22299, 78.0845
22300, 78.1003
22301, 78.1007
22302, 78.1017
22303, 78.1026
22304, 78.1045
22305, 78.1107
22306, 78.1126
22307, 78.1126
22308, 78.1136
22309, 78.115
22310, 78.1174
22311, 78.1184
22312, 78.1184
22313, 78.1188
22314, 78.1198
22315, 78.1212
22316, 78.1288
22317, 78.1288
22318, 78.1298
22319, 78.1322
22320, 78.136
22321, 78.1398
22322, 78.1407
22323, 78.1426
22324, 78.1464
22325, 78.1493
22326, 78.1493
22327, 78.1507
22328, 78.1536
22329, 78.1541
22330, 78.1541
22331, 78.1598
22332, 78.1631
22333, 78.1631
22334, 78.1636
22335, 78.1636
22336, 78.1636
22337, 78.1645
22338, 78.165
22339, 78.1655
22340, 78.166
22341, 78.1703
22342, 78.1707
22343, 78.1726
22344, 78.175
22345, 78.1764
22346, 78.1769
22347, 78.1774
22348, 78.1779
22349, 78.1779
22350, 78.1793
22351, 78.1798
22352, 78.1841
22353, 78.1869
22354, 78.1874
22355, 78.1922
22356, 78.1926
22357, 78.1931
22358, 78.1931
22359, 78.195
22360, 78.195
22361, 78.1979
22362, 78.1979
22363, 78.1988
22364, 78.1998
22365, 78.2022
22366, 78.2036
22367, 78.2041
22368, 78.2045
22369, 78.2045
22370, 78.206
22371, 78.206
22372, 78.2079
22373, 78.2093
22374, 78.2098
22375, 78.2126
22376, 78.2184
22377, 78.2188
22378, 78.2212
22379, 78.2222
22380, 78.2241
22381, 78.226
22382, 78.2264
22383, 78.2269
22384, 78.2293
22385, 78.2298
22386, 78.2298
22387, 78.2331
22388, 78.2345
22389, 78.2355
22390, 78.2364
22391, 78.2379
22392, 78.2384
22393, 78.2398
22394, 78.2412
22395, 78.2436
22396, 78.2445
22397, 78.2455
22398, 78.2484
22399, 78.2512
22400, 78.2517
22401, 78.2526
22402, 78.2541
22403, 78.255
22404, 78.2612
22405, 78.2631
22406, 78.2636
22407, 78.2669
22408, 78.2688
22409, 78.2693
22410, 78.2707
22411, 78.2726
22412, 78.2731
22413, 78.2741
22414, 78.2745
22415, 78.2764
22416, 78.2788
22417, 78.2798
22418, 78.2798
22419, 78.2807
22420, 78.2855
22421, 78.2893
22422, 78.2898
22423, 78.2903
22424, 78.2936
22425, 78.2941
22426, 78.3036
22427, 78.3045
22428, 78.3074
22429, 78.3117
22430, 78.3169
22431, 78.3203
22432, 78.3231
22433, 78.325
22434, 78.325
22435, 78.325
22436, 78.3303
22437, 78.335
22438, 78.336
22439, 78.3393
22440, 78.3417
22441, 78.3441
22442, 78.3588
22443, 78.3622
22444, 78.3622
22445, 78.3626
22446, 78.3717
22447, 78.3717
22448, 78.3774
22449, 78.3841
22450, 78.385
22451, 78.3864
22452, 78.3874
22453, 78.3907
22454, 78.3917
22455, 78.3941
22456, 78.3955
22457, 78.3955
22458, 78.3964
22459, 78.3979
22460, 78.3988
22461, 78.3988
22462, 78.4055
22463, 78.4122
22464, 78.4126
22465, 78.4145
22466, 78.416
22467, 78.416
22468, 78.4222
22469, 78.4231
22470, 78.425
22471, 78.426
22472, 78.4283
22473, 78.4288
22474, 78.4326
22475, 78.4341
22476, 78.4369
22477, 78.4379
22478, 78.4379
22479, 78.4426
22480, 78.4445
22481, 78.4445
22482, 78.446
22483, 78.4493
22484, 78.4493
22485, 78.4507
22486, 78.4512
22487, 78.4531
22488, 78.4541
22489, 78.4545
22490, 78.455
22491, 78.4579
22492, 78.4607
22493, 78.4612
22494, 78.466
22495, 78.4698
22496, 78.4703
22497, 78.4712
22498, 78.4745
22499, 78.4779
22500, 78.4793
22501, 78.4793
22502, 78.4812
22503, 78.4822
22504, 78.4836
22505, 78.4864
22506, 78.4864
22507, 78.4869
22508, 78.4869
22509, 78.4902
22510, 78.4974
22511, 78.5002
22512, 78.5017
22513, 78.5036
22514, 78.5117
22515, 78.516
22516, 78.5183
22517, 78.5202
22518, 78.5207
22519, 78.526
22520, 78.5302
22521, 78.535
22522, 78.5364
22523, 78.5379
22524, 78.5393
22525, 78.5412
22526, 78.5455
22527, 78.5474
22528, 78.5498
22529, 78.5498
22530, 78.5498
22531, 78.5502
22532, 78.5507
22533, 78.5507
22534, 78.5541
22535, 78.5545
22536, 78.556
22537, 78.5569
22538, 78.5583
22539, 78.5617
22540, 78.5626
22541, 78.5631
22542, 78.5636
22543, 78.5641
22544, 78.5669
22545, 78.5698
22546, 78.5702
22547, 78.5707
22548, 78.5726
22549, 78.5745
22550, 78.5788
22551, 78.585
22552, 78.5869
22553, 78.5874
22554, 78.5898
22555, 78.5898
22556, 78.5922
22557, 78.595
22558, 78.5955
22559, 78.5955
22560, 78.5969
22561, 78.5969
22562, 78.5983
22563, 78.6017
22564, 78.6017
22565, 78.605
22566, 78.6102
22567, 78.6112
22568, 78.6117
22569, 78.6117
22570, 78.6126
22571, 78.6145
22572, 78.6169
22573, 78.6202
22574, 78.6241
22575, 78.6241
22576, 78.626
22577, 78.6336
22578, 78.6341
22579, 78.635
22580, 78.6426
22581, 78.645
22582, 78.6455
22583, 78.6455
22584, 78.6455
22585, 78.6474
22586, 78.6498
22587, 78.6531
22588, 78.6536
22589, 78.656
22590, 78.6569
22591, 78.6631
22592, 78.6636
22593, 78.6636
22594, 78.6712
22595, 78.6726
22596, 78.6755
22597, 78.6769
22598, 78.6817
22599, 78.6841
22600, 78.685
22601, 78.6855
22602, 78.6874
22603, 78.6893
22604, 78.6955
22605, 78.6969
22606, 78.6979
22607, 78.6983
22608, 78.7079
22609, 78.7198
22610, 78.7207
22611, 78.7217
22612, 78.7226
22613, 78.7231
22614, 78.725
22615, 78.7255
22616, 78.7274
22617, 78.7279
22618, 78.7298
22619, 78.7402
22620, 78.746
22621, 78.7469
22622, 78.7474
22623, 78.7498
22624, 78.7531
22625, 78.7602
22626, 78.7607
22627, 78.7617
22628, 78.7626
22629, 78.765
22630, 78.7664
22631, 78.7688
22632, 78.7736
22633, 78.7741
22634, 78.7755
22635, 78.7793
22636, 78.7798
22637, 78.7798
22638, 78.7802
22639, 78.786
22640, 78.7902
22641, 78.7941
22642, 78.7945
22643, 78.795
22644, 78.7969
22645, 78.7974
22646, 78.7979
22647, 78.8036
22648, 78.8036
22649, 78.8045
22650, 78.8083
22651, 78.8155
22652, 78.8293
22653, 78.8307
22654, 78.8331
22655, 78.836
22656, 78.8412
22657, 78.8412
22658, 78.8421
22659, 78.8464
22660, 78.8469
22661, 78.8502
22662, 78.8507
22663, 78.8545
22664, 78.8555
22665, 78.8569
22666, 78.8602
22667, 78.864
22668, 78.8717
22669, 78.8721
22670, 78.8721
22671, 78.8764
22672, 78.8788
22673, 78.8793
22674, 78.8812
22675, 78.886
22676, 78.8888
22677, 78.8893
22678, 78.8898
22679, 78.8979
22680, 78.8983
22681, 78.8998
22682, 78.9021
22683, 78.9031
22684, 78.9074
22685, 78.9136
22686, 78.9188
22687, 78.9198
22688, 78.9231
22689, 78.9245
22690, 78.9288
22691, 78.9331
22692, 78.9379
22693, 78.9388
22694, 78.9393
22695, 78.9407
22696, 78.945
22697, 78.9483
22698, 78.9502
22699, 78.956
22700, 78.9588
22701, 78.9612
22702, 78.9645
22703, 78.966
22704, 78.9669
22705, 78.9707
22706, 78.9731
22707, 78.9731
22708, 78.9731
22709, 78.9779
22710, 78.9783
22711, 78.9793
22712, 78.9817
22713, 78.9821
22714, 78.9821
22715, 78.9869
22716, 78.9893
22717, 78.9893
22718, 78.9974
22719, 78.9979
22720, 78.9979
22721, 79.0007
22722, 79.0064
22723, 79.0083
22724, 79.0083
22725, 79.0088
22726, 79.0088
22727, 79.0117
22728, 79.0117
22729, 79.0131
22730, 79.0136
22731, 79.0179
22732, 79.0217
22733, 79.0226
22734, 79.0236
22735, 79.024
22736, 79.0264
22737, 79.0269
22738, 79.0307
22739, 79.0317
22740, 79.0336
22741, 79.0364
22742, 79.0383
22743, 79.0393
22744, 79.0431
22745, 79.0436
22746, 79.0459
22747, 79.0493
22748, 79.0498
22749, 79.0512
22750, 79.055
22751, 79.0555
22752, 79.0569
22753, 79.0569
22754, 79.0569
22755, 79.0574
22756, 79.0583
22757, 79.0607
22758, 79.0612
22759, 79.0631
22760, 79.064
22761, 79.0655
22762, 79.0693
22763, 79.0726
22764, 79.0731
22765, 79.074
22766, 79.0745
22767, 79.0779
22768, 79.084
22769, 79.0893
22770, 79.0931
22771, 79.0955
22772, 79.0964
22773, 79.105
22774, 79.1064
22775, 79.1079
22776, 79.1083
22777, 79.1093
22778, 79.1107
22779, 79.1126
22780, 79.1131
22781, 79.1155
22782, 79.1255
22783, 79.1259
22784, 79.1264
22785, 79.1274
22786, 79.1307
22787, 79.1331
22788, 79.1402
22789, 79.1469
22790, 79.1479
22791, 79.1512
22792, 79.1512
22793, 79.1555
22794, 79.1559
22795, 79.1574
22796, 79.1579
22797, 79.1588
22798, 79.1621
22799, 79.1693
22800, 79.1736
22801, 79.1764
22802, 79.1779
22803, 79.1793
22804, 79.1807
22805, 79.1817
22806, 79.1855
22807, 79.1859
22808, 79.1869
22809, 79.1902
22810, 79.1917
22811, 79.1917
22812, 79.194
22813, 79.195
22814, 79.1974
22815, 79.204
22816, 79.2045
22817, 79.2117
22818, 79.2164
22819, 79.224
22820, 79.225
22821, 79.2283
22822, 79.2326
22823, 79.2355
22824, 79.2355
22825, 79.2359
22826, 79.2369
22827, 79.2388
22828, 79.2431
22829, 79.2455
22830, 79.2464
22831, 79.2493
22832, 79.2531
22833, 79.254
22834, 79.255
22835, 79.2564
22836, 79.2564
22837, 79.2593
22838, 79.2617
22839, 79.264
22840, 79.2655
22841, 79.2693
22842, 79.2755
22843, 79.2759
22844, 79.2764
22845, 79.2812
22846, 79.2845
22847, 79.2864
22848, 79.2874
22849, 79.2888
22850, 79.2888
22851, 79.2902
22852, 79.2969
22853, 79.2983
22854, 79.2993
22855, 79.2998
22856, 79.3002
22857, 79.3021
22858, 79.3031
22859, 79.3083
22860, 79.3121
22861, 79.314
22862, 79.315
22863, 79.3155
22864, 79.3164
22865, 79.3188
22866, 79.3188
22867, 79.3193
22868, 79.3193
22869, 79.3198
22870, 79.3198
22871, 79.3198
22872, 79.325
22873, 79.334
22874, 79.3345
22875, 79.335
22876, 79.3369
22877, 79.3369
22878, 79.3378
22879, 79.3398
22880, 79.3417
22881, 79.3478
22882, 79.3498
22883, 79.354
22884, 79.3545
22885, 79.3578
22886, 79.3583
22887, 79.3607
22888, 79.3636
22889, 79.364
22890, 79.3645
22891, 79.3678
22892, 79.3721
22893, 79.3759
22894, 79.3764
22895, 79.3807
22896, 79.3836
22897, 79.384
22898, 79.385
22899, 79.3869
22900, 79.3883
22901, 79.3969
22902, 79.3983
22903, 79.3983
22904, 79.4017
22905, 79.4026
22906, 79.4055
22907, 79.4102
22908, 79.4126
22909, 79.4164
22910, 79.4202
22911, 79.4226
22912, 79.4231
22913, 79.4312
22914, 79.4312
22915, 79.4345
22916, 79.4388
22917, 79.444
22918, 79.4455
22919, 79.4459
22920, 79.4469
22921, 79.4488
22922, 79.4488
22923, 79.4502
22924, 79.4512
22925, 79.4521
22926, 79.4574
22927, 79.4588
22928, 79.4597
22929, 79.4602
22930, 79.4607
22931, 79.4726
22932, 79.4731
22933, 79.4759
22934, 79.4788
22935, 79.4793
22936, 79.4797
22937, 79.4817
22938, 79.484
22939, 79.4902
22940, 79.4917
22941, 79.4917
22942, 79.4959
22943, 79.4969
22944, 79.4993
22945, 79.5007
22946, 79.5078
22947, 79.5112
22948, 79.5136
22949, 79.5145
22950, 79.5188
22951, 79.5202
22952, 79.5217
22953, 79.5236
22954, 79.5331
22955, 79.5336
22956, 79.5383
22957, 79.5421
22958, 79.5426
22959, 79.5445
22960, 79.5483
22961, 79.5516
22962, 79.5521
22963, 79.5521
22964, 79.554
22965, 79.5545
22966, 79.5559
22967, 79.5569
22968, 79.5607
22969, 79.5621
22970, 79.5626
22971, 79.564
22972, 79.5645
22973, 79.5669
22974, 79.5712
22975, 79.5764
22976, 79.5812
22977, 79.5812
22978, 79.5826
22979, 79.5836
22980, 79.5855
22981, 79.5916
22982, 79.5921
22983, 79.5921
22984, 79.5945
22985, 79.6002
22986, 79.6012
22987, 79.6012
22988, 79.605
22989, 79.6131
22990, 79.6159
22991, 79.6164
22992, 79.6226
22993, 79.625
22994, 79.6293
22995, 79.6307
22996, 79.6312
22997, 79.6321
22998, 79.6326
22999, 79.6383
23000, 79.6397
23001, 79.6407
23002, 79.6421
23003, 79.6426
23004, 79.6431
23005, 79.6436
23006, 79.6436
23007, 79.6483
23008, 79.6502
23009, 79.6512
23010, 79.6521
23011, 79.654
23012, 79.654
23013, 79.6612
23014, 79.6683
23015, 79.6683
23016, 79.6721
23017, 79.6726
23018, 79.6774
23019, 79.6778
23020, 79.6807
23021, 79.6807
23022, 79.6836
23023, 79.6859
23024, 79.6888
23025, 79.6902
23026, 79.6921
23027, 79.6931
23028, 79.6964
23029, 79.6983
23030, 79.6988
23031, 79.7002
23032, 79.7055
23033, 79.7055
23034, 79.7059
23035, 79.7064
23036, 79.7074
23037, 79.7093
23038, 79.7169
23039, 79.7178
23040, 79.7193
23041, 79.7235
23042, 79.7245
23043, 79.7264
23044, 79.7283
23045, 79.7293
23046, 79.7307
23047, 79.7307
23048, 79.7307
23049, 79.7312
23050, 79.7321
23051, 79.7378
23052, 79.7393
23053, 79.7402
23054, 79.7431
23055, 79.7445
23056, 79.7455
23057, 79.7478
23058, 79.7531
23059, 79.7555
23060, 79.7578
23061, 79.7621
23062, 79.7626
23063, 79.7702
23064, 79.7731
23065, 79.774
23066, 79.7816
23067, 79.7845
23068, 79.7855
23069, 79.7883
23070, 79.7893
23071, 79.7902
23072, 79.7912
23073, 79.7921
23074, 79.794
23075, 79.8021
23076, 79.8026
23077, 79.8045
23078, 79.805
23079, 79.8088
23080, 79.8093
23081, 79.8097
23082, 79.8107
23083, 79.8155
23084, 79.8164
23085, 79.8178
23086, 79.8221
23087, 79.8255
23088, 79.8259
23089, 79.8274
23090, 79.8278
23091, 79.8283
23092, 79.8316
23093, 79.8326
23094, 79.8355
23095, 79.8364
23096, 79.8388
23097, 79.8393
23098, 79.8431
23099, 79.845
23100, 79.8469
23101, 79.8474
23102, 79.8516
23103, 79.8521
23104, 79.854
23105, 79.8574
23106, 79.8597
23107, 79.8602
23108, 79.8602
23109, 79.8678
23110, 79.8697
23111, 79.8712
23112, 79.8712
23113, 79.8726
23114, 79.8755
23115, 79.8759
23116, 79.8769
23117, 79.8769
23118, 79.8774
23119, 79.8812
23120, 79.8864
23121, 79.8878
23122, 79.8926
23123, 79.8931
23124, 79.8935
23125, 79.8954
23126, 79.8997
23127, 79.904
23128, 79.905
23129, 79.9054
23130, 79.9078
23131, 79.9135
23132, 79.9145
23133, 79.9174
23134, 79.9212
23135, 79.9216
23136, 79.9283
23137, 79.9316
23138, 79.9321
23139, 79.934
23140, 79.9354
23141, 79.9383
23142, 79.9388
23143, 79.9445
23144, 79.9478
23145, 79.9483
23146, 79.9512
23147, 79.9531
23148, 79.9574
23149, 79.9583
23150, 79.9612
23151, 79.965
23152, 79.9674
23153, 79.9702
23154, 79.9712
23155, 79.974
23156, 79.974
23157, 79.9745
23158, 79.9845
23159, 79.985
23160, 79.9859
23161, 79.9874
23162, 79.994
23163, 79.9959
23164, 79.9964
23165, 79.9974
23166, 79.9988
23167, 79.9997
23168, 80.0002
23169, 80.0026
23170, 80.0031
23171, 80.0035
23172, 80.0069
23173, 80.0069
23174, 80.0107
23175, 80.0135
23176, 80.0145
23177, 80.015
23178, 80.0193
23179, 80.0216
23180, 80.0245
23181, 80.0254
23182, 80.0316
23183, 80.035
23184, 80.0354
23185, 80.0364
23186, 80.0378
23187, 80.0383
23188, 80.0416
23189, 80.0431
23190, 80.0474
23191, 80.0488
23192, 80.0488
23193, 80.0493
23194, 80.0512
23195, 80.0531
23196, 80.0535
23197, 80.0578
23198, 80.0602
23199, 80.0612
23200, 80.0616
23201, 80.0626
23202, 80.0688
23203, 80.075
23204, 80.0759
23205, 80.0807
23206, 80.0831
23207, 80.0835
23208, 80.0859
23209, 80.0859
23210, 80.0864
23211, 80.0869
23212, 80.0893
23213, 80.0912
23214, 80.0926
23215, 80.0959
23216, 80.0964
23217, 80.0988
23218, 80.1031
23219, 80.1054
23220, 80.1073
23221, 80.1088
23222, 80.1112
23223, 80.1112
23224, 80.1112
23225, 80.1164
23226, 80.1169
23227, 80.1178
23228, 80.1188
23229, 80.1283
23230, 80.1321
23231, 80.1321
23232, 80.1331
23233, 80.1335
23234, 80.1373
23235, 80.1388
23236, 80.1412
23237, 80.1435
23238, 80.145
23239, 80.1469
23240, 80.1469
23241, 80.1473
23242, 80.1512
23243, 80.1526
23244, 80.1531
23245, 80.155
23246, 80.1554
23247, 80.1588
23248, 80.1616
23249, 80.1621
23250, 80.1626
23251, 80.1673
23252, 80.1726
23253, 80.1731
23254, 80.1754
23255, 80.1754
23256, 80.1764
23257, 80.1769
23258, 80.1773
23259, 80.1773
23260, 80.184
23261, 80.185
23262, 80.1878
23263, 80.1888
23264, 80.1893
23265, 80.1902
23266, 80.1912
23267, 80.1931
23268, 80.195
23269, 80.1964
23270, 80.1964
23271, 80.1983
23272, 80.2102
23273, 80.2116
23274, 80.2126
23275, 80.2173
23276, 80.2188
23277, 80.2269
23278, 80.235
23279, 80.2359
23280, 80.2373
23281, 80.2373
23282, 80.2426
23283, 80.244
23284, 80.244
23285, 80.2478
23286, 80.2483
23287, 80.2512
23288, 80.2516
23289, 80.2521
23290, 80.2554
23291, 80.2559
23292, 80.2564
23293, 80.2588
23294, 80.2612
23295, 80.2621
23296, 80.265
23297, 80.265
23298, 80.2669
23299, 80.2673
23300, 80.2773
23301, 80.2783
23302, 80.285
23303, 80.2878
23304, 80.2959
23305, 80.2964
23306, 80.2973
23307, 80.2978
23308, 80.3054
23309, 80.3054
23310, 80.3073
23311, 80.3126
23312, 80.3269
23313, 80.3321
23314, 80.3373
23315, 80.3416
23316, 80.3416
23317, 80.3421
23318, 80.3421
23319, 80.344
23320, 80.345
23321, 80.3512
23322, 80.3516
23323, 80.3559
23324, 80.3569
23325, 80.3578
23326, 80.3602
23327, 80.3607
23328, 80.3621
23329, 80.3626
23330, 80.3664
23331, 80.3664
23332, 80.3683
23333, 80.3783
23334, 80.3788
23335, 80.3812
23336, 80.3812
23337, 80.3831
23338, 80.3854
23339, 80.3878
23340, 80.3892
23341, 80.3945
23342, 80.395
23343, 80.3959
23344, 80.3959
23345, 80.3978
23346, 80.3983
23347, 80.3992
23348, 80.4083
23349, 80.4088
23350, 80.4097
23351, 80.415
23352, 80.4159
23353, 80.4164
23354, 80.4197
23355, 80.424
23356, 80.4245
23357, 80.425
23358, 80.4254
23359, 80.4278
23360, 80.4297
23361, 80.4316
23362, 80.4335
23363, 80.4421
23364, 80.4454
23365, 80.4454
23366, 80.4478
23367, 80.4488
23368, 80.4583
23369, 80.4583
23370, 80.4597
23371, 80.4654
23372, 80.4673
23373, 80.4711
23374, 80.4778
23375, 80.4835
23376, 80.485
23377, 80.4878
23378, 80.4902
23379, 80.4945
23380, 80.4969
23381, 80.4992
23382, 80.4992
23383, 80.5154
23384, 80.5159
23385, 80.5192
23386, 80.5202
23387, 80.5235
23388, 80.525
23389, 80.5316
23390, 80.5364
23391, 80.5402
23392, 80.5459
23393, 80.5502
23394, 80.5573
23395, 80.5678
23396, 80.5702
23397, 80.5721
23398, 80.5726
23399, 80.574
23400, 80.574
23401, 80.5745
23402, 80.5745
23403, 80.5788
23404, 80.5811
23405, 80.5831
23406, 80.5869
23407, 80.5869
23408, 80.5897
23409, 80.5902
23410, 80.5916
23411, 80.6021
23412, 80.6021
23413, 80.605
23414, 80.6054
23415, 80.6064
23416, 80.6107
23417, 80.6107
23418, 80.6111
23419, 80.614
23420, 80.6178
23421, 80.624
23422, 80.625
23423, 80.6254
23424, 80.6259
23425, 80.6288
23426, 80.6302
23427, 80.6335
23428, 80.6364
23429, 80.6364
23430, 80.6383
23431, 80.6383
23432, 80.6416
23433, 80.6421
23434, 80.643
23435, 80.6435
23436, 80.6459
23437, 80.6492
23438, 80.6507
23439, 80.6583
23440, 80.6592
23441, 80.6592
23442, 80.6602
23443, 80.6616
23444, 80.6621
23445, 80.6678
23446, 80.6792
23447, 80.6835
23448, 80.6845
23449, 80.6854
23450, 80.6911
23451, 80.6959
23452, 80.6969
23453, 80.7002
23454, 80.7045
23455, 80.705
23456, 80.7078
23457, 80.7197
23458, 80.7254
23459, 80.7273
23460, 80.7311
23461, 80.7359
23462, 80.7426
23463, 80.744
23464, 80.7483
23465, 80.7488
23466, 80.7502
23467, 80.7502
23468, 80.754
23469, 80.7564
23470, 80.7597
23471, 80.7602
23472, 80.7654
23473, 80.7659
23474, 80.7664
23475, 80.7726
23476, 80.774
23477, 80.7769
23478, 80.7773
23479, 80.7854
23480, 80.7902
23481, 80.8002
23482, 80.8016
23483, 80.8064
23484, 80.8064
23485, 80.8088
23486, 80.8102
23487, 80.8126
23488, 80.8145
23489, 80.8145
23490, 80.8149
23491, 80.8159
23492, 80.8173
23493, 80.824
23494, 80.8302
23495, 80.8316
23496, 80.8326
23497, 80.833
23498, 80.8345
23499, 80.8349
23500, 80.8388
23501, 80.8402
23502, 80.8459
23503, 80.8492
23504, 80.8511
23505, 80.8516
23506, 80.8535
23507, 80.8545
23508, 80.8554
23509, 80.8573
23510, 80.8654
23511, 80.8654
23512, 80.8654
23513, 80.8745
23514, 80.8778
23515, 80.8792
23516, 80.8849
23517, 80.8859
23518, 80.8888
23519, 80.8935
23520, 80.8935
23521, 80.8992
23522, 80.9007
23523, 80.9021
23524, 80.9021
23525, 80.904
23526, 80.9045
23527, 80.9097
23528, 80.9107
23529, 80.924
23530, 80.9273
23531, 80.9278
23532, 80.9278
23533, 80.9292
23534, 80.9321
23535, 80.9326
23536, 80.933
23537, 80.9416
23538, 80.9492
23539, 80.9507
23540, 80.9516
23541, 80.9554
23542, 80.9588
23543, 80.9592
23544, 80.963
23545, 80.9649
23546, 80.9664
23547, 80.9668
23548, 80.9721
23549, 80.9749
23550, 80.9768
23551, 80.9773
23552, 80.9788
23553, 80.9868
23554, 80.9878
23555, 80.9921
23556, 80.9992
23557, 81.0173
23558, 81.0326
23559, 81.034
23560, 81.0368
23561, 81.043
23562, 81.043
23563, 81.0454
23564, 81.0464
23565, 81.0464
23566, 81.0488
23567, 81.0492
23568, 81.0516
23569, 81.0521
23570, 81.0597
23571, 81.0597
23572, 81.063
23573, 81.0707
23574, 81.0883
23575, 81.094
23576, 81.094
23577, 81.0945
23578, 81.0945
23579, 81.0973
23580, 81.0983
23581, 81.1121
23582, 81.1126
23583, 81.1159
23584, 81.1197
23585, 81.1202
23586, 81.1202
23587, 81.123
23588, 81.1287
23589, 81.1302
23590, 81.1302
23591, 81.1316
23592, 81.1335
23593, 81.1387
23594, 81.1387
23595, 81.1435
23596, 81.144
23597, 81.1502
23598, 81.1521
23599, 81.1578
23600, 81.1587
23601, 81.1659
23602, 81.1678
23603, 81.1678
23604, 81.1735
23605, 81.1735
23606, 81.1764
23607, 81.1787
23608, 81.1821
23609, 81.184
23610, 81.1868
23611, 81.1897
23612, 81.1916
23613, 81.1945
23614, 81.1978
23615, 81.2002
23616, 81.2026
23617, 81.2026
23618, 81.2059
23619, 81.2078
23620, 81.2107
23621, 81.2121
23622, 81.2202
23623, 81.2221
23624, 81.2321
23625, 81.2349
23626, 81.2354
23627, 81.2387
23628, 81.2468
23629, 81.2487
23630, 81.2492
23631, 81.2507
23632, 81.2511
23633, 81.2516
23634, 81.2526
23635, 81.2535
23636, 81.2583
23637, 81.2607
23638, 81.2616
23639, 81.2668
23640, 81.2735
23641, 81.2745
23642, 81.2768
23643, 81.2783
23644, 81.2807
23645, 81.2826
23646, 81.2873
23647, 81.2873
23648, 81.2878
23649, 81.2887
23650, 81.293
23651, 81.2997
23652, 81.303
23653, 81.3045
23654, 81.3087
23655, 81.3111
23656, 81.3121
23657, 81.3145
23658, 81.3154
23659, 81.3235
23660, 81.3297
23661, 81.3326
23662, 81.3349
23663, 81.3387
23664, 81.3416
23665, 81.3497
23666, 81.3502
23667, 81.3516
23668, 81.3611
23669, 81.364
23670, 81.3649
23671, 81.3664
23672, 81.3711
23673, 81.3716
23674, 81.373
23675, 81.3759
23676, 81.3787
23677, 81.3797
23678, 81.3868
23679, 81.3873
23680, 81.3911
23681, 81.3921
23682, 81.3983
23683, 81.4092
23684, 81.4111
23685, 81.4135
23686, 81.414
23687, 81.4183
23688, 81.4187
23689, 81.4192
23690, 81.4254
23691, 81.4316
23692, 81.444
23693, 81.4521
23694, 81.453
23695, 81.454
23696, 81.4578
23697, 81.4583
23698, 81.4597
23699, 81.4616
23700, 81.4668
23701, 81.4683
23702, 81.4716
23703, 81.4725
23704, 81.4735
23705, 81.4778
23706, 81.4797
23707, 81.4806
23708, 81.4811
23709, 81.4816
23710, 81.4825
23711, 81.4883
23712, 81.4906
23713, 81.4906
23714, 81.4959
23715, 81.4968
23716, 81.4973
23717, 81.5016
23718, 81.5035
23719, 81.5035
23720, 81.5049
23721, 81.5078
23722, 81.5106
23723, 81.5111
23724, 81.5125
23725, 81.5164
23726, 81.5211
23727, 81.5216
23728, 81.523
23729, 81.5245
23730, 81.5283
23731, 81.5287
23732, 81.5287
23733, 81.5321
23734, 81.534
23735, 81.5387
23736, 81.5411
23737, 81.5425
23738, 81.5435
23739, 81.5435
23740, 81.5483
23741, 81.5487
23742, 81.5492
23743, 81.554
23744, 81.5545
23745, 81.5583
23746, 81.563
23747, 81.5664
23748, 81.5668
23749, 81.5678
23750, 81.5792
23751, 81.5802
23752, 81.5849
23753, 81.5864
23754, 81.5878
23755, 81.5892
23756, 81.5973
23757, 81.6097
23758, 81.6145
23759, 81.6178
23760, 81.6178
23761, 81.6225
23762, 81.6235
23763, 81.6235
23764, 81.624
23765, 81.6264
23766, 81.6287
23767, 81.6306
23768, 81.634
23769, 81.6354
23770, 81.6359
23771, 81.6402
23772, 81.6421
23773, 81.644
23774, 81.6464
23775, 81.6506
23776, 81.6535
23777, 81.6535
23778, 81.6544
23779, 81.6568
23780, 81.6635
23781, 81.6744
23782, 81.6764
23783, 81.6844
23784, 81.6854
23785, 81.6921
23786, 81.693
23787, 81.7006
23788, 81.7011
23789, 81.7016
23790, 81.7021
23791, 81.7054
23792, 81.7073
23793, 81.7097
23794, 81.713
23795, 81.7164
23796, 81.7268
23797, 81.7268
23798, 81.7311
23799, 81.7311
23800, 81.7402
23801, 81.7406
23802, 81.7473
23803, 81.7497
23804, 81.7502
23805, 81.7602
23806, 81.7625
23807, 81.7697
23808, 81.7702
23809, 81.7759
23810, 81.7821
23811, 81.783
23812, 81.7959
23813, 81.7973
23814, 81.8016
23815, 81.8263
23816, 81.8297
23817, 81.8311
23818, 81.8368
23819, 81.844
23820, 81.8444
23821, 81.8487
23822, 81.8521
23823, 81.8554
23824, 81.8554
23825, 81.8635
23826, 81.8702
23827, 81.8825
23828, 81.8849
23829, 81.8883
23830, 81.8892
23831, 81.9044
23832, 81.9116
23833, 81.9121
23834, 81.9125
23835, 81.9135
23836, 81.9178
23837, 81.9202
23838, 81.9211
23839, 81.923
23840, 81.9249
23841, 81.9297
23842, 81.943
23843, 81.943
23844, 81.9544
23845, 81.9578
23846, 81.9625
23847, 81.9711
23848, 81.974
23849, 81.9768
23850, 81.9816
23851, 81.9925
23852, 81.9963
23853, 81.9973
23854, 81.9973
23855, 82.0016
23856, 82.003
23857, 82.0097
23858, 82.0111
23859, 82.0135
23860, 82.0202
23861, 82.0268
23862, 82.0287
23863, 82.0297
23864, 82.0321
23865, 82.0335
23866, 82.0373
23867, 82.0411
23868, 82.0416
23869, 82.0487
23870, 82.0487
23871, 82.0497
23872, 82.0521
23873, 82.0535
23874, 82.0549
23875, 82.0563
23876, 82.0606
23877, 82.064
23878, 82.073
23879, 82.0735
23880, 82.074
23881, 82.0744
23882, 82.0844
23883, 82.0854
23884, 82.0859
23885, 82.0878
23886, 82.0882
23887, 82.0902
23888, 82.093
23889, 82.104
23890, 82.1054
23891, 82.1154
23892, 82.1173
23893, 82.1192
23894, 82.133
23895, 82.1416
23896, 82.144
23897, 82.1502
23898, 82.153
23899, 82.1559
23900, 82.1616
23901, 82.1625
23902, 82.1706
23903, 82.1711
23904, 82.1725
23905, 82.174
23906, 82.1773
23907, 82.1778
23908, 82.1801
23909, 82.1806
23910, 82.1825
23911, 82.1835
23912, 82.1863
23913, 82.1882
23914, 82.2044
23915, 82.2097
23916, 82.2106
23917, 82.2135
23918, 82.2144
23919, 82.2273
23920, 82.2325
23921, 82.233
23922, 82.234
23923, 82.2359
23924, 82.2382
23925, 82.2416
23926, 82.2435
23927, 82.2449
23928, 82.2449
23929, 82.2506
23930, 82.2568
23931, 82.2573
23932, 82.2668
23933, 82.2706
23934, 82.2725
23935, 82.2816
23936, 82.2859
23937, 82.2959
23938, 82.2987
23939, 82.3035
23940, 82.3121
23941, 82.314
23942, 82.3197
23943, 82.3206
23944, 82.3206
23945, 82.323
23946, 82.3425
23947, 82.3478
23948, 82.3568
23949, 82.3582
23950, 82.3616
23951, 82.3644
23952, 82.3678
23953, 82.3749
23954, 82.384
23955, 82.4016
23956, 82.404
23957, 82.4049
23958, 82.4073
23959, 82.4154
23960, 82.4163
23961, 82.432
23962, 82.4401
23963, 82.442
23964, 82.4454
23965, 82.4473
23966, 82.452
23967, 82.4578
23968, 82.4611
23969, 82.4687
23970, 82.4711
23971, 82.4773
23972, 82.4778
23973, 82.4787
23974, 82.4816
23975, 82.482
23976, 82.5016
23977, 82.503
23978, 82.5049
23979, 82.5073
23980, 82.5101
23981, 82.5163
23982, 82.5201
23983, 82.5211
23984, 82.5254
23985, 82.5316
23986, 82.5335
23987, 82.5335
23988, 82.5349
23989, 82.5382
23990, 82.5468
23991, 82.5478
23992, 82.5506
23993, 82.5597
23994, 82.5611
23995, 82.5625
23996, 82.5635
23997, 82.5668
23998, 82.5716
23999, 82.5735
24000, 82.5797
24001, 82.5863
24002, 82.5911
24003, 82.5916
24004, 82.5959
24005, 82.5963
24006, 82.5982
24007, 82.6016
24008, 82.6073
24009, 82.6125
24010, 82.6178
24011, 82.6197
24012, 82.6273
24013, 82.6278
24014, 82.6278
24015, 82.6292
24016, 82.6487
24017, 82.6506
24018, 82.6511
24019, 82.6616
24020, 82.6639
24021, 82.6682
24022, 82.6701
24023, 82.6811
24024, 82.6868
24025, 82.6873
24026, 82.6911
24027, 82.6925
24028, 82.6958
24029, 82.7016
24030, 82.7039
24031, 82.7044
24032, 82.7063
24033, 82.7087
24034, 82.7125
24035, 82.7168
24036, 82.7192
24037, 82.7206
24038, 82.7225
24039, 82.7358
24040, 82.7363
24041, 82.7363
24042, 82.7387
24043, 82.7397
24044, 82.743
24045, 82.7435
24046, 82.7463
24047, 82.7487
24048, 82.7568
24049, 82.7578
24050, 82.7578
24051, 82.7601
24052, 82.7625
24053, 82.772
24054, 82.7801
24055, 82.7816
24056, 82.7835
24057, 82.7887
24058, 82.7892
24059, 82.7916
24060, 82.7935
24061, 82.7939
24062, 82.7954
24063, 82.8016
24064, 82.8039
24065, 82.8078
24066, 82.8116
24067, 82.8335
24068, 82.8349
24069, 82.8363
24070, 82.8373
24071, 82.8439
24072, 82.8511
24073, 82.852
24074, 82.8578
24075, 82.8616
24076, 82.863
24077, 82.8644
24078, 82.8668
24079, 82.8706
24080, 82.8725
24081, 82.873
24082, 82.8787
24083, 82.8792
24084, 82.883
24085, 82.8844
24086, 82.8858
24087, 82.8911
24088, 82.8916
24089, 82.8925
24090, 82.8949
24091, 82.8954
24092, 82.8963
24093, 82.8982
24094, 82.9011
24095, 82.902
24096, 82.9092
24097, 82.9097
24098, 82.9158
24099, 82.9187
24100, 82.9187
24101, 82.9235
24102, 82.9239
24103, 82.9249
24104, 82.9258
24105, 82.9273
24106, 82.9311
24107, 82.932
24108, 82.9349
24109, 82.9373
24110, 82.9392
24111, 82.9435
24112, 82.9468
24113, 82.9658
24114, 82.9658
24115, 82.9682
24116, 82.9763
24117, 82.9777
24118, 82.9777
24119, 82.982
24120, 82.9868
24121, 82.9901
24122, 83.002
24123, 83.0035
24124, 83.0063
24125, 83.0101
24126, 83.0263
24127, 83.0282
24128, 83.0287
24129, 83.0287
24130, 83.0292
24131, 83.0325
24132, 83.0363
24133, 83.0425
24134, 83.0525
24135, 83.053
24136, 83.0554
24137, 83.0573
24138, 83.0649
24139, 83.0682
24140, 83.0782
24141, 83.0858
24142, 83.0868
24143, 83.0873
24144, 83.0877
24145, 83.0925
24146, 83.093
24147, 83.093
24148, 83.0935
24149, 83.0958
24150, 83.0977
24151, 83.1073
24152, 83.1087
24153, 83.1101
24154, 83.1239
24155, 83.1363
24156, 83.1435
24157, 83.1496
24158, 83.1525
24159, 83.1549
24160, 83.1582
24161, 83.1701
24162, 83.1749
24163, 83.1782
24164, 83.1816
24165, 83.183
24166, 83.1844
24167, 83.1873
24168, 83.1873
24169, 83.2006
24170, 83.2039
24171, 83.2049
24172, 83.212
24173, 83.2125
24174, 83.2235
24175, 83.2325
24176, 83.2382
24177, 83.2454
24178, 83.2468
24179, 83.2477
24180, 83.2496
24181, 83.2511
24182, 83.252
24183, 83.2577
24184, 83.2649
24185, 83.2773
24186, 83.2801
24187, 83.2806
24188, 83.2915
24189, 83.293
24190, 83.2992
24191, 83.303
24192, 83.3068
24193, 83.3073
24194, 83.3101
24195, 83.3101
24196, 83.3158
24197, 83.3225
24198, 83.3249
24199, 83.332
24200, 83.3325
24201, 83.333
24202, 83.3396
24203, 83.3401
24204, 83.3454
24205, 83.3458
24206, 83.3525
24207, 83.3644
24208, 83.3796
24209, 83.3892
24210, 83.3906
24211, 83.3954
24212, 83.3963
24213, 83.4011
24214, 83.4044
24215, 83.413
24216, 83.4139
24217, 83.4144
24218, 83.4168
24219, 83.4182
24220, 83.4206
24221, 83.4287
24222, 83.433
24223, 83.4339
24224, 83.4368
24225, 83.442
24226, 83.4454
24227, 83.4577
24228, 83.4692
24229, 83.472
24230, 83.4744
24231, 83.4758
24232, 83.4834
24233, 83.4906
24234, 83.4963
24235, 83.5015
24236, 83.502
24237, 83.5058
24238, 83.5092
24239, 83.5249
24240, 83.5392
24241, 83.5449
24242, 83.5758
24243, 83.5811
24244, 83.5839
24245, 83.5853
24246, 83.593
24247, 83.5996
24248, 83.6001
24249, 83.6077
24250, 83.6163
24251, 83.6206
24252, 83.6377
24253, 83.6449
24254, 83.6463
24255, 83.6468
24256, 83.6487
24257, 83.6796
24258, 83.6825
24259, 83.6873
24260, 83.6887
24261, 83.6892
24262, 83.7115
24263, 83.7134
24264, 83.7139
24265, 83.7196
24266, 83.7239
24267, 83.7244
24268, 83.7249
24269, 83.732
24270, 83.7325
24271, 83.733
24272, 83.7373
24273, 83.7449
24274, 83.7515
24275, 83.7601
24276, 83.7634
24277, 83.7639
24278, 83.7701
24279, 83.7758
24280, 83.7768
24281, 83.7815
24282, 83.7815
24283, 83.7853
24284, 83.792
24285, 83.7972
24286, 83.803
24287, 83.803
24288, 83.8082
24289, 83.8111
24290, 83.8315
24291, 83.8334
24292, 83.8377
24293, 83.8382
24294, 83.8382
24295, 83.8425
24296, 83.8468
24297, 83.8511
24298, 83.8606
24299, 83.8715
24300, 83.873
24301, 83.8753
24302, 83.8768
24303, 83.8777
24304, 83.8906
24305, 83.892
24306, 83.9039
24307, 83.9068
24308, 83.9111
24309, 83.9215
24310, 83.9234
24311, 83.9244
24312, 83.9282
24313, 83.9296
24314, 83.9325
24315, 83.9425
24316, 83.9463
24317, 83.9506
24318, 83.9558
24319, 83.9601
24320, 83.9725
24321, 83.973
24322, 83.9787
24323, 83.9844
24324, 83.9977
24325, 84.0025
24326, 84.003
24327, 84.0106
24328, 84.0125
24329, 84.0134
24330, 84.0182
24331, 84.0196
24332, 84.0206
24333, 84.0468
24334, 84.0496
24335, 84.0534
24336, 84.0577
24337, 84.063
24338, 84.0739
24339, 84.0796
24340, 84.0934
24341, 84.1044
24342, 84.1053
24343, 84.1053
24344, 84.1063
24345, 84.1206
24346, 84.1215
24347, 84.1225
24348, 84.123
24349, 84.1268
24350, 84.1282
24351, 84.131
24352, 84.1315
24353, 84.1406
24354, 84.1558
24355, 84.1606
24356, 84.1768
24357, 84.1901
24358, 84.1987
24359, 84.2139
24360, 84.2296
24361, 84.2344
24362, 84.2449
24363, 84.2658
24364, 84.2677
24365, 84.2682
24366, 84.2696
24367, 84.2782
24368, 84.2906
24369, 84.2963
24370, 84.2972
24371, 84.3001
24372, 84.3053
24373, 84.3087
24374, 84.3153
24375, 84.3168
24376, 84.3391
24377, 84.3434
24378, 84.3563
24379, 84.362
24380, 84.3801
24381, 84.3815
24382, 84.3915
24383, 84.392
24384, 84.3963
24385, 84.4044
24386, 84.4082
24387, 84.4096
24388, 84.4101
24389, 84.4263
24390, 84.4315
24391, 84.432
24392, 84.4325
24393, 84.4353
24394, 84.4482
24395, 84.4515
24396, 84.4687
24397, 84.4834
24398, 84.4872
24399, 84.4925
24400, 84.5139
24401, 84.5153
24402, 84.5277
24403, 84.541
24404, 84.5496
24405, 84.5587
24406, 84.5615
24407, 84.5806
24408, 84.5872
24409, 84.5906
24410, 84.591
24411, 84.5925
24412, 84.5925
24413, 84.5991
24414, 84.6048
24415, 84.6344
24416, 84.6458
24417, 84.6539
24418, 84.6563
24419, 84.6625
24420, 84.6629
24421, 84.6639
24422, 84.6658
24423, 84.6715
24424, 84.6734
24425, 84.6748
24426, 84.6758
24427, 84.6848
24428, 84.692
24429, 84.6963
24430, 84.7248
24431, 84.7334
24432, 84.7358
24433, 84.7572
24434, 84.7653
24435, 84.7748
24436, 84.7944
24437, 84.8029
24438, 84.8177
24439, 84.821
24440, 84.8382
24441, 84.8439
24442, 84.8482
24443, 84.8501
24444, 84.8667
24445, 84.8834
24446, 84.8915
24447, 84.8967
24448, 84.9067
24449, 84.9106
24450, 84.9125
24451, 84.9144
24452, 84.9153
24453, 84.9301
24454, 84.9367
24455, 84.9401
24456, 84.9425
24457, 84.9782
24458, 84.9815
24459, 84.9829
24460, 84.9896
24461, 85.0058
24462, 85.0096
24463, 85.0105
24464, 85.0134
24465, 85.0163
24466, 85.022
24467, 85.0239
24468, 85.0258
24469, 85.0315
24470, 85.0339
24471, 85.0548
24472, 85.0586
24473, 85.061
24474, 85.0705
24475, 85.0767
24476, 85.0791
24477, 85.0972
24478, 85.0982
24479, 85.1144
24480, 85.1148
24481, 85.1229
24482, 85.1229
24483, 85.1277
24484, 85.1396
24485, 85.1434
24486, 85.1444
24487, 85.1529
24488, 85.1577
24489, 85.161
24490, 85.1686
24491, 85.1753
24492, 85.1905
24493, 85.2277
24494, 85.2282
24495, 85.2301
24496, 85.2382
24497, 85.2439
24498, 85.3148
24499, 85.3234
24500, 85.3315
24501, 85.3367
24502, 85.3486
24503, 85.361
24504, 85.3672
24505, 85.3729
24506, 85.4001
24507, 85.402
24508, 85.4024
24509, 85.4124
24510, 85.4263
24511, 85.4434
24512, 85.4634
24513, 85.4658
24514, 85.4663
24515, 85.4763
24516, 85.4853
24517, 85.4853
24518, 85.4905
24519, 85.492
24520, 85.4934
24521, 85.5005
24522, 85.5062
24523, 85.5072
24524, 85.5115
24525, 85.5172
24526, 85.5177
24527, 85.5234
24528, 85.5324
24529, 85.5386
24530, 85.5443
24531, 85.6243
24532, 85.6243
24533, 85.6296
24534, 85.6462
24535, 85.6548
24536, 85.6553
24537, 85.6629
24538, 85.671
24539, 85.6739
24540, 85.6758
24541, 85.6786
24542, 85.6824
24543, 85.6843
24544, 85.6967
24545, 85.7024
24546, 85.7115
24547, 85.7177
24548, 85.7191
24549, 85.7229
24550, 85.7291
24551, 85.7358
24552, 85.7448
24553, 85.7867
24554, 85.7986
24555, 85.812
24556, 85.8229
24557, 85.8296
24558, 85.8391
24559, 85.8462
24560, 85.871
24561, 85.8796
24562, 85.882
24563, 85.8824
24564, 85.8867
24565, 85.8915
24566, 85.9124
24567, 85.921
24568, 85.9296
24569, 85.9381
24570, 85.94
24571, 85.9615
24572, 85.9639
24573, 85.9696
24574, 86.0048
24575, 86.0124
24576, 86.0181
24577, 86.02
24578, 86.04
24579, 86.0415
24580, 86.0491
24581, 86.0677
24582, 86.0815
24583, 86.0896
24584, 86.1058
24585, 86.1072
24586, 86.1072
24587, 86.1077
24588, 86.1077
24589, 86.1253
24590, 86.1467
24591, 86.151
24592, 86.1715
24593, 86.1815
24594, 86.1853
24595, 86.1877
24596, 86.1919
24597, 86.2058
24598, 86.2072
24599, 86.2315
24600, 86.2429
24601, 86.2538
24602, 86.2686
24603, 86.27
24604, 86.2748
24605, 86.3
24606, 86.3005
24607, 86.3281
24608, 86.3296
24609, 86.3372
24610, 86.3453
24611, 86.3472
24612, 86.3486
24613, 86.3491
24614, 86.371
24615, 86.3743
24616, 86.3786
24617, 86.3886
24618, 86.3962
24619, 86.4467
24620, 86.46
24621, 86.4662
24622, 86.4662
24623, 86.4677
24624, 86.5043
24625, 86.5181
24626, 86.5243
24627, 86.5286
24628, 86.5377
24629, 86.5386
24630, 86.5672
24631, 86.5776
24632, 86.5919
24633, 86.5962
24634, 86.6119
24635, 86.6334
24636, 86.6376
24637, 86.6596
24638, 86.7234
24639, 86.73
24640, 86.7338
24641, 86.7453
24642, 86.7719
24643, 86.7738
24644, 86.7891
24645, 86.7934
24646, 86.8024
24647, 86.8281
24648, 86.8291
24649, 86.8348
24650, 86.8419
24651, 86.8438
24652, 86.8462
24653, 86.8676
24654, 86.8948
24655, 86.9295
24656, 86.9367
24657, 86.9429
24658, 86.9438
24659, 86.951
24660, 86.9676
24661, 86.9724
24662, 86.9962
24663, 87.0095
24664, 87.0219
24665, 87.0362
24666, 87.0481
24667, 87.0524
24668, 87.1024
24669, 87.1038
24670, 87.1162
24671, 87.1167
24672, 87.12
24673, 87.1338
24674, 87.141
24675, 87.1562
24676, 87.1686
24677, 87.2024
24678, 87.2029
24679, 87.2062
24680, 87.2186
24681, 87.2267
24682, 87.2353
24683, 87.2438
24684, 87.2781
24685, 87.3024
24686, 87.3029
24687, 87.3086
24688, 87.3852
24689, 87.4114
24690, 87.4381
24691, 87.4433
24692, 87.4548
24693, 87.4619
24694, 87.471
24695, 87.4852
24696, 87.4948
24697, 87.5052
24698, 87.5214
24699, 87.5295
24700, 87.5333
24701, 87.5419
24702, 87.571
24703, 87.5895
24704, 87.6067
24705, 87.6476
24706, 87.6481
24707, 87.6557
24708, 87.6619
24709, 87.6629
24710, 87.6805
24711, 87.6876
24712, 87.6919
24713, 87.7562
24714, 87.7852
24715, 87.7857
24716, 87.8305
24717, 87.8324
24718, 87.8462
24719, 87.8629
24720, 87.8862
24721, 87.9238
24722, 87.9314
24723, 87.96
24724, 87.9605
24725, 88.0014
24726, 88.0809
24727, 88.1105
24728, 88.1238
24729, 88.1252
24730, 88.1657
24731, 88.1928
24732, 88.2171
24733, 88.2376
24734, 88.2395
24735, 88.2457
24736, 88.3033
24737, 88.3338
24738, 88.3357
24739, 88.3562
24740, 88.3681
24741, 88.3871
24742, 88.4571
24743, 88.4657
24744, 88.4909
24745, 88.5047
24746, 88.5447
24747, 88.5747
24748, 88.5957
24749, 88.6057
24750, 88.6457
24751, 88.6743
24752, 88.6752
24753, 88.6924
24754, 88.6943
24755, 88.7
24756, 88.7
24757, 88.7319
24758, 88.7976
24759, 88.8147
24760, 88.8285
24761, 88.8538
24762, 88.9395
24763, 88.9623
24764, 88.9733
24765, 88.9828
24766, 89.0385
24767, 89.1452
24768, 89.1923
24769, 89.1961
24770, 89.2642
24771, 89.2695
24772, 89.2723
24773, 89.2909
24774, 89.3738
24775, 89.4038
24776, 89.429
24777, 89.5061
24778, 89.52
24779, 89.5642
24780, 89.5742
24781, 89.588
24782, 89.5919
24783, 89.6209
24784, 89.6514
24785, 89.6814
24786, 89.688
24787, 89.709
24788, 89.7157
24789, 89.7838
24790, 89.8318
24791, 89.8485
24792, 89.8499
24793, 89.8518
24794, 89.9428
24795, 89.9714
24796, 89.999
24797, 90.0009
24798, 90.0323
24799, 90.1142
24800, 90.1242
24801, 90.1371
24802, 90.1561
24803, 90.1661
24804, 90.1866
24805, 90.189
24806, 90.2037
24807, 90.2109
24808, 90.2671
24809, 90.289
24810, 90.2975
24811, 90.3109
24812, 90.3118
24813, 90.4118
24814, 90.548
24815, 90.5504
24816, 90.5885
24817, 90.6304
24818, 90.6547
24819, 90.6571
24820, 90.7028
24821, 90.7328
24822, 90.7352
24823, 90.7599
24824, 90.7785
24825, 90.7956
24826, 90.8761
24827, 90.8923
24828, 90.9209
24829, 90.9323
24830, 91.008
24831, 91.0599
24832, 91.0837
24833, 91.178
24834, 91.1809
24835, 91.3513
24836, 91.3632
24837, 91.3666
24838, 91.5023
24839, 91.5461
24840, 91.5561
24841, 91.567
24842, 91.6328
24843, 91.6347
24844, 91.6356
24845, 91.6518
24846, 91.7308
24847, 91.7394
24848, 91.7585
24849, 91.9527
24850, 92.0037
24851, 92.017
24852, 92.1827
24853, 92.278
24854, 92.4513
24855, 92.4546
24856, 92.5737
24857, 92.7927
24858, 92.8446
24859, 93.1465
24860, 93.2008
24861, 93.3208
24862, 93.3946
24863, 93.4013
24864, 93.6427
24865, 93.7441
24866, 93.9165
24867, 93.9446
24868, 93.9655
24869, 94.0574
24870, 94.0708
24871, 94.1003
24872, 94.327
24873, 94.3941
24874, 94.5941
24875, 94.6041
24876, 94.8817
24877, 95.1331
24878, 95.2284
24879, 95.2946
24880, 95.3312
24881, 95.3617
24882, 95.4679
24883, 95.5065
24884, 95.5179
24885, 95.525
24886, 95.6212
24887, 95.9864
24888, 96.0193
24889, 96.1055
24890, 96.1855
24891, 96.3512
24892, 96.504
24893, 96.5074
24894, 96.595
24895, 96.9488
24896, 97.0012
24897, 97.1464
24898, 97.1531
24899, 97.4978
24900, 97.5593
24901, 97.914
24902, 98.0183
24903, 98.2354
24904, 98.2788
24905, 98.3316
24906, 98.5535
24907, 99.3873
24908, 99.4149
24909, 99.7249
24910, 99.7459
24911, 99.8249
24912, 99.9392
24913, 100.326
24914, 100.355
24915, 100.56
24916, 100.761
24917, 101.135
24918, 101.34
24919, 102.081
24920, 102.501
24921, 102.933
24922, 103.154
24923, 103.779
24924, 104.397
24925, 105.471
24926, 105.596
24927, 105.743
24928, 106.245
24929, 106.676
24930, 106.869
24931, 107.613
24932, 107.961
24933, 108.191
24934, 108.876
24935, 110.112
24936, 110.229
24937, 110.499
24938, 110.515
24939, 110.764
24940, 110.966
24941, 111.067
24942, 111.687
24943, 112.174
24944, 112.443
24945, 112.639
24946, 112.91
24947, 114.761
24948, 114.836
24949, 115.561
24950, 116.23
24951, 116.43
24952, 118.239
24953, 118.761
24954, 119.378
24955, 121.284
24956, 121.789
24957, 122.118
24958, 122.335
24959, 129.744
24960, 130.008
24961, 130.521
24962, 132.394
24963, 132.604
24964, 134.711
24965, 135.13
24966, 135.381
24967, 136.782
24968, 139.023
24969, 139.437
24970, 142.712
24971, 149.707
24972, 153.287
24973, 155.769
24974, 158.49
24975, 161.824
24976, 163.989
24977, 165.718
24978, 166.128
24979, 169.417
24980, 173.317
24981, 182.906
24982, 195.512
24983, 208.206
24984, 227.307
24985, 237.727
24986, 247.097
24987, 263.53
24988, 269.188
24989, 309.039
24990, 314.848
24991, 361.759
24992, 433.31
24993, 522.591
24994, 670.133
24995, 879.994
24996, 901.817
24997, 1209.25
---------------------------------------------------------------------------------------
 #bytes #iterations    t_min[usec]    t_max[usec]  t_typical[usec]    t_avg[usec]    t_stdev[usec]   99% percentile[usec]   99.9% percentile[usec] 
 65536   25000          14.72          1654.12      23.14    	       33.47       	25.97  		88.61   		158.49 
---------------------------------------------------------------------------------------
