Conflicting CPU frequency values detected: 794.591000 != 2100.000000. CPU Frequency is not max.
Conflicting CPU frequency values detected: 798.089000 != 2100.000000. CPU Frequency is not max.
Disabling dynamic polling
---------------------------------------------------------------------------------------
                    RDMA_Write Latency Test
 Dual-port       : OFF		Device         : mlx5_10
 Number of qps   : 1		Transport type : IB
 Connection type : RC		Using SRQ      : OFF
 PCIe relax order: OFF		Lock-free      : OFF
 ibv_wr* API     : ON		Using Enhanced Reorder      : OFF
 TX depth        : 1
 Mtu             : 1024[B]
 Link type       : Ethernet
 GID index       : 3
 Max inline data : 220[B]
 rdma_cm QPs	 : OFF
 Data ex. method : Ethernet
---------------------------------------------------------------------------------------
 local address: LID 0000 QPN 0x01ec PSN 0xfad22 RKey 0x04d100 VAddr 0x007fa0510f9000
 GID: 00:00:00:00:00:00:00:00:00:00:255:255:10:01:04:01
 remote address: LID 0000 QPN 0x0210 PSN 0x71ff9b RKey 0x04d100 VAddr 0x007f296a597000
 GID: 00:00:00:00:00:00:00:00:00:00:255:255:10:01:04:02
---------------------------------------------------------------------------------------
 #bytes #iterations    t_min[usec]    t_max[usec]  t_typical[usec]    t_avg[usec]    t_stdev[usec]   99% percentile[usec]   99.9% percentile[usec] 
#, usec
1, 49.8389
2, 49.8741
3, 49.9294
4, 49.9717
5, 49.9903
6, 50.1032
7, 50.1384
8, 50.1513
9, 50.1708
10, 50.1775
11, 50.2036
12, 50.2279
13, 50.2441
14, 50.247
15, 50.2603
16, 50.2627
17, 50.2998
18, 50.3341
19, 50.3417
20, 50.3417
21, 50.3646
22, 50.387
23, 50.3893
24, 50.3893
25, 50.3913
26, 50.3965
27, 50.3979
28, 50.3984
29, 50.4117
30, 50.4146
31, 50.4193
32, 50.4351
33, 50.4413
34, 50.4427
35, 50.4427
36, 50.4465
37, 50.4513
38, 50.4579
39, 50.4589
40, 50.4655
41, 50.4736
42, 50.476
43, 50.4789
44, 50.4817
45, 50.4827
46, 50.4932
47, 50.4946
48, 50.4946
49, 50.496
50, 50.4998
51, 50.5036
52, 50.5046
53, 50.507
54, 50.5165
55, 50.5179
56, 50.5189
57, 50.5303
58, 50.5317
59, 50.5389
60, 50.5398
61, 50.5427
62, 50.5451
63, 50.546
64, 50.5512
65, 50.5527
66, 50.5551
67, 50.5555
68, 50.5565
69, 50.5703
70, 50.5746
71, 50.5755
72, 50.5774
73, 50.5846
74, 50.5846
75, 50.586
76, 50.586
77, 50.5865
78, 50.5879
79, 50.5908
80, 50.5912
81, 50.5932
82, 50.5941
83, 50.5941
84, 50.5974
85, 50.5993
86, 50.5998
87, 50.607
88, 50.6074
89, 50.6093
90, 50.6108
91, 50.6127
92, 50.6132
93, 50.6141
94, 50.6151
95, 50.6155
96, 50.616
97, 50.6174
98, 50.6208
99, 50.6222
100, 50.6251
101, 50.6255
102, 50.626
103, 50.6284
104, 50.6284
105, 50.6298
106, 50.6327
107, 50.6332
108, 50.6336
109, 50.6365
110, 50.6374
111, 50.6427
112, 50.6431
113, 50.6436
114, 50.6436
115, 50.6479
116, 50.6479
117, 50.6489
118, 50.6512
119, 50.6527
120, 50.6603
121, 50.6617
122, 50.6627
123, 50.6631
124, 50.6651
125, 50.6679
126, 50.6693
127, 50.6731
128, 50.6736
129, 50.6746
130, 50.676
131, 50.6784
132, 50.6827
133, 50.6831
134, 50.6836
135, 50.6855
136, 50.6855
137, 50.6855
138, 50.6884
139, 50.6893
140, 50.6893
141, 50.6898
142, 50.6912
143, 50.6946
144, 50.696
145, 50.6984
146, 50.6993
147, 50.6998
148, 50.7003
149, 50.7012
150, 50.7022
151, 50.7027
152, 50.7031
153, 50.7041
154, 50.7041
155, 50.7041
156, 50.7046
157, 50.706
158, 50.706
159, 50.7084
160, 50.7093
161, 50.7093
162, 50.7098
163, 50.7098
164, 50.7103
165, 50.7103
166, 50.7122
167, 50.7127
168, 50.7131
169, 50.7141
170, 50.7141
171, 50.7151
172, 50.7151
173, 50.7155
174, 50.716
175, 50.7174
176, 50.7179
177, 50.7189
178, 50.7189
179, 50.7227
180, 50.7231
181, 50.7231
182, 50.7241
183, 50.7255
184, 50.727
185, 50.727
186, 50.727
187, 50.7289
188, 50.7293
189, 50.7303
190, 50.7303
191, 50.7303
192, 50.7312
193, 50.7341
194, 50.7341
195, 50.7351
196, 50.736
197, 50.7374
198, 50.7389
199, 50.7412
200, 50.7422
201, 50.7427
202, 50.7431
203, 50.7431
204, 50.7436
205, 50.7441
206, 50.7441
207, 50.7455
208, 50.7474
209, 50.7527
210, 50.7527
211, 50.7555
212, 50.7555
213, 50.7574
214, 50.7593
215, 50.7622
216, 50.7622
217, 50.7636
218, 50.7651
219, 50.7655
220, 50.766
221, 50.7665
222, 50.7674
223, 50.7684
224, 50.7703
225, 50.7708
226, 50.7712
227, 50.7717
228, 50.7722
229, 50.7722
230, 50.7722
231, 50.7727
232, 50.7727
233, 50.776
234, 50.7774
235, 50.7789
236, 50.7793
237, 50.7803
238, 50.7812
239, 50.7817
240, 50.7822
241, 50.7827
242, 50.7831
243, 50.7841
244, 50.7841
245, 50.7841
246, 50.7851
247, 50.7874
248, 50.7874
249, 50.7879
250, 50.7889
251, 50.7893
252, 50.7912
253, 50.7917
254, 50.7927
255, 50.7927
256, 50.7927
257, 50.7941
258, 50.7974
259, 50.7974
260, 50.7974
261, 50.7979
262, 50.7993
263, 50.7998
264, 50.8003
265, 50.8008
266, 50.8012
267, 50.8017
268, 50.8031
269, 50.8031
270, 50.8036
271, 50.8036
272, 50.8041
273, 50.8041
274, 50.8046
275, 50.805
276, 50.805
277, 50.8055
278, 50.806
279, 50.806
280, 50.806
281, 50.8065
282, 50.8065
283, 50.8079
284, 50.8079
285, 50.8084
286, 50.8098
287, 50.8108
288, 50.8112
289, 50.8117
290, 50.816
291, 50.817
292, 50.8179
293, 50.8184
294, 50.8184
295, 50.8189
296, 50.8198
297, 50.8203
298, 50.8203
299, 50.8208
300, 50.8212
301, 50.8222
302, 50.8222
303, 50.8227
304, 50.8236
305, 50.8241
306, 50.8241
307, 50.8246
308, 50.8246
309, 50.825
310, 50.825
311, 50.825
312, 50.826
313, 50.8274
314, 50.8293
315, 50.8298
316, 50.8308
317, 50.8322
318, 50.8322
319, 50.8327
320, 50.8327
321, 50.8331
322, 50.8331
323, 50.8336
324, 50.8346
325, 50.8355
326, 50.836
327, 50.8374
328, 50.8408
329, 50.8422
330, 50.8427
331, 50.8431
332, 50.8436
333, 50.8441
334, 50.8441
335, 50.8446
336, 50.845
337, 50.845
338, 50.845
339, 50.8455
340, 50.8465
341, 50.8465
342, 50.8465
343, 50.847
344, 50.8503
345, 50.8522
346, 50.8527
347, 50.8541
348, 50.8546
349, 50.856
350, 50.8565
351, 50.857
352, 50.857
353, 50.8574
354, 50.8608
355, 50.8617
356, 50.8617
357, 50.8617
358, 50.8627
359, 50.8631
360, 50.8631
361, 50.8641
362, 50.8641
363, 50.865
364, 50.8674
365, 50.8684
366, 50.8684
367, 50.8689
368, 50.8693
369, 50.8698
370, 50.8698
371, 50.8708
372, 50.8717
373, 50.8736
374, 50.8736
375, 50.8741
376, 50.8746
377, 50.875
378, 50.876
379, 50.8779
380, 50.8779
381, 50.8784
382, 50.8789
383, 50.8793
384, 50.8793
385, 50.8798
386, 50.8798
387, 50.8803
388, 50.8808
389, 50.8812
390, 50.885
391, 50.8855
392, 50.887
393, 50.8874
394, 50.8874
395, 50.8884
396, 50.8889
397, 50.8893
398, 50.8912
399, 50.8917
400, 50.8922
401, 50.8927
402, 50.8927
403, 50.8931
404, 50.8941
405, 50.8946
406, 50.8946
407, 50.895
408, 50.8955
409, 50.896
410, 50.8965
411, 50.897
412, 50.8979
413, 50.8979
414, 50.8989
415, 50.8989
416, 50.8993
417, 50.8998
418, 50.9003
419, 50.9012
420, 50.9012
421, 50.9012
422, 50.9022
423, 50.9027
424, 50.9027
425, 50.9031
426, 50.9031
427, 50.9036
428, 50.9055
429, 50.907
430, 50.9074
431, 50.9084
432, 50.9089
433, 50.9103
434, 50.9112
435, 50.9136
436, 50.9136
437, 50.9141
438, 50.9146
439, 50.915
440, 50.9155
441, 50.9155
442, 50.916
443, 50.9165
444, 50.917
445, 50.9174
446, 50.9179
447, 50.9184
448, 50.9193
449, 50.9193
450, 50.9193
451, 50.9198
452, 50.9203
453, 50.9203
454, 50.9203
455, 50.9208
456, 50.9208
457, 50.9222
458, 50.9231
459, 50.9231
460, 50.9241
461, 50.9246
462, 50.925
463, 50.926
464, 50.926
465, 50.9274
466, 50.9274
467, 50.9274
468, 50.9293
469, 50.9308
470, 50.9312
471, 50.9317
472, 50.9322
473, 50.9327
474, 50.9327
475, 50.9331
476, 50.9331
477, 50.9355
478, 50.936
479, 50.936
480, 50.9365
481, 50.9374
482, 50.9379
483, 50.9379
484, 50.9384
485, 50.9389
486, 50.9403
487, 50.9417
488, 50.9417
489, 50.9427
490, 50.9431
491, 50.9446
492, 50.946
493, 50.9479
494, 50.9489
495, 50.9493
496, 50.9498
497, 50.9503
498, 50.9503
499, 50.9508
500, 50.9508
501, 50.9512
502, 50.9512
503, 50.9517
504, 50.9527
505, 50.9527
506, 50.9536
507, 50.9536
508, 50.9546
509, 50.955
510, 50.9555
511, 50.9555
512, 50.9569
513, 50.9574
514, 50.9584
515, 50.9593
516, 50.9593
517, 50.9603
518, 50.9603
519, 50.9608
520, 50.9617
521, 50.9622
522, 50.9622
523, 50.9631
524, 50.9636
525, 50.9641
526, 50.9655
527, 50.9655
528, 50.9655
529, 50.9669
530, 50.9669
531, 50.9674
532, 50.9679
533, 50.9684
534, 50.9684
535, 50.9689
536, 50.9689
537, 50.9693
538, 50.9698
539, 50.9712
540, 50.9712
541, 50.9722
542, 50.9722
543, 50.9727
544, 50.9746
545, 50.9746
546, 50.975
547, 50.975
548, 50.975
549, 50.976
550, 50.976
551, 50.976
552, 50.9765
553, 50.9769
554, 50.9769
555, 50.9774
556, 50.9774
557, 50.9793
558, 50.9798
559, 50.9803
560, 50.9822
561, 50.9822
562, 50.9827
563, 50.9827
564, 50.9831
565, 50.9836
566, 50.9836
567, 50.9841
568, 50.9841
569, 50.9846
570, 50.985
571, 50.9865
572, 50.9865
573, 50.9869
574, 50.9874
575, 50.9884
576, 50.9884
577, 50.9889
578, 50.9893
579, 50.9903
580, 50.9903
581, 50.9908
582, 50.9908
583, 50.9917
584, 50.9917
585, 50.9917
586, 50.9922
587, 50.9922
588, 50.9927
589, 50.9941
590, 50.9941
591, 50.9941
592, 50.9941
593, 50.9955
594, 50.9955
595, 50.9955
596, 50.9955
597, 50.9955
598, 50.9974
599, 50.9974
600, 50.9974
601, 50.9984
602, 50.9993
603, 50.9993
604, 50.9998
605, 51.0008
606, 51.0012
607, 51.0017
608, 51.0017
609, 51.0022
610, 51.0031
611, 51.0036
612, 51.0036
613, 51.0041
614, 51.0041
615, 51.0041
616, 51.0046
617, 51.0046
618, 51.005
619, 51.005
620, 51.005
621, 51.0065
622, 51.0065
623, 51.0069
624, 51.0069
625, 51.0069
626, 51.0074
627, 51.0079
628, 51.0079
629, 51.0084
630, 51.0093
631, 51.0093
632, 51.0108
633, 51.0108
634, 51.0117
635, 51.0117
636, 51.0122
637, 51.0127
638, 51.0127
639, 51.0131
640, 51.0131
641, 51.0136
642, 51.0141
643, 51.0146
644, 51.0146
645, 51.0146
646, 51.0146
647, 51.0146
648, 51.015
649, 51.0165
650, 51.0165
651, 51.0169
652, 51.0184
653, 51.0193
654, 51.0203
655, 51.0208
656, 51.0208
657, 51.0208
658, 51.0212
659, 51.0212
660, 51.0217
661, 51.0217
662, 51.0217
663, 51.0227
664, 51.0231
665, 51.0231
666, 51.0236
667, 51.0255
668, 51.0255
669, 51.0265
670, 51.0265
671, 51.0274
672, 51.0274
673, 51.0279
674, 51.0284
675, 51.0284
676, 51.0289
677, 51.0293
678, 51.0298
679, 51.0303
680, 51.0308
681, 51.0317
682, 51.0327
683, 51.0327
684, 51.0346
685, 51.035
686, 51.0355
687, 51.036
688, 51.0365
689, 51.0365
690, 51.0369
691, 51.0384
692, 51.0384
693, 51.0389
694, 51.0389
695, 51.0393
696, 51.0403
697, 51.0403
698, 51.0408
699, 51.0408
700, 51.0408
701, 51.0408
702, 51.0408
703, 51.0412
704, 51.0417
705, 51.0417
706, 51.0422
707, 51.0431
708, 51.0431
709, 51.0436
710, 51.0441
711, 51.0446
712, 51.0446
713, 51.045
714, 51.045
715, 51.046
716, 51.0465
717, 51.0465
718, 51.0469
719, 51.0474
720, 51.0474
721, 51.0479
722, 51.0489
723, 51.0489
724, 51.0489
725, 51.0489
726, 51.0493
727, 51.0498
728, 51.0498
729, 51.0503
730, 51.0512
731, 51.0517
732, 51.0517
733, 51.0522
734, 51.0527
735, 51.0531
736, 51.0536
737, 51.0536
738, 51.0541
739, 51.0546
740, 51.0546
741, 51.056
742, 51.0574
743, 51.0574
744, 51.0589
745, 51.0589
746, 51.0589
747, 51.0593
748, 51.0608
749, 51.0608
750, 51.0608
751, 51.0612
752, 51.0617
753, 51.0622
754, 51.0622
755, 51.0622
756, 51.0641
757, 51.0641
758, 51.0641
759, 51.0641
760, 51.0646
761, 51.0646
762, 51.0646
763, 51.0655
764, 51.0674
765, 51.0674
766, 51.0674
767, 51.0679
768, 51.0684
769, 51.0684
770, 51.0689
771, 51.0689
772, 51.0689
773, 51.0689
774, 51.0693
775, 51.0698
776, 51.0698
777, 51.0698
778, 51.0703
779, 51.0703
780, 51.0703
781, 51.0708
782, 51.0708
783, 51.0712
784, 51.0712
785, 51.0712
786, 51.0717
787, 51.0727
788, 51.0727
789, 51.0731
790, 51.0731
791, 51.0736
792, 51.0741
793, 51.0741
794, 51.0741
795, 51.0746
796, 51.076
797, 51.076
798, 51.076
799, 51.0765
800, 51.0765
801, 51.0774
802, 51.0779
803, 51.0784
804, 51.0784
805, 51.0798
806, 51.0803
807, 51.0803
808, 51.0812
809, 51.0812
810, 51.0812
811, 51.0812
812, 51.0812
813, 51.0817
814, 51.0822
815, 51.0836
816, 51.0841
817, 51.0841
818, 51.0841
819, 51.0846
820, 51.0846
821, 51.0846
822, 51.0855
823, 51.0865
824, 51.0865
825, 51.0865
826, 51.0865
827, 51.0869
828, 51.0869
829, 51.0869
830, 51.0874
831, 51.0874
832, 51.0874
833, 51.0884
834, 51.0884
835, 51.0898
836, 51.0903
837, 51.0908
838, 51.0912
839, 51.0912
840, 51.0922
841, 51.0931
842, 51.0931
843, 51.0941
844, 51.0941
845, 51.0946
846, 51.095
847, 51.096
848, 51.0965
849, 51.0965
850, 51.0965
851, 51.0965
852, 51.0969
853, 51.0969
854, 51.0984
855, 51.0988
856, 51.0988
857, 51.0988
858, 51.0993
859, 51.0993
860, 51.0998
861, 51.0998
862, 51.1003
863, 51.1012
864, 51.1036
865, 51.1036
866, 51.1046
867, 51.1046
868, 51.105
869, 51.1055
870, 51.1055
871, 51.106
872, 51.1065
873, 51.1069
874, 51.1069
875, 51.1074
876, 51.1074
877, 51.1079
878, 51.1079
879, 51.1084
880, 51.1084
881, 51.1084
882, 51.1088
883, 51.1088
884, 51.1098
885, 51.1098
886, 51.1098
887, 51.1098
888, 51.1098
889, 51.1103
890, 51.1108
891, 51.1108
892, 51.1117
893, 51.1127
894, 51.1136
895, 51.1136
896, 51.1141
897, 51.1146
898, 51.115
899, 51.115
900, 51.116
901, 51.1169
902, 51.1169
903, 51.1169
904, 51.1184
905, 51.1188
906, 51.1188
907, 51.1208
908, 51.1212
909, 51.1212
910, 51.1217
911, 51.1217
912, 51.1217
913, 51.1231
914, 51.1231
915, 51.1236
916, 51.1241
917, 51.1241
918, 51.1246
919, 51.1246
920, 51.125
921, 51.1255
922, 51.1265
923, 51.1269
924, 51.1274
925, 51.1274
926, 51.1288
927, 51.1293
928, 51.1293
929, 51.1298
930, 51.1298
931, 51.1303
932, 51.1303
933, 51.1317
934, 51.1317
935, 51.1317
936, 51.1322
937, 51.1331
938, 51.1331
939, 51.1331
940, 51.1331
941, 51.1336
942, 51.1341
943, 51.1341
944, 51.135
945, 51.135
946, 51.135
947, 51.1365
948, 51.1365
949, 51.1374
950, 51.1374
951, 51.1374
952, 51.1379
953, 51.1384
954, 51.1384
955, 51.1388
956, 51.1393
957, 51.1398
958, 51.1398
959, 51.1403
960, 51.1403
961, 51.1403
962, 51.1412
963, 51.1412
964, 51.1417
965, 51.1417
966, 51.1431
967, 51.1436
968, 51.1436
969, 51.1446
970, 51.145
971, 51.145
972, 51.145
973, 51.1455
974, 51.146
975, 51.146
976, 51.1469
977, 51.1469
978, 51.1469
979, 51.1469
980, 51.1474
981, 51.1474
982, 51.1479
983, 51.1484
984, 51.1484
985, 51.1493
986, 51.1498
987, 51.1498
988, 51.1503
989, 51.1517
990, 51.1522
991, 51.1531
992, 51.1531
993, 51.1536
994, 51.1536
995, 51.1536
996, 51.1546
997, 51.155
998, 51.155
999, 51.1555
1000, 51.1555
1001, 51.156
1002, 51.156
1003, 51.1565
1004, 51.1565
1005, 51.1565
1006, 51.1569
1007, 51.1574
1008, 51.1574
1009, 51.1574
1010, 51.1574
1011, 51.1579
1012, 51.1584
1013, 51.1593
1014, 51.1593
1015, 51.1593
1016, 51.1598
1017, 51.1598
1018, 51.1603
1019, 51.1603
1020, 51.1603
1021, 51.1608
1022, 51.1608
1023, 51.1608
1024, 51.1608
1025, 51.1612
1026, 51.1617
1027, 51.1622
1028, 51.1627
1029, 51.1631
1030, 51.1631
1031, 51.1646
1032, 51.1646
1033, 51.1646
1034, 51.1655
1035, 51.1655
1036, 51.1674
1037, 51.1674
1038, 51.1674
1039, 51.1679
1040, 51.1684
1041, 51.1684
1042, 51.1693
1043, 51.1698
1044, 51.1703
1045, 51.1708
1046, 51.1708
1047, 51.1712
1048, 51.1717
1049, 51.1717
1050, 51.1717
1051, 51.1731
1052, 51.1746
1053, 51.1746
1054, 51.1746
1055, 51.175
1056, 51.175
1057, 51.1755
1058, 51.1755
1059, 51.1755
1060, 51.1755
1061, 51.176
1062, 51.176
1063, 51.1769
1064, 51.1769
1065, 51.1779
1066, 51.1779
1067, 51.1784
1068, 51.1784
1069, 51.1788
1070, 51.1793
1071, 51.1793
1072, 51.1798
1073, 51.1803
1074, 51.1808
1075, 51.1812
1076, 51.1812
1077, 51.1812
1078, 51.1817
1079, 51.1822
1080, 51.1827
1081, 51.1841
1082, 51.1846
1083, 51.185
1084, 51.1855
1085, 51.186
1086, 51.1869
1087, 51.1874
1088, 51.1874
1089, 51.1874
1090, 51.1879
1091, 51.1879
1092, 51.1888
1093, 51.1888
1094, 51.1893
1095, 51.1898
1096, 51.1903
1097, 51.1908
1098, 51.1908
1099, 51.1917
1100, 51.1917
1101, 51.1917
1102, 51.1917
1103, 51.1922
1104, 51.1922
1105, 51.1927
1106, 51.1931
1107, 51.1946
1108, 51.1946
1109, 51.195
1110, 51.195
1111, 51.195
1112, 51.195
1113, 51.1955
1114, 51.1955
1115, 51.1955
1116, 51.196
1117, 51.1965
1118, 51.1965
1119, 51.1969
1120, 51.1969
1121, 51.1969
1122, 51.1979
1123, 51.1979
1124, 51.1979
1125, 51.1984
1126, 51.1984
1127, 51.1988
1128, 51.1998
1129, 51.1998
1130, 51.2012
1131, 51.2012
1132, 51.2022
1133, 51.2022
1134, 51.2022
1135, 51.2022
1136, 51.2036
1137, 51.2046
1138, 51.205
1139, 51.2055
1140, 51.206
1141, 51.206
1142, 51.206
1143, 51.2065
1144, 51.2065
1145, 51.2074
1146, 51.2084
1147, 51.2084
1148, 51.2084
1149, 51.2088
1150, 51.2093
1151, 51.2093
1152, 51.2093
1153, 51.2093
1154, 51.2103
1155, 51.2103
1156, 51.2103
1157, 51.2112
1158, 51.2122
1159, 51.2122
1160, 51.2122
1161, 51.2127
1162, 51.2127
1163, 51.2127
1164, 51.2127
1165, 51.2131
1166, 51.2131
1167, 51.2131
1168, 51.2131
1169, 51.2136
1170, 51.2141
1171, 51.2141
1172, 51.2141
1173, 51.2141
1174, 51.2146
1175, 51.215
1176, 51.2155
1177, 51.2155
1178, 51.2155
1179, 51.216
1180, 51.2165
1181, 51.2165
1182, 51.2165
1183, 51.2169
1184, 51.2184
1185, 51.2184
1186, 51.2184
1187, 51.2184
1188, 51.2188
1189, 51.2188
1190, 51.2193
1191, 51.2193
1192, 51.2198
1193, 51.2203
1194, 51.2203
1195, 51.2208
1196, 51.2208
1197, 51.2208
1198, 51.2208
1199, 51.2212
1200, 51.2212
1201, 51.2212
1202, 51.2217
1203, 51.2222
1204, 51.2222
1205, 51.2236
1206, 51.2236
1207, 51.2236
1208, 51.2236
1209, 51.2241
1210, 51.2241
1211, 51.2246
1212, 51.2246
1213, 51.2246
1214, 51.225
1215, 51.2255
1216, 51.226
1217, 51.226
1218, 51.2269
1219, 51.2269
1220, 51.2274
1221, 51.2274
1222, 51.2279
1223, 51.2284
1224, 51.2284
1225, 51.2288
1226, 51.2298
1227, 51.2298
1228, 51.2298
1229, 51.2298
1230, 51.2298
1231, 51.2317
1232, 51.2317
1233, 51.2317
1234, 51.2317
1235, 51.2322
1236, 51.2322
1237, 51.2322
1238, 51.2331
1239, 51.2331
1240, 51.2331
1241, 51.2331
1242, 51.2336
1243, 51.2336
1244, 51.2336
1245, 51.2341
1246, 51.2341
1247, 51.2341
1248, 51.2341
1249, 51.2341
1250, 51.2346
1251, 51.235
1252, 51.235
1253, 51.235
1254, 51.235
1255, 51.2365
1256, 51.2365
1257, 51.2369
1258, 51.2384
1259, 51.2384
1260, 51.2388
1261, 51.2388
1262, 51.2388
1263, 51.2393
1264, 51.2393
1265, 51.2398
1266, 51.2398
1267, 51.2403
1268, 51.2403
1269, 51.2403
1270, 51.2407
1271, 51.2407
1272, 51.2412
1273, 51.2412
1274, 51.2417
1275, 51.2417
1276, 51.2422
1277, 51.2427
1278, 51.2431
1279, 51.2431
1280, 51.2431
1281, 51.2441
1282, 51.2441
1283, 51.2441
1284, 51.245
1285, 51.2455
1286, 51.2455
1287, 51.2455
1288, 51.246
1289, 51.246
1290, 51.2465
1291, 51.2465
1292, 51.2469
1293, 51.2469
1294, 51.2469
1295, 51.2469
1296, 51.2469
1297, 51.2469
1298, 51.2469
1299, 51.2474
1300, 51.2474
1301, 51.2479
1302, 51.2479
1303, 51.2484
1304, 51.2488
1305, 51.2488
1306, 51.2493
1307, 51.2498
1308, 51.2498
1309, 51.2503
1310, 51.2507
1311, 51.2507
1312, 51.2522
1313, 51.2522
1314, 51.2522
1315, 51.2527
1316, 51.2527
1317, 51.2531
1318, 51.2531
1319, 51.2531
1320, 51.2536
1321, 51.2536
1322, 51.2536
1323, 51.2541
1324, 51.2541
1325, 51.2546
1326, 51.255
1327, 51.255
1328, 51.255
1329, 51.2555
1330, 51.2555
1331, 51.256
1332, 51.2569
1333, 51.2569
1334, 51.2579
1335, 51.2579
1336, 51.2579
1337, 51.2579
1338, 51.2584
1339, 51.2588
1340, 51.2588
1341, 51.2588
1342, 51.2593
1343, 51.2598
1344, 51.2598
1345, 51.2598
1346, 51.2603
1347, 51.2603
1348, 51.2603
1349, 51.2603
1350, 51.2603
1351, 51.2607
1352, 51.2607
1353, 51.2612
1354, 51.2631
1355, 51.2631
1356, 51.2631
1357, 51.2636
1358, 51.2636
1359, 51.2641
1360, 51.2641
1361, 51.2641
1362, 51.2646
1363, 51.265
1364, 51.2655
1365, 51.2655
1366, 51.266
1367, 51.266
1368, 51.2665
1369, 51.2669
1370, 51.2674
1371, 51.2679
1372, 51.2679
1373, 51.2684
1374, 51.2684
1375, 51.2684
1376, 51.2688
1377, 51.2688
1378, 51.2698
1379, 51.2703
1380, 51.2703
1381, 51.2703
1382, 51.2703
1383, 51.2707
1384, 51.2707
1385, 51.2712
1386, 51.2712
1387, 51.2722
1388, 51.2722
1389, 51.2722
1390, 51.2727
1391, 51.2727
1392, 51.2731
1393, 51.2736
1394, 51.2736
1395, 51.2746
1396, 51.2746
1397, 51.2746
1398, 51.2755
1399, 51.2755
1400, 51.276
1401, 51.2765
1402, 51.2769
1403, 51.2774
1404, 51.2779
1405, 51.2784
1406, 51.2784
1407, 51.2784
1408, 51.2784
1409, 51.2788
1410, 51.2788
1411, 51.2793
1412, 51.2793
1413, 51.2793
1414, 51.2793
1415, 51.2798
1416, 51.2807
1417, 51.2807
1418, 51.2812
1419, 51.2812
1420, 51.2812
1421, 51.2817
1422, 51.2817
1423, 51.2817
1424, 51.2817
1425, 51.2817
1426, 51.2817
1427, 51.2822
1428, 51.2822
1429, 51.2822
1430, 51.2822
1431, 51.2827
1432, 51.2827
1433, 51.2827
1434, 51.2827
1435, 51.2827
1436, 51.2827
1437, 51.2831
1438, 51.2831
1439, 51.2831
1440, 51.2836
1441, 51.2836
1442, 51.2836
1443, 51.2836
1444, 51.2846
1445, 51.2846
1446, 51.2855
1447, 51.2855
1448, 51.286
1449, 51.286
1450, 51.286
1451, 51.286
1452, 51.2865
1453, 51.2869
1454, 51.2869
1455, 51.2869
1456, 51.2869
1457, 51.2874
1458, 51.2874
1459, 51.2874
1460, 51.2874
1461, 51.2874
1462, 51.2874
1463, 51.2879
1464, 51.2884
1465, 51.2884
1466, 51.2884
1467, 51.2888
1468, 51.2888
1469, 51.2893
1470, 51.2893
1471, 51.2898
1472, 51.2898
1473, 51.2898
1474, 51.2903
1475, 51.2903
1476, 51.2907
1477, 51.2907
1478, 51.2912
1479, 51.2912
1480, 51.2912
1481, 51.2912
1482, 51.2917
1483, 51.2922
1484, 51.2922
1485, 51.2927
1486, 51.2927
1487, 51.2927
1488, 51.2927
1489, 51.2927
1490, 51.2931
1491, 51.2931
1492, 51.2936
1493, 51.2936
1494, 51.2936
1495, 51.2936
1496, 51.2936
1497, 51.2941
1498, 51.2941
1499, 51.2941
1500, 51.295
1501, 51.295
1502, 51.296
1503, 51.296
1504, 51.296
1505, 51.296
1506, 51.2965
1507, 51.2965
1508, 51.2969
1509, 51.2969
1510, 51.2974
1511, 51.2979
1512, 51.2979
1513, 51.2984
1514, 51.2984
1515, 51.2988
1516, 51.2993
1517, 51.2993
1518, 51.2998
1519, 51.2998
1520, 51.3003
1521, 51.3003
1522, 51.3007
1523, 51.3007
1524, 51.3012
1525, 51.3012
1526, 51.3012
1527, 51.3012
1528, 51.3017
1529, 51.3017
1530, 51.3017
1531, 51.3022
1532, 51.3027
1533, 51.3027
1534, 51.3027
1535, 51.3031
1536, 51.3031
1537, 51.3036
1538, 51.3041
1539, 51.3041
1540, 51.3041
1541, 51.3041
1542, 51.3046
1543, 51.305
1544, 51.305
1545, 51.305
1546, 51.3055
1547, 51.306
1548, 51.306
1549, 51.3065
1550, 51.3069
1551, 51.3074
1552, 51.3074
1553, 51.3079
1554, 51.3079
1555, 51.3084
1556, 51.3088
1557, 51.3088
1558, 51.3088
1559, 51.3088
1560, 51.3088
1561, 51.3088
1562, 51.3088
1563, 51.3093
1564, 51.3093
1565, 51.3093
1566, 51.3093
1567, 51.3098
1568, 51.3098
1569, 51.3103
1570, 51.3103
1571, 51.3103
1572, 51.3112
1573, 51.3127
1574, 51.3131
1575, 51.3131
1576, 51.3131
1577, 51.3136
1578, 51.3136
1579, 51.3136
1580, 51.3136
1581, 51.3136
1582, 51.3141
1583, 51.3155
1584, 51.316
1585, 51.316
1586, 51.316
1587, 51.316
1588, 51.3165
1589, 51.3165
1590, 51.3169
1591, 51.3174
1592, 51.3174
1593, 51.3174
1594, 51.3179
1595, 51.3179
1596, 51.3179
1597, 51.3184
1598, 51.3184
1599, 51.3193
1600, 51.3193
1601, 51.3203
1602, 51.3207
1603, 51.3212
1604, 51.3217
1605, 51.3217
1606, 51.3217
1607, 51.3217
1608, 51.3217
1609, 51.3222
1610, 51.3222
1611, 51.3222
1612, 51.3227
1613, 51.3227
1614, 51.3231
1615, 51.3231
1616, 51.3231
1617, 51.3236
1618, 51.3236
1619, 51.3241
1620, 51.3241
1621, 51.3246
1622, 51.3246
1623, 51.3246
1624, 51.325
1625, 51.325
1626, 51.325
1627, 51.3255
1628, 51.3255
1629, 51.326
1630, 51.3269
1631, 51.3274
1632, 51.3274
1633, 51.3279
1634, 51.3279
1635, 51.3284
1636, 51.3284
1637, 51.3284
1638, 51.3288
1639, 51.3288
1640, 51.3293
1641, 51.3298
1642, 51.3303
1643, 51.3303
1644, 51.3303
1645, 51.3307
1646, 51.3312
1647, 51.3312
1648, 51.3312
1649, 51.3312
1650, 51.3317
1651, 51.3322
1652, 51.3322
1653, 51.3322
1654, 51.3322
1655, 51.3322
1656, 51.3327
1657, 51.3331
1658, 51.3336
1659, 51.3341
1660, 51.3341
1661, 51.3341
1662, 51.335
1663, 51.3355
1664, 51.3355
1665, 51.3355
1666, 51.3369
1667, 51.3369
1668, 51.3374
1669, 51.3374
1670, 51.3379
1671, 51.3379
1672, 51.3379
1673, 51.3379
1674, 51.3384
1675, 51.3384
1676, 51.3388
1677, 51.3388
1678, 51.3398
1679, 51.3398
1680, 51.3403
1681, 51.3407
1682, 51.3412
1683, 51.3412
1684, 51.3417
1685, 51.3422
1686, 51.3427
1687, 51.3427
1688, 51.3431
1689, 51.3436
1690, 51.3436
1691, 51.3436
1692, 51.3441
1693, 51.3446
1694, 51.3446
1695, 51.345
1696, 51.345
1697, 51.345
1698, 51.3455
1699, 51.346
1700, 51.346
1701, 51.346
1702, 51.3465
1703, 51.3465
1704, 51.3465
1705, 51.3474
1706, 51.3474
1707, 51.3479
1708, 51.3484
1709, 51.3484
1710, 51.3488
1711, 51.3488
1712, 51.3488
1713, 51.3488
1714, 51.3498
1715, 51.3503
1716, 51.3507
1717, 51.3507
1718, 51.3507
1719, 51.3512
1720, 51.3522
1721, 51.3527
1722, 51.3531
1723, 51.3536
1724, 51.3541
1725, 51.3541
1726, 51.3541
1727, 51.3546
1728, 51.3546
1729, 51.3546
1730, 51.3546
1731, 51.355
1732, 51.355
1733, 51.3555
1734, 51.3565
1735, 51.3569
1736, 51.3569
1737, 51.3579
1738, 51.3584
1739, 51.3584
1740, 51.3584
1741, 51.3593
1742, 51.3593
1743, 51.3593
1744, 51.3603
1745, 51.3603
1746, 51.3603
1747, 51.3603
1748, 51.3607
1749, 51.3607
1750, 51.3612
1751, 51.3612
1752, 51.3617
1753, 51.3617
1754, 51.3617
1755, 51.3617
1756, 51.3617
1757, 51.3622
1758, 51.3622
1759, 51.3622
1760, 51.3627
1761, 51.3627
1762, 51.3636
1763, 51.3636
1764, 51.3641
1765, 51.3641
1766, 51.3641
1767, 51.3641
1768, 51.3641
1769, 51.365
1770, 51.365
1771, 51.365
1772, 51.3655
1773, 51.3655
1774, 51.3655
1775, 51.366
1776, 51.366
1777, 51.366
1778, 51.3665
1779, 51.3665
1780, 51.3669
1781, 51.3669
1782, 51.3674
1783, 51.3674
1784, 51.3679
1785, 51.3693
1786, 51.3698
1787, 51.3698
1788, 51.3698
1789, 51.3698
1790, 51.3703
1791, 51.3703
1792, 51.3703
1793, 51.3717
1794, 51.3722
1795, 51.3722
1796, 51.3722
1797, 51.3727
1798, 51.3727
1799, 51.3731
1800, 51.3731
1801, 51.3736
1802, 51.3736
1803, 51.3741
1804, 51.3741
1805, 51.3746
1806, 51.3746
1807, 51.3746
1808, 51.3746
1809, 51.3746
1810, 51.3755
1811, 51.376
1812, 51.3765
1813, 51.3765
1814, 51.3765
1815, 51.3769
1816, 51.3769
1817, 51.3769
1818, 51.3774
1819, 51.3774
1820, 51.3774
1821, 51.3779
1822, 51.3779
1823, 51.3784
1824, 51.3784
1825, 51.3784
1826, 51.3788
1827, 51.3788
1828, 51.3793
1829, 51.3793
1830, 51.3798
1831, 51.3807
1832, 51.3807
1833, 51.3807
1834, 51.3812
1835, 51.3817
1836, 51.3817
1837, 51.3817
1838, 51.3822
1839, 51.3822
1840, 51.3827
1841, 51.3827
1842, 51.3827
1843, 51.3827
1844, 51.3827
1845, 51.3827
1846, 51.3831
1847, 51.3831
1848, 51.3836
1849, 51.3836
1850, 51.3836
1851, 51.3836
1852, 51.3846
1853, 51.3846
1854, 51.3846
1855, 51.385
1856, 51.3855
1857, 51.3855
1858, 51.386
1859, 51.386
1860, 51.386
1861, 51.3865
1862, 51.3869
1863, 51.3869
1864, 51.3869
1865, 51.3874
1866, 51.3879
1867, 51.3884
1868, 51.3884
1869, 51.3884
1870, 51.3893
1871, 51.3893
1872, 51.3898
1873, 51.3903
1874, 51.3903
1875, 51.3903
1876, 51.3907
1877, 51.3907
1878, 51.3907
1879, 51.3907
1880, 51.3912
1881, 51.3912
1882, 51.3912
1883, 51.3917
1884, 51.3926
1885, 51.3926
1886, 51.3926
1887, 51.3931
1888, 51.3931
1889, 51.3931
1890, 51.3936
1891, 51.3936
1892, 51.3941
1893, 51.3946
1894, 51.3955
1895, 51.3955
1896, 51.3955
1897, 51.396
1898, 51.396
1899, 51.396
1900, 51.3965
1901, 51.3965
1902, 51.3965
1903, 51.3969
1904, 51.3969
1905, 51.3974
1906, 51.3979
1907, 51.3979
1908, 51.3979
1909, 51.3984
1910, 51.3988
1911, 51.3988
1912, 51.3993
1913, 51.3998
1914, 51.4007
1915, 51.4017
1916, 51.4017
1917, 51.4022
1918, 51.4022
1919, 51.4022
1920, 51.4022
1921, 51.4036
1922, 51.4036
1923, 51.4036
1924, 51.4036
1925, 51.4041
1926, 51.4041
1927, 51.4046
1928, 51.4046
1929, 51.4046
1930, 51.4046
1931, 51.4046
1932, 51.405
1933, 51.4055
1934, 51.4055
1935, 51.4055
1936, 51.4055
1937, 51.406
1938, 51.4065
1939, 51.4065
1940, 51.4069
1941, 51.4069
1942, 51.4079
1943, 51.4079
1944, 51.4084
1945, 51.4084
1946, 51.4088
1947, 51.4093
1948, 51.4098
1949, 51.4098
1950, 51.4098
1951, 51.4103
1952, 51.4103
1953, 51.4107
1954, 51.4107
1955, 51.4107
1956, 51.4112
1957, 51.4117
1958, 51.4117
1959, 51.4117
1960, 51.4117
1961, 51.4117
1962, 51.4122
1963, 51.4126
1964, 51.4126
1965, 51.4126
1966, 51.4131
1967, 51.4131
1968, 51.4136
1969, 51.4136
1970, 51.4136
1971, 51.4141
1972, 51.415
1973, 51.415
1974, 51.415
1975, 51.4155
1976, 51.4155
1977, 51.4155
1978, 51.416
1979, 51.4165
1980, 51.4169
1981, 51.4169
1982, 51.4169
1983, 51.4169
1984, 51.4169
1985, 51.4169
1986, 51.4174
1987, 51.4174
1988, 51.4179
1989, 51.4179
1990, 51.4184
1991, 51.4184
1992, 51.4184
1993, 51.4188
1994, 51.4188
1995, 51.4188
1996, 51.4193
1997, 51.4193
1998, 51.4198
1999, 51.4198
2000, 51.4198
2001, 51.4203
2002, 51.4203
2003, 51.4203
2004, 51.4203
2005, 51.4207
2006, 51.4212
2007, 51.4217
2008, 51.4217
2009, 51.4222
2010, 51.4222
2011, 51.4226
2012, 51.4226
2013, 51.4226
2014, 51.4226
2015, 51.4226
2016, 51.4236
2017, 51.4236
2018, 51.4236
2019, 51.4236
2020, 51.4241
2021, 51.4241
2022, 51.4241
2023, 51.4241
2024, 51.4241
2025, 51.4246
2026, 51.4246
2027, 51.425
2028, 51.425
2029, 51.4255
2030, 51.4255
2031, 51.4255
2032, 51.4255
2033, 51.426
2034, 51.426
2035, 51.426
2036, 51.426
2037, 51.426
2038, 51.426
2039, 51.426
2040, 51.4265
2041, 51.4265
2042, 51.4269
2043, 51.4269
2044, 51.4269
2045, 51.4274
2046, 51.4274
2047, 51.4274
2048, 51.4274
2049, 51.4279
2050, 51.4279
2051, 51.4279
2052, 51.4284
2053, 51.4288
2054, 51.4293
2055, 51.4298
2056, 51.4298
2057, 51.4303
2058, 51.4303
2059, 51.4307
2060, 51.4307
2061, 51.4312
2062, 51.4317
2063, 51.4317
2064, 51.4317
2065, 51.4322
2066, 51.4326
2067, 51.4326
2068, 51.4331
2069, 51.4331
2070, 51.4336
2071, 51.4336
2072, 51.4341
2073, 51.4346
2074, 51.4346
2075, 51.4346
2076, 51.4346
2077, 51.435
2078, 51.4355
2079, 51.436
2080, 51.436
2081, 51.436
2082, 51.436
2083, 51.4365
2084, 51.4365
2085, 51.4365
2086, 51.4369
2087, 51.4369
2088, 51.4369
2089, 51.4374
2090, 51.4374
2091, 51.4379
2092, 51.4384
2093, 51.4384
2094, 51.4388
2095, 51.4388
2096, 51.4393
2097, 51.4393
2098, 51.4393
2099, 51.4393
2100, 51.4398
2101, 51.4398
2102, 51.4403
2103, 51.4403
2104, 51.4407
2105, 51.4407
2106, 51.4407
2107, 51.4412
2108, 51.4412
2109, 51.4412
2110, 51.4417
2111, 51.4417
2112, 51.4422
2113, 51.4422
2114, 51.4422
2115, 51.4426
2116, 51.4426
2117, 51.4431
2118, 51.4431
2119, 51.4431
2120, 51.4436
2121, 51.4436
2122, 51.4441
2123, 51.4446
2124, 51.4446
2125, 51.4446
2126, 51.4446
2127, 51.445
2128, 51.445
2129, 51.4455
2130, 51.446
2131, 51.446
2132, 51.446
2133, 51.446
2134, 51.446
2135, 51.4465
2136, 51.4469
2137, 51.4469
2138, 51.4474
2139, 51.4479
2140, 51.4479
2141, 51.4488
2142, 51.4488
2143, 51.4488
2144, 51.4488
2145, 51.4488
2146, 51.4493
2147, 51.4493
2148, 51.4493
2149, 51.4498
2150, 51.4507
2151, 51.4507
2152, 51.4507
2153, 51.4512
2154, 51.4512
2155, 51.4522
2156, 51.4522
2157, 51.4522
2158, 51.4526
2159, 51.4531
2160, 51.4531
2161, 51.4541
2162, 51.4541
2163, 51.4546
2164, 51.455
2165, 51.455
2166, 51.4555
2167, 51.456
2168, 51.456
2169, 51.4569
2170, 51.4569
2171, 51.4569
2172, 51.4569
2173, 51.4574
2174, 51.4584
2175, 51.4584
2176, 51.4588
2177, 51.4588
2178, 51.4588
2179, 51.4588
2180, 51.4593
2181, 51.4598
2182, 51.4598
2183, 51.4598
2184, 51.4603
2185, 51.4603
2186, 51.4603
2187, 51.4607
2188, 51.4607
2189, 51.4612
2190, 51.4612
2191, 51.4612
2192, 51.4612
2193, 51.4617
2194, 51.4617
2195, 51.4617
2196, 51.4622
2197, 51.4622
2198, 51.4622
2199, 51.4622
2200, 51.4622
2201, 51.4622
2202, 51.4626
2203, 51.4631
2204, 51.4631
2205, 51.4631
2206, 51.4641
2207, 51.4646
2208, 51.4646
2209, 51.465
2210, 51.465
2211, 51.4655
2212, 51.4655
2213, 51.4655
2214, 51.466
2215, 51.4665
2216, 51.4665
2217, 51.4674
2218, 51.4674
2219, 51.4679
2220, 51.4684
2221, 51.4684
2222, 51.4693
2223, 51.4693
2224, 51.4693
2225, 51.4698
2226, 51.4698
2227, 51.4703
2228, 51.4703
2229, 51.4707
2230, 51.4707
2231, 51.4707
2232, 51.4712
2233, 51.4717
2234, 51.4717
2235, 51.4722
2236, 51.4722
2237, 51.4726
2238, 51.4726
2239, 51.4726
2240, 51.4731
2241, 51.4731
2242, 51.4731
2243, 51.4736
2244, 51.4741
2245, 51.4741
2246, 51.4741
2247, 51.4746
2248, 51.4746
2249, 51.475
2250, 51.475
2251, 51.475
2252, 51.475
2253, 51.475
2254, 51.4755
2255, 51.4755
2256, 51.476
2257, 51.476
2258, 51.4765
2259, 51.4765
2260, 51.4765
2261, 51.4765
2262, 51.4779
2263, 51.4779
2264, 51.4779
2265, 51.4784
2266, 51.4784
2267, 51.4788
2268, 51.4788
2269, 51.4788
2270, 51.4793
2271, 51.4798
2272, 51.4798
2273, 51.4798
2274, 51.4803
2275, 51.4803
2276, 51.4812
2277, 51.4822
2278, 51.4822
2279, 51.4822
2280, 51.4822
2281, 51.4822
2282, 51.4822
2283, 51.4826
2284, 51.4831
2285, 51.4836
2286, 51.4841
2287, 51.4841
2288, 51.4846
2289, 51.4846
2290, 51.4846
2291, 51.4846
2292, 51.4846
2293, 51.485
2294, 51.485
2295, 51.4855
2296, 51.4855
2297, 51.486
2298, 51.486
2299, 51.486
2300, 51.4865
2301, 51.4879
2302, 51.4884
2303, 51.4884
2304, 51.4884
2305, 51.4888
2306, 51.4893
2307, 51.4893
2308, 51.4893
2309, 51.4893
2310, 51.4893
2311, 51.4893
2312, 51.4898
2313, 51.4903
2314, 51.4903
2315, 51.4903
2316, 51.4907
2317, 51.4907
2318, 51.4912
2319, 51.4917
2320, 51.4917
2321, 51.4917
2322, 51.4922
2323, 51.4922
2324, 51.4922
2325, 51.4922
2326, 51.4926
2327, 51.4926
2328, 51.4926
2329, 51.4931
2330, 51.4941
2331, 51.4941
2332, 51.4946
2333, 51.4946
2334, 51.4946
2335, 51.495
2336, 51.495
2337, 51.495
2338, 51.4955
2339, 51.4955
2340, 51.4955
2341, 51.4955
2342, 51.4955
2343, 51.496
2344, 51.496
2345, 51.496
2346, 51.496
2347, 51.4965
2348, 51.4969
2349, 51.4969
2350, 51.4974
2351, 51.4984
2352, 51.4984
2353, 51.4988
2354, 51.4993
2355, 51.4998
2356, 51.4998
2357, 51.4998
2358, 51.5003
2359, 51.5003
2360, 51.5003
2361, 51.5007
2362, 51.5007
2363, 51.5007
2364, 51.5007
2365, 51.5007
2366, 51.5012
2367, 51.5012
2368, 51.5012
2369, 51.5017
2370, 51.5022
2371, 51.5022
2372, 51.5026
2373, 51.5026
2374, 51.5031
2375, 51.5031
2376, 51.5031
2377, 51.5036
2378, 51.5041
2379, 51.5041
2380, 51.5041
2381, 51.5046
2382, 51.5046
2383, 51.5046
2384, 51.5046
2385, 51.505
2386, 51.5055
2387, 51.506
2388, 51.5065
2389, 51.5065
2390, 51.5065
2391, 51.5065
2392, 51.5065
2393, 51.5065
2394, 51.5065
2395, 51.5069
2396, 51.5069
2397, 51.5069
2398, 51.5069
2399, 51.5069
2400, 51.5074
2401, 51.5074
2402, 51.5079
2403, 51.5079
2404, 51.5079
2405, 51.5079
2406, 51.5084
2407, 51.5084
2408, 51.5084
2409, 51.5088
2410, 51.5088
2411, 51.5088
2412, 51.5093
2413, 51.5093
2414, 51.5093
2415, 51.5093
2416, 51.5093
2417, 51.5093
2418, 51.5098
2419, 51.5098
2420, 51.5098
2421, 51.5112
2422, 51.5117
2423, 51.5117
2424, 51.5122
2425, 51.5122
2426, 51.5122
2427, 51.5126
2428, 51.5126
2429, 51.5131
2430, 51.5131
2431, 51.5136
2432, 51.5136
2433, 51.5141
2434, 51.5141
2435, 51.5146
2436, 51.5146
2437, 51.5155
2438, 51.516
2439, 51.516
2440, 51.516
2441, 51.5165
2442, 51.5165
2443, 51.5165
2444, 51.5165
2445, 51.5165
2446, 51.5165
2447, 51.5165
2448, 51.5165
2449, 51.5169
2450, 51.5169
2451, 51.5169
2452, 51.5169
2453, 51.5174
2454, 51.5174
2455, 51.5179
2456, 51.5184
2457, 51.5184
2458, 51.5184
2459, 51.5193
2460, 51.5193
2461, 51.5198
2462, 51.5198
2463, 51.5198
2464, 51.5198
2465, 51.5198
2466, 51.5203
2467, 51.5203
2468, 51.5203
2469, 51.5203
2470, 51.5207
2471, 51.5207
2472, 51.5207
2473, 51.5212
2474, 51.5217
2475, 51.5217
2476, 51.5217
2477, 51.5217
2478, 51.5226
2479, 51.5226
2480, 51.5231
2481, 51.5231
2482, 51.5231
2483, 51.5236
2484, 51.5236
2485, 51.5241
2486, 51.5241
2487, 51.5241
2488, 51.5241
2489, 51.5246
2490, 51.5246
2491, 51.525
2492, 51.525
2493, 51.525
2494, 51.5255
2495, 51.5255
2496, 51.5255
2497, 51.526
2498, 51.526
2499, 51.5265
2500, 51.5265
2501, 51.5265
2502, 51.5274
2503, 51.5274
2504, 51.5274
2505, 51.5279
2506, 51.5279
2507, 51.5279
2508, 51.5284
2509, 51.5284
2510, 51.5288
2511, 51.5288
2512, 51.5288
2513, 51.5293
2514, 51.5293
2515, 51.5293
2516, 51.5298
2517, 51.5298
2518, 51.5298
2519, 51.5298
2520, 51.5298
2521, 51.5298
2522, 51.5298
2523, 51.5303
2524, 51.5303
2525, 51.5303
2526, 51.5307
2527, 51.5307
2528, 51.5307
2529, 51.5312
2530, 51.5312
2531, 51.5312
2532, 51.5312
2533, 51.5322
2534, 51.5322
2535, 51.5322
2536, 51.5331
2537, 51.5331
2538, 51.5336
2539, 51.5341
2540, 51.5341
2541, 51.5341
2542, 51.5341
2543, 51.5341
2544, 51.5346
2545, 51.5346
2546, 51.535
2547, 51.5355
2548, 51.5355
2549, 51.536
2550, 51.536
2551, 51.536
2552, 51.5365
2553, 51.5365
2554, 51.5365
2555, 51.5369
2556, 51.5369
2557, 51.5369
2558, 51.5374
2559, 51.5379
2560, 51.5379
2561, 51.5379
2562, 51.5379
2563, 51.5384
2564, 51.5384
2565, 51.5384
2566, 51.5393
2567, 51.5393
2568, 51.5403
2569, 51.5403
2570, 51.5403
2571, 51.5403
2572, 51.5407
2573, 51.5417
2574, 51.5422
2575, 51.5426
2576, 51.5431
2577, 51.5431
2578, 51.5441
2579, 51.5441
2580, 51.5441
2581, 51.5445
2582, 51.5445
2583, 51.5445
2584, 51.5445
2585, 51.545
2586, 51.545
2587, 51.5455
2588, 51.546
2589, 51.546
2590, 51.546
2591, 51.546
2592, 51.5465
2593, 51.5465
2594, 51.5465
2595, 51.5469
2596, 51.5469
2597, 51.5469
2598, 51.5469
2599, 51.5479
2600, 51.5484
2601, 51.5484
2602, 51.5484
2603, 51.5488
2604, 51.5488
2605, 51.5488
2606, 51.5488
2607, 51.5488
2608, 51.5493
2609, 51.5498
2610, 51.5498
2611, 51.5498
2612, 51.5498
2613, 51.5498
2614, 51.5498
2615, 51.5498
2616, 51.5498
2617, 51.5503
2618, 51.5503
2619, 51.5503
2620, 51.5507
2621, 51.5507
2622, 51.5507
2623, 51.5512
2624, 51.5512
2625, 51.5517
2626, 51.5517
2627, 51.5522
2628, 51.5522
2629, 51.5522
2630, 51.5526
2631, 51.5531
2632, 51.5536
2633, 51.5536
2634, 51.5536
2635, 51.5541
2636, 51.5541
2637, 51.5541
2638, 51.5541
2639, 51.5545
2640, 51.5545
2641, 51.5545
2642, 51.5545
2643, 51.5545
2644, 51.555
2645, 51.555
2646, 51.555
2647, 51.5555
2648, 51.5555
2649, 51.5555
2650, 51.556
2651, 51.5565
2652, 51.5565
2653, 51.5565
2654, 51.5565
2655, 51.5569
2656, 51.5569
2657, 51.5574
2658, 51.5579
2659, 51.5579
2660, 51.5579
2661, 51.5584
2662, 51.5584
2663, 51.5588
2664, 51.5588
2665, 51.5588
2666, 51.5588
2667, 51.5593
2668, 51.5593
2669, 51.5598
2670, 51.5603
2671, 51.5607
2672, 51.5612
2673, 51.5612
2674, 51.5612
2675, 51.5617
2676, 51.5617
2677, 51.5622
2678, 51.5622
2679, 51.5622
2680, 51.5622
2681, 51.5626
2682, 51.5626
2683, 51.5631
2684, 51.5631
2685, 51.5631
2686, 51.5631
2687, 51.5636
2688, 51.5636
2689, 51.5636
2690, 51.5636
2691, 51.5636
2692, 51.5641
2693, 51.5645
2694, 51.5645
2695, 51.5645
2696, 51.5645
2697, 51.5655
2698, 51.5655
2699, 51.5655
2700, 51.5655
2701, 51.5655
2702, 51.5655
2703, 51.566
2704, 51.566
2705, 51.566
2706, 51.566
2707, 51.5665
2708, 51.5665
2709, 51.5674
2710, 51.5679
2711, 51.5679
2712, 51.5679
2713, 51.5684
2714, 51.5693
2715, 51.5693
2716, 51.5703
2717, 51.5703
2718, 51.5707
2719, 51.5712
2720, 51.5712
2721, 51.5712
2722, 51.5717
2723, 51.5722
2724, 51.5722
2725, 51.5722
2726, 51.5726
2727, 51.5726
2728, 51.5731
2729, 51.5731
2730, 51.5731
2731, 51.5731
2732, 51.5736
2733, 51.5736
2734, 51.5741
2735, 51.5741
2736, 51.5745
2737, 51.5745
2738, 51.575
2739, 51.575
2740, 51.5755
2741, 51.5765
2742, 51.5769
2743, 51.5769
2744, 51.5774
2745, 51.5774
2746, 51.5774
2747, 51.5774
2748, 51.5774
2749, 51.5774
2750, 51.5774
2751, 51.5784
2752, 51.5784
2753, 51.5788
2754, 51.5788
2755, 51.5788
2756, 51.5788
2757, 51.5793
2758, 51.5793
2759, 51.5793
2760, 51.5798
2761, 51.5803
2762, 51.5803
2763, 51.5803
2764, 51.5803
2765, 51.5807
2766, 51.5812
2767, 51.5812
2768, 51.5812
2769, 51.5812
2770, 51.5812
2771, 51.5812
2772, 51.5812
2773, 51.5817
2774, 51.5817
2775, 51.5817
2776, 51.5817
2777, 51.5817
2778, 51.5822
2779, 51.5822
2780, 51.5826
2781, 51.5826
2782, 51.5826
2783, 51.5831
2784, 51.5831
2785, 51.5836
2786, 51.5836
2787, 51.5841
2788, 51.5845
2789, 51.5845
2790, 51.585
2791, 51.585
2792, 51.585
2793, 51.5855
2794, 51.5855
2795, 51.586
2796, 51.586
2797, 51.586
2798, 51.586
2799, 51.5865
2800, 51.5869
2801, 51.5869
2802, 51.5874
2803, 51.5874
2804, 51.5879
2805, 51.5879
2806, 51.5879
2807, 51.5884
2808, 51.5884
2809, 51.5888
2810, 51.5888
2811, 51.5888
2812, 51.5893
2813, 51.5893
2814, 51.5893
2815, 51.5898
2816, 51.5898
2817, 51.5903
2818, 51.5903
2819, 51.5903
2820, 51.5903
2821, 51.5903
2822, 51.5903
2823, 51.5903
2824, 51.5926
2825, 51.5926
2826, 51.5931
2827, 51.5931
2828, 51.5936
2829, 51.5936
2830, 51.5936
2831, 51.5945
2832, 51.595
2833, 51.595
2834, 51.5955
2835, 51.5955
2836, 51.596
2837, 51.596
2838, 51.5965
2839, 51.5969
2840, 51.5969
2841, 51.5969
2842, 51.5974
2843, 51.5979
2844, 51.5979
2845, 51.5979
2846, 51.5979
2847, 51.5979
2848, 51.5984
2849, 51.5984
2850, 51.5984
2851, 51.5988
2852, 51.5988
2853, 51.5988
2854, 51.5988
2855, 51.5993
2856, 51.5993
2857, 51.5993
2858, 51.5993
2859, 51.5998
2860, 51.6003
2861, 51.6003
2862, 51.6003
2863, 51.6003
2864, 51.6003
2865, 51.6003
2866, 51.6007
2867, 51.6007
2868, 51.6012
2869, 51.6012
2870, 51.6012
2871, 51.6012
2872, 51.6012
2873, 51.6017
2874, 51.6022
2875, 51.6022
2876, 51.6022
2877, 51.6022
2878, 51.6022
2879, 51.6026
2880, 51.6026
2881, 51.6026
2882, 51.6031
2883, 51.6031
2884, 51.6031
2885, 51.6036
2886, 51.6041
2887, 51.6041
2888, 51.6041
2889, 51.605
2890, 51.606
2891, 51.6065
2892, 51.6069
2893, 51.6069
2894, 51.6069
2895, 51.6069
2896, 51.6074
2897, 51.6079
2898, 51.6079
2899, 51.6079
2900, 51.6079
2901, 51.6079
2902, 51.6084
2903, 51.6084
2904, 51.6088
2905, 51.6088
2906, 51.6088
2907, 51.6088
2908, 51.6093
2909, 51.6093
2910, 51.6098
2911, 51.6098
2912, 51.6098
2913, 51.6098
2914, 51.6103
2915, 51.6107
2916, 51.6107
2917, 51.6107
2918, 51.6107
2919, 51.6112
2920, 51.6112
2921, 51.6112
2922, 51.6117
2923, 51.6117
2924, 51.6122
2925, 51.6122
2926, 51.6126
2927, 51.6126
2928, 51.6126
2929, 51.6126
2930, 51.6126
2931, 51.6131
2932, 51.6131
2933, 51.6136
2934, 51.6136
2935, 51.6141
2936, 51.6141
2937, 51.6141
2938, 51.6145
2939, 51.6145
2940, 51.6145
2941, 51.615
2942, 51.615
2943, 51.615
2944, 51.6155
2945, 51.616
2946, 51.616
2947, 51.616
2948, 51.6169
2949, 51.6169
2950, 51.6174
2951, 51.6179
2952, 51.6179
2953, 51.6179
2954, 51.6179
2955, 51.6184
2956, 51.6184
2957, 51.6184
2958, 51.6188
2959, 51.6188
2960, 51.6193
2961, 51.6193
2962, 51.6193
2963, 51.6193
2964, 51.6198
2965, 51.6198
2966, 51.6198
2967, 51.6198
2968, 51.6198
2969, 51.6203
2970, 51.6203
2971, 51.6203
2972, 51.6207
2973, 51.6207
2974, 51.6207
2975, 51.6207
2976, 51.6212
2977, 51.6217
2978, 51.6222
2979, 51.6222
2980, 51.6222
2981, 51.6222
2982, 51.6226
2983, 51.6226
2984, 51.6226
2985, 51.6231
2986, 51.6231
2987, 51.6231
2988, 51.6231
2989, 51.6236
2990, 51.6241
2991, 51.6245
2992, 51.6245
2993, 51.6245
2994, 51.625
2995, 51.625
2996, 51.625
2997, 51.6255
2998, 51.6255
2999, 51.6255
3000, 51.626
3001, 51.626
3002, 51.6265
3003, 51.6265
3004, 51.6265
3005, 51.6265
3006, 51.6269
3007, 51.6269
3008, 51.6269
3009, 51.6269
3010, 51.6274
3011, 51.6274
3012, 51.6274
3013, 51.6284
3014, 51.6284
3015, 51.6284
3016, 51.6284
3017, 51.6284
3018, 51.6284
3019, 51.6288
3020, 51.6288
3021, 51.6288
3022, 51.6293
3023, 51.6293
3024, 51.6293
3025, 51.6298
3026, 51.6298
3027, 51.6298
3028, 51.6303
3029, 51.6303
3030, 51.6303
3031, 51.6303
3032, 51.6307
3033, 51.6307
3034, 51.6312
3035, 51.6317
3036, 51.6317
3037, 51.6317
3038, 51.6322
3039, 51.6322
3040, 51.6326
3041, 51.6326
3042, 51.6326
3043, 51.6331
3044, 51.6331
3045, 51.6331
3046, 51.6331
3047, 51.6341
3048, 51.6341
3049, 51.6345
3050, 51.6345
3051, 51.6345
3052, 51.635
3053, 51.6355
3054, 51.6355
3055, 51.6355
3056, 51.636
3057, 51.636
3058, 51.636
3059, 51.6365
3060, 51.6369
3061, 51.6369
3062, 51.6369
3063, 51.6374
3064, 51.6374
3065, 51.6374
3066, 51.6379
3067, 51.6379
3068, 51.6379
3069, 51.6379
3070, 51.6379
3071, 51.6379
3072, 51.6384
3073, 51.6384
3074, 51.6384
3075, 51.6384
3076, 51.6388
3077, 51.6388
3078, 51.6388
3079, 51.6393
3080, 51.6393
3081, 51.6393
3082, 51.6393
3083, 51.6398
3084, 51.6398
3085, 51.6398
3086, 51.6398
3087, 51.6398
3088, 51.6403
3089, 51.6403
3090, 51.6403
3091, 51.6403
3092, 51.6407
3093, 51.6407
3094, 51.6412
3095, 51.6417
3096, 51.6422
3097, 51.6426
3098, 51.6426
3099, 51.6426
3100, 51.6431
3101, 51.6431
3102, 51.6431
3103, 51.6441
3104, 51.6441
3105, 51.6441
3106, 51.645
3107, 51.645
3108, 51.6455
3109, 51.6465
3110, 51.6465
3111, 51.6465
3112, 51.6469
3113, 51.6469
3114, 51.6469
3115, 51.6469
3116, 51.6469
3117, 51.6474
3118, 51.6474
3119, 51.6474
3120, 51.6474
3121, 51.6474
3122, 51.6479
3123, 51.6484
3124, 51.6484
3125, 51.6484
3126, 51.6488
3127, 51.6488
3128, 51.6493
3129, 51.6493
3130, 51.6493
3131, 51.6493
3132, 51.6498
3133, 51.6503
3134, 51.6503
3135, 51.6507
3136, 51.6507
3137, 51.6512
3138, 51.6512
3139, 51.6512
3140, 51.6512
3141, 51.6517
3142, 51.6517
3143, 51.6522
3144, 51.6522
3145, 51.6526
3146, 51.6526
3147, 51.6526
3148, 51.6531
3149, 51.6536
3150, 51.6541
3151, 51.6541
3152, 51.6541
3153, 51.6541
3154, 51.6545
3155, 51.6545
3156, 51.6555
3157, 51.656
3158, 51.656
3159, 51.656
3160, 51.6565
3161, 51.6565
3162, 51.6569
3163, 51.6569
3164, 51.6584
3165, 51.6584
3166, 51.6588
3167, 51.6588
3168, 51.6588
3169, 51.6593
3170, 51.6593
3171, 51.6593
3172, 51.6593
3173, 51.6593
3174, 51.6598
3175, 51.6598
3176, 51.6598
3177, 51.6603
3178, 51.6603
3179, 51.6607
3180, 51.6612
3181, 51.6612
3182, 51.6622
3183, 51.6631
3184, 51.6631
3185, 51.6631
3186, 51.6636
3187, 51.6641
3188, 51.6641
3189, 51.6641
3190, 51.6645
3191, 51.6645
3192, 51.665
3193, 51.665
3194, 51.6655
3195, 51.6655
3196, 51.6655
3197, 51.6655
3198, 51.6655
3199, 51.666
3200, 51.666
3201, 51.6665
3202, 51.6665
3203, 51.6669
3204, 51.6669
3205, 51.6679
3206, 51.6679
3207, 51.6679
3208, 51.6684
3209, 51.6684
3210, 51.6684
3211, 51.6688
3212, 51.6693
3213, 51.6698
3214, 51.6698
3215, 51.6698
3216, 51.6698
3217, 51.6698
3218, 51.6698
3219, 51.6703
3220, 51.6703
3221, 51.6703
3222, 51.6703
3223, 51.6707
3224, 51.6707
3225, 51.6712
3226, 51.6712
3227, 51.6712
3228, 51.6712
3229, 51.6712
3230, 51.6722
3231, 51.6722
3232, 51.6722
3233, 51.6726
3234, 51.6736
3235, 51.6736
3236, 51.6745
3237, 51.6745
3238, 51.6745
3239, 51.6745
3240, 51.675
3241, 51.675
3242, 51.6755
3243, 51.6755
3244, 51.6755
3245, 51.6755
3246, 51.6755
3247, 51.676
3248, 51.676
3249, 51.6765
3250, 51.6765
3251, 51.6765
3252, 51.6769
3253, 51.6769
3254, 51.6774
3255, 51.6779
3256, 51.6779
3257, 51.6779
3258, 51.6784
3259, 51.6784
3260, 51.6784
3261, 51.6788
3262, 51.6788
3263, 51.6788
3264, 51.6788
3265, 51.6788
3266, 51.6788
3267, 51.6788
3268, 51.6793
3269, 51.6793
3270, 51.6793
3271, 51.6798
3272, 51.6798
3273, 51.6798
3274, 51.6798
3275, 51.6803
3276, 51.6803
3277, 51.6807
3278, 51.6807
3279, 51.6807
3280, 51.6807
3281, 51.6807
3282, 51.6812
3283, 51.6812
3284, 51.6812
3285, 51.6812
3286, 51.6817
3287, 51.6817
3288, 51.6822
3289, 51.6822
3290, 51.6826
3291, 51.6826
3292, 51.6831
3293, 51.6831
3294, 51.6836
3295, 51.6841
3296, 51.6841
3297, 51.6845
3298, 51.685
3299, 51.685
3300, 51.685
3301, 51.6855
3302, 51.6855
3303, 51.6855
3304, 51.6855
3305, 51.686
3306, 51.686
3307, 51.686
3308, 51.686
3309, 51.686
3310, 51.6865
3311, 51.6865
3312, 51.6869
3313, 51.6869
3314, 51.6869
3315, 51.6869
3316, 51.6874
3317, 51.6874
3318, 51.6874
3319, 51.6874
3320, 51.6879
3321, 51.6879
3322, 51.6884
3323, 51.6884
3324, 51.6884
3325, 51.6884
3326, 51.6884
3327, 51.6888
3328, 51.6888
3329, 51.6888
3330, 51.6888
3331, 51.6893
3332, 51.6893
3333, 51.6893
3334, 51.6903
3335, 51.6903
3336, 51.6907
3337, 51.6907
3338, 51.6907
3339, 51.6912
3340, 51.6922
3341, 51.6922
3342, 51.6926
3343, 51.6926
3344, 51.6931
3345, 51.6931
3346, 51.6931
3347, 51.6931
3348, 51.6931
3349, 51.6936
3350, 51.6936
3351, 51.6936
3352, 51.6941
3353, 51.6941
3354, 51.6945
3355, 51.6945
3356, 51.695
3357, 51.695
3358, 51.695
3359, 51.695
3360, 51.6955
3361, 51.6955
3362, 51.6955
3363, 51.6955
3364, 51.6955
3365, 51.696
3366, 51.696
3367, 51.696
3368, 51.696
3369, 51.6964
3370, 51.6964
3371, 51.6964
3372, 51.6964
3373, 51.6964
3374, 51.6969
3375, 51.6969
3376, 51.6969
3377, 51.6969
3378, 51.6974
3379, 51.6974
3380, 51.6979
3381, 51.6979
3382, 51.6979
3383, 51.6979
3384, 51.6984
3385, 51.6984
3386, 51.6988
3387, 51.6988
3388, 51.6988
3389, 51.6988
3390, 51.6993
3391, 51.6998
3392, 51.6998
3393, 51.7003
3394, 51.7003
3395, 51.7007
3396, 51.7017
3397, 51.7017
3398, 51.7017
3399, 51.7017
3400, 51.7022
3401, 51.7026
3402, 51.7026
3403, 51.7031
3404, 51.7036
3405, 51.7036
3406, 51.7036
3407, 51.7036
3408, 51.7041
3409, 51.7041
3410, 51.7045
3411, 51.7045
3412, 51.7045
3413, 51.7045
3414, 51.705
3415, 51.705
3416, 51.705
3417, 51.705
3418, 51.705
3419, 51.705
3420, 51.705
3421, 51.7055
3422, 51.7055
3423, 51.706
3424, 51.7064
3425, 51.7064
3426, 51.7064
3427, 51.7064
3428, 51.7064
3429, 51.7064
3430, 51.7069
3431, 51.7069
3432, 51.7069
3433, 51.7074
3434, 51.7074
3435, 51.7074
3436, 51.7074
3437, 51.7079
3438, 51.7084
3439, 51.7084
3440, 51.7084
3441, 51.7088
3442, 51.7088
3443, 51.7088
3444, 51.7088
3445, 51.7088
3446, 51.7088
3447, 51.7088
3448, 51.7093
3449, 51.7098
3450, 51.7103
3451, 51.7103
3452, 51.7103
3453, 51.7112
3454, 51.7117
3455, 51.7122
3456, 51.7122
3457, 51.7122
3458, 51.7122
3459, 51.7122
3460, 51.7126
3461, 51.7131
3462, 51.7131
3463, 51.7141
3464, 51.7145
3465, 51.7145
3466, 51.7145
3467, 51.7145
3468, 51.7155
3469, 51.7155
3470, 51.7155
3471, 51.716
3472, 51.716
3473, 51.7164
3474, 51.7164
3475, 51.7164
3476, 51.7164
3477, 51.7164
3478, 51.7164
3479, 51.7169
3480, 51.7169
3481, 51.7169
3482, 51.7169
3483, 51.7169
3484, 51.7174
3485, 51.7179
3486, 51.7184
3487, 51.7184
3488, 51.7184
3489, 51.7184
3490, 51.7184
3491, 51.7188
3492, 51.7188
3493, 51.7188
3494, 51.7188
3495, 51.7188
3496, 51.7188
3497, 51.7193
3498, 51.7198
3499, 51.7198
3500, 51.7198
3501, 51.7203
3502, 51.7203
3503, 51.7203
3504, 51.7203
3505, 51.7212
3506, 51.7212
3507, 51.7212
3508, 51.7212
3509, 51.7217
3510, 51.7217
3511, 51.7222
3512, 51.7222
3513, 51.7226
3514, 51.7231
3515, 51.7236
3516, 51.7236
3517, 51.7241
3518, 51.7245
3519, 51.7245
3520, 51.7245
3521, 51.7255
3522, 51.726
3523, 51.726
3524, 51.726
3525, 51.7264
3526, 51.7264
3527, 51.7269
3528, 51.7269
3529, 51.7269
3530, 51.7274
3531, 51.7274
3532, 51.7274
3533, 51.7274
3534, 51.7274
3535, 51.7279
3536, 51.7279
3537, 51.7279
3538, 51.7279
3539, 51.7284
3540, 51.7284
3541, 51.7284
3542, 51.7288
3543, 51.7293
3544, 51.7293
3545, 51.7298
3546, 51.7303
3547, 51.7303
3548, 51.7307
3549, 51.7307
3550, 51.7307
3551, 51.7312
3552, 51.7312
3553, 51.7317
3554, 51.7317
3555, 51.7317
3556, 51.7326
3557, 51.7326
3558, 51.7326
3559, 51.7326
3560, 51.7326
3561, 51.7331
3562, 51.7331
3563, 51.7336
3564, 51.7336
3565, 51.7336
3566, 51.7336
3567, 51.7336
3568, 51.7336
3569, 51.7341
3570, 51.7345
3571, 51.7345
3572, 51.7345
3573, 51.7345
3574, 51.7345
3575, 51.735
3576, 51.735
3577, 51.735
3578, 51.735
3579, 51.7355
3580, 51.7355
3581, 51.736
3582, 51.736
3583, 51.736
3584, 51.7364
3585, 51.7364
3586, 51.7369
3587, 51.7374
3588, 51.7374
3589, 51.7379
3590, 51.7384
3591, 51.7384
3592, 51.7388
3593, 51.7388
3594, 51.7388
3595, 51.7393
3596, 51.7393
3597, 51.7393
3598, 51.7398
3599, 51.7398
3600, 51.7403
3601, 51.7403
3602, 51.7403
3603, 51.7403
3604, 51.7403
3605, 51.7407
3606, 51.7412
3607, 51.7412
3608, 51.7417
3609, 51.7417
3610, 51.7422
3611, 51.7422
3612, 51.7426
3613, 51.7426
3614, 51.7431
3615, 51.7441
3616, 51.7441
3617, 51.7441
3618, 51.7445
3619, 51.7445
3620, 51.745
3621, 51.7455
3622, 51.7455
3623, 51.7455
3624, 51.7455
3625, 51.746
3626, 51.7464
3627, 51.7469
3628, 51.7469
3629, 51.7469
3630, 51.7469
3631, 51.7474
3632, 51.7474
3633, 51.7474
3634, 51.7479
3635, 51.7479
3636, 51.7484
3637, 51.7484
3638, 51.7484
3639, 51.7488
3640, 51.7488
3641, 51.7488
3642, 51.7493
3643, 51.7493
3644, 51.7493
3645, 51.7493
3646, 51.7493
3647, 51.7493
3648, 51.7493
3649, 51.7498
3650, 51.7498
3651, 51.7498
3652, 51.7503
3653, 51.7503
3654, 51.7512
3655, 51.7512
3656, 51.7517
3657, 51.7517
3658, 51.7517
3659, 51.7522
3660, 51.7522
3661, 51.7522
3662, 51.7526
3663, 51.7531
3664, 51.7531
3665, 51.7531
3666, 51.7531
3667, 51.7536
3668, 51.7536
3669, 51.7536
3670, 51.7541
3671, 51.7541
3672, 51.7541
3673, 51.7541
3674, 51.7541
3675, 51.7541
3676, 51.7545
3677, 51.7545
3678, 51.7545
3679, 51.7545
3680, 51.7555
3681, 51.756
3682, 51.756
3683, 51.756
3684, 51.756
3685, 51.756
3686, 51.756
3687, 51.7564
3688, 51.7564
3689, 51.7564
3690, 51.7564
3691, 51.7569
3692, 51.7579
3693, 51.7579
3694, 51.7584
3695, 51.7584
3696, 51.7588
3697, 51.7588
3698, 51.7588
3699, 51.7588
3700, 51.7588
3701, 51.7593
3702, 51.7598
3703, 51.7603
3704, 51.7603
3705, 51.7607
3706, 51.7607
3707, 51.7607
3708, 51.7612
3709, 51.7612
3710, 51.7617
3711, 51.7617
3712, 51.7622
3713, 51.7622
3714, 51.7626
3715, 51.7631
3716, 51.7631
3717, 51.7636
3718, 51.7636
3719, 51.7636
3720, 51.7636
3721, 51.7636
3722, 51.7636
3723, 51.7641
3724, 51.7641
3725, 51.7645
3726, 51.7645
3727, 51.7645
3728, 51.7645
3729, 51.765
3730, 51.765
3731, 51.765
3732, 51.766
3733, 51.766
3734, 51.766
3735, 51.7664
3736, 51.7669
3737, 51.7669
3738, 51.7669
3739, 51.7674
3740, 51.7674
3741, 51.7679
3742, 51.7679
3743, 51.7679
3744, 51.7679
3745, 51.7679
3746, 51.7688
3747, 51.7688
3748, 51.7693
3749, 51.7698
3750, 51.7698
3751, 51.7703
3752, 51.7703
3753, 51.7703
3754, 51.7707
3755, 51.7707
3756, 51.7707
3757, 51.7712
3758, 51.7712
3759, 51.7712
3760, 51.7712
3761, 51.7712
3762, 51.7717
3763, 51.7717
3764, 51.7722
3765, 51.7726
3766, 51.7726
3767, 51.7726
3768, 51.7731
3769, 51.7731
3770, 51.7731
3771, 51.7745
3772, 51.7745
3773, 51.7745
3774, 51.775
3775, 51.7755
3776, 51.7755
3777, 51.776
3778, 51.776
3779, 51.776
3780, 51.776
3781, 51.776
3782, 51.776
3783, 51.7764
3784, 51.7764
3785, 51.7769
3786, 51.7779
3787, 51.7779
3788, 51.7779
3789, 51.7779
3790, 51.7784
3791, 51.7784
3792, 51.7784
3793, 51.7788
3794, 51.7793
3795, 51.7793
3796, 51.7793
3797, 51.7793
3798, 51.7798
3799, 51.7798
3800, 51.7798
3801, 51.7803
3802, 51.7807
3803, 51.7812
3804, 51.7812
3805, 51.7812
3806, 51.7817
3807, 51.7817
3808, 51.7817
3809, 51.7822
3810, 51.7826
3811, 51.7826
3812, 51.7831
3813, 51.7836
3814, 51.7841
3815, 51.7841
3816, 51.7841
3817, 51.7845
3818, 51.7845
3819, 51.7845
3820, 51.785
3821, 51.7855
3822, 51.7855
3823, 51.7855
3824, 51.786
3825, 51.786
3826, 51.786
3827, 51.7864
3828, 51.7864
3829, 51.7864
3830, 51.7864
3831, 51.7874
3832, 51.7879
3833, 51.7884
3834, 51.7888
3835, 51.7888
3836, 51.7893
3837, 51.7898
3838, 51.7898
3839, 51.7898
3840, 51.7898
3841, 51.7903
3842, 51.7903
3843, 51.7907
3844, 51.7907
3845, 51.7907
3846, 51.7912
3847, 51.7912
3848, 51.7912
3849, 51.7917
3850, 51.7917
3851, 51.7922
3852, 51.7922
3853, 51.7926
3854, 51.7926
3855, 51.7926
3856, 51.7936
3857, 51.7936
3858, 51.7936
3859, 51.7941
3860, 51.7941
3861, 51.7941
3862, 51.7945
3863, 51.7945
3864, 51.7945
3865, 51.795
3866, 51.795
3867, 51.795
3868, 51.795
3869, 51.795
3870, 51.7964
3871, 51.7964
3872, 51.7969
3873, 51.7969
3874, 51.7979
3875, 51.7979
3876, 51.7979
3877, 51.7979
3878, 51.7984
3879, 51.7984
3880, 51.7984
3881, 51.7984
3882, 51.7988
3883, 51.7993
3884, 51.7993
3885, 51.7993
3886, 51.7998
3887, 51.7998
3888, 51.8003
3889, 51.8003
3890, 51.8007
3891, 51.8012
3892, 51.8017
3893, 51.8017
3894, 51.8017
3895, 51.8017
3896, 51.8022
3897, 51.8022
3898, 51.8022
3899, 51.8022
3900, 51.8022
3901, 51.8022
3902, 51.8022
3903, 51.8026
3904, 51.8026
3905, 51.8026
3906, 51.8026
3907, 51.8026
3908, 51.8026
3909, 51.8031
3910, 51.8031
3911, 51.8036
3912, 51.8041
3913, 51.8041
3914, 51.8045
3915, 51.8045
3916, 51.8045
3917, 51.805
3918, 51.8055
3919, 51.806
3920, 51.8064
3921, 51.8064
3922, 51.8064
3923, 51.8064
3924, 51.8069
3925, 51.8069
3926, 51.8069
3927, 51.8074
3928, 51.8079
3929, 51.8079
3930, 51.8079
3931, 51.8084
3932, 51.8093
3933, 51.8093
3934, 51.8093
3935, 51.8093
3936, 51.8093
3937, 51.8098
3938, 51.8098
3939, 51.8103
3940, 51.8103
3941, 51.8107
3942, 51.8117
3943, 51.8117
3944, 51.8117
3945, 51.8122
3946, 51.8122
3947, 51.8122
3948, 51.8122
3949, 51.8126
3950, 51.8126
3951, 51.8126
3952, 51.8131
3953, 51.8131
3954, 51.8131
3955, 51.8131
3956, 51.8136
3957, 51.8136
3958, 51.8136
3959, 51.8141
3960, 51.8141
3961, 51.8141
3962, 51.8141
3963, 51.8145
3964, 51.8145
3965, 51.8145
3966, 51.8145
3967, 51.8145
3968, 51.8145
3969, 51.815
3970, 51.815
3971, 51.815
3972, 51.815
3973, 51.8155
3974, 51.816
3975, 51.816
3976, 51.816
3977, 51.816
3978, 51.8164
3979, 51.8169
3980, 51.8174
3981, 51.8174
3982, 51.8179
3983, 51.8179
3984, 51.8179
3985, 51.8179
3986, 51.8184
3987, 51.8184
3988, 51.8188
3989, 51.8188
3990, 51.8188
3991, 51.8193
3992, 51.8193
3993, 51.8193
3994, 51.8198
3995, 51.8198
3996, 51.8203
3997, 51.8203
3998, 51.8207
3999, 51.8212
4000, 51.8212
4001, 51.8212
4002, 51.8212
4003, 51.8212
4004, 51.8212
4005, 51.8212
4006, 51.8217
4007, 51.8222
4008, 51.8226
4009, 51.8226
4010, 51.8226
4011, 51.8231
4012, 51.8231
4013, 51.8236
4014, 51.8236
4015, 51.8236
4016, 51.8236
4017, 51.8241
4018, 51.8241
4019, 51.8241
4020, 51.8245
4021, 51.8245
4022, 51.825
4023, 51.8255
4024, 51.8255
4025, 51.8255
4026, 51.8255
4027, 51.826
4028, 51.8264
4029, 51.8264
4030, 51.8269
4031, 51.8269
4032, 51.8274
4033, 51.8274
4034, 51.8284
4035, 51.8284
4036, 51.8284
4037, 51.8284
4038, 51.8284
4039, 51.8284
4040, 51.8288
4041, 51.8288
4042, 51.8288
4043, 51.8288
4044, 51.8288
4045, 51.8293
4046, 51.8298
4047, 51.8298
4048, 51.8298
4049, 51.8298
4050, 51.8298
4051, 51.8303
4052, 51.8307
4053, 51.8307
4054, 51.8312
4055, 51.8312
4056, 51.8312
4057, 51.8317
4058, 51.8317
4059, 51.8317
4060, 51.8317
4061, 51.8322
4062, 51.8326
4063, 51.8331
4064, 51.8336
4065, 51.8336
4066, 51.8341
4067, 51.8345
4068, 51.8345
4069, 51.8345
4070, 51.835
4071, 51.835
4072, 51.835
4073, 51.8355
4074, 51.8355
4075, 51.8355
4076, 51.836
4077, 51.8364
4078, 51.8364
4079, 51.8364
4080, 51.8364
4081, 51.8364
4082, 51.8364
4083, 51.8369
4084, 51.8369
4085, 51.8374
4086, 51.8374
4087, 51.8379
4088, 51.8379
4089, 51.8379
4090, 51.8379
4091, 51.8383
4092, 51.8383
4093, 51.8383
4094, 51.8383
4095, 51.8383
4096, 51.8388
4097, 51.8388
4098, 51.8393
4099, 51.8393
4100, 51.8398
4101, 51.8403
4102, 51.8407
4103, 51.8417
4104, 51.8417
4105, 51.8417
4106, 51.8422
4107, 51.8422
4108, 51.8426
4109, 51.8426
4110, 51.8426
4111, 51.8426
4112, 51.8426
4113, 51.8426
4114, 51.8431
4115, 51.8436
4116, 51.8436
4117, 51.8436
4118, 51.8436
4119, 51.8441
4120, 51.8445
4121, 51.8445
4122, 51.845
4123, 51.845
4124, 51.845
4125, 51.8455
4126, 51.8455
4127, 51.8455
4128, 51.8455
4129, 51.846
4130, 51.8464
4131, 51.8464
4132, 51.8464
4133, 51.8469
4134, 51.8469
4135, 51.8469
4136, 51.8469
4137, 51.8469
4138, 51.8474
4139, 51.8474
4140, 51.8479
4141, 51.8479
4142, 51.8479
4143, 51.8483
4144, 51.8483
4145, 51.8483
4146, 51.8488
4147, 51.8493
4148, 51.8493
4149, 51.8493
4150, 51.8498
4151, 51.8498
4152, 51.8498
4153, 51.8503
4154, 51.8503
4155, 51.8503
4156, 51.8507
4157, 51.8507
4158, 51.8507
4159, 51.8512
4160, 51.8512
4161, 51.8517
4162, 51.8517
4163, 51.8517
4164, 51.8517
4165, 51.8522
4166, 51.8522
4167, 51.8526
4168, 51.8531
4169, 51.8531
4170, 51.8536
4171, 51.8536
4172, 51.8541
4173, 51.8541
4174, 51.8541
4175, 51.855
4176, 51.855
4177, 51.8555
4178, 51.8555
4179, 51.8555
4180, 51.8555
4181, 51.856
4182, 51.8564
4183, 51.8564
4184, 51.8569
4185, 51.8569
4186, 51.8574
4187, 51.8579
4188, 51.8579
4189, 51.8583
4190, 51.8583
4191, 51.8583
4192, 51.8583
4193, 51.8588
4194, 51.8598
4195, 51.8598
4196, 51.8603
4197, 51.8603
4198, 51.8607
4199, 51.8607
4200, 51.8607
4201, 51.8612
4202, 51.8612
4203, 51.8612
4204, 51.8617
4205, 51.8617
4206, 51.8617
4207, 51.8622
4208, 51.8622
4209, 51.8626
4210, 51.8631
4211, 51.8631
4212, 51.8631
4213, 51.8636
4214, 51.8636
4215, 51.8636
4216, 51.8636
4217, 51.8641
4218, 51.8645
4219, 51.8645
4220, 51.8645
4221, 51.8645
4222, 51.865
4223, 51.865
4224, 51.8655
4225, 51.8655
4226, 51.866
4227, 51.866
4228, 51.866
4229, 51.866
4230, 51.8664
4231, 51.8664
4232, 51.8669
4233, 51.8669
4234, 51.8669
4235, 51.8674
4236, 51.8674
4237, 51.8674
4238, 51.8674
4239, 51.8674
4240, 51.8683
4241, 51.8688
4242, 51.8688
4243, 51.8688
4244, 51.8688
4245, 51.8693
4246, 51.8693
4247, 51.8693
4248, 51.8693
4249, 51.8693
4250, 51.8693
4251, 51.8698
4252, 51.8698
4253, 51.8698
4254, 51.8698
4255, 51.8698
4256, 51.8712
4257, 51.8712
4258, 51.8717
4259, 51.8722
4260, 51.8726
4261, 51.8731
4262, 51.8736
4263, 51.8736
4264, 51.8736
4265, 51.8741
4266, 51.8741
4267, 51.8745
4268, 51.8745
4269, 51.8745
4270, 51.8745
4271, 51.875
4272, 51.875
4273, 51.8755
4274, 51.8755
4275, 51.8755
4276, 51.876
4277, 51.876
4278, 51.876
4279, 51.8764
4280, 51.8769
4281, 51.8769
4282, 51.8769
4283, 51.8769
4284, 51.8769
4285, 51.8774
4286, 51.8774
4287, 51.8779
4288, 51.8783
4289, 51.8783
4290, 51.8783
4291, 51.8783
4292, 51.8783
4293, 51.8783
4294, 51.8783
4295, 51.8783
4296, 51.8783
4297, 51.8788
4298, 51.8793
4299, 51.8793
4300, 51.8793
4301, 51.8798
4302, 51.8798
4303, 51.8798
4304, 51.8803
4305, 51.8803
4306, 51.8803
4307, 51.8807
4308, 51.8807
4309, 51.8812
4310, 51.8812
4311, 51.8817
4312, 51.8822
4313, 51.8822
4314, 51.8822
4315, 51.8822
4316, 51.8822
4317, 51.8826
4318, 51.8831
4319, 51.8841
4320, 51.8841
4321, 51.8841
4322, 51.8841
4323, 51.8845
4324, 51.8845
4325, 51.8855
4326, 51.8855
4327, 51.8864
4328, 51.8864
4329, 51.8869
4330, 51.8874
4331, 51.8874
4332, 51.8874
4333, 51.8883
4334, 51.8883
4335, 51.8883
4336, 51.8888
4337, 51.8888
4338, 51.8888
4339, 51.8888
4340, 51.8893
4341, 51.8893
4342, 51.8893
4343, 51.8893
4344, 51.8898
4345, 51.8903
4346, 51.8903
4347, 51.8907
4348, 51.8907
4349, 51.8907
4350, 51.8907
4351, 51.8907
4352, 51.8912
4353, 51.8912
4354, 51.8912
4355, 51.8912
4356, 51.8917
4357, 51.8917
4358, 51.8917
4359, 51.8922
4360, 51.8922
4361, 51.8922
4362, 51.8926
4363, 51.8926
4364, 51.8926
4365, 51.8931
4366, 51.8931
4367, 51.8936
4368, 51.8936
4369, 51.8941
4370, 51.8941
4371, 51.8945
4372, 51.895
4373, 51.895
4374, 51.8955
4375, 51.8955
4376, 51.8955
4377, 51.896
4378, 51.896
4379, 51.8964
4380, 51.8964
4381, 51.8964
4382, 51.8964
4383, 51.8969
4384, 51.8969
4385, 51.8969
4386, 51.8969
4387, 51.8974
4388, 51.8974
4389, 51.8983
4390, 51.8983
4391, 51.8988
4392, 51.8993
4393, 51.8993
4394, 51.8993
4395, 51.8998
4396, 51.8998
4397, 51.9003
4398, 51.9007
4399, 51.9007
4400, 51.9007
4401, 51.9012
4402, 51.9012
4403, 51.9017
4404, 51.9017
4405, 51.9017
4406, 51.9022
4407, 51.9022
4408, 51.9022
4409, 51.9026
4410, 51.9026
4411, 51.9026
4412, 51.9026
4413, 51.9031
4414, 51.9031
4415, 51.9036
4416, 51.9041
4417, 51.905
4418, 51.905
4419, 51.905
4420, 51.9055
4421, 51.9055
4422, 51.9055
4423, 51.906
4424, 51.9069
4425, 51.9069
4426, 51.9069
4427, 51.9069
4428, 51.9069
4429, 51.9069
4430, 51.9069
4431, 51.9074
4432, 51.9074
4433, 51.9079
4434, 51.9083
4435, 51.9083
4436, 51.9083
4437, 51.9088
4438, 51.9093
4439, 51.9103
4440, 51.9107
4441, 51.9107
4442, 51.9107
4443, 51.9112
4444, 51.9112
4445, 51.9112
4446, 51.9117
4447, 51.9117
4448, 51.9117
4449, 51.9117
4450, 51.9117
4451, 51.9117
4452, 51.9122
4453, 51.9122
4454, 51.9122
4455, 51.9122
4456, 51.9122
4457, 51.9126
4458, 51.9126
4459, 51.9126
4460, 51.9131
4461, 51.9136
4462, 51.9136
4463, 51.9136
4464, 51.9145
4465, 51.9145
4466, 51.9145
4467, 51.915
4468, 51.9155
4469, 51.9155
4470, 51.9155
4471, 51.9155
4472, 51.9155
4473, 51.916
4474, 51.916
4475, 51.916
4476, 51.9164
4477, 51.9164
4478, 51.9169
4479, 51.9169
4480, 51.9169
4481, 51.9174
4482, 51.9174
4483, 51.9174
4484, 51.9174
4485, 51.9179
4486, 51.9183
4487, 51.9183
4488, 51.9183
4489, 51.9183
4490, 51.9188
4491, 51.9193
4492, 51.9193
4493, 51.9193
4494, 51.9193
4495, 51.9193
4496, 51.9198
4497, 51.9198
4498, 51.9198
4499, 51.9198
4500, 51.9198
4501, 51.9203
4502, 51.9203
4503, 51.9203
4504, 51.9207
4505, 51.9207
4506, 51.9207
4507, 51.9212
4508, 51.9212
4509, 51.9217
4510, 51.9217
4511, 51.9222
4512, 51.9222
4513, 51.9222
4514, 51.9222
4515, 51.9226
4516, 51.9226
4517, 51.9231
4518, 51.9236
4519, 51.9236
4520, 51.9236
4521, 51.9241
4522, 51.9245
4523, 51.9245
4524, 51.9245
4525, 51.9245
4526, 51.925
4527, 51.925
4528, 51.925
4529, 51.925
4530, 51.926
4531, 51.926
4532, 51.926
4533, 51.926
4534, 51.926
4535, 51.9264
4536, 51.9264
4537, 51.9269
4538, 51.9269
4539, 51.9269
4540, 51.9274
4541, 51.9274
4542, 51.9274
4543, 51.9279
4544, 51.9279
4545, 51.9283
4546, 51.9293
4547, 51.9293
4548, 51.9293
4549, 51.9298
4550, 51.9298
4551, 51.9298
4552, 51.9303
4553, 51.9303
4554, 51.9307
4555, 51.9307
4556, 51.9317
4557, 51.9317
4558, 51.9322
4559, 51.9322
4560, 51.9322
4561, 51.9322
4562, 51.9326
4563, 51.9326
4564, 51.9331
4565, 51.9331
4566, 51.9331
4567, 51.9336
4568, 51.9341
4569, 51.9341
4570, 51.9341
4571, 51.9341
4572, 51.9341
4573, 51.9341
4574, 51.9341
4575, 51.9345
4576, 51.9345
4577, 51.935
4578, 51.935
4579, 51.935
4580, 51.935
4581, 51.9355
4582, 51.936
4583, 51.936
4584, 51.9369
4585, 51.9374
4586, 51.9379
4587, 51.9383
4588, 51.9383
4589, 51.9383
4590, 51.9388
4591, 51.9388
4592, 51.9388
4593, 51.9388
4594, 51.9398
4595, 51.9398
4596, 51.9398
4597, 51.9398
4598, 51.9398
4599, 51.9403
4600, 51.9403
4601, 51.9403
4602, 51.9403
4603, 51.9407
4604, 51.9422
4605, 51.9422
4606, 51.9422
4607, 51.9422
4608, 51.9422
4609, 51.9426
4610, 51.9431
4611, 51.9436
4612, 51.9436
4613, 51.9436
4614, 51.9441
4615, 51.9441
4616, 51.9441
4617, 51.9445
4618, 51.9445
4619, 51.9445
4620, 51.9445
4621, 51.9445
4622, 51.9445
4623, 51.945
4624, 51.945
4625, 51.945
4626, 51.945
4627, 51.9455
4628, 51.9455
4629, 51.9455
4630, 51.946
4631, 51.9464
4632, 51.9464
4633, 51.9469
4634, 51.9469
4635, 51.9469
4636, 51.9469
4637, 51.9474
4638, 51.9474
4639, 51.9474
4640, 51.9474
4641, 51.9479
4642, 51.9479
4643, 51.9483
4644, 51.9488
4645, 51.9493
4646, 51.9493
4647, 51.9493
4648, 51.9493
4649, 51.9503
4650, 51.9503
4651, 51.9503
4652, 51.9503
4653, 51.9517
4654, 51.9517
4655, 51.9517
4656, 51.9522
4657, 51.9522
4658, 51.9522
4659, 51.9522
4660, 51.9526
4661, 51.9526
4662, 51.9526
4663, 51.9526
4664, 51.9526
4665, 51.9531
4666, 51.9531
4667, 51.9536
4668, 51.9536
4669, 51.9536
4670, 51.9541
4671, 51.9541
4672, 51.9541
4673, 51.9541
4674, 51.9545
4675, 51.9545
4676, 51.9545
4677, 51.9545
4678, 51.9555
4679, 51.9555
4680, 51.956
4681, 51.9564
4682, 51.9569
4683, 51.9569
4684, 51.9569
4685, 51.9574
4686, 51.9574
4687, 51.9579
4688, 51.9583
4689, 51.9583
4690, 51.9588
4691, 51.9588
4692, 51.9588
4693, 51.9593
4694, 51.9593
4695, 51.9593
4696, 51.9593
4697, 51.9603
4698, 51.9603
4699, 51.9607
4700, 51.9607
4701, 51.9607
4702, 51.9607
4703, 51.9612
4704, 51.9612
4705, 51.9612
4706, 51.9617
4707, 51.9617
4708, 51.9622
4709, 51.9622
4710, 51.9622
4711, 51.9626
4712, 51.9626
4713, 51.9631
4714, 51.9636
4715, 51.9636
4716, 51.9641
4717, 51.9641
4718, 51.9641
4719, 51.9641
4720, 51.9645
4721, 51.9645
4722, 51.9645
4723, 51.965
4724, 51.965
4725, 51.965
4726, 51.965
4727, 51.9655
4728, 51.966
4729, 51.966
4730, 51.966
4731, 51.966
4732, 51.9664
4733, 51.9669
4734, 51.9669
4735, 51.9674
4736, 51.9674
4737, 51.9674
4738, 51.9679
4739, 51.9679
4740, 51.9679
4741, 51.9679
4742, 51.9679
4743, 51.9683
4744, 51.9693
4745, 51.9693
4746, 51.9698
4747, 51.9698
4748, 51.9703
4749, 51.9707
4750, 51.9712
4751, 51.9717
4752, 51.9717
4753, 51.9717
4754, 51.9717
4755, 51.9722
4756, 51.9722
4757, 51.9726
4758, 51.9726
4759, 51.9726
4760, 51.9726
4761, 51.9726
4762, 51.9736
4763, 51.9736
4764, 51.9736
4765, 51.9736
4766, 51.9736
4767, 51.9741
4768, 51.9741
4769, 51.9741
4770, 51.9741
4771, 51.9745
4772, 51.9745
4773, 51.9745
4774, 51.9755
4775, 51.9755
4776, 51.976
4777, 51.9764
4778, 51.9764
4779, 51.9764
4780, 51.9769
4781, 51.9774
4782, 51.9774
4783, 51.9774
4784, 51.9779
4785, 51.9779
4786, 51.9779
4787, 51.9779
4788, 51.9783
4789, 51.9783
4790, 51.9783
4791, 51.9788
4792, 51.9788
4793, 51.9788
4794, 51.9803
4795, 51.9807
4796, 51.9807
4797, 51.9817
4798, 51.9822
4799, 51.9822
4800, 51.9826
4801, 51.9826
4802, 51.9826
4803, 51.9826
4804, 51.9826
4805, 51.9831
4806, 51.9831
4807, 51.9831
4808, 51.9831
4809, 51.9831
4810, 51.9841
4811, 51.9841
4812, 51.9841
4813, 51.9841
4814, 51.9841
4815, 51.9845
4816, 51.9845
4817, 51.985
4818, 51.985
4819, 51.985
4820, 51.986
4821, 51.9869
4822, 51.9869
4823, 51.9869
4824, 51.9869
4825, 51.9874
4826, 51.9874
4827, 51.9879
4828, 51.9879
4829, 51.9888
4830, 51.9888
4831, 51.9893
4832, 51.9898
4833, 51.9898
4834, 51.9902
4835, 51.9902
4836, 51.9912
4837, 51.9912
4838, 51.9917
4839, 51.9926
4840, 51.9926
4841, 51.9931
4842, 51.9931
4843, 51.9931
4844, 51.9931
4845, 51.9931
4846, 51.9936
4847, 51.9936
4848, 51.9936
4849, 51.9936
4850, 51.9941
4851, 51.9941
4852, 51.9941
4853, 51.9945
4854, 51.995
4855, 51.995
4856, 51.9955
4857, 51.9955
4858, 51.9955
4859, 51.9955
4860, 51.996
4861, 51.996
4862, 51.996
4863, 51.996
4864, 51.9964
4865, 51.9969
4866, 51.9969
4867, 51.9969
4868, 51.9969
4869, 51.9974
4870, 51.9974
4871, 51.9974
4872, 51.9979
4873, 51.9979
4874, 51.9979
4875, 51.9979
4876, 51.9983
4877, 51.9983
4878, 51.9983
4879, 51.9988
4880, 51.9988
4881, 51.9993
4882, 51.9998
4883, 51.9998
4884, 51.9998
4885, 51.9998
4886, 51.9998
4887, 52.0002
4888, 52.0002
4889, 52.0007
4890, 52.0007
4891, 52.0012
4892, 52.0012
4893, 52.0017
4894, 52.0017
4895, 52.0017
4896, 52.0017
4897, 52.0022
4898, 52.0022
4899, 52.0022
4900, 52.0026
4901, 52.0026
4902, 52.0026
4903, 52.0026
4904, 52.0026
4905, 52.0026
4906, 52.0031
4907, 52.0031
4908, 52.0031
4909, 52.0036
4910, 52.0036
4911, 52.0036
4912, 52.0041
4913, 52.0041
4914, 52.0045
4915, 52.0045
4916, 52.005
4917, 52.0055
4918, 52.006
4919, 52.006
4920, 52.006
4921, 52.006
4922, 52.006
4923, 52.0064
4924, 52.0069
4925, 52.0069
4926, 52.0069
4927, 52.0069
4928, 52.0069
4929, 52.0069
4930, 52.0079
4931, 52.0079
4932, 52.0079
4933, 52.0083
4934, 52.0083
4935, 52.0088
4936, 52.0088
4937, 52.0093
4938, 52.0093
4939, 52.0098
4940, 52.0098
4941, 52.0098
4942, 52.0098
4943, 52.0098
4944, 52.0102
4945, 52.0107
4946, 52.0107
4947, 52.0112
4948, 52.0112
4949, 52.0117
4950, 52.0122
4951, 52.0122
4952, 52.0122
4953, 52.0126
4954, 52.0126
4955, 52.0126
4956, 52.0126
4957, 52.0126
4958, 52.0126
4959, 52.0131
4960, 52.0136
4961, 52.0136
4962, 52.0136
4963, 52.0136
4964, 52.0141
4965, 52.0145
4966, 52.015
4967, 52.015
4968, 52.015
4969, 52.0155
4970, 52.0155
4971, 52.0155
4972, 52.0155
4973, 52.0155
4974, 52.0155
4975, 52.016
4976, 52.016
4977, 52.0164
4978, 52.0164
4979, 52.0164
4980, 52.0174
4981, 52.0174
4982, 52.0179
4983, 52.0179
4984, 52.0179
4985, 52.0183
4986, 52.0188
4987, 52.0188
4988, 52.0188
4989, 52.0188
4990, 52.0188
4991, 52.0193
4992, 52.0193
4993, 52.0198
4994, 52.0198
4995, 52.0198
4996, 52.0198
4997, 52.0198
4998, 52.0202
4999, 52.0207
5000, 52.0207
5001, 52.0207
5002, 52.0212
5003, 52.0217
5004, 52.0217
5005, 52.0217
5006, 52.0222
5007, 52.0226
5008, 52.0226
5009, 52.0231
5010, 52.0231
5011, 52.0236
5012, 52.0236
5013, 52.0241
5014, 52.0241
5015, 52.0241
5016, 52.0241
5017, 52.0241
5018, 52.0245
5019, 52.0245
5020, 52.0245
5021, 52.025
5022, 52.025
5023, 52.025
5024, 52.025
5025, 52.0255
5026, 52.0255
5027, 52.026
5028, 52.026
5029, 52.026
5030, 52.026
5031, 52.0264
5032, 52.0269
5033, 52.0274
5034, 52.0274
5035, 52.0279
5036, 52.0279
5037, 52.0279
5038, 52.0279
5039, 52.0283
5040, 52.0283
5041, 52.0283
5042, 52.0283
5043, 52.0288
5044, 52.0288
5045, 52.0298
5046, 52.0298
5047, 52.0302
5048, 52.0307
5049, 52.0307
5050, 52.0312
5051, 52.0312
5052, 52.0317
5053, 52.0322
5054, 52.0326
5055, 52.0326
5056, 52.0331
5057, 52.0331
5058, 52.0341
5059, 52.0341
5060, 52.0345
5061, 52.0345
5062, 52.035
5063, 52.0355
5064, 52.0355
5065, 52.0355
5066, 52.0355
5067, 52.036
5068, 52.0364
5069, 52.0364
5070, 52.0369
5071, 52.0369
5072, 52.0374
5073, 52.0374
5074, 52.0374
5075, 52.0379
5076, 52.0383
5077, 52.0388
5078, 52.0388
5079, 52.0388
5080, 52.0388
5081, 52.0393
5082, 52.0393
5083, 52.0393
5084, 52.0393
5085, 52.0393
5086, 52.0393
5087, 52.0393
5088, 52.0402
5089, 52.0402
5090, 52.0402
5091, 52.0407
5092, 52.0407
5093, 52.0412
5094, 52.0417
5095, 52.0417
5096, 52.0417
5097, 52.0417
5098, 52.0422
5099, 52.0426
5100, 52.0426
5101, 52.0426
5102, 52.0426
5103, 52.0431
5104, 52.0431
5105, 52.0431
5106, 52.0436
5107, 52.0436
5108, 52.0441
5109, 52.0441
5110, 52.0441
5111, 52.0441
5112, 52.0445
5113, 52.0445
5114, 52.0445
5115, 52.045
5116, 52.045
5117, 52.0455
5118, 52.046
5119, 52.046
5120, 52.046
5121, 52.0469
5122, 52.0469
5123, 52.0469
5124, 52.0469
5125, 52.0479
5126, 52.0479
5127, 52.0483
5128, 52.0488
5129, 52.0488
5130, 52.0493
5131, 52.0498
5132, 52.0502
5133, 52.0502
5134, 52.0502
5135, 52.0507
5136, 52.0507
5137, 52.0512
5138, 52.0512
5139, 52.0512
5140, 52.0517
5141, 52.0517
5142, 52.0522
5143, 52.0526
5144, 52.0526
5145, 52.0526
5146, 52.0531
5147, 52.0536
5148, 52.0536
5149, 52.0536
5150, 52.0541
5151, 52.0541
5152, 52.0545
5153, 52.055
5154, 52.055
5155, 52.0555
5156, 52.0555
5157, 52.056
5158, 52.056
5159, 52.0564
5160, 52.0569
5161, 52.0569
5162, 52.0574
5163, 52.0574
5164, 52.0574
5165, 52.0574
5166, 52.0579
5167, 52.0579
5168, 52.0579
5169, 52.0579
5170, 52.0583
5171, 52.0583
5172, 52.0583
5173, 52.0588
5174, 52.0588
5175, 52.0593
5176, 52.0593
5177, 52.0593
5178, 52.0598
5179, 52.0598
5180, 52.0602
5181, 52.0602
5182, 52.0602
5183, 52.0607
5184, 52.0607
5185, 52.0612
5186, 52.0612
5187, 52.0612
5188, 52.0612
5189, 52.0617
5190, 52.0617
5191, 52.0617
5192, 52.0617
5193, 52.0617
5194, 52.0622
5195, 52.0622
5196, 52.0622
5197, 52.0622
5198, 52.0622
5199, 52.0626
5200, 52.0631
5201, 52.0631
5202, 52.0631
5203, 52.0631
5204, 52.0631
5205, 52.0636
5206, 52.0636
5207, 52.0636
5208, 52.0636
5209, 52.0636
5210, 52.0641
5211, 52.0645
5212, 52.0645
5213, 52.0645
5214, 52.065
5215, 52.065
5216, 52.065
5217, 52.065
5218, 52.0655
5219, 52.0655
5220, 52.0655
5221, 52.0664
5222, 52.0664
5223, 52.0669
5224, 52.0669
5225, 52.0669
5226, 52.0669
5227, 52.0669
5228, 52.0674
5229, 52.0674
5230, 52.0674
5231, 52.0679
5232, 52.0679
5233, 52.0679
5234, 52.0679
5235, 52.0693
5236, 52.0698
5237, 52.0698
5238, 52.0702
5239, 52.0712
5240, 52.0712
5241, 52.0712
5242, 52.0717
5243, 52.0726
5244, 52.0726
5245, 52.0726
5246, 52.0726
5247, 52.0726
5248, 52.0731
5249, 52.0736
5250, 52.0736
5251, 52.0736
5252, 52.0736
5253, 52.0741
5254, 52.0741
5255, 52.0741
5256, 52.0745
5257, 52.0745
5258, 52.075
5259, 52.0755
5260, 52.076
5261, 52.0769
5262, 52.0769
5263, 52.0769
5264, 52.0774
5265, 52.0774
5266, 52.0774
5267, 52.0779
5268, 52.0783
5269, 52.0783
5270, 52.0783
5271, 52.0788
5272, 52.0793
5273, 52.0793
5274, 52.0802
5275, 52.0807
5276, 52.0812
5277, 52.0812
5278, 52.0817
5279, 52.0817
5280, 52.0817
5281, 52.0826
5282, 52.0826
5283, 52.0826
5284, 52.0826
5285, 52.0831
5286, 52.0831
5287, 52.0836
5288, 52.0836
5289, 52.0836
5290, 52.0836
5291, 52.0841
5292, 52.0841
5293, 52.0841
5294, 52.085
5295, 52.085
5296, 52.085
5297, 52.085
5298, 52.0855
5299, 52.0855
5300, 52.0855
5301, 52.086
5302, 52.086
5303, 52.0869
5304, 52.0874
5305, 52.0879
5306, 52.0879
5307, 52.0879
5308, 52.0883
5309, 52.0883
5310, 52.0883
5311, 52.0883
5312, 52.0888
5313, 52.0888
5314, 52.0888
5315, 52.0893
5316, 52.0898
5317, 52.0902
5318, 52.0907
5319, 52.0907
5320, 52.0907
5321, 52.0907
5322, 52.0912
5323, 52.0912
5324, 52.0922
5325, 52.0922
5326, 52.0922
5327, 52.0931
5328, 52.0931
5329, 52.0936
5330, 52.0936
5331, 52.0936
5332, 52.0936
5333, 52.0941
5334, 52.0941
5335, 52.0945
5336, 52.0945
5337, 52.0945
5338, 52.095
5339, 52.095
5340, 52.0955
5341, 52.0955
5342, 52.0955
5343, 52.096
5344, 52.096
5345, 52.096
5346, 52.096
5347, 52.0964
5348, 52.0964
5349, 52.0964
5350, 52.0969
5351, 52.0974
5352, 52.0983
5353, 52.0988
5354, 52.0988
5355, 52.0993
5356, 52.0993
5357, 52.0993
5358, 52.0993
5359, 52.0998
5360, 52.0998
5361, 52.1007
5362, 52.1012
5363, 52.1012
5364, 52.1012
5365, 52.1012
5366, 52.1012
5367, 52.1017
5368, 52.1017
5369, 52.1022
5370, 52.1022
5371, 52.1026
5372, 52.1026
5373, 52.1036
5374, 52.1036
5375, 52.1036
5376, 52.1041
5377, 52.1041
5378, 52.1041
5379, 52.1045
5380, 52.1045
5381, 52.1045
5382, 52.1045
5383, 52.1045
5384, 52.105
5385, 52.105
5386, 52.105
5387, 52.1055
5388, 52.106
5389, 52.106
5390, 52.1069
5391, 52.1074
5392, 52.1074
5393, 52.1074
5394, 52.1074
5395, 52.1074
5396, 52.1074
5397, 52.1079
5398, 52.1079
5399, 52.1079
5400, 52.1079
5401, 52.1079
5402, 52.1079
5403, 52.1079
5404, 52.1083
5405, 52.1083
5406, 52.1088
5407, 52.1088
5408, 52.1093
5409, 52.1093
5410, 52.1093
5411, 52.1093
5412, 52.1102
5413, 52.1107
5414, 52.1107
5415, 52.1107
5416, 52.1112
5417, 52.1112
5418, 52.1112
5419, 52.1112
5420, 52.1117
5421, 52.1117
5422, 52.1117
5423, 52.1117
5424, 52.1117
5425, 52.1122
5426, 52.1126
5427, 52.1126
5428, 52.1126
5429, 52.1126
5430, 52.1131
5431, 52.1131
5432, 52.1131
5433, 52.1131
5434, 52.1136
5435, 52.1136
5436, 52.1141
5437, 52.1141
5438, 52.1145
5439, 52.115
5440, 52.115
5441, 52.1155
5442, 52.1155
5443, 52.1155
5444, 52.1155
5445, 52.1164
5446, 52.1164
5447, 52.1169
5448, 52.1169
5449, 52.1169
5450, 52.1174
5451, 52.1174
5452, 52.1174
5453, 52.1174
5454, 52.1174
5455, 52.1179
5456, 52.1179
5457, 52.1183
5458, 52.1188
5459, 52.1193
5460, 52.1202
5461, 52.1202
5462, 52.1207
5463, 52.1212
5464, 52.1212
5465, 52.1217
5466, 52.1217
5467, 52.1222
5468, 52.1222
5469, 52.1226
5470, 52.1226
5471, 52.1226
5472, 52.1236
5473, 52.1241
5474, 52.1245
5475, 52.1245
5476, 52.1245
5477, 52.125
5478, 52.1255
5479, 52.126
5480, 52.126
5481, 52.1264
5482, 52.1264
5483, 52.1269
5484, 52.1269
5485, 52.1269
5486, 52.1269
5487, 52.1274
5488, 52.1274
5489, 52.1279
5490, 52.1279
5491, 52.1279
5492, 52.1279
5493, 52.1279
5494, 52.1283
5495, 52.1283
5496, 52.1288
5497, 52.1288
5498, 52.1288
5499, 52.1288
5500, 52.1293
5501, 52.1293
5502, 52.1293
5503, 52.1293
5504, 52.1298
5505, 52.1302
5506, 52.1302
5507, 52.1302
5508, 52.1307
5509, 52.1307
5510, 52.1307
5511, 52.1307
5512, 52.1312
5513, 52.1312
5514, 52.1312
5515, 52.1322
5516, 52.1326
5517, 52.1326
5518, 52.1326
5519, 52.1336
5520, 52.1336
5521, 52.1341
5522, 52.1341
5523, 52.1341
5524, 52.1345
5525, 52.135
5526, 52.1355
5527, 52.1355
5528, 52.1355
5529, 52.1355
5530, 52.136
5531, 52.136
5532, 52.136
5533, 52.136
5534, 52.136
5535, 52.1364
5536, 52.1364
5537, 52.1369
5538, 52.1369
5539, 52.1369
5540, 52.1374
5541, 52.1374
5542, 52.1374
5543, 52.1383
5544, 52.1383
5545, 52.1383
5546, 52.1388
5547, 52.1388
5548, 52.1393
5549, 52.1393
5550, 52.1393
5551, 52.1398
5552, 52.1398
5553, 52.1402
5554, 52.1402
5555, 52.1402
5556, 52.1407
5557, 52.1412
5558, 52.1417
5559, 52.1417
5560, 52.1417
5561, 52.1417
5562, 52.1417
5563, 52.1421
5564, 52.1426
5565, 52.1426
5566, 52.1436
5567, 52.1436
5568, 52.1436
5569, 52.1436
5570, 52.1445
5571, 52.1445
5572, 52.145
5573, 52.1455
5574, 52.146
5575, 52.1464
5576, 52.1464
5577, 52.1474
5578, 52.1474
5579, 52.1474
5580, 52.1483
5581, 52.1483
5582, 52.1483
5583, 52.1488
5584, 52.1493
5585, 52.1493
5586, 52.1493
5587, 52.1498
5588, 52.1507
5589, 52.1512
5590, 52.1512
5591, 52.1517
5592, 52.1517
5593, 52.1521
5594, 52.1521
5595, 52.1526
5596, 52.1526
5597, 52.1526
5598, 52.1531
5599, 52.1531
5600, 52.1536
5601, 52.1545
5602, 52.155
5603, 52.155
5604, 52.1555
5605, 52.156
5606, 52.156
5607, 52.1564
5608, 52.1564
5609, 52.1569
5610, 52.1569
5611, 52.1574
5612, 52.1574
5613, 52.1574
5614, 52.1579
5615, 52.1583
5616, 52.1583
5617, 52.1588
5618, 52.1588
5619, 52.1588
5620, 52.1588
5621, 52.1588
5622, 52.1593
5623, 52.1598
5624, 52.1598
5625, 52.1598
5626, 52.1598
5627, 52.1602
5628, 52.1602
5629, 52.1602
5630, 52.1612
5631, 52.1617
5632, 52.1617
5633, 52.1621
5634, 52.1621
5635, 52.1626
5636, 52.1626
5637, 52.1631
5638, 52.1631
5639, 52.1631
5640, 52.1631
5641, 52.1636
5642, 52.1636
5643, 52.1636
5644, 52.1641
5645, 52.1641
5646, 52.1641
5647, 52.1645
5648, 52.1645
5649, 52.165
5650, 52.1655
5651, 52.1655
5652, 52.166
5653, 52.166
5654, 52.166
5655, 52.1664
5656, 52.1664
5657, 52.1669
5658, 52.1669
5659, 52.1669
5660, 52.1674
5661, 52.1679
5662, 52.1683
5663, 52.1683
5664, 52.1688
5665, 52.1688
5666, 52.1688
5667, 52.1688
5668, 52.1693
5669, 52.1698
5670, 52.1698
5671, 52.1698
5672, 52.1702
5673, 52.1702
5674, 52.1702
5675, 52.1707
5676, 52.1707
5677, 52.1712
5678, 52.1712
5679, 52.1712
5680, 52.1717
5681, 52.1721
5682, 52.1721
5683, 52.1726
5684, 52.1726
5685, 52.1726
5686, 52.1726
5687, 52.1726
5688, 52.1736
5689, 52.1736
5690, 52.1736
5691, 52.1736
5692, 52.1741
5693, 52.1745
5694, 52.1745
5695, 52.175
5696, 52.1755
5697, 52.1755
5698, 52.1755
5699, 52.1755
5700, 52.1755
5701, 52.1755
5702, 52.1764
5703, 52.1764
5704, 52.1769
5705, 52.1769
5706, 52.1769
5707, 52.1774
5708, 52.1774
5709, 52.1779
5710, 52.1779
5711, 52.1779
5712, 52.1779
5713, 52.1779
5714, 52.1783
5715, 52.1788
5716, 52.1788
5717, 52.1788
5718, 52.1793
5719, 52.1798
5720, 52.1798
5721, 52.1798
5722, 52.1802
5723, 52.1802
5724, 52.1812
5725, 52.1812
5726, 52.1812
5727, 52.1817
5728, 52.1821
5729, 52.1821
5730, 52.1826
5731, 52.1826
5732, 52.1831
5733, 52.1831
5734, 52.1836
5735, 52.1836
5736, 52.1836
5737, 52.1836
5738, 52.1841
5739, 52.185
5740, 52.185
5741, 52.1855
5742, 52.1855
5743, 52.1855
5744, 52.1855
5745, 52.186
5746, 52.186
5747, 52.186
5748, 52.1864
5749, 52.1864
5750, 52.1864
5751, 52.1869
5752, 52.1869
5753, 52.1869
5754, 52.1874
5755, 52.1874
5756, 52.1874
5757, 52.1874
5758, 52.1874
5759, 52.1879
5760, 52.1879
5761, 52.1879
5762, 52.1879
5763, 52.1879
5764, 52.1883
5765, 52.1883
5766, 52.1888
5767, 52.1888
5768, 52.1888
5769, 52.1888
5770, 52.1888
5771, 52.1898
5772, 52.1902
5773, 52.1902
5774, 52.1902
5775, 52.1907
5776, 52.1907
5777, 52.1907
5778, 52.1912
5779, 52.1912
5780, 52.1917
5781, 52.1917
5782, 52.1921
5783, 52.1921
5784, 52.1926
5785, 52.1931
5786, 52.1936
5787, 52.1936
5788, 52.1941
5789, 52.1941
5790, 52.1941
5791, 52.1941
5792, 52.195
5793, 52.195
5794, 52.195
5795, 52.1955
5796, 52.1955
5797, 52.1955
5798, 52.196
5799, 52.196
5800, 52.196
5801, 52.196
5802, 52.196
5803, 52.196
5804, 52.1964
5805, 52.1964
5806, 52.1964
5807, 52.1969
5808, 52.1974
5809, 52.1974
5810, 52.1979
5811, 52.1979
5812, 52.1988
5813, 52.1993
5814, 52.2002
5815, 52.2002
5816, 52.2002
5817, 52.2007
5818, 52.2007
5819, 52.2012
5820, 52.2012
5821, 52.2012
5822, 52.2017
5823, 52.2017
5824, 52.2021
5825, 52.2021
5826, 52.2021
5827, 52.2026
5828, 52.2026
5829, 52.2031
5830, 52.2031
5831, 52.2031
5832, 52.2041
5833, 52.2041
5834, 52.2041
5835, 52.2045
5836, 52.2045
5837, 52.2045
5838, 52.2045
5839, 52.2045
5840, 52.2045
5841, 52.2045
5842, 52.205
5843, 52.205
5844, 52.2055
5845, 52.2055
5846, 52.2064
5847, 52.2064
5848, 52.2069
5849, 52.2074
5850, 52.2074
5851, 52.2074
5852, 52.2074
5853, 52.2074
5854, 52.2074
5855, 52.2079
5856, 52.2079
5857, 52.2083
5858, 52.2093
5859, 52.2093
5860, 52.2093
5861, 52.2102
5862, 52.2102
5863, 52.2107
5864, 52.2107
5865, 52.2112
5866, 52.2112
5867, 52.2112
5868, 52.2117
5869, 52.2117
5870, 52.2121
5871, 52.2121
5872, 52.2121
5873, 52.2126
5874, 52.2126
5875, 52.2126
5876, 52.2126
5877, 52.2126
5878, 52.2131
5879, 52.2136
5880, 52.2136
5881, 52.2136
5882, 52.2141
5883, 52.2141
5884, 52.2145
5885, 52.2145
5886, 52.215
5887, 52.215
5888, 52.216
5889, 52.216
5890, 52.2164
5891, 52.2164
5892, 52.2169
5893, 52.2169
5894, 52.2174
5895, 52.2174
5896, 52.2179
5897, 52.2183
5898, 52.2183
5899, 52.2188
5900, 52.2188
5901, 52.2188
5902, 52.2188
5903, 52.2188
5904, 52.2188
5905, 52.2193
5906, 52.2193
5907, 52.2193
5908, 52.2193
5909, 52.2193
5910, 52.2193
5911, 52.2193
5912, 52.2198
5913, 52.2198
5914, 52.2198
5915, 52.2202
5916, 52.2207
5917, 52.2207
5918, 52.2207
5919, 52.2207
5920, 52.2212
5921, 52.2212
5922, 52.2212
5923, 52.2212
5924, 52.2217
5925, 52.2217
5926, 52.2217
5927, 52.2217
5928, 52.2217
5929, 52.2217
5930, 52.2217
5931, 52.2217
5932, 52.2217
5933, 52.2217
5934, 52.2221
5935, 52.2221
5936, 52.2226
5937, 52.2231
5938, 52.2231
5939, 52.2236
5940, 52.2241
5941, 52.2245
5942, 52.2245
5943, 52.2245
5944, 52.2245
5945, 52.2245
5946, 52.2245
5947, 52.2245
5948, 52.2245
5949, 52.225
5950, 52.225
5951, 52.225
5952, 52.2255
5953, 52.226
5954, 52.226
5955, 52.226
5956, 52.2269
5957, 52.2274
5958, 52.2279
5959, 52.2279
5960, 52.2279
5961, 52.2279
5962, 52.2283
5963, 52.2283
5964, 52.2283
5965, 52.2288
5966, 52.2293
5967, 52.2293
5968, 52.2293
5969, 52.2298
5970, 52.2307
5971, 52.2307
5972, 52.2312
5973, 52.2312
5974, 52.2321
5975, 52.2321
5976, 52.2326
5977, 52.2336
5978, 52.2336
5979, 52.2336
5980, 52.2341
5981, 52.2345
5982, 52.235
5983, 52.235
5984, 52.2355
5985, 52.2355
5986, 52.236
5987, 52.236
5988, 52.2364
5989, 52.2364
5990, 52.2369
5991, 52.2374
5992, 52.2374
5993, 52.2374
5994, 52.2374
5995, 52.2379
5996, 52.2379
5997, 52.2379
5998, 52.2379
5999, 52.2379
6000, 52.2383
6001, 52.2383
6002, 52.2383
6003, 52.2388
6004, 52.2388
6005, 52.2388
6006, 52.2393
6007, 52.2393
6008, 52.2393
6009, 52.2393
6010, 52.2393
6011, 52.2398
6012, 52.2398
6013, 52.2402
6014, 52.2402
6015, 52.2402
6016, 52.2402
6017, 52.2407
6018, 52.2407
6019, 52.2407
6020, 52.2407
6021, 52.2417
6022, 52.2417
6023, 52.2421
6024, 52.2421
6025, 52.2421
6026, 52.2421
6027, 52.2421
6028, 52.2426
6029, 52.2426
6030, 52.2431
6031, 52.2431
6032, 52.2431
6033, 52.2431
6034, 52.2436
6035, 52.2441
6036, 52.2441
6037, 52.2441
6038, 52.2445
6039, 52.245
6040, 52.245
6041, 52.2455
6042, 52.2455
6043, 52.246
6044, 52.246
6045, 52.2464
6046, 52.2469
6047, 52.2469
6048, 52.2474
6049, 52.2474
6050, 52.2479
6051, 52.2479
6052, 52.2483
6053, 52.2483
6054, 52.2483
6055, 52.2483
6056, 52.2488
6057, 52.2498
6058, 52.2498
6059, 52.2498
6060, 52.2498
6061, 52.2502
6062, 52.2507
6063, 52.2517
6064, 52.2521
6065, 52.2531
6066, 52.2531
6067, 52.2536
6068, 52.2536
6069, 52.2541
6070, 52.2541
6071, 52.2545
6072, 52.255
6073, 52.255
6074, 52.255
6075, 52.255
6076, 52.255
6077, 52.2555
6078, 52.256
6079, 52.256
6080, 52.256
6081, 52.2564
6082, 52.2569
6083, 52.2569
6084, 52.2569
6085, 52.2574
6086, 52.2574
6087, 52.2574
6088, 52.2579
6089, 52.2579
6090, 52.2583
6091, 52.2588
6092, 52.2588
6093, 52.2593
6094, 52.2598
6095, 52.2598
6096, 52.2602
6097, 52.2602
6098, 52.2602
6099, 52.2607
6100, 52.2607
6101, 52.2617
6102, 52.2621
6103, 52.2626
6104, 52.2626
6105, 52.2626
6106, 52.2626
6107, 52.2626
6108, 52.2631
6109, 52.2631
6110, 52.2631
6111, 52.2636
6112, 52.2636
6113, 52.2636
6114, 52.2641
6115, 52.2641
6116, 52.265
6117, 52.2655
6118, 52.2655
6119, 52.2655
6120, 52.2655
6121, 52.2655
6122, 52.2655
6123, 52.2655
6124, 52.266
6125, 52.266
6126, 52.2664
6127, 52.2664
6128, 52.2669
6129, 52.2669
6130, 52.2674
6131, 52.2674
6132, 52.2679
6133, 52.2679
6134, 52.2679
6135, 52.2688
6136, 52.2688
6137, 52.2693
6138, 52.2693
6139, 52.2698
6140, 52.2698
6141, 52.2698
6142, 52.2702
6143, 52.2707
6144, 52.2707
6145, 52.2712
6146, 52.2712
6147, 52.2712
6148, 52.2717
6149, 52.2721
6150, 52.2721
6151, 52.2726
6152, 52.2726
6153, 52.2726
6154, 52.2726
6155, 52.2731
6156, 52.2736
6157, 52.2736
6158, 52.2736
6159, 52.2741
6160, 52.2741
6161, 52.2741
6162, 52.2741
6163, 52.2741
6164, 52.2745
6165, 52.2745
6166, 52.275
6167, 52.2755
6168, 52.276
6169, 52.276
6170, 52.2764
6171, 52.2764
6172, 52.2774
6173, 52.2774
6174, 52.2774
6175, 52.2774
6176, 52.2779
6177, 52.2783
6178, 52.2783
6179, 52.2783
6180, 52.2788
6181, 52.2793
6182, 52.2798
6183, 52.2798
6184, 52.2798
6185, 52.2802
6186, 52.2802
6187, 52.2802
6188, 52.2807
6189, 52.2812
6190, 52.2821
6191, 52.2826
6192, 52.2831
6193, 52.2831
6194, 52.2831
6195, 52.2836
6196, 52.2836
6197, 52.2841
6198, 52.2841
6199, 52.2845
6200, 52.2845
6201, 52.2845
6202, 52.285
6203, 52.2855
6204, 52.2855
6205, 52.2855
6206, 52.286
6207, 52.2864
6208, 52.2864
6209, 52.2864
6210, 52.2869
6211, 52.2874
6212, 52.2874
6213, 52.2879
6214, 52.2879
6215, 52.2879
6216, 52.2879
6217, 52.2883
6218, 52.2883
6219, 52.2883
6220, 52.2893
6221, 52.2898
6222, 52.2898
6223, 52.2898
6224, 52.2902
6225, 52.2902
6226, 52.2912
6227, 52.2912
6228, 52.2912
6229, 52.2921
6230, 52.2926
6231, 52.2926
6232, 52.2926
6233, 52.2931
6234, 52.2931
6235, 52.2936
6236, 52.2936
6237, 52.294
6238, 52.294
6239, 52.2945
6240, 52.2945
6241, 52.295
6242, 52.2955
6243, 52.2955
6244, 52.2955
6245, 52.2955
6246, 52.296
6247, 52.296
6248, 52.296
6249, 52.2964
6250, 52.2964
6251, 52.2964
6252, 52.2964
6253, 52.2969
6254, 52.2969
6255, 52.2974
6256, 52.2974
6257, 52.2993
6258, 52.2993
6259, 52.2998
6260, 52.2998
6261, 52.2998
6262, 52.2998
6263, 52.3007
6264, 52.3007
6265, 52.3007
6266, 52.3017
6267, 52.3021
6268, 52.3021
6269, 52.3021
6270, 52.3026
6271, 52.3031
6272, 52.3031
6273, 52.3031
6274, 52.3031
6275, 52.3036
6276, 52.3036
6277, 52.304
6278, 52.304
6279, 52.304
6280, 52.305
6281, 52.305
6282, 52.305
6283, 52.305
6284, 52.305
6285, 52.305
6286, 52.3055
6287, 52.3055
6288, 52.306
6289, 52.306
6290, 52.3064
6291, 52.3064
6292, 52.3064
6293, 52.3069
6294, 52.3069
6295, 52.3069
6296, 52.3074
6297, 52.3074
6298, 52.3083
6299, 52.3088
6300, 52.3088
6301, 52.3088
6302, 52.3093
6303, 52.3093
6304, 52.3093
6305, 52.3093
6306, 52.3098
6307, 52.3102
6308, 52.3102
6309, 52.3102
6310, 52.3107
6311, 52.3112
6312, 52.3112
6313, 52.3112
6314, 52.3117
6315, 52.3117
6316, 52.3121
6317, 52.3126
6318, 52.3131
6319, 52.3145
6320, 52.315
6321, 52.315
6322, 52.315
6323, 52.3155
6324, 52.3155
6325, 52.316
6326, 52.316
6327, 52.316
6328, 52.316
6329, 52.3164
6330, 52.3164
6331, 52.3169
6332, 52.3169
6333, 52.3169
6334, 52.3169
6335, 52.3169
6336, 52.3174
6337, 52.3183
6338, 52.3183
6339, 52.3193
6340, 52.3193
6341, 52.3198
6342, 52.3198
6343, 52.3198
6344, 52.3198
6345, 52.3202
6346, 52.3202
6347, 52.3202
6348, 52.3207
6349, 52.3207
6350, 52.3217
6351, 52.3217
6352, 52.3217
6353, 52.3217
6354, 52.3221
6355, 52.3221
6356, 52.3226
6357, 52.3226
6358, 52.3226
6359, 52.3231
6360, 52.3231
6361, 52.3236
6362, 52.324
6363, 52.324
6364, 52.3245
6365, 52.3245
6366, 52.3245
6367, 52.325
6368, 52.325
6369, 52.3255
6370, 52.326
6371, 52.326
6372, 52.326
6373, 52.326
6374, 52.3264
6375, 52.3269
6376, 52.3274
6377, 52.3274
6378, 52.3274
6379, 52.3274
6380, 52.3279
6381, 52.3279
6382, 52.3279
6383, 52.3279
6384, 52.3283
6385, 52.3283
6386, 52.3288
6387, 52.3293
6388, 52.3293
6389, 52.3293
6390, 52.3302
6391, 52.3302
6392, 52.3302
6393, 52.3307
6394, 52.3307
6395, 52.3312
6396, 52.3312
6397, 52.3317
6398, 52.3321
6399, 52.3321
6400, 52.3321
6401, 52.3321
6402, 52.3326
6403, 52.3331
6404, 52.3336
6405, 52.3336
6406, 52.334
6407, 52.334
6408, 52.334
6409, 52.3345
6410, 52.3355
6411, 52.3355
6412, 52.3355
6413, 52.336
6414, 52.336
6415, 52.336
6416, 52.3369
6417, 52.3374
6418, 52.3379
6419, 52.3383
6420, 52.3383
6421, 52.3383
6422, 52.3388
6423, 52.3393
6424, 52.3393
6425, 52.3393
6426, 52.3398
6427, 52.3398
6428, 52.3398
6429, 52.3398
6430, 52.3402
6431, 52.3407
6432, 52.3412
6433, 52.3412
6434, 52.3412
6435, 52.3412
6436, 52.3421
6437, 52.3426
6438, 52.3431
6439, 52.3436
6440, 52.3436
6441, 52.3436
6442, 52.344
6443, 52.344
6444, 52.344
6445, 52.3445
6446, 52.3445
6447, 52.3445
6448, 52.3445
6449, 52.3445
6450, 52.345
6451, 52.345
6452, 52.3455
6453, 52.3464
6454, 52.3464
6455, 52.3464
6456, 52.3469
6457, 52.3474
6458, 52.3479
6459, 52.3488
6460, 52.3493
6461, 52.3493
6462, 52.3498
6463, 52.3498
6464, 52.3498
6465, 52.3498
6466, 52.3502
6467, 52.3507
6468, 52.3507
6469, 52.3507
6470, 52.3507
6471, 52.3507
6472, 52.3517
6473, 52.3521
6474, 52.3526
6475, 52.3526
6476, 52.3531
6477, 52.3536
6478, 52.3536
6479, 52.354
6480, 52.354
6481, 52.3545
6482, 52.3545
6483, 52.3545
6484, 52.355
6485, 52.355
6486, 52.3555
6487, 52.3564
6488, 52.3564
6489, 52.3569
6490, 52.3574
6491, 52.3574
6492, 52.3574
6493, 52.3574
6494, 52.3574
6495, 52.3574
6496, 52.3579
6497, 52.3579
6498, 52.3579
6499, 52.3583
6500, 52.3588
6501, 52.3602
6502, 52.3602
6503, 52.3607
6504, 52.3612
6505, 52.3617
6506, 52.3617
6507, 52.3621
6508, 52.3621
6509, 52.3621
6510, 52.3626
6511, 52.3626
6512, 52.3626
6513, 52.3626
6514, 52.3631
6515, 52.3631
6516, 52.3636
6517, 52.3636
6518, 52.364
6519, 52.3645
6520, 52.365
6521, 52.3655
6522, 52.3664
6523, 52.3664
6524, 52.3664
6525, 52.3669
6526, 52.3669
6527, 52.3674
6528, 52.3674
6529, 52.3679
6530, 52.3683
6531, 52.3683
6532, 52.3688
6533, 52.3693
6534, 52.3698
6535, 52.3698
6536, 52.3698
6537, 52.3702
6538, 52.3702
6539, 52.3707
6540, 52.3707
6541, 52.3712
6542, 52.3712
6543, 52.3712
6544, 52.3717
6545, 52.3717
6546, 52.3717
6547, 52.3721
6548, 52.3726
6549, 52.3726
6550, 52.3726
6551, 52.3736
6552, 52.374
6553, 52.3745
6554, 52.375
6555, 52.3755
6556, 52.3755
6557, 52.376
6558, 52.3764
6559, 52.3764
6560, 52.3764
6561, 52.3764
6562, 52.3764
6563, 52.3764
6564, 52.3774
6565, 52.3779
6566, 52.3783
6567, 52.3788
6568, 52.3788
6569, 52.3793
6570, 52.3793
6571, 52.3793
6572, 52.3798
6573, 52.3802
6574, 52.3807
6575, 52.3812
6576, 52.3817
6577, 52.3821
6578, 52.3831
6579, 52.3831
6580, 52.3831
6581, 52.3836
6582, 52.3836
6583, 52.3836
6584, 52.384
6585, 52.384
6586, 52.3845
6587, 52.3845
6588, 52.3845
6589, 52.385
6590, 52.3855
6591, 52.3855
6592, 52.386
6593, 52.386
6594, 52.386
6595, 52.386
6596, 52.3864
6597, 52.3864
6598, 52.3864
6599, 52.3864
6600, 52.3864
6601, 52.3869
6602, 52.3869
6603, 52.3874
6604, 52.3879
6605, 52.3879
6606, 52.3879
6607, 52.3883
6608, 52.3883
6609, 52.3893
6610, 52.3893
6611, 52.3898
6612, 52.3902
6613, 52.3902
6614, 52.3907
6615, 52.3907
6616, 52.3912
6617, 52.3917
6618, 52.3917
6619, 52.3917
6620, 52.3921
6621, 52.3926
6622, 52.3931
6623, 52.3936
6624, 52.3936
6625, 52.394
6626, 52.394
6627, 52.394
6628, 52.3945
6629, 52.3945
6630, 52.3945
6631, 52.3945
6632, 52.395
6633, 52.395
6634, 52.3955
6635, 52.3955
6636, 52.396
6637, 52.396
6638, 52.3969
6639, 52.3969
6640, 52.3969
6641, 52.3974
6642, 52.3974
6643, 52.3979
6644, 52.3983
6645, 52.3983
6646, 52.3983
6647, 52.3983
6648, 52.3983
6649, 52.3988
6650, 52.3988
6651, 52.4012
6652, 52.4017
6653, 52.4017
6654, 52.4017
6655, 52.4021
6656, 52.4021
6657, 52.4021
6658, 52.4021
6659, 52.4021
6660, 52.4031
6661, 52.4031
6662, 52.4036
6663, 52.4045
6664, 52.4045
6665, 52.405
6666, 52.405
6667, 52.405
6668, 52.4064
6669, 52.4064
6670, 52.4069
6671, 52.4074
6672, 52.4079
6673, 52.4079
6674, 52.4079
6675, 52.4083
6676, 52.4083
6677, 52.4083
6678, 52.4088
6679, 52.4088
6680, 52.4088
6681, 52.4088
6682, 52.4088
6683, 52.4088
6684, 52.4093
6685, 52.4093
6686, 52.4093
6687, 52.4098
6688, 52.4098
6689, 52.4098
6690, 52.4102
6691, 52.4107
6692, 52.4107
6693, 52.4112
6694, 52.4112
6695, 52.4117
6696, 52.4121
6697, 52.4126
6698, 52.4126
6699, 52.4126
6700, 52.4131
6701, 52.4131
6702, 52.4131
6703, 52.4136
6704, 52.4136
6705, 52.4136
6706, 52.414
6707, 52.414
6708, 52.414
6709, 52.4145
6710, 52.4145
6711, 52.4145
6712, 52.4145
6713, 52.415
6714, 52.415
6715, 52.416
6716, 52.416
6717, 52.416
6718, 52.4164
6719, 52.4164
6720, 52.4164
6721, 52.4164
6722, 52.4169
6723, 52.4169
6724, 52.4169
6725, 52.4169
6726, 52.4174
6727, 52.4179
6728, 52.4183
6729, 52.4183
6730, 52.4183
6731, 52.4183
6732, 52.4188
6733, 52.4188
6734, 52.4188
6735, 52.4193
6736, 52.4198
6737, 52.4198
6738, 52.4202
6739, 52.4202
6740, 52.4202
6741, 52.4207
6742, 52.4217
6743, 52.4217
6744, 52.4221
6745, 52.4221
6746, 52.4221
6747, 52.4226
6748, 52.4231
6749, 52.424
6750, 52.4245
6751, 52.4245
6752, 52.4245
6753, 52.4245
6754, 52.426
6755, 52.426
6756, 52.426
6757, 52.4264
6758, 52.4264
6759, 52.4269
6760, 52.4269
6761, 52.4274
6762, 52.4274
6763, 52.4274
6764, 52.4274
6765, 52.4279
6766, 52.4283
6767, 52.4283
6768, 52.4283
6769, 52.4283
6770, 52.4288
6771, 52.4288
6772, 52.4293
6773, 52.4293
6774, 52.4298
6775, 52.4307
6776, 52.4312
6777, 52.4312
6778, 52.4312
6779, 52.4312
6780, 52.4312
6781, 52.4317
6782, 52.4326
6783, 52.4326
6784, 52.4326
6785, 52.4331
6786, 52.4331
6787, 52.4336
6788, 52.4336
6789, 52.434
6790, 52.434
6791, 52.434
6792, 52.434
6793, 52.434
6794, 52.4345
6795, 52.4345
6796, 52.4345
6797, 52.435
6798, 52.4355
6799, 52.4355
6800, 52.4355
6801, 52.4364
6802, 52.4364
6803, 52.4369
6804, 52.4374
6805, 52.4374
6806, 52.4374
6807, 52.4379
6808, 52.4379
6809, 52.4379
6810, 52.4383
6811, 52.4388
6812, 52.4388
6813, 52.4398
6814, 52.4398
6815, 52.4398
6816, 52.4402
6817, 52.4402
6818, 52.4402
6819, 52.4402
6820, 52.4407
6821, 52.4417
6822, 52.4421
6823, 52.4421
6824, 52.4421
6825, 52.4426
6826, 52.4426
6827, 52.4431
6828, 52.4431
6829, 52.4436
6830, 52.4436
6831, 52.4436
6832, 52.444
6833, 52.444
6834, 52.4445
6835, 52.4445
6836, 52.4445
6837, 52.4445
6838, 52.445
6839, 52.445
6840, 52.4455
6841, 52.4455
6842, 52.4455
6843, 52.4455
6844, 52.4455
6845, 52.4455
6846, 52.4459
6847, 52.4459
6848, 52.4464
6849, 52.4464
6850, 52.4464
6851, 52.4469
6852, 52.4479
6853, 52.4483
6854, 52.4488
6855, 52.4493
6856, 52.4493
6857, 52.4493
6858, 52.4493
6859, 52.4498
6860, 52.4498
6861, 52.4502
6862, 52.4507
6863, 52.4507
6864, 52.4507
6865, 52.4507
6866, 52.4512
6867, 52.4517
6868, 52.4521
6869, 52.4526
6870, 52.4526
6871, 52.4526
6872, 52.4526
6873, 52.4526
6874, 52.4531
6875, 52.4531
6876, 52.4531
6877, 52.4531
6878, 52.4536
6879, 52.454
6880, 52.4545
6881, 52.4555
6882, 52.4555
6883, 52.4559
6884, 52.4564
6885, 52.4564
6886, 52.4564
6887, 52.4564
6888, 52.4569
6889, 52.4569
6890, 52.4569
6891, 52.4574
6892, 52.4574
6893, 52.4574
6894, 52.4579
6895, 52.4579
6896, 52.4579
6897, 52.4583
6898, 52.4583
6899, 52.4583
6900, 52.4588
6901, 52.4593
6902, 52.4598
6903, 52.4602
6904, 52.4607
6905, 52.4607
6906, 52.4612
6907, 52.4617
6908, 52.4617
6909, 52.4621
6910, 52.4631
6911, 52.4631
6912, 52.4636
6913, 52.4636
6914, 52.4636
6915, 52.4645
6916, 52.4655
6917, 52.4655
6918, 52.4655
6919, 52.4659
6920, 52.4664
6921, 52.4664
6922, 52.4664
6923, 52.4669
6924, 52.4669
6925, 52.4669
6926, 52.4669
6927, 52.4669
6928, 52.4674
6929, 52.4674
6930, 52.4674
6931, 52.4679
6932, 52.4679
6933, 52.4683
6934, 52.4683
6935, 52.4688
6936, 52.4688
6937, 52.4688
6938, 52.4693
6939, 52.4698
6940, 52.4702
6941, 52.4702
6942, 52.4707
6943, 52.4707
6944, 52.4707
6945, 52.4717
6946, 52.4717
6947, 52.4717
6948, 52.4717
6949, 52.4721
6950, 52.4726
6951, 52.4736
6952, 52.4736
6953, 52.474
6954, 52.474
6955, 52.4745
6956, 52.475
6957, 52.4755
6958, 52.4755
6959, 52.4755
6960, 52.4755
6961, 52.4759
6962, 52.4759
6963, 52.4759
6964, 52.4764
6965, 52.4769
6966, 52.4774
6967, 52.4774
6968, 52.4774
6969, 52.4779
6970, 52.4779
6971, 52.4788
6972, 52.4788
6973, 52.4793
6974, 52.4793
6975, 52.4793
6976, 52.4798
6977, 52.4798
6978, 52.4798
6979, 52.4798
6980, 52.4798
6981, 52.4802
6982, 52.4802
6983, 52.4802
6984, 52.4802
6985, 52.4802
6986, 52.4807
6987, 52.4807
6988, 52.4807
6989, 52.4807
6990, 52.4807
6991, 52.4812
6992, 52.4812
6993, 52.4817
6994, 52.4817
6995, 52.4821
6996, 52.4821
6997, 52.4821
6998, 52.4826
6999, 52.4826
7000, 52.4826
7001, 52.4831
7002, 52.4836
7003, 52.4836
7004, 52.4836
7005, 52.484
7006, 52.484
7007, 52.484
7008, 52.4845
7009, 52.4845
7010, 52.485
7011, 52.4855
7012, 52.4855
7013, 52.4855
7014, 52.4859
7015, 52.4864
7016, 52.4864
7017, 52.4869
7018, 52.4869
7019, 52.4869
7020, 52.4869
7021, 52.4879
7022, 52.4883
7023, 52.4883
7024, 52.4888
7025, 52.4888
7026, 52.4893
7027, 52.4893
7028, 52.4893
7029, 52.4902
7030, 52.4907
7031, 52.4912
7032, 52.4912
7033, 52.4912
7034, 52.4917
7035, 52.4917
7036, 52.4921
7037, 52.4921
7038, 52.4921
7039, 52.4921
7040, 52.4921
7041, 52.4921
7042, 52.4926
7043, 52.4931
7044, 52.4931
7045, 52.4936
7046, 52.494
7047, 52.494
7048, 52.494
7049, 52.494
7050, 52.4945
7051, 52.4945
7052, 52.495
7053, 52.495
7054, 52.4955
7055, 52.4955
7056, 52.4955
7057, 52.4955
7058, 52.4959
7059, 52.4959
7060, 52.4959
7061, 52.4959
7062, 52.4959
7063, 52.4964
7064, 52.4964
7065, 52.4964
7066, 52.4969
7067, 52.4969
7068, 52.4969
7069, 52.4979
7070, 52.4979
7071, 52.4983
7072, 52.4988
7073, 52.4988
7074, 52.4988
7075, 52.4993
7076, 52.4998
7077, 52.5002
7078, 52.5002
7079, 52.5007
7080, 52.5007
7081, 52.5012
7082, 52.5012
7083, 52.5017
7084, 52.5021
7085, 52.5021
7086, 52.5021
7087, 52.5021
7088, 52.5026
7089, 52.5026
7090, 52.5036
7091, 52.5036
7092, 52.5036
7093, 52.504
7094, 52.5045
7095, 52.5045
7096, 52.5045
7097, 52.505
7098, 52.505
7099, 52.5055
7100, 52.5055
7101, 52.5059
7102, 52.5059
7103, 52.5064
7104, 52.5069
7105, 52.5074
7106, 52.5079
7107, 52.5088
7108, 52.5098
7109, 52.5107
7110, 52.5107
7111, 52.5117
7112, 52.5121
7113, 52.5126
7114, 52.5136
7115, 52.5136
7116, 52.514
7117, 52.514
7118, 52.514
7119, 52.5145
7120, 52.515
7121, 52.515
7122, 52.5155
7123, 52.5159
7124, 52.5164
7125, 52.5169
7126, 52.5169
7127, 52.5169
7128, 52.5179
7129, 52.5183
7130, 52.5188
7131, 52.5188
7132, 52.5188
7133, 52.5193
7134, 52.5198
7135, 52.5198
7136, 52.5202
7137, 52.5202
7138, 52.5202
7139, 52.5207
7140, 52.5212
7141, 52.5217
7142, 52.5217
7143, 52.5226
7144, 52.5226
7145, 52.5236
7146, 52.524
7147, 52.524
7148, 52.524
7149, 52.5245
7150, 52.525
7151, 52.5255
7152, 52.5259
7153, 52.5264
7154, 52.5264
7155, 52.5264
7156, 52.5264
7157, 52.5269
7158, 52.5269
7159, 52.5274
7160, 52.5279
7161, 52.5279
7162, 52.5283
7163, 52.5283
7164, 52.5288
7165, 52.5288
7166, 52.5288
7167, 52.5288
7168, 52.5298
7169, 52.5298
7170, 52.5302
7171, 52.5312
7172, 52.5317
7173, 52.5326
7174, 52.5326
7175, 52.5326
7176, 52.5331
7177, 52.5331
7178, 52.5336
7179, 52.5336
7180, 52.534
7181, 52.5355
7182, 52.5355
7183, 52.5355
7184, 52.5359
7185, 52.5359
7186, 52.5359
7187, 52.5364
7188, 52.5369
7189, 52.5369
7190, 52.5379
7191, 52.5383
7192, 52.5383
7193, 52.5383
7194, 52.5383
7195, 52.5388
7196, 52.5393
7197, 52.5393
7198, 52.5393
7199, 52.5398
7200, 52.5398
7201, 52.5398
7202, 52.5402
7203, 52.5412
7204, 52.5412
7205, 52.5412
7206, 52.5417
7207, 52.5421
7208, 52.5426
7209, 52.5426
7210, 52.5426
7211, 52.5431
7212, 52.5431
7213, 52.5431
7214, 52.5436
7215, 52.544
7216, 52.544
7217, 52.544
7218, 52.5445
7219, 52.5445
7220, 52.5445
7221, 52.5445
7222, 52.5445
7223, 52.545
7224, 52.545
7225, 52.545
7226, 52.545
7227, 52.5455
7228, 52.5455
7229, 52.5455
7230, 52.5459
7231, 52.5459
7232, 52.5464
7233, 52.5464
7234, 52.5464
7235, 52.5464
7236, 52.5464
7237, 52.5464
7238, 52.5469
7239, 52.5474
7240, 52.5474
7241, 52.5479
7242, 52.5483
7243, 52.5488
7244, 52.5488
7245, 52.5493
7246, 52.5493
7247, 52.5493
7248, 52.5493
7249, 52.5498
7250, 52.5498
7251, 52.5502
7252, 52.5502
7253, 52.5507
7254, 52.5507
7255, 52.5507
7256, 52.5507
7257, 52.5512
7258, 52.5512
7259, 52.5517
7260, 52.5517
7261, 52.5517
7262, 52.5521
7263, 52.5521
7264, 52.5536
7265, 52.554
7266, 52.554
7267, 52.5555
7268, 52.5555
7269, 52.5559
7270, 52.5559
7271, 52.5559
7272, 52.5559
7273, 52.5564
7274, 52.5564
7275, 52.5569
7276, 52.5574
7277, 52.5579
7278, 52.5579
7279, 52.5579
7280, 52.5583
7281, 52.5588
7282, 52.5598
7283, 52.5598
7284, 52.5598
7285, 52.5598
7286, 52.5602
7287, 52.5607
7288, 52.5607
7289, 52.5612
7290, 52.5612
7291, 52.5617
7292, 52.5617
7293, 52.5617
7294, 52.5621
7295, 52.5626
7296, 52.5626
7297, 52.5631
7298, 52.5631
7299, 52.564
7300, 52.564
7301, 52.564
7302, 52.564
7303, 52.564
7304, 52.564
7305, 52.5645
7306, 52.5645
7307, 52.5645
7308, 52.5645
7309, 52.565
7310, 52.5655
7311, 52.5655
7312, 52.5655
7313, 52.5659
7314, 52.5659
7315, 52.5659
7316, 52.5664
7317, 52.5664
7318, 52.5664
7319, 52.5683
7320, 52.5683
7321, 52.5688
7322, 52.5698
7323, 52.5698
7324, 52.5698
7325, 52.5702
7326, 52.5707
7327, 52.5712
7328, 52.5717
7329, 52.5717
7330, 52.5721
7331, 52.5721
7332, 52.5721
7333, 52.5721
7334, 52.5731
7335, 52.5731
7336, 52.5736
7337, 52.5736
7338, 52.5736
7339, 52.574
7340, 52.5745
7341, 52.5745
7342, 52.5745
7343, 52.575
7344, 52.575
7345, 52.575
7346, 52.5755
7347, 52.5755
7348, 52.5755
7349, 52.5764
7350, 52.5764
7351, 52.5774
7352, 52.5779
7353, 52.5779
7354, 52.5779
7355, 52.5783
7356, 52.5783
7357, 52.5783
7358, 52.5788
7359, 52.5788
7360, 52.5788
7361, 52.5788
7362, 52.5793
7363, 52.5798
7364, 52.5798
7365, 52.5798
7366, 52.5802
7367, 52.5807
7368, 52.5807
7369, 52.5807
7370, 52.5807
7371, 52.5817
7372, 52.5821
7373, 52.5821
7374, 52.5826
7375, 52.5826
7376, 52.5826
7377, 52.5831
7378, 52.5831
7379, 52.5831
7380, 52.5836
7381, 52.5836
7382, 52.584
7383, 52.5845
7384, 52.5845
7385, 52.585
7386, 52.5855
7387, 52.5855
7388, 52.5864
7389, 52.5864
7390, 52.5869
7391, 52.5869
7392, 52.5869
7393, 52.5874
7394, 52.5874
7395, 52.5878
7396, 52.5878
7397, 52.5878
7398, 52.5883
7399, 52.5883
7400, 52.5888
7401, 52.5898
7402, 52.5898
7403, 52.5898
7404, 52.5898
7405, 52.5902
7406, 52.5907
7407, 52.5907
7408, 52.5907
7409, 52.5912
7410, 52.5917
7411, 52.5921
7412, 52.5926
7413, 52.5926
7414, 52.5926
7415, 52.5931
7416, 52.5931
7417, 52.5931
7418, 52.5931
7419, 52.5936
7420, 52.594
7421, 52.594
7422, 52.594
7423, 52.594
7424, 52.5945
7425, 52.5945
7426, 52.5945
7427, 52.5945
7428, 52.5945
7429, 52.595
7430, 52.595
7431, 52.595
7432, 52.595
7433, 52.595
7434, 52.5955
7435, 52.5959
7436, 52.5959
7437, 52.5964
7438, 52.5964
7439, 52.5969
7440, 52.5969
7441, 52.5983
7442, 52.5983
7443, 52.5983
7444, 52.5983
7445, 52.5988
7446, 52.5988
7447, 52.5993
7448, 52.5993
7449, 52.5998
7450, 52.5998
7451, 52.5998
7452, 52.6002
7453, 52.6007
7454, 52.6007
7455, 52.6007
7456, 52.6012
7457, 52.6012
7458, 52.6017
7459, 52.6017
7460, 52.6021
7461, 52.6026
7462, 52.6031
7463, 52.6031
7464, 52.6036
7465, 52.6036
7466, 52.6036
7467, 52.604
7468, 52.604
7469, 52.6045
7470, 52.6045
7471, 52.605
7472, 52.6055
7473, 52.6059
7474, 52.6064
7475, 52.6064
7476, 52.6069
7477, 52.6069
7478, 52.6069
7479, 52.6074
7480, 52.6078
7481, 52.6078
7482, 52.6078
7483, 52.6078
7484, 52.6078
7485, 52.6093
7486, 52.6093
7487, 52.6098
7488, 52.6098
7489, 52.6098
7490, 52.6098
7491, 52.6102
7492, 52.6102
7493, 52.6102
7494, 52.6102
7495, 52.6102
7496, 52.6107
7497, 52.6112
7498, 52.6112
7499, 52.6112
7500, 52.6117
7501, 52.6117
7502, 52.6121
7503, 52.6121
7504, 52.6121
7505, 52.6121
7506, 52.6131
7507, 52.6131
7508, 52.6131
7509, 52.6131
7510, 52.6131
7511, 52.6136
7512, 52.614
7513, 52.6145
7514, 52.6145
7515, 52.615
7516, 52.615
7517, 52.6155
7518, 52.6155
7519, 52.6155
7520, 52.6155
7521, 52.6155
7522, 52.6159
7523, 52.6164
7524, 52.6164
7525, 52.6164
7526, 52.6169
7527, 52.6174
7528, 52.6178
7529, 52.6178
7530, 52.6183
7531, 52.6183
7532, 52.6183
7533, 52.6188
7534, 52.6188
7535, 52.6193
7536, 52.6193
7537, 52.6198
7538, 52.6198
7539, 52.6202
7540, 52.6207
7541, 52.6207
7542, 52.6212
7543, 52.6212
7544, 52.6212
7545, 52.6212
7546, 52.6226
7547, 52.6226
7548, 52.6226
7549, 52.6231
7550, 52.6231
7551, 52.6231
7552, 52.6231
7553, 52.6236
7554, 52.6245
7555, 52.6245
7556, 52.625
7557, 52.625
7558, 52.6259
7559, 52.6264
7560, 52.6264
7561, 52.6264
7562, 52.6264
7563, 52.6264
7564, 52.6264
7565, 52.6269
7566, 52.6269
7567, 52.6269
7568, 52.6269
7569, 52.6269
7570, 52.6269
7571, 52.6269
7572, 52.6274
7573, 52.6274
7574, 52.6274
7575, 52.6278
7576, 52.6283
7577, 52.6283
7578, 52.6288
7579, 52.6288
7580, 52.6293
7581, 52.6293
7582, 52.6293
7583, 52.6298
7584, 52.6302
7585, 52.6302
7586, 52.6302
7587, 52.6302
7588, 52.6307
7589, 52.6312
7590, 52.6312
7591, 52.6312
7592, 52.6317
7593, 52.6317
7594, 52.6317
7595, 52.6321
7596, 52.6321
7597, 52.6321
7598, 52.6321
7599, 52.6321
7600, 52.6326
7601, 52.6331
7602, 52.6331
7603, 52.6331
7604, 52.634
7605, 52.634
7606, 52.6345
7607, 52.635
7608, 52.635
7609, 52.635
7610, 52.635
7611, 52.6355
7612, 52.6355
7613, 52.6359
7614, 52.6359
7615, 52.6359
7616, 52.6364
7617, 52.6374
7618, 52.6374
7619, 52.6378
7620, 52.6378
7621, 52.6383
7622, 52.6383
7623, 52.6388
7624, 52.6388
7625, 52.6402
7626, 52.6402
7627, 52.6402
7628, 52.6402
7629, 52.6417
7630, 52.6417
7631, 52.6421
7632, 52.6421
7633, 52.6426
7634, 52.6426
7635, 52.6426
7636, 52.6431
7637, 52.6436
7638, 52.645
7639, 52.645
7640, 52.6455
7641, 52.6455
7642, 52.6455
7643, 52.6455
7644, 52.6459
7645, 52.6469
7646, 52.6474
7647, 52.6474
7648, 52.6478
7649, 52.6483
7650, 52.6488
7651, 52.6493
7652, 52.6493
7653, 52.6493
7654, 52.6498
7655, 52.6498
7656, 52.6498
7657, 52.6498
7658, 52.6502
7659, 52.6507
7660, 52.6507
7661, 52.6507
7662, 52.6507
7663, 52.6507
7664, 52.6512
7665, 52.6517
7666, 52.6517
7667, 52.6517
7668, 52.6517
7669, 52.6521
7670, 52.6521
7671, 52.6521
7672, 52.6526
7673, 52.6526
7674, 52.6531
7675, 52.6531
7676, 52.6536
7677, 52.6536
7678, 52.654
7679, 52.654
7680, 52.6545
7681, 52.655
7682, 52.655
7683, 52.6555
7684, 52.6555
7685, 52.6555
7686, 52.6555
7687, 52.6555
7688, 52.6555
7689, 52.6559
7690, 52.6559
7691, 52.6564
7692, 52.6564
7693, 52.6569
7694, 52.6574
7695, 52.6574
7696, 52.6574
7697, 52.6574
7698, 52.6578
7699, 52.6583
7700, 52.6583
7701, 52.6583
7702, 52.6588
7703, 52.6598
7704, 52.6598
7705, 52.6602
7706, 52.6602
7707, 52.6607
7708, 52.6612
7709, 52.6617
7710, 52.6617
7711, 52.6617
7712, 52.6621
7713, 52.6621
7714, 52.6621
7715, 52.6626
7716, 52.6626
7717, 52.6631
7718, 52.6631
7719, 52.6631
7720, 52.6636
7721, 52.6636
7722, 52.664
7723, 52.6645
7724, 52.665
7725, 52.6655
7726, 52.6659
7727, 52.6659
7728, 52.6664
7729, 52.6664
7730, 52.6664
7731, 52.6669
7732, 52.6669
7733, 52.6674
7734, 52.6674
7735, 52.6674
7736, 52.6683
7737, 52.6688
7738, 52.6688
7739, 52.6693
7740, 52.6693
7741, 52.6698
7742, 52.6702
7743, 52.6702
7744, 52.6707
7745, 52.6712
7746, 52.6712
7747, 52.6712
7748, 52.6712
7749, 52.6717
7750, 52.6717
7751, 52.6717
7752, 52.6721
7753, 52.6726
7754, 52.6736
7755, 52.6736
7756, 52.674
7757, 52.674
7758, 52.6745
7759, 52.6745
7760, 52.6745
7761, 52.675
7762, 52.675
7763, 52.6759
7764, 52.6759
7765, 52.6759
7766, 52.6759
7767, 52.6764
7768, 52.6764
7769, 52.6764
7770, 52.6769
7771, 52.6774
7772, 52.6778
7773, 52.6783
7774, 52.6783
7775, 52.6783
7776, 52.6788
7777, 52.6788
7778, 52.6793
7779, 52.6793
7780, 52.6793
7781, 52.6793
7782, 52.6802
7783, 52.6807
7784, 52.6807
7785, 52.6812
7786, 52.6812
7787, 52.6817
7788, 52.6821
7789, 52.6821
7790, 52.6826
7791, 52.6826
7792, 52.6831
7793, 52.6836
7794, 52.6836
7795, 52.6836
7796, 52.684
7797, 52.684
7798, 52.6845
7799, 52.6845
7800, 52.6845
7801, 52.6845
7802, 52.685
7803, 52.685
7804, 52.6855
7805, 52.6859
7806, 52.6859
7807, 52.6864
7808, 52.6869
7809, 52.6869
7810, 52.6869
7811, 52.6874
7812, 52.6874
7813, 52.6878
7814, 52.6878
7815, 52.6878
7816, 52.6883
7817, 52.6883
7818, 52.6883
7819, 52.6888
7820, 52.6893
7821, 52.6893
7822, 52.6898
7823, 52.6898
7824, 52.6907
7825, 52.6912
7826, 52.6912
7827, 52.6917
7828, 52.6921
7829, 52.6921
7830, 52.6926
7831, 52.6926
7832, 52.6931
7833, 52.6931
7834, 52.6936
7835, 52.6936
7836, 52.694
7837, 52.694
7838, 52.694
7839, 52.694
7840, 52.694
7841, 52.694
7842, 52.6945
7843, 52.6945
7844, 52.6945
7845, 52.6945
7846, 52.6945
7847, 52.6945
7848, 52.6955
7849, 52.6955
7850, 52.6964
7851, 52.6964
7852, 52.6964
7853, 52.6964
7854, 52.6969
7855, 52.6969
7856, 52.6974
7857, 52.6983
7858, 52.6983
7859, 52.6983
7860, 52.6983
7861, 52.6983
7862, 52.6988
7863, 52.6988
7864, 52.6988
7865, 52.7002
7866, 52.7007
7867, 52.7007
7868, 52.7012
7869, 52.7012
7870, 52.7017
7871, 52.7017
7872, 52.7021
7873, 52.7021
7874, 52.7026
7875, 52.7026
7876, 52.7031
7877, 52.704
7878, 52.704
7879, 52.704
7880, 52.704
7881, 52.704
7882, 52.704
7883, 52.704
7884, 52.7045
7885, 52.7045
7886, 52.7045
7887, 52.7045
7888, 52.705
7889, 52.705
7890, 52.705
7891, 52.705
7892, 52.705
7893, 52.7055
7894, 52.7059
7895, 52.7059
7896, 52.7064
7897, 52.7064
7898, 52.7069
7899, 52.7069
7900, 52.7074
7901, 52.7074
7902, 52.7074
7903, 52.7078
7904, 52.7078
7905, 52.7078
7906, 52.7083
7907, 52.7083
7908, 52.7088
7909, 52.7088
7910, 52.7088
7911, 52.7093
7912, 52.7102
7913, 52.7102
7914, 52.7107
7915, 52.7112
7916, 52.7121
7917, 52.7126
7918, 52.7126
7919, 52.7126
7920, 52.7136
7921, 52.7136
7922, 52.714
7923, 52.714
7924, 52.714
7925, 52.7145
7926, 52.7145
7927, 52.715
7928, 52.715
7929, 52.715
7930, 52.7155
7931, 52.7155
7932, 52.7159
7933, 52.7159
7934, 52.7164
7935, 52.7164
7936, 52.7164
7937, 52.7164
7938, 52.7169
7939, 52.7169
7940, 52.7169
7941, 52.7169
7942, 52.7174
7943, 52.7178
7944, 52.7178
7945, 52.7178
7946, 52.7178
7947, 52.7183
7948, 52.7183
7949, 52.7183
7950, 52.7183
7951, 52.7188
7952, 52.7193
7953, 52.7193
7954, 52.7198
7955, 52.7198
7956, 52.7198
7957, 52.7202
7958, 52.7202
7959, 52.7202
7960, 52.7202
7961, 52.7207
7962, 52.7207
7963, 52.7212
7964, 52.7217
7965, 52.7217
7966, 52.7221
7967, 52.7221
7968, 52.7221
7969, 52.7226
7970, 52.724
7971, 52.724
7972, 52.7245
7973, 52.7245
7974, 52.7245
7975, 52.7245
7976, 52.725
7977, 52.7255
7978, 52.7259
7979, 52.7264
7980, 52.7264
7981, 52.7269
7982, 52.7274
7983, 52.7278
7984, 52.7288
7985, 52.7288
7986, 52.7288
7987, 52.7298
7988, 52.7298
7989, 52.7302
7990, 52.7302
7991, 52.7302
7992, 52.7302
7993, 52.7307
7994, 52.7307
7995, 52.7317
7996, 52.7317
7997, 52.7317
7998, 52.7321
7999, 52.7321
8000, 52.7326
8001, 52.7331
8002, 52.7331
8003, 52.7336
8004, 52.734
8005, 52.734
8006, 52.734
8007, 52.7345
8008, 52.7345
8009, 52.735
8010, 52.735
8011, 52.7355
8012, 52.7355
8013, 52.7355
8014, 52.7359
8015, 52.7359
8016, 52.7364
8017, 52.7369
8018, 52.7369
8019, 52.7374
8020, 52.7378
8021, 52.7378
8022, 52.7378
8023, 52.7378
8024, 52.7383
8025, 52.7383
8026, 52.7388
8027, 52.7393
8028, 52.7397
8029, 52.7397
8030, 52.7402
8031, 52.7402
8032, 52.7407
8033, 52.7407
8034, 52.7407
8035, 52.7407
8036, 52.7412
8037, 52.7417
8038, 52.7421
8039, 52.7421
8040, 52.7426
8041, 52.7426
8042, 52.7426
8043, 52.7426
8044, 52.7426
8045, 52.7426
8046, 52.7426
8047, 52.7431
8048, 52.7436
8049, 52.744
8050, 52.744
8051, 52.7445
8052, 52.745
8053, 52.745
8054, 52.7455
8055, 52.7464
8056, 52.7464
8057, 52.7474
8058, 52.7474
8059, 52.7474
8060, 52.7474
8061, 52.7474
8062, 52.7478
8063, 52.7478
8064, 52.7478
8065, 52.7488
8066, 52.7488
8067, 52.7488
8068, 52.7493
8069, 52.7493
8070, 52.7493
8071, 52.7497
8072, 52.7502
8073, 52.7502
8074, 52.7507
8075, 52.7507
8076, 52.7507
8077, 52.7517
8078, 52.7521
8079, 52.7521
8080, 52.7526
8081, 52.7526
8082, 52.7531
8083, 52.7536
8084, 52.7536
8085, 52.754
8086, 52.7545
8087, 52.7545
8088, 52.7545
8089, 52.7545
8090, 52.755
8091, 52.755
8092, 52.7555
8093, 52.7555
8094, 52.7559
8095, 52.7564
8096, 52.7564
8097, 52.7564
8098, 52.7564
8099, 52.7569
8100, 52.7569
8101, 52.7569
8102, 52.7578
8103, 52.7578
8104, 52.7588
8105, 52.7593
8106, 52.7593
8107, 52.7597
8108, 52.7597
8109, 52.7597
8110, 52.7602
8111, 52.7602
8112, 52.7602
8113, 52.7602
8114, 52.7607
8115, 52.7607
8116, 52.7607
8117, 52.7612
8118, 52.7612
8119, 52.7612
8120, 52.7621
8121, 52.7621
8122, 52.7621
8123, 52.7631
8124, 52.7631
8125, 52.7636
8126, 52.7636
8127, 52.764
8128, 52.764
8129, 52.764
8130, 52.765
8131, 52.765
8132, 52.765
8133, 52.7655
8134, 52.7659
8135, 52.7659
8136, 52.7664
8137, 52.7688
8138, 52.7688
8139, 52.7688
8140, 52.7693
8141, 52.7693
8142, 52.7697
8143, 52.7697
8144, 52.7702
8145, 52.7702
8146, 52.7707
8147, 52.7707
8148, 52.7712
8149, 52.7717
8150, 52.7721
8151, 52.7726
8152, 52.7726
8153, 52.7731
8154, 52.7731
8155, 52.7731
8156, 52.7731
8157, 52.7731
8158, 52.7736
8159, 52.7736
8160, 52.774
8161, 52.774
8162, 52.7745
8163, 52.775
8164, 52.7755
8165, 52.7755
8166, 52.7759
8167, 52.7759
8168, 52.7769
8169, 52.7769
8170, 52.7769
8171, 52.7774
8172, 52.7774
8173, 52.7774
8174, 52.7778
8175, 52.7783
8176, 52.7783
8177, 52.7788
8178, 52.7788
8179, 52.7788
8180, 52.7793
8181, 52.7793
8182, 52.7793
8183, 52.7793
8184, 52.7793
8185, 52.7793
8186, 52.7797
8187, 52.7797
8188, 52.7797
8189, 52.7802
8190, 52.7802
8191, 52.7802
8192, 52.7807
8193, 52.7807
8194, 52.7807
8195, 52.7812
8196, 52.7812
8197, 52.7812
8198, 52.7817
8199, 52.7821
8200, 52.7821
8201, 52.7821
8202, 52.7826
8203, 52.7826
8204, 52.7831
8205, 52.7836
8206, 52.7836
8207, 52.784
8208, 52.784
8209, 52.784
8210, 52.785
8211, 52.7855
8212, 52.7855
8213, 52.7864
8214, 52.7874
8215, 52.7874
8216, 52.7878
8217, 52.7878
8218, 52.7878
8219, 52.7878
8220, 52.7883
8221, 52.7883
8222, 52.7888
8223, 52.7888
8224, 52.7893
8225, 52.7902
8226, 52.7907
8227, 52.7907
8228, 52.7907
8229, 52.7912
8230, 52.7912
8231, 52.7917
8232, 52.7921
8233, 52.7921
8234, 52.7921
8235, 52.7921
8236, 52.7921
8237, 52.7926
8238, 52.7926
8239, 52.7931
8240, 52.794
8241, 52.794
8242, 52.7945
8243, 52.7945
8244, 52.7945
8245, 52.795
8246, 52.7955
8247, 52.7955
8248, 52.7959
8249, 52.7959
8250, 52.7959
8251, 52.7964
8252, 52.7964
8253, 52.7969
8254, 52.7969
8255, 52.7969
8256, 52.7974
8257, 52.7978
8258, 52.7978
8259, 52.7978
8260, 52.7978
8261, 52.7978
8262, 52.7978
8263, 52.7983
8264, 52.7983
8265, 52.7988
8266, 52.7993
8267, 52.7993
8268, 52.7997
8269, 52.7997
8270, 52.7997
8271, 52.8002
8272, 52.8002
8273, 52.8002
8274, 52.8007
8275, 52.8007
8276, 52.8012
8277, 52.8017
8278, 52.8031
8279, 52.8031
8280, 52.804
8281, 52.804
8282, 52.805
8283, 52.805
8284, 52.805
8285, 52.8055
8286, 52.8059
8287, 52.8064
8288, 52.8064
8289, 52.8069
8290, 52.8069
8291, 52.8069
8292, 52.8069
8293, 52.8083
8294, 52.8083
8295, 52.8088
8296, 52.8093
8297, 52.8102
8298, 52.8107
8299, 52.8107
8300, 52.8107
8301, 52.8112
8302, 52.8112
8303, 52.8121
8304, 52.8121
8305, 52.8126
8306, 52.8126
8307, 52.8131
8308, 52.8131
8309, 52.8136
8310, 52.8136
8311, 52.8136
8312, 52.8136
8313, 52.8136
8314, 52.8136
8315, 52.814
8316, 52.814
8317, 52.814
8318, 52.814
8319, 52.814
8320, 52.8145
8321, 52.8145
8322, 52.8145
8323, 52.815
8324, 52.815
8325, 52.815
8326, 52.815
8327, 52.8155
8328, 52.8159
8329, 52.8159
8330, 52.8159
8331, 52.8164
8332, 52.8164
8333, 52.8169
8334, 52.8169
8335, 52.8174
8336, 52.8178
8337, 52.8178
8338, 52.8183
8339, 52.8183
8340, 52.8183
8341, 52.8188
8342, 52.8188
8343, 52.8193
8344, 52.8193
8345, 52.8202
8346, 52.8202
8347, 52.8207
8348, 52.8212
8349, 52.8212
8350, 52.8217
8351, 52.8217
8352, 52.8217
8353, 52.8221
8354, 52.8226
8355, 52.8226
8356, 52.8231
8357, 52.8236
8358, 52.8236
8359, 52.8236
8360, 52.8236
8361, 52.824
8362, 52.824
8363, 52.824
8364, 52.824
8365, 52.8245
8366, 52.825
8367, 52.825
8368, 52.825
8369, 52.825
8370, 52.8255
8371, 52.8255
8372, 52.8255
8373, 52.8259
8374, 52.8259
8375, 52.8264
8376, 52.8269
8377, 52.8274
8378, 52.8274
8379, 52.8274
8380, 52.8274
8381, 52.8274
8382, 52.8274
8383, 52.8278
8384, 52.8278
8385, 52.8278
8386, 52.8278
8387, 52.8278
8388, 52.8278
8389, 52.8283
8390, 52.8283
8391, 52.8283
8392, 52.8288
8393, 52.8293
8394, 52.8293
8395, 52.8297
8396, 52.8302
8397, 52.8302
8398, 52.8307
8399, 52.8307
8400, 52.8317
8401, 52.8317
8402, 52.8317
8403, 52.8321
8404, 52.8326
8405, 52.8326
8406, 52.8331
8407, 52.8331
8408, 52.834
8409, 52.835
8410, 52.835
8411, 52.835
8412, 52.8359
8413, 52.8364
8414, 52.8364
8415, 52.8364
8416, 52.8374
8417, 52.8378
8418, 52.8383
8419, 52.8393
8420, 52.8393
8421, 52.8397
8422, 52.8397
8423, 52.8397
8424, 52.8402
8425, 52.8407
8426, 52.8407
8427, 52.8407
8428, 52.8412
8429, 52.8412
8430, 52.8412
8431, 52.8412
8432, 52.8417
8433, 52.8417
8434, 52.8421
8435, 52.8426
8436, 52.8431
8437, 52.8436
8438, 52.8436
8439, 52.844
8440, 52.8445
8441, 52.845
8442, 52.845
8443, 52.8455
8444, 52.8455
8445, 52.8455
8446, 52.8459
8447, 52.8464
8448, 52.8464
8449, 52.8469
8450, 52.8469
8451, 52.8469
8452, 52.8474
8453, 52.8483
8454, 52.8483
8455, 52.8488
8456, 52.8493
8457, 52.8497
8458, 52.8497
8459, 52.8497
8460, 52.8507
8461, 52.8507
8462, 52.8507
8463, 52.8512
8464, 52.8517
8465, 52.8526
8466, 52.8526
8467, 52.8531
8468, 52.8531
8469, 52.8531
8470, 52.8531
8471, 52.8536
8472, 52.854
8473, 52.8545
8474, 52.8545
8475, 52.8545
8476, 52.8545
8477, 52.8545
8478, 52.855
8479, 52.855
8480, 52.8555
8481, 52.8555
8482, 52.8559
8483, 52.8564
8484, 52.8564
8485, 52.8569
8486, 52.8569
8487, 52.8569
8488, 52.8569
8489, 52.8574
8490, 52.8574
8491, 52.8578
8492, 52.8578
8493, 52.8588
8494, 52.8588
8495, 52.8588
8496, 52.8593
8497, 52.8593
8498, 52.8597
8499, 52.8597
8500, 52.8597
8501, 52.8602
8502, 52.8602
8503, 52.8607
8504, 52.8607
8505, 52.8617
8506, 52.8617
8507, 52.8617
8508, 52.8617
8509, 52.8626
8510, 52.8636
8511, 52.8636
8512, 52.8645
8513, 52.865
8514, 52.865
8515, 52.865
8516, 52.865
8517, 52.8655
8518, 52.8659
8519, 52.8659
8520, 52.8659
8521, 52.8659
8522, 52.8664
8523, 52.8664
8524, 52.8669
8525, 52.8678
8526, 52.8678
8527, 52.8683
8528, 52.8683
8529, 52.8688
8530, 52.8688
8531, 52.8688
8532, 52.8697
8533, 52.8697
8534, 52.8702
8535, 52.8702
8536, 52.8702
8537, 52.8707
8538, 52.8717
8539, 52.8717
8540, 52.8717
8541, 52.8717
8542, 52.8721
8543, 52.8726
8544, 52.8731
8545, 52.8731
8546, 52.8736
8547, 52.8736
8548, 52.874
8549, 52.874
8550, 52.874
8551, 52.874
8552, 52.874
8553, 52.8745
8554, 52.875
8555, 52.875
8556, 52.875
8557, 52.8755
8558, 52.8759
8559, 52.8759
8560, 52.8764
8561, 52.8769
8562, 52.8769
8563, 52.8769
8564, 52.8769
8565, 52.8774
8566, 52.8774
8567, 52.8778
8568, 52.8778
8569, 52.8778
8570, 52.8778
8571, 52.8778
8572, 52.8783
8573, 52.8783
8574, 52.8783
8575, 52.8788
8576, 52.8793
8577, 52.8797
8578, 52.8797
8579, 52.8802
8580, 52.8807
8581, 52.8807
8582, 52.8821
8583, 52.8821
8584, 52.8826
8585, 52.8826
8586, 52.8826
8587, 52.8826
8588, 52.8831
8589, 52.8831
8590, 52.8836
8591, 52.8836
8592, 52.884
8593, 52.884
8594, 52.8845
8595, 52.8845
8596, 52.8845
8597, 52.8845
8598, 52.885
8599, 52.885
8600, 52.885
8601, 52.8859
8602, 52.8859
8603, 52.8859
8604, 52.8859
8605, 52.8859
8606, 52.8864
8607, 52.8864
8608, 52.8869
8609, 52.8874
8610, 52.8878
8611, 52.8883
8612, 52.8897
8613, 52.8902
8614, 52.8902
8615, 52.8907
8616, 52.8907
8617, 52.8907
8618, 52.8912
8619, 52.8912
8620, 52.8916
8621, 52.8916
8622, 52.8916
8623, 52.8926
8624, 52.8926
8625, 52.8926
8626, 52.8926
8627, 52.8926
8628, 52.8931
8629, 52.8936
8630, 52.8936
8631, 52.8936
8632, 52.894
8633, 52.894
8634, 52.8945
8635, 52.895
8636, 52.8955
8637, 52.8959
8638, 52.8959
8639, 52.8959
8640, 52.8959
8641, 52.8964
8642, 52.8964
8643, 52.8964
8644, 52.8969
8645, 52.8969
8646, 52.8974
8647, 52.8978
8648, 52.8978
8649, 52.8983
8650, 52.8983
8651, 52.8988
8652, 52.8993
8653, 52.8993
8654, 52.8997
8655, 52.9002
8656, 52.9002
8657, 52.9007
8658, 52.9007
8659, 52.9007
8660, 52.9007
8661, 52.9007
8662, 52.9007
8663, 52.9012
8664, 52.9012
8665, 52.9016
8666, 52.9016
8667, 52.9021
8668, 52.9021
8669, 52.9026
8670, 52.9026
8671, 52.9026
8672, 52.9031
8673, 52.9031
8674, 52.9036
8675, 52.9036
8676, 52.9036
8677, 52.9036
8678, 52.904
8679, 52.904
8680, 52.904
8681, 52.905
8682, 52.9055
8683, 52.9055
8684, 52.9055
8685, 52.9059
8686, 52.9059
8687, 52.9064
8688, 52.9064
8689, 52.9069
8690, 52.9074
8691, 52.9078
8692, 52.9078
8693, 52.9078
8694, 52.9083
8695, 52.9083
8696, 52.9093
8697, 52.9093
8698, 52.9093
8699, 52.9097
8700, 52.9097
8701, 52.9097
8702, 52.9102
8703, 52.9107
8704, 52.9107
8705, 52.9112
8706, 52.9112
8707, 52.9112
8708, 52.9116
8709, 52.9126
8710, 52.9131
8711, 52.914
8712, 52.914
8713, 52.914
8714, 52.915
8715, 52.915
8716, 52.9155
8717, 52.9155
8718, 52.9155
8719, 52.9155
8720, 52.9159
8721, 52.9159
8722, 52.9159
8723, 52.9164
8724, 52.9164
8725, 52.9169
8726, 52.9169
8727, 52.9174
8728, 52.9174
8729, 52.9174
8730, 52.9178
8731, 52.9178
8732, 52.9183
8733, 52.9183
8734, 52.9183
8735, 52.9188
8736, 52.9188
8737, 52.9188
8738, 52.9188
8739, 52.9188
8740, 52.9188
8741, 52.9188
8742, 52.9193
8743, 52.9193
8744, 52.9193
8745, 52.9197
8746, 52.9197
8747, 52.9197
8748, 52.9202
8749, 52.9202
8750, 52.9212
8751, 52.9216
8752, 52.9216
8753, 52.9221
8754, 52.9221
8755, 52.9221
8756, 52.9221
8757, 52.9231
8758, 52.9231
8759, 52.9231
8760, 52.9236
8761, 52.9236
8762, 52.9236
8763, 52.9236
8764, 52.9236
8765, 52.9236
8766, 52.924
8767, 52.925
8768, 52.9255
8769, 52.9255
8770, 52.9255
8771, 52.9259
8772, 52.9259
8773, 52.9259
8774, 52.9264
8775, 52.9274
8776, 52.9274
8777, 52.9274
8778, 52.9278
8779, 52.9283
8780, 52.9288
8781, 52.9288
8782, 52.9293
8783, 52.9293
8784, 52.9297
8785, 52.9297
8786, 52.9297
8787, 52.9297
8788, 52.9302
8789, 52.9302
8790, 52.9307
8791, 52.9307
8792, 52.9307
8793, 52.9307
8794, 52.9316
8795, 52.9316
8796, 52.9321
8797, 52.9321
8798, 52.9326
8799, 52.9326
8800, 52.9326
8801, 52.9331
8802, 52.9336
8803, 52.9336
8804, 52.9336
8805, 52.9336
8806, 52.9336
8807, 52.934
8808, 52.934
8809, 52.934
8810, 52.934
8811, 52.9359
8812, 52.9364
8813, 52.9364
8814, 52.9364
8815, 52.9369
8816, 52.9369
8817, 52.9374
8818, 52.9374
8819, 52.9378
8820, 52.9383
8821, 52.9383
8822, 52.9388
8823, 52.9388
8824, 52.9393
8825, 52.9397
8826, 52.9397
8827, 52.9397
8828, 52.9397
8829, 52.9402
8830, 52.9402
8831, 52.9402
8832, 52.9407
8833, 52.9407
8834, 52.9416
8835, 52.9416
8836, 52.9421
8837, 52.9421
8838, 52.9426
8839, 52.9426
8840, 52.9426
8841, 52.9426
8842, 52.9431
8843, 52.944
8844, 52.944
8845, 52.944
8846, 52.944
8847, 52.9445
8848, 52.9445
8849, 52.945
8850, 52.9455
8851, 52.9464
8852, 52.9464
8853, 52.9469
8854, 52.9469
8855, 52.9474
8856, 52.9474
8857, 52.9478
8858, 52.9483
8859, 52.9483
8860, 52.9488
8861, 52.9493
8862, 52.9493
8863, 52.9493
8864, 52.9493
8865, 52.9493
8866, 52.9497
8867, 52.9502
8868, 52.9502
8869, 52.9512
8870, 52.9512
8871, 52.9516
8872, 52.9516
8873, 52.9521
8874, 52.9521
8875, 52.9531
8876, 52.9531
8877, 52.9536
8878, 52.954
8879, 52.954
8880, 52.954
8881, 52.9545
8882, 52.955
8883, 52.955
8884, 52.955
8885, 52.955
8886, 52.9555
8887, 52.9555
8888, 52.9555
8889, 52.9559
8890, 52.9564
8891, 52.9569
8892, 52.9569
8893, 52.9569
8894, 52.9574
8895, 52.9574
8896, 52.9578
8897, 52.9578
8898, 52.9583
8899, 52.9583
8900, 52.9583
8901, 52.9588
8902, 52.9588
8903, 52.9588
8904, 52.9593
8905, 52.9593
8906, 52.9593
8907, 52.9597
8908, 52.9597
8909, 52.9597
8910, 52.9602
8911, 52.9602
8912, 52.9607
8913, 52.9612
8914, 52.9612
8915, 52.9616
8916, 52.9616
8917, 52.9616
8918, 52.9621
8919, 52.9631
8920, 52.9636
8921, 52.9636
8922, 52.9636
8923, 52.964
8924, 52.964
8925, 52.965
8926, 52.965
8927, 52.965
8928, 52.9655
8929, 52.9659
8930, 52.9659
8931, 52.9669
8932, 52.9669
8933, 52.9669
8934, 52.9678
8935, 52.9683
8936, 52.9693
8937, 52.9697
8938, 52.9702
8939, 52.9702
8940, 52.9702
8941, 52.9702
8942, 52.9702
8943, 52.9702
8944, 52.9702
8945, 52.9707
8946, 52.9712
8947, 52.9712
8948, 52.9716
8949, 52.9721
8950, 52.9721
8951, 52.9721
8952, 52.9726
8953, 52.9726
8954, 52.9731
8955, 52.9731
8956, 52.9731
8957, 52.9736
8958, 52.9736
8959, 52.974
8960, 52.975
8961, 52.9755
8962, 52.9764
8963, 52.9764
8964, 52.9769
8965, 52.9769
8966, 52.9778
8967, 52.9778
8968, 52.9783
8969, 52.9788
8970, 52.9788
8971, 52.9788
8972, 52.9793
8973, 52.9793
8974, 52.9797
8975, 52.9797
8976, 52.9802
8977, 52.9807
8978, 52.9807
8979, 52.9807
8980, 52.9816
8981, 52.9816
8982, 52.9821
8983, 52.9821
8984, 52.9826
8985, 52.9826
8986, 52.9831
8987, 52.9836
8988, 52.9836
8989, 52.984
8990, 52.984
8991, 52.984
8992, 52.984
8993, 52.9845
8994, 52.9845
8995, 52.9845
8996, 52.985
8997, 52.985
8998, 52.9855
8999, 52.9855
9000, 52.9855
9001, 52.9855
9002, 52.9859
9003, 52.9859
9004, 52.9864
9005, 52.9869
9006, 52.9869
9007, 52.9874
9008, 52.9874
9009, 52.9874
9010, 52.9878
9011, 52.9878
9012, 52.9883
9013, 52.9888
9014, 52.9893
9015, 52.9897
9016, 52.9897
9017, 52.9897
9018, 52.9897
9019, 52.9902
9020, 52.9902
9021, 52.9902
9022, 52.9907
9023, 52.9907
9024, 52.9912
9025, 52.9912
9026, 52.9912
9027, 52.9916
9028, 52.9916
9029, 52.9916
9030, 52.9921
9031, 52.9921
9032, 52.9926
9033, 52.9926
9034, 52.9926
9035, 52.9926
9036, 52.9926
9037, 52.9926
9038, 52.9926
9039, 52.9931
9040, 52.9936
9041, 52.9936
9042, 52.9936
9043, 52.994
9044, 52.994
9045, 52.994
9046, 52.9945
9047, 52.9945
9048, 52.9945
9049, 52.995
9050, 52.9955
9051, 52.9959
9052, 52.9959
9053, 52.9964
9054, 52.9964
9055, 52.9969
9056, 52.9974
9057, 52.9978
9058, 52.9978
9059, 52.9978
9060, 52.9983
9061, 52.9988
9062, 52.9988
9063, 52.9993
9064, 52.9993
9065, 52.9997
9066, 52.9997
9067, 53.0002
9068, 53.0002
9069, 53.0012
9070, 53.0016
9071, 53.0021
9072, 53.0021
9073, 53.0026
9074, 53.0031
9075, 53.0036
9076, 53.005
9077, 53.005
9078, 53.005
9079, 53.005
9080, 53.005
9081, 53.0055
9082, 53.0055
9083, 53.0055
9084, 53.0059
9085, 53.0059
9086, 53.0059
9087, 53.0059
9088, 53.0069
9089, 53.0069
9090, 53.0074
9091, 53.0074
9092, 53.0074
9093, 53.0083
9094, 53.0083
9095, 53.0088
9096, 53.0088
9097, 53.0088
9098, 53.0093
9099, 53.0097
9100, 53.0107
9101, 53.0107
9102, 53.0107
9103, 53.0112
9104, 53.0112
9105, 53.0112
9106, 53.0116
9107, 53.0121
9108, 53.0126
9109, 53.0131
9110, 53.0131
9111, 53.0131
9112, 53.0131
9113, 53.0136
9114, 53.0136
9115, 53.0136
9116, 53.0145
9117, 53.0145
9118, 53.0145
9119, 53.015
9120, 53.015
9121, 53.015
9122, 53.0155
9123, 53.0159
9124, 53.0159
9125, 53.0164
9126, 53.0164
9127, 53.0164
9128, 53.0164
9129, 53.0169
9130, 53.0174
9131, 53.0178
9132, 53.0178
9133, 53.0178
9134, 53.0183
9135, 53.0183
9136, 53.0183
9137, 53.0183
9138, 53.0183
9139, 53.0193
9140, 53.0202
9141, 53.0212
9142, 53.0212
9143, 53.0216
9144, 53.0226
9145, 53.0231
9146, 53.0236
9147, 53.0236
9148, 53.0236
9149, 53.024
9150, 53.024
9151, 53.024
9152, 53.024
9153, 53.0245
9154, 53.0245
9155, 53.0245
9156, 53.025
9157, 53.025
9158, 53.025
9159, 53.0255
9160, 53.0259
9161, 53.0259
9162, 53.0259
9163, 53.0264
9164, 53.0264
9165, 53.0269
9166, 53.0269
9167, 53.0269
9168, 53.0269
9169, 53.0274
9170, 53.0274
9171, 53.0274
9172, 53.0278
9173, 53.0278
9174, 53.0283
9175, 53.0288
9176, 53.0288
9177, 53.0288
9178, 53.0297
9179, 53.0302
9180, 53.0307
9181, 53.0307
9182, 53.0307
9183, 53.0312
9184, 53.0312
9185, 53.0316
9186, 53.0316
9187, 53.0321
9188, 53.0321
9189, 53.0321
9190, 53.0326
9191, 53.0326
9192, 53.0331
9193, 53.0336
9194, 53.034
9195, 53.034
9196, 53.0345
9197, 53.0345
9198, 53.0345
9199, 53.0345
9200, 53.0345
9201, 53.035
9202, 53.035
9203, 53.0355
9204, 53.0355
9205, 53.0355
9206, 53.0355
9207, 53.0359
9208, 53.0359
9209, 53.0364
9210, 53.0374
9211, 53.0378
9212, 53.0383
9213, 53.0383
9214, 53.0383
9215, 53.0383
9216, 53.0388
9217, 53.0388
9218, 53.0393
9219, 53.0393
9220, 53.0397
9221, 53.0397
9222, 53.0402
9223, 53.0407
9224, 53.0407
9225, 53.0407
9226, 53.0407
9227, 53.0407
9228, 53.0412
9229, 53.0412
9230, 53.0412
9231, 53.0412
9232, 53.0416
9233, 53.0421
9234, 53.0421
9235, 53.0421
9236, 53.0426
9237, 53.0426
9238, 53.0431
9239, 53.0431
9240, 53.0435
9241, 53.0445
9242, 53.045
9243, 53.045
9244, 53.045
9245, 53.0455
9246, 53.0455
9247, 53.0455
9248, 53.0459
9249, 53.0464
9250, 53.0464
9251, 53.0478
9252, 53.0478
9253, 53.0478
9254, 53.0478
9255, 53.0478
9256, 53.0483
9257, 53.0483
9258, 53.0488
9259, 53.0488
9260, 53.0488
9261, 53.0488
9262, 53.0488
9263, 53.0493
9264, 53.0493
9265, 53.0497
9266, 53.0497
9267, 53.0497
9268, 53.0502
9269, 53.0502
9270, 53.0502
9271, 53.0507
9272, 53.0507
9273, 53.0507
9274, 53.0512
9275, 53.0512
9276, 53.0512
9277, 53.0516
9278, 53.0516
9279, 53.0516
9280, 53.0521
9281, 53.0526
9282, 53.0531
9283, 53.0535
9284, 53.054
9285, 53.054
9286, 53.0545
9287, 53.055
9288, 53.055
9289, 53.055
9290, 53.055
9291, 53.0555
9292, 53.0559
9293, 53.0564
9294, 53.0564
9295, 53.0564
9296, 53.0569
9297, 53.0569
9298, 53.0569
9299, 53.0574
9300, 53.0574
9301, 53.0574
9302, 53.0574
9303, 53.0578
9304, 53.0578
9305, 53.0583
9306, 53.0583
9307, 53.0588
9308, 53.0588
9309, 53.0588
9310, 53.0593
9311, 53.0597
9312, 53.0597
9313, 53.0602
9314, 53.0607
9315, 53.0616
9316, 53.0616
9317, 53.0616
9318, 53.0621
9319, 53.0621
9320, 53.0621
9321, 53.0626
9322, 53.0631
9323, 53.0631
9324, 53.0631
9325, 53.0631
9326, 53.0635
9327, 53.064
9328, 53.0645
9329, 53.0645
9330, 53.0645
9331, 53.0655
9332, 53.0655
9333, 53.0655
9334, 53.0655
9335, 53.0659
9336, 53.0664
9337, 53.0664
9338, 53.0674
9339, 53.0674
9340, 53.0674
9341, 53.0678
9342, 53.0678
9343, 53.0683
9344, 53.0683
9345, 53.0683
9346, 53.0688
9347, 53.0688
9348, 53.0688
9349, 53.0693
9350, 53.0693
9351, 53.0697
9352, 53.0697
9353, 53.0707
9354, 53.0707
9355, 53.0712
9356, 53.0716
9357, 53.0716
9358, 53.0726
9359, 53.0726
9360, 53.0731
9361, 53.0731
9362, 53.0731
9363, 53.0731
9364, 53.074
9365, 53.0745
9366, 53.0745
9367, 53.075
9368, 53.075
9369, 53.0755
9370, 53.0755
9371, 53.0759
9372, 53.0759
9373, 53.0764
9374, 53.0764
9375, 53.0764
9376, 53.0764
9377, 53.0774
9378, 53.0778
9379, 53.0778
9380, 53.0778
9381, 53.0783
9382, 53.0783
9383, 53.0783
9384, 53.0788
9385, 53.0793
9386, 53.0793
9387, 53.0793
9388, 53.0797
9389, 53.0802
9390, 53.0807
9391, 53.0807
9392, 53.0807
9393, 53.0812
9394, 53.0812
9395, 53.0816
9396, 53.0816
9397, 53.0816
9398, 53.0821
9399, 53.0826
9400, 53.0831
9401, 53.0831
9402, 53.0835
9403, 53.0835
9404, 53.084
9405, 53.0845
9406, 53.0845
9407, 53.0845
9408, 53.085
9409, 53.085
9410, 53.085
9411, 53.085
9412, 53.0855
9413, 53.0855
9414, 53.0859
9415, 53.0864
9416, 53.0864
9417, 53.0869
9418, 53.0874
9419, 53.0878
9420, 53.0883
9421, 53.0883
9422, 53.0883
9423, 53.0883
9424, 53.0883
9425, 53.0888
9426, 53.0893
9427, 53.0897
9428, 53.0902
9429, 53.0907
9430, 53.0907
9431, 53.0912
9432, 53.0912
9433, 53.0912
9434, 53.0912
9435, 53.0912
9436, 53.0916
9437, 53.0926
9438, 53.0931
9439, 53.0935
9440, 53.094
9441, 53.094
9442, 53.0945
9443, 53.095
9444, 53.095
9445, 53.0955
9446, 53.0955
9447, 53.0955
9448, 53.0959
9449, 53.0959
9450, 53.0959
9451, 53.0959
9452, 53.0964
9453, 53.0964
9454, 53.0964
9455, 53.0974
9456, 53.0974
9457, 53.0978
9458, 53.0983
9459, 53.0988
9460, 53.0988
9461, 53.0993
9462, 53.1002
9463, 53.1007
9464, 53.1012
9465, 53.1016
9466, 53.1021
9467, 53.1021
9468, 53.1026
9469, 53.1026
9470, 53.1026
9471, 53.1026
9472, 53.1031
9473, 53.1031
9474, 53.1035
9475, 53.104
9476, 53.104
9477, 53.1045
9478, 53.105
9479, 53.105
9480, 53.1055
9481, 53.1055
9482, 53.1059
9483, 53.1059
9484, 53.1059
9485, 53.1059
9486, 53.1059
9487, 53.1064
9488, 53.1064
9489, 53.1069
9490, 53.1069
9491, 53.1069
9492, 53.1083
9493, 53.1088
9494, 53.1088
9495, 53.1088
9496, 53.1093
9497, 53.1093
9498, 53.1097
9499, 53.1097
9500, 53.1102
9501, 53.1102
9502, 53.1102
9503, 53.1107
9504, 53.1112
9505, 53.1112
9506, 53.1121
9507, 53.1131
9508, 53.1135
9509, 53.114
9510, 53.115
9511, 53.115
9512, 53.115
9513, 53.1155
9514, 53.1155
9515, 53.1155
9516, 53.1159
9517, 53.1159
9518, 53.1159
9519, 53.1164
9520, 53.1169
9521, 53.1174
9522, 53.1174
9523, 53.1174
9524, 53.1178
9525, 53.1178
9526, 53.1183
9527, 53.1183
9528, 53.1188
9529, 53.1193
9530, 53.1197
9531, 53.1197
9532, 53.1202
9533, 53.1202
9534, 53.1202
9535, 53.1207
9536, 53.1212
9537, 53.1216
9538, 53.1216
9539, 53.1216
9540, 53.1216
9541, 53.1226
9542, 53.1226
9543, 53.1226
9544, 53.1231
9545, 53.1231
9546, 53.1235
9547, 53.1235
9548, 53.1235
9549, 53.124
9550, 53.124
9551, 53.124
9552, 53.124
9553, 53.124
9554, 53.1245
9555, 53.1245
9556, 53.1245
9557, 53.125
9558, 53.1255
9559, 53.1259
9560, 53.1259
9561, 53.1259
9562, 53.1264
9563, 53.1269
9564, 53.1269
9565, 53.1274
9566, 53.1274
9567, 53.1278
9568, 53.1278
9569, 53.1283
9570, 53.1288
9571, 53.1293
9572, 53.1293
9573, 53.1297
9574, 53.1302
9575, 53.1302
9576, 53.1302
9577, 53.1302
9578, 53.1302
9579, 53.1307
9580, 53.1307
9581, 53.1312
9582, 53.1312
9583, 53.1316
9584, 53.1316
9585, 53.1316
9586, 53.1321
9587, 53.1321
9588, 53.1321
9589, 53.1321
9590, 53.1321
9591, 53.1326
9592, 53.1326
9593, 53.1326
9594, 53.1331
9595, 53.1331
9596, 53.1335
9597, 53.1335
9598, 53.1335
9599, 53.1335
9600, 53.134
9601, 53.134
9602, 53.1345
9603, 53.135
9604, 53.135
9605, 53.135
9606, 53.1355
9607, 53.1359
9608, 53.1359
9609, 53.1364
9610, 53.1364
9611, 53.1369
9612, 53.1369
9613, 53.1369
9614, 53.1378
9615, 53.1383
9616, 53.1383
9617, 53.1388
9618, 53.1388
9619, 53.1393
9620, 53.1393
9621, 53.1397
9622, 53.1397
9623, 53.1402
9624, 53.1402
9625, 53.1402
9626, 53.1407
9627, 53.1407
9628, 53.1412
9629, 53.1412
9630, 53.1426
9631, 53.1426
9632, 53.1426
9633, 53.1431
9634, 53.1435
9635, 53.144
9636, 53.144
9637, 53.144
9638, 53.144
9639, 53.1445
9640, 53.1445
9641, 53.145
9642, 53.1455
9643, 53.1455
9644, 53.1459
9645, 53.1459
9646, 53.1464
9647, 53.1464
9648, 53.1469
9649, 53.1469
9650, 53.1469
9651, 53.1469
9652, 53.1474
9653, 53.1474
9654, 53.1478
9655, 53.1483
9656, 53.1483
9657, 53.1483
9658, 53.1488
9659, 53.1493
9660, 53.1493
9661, 53.1493
9662, 53.1497
9663, 53.1497
9664, 53.1502
9665, 53.1502
9666, 53.1502
9667, 53.1507
9668, 53.1507
9669, 53.1507
9670, 53.1507
9671, 53.1507
9672, 53.1512
9673, 53.1516
9674, 53.1516
9675, 53.1521
9676, 53.1526
9677, 53.1531
9678, 53.1531
9679, 53.1535
9680, 53.1535
9681, 53.1535
9682, 53.1535
9683, 53.1535
9684, 53.1535
9685, 53.1535
9686, 53.1535
9687, 53.154
9688, 53.154
9689, 53.1555
9690, 53.1555
9691, 53.1555
9692, 53.1559
9693, 53.1559
9694, 53.1564
9695, 53.1569
9696, 53.1574
9697, 53.1574
9698, 53.1574
9699, 53.1578
9700, 53.1578
9701, 53.1578
9702, 53.1578
9703, 53.1583
9704, 53.1583
9705, 53.1583
9706, 53.1588
9707, 53.1593
9708, 53.1602
9709, 53.1602
9710, 53.1602
9711, 53.1602
9712, 53.1616
9713, 53.1616
9714, 53.1621
9715, 53.1621
9716, 53.1621
9717, 53.1626
9718, 53.1626
9719, 53.1631
9720, 53.1635
9721, 53.1635
9722, 53.1635
9723, 53.164
9724, 53.164
9725, 53.164
9726, 53.1645
9727, 53.1655
9728, 53.1655
9729, 53.1655
9730, 53.1659
9731, 53.1659
9732, 53.1664
9733, 53.1664
9734, 53.1669
9735, 53.1669
9736, 53.1674
9737, 53.1674
9738, 53.1678
9739, 53.1683
9740, 53.1683
9741, 53.1688
9742, 53.1688
9743, 53.1693
9744, 53.1693
9745, 53.1693
9746, 53.1693
9747, 53.1693
9748, 53.1697
9749, 53.1697
9750, 53.1712
9751, 53.1721
9752, 53.1726
9753, 53.1726
9754, 53.1726
9755, 53.1731
9756, 53.1735
9757, 53.174
9758, 53.174
9759, 53.1745
9760, 53.1745
9761, 53.1745
9762, 53.1745
9763, 53.175
9764, 53.175
9765, 53.175
9766, 53.1759
9767, 53.1759
9768, 53.1764
9769, 53.1764
9770, 53.1774
9771, 53.1778
9772, 53.1778
9773, 53.1783
9774, 53.1783
9775, 53.1783
9776, 53.1788
9777, 53.1788
9778, 53.1793
9779, 53.1797
9780, 53.1807
9781, 53.1807
9782, 53.1812
9783, 53.1812
9784, 53.1816
9785, 53.1821
9786, 53.1826
9787, 53.1831
9788, 53.1831
9789, 53.1831
9790, 53.1831
9791, 53.1835
9792, 53.1835
9793, 53.1835
9794, 53.184
9795, 53.184
9796, 53.184
9797, 53.184
9798, 53.184
9799, 53.1845
9800, 53.1845
9801, 53.185
9802, 53.185
9803, 53.185
9804, 53.185
9805, 53.1854
9806, 53.1854
9807, 53.1859
9808, 53.1859
9809, 53.1859
9810, 53.1869
9811, 53.1869
9812, 53.1869
9813, 53.1874
9814, 53.1874
9815, 53.1878
9816, 53.1878
9817, 53.1888
9818, 53.1893
9819, 53.1893
9820, 53.1893
9821, 53.1897
9822, 53.1902
9823, 53.1902
9824, 53.1907
9825, 53.1912
9826, 53.1912
9827, 53.1912
9828, 53.1912
9829, 53.1921
9830, 53.1926
9831, 53.1935
9832, 53.1935
9833, 53.1945
9834, 53.195
9835, 53.195
9836, 53.1959
9837, 53.1959
9838, 53.1959
9839, 53.1964
9840, 53.1964
9841, 53.1964
9842, 53.1964
9843, 53.1964
9844, 53.1964
9845, 53.1964
9846, 53.1969
9847, 53.1974
9848, 53.1988
9849, 53.1988
9850, 53.1988
9851, 53.1988
9852, 53.1988
9853, 53.1993
9854, 53.1997
9855, 53.1997
9856, 53.2007
9857, 53.2007
9858, 53.2012
9859, 53.2012
9860, 53.2012
9861, 53.2012
9862, 53.2012
9863, 53.2016
9864, 53.2016
9865, 53.2021
9866, 53.2021
9867, 53.2021
9868, 53.2026
9869, 53.2026
9870, 53.2026
9871, 53.2026
9872, 53.2026
9873, 53.2026
9874, 53.2035
9875, 53.2035
9876, 53.2035
9877, 53.204
9878, 53.204
9879, 53.204
9880, 53.2045
9881, 53.2045
9882, 53.205
9883, 53.205
9884, 53.2054
9885, 53.2059
9886, 53.2059
9887, 53.2069
9888, 53.2069
9889, 53.2074
9890, 53.2074
9891, 53.2074
9892, 53.2074
9893, 53.2078
9894, 53.2078
9895, 53.2078
9896, 53.2088
9897, 53.2088
9898, 53.2093
9899, 53.2097
9900, 53.2102
9901, 53.2107
9902, 53.2107
9903, 53.2112
9904, 53.2112
9905, 53.2116
9906, 53.2116
9907, 53.2116
9908, 53.2126
9909, 53.2126
9910, 53.2126
9911, 53.2131
9912, 53.2135
9913, 53.2135
9914, 53.2135
9915, 53.214
9916, 53.214
9917, 53.214
9918, 53.2145
9919, 53.215
9920, 53.215
9921, 53.215
9922, 53.2154
9923, 53.2154
9924, 53.2159
9925, 53.2159
9926, 53.2164
9927, 53.2164
9928, 53.2164
9929, 53.2169
9930, 53.2169
9931, 53.2174
9932, 53.2174
9933, 53.2174
9934, 53.2178
9935, 53.2178
9936, 53.2178
9937, 53.2178
9938, 53.2183
9939, 53.2188
9940, 53.2193
9941, 53.2197
9942, 53.2202
9943, 53.2207
9944, 53.2207
9945, 53.2207
9946, 53.2212
9947, 53.2212
9948, 53.2216
9949, 53.2216
9950, 53.2221
9951, 53.2221
9952, 53.2221
9953, 53.2226
9954, 53.2231
9955, 53.2231
9956, 53.2231
9957, 53.2235
9958, 53.224
9959, 53.225
9960, 53.2254
9961, 53.2254
9962, 53.2254
9963, 53.2259
9964, 53.2269
9965, 53.2269
9966, 53.2274
9967, 53.2274
9968, 53.2283
9969, 53.2288
9970, 53.2288
9971, 53.2293
9972, 53.2293
9973, 53.2293
9974, 53.2293
9975, 53.2297
9976, 53.2297
9977, 53.2297
9978, 53.2297
9979, 53.2302
9980, 53.2302
9981, 53.2307
9982, 53.2316
9983, 53.2316
9984, 53.2326
9985, 53.2326
9986, 53.2326
9987, 53.2331
9988, 53.2335
9989, 53.2335
9990, 53.234
9991, 53.234
9992, 53.2345
9993, 53.2345
9994, 53.2345
9995, 53.2354
9996, 53.2359
9997, 53.2359
9998, 53.2359
9999, 53.2364
10000, 53.2364
10001, 53.2369
10002, 53.2369
10003, 53.2374
10004, 53.2374
10005, 53.2374
10006, 53.2374
10007, 53.2374
10008, 53.2374
10009, 53.2378
10010, 53.2378
10011, 53.2378
10012, 53.2378
10013, 53.2383
10014, 53.2383
10015, 53.2383
10016, 53.2383
10017, 53.2383
10018, 53.2397
10019, 53.2397
10020, 53.2397
10021, 53.2397
10022, 53.2397
10023, 53.2402
10024, 53.2402
10025, 53.2402
10026, 53.2402
10027, 53.2407
10028, 53.2407
10029, 53.2407
10030, 53.2407
10031, 53.2412
10032, 53.2412
10033, 53.2412
10034, 53.2416
10035, 53.2416
10036, 53.2416
10037, 53.2426
10038, 53.2426
10039, 53.2431
10040, 53.244
10041, 53.244
10042, 53.244
10043, 53.2445
10044, 53.2445
10045, 53.2445
10046, 53.2454
10047, 53.2459
10048, 53.2459
10049, 53.2464
10050, 53.2464
10051, 53.2469
10052, 53.2469
10053, 53.2469
10054, 53.2478
10055, 53.2483
10056, 53.2483
10057, 53.2497
10058, 53.2497
10059, 53.2502
10060, 53.2507
10061, 53.2512
10062, 53.2516
10063, 53.2521
10064, 53.2521
10065, 53.2521
10066, 53.2526
10067, 53.2531
10068, 53.2531
10069, 53.2535
10070, 53.2535
10071, 53.2535
10072, 53.2535
10073, 53.254
10074, 53.2545
10075, 53.2545
10076, 53.255
10077, 53.255
10078, 53.255
10079, 53.255
10080, 53.255
10081, 53.2554
10082, 53.2559
10083, 53.2564
10084, 53.2564
10085, 53.2569
10086, 53.2569
10087, 53.2574
10088, 53.2578
10089, 53.2593
10090, 53.2593
10091, 53.2602
10092, 53.2602
10093, 53.2602
10094, 53.2607
10095, 53.2607
10096, 53.2612
10097, 53.2612
10098, 53.2612
10099, 53.2616
10100, 53.2626
10101, 53.2626
10102, 53.2635
10103, 53.2635
10104, 53.2635
10105, 53.264
10106, 53.264
10107, 53.2645
10108, 53.2645
10109, 53.265
10110, 53.265
10111, 53.2654
10112, 53.2659
10113, 53.2659
10114, 53.2664
10115, 53.2664
10116, 53.2669
10117, 53.2674
10118, 53.2678
10119, 53.2678
10120, 53.2678
10121, 53.2683
10122, 53.2688
10123, 53.2688
10124, 53.2688
10125, 53.2697
10126, 53.2697
10127, 53.2697
10128, 53.2707
10129, 53.2712
10130, 53.2716
10131, 53.2716
10132, 53.2721
10133, 53.2721
10134, 53.2721
10135, 53.2721
10136, 53.2721
10137, 53.2726
10138, 53.2726
10139, 53.2726
10140, 53.2731
10141, 53.2731
10142, 53.2731
10143, 53.2735
10144, 53.274
10145, 53.274
10146, 53.274
10147, 53.274
10148, 53.2745
10149, 53.275
10150, 53.2754
10151, 53.2754
10152, 53.2759
10153, 53.2774
10154, 53.2778
10155, 53.2783
10156, 53.2783
10157, 53.2788
10158, 53.2788
10159, 53.2793
10160, 53.2793
10161, 53.2797
10162, 53.2797
10163, 53.2802
10164, 53.2807
10165, 53.2807
10166, 53.2807
10167, 53.2807
10168, 53.2812
10169, 53.2816
10170, 53.2831
10171, 53.2831
10172, 53.2831
10173, 53.2835
10174, 53.284
10175, 53.284
10176, 53.2845
10177, 53.2845
10178, 53.2845
10179, 53.285
10180, 53.285
10181, 53.2854
10182, 53.2854
10183, 53.2859
10184, 53.2859
10185, 53.2864
10186, 53.2864
10187, 53.2864
10188, 53.2864
10189, 53.2869
10190, 53.2869
10191, 53.2878
10192, 53.2878
10193, 53.2878
10194, 53.2888
10195, 53.2888
10196, 53.2888
10197, 53.2888
10198, 53.2893
10199, 53.2893
10200, 53.2897
10201, 53.2902
10202, 53.2907
10203, 53.2907
10204, 53.2907
10205, 53.2907
10206, 53.2907
10207, 53.2907
10208, 53.2907
10209, 53.2912
10210, 53.2912
10211, 53.2912
10212, 53.2926
10213, 53.2926
10214, 53.2931
10215, 53.2931
10216, 53.2931
10217, 53.2935
10218, 53.2945
10219, 53.2945
10220, 53.2954
10221, 53.2959
10222, 53.2959
10223, 53.2959
10224, 53.2964
10225, 53.2969
10226, 53.2969
10227, 53.2974
10228, 53.2974
10229, 53.2978
10230, 53.2978
10231, 53.2978
10232, 53.2993
10233, 53.2997
10234, 53.2997
10235, 53.3012
10236, 53.3012
10237, 53.3016
10238, 53.3016
10239, 53.3016
10240, 53.3016
10241, 53.3016
10242, 53.3021
10243, 53.3021
10244, 53.3026
10245, 53.3026
10246, 53.3026
10247, 53.3026
10248, 53.3031
10249, 53.3031
10250, 53.3031
10251, 53.3031
10252, 53.3035
10253, 53.304
10254, 53.3045
10255, 53.305
10256, 53.305
10257, 53.3054
10258, 53.3054
10259, 53.3059
10260, 53.3059
10261, 53.3064
10262, 53.3069
10263, 53.3069
10264, 53.3069
10265, 53.3074
10266, 53.3074
10267, 53.3078
10268, 53.3078
10269, 53.3083
10270, 53.3083
10271, 53.3083
10272, 53.3088
10273, 53.3088
10274, 53.3088
10275, 53.3093
10276, 53.3093
10277, 53.3097
10278, 53.3097
10279, 53.3097
10280, 53.3102
10281, 53.3107
10282, 53.3107
10283, 53.3112
10284, 53.3112
10285, 53.3112
10286, 53.3112
10287, 53.3112
10288, 53.3116
10289, 53.3116
10290, 53.3116
10291, 53.3116
10292, 53.3131
10293, 53.3131
10294, 53.3131
10295, 53.3135
10296, 53.3135
10297, 53.3135
10298, 53.314
10299, 53.3145
10300, 53.3145
10301, 53.315
10302, 53.3154
10303, 53.3154
10304, 53.3159
10305, 53.3164
10306, 53.3164
10307, 53.3164
10308, 53.3169
10309, 53.3169
10310, 53.3174
10311, 53.3174
10312, 53.3178
10313, 53.3178
10314, 53.3183
10315, 53.3188
10316, 53.3193
10317, 53.3197
10318, 53.3197
10319, 53.3202
10320, 53.3212
10321, 53.3212
10322, 53.3216
10323, 53.3216
10324, 53.3216
10325, 53.3216
10326, 53.3221
10327, 53.3221
10328, 53.3226
10329, 53.3231
10330, 53.3231
10331, 53.3231
10332, 53.3231
10333, 53.3235
10334, 53.324
10335, 53.3245
10336, 53.3245
10337, 53.3245
10338, 53.325
10339, 53.3254
10340, 53.3254
10341, 53.3254
10342, 53.3254
10343, 53.3259
10344, 53.3259
10345, 53.3264
10346, 53.3264
10347, 53.3269
10348, 53.3269
10349, 53.3269
10350, 53.3269
10351, 53.3274
10352, 53.3278
10353, 53.3278
10354, 53.3278
10355, 53.3278
10356, 53.3288
10357, 53.3293
10358, 53.3293
10359, 53.3302
10360, 53.3302
10361, 53.3302
10362, 53.3307
10363, 53.3307
10364, 53.3312
10365, 53.3312
10366, 53.3312
10367, 53.3312
10368, 53.3312
10369, 53.3316
10370, 53.3316
10371, 53.3321
10372, 53.3321
10373, 53.3326
10374, 53.3326
10375, 53.3335
10376, 53.334
10377, 53.335
10378, 53.335
10379, 53.3354
10380, 53.3354
10381, 53.3364
10382, 53.3373
10383, 53.3373
10384, 53.3378
10385, 53.3383
10386, 53.3383
10387, 53.3388
10388, 53.3388
10389, 53.3388
10390, 53.3388
10391, 53.3393
10392, 53.3393
10393, 53.3397
10394, 53.3397
10395, 53.3402
10396, 53.3407
10397, 53.3416
10398, 53.3416
10399, 53.3416
10400, 53.3416
10401, 53.3416
10402, 53.3416
10403, 53.3416
10404, 53.3421
10405, 53.3421
10406, 53.3421
10407, 53.3426
10408, 53.3426
10409, 53.344
10410, 53.344
10411, 53.344
10412, 53.344
10413, 53.3445
10414, 53.3445
10415, 53.3445
10416, 53.3445
10417, 53.345
10418, 53.3454
10419, 53.3459
10420, 53.3464
10421, 53.3464
10422, 53.3464
10423, 53.3469
10424, 53.3473
10425, 53.3473
10426, 53.3478
10427, 53.3478
10428, 53.3483
10429, 53.3483
10430, 53.3483
10431, 53.3483
10432, 53.3488
10433, 53.3488
10434, 53.3488
10435, 53.3488
10436, 53.3493
10437, 53.3493
10438, 53.3493
10439, 53.3493
10440, 53.3502
10441, 53.3502
10442, 53.3502
10443, 53.3512
10444, 53.3512
10445, 53.3516
10446, 53.3516
10447, 53.3521
10448, 53.3521
10449, 53.3526
10450, 53.3526
10451, 53.3535
10452, 53.3545
10453, 53.3545
10454, 53.3545
10455, 53.3545
10456, 53.3545
10457, 53.3545
10458, 53.355
10459, 53.3554
10460, 53.3559
10461, 53.3569
10462, 53.3573
10463, 53.3573
10464, 53.3573
10465, 53.3583
10466, 53.3593
10467, 53.3593
10468, 53.3593
10469, 53.3597
10470, 53.3597
10471, 53.3597
10472, 53.3602
10473, 53.3612
10474, 53.3612
10475, 53.3621
10476, 53.3621
10477, 53.3626
10478, 53.3626
10479, 53.3631
10480, 53.364
10481, 53.364
10482, 53.364
10483, 53.3645
10484, 53.3645
10485, 53.365
10486, 53.3654
10487, 53.3654
10488, 53.3659
10489, 53.3659
10490, 53.3659
10491, 53.3673
10492, 53.3673
10493, 53.3678
10494, 53.3683
10495, 53.3688
10496, 53.3693
10497, 53.3697
10498, 53.3707
10499, 53.3707
10500, 53.3712
10501, 53.3716
10502, 53.3721
10503, 53.3721
10504, 53.3721
10505, 53.3726
10506, 53.3735
10507, 53.3735
10508, 53.374
10509, 53.374
10510, 53.374
10511, 53.374
10512, 53.3745
10513, 53.3754
10514, 53.3759
10515, 53.3764
10516, 53.3769
10517, 53.3773
10518, 53.3773
10519, 53.3783
10520, 53.3783
10521, 53.3783
10522, 53.3783
10523, 53.3783
10524, 53.3788
10525, 53.3788
10526, 53.3793
10527, 53.3793
10528, 53.3793
10529, 53.3793
10530, 53.3793
10531, 53.3797
10532, 53.3797
10533, 53.3802
10534, 53.3812
10535, 53.3812
10536, 53.3812
10537, 53.3816
10538, 53.3821
10539, 53.3821
10540, 53.3826
10541, 53.3826
10542, 53.3835
10543, 53.3835
10544, 53.3835
10545, 53.384
10546, 53.384
10547, 53.384
10548, 53.384
10549, 53.3845
10550, 53.3845
10551, 53.385
10552, 53.385
10553, 53.3854
10554, 53.3859
10555, 53.3859
10556, 53.3859
10557, 53.3859
10558, 53.3859
10559, 53.3864
10560, 53.3864
10561, 53.3864
10562, 53.3864
10563, 53.3869
10564, 53.3869
10565, 53.3869
10566, 53.3873
10567, 53.3878
10568, 53.3883
10569, 53.3883
10570, 53.3883
10571, 53.3883
10572, 53.3883
10573, 53.3888
10574, 53.3893
10575, 53.3897
10576, 53.3907
10577, 53.3907
10578, 53.3907
10579, 53.3907
10580, 53.3912
10581, 53.3912
10582, 53.3912
10583, 53.3916
10584, 53.3921
10585, 53.3926
10586, 53.3926
10587, 53.3926
10588, 53.3926
10589, 53.3931
10590, 53.3931
10591, 53.3931
10592, 53.3935
10593, 53.3945
10594, 53.3945
10595, 53.395
10596, 53.395
10597, 53.3954
10598, 53.3954
10599, 53.3959
10600, 53.3964
10601, 53.3964
10602, 53.3973
10603, 53.3973
10604, 53.3983
10605, 53.3988
10606, 53.3988
10607, 53.3988
10608, 53.3988
10609, 53.3993
10610, 53.3993
10611, 53.3993
10612, 53.3997
10613, 53.3997
10614, 53.4002
10615, 53.4007
10616, 53.4012
10617, 53.4016
10618, 53.4021
10619, 53.4026
10620, 53.4026
10621, 53.4031
10622, 53.4031
10623, 53.4031
10624, 53.4031
10625, 53.4035
10626, 53.404
10627, 53.404
10628, 53.404
10629, 53.4045
10630, 53.4045
10631, 53.4045
10632, 53.405
10633, 53.405
10634, 53.4054
10635, 53.4054
10636, 53.4054
10637, 53.4059
10638, 53.4064
10639, 53.4064
10640, 53.4064
10641, 53.4069
10642, 53.4069
10643, 53.4069
10644, 53.4073
10645, 53.4073
10646, 53.4073
10647, 53.4073
10648, 53.4088
10649, 53.4093
10650, 53.4097
10651, 53.4097
10652, 53.4097
10653, 53.4102
10654, 53.4102
10655, 53.4112
10656, 53.4112
10657, 53.4112
10658, 53.4116
10659, 53.4116
10660, 53.4116
10661, 53.4121
10662, 53.4121
10663, 53.4121
10664, 53.4121
10665, 53.4126
10666, 53.4126
10667, 53.4126
10668, 53.4126
10669, 53.4131
10670, 53.4131
10671, 53.4131
10672, 53.4135
10673, 53.414
10674, 53.414
10675, 53.4145
10676, 53.415
10677, 53.415
10678, 53.4154
10679, 53.4154
10680, 53.4154
10681, 53.4159
10682, 53.4169
10683, 53.4173
10684, 53.4173
10685, 53.4173
10686, 53.4173
10687, 53.4178
10688, 53.4178
10689, 53.4178
10690, 53.4178
10691, 53.4183
10692, 53.4183
10693, 53.4188
10694, 53.4197
10695, 53.4197
10696, 53.4197
10697, 53.4202
10698, 53.4207
10699, 53.4216
10700, 53.4216
10701, 53.4221
10702, 53.4226
10703, 53.4226
10704, 53.4235
10705, 53.425
10706, 53.425
10707, 53.425
10708, 53.4254
10709, 53.4254
10710, 53.4254
10711, 53.4259
10712, 53.4269
10713, 53.4273
10714, 53.4273
10715, 53.4278
10716, 53.4278
10717, 53.4278
10718, 53.4288
10719, 53.4288
10720, 53.4288
10721, 53.4288
10722, 53.4288
10723, 53.4293
10724, 53.4297
10725, 53.4297
10726, 53.4312
10727, 53.4312
10728, 53.4312
10729, 53.4316
10730, 53.4316
10731, 53.4326
10732, 53.4331
10733, 53.4331
10734, 53.4331
10735, 53.4335
10736, 53.434
10737, 53.434
10738, 53.434
10739, 53.4345
10740, 53.435
10741, 53.4354
10742, 53.4354
10743, 53.4359
10744, 53.4359
10745, 53.4359
10746, 53.4359
10747, 53.4364
10748, 53.4364
10749, 53.4369
10750, 53.4378
10751, 53.4383
10752, 53.4388
10753, 53.4388
10754, 53.4388
10755, 53.4397
10756, 53.4397
10757, 53.4397
10758, 53.4397
10759, 53.4402
10760, 53.4402
10761, 53.4402
10762, 53.4407
10763, 53.4407
10764, 53.4412
10765, 53.4416
10766, 53.4416
10767, 53.4426
10768, 53.4426
10769, 53.4426
10770, 53.4426
10771, 53.4431
10772, 53.444
10773, 53.444
10774, 53.444
10775, 53.4445
10776, 53.4445
10777, 53.4445
10778, 53.4445
10779, 53.4445
10780, 53.4454
10781, 53.4454
10782, 53.4459
10783, 53.4459
10784, 53.4464
10785, 53.4464
10786, 53.4478
10787, 53.4483
10788, 53.4483
10789, 53.4483
10790, 53.4488
10791, 53.4488
10792, 53.4493
10793, 53.4497
10794, 53.4497
10795, 53.4502
10796, 53.4502
10797, 53.4502
10798, 53.4507
10799, 53.4516
10800, 53.4516
10801, 53.4521
10802, 53.4535
10803, 53.4535
10804, 53.4545
10805, 53.4545
10806, 53.4545
10807, 53.4545
10808, 53.4545
10809, 53.4545
10810, 53.455
10811, 53.4554
10812, 53.4554
10813, 53.4559
10814, 53.4559
10815, 53.4564
10816, 53.4569
10817, 53.4569
10818, 53.4573
10819, 53.4573
10820, 53.4573
10821, 53.4573
10822, 53.4578
10823, 53.4578
10824, 53.4578
10825, 53.4583
10826, 53.4583
10827, 53.4588
10828, 53.4588
10829, 53.4588
10830, 53.4588
10831, 53.4597
10832, 53.4597
10833, 53.4597
10834, 53.4597
10835, 53.4602
10836, 53.4602
10837, 53.4602
10838, 53.4602
10839, 53.4612
10840, 53.4612
10841, 53.4612
10842, 53.4616
10843, 53.4621
10844, 53.4621
10845, 53.4621
10846, 53.4621
10847, 53.4621
10848, 53.4626
10849, 53.4631
10850, 53.4631
10851, 53.4635
10852, 53.464
10853, 53.464
10854, 53.464
10855, 53.464
10856, 53.4645
10857, 53.465
10858, 53.465
10859, 53.465
10860, 53.465
10861, 53.465
10862, 53.4654
10863, 53.4654
10864, 53.4654
10865, 53.4659
10866, 53.4664
10867, 53.4664
10868, 53.4669
10869, 53.4669
10870, 53.4673
10871, 53.4678
10872, 53.4678
10873, 53.4683
10874, 53.4688
10875, 53.4693
10876, 53.4693
10877, 53.4697
10878, 53.4697
10879, 53.4697
10880, 53.4702
10881, 53.4702
10882, 53.4707
10883, 53.4712
10884, 53.4716
10885, 53.4726
10886, 53.4726
10887, 53.4735
10888, 53.4735
10889, 53.4735
10890, 53.4735
10891, 53.4735
10892, 53.474
10893, 53.474
10894, 53.4745
10895, 53.475
10896, 53.475
10897, 53.475
10898, 53.475
10899, 53.4754
10900, 53.4754
10901, 53.4759
10902, 53.4764
10903, 53.4769
10904, 53.4769
10905, 53.4773
10906, 53.4778
10907, 53.4778
10908, 53.4793
10909, 53.4797
10910, 53.4797
10911, 53.4797
10912, 53.4797
10913, 53.4802
10914, 53.4812
10915, 53.4816
10916, 53.4816
10917, 53.4816
10918, 53.4821
10919, 53.4821
10920, 53.4821
10921, 53.4821
10922, 53.4826
10923, 53.4826
10924, 53.4826
10925, 53.4831
10926, 53.4831
10927, 53.4831
10928, 53.4835
10929, 53.4835
10930, 53.4845
10931, 53.4845
10932, 53.485
10933, 53.4854
10934, 53.4864
10935, 53.4864
10936, 53.4869
10937, 53.4873
10938, 53.4878
10939, 53.4878
10940, 53.4883
10941, 53.4888
10942, 53.4897
10943, 53.4902
10944, 53.4902
10945, 53.4902
10946, 53.4907
10947, 53.4907
10948, 53.4907
10949, 53.4912
10950, 53.4916
10951, 53.4921
10952, 53.4926
10953, 53.4926
10954, 53.4926
10955, 53.4935
10956, 53.494
10957, 53.495
10958, 53.495
10959, 53.495
10960, 53.495
10961, 53.495
10962, 53.4959
10963, 53.4959
10964, 53.4959
10965, 53.4964
10966, 53.4969
10967, 53.4983
10968, 53.4983
10969, 53.4983
10970, 53.4988
10971, 53.4992
10972, 53.4992
10973, 53.4997
10974, 53.5002
10975, 53.5007
10976, 53.5007
10977, 53.5016
10978, 53.5016
10979, 53.5021
10980, 53.5021
10981, 53.5031
10982, 53.5035
10983, 53.5035
10984, 53.504
10985, 53.5045
10986, 53.5054
10987, 53.5054
10988, 53.5054
10989, 53.5064
10990, 53.5069
10991, 53.5078
10992, 53.5078
10993, 53.5083
10994, 53.5083
10995, 53.5092
10996, 53.5102
10997, 53.5102
10998, 53.5107
10999, 53.5112
11000, 53.5121
11001, 53.5121
11002, 53.5121
11003, 53.5126
11004, 53.5135
11005, 53.5145
11006, 53.5145
11007, 53.5154
11008, 53.5159
11009, 53.5159
11010, 53.5159
11011, 53.5169
11012, 53.5169
11013, 53.5169
11014, 53.5169
11015, 53.5173
11016, 53.5178
11017, 53.5178
11018, 53.5178
11019, 53.5183
11020, 53.5183
11021, 53.5183
11022, 53.5188
11023, 53.5192
11024, 53.5197
11025, 53.5202
11026, 53.5202
11027, 53.5207
11028, 53.5207
11029, 53.5207
11030, 53.5212
11031, 53.5212
11032, 53.5221
11033, 53.5221
11034, 53.5221
11035, 53.5226
11036, 53.5226
11037, 53.5226
11038, 53.5235
11039, 53.524
11040, 53.5245
11041, 53.5254
11042, 53.5254
11043, 53.5254
11044, 53.5254
11045, 53.5259
11046, 53.5259
11047, 53.5264
11048, 53.5269
11049, 53.5269
11050, 53.5273
11051, 53.5278
11052, 53.5278
11053, 53.5283
11054, 53.5283
11055, 53.5292
11056, 53.5292
11057, 53.5297
11058, 53.5297
11059, 53.5302
11060, 53.5302
11061, 53.5302
11062, 53.5302
11063, 53.5302
11064, 53.5302
11065, 53.5307
11066, 53.5307
11067, 53.5307
11068, 53.5312
11069, 53.5312
11070, 53.5312
11071, 53.5316
11072, 53.5316
11073, 53.5316
11074, 53.5316
11075, 53.5321
11076, 53.5326
11077, 53.5331
11078, 53.5331
11079, 53.5331
11080, 53.534
11081, 53.5345
11082, 53.5345
11083, 53.5345
11084, 53.535
11085, 53.535
11086, 53.535
11087, 53.5359
11088, 53.5364
11089, 53.5364
11090, 53.5373
11091, 53.5378
11092, 53.5378
11093, 53.5383
11094, 53.5383
11095, 53.5388
11096, 53.5392
11097, 53.5397
11098, 53.5397
11099, 53.5402
11100, 53.5402
11101, 53.5407
11102, 53.5412
11103, 53.5426
11104, 53.5426
11105, 53.5431
11106, 53.544
11107, 53.5445
11108, 53.545
11109, 53.5454
11110, 53.5454
11111, 53.5459
11112, 53.5459
11113, 53.5459
11114, 53.5459
11115, 53.5464
11116, 53.5469
11117, 53.5469
11118, 53.5469
11119, 53.5469
11120, 53.5478
11121, 53.5483
11122, 53.5483
11123, 53.5483
11124, 53.5488
11125, 53.5492
11126, 53.5492
11127, 53.5497
11128, 53.5502
11129, 53.5512
11130, 53.5521
11131, 53.5521
11132, 53.5526
11133, 53.5526
11134, 53.5531
11135, 53.5531
11136, 53.5535
11137, 53.5535
11138, 53.554
11139, 53.5545
11140, 53.5545
11141, 53.555
11142, 53.555
11143, 53.555
11144, 53.5559
11145, 53.5559
11146, 53.5559
11147, 53.5564
11148, 53.5564
11149, 53.5569
11150, 53.5569
11151, 53.5573
11152, 53.5573
11153, 53.5578
11154, 53.5583
11155, 53.5583
11156, 53.5592
11157, 53.5597
11158, 53.5597
11159, 53.5602
11160, 53.5607
11161, 53.5616
11162, 53.5621
11163, 53.5626
11164, 53.5626
11165, 53.5626
11166, 53.5631
11167, 53.5635
11168, 53.5635
11169, 53.5635
11170, 53.5635
11171, 53.564
11172, 53.565
11173, 53.5654
11174, 53.5654
11175, 53.5654
11176, 53.5659
11177, 53.5659
11178, 53.5659
11179, 53.5664
11180, 53.5669
11181, 53.5669
11182, 53.5673
11183, 53.5673
11184, 53.5673
11185, 53.5678
11186, 53.5683
11187, 53.5683
11188, 53.5683
11189, 53.5683
11190, 53.5688
11191, 53.5688
11192, 53.5692
11193, 53.5692
11194, 53.5692
11195, 53.5692
11196, 53.5697
11197, 53.5702
11198, 53.5707
11199, 53.5707
11200, 53.5707
11201, 53.5707
11202, 53.5712
11203, 53.5721
11204, 53.5721
11205, 53.5721
11206, 53.5726
11207, 53.5726
11208, 53.5726
11209, 53.5731
11210, 53.5731
11211, 53.5735
11212, 53.5735
11213, 53.5735
11214, 53.5745
11215, 53.5745
11216, 53.5745
11217, 53.575
11218, 53.575
11219, 53.575
11220, 53.575
11221, 53.5754
11222, 53.5754
11223, 53.5759
11224, 53.5759
11225, 53.5764
11226, 53.5769
11227, 53.5773
11228, 53.5773
11229, 53.5773
11230, 53.5773
11231, 53.5773
11232, 53.5783
11233, 53.5783
11234, 53.5783
11235, 53.5783
11236, 53.5788
11237, 53.5788
11238, 53.5788
11239, 53.5792
11240, 53.5797
11241, 53.5807
11242, 53.5812
11243, 53.5816
11244, 53.5816
11245, 53.5821
11246, 53.5826
11247, 53.5831
11248, 53.5835
11249, 53.584
11250, 53.584
11251, 53.5845
11252, 53.5845
11253, 53.5845
11254, 53.5845
11255, 53.5845
11256, 53.585
11257, 53.585
11258, 53.5854
11259, 53.5854
11260, 53.5859
11261, 53.5859
11262, 53.5864
11263, 53.5864
11264, 53.5869
11265, 53.5869
11266, 53.5873
11267, 53.5878
11268, 53.5883
11269, 53.5883
11270, 53.5888
11271, 53.5888
11272, 53.5888
11273, 53.5888
11274, 53.5897
11275, 53.5902
11276, 53.5902
11277, 53.5907
11278, 53.5916
11279, 53.5921
11280, 53.5921
11281, 53.5921
11282, 53.5926
11283, 53.5926
11284, 53.5931
11285, 53.5931
11286, 53.5931
11287, 53.5931
11288, 53.5935
11289, 53.5935
11290, 53.594
11291, 53.5945
11292, 53.595
11293, 53.595
11294, 53.5954
11295, 53.5954
11296, 53.5959
11297, 53.5964
11298, 53.5969
11299, 53.5969
11300, 53.5973
11301, 53.5978
11302, 53.5978
11303, 53.5983
11304, 53.5983
11305, 53.5983
11306, 53.5988
11307, 53.5992
11308, 53.5992
11309, 53.5997
11310, 53.5997
11311, 53.6002
11312, 53.6002
11313, 53.6002
11314, 53.6007
11315, 53.6012
11316, 53.6012
11317, 53.6016
11318, 53.6021
11319, 53.6021
11320, 53.6026
11321, 53.6026
11322, 53.6026
11323, 53.6035
11324, 53.604
11325, 53.6045
11326, 53.6045
11327, 53.6045
11328, 53.6045
11329, 53.6045
11330, 53.6054
11331, 53.6054
11332, 53.6054
11333, 53.6054
11334, 53.6054
11335, 53.6054
11336, 53.6059
11337, 53.6064
11338, 53.6064
11339, 53.6069
11340, 53.6069
11341, 53.6073
11342, 53.6078
11343, 53.6078
11344, 53.6078
11345, 53.6078
11346, 53.6083
11347, 53.6083
11348, 53.6083
11349, 53.6088
11350, 53.6092
11351, 53.6092
11352, 53.6102
11353, 53.6102
11354, 53.6112
11355, 53.6112
11356, 53.6116
11357, 53.6116
11358, 53.6121
11359, 53.6121
11360, 53.6121
11361, 53.6131
11362, 53.6131
11363, 53.6135
11364, 53.6145
11365, 53.6145
11366, 53.615
11367, 53.615
11368, 53.615
11369, 53.6154
11370, 53.6154
11371, 53.6159
11372, 53.6169
11373, 53.6169
11374, 53.6169
11375, 53.6169
11376, 53.6183
11377, 53.6183
11378, 53.6183
11379, 53.6183
11380, 53.6188
11381, 53.6192
11382, 53.6192
11383, 53.6197
11384, 53.6197
11385, 53.6202
11386, 53.6207
11387, 53.6207
11388, 53.6212
11389, 53.6212
11390, 53.6221
11391, 53.6226
11392, 53.6235
11393, 53.6235
11394, 53.6235
11395, 53.6235
11396, 53.624
11397, 53.6245
11398, 53.6254
11399, 53.6264
11400, 53.6273
11401, 53.6283
11402, 53.6288
11403, 53.6302
11404, 53.6307
11405, 53.6307
11406, 53.6307
11407, 53.6312
11408, 53.6316
11409, 53.6321
11410, 53.6321
11411, 53.6321
11412, 53.6321
11413, 53.6326
11414, 53.6326
11415, 53.6335
11416, 53.634
11417, 53.6345
11418, 53.635
11419, 53.635
11420, 53.6354
11421, 53.6354
11422, 53.6354
11423, 53.6354
11424, 53.6354
11425, 53.6359
11426, 53.6364
11427, 53.6369
11428, 53.6369
11429, 53.6373
11430, 53.6378
11431, 53.6388
11432, 53.6388
11433, 53.6392
11434, 53.6392
11435, 53.6392
11436, 53.6392
11437, 53.6397
11438, 53.6402
11439, 53.6402
11440, 53.6411
11441, 53.6416
11442, 53.6421
11443, 53.6426
11444, 53.6426
11445, 53.6426
11446, 53.6435
11447, 53.644
11448, 53.6445
11449, 53.6454
11450, 53.6459
11451, 53.6459
11452, 53.6469
11453, 53.6469
11454, 53.6469
11455, 53.6473
11456, 53.6478
11457, 53.6483
11458, 53.6483
11459, 53.6483
11460, 53.6488
11461, 53.6488
11462, 53.6492
11463, 53.6492
11464, 53.6497
11465, 53.6502
11466, 53.6507
11467, 53.6507
11468, 53.6507
11469, 53.6507
11470, 53.6511
11471, 53.6516
11472, 53.6516
11473, 53.6521
11474, 53.6521
11475, 53.6521
11476, 53.6526
11477, 53.6526
11478, 53.6526
11479, 53.6531
11480, 53.6535
11481, 53.654
11482, 53.6545
11483, 53.6554
11484, 53.6554
11485, 53.6554
11486, 53.6564
11487, 53.6564
11488, 53.6564
11489, 53.6569
11490, 53.6569
11491, 53.6573
11492, 53.6578
11493, 53.6583
11494, 53.6597
11495, 53.6597
11496, 53.6602
11497, 53.6607
11498, 53.6611
11499, 53.6611
11500, 53.6616
11501, 53.6616
11502, 53.6616
11503, 53.6621
11504, 53.6621
11505, 53.6621
11506, 53.6621
11507, 53.6631
11508, 53.6635
11509, 53.6635
11510, 53.664
11511, 53.664
11512, 53.664
11513, 53.664
11514, 53.664
11515, 53.6645
11516, 53.6645
11517, 53.665
11518, 53.665
11519, 53.665
11520, 53.665
11521, 53.6654
11522, 53.6659
11523, 53.6669
11524, 53.6669
11525, 53.6673
11526, 53.6673
11527, 53.6673
11528, 53.6683
11529, 53.6688
11530, 53.6692
11531, 53.6707
11532, 53.6711
11533, 53.6711
11534, 53.6711
11535, 53.6716
11536, 53.6716
11537, 53.6716
11538, 53.6721
11539, 53.6721
11540, 53.6721
11541, 53.6726
11542, 53.6726
11543, 53.6731
11544, 53.6731
11545, 53.6735
11546, 53.674
11547, 53.6745
11548, 53.6745
11549, 53.6745
11550, 53.675
11551, 53.6754
11552, 53.6759
11553, 53.6764
11554, 53.6764
11555, 53.6769
11556, 53.6769
11557, 53.6769
11558, 53.6769
11559, 53.6773
11560, 53.6778
11561, 53.6783
11562, 53.6792
11563, 53.6792
11564, 53.6797
11565, 53.6802
11566, 53.6802
11567, 53.6807
11568, 53.6807
11569, 53.6807
11570, 53.6811
11571, 53.6811
11572, 53.6816
11573, 53.6816
11574, 53.6821
11575, 53.6821
11576, 53.6826
11577, 53.6826
11578, 53.6826
11579, 53.6826
11580, 53.6826
11581, 53.6831
11582, 53.6835
11583, 53.6835
11584, 53.684
11585, 53.684
11586, 53.685
11587, 53.685
11588, 53.685
11589, 53.6854
11590, 53.6854
11591, 53.6859
11592, 53.6864
11593, 53.6869
11594, 53.6873
11595, 53.6873
11596, 53.6878
11597, 53.6883
11598, 53.6892
11599, 53.6892
11600, 53.6897
11601, 53.6897
11602, 53.6902
11603, 53.6902
11604, 53.6911
11605, 53.6911
11606, 53.6911
11607, 53.6916
11608, 53.6921
11609, 53.6921
11610, 53.6921
11611, 53.6921
11612, 53.6921
11613, 53.6926
11614, 53.6926
11615, 53.6931
11616, 53.6931
11617, 53.6931
11618, 53.6935
11619, 53.6945
11620, 53.6945
11621, 53.6945
11622, 53.695
11623, 53.6954
11624, 53.6954
11625, 53.6959
11626, 53.6959
11627, 53.6964
11628, 53.6969
11629, 53.6969
11630, 53.6973
11631, 53.6978
11632, 53.6978
11633, 53.6978
11634, 53.6978
11635, 53.6983
11636, 53.6983
11637, 53.6983
11638, 53.6983
11639, 53.6997
11640, 53.6997
11641, 53.7002
11642, 53.7002
11643, 53.7002
11644, 53.7011
11645, 53.7016
11646, 53.7016
11647, 53.7021
11648, 53.7021
11649, 53.7021
11650, 53.7021
11651, 53.7031
11652, 53.7035
11653, 53.704
11654, 53.704
11655, 53.7045
11656, 53.7045
11657, 53.705
11658, 53.7054
11659, 53.7059
11660, 53.7059
11661, 53.7059
11662, 53.7064
11663, 53.7064
11664, 53.7064
11665, 53.7073
11666, 53.7078
11667, 53.7078
11668, 53.7078
11669, 53.7083
11670, 53.7083
11671, 53.7092
11672, 53.7092
11673, 53.7092
11674, 53.7097
11675, 53.7097
11676, 53.7097
11677, 53.7102
11678, 53.7102
11679, 53.7102
11680, 53.7107
11681, 53.7107
11682, 53.7111
11683, 53.7111
11684, 53.7116
11685, 53.7116
11686, 53.7116
11687, 53.7121
11688, 53.7126
11689, 53.7126
11690, 53.7131
11691, 53.7131
11692, 53.714
11693, 53.714
11694, 53.715
11695, 53.715
11696, 53.715
11697, 53.7154
11698, 53.7154
11699, 53.7154
11700, 53.7159
11701, 53.7159
11702, 53.7164
11703, 53.7164
11704, 53.7169
11705, 53.7173
11706, 53.7173
11707, 53.7173
11708, 53.7173
11709, 53.7178
11710, 53.7178
11711, 53.7178
11712, 53.7183
11713, 53.7183
11714, 53.7183
11715, 53.7183
11716, 53.7188
11717, 53.7188
11718, 53.7192
11719, 53.7192
11720, 53.7192
11721, 53.7192
11722, 53.7192
11723, 53.7197
11724, 53.7202
11725, 53.7202
11726, 53.7202
11727, 53.7207
11728, 53.7207
11729, 53.7211
11730, 53.7211
11731, 53.7211
11732, 53.7211
11733, 53.7216
11734, 53.7216
11735, 53.7221
11736, 53.7226
11737, 53.7231
11738, 53.7231
11739, 53.7231
11740, 53.7231
11741, 53.7235
11742, 53.724
11743, 53.7245
11744, 53.7245
11745, 53.725
11746, 53.725
11747, 53.7254
11748, 53.7259
11749, 53.7259
11750, 53.7259
11751, 53.7264
11752, 53.7264
11753, 53.7269
11754, 53.7269
11755, 53.7269
11756, 53.7273
11757, 53.7278
11758, 53.7278
11759, 53.7278
11760, 53.7278
11761, 53.7278
11762, 53.7283
11763, 53.7288
11764, 53.7288
11765, 53.7292
11766, 53.7292
11767, 53.7297
11768, 53.7302
11769, 53.7307
11770, 53.7307
11771, 53.7311
11772, 53.7311
11773, 53.7316
11774, 53.7316
11775, 53.7326
11776, 53.7331
11777, 53.7331
11778, 53.7331
11779, 53.7335
11780, 53.7335
11781, 53.7335
11782, 53.7335
11783, 53.734
11784, 53.734
11785, 53.7345
11786, 53.7345
11787, 53.735
11788, 53.7354
11789, 53.7354
11790, 53.7364
11791, 53.7364
11792, 53.7369
11793, 53.7369
11794, 53.7373
11795, 53.7378
11796, 53.7383
11797, 53.7383
11798, 53.7392
11799, 53.7397
11800, 53.7397
11801, 53.7402
11802, 53.7402
11803, 53.7407
11804, 53.7411
11805, 53.7416
11806, 53.7416
11807, 53.7421
11808, 53.7421
11809, 53.7421
11810, 53.7426
11811, 53.7426
11812, 53.7431
11813, 53.7431
11814, 53.7431
11815, 53.7431
11816, 53.7435
11817, 53.7435
11818, 53.744
11819, 53.744
11820, 53.744
11821, 53.7445
11822, 53.7459
11823, 53.7459
11824, 53.7459
11825, 53.7459
11826, 53.7459
11827, 53.7464
11828, 53.7464
11829, 53.7473
11830, 53.7473
11831, 53.7473
11832, 53.7478
11833, 53.7478
11834, 53.7483
11835, 53.7488
11836, 53.7488
11837, 53.7492
11838, 53.7492
11839, 53.7492
11840, 53.7497
11841, 53.7502
11842, 53.7507
11843, 53.7511
11844, 53.7516
11845, 53.7516
11846, 53.7526
11847, 53.7531
11848, 53.7531
11849, 53.7531
11850, 53.7531
11851, 53.7531
11852, 53.754
11853, 53.754
11854, 53.754
11855, 53.7545
11856, 53.7545
11857, 53.7545
11858, 53.755
11859, 53.755
11860, 53.755
11861, 53.755
11862, 53.7569
11863, 53.7569
11864, 53.7573
11865, 53.7573
11866, 53.7578
11867, 53.7578
11868, 53.7583
11869, 53.7592
11870, 53.7592
11871, 53.7597
11872, 53.7607
11873, 53.7611
11874, 53.7611
11875, 53.7616
11876, 53.7621
11877, 53.7621
11878, 53.7626
11879, 53.7626
11880, 53.7631
11881, 53.7631
11882, 53.764
11883, 53.7645
11884, 53.765
11885, 53.765
11886, 53.7654
11887, 53.7659
11888, 53.7659
11889, 53.7664
11890, 53.7669
11891, 53.7669
11892, 53.7678
11893, 53.7683
11894, 53.7683
11895, 53.7688
11896, 53.7692
11897, 53.7692
11898, 53.7697
11899, 53.7697
11900, 53.7702
11901, 53.7702
11902, 53.7707
11903, 53.7711
11904, 53.7716
11905, 53.7721
11906, 53.7721
11907, 53.7721
11908, 53.7726
11909, 53.7726
11910, 53.7726
11911, 53.7726
11912, 53.7731
11913, 53.7731
11914, 53.7735
11915, 53.7735
11916, 53.7745
11917, 53.7745
11918, 53.775
11919, 53.7754
11920, 53.7759
11921, 53.7759
11922, 53.7759
11923, 53.7759
11924, 53.7764
11925, 53.7769
11926, 53.7773
11927, 53.7778
11928, 53.7778
11929, 53.7778
11930, 53.7778
11931, 53.7783
11932, 53.7788
11933, 53.7788
11934, 53.7792
11935, 53.7792
11936, 53.7792
11937, 53.7792
11938, 53.7792
11939, 53.7792
11940, 53.7797
11941, 53.7797
11942, 53.7797
11943, 53.7797
11944, 53.7802
11945, 53.7802
11946, 53.7807
11947, 53.7816
11948, 53.7821
11949, 53.7821
11950, 53.7826
11951, 53.783
11952, 53.783
11953, 53.784
11954, 53.784
11955, 53.784
11956, 53.7845
11957, 53.785
11958, 53.785
11959, 53.785
11960, 53.785
11961, 53.785
11962, 53.7854
11963, 53.7854
11964, 53.7859
11965, 53.7859
11966, 53.7864
11967, 53.7869
11968, 53.7869
11969, 53.7869
11970, 53.7869
11971, 53.7869
11972, 53.7869
11973, 53.7878
11974, 53.7878
11975, 53.7883
11976, 53.7883
11977, 53.7883
11978, 53.7883
11979, 53.7883
11980, 53.7888
11981, 53.7888
11982, 53.7892
11983, 53.7892
11984, 53.7897
11985, 53.7907
11986, 53.7907
11987, 53.7911
11988, 53.7911
11989, 53.7921
11990, 53.7926
11991, 53.7926
11992, 53.7926
11993, 53.7926
11994, 53.7935
11995, 53.794
11996, 53.794
11997, 53.7945
11998, 53.7945
11999, 53.795
12000, 53.7954
12001, 53.7954
12002, 53.7959
12003, 53.7959
12004, 53.7959
12005, 53.7964
12006, 53.7964
12007, 53.7969
12008, 53.7969
12009, 53.7988
12010, 53.7992
12011, 53.7992
12012, 53.7992
12013, 53.7997
12014, 53.8002
12015, 53.8007
12016, 53.8007
12017, 53.8011
12018, 53.8011
12019, 53.8011
12020, 53.8011
12021, 53.8011
12022, 53.8016
12023, 53.8016
12024, 53.8016
12025, 53.8021
12026, 53.8021
12027, 53.8021
12028, 53.8026
12029, 53.8026
12030, 53.803
12031, 53.8035
12032, 53.8035
12033, 53.8035
12034, 53.8035
12035, 53.8035
12036, 53.804
12037, 53.804
12038, 53.8045
12039, 53.805
12040, 53.805
12041, 53.805
12042, 53.8054
12043, 53.8059
12044, 53.8059
12045, 53.8059
12046, 53.8059
12047, 53.8064
12048, 53.8064
12049, 53.8064
12050, 53.8069
12051, 53.8073
12052, 53.8078
12053, 53.8083
12054, 53.8092
12055, 53.8092
12056, 53.8097
12057, 53.8097
12058, 53.8111
12059, 53.8111
12060, 53.8111
12061, 53.8111
12062, 53.8116
12063, 53.8121
12064, 53.813
12065, 53.8135
12066, 53.8135
12067, 53.814
12068, 53.814
12069, 53.8145
12070, 53.8145
12071, 53.8145
12072, 53.815
12073, 53.815
12074, 53.8154
12075, 53.8154
12076, 53.8154
12077, 53.8159
12078, 53.8159
12079, 53.8164
12080, 53.8164
12081, 53.8164
12082, 53.8169
12083, 53.8169
12084, 53.8169
12085, 53.8173
12086, 53.8173
12087, 53.8173
12088, 53.8178
12089, 53.8178
12090, 53.8178
12091, 53.8183
12092, 53.8188
12093, 53.8192
12094, 53.8192
12095, 53.8197
12096, 53.8207
12097, 53.8207
12098, 53.8207
12099, 53.8211
12100, 53.8211
12101, 53.8211
12102, 53.8216
12103, 53.8221
12104, 53.8221
12105, 53.8226
12106, 53.8226
12107, 53.823
12108, 53.823
12109, 53.823
12110, 53.823
12111, 53.823
12112, 53.823
12113, 53.8235
12114, 53.8235
12115, 53.8235
12116, 53.8235
12117, 53.8235
12118, 53.824
12119, 53.8245
12120, 53.8245
12121, 53.825
12122, 53.825
12123, 53.8254
12124, 53.8264
12125, 53.8264
12126, 53.8269
12127, 53.8269
12128, 53.8273
12129, 53.8273
12130, 53.8278
12131, 53.8283
12132, 53.8288
12133, 53.8297
12134, 53.8302
12135, 53.8302
12136, 53.8302
12137, 53.8307
12138, 53.8311
12139, 53.8311
12140, 53.8316
12141, 53.8316
12142, 53.8321
12143, 53.8326
12144, 53.833
12145, 53.833
12146, 53.833
12147, 53.833
12148, 53.833
12149, 53.8335
12150, 53.8335
12151, 53.834
12152, 53.834
12153, 53.834
12154, 53.834
12155, 53.834
12156, 53.8345
12157, 53.835
12158, 53.8359
12159, 53.8359
12160, 53.8364
12161, 53.8364
12162, 53.8369
12163, 53.8369
12164, 53.8369
12165, 53.8373
12166, 53.8378
12167, 53.8378
12168, 53.8378
12169, 53.8383
12170, 53.8383
12171, 53.8383
12172, 53.8383
12173, 53.8392
12174, 53.8392
12175, 53.8397
12176, 53.8397
12177, 53.8407
12178, 53.8411
12179, 53.8416
12180, 53.8416
12181, 53.8421
12182, 53.8421
12183, 53.8426
12184, 53.845
12185, 53.845
12186, 53.845
12187, 53.845
12188, 53.8459
12189, 53.8459
12190, 53.8459
12191, 53.8464
12192, 53.8469
12193, 53.8469
12194, 53.8473
12195, 53.8478
12196, 53.8483
12197, 53.8483
12198, 53.8483
12199, 53.8483
12200, 53.8497
12201, 53.8497
12202, 53.8507
12203, 53.8507
12204, 53.8507
12205, 53.8516
12206, 53.8521
12207, 53.8521
12208, 53.8526
12209, 53.8526
12210, 53.853
12211, 53.8535
12212, 53.8535
12213, 53.8535
12214, 53.854
12215, 53.8559
12216, 53.8559
12217, 53.8559
12218, 53.8559
12219, 53.8559
12220, 53.8569
12221, 53.8569
12222, 53.8573
12223, 53.8573
12224, 53.8578
12225, 53.8578
12226, 53.8583
12227, 53.8588
12228, 53.8592
12229, 53.8597
12230, 53.8602
12231, 53.8607
12232, 53.8607
12233, 53.8607
12234, 53.8611
12235, 53.8611
12236, 53.8616
12237, 53.8616
12238, 53.8616
12239, 53.8626
12240, 53.863
12241, 53.863
12242, 53.8635
12243, 53.865
12244, 53.8654
12245, 53.8654
12246, 53.8659
12247, 53.8664
12248, 53.8669
12249, 53.8669
12250, 53.8673
12251, 53.8673
12252, 53.8678
12253, 53.8678
12254, 53.8688
12255, 53.8688
12256, 53.8688
12257, 53.8692
12258, 53.8692
12259, 53.8692
12260, 53.8697
12261, 53.8702
12262, 53.8702
12263, 53.8707
12264, 53.8707
12265, 53.8707
12266, 53.8707
12267, 53.8711
12268, 53.8711
12269, 53.8716
12270, 53.8716
12271, 53.8726
12272, 53.8726
12273, 53.8726
12274, 53.873
12275, 53.874
12276, 53.874
12277, 53.8745
12278, 53.8745
12279, 53.875
12280, 53.8754
12281, 53.8759
12282, 53.8764
12283, 53.8769
12284, 53.8773
12285, 53.8773
12286, 53.8773
12287, 53.8773
12288, 53.8778
12289, 53.8778
12290, 53.8783
12291, 53.8783
12292, 53.8788
12293, 53.8788
12294, 53.8797
12295, 53.8797
12296, 53.8807
12297, 53.8807
12298, 53.8807
12299, 53.8811
12300, 53.8821
12301, 53.8826
12302, 53.8826
12303, 53.883
12304, 53.8835
12305, 53.8845
12306, 53.8845
12307, 53.8854
12308, 53.8854
12309, 53.8854
12310, 53.8859
12311, 53.8859
12312, 53.8859
12313, 53.8864
12314, 53.8864
12315, 53.8864
12316, 53.8869
12317, 53.8869
12318, 53.8869
12319, 53.8873
12320, 53.8878
12321, 53.8883
12322, 53.8888
12323, 53.8888
12324, 53.8888
12325, 53.8888
12326, 53.8892
12327, 53.8897
12328, 53.8897
12329, 53.8897
12330, 53.8897
12331, 53.8902
12332, 53.8911
12333, 53.8921
12334, 53.8921
12335, 53.8926
12336, 53.8926
12337, 53.8935
12338, 53.894
12339, 53.894
12340, 53.8945
12341, 53.8945
12342, 53.895
12343, 53.8954
12344, 53.8954
12345, 53.8969
12346, 53.8973
12347, 53.8973
12348, 53.8978
12349, 53.8978
12350, 53.8983
12351, 53.8983
12352, 53.8983
12353, 53.8983
12354, 53.8988
12355, 53.8988
12356, 53.8988
12357, 53.8988
12358, 53.8992
12359, 53.8997
12360, 53.8997
12361, 53.9002
12362, 53.9007
12363, 53.9016
12364, 53.9016
12365, 53.9021
12366, 53.9021
12367, 53.9021
12368, 53.9026
12369, 53.903
12370, 53.9035
12371, 53.904
12372, 53.9045
12373, 53.9045
12374, 53.905
12375, 53.905
12376, 53.905
12377, 53.9054
12378, 53.9059
12379, 53.9059
12380, 53.9064
12381, 53.9064
12382, 53.9069
12383, 53.9073
12384, 53.9073
12385, 53.9078
12386, 53.9088
12387, 53.9088
12388, 53.9097
12389, 53.9107
12390, 53.9111
12391, 53.9111
12392, 53.9116
12393, 53.9116
12394, 53.9121
12395, 53.9121
12396, 53.9126
12397, 53.9126
12398, 53.913
12399, 53.913
12400, 53.9135
12401, 53.9135
12402, 53.914
12403, 53.914
12404, 53.915
12405, 53.9154
12406, 53.9154
12407, 53.9154
12408, 53.9154
12409, 53.9164
12410, 53.9164
12411, 53.9169
12412, 53.9169
12413, 53.9169
12414, 53.9173
12415, 53.9178
12416, 53.9178
12417, 53.9178
12418, 53.9192
12419, 53.9192
12420, 53.9192
12421, 53.9197
12422, 53.9202
12423, 53.9207
12424, 53.9207
12425, 53.9221
12426, 53.9226
12427, 53.9226
12428, 53.9226
12429, 53.9226
12430, 53.9226
12431, 53.9226
12432, 53.923
12433, 53.9235
12434, 53.9235
12435, 53.9245
12436, 53.9245
12437, 53.925
12438, 53.925
12439, 53.925
12440, 53.9254
12441, 53.9254
12442, 53.9259
12443, 53.9259
12444, 53.9259
12445, 53.9264
12446, 53.9264
12447, 53.9269
12448, 53.9273
12449, 53.9273
12450, 53.9278
12451, 53.9278
12452, 53.9283
12453, 53.9283
12454, 53.9288
12455, 53.9297
12456, 53.9297
12457, 53.9297
12458, 53.9297
12459, 53.9302
12460, 53.9302
12461, 53.9302
12462, 53.9307
12463, 53.9307
12464, 53.9307
12465, 53.9316
12466, 53.9316
12467, 53.9335
12468, 53.9335
12469, 53.9335
12470, 53.9335
12471, 53.934
12472, 53.9345
12473, 53.9345
12474, 53.9345
12475, 53.9349
12476, 53.9349
12477, 53.9354
12478, 53.9354
12479, 53.9354
12480, 53.9364
12481, 53.9364
12482, 53.9364
12483, 53.9364
12484, 53.9369
12485, 53.9369
12486, 53.9369
12487, 53.9373
12488, 53.9373
12489, 53.9373
12490, 53.9373
12491, 53.9383
12492, 53.9383
12493, 53.9388
12494, 53.9388
12495, 53.9388
12496, 53.9388
12497, 53.9392
12498, 53.9392
12499, 53.9397
12500, 53.9397
12501, 53.9397
12502, 53.9402
12503, 53.9402
12504, 53.9407
12505, 53.9407
12506, 53.9407
12507, 53.9407
12508, 53.9416
12509, 53.9421
12510, 53.9421
12511, 53.9421
12512, 53.9421
12513, 53.9426
12514, 53.9435
12515, 53.944
12516, 53.944
12517, 53.944
12518, 53.944
12519, 53.9445
12520, 53.9449
12521, 53.9449
12522, 53.9454
12523, 53.9454
12524, 53.9459
12525, 53.9459
12526, 53.9459
12527, 53.9459
12528, 53.9469
12529, 53.9469
12530, 53.9469
12531, 53.9469
12532, 53.9478
12533, 53.9478
12534, 53.9483
12535, 53.9492
12536, 53.9497
12537, 53.9497
12538, 53.9502
12539, 53.9507
12540, 53.9507
12541, 53.9511
12542, 53.9521
12543, 53.9526
12544, 53.953
12545, 53.953
12546, 53.953
12547, 53.953
12548, 53.954
12549, 53.954
12550, 53.954
12551, 53.954
12552, 53.9545
12553, 53.9545
12554, 53.9549
12555, 53.9549
12556, 53.9549
12557, 53.9549
12558, 53.9549
12559, 53.9554
12560, 53.9554
12561, 53.9554
12562, 53.9564
12563, 53.9564
12564, 53.9569
12565, 53.9573
12566, 53.9573
12567, 53.9573
12568, 53.9607
12569, 53.9616
12570, 53.9616
12571, 53.9626
12572, 53.963
12573, 53.963
12574, 53.963
12575, 53.963
12576, 53.963
12577, 53.9635
12578, 53.964
12579, 53.9649
12580, 53.9659
12581, 53.9659
12582, 53.9659
12583, 53.9659
12584, 53.9664
12585, 53.9664
12586, 53.9669
12587, 53.9669
12588, 53.9669
12589, 53.9673
12590, 53.9673
12591, 53.9678
12592, 53.9683
12593, 53.9683
12594, 53.9683
12595, 53.9683
12596, 53.9688
12597, 53.9692
12598, 53.9692
12599, 53.9692
12600, 53.9692
12601, 53.9697
12602, 53.9697
12603, 53.9702
12604, 53.9707
12605, 53.9711
12606, 53.9711
12607, 53.9716
12608, 53.9716
12609, 53.9716
12610, 53.9721
12611, 53.9721
12612, 53.9721
12613, 53.9726
12614, 53.9726
12615, 53.9726
12616, 53.9726
12617, 53.9726
12618, 53.9726
12619, 53.973
12620, 53.973
12621, 53.9735
12622, 53.9735
12623, 53.9749
12624, 53.9759
12625, 53.9764
12626, 53.9769
12627, 53.9773
12628, 53.9773
12629, 53.9778
12630, 53.9778
12631, 53.9783
12632, 53.9783
12633, 53.9783
12634, 53.9788
12635, 53.9788
12636, 53.9797
12637, 53.9797
12638, 53.9802
12639, 53.9807
12640, 53.9811
12641, 53.9811
12642, 53.9816
12643, 53.9816
12644, 53.9816
12645, 53.9821
12646, 53.9821
12647, 53.983
12648, 53.983
12649, 53.9835
12650, 53.9835
12651, 53.984
12652, 53.9845
12653, 53.9845
12654, 53.9845
12655, 53.9849
12656, 53.9854
12657, 53.9854
12658, 53.9854
12659, 53.9869
12660, 53.9873
12661, 53.9878
12662, 53.9878
12663, 53.9883
12664, 53.9892
12665, 53.9902
12666, 53.9902
12667, 53.9902
12668, 53.9902
12669, 53.9902
12670, 53.9911
12671, 53.9916
12672, 53.9916
12673, 53.9921
12674, 53.9921
12675, 53.9926
12676, 53.993
12677, 53.9935
12678, 53.994
12679, 53.9945
12680, 53.9945
12681, 53.9945
12682, 53.9949
12683, 53.9954
12684, 53.9954
12685, 53.9959
12686, 53.9964
12687, 53.9964
12688, 53.9964
12689, 53.9969
12690, 53.9978
12691, 53.9978
12692, 53.9978
12693, 53.9978
12694, 53.9983
12695, 53.9983
12696, 53.9983
12697, 53.9983
12698, 53.9997
12699, 53.9997
12700, 53.9997
12701, 53.9997
12702, 54.0002
12703, 54.0002
12704, 54.0011
12705, 54.0016
12706, 54.0016
12707, 54.0016
12708, 54.0016
12709, 54.0026
12710, 54.0026
12711, 54.0026
12712, 54.0026
12713, 54.0035
12714, 54.0035
12715, 54.004
12716, 54.004
12717, 54.0045
12718, 54.0045
12719, 54.0045
12720, 54.0045
12721, 54.0049
12722, 54.0064
12723, 54.0064
12724, 54.0064
12725, 54.0064
12726, 54.0069
12727, 54.0069
12728, 54.0069
12729, 54.0073
12730, 54.0073
12731, 54.0073
12732, 54.0078
12733, 54.0083
12734, 54.0088
12735, 54.0092
12736, 54.0092
12737, 54.0097
12738, 54.0097
12739, 54.0097
12740, 54.0102
12741, 54.0102
12742, 54.0102
12743, 54.0107
12744, 54.0107
12745, 54.0111
12746, 54.0111
12747, 54.0111
12748, 54.0111
12749, 54.0116
12750, 54.0126
12751, 54.0126
12752, 54.013
12753, 54.014
12754, 54.014
12755, 54.0145
12756, 54.0149
12757, 54.0149
12758, 54.0149
12759, 54.0149
12760, 54.0154
12761, 54.0154
12762, 54.0154
12763, 54.0154
12764, 54.0173
12765, 54.0173
12766, 54.0178
12767, 54.0183
12768, 54.0183
12769, 54.0188
12770, 54.0188
12771, 54.0188
12772, 54.0192
12773, 54.0202
12774, 54.0202
12775, 54.0207
12776, 54.0207
12777, 54.0207
12778, 54.0211
12779, 54.0211
12780, 54.0211
12781, 54.0211
12782, 54.0216
12783, 54.0216
12784, 54.0216
12785, 54.0221
12786, 54.0221
12787, 54.0221
12788, 54.0226
12789, 54.023
12790, 54.023
12791, 54.024
12792, 54.024
12793, 54.024
12794, 54.024
12795, 54.0245
12796, 54.0249
12797, 54.0249
12798, 54.0254
12799, 54.0254
12800, 54.0259
12801, 54.0264
12802, 54.0269
12803, 54.0269
12804, 54.0269
12805, 54.0269
12806, 54.0273
12807, 54.0283
12808, 54.0292
12809, 54.0297
12810, 54.0302
12811, 54.0302
12812, 54.0307
12813, 54.0307
12814, 54.0311
12815, 54.0316
12816, 54.0316
12817, 54.0326
12818, 54.033
12819, 54.033
12820, 54.0335
12821, 54.0335
12822, 54.0335
12823, 54.034
12824, 54.034
12825, 54.0345
12826, 54.0345
12827, 54.0354
12828, 54.0354
12829, 54.0354
12830, 54.0354
12831, 54.0359
12832, 54.0359
12833, 54.0359
12834, 54.0369
12835, 54.0369
12836, 54.0373
12837, 54.0373
12838, 54.0378
12839, 54.0378
12840, 54.0383
12841, 54.0383
12842, 54.0388
12843, 54.0392
12844, 54.0392
12845, 54.0392
12846, 54.0402
12847, 54.0402
12848, 54.0407
12849, 54.0411
12850, 54.0411
12851, 54.0416
12852, 54.0421
12853, 54.0421
12854, 54.0421
12855, 54.0426
12856, 54.0426
12857, 54.043
12858, 54.043
12859, 54.043
12860, 54.0435
12861, 54.0435
12862, 54.044
12863, 54.044
12864, 54.044
12865, 54.0445
12866, 54.0445
12867, 54.0445
12868, 54.0445
12869, 54.0449
12870, 54.0449
12871, 54.0459
12872, 54.0464
12873, 54.0464
12874, 54.0464
12875, 54.0469
12876, 54.0478
12877, 54.0488
12878, 54.0488
12879, 54.0488
12880, 54.0507
12881, 54.0507
12882, 54.0507
12883, 54.0516
12884, 54.0521
12885, 54.053
12886, 54.0535
12887, 54.0535
12888, 54.054
12889, 54.054
12890, 54.054
12891, 54.054
12892, 54.0545
12893, 54.0545
12894, 54.0549
12895, 54.0549
12896, 54.0549
12897, 54.0549
12898, 54.0554
12899, 54.0554
12900, 54.0564
12901, 54.0564
12902, 54.0569
12903, 54.0573
12904, 54.0573
12905, 54.0578
12906, 54.0578
12907, 54.0583
12908, 54.0588
12909, 54.0592
12910, 54.0597
12911, 54.0602
12912, 54.0602
12913, 54.0602
12914, 54.0602
12915, 54.0607
12916, 54.0607
12917, 54.0611
12918, 54.0611
12919, 54.0616
12920, 54.0616
12921, 54.0616
12922, 54.0616
12923, 54.0621
12924, 54.0621
12925, 54.0621
12926, 54.0626
12927, 54.063
12928, 54.063
12929, 54.0635
12930, 54.0645
12931, 54.0645
12932, 54.0649
12933, 54.0654
12934, 54.0654
12935, 54.0654
12936, 54.0659
12937, 54.0659
12938, 54.0659
12939, 54.0669
12940, 54.0678
12941, 54.0692
12942, 54.0692
12943, 54.0692
12944, 54.0697
12945, 54.0697
12946, 54.0697
12947, 54.0702
12948, 54.0702
12949, 54.0702
12950, 54.0702
12951, 54.0707
12952, 54.0711
12953, 54.0721
12954, 54.0721
12955, 54.0721
12956, 54.0726
12957, 54.073
12958, 54.0735
12959, 54.0735
12960, 54.0735
12961, 54.0749
12962, 54.0754
12963, 54.0754
12964, 54.0754
12965, 54.0754
12966, 54.0759
12967, 54.0764
12968, 54.0769
12969, 54.0769
12970, 54.0773
12971, 54.0773
12972, 54.0778
12973, 54.0783
12974, 54.0783
12975, 54.0788
12976, 54.0788
12977, 54.0792
12978, 54.0797
12979, 54.0797
12980, 54.0797
12981, 54.0797
12982, 54.0807
12983, 54.0807
12984, 54.0811
12985, 54.0816
12986, 54.0816
12987, 54.0816
12988, 54.0816
12989, 54.0821
12990, 54.0821
12991, 54.0821
12992, 54.0826
12993, 54.0826
12994, 54.0826
12995, 54.0835
12996, 54.084
12997, 54.084
12998, 54.084
12999, 54.0845
13000, 54.0849
13001, 54.0849
13002, 54.0849
13003, 54.0859
13004, 54.0864
13005, 54.0868
13006, 54.0868
13007, 54.0873
13008, 54.0873
13009, 54.0878
13010, 54.0878
13011, 54.0878
13012, 54.0883
13013, 54.0883
13014, 54.0888
13015, 54.0892
13016, 54.0892
13017, 54.0897
13018, 54.0897
13019, 54.0897
13020, 54.0911
13021, 54.0916
13022, 54.0916
13023, 54.0921
13024, 54.0926
13025, 54.093
13026, 54.093
13027, 54.093
13028, 54.094
13029, 54.094
13030, 54.094
13031, 54.0945
13032, 54.0945
13033, 54.0949
13034, 54.0949
13035, 54.0949
13036, 54.0954
13037, 54.0954
13038, 54.0959
13039, 54.0959
13040, 54.0959
13041, 54.0964
13042, 54.0964
13043, 54.0968
13044, 54.0968
13045, 54.0968
13046, 54.0978
13047, 54.0978
13048, 54.0983
13049, 54.0983
13050, 54.0988
13051, 54.0997
13052, 54.0997
13053, 54.0997
13054, 54.0997
13055, 54.0997
13056, 54.1002
13057, 54.1002
13058, 54.1002
13059, 54.1002
13060, 54.1002
13061, 54.1007
13062, 54.1011
13063, 54.1016
13064, 54.1021
13065, 54.1026
13066, 54.1026
13067, 54.1026
13068, 54.1035
13069, 54.1035
13070, 54.1035
13071, 54.1035
13072, 54.1035
13073, 54.1035
13074, 54.104
13075, 54.104
13076, 54.1045
13077, 54.1045
13078, 54.1045
13079, 54.1045
13080, 54.1049
13081, 54.1049
13082, 54.1049
13083, 54.1049
13084, 54.1049
13085, 54.1054
13086, 54.1054
13087, 54.1059
13088, 54.1059
13089, 54.1068
13090, 54.1073
13091, 54.1078
13092, 54.1078
13093, 54.1078
13094, 54.1078
13095, 54.1083
13096, 54.1092
13097, 54.1092
13098, 54.1097
13099, 54.1097
13100, 54.1097
13101, 54.1102
13102, 54.1102
13103, 54.1107
13104, 54.1111
13105, 54.1111
13106, 54.1116
13107, 54.1121
13108, 54.1121
13109, 54.1126
13110, 54.1126
13111, 54.113
13112, 54.1135
13113, 54.1135
13114, 54.1135
13115, 54.114
13116, 54.1149
13117, 54.1149
13118, 54.1154
13119, 54.1159
13120, 54.1159
13121, 54.1164
13122, 54.1164
13123, 54.1164
13124, 54.1164
13125, 54.1164
13126, 54.1168
13127, 54.1168
13128, 54.1173
13129, 54.1173
13130, 54.1173
13131, 54.1178
13132, 54.1183
13133, 54.1183
13134, 54.1183
13135, 54.1183
13136, 54.1183
13137, 54.1192
13138, 54.1202
13139, 54.1207
13140, 54.1207
13141, 54.1211
13142, 54.1211
13143, 54.1211
13144, 54.1216
13145, 54.123
13146, 54.123
13147, 54.1249
13148, 54.1254
13149, 54.1254
13150, 54.1259
13151, 54.1259
13152, 54.1259
13153, 54.1264
13154, 54.1264
13155, 54.1264
13156, 54.1264
13157, 54.1268
13158, 54.1273
13159, 54.1273
13160, 54.1278
13161, 54.1278
13162, 54.1283
13163, 54.1283
13164, 54.1283
13165, 54.1283
13166, 54.1283
13167, 54.1288
13168, 54.1288
13169, 54.1288
13170, 54.1288
13171, 54.1288
13172, 54.1297
13173, 54.1302
13174, 54.1302
13175, 54.1307
13176, 54.1307
13177, 54.1311
13178, 54.1321
13179, 54.1321
13180, 54.1321
13181, 54.1321
13182, 54.1326
13183, 54.133
13184, 54.134
13185, 54.1345
13186, 54.1345
13187, 54.1349
13188, 54.1349
13189, 54.1354
13190, 54.1359
13191, 54.1364
13192, 54.1368
13193, 54.1368
13194, 54.1368
13195, 54.1373
13196, 54.1378
13197, 54.1378
13198, 54.1383
13199, 54.1383
13200, 54.1388
13201, 54.1392
13202, 54.1392
13203, 54.1397
13204, 54.1407
13205, 54.1407
13206, 54.1407
13207, 54.1407
13208, 54.1416
13209, 54.1421
13210, 54.1421
13211, 54.1421
13212, 54.1426
13213, 54.1426
13214, 54.1426
13215, 54.1435
13216, 54.144
13217, 54.144
13218, 54.144
13219, 54.144
13220, 54.1445
13221, 54.1445
13222, 54.1449
13223, 54.1449
13224, 54.1449
13225, 54.1449
13226, 54.1454
13227, 54.1454
13228, 54.1454
13229, 54.1459
13230, 54.1464
13231, 54.1468
13232, 54.1468
13233, 54.1473
13234, 54.1478
13235, 54.1483
13236, 54.1488
13237, 54.1492
13238, 54.1492
13239, 54.1497
13240, 54.1502
13241, 54.1502
13242, 54.1511
13243, 54.1516
13244, 54.1516
13245, 54.1516
13246, 54.1516
13247, 54.1526
13248, 54.153
13249, 54.153
13250, 54.1535
13251, 54.1535
13252, 54.1535
13253, 54.1545
13254, 54.1545
13255, 54.1545
13256, 54.1549
13257, 54.1554
13258, 54.1554
13259, 54.1554
13260, 54.1559
13261, 54.1564
13262, 54.1564
13263, 54.1564
13264, 54.1568
13265, 54.1568
13266, 54.1573
13267, 54.1578
13268, 54.1588
13269, 54.1592
13270, 54.1592
13271, 54.1592
13272, 54.1597
13273, 54.1597
13274, 54.1602
13275, 54.1602
13276, 54.1607
13277, 54.1607
13278, 54.1607
13279, 54.1607
13280, 54.1616
13281, 54.1616
13282, 54.1621
13283, 54.1626
13284, 54.163
13285, 54.1635
13286, 54.1635
13287, 54.164
13288, 54.164
13289, 54.1645
13290, 54.1649
13291, 54.1654
13292, 54.1654
13293, 54.1654
13294, 54.1654
13295, 54.1654
13296, 54.1659
13297, 54.1664
13298, 54.1664
13299, 54.1664
13300, 54.1664
13301, 54.1668
13302, 54.1668
13303, 54.1668
13304, 54.1673
13305, 54.1678
13306, 54.1678
13307, 54.1683
13308, 54.1683
13309, 54.1697
13310, 54.1697
13311, 54.1702
13312, 54.1711
13313, 54.1711
13314, 54.1716
13315, 54.1716
13316, 54.1721
13317, 54.173
13318, 54.1735
13319, 54.1735
13320, 54.174
13321, 54.1745
13322, 54.1749
13323, 54.1749
13324, 54.1759
13325, 54.1764
13326, 54.1764
13327, 54.1764
13328, 54.1764
13329, 54.1768
13330, 54.1773
13331, 54.1773
13332, 54.1778
13333, 54.1778
13334, 54.1778
13335, 54.1783
13336, 54.1783
13337, 54.1783
13338, 54.1783
13339, 54.1783
13340, 54.1788
13341, 54.1792
13342, 54.1797
13343, 54.1797
13344, 54.1797
13345, 54.1802
13346, 54.1807
13347, 54.1816
13348, 54.1816
13349, 54.1816
13350, 54.1816
13351, 54.1821
13352, 54.1821
13353, 54.1821
13354, 54.183
13355, 54.1835
13356, 54.184
13357, 54.184
13358, 54.184
13359, 54.1845
13360, 54.1849
13361, 54.1849
13362, 54.1849
13363, 54.1849
13364, 54.1854
13365, 54.1854
13366, 54.1854
13367, 54.1854
13368, 54.1859
13369, 54.1859
13370, 54.1864
13371, 54.1864
13372, 54.1868
13373, 54.1873
13374, 54.1873
13375, 54.1883
13376, 54.1883
13377, 54.1888
13378, 54.1888
13379, 54.1888
13380, 54.1892
13381, 54.1897
13382, 54.1897
13383, 54.1902
13384, 54.1902
13385, 54.1902
13386, 54.1907
13387, 54.1907
13388, 54.1907
13389, 54.1911
13390, 54.1916
13391, 54.1921
13392, 54.1921
13393, 54.1926
13394, 54.193
13395, 54.193
13396, 54.193
13397, 54.1935
13398, 54.1935
13399, 54.194
13400, 54.1949
13401, 54.1949
13402, 54.1949
13403, 54.1959
13404, 54.1968
13405, 54.1968
13406, 54.1973
13407, 54.1973
13408, 54.1973
13409, 54.1973
13410, 54.1983
13411, 54.1983
13412, 54.1988
13413, 54.1988
13414, 54.1988
13415, 54.1992
13416, 54.1992
13417, 54.1992
13418, 54.1997
13419, 54.1997
13420, 54.1997
13421, 54.1997
13422, 54.1997
13423, 54.2002
13424, 54.2002
13425, 54.2007
13426, 54.2007
13427, 54.2016
13428, 54.2016
13429, 54.2026
13430, 54.203
13431, 54.203
13432, 54.2035
13433, 54.2045
13434, 54.2049
13435, 54.2049
13436, 54.2049
13437, 54.2059
13438, 54.2064
13439, 54.2064
13440, 54.2073
13441, 54.2078
13442, 54.2083
13443, 54.2083
13444, 54.2092
13445, 54.2092
13446, 54.2102
13447, 54.2102
13448, 54.2107
13449, 54.2107
13450, 54.2111
13451, 54.2116
13452, 54.2121
13453, 54.2121
13454, 54.2126
13455, 54.2126
13456, 54.213
13457, 54.2135
13458, 54.214
13459, 54.214
13460, 54.2145
13461, 54.2145
13462, 54.2149
13463, 54.2154
13464, 54.2154
13465, 54.2159
13466, 54.2159
13467, 54.2159
13468, 54.2164
13469, 54.2164
13470, 54.2168
13471, 54.2168
13472, 54.2173
13473, 54.2178
13474, 54.2178
13475, 54.2183
13476, 54.2183
13477, 54.2188
13478, 54.2188
13479, 54.2188
13480, 54.2188
13481, 54.2188
13482, 54.2188
13483, 54.2188
13484, 54.2192
13485, 54.2192
13486, 54.2197
13487, 54.2202
13488, 54.2202
13489, 54.2202
13490, 54.2202
13491, 54.2211
13492, 54.2211
13493, 54.2211
13494, 54.223
13495, 54.223
13496, 54.2235
13497, 54.2235
13498, 54.2235
13499, 54.224
13500, 54.224
13501, 54.2245
13502, 54.2249
13503, 54.2249
13504, 54.2254
13505, 54.2259
13506, 54.2259
13507, 54.2264
13508, 54.2278
13509, 54.2283
13510, 54.2283
13511, 54.2288
13512, 54.2288
13513, 54.2288
13514, 54.2292
13515, 54.2302
13516, 54.2302
13517, 54.2302
13518, 54.2307
13519, 54.2311
13520, 54.2316
13521, 54.2321
13522, 54.2321
13523, 54.2326
13524, 54.2326
13525, 54.233
13526, 54.2335
13527, 54.2335
13528, 54.234
13529, 54.2345
13530, 54.2345
13531, 54.2354
13532, 54.2354
13533, 54.2359
13534, 54.2359
13535, 54.2364
13536, 54.2364
13537, 54.2364
13538, 54.2373
13539, 54.2378
13540, 54.2383
13541, 54.2383
13542, 54.2387
13543, 54.2387
13544, 54.2387
13545, 54.2407
13546, 54.2411
13547, 54.2411
13548, 54.2411
13549, 54.2411
13550, 54.2426
13551, 54.2426
13552, 54.2426
13553, 54.243
13554, 54.243
13555, 54.243
13556, 54.244
13557, 54.2445
13558, 54.2445
13559, 54.2445
13560, 54.2449
13561, 54.2454
13562, 54.2459
13563, 54.2468
13564, 54.2468
13565, 54.2468
13566, 54.2468
13567, 54.2473
13568, 54.2473
13569, 54.2478
13570, 54.2492
13571, 54.2492
13572, 54.2492
13573, 54.2502
13574, 54.2507
13575, 54.2507
13576, 54.2511
13577, 54.2511
13578, 54.2516
13579, 54.2516
13580, 54.2516
13581, 54.2516
13582, 54.2526
13583, 54.253
13584, 54.2535
13585, 54.2535
13586, 54.254
13587, 54.2545
13588, 54.2549
13589, 54.2554
13590, 54.2554
13591, 54.2559
13592, 54.2559
13593, 54.2559
13594, 54.2564
13595, 54.2568
13596, 54.2573
13597, 54.2573
13598, 54.2573
13599, 54.2578
13600, 54.2583
13601, 54.2583
13602, 54.2583
13603, 54.2587
13604, 54.2587
13605, 54.2587
13606, 54.2592
13607, 54.2597
13608, 54.2597
13609, 54.2602
13610, 54.2602
13611, 54.2607
13612, 54.2607
13613, 54.2611
13614, 54.2616
13615, 54.2616
13616, 54.2616
13617, 54.2626
13618, 54.263
13619, 54.263
13620, 54.263
13621, 54.263
13622, 54.264
13623, 54.2645
13624, 54.2645
13625, 54.2645
13626, 54.2645
13627, 54.2649
13628, 54.2654
13629, 54.2654
13630, 54.2664
13631, 54.2664
13632, 54.2668
13633, 54.2673
13634, 54.2678
13635, 54.2678
13636, 54.2678
13637, 54.2683
13638, 54.2687
13639, 54.2687
13640, 54.2697
13641, 54.2702
13642, 54.2707
13643, 54.2711
13644, 54.2716
13645, 54.2716
13646, 54.2716
13647, 54.2726
13648, 54.2726
13649, 54.2726
13650, 54.273
13651, 54.273
13652, 54.2735
13653, 54.2735
13654, 54.274
13655, 54.2749
13656, 54.2759
13657, 54.2768
13658, 54.2768
13659, 54.2773
13660, 54.2773
13661, 54.2778
13662, 54.2778
13663, 54.2783
13664, 54.2783
13665, 54.2783
13666, 54.2783
13667, 54.2792
13668, 54.2792
13669, 54.2802
13670, 54.2802
13671, 54.2811
13672, 54.2811
13673, 54.2816
13674, 54.2826
13675, 54.283
13676, 54.2835
13677, 54.284
13678, 54.2845
13679, 54.2849
13680, 54.2849
13681, 54.2854
13682, 54.2864
13683, 54.2864
13684, 54.2868
13685, 54.2868
13686, 54.2873
13687, 54.2878
13688, 54.2878
13689, 54.2878
13690, 54.2878
13691, 54.2878
13692, 54.2883
13693, 54.2883
13694, 54.2887
13695, 54.2887
13696, 54.2887
13697, 54.2892
13698, 54.2892
13699, 54.2902
13700, 54.2902
13701, 54.2902
13702, 54.2907
13703, 54.2911
13704, 54.2911
13705, 54.2926
13706, 54.2926
13707, 54.293
13708, 54.293
13709, 54.293
13710, 54.2935
13711, 54.2935
13712, 54.2945
13713, 54.2949
13714, 54.2954
13715, 54.2959
13716, 54.2964
13717, 54.2973
13718, 54.2992
13719, 54.2997
13720, 54.3002
13721, 54.3002
13722, 54.3002
13723, 54.3007
13724, 54.3007
13725, 54.3007
13726, 54.3007
13727, 54.3026
13728, 54.3026
13729, 54.3035
13730, 54.3035
13731, 54.304
13732, 54.3045
13733, 54.3049
13734, 54.3054
13735, 54.3054
13736, 54.3064
13737, 54.3064
13738, 54.3064
13739, 54.3078
13740, 54.3083
13741, 54.3083
13742, 54.3087
13743, 54.3087
13744, 54.3087
13745, 54.3092
13746, 54.3097
13747, 54.3097
13748, 54.3097
13749, 54.3107
13750, 54.3107
13751, 54.3107
13752, 54.3111
13753, 54.3111
13754, 54.3121
13755, 54.3121
13756, 54.3126
13757, 54.313
13758, 54.3135
13759, 54.3135
13760, 54.3135
13761, 54.3135
13762, 54.314
13763, 54.314
13764, 54.314
13765, 54.3145
13766, 54.3149
13767, 54.3149
13768, 54.3149
13769, 54.3149
13770, 54.3154
13771, 54.3154
13772, 54.3154
13773, 54.3159
13774, 54.3168
13775, 54.3168
13776, 54.3173
13777, 54.3178
13778, 54.3178
13779, 54.3183
13780, 54.3183
13781, 54.3187
13782, 54.3187
13783, 54.3192
13784, 54.3197
13785, 54.3202
13786, 54.3207
13787, 54.3211
13788, 54.3216
13789, 54.3221
13790, 54.3221
13791, 54.3221
13792, 54.3226
13793, 54.323
13794, 54.323
13795, 54.3235
13796, 54.3235
13797, 54.324
13798, 54.324
13799, 54.3245
13800, 54.3245
13801, 54.3249
13802, 54.3249
13803, 54.3254
13804, 54.3259
13805, 54.3259
13806, 54.3259
13807, 54.3259
13808, 54.3264
13809, 54.3264
13810, 54.3278
13811, 54.3283
13812, 54.3292
13813, 54.3297
13814, 54.3297
13815, 54.3302
13816, 54.3302
13817, 54.3307
13818, 54.3311
13819, 54.3311
13820, 54.3311
13821, 54.3316
13822, 54.3321
13823, 54.3326
13824, 54.3335
13825, 54.334
13826, 54.3359
13827, 54.3359
13828, 54.3364
13829, 54.3364
13830, 54.3373
13831, 54.3378
13832, 54.3378
13833, 54.3387
13834, 54.3387
13835, 54.3397
13836, 54.3397
13837, 54.3397
13838, 54.3397
13839, 54.3402
13840, 54.3402
13841, 54.3407
13842, 54.3411
13843, 54.3416
13844, 54.3416
13845, 54.3426
13846, 54.3426
13847, 54.3426
13848, 54.343
13849, 54.343
13850, 54.343
13851, 54.343
13852, 54.3435
13853, 54.344
13854, 54.3445
13855, 54.3445
13856, 54.3449
13857, 54.3449
13858, 54.3454
13859, 54.3459
13860, 54.3464
13861, 54.3468
13862, 54.3468
13863, 54.3478
13864, 54.3478
13865, 54.3487
13866, 54.3487
13867, 54.3497
13868, 54.3502
13869, 54.3507
13870, 54.3507
13871, 54.3511
13872, 54.3511
13873, 54.3511
13874, 54.3516
13875, 54.3526
13876, 54.353
13877, 54.353
13878, 54.3535
13879, 54.3535
13880, 54.3535
13881, 54.354
13882, 54.3554
13883, 54.3554
13884, 54.3559
13885, 54.3559
13886, 54.3573
13887, 54.3573
13888, 54.3573
13889, 54.3573
13890, 54.3583
13891, 54.3583
13892, 54.3583
13893, 54.3583
13894, 54.3587
13895, 54.3592
13896, 54.3592
13897, 54.3592
13898, 54.3597
13899, 54.3597
13900, 54.3597
13901, 54.3597
13902, 54.3597
13903, 54.3597
13904, 54.3602
13905, 54.3611
13906, 54.3611
13907, 54.3616
13908, 54.3621
13909, 54.3621
13910, 54.3626
13911, 54.3626
13912, 54.3626
13913, 54.3626
13914, 54.3626
13915, 54.3626
13916, 54.363
13917, 54.364
13918, 54.3645
13919, 54.3645
13920, 54.3649
13921, 54.3654
13922, 54.3659
13923, 54.3664
13924, 54.3668
13925, 54.3673
13926, 54.3678
13927, 54.3683
13928, 54.3687
13929, 54.3692
13930, 54.3697
13931, 54.3697
13932, 54.3697
13933, 54.3707
13934, 54.3707
13935, 54.3711
13936, 54.3711
13937, 54.3716
13938, 54.374
13939, 54.3745
13940, 54.3745
13941, 54.3745
13942, 54.3749
13943, 54.3749
13944, 54.3759
13945, 54.3759
13946, 54.3759
13947, 54.3764
13948, 54.3764
13949, 54.3768
13950, 54.3773
13951, 54.3783
13952, 54.3783
13953, 54.3792
13954, 54.3797
13955, 54.3797
13956, 54.3797
13957, 54.3802
13958, 54.3811
13959, 54.3811
13960, 54.3811
13961, 54.3816
13962, 54.3816
13963, 54.3821
13964, 54.3821
13965, 54.3821
13966, 54.3821
13967, 54.3826
13968, 54.383
13969, 54.3835
13970, 54.3835
13971, 54.384
13972, 54.384
13973, 54.384
13974, 54.3845
13975, 54.3845
13976, 54.3849
13977, 54.3849
13978, 54.3859
13979, 54.3868
13980, 54.3873
13981, 54.3878
13982, 54.3878
13983, 54.3883
13984, 54.3883
13985, 54.3887
13986, 54.3887
13987, 54.3887
13988, 54.3892
13989, 54.3892
13990, 54.3892
13991, 54.3892
13992, 54.3897
13993, 54.3902
13994, 54.3902
13995, 54.3906
13996, 54.3906
13997, 54.3911
13998, 54.3916
13999, 54.3921
14000, 54.3921
14001, 54.3921
14002, 54.3926
14003, 54.3926
14004, 54.393
14005, 54.3935
14006, 54.394
14007, 54.394
14008, 54.3945
14009, 54.3949
14010, 54.3959
14011, 54.3964
14012, 54.3968
14013, 54.3973
14014, 54.3973
14015, 54.3978
14016, 54.3978
14017, 54.3987
14018, 54.3992
14019, 54.3997
14020, 54.3997
14021, 54.4002
14022, 54.4006
14023, 54.4006
14024, 54.4016
14025, 54.4016
14026, 54.4016
14027, 54.4021
14028, 54.4021
14029, 54.4026
14030, 54.403
14031, 54.403
14032, 54.403
14033, 54.4035
14034, 54.4035
14035, 54.404
14036, 54.404
14037, 54.4045
14038, 54.4045
14039, 54.4049
14040, 54.4054
14041, 54.4059
14042, 54.4073
14043, 54.4078
14044, 54.4083
14045, 54.4087
14046, 54.4087
14047, 54.4092
14048, 54.4092
14049, 54.4102
14050, 54.4102
14051, 54.4102
14052, 54.4106
14053, 54.4106
14054, 54.4116
14055, 54.4116
14056, 54.4121
14057, 54.413
14058, 54.413
14059, 54.413
14060, 54.4135
14061, 54.4135
14062, 54.4135
14063, 54.4135
14064, 54.414
14065, 54.414
14066, 54.4149
14067, 54.4159
14068, 54.4168
14069, 54.4168
14070, 54.4168
14071, 54.4168
14072, 54.4173
14073, 54.4173
14074, 54.4173
14075, 54.4173
14076, 54.4178
14077, 54.4183
14078, 54.4183
14079, 54.4187
14080, 54.4192
14081, 54.4197
14082, 54.4197
14083, 54.4202
14084, 54.4202
14085, 54.4202
14086, 54.4202
14087, 54.4206
14088, 54.4206
14089, 54.4221
14090, 54.4226
14091, 54.4226
14092, 54.423
14093, 54.423
14094, 54.423
14095, 54.423
14096, 54.423
14097, 54.424
14098, 54.424
14099, 54.4245
14100, 54.4245
14101, 54.4245
14102, 54.4249
14103, 54.4249
14104, 54.4254
14105, 54.4259
14106, 54.4259
14107, 54.4259
14108, 54.4264
14109, 54.4264
14110, 54.4268
14111, 54.4268
14112, 54.4273
14113, 54.4278
14114, 54.4278
14115, 54.4278
14116, 54.4283
14117, 54.4287
14118, 54.4287
14119, 54.4287
14120, 54.4292
14121, 54.4292
14122, 54.4297
14123, 54.4297
14124, 54.4302
14125, 54.4302
14126, 54.4306
14127, 54.4311
14128, 54.4311
14129, 54.4311
14130, 54.4316
14131, 54.4321
14132, 54.4321
14133, 54.4326
14134, 54.4335
14135, 54.4335
14136, 54.4345
14137, 54.4345
14138, 54.4349
14139, 54.4349
14140, 54.4354
14141, 54.4359
14142, 54.4359
14143, 54.4364
14144, 54.4368
14145, 54.4368
14146, 54.4368
14147, 54.4373
14148, 54.4373
14149, 54.4373
14150, 54.4378
14151, 54.4383
14152, 54.4387
14153, 54.4397
14154, 54.4397
14155, 54.4397
14156, 54.4397
14157, 54.4406
14158, 54.4406
14159, 54.4406
14160, 54.4411
14161, 54.4411
14162, 54.4421
14163, 54.4421
14164, 54.4421
14165, 54.4435
14166, 54.4435
14167, 54.4435
14168, 54.4435
14169, 54.444
14170, 54.4445
14171, 54.4445
14172, 54.4445
14173, 54.4445
14174, 54.4449
14175, 54.4449
14176, 54.4449
14177, 54.4449
14178, 54.4454
14179, 54.4454
14180, 54.4454
14181, 54.4459
14182, 54.4459
14183, 54.4473
14184, 54.4478
14185, 54.4483
14186, 54.4483
14187, 54.4487
14188, 54.4492
14189, 54.4492
14190, 54.4497
14191, 54.4497
14192, 54.4502
14193, 54.4502
14194, 54.4516
14195, 54.4516
14196, 54.4521
14197, 54.4521
14198, 54.4521
14199, 54.4521
14200, 54.4521
14201, 54.4526
14202, 54.4526
14203, 54.4526
14204, 54.453
14205, 54.4554
14206, 54.4554
14207, 54.4564
14208, 54.4564
14209, 54.4578
14210, 54.4578
14211, 54.4578
14212, 54.4578
14213, 54.4583
14214, 54.4587
14215, 54.4597
14216, 54.4597
14217, 54.4602
14218, 54.4602
14219, 54.4606
14220, 54.4616
14221, 54.4616
14222, 54.4621
14223, 54.4621
14224, 54.4626
14225, 54.463
14226, 54.463
14227, 54.4635
14228, 54.4635
14229, 54.4654
14230, 54.4659
14231, 54.4659
14232, 54.4664
14233, 54.4664
14234, 54.4664
14235, 54.4664
14236, 54.4673
14237, 54.4673
14238, 54.4678
14239, 54.4678
14240, 54.4678
14241, 54.4687
14242, 54.4687
14243, 54.4687
14244, 54.4687
14245, 54.4687
14246, 54.4692
14247, 54.4697
14248, 54.4697
14249, 54.4702
14250, 54.4702
14251, 54.4706
14252, 54.4706
14253, 54.4716
14254, 54.4721
14255, 54.4726
14256, 54.4735
14257, 54.4735
14258, 54.4735
14259, 54.4735
14260, 54.4745
14261, 54.4749
14262, 54.4759
14263, 54.4764
14264, 54.4764
14265, 54.4778
14266, 54.4778
14267, 54.4783
14268, 54.4787
14269, 54.4792
14270, 54.4792
14271, 54.4792
14272, 54.4792
14273, 54.4797
14274, 54.4797
14275, 54.4806
14276, 54.4816
14277, 54.4816
14278, 54.4821
14279, 54.4826
14280, 54.4826
14281, 54.4826
14282, 54.484
14283, 54.484
14284, 54.4845
14285, 54.4849
14286, 54.4849
14287, 54.4849
14288, 54.4849
14289, 54.4854
14290, 54.4859
14291, 54.4859
14292, 54.4859
14293, 54.4864
14294, 54.4864
14295, 54.4864
14296, 54.4864
14297, 54.4864
14298, 54.4868
14299, 54.4868
14300, 54.4868
14301, 54.4873
14302, 54.4873
14303, 54.4873
14304, 54.4878
14305, 54.4878
14306, 54.4878
14307, 54.4883
14308, 54.4883
14309, 54.4887
14310, 54.4887
14311, 54.4887
14312, 54.4902
14313, 54.4902
14314, 54.4902
14315, 54.4906
14316, 54.4911
14317, 54.493
14318, 54.493
14319, 54.493
14320, 54.4935
14321, 54.4935
14322, 54.4945
14323, 54.4949
14324, 54.4959
14325, 54.4968
14326, 54.4973
14327, 54.4973
14328, 54.4973
14329, 54.4973
14330, 54.4978
14331, 54.4983
14332, 54.4983
14333, 54.4983
14334, 54.4987
14335, 54.4987
14336, 54.4992
14337, 54.4992
14338, 54.4992
14339, 54.4992
14340, 54.4997
14341, 54.5002
14342, 54.5002
14343, 54.5006
14344, 54.5006
14345, 54.5006
14346, 54.5016
14347, 54.5026
14348, 54.503
14349, 54.5035
14350, 54.5035
14351, 54.5035
14352, 54.5045
14353, 54.5049
14354, 54.5059
14355, 54.5059
14356, 54.5059
14357, 54.5059
14358, 54.5064
14359, 54.5064
14360, 54.5068
14361, 54.5073
14362, 54.5073
14363, 54.5073
14364, 54.5078
14365, 54.5078
14366, 54.5083
14367, 54.5083
14368, 54.5083
14369, 54.5097
14370, 54.5097
14371, 54.5097
14372, 54.5106
14373, 54.5106
14374, 54.5106
14375, 54.513
14376, 54.513
14377, 54.5135
14378, 54.5135
14379, 54.514
14380, 54.5145
14381, 54.5145
14382, 54.5154
14383, 54.5159
14384, 54.5164
14385, 54.5164
14386, 54.5178
14387, 54.5178
14388, 54.5183
14389, 54.5183
14390, 54.5192
14391, 54.5192
14392, 54.5197
14393, 54.5197
14394, 54.5197
14395, 54.5202
14396, 54.5202
14397, 54.5202
14398, 54.5202
14399, 54.5211
14400, 54.5216
14401, 54.5216
14402, 54.5221
14403, 54.5226
14404, 54.524
14405, 54.5245
14406, 54.5245
14407, 54.5245
14408, 54.5249
14409, 54.5259
14410, 54.5259
14411, 54.5259
14412, 54.5264
14413, 54.5268
14414, 54.5268
14415, 54.5273
14416, 54.5278
14417, 54.5283
14418, 54.5283
14419, 54.5287
14420, 54.5287
14421, 54.5292
14422, 54.5292
14423, 54.5297
14424, 54.5302
14425, 54.5302
14426, 54.5306
14427, 54.5306
14428, 54.5311
14429, 54.5311
14430, 54.5316
14431, 54.5316
14432, 54.5316
14433, 54.5321
14434, 54.5321
14435, 54.5325
14436, 54.5325
14437, 54.533
14438, 54.5335
14439, 54.534
14440, 54.5345
14441, 54.5349
14442, 54.5349
14443, 54.5349
14444, 54.5349
14445, 54.5349
14446, 54.5359
14447, 54.5359
14448, 54.5359
14449, 54.5364
14450, 54.5368
14451, 54.5373
14452, 54.5373
14453, 54.5378
14454, 54.5378
14455, 54.5387
14456, 54.5392
14457, 54.5392
14458, 54.5392
14459, 54.5402
14460, 54.5402
14461, 54.5411
14462, 54.5411
14463, 54.5416
14464, 54.5416
14465, 54.5425
14466, 54.5425
14467, 54.5425
14468, 54.543
14469, 54.543
14470, 54.544
14471, 54.5449
14472, 54.5449
14473, 54.5449
14474, 54.5454
14475, 54.5459
14476, 54.5464
14477, 54.5468
14478, 54.5468
14479, 54.5473
14480, 54.5473
14481, 54.5473
14482, 54.5473
14483, 54.5473
14484, 54.5473
14485, 54.5478
14486, 54.5483
14487, 54.5483
14488, 54.5483
14489, 54.5487
14490, 54.5487
14491, 54.5497
14492, 54.5502
14493, 54.5502
14494, 54.5506
14495, 54.5511
14496, 54.5516
14497, 54.5516
14498, 54.5521
14499, 54.5521
14500, 54.5525
14501, 54.5525
14502, 54.5525
14503, 54.5525
14504, 54.5525
14505, 54.553
14506, 54.553
14507, 54.553
14508, 54.553
14509, 54.5535
14510, 54.5554
14511, 54.5554
14512, 54.5554
14513, 54.5568
14514, 54.5568
14515, 54.5573
14516, 54.5583
14517, 54.5583
14518, 54.5583
14519, 54.5587
14520, 54.5592
14521, 54.5592
14522, 54.5592
14523, 54.5597
14524, 54.5602
14525, 54.5602
14526, 54.5602
14527, 54.5602
14528, 54.5606
14529, 54.5611
14530, 54.5611
14531, 54.5611
14532, 54.5611
14533, 54.5616
14534, 54.5625
14535, 54.5635
14536, 54.5635
14537, 54.5635
14538, 54.5635
14539, 54.5645
14540, 54.5645
14541, 54.5645
14542, 54.5649
14543, 54.5654
14544, 54.5654
14545, 54.5654
14546, 54.5659
14547, 54.5659
14548, 54.5659
14549, 54.5664
14550, 54.5664
14551, 54.5664
14552, 54.5668
14553, 54.5668
14554, 54.5668
14555, 54.5668
14556, 54.5673
14557, 54.5673
14558, 54.5683
14559, 54.5683
14560, 54.5683
14561, 54.5683
14562, 54.5697
14563, 54.5697
14564, 54.5706
14565, 54.5706
14566, 54.5716
14567, 54.5716
14568, 54.5721
14569, 54.5725
14570, 54.5725
14571, 54.573
14572, 54.5735
14573, 54.574
14574, 54.5745
14575, 54.5745
14576, 54.5745
14577, 54.5745
14578, 54.5745
14579, 54.5745
14580, 54.5754
14581, 54.5754
14582, 54.5754
14583, 54.5754
14584, 54.5764
14585, 54.5764
14586, 54.5768
14587, 54.5768
14588, 54.5768
14589, 54.5773
14590, 54.5783
14591, 54.5797
14592, 54.5802
14593, 54.5802
14594, 54.5802
14595, 54.5806
14596, 54.5806
14597, 54.5806
14598, 54.5816
14599, 54.5816
14600, 54.5821
14601, 54.5821
14602, 54.5825
14603, 54.5825
14604, 54.5825
14605, 54.5825
14606, 54.5825
14607, 54.583
14608, 54.583
14609, 54.583
14610, 54.583
14611, 54.583
14612, 54.584
14613, 54.5845
14614, 54.5845
14615, 54.5854
14616, 54.5868
14617, 54.5868
14618, 54.5868
14619, 54.5873
14620, 54.5878
14621, 54.5883
14622, 54.5887
14623, 54.5887
14624, 54.5887
14625, 54.5892
14626, 54.5897
14627, 54.5897
14628, 54.5906
14629, 54.5906
14630, 54.5906
14631, 54.5916
14632, 54.5916
14633, 54.5921
14634, 54.5921
14635, 54.5925
14636, 54.5925
14637, 54.5945
14638, 54.5945
14639, 54.5949
14640, 54.5954
14641, 54.5959
14642, 54.5959
14643, 54.5964
14644, 54.5964
14645, 54.5968
14646, 54.5968
14647, 54.5968
14648, 54.5968
14649, 54.5968
14650, 54.5973
14651, 54.5973
14652, 54.5978
14653, 54.5978
14654, 54.5983
14655, 54.5987
14656, 54.5987
14657, 54.5987
14658, 54.5992
14659, 54.5992
14660, 54.5997
14661, 54.6002
14662, 54.6006
14663, 54.6006
14664, 54.6006
14665, 54.6006
14666, 54.6021
14667, 54.6025
14668, 54.6025
14669, 54.603
14670, 54.6035
14671, 54.604
14672, 54.6045
14673, 54.6045
14674, 54.6054
14675, 54.6059
14676, 54.6068
14677, 54.6073
14678, 54.6078
14679, 54.6092
14680, 54.6097
14681, 54.6097
14682, 54.6097
14683, 54.6097
14684, 54.6102
14685, 54.6102
14686, 54.6102
14687, 54.6106
14688, 54.6106
14689, 54.6106
14690, 54.6111
14691, 54.6111
14692, 54.6121
14693, 54.6125
14694, 54.614
14695, 54.6145
14696, 54.6145
14697, 54.6145
14698, 54.6154
14699, 54.6154
14700, 54.6154
14701, 54.6159
14702, 54.6159
14703, 54.6164
14704, 54.6164
14705, 54.6164
14706, 54.6164
14707, 54.6168
14708, 54.6168
14709, 54.6178
14710, 54.6187
14711, 54.6187
14712, 54.6187
14713, 54.6187
14714, 54.6192
14715, 54.6192
14716, 54.6192
14717, 54.6206
14718, 54.6211
14719, 54.6216
14720, 54.6216
14721, 54.6216
14722, 54.6221
14723, 54.6225
14724, 54.6225
14725, 54.623
14726, 54.623
14727, 54.6235
14728, 54.624
14729, 54.624
14730, 54.6245
14731, 54.6249
14732, 54.6249
14733, 54.6249
14734, 54.6254
14735, 54.6254
14736, 54.6259
14737, 54.6268
14738, 54.6268
14739, 54.6273
14740, 54.6273
14741, 54.6278
14742, 54.6278
14743, 54.6287
14744, 54.6292
14745, 54.6297
14746, 54.6297
14747, 54.6297
14748, 54.6302
14749, 54.6302
14750, 54.6302
14751, 54.6302
14752, 54.6306
14753, 54.6311
14754, 54.6311
14755, 54.6311
14756, 54.6316
14757, 54.6321
14758, 54.6321
14759, 54.6321
14760, 54.6325
14761, 54.6325
14762, 54.6335
14763, 54.6335
14764, 54.6335
14765, 54.634
14766, 54.6345
14767, 54.6345
14768, 54.6349
14769, 54.6354
14770, 54.6354
14771, 54.6354
14772, 54.6359
14773, 54.6359
14774, 54.6364
14775, 54.6368
14776, 54.6383
14777, 54.6383
14778, 54.6383
14779, 54.6383
14780, 54.6387
14781, 54.6392
14782, 54.6392
14783, 54.6392
14784, 54.6392
14785, 54.6402
14786, 54.6406
14787, 54.6406
14788, 54.6406
14789, 54.6411
14790, 54.6416
14791, 54.6425
14792, 54.643
14793, 54.643
14794, 54.643
14795, 54.6435
14796, 54.644
14797, 54.6445
14798, 54.6449
14799, 54.6449
14800, 54.6449
14801, 54.6449
14802, 54.6454
14803, 54.6464
14804, 54.6468
14805, 54.6468
14806, 54.6473
14807, 54.6478
14808, 54.6483
14809, 54.6497
14810, 54.6497
14811, 54.6502
14812, 54.6502
14813, 54.6502
14814, 54.6502
14815, 54.6506
14816, 54.6511
14817, 54.6511
14818, 54.6516
14819, 54.6521
14820, 54.6521
14821, 54.6521
14822, 54.6525
14823, 54.653
14824, 54.6535
14825, 54.6545
14826, 54.6549
14827, 54.6554
14828, 54.6554
14829, 54.6559
14830, 54.6559
14831, 54.6564
14832, 54.6568
14833, 54.6573
14834, 54.6583
14835, 54.6583
14836, 54.6583
14837, 54.6583
14838, 54.6587
14839, 54.6587
14840, 54.6597
14841, 54.6597
14842, 54.6602
14843, 54.6606
14844, 54.6611
14845, 54.6616
14846, 54.6616
14847, 54.6621
14848, 54.6621
14849, 54.663
14850, 54.6635
14851, 54.6635
14852, 54.664
14853, 54.6649
14854, 54.6649
14855, 54.6649
14856, 54.6659
14857, 54.6664
14858, 54.6668
14859, 54.6668
14860, 54.6668
14861, 54.6673
14862, 54.6683
14863, 54.6683
14864, 54.6683
14865, 54.6687
14866, 54.6687
14867, 54.6692
14868, 54.6697
14869, 54.6697
14870, 54.6702
14871, 54.6702
14872, 54.6702
14873, 54.6706
14874, 54.6711
14875, 54.6711
14876, 54.6721
14877, 54.6721
14878, 54.6725
14879, 54.6725
14880, 54.673
14881, 54.6735
14882, 54.6735
14883, 54.674
14884, 54.674
14885, 54.6745
14886, 54.6745
14887, 54.6745
14888, 54.6749
14889, 54.6754
14890, 54.6764
14891, 54.6764
14892, 54.6764
14893, 54.6768
14894, 54.6768
14895, 54.6768
14896, 54.6773
14897, 54.6773
14898, 54.6778
14899, 54.6778
14900, 54.6783
14901, 54.6783
14902, 54.6783
14903, 54.6787
14904, 54.6787
14905, 54.6797
14906, 54.6797
14907, 54.6797
14908, 54.6802
14909, 54.6806
14910, 54.6816
14911, 54.6825
14912, 54.6835
14913, 54.6835
14914, 54.6835
14915, 54.684
14916, 54.684
14917, 54.6849
14918, 54.6859
14919, 54.6859
14920, 54.6859
14921, 54.6864
14922, 54.6864
14923, 54.6868
14924, 54.6868
14925, 54.6873
14926, 54.6878
14927, 54.6878
14928, 54.6878
14929, 54.6883
14930, 54.6887
14931, 54.6892
14932, 54.6897
14933, 54.6897
14934, 54.6897
14935, 54.6902
14936, 54.6902
14937, 54.6906
14938, 54.6911
14939, 54.6911
14940, 54.6911
14941, 54.6916
14942, 54.6935
14943, 54.6935
14944, 54.694
14945, 54.6944
14946, 54.6944
14947, 54.6944
14948, 54.6954
14949, 54.6954
14950, 54.6959
14951, 54.6959
14952, 54.6959
14953, 54.6968
14954, 54.6973
14955, 54.6983
14956, 54.6983
14957, 54.6983
14958, 54.6987
14959, 54.6987
14960, 54.6992
14961, 54.7002
14962, 54.7006
14963, 54.7006
14964, 54.7006
14965, 54.7011
14966, 54.7016
14967, 54.7016
14968, 54.7021
14969, 54.7025
14970, 54.703
14971, 54.7035
14972, 54.7035
14973, 54.704
14974, 54.7044
14975, 54.7044
14976, 54.7044
14977, 54.7049
14978, 54.7049
14979, 54.7049
14980, 54.7054
14981, 54.7059
14982, 54.7059
14983, 54.7068
14984, 54.7073
14985, 54.7078
14986, 54.7078
14987, 54.7083
14988, 54.7083
14989, 54.7087
14990, 54.7087
14991, 54.7087
14992, 54.7097
14993, 54.7097
14994, 54.7102
14995, 54.7106
14996, 54.7111
14997, 54.7116
14998, 54.7121
14999, 54.713
15000, 54.713
15001, 54.714
15002, 54.7149
15003, 54.7149
15004, 54.7154
15005, 54.7159
15006, 54.7164
15007, 54.7164
15008, 54.7168
15009, 54.7173
15010, 54.7173
15011, 54.7178
15012, 54.7178
15013, 54.7183
15014, 54.7187
15015, 54.7192
15016, 54.7192
15017, 54.7192
15018, 54.7202
15019, 54.7211
15020, 54.7211
15021, 54.7216
15022, 54.7221
15023, 54.7221
15024, 54.7225
15025, 54.723
15026, 54.723
15027, 54.7235
15028, 54.7235
15029, 54.7235
15030, 54.7244
15031, 54.7249
15032, 54.7249
15033, 54.7254
15034, 54.7259
15035, 54.7268
15036, 54.7283
15037, 54.7283
15038, 54.7287
15039, 54.7292
15040, 54.7292
15041, 54.7292
15042, 54.7292
15043, 54.7292
15044, 54.7292
15045, 54.7292
15046, 54.7302
15047, 54.7306
15048, 54.7311
15049, 54.7311
15050, 54.7325
15051, 54.7325
15052, 54.734
15053, 54.734
15054, 54.7349
15055, 54.7349
15056, 54.7359
15057, 54.7359
15058, 54.7364
15059, 54.7364
15060, 54.7364
15061, 54.7373
15062, 54.7373
15063, 54.7373
15064, 54.7373
15065, 54.7378
15066, 54.7378
15067, 54.7378
15068, 54.7378
15069, 54.7383
15070, 54.7387
15071, 54.7392
15072, 54.7397
15073, 54.7397
15074, 54.7397
15075, 54.7402
15076, 54.7406
15077, 54.7416
15078, 54.7416
15079, 54.7416
15080, 54.7425
15081, 54.7425
15082, 54.743
15083, 54.743
15084, 54.7435
15085, 54.7435
15086, 54.744
15087, 54.7444
15088, 54.7449
15089, 54.7449
15090, 54.7449
15091, 54.7454
15092, 54.7459
15093, 54.7459
15094, 54.7459
15095, 54.7464
15096, 54.7464
15097, 54.7468
15098, 54.7473
15099, 54.7478
15100, 54.7483
15101, 54.7483
15102, 54.7502
15103, 54.7506
15104, 54.7506
15105, 54.7506
15106, 54.7511
15107, 54.7516
15108, 54.7525
15109, 54.7525
15110, 54.753
15111, 54.753
15112, 54.7535
15113, 54.754
15114, 54.7544
15115, 54.7549
15116, 54.7559
15117, 54.7559
15118, 54.7564
15119, 54.7564
15120, 54.7573
15121, 54.7578
15122, 54.7578
15123, 54.7578
15124, 54.7583
15125, 54.7583
15126, 54.7587
15127, 54.7587
15128, 54.7597
15129, 54.7602
15130, 54.7611
15131, 54.7611
15132, 54.7621
15133, 54.7621
15134, 54.7621
15135, 54.7625
15136, 54.7625
15137, 54.7635
15138, 54.7644
15139, 54.7644
15140, 54.7649
15141, 54.7649
15142, 54.7654
15143, 54.7654
15144, 54.7659
15145, 54.7673
15146, 54.7673
15147, 54.7683
15148, 54.7683
15149, 54.7683
15150, 54.7692
15151, 54.7692
15152, 54.7692
15153, 54.7697
15154, 54.7702
15155, 54.7706
15156, 54.7716
15157, 54.7716
15158, 54.7716
15159, 54.7716
15160, 54.7725
15161, 54.773
15162, 54.773
15163, 54.7735
15164, 54.7735
15165, 54.7735
15166, 54.7735
15167, 54.774
15168, 54.774
15169, 54.7744
15170, 54.7749
15171, 54.7749
15172, 54.7749
15173, 54.7754
15174, 54.7754
15175, 54.7754
15176, 54.7764
15177, 54.7764
15178, 54.7768
15179, 54.7787
15180, 54.7787
15181, 54.7787
15182, 54.7792
15183, 54.7797
15184, 54.7797
15185, 54.7797
15186, 54.7802
15187, 54.7806
15188, 54.7806
15189, 54.7811
15190, 54.7816
15191, 54.7821
15192, 54.7835
15193, 54.7835
15194, 54.784
15195, 54.784
15196, 54.7844
15197, 54.7849
15198, 54.7849
15199, 54.7859
15200, 54.7864
15201, 54.7868
15202, 54.7868
15203, 54.7873
15204, 54.7873
15205, 54.7878
15206, 54.7878
15207, 54.7883
15208, 54.7883
15209, 54.7897
15210, 54.7897
15211, 54.7902
15212, 54.7902
15213, 54.7906
15214, 54.7906
15215, 54.7906
15216, 54.7911
15217, 54.7911
15218, 54.7911
15219, 54.7921
15220, 54.7921
15221, 54.7921
15222, 54.7925
15223, 54.7925
15224, 54.7925
15225, 54.793
15226, 54.793
15227, 54.793
15228, 54.793
15229, 54.793
15230, 54.7935
15231, 54.7935
15232, 54.794
15233, 54.7944
15234, 54.7949
15235, 54.7949
15236, 54.7954
15237, 54.7954
15238, 54.7959
15239, 54.7959
15240, 54.7959
15241, 54.7964
15242, 54.7968
15243, 54.7973
15244, 54.7978
15245, 54.7983
15246, 54.7987
15247, 54.7987
15248, 54.7987
15249, 54.7992
15250, 54.8002
15251, 54.8006
15252, 54.8011
15253, 54.8016
15254, 54.8021
15255, 54.8021
15256, 54.8021
15257, 54.8025
15258, 54.803
15259, 54.8035
15260, 54.8035
15261, 54.8035
15262, 54.8035
15263, 54.8044
15264, 54.8049
15265, 54.8049
15266, 54.8054
15267, 54.8059
15268, 54.8073
15269, 54.8073
15270, 54.8073
15271, 54.8078
15272, 54.8083
15273, 54.8083
15274, 54.8087
15275, 54.8097
15276, 54.8106
15277, 54.8106
15278, 54.8116
15279, 54.8116
15280, 54.8116
15281, 54.8116
15282, 54.8125
15283, 54.8125
15284, 54.8125
15285, 54.8125
15286, 54.8125
15287, 54.813
15288, 54.813
15289, 54.8144
15290, 54.8144
15291, 54.8144
15292, 54.8144
15293, 54.8144
15294, 54.8154
15295, 54.8154
15296, 54.8154
15297, 54.8154
15298, 54.8159
15299, 54.8159
15300, 54.8164
15301, 54.8168
15302, 54.8168
15303, 54.8168
15304, 54.8168
15305, 54.8168
15306, 54.8173
15307, 54.8173
15308, 54.8178
15309, 54.8183
15310, 54.8187
15311, 54.8187
15312, 54.8192
15313, 54.8192
15314, 54.8197
15315, 54.8216
15316, 54.8216
15317, 54.8221
15318, 54.8225
15319, 54.8225
15320, 54.8235
15321, 54.8235
15322, 54.824
15323, 54.8244
15324, 54.8254
15325, 54.8254
15326, 54.8254
15327, 54.8259
15328, 54.8273
15329, 54.8278
15330, 54.8278
15331, 54.8287
15332, 54.8287
15333, 54.8287
15334, 54.8292
15335, 54.8297
15336, 54.8302
15337, 54.8302
15338, 54.8306
15339, 54.8306
15340, 54.8311
15341, 54.8321
15342, 54.833
15343, 54.833
15344, 54.8335
15345, 54.8335
15346, 54.834
15347, 54.834
15348, 54.834
15349, 54.8349
15350, 54.8349
15351, 54.8349
15352, 54.8359
15353, 54.8359
15354, 54.8363
15355, 54.8368
15356, 54.8373
15357, 54.8378
15358, 54.8378
15359, 54.8383
15360, 54.8383
15361, 54.8387
15362, 54.8392
15363, 54.8397
15364, 54.8397
15365, 54.8402
15366, 54.8406
15367, 54.8406
15368, 54.8406
15369, 54.8411
15370, 54.8421
15371, 54.8425
15372, 54.843
15373, 54.8435
15374, 54.8435
15375, 54.844
15376, 54.8444
15377, 54.8444
15378, 54.8444
15379, 54.8449
15380, 54.8449
15381, 54.8449
15382, 54.8449
15383, 54.8459
15384, 54.8459
15385, 54.8459
15386, 54.8463
15387, 54.8473
15388, 54.8483
15389, 54.8487
15390, 54.8506
15391, 54.8506
15392, 54.8511
15393, 54.8511
15394, 54.8511
15395, 54.8516
15396, 54.8516
15397, 54.8516
15398, 54.8521
15399, 54.8521
15400, 54.853
15401, 54.853
15402, 54.853
15403, 54.8544
15404, 54.8549
15405, 54.8549
15406, 54.8549
15407, 54.8554
15408, 54.8563
15409, 54.8563
15410, 54.8563
15411, 54.8568
15412, 54.8573
15413, 54.8573
15414, 54.8578
15415, 54.8578
15416, 54.8587
15417, 54.8587
15418, 54.8587
15419, 54.8587
15420, 54.8587
15421, 54.8592
15422, 54.8597
15423, 54.8602
15424, 54.8602
15425, 54.8606
15426, 54.8606
15427, 54.8616
15428, 54.8621
15429, 54.8625
15430, 54.8625
15431, 54.8625
15432, 54.8625
15433, 54.863
15434, 54.863
15435, 54.864
15436, 54.864
15437, 54.8644
15438, 54.8644
15439, 54.8644
15440, 54.8644
15441, 54.8649
15442, 54.8649
15443, 54.8649
15444, 54.8654
15445, 54.8663
15446, 54.8663
15447, 54.8663
15448, 54.8668
15449, 54.8668
15450, 54.8683
15451, 54.8687
15452, 54.8687
15453, 54.8692
15454, 54.8692
15455, 54.8697
15456, 54.8702
15457, 54.8702
15458, 54.8702
15459, 54.8702
15460, 54.8711
15461, 54.8711
15462, 54.8716
15463, 54.8716
15464, 54.8721
15465, 54.8725
15466, 54.8725
15467, 54.873
15468, 54.873
15469, 54.873
15470, 54.873
15471, 54.873
15472, 54.873
15473, 54.8735
15474, 54.8735
15475, 54.874
15476, 54.874
15477, 54.8744
15478, 54.8744
15479, 54.8749
15480, 54.8759
15481, 54.8763
15482, 54.8778
15483, 54.8792
15484, 54.8802
15485, 54.8806
15486, 54.8806
15487, 54.8811
15488, 54.8811
15489, 54.8816
15490, 54.8821
15491, 54.8821
15492, 54.8825
15493, 54.883
15494, 54.8835
15495, 54.884
15496, 54.884
15497, 54.8849
15498, 54.8859
15499, 54.8859
15500, 54.8863
15501, 54.8863
15502, 54.8873
15503, 54.8878
15504, 54.8887
15505, 54.8892
15506, 54.8892
15507, 54.8892
15508, 54.8897
15509, 54.8902
15510, 54.8906
15511, 54.8906
15512, 54.8906
15513, 54.8911
15514, 54.8911
15515, 54.8916
15516, 54.8935
15517, 54.8935
15518, 54.894
15519, 54.894
15520, 54.8944
15521, 54.8944
15522, 54.8954
15523, 54.8954
15524, 54.8959
15525, 54.8963
15526, 54.8963
15527, 54.8968
15528, 54.8968
15529, 54.8978
15530, 54.8978
15531, 54.8978
15532, 54.8978
15533, 54.8987
15534, 54.8987
15535, 54.8992
15536, 54.8997
15537, 54.9002
15538, 54.9006
15539, 54.9016
15540, 54.9016
15541, 54.9021
15542, 54.9025
15543, 54.9025
15544, 54.903
15545, 54.903
15546, 54.903
15547, 54.9035
15548, 54.9035
15549, 54.9044
15550, 54.9044
15551, 54.9054
15552, 54.9068
15553, 54.9068
15554, 54.9073
15555, 54.9078
15556, 54.9087
15557, 54.9092
15558, 54.9092
15559, 54.9097
15560, 54.9102
15561, 54.9106
15562, 54.9111
15563, 54.9116
15564, 54.9121
15565, 54.9125
15566, 54.913
15567, 54.914
15568, 54.914
15569, 54.914
15570, 54.9144
15571, 54.9149
15572, 54.9149
15573, 54.9149
15574, 54.9149
15575, 54.9154
15576, 54.9154
15577, 54.9159
15578, 54.9163
15579, 54.9163
15580, 54.9168
15581, 54.9178
15582, 54.9187
15583, 54.9197
15584, 54.9197
15585, 54.9202
15586, 54.9202
15587, 54.9202
15588, 54.9202
15589, 54.9211
15590, 54.9211
15591, 54.9216
15592, 54.9216
15593, 54.9221
15594, 54.9221
15595, 54.9221
15596, 54.9225
15597, 54.923
15598, 54.9235
15599, 54.9235
15600, 54.924
15601, 54.924
15602, 54.9249
15603, 54.9254
15604, 54.9259
15605, 54.9259
15606, 54.9259
15607, 54.9263
15608, 54.9263
15609, 54.9273
15610, 54.9273
15611, 54.9278
15612, 54.9283
15613, 54.9287
15614, 54.9287
15615, 54.9287
15616, 54.9287
15617, 54.9287
15618, 54.9287
15619, 54.9287
15620, 54.9292
15621, 54.9297
15622, 54.9306
15623, 54.9306
15624, 54.9306
15625, 54.9306
15626, 54.9311
15627, 54.9311
15628, 54.9311
15629, 54.933
15630, 54.9335
15631, 54.934
15632, 54.934
15633, 54.9344
15634, 54.9344
15635, 54.9354
15636, 54.9354
15637, 54.9359
15638, 54.9359
15639, 54.9359
15640, 54.9359
15641, 54.9359
15642, 54.9363
15643, 54.9363
15644, 54.9368
15645, 54.9368
15646, 54.9383
15647, 54.9383
15648, 54.9383
15649, 54.9383
15650, 54.9387
15651, 54.9387
15652, 54.9397
15653, 54.9397
15654, 54.9402
15655, 54.9411
15656, 54.9416
15657, 54.9416
15658, 54.9416
15659, 54.9416
15660, 54.9416
15661, 54.9421
15662, 54.9421
15663, 54.9435
15664, 54.9435
15665, 54.944
15666, 54.944
15667, 54.9444
15668, 54.9444
15669, 54.9449
15670, 54.9449
15671, 54.9454
15672, 54.9459
15673, 54.9459
15674, 54.9463
15675, 54.9468
15676, 54.9468
15677, 54.9478
15678, 54.9483
15679, 54.9483
15680, 54.9483
15681, 54.9487
15682, 54.9487
15683, 54.9492
15684, 54.9492
15685, 54.9492
15686, 54.9497
15687, 54.9497
15688, 54.9506
15689, 54.9506
15690, 54.9506
15691, 54.9516
15692, 54.9521
15693, 54.9521
15694, 54.9525
15695, 54.9525
15696, 54.953
15697, 54.9535
15698, 54.954
15699, 54.9544
15700, 54.9554
15701, 54.9554
15702, 54.9568
15703, 54.9573
15704, 54.9578
15705, 54.9583
15706, 54.9583
15707, 54.9587
15708, 54.9592
15709, 54.9592
15710, 54.9597
15711, 54.9597
15712, 54.9597
15713, 54.9597
15714, 54.9602
15715, 54.9602
15716, 54.9602
15717, 54.9606
15718, 54.9616
15719, 54.9621
15720, 54.9625
15721, 54.9635
15722, 54.964
15723, 54.9644
15724, 54.9649
15725, 54.9654
15726, 54.9659
15727, 54.9659
15728, 54.9668
15729, 54.9683
15730, 54.9692
15731, 54.9697
15732, 54.9702
15733, 54.9706
15734, 54.9706
15735, 54.9706
15736, 54.9716
15737, 54.9721
15738, 54.9725
15739, 54.9725
15740, 54.973
15741, 54.974
15742, 54.9744
15743, 54.9744
15744, 54.9749
15745, 54.9749
15746, 54.9754
15747, 54.9754
15748, 54.9759
15749, 54.9763
15750, 54.9763
15751, 54.9768
15752, 54.9783
15753, 54.9787
15754, 54.9797
15755, 54.9811
15756, 54.9816
15757, 54.9816
15758, 54.9825
15759, 54.983
15760, 54.9835
15761, 54.9835
15762, 54.9835
15763, 54.9849
15764, 54.9849
15765, 54.9854
15766, 54.9854
15767, 54.9863
15768, 54.9863
15769, 54.9868
15770, 54.9873
15771, 54.9873
15772, 54.9878
15773, 54.9882
15774, 54.9882
15775, 54.9887
15776, 54.9887
15777, 54.9887
15778, 54.9892
15779, 54.9897
15780, 54.9897
15781, 54.9897
15782, 54.9902
15783, 54.9916
15784, 54.9916
15785, 54.9916
15786, 54.9916
15787, 54.9921
15788, 54.9921
15789, 54.9921
15790, 54.9921
15791, 54.993
15792, 54.9935
15793, 54.994
15794, 54.994
15795, 54.9944
15796, 54.9949
15797, 54.9949
15798, 54.9959
15799, 54.9963
15800, 54.9963
15801, 54.9963
15802, 54.9968
15803, 54.9973
15804, 54.9973
15805, 54.9978
15806, 54.9978
15807, 54.9982
15808, 54.9982
15809, 54.9982
15810, 54.9987
15811, 54.9987
15812, 54.9992
15813, 54.9997
15814, 54.9997
15815, 54.9997
15816, 55.0006
15817, 55.0011
15818, 55.0011
15819, 55.0016
15820, 55.0021
15821, 55.0025
15822, 55.003
15823, 55.0044
15824, 55.0049
15825, 55.0054
15826, 55.0059
15827, 55.0063
15828, 55.0068
15829, 55.0073
15830, 55.0078
15831, 55.0082
15832, 55.0082
15833, 55.0082
15834, 55.0087
15835, 55.0087
15836, 55.0087
15837, 55.0092
15838, 55.0097
15839, 55.0097
15840, 55.0097
15841, 55.0102
15842, 55.0102
15843, 55.0106
15844, 55.0106
15845, 55.0116
15846, 55.0116
15847, 55.0116
15848, 55.0116
15849, 55.0121
15850, 55.0121
15851, 55.013
15852, 55.0135
15853, 55.0144
15854, 55.0149
15855, 55.0149
15856, 55.0154
15857, 55.0154
15858, 55.0159
15859, 55.0163
15860, 55.0163
15861, 55.0168
15862, 55.0168
15863, 55.0168
15864, 55.0173
15865, 55.0173
15866, 55.0173
15867, 55.0178
15868, 55.0187
15869, 55.0192
15870, 55.0197
15871, 55.0202
15872, 55.0202
15873, 55.0206
15874, 55.0206
15875, 55.0206
15876, 55.0211
15877, 55.0211
15878, 55.0225
15879, 55.0225
15880, 55.023
15881, 55.023
15882, 55.023
15883, 55.023
15884, 55.0235
15885, 55.0235
15886, 55.024
15887, 55.0249
15888, 55.0249
15889, 55.0249
15890, 55.0249
15891, 55.0254
15892, 55.0259
15893, 55.0259
15894, 55.0263
15895, 55.0263
15896, 55.0278
15897, 55.0282
15898, 55.0282
15899, 55.0287
15900, 55.0287
15901, 55.0287
15902, 55.0292
15903, 55.0302
15904, 55.0302
15905, 55.0302
15906, 55.0302
15907, 55.0302
15908, 55.0311
15909, 55.0316
15910, 55.0316
15911, 55.0321
15912, 55.0321
15913, 55.033
15914, 55.034
15915, 55.0344
15916, 55.0354
15917, 55.0368
15918, 55.0368
15919, 55.0368
15920, 55.0378
15921, 55.0382
15922, 55.0382
15923, 55.0387
15924, 55.0392
15925, 55.0402
15926, 55.0406
15927, 55.0411
15928, 55.0411
15929, 55.0421
15930, 55.0421
15931, 55.0421
15932, 55.0425
15933, 55.0425
15934, 55.043
15935, 55.044
15936, 55.044
15937, 55.044
15938, 55.0444
15939, 55.0444
15940, 55.0449
15941, 55.0449
15942, 55.0459
15943, 55.0468
15944, 55.0473
15945, 55.0473
15946, 55.0473
15947, 55.0478
15948, 55.0487
15949, 55.0492
15950, 55.0492
15951, 55.0502
15952, 55.0502
15953, 55.0506
15954, 55.0506
15955, 55.0511
15956, 55.0516
15957, 55.0525
15958, 55.0544
15959, 55.0549
15960, 55.0549
15961, 55.0549
15962, 55.0549
15963, 55.0549
15964, 55.0554
15965, 55.0573
15966, 55.0573
15967, 55.0573
15968, 55.0578
15969, 55.0582
15970, 55.0582
15971, 55.0582
15972, 55.0587
15973, 55.0592
15974, 55.0597
15975, 55.0597
15976, 55.0602
15977, 55.0611
15978, 55.0611
15979, 55.0616
15980, 55.0616
15981, 55.0616
15982, 55.0616
15983, 55.0616
15984, 55.0621
15985, 55.0621
15986, 55.0625
15987, 55.0625
15988, 55.063
15989, 55.063
15990, 55.0635
15991, 55.0635
15992, 55.064
15993, 55.0644
15994, 55.0644
15995, 55.0644
15996, 55.0649
15997, 55.0649
15998, 55.0654
15999, 55.0654
16000, 55.0659
16001, 55.0663
16002, 55.0673
16003, 55.0673
16004, 55.0682
16005, 55.0682
16006, 55.0682
16007, 55.0682
16008, 55.0687
16009, 55.0692
16010, 55.0692
16011, 55.0697
16012, 55.0697
16013, 55.0702
16014, 55.0702
16015, 55.0706
16016, 55.0716
16017, 55.0721
16018, 55.0725
16019, 55.073
16020, 55.073
16021, 55.074
16022, 55.074
16023, 55.074
16024, 55.0744
16025, 55.0749
16026, 55.0749
16027, 55.0763
16028, 55.0773
16029, 55.0773
16030, 55.0773
16031, 55.0778
16032, 55.0782
16033, 55.0782
16034, 55.0797
16035, 55.0797
16036, 55.0802
16037, 55.0802
16038, 55.0802
16039, 55.0802
16040, 55.0806
16041, 55.0806
16042, 55.0816
16043, 55.0816
16044, 55.0821
16045, 55.0821
16046, 55.0821
16047, 55.083
16048, 55.083
16049, 55.0835
16050, 55.084
16051, 55.084
16052, 55.084
16053, 55.0854
16054, 55.0859
16055, 55.0859
16056, 55.0868
16057, 55.0873
16058, 55.0873
16059, 55.0873
16060, 55.0878
16061, 55.0878
16062, 55.0882
16063, 55.0882
16064, 55.0887
16065, 55.0887
16066, 55.0897
16067, 55.0897
16068, 55.0921
16069, 55.0935
16070, 55.0935
16071, 55.0935
16072, 55.094
16073, 55.0944
16074, 55.0963
16075, 55.0968
16076, 55.0973
16077, 55.0973
16078, 55.0978
16079, 55.0978
16080, 55.0978
16081, 55.0982
16082, 55.0982
16083, 55.0992
16084, 55.0997
16085, 55.0997
16086, 55.1002
16087, 55.1011
16088, 55.1021
16089, 55.1021
16090, 55.103
16091, 55.1035
16092, 55.104
16093, 55.1044
16094, 55.1049
16095, 55.1049
16096, 55.1049
16097, 55.1054
16098, 55.1063
16099, 55.1073
16100, 55.1082
16101, 55.1087
16102, 55.1087
16103, 55.1097
16104, 55.1097
16105, 55.1097
16106, 55.1097
16107, 55.1102
16108, 55.1106
16109, 55.1116
16110, 55.1116
16111, 55.1121
16112, 55.1125
16113, 55.113
16114, 55.1135
16115, 55.1135
16116, 55.1168
16117, 55.1168
16118, 55.1173
16119, 55.1178
16120, 55.1178
16121, 55.1182
16122, 55.1182
16123, 55.1182
16124, 55.1197
16125, 55.1197
16126, 55.1202
16127, 55.1211
16128, 55.1211
16129, 55.1216
16130, 55.1221
16131, 55.1221
16132, 55.1221
16133, 55.1225
16134, 55.123
16135, 55.123
16136, 55.1235
16137, 55.1235
16138, 55.124
16139, 55.1244
16140, 55.1254
16141, 55.1254
16142, 55.1259
16143, 55.1263
16144, 55.1263
16145, 55.1263
16146, 55.1263
16147, 55.1268
16148, 55.1268
16149, 55.1268
16150, 55.1273
16151, 55.1273
16152, 55.1273
16153, 55.1273
16154, 55.1273
16155, 55.1273
16156, 55.1278
16157, 55.1282
16158, 55.1287
16159, 55.1287
16160, 55.1297
16161, 55.1297
16162, 55.1297
16163, 55.1301
16164, 55.1301
16165, 55.1311
16166, 55.1316
16167, 55.1325
16168, 55.1325
16169, 55.1325
16170, 55.133
16171, 55.1344
16172, 55.1344
16173, 55.1354
16174, 55.1354
16175, 55.1359
16176, 55.1359
16177, 55.1359
16178, 55.1363
16179, 55.1368
16180, 55.1368
16181, 55.1378
16182, 55.1382
16183, 55.1387
16184, 55.1392
16185, 55.1392
16186, 55.1392
16187, 55.1397
16188, 55.1397
16189, 55.1401
16190, 55.1401
16191, 55.1406
16192, 55.1421
16193, 55.143
16194, 55.143
16195, 55.143
16196, 55.1435
16197, 55.1435
16198, 55.1435
16199, 55.1435
16200, 55.144
16201, 55.144
16202, 55.144
16203, 55.1444
16204, 55.1444
16205, 55.1454
16206, 55.1468
16207, 55.1468
16208, 55.1473
16209, 55.1478
16210, 55.1487
16211, 55.1487
16212, 55.1497
16213, 55.1497
16214, 55.1497
16215, 55.1501
16216, 55.1501
16217, 55.1506
16218, 55.1506
16219, 55.1511
16220, 55.1521
16221, 55.1521
16222, 55.1521
16223, 55.1521
16224, 55.1521
16225, 55.153
16226, 55.1549
16227, 55.1554
16228, 55.1559
16229, 55.1563
16230, 55.1563
16231, 55.1568
16232, 55.1573
16233, 55.1578
16234, 55.1578
16235, 55.1578
16236, 55.1582
16237, 55.1592
16238, 55.1592
16239, 55.1597
16240, 55.1601
16241, 55.1601
16242, 55.1621
16243, 55.1621
16244, 55.1621
16245, 55.1625
16246, 55.1625
16247, 55.1625
16248, 55.1625
16249, 55.163
16250, 55.163
16251, 55.163
16252, 55.163
16253, 55.164
16254, 55.1644
16255, 55.1644
16256, 55.1644
16257, 55.1649
16258, 55.1659
16259, 55.1668
16260, 55.1673
16261, 55.1673
16262, 55.1678
16263, 55.1678
16264, 55.1682
16265, 55.1687
16266, 55.1687
16267, 55.1687
16268, 55.1697
16269, 55.1701
16270, 55.1706
16271, 55.1706
16272, 55.1711
16273, 55.1711
16274, 55.1721
16275, 55.173
16276, 55.1735
16277, 55.1735
16278, 55.174
16279, 55.174
16280, 55.1744
16281, 55.1744
16282, 55.1749
16283, 55.1749
16284, 55.1754
16285, 55.1754
16286, 55.1754
16287, 55.1754
16288, 55.1759
16289, 55.1759
16290, 55.1763
16291, 55.1768
16292, 55.1768
16293, 55.1768
16294, 55.1768
16295, 55.1768
16296, 55.1773
16297, 55.1773
16298, 55.1778
16299, 55.1778
16300, 55.1792
16301, 55.1792
16302, 55.1797
16303, 55.1797
16304, 55.1797
16305, 55.1797
16306, 55.1797
16307, 55.1801
16308, 55.1806
16309, 55.1806
16310, 55.1811
16311, 55.1816
16312, 55.1816
16313, 55.1816
16314, 55.1821
16315, 55.1825
16316, 55.1825
16317, 55.1835
16318, 55.1835
16319, 55.1835
16320, 55.1844
16321, 55.1844
16322, 55.1844
16323, 55.1854
16324, 55.1854
16325, 55.1854
16326, 55.1859
16327, 55.1859
16328, 55.1863
16329, 55.1863
16330, 55.1868
16331, 55.1873
16332, 55.1873
16333, 55.1878
16334, 55.1882
16335, 55.1887
16336, 55.1897
16337, 55.1897
16338, 55.1911
16339, 55.1911
16340, 55.1921
16341, 55.1921
16342, 55.1921
16343, 55.1925
16344, 55.1925
16345, 55.1925
16346, 55.193
16347, 55.1935
16348, 55.194
16349, 55.194
16350, 55.1944
16351, 55.1944
16352, 55.1944
16353, 55.1949
16354, 55.1949
16355, 55.1954
16356, 55.1959
16357, 55.1963
16358, 55.1968
16359, 55.1973
16360, 55.1982
16361, 55.1982
16362, 55.1987
16363, 55.1992
16364, 55.1997
16365, 55.2001
16366, 55.2001
16367, 55.2006
16368, 55.2016
16369, 55.2016
16370, 55.2025
16371, 55.2025
16372, 55.203
16373, 55.204
16374, 55.204
16375, 55.2049
16376, 55.2049
16377, 55.2054
16378, 55.2054
16379, 55.2059
16380, 55.2059
16381, 55.2059
16382, 55.2063
16383, 55.2068
16384, 55.2068
16385, 55.2068
16386, 55.2068
16387, 55.2073
16388, 55.2082
16389, 55.2087
16390, 55.2087
16391, 55.2087
16392, 55.2092
16393, 55.2097
16394, 55.2097
16395, 55.2101
16396, 55.2111
16397, 55.2116
16398, 55.2121
16399, 55.2125
16400, 55.213
16401, 55.213
16402, 55.2135
16403, 55.214
16404, 55.214
16405, 55.2149
16406, 55.2154
16407, 55.2163
16408, 55.2173
16409, 55.2178
16410, 55.2182
16411, 55.2182
16412, 55.2187
16413, 55.2192
16414, 55.2192
16415, 55.2197
16416, 55.2201
16417, 55.2206
16418, 55.2206
16419, 55.2211
16420, 55.2216
16421, 55.2216
16422, 55.2216
16423, 55.2216
16424, 55.2221
16425, 55.2225
16426, 55.2225
16427, 55.223
16428, 55.224
16429, 55.224
16430, 55.224
16431, 55.2244
16432, 55.2249
16433, 55.2249
16434, 55.2254
16435, 55.2254
16436, 55.2254
16437, 55.2259
16438, 55.2259
16439, 55.2263
16440, 55.2263
16441, 55.2268
16442, 55.2273
16443, 55.2273
16444, 55.2278
16445, 55.2278
16446, 55.2282
16447, 55.2292
16448, 55.2292
16449, 55.2292
16450, 55.2297
16451, 55.2297
16452, 55.2297
16453, 55.2297
16454, 55.2301
16455, 55.2301
16456, 55.2301
16457, 55.2306
16458, 55.2311
16459, 55.2316
16460, 55.2316
16461, 55.2316
16462, 55.2321
16463, 55.2321
16464, 55.2325
16465, 55.233
16466, 55.234
16467, 55.234
16468, 55.2344
16469, 55.2344
16470, 55.2344
16471, 55.2349
16472, 55.2354
16473, 55.2359
16474, 55.2359
16475, 55.2359
16476, 55.2359
16477, 55.2363
16478, 55.2363
16479, 55.2373
16480, 55.2378
16481, 55.2378
16482, 55.2382
16483, 55.2387
16484, 55.2392
16485, 55.2397
16486, 55.2406
16487, 55.2406
16488, 55.2411
16489, 55.2411
16490, 55.2416
16491, 55.2416
16492, 55.2421
16493, 55.2421
16494, 55.2421
16495, 55.2421
16496, 55.2425
16497, 55.2425
16498, 55.243
16499, 55.243
16500, 55.243
16501, 55.2435
16502, 55.2435
16503, 55.244
16504, 55.244
16505, 55.2444
16506, 55.2444
16507, 55.2449
16508, 55.2454
16509, 55.2459
16510, 55.2468
16511, 55.2468
16512, 55.2482
16513, 55.2482
16514, 55.2487
16515, 55.2487
16516, 55.2492
16517, 55.2497
16518, 55.2501
16519, 55.2506
16520, 55.2506
16521, 55.2516
16522, 55.2516
16523, 55.2525
16524, 55.253
16525, 55.253
16526, 55.253
16527, 55.253
16528, 55.254
16529, 55.254
16530, 55.254
16531, 55.254
16532, 55.254
16533, 55.254
16534, 55.2544
16535, 55.2544
16536, 55.2549
16537, 55.2554
16538, 55.2554
16539, 55.2559
16540, 55.2559
16541, 55.2559
16542, 55.2559
16543, 55.2568
16544, 55.2568
16545, 55.2573
16546, 55.2582
16547, 55.2592
16548, 55.2592
16549, 55.2592
16550, 55.2597
16551, 55.2597
16552, 55.2601
16553, 55.2601
16554, 55.2606
16555, 55.2606
16556, 55.2611
16557, 55.2616
16558, 55.2616
16559, 55.2616
16560, 55.2616
16561, 55.2621
16562, 55.263
16563, 55.263
16564, 55.2635
16565, 55.2635
16566, 55.2635
16567, 55.264
16568, 55.264
16569, 55.2649
16570, 55.2649
16571, 55.2659
16572, 55.2659
16573, 55.2673
16574, 55.2673
16575, 55.2678
16576, 55.2678
16577, 55.2678
16578, 55.2687
16579, 55.2692
16580, 55.2692
16581, 55.2692
16582, 55.2697
16583, 55.2701
16584, 55.2711
16585, 55.2711
16586, 55.2716
16587, 55.2725
16588, 55.273
16589, 55.2735
16590, 55.2735
16591, 55.2735
16592, 55.2744
16593, 55.2749
16594, 55.2749
16595, 55.2749
16596, 55.2749
16597, 55.2754
16598, 55.2754
16599, 55.2754
16600, 55.2759
16601, 55.2759
16602, 55.2759
16603, 55.2759
16604, 55.2768
16605, 55.2773
16606, 55.2773
16607, 55.2778
16608, 55.2778
16609, 55.2782
16610, 55.2782
16611, 55.2782
16612, 55.2787
16613, 55.2787
16614, 55.2787
16615, 55.2792
16616, 55.2806
16617, 55.2811
16618, 55.2811
16619, 55.2816
16620, 55.2816
16621, 55.2816
16622, 55.2825
16623, 55.2825
16624, 55.283
16625, 55.2835
16626, 55.2835
16627, 55.284
16628, 55.2844
16629, 55.2854
16630, 55.2854
16631, 55.2859
16632, 55.2863
16633, 55.2868
16634, 55.2873
16635, 55.2873
16636, 55.2873
16637, 55.2878
16638, 55.2882
16639, 55.2882
16640, 55.2887
16641, 55.2887
16642, 55.2887
16643, 55.2892
16644, 55.2892
16645, 55.2892
16646, 55.2897
16647, 55.2897
16648, 55.2901
16649, 55.2906
16650, 55.2906
16651, 55.2906
16652, 55.292
16653, 55.2925
16654, 55.2925
16655, 55.2925
16656, 55.293
16657, 55.293
16658, 55.293
16659, 55.294
16660, 55.294
16661, 55.2944
16662, 55.2944
16663, 55.2954
16664, 55.2963
16665, 55.2968
16666, 55.2968
16667, 55.2968
16668, 55.2968
16669, 55.2973
16670, 55.2973
16671, 55.2978
16672, 55.2982
16673, 55.2982
16674, 55.2987
16675, 55.2987
16676, 55.2987
16677, 55.2992
16678, 55.2997
16679, 55.2997
16680, 55.3001
16681, 55.3001
16682, 55.3001
16683, 55.3001
16684, 55.3006
16685, 55.3006
16686, 55.3011
16687, 55.3016
16688, 55.3016
16689, 55.302
16690, 55.303
16691, 55.3035
16692, 55.304
16693, 55.304
16694, 55.3049
16695, 55.3049
16696, 55.3059
16697, 55.3059
16698, 55.3063
16699, 55.3063
16700, 55.3063
16701, 55.3082
16702, 55.3087
16703, 55.3087
16704, 55.3097
16705, 55.3101
16706, 55.3111
16707, 55.3111
16708, 55.3116
16709, 55.3116
16710, 55.312
16711, 55.3125
16712, 55.3125
16713, 55.313
16714, 55.313
16715, 55.313
16716, 55.313
16717, 55.3135
16718, 55.314
16719, 55.314
16720, 55.314
16721, 55.3144
16722, 55.3149
16723, 55.3159
16724, 55.3163
16725, 55.3182
16726, 55.3182
16727, 55.3192
16728, 55.3197
16729, 55.3206
16730, 55.3211
16731, 55.3216
16732, 55.3225
16733, 55.3225
16734, 55.323
16735, 55.3235
16736, 55.3235
16737, 55.324
16738, 55.324
16739, 55.324
16740, 55.3244
16741, 55.3244
16742, 55.3244
16743, 55.3249
16744, 55.3249
16745, 55.3254
16746, 55.3254
16747, 55.3259
16748, 55.3259
16749, 55.3263
16750, 55.3278
16751, 55.3282
16752, 55.3287
16753, 55.3292
16754, 55.3297
16755, 55.3297
16756, 55.3297
16757, 55.3301
16758, 55.3301
16759, 55.3301
16760, 55.3311
16761, 55.3311
16762, 55.3316
16763, 55.3316
16764, 55.333
16765, 55.3335
16766, 55.3335
16767, 55.334
16768, 55.334
16769, 55.3344
16770, 55.3344
16771, 55.3344
16772, 55.3349
16773, 55.3349
16774, 55.3354
16775, 55.3354
16776, 55.3363
16777, 55.3368
16778, 55.3368
16779, 55.3373
16780, 55.3373
16781, 55.3382
16782, 55.3387
16783, 55.3387
16784, 55.3387
16785, 55.3387
16786, 55.3392
16787, 55.3401
16788, 55.3401
16789, 55.3401
16790, 55.3401
16791, 55.3406
16792, 55.3411
16793, 55.3411
16794, 55.3411
16795, 55.3416
16796, 55.343
16797, 55.3435
16798, 55.3449
16799, 55.3449
16800, 55.3449
16801, 55.3454
16802, 55.3459
16803, 55.3463
16804, 55.3473
16805, 55.3473
16806, 55.3492
16807, 55.3492
16808, 55.3501
16809, 55.3501
16810, 55.3506
16811, 55.3511
16812, 55.3511
16813, 55.352
16814, 55.352
16815, 55.3525
16816, 55.353
16817, 55.353
16818, 55.3535
16819, 55.354
16820, 55.354
16821, 55.3549
16822, 55.3549
16823, 55.3554
16824, 55.3554
16825, 55.3554
16826, 55.3559
16827, 55.3568
16828, 55.3573
16829, 55.3578
16830, 55.3578
16831, 55.3578
16832, 55.3582
16833, 55.3582
16834, 55.3592
16835, 55.3592
16836, 55.3601
16837, 55.3601
16838, 55.3601
16839, 55.3606
16840, 55.3606
16841, 55.3616
16842, 55.3625
16843, 55.3625
16844, 55.3635
16845, 55.3635
16846, 55.364
16847, 55.3644
16848, 55.3644
16849, 55.3654
16850, 55.3654
16851, 55.3663
16852, 55.3673
16853, 55.3678
16854, 55.3682
16855, 55.3692
16856, 55.3692
16857, 55.3697
16858, 55.3701
16859, 55.3701
16860, 55.3711
16861, 55.372
16862, 55.3725
16863, 55.3735
16864, 55.3735
16865, 55.374
16866, 55.3744
16867, 55.3744
16868, 55.3754
16869, 55.3759
16870, 55.3763
16871, 55.3768
16872, 55.3773
16873, 55.3778
16874, 55.3778
16875, 55.3778
16876, 55.3782
16877, 55.3787
16878, 55.3792
16879, 55.3792
16880, 55.3792
16881, 55.3797
16882, 55.3797
16883, 55.3801
16884, 55.3806
16885, 55.3811
16886, 55.3811
16887, 55.3816
16888, 55.3816
16889, 55.3816
16890, 55.3816
16891, 55.3825
16892, 55.383
16893, 55.383
16894, 55.384
16895, 55.3854
16896, 55.3859
16897, 55.3859
16898, 55.3863
16899, 55.3878
16900, 55.3878
16901, 55.3882
16902, 55.3887
16903, 55.3892
16904, 55.3892
16905, 55.3892
16906, 55.3897
16907, 55.3901
16908, 55.3916
16909, 55.392
16910, 55.3925
16911, 55.3925
16912, 55.393
16913, 55.393
16914, 55.3935
16915, 55.3935
16916, 55.3935
16917, 55.394
16918, 55.3944
16919, 55.3949
16920, 55.3949
16921, 55.3949
16922, 55.3954
16923, 55.3959
16924, 55.3963
16925, 55.3968
16926, 55.3973
16927, 55.3978
16928, 55.3982
16929, 55.3987
16930, 55.3992
16931, 55.3992
16932, 55.3992
16933, 55.3997
16934, 55.3997
16935, 55.4001
16936, 55.4001
16937, 55.4001
16938, 55.4001
16939, 55.4001
16940, 55.4001
16941, 55.4011
16942, 55.402
16943, 55.402
16944, 55.402
16945, 55.4025
16946, 55.403
16947, 55.403
16948, 55.4035
16949, 55.4044
16950, 55.4054
16951, 55.4059
16952, 55.4059
16953, 55.4063
16954, 55.4068
16955, 55.4068
16956, 55.4073
16957, 55.4078
16958, 55.4078
16959, 55.4082
16960, 55.4087
16961, 55.4097
16962, 55.4101
16963, 55.4106
16964, 55.4106
16965, 55.4111
16966, 55.4116
16967, 55.412
16968, 55.412
16969, 55.412
16970, 55.4125
16971, 55.4135
16972, 55.4135
16973, 55.4135
16974, 55.4149
16975, 55.4149
16976, 55.4154
16977, 55.4159
16978, 55.4173
16979, 55.4173
16980, 55.4173
16981, 55.4178
16982, 55.4187
16983, 55.4187
16984, 55.4192
16985, 55.4192
16986, 55.4197
16987, 55.4197
16988, 55.4201
16989, 55.4201
16990, 55.4201
16991, 55.4206
16992, 55.4216
16993, 55.4225
16994, 55.423
16995, 55.424
16996, 55.424
16997, 55.4249
16998, 55.4249
16999, 55.4249
17000, 55.4254
17001, 55.4254
17002, 55.4259
17003, 55.4263
17004, 55.4268
17005, 55.4273
17006, 55.4273
17007, 55.4278
17008, 55.4278
17009, 55.4282
17010, 55.4282
17011, 55.4282
17012, 55.4282
17013, 55.4282
17014, 55.4287
17015, 55.4297
17016, 55.4297
17017, 55.4297
17018, 55.4301
17019, 55.4306
17020, 55.4311
17021, 55.4316
17022, 55.432
17023, 55.4325
17024, 55.4325
17025, 55.433
17026, 55.433
17027, 55.4335
17028, 55.4335
17029, 55.4339
17030, 55.4339
17031, 55.4339
17032, 55.4339
17033, 55.4349
17034, 55.4349
17035, 55.4359
17036, 55.4363
17037, 55.4373
17038, 55.4373
17039, 55.4382
17040, 55.4382
17041, 55.4382
17042, 55.4382
17043, 55.4382
17044, 55.4387
17045, 55.4387
17046, 55.4392
17047, 55.4397
17048, 55.4397
17049, 55.4397
17050, 55.4397
17051, 55.4401
17052, 55.4406
17053, 55.4411
17054, 55.4411
17055, 55.4411
17056, 55.4416
17057, 55.4416
17058, 55.442
17059, 55.4425
17060, 55.4425
17061, 55.4439
17062, 55.4449
17063, 55.4454
17064, 55.4454
17065, 55.4454
17066, 55.4454
17067, 55.4463
17068, 55.4463
17069, 55.4473
17070, 55.4473
17071, 55.4478
17072, 55.4478
17073, 55.4482
17074, 55.4487
17075, 55.4487
17076, 55.4492
17077, 55.4492
17078, 55.4497
17079, 55.4501
17080, 55.4506
17081, 55.4506
17082, 55.4506
17083, 55.4511
17084, 55.4511
17085, 55.4511
17086, 55.4511
17087, 55.452
17088, 55.4539
17089, 55.4544
17090, 55.4549
17091, 55.4549
17092, 55.4549
17093, 55.4554
17094, 55.4559
17095, 55.4563
17096, 55.4582
17097, 55.4582
17098, 55.4587
17099, 55.4597
17100, 55.4597
17101, 55.4606
17102, 55.4616
17103, 55.4616
17104, 55.462
17105, 55.462
17106, 55.4625
17107, 55.4625
17108, 55.463
17109, 55.463
17110, 55.4635
17111, 55.4644
17112, 55.4644
17113, 55.4644
17114, 55.4644
17115, 55.4644
17116, 55.4649
17117, 55.4654
17118, 55.4654
17119, 55.4668
17120, 55.4673
17121, 55.4678
17122, 55.4682
17123, 55.4682
17124, 55.4682
17125, 55.4687
17126, 55.4687
17127, 55.4692
17128, 55.4692
17129, 55.4697
17130, 55.4701
17131, 55.4701
17132, 55.4701
17133, 55.4711
17134, 55.4711
17135, 55.4711
17136, 55.4716
17137, 55.472
17138, 55.4725
17139, 55.4725
17140, 55.473
17141, 55.4735
17142, 55.4735
17143, 55.4735
17144, 55.4735
17145, 55.4739
17146, 55.4744
17147, 55.4744
17148, 55.4754
17149, 55.4754
17150, 55.4754
17151, 55.4763
17152, 55.4763
17153, 55.4768
17154, 55.4768
17155, 55.4768
17156, 55.4773
17157, 55.4773
17158, 55.4778
17159, 55.4778
17160, 55.4782
17161, 55.4782
17162, 55.4787
17163, 55.4797
17164, 55.4811
17165, 55.4811
17166, 55.4811
17167, 55.4816
17168, 55.4825
17169, 55.4825
17170, 55.483
17171, 55.4835
17172, 55.4839
17173, 55.4839
17174, 55.4844
17175, 55.4844
17176, 55.4849
17177, 55.4849
17178, 55.4854
17179, 55.4868
17180, 55.4873
17181, 55.4878
17182, 55.4887
17183, 55.4892
17184, 55.4892
17185, 55.4897
17186, 55.4901
17187, 55.4916
17188, 55.4916
17189, 55.492
17190, 55.492
17191, 55.4925
17192, 55.4925
17193, 55.4935
17194, 55.4935
17195, 55.4939
17196, 55.4939
17197, 55.4944
17198, 55.4954
17199, 55.4954
17200, 55.4954
17201, 55.4959
17202, 55.4968
17203, 55.4973
17204, 55.4973
17205, 55.4978
17206, 55.4982
17207, 55.4987
17208, 55.4987
17209, 55.4992
17210, 55.4997
17211, 55.4997
17212, 55.5001
17213, 55.5006
17214, 55.5016
17215, 55.5025
17216, 55.5039
17217, 55.5044
17218, 55.5044
17219, 55.5049
17220, 55.5054
17221, 55.5054
17222, 55.5054
17223, 55.5063
17224, 55.5068
17225, 55.5073
17226, 55.5073
17227, 55.5078
17228, 55.5097
17229, 55.5097
17230, 55.5106
17231, 55.5111
17232, 55.5116
17233, 55.512
17234, 55.512
17235, 55.512
17236, 55.5125
17237, 55.5125
17238, 55.513
17239, 55.5139
17240, 55.5139
17241, 55.5139
17242, 55.5149
17243, 55.5159
17244, 55.5159
17245, 55.5163
17246, 55.5168
17247, 55.5173
17248, 55.5173
17249, 55.5197
17250, 55.5197
17251, 55.5197
17252, 55.5201
17253, 55.5206
17254, 55.5216
17255, 55.5216
17256, 55.5225
17257, 55.5225
17258, 55.5225
17259, 55.5235
17260, 55.5249
17261, 55.5249
17262, 55.5249
17263, 55.5254
17264, 55.5259
17265, 55.5268
17266, 55.5278
17267, 55.5278
17268, 55.5287
17269, 55.5287
17270, 55.5287
17271, 55.5292
17272, 55.5297
17273, 55.5301
17274, 55.5311
17275, 55.5311
17276, 55.532
17277, 55.532
17278, 55.532
17279, 55.5325
17280, 55.5325
17281, 55.5325
17282, 55.5325
17283, 55.5335
17284, 55.5339
17285, 55.5349
17286, 55.5354
17287, 55.5354
17288, 55.5359
17289, 55.5359
17290, 55.5363
17291, 55.5368
17292, 55.5373
17293, 55.5373
17294, 55.5373
17295, 55.5382
17296, 55.5397
17297, 55.5397
17298, 55.5397
17299, 55.5406
17300, 55.5406
17301, 55.5411
17302, 55.542
17303, 55.542
17304, 55.5425
17305, 55.5425
17306, 55.5439
17307, 55.5444
17308, 55.5449
17309, 55.5449
17310, 55.5449
17311, 55.5459
17312, 55.5463
17313, 55.5468
17314, 55.5468
17315, 55.5468
17316, 55.5473
17317, 55.5473
17318, 55.5473
17319, 55.5478
17320, 55.5478
17321, 55.5482
17322, 55.5487
17323, 55.5487
17324, 55.5492
17325, 55.5497
17326, 55.5501
17327, 55.5506
17328, 55.5511
17329, 55.5516
17330, 55.552
17331, 55.553
17332, 55.5539
17333, 55.5539
17334, 55.5549
17335, 55.5549
17336, 55.5549
17337, 55.5554
17338, 55.5568
17339, 55.5568
17340, 55.5568
17341, 55.5573
17342, 55.5573
17343, 55.5573
17344, 55.5587
17345, 55.5587
17346, 55.5587
17347, 55.5601
17348, 55.5606
17349, 55.5611
17350, 55.5611
17351, 55.5616
17352, 55.5616
17353, 55.5616
17354, 55.562
17355, 55.562
17356, 55.562
17357, 55.562
17358, 55.5625
17359, 55.563
17360, 55.5635
17361, 55.5639
17362, 55.5644
17363, 55.5644
17364, 55.5659
17365, 55.5659
17366, 55.5663
17367, 55.5668
17368, 55.5668
17369, 55.5668
17370, 55.5678
17371, 55.5682
17372, 55.5687
17373, 55.5687
17374, 55.5692
17375, 55.5706
17376, 55.5711
17377, 55.5711
17378, 55.5716
17379, 55.5716
17380, 55.572
17381, 55.572
17382, 55.572
17383, 55.572
17384, 55.5725
17385, 55.5735
17386, 55.5739
17387, 55.5749
17388, 55.5749
17389, 55.5749
17390, 55.5754
17391, 55.5759
17392, 55.5773
17393, 55.5792
17394, 55.5792
17395, 55.5792
17396, 55.5797
17397, 55.5797
17398, 55.5797
17399, 55.5797
17400, 55.5816
17401, 55.582
17402, 55.582
17403, 55.5839
17404, 55.5844
17405, 55.5844
17406, 55.5844
17407, 55.5849
17408, 55.5849
17409, 55.5849
17410, 55.5854
17411, 55.5858
17412, 55.5858
17413, 55.5858
17414, 55.5863
17415, 55.5873
17416, 55.5878
17417, 55.5878
17418, 55.5878
17419, 55.5882
17420, 55.5882
17421, 55.5882
17422, 55.5887
17423, 55.5887
17424, 55.5892
17425, 55.5897
17426, 55.5901
17427, 55.5906
17428, 55.5906
17429, 55.5911
17430, 55.5916
17431, 55.5916
17432, 55.592
17433, 55.5925
17434, 55.5925
17435, 55.5925
17436, 55.5925
17437, 55.5935
17438, 55.5935
17439, 55.5949
17440, 55.5949
17441, 55.5949
17442, 55.5949
17443, 55.5958
17444, 55.5958
17445, 55.5958
17446, 55.5958
17447, 55.5968
17448, 55.5973
17449, 55.5973
17450, 55.5973
17451, 55.5982
17452, 55.5987
17453, 55.5997
17454, 55.5997
17455, 55.6001
17456, 55.6006
17457, 55.6006
17458, 55.6006
17459, 55.6016
17460, 55.602
17461, 55.603
17462, 55.603
17463, 55.603
17464, 55.6035
17465, 55.6039
17466, 55.6039
17467, 55.6044
17468, 55.6049
17469, 55.6054
17470, 55.6078
17471, 55.6078
17472, 55.6082
17473, 55.6087
17474, 55.6087
17475, 55.6087
17476, 55.6097
17477, 55.6106
17478, 55.6111
17479, 55.6116
17480, 55.6125
17481, 55.6125
17482, 55.6125
17483, 55.613
17484, 55.6135
17485, 55.6135
17486, 55.6135
17487, 55.6144
17488, 55.6144
17489, 55.6154
17490, 55.6158
17491, 55.6158
17492, 55.6158
17493, 55.6163
17494, 55.6168
17495, 55.6168
17496, 55.6168
17497, 55.6182
17498, 55.6187
17499, 55.6197
17500, 55.6197
17501, 55.6201
17502, 55.6206
17503, 55.6211
17504, 55.622
17505, 55.6225
17506, 55.623
17507, 55.6235
17508, 55.6249
17509, 55.6249
17510, 55.6263
17511, 55.6263
17512, 55.6273
17513, 55.6282
17514, 55.6282
17515, 55.6287
17516, 55.6292
17517, 55.6297
17518, 55.6297
17519, 55.6301
17520, 55.6311
17521, 55.6316
17522, 55.6316
17523, 55.632
17524, 55.6325
17525, 55.633
17526, 55.6335
17527, 55.6335
17528, 55.6339
17529, 55.6339
17530, 55.6344
17531, 55.6349
17532, 55.6358
17533, 55.6358
17534, 55.6368
17535, 55.6373
17536, 55.6373
17537, 55.6378
17538, 55.6382
17539, 55.6382
17540, 55.6397
17541, 55.6406
17542, 55.6411
17543, 55.6416
17544, 55.642
17545, 55.642
17546, 55.6425
17547, 55.6435
17548, 55.6435
17549, 55.6439
17550, 55.6439
17551, 55.6439
17552, 55.6444
17553, 55.6444
17554, 55.6449
17555, 55.6454
17556, 55.6458
17557, 55.6463
17558, 55.6463
17559, 55.6463
17560, 55.6468
17561, 55.6468
17562, 55.6473
17563, 55.6473
17564, 55.6482
17565, 55.6497
17566, 55.6501
17567, 55.6501
17568, 55.6506
17569, 55.6511
17570, 55.6511
17571, 55.6511
17572, 55.6516
17573, 55.652
17574, 55.652
17575, 55.653
17576, 55.653
17577, 55.653
17578, 55.653
17579, 55.653
17580, 55.6535
17581, 55.6539
17582, 55.6544
17583, 55.6544
17584, 55.6544
17585, 55.6549
17586, 55.6554
17587, 55.6554
17588, 55.6554
17589, 55.6563
17590, 55.6563
17591, 55.6563
17592, 55.6568
17593, 55.6568
17594, 55.6573
17595, 55.6578
17596, 55.6587
17597, 55.6587
17598, 55.6592
17599, 55.6601
17600, 55.6611
17601, 55.6616
17602, 55.6616
17603, 55.662
17604, 55.663
17605, 55.663
17606, 55.6639
17607, 55.6639
17608, 55.6639
17609, 55.6649
17610, 55.6649
17611, 55.6654
17612, 55.6668
17613, 55.6668
17614, 55.6682
17615, 55.6687
17616, 55.6692
17617, 55.6692
17618, 55.6692
17619, 55.6701
17620, 55.6706
17621, 55.6706
17622, 55.6711
17623, 55.6725
17624, 55.6725
17625, 55.6725
17626, 55.673
17627, 55.6735
17628, 55.6749
17629, 55.6754
17630, 55.6758
17631, 55.6763
17632, 55.6768
17633, 55.6773
17634, 55.6778
17635, 55.6778
17636, 55.6778
17637, 55.6778
17638, 55.6778
17639, 55.6782
17640, 55.6782
17641, 55.6787
17642, 55.6792
17643, 55.6797
17644, 55.6797
17645, 55.6797
17646, 55.6801
17647, 55.6806
17648, 55.6806
17649, 55.6811
17650, 55.6811
17651, 55.6811
17652, 55.6816
17653, 55.683
17654, 55.683
17655, 55.6849
17656, 55.6858
17657, 55.6863
17658, 55.6863
17659, 55.6868
17660, 55.6868
17661, 55.6873
17662, 55.6873
17663, 55.6873
17664, 55.6882
17665, 55.6892
17666, 55.6892
17667, 55.6897
17668, 55.6897
17669, 55.6897
17670, 55.6897
17671, 55.6901
17672, 55.6901
17673, 55.6906
17674, 55.6906
17675, 55.6906
17676, 55.6911
17677, 55.692
17678, 55.6925
17679, 55.6925
17680, 55.693
17681, 55.693
17682, 55.6939
17683, 55.6939
17684, 55.6944
17685, 55.6954
17686, 55.6954
17687, 55.6968
17688, 55.6968
17689, 55.6968
17690, 55.6978
17691, 55.6978
17692, 55.6982
17693, 55.6997
17694, 55.7001
17695, 55.7006
17696, 55.7011
17697, 55.7016
17698, 55.7016
17699, 55.7016
17700, 55.7025
17701, 55.703
17702, 55.7035
17703, 55.7035
17704, 55.7039
17705, 55.7039
17706, 55.7044
17707, 55.7054
17708, 55.7063
17709, 55.7068
17710, 55.7068
17711, 55.7073
17712, 55.7087
17713, 55.7087
17714, 55.7092
17715, 55.7092
17716, 55.7097
17717, 55.7097
17718, 55.7101
17719, 55.7111
17720, 55.7111
17721, 55.7116
17722, 55.712
17723, 55.712
17724, 55.7125
17725, 55.7125
17726, 55.7125
17727, 55.7135
17728, 55.7149
17729, 55.7149
17730, 55.7154
17731, 55.7158
17732, 55.7158
17733, 55.7163
17734, 55.7163
17735, 55.7163
17736, 55.7178
17737, 55.7178
17738, 55.7178
17739, 55.7178
17740, 55.7182
17741, 55.7201
17742, 55.7201
17743, 55.7206
17744, 55.7206
17745, 55.7206
17746, 55.7206
17747, 55.7206
17748, 55.7211
17749, 55.7211
17750, 55.7216
17751, 55.7216
17752, 55.7235
17753, 55.7235
17754, 55.7244
17755, 55.7249
17756, 55.7249
17757, 55.7249
17758, 55.7249
17759, 55.7254
17760, 55.7254
17761, 55.7263
17762, 55.7273
17763, 55.7273
17764, 55.7277
17765, 55.7282
17766, 55.7287
17767, 55.7292
17768, 55.7297
17769, 55.7297
17770, 55.7301
17771, 55.7306
17772, 55.7316
17773, 55.732
17774, 55.7335
17775, 55.7339
17776, 55.7344
17777, 55.7349
17778, 55.7349
17779, 55.7349
17780, 55.7354
17781, 55.7354
17782, 55.7354
17783, 55.7358
17784, 55.7363
17785, 55.7368
17786, 55.7368
17787, 55.7368
17788, 55.7368
17789, 55.7368
17790, 55.7373
17791, 55.7377
17792, 55.7382
17793, 55.7387
17794, 55.7387
17795, 55.7392
17796, 55.7392
17797, 55.7397
17798, 55.7406
17799, 55.7411
17800, 55.7411
17801, 55.7416
17802, 55.742
17803, 55.7425
17804, 55.7435
17805, 55.7439
17806, 55.7439
17807, 55.7458
17808, 55.7463
17809, 55.7468
17810, 55.7468
17811, 55.7473
17812, 55.7473
17813, 55.7477
17814, 55.7477
17815, 55.7487
17816, 55.7492
17817, 55.7501
17818, 55.7506
17819, 55.7516
17820, 55.753
17821, 55.7535
17822, 55.7539
17823, 55.7554
17824, 55.7558
17825, 55.7563
17826, 55.7577
17827, 55.7582
17828, 55.7582
17829, 55.7587
17830, 55.7587
17831, 55.7592
17832, 55.7606
17833, 55.7606
17834, 55.7611
17835, 55.7616
17836, 55.7616
17837, 55.762
17838, 55.7625
17839, 55.7625
17840, 55.7625
17841, 55.7625
17842, 55.7635
17843, 55.7635
17844, 55.7639
17845, 55.7644
17846, 55.7654
17847, 55.7654
17848, 55.7658
17849, 55.7658
17850, 55.7663
17851, 55.7663
17852, 55.7673
17853, 55.7677
17854, 55.7677
17855, 55.7682
17856, 55.7687
17857, 55.7687
17858, 55.7697
17859, 55.7706
17860, 55.7706
17861, 55.7711
17862, 55.7716
17863, 55.773
17864, 55.773
17865, 55.7739
17866, 55.7749
17867, 55.7749
17868, 55.7749
17869, 55.7754
17870, 55.7754
17871, 55.7758
17872, 55.7758
17873, 55.7763
17874, 55.7768
17875, 55.7782
17876, 55.7782
17877, 55.7782
17878, 55.7782
17879, 55.7782
17880, 55.7782
17881, 55.7801
17882, 55.7811
17883, 55.7811
17884, 55.782
17885, 55.782
17886, 55.7825
17887, 55.7835
17888, 55.7835
17889, 55.7839
17890, 55.7839
17891, 55.7849
17892, 55.7849
17893, 55.7854
17894, 55.7858
17895, 55.7863
17896, 55.7863
17897, 55.7863
17898, 55.7882
17899, 55.7882
17900, 55.7897
17901, 55.7897
17902, 55.7901
17903, 55.7911
17904, 55.7916
17905, 55.7916
17906, 55.7925
17907, 55.793
17908, 55.7935
17909, 55.7939
17910, 55.7939
17911, 55.7944
17912, 55.7944
17913, 55.7949
17914, 55.7949
17915, 55.7949
17916, 55.7954
17917, 55.7963
17918, 55.7968
17919, 55.7973
17920, 55.7987
17921, 55.7987
17922, 55.8001
17923, 55.8006
17924, 55.8016
17925, 55.8016
17926, 55.8016
17927, 55.802
17928, 55.803
17929, 55.8035
17930, 55.8035
17931, 55.8039
17932, 55.8049
17933, 55.8054
17934, 55.8058
17935, 55.8063
17936, 55.8068
17937, 55.8073
17938, 55.8082
17939, 55.8097
17940, 55.8097
17941, 55.8101
17942, 55.8106
17943, 55.8106
17944, 55.8106
17945, 55.8106
17946, 55.8106
17947, 55.8111
17948, 55.8111
17949, 55.8111
17950, 55.8116
17951, 55.813
17952, 55.813
17953, 55.813
17954, 55.8139
17955, 55.8139
17956, 55.8144
17957, 55.8144
17958, 55.8144
17959, 55.8144
17960, 55.8149
17961, 55.8158
17962, 55.8163
17963, 55.8168
17964, 55.8168
17965, 55.8177
17966, 55.8177
17967, 55.8177
17968, 55.8177
17969, 55.8182
17970, 55.8192
17971, 55.8201
17972, 55.8206
17973, 55.8211
17974, 55.8216
17975, 55.822
17976, 55.8225
17977, 55.823
17978, 55.8235
17979, 55.8235
17980, 55.8244
17981, 55.8249
17982, 55.8254
17983, 55.8263
17984, 55.8268
17985, 55.8268
17986, 55.8273
17987, 55.8282
17988, 55.8282
17989, 55.8287
17990, 55.8292
17991, 55.8297
17992, 55.8297
17993, 55.8301
17994, 55.8301
17995, 55.8301
17996, 55.8311
17997, 55.8311
17998, 55.8311
17999, 55.8316
18000, 55.8316
18001, 55.8316
18002, 55.8325
18003, 55.8325
18004, 55.8335
18005, 55.8339
18006, 55.8354
18007, 55.8354
18008, 55.8358
18009, 55.8363
18010, 55.8368
18011, 55.8382
18012, 55.8387
18013, 55.8387
18014, 55.8387
18015, 55.8397
18016, 55.8401
18017, 55.8406
18018, 55.8411
18019, 55.8411
18020, 55.8411
18021, 55.8416
18022, 55.842
18023, 55.842
18024, 55.8425
18025, 55.843
18026, 55.8444
18027, 55.8444
18028, 55.8454
18029, 55.8454
18030, 55.8458
18031, 55.8458
18032, 55.8468
18033, 55.8468
18034, 55.8473
18035, 55.8473
18036, 55.8477
18037, 55.8482
18038, 55.8487
18039, 55.8492
18040, 55.8492
18041, 55.8492
18042, 55.8506
18043, 55.8516
18044, 55.8516
18045, 55.8525
18046, 55.8525
18047, 55.8525
18048, 55.8525
18049, 55.8535
18050, 55.8549
18051, 55.8554
18052, 55.8563
18053, 55.8563
18054, 55.8563
18055, 55.8563
18056, 55.8568
18057, 55.8577
18058, 55.8577
18059, 55.8577
18060, 55.8577
18061, 55.8582
18062, 55.8582
18063, 55.8592
18064, 55.8597
18065, 55.8601
18066, 55.8606
18067, 55.862
18068, 55.8635
18069, 55.8635
18070, 55.8639
18071, 55.8639
18072, 55.8644
18073, 55.8654
18074, 55.8658
18075, 55.8663
18076, 55.8663
18077, 55.8668
18078, 55.8668
18079, 55.8677
18080, 55.8677
18081, 55.8682
18082, 55.8682
18083, 55.8682
18084, 55.8687
18085, 55.8687
18086, 55.8687
18087, 55.8692
18088, 55.8697
18089, 55.8697
18090, 55.8701
18091, 55.8701
18092, 55.8701
18093, 55.8706
18094, 55.8706
18095, 55.8711
18096, 55.8711
18097, 55.8711
18098, 55.872
18099, 55.872
18100, 55.872
18101, 55.873
18102, 55.873
18103, 55.8735
18104, 55.8735
18105, 55.8735
18106, 55.8739
18107, 55.8739
18108, 55.8744
18109, 55.8758
18110, 55.8763
18111, 55.8768
18112, 55.8768
18113, 55.8773
18114, 55.8777
18115, 55.8777
18116, 55.8782
18117, 55.8782
18118, 55.8782
18119, 55.8787
18120, 55.8787
18121, 55.8792
18122, 55.8792
18123, 55.8801
18124, 55.8806
18125, 55.8811
18126, 55.8811
18127, 55.8811
18128, 55.8811
18129, 55.8811
18130, 55.8816
18131, 55.8816
18132, 55.8825
18133, 55.8835
18134, 55.8835
18135, 55.8839
18136, 55.8839
18137, 55.8839
18138, 55.8844
18139, 55.8844
18140, 55.8844
18141, 55.8849
18142, 55.8849
18143, 55.8858
18144, 55.8863
18145, 55.8863
18146, 55.8868
18147, 55.8873
18148, 55.8873
18149, 55.8877
18150, 55.8892
18151, 55.8892
18152, 55.8896
18153, 55.8896
18154, 55.8901
18155, 55.8906
18156, 55.8911
18157, 55.8911
18158, 55.8911
18159, 55.8916
18160, 55.892
18161, 55.893
18162, 55.8939
18163, 55.8944
18164, 55.8954
18165, 55.8954
18166, 55.8958
18167, 55.8963
18168, 55.8963
18169, 55.8963
18170, 55.8968
18171, 55.8973
18172, 55.8973
18173, 55.8977
18174, 55.8977
18175, 55.8982
18176, 55.8992
18177, 55.8992
18178, 55.8996
18179, 55.8996
18180, 55.8996
18181, 55.9006
18182, 55.9011
18183, 55.9016
18184, 55.903
18185, 55.9039
18186, 55.9039
18187, 55.9044
18188, 55.9054
18189, 55.9054
18190, 55.9063
18191, 55.9073
18192, 55.9073
18193, 55.9077
18194, 55.9087
18195, 55.9092
18196, 55.9106
18197, 55.9111
18198, 55.9116
18199, 55.9116
18200, 55.9125
18201, 55.9135
18202, 55.9135
18203, 55.9144
18204, 55.9144
18205, 55.9154
18206, 55.9154
18207, 55.9154
18208, 55.9173
18209, 55.9173
18210, 55.9177
18211, 55.9177
18212, 55.9182
18213, 55.9187
18214, 55.9187
18215, 55.9187
18216, 55.9192
18217, 55.9196
18218, 55.9196
18219, 55.9196
18220, 55.9196
18221, 55.9201
18222, 55.9211
18223, 55.9216
18224, 55.9216
18225, 55.922
18226, 55.922
18227, 55.9225
18228, 55.9225
18229, 55.9239
18230, 55.9239
18231, 55.9244
18232, 55.9244
18233, 55.9249
18234, 55.9249
18235, 55.9254
18236, 55.9263
18237, 55.9263
18238, 55.9263
18239, 55.9268
18240, 55.9273
18241, 55.9273
18242, 55.9282
18243, 55.9287
18244, 55.9296
18245, 55.9296
18246, 55.9296
18247, 55.9301
18248, 55.9311
18249, 55.9316
18250, 55.9316
18251, 55.932
18252, 55.932
18253, 55.9325
18254, 55.9325
18255, 55.9325
18256, 55.933
18257, 55.9335
18258, 55.9335
18259, 55.9335
18260, 55.9339
18261, 55.9344
18262, 55.9344
18263, 55.9344
18264, 55.9349
18265, 55.9349
18266, 55.9354
18267, 55.9358
18268, 55.9363
18269, 55.9368
18270, 55.9368
18271, 55.9373
18272, 55.9382
18273, 55.9382
18274, 55.9382
18275, 55.9387
18276, 55.9392
18277, 55.9396
18278, 55.9406
18279, 55.9411
18280, 55.942
18281, 55.942
18282, 55.9425
18283, 55.943
18284, 55.9435
18285, 55.9439
18286, 55.9439
18287, 55.9439
18288, 55.9458
18289, 55.9458
18290, 55.9468
18291, 55.9468
18292, 55.9477
18293, 55.9477
18294, 55.9492
18295, 55.9492
18296, 55.9496
18297, 55.9501
18298, 55.9501
18299, 55.9516
18300, 55.9516
18301, 55.9535
18302, 55.9535
18303, 55.9535
18304, 55.9554
18305, 55.9558
18306, 55.9563
18307, 55.9563
18308, 55.9568
18309, 55.9577
18310, 55.9592
18311, 55.9596
18312, 55.9601
18313, 55.9606
18314, 55.9606
18315, 55.9611
18316, 55.9616
18317, 55.962
18318, 55.9625
18319, 55.9625
18320, 55.9625
18321, 55.9639
18322, 55.9644
18323, 55.9644
18324, 55.9644
18325, 55.9644
18326, 55.9658
18327, 55.9663
18328, 55.9668
18329, 55.9673
18330, 55.9682
18331, 55.9682
18332, 55.9682
18333, 55.9687
18334, 55.9687
18335, 55.9692
18336, 55.9696
18337, 55.9701
18338, 55.9701
18339, 55.9701
18340, 55.9706
18341, 55.9716
18342, 55.973
18343, 55.9735
18344, 55.9735
18345, 55.9735
18346, 55.9739
18347, 55.9739
18348, 55.9744
18349, 55.9749
18350, 55.9758
18351, 55.9763
18352, 55.9763
18353, 55.9768
18354, 55.9768
18355, 55.9773
18356, 55.9777
18357, 55.9782
18358, 55.9792
18359, 55.9796
18360, 55.9796
18361, 55.9801
18362, 55.9806
18363, 55.9806
18364, 55.9811
18365, 55.9816
18366, 55.9816
18367, 55.9816
18368, 55.982
18369, 55.982
18370, 55.983
18371, 55.9839
18372, 55.9839
18373, 55.9849
18374, 55.9854
18375, 55.9854
18376, 55.9854
18377, 55.9858
18378, 55.9863
18379, 55.9863
18380, 55.9863
18381, 55.9868
18382, 55.9868
18383, 55.9868
18384, 55.9873
18385, 55.9882
18386, 55.9887
18387, 55.9887
18388, 55.9892
18389, 55.9892
18390, 55.9896
18391, 55.9896
18392, 55.9906
18393, 55.9906
18394, 55.9906
18395, 55.9906
18396, 55.9911
18397, 55.9935
18398, 55.9935
18399, 55.9954
18400, 55.9963
18401, 55.9963
18402, 55.9963
18403, 55.9968
18404, 55.9968
18405, 55.9968
18406, 55.9973
18407, 55.9982
18408, 55.9987
18409, 55.9987
18410, 55.9992
18411, 55.9992
18412, 56.0001
18413, 56.0011
18414, 56.0016
18415, 56.0016
18416, 56.0016
18417, 56.002
18418, 56.0025
18419, 56.0025
18420, 56.003
18421, 56.0035
18422, 56.0035
18423, 56.0039
18424, 56.0039
18425, 56.0039
18426, 56.0063
18427, 56.0063
18428, 56.0068
18429, 56.0077
18430, 56.0077
18431, 56.0077
18432, 56.0077
18433, 56.0082
18434, 56.0087
18435, 56.0092
18436, 56.0106
18437, 56.0111
18438, 56.0125
18439, 56.0139
18440, 56.0144
18441, 56.0144
18442, 56.0149
18443, 56.0163
18444, 56.0163
18445, 56.0173
18446, 56.0173
18447, 56.0173
18448, 56.0173
18449, 56.0177
18450, 56.0206
18451, 56.0211
18452, 56.0216
18453, 56.022
18454, 56.023
18455, 56.0235
18456, 56.0239
18457, 56.0239
18458, 56.0254
18459, 56.0258
18460, 56.0268
18461, 56.0268
18462, 56.0273
18463, 56.0273
18464, 56.0277
18465, 56.0277
18466, 56.0282
18467, 56.0282
18468, 56.0287
18469, 56.0292
18470, 56.0296
18471, 56.0296
18472, 56.0301
18473, 56.0306
18474, 56.0306
18475, 56.0306
18476, 56.0311
18477, 56.032
18478, 56.0335
18479, 56.0344
18480, 56.0349
18481, 56.0349
18482, 56.0354
18483, 56.0358
18484, 56.0363
18485, 56.0363
18486, 56.0373
18487, 56.0373
18488, 56.0382
18489, 56.0396
18490, 56.0396
18491, 56.0396
18492, 56.0401
18493, 56.0406
18494, 56.0406
18495, 56.0411
18496, 56.0411
18497, 56.0415
18498, 56.0415
18499, 56.0415
18500, 56.042
18501, 56.042
18502, 56.0435
18503, 56.0435
18504, 56.0439
18505, 56.0439
18506, 56.0444
18507, 56.0444
18508, 56.0454
18509, 56.0458
18510, 56.0458
18511, 56.0463
18512, 56.0468
18513, 56.0468
18514, 56.0468
18515, 56.0473
18516, 56.0482
18517, 56.0506
18518, 56.0515
18519, 56.0515
18520, 56.0515
18521, 56.0525
18522, 56.053
18523, 56.0539
18524, 56.0539
18525, 56.0544
18526, 56.0549
18527, 56.0549
18528, 56.0549
18529, 56.0554
18530, 56.0558
18531, 56.0558
18532, 56.0558
18533, 56.0558
18534, 56.0568
18535, 56.0568
18536, 56.0577
18537, 56.0582
18538, 56.0587
18539, 56.0587
18540, 56.0596
18541, 56.0611
18542, 56.0611
18543, 56.0611
18544, 56.0615
18545, 56.062
18546, 56.062
18547, 56.0625
18548, 56.0625
18549, 56.063
18550, 56.0635
18551, 56.0639
18552, 56.0639
18553, 56.0649
18554, 56.0654
18555, 56.0663
18556, 56.0663
18557, 56.0673
18558, 56.0677
18559, 56.0677
18560, 56.0677
18561, 56.0687
18562, 56.0692
18563, 56.0696
18564, 56.0701
18565, 56.0706
18566, 56.0706
18567, 56.0715
18568, 56.0715
18569, 56.072
18570, 56.0725
18571, 56.073
18572, 56.0749
18573, 56.0754
18574, 56.0763
18575, 56.0768
18576, 56.0777
18577, 56.0782
18578, 56.0787
18579, 56.0801
18580, 56.0806
18581, 56.0815
18582, 56.083
18583, 56.083
18584, 56.083
18585, 56.083
18586, 56.0835
18587, 56.0839
18588, 56.0839
18589, 56.0854
18590, 56.0854
18591, 56.0863
18592, 56.0863
18593, 56.0868
18594, 56.0868
18595, 56.0873
18596, 56.0877
18597, 56.0882
18598, 56.0882
18599, 56.0887
18600, 56.0892
18601, 56.0892
18602, 56.0892
18603, 56.0896
18604, 56.0901
18605, 56.0901
18606, 56.0901
18607, 56.0906
18608, 56.0906
18609, 56.0911
18610, 56.0911
18611, 56.092
18612, 56.093
18613, 56.0944
18614, 56.0949
18615, 56.0949
18616, 56.0949
18617, 56.0954
18618, 56.0958
18619, 56.0963
18620, 56.0963
18621, 56.0973
18622, 56.0973
18623, 56.0973
18624, 56.0973
18625, 56.0977
18626, 56.0982
18627, 56.0982
18628, 56.0987
18629, 56.0987
18630, 56.0992
18631, 56.0996
18632, 56.1001
18633, 56.1001
18634, 56.1011
18635, 56.1011
18636, 56.1015
18637, 56.1015
18638, 56.1015
18639, 56.102
18640, 56.103
18641, 56.103
18642, 56.103
18643, 56.1035
18644, 56.1035
18645, 56.1039
18646, 56.1039
18647, 56.1044
18648, 56.1049
18649, 56.1054
18650, 56.1054
18651, 56.1063
18652, 56.1068
18653, 56.1073
18654, 56.1073
18655, 56.1077
18656, 56.1082
18657, 56.1092
18658, 56.1092
18659, 56.1096
18660, 56.1106
18661, 56.1111
18662, 56.1111
18663, 56.1115
18664, 56.1115
18665, 56.1115
18666, 56.112
18667, 56.1125
18668, 56.1125
18669, 56.113
18670, 56.1135
18671, 56.1139
18672, 56.1144
18673, 56.1149
18674, 56.1163
18675, 56.1163
18676, 56.1173
18677, 56.1182
18678, 56.1187
18679, 56.1187
18680, 56.1201
18681, 56.122
18682, 56.122
18683, 56.1225
18684, 56.1225
18685, 56.123
18686, 56.1235
18687, 56.1239
18688, 56.1254
18689, 56.1263
18690, 56.1263
18691, 56.1273
18692, 56.1273
18693, 56.1273
18694, 56.1277
18695, 56.1282
18696, 56.1287
18697, 56.1287
18698, 56.1292
18699, 56.1296
18700, 56.1296
18701, 56.1296
18702, 56.1311
18703, 56.1311
18704, 56.1311
18705, 56.1315
18706, 56.132
18707, 56.1325
18708, 56.1335
18709, 56.1344
18710, 56.1344
18711, 56.1349
18712, 56.1363
18713, 56.1368
18714, 56.1373
18715, 56.1377
18716, 56.1382
18717, 56.1382
18718, 56.1382
18719, 56.1392
18720, 56.1392
18721, 56.1396
18722, 56.1401
18723, 56.1411
18724, 56.1411
18725, 56.1415
18726, 56.1415
18727, 56.1435
18728, 56.1439
18729, 56.1449
18730, 56.1454
18731, 56.1454
18732, 56.1473
18733, 56.1473
18734, 56.1477
18735, 56.1487
18736, 56.1487
18737, 56.1492
18738, 56.1506
18739, 56.1511
18740, 56.1511
18741, 56.1515
18742, 56.1515
18743, 56.152
18744, 56.1525
18745, 56.153
18746, 56.1535
18747, 56.1544
18748, 56.1544
18749, 56.1544
18750, 56.1554
18751, 56.1554
18752, 56.1558
18753, 56.1563
18754, 56.1573
18755, 56.1573
18756, 56.1577
18757, 56.1577
18758, 56.1582
18759, 56.1582
18760, 56.1587
18761, 56.1592
18762, 56.1596
18763, 56.1601
18764, 56.1601
18765, 56.1601
18766, 56.1611
18767, 56.1615
18768, 56.162
18769, 56.162
18770, 56.1625
18771, 56.163
18772, 56.163
18773, 56.1639
18774, 56.1644
18775, 56.1644
18776, 56.1644
18777, 56.1649
18778, 56.1663
18779, 56.1668
18780, 56.1673
18781, 56.1677
18782, 56.1677
18783, 56.1682
18784, 56.1696
18785, 56.1701
18786, 56.1715
18787, 56.1725
18788, 56.1725
18789, 56.1735
18790, 56.1735
18791, 56.1744
18792, 56.1749
18793, 56.1763
18794, 56.1763
18795, 56.1773
18796, 56.1777
18797, 56.1782
18798, 56.1787
18799, 56.1787
18800, 56.1801
18801, 56.1801
18802, 56.1806
18803, 56.1811
18804, 56.1815
18805, 56.1834
18806, 56.1834
18807, 56.1839
18808, 56.1854
18809, 56.1858
18810, 56.1863
18811, 56.1868
18812, 56.1877
18813, 56.1882
18814, 56.1882
18815, 56.1882
18816, 56.1887
18817, 56.1892
18818, 56.1892
18819, 56.1892
18820, 56.1896
18821, 56.1901
18822, 56.1911
18823, 56.1911
18824, 56.192
18825, 56.192
18826, 56.1925
18827, 56.1925
18828, 56.1934
18829, 56.1939
18830, 56.1949
18831, 56.1954
18832, 56.1954
18833, 56.1958
18834, 56.1958
18835, 56.1963
18836, 56.1977
18837, 56.1987
18838, 56.1992
18839, 56.1996
18840, 56.2001
18841, 56.2011
18842, 56.2011
18843, 56.2015
18844, 56.202
18845, 56.202
18846, 56.2025
18847, 56.203
18848, 56.203
18849, 56.203
18850, 56.2044
18851, 56.2058
18852, 56.2063
18853, 56.2063
18854, 56.2073
18855, 56.2082
18856, 56.2087
18857, 56.2087
18858, 56.2106
18859, 56.212
18860, 56.2139
18861, 56.2144
18862, 56.2149
18863, 56.2154
18864, 56.2158
18865, 56.2158
18866, 56.2158
18867, 56.2168
18868, 56.2173
18869, 56.2173
18870, 56.2177
18871, 56.2177
18872, 56.2182
18873, 56.2192
18874, 56.2196
18875, 56.2196
18876, 56.223
18877, 56.2234
18878, 56.2249
18879, 56.2249
18880, 56.2263
18881, 56.2268
18882, 56.2273
18883, 56.2287
18884, 56.2287
18885, 56.2292
18886, 56.2296
18887, 56.2301
18888, 56.2301
18889, 56.2306
18890, 56.2311
18891, 56.2315
18892, 56.232
18893, 56.232
18894, 56.232
18895, 56.232
18896, 56.2325
18897, 56.2344
18898, 56.2344
18899, 56.2349
18900, 56.2349
18901, 56.2349
18902, 56.2349
18903, 56.2354
18904, 56.2354
18905, 56.2358
18906, 56.2358
18907, 56.2358
18908, 56.2358
18909, 56.2358
18910, 56.2387
18911, 56.2387
18912, 56.2387
18913, 56.2396
18914, 56.2401
18915, 56.2415
18916, 56.2425
18917, 56.243
18918, 56.2454
18919, 56.2463
18920, 56.2468
18921, 56.2482
18922, 56.2496
18923, 56.2501
18924, 56.2501
18925, 56.2501
18926, 56.2501
18927, 56.2511
18928, 56.252
18929, 56.2525
18930, 56.2525
18931, 56.2525
18932, 56.2525
18933, 56.2534
18934, 56.2539
18935, 56.2549
18936, 56.2549
18937, 56.2554
18938, 56.2563
18939, 56.2563
18940, 56.2563
18941, 56.2577
18942, 56.2577
18943, 56.2582
18944, 56.2582
18945, 56.2592
18946, 56.2601
18947, 56.2601
18948, 56.2606
18949, 56.2606
18950, 56.262
18951, 56.262
18952, 56.2625
18953, 56.263
18954, 56.2639
18955, 56.2663
18956, 56.2663
18957, 56.2663
18958, 56.2663
18959, 56.2668
18960, 56.2668
18961, 56.2677
18962, 56.2677
18963, 56.2682
18964, 56.2682
18965, 56.2687
18966, 56.2692
18967, 56.2696
18968, 56.2701
18969, 56.2706
18970, 56.2725
18971, 56.2725
18972, 56.273
18973, 56.2734
18974, 56.2734
18975, 56.2739
18976, 56.2744
18977, 56.2744
18978, 56.2749
18979, 56.2777
18980, 56.2782
18981, 56.2782
18982, 56.2792
18983, 56.2801
18984, 56.2806
18985, 56.2815
18986, 56.2825
18987, 56.2825
18988, 56.2834
18989, 56.2839
18990, 56.2868
18991, 56.2868
18992, 56.2877
18993, 56.2882
18994, 56.2882
18995, 56.2901
18996, 56.2911
18997, 56.2915
18998, 56.2925
18999, 56.2925
19000, 56.293
19001, 56.2934
19002, 56.2944
19003, 56.2949
19004, 56.2954
19005, 56.2954
19006, 56.2973
19007, 56.2992
19008, 56.2992
19009, 56.2992
19010, 56.2996
19011, 56.2996
19012, 56.3001
19013, 56.3001
19014, 56.3001
19015, 56.3006
19016, 56.3015
19017, 56.302
19018, 56.3039
19019, 56.3039
19020, 56.3039
19021, 56.3044
19022, 56.3049
19023, 56.3054
19024, 56.3058
19025, 56.3073
19026, 56.3073
19027, 56.3077
19028, 56.3077
19029, 56.3082
19030, 56.3082
19031, 56.3082
19032, 56.3087
19033, 56.3092
19034, 56.3096
19035, 56.3096
19036, 56.3101
19037, 56.3106
19038, 56.3106
19039, 56.3115
19040, 56.3115
19041, 56.3115
19042, 56.3115
19043, 56.3125
19044, 56.313
19045, 56.313
19046, 56.3139
19047, 56.3144
19048, 56.3144
19049, 56.3144
19050, 56.3149
19051, 56.3154
19052, 56.3158
19053, 56.3158
19054, 56.3158
19055, 56.3173
19056, 56.3182
19057, 56.3182
19058, 56.3182
19059, 56.3182
19060, 56.3187
19061, 56.3196
19062, 56.3206
19063, 56.3215
19064, 56.3234
19065, 56.3244
19066, 56.3258
19067, 56.3268
19068, 56.3268
19069, 56.3277
19070, 56.3282
19071, 56.3292
19072, 56.3306
19073, 56.3306
19074, 56.3315
19075, 56.3315
19076, 56.3315
19077, 56.3315
19078, 56.3325
19079, 56.3325
19080, 56.333
19081, 56.3339
19082, 56.3344
19083, 56.3349
19084, 56.3349
19085, 56.3349
19086, 56.3353
19087, 56.3353
19088, 56.3353
19089, 56.3353
19090, 56.3353
19091, 56.3353
19092, 56.3358
19093, 56.3363
19094, 56.3363
19095, 56.3373
19096, 56.3377
19097, 56.3377
19098, 56.3382
19099, 56.3382
19100, 56.3387
19101, 56.3411
19102, 56.3415
19103, 56.342
19104, 56.342
19105, 56.3425
19106, 56.343
19107, 56.343
19108, 56.3449
19109, 56.3449
19110, 56.3453
19111, 56.3458
19112, 56.3468
19113, 56.3468
19114, 56.3473
19115, 56.3477
19116, 56.3477
19117, 56.3482
19118, 56.3492
19119, 56.3501
19120, 56.3501
19121, 56.3501
19122, 56.3506
19123, 56.3511
19124, 56.3511
19125, 56.352
19126, 56.3534
19127, 56.3539
19128, 56.3539
19129, 56.3539
19130, 56.3544
19131, 56.3544
19132, 56.3558
19133, 56.3573
19134, 56.3573
19135, 56.3577
19136, 56.3592
19137, 56.3596
19138, 56.3601
19139, 56.3606
19140, 56.3606
19141, 56.3606
19142, 56.362
19143, 56.3625
19144, 56.3625
19145, 56.363
19146, 56.363
19147, 56.3649
19148, 56.3653
19149, 56.3658
19150, 56.3663
19151, 56.3668
19152, 56.3677
19153, 56.3692
19154, 56.3692
19155, 56.3696
19156, 56.3701
19157, 56.3701
19158, 56.3701
19159, 56.3701
19160, 56.3706
19161, 56.3706
19162, 56.3715
19163, 56.3715
19164, 56.372
19165, 56.373
19166, 56.3734
19167, 56.3734
19168, 56.3739
19169, 56.3739
19170, 56.3744
19171, 56.3744
19172, 56.3758
19173, 56.3763
19174, 56.3768
19175, 56.3768
19176, 56.3777
19177, 56.3782
19178, 56.3782
19179, 56.3782
19180, 56.3782
19181, 56.3796
19182, 56.3801
19183, 56.3801
19184, 56.3806
19185, 56.3806
19186, 56.382
19187, 56.382
19188, 56.383
19189, 56.383
19190, 56.3839
19191, 56.3844
19192, 56.3844
19193, 56.3849
19194, 56.3863
19195, 56.3863
19196, 56.3863
19197, 56.3887
19198, 56.3892
19199, 56.3892
19200, 56.3896
19201, 56.3896
19202, 56.3896
19203, 56.3901
19204, 56.3906
19205, 56.3911
19206, 56.3915
19207, 56.3939
19208, 56.3939
19209, 56.3944
19210, 56.3944
19211, 56.3949
19212, 56.3958
19213, 56.3963
19214, 56.3977
19215, 56.3977
19216, 56.3977
19217, 56.3987
19218, 56.3987
19219, 56.3996
19220, 56.3996
19221, 56.3996
19222, 56.4006
19223, 56.4011
19224, 56.402
19225, 56.4025
19226, 56.403
19227, 56.4034
19228, 56.4034
19229, 56.4034
19230, 56.4034
19231, 56.4039
19232, 56.4044
19233, 56.4044
19234, 56.4049
19235, 56.4053
19236, 56.4053
19237, 56.4053
19238, 56.4058
19239, 56.4058
19240, 56.4058
19241, 56.4058
19242, 56.4058
19243, 56.4073
19244, 56.4087
19245, 56.4092
19246, 56.4092
19247, 56.4096
19248, 56.4106
19249, 56.4106
19250, 56.4111
19251, 56.4115
19252, 56.4115
19253, 56.413
19254, 56.4134
19255, 56.4139
19256, 56.4144
19257, 56.4144
19258, 56.4144
19259, 56.4173
19260, 56.4173
19261, 56.4173
19262, 56.4187
19263, 56.4187
19264, 56.4201
19265, 56.4201
19266, 56.4201
19267, 56.4211
19268, 56.4215
19269, 56.423
19270, 56.423
19271, 56.4239
19272, 56.4249
19273, 56.4263
19274, 56.4273
19275, 56.4273
19276, 56.4277
19277, 56.4277
19278, 56.4292
19279, 56.4292
19280, 56.4292
19281, 56.4296
19282, 56.4296
19283, 56.4301
19284, 56.4301
19285, 56.4306
19286, 56.4306
19287, 56.432
19288, 56.432
19289, 56.432
19290, 56.432
19291, 56.433
19292, 56.433
19293, 56.4339
19294, 56.4349
19295, 56.4353
19296, 56.4363
19297, 56.4377
19298, 56.4382
19299, 56.4387
19300, 56.4387
19301, 56.4392
19302, 56.4392
19303, 56.4396
19304, 56.4406
19305, 56.4411
19306, 56.4415
19307, 56.442
19308, 56.443
19309, 56.443
19310, 56.443
19311, 56.4434
19312, 56.4444
19313, 56.4449
19314, 56.4453
19315, 56.4453
19316, 56.4463
19317, 56.4468
19318, 56.4468
19319, 56.4473
19320, 56.4473
19321, 56.4477
19322, 56.4482
19323, 56.4487
19324, 56.4492
19325, 56.4496
19326, 56.4501
19327, 56.4506
19328, 56.4515
19329, 56.452
19330, 56.4534
19331, 56.4534
19332, 56.4539
19333, 56.4544
19334, 56.4544
19335, 56.4558
19336, 56.4563
19337, 56.4563
19338, 56.4563
19339, 56.4568
19340, 56.4577
19341, 56.4582
19342, 56.4592
19343, 56.4596
19344, 56.4596
19345, 56.4596
19346, 56.4611
19347, 56.4611
19348, 56.4611
19349, 56.4615
19350, 56.462
19351, 56.463
19352, 56.463
19353, 56.4639
19354, 56.4649
19355, 56.4658
19356, 56.4673
19357, 56.4673
19358, 56.4687
19359, 56.4692
19360, 56.4696
19361, 56.4701
19362, 56.4701
19363, 56.4701
19364, 56.4715
19365, 56.472
19366, 56.4734
19367, 56.4739
19368, 56.4744
19369, 56.4744
19370, 56.4744
19371, 56.4744
19372, 56.4758
19373, 56.4763
19374, 56.4768
19375, 56.4777
19376, 56.4782
19377, 56.4787
19378, 56.4787
19379, 56.4792
19380, 56.4792
19381, 56.4796
19382, 56.4806
19383, 56.4806
19384, 56.4811
19385, 56.4815
19386, 56.4815
19387, 56.482
19388, 56.4825
19389, 56.4825
19390, 56.4825
19391, 56.4849
19392, 56.4853
19393, 56.4853
19394, 56.4858
19395, 56.4858
19396, 56.4863
19397, 56.4863
19398, 56.4863
19399, 56.4863
19400, 56.4868
19401, 56.4868
19402, 56.4887
19403, 56.4896
19404, 56.4906
19405, 56.4906
19406, 56.492
19407, 56.493
19408, 56.4934
19409, 56.4939
19410, 56.4939
19411, 56.4944
19412, 56.4949
19413, 56.4949
19414, 56.4953
19415, 56.4958
19416, 56.4963
19417, 56.4968
19418, 56.4982
19419, 56.4982
19420, 56.4987
19421, 56.4992
19422, 56.4992
19423, 56.4996
19424, 56.5001
19425, 56.5001
19426, 56.5006
19427, 56.5006
19428, 56.5006
19429, 56.5011
19430, 56.502
19431, 56.5025
19432, 56.5025
19433, 56.5025
19434, 56.5034
19435, 56.5034
19436, 56.5039
19437, 56.5039
19438, 56.5044
19439, 56.5063
19440, 56.5063
19441, 56.5077
19442, 56.5077
19443, 56.5082
19444, 56.5082
19445, 56.5082
19446, 56.5101
19447, 56.5111
19448, 56.5115
19449, 56.5115
19450, 56.512
19451, 56.5125
19452, 56.5125
19453, 56.513
19454, 56.513
19455, 56.5134
19456, 56.5139
19457, 56.5144
19458, 56.5149
19459, 56.5149
19460, 56.5158
19461, 56.5158
19462, 56.5163
19463, 56.5172
19464, 56.5187
19465, 56.5192
19466, 56.5211
19467, 56.5225
19468, 56.5239
19469, 56.5239
19470, 56.5244
19471, 56.5258
19472, 56.5258
19473, 56.5272
19474, 56.5282
19475, 56.5287
19476, 56.5287
19477, 56.5292
19478, 56.5301
19479, 56.5301
19480, 56.5315
19481, 56.5315
19482, 56.533
19483, 56.5334
19484, 56.5334
19485, 56.5349
19486, 56.5349
19487, 56.5353
19488, 56.5353
19489, 56.5358
19490, 56.5358
19491, 56.5363
19492, 56.5368
19493, 56.5372
19494, 56.5372
19495, 56.5387
19496, 56.5392
19497, 56.5392
19498, 56.5396
19499, 56.542
19500, 56.542
19501, 56.542
19502, 56.5425
19503, 56.543
19504, 56.543
19505, 56.5434
19506, 56.5439
19507, 56.5439
19508, 56.5439
19509, 56.5444
19510, 56.5458
19511, 56.5458
19512, 56.5472
19513, 56.5492
19514, 56.5496
19515, 56.5496
19516, 56.5501
19517, 56.5506
19518, 56.5511
19519, 56.5515
19520, 56.5525
19521, 56.5525
19522, 56.553
19523, 56.553
19524, 56.553
19525, 56.5534
19526, 56.5534
19527, 56.5539
19528, 56.5539
19529, 56.5539
19530, 56.5539
19531, 56.5544
19532, 56.5544
19533, 56.5549
19534, 56.5558
19535, 56.5563
19536, 56.5563
19537, 56.5568
19538, 56.5568
19539, 56.5592
19540, 56.5592
19541, 56.5596
19542, 56.5601
19543, 56.5601
19544, 56.5606
19545, 56.562
19546, 56.563
19547, 56.5639
19548, 56.5644
19549, 56.5649
19550, 56.5658
19551, 56.5663
19552, 56.5682
19553, 56.5687
19554, 56.5692
19555, 56.5692
19556, 56.5696
19557, 56.5701
19558, 56.5706
19559, 56.5715
19560, 56.5734
19561, 56.5744
19562, 56.5749
19563, 56.5749
19564, 56.5758
19565, 56.5763
19566, 56.5782
19567, 56.5787
19568, 56.5796
19569, 56.5796
19570, 56.5796
19571, 56.5796
19572, 56.5801
19573, 56.5801
19574, 56.5806
19575, 56.5815
19576, 56.5815
19577, 56.5815
19578, 56.582
19579, 56.582
19580, 56.5825
19581, 56.5825
19582, 56.583
19583, 56.5839
19584, 56.5872
19585, 56.5882
19586, 56.5887
19587, 56.5901
19588, 56.5901
19589, 56.5906
19590, 56.5906
19591, 56.5906
19592, 56.592
19593, 56.5925
19594, 56.5939
19595, 56.5944
19596, 56.5949
19597, 56.5953
19598, 56.5958
19599, 56.5958
19600, 56.5968
19601, 56.5982
19602, 56.5996
19603, 56.5996
19604, 56.6001
19605, 56.6015
19606, 56.6015
19607, 56.602
19608, 56.602
19609, 56.6025
19610, 56.6058
19611, 56.6068
19612, 56.6068
19613, 56.6082
19614, 56.6082
19615, 56.6111
19616, 56.6111
19617, 56.6115
19618, 56.6115
19619, 56.612
19620, 56.612
19621, 56.612
19622, 56.612
19623, 56.6139
19624, 56.6168
19625, 56.6177
19626, 56.6187
19627, 56.6206
19628, 56.6211
19629, 56.6211
19630, 56.6211
19631, 56.6215
19632, 56.6215
19633, 56.6244
19634, 56.6249
19635, 56.6263
19636, 56.6287
19637, 56.6291
19638, 56.6296
19639, 56.6296
19640, 56.6296
19641, 56.6311
19642, 56.6325
19643, 56.633
19644, 56.6334
19645, 56.6344
19646, 56.6349
19647, 56.6358
19648, 56.6358
19649, 56.6363
19650, 56.6368
19651, 56.6368
19652, 56.6372
19653, 56.6387
19654, 56.6387
19655, 56.6396
19656, 56.6401
19657, 56.6406
19658, 56.6406
19659, 56.6411
19660, 56.6415
19661, 56.6415
19662, 56.6415
19663, 56.6425
19664, 56.6434
19665, 56.6463
19666, 56.6468
19667, 56.6468
19668, 56.6468
19669, 56.6472
19670, 56.6482
19671, 56.6487
19672, 56.6496
19673, 56.6501
19674, 56.6506
19675, 56.6506
19676, 56.6515
19677, 56.652
19678, 56.652
19679, 56.653
19680, 56.6539
19681, 56.6539
19682, 56.6544
19683, 56.6544
19684, 56.6544
19685, 56.6549
19686, 56.6549
19687, 56.6553
19688, 56.6553
19689, 56.6563
19690, 56.6572
19691, 56.6572
19692, 56.6572
19693, 56.6577
19694, 56.6582
19695, 56.6591
19696, 56.6591
19697, 56.6606
19698, 56.6606
19699, 56.6615
19700, 56.662
19701, 56.6625
19702, 56.663
19703, 56.6639
19704, 56.6639
19705, 56.6644
19706, 56.6644
19707, 56.6649
19708, 56.6653
19709, 56.6653
19710, 56.6668
19711, 56.6672
19712, 56.6677
19713, 56.6687
19714, 56.6691
19715, 56.6696
19716, 56.6711
19717, 56.6711
19718, 56.6715
19719, 56.6744
19720, 56.6749
19721, 56.6753
19722, 56.6758
19723, 56.6758
19724, 56.6758
19725, 56.6763
19726, 56.6763
19727, 56.6768
19728, 56.6768
19729, 56.6772
19730, 56.6777
19731, 56.6782
19732, 56.6782
19733, 56.6787
19734, 56.6791
19735, 56.6796
19736, 56.6796
19737, 56.6806
19738, 56.6806
19739, 56.6806
19740, 56.6811
19741, 56.6815
19742, 56.682
19743, 56.682
19744, 56.682
19745, 56.682
19746, 56.682
19747, 56.6825
19748, 56.6825
19749, 56.6825
19750, 56.6834
19751, 56.6839
19752, 56.6839
19753, 56.6849
19754, 56.6849
19755, 56.6858
19756, 56.6863
19757, 56.6868
19758, 56.6872
19759, 56.6887
19760, 56.6891
19761, 56.6891
19762, 56.6891
19763, 56.6896
19764, 56.6906
19765, 56.6911
19766, 56.6915
19767, 56.6925
19768, 56.6944
19769, 56.6949
19770, 56.6963
19771, 56.6972
19772, 56.6977
19773, 56.6991
19774, 56.7006
19775, 56.7011
19776, 56.7015
19777, 56.7015
19778, 56.7015
19779, 56.7025
19780, 56.703
19781, 56.703
19782, 56.7034
19783, 56.7034
19784, 56.7053
19785, 56.7058
19786, 56.7058
19787, 56.7058
19788, 56.7068
19789, 56.7072
19790, 56.7077
19791, 56.7082
19792, 56.7082
19793, 56.7087
19794, 56.7087
19795, 56.7101
19796, 56.7106
19797, 56.7111
19798, 56.7115
19799, 56.712
19800, 56.713
19801, 56.7134
19802, 56.7134
19803, 56.7139
19804, 56.7144
19805, 56.7149
19806, 56.7149
19807, 56.7163
19808, 56.7172
19809, 56.7172
19810, 56.7177
19811, 56.7182
19812, 56.7182
19813, 56.7187
19814, 56.7196
19815, 56.7206
19816, 56.7206
19817, 56.7206
19818, 56.722
19819, 56.722
19820, 56.7225
19821, 56.7225
19822, 56.7234
19823, 56.7239
19824, 56.7239
19825, 56.7253
19826, 56.7263
19827, 56.7263
19828, 56.7268
19829, 56.7277
19830, 56.7277
19831, 56.7282
19832, 56.7282
19833, 56.7287
19834, 56.7291
19835, 56.7291
19836, 56.7311
19837, 56.732
19838, 56.7325
19839, 56.7325
19840, 56.7353
19841, 56.7353
19842, 56.7358
19843, 56.7363
19844, 56.7363
19845, 56.7368
19846, 56.7387
19847, 56.7391
19848, 56.7396
19849, 56.7406
19850, 56.7415
19851, 56.742
19852, 56.743
19853, 56.7444
19854, 56.7444
19855, 56.7444
19856, 56.7463
19857, 56.7463
19858, 56.7468
19859, 56.7477
19860, 56.7482
19861, 56.7482
19862, 56.7487
19863, 56.7487
19864, 56.7487
19865, 56.7487
19866, 56.7491
19867, 56.7491
19868, 56.7496
19869, 56.7501
19870, 56.7501
19871, 56.7506
19872, 56.7511
19873, 56.752
19874, 56.752
19875, 56.7525
19876, 56.7525
19877, 56.7534
19878, 56.7539
19879, 56.7544
19880, 56.7549
19881, 56.7553
19882, 56.7558
19883, 56.7568
19884, 56.7577
19885, 56.7582
19886, 56.7591
19887, 56.7591
19888, 56.7591
19889, 56.7591
19890, 56.7601
19891, 56.7606
19892, 56.7606
19893, 56.7606
19894, 56.7615
19895, 56.762
19896, 56.7625
19897, 56.763
19898, 56.7634
19899, 56.7639
19900, 56.7639
19901, 56.7649
19902, 56.7653
19903, 56.7658
19904, 56.7658
19905, 56.7668
19906, 56.7682
19907, 56.7682
19908, 56.7687
19909, 56.7691
19910, 56.7691
19911, 56.7691
19912, 56.7706
19913, 56.7711
19914, 56.772
19915, 56.772
19916, 56.7725
19917, 56.773
19918, 56.7734
19919, 56.7744
19920, 56.7744
19921, 56.7749
19922, 56.7753
19923, 56.7758
19924, 56.7772
19925, 56.7777
19926, 56.7791
19927, 56.7791
19928, 56.7796
19929, 56.7801
19930, 56.781
19931, 56.781
19932, 56.781
19933, 56.7815
19934, 56.7825
19935, 56.783
19936, 56.7839
19937, 56.7839
19938, 56.7839
19939, 56.7839
19940, 56.7844
19941, 56.7849
19942, 56.7853
19943, 56.7858
19944, 56.7863
19945, 56.7877
19946, 56.7877
19947, 56.7877
19948, 56.7896
19949, 56.7896
19950, 56.7901
19951, 56.7915
19952, 56.7915
19953, 56.792
19954, 56.792
19955, 56.7925
19956, 56.793
19957, 56.793
19958, 56.7934
19959, 56.7939
19960, 56.7944
19961, 56.7944
19962, 56.7953
19963, 56.7958
19964, 56.7958
19965, 56.7968
19966, 56.7968
19967, 56.7987
19968, 56.7996
19969, 56.8001
19970, 56.8006
19971, 56.801
19972, 56.8015
19973, 56.8025
19974, 56.8025
19975, 56.8025
19976, 56.803
19977, 56.8034
19978, 56.8039
19979, 56.8039
19980, 56.8049
19981, 56.8053
19982, 56.8058
19983, 56.8068
19984, 56.8068
19985, 56.8068
19986, 56.8072
19987, 56.8072
19988, 56.8072
19989, 56.8077
19990, 56.8087
19991, 56.8087
19992, 56.8101
19993, 56.811
19994, 56.811
19995, 56.812
19996, 56.812
19997, 56.8134
19998, 56.8139
19999, 56.8149
20000, 56.8149
20001, 56.8149
20002, 56.8153
20003, 56.8158
20004, 56.8158
20005, 56.8168
20006, 56.8168
20007, 56.8177
20008, 56.8187
20009, 56.8191
20010, 56.821
20011, 56.821
20012, 56.822
20013, 56.8225
20014, 56.8225
20015, 56.823
20016, 56.8239
20017, 56.8239
20018, 56.8239
20019, 56.8239
20020, 56.8239
20021, 56.8253
20022, 56.8263
20023, 56.8268
20024, 56.8268
20025, 56.8272
20026, 56.8287
20027, 56.8291
20028, 56.8301
20029, 56.8301
20030, 56.831
20031, 56.831
20032, 56.832
20033, 56.8325
20034, 56.8325
20035, 56.833
20036, 56.833
20037, 56.8334
20038, 56.8334
20039, 56.8339
20040, 56.8344
20041, 56.8344
20042, 56.8349
20043, 56.8363
20044, 56.8368
20045, 56.8372
20046, 56.8377
20047, 56.8382
20048, 56.8382
20049, 56.8382
20050, 56.8382
20051, 56.8382
20052, 56.8387
20053, 56.8387
20054, 56.8396
20055, 56.8396
20056, 56.8396
20057, 56.8396
20058, 56.8401
20059, 56.8406
20060, 56.8406
20061, 56.842
20062, 56.8425
20063, 56.843
20064, 56.8444
20065, 56.8444
20066, 56.8453
20067, 56.8458
20068, 56.8468
20069, 56.8477
20070, 56.8482
20071, 56.8491
20072, 56.8491
20073, 56.8491
20074, 56.8506
20075, 56.8506
20076, 56.852
20077, 56.8539
20078, 56.8544
20079, 56.8544
20080, 56.8549
20081, 56.8553
20082, 56.8563
20083, 56.8563
20084, 56.8563
20085, 56.8582
20086, 56.8582
20087, 56.8591
20088, 56.8591
20089, 56.8596
20090, 56.861
20091, 56.8615
20092, 56.862
20093, 56.862
20094, 56.862
20095, 56.8625
20096, 56.8625
20097, 56.8634
20098, 56.8649
20099, 56.8653
20100, 56.8663
20101, 56.8668
20102, 56.8672
20103, 56.8672
20104, 56.8706
20105, 56.871
20106, 56.872
20107, 56.873
20108, 56.8734
20109, 56.8749
20110, 56.8749
20111, 56.8753
20112, 56.8758
20113, 56.8772
20114, 56.8787
20115, 56.8787
20116, 56.8801
20117, 56.8815
20118, 56.882
20119, 56.882
20120, 56.882
20121, 56.8825
20122, 56.883
20123, 56.8844
20124, 56.8849
20125, 56.8858
20126, 56.8863
20127, 56.8872
20128, 56.8872
20129, 56.8872
20130, 56.8887
20131, 56.8891
20132, 56.8896
20133, 56.8901
20134, 56.891
20135, 56.8925
20136, 56.893
20137, 56.8934
20138, 56.8934
20139, 56.8934
20140, 56.8944
20141, 56.8963
20142, 56.8968
20143, 56.8968
20144, 56.8982
20145, 56.8991
20146, 56.8991
20147, 56.9006
20148, 56.901
20149, 56.902
20150, 56.9025
20151, 56.9025
20152, 56.903
20153, 56.9034
20154, 56.9039
20155, 56.9044
20156, 56.9044
20157, 56.9053
20158, 56.9058
20159, 56.9058
20160, 56.9058
20161, 56.9063
20162, 56.9068
20163, 56.9072
20164, 56.9096
20165, 56.9106
20166, 56.9106
20167, 56.911
20168, 56.9115
20169, 56.9125
20170, 56.9134
20171, 56.9153
20172, 56.9158
20173, 56.9163
20174, 56.9163
20175, 56.9168
20176, 56.9168
20177, 56.9168
20178, 56.9182
20179, 56.9201
20180, 56.9206
20181, 56.922
20182, 56.9225
20183, 56.9225
20184, 56.9234
20185, 56.9244
20186, 56.9249
20187, 56.9249
20188, 56.9249
20189, 56.9258
20190, 56.9268
20191, 56.9268
20192, 56.9272
20193, 56.9277
20194, 56.9282
20195, 56.9282
20196, 56.9282
20197, 56.9291
20198, 56.9296
20199, 56.9306
20200, 56.9306
20201, 56.9315
20202, 56.9315
20203, 56.932
20204, 56.9325
20205, 56.9344
20206, 56.9358
20207, 56.9358
20208, 56.9363
20209, 56.9368
20210, 56.9372
20211, 56.9377
20212, 56.9387
20213, 56.9391
20214, 56.9391
20215, 56.9396
20216, 56.9396
20217, 56.9401
20218, 56.9406
20219, 56.9429
20220, 56.9434
20221, 56.9434
20222, 56.9439
20223, 56.9468
20224, 56.9477
20225, 56.9482
20226, 56.9482
20227, 56.9491
20228, 56.9506
20229, 56.951
20230, 56.951
20231, 56.952
20232, 56.9525
20233, 56.9544
20234, 56.9558
20235, 56.9558
20236, 56.9563
20237, 56.9568
20238, 56.9572
20239, 56.9572
20240, 56.9577
20241, 56.9582
20242, 56.9582
20243, 56.9582
20244, 56.9582
20245, 56.9587
20246, 56.9601
20247, 56.9606
20248, 56.961
20249, 56.962
20250, 56.9629
20251, 56.9629
20252, 56.9653
20253, 56.9658
20254, 56.9672
20255, 56.9687
20256, 56.9696
20257, 56.9701
20258, 56.9706
20259, 56.971
20260, 56.9725
20261, 56.9725
20262, 56.9739
20263, 56.9744
20264, 56.9744
20265, 56.9749
20266, 56.9749
20267, 56.9749
20268, 56.9753
20269, 56.9753
20270, 56.9768
20271, 56.9772
20272, 56.9782
20273, 56.9787
20274, 56.9787
20275, 56.9787
20276, 56.9791
20277, 56.9796
20278, 56.9796
20279, 56.9796
20280, 56.9806
20281, 56.981
20282, 56.9815
20283, 56.9815
20284, 56.9825
20285, 56.9825
20286, 56.9825
20287, 56.9829
20288, 56.9839
20289, 56.9849
20290, 56.9849
20291, 56.9853
20292, 56.9853
20293, 56.9882
20294, 56.9887
20295, 56.9906
20296, 56.9915
20297, 56.992
20298, 56.9929
20299, 56.9929
20300, 56.9934
20301, 56.9949
20302, 56.9949
20303, 56.9949
20304, 56.9953
20305, 56.9953
20306, 56.9958
20307, 56.9972
20308, 56.9991
20309, 56.9991
20310, 56.9991
20311, 57.001
20312, 57.0015
20313, 57.0025
20314, 57.0025
20315, 57.0029
20316, 57.0029
20317, 57.0034
20318, 57.0044
20319, 57.0044
20320, 57.0049
20321, 57.0049
20322, 57.0053
20323, 57.0058
20324, 57.0063
20325, 57.0077
20326, 57.0091
20327, 57.0101
20328, 57.012
20329, 57.012
20330, 57.0125
20331, 57.0129
20332, 57.0139
20333, 57.0144
20334, 57.0153
20335, 57.0158
20336, 57.0163
20337, 57.0163
20338, 57.0163
20339, 57.0168
20340, 57.0168
20341, 57.0168
20342, 57.0177
20343, 57.0177
20344, 57.0177
20345, 57.0182
20346, 57.0206
20347, 57.021
20348, 57.022
20349, 57.022
20350, 57.022
20351, 57.022
20352, 57.0225
20353, 57.0229
20354, 57.0244
20355, 57.0253
20356, 57.0258
20357, 57.0258
20358, 57.0263
20359, 57.0272
20360, 57.0277
20361, 57.0277
20362, 57.0282
20363, 57.0282
20364, 57.0287
20365, 57.0287
20366, 57.0296
20367, 57.0301
20368, 57.0301
20369, 57.031
20370, 57.031
20371, 57.032
20372, 57.0325
20373, 57.0329
20374, 57.0329
20375, 57.0334
20376, 57.0339
20377, 57.0344
20378, 57.0344
20379, 57.0344
20380, 57.0349
20381, 57.0349
20382, 57.0358
20383, 57.0368
20384, 57.0377
20385, 57.0377
20386, 57.0391
20387, 57.0396
20388, 57.0396
20389, 57.0406
20390, 57.0415
20391, 57.042
20392, 57.042
20393, 57.0425
20394, 57.0429
20395, 57.0434
20396, 57.0434
20397, 57.0444
20398, 57.0444
20399, 57.0444
20400, 57.0449
20401, 57.0453
20402, 57.0458
20403, 57.0458
20404, 57.0458
20405, 57.0482
20406, 57.0487
20407, 57.0496
20408, 57.0501
20409, 57.051
20410, 57.0534
20411, 57.0539
20412, 57.0539
20413, 57.0549
20414, 57.0553
20415, 57.0553
20416, 57.0563
20417, 57.0572
20418, 57.0577
20419, 57.0582
20420, 57.0596
20421, 57.0596
20422, 57.0596
20423, 57.0601
20424, 57.0601
20425, 57.0601
20426, 57.062
20427, 57.0625
20428, 57.0625
20429, 57.0629
20430, 57.0634
20431, 57.0634
20432, 57.0634
20433, 57.0644
20434, 57.0649
20435, 57.0668
20436, 57.0677
20437, 57.0677
20438, 57.0687
20439, 57.0696
20440, 57.0696
20441, 57.0706
20442, 57.0706
20443, 57.0706
20444, 57.0725
20445, 57.0725
20446, 57.0725
20447, 57.0729
20448, 57.0729
20449, 57.0739
20450, 57.0739
20451, 57.0739
20452, 57.0744
20453, 57.0753
20454, 57.0753
20455, 57.0768
20456, 57.0782
20457, 57.0782
20458, 57.0787
20459, 57.0791
20460, 57.0791
20461, 57.0806
20462, 57.0806
20463, 57.082
20464, 57.082
20465, 57.0825
20466, 57.0829
20467, 57.0834
20468, 57.0834
20469, 57.0839
20470, 57.0848
20471, 57.0853
20472, 57.0863
20473, 57.0868
20474, 57.0872
20475, 57.0872
20476, 57.0882
20477, 57.0882
20478, 57.0896
20479, 57.0901
20480, 57.0906
20481, 57.091
20482, 57.091
20483, 57.0915
20484, 57.0915
20485, 57.092
20486, 57.0929
20487, 57.0939
20488, 57.0939
20489, 57.0944
20490, 57.0958
20491, 57.0958
20492, 57.0963
20493, 57.0972
20494, 57.0972
20495, 57.0977
20496, 57.0977
20497, 57.0977
20498, 57.0996
20499, 57.1001
20500, 57.1001
20501, 57.1001
20502, 57.101
20503, 57.1015
20504, 57.102
20505, 57.1039
20506, 57.1058
20507, 57.1058
20508, 57.1058
20509, 57.1063
20510, 57.1072
20511, 57.1077
20512, 57.1082
20513, 57.111
20514, 57.111
20515, 57.112
20516, 57.1125
20517, 57.1125
20518, 57.1129
20519, 57.1134
20520, 57.1134
20521, 57.1144
20522, 57.1158
20523, 57.1168
20524, 57.1168
20525, 57.1177
20526, 57.1187
20527, 57.1206
20528, 57.1206
20529, 57.1215
20530, 57.122
20531, 57.1225
20532, 57.1225
20533, 57.1248
20534, 57.1253
20535, 57.1263
20536, 57.1268
20537, 57.1277
20538, 57.1277
20539, 57.1282
20540, 57.1291
20541, 57.1291
20542, 57.1296
20543, 57.131
20544, 57.1315
20545, 57.132
20546, 57.132
20547, 57.1325
20548, 57.1325
20549, 57.1334
20550, 57.1334
20551, 57.1353
20552, 57.1358
20553, 57.1363
20554, 57.1372
20555, 57.1377
20556, 57.1382
20557, 57.1382
20558, 57.1382
20559, 57.1387
20560, 57.1387
20561, 57.142
20562, 57.1425
20563, 57.1425
20564, 57.1463
20565, 57.1463
20566, 57.1477
20567, 57.1491
20568, 57.151
20569, 57.1539
20570, 57.1548
20571, 57.1553
20572, 57.1582
20573, 57.1582
20574, 57.1587
20575, 57.1587
20576, 57.1596
20577, 57.1601
20578, 57.1606
20579, 57.161
20580, 57.161
20581, 57.161
20582, 57.1615
20583, 57.162
20584, 57.1634
20585, 57.1634
20586, 57.1639
20587, 57.1639
20588, 57.1639
20589, 57.1644
20590, 57.1648
20591, 57.1677
20592, 57.1677
20593, 57.1691
20594, 57.1691
20595, 57.1696
20596, 57.1696
20597, 57.1701
20598, 57.171
20599, 57.172
20600, 57.172
20601, 57.1744
20602, 57.1744
20603, 57.1748
20604, 57.1758
20605, 57.1772
20606, 57.1772
20607, 57.1782
20608, 57.1787
20609, 57.1787
20610, 57.1801
20611, 57.1806
20612, 57.181
20613, 57.1815
20614, 57.182
20615, 57.182
20616, 57.1825
20617, 57.1834
20618, 57.1834
20619, 57.1834
20620, 57.1834
20621, 57.1844
20622, 57.1848
20623, 57.1848
20624, 57.1863
20625, 57.1863
20626, 57.1868
20627, 57.1877
20628, 57.1882
20629, 57.1882
20630, 57.1887
20631, 57.1887
20632, 57.1891
20633, 57.1891
20634, 57.1896
20635, 57.1906
20636, 57.1906
20637, 57.191
20638, 57.192
20639, 57.1929
20640, 57.1934
20641, 57.1939
20642, 57.1948
20643, 57.1948
20644, 57.1953
20645, 57.1953
20646, 57.1953
20647, 57.1958
20648, 57.1958
20649, 57.1968
20650, 57.1968
20651, 57.1977
20652, 57.1982
20653, 57.2006
20654, 57.2006
20655, 57.201
20656, 57.2015
20657, 57.2039
20658, 57.2039
20659, 57.2039
20660, 57.2044
20661, 57.2044
20662, 57.2053
20663, 57.2053
20664, 57.2058
20665, 57.2063
20666, 57.2068
20667, 57.2072
20668, 57.2077
20669, 57.2082
20670, 57.2091
20671, 57.2101
20672, 57.2106
20673, 57.211
20674, 57.2115
20675, 57.212
20676, 57.2139
20677, 57.2144
20678, 57.2153
20679, 57.2158
20680, 57.2163
20681, 57.2168
20682, 57.2172
20683, 57.2172
20684, 57.2172
20685, 57.2187
20686, 57.2196
20687, 57.2201
20688, 57.2206
20689, 57.2215
20690, 57.222
20691, 57.2225
20692, 57.2225
20693, 57.2229
20694, 57.2229
20695, 57.2229
20696, 57.2239
20697, 57.2248
20698, 57.2253
20699, 57.2258
20700, 57.2263
20701, 57.2263
20702, 57.2263
20703, 57.2267
20704, 57.2272
20705, 57.2272
20706, 57.2272
20707, 57.2272
20708, 57.2282
20709, 57.2282
20710, 57.2282
20711, 57.2291
20712, 57.2296
20713, 57.2315
20714, 57.2325
20715, 57.2344
20716, 57.2353
20717, 57.2353
20718, 57.2358
20719, 57.2367
20720, 57.2367
20721, 57.2387
20722, 57.2387
20723, 57.2391
20724, 57.2391
20725, 57.2396
20726, 57.2406
20727, 57.241
20728, 57.242
20729, 57.2444
20730, 57.2453
20731, 57.2467
20732, 57.2477
20733, 57.2482
20734, 57.2482
20735, 57.2491
20736, 57.2491
20737, 57.2496
20738, 57.2496
20739, 57.2501
20740, 57.2501
20741, 57.251
20742, 57.2515
20743, 57.2544
20744, 57.2548
20745, 57.2553
20746, 57.2563
20747, 57.2567
20748, 57.2572
20749, 57.2572
20750, 57.2577
20751, 57.2582
20752, 57.2587
20753, 57.2601
20754, 57.261
20755, 57.2615
20756, 57.262
20757, 57.2625
20758, 57.2629
20759, 57.2644
20760, 57.2648
20761, 57.2658
20762, 57.2663
20763, 57.2667
20764, 57.2667
20765, 57.2672
20766, 57.2672
20767, 57.2691
20768, 57.2706
20769, 57.272
20770, 57.272
20771, 57.2725
20772, 57.2729
20773, 57.2734
20774, 57.2744
20775, 57.2763
20776, 57.2767
20777, 57.2772
20778, 57.2772
20779, 57.2777
20780, 57.2777
20781, 57.2782
20782, 57.2782
20783, 57.2787
20784, 57.2796
20785, 57.2801
20786, 57.2815
20787, 57.282
20788, 57.282
20789, 57.2825
20790, 57.2844
20791, 57.2844
20792, 57.2848
20793, 57.2848
20794, 57.2853
20795, 57.2853
20796, 57.2858
20797, 57.2867
20798, 57.2877
20799, 57.2877
20800, 57.2877
20801, 57.2882
20802, 57.2896
20803, 57.2896
20804, 57.2896
20805, 57.2896
20806, 57.2906
20807, 57.2906
20808, 57.2906
20809, 57.291
20810, 57.292
20811, 57.2925
20812, 57.2929
20813, 57.2934
20814, 57.2948
20815, 57.2948
20816, 57.2948
20817, 57.2948
20818, 57.2958
20819, 57.2963
20820, 57.2982
20821, 57.2987
20822, 57.2996
20823, 57.2996
20824, 57.3001
20825, 57.3006
20826, 57.301
20827, 57.301
20828, 57.3034
20829, 57.3044
20830, 57.3053
20831, 57.3058
20832, 57.3063
20833, 57.3063
20834, 57.3067
20835, 57.3072
20836, 57.3082
20837, 57.3101
20838, 57.3101
20839, 57.3101
20840, 57.3129
20841, 57.3134
20842, 57.3148
20843, 57.3158
20844, 57.3172
20845, 57.3177
20846, 57.3196
20847, 57.3206
20848, 57.321
20849, 57.3215
20850, 57.3215
20851, 57.322
20852, 57.322
20853, 57.3239
20854, 57.3239
20855, 57.3244
20856, 57.3248
20857, 57.3258
20858, 57.3258
20859, 57.3272
20860, 57.3272
20861, 57.3277
20862, 57.3301
20863, 57.3306
20864, 57.3306
20865, 57.3306
20866, 57.331
20867, 57.3315
20868, 57.3325
20869, 57.3334
20870, 57.3334
20871, 57.3339
20872, 57.3358
20873, 57.3358
20874, 57.3367
20875, 57.3367
20876, 57.3372
20877, 57.3387
20878, 57.3387
20879, 57.3391
20880, 57.3401
20881, 57.342
20882, 57.342
20883, 57.3429
20884, 57.3429
20885, 57.3434
20886, 57.3439
20887, 57.3458
20888, 57.3458
20889, 57.3467
20890, 57.3472
20891, 57.3472
20892, 57.3477
20893, 57.3482
20894, 57.3487
20895, 57.3491
20896, 57.3501
20897, 57.3501
20898, 57.3506
20899, 57.3515
20900, 57.352
20901, 57.3529
20902, 57.3534
20903, 57.3548
20904, 57.3558
20905, 57.3558
20906, 57.3558
20907, 57.3567
20908, 57.3567
20909, 57.3567
20910, 57.3577
20911, 57.3582
20912, 57.3582
20913, 57.3582
20914, 57.3587
20915, 57.3591
20916, 57.3596
20917, 57.3596
20918, 57.3606
20919, 57.3606
20920, 57.362
20921, 57.3639
20922, 57.3639
20923, 57.3644
20924, 57.3648
20925, 57.3653
20926, 57.3658
20927, 57.3663
20928, 57.3663
20929, 57.3677
20930, 57.3682
20931, 57.3682
20932, 57.3687
20933, 57.3687
20934, 57.3691
20935, 57.3691
20936, 57.3715
20937, 57.3725
20938, 57.3734
20939, 57.3744
20940, 57.3744
20941, 57.3748
20942, 57.3758
20943, 57.3767
20944, 57.3767
20945, 57.3772
20946, 57.3777
20947, 57.3782
20948, 57.3782
20949, 57.3786
20950, 57.3801
20951, 57.3801
20952, 57.3801
20953, 57.381
20954, 57.381
20955, 57.3834
20956, 57.3839
20957, 57.3839
20958, 57.3863
20959, 57.3867
20960, 57.3891
20961, 57.3901
20962, 57.3906
20963, 57.3915
20964, 57.392
20965, 57.3925
20966, 57.3929
20967, 57.3934
20968, 57.3953
20969, 57.3953
20970, 57.3958
20971, 57.3972
20972, 57.3972
20973, 57.3972
20974, 57.3982
20975, 57.3986
20976, 57.4001
20977, 57.401
20978, 57.4029
20979, 57.4029
20980, 57.4034
20981, 57.4034
20982, 57.4039
20983, 57.4048
20984, 57.4058
20985, 57.4063
20986, 57.4063
20987, 57.4067
20988, 57.4086
20989, 57.4086
20990, 57.4091
20991, 57.4101
20992, 57.4101
20993, 57.411
20994, 57.411
20995, 57.4139
20996, 57.4144
20997, 57.4148
20998, 57.4148
20999, 57.4148
21000, 57.4186
21001, 57.4191
21002, 57.4196
21003, 57.4196
21004, 57.4215
21005, 57.4229
21006, 57.4229
21007, 57.4258
21008, 57.4267
21009, 57.4267
21010, 57.432
21011, 57.4325
21012, 57.4334
21013, 57.4334
21014, 57.4339
21015, 57.4339
21016, 57.4339
21017, 57.4348
21018, 57.4353
21019, 57.4358
21020, 57.4363
21021, 57.4386
21022, 57.4386
21023, 57.4406
21024, 57.4406
21025, 57.4406
21026, 57.442
21027, 57.4425
21028, 57.4439
21029, 57.4444
21030, 57.4448
21031, 57.4448
21032, 57.4448
21033, 57.4463
21034, 57.4467
21035, 57.4477
21036, 57.4477
21037, 57.4496
21038, 57.451
21039, 57.451
21040, 57.451
21041, 57.452
21042, 57.452
21043, 57.4525
21044, 57.4529
21045, 57.4553
21046, 57.4563
21047, 57.4567
21048, 57.4572
21049, 57.4577
21050, 57.4601
21051, 57.4601
21052, 57.4601
21053, 57.4606
21054, 57.4615
21055, 57.462
21056, 57.4634
21057, 57.4639
21058, 57.4644
21059, 57.4658
21060, 57.4667
21061, 57.4667
21062, 57.4667
21063, 57.4667
21064, 57.4677
21065, 57.4677
21066, 57.4686
21067, 57.4686
21068, 57.4706
21069, 57.4715
21070, 57.472
21071, 57.4725
21072, 57.4729
21073, 57.4772
21074, 57.4777
21075, 57.4782
21076, 57.4786
21077, 57.4801
21078, 57.4815
21079, 57.4829
21080, 57.4839
21081, 57.4848
21082, 57.4848
21083, 57.4853
21084, 57.4853
21085, 57.4858
21086, 57.4858
21087, 57.4863
21088, 57.4867
21089, 57.4867
21090, 57.4872
21091, 57.4872
21092, 57.4886
21093, 57.4891
21094, 57.4896
21095, 57.4896
21096, 57.4901
21097, 57.4901
21098, 57.491
21099, 57.4929
21100, 57.4929
21101, 57.4939
21102, 57.4939
21103, 57.4948
21104, 57.4948
21105, 57.4953
21106, 57.4963
21107, 57.4963
21108, 57.4967
21109, 57.4977
21110, 57.501
21111, 57.5015
21112, 57.5029
21113, 57.5044
21114, 57.5044
21115, 57.5048
21116, 57.5048
21117, 57.5048
21118, 57.5053
21119, 57.5053
21120, 57.5058
21121, 57.5067
21122, 57.5067
21123, 57.5072
21124, 57.5077
21125, 57.5082
21126, 57.5082
21127, 57.5091
21128, 57.5101
21129, 57.511
21130, 57.511
21131, 57.511
21132, 57.511
21133, 57.5115
21134, 57.512
21135, 57.512
21136, 57.5125
21137, 57.5129
21138, 57.5129
21139, 57.5134
21140, 57.5139
21141, 57.5139
21142, 57.5139
21143, 57.5144
21144, 57.5144
21145, 57.5148
21146, 57.5148
21147, 57.5167
21148, 57.5167
21149, 57.5186
21150, 57.5191
21151, 57.5191
21152, 57.5201
21153, 57.5201
21154, 57.5215
21155, 57.5225
21156, 57.5244
21157, 57.5253
21158, 57.5277
21159, 57.5282
21160, 57.5291
21161, 57.5301
21162, 57.531
21163, 57.531
21164, 57.532
21165, 57.5329
21166, 57.5339
21167, 57.5339
21168, 57.5344
21169, 57.5353
21170, 57.5386
21171, 57.5386
21172, 57.541
21173, 57.541
21174, 57.5425
21175, 57.5429
21176, 57.5434
21177, 57.5448
21178, 57.5458
21179, 57.5463
21180, 57.5467
21181, 57.5482
21182, 57.5486
21183, 57.5496
21184, 57.5501
21185, 57.551
21186, 57.551
21187, 57.5515
21188, 57.552
21189, 57.5534
21190, 57.5544
21191, 57.5563
21192, 57.5563
21193, 57.5563
21194, 57.5577
21195, 57.5586
21196, 57.5615
21197, 57.5615
21198, 57.562
21199, 57.5625
21200, 57.5648
21201, 57.5648
21202, 57.5648
21203, 57.5663
21204, 57.5663
21205, 57.5677
21206, 57.5682
21207, 57.5682
21208, 57.5682
21209, 57.5696
21210, 57.5696
21211, 57.5715
21212, 57.5715
21213, 57.572
21214, 57.5729
21215, 57.5748
21216, 57.5772
21217, 57.5777
21218, 57.5782
21219, 57.5791
21220, 57.5796
21221, 57.5815
21222, 57.5815
21223, 57.5815
21224, 57.582
21225, 57.582
21226, 57.5825
21227, 57.5834
21228, 57.5834
21229, 57.5863
21230, 57.5867
21231, 57.5872
21232, 57.5872
21233, 57.5882
21234, 57.5882
21235, 57.5891
21236, 57.5891
21237, 57.5901
21238, 57.5901
21239, 57.5915
21240, 57.592
21241, 57.5925
21242, 57.5934
21243, 57.5934
21244, 57.5939
21245, 57.5939
21246, 57.5948
21247, 57.5953
21248, 57.5963
21249, 57.5972
21250, 57.5972
21251, 57.5977
21252, 57.5982
21253, 57.5991
21254, 57.5991
21255, 57.601
21256, 57.602
21257, 57.6025
21258, 57.6034
21259, 57.6058
21260, 57.6063
21261, 57.6072
21262, 57.6077
21263, 57.6077
21264, 57.6077
21265, 57.6082
21266, 57.6096
21267, 57.6105
21268, 57.611
21269, 57.612
21270, 57.612
21271, 57.612
21272, 57.6125
21273, 57.6129
21274, 57.6139
21275, 57.6177
21276, 57.6177
21277, 57.6196
21278, 57.6205
21279, 57.621
21280, 57.621
21281, 57.621
21282, 57.6215
21283, 57.6215
21284, 57.6225
21285, 57.6229
21286, 57.6239
21287, 57.6253
21288, 57.6263
21289, 57.6263
21290, 57.6282
21291, 57.6286
21292, 57.6296
21293, 57.6305
21294, 57.6325
21295, 57.6329
21296, 57.6334
21297, 57.6344
21298, 57.6353
21299, 57.6358
21300, 57.6363
21301, 57.6377
21302, 57.6382
21303, 57.6391
21304, 57.6391
21305, 57.6391
21306, 57.6396
21307, 57.6425
21308, 57.6425
21309, 57.6429
21310, 57.6434
21311, 57.6439
21312, 57.6444
21313, 57.6448
21314, 57.6453
21315, 57.6463
21316, 57.6463
21317, 57.6467
21318, 57.6472
21319, 57.6482
21320, 57.6491
21321, 57.6491
21322, 57.6496
21323, 57.6501
21324, 57.652
21325, 57.6525
21326, 57.6529
21327, 57.6529
21328, 57.6529
21329, 57.6534
21330, 57.6548
21331, 57.6548
21332, 57.6553
21333, 57.6558
21334, 57.6567
21335, 57.6572
21336, 57.6577
21337, 57.6577
21338, 57.6577
21339, 57.6577
21340, 57.6582
21341, 57.6596
21342, 57.6605
21343, 57.6629
21344, 57.6634
21345, 57.6634
21346, 57.6648
21347, 57.6667
21348, 57.6672
21349, 57.6672
21350, 57.6677
21351, 57.6691
21352, 57.6691
21353, 57.6691
21354, 57.6705
21355, 57.671
21356, 57.671
21357, 57.6724
21358, 57.6729
21359, 57.6734
21360, 57.6739
21361, 57.6739
21362, 57.6744
21363, 57.6753
21364, 57.6758
21365, 57.6758
21366, 57.6767
21367, 57.6777
21368, 57.6782
21369, 57.6782
21370, 57.6805
21371, 57.6815
21372, 57.682
21373, 57.6829
21374, 57.6829
21375, 57.6829
21376, 57.6839
21377, 57.6839
21378, 57.6839
21379, 57.6853
21380, 57.6863
21381, 57.6867
21382, 57.6867
21383, 57.6886
21384, 57.6901
21385, 57.691
21386, 57.6915
21387, 57.6929
21388, 57.6929
21389, 57.6929
21390, 57.6953
21391, 57.6963
21392, 57.6967
21393, 57.6972
21394, 57.6972
21395, 57.6977
21396, 57.6977
21397, 57.701
21398, 57.7015
21399, 57.702
21400, 57.702
21401, 57.7024
21402, 57.7029
21403, 57.7044
21404, 57.7044
21405, 57.7053
21406, 57.7058
21407, 57.7067
21408, 57.7067
21409, 57.7082
21410, 57.7086
21411, 57.7091
21412, 57.7091
21413, 57.7091
21414, 57.7096
21415, 57.7115
21416, 57.7144
21417, 57.7144
21418, 57.7148
21419, 57.7158
21420, 57.7158
21421, 57.7163
21422, 57.7163
21423, 57.7163
21424, 57.7167
21425, 57.7167
21426, 57.7177
21427, 57.7196
21428, 57.7196
21429, 57.7215
21430, 57.7215
21431, 57.722
21432, 57.7224
21433, 57.7229
21434, 57.7248
21435, 57.7258
21436, 57.7272
21437, 57.7291
21438, 57.7301
21439, 57.7305
21440, 57.731
21441, 57.732
21442, 57.7324
21443, 57.7334
21444, 57.7334
21445, 57.7334
21446, 57.7348
21447, 57.7348
21448, 57.7353
21449, 57.7363
21450, 57.7382
21451, 57.7386
21452, 57.7401
21453, 57.741
21454, 57.7424
21455, 57.7424
21456, 57.7444
21457, 57.7458
21458, 57.7463
21459, 57.7472
21460, 57.7477
21461, 57.7491
21462, 57.7496
21463, 57.7501
21464, 57.7505
21465, 57.751
21466, 57.751
21467, 57.7515
21468, 57.7544
21469, 57.7553
21470, 57.7558
21471, 57.7572
21472, 57.7577
21473, 57.7577
21474, 57.7591
21475, 57.7596
21476, 57.7601
21477, 57.7601
21478, 57.7624
21479, 57.7629
21480, 57.7629
21481, 57.7639
21482, 57.7644
21483, 57.7658
21484, 57.7658
21485, 57.7663
21486, 57.7682
21487, 57.7682
21488, 57.7691
21489, 57.7696
21490, 57.7701
21491, 57.771
21492, 57.7715
21493, 57.7715
21494, 57.772
21495, 57.7739
21496, 57.7744
21497, 57.7748
21498, 57.7763
21499, 57.7767
21500, 57.7786
21501, 57.7801
21502, 57.7815
21503, 57.7829
21504, 57.7829
21505, 57.7839
21506, 57.7839
21507, 57.7844
21508, 57.7844
21509, 57.7844
21510, 57.7848
21511, 57.7863
21512, 57.7863
21513, 57.7867
21514, 57.7877
21515, 57.7886
21516, 57.7886
21517, 57.7901
21518, 57.792
21519, 57.792
21520, 57.792
21521, 57.7934
21522, 57.7944
21523, 57.7944
21524, 57.7948
21525, 57.7958
21526, 57.7963
21527, 57.7963
21528, 57.7972
21529, 57.7982
21530, 57.8005
21531, 57.801
21532, 57.801
21533, 57.8015
21534, 57.8015
21535, 57.8015
21536, 57.8044
21537, 57.8058
21538, 57.8067
21539, 57.8067
21540, 57.8067
21541, 57.8072
21542, 57.8072
21543, 57.8072
21544, 57.8072
21545, 57.8072
21546, 57.8072
21547, 57.8082
21548, 57.8091
21549, 57.8091
21550, 57.8096
21551, 57.811
21552, 57.8134
21553, 57.8139
21554, 57.8139
21555, 57.8163
21556, 57.8172
21557, 57.8182
21558, 57.8186
21559, 57.8186
21560, 57.8196
21561, 57.8201
21562, 57.8201
21563, 57.8205
21564, 57.821
21565, 57.8215
21566, 57.8224
21567, 57.8239
21568, 57.8243
21569, 57.8243
21570, 57.8248
21571, 57.8258
21572, 57.8258
21573, 57.8263
21574, 57.8263
21575, 57.8267
21576, 57.8286
21577, 57.8305
21578, 57.8334
21579, 57.8348
21580, 57.8372
21581, 57.8396
21582, 57.841
21583, 57.8424
21584, 57.8429
21585, 57.8458
21586, 57.8467
21587, 57.8477
21588, 57.8482
21589, 57.8486
21590, 57.8491
21591, 57.8491
21592, 57.8501
21593, 57.8501
21594, 57.851
21595, 57.8529
21596, 57.8539
21597, 57.8548
21598, 57.8567
21599, 57.8572
21600, 57.8582
21601, 57.8586
21602, 57.8586
21603, 57.861
21604, 57.8615
21605, 57.8624
21606, 57.8624
21607, 57.8624
21608, 57.8643
21609, 57.8648
21610, 57.8653
21611, 57.8658
21612, 57.8658
21613, 57.8663
21614, 57.8667
21615, 57.8677
21616, 57.8682
21617, 57.8686
21618, 57.8696
21619, 57.871
21620, 57.872
21621, 57.8734
21622, 57.8734
21623, 57.8734
21624, 57.8743
21625, 57.8748
21626, 57.8748
21627, 57.8758
21628, 57.8758
21629, 57.8758
21630, 57.8763
21631, 57.8763
21632, 57.8772
21633, 57.8772
21634, 57.8782
21635, 57.8791
21636, 57.881
21637, 57.8829
21638, 57.8843
21639, 57.8848
21640, 57.8863
21641, 57.8863
21642, 57.8863
21643, 57.8867
21644, 57.8877
21645, 57.8882
21646, 57.8882
21647, 57.8891
21648, 57.8891
21649, 57.8901
21650, 57.8901
21651, 57.8905
21652, 57.8905
21653, 57.8915
21654, 57.8924
21655, 57.8934
21656, 57.8934
21657, 57.8939
21658, 57.8943
21659, 57.8948
21660, 57.8972
21661, 57.8982
21662, 57.8982
21663, 57.8982
21664, 57.8991
21665, 57.8996
21666, 57.8996
21667, 57.9024
21668, 57.9024
21669, 57.9029
21670, 57.9034
21671, 57.9043
21672, 57.9058
21673, 57.9058
21674, 57.9082
21675, 57.9082
21676, 57.912
21677, 57.912
21678, 57.9139
21679, 57.9139
21680, 57.9139
21681, 57.9143
21682, 57.9143
21683, 57.9205
21684, 57.921
21685, 57.9215
21686, 57.9215
21687, 57.922
21688, 57.9224
21689, 57.9224
21690, 57.9229
21691, 57.9229
21692, 57.9229
21693, 57.9234
21694, 57.9263
21695, 57.9286
21696, 57.9301
21697, 57.9324
21698, 57.9329
21699, 57.9329
21700, 57.9334
21701, 57.9343
21702, 57.9343
21703, 57.9348
21704, 57.9372
21705, 57.9377
21706, 57.9377
21707, 57.9377
21708, 57.9377
21709, 57.9377
21710, 57.9377
21711, 57.9401
21712, 57.941
21713, 57.9415
21714, 57.9415
21715, 57.942
21716, 57.9424
21717, 57.9448
21718, 57.9453
21719, 57.9463
21720, 57.9463
21721, 57.9467
21722, 57.9472
21723, 57.9477
21724, 57.9482
21725, 57.9486
21726, 57.9496
21727, 57.9501
21728, 57.951
21729, 57.952
21730, 57.9524
21731, 57.9534
21732, 57.9539
21733, 57.9586
21734, 57.9591
21735, 57.9596
21736, 57.9601
21737, 57.961
21738, 57.9615
21739, 57.962
21740, 57.9634
21741, 57.9648
21742, 57.9648
21743, 57.9653
21744, 57.9653
21745, 57.9653
21746, 57.9658
21747, 57.9658
21748, 57.9667
21749, 57.9677
21750, 57.9682
21751, 57.971
21752, 57.9724
21753, 57.9724
21754, 57.9734
21755, 57.9739
21756, 57.9748
21757, 57.9748
21758, 57.9748
21759, 57.9753
21760, 57.9758
21761, 57.9772
21762, 57.9772
21763, 57.9777
21764, 57.9782
21765, 57.9782
21766, 57.9786
21767, 57.9791
21768, 57.9791
21769, 57.9796
21770, 57.9796
21771, 57.9801
21772, 57.9801
21773, 57.982
21774, 57.9824
21775, 57.9824
21776, 57.9829
21777, 57.9848
21778, 57.9862
21779, 57.9867
21780, 57.9872
21781, 57.9877
21782, 57.9886
21783, 57.9896
21784, 57.9901
21785, 57.9905
21786, 57.9915
21787, 57.9924
21788, 57.9924
21789, 57.9929
21790, 57.9934
21791, 57.9934
21792, 57.9934
21793, 57.9943
21794, 57.9958
21795, 57.9967
21796, 57.9967
21797, 57.9977
21798, 57.9982
21799, 57.9982
21800, 57.9986
21801, 57.9986
21802, 57.9986
21803, 58.0024
21804, 58.0034
21805, 58.0034
21806, 58.0043
21807, 58.0048
21808, 58.0058
21809, 58.0058
21810, 58.0062
21811, 58.0082
21812, 58.0086
21813, 58.0091
21814, 58.0091
21815, 58.0101
21816, 58.012
21817, 58.0124
21818, 58.0124
21819, 58.0129
21820, 58.0134
21821, 58.0139
21822, 58.0143
21823, 58.0153
21824, 58.0177
21825, 58.0182
21826, 58.0186
21827, 58.0191
21828, 58.0234
21829, 58.0253
21830, 58.0253
21831, 58.0262
21832, 58.0282
21833, 58.0291
21834, 58.0305
21835, 58.0353
21836, 58.0353
21837, 58.0362
21838, 58.0372
21839, 58.0372
21840, 58.0377
21841, 58.0382
21842, 58.0391
21843, 58.0405
21844, 58.0405
21845, 58.0405
21846, 58.041
21847, 58.041
21848, 58.0424
21849, 58.0439
21850, 58.0443
21851, 58.0448
21852, 58.0453
21853, 58.0458
21854, 58.0467
21855, 58.0477
21856, 58.0496
21857, 58.0501
21858, 58.0505
21859, 58.0515
21860, 58.052
21861, 58.0524
21862, 58.0548
21863, 58.0567
21864, 58.0572
21865, 58.0572
21866, 58.0572
21867, 58.0577
21868, 58.0582
21869, 58.0582
21870, 58.0582
21871, 58.0591
21872, 58.0591
21873, 58.0596
21874, 58.061
21875, 58.0629
21876, 58.0629
21877, 58.0634
21878, 58.0634
21879, 58.0653
21880, 58.0662
21881, 58.0667
21882, 58.0672
21883, 58.0677
21884, 58.0696
21885, 58.0705
21886, 58.072
21887, 58.0729
21888, 58.0734
21889, 58.0734
21890, 58.0734
21891, 58.0748
21892, 58.0748
21893, 58.0772
21894, 58.0786
21895, 58.0786
21896, 58.0805
21897, 58.0815
21898, 58.082
21899, 58.082
21900, 58.0824
21901, 58.0853
21902, 58.0853
21903, 58.0862
21904, 58.0872
21905, 58.0905
21906, 58.091
21907, 58.0915
21908, 58.0929
21909, 58.0934
21910, 58.0943
21911, 58.0958
21912, 58.0958
21913, 58.0967
21914, 58.0972
21915, 58.0972
21916, 58.0972
21917, 58.0977
21918, 58.0986
21919, 58.0996
21920, 58.1001
21921, 58.1001
21922, 58.1005
21923, 58.1005
21924, 58.1015
21925, 58.1024
21926, 58.1053
21927, 58.1058
21928, 58.1082
21929, 58.1086
21930, 58.1096
21931, 58.1101
21932, 58.1101
21933, 58.1105
21934, 58.111
21935, 58.112
21936, 58.1124
21937, 58.1124
21938, 58.1124
21939, 58.1129
21940, 58.1143
21941, 58.1148
21942, 58.1158
21943, 58.1162
21944, 58.1167
21945, 58.1182
21946, 58.1186
21947, 58.1191
21948, 58.1191
21949, 58.1201
21950, 58.121
21951, 58.121
21952, 58.1215
21953, 58.122
21954, 58.122
21955, 58.1224
21956, 58.1234
21957, 58.1239
21958, 58.1286
21959, 58.1291
21960, 58.1291
21961, 58.1301
21962, 58.1329
21963, 58.1353
21964, 58.1353
21965, 58.1367
21966, 58.1372
21967, 58.1377
21968, 58.1377
21969, 58.1391
21970, 58.1401
21971, 58.1415
21972, 58.1429
21973, 58.1429
21974, 58.1434
21975, 58.1448
21976, 58.1467
21977, 58.1467
21978, 58.1486
21979, 58.1505
21980, 58.151
21981, 58.1515
21982, 58.1515
21983, 58.152
21984, 58.1524
21985, 58.1534
21986, 58.1539
21987, 58.1539
21988, 58.1539
21989, 58.1543
21990, 58.1543
21991, 58.1543
21992, 58.1548
21993, 58.1553
21994, 58.1577
21995, 58.1577
21996, 58.1591
21997, 58.1591
21998, 58.162
21999, 58.1634
22000, 58.1639
22001, 58.1643
22002, 58.1648
22003, 58.1672
22004, 58.1672
22005, 58.1677
22006, 58.1681
22007, 58.1686
22008, 58.1696
22009, 58.1705
22010, 58.1715
22011, 58.172
22012, 58.1729
22013, 58.1762
22014, 58.1772
22015, 58.1777
22016, 58.1786
22017, 58.1796
22018, 58.1796
22019, 58.1829
22020, 58.1839
22021, 58.1843
22022, 58.1848
22023, 58.1853
22024, 58.1853
22025, 58.1901
22026, 58.1915
22027, 58.192
22028, 58.1929
22029, 58.1934
22030, 58.1939
22031, 58.1967
22032, 58.1967
22033, 58.1977
22034, 58.1977
22035, 58.1986
22036, 58.2015
22037, 58.2024
22038, 58.2024
22039, 58.2048
22040, 58.2053
22041, 58.2067
22042, 58.2096
22043, 58.2105
22044, 58.212
22045, 58.2124
22046, 58.2129
22047, 58.2134
22048, 58.2139
22049, 58.2139
22050, 58.2139
22051, 58.2186
22052, 58.2191
22053, 58.221
22054, 58.2215
22055, 58.2224
22056, 58.2234
22057, 58.2234
22058, 58.2258
22059, 58.2258
22060, 58.2262
22061, 58.2267
22062, 58.2277
22063, 58.2281
22064, 58.2281
22065, 58.2281
22066, 58.2281
22067, 58.2281
22068, 58.2286
22069, 58.2286
22070, 58.2296
22071, 58.2315
22072, 58.2329
22073, 58.2353
22074, 58.2377
22075, 58.2381
22076, 58.2391
22077, 58.241
22078, 58.2429
22079, 58.2429
22080, 58.2439
22081, 58.2453
22082, 58.2458
22083, 58.2458
22084, 58.2462
22085, 58.2467
22086, 58.2472
22087, 58.2481
22088, 58.2481
22089, 58.2486
22090, 58.2496
22091, 58.2501
22092, 58.2524
22093, 58.2529
22094, 58.2534
22095, 58.2548
22096, 58.2558
22097, 58.2601
22098, 58.2601
22099, 58.2605
22100, 58.2615
22101, 58.262
22102, 58.2624
22103, 58.2639
22104, 58.2658
22105, 58.2662
22106, 58.2662
22107, 58.2662
22108, 58.2672
22109, 58.2672
22110, 58.2686
22111, 58.2696
22112, 58.2696
22113, 58.2715
22114, 58.2724
22115, 58.2729
22116, 58.2734
22117, 58.2767
22118, 58.2767
22119, 58.2772
22120, 58.2777
22121, 58.2786
22122, 58.2791
22123, 58.281
22124, 58.281
22125, 58.282
22126, 58.2829
22127, 58.2834
22128, 58.2839
22129, 58.2839
22130, 58.2881
22131, 58.2881
22132, 58.2886
22133, 58.29
22134, 58.291
22135, 58.291
22136, 58.2915
22137, 58.292
22138, 58.2939
22139, 58.2943
22140, 58.2972
22141, 58.2977
22142, 58.2991
22143, 58.2996
22144, 58.3005
22145, 58.3015
22146, 58.3058
22147, 58.3072
22148, 58.3081
22149, 58.3091
22150, 58.31
22151, 58.3105
22152, 58.311
22153, 58.3115
22154, 58.312
22155, 58.3134
22156, 58.3139
22157, 58.3139
22158, 58.3148
22159, 58.3153
22160, 58.3181
22161, 58.3196
22162, 58.3224
22163, 58.3229
22164, 58.3234
22165, 58.3234
22166, 58.3248
22167, 58.3258
22168, 58.3267
22169, 58.3267
22170, 58.3272
22171, 58.3277
22172, 58.3286
22173, 58.3296
22174, 58.33
22175, 58.331
22176, 58.331
22177, 58.331
22178, 58.3334
22179, 58.3339
22180, 58.3353
22181, 58.3358
22182, 58.3362
22183, 58.3377
22184, 58.3377
22185, 58.3386
22186, 58.3405
22187, 58.3405
22188, 58.3405
22189, 58.3434
22190, 58.3439
22191, 58.3439
22192, 58.3448
22193, 58.3448
22194, 58.3458
22195, 58.3462
22196, 58.3467
22197, 58.3477
22198, 58.3481
22199, 58.3496
22200, 58.3529
22201, 58.3529
22202, 58.3534
22203, 58.3548
22204, 58.3577
22205, 58.3577
22206, 58.3596
22207, 58.3605
22208, 58.361
22209, 58.3615
22210, 58.3634
22211, 58.3639
22212, 58.3643
22213, 58.3643
22214, 58.3643
22215, 58.3662
22216, 58.3681
22217, 58.3686
22218, 58.3691
22219, 58.3696
22220, 58.372
22221, 58.3724
22222, 58.3729
22223, 58.3734
22224, 58.3739
22225, 58.3748
22226, 58.3753
22227, 58.3758
22228, 58.3758
22229, 58.3772
22230, 58.3781
22231, 58.3781
22232, 58.3791
22233, 58.38
22234, 58.381
22235, 58.3815
22236, 58.382
22237, 58.382
22238, 58.3824
22239, 58.3829
22240, 58.3834
22241, 58.3839
22242, 58.3862
22243, 58.3867
22244, 58.3881
22245, 58.3891
22246, 58.3891
22247, 58.3896
22248, 58.39
22249, 58.3905
22250, 58.391
22251, 58.392
22252, 58.3939
22253, 58.3939
22254, 58.3977
22255, 58.3986
22256, 58.3996
22257, 58.4015
22258, 58.4048
22259, 58.4067
22260, 58.4067
22261, 58.4077
22262, 58.4086
22263, 58.411
22264, 58.412
22265, 58.412
22266, 58.412
22267, 58.4129
22268, 58.4143
22269, 58.4153
22270, 58.4167
22271, 58.4181
22272, 58.4181
22273, 58.4186
22274, 58.4186
22275, 58.421
22276, 58.4215
22277, 58.4219
22278, 58.4224
22279, 58.4234
22280, 58.4243
22281, 58.4258
22282, 58.4267
22283, 58.4272
22284, 58.4286
22285, 58.4296
22286, 58.43
22287, 58.4324
22288, 58.4334
22289, 58.4334
22290, 58.4343
22291, 58.4353
22292, 58.4367
22293, 58.4372
22294, 58.4381
22295, 58.4381
22296, 58.4405
22297, 58.4419
22298, 58.4429
22299, 58.4453
22300, 58.4458
22301, 58.4462
22302, 58.4462
22303, 58.4467
22304, 58.4472
22305, 58.4481
22306, 58.4496
22307, 58.4529
22308, 58.4529
22309, 58.4534
22310, 58.4543
22311, 58.4558
22312, 58.4577
22313, 58.4581
22314, 58.4581
22315, 58.4581
22316, 58.4591
22317, 58.4596
22318, 58.46
22319, 58.4619
22320, 58.4634
22321, 58.4648
22322, 58.4662
22323, 58.4677
22324, 58.4677
22325, 58.4681
22326, 58.4681
22327, 58.4686
22328, 58.4696
22329, 58.4715
22330, 58.4715
22331, 58.4724
22332, 58.4729
22333, 58.4729
22334, 58.4743
22335, 58.4753
22336, 58.4762
22337, 58.4777
22338, 58.4781
22339, 58.4791
22340, 58.48
22341, 58.4805
22342, 58.4815
22343, 58.4824
22344, 58.4834
22345, 58.4853
22346, 58.4858
22347, 58.4867
22348, 58.4881
22349, 58.4886
22350, 58.4886
22351, 58.4891
22352, 58.4905
22353, 58.4919
22354, 58.4924
22355, 58.4924
22356, 58.4929
22357, 58.4934
22358, 58.4939
22359, 58.4948
22360, 58.4967
22361, 58.5005
22362, 58.5005
22363, 58.501
22364, 58.5019
22365, 58.5024
22366, 58.5039
22367, 58.5039
22368, 58.5053
22369, 58.5062
22370, 58.5067
22371, 58.5072
22372, 58.51
22373, 58.5105
22374, 58.5119
22375, 58.5129
22376, 58.5134
22377, 58.5134
22378, 58.5139
22379, 58.5153
22380, 58.5158
22381, 58.5158
22382, 58.5158
22383, 58.5172
22384, 58.5186
22385, 58.5196
22386, 58.5215
22387, 58.5215
22388, 58.5224
22389, 58.5229
22390, 58.5253
22391, 58.5253
22392, 58.5258
22393, 58.5272
22394, 58.5272
22395, 58.5281
22396, 58.5281
22397, 58.5286
22398, 58.53
22399, 58.5305
22400, 58.5305
22401, 58.531
22402, 58.5319
22403, 58.5319
22404, 58.5329
22405, 58.5329
22406, 58.5339
22407, 58.5343
22408, 58.5348
22409, 58.5377
22410, 58.5386
22411, 58.54
22412, 58.54
22413, 58.5405
22414, 58.5424
22415, 58.5434
22416, 58.5443
22417, 58.5443
22418, 58.5443
22419, 58.5481
22420, 58.5491
22421, 58.55
22422, 58.5505
22423, 58.551
22424, 58.551
22425, 58.5519
22426, 58.5543
22427, 58.5558
22428, 58.5562
22429, 58.5572
22430, 58.5586
22431, 58.561
22432, 58.561
22433, 58.5615
22434, 58.5643
22435, 58.5648
22436, 58.5667
22437, 58.5672
22438, 58.5672
22439, 58.5681
22440, 58.5681
22441, 58.5681
22442, 58.5686
22443, 58.5691
22444, 58.571
22445, 58.5719
22446, 58.5734
22447, 58.5738
22448, 58.5738
22449, 58.5772
22450, 58.5819
22451, 58.5829
22452, 58.5834
22453, 58.5838
22454, 58.5848
22455, 58.5848
22456, 58.5853
22457, 58.5853
22458, 58.5872
22459, 58.5891
22460, 58.5929
22461, 58.5938
22462, 58.5958
22463, 58.5977
22464, 58.5981
22465, 58.5986
22466, 58.6029
22467, 58.6034
22468, 58.6038
22469, 58.6043
22470, 58.6062
22471, 58.6077
22472, 58.6115
22473, 58.6138
22474, 58.6191
22475, 58.6191
22476, 58.6196
22477, 58.6196
22478, 58.62
22479, 58.62
22480, 58.621
22481, 58.6248
22482, 58.6262
22483, 58.6267
22484, 58.6267
22485, 58.6281
22486, 58.63
22487, 58.6305
22488, 58.631
22489, 58.6315
22490, 58.6334
22491, 58.6343
22492, 58.6348
22493, 58.6358
22494, 58.6386
22495, 58.6391
22496, 58.6405
22497, 58.641
22498, 58.6429
22499, 58.6486
22500, 58.6486
22501, 58.6491
22502, 58.6491
22503, 58.6496
22504, 58.65
22505, 58.651
22506, 58.6524
22507, 58.6538
22508, 58.6558
22509, 58.6558
22510, 58.6562
22511, 58.6572
22512, 58.6581
22513, 58.6605
22514, 58.661
22515, 58.661
22516, 58.6619
22517, 58.6624
22518, 58.6648
22519, 58.6648
22520, 58.6662
22521, 58.6686
22522, 58.67
22523, 58.67
22524, 58.6734
22525, 58.6791
22526, 58.68
22527, 58.6815
22528, 58.6824
22529, 58.6834
22530, 58.6834
22531, 58.6838
22532, 58.6843
22533, 58.6843
22534, 58.6843
22535, 58.6848
22536, 58.6853
22537, 58.6862
22538, 58.6862
22539, 58.6867
22540, 58.6886
22541, 58.6891
22542, 58.691
22543, 58.6924
22544, 58.6934
22545, 58.6953
22546, 58.7
22547, 58.7029
22548, 58.7034
22549, 58.7043
22550, 58.7048
22551, 58.7062
22552, 58.7067
22553, 58.7067
22554, 58.7072
22555, 58.7077
22556, 58.7086
22557, 58.7096
22558, 58.7105
22559, 58.7115
22560, 58.7119
22561, 58.7119
22562, 58.7129
22563, 58.7129
22564, 58.7148
22565, 58.7158
22566, 58.7181
22567, 58.7181
22568, 58.7191
22569, 58.7238
22570, 58.7248
22571, 58.7262
22572, 58.7277
22573, 58.7277
22574, 58.7296
22575, 58.731
22576, 58.7315
22577, 58.7329
22578, 58.7377
22579, 58.7377
22580, 58.7396
22581, 58.7396
22582, 58.7396
22583, 58.7415
22584, 58.7434
22585, 58.7457
22586, 58.7477
22587, 58.7481
22588, 58.7486
22589, 58.7496
22590, 58.7496
22591, 58.7496
22592, 58.75
22593, 58.751
22594, 58.7548
22595, 58.7553
22596, 58.7577
22597, 58.7581
22598, 58.7591
22599, 58.7591
22600, 58.76
22601, 58.761
22602, 58.7629
22603, 58.7638
22604, 58.7648
22605, 58.7662
22606, 58.7667
22607, 58.7667
22608, 58.7677
22609, 58.7681
22610, 58.7686
22611, 58.7696
22612, 58.77
22613, 58.77
22614, 58.771
22615, 58.7715
22616, 58.7719
22617, 58.7734
22618, 58.7772
22619, 58.78
22620, 58.7824
22621, 58.7843
22622, 58.7843
22623, 58.7862
22624, 58.7872
22625, 58.7881
22626, 58.7905
22627, 58.7938
22628, 58.7943
22629, 58.7953
22630, 58.7957
22631, 58.7986
22632, 58.7996
22633, 58.801
22634, 58.8019
22635, 58.8057
22636, 58.8062
22637, 58.8072
22638, 58.8091
22639, 58.8119
22640, 58.8129
22641, 58.8134
22642, 58.8196
22643, 58.8215
22644, 58.8215
22645, 58.8219
22646, 58.8219
22647, 58.8224
22648, 58.8229
22649, 58.8229
22650, 58.8229
22651, 58.8234
22652, 58.8248
22653, 58.8272
22654, 58.8272
22655, 58.8277
22656, 58.8296
22657, 58.8305
22658, 58.8315
22659, 58.8334
22660, 58.8338
22661, 58.8338
22662, 58.8338
22663, 58.8348
22664, 58.8357
22665, 58.8386
22666, 58.8386
22667, 58.8438
22668, 58.8438
22669, 58.8472
22670, 58.8472
22671, 58.8486
22672, 58.8505
22673, 58.8505
22674, 58.851
22675, 58.8515
22676, 58.8515
22677, 58.8515
22678, 58.8519
22679, 58.8529
22680, 58.8529
22681, 58.8534
22682, 58.8534
22683, 58.8557
22684, 58.8557
22685, 58.8567
22686, 58.8567
22687, 58.8586
22688, 58.8596
22689, 58.8605
22690, 58.8615
22691, 58.8624
22692, 58.8629
22693, 58.8634
22694, 58.8638
22695, 58.8643
22696, 58.8672
22697, 58.8691
22698, 58.8691
22699, 58.87
22700, 58.8705
22701, 58.871
22702, 58.8729
22703, 58.8738
22704, 58.8738
22705, 58.8753
22706, 58.8767
22707, 58.8781
22708, 58.8786
22709, 58.8791
22710, 58.8805
22711, 58.881
22712, 58.8815
22713, 58.8819
22714, 58.8834
22715, 58.8834
22716, 58.8838
22717, 58.8862
22718, 58.8876
22719, 58.8886
22720, 58.8891
22721, 58.8896
22722, 58.8905
22723, 58.891
22724, 58.8919
22725, 58.8938
22726, 58.8938
22727, 58.8953
22728, 58.8957
22729, 58.8962
22730, 58.8972
22731, 58.8976
22732, 58.9015
22733, 58.9015
22734, 58.9024
22735, 58.9029
22736, 58.9034
22737, 58.9081
22738, 58.91
22739, 58.9115
22740, 58.9124
22741, 58.9134
22742, 58.9138
22743, 58.9148
22744, 58.9172
22745, 58.9176
22746, 58.9186
22747, 58.9205
22748, 58.9262
22749, 58.9267
22750, 58.9267
22751, 58.9267
22752, 58.9291
22753, 58.93
22754, 58.931
22755, 58.9319
22756, 58.9324
22757, 58.9348
22758, 58.9353
22759, 58.9353
22760, 58.9353
22761, 58.9353
22762, 58.9367
22763, 58.9372
22764, 58.9381
22765, 58.94
22766, 58.9405
22767, 58.9415
22768, 58.9415
22769, 58.9424
22770, 58.9438
22771, 58.9438
22772, 58.9472
22773, 58.9472
22774, 58.9486
22775, 58.9529
22776, 58.9529
22777, 58.9548
22778, 58.9557
22779, 58.9567
22780, 58.9572
22781, 58.9576
22782, 58.9605
22783, 58.9629
22784, 58.9634
22785, 58.9643
22786, 58.9653
22787, 58.9667
22788, 58.9681
22789, 58.9696
22790, 58.97
22791, 58.9715
22792, 58.9715
22793, 58.9715
22794, 58.9729
22795, 58.9738
22796, 58.9767
22797, 58.9796
22798, 58.98
22799, 58.98
22800, 58.981
22801, 58.9829
22802, 58.9834
22803, 58.9834
22804, 58.9853
22805, 58.9857
22806, 58.9891
22807, 58.9896
22808, 58.991
22809, 58.9948
22810, 58.9976
22811, 58.9996
22812, 59.0005
22813, 59.001
22814, 59.0019
22815, 59.0029
22816, 59.0034
22817, 59.0057
22818, 59.0062
22819, 59.0076
22820, 59.0081
22821, 59.0081
22822, 59.0091
22823, 59.0096
22824, 59.0148
22825, 59.0148
22826, 59.0157
22827, 59.0162
22828, 59.0181
22829, 59.0195
22830, 59.0234
22831, 59.0238
22832, 59.0257
22833, 59.0262
22834, 59.0267
22835, 59.0272
22836, 59.03
22837, 59.0305
22838, 59.031
22839, 59.0343
22840, 59.0348
22841, 59.0353
22842, 59.0362
22843, 59.0362
22844, 59.0376
22845, 59.0395
22846, 59.0429
22847, 59.0443
22848, 59.0443
22849, 59.0448
22850, 59.0453
22851, 59.0472
22852, 59.0486
22853, 59.0491
22854, 59.0491
22855, 59.0505
22856, 59.051
22857, 59.0519
22858, 59.0529
22859, 59.0529
22860, 59.0543
22861, 59.0543
22862, 59.0595
22863, 59.0615
22864, 59.0629
22865, 59.0634
22866, 59.0653
22867, 59.0681
22868, 59.0686
22869, 59.0686
22870, 59.071
22871, 59.0715
22872, 59.0719
22873, 59.0724
22874, 59.0724
22875, 59.0729
22876, 59.0734
22877, 59.0753
22878, 59.0767
22879, 59.0772
22880, 59.0772
22881, 59.0781
22882, 59.0786
22883, 59.08
22884, 59.0819
22885, 59.0824
22886, 59.0843
22887, 59.0848
22888, 59.0886
22889, 59.0895
22890, 59.0895
22891, 59.09
22892, 59.091
22893, 59.0924
22894, 59.0948
22895, 59.0962
22896, 59.0972
22897, 59.0991
22898, 59.1019
22899, 59.1029
22900, 59.1038
22901, 59.1057
22902, 59.1081
22903, 59.1086
22904, 59.1091
22905, 59.1153
22906, 59.1162
22907, 59.1162
22908, 59.1186
22909, 59.1191
22910, 59.1195
22911, 59.12
22912, 59.121
22913, 59.1219
22914, 59.1219
22915, 59.1224
22916, 59.1229
22917, 59.1248
22918, 59.1253
22919, 59.13
22920, 59.1315
22921, 59.1319
22922, 59.1329
22923, 59.1362
22924, 59.1376
22925, 59.141
22926, 59.1415
22927, 59.1434
22928, 59.1434
22929, 59.1438
22930, 59.1448
22931, 59.1453
22932, 59.1462
22933, 59.1472
22934, 59.1486
22935, 59.1505
22936, 59.1524
22937, 59.1529
22938, 59.1543
22939, 59.1543
22940, 59.1548
22941, 59.1567
22942, 59.1567
22943, 59.1591
22944, 59.1605
22945, 59.1619
22946, 59.1629
22947, 59.1638
22948, 59.1638
22949, 59.1643
22950, 59.1648
22951, 59.1653
22952, 59.1657
22953, 59.1662
22954, 59.1667
22955, 59.1719
22956, 59.1729
22957, 59.1748
22958, 59.1757
22959, 59.1772
22960, 59.1772
22961, 59.1786
22962, 59.1819
22963, 59.1853
22964, 59.1862
22965, 59.1886
22966, 59.19
22967, 59.1919
22968, 59.1943
22969, 59.1953
22970, 59.1981
22971, 59.2
22972, 59.2005
22973, 59.201
22974, 59.201
22975, 59.2067
22976, 59.2067
22977, 59.2072
22978, 59.2081
22979, 59.2129
22980, 59.2134
22981, 59.2143
22982, 59.2148
22983, 59.2167
22984, 59.2176
22985, 59.2181
22986, 59.2195
22987, 59.2224
22988, 59.2253
22989, 59.231
22990, 59.2319
22991, 59.2334
22992, 59.2338
22993, 59.2353
22994, 59.2372
22995, 59.2381
22996, 59.241
22997, 59.241
22998, 59.2419
22999, 59.2453
23000, 59.2495
23001, 59.2543
23002, 59.2543
23003, 59.2553
23004, 59.2557
23005, 59.2572
23006, 59.2576
23007, 59.2576
23008, 59.26
23009, 59.2619
23010, 59.2643
23011, 59.2648
23012, 59.2648
23013, 59.2648
23014, 59.2662
23015, 59.2667
23016, 59.2672
23017, 59.2705
23018, 59.2714
23019, 59.2719
23020, 59.2724
23021, 59.2724
23022, 59.2734
23023, 59.2738
23024, 59.2753
23025, 59.2772
23026, 59.2781
23027, 59.2791
23028, 59.28
23029, 59.281
23030, 59.2819
23031, 59.2824
23032, 59.2838
23033, 59.2843
23034, 59.2848
23035, 59.2853
23036, 59.2895
23037, 59.291
23038, 59.2924
23039, 59.2972
23040, 59.2976
23041, 59.3
23042, 59.3005
23043, 59.3019
23044, 59.3024
23045, 59.3043
23046, 59.3062
23047, 59.3067
23048, 59.3081
23049, 59.3086
23050, 59.3091
23051, 59.3162
23052, 59.3172
23053, 59.3191
23054, 59.3191
23055, 59.3224
23056, 59.3238
23057, 59.3243
23058, 59.3272
23059, 59.331
23060, 59.331
23061, 59.3343
23062, 59.3367
23063, 59.3367
23064, 59.3372
23065, 59.3376
23066, 59.3391
23067, 59.3443
23068, 59.3486
23069, 59.351
23070, 59.3533
23071, 59.3538
23072, 59.3557
23073, 59.3576
23074, 59.3581
23075, 59.3591
23076, 59.3614
23077, 59.3629
23078, 59.3662
23079, 59.3667
23080, 59.3676
23081, 59.3676
23082, 59.3681
23083, 59.3681
23084, 59.3691
23085, 59.37
23086, 59.3705
23087, 59.371
23088, 59.3733
23089, 59.3757
23090, 59.3772
23091, 59.3819
23092, 59.3838
23093, 59.3843
23094, 59.3862
23095, 59.3862
23096, 59.3881
23097, 59.3919
23098, 59.3924
23099, 59.3933
23100, 59.3938
23101, 59.3957
23102, 59.3957
23103, 59.3962
23104, 59.3967
23105, 59.3981
23106, 59.4005
23107, 59.4038
23108, 59.4043
23109, 59.4072
23110, 59.4091
23111, 59.4095
23112, 59.4114
23113, 59.4119
23114, 59.4124
23115, 59.4129
23116, 59.4148
23117, 59.4162
23118, 59.4162
23119, 59.4186
23120, 59.4186
23121, 59.421
23122, 59.4233
23123, 59.4233
23124, 59.4238
23125, 59.4253
23126, 59.4257
23127, 59.4286
23128, 59.43
23129, 59.431
23130, 59.4372
23131, 59.4376
23132, 59.4386
23133, 59.4391
23134, 59.4391
23135, 59.441
23136, 59.441
23137, 59.4424
23138, 59.4429
23139, 59.4438
23140, 59.4443
23141, 59.4448
23142, 59.4472
23143, 59.4491
23144, 59.4514
23145, 59.4519
23146, 59.4519
23147, 59.4529
23148, 59.4548
23149, 59.4562
23150, 59.4576
23151, 59.4595
23152, 59.46
23153, 59.4614
23154, 59.4643
23155, 59.4653
23156, 59.4662
23157, 59.4672
23158, 59.4681
23159, 59.47
23160, 59.471
23161, 59.471
23162, 59.4748
23163, 59.4748
23164, 59.4748
23165, 59.4757
23166, 59.4781
23167, 59.48
23168, 59.4814
23169, 59.4814
23170, 59.4824
23171, 59.4829
23172, 59.4848
23173, 59.4857
23174, 59.4872
23175, 59.4881
23176, 59.4891
23177, 59.4895
23178, 59.49
23179, 59.491
23180, 59.4919
23181, 59.4929
23182, 59.4943
23183, 59.4957
23184, 59.4986
23185, 59.4991
23186, 59.5
23187, 59.5029
23188, 59.5052
23189, 59.5095
23190, 59.5114
23191, 59.5129
23192, 59.5138
23193, 59.5143
23194, 59.5148
23195, 59.5172
23196, 59.5172
23197, 59.5176
23198, 59.5195
23199, 59.5195
23200, 59.5195
23201, 59.5219
23202, 59.5219
23203, 59.5219
23204, 59.5224
23205, 59.5229
23206, 59.5252
23207, 59.5286
23208, 59.53
23209, 59.5305
23210, 59.5329
23211, 59.5329
23212, 59.5333
23213, 59.5338
23214, 59.5376
23215, 59.5386
23216, 59.5391
23217, 59.5395
23218, 59.5395
23219, 59.5405
23220, 59.5424
23221, 59.5424
23222, 59.5429
23223, 59.5438
23224, 59.5443
23225, 59.5462
23226, 59.5462
23227, 59.5472
23228, 59.5481
23229, 59.5491
23230, 59.5524
23231, 59.5538
23232, 59.5548
23233, 59.5581
23234, 59.5624
23235, 59.5633
23236, 59.5667
23237, 59.5667
23238, 59.5686
23239, 59.5695
23240, 59.57
23241, 59.5743
23242, 59.5762
23243, 59.5767
23244, 59.5781
23245, 59.5805
23246, 59.5824
23247, 59.5824
23248, 59.5824
23249, 59.5838
23250, 59.5843
23251, 59.5843
23252, 59.5848
23253, 59.5857
23254, 59.5862
23255, 59.5872
23256, 59.5876
23257, 59.5876
23258, 59.5881
23259, 59.5895
23260, 59.59
23261, 59.59
23262, 59.591
23263, 59.5914
23264, 59.5924
23265, 59.5929
23266, 59.5948
23267, 59.5952
23268, 59.5957
23269, 59.5967
23270, 59.5972
23271, 59.5972
23272, 59.5976
23273, 59.5981
23274, 59.6005
23275, 59.6038
23276, 59.6048
23277, 59.6057
23278, 59.6067
23279, 59.6072
23280, 59.6086
23281, 59.6091
23282, 59.61
23283, 59.6114
23284, 59.6114
23285, 59.6148
23286, 59.6167
23287, 59.6186
23288, 59.6186
23289, 59.6205
23290, 59.6214
23291, 59.6219
23292, 59.6229
23293, 59.6233
23294, 59.6233
23295, 59.6238
23296, 59.6262
23297, 59.631
23298, 59.6381
23299, 59.6386
23300, 59.6386
23301, 59.6395
23302, 59.6414
23303, 59.6424
23304, 59.6443
23305, 59.6448
23306, 59.6457
23307, 59.6462
23308, 59.6467
23309, 59.6481
23310, 59.6481
23311, 59.6486
23312, 59.65
23313, 59.6505
23314, 59.6514
23315, 59.6514
23316, 59.6519
23317, 59.6595
23318, 59.6629
23319, 59.6633
23320, 59.6633
23321, 59.6662
23322, 59.6667
23323, 59.6686
23324, 59.6691
23325, 59.67
23326, 59.67
23327, 59.67
23328, 59.67
23329, 59.6705
23330, 59.6714
23331, 59.6752
23332, 59.6762
23333, 59.6776
23334, 59.68
23335, 59.6805
23336, 59.6838
23337, 59.6838
23338, 59.6838
23339, 59.6871
23340, 59.6876
23341, 59.6876
23342, 59.6886
23343, 59.6895
23344, 59.6905
23345, 59.6943
23346, 59.6943
23347, 59.6943
23348, 59.6971
23349, 59.6991
23350, 59.6995
23351, 59.7
23352, 59.7029
23353, 59.7033
23354, 59.7091
23355, 59.71
23356, 59.7119
23357, 59.7124
23358, 59.7124
23359, 59.7143
23360, 59.7152
23361, 59.7157
23362, 59.7157
23363, 59.7181
23364, 59.7205
23365, 59.7214
23366, 59.7224
23367, 59.7248
23368, 59.7248
23369, 59.7281
23370, 59.7291
23371, 59.7295
23372, 59.7295
23373, 59.73
23374, 59.731
23375, 59.7319
23376, 59.7343
23377, 59.7371
23378, 59.7381
23379, 59.7386
23380, 59.7391
23381, 59.7443
23382, 59.7462
23383, 59.7471
23384, 59.7486
23385, 59.7491
23386, 59.7552
23387, 59.7567
23388, 59.7581
23389, 59.7586
23390, 59.7657
23391, 59.7667
23392, 59.7729
23393, 59.7757
23394, 59.7771
23395, 59.78
23396, 59.7805
23397, 59.781
23398, 59.7824
23399, 59.7833
23400, 59.7833
23401, 59.7838
23402, 59.7843
23403, 59.7848
23404, 59.7848
23405, 59.7852
23406, 59.7857
23407, 59.7895
23408, 59.79
23409, 59.791
23410, 59.7924
23411, 59.7943
23412, 59.7952
23413, 59.7957
23414, 59.7971
23415, 59.7976
23416, 59.8057
23417, 59.8062
23418, 59.8129
23419, 59.8138
23420, 59.8186
23421, 59.8195
23422, 59.8195
23423, 59.82
23424, 59.82
23425, 59.8233
23426, 59.8267
23427, 59.8267
23428, 59.8276
23429, 59.8305
23430, 59.831
23431, 59.8319
23432, 59.8348
23433, 59.8357
23434, 59.8357
23435, 59.8362
23436, 59.8381
23437, 59.8381
23438, 59.8405
23439, 59.8419
23440, 59.8419
23441, 59.8552
23442, 59.8557
23443, 59.859
23444, 59.8595
23445, 59.8629
23446, 59.8629
23447, 59.8629
23448, 59.8633
23449, 59.8652
23450, 59.8657
23451, 59.8681
23452, 59.8686
23453, 59.87
23454, 59.8752
23455, 59.8757
23456, 59.8767
23457, 59.8776
23458, 59.8795
23459, 59.88
23460, 59.88
23461, 59.8876
23462, 59.8881
23463, 59.889
23464, 59.889
23465, 59.8905
23466, 59.8914
23467, 59.8943
23468, 59.8976
23469, 59.8976
23470, 59.8995
23471, 59.9
23472, 59.9005
23473, 59.9005
23474, 59.9019
23475, 59.9033
23476, 59.9052
23477, 59.9138
23478, 59.9138
23479, 59.9157
23480, 59.9176
23481, 59.9186
23482, 59.92
23483, 59.9224
23484, 59.9238
23485, 59.9238
23486, 59.9243
23487, 59.9271
23488, 59.9295
23489, 59.9329
23490, 59.9338
23491, 59.9371
23492, 59.9381
23493, 59.9395
23494, 59.94
23495, 59.9419
23496, 59.9462
23497, 59.9476
23498, 59.9486
23499, 59.949
23500, 59.9495
23501, 59.9519
23502, 59.9533
23503, 59.9533
23504, 59.9586
23505, 59.959
23506, 59.9624
23507, 59.9629
23508, 59.9633
23509, 59.9652
23510, 59.9662
23511, 59.9667
23512, 59.9709
23513, 59.9719
23514, 59.9752
23515, 59.9762
23516, 59.9786
23517, 59.979
23518, 59.98
23519, 59.9829
23520, 59.9838
23521, 59.9852
23522, 59.9876
23523, 59.9919
23524, 59.9967
23525, 59.9967
23526, 59.9971
23527, 59.9971
23528, 59.9995
23529, 60.0014
23530, 60.0019
23531, 60.0024
23532, 60.0024
23533, 60.0029
23534, 60.0052
23535, 60.0062
23536, 60.0081
23537, 60.0114
23538, 60.0133
23539, 60.0133
23540, 60.0171
23541, 60.0186
23542, 60.02
23543, 60.0205
23544, 60.0209
23545, 60.0219
23546, 60.0229
23547, 60.0319
23548, 60.0338
23549, 60.0357
23550, 60.0376
23551, 60.0405
23552, 60.0419
23553, 60.0443
23554, 60.0443
23555, 60.0457
23556, 60.0462
23557, 60.0476
23558, 60.0486
23559, 60.0495
23560, 60.0543
23561, 60.0557
23562, 60.0571
23563, 60.0586
23564, 60.0614
23565, 60.0614
23566, 60.0619
23567, 60.0619
23568, 60.0629
23569, 60.0638
23570, 60.0643
23571, 60.0648
23572, 60.0714
23573, 60.0724
23574, 60.0781
23575, 60.0805
23576, 60.0828
23577, 60.0833
23578, 60.0848
23579, 60.0852
23580, 60.0895
23581, 60.09
23582, 60.0909
23583, 60.0914
23584, 60.0919
23585, 60.0924
23586, 60.0948
23587, 60.0957
23588, 60.0962
23589, 60.0967
23590, 60.1005
23591, 60.1019
23592, 60.1024
23593, 60.1048
23594, 60.1081
23595, 60.1124
23596, 60.1138
23597, 60.1162
23598, 60.1162
23599, 60.1219
23600, 60.13
23601, 60.1324
23602, 60.1324
23603, 60.1333
23604, 60.1362
23605, 60.1395
23606, 60.1409
23607, 60.1409
23608, 60.1419
23609, 60.1428
23610, 60.1428
23611, 60.1433
23612, 60.1433
23613, 60.1438
23614, 60.1443
23615, 60.1462
23616, 60.1481
23617, 60.1486
23618, 60.1495
23619, 60.15
23620, 60.1524
23621, 60.1562
23622, 60.1586
23623, 60.1595
23624, 60.1605
23625, 60.1609
23626, 60.1624
23627, 60.1638
23628, 60.1671
23629, 60.1676
23630, 60.1681
23631, 60.1743
23632, 60.1748
23633, 60.1752
23634, 60.1762
23635, 60.1771
23636, 60.1776
23637, 60.1795
23638, 60.1805
23639, 60.1824
23640, 60.1838
23641, 60.1862
23642, 60.1876
23643, 60.1876
23644, 60.1876
23645, 60.1886
23646, 60.1886
23647, 60.1924
23648, 60.1928
23649, 60.1933
23650, 60.1943
23651, 60.1986
23652, 60.199
23653, 60.2019
23654, 60.2048
23655, 60.209
23656, 60.2133
23657, 60.219
23658, 60.2219
23659, 60.2252
23660, 60.2276
23661, 60.2281
23662, 60.23
23663, 60.2314
23664, 60.2319
23665, 60.2333
23666, 60.2338
23667, 60.2347
23668, 60.24
23669, 60.2486
23670, 60.2509
23671, 60.2538
23672, 60.2547
23673, 60.2547
23674, 60.2562
23675, 60.2581
23676, 60.2605
23677, 60.2605
23678, 60.2609
23679, 60.2619
23680, 60.2662
23681, 60.2671
23682, 60.2695
23683, 60.27
23684, 60.2709
23685, 60.2709
23686, 60.2781
23687, 60.2786
23688, 60.279
23689, 60.2795
23690, 60.28
23691, 60.2824
23692, 60.2833
23693, 60.2852
23694, 60.2852
23695, 60.2876
23696, 60.2881
23697, 60.2895
23698, 60.2914
23699, 60.2938
23700, 60.2943
23701, 60.2947
23702, 60.3
23703, 60.3005
23704, 60.31
23705, 60.3128
23706, 60.3133
23707, 60.3138
23708, 60.3157
23709, 60.3181
23710, 60.319
23711, 60.3205
23712, 60.3209
23713, 60.3209
23714, 60.3214
23715, 60.3228
23716, 60.3357
23717, 60.3386
23718, 60.339
23719, 60.3457
23720, 60.3486
23721, 60.3486
23722, 60.3486
23723, 60.3514
23724, 60.3533
23725, 60.3552
23726, 60.3571
23727, 60.3576
23728, 60.3581
23729, 60.3581
23730, 60.3609
23731, 60.3614
23732, 60.3657
23733, 60.3709
23734, 60.3728
23735, 60.3747
23736, 60.3781
23737, 60.3786
23738, 60.38
23739, 60.3876
23740, 60.39
23741, 60.3905
23742, 60.3919
23743, 60.3919
23744, 60.3919
23745, 60.3981
23746, 60.3986
23747, 60.4047
23748, 60.4062
23749, 60.4124
23750, 60.4166
23751, 60.4186
23752, 60.4219
23753, 60.4247
23754, 60.4309
23755, 60.4333
23756, 60.4347
23757, 60.4371
23758, 60.4381
23759, 60.4419
23760, 60.4447
23761, 60.4457
23762, 60.4476
23763, 60.4495
23764, 60.4505
23765, 60.4528
23766, 60.4562
23767, 60.4571
23768, 60.459
23769, 60.4595
23770, 60.4609
23771, 60.4614
23772, 60.4619
23773, 60.4657
23774, 60.4719
23775, 60.4747
23776, 60.4757
23777, 60.4776
23778, 60.4833
23779, 60.49
23780, 60.4919
23781, 60.4933
23782, 60.4933
23783, 60.4938
23784, 60.4952
23785, 60.4981
23786, 60.4986
23787, 60.5014
23788, 60.5028
23789, 60.5047
23790, 60.5047
23791, 60.5057
23792, 60.5071
23793, 60.5081
23794, 60.5081
23795, 60.5095
23796, 60.5114
23797, 60.5119
23798, 60.5133
23799, 60.5138
23800, 60.5147
23801, 60.5152
23802, 60.5162
23803, 60.52
23804, 60.5205
23805, 60.5228
23806, 60.5247
23807, 60.5276
23808, 60.5333
23809, 60.5343
23810, 60.5366
23811, 60.5371
23812, 60.5381
23813, 60.5409
23814, 60.5414
23815, 60.5438
23816, 60.5457
23817, 60.5462
23818, 60.5471
23819, 60.5481
23820, 60.55
23821, 60.5509
23822, 60.5514
23823, 60.5571
23824, 60.5576
23825, 60.5581
23826, 60.5581
23827, 60.5609
23828, 60.5685
23829, 60.5714
23830, 60.5738
23831, 60.5743
23832, 60.579
23833, 60.5795
23834, 60.5828
23835, 60.5876
23836, 60.5914
23837, 60.5943
23838, 60.5947
23839, 60.5981
23840, 60.6009
23841, 60.609
23842, 60.6114
23843, 60.6157
23844, 60.6176
23845, 60.6195
23846, 60.6224
23847, 60.6228
23848, 60.6247
23849, 60.6266
23850, 60.6276
23851, 60.6285
23852, 60.629
23853, 60.63
23854, 60.6328
23855, 60.6333
23856, 60.6347
23857, 60.6414
23858, 60.6424
23859, 60.6443
23860, 60.6452
23861, 60.6457
23862, 60.6485
23863, 60.659
23864, 60.6643
23865, 60.6643
23866, 60.6709
23867, 60.6719
23868, 60.6719
23869, 60.68
23870, 60.6809
23871, 60.6809
23872, 60.6828
23873, 60.6828
23874, 60.6847
23875, 60.6871
23876, 60.6971
23877, 60.6971
23878, 60.6985
23879, 60.7
23880, 60.7028
23881, 60.7047
23882, 60.7081
23883, 60.7095
23884, 60.7143
23885, 60.7152
23886, 60.7181
23887, 60.7238
23888, 60.7266
23889, 60.7281
23890, 60.7285
23891, 60.7304
23892, 60.7324
23893, 60.7328
23894, 60.7362
23895, 60.7404
23896, 60.7404
23897, 60.7409
23898, 60.7447
23899, 60.7457
23900, 60.749
23901, 60.75
23902, 60.7524
23903, 60.7547
23904, 60.7638
23905, 60.7738
23906, 60.7762
23907, 60.7785
23908, 60.7833
23909, 60.789
23910, 60.7933
23911, 60.7957
23912, 60.8004
23913, 60.8024
23914, 60.8033
23915, 60.8043
23916, 60.8081
23917, 60.8081
23918, 60.8085
23919, 60.809
23920, 60.809
23921, 60.8128
23922, 60.8133
23923, 60.8143
23924, 60.8171
23925, 60.8195
23926, 60.8209
23927, 60.8214
23928, 60.8247
23929, 60.8257
23930, 60.8276
23931, 60.8281
23932, 60.8281
23933, 60.8285
23934, 60.83
23935, 60.8343
23936, 60.8343
23937, 60.8343
23938, 60.8347
23939, 60.8362
23940, 60.8366
23941, 60.8376
23942, 60.839
23943, 60.8414
23944, 60.8447
23945, 60.8457
23946, 60.8476
23947, 60.8481
23948, 60.8528
23949, 60.8628
23950, 60.8647
23951, 60.8652
23952, 60.8657
23953, 60.8719
23954, 60.8776
23955, 60.879
23956, 60.8804
23957, 60.8814
23958, 60.8847
23959, 60.8909
23960, 60.8947
23961, 60.8952
23962, 60.8976
23963, 60.8976
23964, 60.9014
23965, 60.9071
23966, 60.9104
23967, 60.9109
23968, 60.9109
23969, 60.9114
23970, 60.9128
23971, 60.9138
23972, 60.9166
23973, 60.9171
23974, 60.9204
23975, 60.9247
23976, 60.9271
23977, 60.9276
23978, 60.9319
23979, 60.9333
23980, 60.9381
23981, 60.9471
23982, 60.9476
23983, 60.9485
23984, 60.9495
23985, 60.9523
23986, 60.9547
23987, 60.9557
23988, 60.9604
23989, 60.9619
23990, 60.9628
23991, 60.9662
23992, 60.9704
23993, 60.9771
23994, 60.9795
23995, 60.9804
23996, 60.9809
23997, 60.9866
23998, 60.989
23999, 60.9962
24000, 60.9981
24001, 61
24002, 61.0009
24003, 61.0023
24004, 61.0047
24005, 61.01
24006, 61.0104
24007, 61.0109
24008, 61.0114
24009, 61.0123
24010, 61.0138
24011, 61.0152
24012, 61.0204
24013, 61.0223
24014, 61.0247
24015, 61.0271
24016, 61.0328
24017, 61.039
24018, 61.0423
24019, 61.0433
24020, 61.0438
24021, 61.0457
24022, 61.0509
24023, 61.0533
24024, 61.0542
24025, 61.0557
24026, 61.0571
24027, 61.0662
24028, 61.069
24029, 61.069
24030, 61.0742
24031, 61.0771
24032, 61.0871
24033, 61.0966
24034, 61.0985
24035, 61.1052
24036, 61.1133
24037, 61.1142
24038, 61.1166
24039, 61.1195
24040, 61.12
24041, 61.1209
24042, 61.1276
24043, 61.129
24044, 61.1304
24045, 61.1309
24046, 61.1323
24047, 61.1347
24048, 61.1366
24049, 61.1457
24050, 61.149
24051, 61.15
24052, 61.15
24053, 61.1519
24054, 61.1633
24055, 61.1642
24056, 61.1676
24057, 61.1676
24058, 61.1709
24059, 61.1723
24060, 61.1723
24061, 61.1742
24062, 61.1747
24063, 61.1766
24064, 61.18
24065, 61.1823
24066, 61.1823
24067, 61.1876
24068, 61.1885
24069, 61.1952
24070, 61.1961
24071, 61.1971
24072, 61.2057
24073, 61.209
24074, 61.2104
24075, 61.2176
24076, 61.2219
24077, 61.2295
24078, 61.2319
24079, 61.2357
24080, 61.2361
24081, 61.2385
24082, 61.2404
24083, 61.2433
24084, 61.2452
24085, 61.2457
24086, 61.2471
24087, 61.2471
24088, 61.249
24089, 61.2514
24090, 61.2514
24091, 61.2538
24092, 61.26
24093, 61.2604
24094, 61.2642
24095, 61.2676
24096, 61.268
24097, 61.2685
24098, 61.2719
24099, 61.2723
24100, 61.2728
24101, 61.2733
24102, 61.2747
24103, 61.2752
24104, 61.279
24105, 61.2819
24106, 61.2885
24107, 61.2885
24108, 61.2952
24109, 61.3004
24110, 61.308
24111, 61.3133
24112, 61.319
24113, 61.3209
24114, 61.3219
24115, 61.3228
24116, 61.3228
24117, 61.3314
24118, 61.3442
24119, 61.3466
24120, 61.3471
24121, 61.3485
24122, 61.3495
24123, 61.3504
24124, 61.3552
24125, 61.3557
24126, 61.3585
24127, 61.3595
24128, 61.36
24129, 61.3609
24130, 61.3623
24131, 61.3642
24132, 61.3647
24133, 61.3657
24134, 61.3676
24135, 61.3695
24136, 61.3704
24137, 61.3742
24138, 61.3752
24139, 61.3819
24140, 61.3857
24141, 61.3919
24142, 61.3942
24143, 61.3971
24144, 61.3971
24145, 61.399
24146, 61.4028
24147, 61.409
24148, 61.4095
24149, 61.4104
24150, 61.4266
24151, 61.4285
24152, 61.4347
24153, 61.4366
24154, 61.4404
24155, 61.4409
24156, 61.4419
24157, 61.4461
24158, 61.4485
24159, 61.4519
24160, 61.4585
24161, 61.459
24162, 61.4652
24163, 61.4657
24164, 61.4671
24165, 61.4676
24166, 61.4704
24167, 61.4704
24168, 61.4819
24169, 61.4857
24170, 61.488
24171, 61.4966
24172, 61.5028
24173, 61.5057
24174, 61.5085
24175, 61.5119
24176, 61.5123
24177, 61.5128
24178, 61.5142
24179, 61.5157
24180, 61.5157
24181, 61.5166
24182, 61.5185
24183, 61.5209
24184, 61.5333
24185, 61.5376
24186, 61.5385
24187, 61.539
24188, 61.5414
24189, 61.549
24190, 61.5504
24191, 61.5533
24192, 61.5628
24193, 61.5647
24194, 61.5704
24195, 61.5709
24196, 61.5709
24197, 61.5752
24198, 61.5757
24199, 61.5771
24200, 61.5785
24201, 61.5814
24202, 61.5842
24203, 61.5852
24204, 61.5876
24205, 61.5899
24206, 61.5966
24207, 61.5995
24208, 61.5999
24209, 61.6009
24210, 61.6014
24211, 61.6161
24212, 61.6195
24213, 61.6252
24214, 61.6338
24215, 61.6342
24216, 61.6404
24217, 61.6404
24218, 61.6414
24219, 61.6466
24220, 61.6523
24221, 61.6542
24222, 61.6595
24223, 61.6604
24224, 61.6609
24225, 61.6638
24226, 61.6685
24227, 61.669
24228, 61.669
24229, 61.6742
24230, 61.6861
24231, 61.6952
24232, 61.6966
24233, 61.6971
24234, 61.7071
24235, 61.7085
24236, 61.7099
24237, 61.7104
24238, 61.7109
24239, 61.7157
24240, 61.718
24241, 61.7185
24242, 61.7209
24243, 61.7233
24244, 61.7323
24245, 61.7395
24246, 61.7504
24247, 61.7557
24248, 61.7571
24249, 61.7571
24250, 61.7599
24251, 61.7637
24252, 61.768
24253, 61.7709
24254, 61.7709
24255, 61.7742
24256, 61.7757
24257, 61.7876
24258, 61.7895
24259, 61.7947
24260, 61.8033
24261, 61.8042
24262, 61.8071
24263, 61.8104
24264, 61.8142
24265, 61.8152
24266, 61.8157
24267, 61.8209
24268, 61.8276
24269, 61.8585
24270, 61.8599
24271, 61.8604
24272, 61.8618
24273, 61.8642
24274, 61.8718
24275, 61.8747
24276, 61.8756
24277, 61.8766
24278, 61.879
24279, 61.8837
24280, 61.8842
24281, 61.8899
24282, 61.8918
24283, 61.8995
24284, 61.9014
24285, 61.9061
24286, 61.9071
24287, 61.9099
24288, 61.9128
24289, 61.9199
24290, 61.9252
24291, 61.929
24292, 61.9328
24293, 61.9366
24294, 61.9442
24295, 61.949
24296, 61.9495
24297, 61.9514
24298, 61.9618
24299, 61.9685
24300, 61.9733
24301, 61.9804
24302, 61.9818
24303, 61.9833
24304, 61.9833
24305, 61.988
24306, 61.9966
24307, 61.999
24308, 62.0004
24309, 62.0023
24310, 62.0042
24311, 62.0042
24312, 62.0209
24313, 62.0318
24314, 62.0352
24315, 62.038
24316, 62.0418
24317, 62.0461
24318, 62.0485
24319, 62.0537
24320, 62.0542
24321, 62.0552
24322, 62.0604
24323, 62.0628
24324, 62.0685
24325, 62.0747
24326, 62.0804
24327, 62.0837
24328, 62.0861
24329, 62.089
24330, 62.0971
24331, 62.0995
24332, 62.1018
24333, 62.1147
24334, 62.1152
24335, 62.1185
24336, 62.119
24337, 62.1256
24338, 62.139
24339, 62.1452
24340, 62.1471
24341, 62.1499
24342, 62.1656
24343, 62.1694
24344, 62.1733
24345, 62.1761
24346, 62.179
24347, 62.1861
24348, 62.2009
24349, 62.2014
24350, 62.2033
24351, 62.2085
24352, 62.2142
24353, 62.2223
24354, 62.2242
24355, 62.2414
24356, 62.2471
24357, 62.2509
24358, 62.2514
24359, 62.2528
24360, 62.2533
24361, 62.2552
24362, 62.2561
24363, 62.2661
24364, 62.268
24365, 62.2866
24366, 62.2871
24367, 62.3033
24368, 62.3052
24369, 62.3071
24370, 62.3104
24371, 62.3161
24372, 62.319
24373, 62.3223
24374, 62.3285
24375, 62.3433
24376, 62.3447
24377, 62.3485
24378, 62.3528
24379, 62.3537
24380, 62.3547
24381, 62.3561
24382, 62.3613
24383, 62.3647
24384, 62.3733
24385, 62.3794
24386, 62.3794
24387, 62.3875
24388, 62.3913
24389, 62.3928
24390, 62.3947
24391, 62.3985
24392, 62.4047
24393, 62.4094
24394, 62.4185
24395, 62.4194
24396, 62.4213
24397, 62.4394
24398, 62.4418
24399, 62.4485
24400, 62.4494
24401, 62.4533
24402, 62.458
24403, 62.4618
24404, 62.4637
24405, 62.468
24406, 62.4699
24407, 62.4766
24408, 62.4771
24409, 62.4799
24410, 62.4809
24411, 62.4852
24412, 62.4852
24413, 62.4866
24414, 62.5032
24415, 62.5061
24416, 62.5099
24417, 62.5137
24418, 62.5204
24419, 62.5285
24420, 62.5342
24421, 62.5347
24422, 62.5628
24423, 62.5642
24424, 62.5666
24425, 62.5699
24426, 62.5756
24427, 62.579
24428, 62.5794
24429, 62.5813
24430, 62.5871
24431, 62.5999
24432, 62.6104
24433, 62.6151
24434, 62.629
24435, 62.6313
24436, 62.6361
24437, 62.6366
24438, 62.638
24439, 62.6428
24440, 62.6547
24441, 62.6647
24442, 62.668
24443, 62.668
24444, 62.688
24445, 62.6961
24446, 62.698
24447, 62.7004
24448, 62.7104
24449, 62.7151
24450, 62.7194
24451, 62.7199
24452, 62.7413
24453, 62.7475
24454, 62.7494
24455, 62.7513
24456, 62.7613
24457, 62.7694
24458, 62.7794
24459, 62.807
24460, 62.8128
24461, 62.8137
24462, 62.8204
24463, 62.8275
24464, 62.828
24465, 62.8323
24466, 62.8328
24467, 62.837
24468, 62.8466
24469, 62.8537
24470, 62.867
24471, 62.879
24472, 62.8818
24473, 62.8875
24474, 62.9089
24475, 62.9299
24476, 62.9337
24477, 62.9404
24478, 62.9451
24479, 62.9485
24480, 62.9561
24481, 62.9709
24482, 62.9866
24483, 62.997
24484, 63.0028
24485, 63.0056
24486, 63.017
24487, 63.0204
24488, 63.0423
24489, 63.0428
24490, 63.0451
24491, 63.0537
24492, 63.0608
24493, 63.0623
24494, 63.0623
24495, 63.0761
24496, 63.0799
24497, 63.0823
24498, 63.0885
24499, 63.098
24500, 63.1104
24501, 63.1242
24502, 63.1328
24503, 63.1628
24504, 63.1628
24505, 63.1666
24506, 63.1761
24507, 63.1808
24508, 63.1828
24509, 63.1837
24510, 63.1875
24511, 63.2085
24512, 63.2127
24513, 63.2194
24514, 63.247
24515, 63.2523
24516, 63.2542
24517, 63.2551
24518, 63.2861
24519, 63.2927
24520, 63.3151
24521, 63.3161
24522, 63.3223
24523, 63.3242
24524, 63.3399
24525, 63.3594
24526, 63.3618
24527, 63.378
24528, 63.3813
24529, 63.3942
24530, 63.3985
24531, 63.3985
24532, 63.4013
24533, 63.4042
24534, 63.4099
24535, 63.4632
24536, 63.4651
24537, 63.467
24538, 63.4737
24539, 63.4804
24540, 63.4885
24541, 63.4913
24542, 63.4961
24543, 63.4985
24544, 63.5037
24545, 63.5046
24546, 63.5156
24547, 63.5351
24548, 63.5551
24549, 63.5565
24550, 63.5604
24551, 63.5623
24552, 63.5632
24553, 63.5746
24554, 63.5751
24555, 63.5851
24556, 63.5965
24557, 63.5989
24558, 63.6032
24559, 63.6065
24560, 63.6146
24561, 63.6156
24562, 63.6223
24563, 63.647
24564, 63.6485
24565, 63.6613
24566, 63.6632
24567, 63.6727
24568, 63.6984
24569, 63.7018
24570, 63.717
24571, 63.718
24572, 63.7404
24573, 63.7404
24574, 63.7704
24575, 63.7704
24576, 63.7746
24577, 63.7765
24578, 63.7823
24579, 63.7932
24580, 63.8175
24581, 63.8208
24582, 63.8251
24583, 63.8332
24584, 63.8337
24585, 63.8365
24586, 63.8465
24587, 63.8518
24588, 63.8799
24589, 63.8965
24590, 63.897
24591, 63.9094
24592, 63.928
24593, 63.9294
24594, 63.9413
24595, 63.9551
24596, 63.9675
24597, 63.9727
24598, 63.9756
24599, 63.9856
24600, 63.9908
24601, 64.0427
24602, 64.0484
24603, 64.0489
24604, 64.0584
24605, 64.0627
24606, 64.0675
24607, 64.0908
24608, 64.1022
24609, 64.1289
24610, 64.1351
24611, 64.1527
24612, 64.1599
24613, 64.1727
24614, 64.1813
24615, 64.2013
24616, 64.2465
24617, 64.2499
24618, 64.2703
24619, 64.296
24620, 64.3094
24621, 64.3327
24622, 64.3341
24623, 64.3451
24624, 64.3608
24625, 64.3918
24626, 64.3975
24627, 64.4032
24628, 64.4122
24629, 64.4146
24630, 64.4151
24631, 64.436
24632, 64.4456
24633, 64.4508
24634, 64.4637
24635, 64.4651
24636, 64.4822
24637, 64.4822
24638, 64.497
24639, 64.5022
24640, 64.5056
24641, 64.5303
24642, 64.5727
24643, 64.5798
24644, 64.5837
24645, 64.5922
24646, 64.5927
24647, 64.5932
24648, 64.6284
24649, 64.6303
24650, 64.6322
24651, 64.6575
24652, 64.6575
24653, 64.6579
24654, 64.687
24655, 64.6922
24656, 64.697
24657, 64.6998
24658, 64.7008
24659, 64.7032
24660, 64.7084
24661, 64.7113
24662, 64.7232
24663, 64.7294
24664, 64.7446
24665, 64.7646
24666, 64.807
24667, 64.8075
24668, 64.8175
24669, 64.8213
24670, 64.8308
24671, 64.8317
24672, 64.8375
24673, 64.8717
24674, 64.8998
24675, 64.8998
24676, 64.9203
24677, 64.9236
24678, 64.9298
24679, 64.9527
24680, 64.9751
24681, 64.9798
24682, 64.9979
24683, 64.9984
24684, 65.0122
24685, 65.0336
24686, 65.0346
24687, 65.0441
24688, 65.0932
24689, 65.0932
24690, 65.1508
24691, 65.1536
24692, 65.1555
24693, 65.1755
24694, 65.2032
24695, 65.2036
24696, 65.2103
24697, 65.2136
24698, 65.2465
24699, 65.2784
24700, 65.2784
24701, 65.3084
24702, 65.3122
24703, 65.3127
24704, 65.3327
24705, 65.3684
24706, 65.3746
24707, 65.3913
24708, 65.3989
24709, 65.4379
24710, 65.5008
24711, 65.5179
24712, 65.5303
24713, 65.5308
24714, 65.5374
24715, 65.5479
24716, 65.5517
24717, 65.6046
24718, 65.6212
24719, 65.7089
24720, 65.7122
24721, 65.7179
24722, 65.7712
24723, 65.7736
24724, 65.7774
24725, 65.7979
24726, 65.8298
24727, 65.8831
24728, 65.8922
24729, 65.8927
24730, 65.9989
24731, 66.0036
24732, 66.086
24733, 66.0888
24734, 66.105
24735, 66.1317
24736, 66.1874
24737, 66.1893
24738, 66.1988
24739, 66.2188
24740, 66.2246
24741, 66.2507
24742, 66.2617
24743, 66.2665
24744, 66.3269
24745, 66.3322
24746, 66.3831
24747, 66.3893
24748, 66.3912
24749, 66.4188
24750, 66.5031
24751, 66.536
24752, 66.5407
24753, 66.5617
24754, 66.5636
24755, 66.6279
24756, 66.6279
24757, 66.6322
24758, 66.635
24759, 66.6936
24760, 66.7117
24761, 66.7469
24762, 66.7498
24763, 66.7507
24764, 66.7922
24765, 66.8422
24766, 66.8764
24767, 66.8869
24768, 66.8917
24769, 66.9126
24770, 66.9355
24771, 66.9445
24772, 67.0074
24773, 67.0579
24774, 67.065
24775, 67.1483
24776, 67.1841
24777, 67.1974
24778, 67.2388
24779, 67.2493
24780, 67.2588
24781, 67.2969
24782, 67.3264
24783, 67.3388
24784, 67.3483
24785, 67.3902
24786, 67.4045
24787, 67.4293
24788, 67.4488
24789, 67.4645
24790, 67.5307
24791, 67.5498
24792, 67.5688
24793, 67.6369
24794, 67.6464
24795, 67.6817
24796, 67.7193
24797, 67.7321
24798, 67.7712
24799, 67.7912
24800, 67.864
24801, 67.924
24802, 67.9412
24803, 67.9774
24804, 68.1983
24805, 68.1997
24806, 68.2083
24807, 68.2126
24808, 68.2483
24809, 68.2797
24810, 68.295
24811, 68.314
24812, 68.3473
24813, 68.404
24814, 68.4264
24815, 68.4426
24816, 68.5883
24817, 68.6188
24818, 68.6407
24819, 68.6478
24820, 68.6707
24821, 68.7202
24822, 68.9783
24823, 69.0316
24824, 69.1797
24825, 69.1897
24826, 69.2559
24827, 69.3316
24828, 69.4468
24829, 69.5387
24830, 69.5954
24831, 69.6883
24832, 69.7959
24833, 69.8016
24834, 69.8683
24835, 69.8792
24836, 69.9449
24837, 69.9973
24838, 70.0882
24839, 70.1782
24840, 70.2568
24841, 70.2987
24842, 70.3611
24843, 70.383
24844, 70.5411
24845, 70.6363
24846, 70.733
24847, 70.902
24848, 70.9311
24849, 70.9525
24850, 70.9787
24851, 71.0563
24852, 71.152
24853, 71.1715
24854, 71.1763
24855, 71.1882
24856, 71.312
24857, 71.4115
24858, 71.5392
24859, 71.6058
24860, 71.7863
24861, 71.8363
24862, 71.872
24863, 71.9387
24864, 72.2015
24865, 72.2906
24866, 72.301
24867, 72.3358
24868, 72.4877
24869, 72.5472
24870, 72.681
24871, 72.6858
24872, 73.2058
24873, 73.4615
24874, 73.4696
24875, 73.5443
24876, 74.2695
24877, 74.49
24878, 74.5695
24879, 74.6862
24880, 74.7181
24881, 74.8195
24882, 74.9052
24883, 74.9476
24884, 74.97
24885, 75.1028
24886, 75.4281
24887, 75.5014
24888, 75.7628
24889, 75.7995
24890, 75.8452
24891, 76.1942
24892, 76.2461
24893, 76.4009
24894, 76.8914
24895, 77.0004
24896, 77.5747
24897, 77.6928
24898, 77.7775
24899, 77.9609
24900, 78.5085
24901, 78.9527
24902, 79.1818
24903, 79.6037
24904, 79.6251
24905, 80.2127
24906, 80.2965
24907, 80.9789
24908, 81.2579
24909, 81.4984
24910, 81.7917
24911, 81.8336
24912, 82.2555
24913, 82.344
24914, 82.3698
24915, 82.5383
24916, 82.7217
24917, 83.0016
24918, 83.0302
24919, 83.734
24920, 83.7678
24921, 83.9797
24922, 84.3745
24923, 85.0725
24924, 85.5025
24925, 85.9549
24926, 86.8101
24927, 86.9415
24928, 87.2196
24929, 87.4106
24930, 87.6024
24931, 87.8239
24932, 87.8505
24933, 88.5386
24934, 89.0553
24935, 89.4476
24936, 89.4891
24937, 91.3733
24938, 92.4532
24939, 92.6251
24940, 94.327
24941, 94.3927
24942, 96.2141
24943, 96.8841
24944, 96.9788
24945, 99.0111
24946, 99.2349
24947, 100.037
24948, 100.995
24949, 102.265
24950, 106.57
24951, 108.515
24952, 109.187
24953, 109.197
24954, 111.377
24955, 111.875
24956, 112.262
24957, 112.485
24958, 113.945
24959, 114.279
24960, 115.02
24961, 116.864
24962, 117.73
24963, 120.051
24964, 120.598
24965, 120.599
24966, 121.861
24967, 123.402
24968, 125.148
24969, 126.63
24970, 127.134
24971, 134.147
24972, 134.699
24973, 136.794
24974, 138.712
24975, 146.032
24976, 148.403
24977, 154.892
24978, 161.824
24979, 173.43
24980, 174.933
24981, 182.864
24982, 190.632
24983, 203.859
24984, 207.292
24985, 229.257
24986, 229.329
24987, 245.92
24988, 247.162
24989, 292.316
24990, 323.694
24991, 376.159
24992, 402.581
24993, 428.683
24994, 578.964
24995, 582.539
24996, 708.284
24997, 851.568
---------------------------------------------------------------------------------------
 #bytes #iterations    t_min[usec]    t_max[usec]  t_typical[usec]    t_avg[usec]    t_stdev[usec]   99% percentile[usec]   99.9% percentile[usec] 
 65536   25000          49.84          1451.26      53.94    	       54.97       	10.43  		66.42   		138.71 
---------------------------------------------------------------------------------------
