ts_ns,gbps
1783088359038508589,9.752
1783088359043488771,9.711
1783088359048488573,9.708
1783088359053504903,9.672
1783088359058487973,9.737
1783088359063489860,9.700
1783088359068486133,9.704
1783088359073500492,9.683
1783088359078486610,9.731
1783088359083486949,9.703
1783088359088487878,9.702
1783088359093486024,9.704
1783088359098492227,9.702
1783088359103492065,9.704
1783088359108488839,9.710
1783088359113485977,9.709
1783088359118491701,9.700
1783088359123485669,9.702
1783088359128486616,9.709
1783088359133487054,9.703
1783088359138492881,9.699
1783088359143487838,9.707
1783088359148486384,9.707
1783088359153501410,9.682
1783088359158492585,9.728
1783088359163486898,9.701
1783088359168485905,9.706
1783088359173485847,9.704
1783088359178494619,9.708
1783088359183486257,9.706
1783088359188489505,9.705
1783088359193497068,9.682
1783088359198491961,9.728
1783088359203492850,9.695
1783088359208489288,9.711
1783088359213496072,9.691
1783088359218493802,9.722
1783088359223492443,9.700
1783088359228491402,9.699
1783088359233721505,9.707
1783088359238488485,9.706
1783088359243490833,9.706
1783088359248494607,9.703
1783088359253499725,9.694
1783088359258503299,9.718
1783088359263491946,9.698
1783088359268498531,9.712
1783088359273497797,9.685
1783088359278492110,9.729
1783088359283489382,9.695
1783088359288489520,9.704
1783088359293497106,9.689
1783088359298495060,9.722
1783088359303495962,9.702
1783088359308493659,9.701
1783088359313500609,9.690
1783088359318497677,9.723
1783088359323499933,9.706
1783088359328488657,9.705
1783088359333496222,9.689
1783088359338496293,9.718
1783088359343491200,9.707
1783088359348500018,9.701
1783088359353502236,9.693
1783088359358499742,9.723
1783088359363491000,9.700
1783088359368496143,9.708
1783088359373496205,9.690
1783088359378495685,9.719
1783088359383499577,9.696
1783088359388493201,9.709
1783088359393511809,9.689
1783088359398498687,9.722
1783088359403495818,9.703
1783088359408493456,9.702
1783088359413506010,9.688
1783088359418504290,1.606
1783088359423498463,0.967
1783088359428517808,0.973
1783088359433503188,0.969
1783088359438498312,0.967
1783088359443494426,0.967
1783088359448493819,0.977
1783088359453506257,0.964
1783088359458507050,0.976
1783088359463493596,0.969
1783088359468493152,0.966
1783088359473503192,0.964
1783088359478500454,0.977
1783088359483499800,0.966
1783088359488492234,0.968
1783088359493503032,0.964
1783088359498499903,0.977
1783088359503498688,0.966
1783088359508498497,0.966
1783088359513506708,0.975
1783088359518500307,0.967
1783088359523503297,0.966
1783088359528494816,0.978
1783088359533520141,0.961
1783088359538501240,0.970
1783088359543503738,0.976
1783088359548492760,0.968
1783088359553508022,0.963
1783088359558503216,0.978
1783088359563495966,0.968
1783088359568496968,0.966
1783088359573504615,0.965
1783088359578502781,0.977
1783088359583496891,0.967
1783088359588494841,0.967
1783088359593504887,0.975
1783088359598504901,0.966
1783088359603503895,0.966
1783088359608496349,0.968
1783088359613504240,0.975
1783088359618501871,0.967
1783088359623504056,0.966
1783088359628504314,0.977
1783088359633512344,0.965
1783088359638505347,0.968
1783088359643512441,0.977
1783088359648500453,0.969
1783088359653514292,0.964
1783088359658503503,0.968
1783088359663506017,0.976
1783088359668499365,0.968
1783088359673506636,0.965
1783088359678503928,0.977
1783088359683505658,0.968
1783088359688501260,0.967
1783088359693508030,0.965
1783088359698505776,0.977
1783088359703511270,0.965
1783088359708500629,0.968
1783088359713510467,0.964
1783088359718505716,0.978
1783088359723501277,0.967
1783088359728499994,0.966
1783088359733505107,0.976
1783088359738508530,0.966
1783088359743498416,0.968
1783088359748499886,0.976
1783088359753511636,0.964
1783088359758512650,0.966
1783088359763502581,0.968
1783088359768501650,0.977
1783088359773509881,0.965
1783088359778504897,0.967
1783088359783499385,0.978
1783088359788498027,0.966
1783088359793512737,0.963
1783088359798506331,0.978
1783088359803505181,0.966
1783088359808503275,0.967
1783088359813510713,0.965
1783088359818509230,0.977
1783088359823501874,0.968
1783088359828501108,0.966
1783088359833512756,0.974
1783088359838509022,0.967
1783088359843504063,0.967
1783088359848502657,0.977
1783088359853517587,0.963
1783088359858507889,0.968
1783088359863513300,0.976
1783088359868504913,0.968
1783088359873512720,0.965
1783088359878508794,0.977
1783088359883514858,0.965
1783088359888504866,0.968
1783088359893512762,0.965
1783088359898510920,0.977
1783088359903508758,0.967
1783088359908506277,0.967
1783088359913511220,0.976
1783088359918505735,0.967
1783088359923506003,0.966
1783088359928505355,0.966
1783088359933520289,0.974
1783088359938506696,0.969
1783088359943505010,0.967
1783088359948514967,0.975
1783088359953519311,0.965
1783088359958505568,0.969
1783088359963510326,0.977
1783088359968505770,0.967
1783088359973513594,0.965
1783088359978511996,0.967
1783088359983508419,0.977
1783088359988506849,0.967
1783088359993510727,0.965
1783088359998507094,0.977
1783088360003508783,0.966
1783088360008510457,0.966
1783088360013517592,0.965
1783088360018508450,0.978
1783088360023508674,0.966
1783088360028515110,0.965
1783088360033510365,0.978
1783088360038508841,0.967
1783088360043508193,0.966
1783088360048505417,0.977
1783088360053516253,0.964
1783088360058516551,0.966
1783088360063507865,0.968
1783088360068508411,0.977
1783088360073510042,0.966
1783088360078506088,0.967
1783088360083515224,0.975
1783088360088506422,0.968
1783088360093516440,0.964
1783088360098518600,0.976
1783088360103512777,0.969
1783088360108511368,0.967
1783088360113512666,0.966
1783088360118518129,0.976
1783088360123514663,0.967
1783088360128507261,0.968
1783088360133520144,0.976
1783088360138517853,0.967
1783088360143511091,0.968
1783088360148510073,0.966
1783088360153523300,0.974
1783088360158511530,0.969
1783088360163509260,0.968
1783088360168509746,0.966
1783088360173515192,0.976
1783088360178515967,0.966
1783088360183518840,0.966
1783088360188509595,0.968
1783088360193510785,0.976
1783088360198511151,0.966
1783088360203519917,0.975
1783088360208513787,0.967
1783088360213518395,0.965
1783088360218513900,0.967
1783088360223520794,0.975
1783088360228512684,0.970
1783088360233518036,0.965
1783088360238563426,0.968
1783088360243518954,0.975
1783088360248512712,0.967
1783088360253517903,0.965
1783088360258517389,0.977
1783088360263539757,0.962
1783088360268514995,0.971
1783088360273521955,0.965
1783088360278514210,0.978
1783088360283521983,0.965
1783088360288514461,0.968
1783088360293521626,0.975
1783088360298512972,0.968
1783088360303523570,0.964
1783088360308521048,0.977
1783088360313519693,0.967
1783088360318516631,0.967
1783088360323520481,0.976
1783088360328513771,0.968
1783088360333524261,0.964
1783088360338515443,0.968
1783088360343523527,0.975
1783088360348514895,0.968
1783088360353520657,0.965
1783088360358523735,0.976
1783088360363519262,0.967
1783088360368516992,0.967
1783088360373520784,0.967
1783088360378518822,0.977
1783088360383521391,0.966
1783088360388516053,0.967
1783088360393527387,0.974
1783088360398518557,0.968
1783088360403527699,0.964
1783088360408516129,0.968
1783088360413519863,0.978
1783088360418516833,0.967
1783088360423523438,0.965
1783088360428517336,0.967
1783088360433516460,0.979
1783088360438515002,0.966
1783088360443525176,0.964
1783088360448519223,0.978
1783088360453525060,0.965
1783088360458520623,0.967
1783088360463530416,0.975
1783088360468516951,0.969
1783088360473522005,0.965
1783088360478516861,0.967
1783088360483523837,0.975
1783088360488516996,0.968
1783088360493519045,0.966
1783088360498517356,0.977
1783088360503527782,0.964
1783088360508520785,0.968
1783088360513518972,0.967
1783088360518521825,0.976
1783088360523525848,0.965
1783088360528517697,0.968
1783088360533525803,0.975
1783088360538516605,0.968
1783088360543521803,0.965
1783088360548517552,0.977
1783088360553521804,0.965
1783088360558521637,0.968
1783088360563527919,0.965
1783088360568517530,0.979
1783088360573520752,0.966
1783088360578519706,0.966
1783088360583525333,0.976
1783088360588519317,0.967
1783088360593521269,0.966
1783088360598529571,0.975
1783088360603528841,0.966
1783088360608520915,0.968
1783088360613524461,0.966
1783088360618522395,0.977
1783088360623528842,0.965
1783088360628521667,0.968
1783088360633524463,0.976
1783088360638530166,0.965
1783088360643533510,0.966
1783088360648529500,0.977
1783088360653534975,0.967
1783088360658525333,0.968
1783088360663530677,0.965
1783088360668524221,0.978
1783088360673525483,0.966
1783088360678523365,0.967
1783088360683522640,0.966
1783088360688521114,0.977
1783088360693524648,0.966
1783088360698524458,0.966
1783088360703526344,0.976
1783088360708525682,0.966
1783088360713528330,0.966
1783088360718526210,0.977
1783088360723525112,0.966
1783088360728524154,0.966
1783088360733523781,0.966
1783088360738523461,0.977
1783088360743522509,0.966
1783088360748522991,0.966
1783088360753530041,0.975
1783088360758540281,0.964
1783088360763535041,0.967
1783088360768550288,0.975
1783088360773525301,0.971
1783088360778523432,0.967
1783088360783528346,0.965
1783088360788524590,0.977
1783088360793532395,0.965
1783088360798529097,0.967
1783088360803526563,0.977
1783088360808546773,0.962
1783088360813534543,0.969
1783088360818530106,0.977
1783088360823532363,0.966
1783088360828528108,0.967
1783088360833537204,0.975
1783088360838529602,0.969
1783088360843523928,0.969
1783088360848531279,0.965
1783088360853535768,0.967
1783088360858561634,0.972
1783088360863534069,0.972
1783088360868529179,0.967
1783088360873537409,0.965
1783088360878530909,0.978
1783088360883535582,0.965
1783088360888527360,0.968
1783088360893536698,0.975
1783088360898536371,0.968
1783088360903531718,0.967
1783088360908539071,0.965
1783088360913527455,0.970
1783088360918537424,0.975
1783088360923532794,0.967
1783088360928528320,0.967
1783088360933536142,0.975
1783088360938536427,0.966
1783088360943527218,0.968
1783088360948532761,0.976
1783088360953530751,0.967
1783088360958536001,0.965
1783088360963536643,0.968
1783088360968531709,0.978
1783088360973539143,0.965
1783088360978535794,0.967
1783088360983535803,0.977
1783088360988529516,0.967
1783088360993536684,0.965
1783088360998535154,0.967
1783088361003532243,0.977
1783088361008538727,0.965
1783088361013532741,0.967
1783088361018536711,0.976
1783088361023535410,0.966
1783088361028529552,0.967
1783088361033542889,0.974
1783088361038534039,0.968
1783088361043528734,0.967
1783088361048537139,0.965
1783088361053532499,0.978
1783088361058538488,0.965
1783088361063538782,0.966
1783088361068533272,0.978
1783088361073538486,0.965
1783088361078537768,0.966
1783088361083530311,0.968
1783088361088536311,0.975
1783088361093534250,0.967
1783088361098541327,0.974
1783088361103544740,0.967
1783088361108539333,0.967
1783088361113538942,0.966
1783088361118539126,0.977
1783088361123532288,0.968
1783088361128538690,0.965
1783088361133536935,0.968
1783088361138536787,0.977
1783088361143539560,0.966
1783088361148533207,0.967
1783088361153546149,0.974
1783088361158541579,0.969
1783088361163540005,0.967
1783088361168532636,0.968
1783088361173542097,0.975
1783088361178544507,0.966
1783088361183534886,0.968
1783088361188541292,0.975
1783088361193533142,0.968
1783088361198538732,0.965
1783088361203550130,0.974
1783088361208537105,0.969
1783088361213543063,0.965
1783088361218543783,0.966
1783088361223534681,0.978
1783088361228540825,0.965
1783088361233538059,0.967
1783088361238545510,0.975
1783088361243539388,0.967
1783088361248534045,0.967
1783088361253548148,0.974
1783088361258542808,0.967
1783088361263546728,0.965
1783088361268538386,0.968
1783088361273545625,0.975
1783088361278543714,0.967
1783088361283537108,0.968
1783088361288545226,0.975
1783088361293539353,0.967
1783088361298543048,0.966
1783088361303549184,0.975
1783088361308537099,0.969
1783088361313546007,0.965
1783088361318543199,0.969
1783088361323538223,0.978
1783088361328543436,0.965
1783088361333537006,0.967
1783088361338541420,0.965
1783088361343543695,0.976
1783088361348538913,0.967
1783088361353547351,0.965
1783088361358541917,0.978
1783088361363541349,0.966
1783088361368543600,0.966
1783088361373540046,0.977
1783088361378542971,0.966
1783088361383547547,0.965
1783088361388538448,0.968
1783088361393548927,0.975
1783088361398544598,0.967
1783088361403541282,0.967
1783088361408545262,0.976
1783088361413539413,0.967
1783088361418544349,0.965
1783088361423545556,0.976
1783088361428539503,0.967
1783088361433538737,0.966
1783088361438539796,0.966
1783088361443539074,0.977
1783088361448538383,0.968
1783088361453542584,0.965
1783088361458548196,0.976
1783088361463540090,0.968
1783088361468547959,0.965
1783088361473541662,0.967
1783088361478541556,0.977
1783088361483534427,0.968
1783088361488528190,0.967
1783088361493526069,0.967
1783088361498526369,0.977
1783088361503528161,0.966
1783088361508532268,0.965
1783088361513532703,0.977
1783088361518535009,0.966
1783088361523534429,0.966
1783088361528540146,0.975
1783088361533542445,0.966
1783088361538540906,0.967
1783088361543542332,0.976
1783088361548540580,0.967
1783088361553546728,0.965
1783088361558543006,0.977
1783088361563540977,0.967
1783088361568548493,0.965
1783088361573541691,0.968
1783088361578542343,0.976
1783088361583540326,0.967
1783088361588547260,0.965
1783088361593541798,0.978
1783088361598541528,0.966
1783088361603543206,0.966
1783088361608545000,0.976
1783088361613543910,0.966
1783088361618543393,0.966
1783088361623544075,0.968
1783088361628543244,0.977
1783088361633546199,0.966
1783088361638543660,0.967
1783088361643546775,0.976
1783088361648548421,0.966
1783088361653552075,0.966
1783088361658546909,0.967
1783088361663545720,0.977
1783088361668553289,0.965
1783088361673551709,0.967
1783088361678544602,0.978
1783088361683543476,0.966
1783088361688553108,0.966
1783088361693548287,0.967
1783088361698543725,0.978
1783088361703548450,0.965
1783088361708555151,0.965
1783088361713547552,0.978
1783088361718547537,0.966
1783088361723548955,0.966
1783088361728551903,0.976
1783088361733547830,0.969
1783088361738548500,0.966
1783088361743549490,0.966
1783088361748548246,0.977
1783088361753550769,0.966
1783088361758552404,0.966
1783088361763547799,0.978
1783088361768547961,0.966
1783088361773548777,0.966
1783088361778545457,0.967
1783088361783546527,0.976
1783088361788546659,0.966
1783088361793550183,0.966
1783088361798547750,0.977
1783088361803551739,0.965
1783088361808558858,0.965
1783088361813549076,0.972
1783088361818546850,0.974
1783088361823550178,0.966
1783088361828547602,0.967
1783088361833548869,0.976
1783088361838551527,0.966
1783088361843548357,0.967
1783088361848554317,0.975
1783088361853552409,0.967
1783088361858549683,0.967
1783088361863548513,0.977
1783088361868555269,0.965
1783088361873552147,0.967
1783088361878554460,0.968
1783088361883551464,0.977
1783088361888559480,0.965
1783088361893551506,0.968
1783088361898550400,0.977
1783088361903558049,0.965
1783088361908560127,0.966
1783088361913552283,0.968
1783088361918549405,0.977
1783088361923550436,0.966
1783088361928556389,0.965
1783088361933556391,0.977
1783088361938550885,0.967
1783088361943549652,0.966
1783088361948548994,0.977
1783088361953554013,0.965
1783088361958552378,0.967
1783088361963550852,0.967
1783088361968559218,0.975
1783088361973552156,0.968
1783088361978552949,0.966
1783088361983551721,0.977
1783088361988558343,0.965
1783088361993553275,0.967
1783088361998551639,0.977
1783088362003555459,0.965
1783088362008559508,0.965
1783088362013553802,0.967
1783088362018555356,0.976
1783088362023552678,0.967
1783088362028551932,0.966
1783088362033553974,0.976
1783088362038555348,0.966
1783088362043552565,0.967
1783088362048551481,0.977
1783088362053557453,0.965
1783088362058556601,0.966
1783088362063553455,0.967
1783088362068551861,0.977
1783088362073555775,0.965
1783088362078559071,0.966
1783088362083557180,0.977
1783088362088552202,0.967
1783088362093553718,0.966
1783088362098554070,0.977
1783088362103560828,0.965
1783088362108556886,0.967
1783088362113557872,0.966
1783088362118557878,0.977
1783088362123558336,0.966
1783088362128554347,0.969
1783088362133559193,0.976
1783088362138561035,0.966
1783088362143558829,0.967
1783088362148563671,0.976
1783088362153561381,0.967
1783088362158556944,0.967
1783088362163556606,0.966
1783088362168554598,0.977
1783088362173556534,0.966
1783088362178562966,0.967
1783088362183555799,0.968
1783088362188555208,0.977
1783088362193556374,0.966
1783088362198554734,0.967
1783088362203556105,0.976
1783088362208557716,0.966
1783088362213563911,0.965
1783088362218568057,0.976
1783088362223557972,0.968
1783088362228557228,0.968
1783088362233558960,0.966
1783088362238558524,0.977
1783088362243563008,0.965
1783088362248567360,0.965
1783088362253559599,0.968
1783088362258561137,0.976
1783088362264292492,0.964
1783088362268570893,0.971
1783088362273558706,0.969
1783088362278558326,0.977
1783088362283565021,0.965
1783088362288566879,0.966
1783088362293558398,0.968
1783088362298560051,0.976
1783088362303564760,0.965
1783088362308563133,0.967
1783088362313563782,0.977
1783088362318560484,0.967
1783088362323561707,0.966
1783088362328566529,0.977
1783088362333561318,0.967
1783088362338558393,0.967
1783088362343559955,0.966
1783088362348563811,0.976
1783088362353563463,0.966
1783088362358679409,0.965
1783088362363638762,0.964
1783088362368567425,0.980
1783088362373562128,0.969
1783088362378561874,0.966
1783088362383562865,0.976
1783088362388567038,0.965
1783088362393563256,0.967
1783088362398560799,0.967
1783088362403566938,0.975
1783088362408568069,0.966
1783088362413567701,0.966
1783088362418566235,0.977
1783088362423564997,0.966
1783088362428561083,0.967
1783088362433563014,0.976
1783088362438563248,0.966
1783088362443561790,0.967
1783088362448567356,0.976
1783088362453566618,0.966
1783088362458566290,0.966
1783088362463562715,0.967
1783088362468567237,0.976
1783088362473563497,0.967
1783088362478561888,0.967
1783088362483562268,0.977
1783088362488568909,0.965
1783088362493566564,0.967
1783088362498565193,0.977
1783088362503566651,0.966
1783088362508567504,0.966
1783088362513565748,0.967
1783088362518566560,0.976
1783088362523567968,0.966
1783088362528564550,0.967
1783088362533578276,0.974
1783088362538563862,0.969
1783088362543583460,0.964
1783088362548564982,0.970
1783088362553568736,0.976
1783088362558565859,0.967
1783088362563569303,0.966
1783088362568573401,0.976
1783088362573566340,0.968
1783088362578564787,0.967
1783088362583566890,0.968
1783088362588566184,0.968
1783088362593567750,0.976
1783088362598568308,0.966
1783088362603567434,0.966
1783088362608566101,0.979
1783088362613568254,0.966
1783088362618567292,0.966
1783088362623567239,0.966
1783088362628564519,0.977
1783088362633571675,0.965
1783088362638566529,0.967
1783088362643578123,0.974
1783088362648578219,0.966
1783088362653579938,0.966
1783088362658572662,0.969
1783088362663577805,0.977
1783088362668572550,0.967
1783088362673571328,0.966
1783088362678575270,0.976
1783088362683574388,0.968
1783088362688570766,0.967
1783088362693580882,0.964
1783088362698578183,0.977
1783088362703580061,0.968
1783088362708577951,0.967
1783088362713580081,0.966
1783088362718577486,0.977
1783088362723580633,0.966
1783088362728573312,0.968
1783088362733576508,0.966
1783088362738575912,0.978
1783088362743572256,0.967
1783088362748576164,0.965
1783088362753581351,0.976
1783088362758580271,0.968
1783088362763581902,0.966
1783088362768575876,0.967
1783088362773583699,0.975
1783088362778577029,0.968
1783088362783575681,0.967
1783088362788578022,0.968
1783088362793578651,0.976
1783088362798575978,0.967
1783088362803582544,0.965
1783088362808569482,0.969
1783088362813571980,0.976
1783088362818570367,0.967
1783088362823571816,0.966
1783088362828570852,0.977
1783088362833573965,0.966
1783088362838572387,0.967
1783088362843570917,0.967
1783088362848569632,0.979
1783088362853575309,0.965
1783088362858572901,0.967
1783088362863571418,0.977
1783088362868577236,0.965
1783088362873572238,0.967
1783088362878572980,0.968
1783088362883574364,0.976
1783088362888572632,0.967
1783088362893576055,0.966
1783088362898576984,0.976
1783088362903577410,0.966
1783088362908575004,0.967
1783088362913577255,0.966
1783088362918573506,0.977
1783088362923575075,0.966
1783088362928573921,0.966
1783088362933579524,0.976
1783088362938573344,0.967
1783088362943574756,0.966
1783088362948573686,0.966
1783088362953577732,0.976
1783088362958575137,0.967
1783088362963578929,0.966
1783088362968572842,0.978
1783088362973576560,0.966
1783088362978585709,0.966
1783088362983574935,0.968
1783088362988575159,0.977
1783088362993574373,0.968
1783088362998577301,0.966
1783088363003576880,0.966
1783088363008579404,0.976
1783088363013577390,0.967
1783088363018575189,0.967
1783088363023574382,0.979
1783088363028577100,0.966
1783088363033574678,0.967
1783088363038573816,0.966
1783088363043574725,0.976
1783088363048577032,0.966
1783088363053579998,0.966
1783088363058586339,0.975
1783088363063578812,0.968
1783088363068577285,0.967
1783088363073578267,0.976
1783088363078578334,0.966
1783088363083576703,0.967
1783088363088575114,0.967
1783088363093588720,0.974
1783088363098582994,0.967
1783088363103580924,0.967
1783088363108579434,0.977
1783088363113579341,0.966
1783088363118576157,0.967
1783088363123579405,0.976
1783088363128576419,0.967
1783088363133584681,0.965
1783088363138587437,0.976
1783088363143583381,0.967
1783088363148582224,0.966
1783088363153592449,0.975
1783088363158581622,0.968
1783088363163579378,0.967
1783088363168579273,0.966
1783088363173580974,0.976
1783088363178579189,0.967
1783088363183583687,0.965
1783088363188578271,0.967
1783088363193590723,0.974
1783088363198581001,0.968
1783088363203582839,0.966
1783088363208581424,0.977
1783088363213582775,0.966
1783088363218579962,0.967
1783088363223583796,0.976
1783088363228580324,0.967
1783088363233593624,0.964
1783088363238811774,0.976
1783088363243584810,0.972
1783088363248580190,0.967
1783088363253586340,0.965
1783088363258586194,0.966
1783088363263585341,0.977
1783088363268581503,0.967
1783088363273583267,0.966
1783088363278580859,0.977
1783088363283581569,0.966
1783088363288581599,0.966
1783088363293588521,0.975
1783088363298587796,0.966
1783088363303598257,0.964
1783088363308590876,0.978
1783088363313593357,0.966
1783088363318588532,0.967
1783088363323594740,0.965
1783088363328593737,0.977
1783088363333592890,0.966
1783088363338589844,0.967
1783088363343591847,0.976
1783088363348588341,0.967
1783088363353595759,0.965
1783088363358593333,0.977
1783088363363593680,0.966
1783088363368590513,0.967
1783088363373592904,0.968
1783088363378601538,0.975
1783088363383593736,0.968
1783088363388590516,0.967
1783088363393584849,0.967
1783088363398582966,0.977
1783088363403585597,0.967
1783088363408585033,0.966
1783088363413585941,0.966
1783088363418588783,0.976
1783088363423585182,0.967
1783088363428584887,0.966
1783088363433586149,0.976
1783088363438586560,0.966
1783088363443586244,0.966
1783088363448584714,0.968
1783088363453596818,0.974
1783088363458601530,0.965
1783088363463586342,0.969
1783088363468584876,0.977
1783088363473586654,0.966
1783088363478586505,0.966
1783088363483587599,0.966
1783088363488584201,0.977
1783088363493586103,0.966
1783088363498585374,0.966
1783088363503589932,0.976
1783088363508593486,0.966
1783088363513593245,0.966
1783088363518590068,0.977
1783088363523588796,0.966
1783088363528587238,0.967
1783088363533597317,0.975
1783088363538627574,0.971
1783088363543589573,0.963
1783088363548589919,0.966
1783088363553592329,0.976
1783088363558589170,0.967
1783088363563590253,0.966
1783088363568590163,0.977
1783088363573596921,0.965
1783088363578587220,0.968
1783088363583588472,0.966
1783088363588589280,0.976
1783088363593594774,0.965
1783088363598588873,0.967
1783088363603590191,0.976
1783088363608590993,0.966
1783088363613596507,0.965
1783088363618590471,0.978
1783088363623589638,0.966
1783088363628587481,0.967
1783088363633592355,0.976
1783088363638589123,0.969
1783088363643589980,0.968
1783088363648591960,0.966
1783088363653594565,0.966
1783088363658594922,0.977
1783088363663589583,0.967
1783088363668590658,0.966
1783088363673589473,0.977
1783088363678591258,0.968
1783088363683589309,0.967
1783088363688589834,0.966
1783088363693598592,0.975
1783088363698595571,0.967
1783088363703597917,0.967
1783088363708592907,0.967
1783088363713601473,0.975
1783088363718591248,0.968
1783088363723593290,0.966
1783088363728593292,0.977
1783088363733595241,0.966
1783088363738592639,0.967
1783088363743595434,0.976
1783088363748596797,0.966
1783088363753597406,0.966
1783088363758596761,0.966
1783088363763598017,0.976
1783088363768594337,0.967
1783088363773594007,0.966
1783088363778594069,0.977
1783088363783592637,0.966
1783088363788595309,0.966
1783088363793595880,0.977
1783088363798593004,0.967
1783088363803596476,0.967
1783088363808596254,0.966
1783088363813595339,0.977
1783088363818593022,0.968
1783088363823594380,0.966
1783088363828625830,0.971
1783088363833621796,0.967
1783088363838597723,0.971
1783088363843595981,0.967
1783088363848595387,0.977
1783088363853616749,0.962
1783088363858602863,0.969
1783088363863597033,0.967
1783088363868595731,0.977
1783088363873602438,0.965
1783088363878598208,0.967
1783088363883598122,0.977
1783088363888594908,0.967
1783088363893603368,0.965
1783088363898604581,0.976
1783088363903601134,0.967
1783088363908598625,0.967
1783088363913618619,0.973
1783088363918600793,0.970
1783088363923599239,0.967
1783088363928597257,0.968
1783088363933598092,0.966
1783088363938597299,0.977
1783088363943595738,0.967
1783088363948599173,0.966
1783088363953601137,0.976
1783088363958600354,0.966
1783088363963602810,0.966
1783088363968693429,0.969
1783088363973642016,0.966
1783088363978603195,0.974
1783088363983600637,0.977
1783088363988598043,0.967
1783088363993618100,0.962
1783088363998598408,0.970
1783088364003600137,0.976
1783088364008604931,0.965
1783088364013602022,0.967
1783088364018604171,0.976
1783088364023599370,0.969
1783088364028599480,0.966
1783088364033599786,0.966
1783088364038609132,0.975
1783088364043599722,0.968
1783088364048597084,0.967
1783088364053601369,0.967
1783088364058605029,0.976
1783088364063599658,0.967
1783088364068600445,0.966
1783088364073599075,0.977
1783088364078604459,0.965
1783088364083598165,0.967
1783088364088598929,0.966
1783088364093598682,0.977
1783088364098602986,0.965
1783088364103603128,0.968
1783088364108600410,0.977
1783088364113620884,0.962
1783088364118608119,0.969
1783088364123602201,0.967
1783088364128602350,0.977
1783088364133602738,0.966
1783088364138607675,0.965
1783088364143602863,0.978
1783088364148604615,0.966
1783088364153622611,0.973
1783088364158605564,0.970
1783088364163602802,0.967
1783088364168601160,0.967
1783088364173629153,0.971
1783088364178609608,0.970
1783088364183613350,0.966
1783088364188602997,0.968
1783088364193616590,0.974
1783088364198607264,0.968
1783088364203605053,0.967
1783088364208603793,0.977
1783088364213626198,0.962
1783088364218604927,0.970
1783088364223609015,0.976
1783088364228605622,0.967
1783088364233619591,0.964
1783088364238849063,0.974
1783088364243610431,0.971
1783088364248603806,0.968
1783088364253618142,0.974
1783088364258607651,0.968
1783088364263606749,0.968
1783088364268602742,0.967
1783088364273618494,0.974
1783088364278607843,0.968
1783088364283605336,0.967
1783088364288604021,0.966
1783088364293618225,0.974
1783088364298608511,0.968
1783088364303607665,0.966
1783088364308604728,0.969
1783088364313613781,0.975
1783088364318623619,0.964
1783088364323611722,0.969
1783088364328607768,0.967
1783088364333614232,0.975
1783088364338614048,0.966
1783088364343604490,0.968
1783088364348608232,0.976
1783088364353622236,0.964
1783088364358614141,0.968
1783088364363606773,0.978
1783088364368606521,0.966
1783088364373613289,0.965
1783088364378610162,0.977
1783088364383610144,0.966
1783088364388607577,0.967
1783088364393615936,0.975
1783088364398612466,0.967
1783088364403610980,0.967
1783088364408607844,0.967
1783088364413615904,0.975
1783088364418612160,0.967
1783088364423609760,0.967
1783088364428607387,0.967
1783088364433613007,0.976
1783088364438610237,0.967
1783088364443608869,0.967
1783088364448606075,0.977
1783088364453617153,0.964
1783088364458612056,0.967
1783088364463608409,0.977
1783088364468608184,0.966
1783088364473617078,0.964
1783088364478609896,0.978
1783088364483608934,0.966
1783088364488606836,0.967
1783088364493613018,0.965
1783088364498615136,0.976
1783088364503613363,0.967
1783088364508611777,0.967
1783088364513612027,0.977
1783088364518614083,0.966
1783088364523609796,0.967
1783088364528614712,0.976
1783088364533619910,0.965
1783088364538613850,0.967
1783088364543610700,0.967
1783088364548609898,0.977
1783088364553614936,0.965
1783088364558612142,0.967
1783088364563612124,0.977
1783088364568611022,0.966
1783088364573612588,0.966
1783088364578612535,0.968
1783088364583612324,0.977
1783088364588611309,0.966
1783088364593610917,0.966
1783088364598613046,0.976
1783088364603613817,0.966
1783088364608612768,0.966
1783088364613612030,0.968
1783088364618619278,0.975
1783088364623612190,0.968
1783088364628612035,0.966
1783088364633613322,0.976
1783088364638617789,0.965
1783088364643617429,0.966
1783088364648616155,0.970
1783088364653630158,0.970
1783088364658620013,0.968
1783088364663616002,0.967
1783088364668613389,0.977
1783088364673612876,0.966
1783088364678620370,0.965
1783088364683613563,0.978
1783088364688610886,0.967
1783088364693613957,0.966
1783088364698617218,0.966
1783088364703624694,0.975
1783088364708615299,0.968
1783088364713624797,0.975
1783088364718616835,0.968
1783088364723616025,0.966
1783088364728616125,0.968
1783088364733628449,0.974
1783088364738622183,0.967
1783088364743614881,0.968
1783088364748614499,0.966
1783088364753948096,0.974
1783088364758632433,0.965
1783088364763617054,0.969
1783088364768615252,0.967
1783088364773622630,0.975
1783088364778622233,0.966
1783088364783615270,0.968
1783088364788615303,0.977
1783088364793624247,0.965
1783088364798619631,0.967
1783088364803617795,0.977
1783088364808615589,0.967
1783088364813627040,0.964
1783088364818621882,0.978
1783088364823617688,0.967
1783088364828616369,0.966
1783088364833625851,0.975
1783088364838620394,0.967
1783088364843615760,0.967
1783088364848615415,0.966
1783088364853627648,0.974
1783088364858623538,0.967
1783088364863617365,0.967
1783088364868616247,0.966
1783088364873626733,0.975
1783088364878622829,0.967
1783088364883620969,0.967
1783088364888618667,0.977
1783088364893626415,0.965
1783088364898622936,0.967
1783088364903622305,0.977
1783088364908622332,0.966
1783088364913625550,0.966
1783088364918623444,0.968
1783088364923619972,0.977
1783088364928619477,0.966
1783088364933628379,0.965
1783088364938627399,0.977
1783088364943620137,0.968
1783088364948620017,0.966
1783088364953632793,0.974
1783088364958624185,0.968
1783088364963622811,0.967
1783088364968621982,0.966
1783088364973644684,0.972
1783088364978624650,0.970
1783088364983622590,0.967
1783088364988623246,0.976
1783088364993630884,0.965
1783088364998622482,0.968
1783088365003625877,0.976
1783088365008629275,0.966
1783088365013632259,0.966
1783088365018627898,0.967
1783088365023622249,0.978
1783088365028620551,0.967
1783088365033628049,0.965
1783088365038623400,0.978
1783088365043619494,0.967
1783088365048620756,0.966
1783088365053629300,0.966
1783088365058627334,0.977
1783088365063623486,0.967
1783088365068620860,0.967
1783088365073629316,0.975
1783088365078625880,0.967
1783088365083621467,0.967
1783088365088620751,0.966
1783088365093628115,0.975
1783088365098627437,0.966
1783088365103624183,0.967
1783088365108622729,0.977
1783088365113631963,0.964
1783088365118626099,0.967
1783088365123623181,0.967
1783088365128622616,0.977
1783088365133636240,0.964
1783088365138626430,0.968
1783088365143624741,0.977
1783088365148628962,0.965
1783088365153656408,0.971
1783088365158627891,0.972
1783088365163622837,0.967
1783088365168623721,0.966
1783088365173627821,0.976
1783088365178632715,0.965
1783088365183623689,0.968
1783088365188625651,0.966
1783088365193628082,0.976
1783088365198624682,0.967
1783088365203625798,0.966
1783088365208628672,0.976
1783088365213627994,0.966
1783088365218625555,0.968
1783088365223625362,0.966
1783088365228626771,0.976
1783088365233635635,0.965
1783088365238631905,0.967
1783088365243624987,0.978
1783088365248624538,0.966
1783088365253630306,0.965
1783088365258638073,0.975
1783088365263627967,0.968
1783088365268625876,0.967
1783088365273627748,0.966
1783088365278625942,0.977
1783088365283626692,0.966
1783088365288629598,0.966
1783088365293628216,0.968
1783088365298626836,0.977
1783088365303631145,0.965
1783088365308628474,0.967
1783088365313631465,0.976
1783088365318635687,0.965
1783088365323628101,0.968
1783088365328627799,0.966
1783088365333631466,0.976
1783088365338640828,0.964
1783088365343633870,0.968
1783088365348629355,0.978
1783088365353633342,0.965
1783088365358629576,0.967
1783088365363630626,0.976
1783088365368630912,0.966
1783088365373631770,0.966
1783088365378639324,0.975
1783088365383630880,0.968
1783088365388630439,0.968
1783088365393630331,0.966
1783088365398637627,0.975
1783088365403630965,0.969
1783088365408630625,0.966
1783088365413630360,0.966
1783088365418637733,0.975
1783088365423629872,0.968
1783088365428630086,0.966
1783088365433629704,0.966
1783088365438631031,0.976
1783088365443630851,0.966
1783088365448640490,0.975
1783088365453632573,0.968
1783088365458630972,0.967
1783088365463630460,0.966
1783088365468628571,0.977
1783088365473631141,0.966
1783088365478631779,0.966
1783088365483630096,0.967
1783088365488629852,0.977
1783088365493630994,0.966
1783088365498631304,0.966
1783088365503635946,0.976
1783088365508633046,0.967
1783088365513642774,0.964
1783088365518633336,0.978
1783088365523634886,0.966
1783088365528636099,0.966
1783088365533640517,0.976
1783088365538631288,0.968
1783088365543632393,0.966
1783088365548637017,0.965
1783088365553635507,0.977
1783088365558635348,0.966
1783088365563645364,0.975
1783088365568634298,0.968
1783088365573632762,0.967
1783088365578633742,0.968
1783088365583634260,0.966
1783088365588633842,0.977
1783088365593635049,0.966
1783088365598635358,0.966
1783088365603636431,0.976
1783088365608635427,0.966
1783088365613634180,0.966
1783088365618633593,0.966
1783088365623634425,0.976
1783088365628635999,0.966
1783088365633637625,0.966
1783088365638633260,0.977
1783088365643640190,0.965
1783088365648634736,0.967
1783088365653641518,0.975
1783088365658660464,0.963
1783088365663635374,0.971
1783088365668636056,0.976
1783088365673634394,0.967
1783088365678635456,0.966
1783088365683633914,0.967
1783088365688635553,0.976
1783088365693640787,0.965
1783088365698635037,0.967
1783088365703640053,0.976
1783088365708637199,0.967
1783088365713636944,0.966
1783088365718637390,0.968
1783088365723639495,0.976
1783088365728637986,0.967
1783088365733637412,0.966
1783088365738644030,0.975
1783088365743637828,0.967
1783088365748635602,0.967
1783088365753647117,0.974
1783088365758646979,0.966
1783088365763641369,0.967
1783088365768638959,0.967
1783088365773639545,0.977
1783088365778637824,0.967
1783088365783638917,0.966
1783088365788639876,0.976
1783088365793636733,0.967
1783088365798646196,0.964
1783088365803640396,0.978
1783088365808639712,0.966
1783088365813639030,0.966
1783088365818648728,0.975
1783088365823637938,0.968
1783088365828638207,0.966
1783088365833639734,0.966
1783088365838642913,0.976
1783088365843639016,0.967
1783088365848641829,0.966
1783088365853641307,0.977
1783088365858638965,0.967
1783088365863641103,0.966
1783088365868638332,0.967
1783088365873640218,0.976
1783088365878642511,0.966
1783088365883641886,0.966
1783088365888640530,0.968
1783088365893641088,0.976
1783088365898640248,0.966
1783088365903643239,0.966
1783088365908642423,0.977
1783088365913645445,0.966
1783088365918639823,0.967
1783088365923640001,0.977
1783088365928642184,0.966
1783088365933644593,0.967
1783088365938642499,0.967
1783088365943643938,0.976
1783088365948640732,0.967
1783088365953646746,0.965
1783088365958646204,0.977
1783088365963645976,0.966
1783088365968643713,0.967
1783088365973644978,0.966
1783088365978644753,0.978
1783088365983642351,0.967
1783088365988642845,0.966
1783088365993642338,0.966
1783088365998643518,0.976
1783088366003646565,0.966
1783088366008646301,0.966
1783088366013645764,0.977
1783088366018643510,0.967
1783088366023642908,0.966
1783088366028643878,0.976
1783088366033643820,0.966
1783088366038650978,0.965
1783088366043645768,0.967
1783088366048643759,0.977
1783088366053645016,0.966
1783088366058644770,0.966
1783088366063646097,0.976
1783088366068646730,0.966
1783088366073643897,0.967
1783088366078650923,0.977
1783088366083645037,0.967
1783088366088643723,0.966
1783088366093664797,0.962
1783088366098649604,0.980
1783088366103650002,0.966
1783088366108649248,0.966
1783088366113647750,0.975
1783088366118654824,0.967
1783088366123644622,0.968
1783088366128647893,0.966
1783088366133649066,0.976
1783088366138649918,0.966
1783088366143647319,0.967
1783088366148662382,0.965
1783088366153652419,0.979
1783088366158656038,0.966
1783088366163649284,0.968
1783088366168649649,0.977
1783088366173650616,0.966
1783088366178654209,0.966
1783088366183656880,0.976
1783088366188645602,0.968
1783088366193650520,0.965
1783088366198648949,0.967
1783088366203647087,0.977
1783088366208649415,0.966
1783088366213652743,0.966
1783088366218651635,0.977
1783088366223647777,0.969
1783088366228653259,0.965
1783088366233648498,0.967
1783088366238647723,0.977
1783088366243663325,0.963
1783088366248650190,0.969
1783088366253649881,0.977
1783088366258654164,0.965
1783088366263651438,0.967
1783088366268649881,0.977
1783088366273648555,0.966
1783088366278649621,0.966
1783088366283648726,0.966
1783088366288647697,0.977
1783088366293648368,0.966
1783088366298657744,0.964
1783088366303652915,0.978
1783088366308650561,0.967
1783088366313651326,0.966
1783088366318653593,0.976
1783088366323651373,0.967
1783088366328649894,0.967
1783088366333652131,0.966
1783088366338654804,0.976
1783088366343649254,0.967
1783088366348649762,0.966
1783088366353654173,0.976
1783088366358650516,0.967
1783088366363657136,0.965
1783088366368654594,0.968
1783088366373652071,0.977
1783088366378653683,0.966
1783088366383655559,0.966
1783088366388654780,0.977
1783088366393654590,0.966
1783088366398654803,0.966
1783088366403655572,0.976
1783088366408652360,0.967
1783088366413651922,0.966
1783088366418660216,0.975
1783088366423652187,0.968
1783088366428650952,0.966
1783088366433656390,0.965
1783088366438652301,0.977
1783088366443651387,0.966
1783088366448652170,0.966
1783088366453655453,0.976
1783088366458654771,0.966
1783088366463655383,0.968
1783088366468655710,0.966
1783088366473653352,0.977
1783088366478660471,0.965
1783088366483652832,0.968
1783088366488652466,0.966
1783088366493654320,0.976
1783088366498652917,0.968
1783088366503657102,0.965
1783088366508658759,0.976
1783088366513656560,0.967
1783088366518665711,0.964
1783088366523654297,0.968
1783088366528654051,0.977
1783088366533667073,0.964
1783088366538657181,0.970
1783088366543655198,0.968
1783088366548653298,0.977
1783088366553662190,0.965
1783088366558659888,0.967
1783088366563655592,0.967
1783088366568661000,0.976
1783088366573658778,0.967
1783088366578659448,0.966
1783088366583657858,0.977
1783088366588656185,0.967
1783088366593656841,0.966
1783088366598656465,0.977
1783088366603660715,0.965
1783088366608662317,0.966
1783088366613660635,0.967
1783088366618658034,0.977
1783088366623657252,0.966
1783088366628657197,0.966
1783088366633659706,0.976
1783088366638661098,0.966
1783088366643664472,0.966
1783088366648659680,0.978
1783088366653664613,0.965
1783088366658659826,0.967
1783088366663660188,0.966
1783088366668659495,0.977
1783088366673661091,0.966
1783088366678658471,0.967
1783088366683658657,0.977
1783088366688658760,0.968
1783088366693657393,0.967
1783088366698657271,0.966
1783088366703674514,0.973
1783088366708660507,0.969
1783088366713662750,0.966
1783088366718660172,0.977
1783088366723658986,0.966
1783088366728660832,0.966
1783088366733662263,0.976
1783088366738658581,0.967
1783088366743655825,0.967
1783088366748656203,0.966
1783088366753660200,0.976
1783088366758659693,0.966
1783088366763659685,0.966
1783088366768657514,0.977
1783088366773662443,0.965
1783088366778665670,0.966
1783088366783662950,0.977
1783088366788664250,0.966
1783088366793663996,0.966
1783088366798664070,0.977
1783088366803658924,0.967
1783088366808659010,0.966
1783088366813654332,0.967
1783088366818653237,0.977
1783088366823651245,0.967
1783088366828654271,0.966
1783088366833653891,0.977
1783088366838652875,0.966
1783088366843650933,0.967
1783088366848650464,0.966
1783088366853653230,0.976
1783088366858653542,0.966
1783088366863655154,0.968
1783088366868653113,0.977
1783088366873655977,0.966
1783088366878651736,0.967
1783088366883652486,0.966
1783088366888652077,0.977
1783088366893658978,0.965
1783088366898651505,0.968
1783088366903657367,0.975
1783088366908652725,0.967
1783088366913653400,0.966
1783088366918652820,0.977
1783088366923652071,0.966
1783088366928654298,0.966
1783088366933654618,0.977
1783088366938653502,0.966
1783088366943651806,0.967
1783088366948652214,0.966
1783088366953655047,0.976
1783088366958653939,0.966
1783088366963653481,0.966
1783088366968654351,0.976
1783088366973654977,0.966
1783088366978653343,0.967
1783088366983652497,0.977
1783088366988652615,0.966
1783088366993654932,0.966
1783088366998654439,0.977
1783088367003655841,0.966
1783088367008657160,0.966
1783088367013654274,0.969
1783088367018654110,0.977
1783088367023653210,0.968
1783088367028655339,0.966
1783088367033655230,0.966
1783088367038653877,0.977
1783088367043653771,0.966
1783088367048653871,0.966
1783088367053656764,0.976
1783088367058656809,0.966
1783088367063657027,0.966
1783088367068654593,0.968
1783088367073655322,0.976
1783088367078654848,0.966
1783088367083655787,0.966
1783088367088655116,0.977
1783088367093655934,0.968
1783088367098656407,0.966
1783088367103659584,0.976
1783088367108657798,0.968
1783088367113658136,0.966
1783088367118657338,0.966
1783088367123656231,0.977
1783088367128658063,0.966
1783088367133660461,0.966
1783088367138660363,0.977
1783088367143658054,0.967
1783088367148657954,0.966
1783088367153662130,0.974
1783088367158657856,0.969
1783088367163658378,0.966
1783088367168657146,0.966
1783088367173657779,0.978
1783088367178658892,0.966
1783088367183662003,0.966
1783088367188660133,0.967
1783088367193657128,0.977
1783088367198658521,0.966
1783088367203661155,0.966
1783088367208660149,0.977
1783088367213663047,0.966
1783088367218657817,0.967
1783088367223658748,0.976
1783088367228660373,0.966
1783088367233660122,0.966
1783088367238659542,0.977
1783088367243662676,0.966
1783088367248662304,0.966
1783088367253661804,0.977
1783088367258661122,0.966
1783088367263661329,0.966
1783088367268977669,0.967
1783088367273742215,0.970
1783088367278661659,0.971
1783088367283659705,0.967
1783088367288658555,0.977
1783088367293660687,0.966
1783088367298660059,0.966
1783088367303666485,0.975
1783088367308661896,0.967
1783088367313662425,0.966
1783088367318661188,0.977
1783088367323662288,0.966
1783088367328663461,0.966
1783088367333662922,0.977
1783088367338662668,0.966
1783088367343662659,0.966
1783088367348661305,0.967
1783088367353664171,0.976
1783088367358664095,0.966
1783088367363662919,0.966
1783088367368662665,0.977
1783088367373664148,0.966
1783088367378664102,0.966
1783088367383668926,0.976
1783088367388663970,0.967
1783088367393664210,0.966
1783088367398664190,0.977
1783088367403667911,0.966
1783088367408666046,0.967
1783088367413666224,0.977
1783088367418664342,0.967
1783088367423663844,0.966
1783088367428670707,0.967
1783088367433670260,1.766
1783088367438667043,1.934
1783088367443670737,1.941
1783088367448665223,1.935
1783088367453669474,1.931
1783088367458665800,1.944
1783088367463666818,1.934
1783088367468665894,1.933
1783088367473670257,1.941
1783088367478664592,1.935
1783088367483664848,1.934
1783088367488664881,1.932
1783088367493664052,1.943
1783088367498668962,1.931
1783088367503669415,1.943
1783088367508669859,1.932
1783088367513666497,1.935
1783088367518664673,1.933
1783088367523666259,1.942
1783088367528666821,1.932
1783088367533669329,1.931
1783088367538668853,1.943
1783088367543665035,1.934
1783088367548665142,1.932
1783088367553669224,1.943
1783088367558670926,1.934
1783088367563666245,1.934
1783088367568665422,1.933
1783088367573665477,1.943
1783088367578670031,1.931
1783088367583664884,1.945
1783088367588667587,1.931
1783088367593666416,1.933
1783088367598668975,1.942
1783088367603669665,1.932
1783088367608668221,1.933
1783088367613667734,1.945
1783088367618667818,1.932
1783088367623666842,1.933
1783088367628668272,1.944
1783088367633672485,1.931
1783088367638674985,1.935
1783088367643674838,1.934
1783088367648671009,1.934
1783088367653679958,1.941
1783088367658669589,1.936
1783088367663673467,1.931
1783088367668668773,1.945
1783088367673669737,1.932
1783088367678668309,1.933
1783088367683669527,1.942
1783088367688668690,1.933
1783088367693670208,1.932
1783088367698670162,1.943
1783088367703673124,1.931
1783088367708670406,1.934
1783088367713617809,1.943
1783088367718673200,1.932
1783088367723672104,1.943
1783088367728676882,1.931
1783088367733675629,1.933
1783088367738673962,1.944
1783088367743674591,1.932
1783088367748671323,1.934
1783088367753680520,1.939
1783088367758678147,1.933
1783088367763676493,1.933
1783088367768675520,1.943
1783088367773677261,1.934
1783088367778675571,1.933
1783088367783677965,1.942
1783088367788674100,1.934
1783088367793679650,1.930
1783088367798674865,1.938
1783088367803678682,1.943
1783088367808676300,1.933
1783088367813676454,1.938
1783088367818674272,1.933
1783088367823675541,1.942
1783088367828677334,1.932
1783088367833679251,1.932
1783088367838676417,1.944
1783088367843676572,1.934
1783088367848675041,1.935
1783088367853680683,1.930
1783088367858678275,1.946
1783088367863677125,1.933
1783088367868676194,1.933
1783088367873676581,1.943
1783088367878674314,1.933
1783088367883675940,1.932
1783088367888678411,1.933
1783088367893676468,1.945
1783088367898674827,1.933
1783088367903679499,1.931
1783088367908675129,1.945
1783088367913674346,1.933
1783088367918676759,1.932
1783088367923675153,1.943
1783088367928674944,1.933
1783088367933677408,1.932
1783088367938677228,1.943
1783088367943674774,1.935
1783088367948672980,1.935
1783088367953676690,1.941
1783088367958678851,1.932
1783088367963676887,1.935
1783088367968676053,1.933
1783088367973675535,1.943
1783088367978680523,1.931
1783088367983676479,1.944
1783088367988675161,1.933
1783088367993679391,1.931
1783088367998680061,1.943
1783088368003680523,1.932
1783088368008681001,1.932
1783088368013680248,1.943
1783088368018680086,1.933
1783088368023677088,1.934
1783088368028677506,1.943
1783088368033679637,1.932
1783088368038682994,1.943
1783088368043677708,1.934
1783088368048676843,1.933
1783088368053680355,1.941
1783088368058682881,1.932
1783088368063678781,1.934
1783088368068679123,1.943
1783088368073682377,1.931
1783088368078678420,1.934
1783088368083677413,1.943
1783088368088678331,1.932
1783088368093678334,1.932
1783088368098678212,1.943
1783088368103684030,1.930
1783088368108680469,1.934
1783088368113679353,1.943
1783088368118679429,1.934
1783088368123684978,1.932
1783088368128683001,1.944
1783088368133687583,1.931
1783088368138688717,1.932
1783088368143684739,1.944
1783088368148680921,1.934
1783088368153684027,1.931
1783088368158681830,1.944
1783088368163682659,1.932
1783088368168679925,1.937
1783088368173681402,1.934
1783088368178680582,1.933
1783088368183683976,1.943
1783088368188683726,1.933
1783088368193682756,1.933
1783088368198685055,1.944
1783088368203681744,1.934
1783088368208681971,1.932
1783088368213683524,1.942
1783088368218683551,1.932
1783088368223683406,1.936
1783088368228687439,1.931
1783088368233682526,1.945
1783088368238682067,1.933
1783088368243984948,1.941
1783088368248759270,1.926
1783088368253687493,1.941
1783088368258686966,1.933
1783088368263683998,1.944
1783088368268685402,1.932
1783088368273684252,1.933
1783088368278685544,1.942
1783088368283683883,1.933
1783088368288683025,1.933
1783088368293684245,1.942
1783088368298685849,1.932
1783088368303687927,1.942
1783088368308685649,1.933
1783088368313685743,1.932
1783088368318687234,1.942
1783088368323683692,1.934
1783088368328684299,1.932
1783088368333686452,1.942
1783088368338684838,1.933
1783088368343683294,1.933
1783088368348684532,1.942
1783088368353688690,1.931
1783088368358686075,1.933
1783088368363686224,1.943
1783088368368685684,1.933
1783088368373684239,1.933
1783088368378690699,1.940
1783088368383689629,1.933
1783088368388686344,1.944
1783088368393685797,1.933
1783088368398686571,1.932
1783088368403691682,1.941
1783088368408689224,1.933
1783088368413688126,1.933
1783088368418686433,1.944
1783088368423686406,1.932
1783088368428687220,1.932
1783088368433689638,1.942
1783088368438687185,1.933
1783088368443687415,1.932
1783088368448686529,1.943
1783088368453689155,1.931
1783088368458690678,1.942
1783088368463687355,1.934
1783088368468687805,1.932
1783088368473687499,1.943
1783088368478687756,1.932
1783088368483688636,1.932
1783088368488686294,1.944
1783088368493688124,1.932
1783088368498687418,1.933
1783088368503691592,1.941
1783088368508691154,1.933
1783088368513689872,1.943
1783088368518688810,1.933
1783088368523690437,1.932
1783088368528689715,1.934
1783088368533694557,1.941
1783088368538687879,1.935
1783088368543688731,1.932
1783088368548690099,1.942
1783088368553692669,1.931
1783088368558690260,1.944
1783088368563691522,1.932
1783088368568689311,1.933
1783088368573689986,1.934
1783088368578689860,1.943
1783088368583689711,1.933
1783088368588689289,1.933
1783088368593690482,1.942
1783088368598691093,1.932
1783088368603691787,1.934
1783088368608694395,1.942
1783088368613692523,1.935
1783088368618692373,1.933
1783088368623690915,1.943
1783088368628695709,1.931
1783088368633694078,1.933
1783088368638691636,1.944
1783088368643697396,1.930
1783088368648693038,1.936
1783088368653696390,1.942
1783088368658696610,1.932
1783088368663693301,1.934
1783088368668692394,1.943
1783088368673691982,1.933
1783088368678692710,1.932
1783088368683692612,1.943
1783088368688690259,1.933
1783088368693696173,1.941
1783088368698692355,1.934
1783088368703695773,1.931
1783088368708692121,1.934
1783088368713694593,1.942
1783088368718693395,1.933
1783088368723694202,1.943
1783088368728693320,1.933
1783088368733694193,1.932
1783088368738695704,1.942
1783088368743696971,1.932
1783088368748693255,1.934
1783088368753697420,1.941
1783088368758697449,1.932
1783088368763698879,1.942
1783088368768693717,1.936
1783088368773693445,1.934
1783088368778694903,1.934
1783088368783694375,1.933
1783088368788693758,1.943
1783088368793695478,1.932
1783088368798694236,1.935
1783088368803698008,1.941
1783088368808695694,1.937
1783088368813695198,1.933
1783088368818695874,1.932
1783088368823695860,1.943
1783088368828696794,1.932
1783088368833697265,1.932
1783088368838696508,1.943
1783088368843695645,1.933
1783088368848696170,1.932
1783088368853701028,1.941
1783088368858701499,1.932
1783088368863698257,1.944
1783088368868697050,1.933
1783088368873696021,1.933
1783088368878697288,1.942
1783088368883699277,1.932
1783088368888714131,1.930
1783088368893721349,1.940
1783088368898716540,1.934
1783088368903714514,1.944
1783088368908748592,1.930
1783088368913718407,1.934
1783088368918715031,1.944
1783088368923712138,1.934
1783088368928714620,1.933
1783088368933716745,1.942
1783088368938701863,1.928
1783088368943700267,1.943
1783088368948699001,1.933
1783088368953704838,1.941
1783088368958700345,1.934
1783088368963700592,1.932
1783088368968698966,1.933
1783088368973700624,1.942
1783088368978700134,1.933
1783088368983700452,1.943
1783088368988699530,1.933
1783088368993700121,1.932
1783088368998698399,1.944
1783088369003703239,1.931
1783088369008704155,1.932
1783088369013704221,1.943
1783088369018703503,1.933
1783088369023700745,1.934
1783088369028701548,1.943
1783088369033701907,1.932
1783088369038700400,1.933
1783088369043700824,1.943
1783088369048700242,1.933
1783088369053703573,1.942
1783088369058700578,1.934
1783088369063702486,1.933
1783088369068700573,1.933
1783088369073722738,1.945
1783088369078723260,1.932
1783088369083703522,1.940
1783088369088724532,1.935
1783088369093720018,1.934
1783088369098715936,1.934
1783088369103721763,1.941
1783088369108719839,1.933
1783088369113704798,1.938
1783088369118722109,1.938
1783088369123724354,1.932
1783088369128718894,1.935
1783088369133720036,1.942
1783088369138711596,1.936
1783088369143710228,1.933
1783088369148707954,1.933
1783088369153718888,1.939
1783088369158725242,1.940
1783088369163707819,1.929
1783088369168704639,1.934
1783088369173703721,1.943
1783088369178703861,1.932
1783088369183708753,1.941
1783088369188702869,1.935
1783088369193705653,1.931
1783088369198702559,1.944
1783088369203711902,1.929
1783088369208705448,1.935
1783088369213709466,1.941
1783088369218708353,1.933
1783088369223707838,1.943
1783088369228705553,1.933
1783088369233707278,1.932
1783088369238704524,1.944
1783088369244067056,1.928
1783088369248708307,1.936
1783088369253713095,1.941
1783088369258709103,1.934
1783088369263711743,1.933
1783088369268711340,1.933
1783088369273704856,1.945
1783088369278705622,1.932
1783088369283708167,1.942
1783088369288727739,1.935
1783088369293727168,1.933
1783088369298722090,1.934
1783088369303734336,1.938
1783088369308709043,1.932
1783088369313723962,1.937
1783088369318708986,1.940
1783088369323727348,1.936
1783088369328731736,1.931
1783088369333726829,1.936
1783088369338715343,1.940
1783088369343714237,1.933
1783088369348710804,1.934
1783088369353729885,1.946
1783088369358726220,1.934
1783088369363712003,1.938
1783088369368726055,1.934
1783088369373723938,1.937
1783088369378716940,1.935
1783088369383717631,1.932
1783088369388709629,1.937
1783088369393730966,1.935
1783088369398713464,1.939
1783088369403714929,1.932
1783088369408715301,1.943
1783088369413731745,1.936
1783088369418725909,1.935
1783088369423734414,1.940
1783088369428718339,1.932
1783088369433735312,1.938
1783088369438715389,1.930
1783088369443733703,1.936
1783088369448713872,1.940
1783088369453727359,1.938
1783088369458729690,1.932
1783088369463714584,1.938
1783088369468731057,1.936
1783088369473716256,1.938
1783088369478718310,1.932
1783088369483715481,1.944
1783088369488730486,1.928
1783088369493730093,1.940
1783088369498734186,1.936
1783088369503729259,1.934
1783088369508734899,1.941
1783088369513735185,1.932
1783088369518713324,1.941
1783088369523715732,1.932
1783088369528713820,1.933
1783088369533718470,1.941
1783088369538711188,1.935
1783088369543715946,1.931
1783088369548711409,1.945
1783088369553715782,1.931
1783088369558714878,1.933
1783088369563714716,1.945
1783088369568711867,1.934
1783088369573713511,1.932
1783088369578712837,1.934
1783088369583712495,1.943
1783088369588711809,1.933
1783088369593712460,1.932
1783088369598712317,1.943
1783088369603720708,1.929
1783088369608714617,1.945
1783088369613713928,1.933
1783088369618714086,1.934
1783088369623716668,1.942
1783088369628717006,1.932
1783088369633732856,1.937
1783088369638739634,1.930
1783088369643722021,1.939
1783088369648738011,1.937
1783088369653736495,1.933
1783088369658735462,1.943
1783088369663737893,1.932
1783088369668729907,1.936
1783088369673717453,1.937
1783088369678738385,1.935
1783088369683727445,1.938
1783088369688721622,1.935
1783088369693721660,1.943
1783088369698727190,1.932
1783088369703733798,1.940
1783088369708742314,1.929
1783088369713734011,1.936
1783088369718728365,1.935
1783088369723723482,1.945
1783088369728723153,1.933
1783088369733722539,1.933
1783088369738730672,1.940
1783088369743735063,1.941
1783088369748724013,1.926
1783088369753722885,1.943
1783088369758722076,1.933
1783088369763735207,1.938
1783088369768720598,1.938
1783088369773729415,1.939
1783088369778739830,1.928
1783088369783725468,1.938
1783088369788720039,1.935
1783088369793734062,1.937
1783088369798726600,1.935
1783088369803728081,1.932
1783088369808723591,1.938
1783088369813741777,1.938
1783088369818717348,1.942
1783088369823743578,1.933
1783088369828733247,1.936
1783088369833744700,1.932
1783088369838743275,1.943
1783088369843723957,1.930
1783088369848721140,1.935
1783088369853735633,1.937
1783088369858733371,1.944
1783088369863736442,1.931
1783088369868728354,1.936
1783088369873726832,1.933
1783088369878723124,1.944
1783088369883738443,1.927
1783088369888721696,1.939
1783088369893744348,1.936
1783088369898721511,1.943
1783088369903737403,1.937
1783088369908723907,1.927
1783088369913722627,1.943
1783088369918724957,1.932
1783088369923720634,1.934
1783088369928721894,1.942
1783088369933723330,1.932
1783088369938724386,1.932
1783088369943722506,1.944
1783088369948744310,1.934
1783088369953730717,1.938
1783088369958730215,1.933
1783088369963727012,1.934
1783088369968734630,1.940
1783088369973724441,1.936
1783088369978724655,1.932
1783088369983721971,1.944
1783088369988722283,1.932
1783088369993721061,1.933
1783088369998722139,1.942
1783088370003724921,1.931
1783088370008727411,1.942
1783088370013724890,1.933
1783088370018724132,1.933
1783088370023722702,1.935
1783088370028722776,1.943
1783088370033726994,1.931
1783088370038724300,1.933
1783088370043724922,1.944
1783088370048724347,1.933
1783088370053727344,1.942
1783088370058723889,1.934
1783088370063725634,1.932
1783088370068724533,1.943
1783088370073724045,1.933
1783088370078724870,1.932
1783088370083724956,1.943
1783088370088723025,1.933
1783088370093723820,1.932
1783088370098746050,1.938
1783088370103750779,1.941
1783088370108728763,1.931
1783088370113745264,1.936
1783088370118741660,1.936
1783088370123744313,1.942
1783088370128744690,1.932
1783088370133749844,1.941
1783088370138731942,1.929
1783088370143744237,1.938
1783088370148734167,1.936
1783088370153734289,1.932
1783088370158726160,1.936
1783088370163731342,1.941
1783088370168748823,1.936
1783088370173753878,1.939
1783088370178744612,1.938
1783088370183745781,1.932
1783088370188730012,1.939
1783088370193727720,1.933
1783088370198727612,1.932
1783088370203742926,1.937
1783088370208745314,1.942
1783088370213734334,1.926
1783088370218732590,1.944
1783088370223732072,1.933
1783088370228747359,1.937
1783088370233744875,1.935
1783088370238758568,1.938
1783088370243736003,1.931
1783088370249425190,1.945
1783088370253731268,1.930
1783088370258756877,1.933
1783088370263738764,1.939
1783088370268755253,1.938
1783088370273731580,1.931
1783088370278744162,1.938
1783088370283749738,1.942
1783088370288748098,1.933
1783088370293732024,1.939
1783088370298732527,1.932
1783088370303760273,1.932
1783088370308733622,1.943
1783088370313730557,1.934
1783088370318730015,1.933
1783088370323732238,1.942
1783088370328728396,1.934
1783088370333732509,1.934
1783088370338738703,1.937
1783088370343737245,1.933
1783088370348733134,1.944
1783088370353737878,1.931
1783088370358731912,1.936
1783088370363734234,1.932
1783088370368734001,1.943
1783088370373732279,1.933
1783088370378733748,1.942
1783088370383736195,1.932
1783088370388734673,1.933
1783088370393735337,1.944
1783088370398731077,1.934
1783088370403737783,1.930
1783088370408732832,1.936
1783088370413732339,1.943
1783088370418731457,1.933
1783088370423734351,1.931
1783088370428731514,1.944
1783088370433755587,1.934
1783088370438736222,1.930
1783088370443738336,1.942
1783088370448747202,1.931
1783088370453751255,1.943
1783088370458752110,1.932
1783088370463761711,1.939
1783088370468757416,1.934
1783088370473735637,1.941
1783088370478752958,1.936
1783088370483750029,1.934
1783088370488755671,1.930
1783088370493748133,1.935
1783088370498757392,1.939
1783088370503757329,1.932
1783088370508753307,1.944
1783088370513739586,1.938
1783088370518736090,1.934
1783088370523735934,1.933
1783088370528735136,1.933
1783088370533748714,1.938
1783088370538736803,1.937
1783088370543735267,1.935
1783088370548734961,1.943
1783088370553738511,1.935
1783088370558737050,1.933
1783088370563735128,1.944
1783088370568734661,1.933
1783088370573734495,1.933
1783088370578735646,1.942
1783088370583734908,1.933
1783088370588734954,1.932
1783088370593736464,1.934
1783088370598735273,1.943
1783088370603738537,1.931
1783088370608737022,1.933
1783088370613736028,1.943
1783088370618735946,1.933
1783088370623739797,1.941
1783088370628735155,1.934
1783088370633741475,1.930
1783088370638740499,1.943
1783088370643744311,1.931
1783088370648761694,1.938
1783088370653766913,1.932
1783088370658762315,1.945
1783088370663758689,1.934
1783088370668751983,1.935
1783088370673742050,1.936
1783088370678755808,1.938
1783088370683757146,1.932
1783088370688762339,1.941
1783088370693752954,1.936
1783088370698760776,1.931
1783088370703760782,1.936
1783088370708755941,1.936
1783088370713746106,1.936
1783088370718761084,1.937
1783088370723744073,1.939
1783088370728757249,1.939
1783088370733743171,1.928
1783088370738762653,1.935
1783088370743764523,1.942
1783088370748745177,1.940
1783088370753768411,1.925
1783088370758768307,1.943
1783088370763762551,1.935
1783088370768753549,1.936
1783088370773763084,1.939
1783088370778759832,1.934
1783088370783756320,1.934
1783088370788753591,1.934
1783088370793758727,1.941
1783088370798742523,1.939
1783088370803747445,1.931
1783088370808759211,1.940
1783088370813759401,1.932
1783088370818759391,1.943
1783088370823743785,1.930
1783088370828741614,1.933
1783088370833743126,1.942
1783088370838742717,1.933
1783088370843743554,1.934
1783088370848742846,1.943
1783088370853747178,1.931
1783088370858742710,1.934
1783088370863741834,1.943
1783088370868741827,1.932
1783088370873742431,1.932
1783088370878742695,1.943
1783088370883744975,1.932
1783088370888743149,1.944
1783088370893743259,1.932
1783088370898747797,1.931
1783088370903748220,1.943
1783088370908745417,1.934
1783088370913744935,1.933
1783088370918743782,1.943
1783088370923743578,1.933
1783088370928742429,1.933
1783088370933744840,1.942
1783088370938762546,1.936
1783088370943769204,1.940
1783088370948766490,1.934
1783088370953766866,1.932
1783088370958769330,1.942
1783088370963767252,1.933
1783088370968766107,1.935
1783088370973770285,1.936
1783088370978766319,1.939
1783088370983761581,1.934
1783088370988760491,1.933
1783088370993751434,1.936
1783088370998760417,1.939
1783088371003762477,1.932
1783088371008761296,1.943
1783088371013770153,1.929
1783088371018753770,1.939
1783088371023767698,1.939
1783088371028751439,1.939
1783088371033752355,1.932
1783088371038770455,1.936
1783088371043768778,1.933
1783088371048751657,1.939
1783088371053762403,1.939
1783088371058752435,1.936
1783088371063750159,1.935
1783088371068769601,1.937
1783088371073750836,1.929
1783088371078769914,1.935
1783088371083753278,1.939
1783088371088769802,1.936
1783088371093763221,1.935
1783088371098763232,1.943
1783088371103768064,1.931
1783088371108750989,1.943
1783088371113766468,1.926
1783088371118755099,1.937
1783088371123749786,1.936
1783088371128751550,1.942
1783088371133756373,1.931
1783088371138754076,1.944
1783088371143749490,1.936
1783088371148750639,1.932
1783088371153755632,1.941
1783088371158750983,1.934
1783088371163752041,1.932
1783088371168775566,1.934
1783088371173770033,1.945
1783088371178773731,1.931
1783088371183763018,1.937
1783088371188755638,1.935
1783088371193751391,1.934
1783088371198749549,1.944
1783088371203760411,1.928
1783088371208753985,1.937
1783088371213751497,1.944
1783088371218752634,1.932
1783088371223751527,1.933
1783088371228754073,1.942
1783088371233751796,1.933
1783088371238750942,1.933
1783088371243753727,1.942
1783088371248760990,1.930
1783088371253754980,1.945
1783088371258756654,1.927
1783088371263756324,1.943
1783088371268750802,1.935
1783088371273752444,1.932
1783088371278754014,1.942
1783088371283752177,1.933
1783088371288751748,1.933
1783088371293754919,1.942
1783088371298751167,1.934
1783088371303770677,1.937
1783088371308758515,1.937
1783088371313756253,1.933
1783088371318767015,1.939
1783088371323756350,1.937
1783088371328773173,1.936
1783088371333768102,1.936
1783088371338772967,1.931
1783088371343755634,1.939
1783088371348774340,1.936
1783088371353777330,1.943
1783088371358770539,1.935
1783088371363777778,1.930
1783088371368776488,1.943
1783088371373776662,1.932
1783088371378775525,1.933
1783088371383780199,1.941
1783088371388773192,1.935
1783088371393779539,1.930
1783088371398772439,1.946
1783088371403775527,1.931
1783088371408760565,1.938
1783088371413772683,1.938
1783088371418767594,1.934
1783088371423771568,1.931
1783088371428779622,1.940
1783088371433763592,1.939
1783088371438759998,1.934
1783088371443784144,1.934
1783088371448780728,1.934
1783088371453784398,1.941
1783088371458759110,1.932
1783088371463759243,1.943
1783088371468756426,1.934
1783088371473756621,1.932
1783088371478757763,1.942
1783088371483756002,1.933
1783088371488755865,1.934
1783088371493756022,1.932
1783088371498756751,1.943
1783088371503762289,1.932
1783088371508764780,1.942
1783088371513762610,1.933
1783088371518756894,1.935
1783088371523757274,1.932
1783088371528761218,1.941
1783088371533762294,1.932
1783088371538757807,1.934
1783088371543757478,1.943
1783088371548757193,1.933
1783088371553761151,1.940
1783088371558758731,1.935
1783088371563758652,1.933
1783088371568762357,1.941
1783088371573761507,1.933
1783088371578758112,1.934
1783088371583757123,1.936
1783088371588769142,1.938
1783088371593758266,1.937
1783088371598758514,1.934
1783088371603762156,1.941
1783088371608761639,1.934
1783088371613760739,1.933
1783088371618758840,1.935
1783088371623759783,1.942
1783088371628761351,1.932
1783088371633764765,1.931
1783088371638761829,1.944
1783088371643766257,1.931
1783088371648765555,1.943
1783088371653764913,1.933
1783088371658761129,1.936
1783088371663761578,1.932
1783088371668762240,1.943
1783088371673760910,1.933
1783088371678761657,1.932
1783088371683771547,1.939
1783088371688764725,1.935
1783088371693763476,1.933
1783088371698763940,1.944
1783088371703769967,1.930
1783088371708764783,1.934
1783088371713766547,1.942
1783088371718764317,1.933
1783088371723763747,1.933
1783088371728764709,1.944
1783088371733766303,1.932
1783088371738763685,1.933
1783088371743764684,1.942
1783088371748762902,1.933
1783088371753767666,1.931
1783088371758767004,1.943
1783088371763765064,1.933
1783088371768763475,1.933
1783088371773764100,1.943
1783088371778763716,1.933
1783088371783764304,1.943
1783088371788764347,1.934
1783088371793763193,1.933
1783088371798763675,1.932
1783088371803766973,1.942
1783088371808766755,1.933
1783088371813763733,1.944
1783088371818763163,1.933
1783088371823763389,1.932
1783088371828763584,1.943
1783088371833765881,1.932
1783088371838766108,1.932
1783088371843765362,1.943
1783088371848763516,1.933
1783088371853767183,1.931
1783088371858769876,1.942
1783088371863768883,1.933
1783088371868768276,1.943
1783088371873772590,1.931
1783088371878767479,1.934
1783088371883770666,1.942
1783088371888768881,1.933
1783088371893767899,1.933
1783088371898765841,1.944
1783088371903770739,1.931
1783088371908767410,1.934
1783088371913767135,1.943
1783088371918766924,1.933
1783088371923765855,1.943
1783088371928766620,1.932
1783088371933769128,1.932
1783088371938767671,1.943
1783088371943767184,1.933
1783088371948770992,1.931
1783088371953770285,1.943
1783088371958768931,1.933
1783088371963768171,1.933
1783088371968770227,1.942
1783088371973766217,1.934
1783088371978771167,1.934
1783088371983772753,1.942
1783088371988774747,1.932
1783088371995000535,1.936
1783088371998771103,1.943
1783088372003772086,1.932
1783088372008774339,1.942
1783088372013770830,1.936
1783088372018768420,1.933
1783088372023769294,1.934
1783088372028769300,1.932
1783088372033769810,1.943
1783088372038769559,1.933
1783088372043770235,1.943
1783088372048769864,1.933
1783088372053772913,1.931
1783088372058771857,1.943
1783088372063771137,1.933
1783088372068769666,1.935
1783088372073773225,1.935
1783088372078769306,1.944
1783088372083770720,1.934
1783088372088769322,1.933
1783088372093770336,1.942
1783088372098769309,1.933
1783088372103774476,1.930
1783088372108771518,1.944
1783088372113772540,1.932
1783088372118770938,1.933
1783088372123771194,1.944
1783088372128770785,1.933
1783088372133776429,1.930
1783088372138772739,1.944
1783088372143791805,1.935
1783088372148787057,1.936
1783088372153777863,1.936
1783088372158785359,1.930
1783088372163782521,1.944
1783088372168786756,1.934
1783088372173790165,1.931
1783088372178792588,1.942
1783088372183774482,1.931
1783088372188794216,1.935
1783088372193803506,1.939
1783088372198791465,1.937
1783088372203815614,1.934
1783088372208803954,1.937
1783088372213778487,1.932
1783088372218773209,1.945
1783088372223773502,1.932
1783088372228791232,1.936
1783088372233796312,1.941
1783088372238774521,1.930
1783088372243776111,1.942
1783088372248775605,1.933
1783088372253777431,1.932
1783088372258777116,1.943
1783088372263781012,1.933
1783088372268774374,1.935
1783088372273776898,1.938
1783088372278938826,1.936
1783088372283775694,1.933
1783088372288774584,1.943
1783088372294057424,1.937
1783088372298775490,1.927
1783088372303789421,1.937
1783088372308780386,1.936
1783088372313776849,1.944
1783088372318776035,1.933
1783088372323775266,1.933
1783088372328776023,1.943
1783088372333777469,1.932
1783088372338777131,1.933
1783088372343800609,1.935
1783088372348777611,1.941
1783088372353781580,1.931
1783088372358777648,1.934
1783088372363781054,1.943
1783088372368779994,1.933
1783088372373790654,1.939
1783088372378780469,1.936
1783088372383789691,1.932
1783088372388780941,1.936
1783088372393782731,1.942
1783088372398776789,1.935
1783088372403781467,1.932
1783088372408778272,1.934
1783088372413778631,1.943
1783088372418777389,1.933
1783088372423778143,1.932
1783088372428779125,1.942
1783088372433767078,1.937
1783088372438764820,1.933
1783088372443784252,1.935
1783088372448771031,1.941
1783088372453772927,1.932
1783088372458790495,1.936
1783088372463786478,1.934
1783088372468790695,1.941
1783088372473794504,1.931
1783088372478799274,1.941
1783088372483783037,1.939
1783088372488793047,1.932
1783088372493800733,1.933
1783088372498804311,1.941
1783088372503801329,1.934
1783088372508806343,1.941
1783088372513810625,1.931
1783088372518801092,1.936
1783088372523784122,1.941
1783088372528785992,1.932
1783088372533785634,1.933
1783088372538781740,1.944
1783088372543780658,1.933
1783088372548780808,1.932
1783088372553783839,1.942
1783088372558782397,1.933
1783088372563783232,1.936
1783088372568781221,1.933
1783088372573857130,1.945
1783088372578782485,1.930
1783088372583794483,1.938
1783088372588781579,1.937
1783088372593782257,1.932
1783088372598780806,1.933
1783088372603785408,1.941
1783088372608781942,1.934
1783088372613783608,1.942
1783088372618782918,1.933
1783088372623783908,1.934
1783088372628783015,1.943
1783088372633788248,1.930
1783088372638784626,1.936
1783088372643789477,1.932
1783088372648784236,1.938
1783088372653789385,1.941
1783088372658785459,1.934
1783088372663788485,1.933
1783088372668784301,1.934
1783088372673789894,1.941
1783088372678782883,1.935
1783088372683783929,1.942
1783088372688784874,1.932
1783088372693784270,1.933
1783088372698783064,1.943
1783088372703788818,1.932
1783088372708786356,1.933
1783088372713787234,1.943
1783088372718787050,1.933
1783088372723788179,1.934
1783088372728785653,1.933
1783088372733787099,1.942
1783088372738785849,1.933
1783088372743785853,1.932
1783088372748784881,1.945
1783088372753788183,1.931
1783088372758790549,1.942
1783088372763788520,1.933
1783088372768785729,1.934
1783088372773786164,1.934
1783088372778787540,1.942
1783088372783792144,1.931
1783088372788789874,1.935
1783088372793790180,1.941
1783088372798789372,1.933
1783088372803793688,1.941
1783088372808792187,1.933
1783088372813791854,1.933
1783088372818792043,1.943
1783088372823791173,1.933
1783088372828789911,1.933
1783088372833792337,1.942
1783088372838792363,1.934
1783088372843792609,1.932
1783088372848789675,1.942
1783088372853795101,1.932
1783088372858791499,1.934
1783088372863791190,1.943
1783088372868791759,1.932
1783088372873790806,1.933
1783088372878789737,1.943
1783088372883794602,1.932
1783088372888791904,1.934
1783088372893793919,1.942
1783088372898791140,1.934
1783088372903796279,1.932
1783088372908795471,1.935
1783088372913795599,1.943
1783088372918792467,1.934
1783088372923792399,1.933
1783088372928797713,1.943
1783088372933794231,1.934
1783088372938792945,1.933
1783088372943789896,1.944
1783088372948790069,1.932
1783088372953794863,1.931
1783088372958790306,1.945
1783088372963791108,1.932
1783088372968790288,1.933
1783088372973790074,1.943
1783088372978791106,1.932
1783088372983791105,1.932
1783088372988790870,1.943
1783088372993790685,1.933
1783088372998793590,1.931
1783088373003794721,1.942
1783088373008795021,1.932
1783088373013795605,1.943
1783088373018794243,1.933
1783088373023791468,1.937
1783088373028790866,1.933
1783088373033792651,1.942
1783088373038791852,1.935
1783088373043791310,1.933
1783088373048793364,1.942
1783088373053796114,1.931
1783088373058794189,1.933
1783088373063794080,1.943
1783088373068792985,1.933
1783088373073798535,1.941
1783088373078796114,1.933
1783088373083792075,1.936
1783088373088792321,1.932
1783088373093794387,1.942
1783088373098791985,1.935
1783088373103797163,1.930
1783088373108794753,1.935
1783088373113795483,1.944
1783088373118793241,1.933
1783088373123794163,1.932
1783088373128794342,1.943
1783088373133797572,1.933
1783088373138796092,1.935
1783088373143798096,1.942
1783088373148793928,1.934
1783088373153798660,1.931
1783088373158796979,1.943
1783088373163795855,1.933
1783088373168794679,1.933
1783088373173796761,1.942
1783088373178794299,1.933
1783088373183794797,1.934
1783088373188795307,1.943
1783088373193795569,1.934
1783088373198797951,1.932
1783088373203796689,1.933
1783088373208795123,1.943
1783088373213799282,1.931
1783088373218797044,1.944
1783088373223797358,1.934
1783088373228796780,1.933
1783088373233797198,1.932
1783088373238798716,1.942
1783088373243796719,1.935
1783088373248800341,1.931
1783088373253804866,1.941
1783088373258800679,1.934
1783088373263797295,1.934
1783088373268797589,1.938
1783088373273800508,1.938
1783088373278796333,1.936
1783088373283797744,1.932
1783088373288797762,1.943
1783088373293799895,1.932
1783088373298800198,1.943
1783088373303804762,1.932
1783088373308802569,1.935
1783088373313803656,1.932
1783088373318801066,1.944
1783088373323801244,1.932
1783088373328802322,1.932
1783088373333803272,1.942
1783088373338802669,1.933
1783088373343802187,1.943
1783088373348801425,1.933
1783088373353804657,1.931
1783088373358802303,1.944
1783088373363807361,1.931
1783088373368802419,1.936
1783088373373803540,1.935
1783088373378802032,1.942
1783088373383805786,1.931
1783088373388801816,1.934
1783088373393803316,1.942
1783088373398800344,1.935
1783088373403804002,1.931
1783088373408801648,1.944
1783088373413803006,1.932
1783088373418800813,1.933
1783088373423803435,1.942
1783088373428800477,1.934
1783088373433800622,1.932
1783088373438802409,1.942
1783088373443802147,1.933
1783088373448799969,1.933
1783088373453807747,1.940
1783088373458802637,1.934
1783088373463801491,1.935
1783088373468800718,1.936
1783088373473803984,1.942
1783088373478800054,1.936
1783088373483801689,1.932
1783088373488800280,1.933
1783088373493801230,1.944
1783088373498801129,1.932
1783088373503810345,1.939
1783088373508805444,1.934
1783088373513803676,1.933
1783088373518803495,1.933
1783088373523802788,1.943
1783088373528802487,1.934
1783088373533807215,1.934
1783088373538804127,1.934
1783088373543802421,1.944
1783088373548801832,1.933
1783088373553809470,1.940
1783088373558803495,1.935
1783088373563804906,1.934
1783088373568803472,1.933
1783088373573803674,1.943
1783088373578803512,1.934
1783088373583805290,1.932
1783088373588803580,1.944
1783088373593804162,1.932
1783088373598803057,1.933
1783088373603806542,1.941
1783088373608805825,1.934
1783088373613809724,1.931
1783088373618804565,1.936
1783088373623804441,1.945
1783088373628804760,1.934
1783088373633811157,1.930
1783088373638806478,1.934
1783088373643811207,1.941
1783088373648807881,1.934
1783088373653812400,1.941
1783088373658807656,1.934
1783088373663806180,1.933
1783088373668808882,1.942
1783088373673810856,1.932
1783088373678805315,1.935
1783088373683805848,1.943
1783088373688806550,1.932
1783088373693805704,1.933
1783088373698805399,1.943
1783088373703812604,1.931
1783088373708808989,1.934
1783088373713808225,1.934
1783088373718807391,1.943
1783088373723806442,1.933
1783088373728806531,1.932
1783088373733808714,1.942
1783088373738808444,1.933
1783088373743808534,1.932
1783088373748807208,1.943
1783088373753811547,1.931
1783088373758811778,1.943
1783088373763809918,1.933
1783088373768810620,1.932
1783088373773808999,1.943
1783088373778808243,1.933
1783088373783808431,1.932
1783088373788808988,1.934
1783088373793808111,1.943
1783088373798809953,1.932
1783088373803811583,1.942
1783088373808810132,1.933
1783088373813812259,1.932
1783088373818809957,1.944
1783088373823808744,1.933
1783088373828809632,1.932
1783088373833813997,1.941
1783088373838810040,1.934
1783088373843810098,1.932
1783088373848809806,1.943
1783088373853815395,1.930
1783088373858812011,1.944
1783088373863812965,1.934
1783088373868811107,1.933
1783088373873813877,1.942
1783088373878810715,1.934
1783088373883814289,1.931
1783088373888812027,1.933
1783088373893810745,1.936
1783088373898811636,1.943
1783088373903816089,1.931
1783088373908812316,1.944
1783088373913814001,1.932
1783088373918812620,1.933
1783088373923811526,1.943
1783088373928812544,1.932
1783088373933814838,1.935
1783088373938814948,1.932
1783088373943812619,1.944
1783088373948812506,1.932
1783088373953821446,1.939
1783088373958813684,1.935
1783088373963812093,1.933
1783088373968812105,1.932
1783088373973815991,1.943
1783088373978812562,1.934
1783088373983813799,1.932
1783088373988812590,1.943
1783088373993816402,1.931
1783088373998813278,1.935
1783088374003815307,1.942
1783088374008818044,1.931
1783088374013818696,1.932
1783088374018814954,1.944
1783088374023812876,1.933
1783088374028813814,1.932
1783088374033819467,1.941
1783088374038816907,1.933
1783088374043817436,1.932
1783088374048814939,1.944
1783088374053818517,1.935
1783088374058817023,1.935
1783088374063819025,1.942
1783088374068816051,1.934
1783088374073815361,1.934
1783088374078815656,1.934
1783088374083815374,1.933
1783088374088815334,1.943
1783088374093815254,1.932
1783088374098814488,1.933
1783088374103820400,1.941
1783088374108818232,1.933
1783088374113818638,1.943
1783088374118814837,1.936
1783088374123817046,1.932
1783088374128818273,1.942
1783088374133820459,1.932
1783088374138818849,1.937
1783088374143817659,1.933
1783088374148817163,1.943
1783088374153820215,1.931
1783088374158826049,1.930
1783088374163818740,1.946
1783088374168818485,1.934
1783088374173817447,1.936
1783088374178817338,1.932
1783088374183818964,1.942
1783088374188816818,1.937
1783088374193822740,1.930
1783088374198823458,1.932
1783088374203818002,1.945
1783088374208834846,1.936
1783088374213818021,1.929
1783088374218820645,1.942
1783088374223821335,1.932
1783088374228820855,1.934
1783088374233820425,1.941
1783088374238820135,1.933
1783088374243818713,1.943
1783088374249199985,1.931
1783088374253834138,1.939
1783088374258825429,1.936
1783088374263822053,1.934
1783088374268818980,1.934
1783088374273821870,1.942
1783088374278820652,1.933
1783088374283821506,1.934
1783088374288820700,1.943
1783088374293820354,1.933
1783088374298819216,1.933
1783088374303830018,1.940
1783088374308821983,1.936
1783088374313821070,1.933
1783088374318823601,1.944
1783088374323820912,1.934
1783088374328821305,1.932
1783088374333820855,1.943
1783088374338822713,1.932
1783088374343821332,1.933
1783088374348820873,1.943
1783088374353826024,1.932
1783088374358823213,1.934
1783088374363823696,1.943
1783088374368821908,1.933
1783088374373821738,1.933
1783088374378822078,1.943
1783088374383825969,1.933
1783088374388822642,1.934
1783088374393822378,1.933
1783088374398822507,1.943
1783088374403827469,1.931
1783088374408824733,1.944
1783088374413824969,1.932
1783088374418824521,1.933
1783088374423823393,1.943
1783088374428823396,1.932
1783088374433824210,1.934
1783088374438824903,1.943
1783088374443823212,1.933
1783088374448826130,1.931
1783088374453827054,1.942
1783088374458825736,1.933
1783088374463824967,1.933
1783088374468824504,1.943
1783088374473824606,1.932
1783088374478825592,1.932
1783088374483824791,1.943
1783088374488824181,1.933
1783088374493825043,1.932
1783088374498824273,1.936
1783088374503829251,1.943
1783088374508828809,1.933
1783088374513827507,1.933
1783088374518825982,1.943
1783088374523826507,1.932
1783088374528826533,1.932
1783088374533833220,1.940
1783088374538827586,1.936
1783088374543826527,1.935
1783088374548826866,1.943
1783088374553830224,1.931
1783088374558827938,1.935
1783088374563827565,1.933
1783088374568826294,1.945
1783088374573826769,1.932
1783088374578827150,1.934
1783088374583825897,1.933
1783088374588826191,1.943
1783088374593826450,1.932
1783088374598828667,1.942
1783088374603829977,1.932
1783088374608828629,1.933
1783088374613827582,1.943
1783088374618827355,1.936
1783088374623828202,1.932
1783088374628827452,1.933
1783088374633831418,1.943
1783088374638830286,1.933
1783088374643835858,1.941
1783088374648830608,1.934
1783088374653833532,1.933
1783088374658829060,1.934
1783088374663830498,1.942
1783088374668829556,1.933
1783088374673830003,1.934
1783088374678828813,1.933
1783088374683830403,1.942
1783088374688828974,1.933
1783088374693830736,1.942
1783088374698829155,1.933
1783088374703834319,1.932
1783088374708831177,1.934
1783088374713831250,1.943
1783088374718830381,1.933
1783088374723829246,1.933
1783088374728833526,1.943
1783088374733830372,1.935
1783088374738832490,1.932
1783088374743830886,1.943
1783088374748831763,1.932
1783088374753834082,1.932
1783088374758835415,1.942
1783088374763833077,1.933
1783088374768831699,1.935
1783088374773831182,1.943
1783088374779051855,1.930
1783088374783833413,1.934
1783088374788832109,1.943
1783088374793834627,1.931
1783088374798832718,1.933
1783088374803835838,1.942
1783088374808834672,1.933
1783088374813834245,1.933
1783088374818832378,1.944
1783088374823831770,1.934
1783088374828833749,1.932
1783088374833832410,1.943
1783088374838834908,1.931
1783088374843832550,1.944
1783088374848832059,1.933
1783088374853835804,1.931
1783088374858834981,1.943
1783088374863834075,1.933
1783088374868833426,1.933
1783088374873835597,1.942
1783088374878835309,1.933
1783088374883837500,1.942
1783088374888835669,1.935
1783088374893834812,1.933
1783088374898833028,1.933
1783088374903837732,1.941
1783088374908837226,1.933
1783088374913835964,1.933
1783088374918835122,1.943
1783088374923835133,1.932
1783088374928833230,1.933
1783088374933836213,1.943
1783088374938836074,1.933
1783088374943836101,1.934
1783088374948834683,1.935
1783088374953837772,1.940
1783088374958835931,1.933
1783088374963837883,1.942
1783088374968835654,1.937
1783088374973836861,1.932
1783088374978835332,1.933
1783088374983836688,1.942
1783088374988836476,1.933
1783088374993837004,1.932
1783088374998836136,1.943
1783088375003839838,1.931
1783088375008840506,1.943
1783088375013839791,1.933
1783088375018837788,1.933
1783088375023836647,1.933
1783088375028837940,1.942
1783088375033837935,1.932
1783088375038839455,1.942
1783088375043837723,1.935
1783088375048836833,1.933
1783088375053844923,1.940
1783088375058841487,1.934
1783088375063840667,1.933
1783088375068840425,1.933
1783088375073842143,1.942
1783088375078838250,1.934
1783088375083837384,1.943
1783088375088838738,1.932
1783088375093840674,1.932
1783088375098839403,1.943
1783088375103842548,1.931
1783088375108840383,1.933
1783088375113842899,1.944
1783088375118839526,1.934
1783088375123838533,1.933
1783088375128839573,1.942
1783088375133844693,1.932
1783088375138842599,1.933
1783088375143841122,1.943
1783088375148839440,1.933
1783088375153846384,1.940
1783088375158841184,1.934
1783088375163840673,1.933
1783088375168840628,1.932
1783088375173840782,1.943
1783088375178839436,1.933
1783088375183840082,1.932
1783088375188841420,1.944
1783088375193843894,1.932
1783088375198846996,1.942
1783088375203841832,1.934
1783088375208841751,1.932
1783088375213845507,1.933
1783088375218846339,1.943
1783088375223846219,1.933
1783088375228841721,1.934
1783088375233847468,1.941
1783088375238845161,1.933
1783088375243842944,1.933
1783088375248860762,1.936
1783088375253862095,1.942
1783088375258847422,1.938
1783088375263844264,1.934
1783088375268843718,1.933
1783088375273846064,1.942
1783088375278842956,1.934
1783088375283845493,1.931
1783088375288844613,1.943
1783088375293847960,1.931
1783088375298842507,1.935
1783088375303857205,1.937
1783088375308845033,1.937
1783088375313845701,1.943
1783088375318843571,1.933
1783088375323844461,1.932
1783088375328843438,1.943
1783088375333844042,1.932
1783088375338847381,1.931
1783088375343843782,1.936
1783088375348844618,1.943
1783088375353847888,1.931
1783088375358846586,1.935
1783088375363846838,1.943
1783088375368845372,1.933
1783088375373844835,1.933
1783088375378845621,1.943
1783088375383848602,1.931
1783088375388846549,1.935
1783088375393845251,1.943
1783088375398845937,1.932
1783088375403848659,1.931
1783088375408847162,1.943
1783088375413846207,1.933
1783088375418847329,1.932
1783088375423845976,1.943
1783088375428845882,1.933
1783088375433847018,1.942
1783088375438847005,1.932
1783088375443849923,1.931
1783088375448852178,3.282
1783088375453853030,3.875
1783088375458852018,3.876
1783088375463850412,3.877
1783088375468847546,3.878
1783088375473847970,3.875
1783088375478847279,3.876
1783088375483848589,3.866
1783088375488846506,3.877
1783088375493849589,3.873
1783088375498850159,3.875
1783088375503853549,3.873
1783088375508852523,3.876
1783088375513853686,3.876
1783088375518849988,3.868
1783088375523848093,3.877
1783088375528847688,3.877
1783088375533850507,3.873
1783088375538850944,3.875
1783088375543850596,3.867
1783088375548848874,3.877
1783088375553855780,3.870
1783088375558850900,3.879
1783088375563849702,3.876
1783088375568849932,3.875
1783088375573853499,3.869
1783088375578850412,3.873
1783088375583848801,3.877
1783088375588849559,3.876
1783088375593849932,3.875
1783088375598849323,3.876
1783088375603852948,3.873
1783088375608851777,3.866
1783088375613854235,3.875
1783088375618851646,3.877
1783088375623851244,3.877
1783088375628851090,3.875
1783088375633856502,3.873
1783088375638853816,3.867
1783088375643858106,3.882
1783088375648852522,3.869
1783088375653859520,3.880
1783088375658854555,3.871
1783088375663855971,3.874
1783088375668855458,3.876
1783088375673857832,3.873
1783088375678852905,3.869
1783088375683854341,3.874
1783088375688855795,3.874
1783088375693855193,3.876
1783088375698856727,3.874
1783088375703858934,3.874
1783088375708854048,3.881
1783088375713855640,3.876
1783088375718852718,3.867
1783088375723853156,3.877
1783088375728852559,3.876
1783088375733857419,3.872
1783088375738854964,3.877
1783088375743854999,3.875
1783088375748855837,3.875
1783088375753859675,3.874
1783088375758856968,3.869
1783088375763855893,3.876
1783088375768855645,3.876
1783088375773857777,3.874
1783088375778855066,3.874
1783088375783854431,3.869
1783088375788854164,3.876
1783088375793857397,3.875
1783088375798855966,3.878
1783088375803858236,3.875
1783088375808858825,3.875
1783088375813858594,3.876
1783088375818856318,3.867
1783088375823854800,3.876
1783088375828855468,3.875
1783088375833858727,3.873
1783088375838857079,3.877
1783088375843856685,3.876
1783088375848856321,3.876
1783088375853860468,3.872
1783088375858857455,3.878
1783088375863856149,3.868
1783088375868860083,3.874
1783088375873857590,3.877
1783088375878856104,3.876
1783088375883858981,3.873
1783088375888856752,3.868
1783088375893858986,3.874
1783088375898858412,3.877
1783088375903860974,3.873
1783088375908860036,3.874
1783088375913860050,3.868
1783088375918858708,3.878
1783088375923856952,3.877
1783088375928857364,3.877
1783088375933869778,3.866
1783088375938860569,3.882
1783088375943858811,3.866
1783088375948858521,3.877
1783088375953863923,3.871
1783088375958860433,3.878
1783088375963860396,3.875
1783088375968858969,3.876
1783088375973858776,3.877
1783088375978860094,3.866
1783088375983860223,3.875
1783088375988861318,3.874
1783088375993858739,3.877
1783088375998858986,3.875
1783088376003861262,3.874
1783088376008862139,3.875
1783088376013862678,3.873
1783088376018862710,3.868
1783088376023861564,3.876
1783088376028860067,3.876
1783088376033861009,3.875
1783088376038861182,3.875
1783088376043860909,3.876
1783088376048859913,3.866
1783088376053864429,3.882
1783088376058862471,3.866
1783088376063860994,3.876
1783088376068860872,3.877
1783088376073860934,3.875
1783088376078864421,3.873
1783088376083864245,3.875
1783088376088866516,3.863
1783088376093862186,3.880
1783088376098860756,3.876
1783088376103865154,3.872
1783088376108863636,3.876
1783088376113864702,3.874
1783088376118863166,3.866
1783088376123863282,3.875
1783088376128862335,3.876
1783088376133866562,3.874
1783088376138865645,3.876
1783088376143863019,3.867
1783088376148862595,3.877
1783088376153869153,3.870
1783088376158868422,3.876
1783088376163864644,3.880
1783088376168864262,3.876
1783088376173867738,3.873
1783088376178863829,3.868
1783088376183863502,3.876
1783088376188863311,3.877
1783088376193865804,3.873
1783088376198863856,3.877
1783088376203864127,3.868
1783088376208863787,3.876
1783088376213868152,3.872
1783088376218870370,3.875
1783088376223865413,3.879
1783088376228865496,3.867
1783088376233872403,3.880
1783088376238867987,3.870
1783088376243865353,3.879
1783088376248865783,3.866
1783088376253932700,3.875
1783088376258869695,3.872
1783088376263867046,3.877
1783088376268866392,3.876
1783088376273866509,3.875
1783088376278866432,3.875
1783088376283866558,3.867
1783088376288866093,3.877
1783088376293866633,3.877
1783088376298866051,3.876
1783088376303870867,3.872
1783088376308868507,3.868
1783088376313870058,3.885
1783088376318867091,3.867
1783088376323867535,3.875
1783088376328866869,3.876
1783088376333866667,3.875
1783088376338869705,3.873
1783088376343869663,3.875
1783088376348868381,3.876
1783088376353870536,3.868
1783088376358870177,3.872
1783088376363869204,3.876
1783088376368868817,3.877
1783088376373869960,3.876
1783088376378867806,3.867
1783088376383870848,3.873
1783088376388870959,3.875
1783088376393869928,3.876
1783088376398869527,3.876
1783088376403872224,3.875
1783088376408871827,3.876
1783088376413871005,3.866
1783088376418870059,3.876
1783088376423870157,3.875
1783088376428869360,3.878
1783088376433870985,3.874
1783088376438872858,3.876
1783088376443871070,3.868
1783088376448869934,3.876
1783088376453872566,3.875
1783088376458871919,3.876
1783088376463870726,3.876
1783088376468870216,3.876
1783088376473871690,3.869
1783088376478870983,3.872
1783088376483870810,3.877
1783088376488870657,3.875
1783088376493871343,3.877
1783088376498872235,3.875
1783088376503877335,3.871
1783088376508874571,3.877
1783088376513874182,3.867
1783088376518871181,3.878
1783088376523871467,3.875
1783088376528871117,3.876
1783088376533871889,3.876
1783088376538873740,3.876
1783088376543873371,3.876
1783088376548872258,3.868
1783088376553875874,3.874
1783088376558873706,3.877
1783088376563875788,3.874
1783088376568877610,3.876
1783088376573872472,3.869
1783088376578872752,3.875
1783088376583872657,3.875
1783088376589614494,3.872
1783088376593875653,3.877
1783088376598874908,3.876
1783088376603875873,3.876
1783088376608875071,3.866
1783088376613874631,3.876
1783088376618873824,3.876
1783088376623873848,3.877
1783088376628874933,3.874
1783088376633877993,3.873
1783088376638876415,3.877
1783088376643880329,3.872
1783088376648876824,3.868
1783088376653880618,3.874
1783088376658876260,3.879
1783088376663877567,3.874
1783088376668874725,3.878
1783088376673877314,3.873
1783088376678875767,3.877
1783088376683874998,3.866
1783088376688876137,3.874
1783088376693876099,3.875
1783088376698875141,3.876
1783088376703881177,3.871
1783088376708877717,3.878
1783088376713878152,3.877
1783088376718876865,3.876
1783088376723876099,3.869
1783088376728876801,3.875
1783088376733875806,3.876
1783088376738878430,3.873
1783088376743878788,3.875
1783088376748877298,3.876
1783088376753882818,3.871
1783088376758882738,3.867
1783088376763878529,3.879
1783088376768879093,3.875
1783088376773877340,3.877
1783088376778877795,3.877
1783088376783877961,3.875
1783088376788877833,3.875
1783088376793878005,3.865
1783088376798877855,3.875
1783088376803880653,3.873
1783088376808879872,3.878
1783088376813879410,3.876
1783088376818878412,3.876
1783088376823879585,3.874
1783088376828878859,3.867
1783088376833878614,3.876
1783088376838878212,3.877
1783088376843879324,3.876
1783088376848879912,3.875
1783088376853882982,3.873
1783088376858880478,3.869
1783088376863880603,3.879
1783088376868879795,3.878
1783088376873880591,3.875
1783088376878878993,3.866
1783088376883882031,3.873
1783088376888882420,3.877
1783088376893881135,3.880
1783088376898880711,3.876
1783088376903883741,3.873
1783088376908882842,3.874
1783088376913881345,3.870
1783088376918882116,3.876
1783088376923881972,3.875
1783088376928880898,3.876
1783088376933880760,3.875
1783088376938885870,3.871
1783088376943885268,3.876
1783088376948881746,3.868
1783088376953885596,3.874
1783088376958885070,3.876
1783088376963882724,3.877
1783088376968880795,3.877
1783088376973884569,3.867
1783088376978883626,3.873
1783088376983882313,3.876
1783088376988882851,3.877
1783088376993881889,3.876
1783088376998883660,3.867
1783088377003884793,3.876
1783088377008886175,3.876
1783088377013885600,3.876
1783088377018885872,3.875
1783088377023882289,3.868
1783088377028883847,3.876
1783088377033882338,3.876
1783088377038885840,3.873
1783088377043885714,3.875
1783088377048883861,3.878
1783088377053886454,3.873
1783088377058885503,3.876
1783088377063886134,3.875
1783088377068884345,3.866
1783088377073887879,3.873
1783088377078887029,3.876
1783088377083884833,3.877
1783088377088885452,3.877
1783088377093884409,3.869
1783088377098887830,3.873
1783088377103888968,3.876
1783088377108888333,3.876
1783088377113887675,3.876
1783088377118890630,3.873
1783088377123885932,3.869
1783088377128885622,3.876
1783088377133888680,3.873
1783088377138891027,3.884
1783088377143887220,3.868
1783088377148885494,3.878
1783088377153891276,3.871
1783088377158890785,3.879
1783088377163885957,3.870
1783088377168886719,3.875
1783088377173888597,3.876
1783088377178890919,3.874
1783088377183887589,3.868
1783088377188886212,3.876
1783088377193886661,3.875
1783088377198891424,3.872
1783088377203887381,3.878
1783088377208886846,3.876
1783088377213891033,3.872
1783088377218891104,3.875
1783088377223886215,3.870
1783088377228887657,3.874
1783088377233889818,3.874
1783088377238893422,3.873
1783088377243890787,3.879
1783088377248890545,3.876
1783088377253892303,3.874
1783088377258889660,3.867
1783088377263889887,3.875
1783088377268888329,3.877
1783088377273890127,3.874
1783088377279387393,3.874
1783088377283895371,3.872
1783088377288889705,3.871
1783088377293888343,3.876
1783088377298889085,3.875
1783088377303895304,3.872
1783088377308890516,3.879
1783088377313890664,3.875
1783088377318889578,3.876
1783088377323889532,3.865
1783088377328889020,3.876
1783088377333890988,3.876
1783088377338893297,3.874
1783088377343891924,3.878
1783088377348891021,3.867
1783088377353894413,3.874
1783088377358895143,3.875
1783088377363890777,3.879
1783088377368889971,3.876
1783088377373890513,3.866
1783088377378892724,3.874
1783088377383893834,3.874
1783088377388892380,3.876
1783088377393892456,3.875
1783088377398895696,3.875
1783088377403894702,3.876
1783088377408893596,3.871
1783088377413892282,3.871
1783088377418902444,3.878
1783088377423891870,3.873
1783088377428892064,3.875
1783088377433893327,3.874
1783088377438896868,3.873
1783088377443893665,3.878
1783088377448892748,3.878
1783088377453896035,3.873
1783088377458896825,3.875
1783088377463893867,3.867
1783088377468892825,3.876
1783088377473893747,3.875
1783088377478896833,3.873
1783088377483892929,3.871
1783088377488893349,3.875
1783088377493893767,3.875
1783088377498893609,3.875
1783088377503897740,3.872
1783088377508897512,3.875
1783088377513897825,3.877
1783088377518893723,3.868
1783088377523897880,3.882
1783088377528893979,3.868
1783088377533898263,3.872
1783088377538895290,3.878
1783088377543896192,3.876
1783088377548894867,3.876
1783088377553897093,3.874
1783088377558897207,3.865
1783088377563901753,3.872
1783088377568895244,3.880
1783088377573894737,3.876
1783088377578895515,3.878
1783088377583896564,3.875
1783088377588894991,3.866
1783088377593896170,3.874
1783088377598895044,3.878
1783088377603898582,3.873
1783088377608897180,3.876
1783088377613899452,3.874
1783088377618896044,3.869
1783088377623896327,3.875
1783088377628897681,3.874
1783088377633897714,3.875
1783088377638898213,3.877
1783088377643904214,3.872
1783088377648901633,3.877
1783088377653902407,3.875
1783088377658905034,3.873
1783088377663898791,3.870
1783088377668897994,3.878
1783088377673897732,3.876
1783088377678899070,3.876
1783088377683898906,3.875
1783088377688898274,3.865
1783088377693901544,3.873
1783088377698902010,3.877
1783088377703902668,3.875
1783088377708903518,3.875
1783088377713898955,3.879
1783088377718902311,3.873
1783088377723899029,3.867
1783088377728898729,3.876
1783088377733898740,3.877
1783088377738902838,3.872
1783088377743899885,3.878
1783088377748899367,3.876
1783088377753901018,3.874
1783088377758905920,3.873
1783088377763901325,3.868
1783088377768899983,3.876
1783088377773900152,3.875
1783088377778899272,3.876
1783088377783899134,3.875
1783088377788901010,3.876
1783088377793900786,3.875
1783088377798899340,3.866
1783088377803904075,3.873
1783088377808903828,3.876
1783088377813901791,3.877
1783088377818900260,3.877
1783088377823901326,3.874
1783088377828900297,3.866
1783088377833900058,3.876
1783088377838905167,3.873
1783088377843902800,3.877
1783088377848904898,3.874
1783088377853906920,3.874
1783088377858906034,3.876
1783088377863904952,3.878
1783088377868903985,3.866
1783088377873905004,3.876
1783088377878904274,3.876
1783088377883909136,3.872
1783088377888907342,3.877
1783088377893905806,3.877
1783088377898905918,3.875
1783088377903910308,3.872
1783088377908909346,3.876
1783088377913906379,3.867
1783088377918906605,3.875
1783088377923906244,3.876
1783088377928905927,3.879
1783088377933906993,3.874
1783088377938908104,3.864
1783088377943907905,3.875
1783088377948906826,3.878
1783088377953909263,3.873
1783088377958908055,3.876
1783088377963912234,3.872
1783088377968909367,3.878
1783088377973907396,3.866
1783088377978906860,3.876
1783088377983907442,3.875
1783088377988908852,3.876
1783088377993907098,3.877
1783088377998907080,3.875
1783088378003909983,3.864
1783088378008909001,3.878
1783088378013907431,3.877
1783088378018905512,3.877
1783088378023905857,3.875
1783088378028905102,3.866
1783088378033906713,3.874
1783088378038906461,3.875
1783088378043908099,3.874
1783088378048906882,3.876
1783088378053909491,3.873
1783088378058907622,3.877
1783088378063906671,3.876
1783088378068908140,3.874
1783088378073907016,3.866
1783088378078906064,3.876
1783088378083906020,3.875
1783088378088907178,3.874
1783088378093906696,3.876
1783088378098908003,3.869
1783088378103910927,3.880
1783088378108910565,3.867
1783088378113908689,3.879
1783088378118908179,3.876
1783088378123908089,3.877
1783088378128907823,3.865
1783088378133911988,3.872
1783088378138910855,3.878
1783088378143913341,3.873
1783088378148911915,3.876
1783088378153914622,3.873
1783088378158911328,3.878
1783088378163910733,3.876
1783088378168912562,3.874
1783088378173912906,3.875
1783088378178913164,3.866
1783088378183915358,3.874
1783088378188909134,3.880
1783088378193910331,3.876
1783088378198907396,3.869
1783088378203912950,3.871
1783088378208912276,3.878
1783088378213909423,3.878
1783088378218912192,3.873
1783088378223914701,3.873
1783088378228912194,3.869
1783088378233915567,3.883
1783088378238914033,3.866
1783088378243914943,3.876
1783088378248911490,3.878
1783088378253951237,3.876
1783088378258913554,3.873
1783088378263915948,3.873
1783088378268911413,3.870
1783088378273910692,3.876
1783088378278911575,3.875
1783088378283914270,3.873
1783088378288911575,3.879
1783088378293912235,3.875
1783088378298910458,3.866
1783088378303919845,3.878
1783088378308912955,3.870
1783088378313913921,3.875
1783088378318912203,3.877
1783088378323915633,3.873
1783088378328912891,3.877
1783088378333911894,3.878
1783088378338914191,3.874
1783088378343915551,3.874
1783088378348913161,3.867
1783088378353915970,3.873
1783088378358915348,3.876
1783088378363917828,3.873
1783088378368914712,3.878
1783088378373914446,3.876
1783088378378914708,3.866
1783088378383919458,3.882
1783088378388915906,3.868
1783088378393914817,3.876
1783088378398915488,3.875
1783088378403920682,3.871
1783088378408914997,3.880
1783088378413915327,3.875
1783088378418914577,3.876
1783088378423915011,3.866
1783088378428914221,3.878
1783088378433915413,3.874
1783088378438905000,3.873
1783088378443901541,3.878
1783088378448904125,3.873
1783088378453906577,3.875
1783088378458908389,3.874
1783088378463914011,3.871
1783088378468909480,3.879
1783088378473915180,3.871
1783088378478916622,3.874
1783088378483918137,3.874
1783088378488914979,3.867
1783088378493916260,3.874
1783088378498915966,3.876
1783088378503922657,3.881
1783088378508920951,3.866
1783088378513918384,3.881
1783088378518917107,3.866
1783088378523920261,3.883
1783088378528916559,3.868
1783088378533918153,3.874
1783088378538919015,3.875
1783088378543918807,3.875
1783088378548921436,3.873
1783088378553920364,3.876
1783088378558919500,3.876
1783088378563918581,3.866
1783088378568917916,3.876
1783088378573921206,3.873
1783088378578919684,3.877
1783088378583918734,3.878
1783088378588919377,3.875
1783088378593919719,3.875
1783088378598918517,3.868
1783088378603924086,3.873
1783088378608919748,3.879
1783088378613920693,3.876
1783088378618920741,3.877
1783088378623921419,3.864
1783088378628920321,3.876
1783088378633923059,3.873
1783088378638922046,3.878
1783088378643926283,3.872
1783088378648921414,3.879
1783088378653924855,3.873
1783088378658922582,3.868
1783088378663920644,3.879
1783088378668921538,3.875
1783088378673920845,3.876
1783088378678922330,3.876
1783088378683925008,3.873
1783088378688920474,3.870
1783088378693920303,3.875
1783088378698921479,3.874
1783088378703929705,3.869
1783088378708922890,3.872
1783088378713923065,3.875
1783088378718922227,3.876
1783088378723923885,3.874
1783088378728921091,3.879
1783088378733922246,3.874
1783088378738922386,3.865
1783088378743925582,3.883
1783088378748921920,3.869
1783088378753925000,3.875
1783088378758925551,3.875
1783088378763926146,3.875
1783088378768923160,3.867
1783088378773922682,3.877
1783088378778923385,3.875
1783088378783923594,3.875
1783088378788923594,3.877
1783088378793923451,3.865
1783088378798922465,3.876
1783088378803926181,3.872
1783088378808924757,3.876
1783088378813923811,3.876
1783088378818924225,3.877
1783088378823923373,3.867
1783088378828924059,3.875
1783088378833923289,3.876
1783088378838925713,3.873
1783088378843925408,3.876
1783088378848923844,3.877
1783088378853928655,3.873
1783088378858929050,3.877
1783088378863925253,3.868
1783088378868924971,3.876
1783088378873924914,3.875
1783088378878924974,3.875
1783088378883931800,3.872
1783088378888926322,3.880
1783088378893925701,3.876
1783088378898925245,3.865
1783088378903932670,3.880
1783088378908926854,3.871
1783088378913927873,3.875
1783088378918927343,3.876
1783088378923925405,3.877
1783088378928925415,3.875
1783088378933927790,3.873
1783088378938928383,3.866
1783088378943927816,3.876
1783088378948928653,3.875
1783088378953929954,3.874
1783088378958928416,3.878
1783088378963928270,3.875
1783088378968927336,3.866
1783088378973928190,3.875
1783088378978927564,3.876
1783088378983929282,3.876
1783088378988927924,3.876
1783088378993928751,3.875
1783088378998929117,3.877
1783088379003929036,3.870
1783088379008931317,3.877
1783088379013931343,3.867
1783088379018928301,3.878
1783088379023929919,3.878
1783088379028928710,3.866
1783088379033929901,3.874
1783088379038929050,3.876
1783088379043930583,3.874
1783088379048930682,3.875
1783088379053933095,3.873
1783088379058929458,3.878
1783088379063930972,3.865
1783088379068929402,3.877
1783088379073930400,3.875
1783088379078929517,3.879
1783088379083930135,3.875
1783088379088929153,3.866
1783088379093930133,3.875
1783088379098929195,3.876
1783088379103937807,3.879
1783088379108931258,3.870
1783088379113932273,3.876
1783088379118930951,3.878
1783088379123934169,3.873
1783088379128929945,3.868
1783088379133934845,3.872
1783088379138931923,3.878
1783088379143936314,3.872
1783088379148931976,3.879
1783088379153934834,3.875
1783088379158935952,3.874
1783088379163936694,3.875
1783088379168932892,3.870
1783088379173931990,3.876
1783088379178933719,3.874
1783088379183935717,3.874
1783088379188932008,3.878
1783088379193938410,3.870
1783088379198931576,3.882
1783088379203935355,3.872
1783088379208932546,3.869
1783088379213934047,3.874
1783088379218933063,3.876
1783088379223938276,3.871
1783088379228933289,3.879
1783088379233933687,3.875
1783088379238935389,3.874
1783088379243938843,3.874
1783088379248933178,3.869
1783088379254126045,3.871
1783088379258939090,3.875
1783088379263937196,3.877
1783088379268934483,3.879
1783088379273934804,3.866
1783088379278933963,3.876
1783088379283935564,3.874
1783088379288934437,3.876
1783088379293935008,3.875
1783088379298933813,3.876
1783088379303940017,3.872
1783088379308938491,3.868
1783088379313937177,3.876
1783088379318935120,3.879
1783088379323935781,3.866
1783088379328935995,3.875
1783088379333935026,3.876
1783088379338941132,3.871
1783088379343936956,3.879
1783088379348936074,3.878
1783088379353938454,3.873
1783088379358937288,3.876
1783088379363936566,3.867
1783088379368935826,3.876
1783088379373936986,3.874
1783088379378936092,3.876
1783088379383940114,3.872
1783088379388937757,3.879
1783088379393938071,3.865
1783088379398936481,3.878
1783088379403941571,3.871
1783088379408938793,3.877
1783088379413938895,3.875
1783088379418939485,3.877
1783088379423937885,3.877
1783088379428937871,3.867
1783088379433938580,3.875
1783088379438938825,3.875
1783088379443940107,3.874
1783088379448939166,3.876
1783088379453941723,3.873
1783088379458940094,3.877
1783088379463938712,3.866
1783088379468938798,3.875
1783088379473938508,3.877
1783088379478938285,3.875
1783088379483938728,3.875
1783088379488938421,3.876
1783088379493939312,3.875
1783088379498939497,3.875
1783088379503946329,3.870
1783088379508942293,3.878
1783088379513942039,3.867
1783088379518941684,3.876
1783088379523943787,3.874
1783088379528939607,3.879
1783088379533940378,3.875
1783088379538939404,3.876
1783088379543941094,3.874
1783088379548940938,3.865
1783088379553944726,3.883
1783088379558943984,3.866
1783088379563943792,3.875
1783088379568940052,3.878
1783088379573941698,3.874
1783088379578940912,3.876
1783088379583944834,3.872
1783088379588942617,3.868
1783088379593940910,3.880
1783088379598942029,3.874
1783088379603947119,3.873
1783088379608942090,3.879
1783088379613942613,3.865
1783088379618941401,3.878
1783088379623942863,3.876
1783088379628943307,3.875
1783088379633948826,3.871
1783088379638943709,3.879
1783088379643950771,3.872
1783088379648945273,3.869
1783088379653949358,3.872
1783088379658944689,3.881
1783088379663946552,3.874
1783088379668943418,3.878
1783088379673943578,3.865
1783088379678944616,3.875
1783088379683947207,3.873
1783088379688943514,3.878
1783088379693942803,3.876
1783088379698943923,3.876
1783088379703948647,3.873
1783088379708945447,3.867
1783088379713945928,3.875
1783088379718945479,3.877
1783088379723946333,3.875
1783088379728946143,3.877
1783088379733946568,3.875
1783088379738948128,3.874
1783088379743947258,3.867
1783088379748945291,3.879
1783088379753952134,3.870
1783088379758951751,3.876
1783088379763946926,3.869
1783088379768946189,3.876
1783088379773946171,3.875
1783088379778946392,3.875
1783088379783947291,3.876
1783088379788946027,3.876
1783088379793946791,3.875
1783088379798946412,3.865
1783088379803951221,3.882
1783088379808949053,3.867
1783088379813947291,3.878
1783088379818948290,3.876
1783088379823946063,3.868
1783088379828946386,3.877
1783088379833946435,3.875
1783088379838946155,3.877
1783088379843948968,3.873
1783088379848948877,3.875
1783088379853951082,3.874
1783088379858948550,3.867
1783088379863948452,3.877
1783088379868950300,3.874
1783088379873948488,3.877
1783088379878948522,3.875
1783088379883952040,3.873
1783088379888949898,3.877
1783088379893948992,3.866
1783088379898948645,3.876
1783088379903953597,3.871
1783088379908949971,3.878
1783088379913950393,3.875
1783088379918950391,3.875
1783088379923950045,3.876
1783088379928950275,3.875
1783088379933949154,3.866
1783088379938949569,3.875
1783088379943950988,3.874
1783088379948950355,3.878
1783088379953952346,3.874
1783088379958951160,3.876
1783088379963951193,3.875
1783088379968949944,3.876
1783088379973950278,3.866
1783088379978951296,3.876
1783088379983949479,3.877
1783088379988950865,3.874
1783088379993951297,3.875
1783088379998951213,3.867
1783088380003954007,3.875
1783088380008954313,3.875
1783088380013953087,3.878
1783088380018952567,3.876
1783088380023951472,3.866
1783088380028951265,3.875
1783088380033953074,3.876
1783088380038951741,3.876
1783088380043954883,3.873
1783088380048952697,3.879
1783088380053956346,3.872
1783088380058953746,3.867
1783088380063954456,3.875
1783088380068952850,3.877
1783088380073953612,3.876
1783088380078952877,3.876
1783088380083952640,3.876
1783088380088953346,3.873
1783088380093952885,3.867
1783088380098952097,3.876
1783088380103957407,3.871
1783088380108956179,3.878
1783088380113955656,3.876
1783088380118953480,3.877
1783088380123953694,3.865
1783088380128953503,3.875
1783088380133957700,3.874
1783088380138956576,3.876
1783088380143957846,3.874
1783088380148956379,3.876
1783088380153959342,3.875
1783088380158960288,3.875
1783088380163956698,3.868
1783088380168953864,3.879
1783088380173957680,3.872
1783088380178956024,3.877
1783088380183961478,3.873
1783088380188957177,3.868
1783088380193958355,3.874
1783088380198955920,3.877
1783088380203962358,3.872
1783088380208957907,3.879
1783088380213956187,3.877
1783088380218956223,3.875
1783088380223961727,3.873
1783088380228957794,3.868
1783088380233957140,3.876
1783088380238960197,3.875
1783088380243958254,3.877
1783088380248957246,3.876
1783088380254141573,3.869
1783088380258959595,3.871
1783088380263959764,3.877
1783088380268957958,3.877
1783088380273958696,3.876
1783088380278957598,3.868
1783088380283957399,3.877
1783088380288957346,3.875
1783088380293958849,3.874
1783088380298957053,3.877
1783088380303963151,3.871
1783088380308965216,3.874
1783088380313959087,3.871
1783088380318959655,3.877
1783088380323958049,3.877
1783088380328958439,3.877
1783088380333959398,3.875
1783088380338963263,3.872
1783088380343960774,3.867
1783088380348959927,3.878
1783088380353962581,3.873
1783088380358960010,3.879
1783088380363959286,3.878
1783088380368959554,3.868
1783088380373960794,3.874
1783088380378959528,3.876
1783088380383960748,3.874
1783088380388960741,3.875
1783088380393960795,3.875
1783088380398960982,3.875
1783088380403964051,3.873
1783088380408963276,3.876
1783088380413961447,3.866
1783088380418962209,3.875
1783088380423961659,3.876
1783088380428960373,3.876
1783088380433962811,3.873
1783088380438963505,3.875
1783088380443963352,3.875
1783088380448961278,3.879
1783088380453964632,3.873
1783088380458962461,3.868
1783088380463962224,3.877
1783088380468961938,3.876
1783088380473962232,3.875
1783088380478962582,3.875
1783088380483960812,3.866
1783088380488961508,3.875
1783088380493963028,3.874
1783088380498963922,3.875
1783088380503966264,3.874
1783088380508965886,3.876
1783088380513965685,3.875
1783088380518964231,3.876
1783088380523963242,3.876
1783088380528972411,3.868
1783088380533971593,3.876
1783088380538963555,3.871
1783088380543964509,3.875
1783088380548962831,3.877
1783088380553965945,3.873
1783088380558965503,3.876
1783088380563966314,3.875
1783088380568964799,3.870
1783088380573963674,3.873
1783088380578963966,3.875
1783088380583963666,3.876
1783088380588964257,3.875
1783088380593966139,3.876
1783088380598964959,3.866
1783088380603967450,3.873
1783088380608971735,3.884
1783088380613965327,3.870
1783088380618964891,3.876
1783088380623966002,3.874
1783088380628968797,3.875
1783088380633967919,3.866
1783088380638965622,3.877
1783088380643973495,3.881
1783088380648971298,3.867
1783088380653969592,3.877
1783088380658968604,3.876
1783088380663967122,3.876
1783088380668969985,3.873
1783088380673967256,3.877
1783088380678966734,3.869
1783088380683968234,3.874
1783088380688970946,3.875
1783088380693966432,3.870
1783088380698967263,3.875
1783088380703972224,3.871
1783088380708970904,3.876
1783088380713968997,3.877
1783088380718969179,3.877
1783088380723969171,3.867
1783088380728970968,3.874
1783088380733968333,3.877
1783088380738968005,3.876
1783088380743969263,3.876
1783088380748972040,3.873
1783088380753970560,3.876
1783088380758971647,3.874
1783088380763970489,3.866
1783088380768973234,3.873
1783088380773969682,3.880
1783088380778968988,3.867
1783088380783969158,3.875
1783088380788971108,3.874
1783088380793970039,3.878
1783088380798970222,3.875
1783088380803971734,3.874
1783088380808972897,3.874
1783088380813971455,3.876
1783088380818970245,3.866
1783088380823976515,3.870
1783088380828974480,3.877
1783088380833970824,3.880
1783088380838969701,3.876
1783088380843971045,3.874
1783088380848974809,3.872
1783088380853972751,3.877
1783088380858971960,3.866
1783088380863972172,3.875
1783088380868973694,3.874
1783088380873970867,3.879
1783088380878970914,3.877
1783088380883974478,3.874
1783088380888975830,3.874
1783088380893972126,3.868
1783088380898970786,3.878
1783088380903976128,3.873
1783088380908977561,3.874
1783088380913973146,3.870
1783088380918972257,3.876
1783088380923971605,3.876
1783088380928972453,3.875
1783088380933972557,3.879
1783088380938973168,3.866
1783088380943973445,3.875
1783088380948973231,3.877
1783088380953975913,3.873
1783088380958973329,3.870
1783088380963974714,3.874
1783088380968978696,3.874
1783088380973974542,3.880
1783088380978973508,3.876
1783088380983972694,3.869
1783088380988972448,3.877
1783088380993975102,3.873
1783088380998973886,3.868
1783088381003976906,3.876
1783088381008977588,3.875
1783088381013977103,3.876
1783088381018975821,3.876
1783088381023974586,3.876
1783088381028973673,3.867
1783088381033974800,3.874
1783088381038974190,3.876
1783088381043976268,3.874
1783088381048978661,3.873
1783088381053979571,3.875
1783088381058976778,3.879
1783088381063976184,3.876
1783088381068979000,3.873
1783088381073975667,3.869
1783088381078975602,3.877
1783088381083975922,3.875
1783088381088975430,3.876
1783088381093975400,3.875
1783088381098976326,3.875
1783088381103979352,3.864
1783088381108977504,3.877
1783088381113977452,3.875
1783088381118975748,3.877
1783088381123976657,3.875
1783088381128975817,3.876
1783088381133981389,3.871
1783088381138978003,3.869
1783088381143979885,3.876
1783088381148978331,3.877
1783088381153984455,3.871
1783088381158979575,3.879
1783088381163979278,3.865
1783088381168977880,3.876
1783088381173977760,3.875
1783088381178978140,3.875
1783088381183984594,3.872
1783088381188979844,3.879
1783088381193982245,3.873
1783088381198978304,3.868
1783088381203980356,3.874
1783088381208980020,3.876
1783088381213980264,3.875
1783088381218980736,3.875
1783088381223981939,3.876
1783088381228980025,3.877
1783088381233979930,3.875
1783088381238980174,3.875
1783088381243980639,3.875
1783088381248987613,3.870
1783088381253982415,3.879
1783088381259033669,3.867
1783088381263983007,3.873
1783088381268983873,3.875
1783088381273982003,3.877
1783088381278981109,3.876
1783088381283979760,3.876
1783088381288981026,3.874
1783088381293982314,3.866
1783088381298981686,3.876
1783088381303985188,3.883
1783088381308983196,3.866
1783088381313982072,3.878
1783088381318980658,3.876
1783088381323981536,3.875
1783088381328980143,3.868
1783088381333982873,3.873
1783088381338982137,3.876
1783088381343983183,3.876
1783088381348984095,3.876
1783088381353983789,3.876
1783088381358982991,3.866
1783088381363982561,3.876
1783088381368985625,3.873
1783088381373982777,3.878
1783088381378982404,3.876
1783088381383985245,3.873
1783088381388982685,3.877
1783088381393984962,3.874
1783088381398983184,3.866
1783088381403987138,3.872
1783088381408988360,3.885
1783088381413982138,3.870
1783088381418983000,3.875
1783088381423983547,3.875
1783088381428986896,3.874
1783088381433983790,3.878
1783088381438982877,3.866
1783088381443985037,3.874
1783088381448983928,3.876
1783088381453987419,3.873
1783088381458987881,3.875
1783088381463984471,3.878
1783088381468984725,3.877
1783088381473983955,3.867
1783088381478984269,3.877
1783088381483985089,3.875
1783088381488984158,3.880
1783088381493985932,3.874
1783088381498985069,3.866
1783088381503989704,3.873
1783088381508989761,3.875
1783088381513986952,3.879
1783088381518985387,3.877
1783088381523986965,3.874
1783088381528985114,3.866
1783088381533990763,3.881
1783088381538985906,3.869
1783088381543987248,3.874
1783088381548985899,3.876
1783088381553990044,3.874
1783088381558987887,3.877
1783088381563987949,3.877
1783088381568986191,3.866
1783088381573986735,3.877
1783088381578987445,3.875
1783088381583987003,3.876
1783088381588986457,3.876
1783088381593988200,3.874
1783088381598988796,3.877
1783088381603989925,3.874
1783088381608988388,3.868
1783088381613987945,3.874
1783088381618988830,3.875
1783088381623987658,3.876
1783088381628988008,3.877
1783088381633990782,3.873
1783088381638989648,3.869
1783088381643995663,3.879
1783088381648991557,3.870
1783088381653994202,3.873
1783088381658996623,3.873
1783088381663992739,3.878
1783088381668989177,3.869
1783088381673988471,3.876
1783088381678989302,3.875
1783088381683991099,3.876
1783088381688990442,3.876
1783088381693992435,3.876
1783088381698990320,3.868
1783088381703995311,3.882
1783088381708991949,3.868
1783088381713991948,3.875
1783088381718991012,3.876
1783088381723991700,3.875
1783088381728989970,3.868
1783088381733990401,3.875
1783088381738991063,3.877
1783088381743991984,3.875
1783088381748991746,3.877
1783088381753995493,3.872
1783088381758994615,3.867
1783088381763993081,3.877
1783088381768991687,3.876
1783088381773991745,3.875
1783088381778991455,3.876
1783088381783991942,3.877
1783088381788992079,3.875
1783088381793991877,3.875
1783088381798991076,3.866
1783088381803994389,3.873
1783088381808994198,3.879
1783088381813993905,3.876
1783088381818996483,3.875
1783088381823993206,3.869
1783088381828992024,3.876
1783088381833991407,3.878
1783088381838991436,3.877
1783088381843993263,3.874
1783088381848992932,3.865
1783088381853997350,3.874
1783088381858994632,3.879
1783088381863993510,3.876
1783088381868994197,3.875
1783088381873993555,3.876
1783088381878994777,3.864
1783088381883998971,3.882
1783088381888994407,3.870
1783088381893995285,3.875
1783088381898993350,3.877
1783088381903998447,3.871
1783088381908996286,3.877
1783088381913996787,3.875
1783088381918995609,3.866
1783088381923994952,3.876
1783088381928995382,3.875
1783088381933995050,3.876
1783088381938994482,3.876
1783088381943996112,3.874
1783088381948997347,3.874
1783088381953999621,3.874
1783088381958996908,3.877
1783088381963996092,3.866
1783088381968995719,3.876
1783088381973996369,3.875
1783088381978997203,3.875
1783088381983996777,3.876
1783088381988995464,3.876
1783088381993997913,3.873
1783088381998996695,3.876
1783088382003997809,3.866
1783088382008999775,3.874
1783088382014000327,3.877
1783088382018998516,3.877
1783088382023998496,3.875
1783088382028997247,3.876
1783088382034002241,3.871
1783088382038998008,3.868
1783088382044001182,3.875
1783088382049002066,3.875
1783088382054008134,3.872
1783088382058997996,3.883
1783088382064002022,3.874
1783088382068998285,3.868
1783088382074001043,3.873
1783088382078998109,3.878
1783088382083998351,3.875
1783088382088997911,3.876
1783088382094000951,3.873
1783088382098999277,3.877
1783088382104003819,3.872
1783088382109001022,3.869
1783088382114001222,3.875
1783088382118999093,3.879
1783088382123998685,3.876
1783088382129002049,3.874
1783088382134002564,3.875
1783088382139001925,3.876
1783088382144001624,3.876
1783088382149004781,3.873
1783088382154004526,3.865
1783088382159001224,3.878
1783088382163999797,3.880
1783088382169000655,3.864
1783088382174002528,3.874
1783088382179001306,3.878
1783088382184044188,3.873
1783088382189002522,3.876
1783088382194004797,3.875
1783088382199001315,3.868
1783088382204003102,3.874
1783088382209004343,3.874
1783088382214011425,3.880
1783088382219001247,3.873
1783088382224002993,3.874
1783088382229006480,3.862
1783088382234008716,3.884
1783088382239007979,3.866
1783088382244006745,3.876
1783088382249003968,3.877
1783088382254006266,3.874
1783088382259004646,3.877
1783088382264004479,3.865
1783088382269004314,3.875
1783088382274006170,3.876
1783088382279003013,3.878
1783088382284178302,3.876
1783088382289023780,3.870
1783088382294010079,3.876
1783088382299004141,3.870
1783088382304009979,3.871
1783088382309004920,3.879
1783088382314008495,3.873
1783088382319003422,3.879
1783088382324004655,3.876
1783088382329004293,3.867
1783088382334003485,3.876
1783088382339003065,3.876
1783088382344007487,3.872
1783088382349006665,3.876
1783088382354013838,3.870
1783088382359005654,3.873
1783088382364006300,3.875
1783088382369009142,3.873
1783088382374007988,3.878
1783088382379008527,3.877
1783088382384011844,3.873
1783088382389007850,3.868
1783088382394010475,3.884
1783088382399009086,3.868
1783088382404009220,3.875
1783088382409007119,3.877
1783088382414012020,3.873
1783088382419008207,3.870
1783088382424006553,3.880
1783088382429006536,3.867
1783088382434010038,3.874
1783088382439006738,3.878
1783088382444008614,3.876
1783088382449008176,3.877
1783088382454020314,3.866
1783088382459008156,3.874
1783088382464008388,3.875
1783088382469007100,3.876
1783088382474007918,3.875
1783088382479008244,3.875
1783088382484012382,3.872
1783088382489007008,3.871
1783088382494006575,3.877
1783088382499008208,3.874
1783088382504011899,3.874
1783088382509012742,3.875
1783088382514010563,3.877
1783088382519008807,3.877
1783088382524009385,3.866
1783088382529012097,3.873
1783088382534010835,3.876
1783088382539008738,3.877
1783088382544010363,3.876
1783088382549009890,3.867
1783088382554015875,3.874
1783088382559011058,3.879
1783088382564009299,3.877
1783088382569011130,3.874
1783088382574010084,3.866
1783088382579008474,3.878
1783088382584009200,3.876
1783088382589009415,3.877
1783088382594012512,3.873
1783088382599013046,3.866
1783088382604011988,3.876
1783088382609010471,3.876
1783088382614015671,3.873
1783088382619011615,3.878
1783088382624011720,3.875
1783088382629011231,3.876
1783088382634017233,3.871
1783088382639010771,3.870
1783088382644018469,3.880
1783088382649014472,3.868
1783088382654019645,3.882
1783088382659013568,3.870
1783088382664012432,3.878
1783088382669011416,3.876
1783088382674011788,3.875
1783088382679013700,3.869
1783088382684017322,3.878
1783088382689013542,3.868
1783088382694013810,3.875
1783088382699013124,3.876
1783088382704015686,3.873
1783088382709015788,3.875
1783088382714014391,3.876
1783088382719014165,3.875
1783088382724013789,3.876
1783088382729012717,3.866
1783088382734013005,3.875
1783088382739013243,3.875
1783088382744014860,3.874
1783088382749014494,3.876
1783088382754018171,3.874
1783088382759017285,3.876
1783088382764016927,3.867
1783088382769015294,3.880
1783088382774013436,3.878
1783088382779015395,3.876
1783088382784013794,3.866
1783088382789014230,3.875
1783088382794018868,3.872
1783088382799013994,3.879
1783088382804018784,3.872
1783088382809016846,3.879
1783088382814019357,3.873
1783088382819015739,3.869
1783088382824015151,3.876
1783088382829016258,3.874
1783088382834017827,3.874
1783088382839015665,3.877
1783088382844017541,3.874
1783088382849017235,3.865
1783088382854026697,3.878
1783088382859017623,3.872
1783088382864016656,3.876
1783088382869016835,3.875
1783088382874019421,3.875
1783088382879017496,3.877
1783088382884019328,3.874
1783088382889019113,3.867
1783088382894021782,3.873
1783088382899017076,3.879
1783088382904021938,3.872
1783088382909019712,3.874
1783088382914021954,3.879
1783088382919021295,3.867
1783088382924021058,3.876
1783088382929019585,3.876
1783088382934020171,3.875
1783088382939021185,3.875
1783088382944022139,3.875
1783088382949021773,3.876
1783088382954025723,3.865
1783088382959022893,3.878
1783088382964022812,3.875
1783088382969021705,3.876
1783088382974023852,3.874
1783088382979021274,3.877
1783088382984022047,3.864
1783088382989021802,3.879
1783088382994022035,3.875
1783088382999025006,3.873
1783088383004024864,3.875
1783088383009025162,3.875
1783088383014024152,3.876
1783088383019023386,3.866
1783088383024025502,3.874
1783088383029023847,3.877
1783088383034023176,3.878
1783088383039023887,3.875
1783088383044025253,3.874
1783088383049025774,3.875
1783088383054026932,3.874
1783088383059026821,3.865
1783088383064025989,3.878
1783088383069023912,3.877
1783088383074025497,3.874
1783088383079021607,3.870
1783088383084020505,3.876
1783088383089019892,3.878
1783088383094022069,3.874
1783088383099020335,3.877
1783088383104025453,3.873
1783088383109023632,3.866
1783088383114023826,3.875
1783088383119021986,3.877
1783088383124021262,3.876
1783088383129022289,3.876
1783088383134029100,3.870
1783088383139022825,3.872
1783088383144024489,3.876
1783088383149028580,3.872
1783088383154030454,3.874
1783088383159027397,3.878
1783088383164024035,3.880
1783088383169023213,3.866
1783088383174027337,3.883
1783088383179023889,3.868
1783088383184022968,3.878
1783088383189024285,3.874
1783088383194028495,3.872
1783088383199023328,3.869
1783088383204025651,3.875
1783088383209025122,3.876
1783088383214027411,3.875
1783088383219025926,3.876
1783088383224027268,3.874
1783088383229026462,3.876
1783088383234025232,3.866
1783088383239025992,3.875
1783088383244026484,3.877
1783088383249025834,3.876
1783088383254026393,3.875
1783088383259234255,3.860
1783088383264030272,3.888
1783088383269027590,3.867
1783088383274030673,3.875
1783088383279025927,3.879
1783088383284025537,3.876
1783088383289025983,3.875
1783088383294029177,3.873
1783088383299029219,3.875
1783088383304034125,3.872
1783088383309030424,3.870
1783088383314030957,3.875
1783088383319030535,3.876
1783088383324031209,3.875
1783088383329031092,3.875
1783088383334029611,3.876
1783088383339030734,3.874
1783088383344031282,3.875
1783088383349029968,3.868
1783088383354034287,3.872
1783088383359032926,3.876
1783088383364031690,3.878
1783088383369033032,3.874
1783088383374029943,3.878
1783088383379030992,3.875
1783088383384033757,3.873
1783088383389032355,3.866
1783088383394033251,3.875
1783088383399031199,3.879
1783088383404031611,3.875
1783088383409030009,3.877
1783088383414030631,3.864
1783088383419029362,3.876
1783088383424029491,3.875
1783088383429028345,3.876
1783088383434030458,3.874
1783088383439029565,3.876
1783088383444031500,3.874
1783088383449029842,3.866
1783088383454033316,3.874
1783088383459031070,3.877
1783088383464037748,6.398
1783088383469032514,7.752
1783088383474036043,7.759
1783088383479032999,7.755
1783088383484032613,7.758
1783088383489032077,7.751
1783088383494031789,7.758
1783088383499032946,7.756
1783088383504038305,7.756
1783088383509039437,7.756
1783088383514036593,7.755
1783088383519032685,7.757
1783088383524031102,7.760
1783088383529031827,7.756
1783088383534030833,7.752
1783088383539031571,7.756
1783088383544030998,7.758
1783088383549033363,7.754
1783088383554035666,7.754
1783088383559033808,7.760
1783088383564033474,7.751
1783088383569034121,7.757
1783088383574032806,7.760
1783088383579032008,7.759
1783088383584032790,7.749
1783088383589032526,7.758
1783088383594033586,7.756
1783088383599031873,7.760
1783088383604035923,7.751
1783088383609034880,7.759
1783088383614034529,7.751
1783088383619034353,7.758
1783088383624035715,7.755
1783088383629034501,7.759
1783088383634036131,7.755
1783088383639034989,7.759
1783088383644040760,7.749
1783088383649037530,7.761
1783088383654039887,7.756
1783088383659037817,7.754
1783088383664035600,7.761
1783088383669035826,7.750
1783088383674034934,7.759
1783088383679034238,7.759
1783088383684035917,7.755
1783088383689037590,7.755
1783088383694039148,7.755
1783088383699037637,7.753
1783088383704040748,7.760
1783088383709038202,7.755
1783088383714037391,7.759
1783088383719037347,7.751
1783088383724035267,7.761
1783088383729036959,7.755
1783088383734037465,7.757
1783088383739036780,7.759
1783088383744037174,7.750
1783088383749040355,7.760
1783088383754041623,7.756
1783088383759041940,7.750
1783088383764039061,7.762
1783088383769038217,7.752
1783088383774037314,7.759
1783088383779038480,7.756
1783088383784039079,7.757
1783088383789037428,7.753
1783088383794038570,7.756
1783088383799038337,7.758
1783088383804040155,7.755
1783088383809041208,7.756
1783088383814040106,7.759
1783088383819040879,7.756
1783088383824040869,7.751
1783088383829038936,7.761
1783088383834039767,7.756
1783088383839039278,7.758
1783088383844040903,7.748
1783088383849041065,7.757
1783088383854044683,7.759
1783088383859040929,7.756
1783088383864040563,7.758
1783088383869040670,7.750
1783088383874038454,7.761
1783088383879039198,7.756
1783088383884043528,7.751
1783088383889042010,7.760
1783088383894041522,7.751
1783088383899038874,7.762
1783088383904044853,7.755
1783088383909043177,7.753
1783088383914042295,7.759
1783088383919042273,7.751
1783088383924041685,7.758
1783088383929040823,7.759
1783088383934040416,7.753
1783088383939041058,7.757
1783088383944041445,7.755
1783088383949041761,7.757
1783088383954045217,7.759
1783088383959043447,7.753
1783088383964042605,7.759
1783088383969042019,7.752
1783088383974042601,7.757
1783088383979043788,7.756
1783088383984043026,7.759
1783088383989042628,7.758
1783088383994042773,7.750
1783088383999041450,7.760
1783088384004044842,7.752
1783088384009047508,7.760
1783088384014048450,7.756
1783088384019045409,7.755
1783088384024044326,7.752
1783088384029042533,7.760
1783088384034043323,7.756
1783088384039043661,7.750
1783088384044043314,7.758
1783088384049045617,7.756
1783088384054047439,7.760
1783088384059045229,7.754
1783088384064044503,7.757
1783088384069045229,7.758
1783088384074048163,7.753
1783088384079045299,7.755
1783088384084050714,7.749
1783088384089044461,7.767
1783088384094049388,7.755
1783088384099044977,7.752
1783088384104049416,7.758
1783088384109047206,7.754
1783088384114049352,7.761
1783088384119045964,7.756
1783088384124044324,7.753
1783088384129045466,7.756
1783088384134050998,7.756
1783088384139047023,7.757
1783088384144046228,7.759
1783088384149046614,7.750
1783088384154050583,7.758
1783088384159047955,7.755
1783088384164057457,7.753
1783088384169049797,7.759
1783088384174046770,7.755
1783088384179045283,7.760
1783088384184046506,7.756
1783088384189049112,7.754
1783088384194048135,7.759
1783088384199049304,7.756
1783088384204046691,7.755
1783088384209046770,7.757
1783088384214072013,7.753
1783088384219046764,7.755
1783088384224049534,7.760
1783088384229055068,7.742
1783088384234052014,7.769
1783088384239050380,7.753
1783088384244053674,7.759
1783088384249050816,7.755
1783088384254055086,7.758
1783088384259265897,7.756
1783088384264061970,7.755
1783088384269050432,7.755
1783088384274048945,7.760
1783088384279048965,7.751
1783088384284051043,7.754
1783088384289051121,7.757
1783088384294055767,7.757
1783088384299051645,7.757
1783088384304054613,7.753
1783088384309052326,7.759
1783088384314054203,7.756
1783088384319050874,7.756
1783088384324049858,7.752
1783088384329051758,7.755
1783088384334053802,7.761
1783088384339050172,7.756
1783088384344049656,7.751
1783088384349052383,7.760
1783088384354057900,7.756
1783088384359053104,7.758
1783088384364052350,7.752
1783088384369054761,7.761
1783088384374054884,7.750
1783088384379054350,7.758
1783088384384056464,7.754
1783088384389055643,7.759
1783088384394057631,7.754
1783088384399060729,7.760
1783088384404055020,7.753
1783088384409052919,7.754
1783088384414052125,7.759
1783088384419052595,7.757
1783088384424053398,7.756
1783088384429053978,7.750
1783088384434053845,7.754
1783088384439051952,7.764
1783088384444052821,7.756
1783088384449054368,7.755
1783088384454057298,7.753
1783088384459055314,7.761
1783088384464054014,7.753
1783088384469052677,7.760
1783088384474053336,7.757
1783088384479053252,7.751
1783088384484053984,7.756
1783088384489053224,7.759
1783088384494053462,7.757
1783088384499054031,7.757
1783088384504058222,7.751
1783088384509057689,7.758
1783088384514056687,7.752
1783088384519056461,7.758
1783088384524055351,7.759
1783088384529054505,7.752
1783088384534059085,7.757
1783088384539054321,7.758
1783088384544055721,7.755
1783088384549056326,7.757
1783088384554061712,7.756
1783088384559055717,7.753
1783088384564055288,7.758
1783088384569056142,7.756
1783088384574059230,7.760
1783088384579056034,7.749
1783088384584055156,7.759
1783088384589055466,7.757
1783088384594059496,7.758
1783088384599057442,7.754
1783088384604058689,7.756
1783088384609056867,7.753
1783088384614061621,7.757
1783088384619057125,7.758
1783088384624057161,7.758
1783088384629061561,7.751
1783088384634059653,7.761
1783088384639059277,7.751
1783088384644063697,7.758
1783088384649061532,7.754
1783088384654065081,7.759
1783088384659059230,7.758
1783088384664058482,7.754
1783088384669059159,7.757
1783088384674058126,7.759
1783088384679058372,7.750
1783088384684057672,7.759
1783088384689057972,7.757
1783088384694060370,7.754
1783088384699060544,7.757
1783088384704063618,7.753
1783088384709063473,7.758
1783088384714063627,7.757
1783088384719061480,7.754
1783088384724060223,7.760
1783088384729059217,7.752
1783088384734062534,7.759
1783088384739060301,7.754
1783088384744059944,7.758
1783088384749061810,7.755
1783088384754066208,7.758
1783088384759065281,7.752
1783088384764060264,7.758
1783088384769061457,7.756
1783088384774069919,7.758
1783088384779061773,7.756
1783088384784060548,7.753
1783088384789060438,7.758
1783088384794063372,7.760
1783088384799079538,7.726
1783088384804069332,7.780
1783088384809063462,7.760
1783088384814063664,7.757
1783088384819061069,7.755
1783088384824062136,7.756
1783088384829061734,7.758
1783088384834063330,7.755
1783088384839062350,7.752
1783088384844062313,7.758
1783088384849063072,7.756
1783088384854067849,7.757
1783088384859064387,7.756
1783088384864062237,7.754
1783088384869061979,7.758
1783088384874063842,7.755
1783088384879062264,7.757
1783088384884065422,7.756
1783088384889068516,7.760
1783088384894063986,7.751
1783088384899062352,7.760
1783088384904068319,7.750
1783088384909065308,7.761
1783088384914068145,7.753
1783088384919065148,7.755
1783088384924064186,7.759
1783088384929064920,7.756
1783088384934066354,7.755
1783088384939065208,7.759
1783088384944064759,7.751
1783088384949067017,7.754
1783088384954071910,7.757
1783088384959065633,7.760
1783088384964065663,7.752
1783088384969065353,7.756
1783088384974067647,7.761
1783088384979065649,7.754
1783088384984064855,7.759
1783088384989066398,7.748
1783088384994068062,7.762
1783088384999065867,7.754
1783088385004068916,7.753
1783088385009069144,7.757
1783088385014071347,7.761
1783088385019067925,7.756
1783088385024066049,7.754
1783088385029066790,7.756
1783088385034069481,7.753
1783088385039066132,7.758
1783088385044066064,7.756
1783088385049068301,7.754
1783088385054074908,7.754
1783088385059068531,7.761
1783088385064068573,7.758
1783088385069068767,7.750
1783088385074067877,7.759
1783088385079068083,7.757
1783088385084066665,7.760
1783088385089071059,7.751
1783088385094067658,7.756
1783088385099067147,7.758
1783088385104071478,7.758
1783088385109070351,7.752
1783088385114071445,7.756
1783088385119071483,7.758
1783088385124068245,7.756
1783088385129068643,7.757
1783088385134073126,7.751
1783088385139070728,7.761
1783088385144069218,7.753
1783088385149069195,7.758
1783088385154075860,7.754
1783088385159069764,7.760
1783088385164070291,7.757
1783088385169068933,7.753
1783088385174072613,7.759
1783088385179069969,7.755
1783088385184071518,7.755
1783088385189070845,7.759
1783088385194074951,7.758
1783088385199071218,7.750
1783088385204073039,7.762
1783088385209069785,7.756
1783088385214072936,7.753
1783088385219070183,7.755
1783088385224072036,7.762
1783088385229072113,7.751
1783088385234075610,7.759
1783088385239071194,7.757
1783088385244072884,7.755
1783088385249074584,7.755
1783088385254078196,7.752
1783088385259358197,7.759
1783088385264073920,7.755
1783088385269073294,7.759
1783088385274075320,7.754
1783088385279072794,7.755
1783088385284072673,7.758
1783088385289071847,7.759
1783088385294074434,7.754
1783088385299073025,7.753
1783088385304078143,7.757
1783088385309076450,7.753
1783088385314075005,7.760
1783088385319075279,7.757
1783088385324074229,7.756
1783088385329074393,7.754
1783088385334074761,7.757
1783088385339073331,7.760
1783088385344072866,7.758
1783088385349075051,7.754
1783088385354078173,7.753
1783088385359078771,7.757
1783088385364074610,7.757
1783088385369074320,7.758
1783088385374078066,7.752
1783088385379075772,7.754
1783088385384078742,7.760
1783088385389075696,7.755
1783088385394079254,7.759
1783088385399076461,7.755
1783088385404078710,7.754
1783088385409075932,7.755
1783088385414076114,7.757
1783088385419075506,7.759
1783088385424075217,7.751
1783088385429075553,7.757
1783088385434075293,7.758
1783088385439075629,7.757
1783088385444078223,7.754
1783088385449076793,7.760
1783088385454078786,7.754
1783088385459078077,7.752
1783088385464075849,7.761
1783088385469077169,7.756
1783088385474076072,7.752
1783088385479075518,7.758
1783088385484075976,7.757
1783088385489076534,7.757
1783088385494076645,7.757
1783088385499076134,7.751
1783088385504080824,7.757
1783088385509081754,7.756
1783088385514077976,7.757
1783088385519078410,7.757
1783088385524078404,7.758
1783088385529078377,7.751
1783088385534082037,7.759
1783088385539079786,7.754
1783088385544077031,7.762
1783088385549078307,7.756
1783088385554081353,7.753
1783088385559078471,7.755
1783088385564079441,7.756
1783088385569078103,7.760
1783088385574078994,7.754
1783088385579078852,7.753
1783088385584078521,7.758
1783088385589078672,7.757
1783088385594080520,7.755
1783088385599080228,7.758
1783088385604082461,7.754
1783088385609079892,7.755
1783088385614079974,7.757
1783088385619079960,7.758
1783088385624078388,7.753
1783088385629080880,7.761
1783088385634081599,7.756
1783088385639080317,7.753
1783088385644085942,7.756
1783088385649083831,7.761
1783088385654084487,7.750
1783088385659086321,7.755
1783088385664079565,7.761
1783088385669080953,7.755
1783088385674080080,7.759
1783088385679083605,7.752
1783088385684080376,7.756
1783088385689080605,7.757
1783088385694083223,7.760
1783088385699081012,7.754
1783088385704086010,7.752
1783088385709083841,7.759
1783088385714087275,7.745
1783088385719081958,7.766
1783088385724082368,7.757
1783088385729081960,7.758
1783088385734081656,7.751
1783088385739080890,7.759
1783088385744085134,7.758
1783088385749083233,7.754
1783088385754086376,7.753
1783088385759086336,7.758
1783088385764083367,7.755
1783088385769083493,7.757
1783088385774083163,7.758
1783088385779085327,7.754
1783088385784083153,7.754
1783088385789084131,7.756
1783088385794083908,7.758
1783088385799084503,7.757
1783088385804087529,7.753
1783088385809085683,7.760
1783088385814085086,7.758
1783088385819085455,7.750
1783088385824084606,7.759
1783088385829084215,7.758
1783088385834083669,7.751
1783088385839083920,7.757
1783088385844087630,7.759
1783088385849085142,7.754
1783088385854089458,7.751
1783088385859081569,7.756
1783088385864071159,7.767
1783088385869070971,7.758
1783088385874071512,7.757
1783088385879077892,7.755
1783088385884076799,7.752
1783088385889076104,7.759
1783088385894079600,7.752
1783088385899083807,7.758
1783088385904090803,7.747
1783088385909088221,7.762
1783088385914087197,7.759
1783088385919091285,7.751
1783088385924086273,7.758
1783088385929086790,7.757
1783088385934086171,7.752
1783088385939088998,7.760
1783088385944087338,7.753
1783088385949088302,7.756
1783088385954091540,7.753
1783088385959091262,7.758
1783088385964089578,7.760
1783088385969089456,7.758
1783088385974087876,7.753
1783088385979091006,7.754
1783088385984087388,7.755
1783088385989087143,7.758
1783088385994087672,7.757
1783088385999091457,7.759
1783088386004091344,7.751
1783088386009092179,7.756
1783088386014090401,7.760
1783088386019092502,7.754
1783088386024089382,7.755
1783088386029088515,7.759
1783088386034088983,7.757
1783088386039091843,7.753
1783088386044087941,7.757
1783088386049091259,7.752
1783088386054093529,7.761
1783088386059094743,7.756
1783088386064089265,7.752
1783088386069089764,7.757
1783088386074090370,7.757
1783088386079092960,7.754
1783088386084088492,7.758
1783088386089090521,7.761
1783088386094089279,7.753
1783088386099092948,7.759
1783088386104094778,7.755
1783088386109093460,7.753
1783088386114094166,7.756
1783088386119097217,7.760
1783088386124093122,7.750
1783088386129089707,7.763
1783088386134094765,7.750
1783088386139091901,7.757
1783088386144091791,7.756
1783088386149092379,7.757
1783088386154099439,7.754
1783088386159095081,7.764
1783088386164092203,7.755
1783088386169092019,7.751
1783088386174091879,7.758
1783088386179095607,7.759
1783088386184091059,7.758
1783088386189091933,7.756
1783088386194101644,7.756
1783088386199096242,7.752
1783088386204091646,7.758
1783088386209094356,7.753
1783088386214092329,7.754
1783088386219095442,7.760
1783088386224092845,7.755
1783088386229095194,7.754
1783088386234095856,7.757
1783088386239093387,7.761
1783088386244095191,7.755
1783088386249095539,7.750
1783088386254096972,7.762
1783088386259303127,7.756
1783088386264111001,7.751
1783088386269096068,7.760
1783088386274095452,7.753
1783088386279097348,7.760
1783088386284095347,7.754
1783088386289093715,7.760
1783088386294093652,7.751
1783088386299098311,7.757
1783088386304098405,7.757
1783088386309097086,7.753
1783088386314096284,7.759
1783088386319097827,7.755
1783088386324095286,7.755
1783088386329096642,7.755
1783088386334098109,7.755
1783088386339101092,7.760
1783088386344097474,7.756
1783088386349097392,7.758
1783088386354101170,7.752
1783088386359101121,7.758
1783088386364097210,7.757
1783088386369096795,7.758
1783088386374097682,7.756
1783088386379099979,7.754
1783088386384098943,7.752
1783088386389097333,7.760
1783088386394098499,7.756
1783088386399097313,7.752
1783088386404099776,7.761
1783088386409098040,7.753
1783088386414100032,7.754
1783088386419101802,7.762
1783088386424098323,7.756
1783088386429097585,7.752
1783088386434097439,7.758
1783088386439097546,7.757
1783088386444097392,7.754
1783088386449100150,7.757
1783088386454102152,7.754
1783088386459104490,7.754
1783088386464098604,7.760
1783088386469099103,7.757
1783088386474098521,7.752
1783088386479100133,7.760
1783088386484099065,7.754
1783088386489099299,7.757
1783088386494100473,7.756
1783088386499102618,7.754
1783088386504103997,7.755
1783088386509103961,7.758
1783088386514101485,7.754
1783088386519103971,7.761
1783088386524100705,7.756
1783088386529100243,7.751
1783088386534103954,7.759
1783088386539099899,7.757
1783088386544102921,7.753
1783088386549101076,7.760
1783088386554104250,7.753
1783088386559102892,7.760
1783088386564104606,7.755
1783088386569101619,7.755
1783088386574101184,7.758
1783088386579101789,7.757
1783088386584100642,7.752
1783088386589101260,7.757
1783088386594102769,7.755
1783088386599101387,7.760
1783088386604104283,7.753
1783088386609102932,7.753
1783088386614103107,7.757
1783088386619102527,7.758
1783088386624102555,7.758
1783088386629105053,7.754
1783088386634105003,7.758
1783088386639102030,7.755
1783088386644108064,7.755
1783088386649105617,7.754
1783088386654109015,7.759
1783088386659108302,7.752
1783088386664104155,7.757
1783088386669104454,7.757
1783088386674104784,7.757
1783088386679102526,7.756
1783088386684103102,7.755
1783088386689103774,7.757
1783088386694103300,7.758
1783088386699108594,7.756
1783088386704109260,7.750
1783088386709106183,7.762
1783088386714105165,7.752
1783088386719109099,7.758
1783088386724108552,7.758
1783088386729104106,7.758
1783088386734104488,7.750
1783088386739108553,7.758
1783088386744104673,7.757
1783088386749106731,7.754
1783088386754109093,7.754
1783088386759109355,7.757
1783088386764108686,7.759
1783088386769108031,7.752
1783088386774106986,7.759
1783088386779104900,7.754
1783088386784105981,7.756
1783088386789105992,7.758
1783088386794106238,7.757
1783088386799105500,7.759
1783088386804111398,7.748
1783088386809108876,7.761
1783088386814108823,7.758
1783088386819108168,7.752
1783088386824106975,7.759
1783088386829107661,7.757
1783088386834107899,7.757
1783088386839109121,7.756
1783088386844107359,7.753
1783088386849108225,7.756
1783088386854111143,7.753
1783088386859111897,7.763
1783088386864107775,7.750
1783088386869109189,7.755
1783088386874106989,7.761
1783088386879107433,7.757
1783088386884111879,7.751
1783088386889110490,7.760
1783088386894108787,7.753
1783088386899108681,7.758
1783088386904113608,7.757
1783088386909111550,7.754
1783088386914109192,7.761
1783088386919108686,7.751
1783088386924109268,7.757
1783088386929108995,7.758
1783088386934110172,7.756
1783088386939108862,7.753
1783088386944109140,7.757
1783088386949110347,7.756
1783088386954114892,7.757
1783088386959112578,7.754
1783088386964110035,7.756
1783088386969111585,7.760
1783088386974110283,7.753
1783088386979111039,7.756
1783088386984110194,7.759
1783088386989111032,7.756
1783088386994110705,7.751
1783088386999112527,7.755
1783088387004113701,7.756
1783088387009115337,7.755
1783088387014112226,7.762
1783088387019112931,7.756
1783088387024114490,7.755
1783088387029111976,7.755
1783088387034111440,7.758
1783088387039111344,7.753
1783088387044110902,7.757
1783088387049112824,7.755
1783088387054116409,7.759
1783088387059115592,7.752
1783088387064112982,7.755
1783088387069112594,7.758
1783088387074112207,7.758
1783088387079111376,7.759
1783088387084112930,7.755
1783088387089116239,7.752
1783088387094112050,7.757
1783088387099113005,7.756
1783088387104117059,7.758
1783088387109115181,7.754
1783088387114113923,7.760
1783088387119114517,7.750
1783088387124113011,7.760
1783088387129114803,7.755
1783088387134117160,7.754
1783088387139114953,7.761
1783088387144114927,7.751
1783088387149115402,7.757
1783088387154121767,7.755
1783088387159118609,7.762
1783088387164117472,7.752
1783088387169117341,7.758
1783088387174117381,7.758
1783088387179118166,7.756
1783088387184115845,7.754
1783088387189115119,7.759
1783088387194115164,7.751
1783088387199116197,7.756
1783088387204115724,7.758
1783088387209120078,7.751
1783088387214116961,7.762
1783088387219116062,7.759
1783088387224118117,7.754
1783088387229116699,7.753
1783088387234116218,7.758
1783088387239117599,7.755
1783088387244119999,7.747
1783088387249117787,7.768
1783088387254119950,7.749
1783088387259120052,7.756
1783088387264120952,7.763
1783088387269119192,7.753
1783088387274120686,7.755
1783088387279131993,7.754
1783088387284120364,7.762
1783088387289178451,7.751
1783088387294117662,7.762
1783088387299118332,7.750
1783088387304126358,7.759
1783088387309120084,7.753
1783088387314118352,7.760
1783088387319117237,7.759
1783088387324122943,7.749
1783088387329118061,7.758
1783088387334118678,7.757
1783088387339119473,7.756
1783088387344127609,7.745
1783088387349120433,7.769
1783088387354123187,7.753
1783088387359120643,7.755
1783088387364128001,7.753
1783088387369123210,7.758
1783088387374119859,7.763
1783088387379120017,7.750
1783088387384126235,7.755
1783088387389120598,7.759
1783088387394121216,7.757
1783088387399121258,7.758
1783088387404128107,7.754
1783088387409123366,7.755
1783088387414121062,7.758
1783088387419121954,7.756
1783088387424124058,7.754
1783088387429120718,7.756
1783088387434122352,7.755
1783088387439121507,7.759
1783088387444122492,7.756
1783088387449123679,7.756
1783088387454125161,7.755
1783088387459123277,7.754
1783088387464126148,7.760
1783088387469122519,7.756
1783088387474123679,7.756
1783088387479122111,7.753
1783088387484122387,7.757
1783088387489126659,7.751
1783088387494122413,7.764
1783088387499122371,7.758
1783088387504127302,7.750
1783088387509126980,7.758
1783088387514124609,7.754
1783088387519124020,7.758
1783088387524122962,7.759
1783088387529123928,7.749
1783088387534126708,7.760
1783088387539123899,7.755
1783088387544122983,7.759
1783088387549125536,7.754
1783088387554127401,7.755
1783088387559125653,7.760
1783088387564126406,7.749
1783088387569124762,7.760
1783088387574125079,7.757
1783088387579124865,7.758
1783088387584124009,7.752
1783088387589123680,7.758
1783088387594124520,7.756
1783088387599125293,7.756
1783088387604131247,7.755
1783088387609125387,7.753
1783088387614125176,7.758
1783088387619124734,7.758
1783088387624127474,7.753
1783088387629124405,7.755
1783088387634127870,7.759
1783088387639126654,7.753
1783088387644134195,7.760
1783088387649128670,7.752
1783088387654129784,7.756
1783088387659127528,7.761
1783088387664129576,7.754
1783088387669127644,7.754
1783088387674126532,7.759
1783088387679124760,7.753
1783088387684129798,7.757
1783088387689125683,7.757
1783088387694126805,7.756
1783088387699130238,7.752
1783088387704132205,7.755
1783088387709129051,7.762
1783088387714129132,7.751
1783088387719127267,7.760
1783088387724126749,7.758
1783088387729128127,7.755
1783088387734129139,7.749
1783088387739128143,7.759
1783088387744138957,7.755
1783088387749129093,7.759
1783088387754133423,7.758
1783088387759131684,7.753
1783088387764133093,7.755
1783088387769129823,7.756
1783088387774128850,7.759
1783088387779128812,7.758
1783088387784131478,7.753
1783088387789129244,7.754
1783088387794128782,7.758
1783088387799129261,7.757
1783088387804131752,7.754
1783088387809130544,7.759
1783088387814130261,7.751
1783088387819129257,7.756
1783088387824130666,7.759
1783088387829132197,7.755
1783088387834130691,7.756
1783088387839130505,7.754
1783088387844130151,7.758
1783088387849131509,7.755
1783088387854133542,7.754
1783088387859133283,7.758
1783088387864136849,7.757
1783088387869132049,7.753
1783088387874131067,7.759
1783088387879131363,7.757
1783088387884136428,7.750
1783088387889135541,7.759
1783088387894131343,7.757
1783088387899132508,7.756
1783088387904137912,7.756
1783088387909133614,7.757
1783088387914133316,7.758
1783088387919132216,7.752
1783088387924134700,7.761
1783088387929132646,7.754
1783088387934132740,7.757
1783088387939132262,7.751
1783088387944135464,7.760
1783088387949134502,7.752
1783088387954136625,7.754
1783088387959135259,7.760
1783088387964133416,7.754
1783088387969133575,7.757
1783088387974135105,7.755
1783088387979137192,7.761
1783088387984138293,7.756
1783088387989136519,7.753
1783088387994137165,7.757
1783088387999137683,7.757
1783088388004139146,7.755
1783088388009141948,7.753
1783088388014141122,7.759
1783088388019138660,7.754
1783088388024137106,7.760
1783088388029138024,7.756
1783088388034144718,7.754
1783088388039138520,7.753
1783088388044138772,7.757
1783088388049138700,7.758
1783088388054142118,7.752
1783088388059141580,7.758
1783088388064139023,7.755
1783088388069139281,7.757
1783088388074140286,7.756
1783088388079139632,7.759
1783088388084138606,7.752
1783088388089139304,7.756
1783088388094139743,7.757
1783088388099138989,7.759
1783088388104143591,7.750
1783088388109142097,7.760
1783088388114141859,7.758
1783088388119141031,7.752
1783088388124139547,7.760
1783088388129140958,7.755
1783088388134138818,7.754
1783088388139138270,7.758
1783088388144140342,7.754
1783088388149137521,7.755
1783088388154142308,7.757
1783088388159138176,7.757
1783088388164142200,7.758
1783088388169141898,7.751
1783088388174138563,7.756
1783088388179136922,7.760
1783088388184140752,7.753
1783088388189138551,7.759
1783088388194139264,7.756
1783088388199139215,7.751
1783088388204142300,7.753
1783088388209139295,7.762
1783088388214141641,7.754
1783088388219139118,7.755
1783088388224141431,7.754
1783088388229140071,7.760
1783088388234140129,7.757
1783088388239140559,7.757
1783088388244140685,7.757
1783088388249141152,7.757
1783088388254143453,7.754
1783088388259141864,7.753
1783088388264141428,7.755
1783088388269142860,7.759
1783088388274141504,7.760
1783088388279141900,7.752
1783088388284143234,7.761
1783088388289144820,7.755
1783088388294141490,7.756
1783088388299139984,7.753
1783088388304148270,7.759
1783088388309142191,7.753
1783088388314142674,7.757
1783088388319142034,7.759
1783088388324142032,7.752
1783088388329142413,7.755
1783088388334143475,7.756
1783088388339143745,7.757
1783088388344142490,7.760
1783088388349141995,7.758
1783088388354146879,7.750
1783088388359144521,7.761
1783088388364142543,7.754
1783088388369144927,7.754
1783088388374141726,7.756
1783088388379142869,7.756
1783088388384151347,7.758
1783088388389147425,7.757
1783088388394145498,7.754
1783088388399143238,7.761
1783088388404150174,7.754
1783088388409144838,7.752
1783088388414131060,7.765
1783088388419129378,7.760
1783088388424135429,7.748
1783088388429132131,7.763
1783088388434135898,7.752
1783088388439137094,7.756
1783088388444146546,7.750
1783088388449143611,7.755
1783088388454147224,7.759
1783088388459144627,7.755
1783088388464148297,7.759
1783088388469146723,7.753
1783088388474145047,7.760
1783088388479144823,7.751
1783088388484144113,7.759
1783088388489145395,7.756
1783088388494145998,7.757
1783088388499146139,7.757
1783088388504149243,7.753
1783088388509150663,7.755
1783088388514147670,7.755
1783088388519146718,7.759
1783088388524145701,7.752
1783088388529147584,7.762
1783088388534146278,7.753
1783088388539146322,7.757
1783088388544149606,7.759
1783088388549146164,7.751
1783088388554151475,7.755
1783088388559148820,7.762
1783088388564147802,7.752
1783088388569148211,7.757
1783088388574148035,7.758
1783088388579148445,7.757
1783088388584147172,7.753
1783088388589147577,7.757
1783088388594147791,7.757
1783088388599148725,7.756
1783088388604151099,7.754
1783088388609150077,7.752
1783088388614148507,7.760
1783088388619149897,7.755
1783088388624148575,7.760
1783088388629148897,7.750
1783088388634151920,7.760
1783088388639150138,7.753
1783088388644156055,7.755
1783088388649151802,7.757
1783088388654155451,7.759
1783088388659152889,7.755
1783088388664150772,7.754
1783088388669150922,7.757
1783088388674150790,7.758
1783088388679148783,7.754
1783088388684153608,7.757
1783088388689149378,7.757
1783088388694150636,7.756
1783088388699153039,7.754
1783088388704155657,7.754
1783088388709151719,7.757
1783088388714151893,7.757
1783088388719152841,7.756
1783088388724151925,7.759
1783088388729151389,7.758
1783088388734151181,7.751
1783088388739151365,7.757
1783088388744154129,7.760
1783088388749152303,7.753
1783088388754156593,7.751
1783088388759155847,7.759
1783088388764153761,7.754
1783088388769153923,7.757
1783088388774154450,7.757
1783088388779153249,7.759
1783088388784153290,7.756
1783088388789152759,7.753
1783088388794153262,7.757
1783088388799152056,7.759
1783088388804157458,7.749
1783088388809158433,7.756
1783088388814153810,7.758
1783088388819152689,7.759
1783088388824153846,7.756
1783088388829153853,7.758
1783088388834154391,7.750
1783088388839154776,7.757
1783088388844153374,7.760
1783088388849153563,7.757
1783088388854156595,7.753
1783088388859157381,7.756
1783088388864155055,7.754
1783088388869155309,7.757
1783088388874156101,7.756
1783088388879155053,7.752
1783088388884156848,7.762
1783088388889156102,7.752
1783088388894156586,7.757
1783088388899154553,7.754
1783088388904160344,7.756
1783088388909158473,7.760
1783088388914157480,7.752
1783088388919155786,7.760
1783088388924156368,7.757
1783088388929155178,7.752
1783088388934156830,7.755
1783088388939157358,7.757
1783088388944158567,7.756
1783088388949155714,7.762
1783088388954160012,7.751
1783088388959158386,7.760
1783088388964160021,7.750
1783088388969160077,7.756
1783088388974163481,7.752
1783088388979157483,7.767
1783088388984155833,7.753
1783088388989156823,7.756
1783088388994156741,7.758
1783088388999156259,7.758
1783088389004160533,7.751
1783088389009163487,7.753
1783088389014157909,7.759
1783088389019158198,7.757
1783088389024158163,7.758
1783088389029159567,7.755
1783088389034158152,7.753
1783088389039157958,7.758
1783088389044157118,7.759
1783088389049157426,7.750
1783088389054161854,7.758
1783088389059160765,7.759
1783088389064160134,7.752
1783088389069159312,7.759
1783088389074159802,7.757
1783088389079158904,7.752
1783088389084158351,7.758
1783088389089159680,7.756
1783088389094160783,7.756
1783088389099160047,7.759
1783088389104163545,7.752
1783088389109161649,7.761
1783088389114160264,7.753
1783088389119165069,7.750
1783088389124160387,7.765
1783088389129161353,7.756
1783088389134163088,7.755
1783088389139162250,7.759
1783088389144161188,7.752
1783088389149160066,7.759
1783088389154164824,7.750
1783088389159167630,7.760
1783088389164160755,7.754
1783088389169161580,7.756
1783088389174160851,7.759
1783088389179161064,7.757
1783088389184160908,7.751
1783088389189160906,7.758
1783088389194163396,7.754
1783088389199160888,7.761
1783088389204161960,7.756
1783088389209163165,7.749
1783088389214162709,7.758
1783088389219161570,7.759
1783088389224168839,7.753
1783088389229167250,7.760
1783088389234164375,7.755
1783088389239164043,7.751
1783088389244164271,7.757
1783088389249165675,7.755
1783088389254166287,7.757
1783088389259165524,7.759
1783088389264175489,7.756
1783088389269168451,7.755
1783088389274164373,7.757
1783088389279162911,7.753
1783088389284163462,7.757
1783088389289166036,7.760
1783088389294164885,7.752
1783088389299163856,7.759
1783088389304168768,7.750
1783088389309166524,7.761
1783088389314165137,7.753
1783088389319165297,7.757
1783088389324163635,7.760
1783088389329164478,7.749
1783088389334163991,7.758
1783088389339165673,7.755
1783088389344169807,7.758
1783088389349164785,7.758
1783088389354170762,7.748
1783088389359167545,7.763
1783088389364165379,7.754
1783088389369166111,7.756
1783088389374165281,7.759
1783088389379165397,7.750
1783088389384170105,7.757
1783088389389167190,7.755
1783088389394166207,7.759
1783088389399165241,7.759
1783088389404171332,7.753
1783088389409174827,7.754
1783088389414171624,7.756
1783088389419169206,7.754
1783088389424166044,7.762
1783088389429169874,7.752
1783088389434166728,7.756
1783088389439165901,7.759
1783088389444166842,7.756
1783088389449170186,7.759
1783088389454172278,7.754
1783088389459170290,7.754
1783088389464168145,7.759
1783088389469171259,7.754
1783088389474168276,7.755
1783088389479168334,7.757
1783088389484167688,7.752
1783088389489170355,7.760
1783088389494168329,7.754
1783088389499167446,7.759
1783088389504172777,7.756
1783088389509176487,7.752
1783088389514169135,7.762
1783088389519170279,7.749
1783088389524170003,7.758
1783088389529169055,7.759
1783088389534173967,7.757
1783088389539169867,7.757
1783088389544169349,7.751
1783088389549169359,7.758
1783088389554173274,7.751
1783088389559173072,7.758
1783088389564171830,7.759
1783088389569176675,7.757
1783088389574169339,7.755
1783088389579170868,7.755
1783088389584169866,7.759
1783088389589173453,7.752
1783088389594170486,7.755
1783088389599170608,7.757
1783088389604171973,7.755
1783088389609174033,7.754
1783088389614172699,7.760
1783088389619170516,7.754
1783088389624170978,7.757
1783088389629170637,7.758
1783088389634173315,7.753
1783088389639173692,7.757
1783088389644177635,7.751
1783088389649177203,7.758
1783088389654178588,7.755
1783088389659175597,7.755
1783088389664173271,7.761
1783088389669174795,7.755
1783088389674172353,7.754
1783088389679172086,7.758
1783088389684170935,7.759
1783088389689171890,7.749
1783088389694172491,7.757
1783088389699174896,7.754
1783088389704178076,7.760
1783088389709174814,7.756
1783088389714173888,7.759
1783088389719173398,7.751
1783088389724172316,7.759
1783088389729172565,7.757
1783088389734173748,7.756
1783088389739173454,7.751
1783088389744173288,7.758
1783088389749173339,7.757
1783088389754177713,7.758
1783088389759177943,7.752
1783088389764177541,7.756
1783088389769175487,7.754
1783088389774174705,7.759
1783088389779175965,7.756
1783088389784174798,7.759
1783088389789174451,7.753
1783088389794174774,7.755
1783088389799174752,7.758
1783088389804179081,7.758
1783088389809184868,7.756
1783088389814175812,7.758
1783088389819176212,7.750
1783088389824177161,7.763
1783088389829177432,7.750
1783088389834175584,7.760
1783088389839175708,7.757
1783088389844174606,7.752
1783088389849174952,7.757
1783088389854178866,7.752
1783088389859179042,7.757
1783088389864176826,7.761
1783088389869180809,7.751
1783088389874179009,7.760
1783088389879176509,7.755
1783088389884180211,7.752
1783088389889183625,7.759
1783088389894179041,7.758
1783088389899177301,7.753
1783088389904182530,7.756
1783088389909183310,7.756
1783088389914179033,7.757
1783088389919177873,7.752
1783088389924177149,7.759
1783088389929179626,7.761
1783088389934178284,7.753
1783088389939177037,7.754
1783088389944178875,7.760
1783088389949177893,7.752
1783088389954183027,7.757
1783088389959182896,7.751
1783088389964179568,7.763
1783088389969179560,7.758
1783088389974179720,7.750
1783088389979179318,7.758
1783088389984178892,7.758
1783088389989182974,7.758
1783088389994179408,7.751
1783088389999179314,7.756
1783088390004185779,7.754
1783088390009186415,7.757
1783088390014184648,7.760
1783088390019184413,7.758
1783088390024183659,7.752
1783088390029182743,7.759
1783088390034184661,7.755
1783088390039180219,7.758
1783088390044180243,7.758
1783088390049180436,7.750
1783088390054185209,7.757
1783088390059182323,7.755
1783088390064181477,7.759
1783088390069184312,7.753
1783088390074181474,7.760
1783088390079181943,7.752
1783088390084181042,7.759
1783088390089185508,7.751
1783088390094182324,7.763
1783088390099181684,7.752
1783088390104186980,7.756
1783088390109187192,7.757
1783088390114184126,7.755
1783088390119183794,7.758
1783088390124184266,7.750
1783088390129183380,7.759
1783088390134184976,7.762
1783088390139185132,7.750
1783088390144182799,7.761
1783088390149183043,7.757
1783088390154186859,7.752
1783088390159185269,7.760
1783088390164182639,7.755
1783088390169185437,7.753
1783088390174185335,7.758
1783088390179183797,7.753
1783088390184184531,7.756
1783088390189187835,7.759
1783088390194184407,7.756
1783088390199183631,7.752
1783088390204191344,7.759
1783088390209184953,7.754
1783088390214188280,7.759
1783088390219184870,7.756
1783088390224184641,7.758
1783088390229186565,7.755
1783088390234188860,7.754
1783088390239186734,7.754
1783088390244185208,7.760
1783088390249188594,7.752
1783088390254187976,7.759
1783088390259187242,7.754
1783088390264198552,7.759
1783088390269190466,7.756
1783088390274186193,7.757
1783088390279185607,7.752
1783088390284186040,7.757
1783088390289188523,7.755
1783088390294187296,7.758
1783088390299186179,7.752
1783088390304192469,7.755
1783088390309191943,7.758
1783088390314187027,7.755
1783088390319187127,7.761
1783088390324186429,7.757
1783088390329186455,7.752
1783088390334188005,7.755
1783088390339188083,7.757
1783088390344187030,7.759
1783088390349187079,7.751
1783088390354190838,7.759
1783088390359190576,7.758
1783088390364188806,7.753
1783088390369189726,7.756
1783088390374188711,7.759
1783088390379187204,7.753
1783088390384190487,7.759
1783088390389190445,7.751
1783088390394188983,7.760
1783088390399190605,7.755
1783088390404193444,7.753
1783088390409193310,7.758
1783088390414189601,7.756
1783088390419189128,7.758
1783088390424190071,7.756
1783088390429189135,7.752
1783088390434194746,7.756
1783088390439195045,7.757
1783088390444190984,7.757
1783088390449189202,7.760
1783088390454193039,7.752
1783088390459191657,7.760
1783088390464191729,7.751
1783088390469191540,7.758
1783088390474189805,7.760
1783088390479190769,7.756
1783088390484191063,7.754
1783088390489190622,7.755
1783088390494191790,7.756
1783088390499195306,7.759
1783088390504195046,7.751
1783088390509194137,7.759
1783088390514193256,7.759
1783088390519193366,7.750
1783088390524191748,7.760
1783088390529191651,7.758
1783088390534197040,7.754
1783088390539192262,7.753
1783088390544192331,7.757
1783088390549191443,7.759
1783088390554195454,7.751
1783088390559194278,7.759
1783088390564194561,7.750
1783088390569192415,7.761
1783088390574192807,7.757
1783088390579192595,7.758
1783088390584193243,7.757
1783088390589191568,7.753
1783088390594194270,7.753
1783088390599193971,7.758
1783088390604201617,7.746
1783088390609194655,7.768
1783088390614194177,7.751
1783088390619193471,7.759
1783088390624194262,7.756
1783088390629195191,7.756
1783088390634195998,7.756
1783088390639197948,7.755
1783088390644200458,7.754
1783088390649197500,7.755
1783088390654199630,7.761
1783088390659198644,7.752
1783088390664196554,7.761
1783088390669196323,7.751
1783088390674195006,7.760
1783088390679195812,7.756
1783088390684194963,7.759
1783088390689194593,7.751
1783088390694201407,7.754
1783088390699195433,7.760
1783088390704200627,7.756
1783088390709197395,7.756
1783088390714197751,7.750
1783088390719197397,7.758
1783088390724196587,7.759
1783088390729196973,7.757
1783088390734196332,7.759
1783088390739196077,7.751
1783088390744196060,7.758
1783088390749201397,7.749
1783088390754201570,7.761
1783088390759202113,7.750
1783088390764198966,7.766
1783088390769197514,7.753
1783088390774196837,7.759
1783088390779198048,7.756
1783088390784196888,7.759
1783088390789197886,7.749
1783088390794196712,7.759
1783088390799197894,7.756
1783088390804201349,7.759
1783088390809200814,7.751
1783088390814200016,7.759
1783088390819200152,7.757
1783088390824199228,7.752
1783088390829197891,7.760
1783088390834198121,7.757
1783088390839197443,7.752
1783088390844200501,7.760
1783088390849198333,7.754
1783088390854202709,7.758
1783088390859201159,7.753
1783088390864200613,7.758
1783088390869198867,7.753
1783088390874203842,7.757
1783088390879198036,7.760
1783088390884200966,7.753
1783088390889200316,7.759
1783088390894203898,7.750
1783088390899200234,7.758
1783088390904205262,7.757
1783088390909203223,7.754
1783088390914202082,7.759
1783088390919201424,7.759
1783088390924200606,7.752
1783088390929199917,7.759
1783088390934200514,7.757
1783088390939202192,7.755
1783088390944201726,7.758
1783088390949200729,7.752
1783088390954204673,7.758
1783088390959203677,7.752
1783088390964201395,7.761
1783088390969201520,7.750
1783088390974207498,7.759
1783088390979202113,7.756
1783088390984202343,7.757
1783088390989200809,7.760
1783088390994205247,7.751
1783088390999202909,7.756
1783088391004205747,7.758
1783088391009207106,7.755
1783088391014206299,7.759
1783088391019204281,7.754
1783088391024204988,7.756
1783088391029203837,7.752
1783088391034206296,7.761
1783088391039203690,7.755
1783088391044203156,7.758
1783088391049203936,7.756
1783088391054213000,7.750
1783088391059205702,7.762
1783088391064204784,7.752
1783088391069205154,7.757
1783088391074208094,7.753
1783088391079204874,7.756
1783088391084203841,7.759
1783088391089204354,7.757
1783088391094207988,7.752
1783088391099204263,7.756
1783088391104209973,7.756
1783088391109206315,7.756
1783088391114209491,7.760
1783088391119204931,7.758
1783088391124205777,7.749
1783088391129205243,7.758
1783088391134208243,7.760
1783088391139206880,7.753
1783088391144206558,7.758
1783088391149206158,7.758
1783088391154213045,7.754
1783088391159211534,7.753
1783088391164209846,7.760
1783088391169210584,7.753
1783088391174209346,7.756
1783088391179209344,7.758
1783088391184206934,7.754
1783088391189208522,7.755
1783088391194209222,7.756
1783088391199206606,7.755
1783088391204207655,7.756
1783088391209206916,7.759
1783088391214212307,7.749
1783088391219211605,7.759
1783088391224207507,7.759
1783088391229207981,7.755
1783088391234209479,7.757
1783088391239209383,7.756
1783088391244209401,7.758
1783088391249209579,7.757
1783088391254215665,7.755
1783088391259210183,7.752
1783088391264762474,7.759
1783088391269214325,7.756
1783088391274209771,7.758
1783088391279208886,7.759
1783088391284208695,7.751
1783088391289209364,7.757
1783088391294210087,7.756
1783088391299209862,7.758
1783088391304213963,7.751
1783088391309213066,7.759
1783088391314210783,7.754
1783088391319210810,7.758
1783088391324209830,7.759
1783088391329210908,7.756
1783088391334209604,7.753
1783088391339210844,7.756
1783088391344209037,7.760
1783088391349210295,7.756
1783088391354215272,7.750
1783088391359212904,7.761
1783088391364211542,7.753
1783088391369210186,7.760
1783088391374211378,7.756
1783088391379210563,7.752
1783088391384214397,7.759
1783088391389211299,7.755
1783088391394216577,7.756
1783088391399210594,7.760
1783088391404214705,7.751
1783088391409214171,7.758
1783088391414217243,7.753
1783088391419212359,7.758
1783088391424211710,7.759
1783088391429212435,7.755
1783088391434214127,7.757
1783088391439212395,7.753
1783088391444213164,7.756
1783088391449212828,7.758
1783088391454219187,7.755
1783088391459218300,7.752
1783088391464213650,7.758
1783088391469215476,7.755
1783088391474213992,7.760
1783088391479219980,9.976
1783088391484215878,11.798
1783088391489217789,11.791
1783088391494219378,11.792
1783088391499215545,11.791
1783088391504220608,11.784
1783088391509218304,11.794
1783088391514218502,11.788
1783088391519215522,11.796
1783088391524215675,11.788
1783088391529213751,11.793
1783088391534216902,11.795
1783088391539215517,11.785
1783088391544214338,11.793
1783088391549215617,11.791
1783088391554220215,11.792
1783088391559215739,11.792
1783088391564216277,11.787
1783088391569217281,11.793
1783088391574216843,11.790
1783088391579217098,11.790
1783088391584215970,11.797
1783088391589215454,11.790
1783088391594219406,11.793
1783088391599215938,11.790
1783088391604219080,11.788
1783088391609217266,11.793
1783088391614220318,11.788
1783088391619217071,11.796
1783088391624216394,11.790
1783088391629216991,11.787
1783088391634221652,11.792
1783088391639216807,11.793
1783088391644224314,11.785
1783088391649223626,11.797
1783088391654227032,11.788
1783088391659225990,11.791
1783088391664219009,11.791
1783088391669219439,11.788
1783088391674223229,11.794
1783088391679217106,11.789
1783088391684218673,11.792
1783088391689218064,11.797
1783088391694222057,11.786
1783088391699219027,11.794
1783088391704223193,11.788
1783088391709220527,11.795
1783088391714218913,11.793
1783088391719219907,11.786
1783088391724219196,11.790
1783088391729219296,11.795
1783088391734220141,11.787
1783088391739219830,11.796
1783088391744220206,11.788
1783088391749221666,11.792
1783088391754227019,11.790
1783088391759225024,11.787
1783088391764222582,11.795
1783088391769222228,11.790
1783088391774225410,11.788
1783088391779220484,11.793
1783088391784220100,11.797
1783088391789220671,11.787
1783088391794223695,11.792
1783088391799221496,11.790
1783088391804225567,11.793
1783088391809221689,11.791
1783088391814225311,11.794
1783088391819221047,11.785
1783088391824221517,11.795
1783088391829221193,11.790
1783088391834221932,11.794
1783088391839222351,11.788
1783088391844223443,11.793
1783088391849221226,11.787
1783088391854230275,11.788
1783088391859224493,11.795
1783088391864224909,11.795
1783088391869223338,11.786
1783088391874222692,11.795
1783088391879221158,11.794
1783088391884226732,11.783
1783088391889223827,11.796
1783088391894225152,11.793
1783088391899223214,11.793
1783088391904228949,11.782
1783088391909226290,11.795
1783088391914224621,11.793
1783088391919224015,11.790
1783088391924225204,11.793
1783088391929224119,11.791
1783088391934223728,11.790
1783088391939225486,11.792
1783088391944224444,11.791
1783088391949223882,11.790
1783088391954228500,11.792
1783088391959226551,11.786
1783088391964226643,11.795
1783088391969226531,11.789
1783088391974225054,11.792
1783088391979225819,11.794
1783088391984225315,11.790
1783088391989225781,11.788
1783088391994225857,11.795
1783088391999225239,11.790
1783088392004230542,11.790
1783088392009229555,11.791
1783088392014229702,11.795
1783088392019227902,11.786
1783088392024228482,11.794
1783088392029226752,11.786
1783088392034227149,11.795
1783088392039226584,11.790
1783088392044226698,11.788
1783088392049226320,11.797
1783088392054231574,11.785
1783088392059228456,11.794
1783088392064227859,11.790
1783088392069230137,11.797
1783088392074228974,11.785
1783088392079228998,11.796
1783088392084228166,11.791
1783088392089227821,11.790
1783088392094227699,11.791
1783088392099227389,11.791
1783088392104231049,11.791
1783088392109231037,11.790
1783088392114229745,11.790
1783088392119229973,11.795
1783088392124228855,11.791
1783088392129228247,11.790
1783088392134232080,11.787
1783088392139231654,11.797
1783088392144229352,11.787
1783088392149228534,11.798
1783088392154235488,11.786
1783088392159234470,11.791
1783088392164234000,11.790
1783088392169233384,11.795
1783088392174233100,11.791
1783088392179233940,11.787
1783088392184234168,11.788
1783088392189233806,11.797
1783088392194228557,11.794
1783088392199229792,11.786
1783088392204236572,11.794
1783088392209234376,11.787
1783088392214234756,11.795
1783088392219230732,11.791
1783088392224230032,11.790
1783088392229231806,11.791
1783088392234243718,11.768
1783088392239234565,11.814
1783088392244232235,11.791
1783088392249233187,11.786
1783088392254234533,11.792
1783088392259234627,11.795
1783088392264233781,11.791
1783088392269233673,11.789
1783088392274237686,11.793
1783088392279232971,11.793
1783088392284231899,11.791
1783088392289232700,11.787
1783088392294265161,11.795
1783088392299233963,11.786
1783088392304238145,11.793
1783088392309236084,11.794
1783088392314238101,11.791
1783088392319235156,11.789
1783088392324233954,11.792
1783088392329232308,11.793
1783088392334233362,11.793
1783088392339233398,11.789
1783088392344237968,11.792
1783088392349236400,11.792
1783088392354242154,11.789
1783088392359236380,11.788
1783088392364234407,11.793
1783088392369234076,11.790
1783088392374236523,11.795
1783088392379240885,11.773
1783088392384237921,11.803
1783088392389236437,11.792
1783088392394238763,11.797
1783088392399252604,11.756
1783088392404239247,11.820
1783088392409238246,11.791
1783088392414235659,11.795
1783088392419236228,11.787
1783088392424234955,11.792
1783088392429236691,11.792
1783088392434238775,11.796
1783088392439235894,11.790
1783088392444235672,11.789
1783088392449234602,11.791
1783088392454240903,11.788
1783088392459238782,11.794
1783088392464237792,11.791
1783088392469238290,11.788
1783088392474240084,11.798
1783088392479237259,11.788
1783088392484241801,11.785
1783088392489238654,11.794
1783088392494245564,11.785
1783088392499237099,11.798
1783088392504241004,11.786
1783088392509241451,11.795
1783088392514242818,11.792
1783088392519238851,11.791
1783088392524241881,11.782
1783088392529239371,11.795
1783088392534243385,11.797
1783088392539239263,11.788
1783088392544239497,11.795
1783088392549238455,11.791
1783088392554242389,11.786
1783088392559240507,11.793
1783088392564238839,11.793
1783088392569239872,11.793
1783088392574239477,11.790
1783088392579240375,11.787
1783088392584240270,11.796
1783088392589238455,11.786
1783088392594239800,11.793
1783088392599241066,11.793
1783088392604243149,11.791
1783088392609241856,11.792
1783088392614240918,11.791
1783088392619241040,11.788
1783088392624238514,11.795
1783088392629240100,11.792
1783088392634246865,11.787
1783088392639242130,11.793
1783088392644247808,11.789
1783088392649244048,11.791
1783088392654248270,11.793
1783088392659245468,11.788
1783088392664242913,11.795
1783088392669243817,11.792
1783088392674244219,11.790
1783088392679240907,11.790
1783088392684242864,11.791
1783088392689242921,11.796
1783088392694244611,11.792
1783088392699242049,11.788
1783088392704245696,11.787
1783088392709243805,11.793
1783088392714244563,11.794
1783088392719242866,11.793
1783088392724244199,11.786
1783088392729242466,11.793
1783088392734245524,11.795
1783088392739242174,11.790
1783088392744242320,11.788
1783088392749242562,11.795
1783088392754245940,11.788
1783088392759247602,11.792
1783088392764245002,11.793
1783088392769246262,11.788
1783088392774243280,11.796
1783088392779243458,11.788
1783088392784243536,11.789
1783088392789244259,11.794
1783088392794243657,11.790
1783088392799244727,11.793
1783088392804246157,11.785
1783088392809246010,11.789
1783088392814245101,11.798
1783088392819244207,11.791
1783088392824244625,11.788
1783088392829243539,11.791
1783088392834245417,11.791
1783088392839244726,11.790
1783088392844244384,11.796
1783088392849245471,11.786
1783088392854247873,11.790
1783088392859246796,11.791
1783088392864247105,11.795
1783088392869247016,11.789
1783088392874246119,11.791
1783088392879245636,11.797
1783088392884248390,11.789
1783088392889246684,11.793
1783088392894249734,11.788
1783088392899246630,11.789
1783088392904250738,11.793
1783088392909249456,11.792
1783088392914251090,11.792
1783088392919249304,11.786
1783088392924249580,11.795
1783088392929247780,11.793
1783088392934249627,11.791
1783088392939247745,11.788
1783088392944246765,11.789
1783088392949247296,11.794
1783088392954253561,11.788
1783088392959249538,11.791
1783088392964248903,11.797
1783088392969248625,11.789
1783088392974248873,11.788
1783088392979248366,11.790
1783088392984249203,11.794
1783088392989247970,11.792
1783088392994248147,11.788
1783088392999248144,11.796
1783088393004251735,11.787
1783088393009252954,11.786
1783088393014251465,11.794
1783088393019251456,11.794
1783088393024249887,11.792
1783088393029250632,11.787
1783088393034250276,11.793
1783088393039252114,11.795
1783088393044254112,11.791
1783088393049254430,11.788
1783088393054256084,11.792
1783088393059255420,11.790
1783088393064252888,11.795
1783088393069260866,11.784
1783088393074255088,11.795
1783088393079252153,11.796
1783088393084254904,11.789
1783088393089254122,11.791
1783088393094254889,11.787
1783088393099253815,11.798
1783088393104259925,11.781
1783088393109256401,11.797
1783088393114255632,11.791
1783088393119254783,11.791
1783088393124254965,11.788
1783088393129255723,11.794
1783088393134258429,11.789
1783088393139255628,11.795
1783088393144255409,11.789
1783088393149256395,11.793
1783088393154258817,11.783
1783088393159257369,11.799
1783088393164256400,11.791
1783088393169254867,11.785
1783088393174256716,11.798
1783088393179255143,11.786
1783088393184255878,11.794
1783088393189255483,11.790
1783088393194256356,11.794
1783088393199254086,11.787
1783088393204255098,11.793
1783088393209254377,11.790
1783088393214252948,11.792
1783088393219253901,11.792
1783088393224257059,11.790
1783088393229252837,11.792
1783088393234259467,11.794
1783088393239264776,11.790
1783088393244255547,11.790
1783088393249255520,11.789
1783088393254259498,11.793
1783088393259256876,11.788
1783088393264256939,11.789
1783088393269263193,11.795
1783088393274258685,11.792
1783088393279255025,11.790
1783088393284255288,11.788
1783088393289253945,11.799
1783088393294258830,11.788
1783088393299258137,11.787
1783088393304263099,11.791
1783088393309261406,11.793
1783088393314261375,11.789
1783088393319261069,11.796
1783088393324259476,11.792
1783088393329260798,11.786
1783088393334261083,11.795
1783088393339260226,11.791
1783088393344259035,11.792
1783088393349258223,11.791
1783088393354261416,11.788
1783088393359260954,11.790
1783088393364260477,11.792
1783088393369261146,11.792
1783088393374260361,11.791
1783088393379259626,11.790
1783088393384261917,11.790
1783088393389262327,11.789
1783088393394260404,11.792
1783088393399257029,11.797
1783088393404261369,11.785
1783088393409259739,11.793
1783088393414259657,11.789
1783088393419260761,11.793
1783088393424259993,11.791
1783088393429258185,11.793
1783088393434262170,11.793
1783088393439259954,11.787
1783088393444258325,11.793
1783088393449259039,11.794
1783088393454265041,11.788
1783088393459262075,11.789
1783088393464260517,11.792
1783088393469259752,11.797
1783088393474260698,11.787
1783088393479260324,11.790
1783088393484258866,11.792
1783088393489263508,11.792
1783088393494261567,11.793
1783088393499259700,11.790
1783088393504264468,11.788
1783088393509264760,11.788
1783088393514264083,11.797
1783088393519265376,11.786
1783088393524261981,11.792
1783088393529260237,11.798
1783088393534260923,11.787
1783088393539261337,11.788
1783088393544261133,11.794
1783088393549260429,11.792
1783088393554267239,11.787
1783088393559265265,11.793
1783088393564262827,11.794
1783088393569263281,11.788
1783088393574266734,11.794
1783088393579262845,11.791
1783088393584261472,11.792
1783088393589263281,11.784
1783088393594261594,11.800
1783088393599260932,11.790
1783088393604265324,11.785
1783088393609266086,11.787
1783088393614264106,11.793
1783088393619265302,11.793
1783088393624265596,11.788
1783088393629265038,11.797
1783088393634265704,11.787
1783088393639267806,11.791
1783088393644268892,11.793
1783088393649264822,11.791
1783088393654267672,11.789
1783088393659265903,11.793
1783088393664266148,11.788
1783088393669266194,11.796
1783088393674266021,11.786
1783088393679264187,11.797
1783088393684264177,11.789
1783088393689263547,11.792
1783088393694264689,11.791
1783088393699264646,11.796
1783088393704271820,11.786
1783088393709267163,11.793
1783088393714266861,11.789
1783088393719265343,11.792
1783088393724265318,11.789
1783088393729265107,11.796
1783088393734267461,11.790
1783088393739265316,11.787
1783088393744265385,11.795
1783088393749266215,11.787
1783088393754272314,11.795
1783088393759270695,11.786
1783088393764267826,11.795
1783088393769268072,11.788
1783088393774266458,11.793
1783088393779267200,11.794
1783088393784266362,11.791
1783088393789266476,11.788
1783088393794267146,11.794
1783088393799266349,11.791
1783088393804271382,11.784
1783088393809267892,11.797
1783088393814266858,11.791
1783088393819268632,11.791
1783088393824267863,11.791
1783088393829267403,11.790
1783088393834267054,11.790
1783088393839268513,11.792
1783088393844266079,11.794
1783088393849266695,11.787
1783088393854271373,11.792
1783088393859270339,11.791
1783088393864268991,11.792
1783088393869270415,11.785
1783088393874268339,11.794
1783088393879267731,11.790
1783088393884271987,11.793
1783088393889269558,11.794
1783088393894269612,11.789
1783088393899268749,11.791
1783088393904274703,11.790
1783088393909271741,11.794
1783088393914271364,11.790
1783088393919270902,11.790
1783088393924270508,11.795
1783088393929269454,11.786
1783088393934271442,11.791
1783088393939270095,11.792
1783088393944269628,11.795
1783088393949271002,11.787
1783088393954271599,11.794
1783088393959272754,11.793
1783088393964272569,11.789
1783088393969270598,11.793
1783088393974271609,11.786
1783088393979271185,11.790
1783088393984270905,11.796
1783088393989271994,11.786
1783088393994271633,11.796
1783088393999271659,11.789
1783088394004274189,11.790
1783088394009280387,11.781
1783088394014273889,11.804
1783088394019274059,11.788
1783088394024272687,11.792
1783088394029271284,11.792
1783088394034273138,11.791
1783088394039271915,11.792
1783088394044272554,11.787
1783088394049272636,11.795
1783088394054276956,11.785
1783088394059274941,11.793
1783088394064275601,11.787
1783088394069274748,11.798
1783088394074275437,11.787
1783088394079272920,11.795
1783088394084274274,11.792
1783088394089272156,11.794
1783088394094272406,11.788
1783088394099273804,11.792
1783088394104278086,11.786
1783088394109276572,11.794
1783088394114277112,11.787
1783088394119275572,11.791
1783088394124275314,11.796
1783088394129274909,11.790
1783088394134277885,11.789
1783088394139276892,11.791
1783088394144274850,11.794
1783088394149277332,11.783
1783088394154279637,11.797
1783088394159280103,11.795
1783088394164276611,11.790
1783088394169275471,11.791
1783088394174276447,11.793
1783088394179278742,11.790
1783088394184275965,11.788
1783088394189275403,11.797
1783088394194275047,11.786
1783088394199277933,11.792
1783088394204277898,11.789
1783088394209277181,11.790
1783088394214279816,11.789
1783088394219276965,11.790
1783088394224277219,11.793
1783088394229277881,11.794
1783088394234279568,11.792
1783088394239278318,11.792
1783088394244278144,11.789
1783088394249278698,11.794
1783088394254280168,11.785
1783088394259279450,11.792
1783088394264289936,11.797
1783088394269316232,11.762
1783088394274277736,11.817
1783088394279278038,11.788
1783088394284278349,11.795
1783088394289278474,11.788
1783088394294282197,11.794
1783088394299280314,11.793
1783088394304283597,11.788
1783088394309281017,11.788
1783088394314281228,11.795
1783088394319283427,11.790
1783088394324278925,11.792
1783088394329278835,11.789
1783088394334278181,11.790
1783088394339282980,11.791
1783088394344280438,11.788
1783088394349279376,11.795
1783088394354281901,11.793
1783088394359284538,11.789
1783088394364280589,11.791
1783088394369279260,11.792
1783088394374278825,11.790
1783088394379284176,11.790
1783088394384283017,11.791
1783088394389281000,11.794
1783088394394281526,11.787
1783088394399282837,11.793
1783088394404286614,11.794
1783088394409289924,11.788
1783088394414281436,11.795
1783088394419281264,11.789
1783088394424280960,11.789
1783088394429281305,11.788
1783088394434281203,11.796
1783088394439283656,11.790
1783088394444280994,11.788
1783088394449281221,11.795
1783088394454283548,11.790
1783088394459283529,11.789
1783088394464283283,11.796
1783088394469281901,11.790
1783088394474284495,11.784
1783088394479282251,11.794
1783088394484282297,11.796
1783088394489281168,11.791
1783088394494283103,11.791
1783088394499283104,11.789
1783088394504288736,11.789
1783088394509287813,11.791
1783088394514285291,11.795
1783088394519283425,11.788
1783088394524282648,11.789
1783088394529282598,11.796
1783088394534288150,11.783
1783088394539286986,11.797
1783088394544287115,11.783
1783088394549283490,11.797
1783088394554289788,11.788
1783088394559290410,11.794
1783088394564286578,11.791
1783088394569286166,11.786
1783088394574285640,11.799
1783088394579286166,11.789
1783088394584284056,11.794
1783088394589283427,11.790
1783088394594284645,11.793
1783088394599287907,11.788
1783088394604288250,11.788
1783088394609285514,11.795
1783088394614285649,11.788
1783088394619290079,11.792
1783088394624285709,11.792
1783088394629286013,11.788
1783088394634288901,11.796
1783088394639289309,11.788
1783088394644292547,11.788
1783088394649287379,11.794
1783088394654290485,11.788
1783088394659289287,11.792
1783088394664288420,11.798
1783088394669290316,11.784
1783088394674289890,11.797
1783088394679289732,11.789
1783088394684287166,11.793
1783088394689287700,11.789
1783088394694286901,11.791
1783088394699297155,11.792
1783088394704290517,11.791
1783088394709290515,11.789
1783088394714292134,11.792
1783088394719292375,11.792
1783088394724288471,11.789
1783088394729288080,11.795
1783088394734289238,11.786
1783088394739291472,11.797
1783088394744288203,11.790
1783088394749288181,11.789
1783088394754294034,11.789
1783088394759296932,11.796
1783088394764292246,11.786
1783088394769289869,11.794
1783088394774290166,11.788
1783088394779288343,11.793
1783088394784287879,11.790
1783088394789289381,11.792
1783088394794289759,11.795
1783088394799293527,11.787
1783088394804294365,11.787
1783088394809292411,11.793
1783088394814290827,11.792
1783088394819293620,11.793
1783088394824590291,11.792
1783088394829300961,11.792
1783088394834291063,11.791
1783088394839292952,11.791
1783088394844290072,11.789
1783088394849294101,11.793
1783088394854298240,11.786
1783088394859295958,11.794
1783088394864291552,11.792
1783088394869292338,11.794
1783088394874291868,11.790
1783088394879295274,11.788
1783088394884295456,11.795
1783088394889292854,11.788
1783088394894292605,11.796
1783088394899294829,11.790
1783088394904297236,11.783
1783088394909294010,11.796
1783088394914293637,11.790
1783088394919296835,11.795
1783088394924293967,11.789
1783088394929293137,11.791
1783088394934292021,11.791
1783088394939293623,11.792
1783088394944292101,11.792
1783088394949293239,11.786
1783088394954295802,11.793
1783088394959295603,11.793
1783088394964294797,11.791
1783088394969294160,11.790
1783088394974295214,11.793
1783088394979293683,11.792
1783088394984293063,11.790
1783088394989293372,11.788
1783088394994294637,11.793
1783088394999294325,11.789
1783088395004298354,11.786
1783088395009298048,11.796
1783088395014296004,11.794
1783088395019296650,11.787
1783088395024295380,11.792
1783088395029294480,11.791
1783088395034295642,11.793
1783088395039294216,11.792
1783088395044294286,11.789
1783088395049293638,11.795
1783088395054297551,11.788
1783088395059295909,11.793
1783088395064296499,11.787
1783088395069296872,11.795
1783088395074295189,11.793
1783088395079295652,11.788
1783088395084295452,11.789
1783088395089296125,11.794
1783088395094296687,11.793
1783088395099299341,11.791
1783088395104301817,11.783
1783088395109298981,11.795
1783088395114296715,11.794
1783088395119300598,11.786
1783088395124297947,11.795
1783088395129297269,11.790
1783088395134300351,11.788
1783088395139298181,11.794
1783088395144298068,11.789
1783088395149297981,11.796
1783088395154301868,11.787
1783088395159303953,11.791
1783088395164299472,11.792
1783088395169298430,11.791
1783088395174299416,11.793
1783088395179297970,11.792
1783088395184297418,11.790
1783088395189298850,11.789
1783088395194299736,11.790
1783088395199302438,11.796
1783088395204302452,11.782
1783088395209301507,11.793
1783088395214300160,11.797
1783088395219304919,11.778
1783088395224298848,11.803
1783088395229309898,11.790
1783088395234301673,11.787
1783088395239308906,11.792
1783088395244299677,11.790
1783088395249300271,11.794
1783088395254302101,11.791
1783088395259308503,11.794
1783088395264301277,11.785
1783088395269325051,11.795
1783088395274301637,11.789
1783088395279304069,11.790
1783088395284300845,11.789
1783088395289299667,11.798
1783088395294301394,11.785
1783088395299302883,11.794
1783088395304305314,11.788
1783088395309303239,11.794
1783088395314301428,11.793
1783088395319303724,11.790
1783088395324301338,11.794
1783088395329301416,11.789
1783088395334302750,11.793
1783088395339303833,11.786
1783088395344301991,11.793
1783088395349301648,11.790
1783088395354305498,11.787
1783088395359309100,11.794
1783088395364303298,11.789
1783088395369302701,11.797
1783088395374304098,11.792
1783088395379304637,11.787
1783088395384309770,11.790
1783088395389306233,11.790
1783088395394306277,11.796
1783088395399306101,11.789
1783088395404309171,11.788
1783088395409304786,11.792
1783088395414304697,11.789
1783088395419304057,11.797
1783088395424304523,11.788
1783088395429303709,11.791
1783088395434304539,11.794
1783088395439304367,11.789
1783088395444304483,11.788
1783088395449303861,11.790
1783088395454306143,11.790
1783088395459306185,11.796
1783088395464305884,11.786
1783088395469306528,11.791
1783088395474304928,11.796
1783088395479304284,11.794
1783088395484304696,11.788
1783088395489306548,11.791
1783088395494306152,11.791
1783088395499307718,11.790
1783088395504310136,11.790
1783088395509310331,11.790
1783088395514307630,11.793
1783088395519308187,11.794
1783088395524306856,11.785
1783088395529305819,11.798
1783088395534308416,11.790
1783088395539309488,11.793
1783088395544307137,11.787
1783088395549306866,11.789
1783088395554311215,11.792
1783088395559312913,11.785
1783088395564310633,11.794
1783088395569309435,11.792
1783088395574307889,11.796
1783088395579305620,11.791
1783088395584306578,11.793
1783088395589307031,11.788
1783088395594307859,11.794
1783088395599306977,11.789
1783088395604310823,11.788
1783088395609310114,11.790
1783088395614309450,11.795
1783088395619309068,11.784
1783088395624308661,11.797
1783088395629308151,11.790
1783088395634311793,11.787
1783088395639316609,11.783
1783088395644315190,11.801
1783088395649311364,11.796
1783088395654313084,11.786
1783088395659312314,11.797
1783088395664311130,11.792
1783088395669313988,11.789
1783088395674310086,11.791
1783088395679309788,11.789
1783088395684309226,11.790
1783088395689309625,11.795
1783088395694311426,11.791
1783088395699312932,11.785
1783088395704315462,11.797
1783088395709312102,11.790
1783088395714311075,11.791
1783088395719310191,11.791
1783088395724309603,11.790
1783088395729310249,11.794
1783088395734311595,11.786
1783088395739312313,11.794
1783088395744310487,11.793
1783088395749312167,11.785
1783088395754314676,11.797
1783088395759315461,11.787
1783088395764316208,11.794
1783088395769314565,11.791
1783088395774312675,11.795
1783088395779311534,11.784
1783088395784318464,11.786
1783088395789311653,11.798
1783088395794311251,11.790
1783088395799313093,11.791
1783088395804315584,11.790
1783088395809313669,11.793
1783088395814315294,11.792
1783088395819313107,11.794
1783088395824316264,11.788
1783088395829312670,11.790
1783088395834314404,11.792
1783088395839312859,11.792
1783088395844313680,11.792
1783088395849317110,11.789
1783088395854316981,11.789
1783088395859316266,11.790
1783088395864316315,11.796
1783088395869314755,11.786
1783088395874315049,11.795
1783088395879315123,11.789
1783088395884319029,11.793
1783088395889319703,11.787
1783088395894315476,11.792
1783088395899315923,11.795
1783088395904317901,11.791
1783088395909317023,11.791
1783088395914316333,11.790
1783088395919316923,11.794
1783088395924315601,11.792
1783088395929315488,11.789
1783088395934316453,11.788
1783088395939314491,11.792
1783088395944316513,11.798
1783088395949316371,11.789
1783088395954323140,11.787
1783088395959318020,11.794
1783088395964318445,11.788
1783088395969316996,11.792
1783088395974316480,11.790
1783088395979316388,11.796
1783088395984320190,11.787
1783088395989315925,11.792
1783088395994316650,11.794
1783088395999316477,11.789
1783088396004323195,11.790
1783088396009322008,11.788
1783088396014318718,11.796
1783088396019318860,11.788
1783088396024321586,11.789
1783088396029317858,11.791
1783088396034317627,11.796
1783088396039317465,11.789
1783088396044320647,11.795
1783088396049318633,11.787
1783088396054322015,11.788
1783088396059320767,11.792
1783088396064322563,11.791
1783088396069320713,11.793
1783088396074319423,11.792
1783088396079319409,11.789
1783088396084319247,11.796
1783088396089319073,11.789
1783088396094320835,11.786
1783088396099319166,11.798
1783088396104324002,11.784
1783088396109322049,11.793
1783088396114320460,11.792
1783088396119319983,11.790
1783088396124322981,11.796
1783088396129320225,11.788
1783088396134322476,11.790
1783088396139320886,11.792
1783088396144325236,11.792
1783088396149320718,11.792
1783088396154324192,11.787
1783088396159327520,11.788
1783088396164325468,11.794
1783088396169325284,11.789
1783088396174325900,11.787
1783088396179323394,11.802
1783088396184325825,11.783
1783088396189325183,11.797
1783088396194324429,11.784
1783088396199320465,11.798
1783088396204328132,11.785
1783088396209322747,11.795
1783088396214324412,11.785
1783088396219322175,11.794
1783088396224325313,11.795
1783088396229324647,11.790
1783088396234326441,11.785
1783088396239322404,11.798
1783088396244326105,11.792
1783088396249323515,11.790
1783088396254323961,11.788
1783088396259326787,11.789
1783088396264327121,11.795
1783088396269324147,11.789
1783088396274325055,11.794
1783088396279323987,11.791
1783088396284327158,11.788
1783088396289325088,11.794
1783088396294324722,11.790
1783088396299323955,11.796
1783088396304328124,11.788
1783088396309325382,11.788
1783088396314329455,11.793
1783088396319324720,11.793
1783088396324324790,11.789
1783088396329325316,11.794
1783088396334326098,11.787
1783088396339323872,11.794
1783088396344325350,11.792
1783088396349324327,11.791
1783088396354329954,11.789
1783088396359328201,11.793
1783088396364327863,11.790
1783088396369326453,11.792
1783088396374326606,11.788
1783088396379326089,11.797
1783088396384328506,11.790
1783088396389327393,11.791
1783088396394326699,11.790
1783088396399325433,11.792
1783088396404329545,11.786
1783088396409329181,11.791
1783088396414327331,11.791
1783088396419327140,11.796
1783088396424330819,11.789
1783088396429328230,11.793
1783088396434328763,11.787
1783088396439328765,11.796
1783088396444330328,11.792
1783088396449327437,11.789
1783088396454329644,11.790
1783088396459329450,11.789
1783088396464332712,11.795
1783088396469328294,11.792
1783088396474328672,11.788
1783088396479327746,11.791
1783088396484332100,11.792
1783088396489328952,11.789
1783088396494328905,11.789
1783088396499328330,11.797
1783088396504337012,11.784
1783088396509331574,11.793
1783088396514331097,11.790
1783088396519329641,11.792
1783088396524333888,11.793
1783088396529330065,11.791
1783088396534329337,11.790
1783088396539332272,11.796
1783088396544331438,11.791
1783088396549329909,11.785
1783088396554333728,11.794
1783088396559333453,11.789
1783088396564335373,11.791
1783088396569331751,11.790
1783088396574332209,11.788
1783088396579331563,11.797
1783088396584335829,11.786
1783088396589332999,11.788
1783088396594331933,11.798
1783088396599331528,11.790
1783088396604337097,11.789
1783088396609331666,11.795
1783088396614332142,11.788
1783088396619330680,11.792
1783088396624333840,11.795
1783088396629331092,11.788
1783088396634336729,11.789
1783088396639332681,11.791
1783088396644340522,11.791
1783088396649335212,11.794
1783088396654335947,11.787
1783088396659334626,11.792
1783088396664337754,11.795
1783088396669353130,11.760
1783088396674334390,11.819
1783088396679333428,11.791
1783088396684331599,11.793
1783088396689332104,11.794
1783088396694334178,11.791
1783088396699333625,11.790
1783088396704338178,11.785
1783088396709333907,11.792
1783088396714335305,11.792
1783088396719335433,11.795
1783088396724334554,11.791
1783088396729333649,11.791
1783088396734333714,11.789
1783088396739332995,11.790
1783088396744333454,11.795
1783088396749334461,11.786
1783088396754336537,11.791
1783088396759342037,11.790
1783088396764337775,11.792
1783088396769335637,11.794
1783088396774339176,11.787
1783088396779338473,11.797
1783088396784338167,11.789
1783088396789338198,11.789
1783088396794337783,11.797
1783088396799338774,11.786
1783088396804341370,11.790
1783088396809340857,11.790
1783088396814336064,11.793
1783088396819336119,11.796
1783088396824335962,11.789
1783088396829337258,11.786
1783088396834335793,11.792
1783088396839337984,11.790
1783088396844336444,11.792
1783088396849336018,11.790
1783088396854339573,11.794
1783088396859337918,11.793
1783088396864338112,11.788
1783088396869338278,11.788
1783088396874337796,11.793
1783088396879337399,11.793
1783088396884339432,11.791
1783088396889337951,11.792
1783088396894337753,11.789
1783088396899338143,11.795
1783088396904342545,11.785
1783088396909340275,11.794
1783088396914339405,11.791
1783088396919339460,11.789
1783088396924338489,11.791
1783088396929338242,11.795
1783088396934339249,11.788
1783088396939337971,11.792
1783088396944338325,11.788
1783088396949339243,11.794
1783088396954342201,11.789
1783088396959340836,11.792
1783088396964342178,11.792
1783088396969340852,11.792
1783088396974339194,11.793
1783088396979341062,11.784
1783088396984340406,11.797
1783088396989339971,11.790
1783088396994339011,11.791
1783088396999340849,11.791
1783088397004342611,11.791
1783088397009344076,11.792
1783088397014343574,11.790
1783088397019341245,11.794
1783088397024340783,11.785
1783088397029340856,11.794
1783088397034340321,11.790
1783088397039338859,11.792
1783088397044343497,11.785
1783088397049341121,11.794
1783088397054344307,11.795
1783088397059342904,11.785
1783088397064343337,11.795
1783088397069342585,11.790
1783088397074341320,11.792
1783088397079342445,11.793
1783088397084342111,11.790
1783088397089342919,11.787
1783088397094342467,11.797
1783088397099344714,11.790
1783088397104348055,11.788
1783088397109345101,11.789
1783088397114343619,11.792
1783088397119343197,11.797
1783088397124342600,11.790
1783088397129343998,11.785
1783088397134345291,11.793
1783088397139344986,11.796
1783088397144344336,11.790
1783088397149342945,11.785
1783088397154346536,11.794
1783088397159348626,11.791
1783088397164345344,11.790
1783088397169346446,11.793
1783088397174347076,11.787
1783088397179343774,11.797
1783088397184343777,11.789
1783088397189344783,11.793
1783088397194345619,11.794
1783088397199343537,11.787
1783088397204350653,11.793
1783088397209346467,11.792
1783088397214345871,11.790
1783088397219356516,11.784
1783088397224354840,11.793
1783088397229345200,11.798
1783088397234346283,11.786
1783088397239349035,11.782
1783088397244345637,11.804
1783088397249347451,11.791
1783088397254348661,11.782
1783088397259350943,11.794
1783088397264348586,11.794
1783088397269355723,11.779
1783088397274347430,11.801
1783088397279347571,11.795
1783088397284347553,11.789
1783088397289354456,11.793
1783088397294348902,11.788
1783088397299434898,11.688
1783088397304352925,11.892
1783088397309348840,11.797
1783088397314349422,11.794
1783088397319348023,11.792
1783088397324348006,11.789
1783088397329347908,11.789
1783088397334348312,11.795
1783088397339346544,11.791
1783088397344347494,11.788
1783088397349348658,11.793
1783088397354351406,11.789
1783088397359350496,11.791
1783088397364351054,11.794
1783088397369351533,11.788
1783088397374352858,11.793
1783088397379351916,11.791
1783088397384355790,11.787
1783088397389352613,11.796
1783088397394354250,11.792
1783088397399351647,11.788
1783088397404355570,11.793
1783088397409349705,11.789
1783088397414356587,11.779
1783088397419350311,11.804
1783088397424351444,11.793
1783088397429350727,11.790
1783088397434352446,11.785
1783088397439351333,11.798
1783088397444349842,11.792
1783088397449350569,11.787
1783088397454354857,11.786
1783088397459353009,11.793
1783088397464353523,11.794
1783088397469354478,11.793
1783088397474352079,11.787
1783088397479351830,11.793
1783088397484352934,11.790
1783088397489351092,11.793
1783088397494351341,11.788
1783088397499356128,11.791
1783088397504356032,11.789
1783088397509356170,11.795
1783088397514354489,11.793
1783088397519354182,11.789
1783088397524353156,11.791
1783088397529351874,11.792
1783088397534353441,11.792
1783088397539352187,11.792
1783088397544352301,11.788
1783088397549353007,11.794
1783088397554355828,11.789
1783088397559354011,11.786
1783088397564355901,11.791
1783088397569357527,11.797
1783088397574355189,11.789
1783088397579354177,11.791
1783088397584353367,11.791
1783088397589355195,11.791
1783088397594354209,11.791
1783088397599355116,11.794
1783088397604356469,11.786
1783088397609356379,11.796
1783088397614356975,11.787
1783088397619356492,11.790
1783088397624355721,11.796
1783088397629354650,11.786
1783088397634357101,11.797
1783088397639356075,11.791
1783088397644361791,11.789
1783088397649357662,11.792
1783088397654361609,11.786
1783088397659358051,11.797
1783088397664357978,11.789
1783088397669366812,11.796
1783088397674356506,11.787
1783088397679355704,11.789
1783088397684355598,11.796
1783088397689357746,11.791
1783088397694356124,11.787
1783088397699356183,11.794
1783088397704360822,11.785
1783088397709361879,11.793
1783088397714359082,11.788
1783088397719357173,11.800
1783088397724356287,11.791
1783088397729360264,11.786
1783088397734358827,11.792
1783088397739355300,11.794
1783088397744356645,11.789
1783088397749356709,11.789
1783088397754359451,11.789
1783088397759361701,11.790
1783088397764360671,11.798
1783088397769359495,11.791
1783088397774357635,11.786
1783088397779358401,11.794
1783088397784357820,11.790
1783088397789356950,11.791
1783088397794358013,11.793
1783088397799358653,11.789
1783088397804361431,11.787
1783088397809358800,11.795
1783088397814363540,11.791
1783088397819359382,11.792
1783088397824360008,11.794
1783088397829360872,11.794
1783088397834358744,11.787
1783088397839359218,11.788
1783088397844359120,11.796
1783088397849362104,11.789
1783088397854362528,11.788
1783088397859361310,11.799
1783088397864360408,11.791
1783088397869361071,11.787
1783088397874359624,11.792
1783088397879361607,11.791
1783088397884362325,11.792
1783088397889359954,11.789
1783088397894359945,11.794
1783088397899360679,11.789
1783088397904363931,11.788
1783088397909363466,11.790
1783088397914362727,11.794
1783088397919361866,11.794
1783088397924360868,11.791
1783088397929362023,11.786
1783088397934360881,11.791
1783088397939361191,11.795
1783088397944362522,11.793
1783088397949361040,11.785
1783088397954363773,11.796
1783088397959362643,11.791
1783088397964364074,11.787
1783088397969363832,11.794
1783088397974364365,11.787
1783088397979362214,11.794
1783088397984364099,11.791
1783088397989367104,11.789
1783088397994362808,11.792
1783088397999363115,11.788
1783088398004365578,11.790
1783088398009370429,11.791
1783088398014365070,11.794
1783088398019365104,11.789
1783088398024363930,11.791
1783088398029365394,11.792
1783088398034363726,11.793
1783088398039364720,11.786
1783088398044364150,11.797
1783088398049365981,11.791
1783088398054367670,11.785
1783088398059365688,11.793
1783088398064366363,11.794
1783088398069366008,11.790
1783088398074364837,11.791
1783088398079365810,11.786
1783088398084364006,11.793
1783088398089367308,11.795
1783088398094364523,11.788
1783088398099363893,11.790
1783088398104370315,11.787
1783088398109369301,11.798
1783088398114369831,11.787
1783088398119368893,11.791
1783088398124368057,11.791
1783088398129368397,11.795
1783088398134373188,11.791
1783088398139369432,11.791
1783088398144372287,11.789
1783088398149375613,11.795
1783088398154373004,11.788
1783088398159371186,11.793
1783088398164375242,11.786
1783088398169375714,11.795
1783088398174370740,11.794
1783088398179376314,11.789
1783088398184371052,11.789
1783088398189371460,11.793
1783088398194371040,11.790
1783088398199370001,11.791
1783088398204375559,11.789
1783088398209371217,11.792
1783088398214369497,11.793
1783088398219371599,11.791
1783088398224371037,11.790
1783088398229379066,11.791
1783088398234371828,11.792
1783088398239373314,11.792
1783088398244370811,11.795
1783088398249373154,11.787
1783088398254375187,11.787
1783088398259373952,11.795
1783088398264372636,11.788
1783088398269873527,11.792
1783088398274369688,11.793
1783088398279370110,11.788
1783088398284369321,11.791
1783088398289369051,11.791
1783088398294370537,11.790
1783088398299369627,11.798
1783088398304375682,11.788
1783088398309372785,11.789
1783088398314373337,11.794
1783088398319371595,11.786
1783088398324370565,11.791
1783088398329371372,11.794
1783088398334370656,11.790
1783088398339370074,11.790
1783088398344370697,11.794
1783088398349369784,11.791
1783088398354374382,11.792
1783088398359375883,11.792
1783088398364373604,11.787
1783088398369376491,11.796
1783088398374375082,11.785
1783088398379371480,11.790
1783088398384374996,11.791
1783088398389373564,11.792
1783088398394373632,11.792
1783088398399372000,11.793
1783088398404375430,11.788
1783088398409372832,11.795
1783088398414373730,11.788
1783088398419374464,11.792
1783088398424372930,11.792
1783088398429372977,11.789
1783088398434374286,11.793
1783088398439372624,11.793
1783088398444372327,11.789
1783088398449372797,11.788
1783088398454376687,11.793
1783088398459373741,11.796
1783088398464374643,11.787
1783088398469376093,11.792
1783088398474374109,11.793
1783088398479372781,11.792
1783088398484373492,11.787
1783088398489373857,11.795
1783088398494373387,11.790
1783088398499377653,11.793
1783088398504378319,11.787
1783088398509377926,11.790
1783088398514377048,11.791
1783088398519375279,11.793
1783088398524375162,11.789
1783088398529374660,11.797
1783088398534376244,11.785
1783088398539374305,11.793
1783088398544374712,11.795
1783088398549375278,11.787
1783088398554379432,11.793
1783088398559376823,11.788
1783088398564377920,11.793
1783088398569376664,11.792
1783088398574376852,11.788
1783088398579376210,11.790
1783088398584376544,11.795
1783088398589375502,11.791
1783088398594379016,11.794
1783088398599376346,11.788
1783088398604378893,11.790
1783088398609377209,11.793
1783088398614377145,11.789
1783088398619377059,11.789
1783088398624376365,11.792
1783088398629377661,11.791
1783088398634382241,11.792
1783088398639379187,11.789
1783088398644387201,11.784
1783088398649379539,11.800
1783088398654381517,11.791
1783088398659381323,11.789
1783088398664379729,11.799
1783088398669380865,11.786
1783088398674400461,11.791
1783088398679380280,11.788
1783088398684378178,11.794
1783088398689378438,11.795
1783088398694381081,11.789
1783088398699379399,11.793
1783088398704384006,11.785
1783088398709382183,11.793
1783088398714380233,11.793
1783088398719379380,11.791
1783088398724379804,11.788
1783088398729379882,11.795
1783088398734378373,11.792
1783088398739379176,11.787
1783088398744378978,11.796
1783088398749379034,11.789
1783088398754382214,11.788
1783088398759383544,11.793
1783088398764382343,11.792
1783088398769382200,11.789
1783088398774381618,11.790
1783088398779380596,11.791
1783088398784379310,11.797
1783088398789381532,11.785
1783088398794381606,11.795
1783088398799381549,11.789
1783088398804384651,11.788
1783088398809382121,11.795
1783088398814382598,11.795
1783088398819382837,11.788
1783088398824380767,11.794
1783088398829381707,11.787
1783088398834382023,11.795
1783088398839381993,11.789
1783088398844381399,11.790
1783088398849381043,11.790
1783088398854385433,11.792
1783088398859383607,11.793
1783088398864383371,11.789
1783088398869384386,11.793
1783088398874383411,11.791
1783088398879383364,11.789
1783088398884387355,11.793
1783088398889383780,11.790
1783088398894383458,11.790
1783088398899388414,11.784
1783088398904387984,11.797
1783088398909385130,11.795
1783088398914386112,11.786
1783088398919384406,11.793
1783088398924385072,11.787
1783088398929383692,11.799
1783088398934384468,11.787
1783088398939384347,11.789
1783088398944383248,11.791
1783088398949384356,11.793
1783088398954387912,11.787
1783088398959384422,11.797
1783088398964386040,11.792
1783088398969385202,11.791
1783088398974384825,11.790
1783088398979385285,11.788
1783088398984386192,11.794
1783088398989385181,11.791
1783088398994385307,11.788
1783088398999384555,11.797
1783088399004389164,11.785
1783088399009388931,11.789
1783088399014388413,11.797
1783088399019386904,11.785
1783088399024386862,11.796
1783088399029386531,11.790
1783088399034386618,11.789
1783088399039386769,11.790
1783088399044393739,11.778
1783088399049385431,11.808
1783088399054389801,11.785
1783088399059388539,11.799
1783088399064389265,11.787
1783088399069389719,11.795
1783088399074388941,11.791
1783088399079387479,11.792
1783088399084386278,11.792
1783088399089387388,11.786
1783088399094388558,11.793
1783088399099388118,11.790
1783088399104391574,11.788
1783088399109390692,11.798
1783088399114389882,11.791
1783088399119389024,11.791
1783088399124388603,11.790
1783088399129388672,11.789
1783088399134395704,11.793
1783088399139389784,11.796
1783088399144389559,11.789
1783088399149388677,11.791
1783088399154395082,11.787
1783088399159391304,11.791
1783088399164395026,11.794
1783088399169393844,11.792
1783088399174392842,11.791
1783088399179390749,11.794
1783088399184391227,11.788
1783088399189390837,11.790
1783088399194392967,11.791
1783088399199390549,11.794
1783088399204398152,11.788
1783088399209393223,11.797
1783088399214395551,11.790
1783088399219391293,11.785
1783088399224393447,11.791
1783088399229391008,11.794
1783088399234396011,11.784
1783088399239393989,11.800
1783088399244394689,11.787
1783088399249392694,11.787
1783088399254398612,11.796
1783088399259393378,11.794
1783088399264403354,11.786
1783088399269393185,11.792
1783088399274395652,11.790
1783088399279394102,11.792
1783088399284391976,11.794
1783088399289392224,11.788
1783088399294396097,11.793
1783088399299393538,11.793
1783088399304397084,11.789
1783088399309395076,11.793
1783088399314398436,11.788
1783088399319393630,11.793
1783088399324393120,11.790
1783088399329392247,11.787
1783088399334396588,11.796
1783088399339392090,11.792
1783088399344393592,11.785
1783088399349393454,11.796
1783088399354397068,11.787
1783088399359394426,11.795
1783088399364396933,11.790
1783088399369396211,11.790
1783088399374397571,11.792
1783088399379394263,11.790
1783088399384398105,11.787
1783088399389396659,11.792
1783088399394395777,11.791
1783088399399395881,11.795
1783088399404398849,11.789
1783088399409397255,11.793
1783088399414397073,11.789
1783088399419394979,11.794
1783088399424395405,11.788
1783088399429395119,11.796
1783088399434399321,11.786
1783088399439395200,11.792
1783088399444400742,11.796
1783088399449395022,11.788
1783088399454403834,11.789
1783088399459397118,11.792
1783088399464398765,11.790
1783088399469397160,11.793
1783088399474400646,11.787
1783088399479396228,11.792
1783088399484396366,11.795
1783088399489396440,11.789
1783088399494402579,13.511
1783088399499399224,15.512
1783088399504407210,15.511
1783088399509402236,15.510
1783088399514401410,15.518
1783088399519397735,15.513
1783088399524398613,15.512
1783088399529398225,15.509
1783088399534402094,15.512
1783088399539397940,15.512
1783088399544397639,15.513
1783088399549397732,15.511
1783088399554406801,15.508
1783088399559400389,15.514
1783088399564400711,15.514
1783088399569400861,15.508
1783088399574399499,15.519
1783088399579398549,15.511
1783088399584399662,15.512
1783088399589398557,15.512
1783088399594402443,15.510
1783088399599398838,15.512
1783088399604401731,15.513
1783088399609400409,15.512
1783088399614404127,15.517
1783088399619399650,15.508
1783088399624400214,15.513
1783088399629399965,15.509
1783088399634406650,15.510
1783088399639401062,15.510
1783088399644405868,15.514
1783088399649402262,15.512
1783088399654407801,15.512
1783088399659403402,15.508
1783088399664403286,15.515
1783088399669404990,15.510
1783088399674406047,15.519
1783088399679402254,15.511
1783088399684402256,15.510
1783088399689401221,15.511
1783088399694403956,15.514
1783088399699402658,15.512
1783088399704405757,15.506
1783088399709402730,15.518
1783088399714401397,15.512
1783088399719401899,15.514
1783088399724402653,15.506
1783088399729402955,15.514
1783088399734403309,15.514
1783088399739402383,15.511
1783088399744402695,15.514
1783088399749404019,15.511
1783088399754406033,15.509
1783088399759407631,15.510
1783088399764405601,15.515
1783088399769405197,15.509
1783088399774404963,15.516
1783088399779403303,15.513
1783088399784404581,15.511
1783088399789406603,15.509
1783088399794404853,15.514
1783088399799403951,15.513
1783088399804407653,15.509
1783088399809407311,15.511
1783088399814406821,15.515
1783088399819408198,15.513
1783088399824404978,15.510
1783088399829404074,15.518
1783088399834408372,15.509
1783088399839405400,15.511
1783088399844404790,15.517
1783088399849405828,15.512
1783088399854412790,15.507
1783088399859406900,15.513
1783088399864407666,15.513
1783088399869407956,15.514
1783088399874410266,15.508
1783088399879406322,15.514
1783088399884409594,15.512
1783088399889408651,15.511
1783088399894410258,15.510
1783088399899407067,15.511
1783088399904411118,15.516
1783088399909409422,15.510
1783088399914408695,15.514
1783088399919409817,15.505
1783088399924408847,15.518
1783088399929407935,15.511
1783088399934413153,15.513
1783088399939408524,15.509
1783088399944407543,15.518
1783088399949408161,15.506
1783088399954410599,15.514
1783088399959408996,15.513
1783088399964409647,15.513
1783088399969410040,15.514
1783088399974408987,15.505
1783088399979407025,15.521
1783088399984408183,15.505
1783088399989408777,15.513
1783088399994408610,15.516
1783088399999407481,15.512
1783088400004411839,15.503
1783088400009412026,15.515
1783088400014412436,15.512
1783088400019410249,15.515
1783088400024410087,15.516
1783088400029411184,15.505
1783088400034410276,15.511
1783088400039409605,15.517
1783088400044409220,15.509
1783088400049410408,15.511
1783088400054416352,15.511
1783088400059411217,15.510
1783088400064413084,15.509
1783088400069412390,15.517
1783088400074413017,15.513
1783088400079411375,15.510
1783088400084409813,15.517
1783088400089409533,15.509
1783088400094410832,15.511
1783088400099409851,15.511
1783088400104417308,15.513
1783088400109413087,15.507
1783088400114415992,15.515
1783088400119414345,15.512
1783088400124412317,15.515
1783088400129411905,15.509
1783088400134414589,15.509
1783088400139413923,15.515
1783088400144414065,15.508
1783088400149411999,15.515
1783088400154416593,15.515
1783088400159414425,15.508
1783088400164416541,15.515
1783088400169417289,15.513
1783088400174415837,15.513
1783088400179417627,15.510
1783088400184416761,15.511
1783088400189416371,15.516
1783088400194416405,15.512
1783088400199413315,15.507
1783088400204417235,15.510
1783088400209414944,15.515
1783088400214417798,15.513
1783088400219415462,15.509
1783088400224414653,15.518
1783088400229413848,15.511
1783088400234420838,15.500
1783088400239418080,15.524
1783088400244420542,15.514
1783088400249415644,15.510
1783088400254420310,15.515
1783088400259416866,15.512
1783088400264416810,15.508
1783088400269415592,15.512
1783088400274480885,15.363
1783088400279416260,15.662
1783088400284417098,15.513
1783088400289414404,15.515
1783088400294414942,15.508
1783088400299414936,15.515
1783088400304421891,15.507
1783088400309417633,15.514
1783088400314418138,15.514
1783088400319417637,15.510
1783088400324416135,15.513
1783088400329416993,15.509
1783088400334420059,15.516
1783088400339416885,15.511
1783088400344416966,15.515
1783088400349416469,15.510
1783088400354419099,15.507
1783088400359417941,15.519
1783088400364419223,15.511
1783088400369419245,15.508
1783088400374418077,15.512
1783088400379416998,15.518
1783088400384420845,15.503
1783088400389419345,15.513
1783088400394419756,15.514
1783088400399418446,15.512
1783088400404421552,15.512
1783088400409420330,15.512
1783088400414419866,15.510
1783088400419419170,15.517
1783088400424417931,15.512
1783088400429418399,15.512
1783088400434421136,15.508
1783088400439419478,15.513
1783088400444419564,15.508
1783088400449420092,15.513
1783088400454421730,15.510
1783088400459421633,15.515
1783088400464420734,15.511
1783088400469419362,15.512
1783088400474420468,15.512
1783088400479419901,15.510
1783088400484419404,15.517
1783088400489420237,15.513
1783088400494420408,15.508
1783088400499420000,15.516
1783088400504423900,15.510
1783088400509423823,15.508
1783088400514423149,15.517
1783088400519422987,15.509
1783088400524421389,15.513
1783088400529426515,15.499
1783088400534426845,15.528
1783088400539419619,15.517
1783088400544423893,15.509
1783088400549420843,15.511
1783088400554425250,15.508
1783088400559421879,15.519
1783088400564423065,15.505
1783088400569422726,15.516
1783088400574423077,15.514
1783088400579422442,15.510
1783088400584421494,15.511
1783088400589422485,15.512
1783088400594426565,15.509
1783088400599421936,15.516
1783088400604425941,15.510
1783088400609423223,15.517
1783088400614428294,15.513
1783088400619424348,15.507
1783088400624423402,15.518
1783088400629422808,15.510
1783088400634426549,15.510
1783088400639424816,15.514
1783088400644432289,15.506
1783088400649425487,15.515
1783088400654429266,15.510
1783088400659425270,15.514
1783088400664425814,15.513
1783088400669425444,15.509
1783088400674429826,15.498
1783088400679434076,15.526
1783088400684427339,15.508
1783088400689425748,15.515
1783088400694428091,15.513
1783088400699424915,15.511
1783088400704428766,15.510
1783088400709427604,15.512
1783088400714426751,15.513
1783088400719427020,15.513
1783088400724426583,15.516
1783088400729425732,15.511
1783088400734425263,15.510
1783088400739427213,15.509
1783088400744426145,15.512
1783088400749425370,15.518
1783088400754428448,15.509
1783088400759429745,15.515
1783088400764428995,15.511
1783088400769427530,15.513
1783088400774427579,15.508
1783088400779426853,15.517
1783088400784426880,15.508
1783088400789427154,15.514
1783088400794426107,15.511
1783088400799427114,15.512
1783088400804432207,15.506
1783088400809429359,15.517
1783088400814427920,15.513
1783088400819429350,15.504
1783088400824428676,15.517
1783088400829428422,15.512
1783088400834428536,15.511
1783088400839429606,15.512
1783088400844429152,15.510
1783088400849427956,15.519
1783088400854431144,15.505
1783088400859429547,15.513
1783088400864429498,15.515
1783088400869431598,15.509
1783088400874429629,15.514
1783088400879428565,15.512
1783088400884431392,15.513
1783088400889430230,15.512
1783088400894429813,15.510
1783088400899430970,15.512
1783088400904433577,15.514
1783088400909431246,15.515
1783088400914430900,15.509
1783088400919432523,15.510
1783088400924430628,15.514
1783088400929430050,15.510
1783088400934431533,15.511
1783088400939429947,15.513
1783088400944430081,15.515
1783088400949429607,15.510
1783088400954433681,15.509
1783088400959431843,15.516
1783088400964432705,15.511
1783088400969432068,15.517
1783088400974431002,15.511
1783088400979430823,15.509
1783088400984431469,15.513
1783088400989431082,15.509
1783088400994433394,15.515
1783088400999432998,15.509
1783088401004434676,15.510
1783088401009434423,15.514
1783088401014436154,15.511
1783088401019434204,15.507
1783088401024432388,15.516
1783088401029432074,15.514
1783088401034433394,15.511
1783088401039431700,15.513
1783088401044433486,15.510
1783088401049433608,15.508
1783088401054434490,15.512
1783088401059434353,15.516
1783088401064434980,15.506
1783088401069433825,15.519
1783088401074440138,15.509
1783088401079434941,15.510
1783088401084435258,15.514
1783088401089434185,15.512
1783088401094433941,15.512
1783088401099433104,15.511
1783088401104437535,15.512
1783088401109436133,15.513
1783088401114436513,15.514
1783088401119435825,15.510
1783088401124437009,15.511
1783088401129433805,15.511
1783088401134437193,15.512
1783088401139435485,15.514
1783088401144436911,15.511
1783088401149435569,15.512
1783088401154440779,15.513
1783088401159435869,15.510
1783088401164440835,15.514
1783088401169437099,15.513
1783088401174438823,15.510
1783088401179436677,15.515
1783088401184437253,15.513
1783088401189435917,15.512
1783088401194438196,15.513
1783088401199435902,15.510
1783088401204439576,15.511
1783088401209438054,15.513
1783088401214440143,15.509
1783088401219436592,15.519
1783088401224437848,15.504
1783088401229440218,15.515
1783088401234440748,15.513
1783088401239441638,15.505
1783088401244439117,15.516
1783088401249440542,15.511
1783088401254445256,15.507
1783088401259441698,15.519
1783088401264439054,15.509
1783088401269438692,15.516
1783088401274667295,15.512
1783088401279469028,15.507
1783088401284439376,15.517
1783088401289439390,15.508
1783088401294441568,15.515
1783088401299437114,15.508
1783088401304442959,15.514
1783088401309440795,15.511
1783088401314442944,15.515
1783088401319439133,15.513
1783088401324438357,15.511
1783088401329439187,15.513
1783088401334441627,15.514
1783088401339439723,15.507
1783088401344440097,15.507
1783088401349439923,15.516
1783088401354445907,15.507
1783088401359441027,15.520
1783088401364440581,15.510
1783088401369442047,15.511
1783088401374443557,15.510
1783088401379440404,15.511
1783088401384442828,15.515
1783088401389441887,15.511
1783088401394444209,15.515
1783088401399441296,15.510
1783088401404443989,15.507
1783088401409443124,15.511
1783088401414444816,15.517
1783088401419442054,15.510
1783088401424441010,15.511
1783088401429441230,15.514
1783088401434445166,15.510
1783088401439442640,15.509
1783088401444441884,15.517
1783088401449440112,15.514
1783088401454445886,15.504
1783088401459444492,15.514
1783088401464442551,15.512
1783088401469446053,15.511
1783088401474443638,15.512
1783088401479442796,15.514
1783088401484442114,15.510
1783088401489442260,15.515
1783088401494442599,15.514
1783088401499444541,15.509
1783088401504446994,15.508
1783088401509447053,15.515
1783088401514444415,15.509
1783088401519444193,15.516
1783088401524445320,15.512
1783088401529444071,15.512
1783088401534444996,15.512
1783088401539443573,15.513
1783088401544443887,15.512
1783088401549444025,15.510
1783088401554447371,15.512
1783088401559446557,15.511
1783088401564446191,15.515
1783088401569447213,15.512
1783088401574448199,15.514
1783088401579444585,15.512
1783088401584446324,15.510
1783088401589445339,15.511
1783088401594447959,15.514
1783088401599444804,15.511
1783088401604448991,15.509
1783088401609445789,15.518
1783088401614449236,15.511
1783088401619446262,15.511
1783088401624447363,15.510
1783088401629446119,15.514
1783088401634448923,15.506
1783088401639446937,15.514
1783088401644453420,15.509
1783088401649450002,15.519
1783088401654451637,15.510
1783088401659448540,15.511
1783088401664447978,15.517
1783088401669449215,15.511
1783088401674448674,15.510
1783088401679447686,15.511
1783088401684449485,15.511
1783088401689448066,15.511
1783088401694451292,15.514
1783088401699448026,15.517
1783088401704452797,15.507
1783088401709451663,15.505
1783088401714450468,15.519
1783088401719452226,15.503
1783088401724448275,15.520
1783088401729449646,15.511
1783088401734452633,15.513
1783088401739448102,15.515
1783088401744448960,15.507
1783088401749449199,15.513
1783088401754456733,15.506
1783088401759453587,15.518
1783088401764450477,15.511
1783088401769452931,15.514
1783088401774453575,15.513
1783088401779450861,15.510
1783088401784449953,15.516
1783088401789449795,15.510
1783088401794451407,15.510
1783088401799450491,15.511
1783088401804453904,15.511
1783088401809452163,15.514
1783088401814454373,15.508
1783088401819452024,15.509
1783088401824450396,15.520
1783088401829451587,15.505
1783088401834450292,15.516
1783088401839450350,15.518
1783088401844450782,15.507
1783088401849449546,15.512
1783088401854453177,15.511
1783088401859452142,15.518
1783088401864452123,15.507
1783088401869452752,15.515
1783088401874452306,15.510
1783088401879452902,15.513
1783088401884454412,15.509
1783088401889453220,15.514
1783088401894453330,15.508
1783088401899451800,15.513
1783088401904458962,15.514
1783088401909454381,15.509
1783088401914453626,15.517
1783088401919452945,15.510
1783088401924453395,15.514
1783088401929451481,15.511
1783088401934451966,15.510
1783088401939452881,15.512
1783088401944453582,15.513
1783088401949452820,15.511
1783088401954456558,15.510
1783088401959453445,15.518
1783088401964452549,15.511
1783088401969455639,15.506
1783088401974455437,15.516
1783088401979454250,15.512
1783088401984453692,15.510
1783088401989454419,15.513
1783088401994453723,15.510
1783088401999454462,15.513
1783088402004457453,15.513
1783088402009459373,15.509
1783088402014457380,15.514
1783088402019457142,15.509
1783088402024455503,15.513
1783088402029455585,15.515
1783088402034455654,15.511
1783088402039456800,15.508
1783088402044455110,15.519
1783088402049455522,15.509
1783088402054459695,15.509
1783088402059459594,15.514
1783088402064458616,15.513
1783088402069459180,15.506
1783088402074458353,15.511
1783088402079456414,15.521
1783088402084456054,15.509
1783088402089456327,15.514
1783088402094455553,15.514
1783088402099456329,15.509
1783088402104464926,15.509
1783088402109458665,15.514
1783088402114461244,15.514
1783088402119457126,15.507
1783088402124456377,15.517
1783088402129456159,15.512
1783088402134463255,15.505
1783088402139458662,15.514
1783088402144458724,15.515
1783088402149456931,15.514
1783088402154463317,15.509
1783088402159464713,15.497
1783088402164459277,15.530
1783088402169460035,15.508
1783088402174460419,15.514
1783088402179458467,15.514
1783088402184460005,15.510
1783088402189463233,15.512
1783088402194463846,15.513
1783088402199458671,15.510
1783088402204463369,15.507
1783088402209461620,15.514
1783088402214463198,15.517
1783088402219459427,15.513
1783088402224460542,15.505
1783088402229464392,15.515
1783088402234464510,15.510
1783088402239461374,15.511
1783088402244459761,15.520
1783088402249462908,15.505
1783088402254462277,15.514
1783088402259462792,15.510
1783088402264462273,15.517
1783088402269468364,15.503
1783088402274461926,15.521
1783088402279462058,15.508
1783088402284465189,15.512
1783088402289462232,15.510
1783088402294462802,15.513
1783088402299461774,15.511
1783088402304535089,15.516
1783088402309462661,15.511
1783088402314461499,15.512
1783088402319462897,15.511
1783088402324461798,15.512
1783088402329460653,15.515
1783088402334461291,15.510
1783088402339461881,15.513
1783088402344462978,15.512
1783088402349462351,15.510
1783088402354465429,15.513
1783088402359464880,15.510
1783088402364463338,15.513
1783088402369466188,15.513
1783088402374465361,15.511
1783088402379463352,15.514
1783088402384464737,15.511
1783088402389464217,15.510
1783088402394463133,15.519
1783088402399463697,15.506
1783088402404466707,15.513
1783088402409465637,15.512
1783088402414464615,15.511
1783088402419465491,15.512
1783088402424465236,15.509
1783088402429463469,15.521
1783088402434463312,15.509
1783088402439463754,15.514
1783088402444464135,15.507
1783088402449467110,15.506
1783088402454472229,15.520
1783088402459466528,15.512
1783088402464466135,15.509
1783088402469466584,15.514
1783088402474467531,15.512
1783088402479465658,15.514
1783088402484464544,15.512
1783088402489467082,15.507
1783088402494465096,15.520
1783088402499465050,15.510
1783088402504470488,15.507
1783088402509470702,15.513
1783088402514467276,15.512
1783088402519468230,15.512
1783088402524467112,15.512
1783088402529466159,15.518
1783088402534466868,15.506
1783088402539466631,15.516
1783088402544465910,15.510
1783088402549470292,15.515
1783088402554471336,15.505
1783088402559468478,15.517
1783088402564466994,15.513
1783088402569468145,15.512
1783088402574469223,15.512
1783088402579469754,15.512
1783088402584468392,15.507
1783088402589468415,15.515
1783088402594472989,15.515
1783088402599468947,15.512
1783088402604471004,15.510
1783088402609469874,15.512
1783088402614469477,15.509
1783088402619469107,15.509
1783088402624467893,15.519
1783088402629467623,15.509
1783088402634471367,15.510
1783088402639472219,15.512
1783088402644475465,15.512
1783088402649471932,15.509
1783088402654474110,15.512
1783088402659471759,15.516
1783088402664469702,15.515
1783088402669472887,15.507
1783088402674474598,15.515
1783088402679470802,15.508
1783088402684469925,15.516
1783088402689469778,15.516
1783088402694472969,15.512
1783088402699470272,15.510
1783088402704482426,15.505
1783088402709470932,15.516
1783088402714471398,15.514
1783088402719472244,15.513
1783088402724474122,15.509
1783088402729470380,15.513
1783088402734472639,15.508
1783088402739472468,15.516
1783088402744473726,15.511
1783088402749471242,15.516
1783088402754474450,15.505
1783088402759476940,15.514
1783088402764473554,15.512
1783088402769475260,15.510
1783088402774473365,15.519
1783088402779473945,15.508
1783088402784473063,15.511
1783088402789473786,15.513
1783088402794472166,15.513
1783088402799473528,15.511
1783088402804475355,15.516
1783088402809474484,15.511
1783088402814473322,15.512
1783088402819473885,15.506
1783088402824473571,15.516
1783088402829473193,15.509
1783088402834474676,15.511
1783088402839473697,15.511
1783088402844473987,15.514
1783088402849475523,15.517
1783088402854477955,15.508
1783088402859474326,15.513
1783088402864474124,15.516
1783088402869475922,15.510
1783088402874474480,15.513
1783088402879478649,15.509
1783088402884477304,15.512
1783088402889476373,15.516
1783088402894474527,15.509
1783088402899479202,15.508
1783088402904480288,15.512
1783088402909477459,15.517
1783088402914475816,15.513
1783088402919480590,15.507
1783088402924475635,15.517
1783088402929474526,15.512
1783088402934476632,15.516
1783088402939475500,15.512
1783088402944474952,15.510
1783088402949475710,15.513
1783088402954468119,15.518
1783088402959464168,15.520
1783088402964467146,15.509
1783088402969465952,15.512
1783088402974470787,15.511
1783088402979470165,15.510
1783088402984475392,15.506
1783088402989475137,15.511
1783088402994477892,15.512
1783088402999477477,15.509
1783088403004478973,15.510
1783088403009481581,15.511
1783088403014489751,15.514
1783088403019479243,15.513
1783088403024478929,15.516
1783088403029478571,15.509
1783088403034478743,15.515
1783088403039482054,15.512
1783088403044479001,15.511
1783088403049478683,15.509
1783088403054482121,15.511
1783088403059483703,15.512
1783088403064478866,15.515
1783088403069479675,15.513
1783088403074480757,15.512
1783088403079483180,15.515
1783088403084479218,15.514
1783088403089479641,15.507
1783088403094479805,15.513
1783088403099481172,15.513
1783088403104483785,15.507
1783088403109481381,15.516
1783088403114481917,15.507
1783088403119484659,15.520
1783088403124481241,15.510
1783088403129479693,15.508
1783088403134483190,15.511
1783088403139484280,15.519
1783088403144482378,15.507
1783088403149480240,15.515
1783088403154483506,15.512
1783088403159485292,15.510
1783088403164482885,15.516
1783088403169486552,15.511
1783088403174485228,15.512
1783088403179485472,15.514
1783088403184483258,15.508
1783088403189486026,15.513
1783088403194484514,15.513
1783088403199484156,15.509
1783088403204487824,15.511
1783088403209485780,15.515
1783088403214486571,15.513
1783088403219486024,15.510
1783088403224488158,15.509
1783088403229486725,15.513
1783088403234489414,15.507
1783088403239491703,15.522
1783088403244488055,15.513
1783088403249486041,15.514
1783088403254487150,15.510
1783088403259488344,15.513
1783088403264489680,15.508
1783088403269494169,15.491
1783088403274490535,15.523
1783088403279492085,15.521
1783088403284487240,15.516
1783088403289495158,15.491
1783088403294485899,15.530
1783088403299486954,15.512
1783088403304491791,15.512
1783088403309508893,15.450
1783088403314488647,15.578
1783088403319488625,15.508
1783088403324487495,15.512
1783088403329495148,15.491
1783088403334487759,15.538
1783088403339487906,15.508
1783088403344488751,15.513
1783088403349494133,15.498
1783088403354493787,15.523
1783088403359489782,15.514
1783088403364489388,15.509
1783088403369496919,15.492
1783088403374489632,15.531
1783088403379489086,15.517
1783088403384490076,15.505
1783088403389486804,15.518
1783088403394487630,15.513
1783088403399489068,15.511
1783088403404490496,15.504
1783088403409494666,15.502
1783088403414489848,15.530
1783088403419490892,15.512
1783088403424487073,15.513
1783088403429486583,15.510
1783088403434488767,15.515
1783088403439491067,15.508
1783088403444487472,15.512
1783088403449486799,15.512
1783088403454493377,15.512
1783088403459488026,15.513
1783088403464488855,15.513
1783088403469493811,15.493
1783088403474492711,15.532
1783088403479487929,15.509
1783088403484487189,15.517
1783088403489495231,15.490
1783088403494492871,15.529
1783088403499487883,15.517
1783088403504492385,15.501
1783088403509499291,15.494
1783088403514491729,15.539
1783088403519491021,15.510
1783088403524489241,15.514
1783088403529496683,15.485
1783088403534491722,15.538
1783088403539492000,15.514
1783088403544489251,15.510
1783088403549494931,15.498
1783088403554494300,15.528
1783088403559495596,15.515
1783088403564490041,15.512
1783088403569498632,15.489
1783088403574492085,15.535
1783088403579490884,15.512
1783088403584490914,15.515
1783088403589495753,15.490
1783088403594491886,15.531
1783088403599492736,15.512
1783088403604494326,15.510
1783088403609497448,15.497
1783088403614493286,15.530
1783088403619493496,15.514
1783088403624490650,15.510
1783088403629497312,15.494
1783088403634495302,15.528
1783088403639493460,15.514
1783088403644498114,15.508
1783088403649500017,15.495
1783088403654499419,15.531
1783088403659493128,15.514
1783088403664493343,15.514
1783088403669502700,15.479
1783088403674495695,15.540
1783088403679493980,15.517
1783088403684491698,15.508
1783088403689502613,15.488
1783088403694494712,15.540
1783088403699495072,15.507
1783088403704498247,15.512
1783088403709501377,15.492
1783088403714497087,15.535
1783088403719494389,15.510
1783088403724495183,15.513
1783088403729499777,15.494
1783088403734495897,15.527
1783088403739494173,15.514
1783088403744493933,15.516
1783088403749500713,15.487
1783088403754500775,15.529
1783088403759502534,15.510
1783088403764498552,15.514
1783088403769505177,15.495
1783088403774499003,15.534
1783088403779495472,15.512
1783088403784495672,15.508
1783088403789509102,15.474
1783088403794498695,15.554
1783088403799497009,15.513
1783088403804498702,15.510
1783088403809503618,15.484
1783088403814497932,15.541
1783088403819498786,15.512
1783088403824496588,15.508
1783088403829502254,15.498
1783088403834497525,15.530
1783088403839499656,15.515
1783088403844495960,15.509
1783088403849502924,15.490
1783088403854501468,15.530
1783088403859498538,15.514
1783088403864496712,15.514
1783088403869504629,15.491
1783088403874502413,15.529
1783088403879501282,15.519
1783088403884499644,15.506
1783088403889506338,15.496
1783088403894503100,15.523
1783088403899503070,15.515
1783088403904503005,15.510
1783088403909506134,15.497
1783088403914504064,15.528
1783088403919502717,15.512
1783088403924500375,15.515
1783088403929505835,15.498
1783088403934506520,15.513
1783088403939503329,15.525
1783088403944500482,15.510
1783088403949505179,15.495
1783088403954506113,15.524
1783088403959506011,15.515
1783088403964501589,15.515
1783088403969502067,15.514
1783088403974500433,15.512
1783088403979505271,15.509
1783088403984499653,15.519
1783088403989505379,15.490
1783088403994505062,15.530
1783088403999504165,15.511
1783088404004505289,15.505
1783088404009508331,15.506
1783088404014506249,15.522
1783088404019504096,15.515
1783088404024502076,15.514
1783088404029506243,15.495
1783088404034504579,15.527
1783088404039502148,15.509
1783088404044501976,15.516
1783088404049506272,15.495
1783088404054507710,15.525
1783088404059503382,15.515
1783088404064503266,15.509
1783088404069504260,15.512
1783088404074504194,15.515
1783088404079505647,15.504
1783088404084503406,15.522
1783088404089505491,15.502
1783088404094506782,15.518
1783088404099502794,15.514
1783088404104508005,15.513
1783088404109510542,15.493
1783088404114504546,15.527
1783088404119504188,15.516
1783088404124505766,15.503
1783088404129507713,15.509
1783088404134510193,15.514
1783088404139509825,15.516
1783088404144505142,15.516
1783088404149508116,15.499
1783088404154509674,15.524
1783088404159508948,15.510
1783088404164509368,15.514
1783088404169509028,15.516
1783088404174507535,15.506
1783088404179505993,15.513
1783088404184505795,15.511
1783088404189507317,15.516
1783088404194505043,15.515
1783088404199506457,15.511
1783088404204512731,15.510
1783088404209509196,15.512
1783088404214506931,15.508
1783088404219512357,15.505
1783088404224505247,15.523
1783088404229509143,15.503
1783088404234508151,15.518
1783088404239512265,15.509
1783088404244508863,15.512
1783088404249509077,15.508
1783088404254510988,15.513
1783088404259512997,15.519
1783088404264513182,15.508
1783088404269509713,15.512
1783088404274510627,15.512
1783088404279512010,15.518
1783088404284508832,15.511
1783088404289508210,15.510
1783088404294508853,15.513
1783088404299510146,15.518
1783088404304512274,15.502
1783088404309511952,15.516
1783088404314509652,15.508
1783088404319514070,15.515
1783088404324509288,15.516
1783088404329509216,15.508
1783088404334509435,15.514
1783088404339509251,15.509
1783088404344508585,15.517
1783088404349507994,15.510
1783088404354513096,15.506
1783088404359511172,15.514
1783088404364509810,15.512
1783088404369510670,15.512
1783088404374511444,15.513
1783088404379510395,15.511
1783088404384513924,15.504
1783088404389510522,15.519
1783088404394510131,15.516
1783088404399510379,15.507
1783088404404513216,15.512
1783088404409514419,15.506
1783088404414512317,15.515
1783088404419512355,15.515
1783088404424512105,15.509
1783088404429514583,15.507
1783088404434512343,15.517
1783088404439509973,15.514
1783088404444510833,15.512
1783088404449513844,15.506
1783088404454514989,15.519
1783088404459512745,15.515
1783088404464513053,15.507
1783088404469513889,15.513
1783088404474514860,15.512
1783088404479513667,15.512
1783088404484513330,15.516
1783088404489514183,15.506
1783088404494513170,15.518
1783088404499513488,15.507
1783088404504516653,15.512
1783088404509518506,15.513
1783088404514517842,15.514
1783088404519516495,15.505
1783088404524515178,15.519
1783088404529513991,15.512
1783088404534513436,15.515
1783088404539513328,15.510
1783088404544515045,15.510
1783088404549515203,15.508
1783088404554517046,15.516
1783088404559516096,15.511
1783088404564518434,15.515
1783088404569516841,15.506
1783088404574516118,15.510
1783088404579515524,15.517
1783088404584517911,15.508
1783088404589514642,15.518
1783088404594515107,15.512
1783088404599514165,15.513
1783088404604517463,15.505
1783088404609517816,15.514
1783088404614517774,15.508
1783088404619516443,15.512
1783088404624523355,15.521
1783088404629516817,15.501
1783088404634519097,15.515
1783088404639517685,15.513
1783088404644524602,15.508
1783088404649520193,15.513
1783088404654521082,15.514
1783088404659518289,15.510
1783088404664519555,15.518
1783088404669518881,15.510
1783088404674519687,15.513
1783088404679517939,15.510
1783088404684517287,15.514
1783088404689519408,15.509
1783088404694519195,15.516
1783088404699516429,15.510
1783088404704522624,15.510
1783088404709520729,15.507
1783088404714520028,15.517
1783088404719518497,15.513
1783088404724518931,15.514
1783088404729520454,15.503
1783088404734518111,15.522
1783088404739518234,15.508
1783088404744518388,15.515
1783088404749519166,15.506
1783088404754523839,15.509
1783088404759524575,15.518
1783088404764519299,15.511
1783088404769522090,15.506
1783088404774520955,15.519
1783088404779519818,15.512
1783088404784523480,15.511
1783088404789521226,15.508
1783088404794521228,15.515
1783088404799520586,15.517
1783088404804523660,15.513
1783088404809521943,15.507
1783088404814521160,15.511
1783088404819519904,15.519
1783088404824525452,15.512
1783088404829521234,15.507
1783088404834519628,15.517
1783088404839520510,15.509
1783088404844523873,15.513
1783088404849542018,15.513
1783088404854525138,15.512
1783088404859522531,15.509
1783088404864521996,15.517
1783088404869524719,15.507
1783088404874523997,15.512
1783088404879525590,15.515
1783088404884524039,15.513
1783088404889524731,15.506
1783088404894527848,15.519
1783088404899522186,15.512
1783088404904525421,15.512
1783088404909527315,15.502
1783088404914523201,15.521
1783088404919525818,15.514
1783088404924522483,15.512
1783088404929524501,15.505
1783088404934524005,15.513
1783088404939522065,15.514
1783088404944521614,15.517
1783088404949523803,15.508
1783088404954526726,15.513
1783088404959524130,15.509
1783088404964523582,15.517
1783088404969526906,15.505
1783088404974526104,15.511
1783088404979524489,15.513
1783088404984523706,15.518
1783088404989523896,15.508
1783088404994524789,15.512
1783088404999525116,15.509
1783088405004528865,15.516
1783088405009528684,15.509
1783088405014525982,15.517
1783088405019524946,15.511
1783088405024527842,15.513
1783088405029526122,15.507
1783088405034524960,15.512
1783088405039526484,15.510
1783088405044526376,15.522
1783088405049526084,15.509
1783088405054528812,15.514
1783088405059528285,15.510
1783088405064525267,15.511
1783088405069527905,15.514
1783088405074528714,15.507
1783088405079525923,15.515
1783088405084527470,15.517
1783088405089526398,15.505
1783088405094526015,15.516
1783088405099526117,15.513
1783088405104532215,15.512
1783088405109528781,15.510
1783088405114527798,15.513
1783088405119527036,15.511
1783088405124530871,15.517
1783088405129527617,15.504
1783088405134530859,15.512
1783088405139528921,15.514
1783088405144529385,15.521
1783088405149528755,15.503
1783088405154532261,15.511
1783088405159530188,15.515
1783088405164528311,15.514
1783088405169535621,15.506
1783088405174533111,15.516
1783088405179532225,15.511
1783088405184527431,15.516
1783088405189531017,15.504
1783088405194531107,15.515
1783088405199530336,15.511
1783088405204535328,15.513
1783088405209530990,15.508
1783088405214530368,15.517
1783088405219534988,15.501
1783088405224529352,15.524
1783088405229530006,15.508
1783088405234531611,15.517
1783088405239530802,15.506
1783088405244530612,15.521
1783088405249533469,15.506
1783088405254534547,15.512
1783088405259532930,15.513
1783088405264534910,15.516
1783088405269533281,15.506
1783088405274532336,15.518
1783088405279540783,15.510
1783088405284538595,15.515
1783088405289532114,15.508
1783088405294530078,15.515
1783088405299530322,15.511
1783088405304536076,15.508
1783088405309535254,15.511
1783088405314532605,15.516
1783088405319532962,15.509
1783088405324531796,15.517
1783088405329533610,15.510
1783088405334531903,15.513
1783088405339531466,15.510
1783088405344532240,15.513
1783088405349534451,15.508
1783088405354535898,15.518
1783088405359534402,15.513
1783088405364531624,15.517
1783088405369535154,15.504
1783088405374534360,15.518
1783088405379534218,15.509
1783088405384540705,15.509
1783088405389535430,15.511
1783088405394533797,15.517
1783088405399534007,15.511
1783088405404538861,15.514
1783088405409535375,15.505
1783088405414533897,15.513
1783088405419534139,15.521
1783088405424536097,15.509
1783088405429535218,15.504
1783088405434534763,15.517
1783088405439535135,15.514
1783088405444533674,15.513
1783088405449534972,15.509
1783088405454537790,15.515
1783088405459537733,15.508
1783088405464534692,15.518
1783088405469537732,15.506
1783088405474536801,15.518
1783088405479534703,15.508
1783088405484534730,15.515
1783088405489536784,15.509
1783088405494536222,15.517
1783088405499536080,15.509
1783088405504539354,15.512
1783088405509540616,15.509
1783088405514538772,15.509
1783088405519539772,15.517
1783088405524536046,15.515
1783088405529538060,15.509
1783088405534537786,15.511
1783088405539536855,15.516
1783088405544535653,15.512
1783088405549537692,15.502
1783088405554541178,15.518
1783088405559539102,15.515
1783088405564543387,15.495
1783088405569538764,15.529
1783088405574539994,15.511
1783088405579539580,15.509
1783088405584537585,15.520
1783088405589538322,15.508
1783088405594538475,15.515
1783088405599539457,15.505
1783088405604539511,15.522
1783088405609545504,15.503
1783088405614538626,15.516
1783088405619538853,15.511
1783088405624537651,15.515
1783088405629542492,15.507
1783088405634542045,15.511
1783088405639539723,15.514
1783088405644545455,15.511
1783088405649545677,15.508
1783088405654544399,15.519
1783088405659541361,15.511
1783088405664539187,15.515
1783088405669543451,15.509
1783088405674540155,15.515
1783088405679541669,15.507
1783088405684539075,15.516
1783088405689541673,15.507
1783088405694542180,15.514
1783088405699541161,15.517
1783088405704544867,15.512
1783088405709548894,15.503
1783088405714541715,15.517
1783088405719541865,15.515
1783088405724542139,15.514
1783088405729546177,15.503
1783088405734542355,15.520
1783088405739541642,15.510
1783088405744540132,15.516
1783088405749546362,15.503
1783088405754545304,15.515
1783088405759546376,15.512
1783088405764543287,15.511
1783088405769549374,15.510
1783088405774543576,15.519
1783088405779542401,15.512
1783088405784543005,15.513
1783088405789546450,15.504
1783088405794544216,15.508
1783088405799541954,15.522
1783088405804545036,15.506
1783088405809548718,15.511
1783088405814547376,15.512
1783088405819547226,15.516
1783088405824543485,15.513
1783088405829545229,15.510
1783088405834542616,15.516
1783088405839543439,15.513
1783088405844541832,15.513
1783088405849544939,15.506
1783088405854548748,15.510
1783088405859545217,15.516
1783088405864543689,15.516
1783088405869549942,15.503
1783088405874547205,15.517
1783088405879544895,15.515
1783088405884546316,15.511
1783088405889549259,15.506
1783088405894546712,15.516
1783088405899544599,15.515
1783088405904548192,15.511
1783088405909552351,15.509
1783088405914545115,15.517
1783088405919543943,15.512
1783088405924546717,15.507
1783088405929546624,15.515
1783088405934545207,15.513
1783088405939545865,15.513
1783088405944544698,15.512
1783088405949546935,15.508
1783088405954548618,15.510
1783088405959548416,15.516
1783088405964545421,15.514
1783088405969551195,15.509
1783088405974546393,15.514
1783088405979546319,15.508
1783088405984545990,15.516
1783088405989550284,15.509
1783088405994546813,15.509
1783088405999545762,15.522
1783088406004549553,15.505
1783088406009552116,15.512
1783088406014548934,15.511
1783088406019549134,15.515
1783088406024550612,15.511
1783088406029548728,15.507
1783088406034546998,15.519
1783088406039547244,15.509
1783088406044548219,15.512
1783088406049547919,15.509
1783088406054553274,15.512
1783088406059549112,15.514
1783088406064549038,15.515
1783088406069550184,15.505
1783088406074550462,15.514
1783088406079549936,15.517
1783088406084548842,15.512
1783088406089549456,15.512
1783088406094549144,15.511
1783088406099548050,15.512
1783088406104552370,15.509
1783088406109552857,15.514
1783088406114550157,15.517
1783088406119551773,15.510
1783088406124549231,15.513
1783088406129550209,15.509
1783088406134552447,15.515
1783088406139552154,15.509
1783088406144550363,15.514
1783088406149549623,15.511
1783088406154554414,15.514
1783088406159551101,15.512
1783088406164551339,15.514
1783088406169555709,15.502
1783088406174555135,15.517
1783088406179554337,15.518
1783088406184553439,15.504
1783088406189555455,15.509
1783088406194554923,15.517
1783088406199555697,15.513
1783088406204556999,15.511
1783088406209552874,15.514
1783088406214552659,15.509
1783088406219551105,15.513
1783088406224550759,15.516
1783088406229552301,15.505
1783088406234553908,15.514
1783088406239554062,15.516
1783088406244553353,15.510
1783088406249558733,15.505
1783088406254553895,15.516
1783088406259554682,15.513
1783088406264554587,15.515
1783088406269558350,15.503
1783088406274554579,15.520
1783088406279553974,15.510
1783088406284554378,15.514
1783088406289555102,15.506
1783088406294553316,15.517
1783088406299557362,15.513
1783088406304558244,15.505
1783088406309557214,15.511
1783088406314555251,15.514
1783088406319555406,15.515
1783088406324555013,15.509
1783088406329559291,15.516
1783088406334560260,15.509
1783088406339554138,15.510
1783088406344553736,15.516
1783088406349556759,15.506
1783088406354556801,15.515
1783088406359554815,15.514
1783088406364555838,15.512
1783088406369556557,15.506
1783088406374558195,15.517
1783088406379555635,15.509
1783088406384557505,15.509
1783088406389557750,15.513
1783088406394557065,15.512
1783088406399556723,15.516
1783088406404558505,15.510
1783088406409558383,15.509
1783088406414556446,15.514
1783088406419556626,15.515
1783088406424555753,15.511
1783088406429557858,15.509
1783088406434556519,15.519
1783088406439555591,15.511
1783088406444556613,15.507
1783088406449558783,15.514
1783088406454558549,15.509
1783088406459558561,15.515
1783088406464557489,15.512
1783088406469556667,15.511
1783088406474559255,15.514
1783088406479558383,15.511
1783088406484556897,15.513
1783088406489557697,15.513
1783088406494559957,15.508
1783088406499557453,15.516
1783088406504561585,15.509
1783088406509563600,15.509
1783088406514561769,15.521
1783088406519559603,15.508
1783088406524558614,15.511
1783088406529559055,15.512
1783088406534560881,15.511
1783088406539558423,15.516
1783088406544557641,15.511
1783088406549559280,15.510
1783088406554563482,15.516
1783088406559560110,15.512
1783088406564559633,15.510
1783088406569560576,15.512
1783088406574561036,15.510
1783088406579560168,15.514
1783088406584559994,15.516
1783088406589565692,15.504
1783088406594566367,15.513
1783088406599564668,15.513
1783088406604564498,15.516
1783088406609564692,15.508
1783088406614563335,15.512
1783088406619560252,15.518
1783088406624559616,15.510
1783088406629561588,15.509
1783088406634565747,15.509
1783088406639565394,15.516
1783088406644570183,15.507
1783088406649567952,15.508
1783088406654569865,15.516
1783088406659563705,15.513
1783088406664562386,15.512
1783088406669567705,15.512
1783088406674566202,15.513
1783088406679562533,15.513
1783088406684564787,15.515
1783088406689562964,15.507
1783088406694562675,15.516
1783088406699561980,15.510
1783088406704566063,15.509
1783088406709567033,15.509
1783088406714562827,15.518
1783088406719563079,15.514
1783088406724564165,15.512
1783088406729564013,15.509
1783088406734562491,15.513
1783088406739562701,15.514
1783088406744563483,15.509
1783088406749566367,15.510
1783088406754569519,15.512
1783088406759566777,15.510
1783088406764565415,15.519
1783088406769566138,15.506
1783088406774566178,15.515
1783088406779566739,15.513
1783088406784564701,15.515
1783088406789565081,15.507
1783088406794564236,15.511
1783088406799564337,15.515
1783088406804566888,15.511
1783088406809566930,15.512
1783088406814567887,15.512
1783088406819565106,15.510
1783088406824565124,15.515
1783088406829565896,15.508
1783088406834567040,15.515
1783088406839569591,15.502
1783088406844566584,15.518
1783088406849566981,15.514
1783088406854570744,15.510
1783088406859566637,15.514
1783088406864565356,15.512
1783088406869568042,15.514
1783088406874567753,15.509
1783088406879567642,15.515
1783088406884569484,15.509
1783088406889568390,15.512
1783088406894570151,15.510
1783088406899566967,15.518
1783088406904571396,15.508
1783088406909570150,15.512
1783088406914569321,15.511
1783088406919568626,15.512
1783088406924567388,15.517
1783088406929568546,15.505
1783088406934569700,15.518
1783088406939568182,15.506
1783088406944568416,15.514
1783088406949568751,15.514
1783088406954572807,15.509
1783088406959570683,15.515
1783088406964567056,15.513
1783088406969573261,15.510
1783088406974571505,15.507
1783088406979570317,15.512
1783088406984568655,15.520
1783088406989573263,15.501
1783088406994568897,15.522
1783088406999568571,15.509
1783088407004572267,15.511
1783088407009574291,15.509
1783088407014571553,15.517
1783088407019571443,15.509
1783088407024570399,15.511
1783088407029571391,15.512
1783088407034569785,15.513
1783088407039570187,15.514
1783088407044569337,15.511
1783088407049570475,15.512
1783088407054574573,15.509
1783088407059571615,15.517
1783088407064571413,15.509
1783088407069571920,15.507
1783088407074572298,15.521
1783088407079571567,15.510
1783088407084571810,15.513
1783088407089571328,15.508
1783088407094570610,15.514
1783088407099570212,15.515
1783088407104575736,15.507
1783088407109575528,15.512
1783088407114575078,15.513
1783088407119572315,15.517
1783088407124571670,15.510
1783088407129573196,15.510
1783088407134576710,15.511
1783088407139572292,15.515
1783088407144573726,15.511
1783088407149573476,15.509
1783088407154574848,15.511
1783088407159573192,15.520
1783088407164576514,15.512
1783088407169578048,15.503
1783088407174575100,15.517
1783088407179574212,15.511
1783088407184572330,15.514
1783088407189574640,15.508
1783088407194581060,15.495
1783088407199576716,15.529
1783088407204578483,15.517
1783088407209575396,15.504
1783088407214575565,15.516
1783088407219574628,15.509
1783088407224575135,15.514
1783088407229575337,15.515
1783088407234580007,15.508
1783088407239576028,15.514
1783088407244576039,15.508
1783088407249578217,15.515
1783088407254578219,15.508
1783088407259576327,15.521
1783088407264580055,15.505
1783088407269578216,15.512
1783088407274580061,15.509
1783088407279577401,15.516
1783088407284576755,15.517
1783088407289580635,15.496
1783088407294576943,15.520
1783088407299579481,15.514
1783088407304579359,15.509
1783088407309590749,15.494
1783088407314578424,15.533
1783088407319576637,15.514
1783088407324576327,15.516
1783088407329577974,15.503
1783088407334578632,15.513
1783088407339582089,15.497
1783088407344576128,15.532
1783088407349577657,15.505
1783088407354580768,15.512
1783088407359578875,15.514
1783088407364578426,15.517
1783088407369581013,15.507
1783088407374580620,15.509
1783088407379578570,15.515
1783088407384580192,15.510
1783088407389580815,15.506
1783088407394578727,15.515
1783088407399577990,15.510
1783088407404579496,15.517
1783088407409579974,15.507
1783088407414580174,15.515
1783088407419581750,15.503
1783088407424580102,15.520
1783088407429581310,15.511
1783088407434582824,15.517
1783088407439578806,15.507
1783088407444577520,15.512
1783088407449579382,15.509
1783088407454586044,15.515
1783088407459579443,15.515
1783088407464579880,15.507
1783088407469581803,15.509
1783088407474584070,15.522
1783088407479581854,15.508
1783088407484578919,15.512
1783088407489581955,15.511
1783088407494583204,15.515
1783088407499579842,15.508
1783088407504584329,15.510
1783088407509588462,21.272
1783088407514583716,31.136
1783088407519586405,31.117
1783088407524583761,31.135
1783088407529583827,31.115
1783088407534582317,31.137
1783088407539581727,31.126
1783088407544582213,31.122
1783088407549583735,31.125
1783088407554587385,31.118
1783088407559584922,31.136
1783088407564582155,31.131
1783088407569586953,31.118
1783088407574584529,31.122
1783088407579583967,31.131
1783088407584583169,31.132
1783088407589584465,31.112
1783088407594584690,31.133
1783088407599583563,31.127
1783088407604586579,31.122
1783088407609585639,31.121
1783088407614584077,31.135
1783088407619597751,31.125
1783088407624584189,31.135
1783088407629585042,31.115
1783088407634589847,31.127
1783088407639584907,31.129
1783088407644590318,31.126
1783088407649587396,31.123
1783088407654592194,31.129
1783088407659585716,31.133
1783088407664585401,31.129
1783088407669611364,31.111
1783088407674587152,31.127
1783088407679588208,31.135
1783088407684586713,31.128
1783088407689587372,31.123
1783088407694584430,31.132
1783088407699586867,31.126
1783088407704589845,31.123
1783088407709588540,31.122
1783088407714586582,31.126
1783088407719586740,31.126
1783088407724586330,31.128
1783088407729589004,31.112
1783088407734586608,31.135
1783088407739589652,31.122
1783088407744587678,31.140
1783088407749588373,31.116
1783088407754590214,31.130
1783088407759591491,31.126
1783088407764588298,31.133
1783088407769588767,31.124
1783088407774590378,31.131
1783088407779587892,31.129
1783088407784577176,31.152
1783088407789573257,31.129
1783088407794578004,31.113
1783088407799577641,31.129
1783088407804584322,31.113
1783088407809583555,31.125
1783088407814590282,31.113
1783088407819588589,31.131
1783088407824589707,31.120
1783088407829589565,31.135
1783088407834591347,31.127
1783088407839588109,31.130
1783088407844587237,31.133
1783088407849588625,31.119
1783088407854591093,31.119
1783088407859594656,31.119
1783088407864592203,31.129
1783088407869592289,31.127
1783088407874593023,31.143
1783088407879590029,31.118
1783088407884591439,31.125
1783088407889591845,31.125
1783088407894592840,31.135
1783088407899589510,31.127
1783088407904594752,31.122
1783088407909591298,31.128
1783088407914591099,31.128
1783088407919590615,31.130
1783088407924592415,31.123
1783088407929590102,31.128
1783088407934595208,31.123
1783088407939590060,31.128
1783088407944590116,31.130
1783088407949591044,31.123
1783088407954596672,31.118
1783088407959592125,31.135
1783088407964591892,31.129
1783088407969590368,31.130
1783088407974594514,31.122
1783088407979593282,31.135
1783088407984591695,31.123
1783088407989591610,31.121
1783088407994591531,31.129
1783088407999592010,31.129
1783088408004593852,31.123
1783088408009594865,31.123
1783088408014595008,31.132
1783088408019593018,31.126
1783088408024592776,31.129
1783088408029600018,31.124
1783088408034595536,31.121
1783088408039592994,31.129
1783088408044592944,31.128
1783088408049592746,31.128
1783088408054596240,31.119
1783088408059594293,31.125
1783088408064594277,31.134
1783088408069600382,31.117
1783088408074597474,31.125
1783088408079595614,31.120
1783088408084596003,31.130
1783088408089601267,31.127
1783088408094596725,31.135
1783088408099597410,31.125
1783088408104599955,31.118
1783088408109603422,31.126
1783088408114597084,31.132
1783088408119599351,31.127
1783088408124597421,31.118
1783088408129602919,31.128
1783088408134599696,31.125
1783088408139596963,31.129
1783088408144596969,31.124
1783088408149601885,31.126
1783088408154602165,31.131
1783088408159595343,31.135
1783088408164596885,31.123
1783088408169603395,31.116
1783088408174602337,31.120
1783088408179597207,31.131
1783088408184597089,31.142
1783088408189603435,31.109
1783088408194597901,31.134
1783088408199606952,31.114
1783088408204603996,31.130
1783088408209606163,31.128
1783088408214600352,31.129
1783088408219598888,31.129
1783088408224597968,31.130
1783088408229606395,31.113
1783088408234600526,31.136
1783088408239598216,31.121
1783088408244605087,31.126
1783088408249605940,31.129
1783088408254604505,31.129
1783088408259602603,31.132
1783088408264602826,31.126
1783088408269603110,31.125
1783088408274602306,31.132
1783088408279710498,31.085
1783088408284602030,31.171
1783088408289604060,31.116
1783088408294600974,31.133
1783088408299602068,31.127
1783088408304606596,31.120
1783088408309612287,31.126
1783088408314605122,31.123
1783088408319604536,31.131
1783088408324603846,31.132
1783088408329609192,31.122
1783088408334602454,31.128
1783088408339601860,31.124
1783088408344604922,31.119
1783088408349607777,31.134
1783088408354606164,31.123
1783088408359603256,31.125
1783088408364603638,31.125
1783088408369602269,31.125
1783088408374607347,31.127
1783088408379605156,31.127
1783088408384604259,31.126
1783088408389612612,31.125
1783088408394603830,31.125
1783088408399604945,31.132
1783088408404605312,31.120
1783088408409609453,31.122
1783088408414604413,31.138
1783088408419604121,31.127
1783088408424603119,31.121
1783088408429608665,31.126
1783088408434603039,31.122
1783088408439605937,31.130
1783088408444602511,31.121
1783088408449607329,31.132
1783088408454607223,31.121
1783088408459605981,31.128
1783088408464603275,31.127
1783088408469608644,31.127
1783088408474605835,31.120
1783088408479604181,31.131
1783088408484604535,31.127
1783088408489607825,31.128
1783088408494604996,31.117
1783088408499606369,31.133
1783088408504606879,31.117
1783088408509615365,31.130
1783088408514608183,31.130
1783088408519607514,31.128
1783088408524605263,31.117
1783088408529612168,31.133
1783088408534605024,31.130
1783088408539604038,31.120
1783088408544604907,31.129
1783088408549612394,31.122
1783088408554609912,31.129
1783088408559607705,31.120
1783088408564604882,31.138
1783088408569610472,31.122
1783088408574608296,31.125
1783088408579608168,31.128
1783088408584605346,31.124
1783088408589610774,31.128
1783088408594605604,31.132
1783088408599608558,31.123
1783088408604609258,31.116
1783088408609611586,31.134
1783088408614607632,31.131
1783088408619611072,31.120
1783088408624608924,31.127
1783088408629612908,31.130
1783088408634616880,31.123
1783088408639608370,31.125
1783088408644613982,31.127
1783088408649616310,31.134
1783088408654614093,31.120
1783088408659609146,31.130
1783088408664606429,31.129
1783088408669615560,31.128
1783088408674612384,31.119
1783088408679608489,31.129
1783088408684607992,31.125
1783088408689617003,31.121
1783088408694610668,31.132
1783088408699608714,31.131
1783088408704613379,31.119
1783088408709617386,31.130
1783088408714610717,31.127
1783088408719607372,31.122
1783088408724609209,31.121
1783088408729615119,31.125
1783088408734611909,31.133
1783088408739607559,31.127
1783088408744608590,31.128
1783088408749617455,31.117
1783088408754614533,31.121
1783088408759612617,31.134
1783088408764611295,31.127
1783088408769614307,31.129
1783088408774612805,31.123
1783088408779610689,31.127
1783088408784610326,31.130
1783088408789615420,31.130
1783088408794610769,31.128
1783088408799610476,31.115
1783088408804612529,31.128
1783088408809617352,31.125
1783088408814615741,31.123
1783088408819612523,31.127
1783088408824618325,31.098
1783088408829617417,31.161
1783088408834612015,31.126
1783088408839610319,31.131
1783088408844610513,31.126
1783088408849614591,31.123
1783088408854616282,31.124
1783088408859612880,31.121
1783088408864612025,31.133
1783088408869617616,31.129
1783088408874614712,31.123
1783088408879612536,31.127
1783088408884617997,31.114
1783088408889618824,31.136
1783088408894620184,31.112
1783088408899612404,31.148
1783088408904616833,31.120
1783088408909615532,31.128
1783088408914613410,31.127
1783088408919612644,31.132
1783088408924614954,31.120
1783088408929614424,31.131
1783088408934613518,31.126
1783088408939613286,31.129
1783088408944613459,31.126
1783088408949614192,31.123
1783088408954618215,31.123
1783088408959615739,31.129
1783088408964616571,31.122
1783088408969619840,31.100
1783088408974615531,31.161
1783088408979615118,31.123
1783088408984615138,31.127
1783088408989615581,31.124
1783088408994614419,31.128
1783088408999616383,31.129
1783088409004618167,31.116
1783088409009621777,31.126
1783088409014616535,31.125
1783088409019616364,31.135
1783088409024616802,31.125
1783088409029617793,31.128
1783088409034616102,31.124
1783088409039616376,31.126
1783088409044614955,31.126
1783088409049618149,31.125
1783088409054619791,31.117
1783088409059618779,31.134
1783088409064617857,31.126
1783088409069617155,31.132
1783088409074618633,31.118
1783088409079617919,31.132
1783088409084617859,31.128
1783088409089617325,31.124
1783088409094617673,31.132
1783088409099617001,31.125
1783088409104621131,31.122
1783088409109619278,31.132
1783088409114618747,31.124
1783088409119617741,31.134
1783088409124621992,31.122
1783088409129621285,31.125
1783088409134621811,31.124
1783088409139619208,31.123
1783088409144621035,31.137
1783088409149619104,31.122
1783088409154622509,31.116
1783088409159619789,31.137
1783088409164622832,31.122
1783088409169620174,31.125
1783088409174621001,31.127
1783088409179619738,31.130
1783088409184622979,31.133
1783088409189619254,31.123
1783088409194619468,31.126
1783088409199620530,31.121
1783088409204626091,31.127
1783088409209621038,31.126
1783088409214620986,31.133
1783088409219620109,31.124
1783088409224629524,31.126
1783088409229622146,31.125
1783088409234620245,31.125
1783088409239620828,31.131
1783088409244623224,31.126
1783088409249621959,31.118
1783088409254623440,31.121
1783088409259623577,31.133
1783088409264625456,31.122
1783088409269621256,31.133
1783088409274622769,31.123
1783088409279631542,31.109
1783088409284647705,31.144
1783088409289622870,31.123
1783088409294623188,31.125
1783088409299621123,31.130
1783088409304627804,31.124
1783088409309624934,31.131
1783088409314623501,31.122
1783088409319622682,31.132
1783088409324623554,31.115
1783088409329622762,31.132
1783088409334622540,31.122
1783088409339622731,31.128
1783088409344622707,31.126
1783088409349622714,31.127
1783088409354625837,31.122
1783088409359625114,31.125
1783088409364624941,31.121
1783088409369626277,31.133
1783088409374624550,31.131
1783088409379625255,31.130
1783088409384626977,31.123
1783088409389624917,31.126
1783088409394623649,31.128
1783088409399623883,31.133
1783088409404627608,31.118
1783088409409628581,31.121
1783088409414626033,31.129
1783088409419625323,31.128
1783088409424625645,31.122
1783088409429626372,31.130
1783088409434625105,31.135
1783088409439625491,31.118
1783088409444626317,31.129
1783088409449625099,31.128
1783088409454628349,31.114
1783088409459627707,31.131
1783088409464630481,31.131
1783088409469625491,31.131
1783088409474626794,31.119
1783088409479626332,31.130
1783088409484628661,31.127
1783088409489627319,31.122
1783088409494626794,31.131
1783088409499626364,31.130
1783088409504634404,31.119
1783088409509634340,31.128
1783088409514628626,31.128
1783088409519627456,31.128
1783088409524630769,31.127
1783088409529627847,31.125
1783088409534632134,31.128
1783088409539627003,31.125
1783088409544629482,31.126
1783088409549627316,31.127
1783088409554634097,31.120
1783088409559630302,31.137
1783088409564631654,31.126
1783088409569627831,31.123
1783088409574635249,31.123
1783088409579629944,31.126
1783088409584631782,31.130
1783088409589629325,31.122
1783088409594628538,31.125
1783088409599628048,31.130
1783088409604635134,31.125
1783088409609631630,31.128
1783088409614629074,31.128
1783088409619629906,31.124
1783088409624631686,31.130
1783088409629629515,31.127
1783088409634631313,31.123
1783088409639631864,31.117
1783088409644639922,31.126
1783088409649633425,31.133
1783088409654634194,31.122
1783088409659633029,31.133
1783088409664633303,31.134
1783088409669631372,31.118
1783088409674632150,31.136
1783088409679632157,31.120
1783088409684631146,31.127
1783088409689630901,31.129
1783088409694630511,31.130
1783088409699632665,31.121
1783088409704635838,31.121
1783088409709634489,31.129
1783088409714632335,31.127
1783088409719631329,31.134
1783088409724636331,31.124
1783088409729631195,31.125
1783088409734632075,31.129
1783088409739631789,31.122
1783088409744634604,31.130
1783088409749632513,31.119
1783088409754634563,31.123
1783088409759638441,31.129
1783088409764633759,31.122
1783088409769634429,31.130
1783088409774639052,31.121
1783088409779635290,31.128
1783088409784633612,31.131
1783088409789633861,31.126
1783088409794633359,31.130
1783088409799634106,31.123
1783088409804637555,31.121
1783088409809635853,31.136
1783088409814635463,31.128
1783088409819633798,31.119
1783088409824633796,31.127
1783088409829635069,31.126
1783088409834634720,31.122
1783088409839633819,31.133
1783088409844634944,31.120
1783088409849633390,31.130
1783088409854635939,31.125
1783088409859639944,31.123
1783088409864635452,31.128
1783088409869634869,31.124
1783088409874636508,31.126
1783088409879635350,31.129
1783088409884637904,31.123
1783088409889636351,31.130
1783088409894635170,31.126
1783088409899635550,31.125
1783088409904642714,31.131
1783088409909643459,31.123
1783088409914636962,31.126
1783088409919638154,31.120
1783088409924637359,31.139
1783088409929641326,31.116
1783088409934636736,31.121
1783088409939638131,31.125
1783088409944635500,31.130
1783088409949636658,31.127
1783088409954639134,31.127
1783088409959640185,31.126
1783088409964637617,31.129
1783088409969637174,31.130
1783088409974639326,31.121
1783088409979639331,31.127
1783088409984637408,31.132
1783088409989639391,31.115
1783088409994637345,31.133
1783088409999637843,31.124
1783088410004640121,31.127
1783088410009641330,31.123
1783088410014639293,31.130
1783088410019641263,31.122
1783088410024638685,31.129
1783088410029634419,31.121
1783088410034637975,31.138
1783088410039637523,31.130
1783088410044638897,31.119
1783088410049640918,31.129
1783088410054641981,31.121
1783088410059639755,31.127
1783088410064638445,31.128
1783088410069639836,31.126
1783088410074640909,31.127
1783088410079642079,31.127
1783088410084641283,31.125
1783088410089643413,31.128
1783088410094641133,31.128
1783088410099639124,31.133
1783088410104643685,31.120
1783088410109646947,31.128
1783088410114641598,31.126
1783088410119641420,31.128
1783088410124641580,31.126
1783088410129642172,31.124
1783088410134644316,31.128
1783088410139643859,31.123
1783088410144641492,31.135
1783088410149640792,31.130
1783088410154643797,31.117
1783088410159643293,31.123
1783088410164641411,31.132
1783088410169644142,31.121
1783088410174644353,31.136
1783088410179644160,31.122
1783088410184642794,31.129
1783088410189641847,31.126
1783088410194642245,31.125
1783088410199648139,31.132
1783088410204648237,31.120
1783088410209644444,31.130
1783088410214644112,31.128
1783088410219642732,31.131
1783088410224646706,31.106
1783088410229648352,31.134
1783088410234649584,31.140
1783088410239643222,31.125
1783088410244657178,31.130
1783088410249649492,31.114
1783088410254645530,31.136
1783088410259645361,31.127
1783088410264645785,31.126
1783088410269650980,31.123
1783088410274648041,31.118
1783088410279646932,31.129
1783088410284652786,31.138
1783088410289648962,31.122
1783088410294644706,31.128
1783088410299644251,31.125
1783088410304647718,31.132
1783088410309648656,31.121
1783088410314644490,31.125
1783088410319646292,31.123
1783088410324645270,31.130
1783088410329645159,31.124
1783088410334645342,31.126
1783088410339644968,31.130
1783088410344645307,31.125
1783088410349646789,31.118
1783088410354648947,31.128
1783088410359646493,31.136
1783088410364645978,31.117
1783088410369645553,31.137
1783088410374650930,31.115
1783088410379650181,31.132
1783088410384652911,31.128
1783088410389652635,31.119
1783088410394649761,31.138
1783088410399649811,31.127
1783088410404653237,31.120
1783088410409651213,31.133
1783088410414647863,31.120
1783088410419647823,31.127
1783088410424647328,31.130
1783088410429649973,31.132
1783088410434646767,31.119
1783088410439647917,31.120
1783088410444647263,31.131
1783088410449647921,31.130
1783088410454656324,31.082
1783088410459648693,31.168
1783088410464648947,31.126
1783088410469650021,31.127
1783088410474649656,31.130
1783088410479649649,31.127
1783088410484648045,31.130
1783088410489654345,31.123
1783088410494649703,31.127
1783088410499650581,31.124
1783088410504653008,31.126
1783088410509652888,31.128
1783088410514650440,31.122
1783088410519650664,31.133
1783088410524650340,31.122
1783088410529650586,31.133
1783088410534649978,31.119
1783088410539650094,31.125
1783088410544649436,31.131
1783088410549651539,31.119
1783088410554656979,31.130
1783088410559652297,31.127
1783088410564651360,31.128
1783088410569652142,31.115
1783088410574650987,31.134
1783088410579652854,31.123
1783088410584651668,31.128
1783088410589653050,31.122
1783088410594651274,31.135
1783088410599657750,31.087
1783088410604654060,31.157
1783088410609652774,31.132
1783088410614651392,31.132
1783088410619651798,31.125
1783088410624651622,31.128
1783088410629654298,31.121
1783088410634656426,31.117
1783088410639653326,31.133
1783088410644658920,31.120
1783088410649656998,31.132
1783088410654658005,31.128
1783088410659655903,31.126
1783088410664653328,31.129
1783088410669654178,31.124
1783088410674654244,31.132
1783088410679655546,31.119
1783088410684655486,31.128
1783088410689653755,31.124
1783088410694652642,31.134
1783088410699653895,31.119
1783088410704658104,31.129
1783088410709656277,31.125
1783088410714657856,31.131
1783088410719655111,31.124
1783088410724654665,31.128
1783088410729656050,31.120
1783088410734654429,31.137
1783088410739653790,31.124
1783088410744654761,31.121
1783088410749655319,31.124
1783088410754657484,31.128
1783088410759659391,31.122
1783088410764657149,31.127
1783088410769655239,31.132
1783088410774655961,31.130
1783088410779657459,31.123
1783088410784656029,31.124
1783088410789657672,31.124
1783088410794654655,31.132
1783088410799653867,31.132
1783088410804657206,31.113
1783088410809632788,31.127
1783088410814658582,31.126
1783088410819656966,31.130
1783088410824656742,31.129
1783088410829658967,31.120
1783088410834658665,31.136
1783088410839656327,31.121
1783088410844660758,31.127
1783088410849659872,31.126
1783088410854664221,31.128
1783088410859658052,31.124
1783088410864657942,31.128
1783088410869657859,31.128
1783088410874659606,31.123
1783088410879658782,31.125
1783088410884661629,31.118
1783088410889660027,31.129
1783088410894661434,31.125
1783088410899659108,31.128
1783088410904662646,31.121
1783088410909664069,31.124
1783088410914661034,31.132
1783088410919658800,31.134
1783088410924657246,31.123
1783088410929660880,31.118
1783088410934659170,31.131
1783088410939660608,31.111
1783088410944660618,31.134
1783088410949658222,31.135
1783088410954661314,31.122
1783088410959658680,31.130
1783088410964660043,31.126
1783088410969658045,31.133
1783088410974659970,31.122
1783088410979661370,31.119
1783088410984659742,31.134
1783088410989660484,31.126
1783088410994660626,31.125
1783088410999665624,31.119
1783088411004663867,31.124
1783088411009664400,31.131
1783088411014666808,31.126
1783088411019660341,31.133
1783088411024660619,31.126
1783088411029666305,31.113
1783088411034662299,31.138
1783088411039662452,31.126
1783088411044661686,31.123
1783088411049661897,31.122
1783088411054663638,31.129
1783088411059663624,31.127
1783088411064663434,31.122
1783088411069663740,31.125
1783088411074663445,31.129
1783088411079663129,31.122
1783088411084663335,31.126
1783088411089662908,31.123
1783088411094666223,31.134
1783088411099662737,31.128
1783088411104667222,31.113
1783088411109669489,31.120
1783088411114664099,31.140
1783088411119661867,31.132
1783088411124663915,31.123
1783088411129667322,31.113
1783088411134665669,31.131
1783088411139663429,31.134
1783088411144664705,31.126
1783088411149669175,31.120
1783088411154667390,31.124
1783088411159664462,31.139
1783088411164665079,31.123
1783088411169665197,31.125
1783088411174669299,31.124
1783088411179669161,31.128
1783088411184668421,31.132
1783088411189668653,31.112
1783088411194667937,31.139
1783088411199666734,31.128
1783088411204671641,31.124
1783088411209669291,31.125
1783088411214665048,31.129
1783088411219664921,31.128
1783088411224665687,31.122
1783088411229668333,31.121
1783088411234668447,31.116
1783088411239666554,31.139
1783088411244666718,31.133
1783088411249668303,31.124
1783088411254670039,31.127
1783088411259669035,31.123
1783088411264669370,31.118
1783088411269669866,31.136
1783088411274668855,31.121
1783088411279667653,31.131
1783088411284677468,31.125
1783088411289675274,31.113
1783088411294668272,31.136
1783088411299666469,31.125
1783088411304671287,31.125
1783088411309669126,31.134
1783088411314668984,31.121
1783088411319667946,31.134
1783088411324669416,31.113
1783088411329667744,31.143
1783088411334671220,31.126
1783088411339667158,31.118
1783088411344668146,31.128
1783088411349669731,31.124
1783088411354672244,31.119
1783088411359669166,31.139
1783088411364669030,31.121
1783088411369671382,31.120
1783088411374673740,31.128
1783088411379673879,31.125
1783088411384675342,31.132
1783088411389674768,31.115
1783088411394672580,31.136
1783088411399672076,31.130
1783088411404675833,31.118
1783088411409674474,31.129
1783088411414671945,31.129
1783088411419670511,31.129
1783088411424670065,31.130
1783088411429670898,31.122
1783088411434671670,31.122
1783088411439672446,31.126
1783088411444670368,31.123
1783088411449676615,31.123
1783088411454675049,31.123
1783088411459670475,31.135
1783088411464671844,31.126
1783088411469672331,31.124
1783088411474672385,31.127
1783088411479672845,31.124
1783088411484672129,31.132
1783088411489671755,31.123
1783088411494670539,31.126
1783088411499671451,31.130
1783088411504679088,31.120
1783088411509676011,31.127
1783088411514672791,31.133
1783088411519673747,31.114
1783088411524672635,31.134
1783088411529673131,31.131
1783088411534672769,31.123
1783088411539671043,31.131
1783088411544672081,31.121
1783088411549672212,31.121
1783088411554674895,31.130
1783088411559674751,31.128
1783088411564673481,31.128
1783088411569675335,31.124
1783088411574673767,31.128
1783088411579674299,31.124
1783088411584674909,31.123
1783088411589674095,31.125
1783088411594674081,31.127
1783088411599674445,31.132
1783088411604677430,31.116
1783088411609675307,31.127
1783088411614673914,31.129
1783088411619674588,31.130
1783088411624674521,31.121
1783088411629676079,31.130
1783088411634677357,31.128
1783088411639676211,31.124
1783088411644679793,31.122
1783088411649678987,31.125
1783088411654680276,31.121
1783088411659676516,31.135
1783088411664676481,31.121
1783088411669676088,31.130
1783088411674676957,31.122
1783088411679677355,31.125
1783088411684678399,31.126
1783088411689677275,31.129
1783088411694677820,31.131
1783088411699677178,31.119
1783088411704688434,31.132
1783088411709677164,31.121
1783088411714681622,31.120
1783088411719676328,31.133
1783088411724677678,31.126
1783088411729677476,31.129
1783088411734677034,31.130
1783088411739677368,31.118
1783088411744677370,31.127
1783088411749678618,31.121
1783088411754680934,31.130
1783088411759681340,31.123
1783088411764680414,31.123
1783088411769679190,31.130
1783088411774678170,31.132
1783088411779681666,31.112
1783088411784680010,31.136
1783088411789680128,31.121
1783088411794679080,31.132
1783088411799679628,31.119
1783088411804682406,31.124
1783088411809681633,31.125
1783088411814682398,31.136
1783088411819679716,31.123
1783088411824679676,31.127
1783088411829679673,31.127
1783088411834682705,31.129
1783088411839679243,31.128
1783088411844680788,31.118
1783088411849680093,31.132
1783088411854685303,31.128
1783088411859685133,31.123
1783088411864681155,31.124
1783088411869680585,31.131
1783088411874680331,31.129
1783088411879681300,31.121
1783088411884684115,31.124
1783088411889683209,31.126
1783088411894682769,31.130
1783088411899682445,31.129
1783088411904685217,31.124
1783088411909685101,31.121
1783088411914681963,31.133
1783088411919682781,31.122
1783088411924683829,31.122
1783088411929682253,31.128
1783088411934682535,31.125
1783088411939682529,31.127
1783088411944681867,31.124
1783088411949681263,31.124
1783088411954688703,31.124
1783088411959687621,31.118
1783088411964684533,31.133
1783088411969687977,31.120
1783088411974686423,31.144
1783088411979684497,31.125
1783088411984684491,31.120
1783088411989683477,31.127
1783088411994683711,31.126
1783088411999683700,31.127
1783088412004686323,31.121
1783088412009688730,31.123
1783088412014685332,31.131
1783088412019684745,31.134
1783088412024684043,31.118
1783088412029684774,31.124
1783088412034684864,31.130
1783088412039686444,31.119
1783088412044684420,31.129
1783088412049683413,31.137
1783088412054688612,31.116
1783088412059687589,31.134
1783088412064686128,31.122
1783088412069689701,31.126
1783088412074686058,31.129
1783088412079685814,31.136
1783088412084691766,31.087
1783088412089685244,31.161
1783088412094688915,31.129
1783088412099685174,31.125
1783088412104689772,31.118
1783088412109688002,31.131
1783088412114689900,31.124
1783088412119686810,31.127
1783088412124686604,31.123
1783088412129686888,31.134
1783088412134693448,31.123
1783088412139687098,31.125
1783088412144686004,31.132
1783088412149686466,31.117
1783088412154690398,31.124
1783088412159688766,31.130
1783088412164688764,31.127
1783088412169690327,31.121
1783088412174687509,31.127
1783088412179688063,31.131
1783088412184688861,31.122
1783088412189688398,31.130
1783088412194687792,31.131
1783088412199688961,31.120
1783088412204697872,31.113
1783088412209690786,31.137
1783088412214689077,31.126
1783088412219688960,31.126
1783088412224689304,31.132
1783088412229696549,31.082
1783088412234690389,31.173
1783088412239692887,31.105
1783088412244688852,31.145
1783088412249689710,31.122
1783088412254689919,31.126
1783088412259693383,31.106
1783088412264696349,31.130
1783088412269691543,31.143
1783088412274692111,31.131
1783088412279693549,31.125
1783088412284692067,31.130
1783088412289691867,31.128
1783088412294693043,31.127
1783088412299692427,31.128
1783088412304691852,31.124
1783088412309940219,31.127
1783088412314691865,31.123
1783088412319692086,31.121
1783088412324691405,31.137
1783088412329692142,31.123
1783088412334690885,31.128
1783088412339692165,31.119
1783088412344690841,31.135
1783088412349691679,31.122
1783088412354694141,31.119
1783088412359695677,31.132
1783088412364692925,31.124
1783088412369692923,31.127
1783088412374695265,31.133
1783088412379697089,31.123
1783088412384700005,31.116
1783088412389697575,31.135
1783088412394698338,31.122
1783088412399696107,31.127
1783088412404699720,31.124
1783088412409698619,31.122
1783088412414692325,31.139
1783088412419692947,31.123
1783088412424702701,31.129
1783088412429706312,31.063
1783088412434694053,31.183
1783088412439693288,31.125
1783088412444693622,31.118
1783088412449694440,31.129
1783088412454696894,31.126
1783088412459696031,31.126
1783088412464696402,31.125
1783088412469697147,31.130
1783088412474694434,31.130
1783088412479696764,31.121
1783088412484697046,31.124
1783088412489695572,31.135
1783088412494698642,31.124
1783088412499694695,31.124
1783088412504699778,31.123
1783088412509699400,31.130
1783088412514698262,31.115
1783088412519695934,31.140
1783088412524696962,31.121
1783088412529698736,31.130
1783088412534696854,31.125
1783088412539695632,31.128
1783088412544696334,31.123
1783088412549695284,31.134
1783088412554699830,31.120
1783088412559699360,31.123
1783088412564697770,31.130
1783088412569697080,31.121
1783088412574697311,31.129
1783088412579697189,31.133
1783088412584697778,31.118
1783088412589699709,31.136
1783088412594698065,31.117
1783088412599697908,31.121
1783088412604699210,31.131
1783088412609699464,31.127
1783088412614697284,31.132
1783088412619698429,31.122
1783088412624700711,31.127
1783088412629702871,31.121
1783088412634700751,31.127
1783088412639703852,31.129
1783088412644705559,31.117
1783088412649701356,31.140
1783088412654702563,31.127
1783088412659700227,31.128
1783088412664700117,31.121
1783088412669702857,31.124
1783088412674699887,31.132
1783088412679704259,31.123
1783088412684700789,31.126
1783088412689700135,31.131
1783088412694698699,31.129
1783088412699701561,31.123
1783088412704702819,31.119
1783088412709701472,31.129
1783088412714701459,31.127
1783088412719703793,31.128
1783088412724700862,31.130
1783088412729700944,31.113
1783088412734700887,31.128
1783088412739702473,31.135
1783088412744699271,31.130
1783088412749700025,31.119
1783088412754703499,31.123
1783088412759707599,31.129
1783088412764702763,31.123
1783088412769702077,31.132
1783088412774701335,31.125
1783088412779705585,31.128
1783088412784701257,31.126
1783088412789701347,31.127
1783088412794702445,31.120
1783088412799705573,31.135
1783088412804704787,31.118
1783088412809702778,31.126
1783088412814703227,31.131
1783088412819704497,31.128
1783088412824702827,31.129
1783088412829702561,31.122
1783088412834702292,31.129
1783088412839705841,31.126
1783088412844702255,31.122
1783088412849702918,31.123
1783088412854704655,31.123
1783088412859705374,31.123
1783088412864704271,31.134
1783088412869704470,31.126
1783088412874703794,31.125
1783088412879705121,31.126
1783088412884707303,31.121
1783088412889705302,31.133
1783088412894706212,31.122
1783088412899715037,31.133
1783088412904708215,31.116
1783088412909706266,31.132
1783088412914704676,31.130
1783088412919711285,31.128
1783088412924706272,31.117
1783088412929706565,31.132
1783088412934705563,31.127
1783088412939708358,31.131
1783088412944705860,31.124
1783088412949705197,31.128
1783088412954707996,31.118
1783088412959710874,31.130
1783088412964706088,31.129
1783088412969706518,31.119
1783088412974706096,31.128
1783088412979712372,31.130
1783088412984711068,31.116
1783088412989708936,31.125
1783088412994705688,31.137
1783088412999706514,31.126
1783088413004708457,31.129
1783088413010875859,31.115
1783088413014708604,31.137
1783088413019707355,31.128
1783088413024707557,31.126
1783088413029707120,31.130
1783088413034707253,31.121
1783088413039707262,31.132
1783088413044708176,31.122
1783088413049706959,31.128
1783088413054715057,31.111
1783088413059709454,31.134
1783088413064708916,31.131
1783088413069708075,31.126
1783088413074709964,31.119
1783088413079710567,31.134
1783088413084709969,31.131
1783088413089709667,31.129
1783088413094708120,31.130
1783088413099709843,31.120
1783088413104713832,31.127
1783088413109710021,31.130
1783088413114709645,31.130
1783088413119708643,31.127
1783088413124710628,31.122
1783088413129709187,31.129
1783088413134712405,31.121
1783088413139711555,31.133
1783088413144711149,31.130
1783088413149711383,31.119
1783088413154713989,31.125
1783088413159711261,31.137
1783088413164711209,31.121
1783088413169710657,31.131
1783088413174711037,31.125
1783088413179712695,31.122
1783088413184713191,31.119
1783088413189711295,31.129
1783088413194711885,31.127
1783088413199711079,31.125
1783088413204714613,31.119
1783088413209713311,31.135
1783088413214711909,31.126
1783088413219711143,31.125
1783088413224711895,31.126
1783088413229710733,31.131
1783088413234711481,31.119
1783088413239712579,31.120
1783088413244711206,31.136
1783088413249714027,31.124
1783088413254721098,31.111
1783088413259714309,31.142
1783088413264714134,31.128
1783088413269714458,31.125
1783088413274716494,31.109
1783088413279712901,31.148
1783088413285000749,31.129
1783088413289719399,31.104
1783088413294718077,31.144
1783088413299716624,31.121
1783088413304720937,31.121
1783088413309721382,31.131
1783088413314718038,31.127
1783088413319717938,31.128
1783088413324719045,31.127
1783088413329718979,31.128
1783088413334718478,31.123
1783088413339716443,31.133
1783088413344717082,31.130
1783088413349715405,31.124
1783088413354719766,31.114
1783088413359717148,31.137
1783088413364720597,31.120
1783088413369718527,31.133
1783088413374718554,31.120
1783088413379719088,31.129
1783088413384722090,31.124
1783088413389719796,31.135
1783088413394718498,31.128
1783088413399718328,31.121
1783088413404721164,31.123
1783088413409721128,31.127
1783088413414719250,31.125
1783088413419718326,31.133
1783088413424719182,31.122
1783088413429720274,31.127
1783088413434719312,31.126
1783088413439719240,31.128
1783088413444720322,31.121
1783088413449719168,31.134
1783088413454722163,31.116
1783088413459719717,31.129
1783088413464724120,31.121
1783088413469717839,31.132
1783088413474717363,31.130
1783088413479718275,31.122
1783088413484718706,31.118
1783088413489719710,31.128
1783088413494719656,31.128
1783088413499725652,31.131
1783088413504727234,31.110
1783088413509722926,31.133
1783088413514720361,31.135
1783088413519718528,31.120
1783088413524722822,31.128
1783088413529719317,31.121
1783088413534719014,31.129
1783088413539718520,31.130
1783088413544722469,31.129
1783088413549718772,31.124
1783088413554722778,31.121
1783088413559720663,31.128
1783088413564721939,31.133
1783088413569719033,31.125
1783088413574718557,31.130
1783088413579720124,31.117
1783088413584720395,31.126
1783088413589721704,31.121
1783088413594721869,31.131
1783088413599720740,31.127
1783088413604722127,31.126
1783088413609720577,31.130
1783088413614722750,31.121
1783088413619721793,31.126
1783088413624725699,31.131
1783088413629720635,31.126
1783088413634724611,31.122
1783088413639721679,31.132
1783088413644730878,31.118
1783088413649724821,31.123
1783088413654726679,31.126
1783088413659724517,31.123
1783088413664721891,31.137
1783088413669721593,31.131
1783088413674723863,31.118
1783088413679725190,31.126
1783088413684722543,31.130
1783088413689724430,31.129
1783088413694721295,31.129
1783088413699722087,31.119
1783088413704730525,31.123
1783088413709724038,31.126
1783088413714729303,31.096
1783088413719722462,31.161
1783088413724726803,31.128
1783088413729722025,31.129
1783088413734721743,31.126
1783088413739723301,31.128
1783088413744726357,31.117
1783088413749722777,31.134
1783088413754726864,31.123
1783088413759726344,31.130
1783088413764728076,31.123
1783088413769724353,31.131
1783088413774724291,31.126
1783088413779726689,31.119
1783088413784725794,31.133
1783088413789724692,31.124
1783088413794725040,31.127
1783088413799723821,31.123
1783088413804728144,31.121
1783088413809726418,31.124
1783088413814725815,31.138
1783088413819724909,31.126
1783088413824729285,31.128
1783088413829725254,31.128
1783088413834725368,31.123
1783088413839725634,31.126
1783088413844727503,31.129
1783088413849725242,31.127
1783088413854728186,31.123
1783088413859733446,31.088
1783088413864729156,31.168
1783088413869732166,31.115
1783088413874727516,31.132
1783088413879728550,31.131
1783088413884733256,31.122
1783088413889727782,31.130
1783088413894728320,31.131
1783088413899727056,31.121
1783088413904734980,31.119
1783088413909728810,31.131
1783088413914728600,31.122
1783088413919728558,31.128
1783088413924728388,31.128
1783088413929727398,31.126
1783088413934729544,31.128
1783088413939729880,31.118
1783088413944728368,31.137
1783088413949727282,31.127
1783088413954730726,31.113
1783088413959730345,31.130
1783088413964729656,31.132
1783088413969730310,31.123
1783088413974729993,31.129
1783088413979730259,31.126
1783088413984730416,31.126
1783088413989730542,31.126
1783088413994729658,31.126
1783088413999730409,31.124
1783088414004733387,31.114
1783088414009736703,31.120
1783088414014734330,31.128
1783088414019731459,31.135
1783088414024731333,31.131
1783088414029731657,31.132
1783088414034731049,31.131
1783088414039730058,31.126
1783088414044730105,31.127
1783088414049730558,31.118
1783088414054735715,31.123
1783088414059733365,31.135
1783088414064734261,31.129
1783088414069735299,31.121
1783088414074733657,31.131
1783088414079731610,31.119
1783088414084736364,31.132
1783088414089732619,31.123
1783088414094735245,31.125
1783088414099732275,31.127
1783088414104735020,31.115
1783088414109735125,31.134
1783088414114733136,31.133
1783088414119733475,31.118
1783088414124731857,31.137
1783088414129731875,31.127
1783088414134735657,31.118
1783088414139733891,31.131
1783088414144732771,31.127
1783088414149732962,31.126
1783088414154736157,31.121
1783088414159735667,31.130
1783088414164733217,31.129
1783088414169733576,31.125
1783088414174734314,31.130
1783088414179733787,31.124
1783088414184734405,31.123
1783088414189737612,31.121
1783088414194732139,31.134
1783088414199733859,31.123
1783088414204736301,31.126
1783088414209831012,30.753
1783088414214734969,31.518
1783088414219735571,31.123
1783088414224733922,31.131
1783088414229733836,31.128
1783088414234736065,31.120
1783088414239734521,31.137
1783088414244736381,31.116
1783088414249736979,31.130
1783088414254737281,31.125
1783088414259742246,31.131
1783088414264735464,31.126
1783088414269736380,31.123
1783088414274736105,31.122
1783088414279738351,31.127
1783088414284923642,31.124
1783088414289743301,31.128
1783088414294737241,31.122
1783088414299736619,31.133
1783088414304742806,31.116
1783088414309738640,31.125
1783088414314741413,31.131
1783088414319736116,31.133
1783088414324736710,31.124
1783088414329739987,31.128
1783088414334735634,31.134
1783088414339736034,31.125
1783088414344736245,31.119
1783088414349740604,31.123
1783088414354739702,31.131
1783088414359738024,31.124
1783088414364736850,31.135
1783088414369741270,31.121
1783088414374740930,31.136
1783088414379741358,31.118
1783088414384743698,31.127
1783088414389744000,31.118
1783088414394741122,31.135
1783088414399740730,31.126
1783088414404751382,31.116
1783088414409743506,31.135
1783088414414740302,31.119
1783088414419738664,31.134
1783088414424738206,31.127
1783088414429741508,31.124
1783088414434740155,31.118
1783088414439738162,31.136
1783088414444738480,31.129
1783088414449741772,31.121
1783088414454743607,31.123
1783088414459740702,31.125
1783088414464739454,31.128
1783088414469745163,31.133
1783088414474739150,31.123
1783088414479741233,31.121
1783088414484740296,31.126
1783088414489743209,31.130
1783088414494740442,31.129
1783088414499740040,31.123
1783088414504744109,31.124
1783088414509747464,31.117
1783088414514742503,31.134
1783088414519742112,31.121
1783088414524741921,31.130
1783088414529744317,31.133
1783088414534741426,31.118
1783088414539739849,31.130
1783088414544741615,31.116
1783088414549752118,31.135
1783088414554745169,31.119
1783088414559746460,31.133
1783088414564741967,31.121
1783088414569745769,31.126
1783088414574743575,31.132
1783088414579743459,31.128
1783088414584742899,31.124
1783088414589745293,31.128
1783088414594743283,31.131
1783088414599741131,31.127
1783088414604745427,31.114
1783088414609747157,31.123
1783088414614742385,31.138
1783088414619743037,31.128
1783088414624742516,31.124
1783088414629746613,31.124
1783088414634746523,31.126
1783088414639743689,31.124
1783088414644749523,31.119
1783088414649749550,31.127
1783088414654749339,31.129
1783088414659746689,31.123
1783088414664744927,31.131
1783088414669746598,31.131
1783088414674747227,31.116
1783088414679746059,31.135
1783088414684744499,31.130
1783088414689748001,31.126
1783088414694744848,31.126
1783088414699744806,31.121
1783088414704748947,31.127
1783088414709749093,31.128
1783088414714747635,31.129
1783088414719746329,31.122
1783088414724746191,31.128
1783088414729744965,31.128
1783088414734745076,31.127
1783088414739746956,31.122
1783088414744745743,31.128
1783088414749746332,31.124
1783088414754749484,31.128
1783088414759751386,31.115
1783088414764747555,31.130
1783088414769751693,31.129
1783088414774748651,31.132
1783088414779749769,31.120
1783088414784749940,31.126
1783088414789749430,31.130
1783088414794747176,31.127
1783088414799747681,31.124
1783088414804753283,31.113
1783088414809749782,31.130
1783088414814751020,31.125
1783088414819748610,31.132
1783088414824749356,31.119
1783088414829749982,31.137
1783088414834749440,31.122
1783088414839748404,31.128
1783088414844747464,31.126
1783088414849749301,31.123
1783088414854750903,31.124
1783088414859749361,31.130
1783088414864749396,31.127
1783088414869785218,31.126
1783088414874750762,31.127
1783088414879751622,31.122
1783088414884754198,31.118
1783088414889754650,31.126
1783088414894750154,31.140
1783088414899750446,31.118
1783088414904754660,31.125
1783088414909755721,31.131
1783088414914752974,31.130
1783088414919750658,31.123
1783088414924750548,31.126
1783088414929749790,31.132
1783088414934750080,31.125
1783088414939751370,31.119
1783088414944749364,31.129
1783088414949751254,31.119
1783088414954755128,31.124
1783088414959750276,31.137
1783088414964750936,31.123
1783088414969754566,31.125
1783088414974751674,31.124
1783088414979751155,31.130
1783088414984752958,31.123
1783088414989755162,31.127
1783088414994750897,31.126
1783088414999750946,31.132
1783088415004754284,31.115
1783088415009759262,31.124
1783088415014753141,31.131
1783088415019753034,31.121
1783088415024752209,31.132
1783088415029752714,31.124
1783088415034756179,31.120
1783088415039755475,31.132
1783088415044756837,31.112
1783088415049752503,31.140
1783088415054756184,31.122
1783088415059754167,31.129
1783088415064753212,31.126
1783088415069755054,31.130
1783088415074753848,31.128
1783088415079752610,31.128
1783088415084755673,31.122
1783088415089755504,31.128
1783088415094754281,31.128
1783088415099753682,31.124
1783088415104759076,31.121
1783088415109757402,31.131
1783088415114755129,31.128
1783088415119757605,31.131
1783088415124755393,31.119
1783088415129755403,31.124
1783088415134758229,31.125
1783088415139755750,31.127
1783088415144754455,31.135
1783088415149756787,31.120
1783088415154759129,31.125
1783088415159756739,31.130
1783088415164754825,31.125
1783088415169756179,31.126
1783088415174754983,31.128
1783088415179759171,31.129
1783088415184761185,31.122
1783088415189760992,31.128
1783088415194760290,31.125
1783088415199760603,31.125
1783088415204760804,31.126
1783088415209760467,31.128
1783088415214759209,31.123
1783088415219756980,31.127
1783088415224758158,31.127
1783088415229759983,31.123
1783088415234759173,31.118
1783088415239760497,31.135
1783088415244758937,31.114
1783088415249760703,31.144
1783088415254767109,31.101
1783088415259760504,31.148
1783088415264758337,31.134
1783088415269759695,31.119
1783088415274762277,31.111
1783088415279763201,31.135
1783088415284761218,31.126
1783088415289786652,31.135
1783088415294759956,31.125
1783088415299759839,31.119
1783088415304763466,31.122
1783088415309761497,31.133
1783088415314763141,31.131
1783088415319760415,31.123
1783088415324760449,31.127
1783088415329759382,31.122
1783088415334759985,31.129
1783088415339758098,31.132
1783088415344759394,31.119
1783088415349760241,31.129
1783088415354760914,31.123
1783088415359760599,31.129
1783088415364760606,31.127
1783088415369759668,31.126
1783088415374762917,31.128
1783088415379762807,31.128
1783088415384767638,31.118
1783088415389764367,31.127
1783088415394764009,31.136
1783088415399763820,31.121
1783088415404766766,31.123
1783088415409763796,31.125
1783088415414761628,31.127
1783088415419761286,31.122
1783088415424762186,31.129
1783088415429763096,31.122
1783088415434762462,31.124
1783088415439761958,31.134
1783088415444762562,31.120
1783088415449762756,31.133
1783088415454764652,31.122
1783088415459763318,31.134
1783088415464762758,31.120
1783088415469763466,31.128
1783088415474762326,31.127
1783088415479762256,31.128
1783088415484763628,31.126
1783088415489771508,31.099
1783088415494766982,31.150
1783088415499763524,31.126
1783088415504768130,31.126
1783088415509770443,31.134
1783088415514766758,31.122
1783088415519764751,31.126
1783088415524768577,39.852
1783088415529770084,62.499
1783088415534769214,62.480
1783088415539766086,62.500
1783088415544765426,62.486
1783088415549766492,62.491
1783088415554770074,62.475
1783088415559771992,62.499
1783088415564765848,62.515
1783088415569764181,62.507
1783088415574765223,62.484
1783088415579764543,62.498
1783088415584769454,62.498
1783088415589767298,62.489
1783088415594765490,62.504
1783088415599764277,62.503
1783088415604768802,62.485
1783088415609770705,62.508
1783088415614767067,62.487
1783088415619765574,62.495
1783088415624768845,62.456
1783088415629769172,62.514
1783088415634771155,62.486
1783088415639767441,62.502
1783088415644772282,62.499
1783088415649772133,62.499
1783088415654771960,62.496
1783088415659769313,62.485
1783088415664767967,62.493
1783088415669770787,62.482
1783088415674768087,62.482
1783088415679768032,62.491
1783088415684768299,62.487
1783088415689773284,62.483
1783088415694767166,62.490
1783088415699768673,62.492
1783088415704773651,62.483
1783088415709772824,62.500
1783088415714770823,62.487
1783088415719769489,62.486
1783088415724768238,62.492
1783088415729773663,62.498
1783088415734769615,62.487
1783088415739768309,62.498
1783088415744769051,62.495
1783088415749769101,62.501
1783088415754774106,62.467
1783088415759772505,62.507
1783088415764771659,62.494
1783088415769769937,62.503
1783088415774770351,62.487
1783088415779769551,62.507
1783088415784772171,62.471
1783088415789771689,62.501
1783088415794771585,62.486
1783088415799770653,62.495
1783088415804773453,62.476
1783088415809771597,62.492
1783088415814771891,62.485
1783088415819770773,62.485
1783088415824770213,62.490
1783088415829772737,62.486
1783088415834772071,62.484
1783088415839771739,62.494
1783088415844770512,62.488
1783088415849771474,62.488
1783088415854773188,62.489
1783088415859773401,62.501
1783088415864771477,62.486
1783088415869774577,62.486
1783088415874775309,62.488
1783088415879771333,62.491
1783088415884776263,62.484
1783088415889781998,62.501
1783088415894774127,62.498
1783088415899772616,62.523
1783088415904777272,62.487
1783088415909774977,62.489
1783088415914773152,62.504
1783088415919773797,62.478
1783088415924775600,62.474
1783088415929773278,62.484
1783088415934774680,62.493
1783088415939773498,62.484
1783088415944772456,62.487
1783088415949775136,62.467
1783088415954780555,62.504
1783088415959775921,62.492
1783088415964774339,62.489
1783088415969775275,62.504
1783088415974774633,62.491
1783088415979773958,62.490
1783088415984774676,62.498
1783088415989777662,62.487
1783088415994774096,62.507
1783088415999774505,62.488
1783088416004777296,62.483
1783088416009778565,62.491
1783088416014776863,62.490
1783088416019776402,62.511
1783088416024775172,62.516
1783088416029776904,62.477
1783088416034786582,62.480
1783088416039776040,62.511
1783088416044776413,62.478
1783088416049776610,62.494
1783088416054781541,62.498
1783088416059781182,62.494
1783088416064778910,62.484
1783088416069778001,62.498
1783088416074780399,62.491
1783088416079777134,62.496
1783088416084779030,62.478
1783088416089778450,62.499
1783088416094780936,62.500
1783088416099778911,62.465
1783088416104782392,62.493
1783088416109779692,62.493
1783088416114779168,62.490
1783088416119779816,62.489
1783088416124780206,62.501
1783088416129780363,62.491
1783088416134785197,62.494
1783088416139779554,62.519
1783088416144778560,62.482
1783088416149778210,62.501
1783088416154781408,62.486
1783088416159778826,62.496
1783088416164779784,62.481
1783088416169783043,62.498
1783088416174783296,62.497
1783088416179779274,62.494
1783088416184779563,62.493
1783088416189780870,62.468
1783088416194783698,62.503
1783088416199779366,62.482
1783088416204782260,62.488
1783088416209781334,62.515
1783088416214784564,62.491
1783088416219781843,62.482
1783088416224781768,62.491
1783088416229786199,62.476
1783088416234782876,62.514
1783088416239780546,62.502
1783088416244786908,62.480
1783088416249780706,62.491
1783088416254786295,62.493
1783088416259784040,62.508
1783088416264781656,62.492
1783088416269781607,62.463
1783088416274786985,62.506
1783088416279781487,62.474
1783088416284783637,62.491
1783088416289792766,62.497
1783088416294785799,62.475
1783088416299781651,62.505
1783088416304787857,62.471
1783088416309783278,62.504
1783088416314786436,62.489
1783088416319783743,62.482
1783088416324783109,62.505
1783088416329783378,62.494
1783088416334782943,62.488
1783088416339783619,62.497
1783088416344783085,62.516
1783088416349783051,62.501
1783088416354786308,62.484
1783088416359785206,62.521
1783088416364783613,62.503
1783088416369783348,62.492
1783088416374787741,62.496
1783088416379784815,62.475
1783088416384786277,62.492
1783088416389785229,62.479
1783088416394789213,62.485
1783088416399784452,62.501
1783088416404787675,62.491
1783088416409785599,62.488
1783088416414784993,62.498
1783088416419784669,62.513
1783088416424786189,62.487
1783088416429785459,62.513
1783088416434787343,62.510
1783088416439785051,62.496
1783088416444786177,62.476
1783088416449785121,62.512
1783088416454792429,62.473
1783088416459786788,62.491
1783088416464786753,62.497
1783088416469786829,62.489
1783088416474788857,62.492
1783088416479785579,62.496
1783088416484788065,62.494
1783088416489787963,62.498
1783088416494788234,62.507
1783088416499786863,62.483
1783088416504789685,62.500
1783088416509792663,62.467
1783088416514791530,62.504
1783088416519788019,62.506
1783088416524787930,62.472
1783088416529787315,62.503
1783088416534792473,62.505
1783088416539788296,62.490
1783088416544786509,62.498
1783088416549788795,62.484
1783088416554794395,62.481
1783088416559787735,62.525
1783088416564788766,62.512
1783088416569786848,62.493
1783088416574792042,62.482
1783088416579788140,62.495
1783088416584789138,62.478
1783088416589789915,62.494
1783088416594792009,62.505
1783088416599787660,62.503
1783088416604793878,62.487
1783088416609790147,62.521
1783088416614788818,62.494
1783088416619789444,62.470
1783088416624788976,62.496
1783088416629791724,62.476
1783088416634791918,62.470
1783088416639791380,62.479
1783088416644796973,62.477
1783088416649792651,62.511
1783088416654799287,62.480
1783088416659792787,62.474
1783088416664791590,62.498
1783088416669793339,62.503
1783088416674790168,62.479
1783088416679790824,62.504
1783088416684790824,62.476
1783088416689791537,62.493
1783088416694791326,62.508
1783088416699791556,62.480
1783088416704796845,62.472
1783088416709793287,62.507
1783088416714798786,62.484
1783088416719793560,62.493
1783088416724792728,62.507
1783088416729792366,62.495
1783088416734790954,62.501
1783088416739791642,62.481
1783088416744792590,62.492
1783088416749794500,62.508
1783088416754797018,62.479
1783088416759797160,62.483
1783088416764794654,62.513
1783088416769794116,62.476
1783088416774793598,62.503
1783088416779794316,62.476
1783088416784795254,62.497
1783088416789793984,62.515
1783088416794792595,62.513
1783088416799794052,62.498
1783088416804798944,62.493
1783088416809796274,62.511
1783088416814794922,62.505
1783088416819795185,62.501
1783088416824795723,62.483
1783088416829794606,62.497
1783088416834795326,62.488
1783088416839795201,62.497
1783088416844795619,62.493
1783088416849794319,62.487
1783088416854796351,62.503
1783088416859796928,62.495
1783088416864794473,62.503
1783088416869794980,62.497
1783088416874797067,62.492
1783088416879796672,62.481
1783088416884800443,62.471
1783088416889798584,62.499
1783088416894796114,62.486
1783088416899797277,62.489
1783088416904800838,62.508
1783088416909799797,62.475
1783088416914795922,62.518
1783088416919796276,62.486
1783088416924797018,62.486
1783088416929795840,62.506
1783088416934795970,62.488
1783088416939797956,62.479
1783088416944797008,62.509
1783088416949796745,62.493
1783088416954800819,62.481
1783088416959801402,62.502
1783088416964798117,62.477
1783088416969797473,62.503
1783088416974803982,62.438
1783088416979801045,62.551
1783088416984799004,62.470
1783088416989799273,62.497
1783088416994798834,62.492
1783088416999799052,62.506
1783088417004800190,62.505
1783088417009804061,62.462
1783088417014799993,62.513
1783088417019800513,62.497
1783088417024799267,62.519
1783088417029799376,62.468
1783088417034798403,62.495
1783088417039799637,62.488
1783088417044799190,62.482
1783088417049799745,62.476
1783088417054802803,62.493
1783088417059802101,62.499
1783088417064802719,62.489
1783088417069800021,62.489
1783088417074801407,62.487
1783088417079799489,62.493
1783088417084804827,62.472
1783088417089802238,62.489
1783088417094802371,62.499
1783088417099799685,62.518
1783088417104804250,62.495
1783088417109803106,62.504
1783088417114802963,62.499
1783088417119806397,62.442
1783088417124800537,62.548
1783088417129800157,62.495
1783088417134803967,62.477
1783088417139804097,62.502
1783088417144801283,62.504
1783088417149800254,62.477
1783088417154804207,62.480
1783088417159803617,62.504
1783088417164802523,62.504
1783088417169801237,62.548
1783088417174803469,62.476
1783088417179802795,62.485
1783088417184802955,62.495
1783088417189804625,62.476
1783088417194807501,62.511
1783088417199806154,62.491
1783088417204805695,62.482
1783088417209803623,62.509
1783088417214806587,62.503
1783088417219804946,62.495
1783088417224803599,62.507
1783088417229805873,62.510
1783088417234805239,62.463
1783088417239804424,62.531
1783088417244809336,62.481
1783088417249804674,62.484
1783088417254804811,62.485
1783088417259805157,62.505
1783088417264806203,62.470
1783088417269805681,62.512
1783088417274806995,62.472
1783088417279811242,62.472
1783088417284806255,62.518
1783088417289805290,62.495
1783088417294804875,62.481
1783088417299809787,62.484
1783088417304807223,62.494
1783088417309807496,62.502
1783088417315303275,62.477
1783088417319829889,62.524
1783088417324805943,62.491
1783088417329804735,62.491
1783088417334804899,62.500
1783088417339805322,62.493
1783088417344806076,62.481
1783088417349810766,62.501
1783088417354808571,62.484
1783088417359807349,62.498
1783088417364807494,62.493
1783088417369806432,62.496
1783088417374806783,62.499
1783088417379806982,62.508
1783088417384810224,62.484
1783088417389807984,62.497
1783088417394805996,62.473
1783088417399806194,62.496
1783088417404810047,62.482
1783088417409809925,62.471
1783088417414808472,62.508
1783088417419807210,62.499
1783088417424808583,62.483
1783088417429807856,62.489
1783088417434809284,62.479
1783088417439809934,62.475
1783088417444809044,62.522
1783088417449808442,62.498
1783088417454812436,62.482
1783088417459810256,62.510
1783088417464811188,62.478
1783088417469808814,62.521
1783088417474811376,62.477
1783088417479809243,62.489
1783088417484810524,62.493
1783088417489810922,62.501
1783088417494810595,62.487
1783088417499810550,62.491
1783088417504815244,62.480
1783088417509814516,62.541
1783088417514810868,62.508
1783088417519814674,62.498
1783088417524810768,62.476
1783088417529809062,62.497
1783088417534809640,62.491
1783088417539811746,62.490
1783088417544814696,62.481
1783088417549810614,62.499
1783088417554813958,62.471
1783088417559812698,62.509
1783088417564814748,62.490
1783088417569813062,62.480
1783088417574812091,62.485
1783088417579811610,62.498
1783088417584816986,62.501
1783088417589813982,62.500
1783088417594813097,62.494
1783088417599812450,62.477
1783088417604817608,62.490
1783088417609813442,62.506
1783088417614812776,62.498
1783088417619812306,62.484
1783088417624815996,62.513
1783088417629813594,62.463
1783088417634817025,62.489
1783088417639814604,62.512
1783088417644823492,62.471
1783088417649815514,62.527
1783088417654818057,62.465
1783088417659815444,62.524
1783088417664816484,62.503
1783088417669813193,62.496
1783088417674813389,62.482
1783088417679814151,62.506
1783088417684814589,62.476
1783088417689813714,62.496
1783088417694814616,62.486
1783088417699812421,62.500
1783088417704821030,62.464
1783088417709814499,62.509
1783088417714814360,62.478
1783088417719817333,62.479
1783088417724818404,62.490
1783088417729814607,62.489
1783088417734814247,62.517
1783088417739814892,62.480
1783088417744819272,62.487
1783088417749815275,62.512
1783088417754818613,62.493
1783088417759819924,62.487
1783088417764819875,62.508
1783088417769816473,62.486
1783088417774816991,62.485
1783088417779816358,62.484
1783088417784822136,62.473
1783088417789817654,62.498
1783088417794816923,62.492
1783088417799816094,62.493
1783088417804821733,62.473
1783088417809818295,62.507
1783088417814816644,62.504
1783088417819816286,62.494
1783088417824820769,62.496
1783088417829816758,62.500
1783088417834817137,62.484
1783088417839817158,62.483
1783088417844818413,62.488
1783088417849819100,62.502
1783088417854820909,62.509
1783088417859819057,62.494
1783088417864819065,62.495
1783088417869817055,62.496
1783088417874818606,62.483
1783088417879818403,62.494
1783088417884820777,62.472
1783088417889821091,62.486
1783088417894819277,62.487
1783088417899818634,62.503
1783088417904824239,62.475
1783088417909820865,62.515
1783088417914820281,62.494
1783088417919822686,62.495
1783088417924819409,62.489
1783088417929818759,62.503
1783088417934818597,62.487
1783088417939818875,62.487
1783088417944819990,62.490
1783088417949820511,62.496
1783088417954822301,62.483
1783088417959821352,62.509
1783088417964821425,62.489
1783088417969820143,62.497
1783088417974821665,62.493
1783088417979821691,62.457
1783088417984823057,62.480
1783088417989826215,62.494
1783088417994820881,62.510
1783088417999820467,62.504
1783088418004824865,62.477
1783088418009828451,62.482
1783088418014823423,62.516
1783088418019821412,62.487
1783088418024821426,62.469
1783088418029826459,62.486
1783088418034822313,62.511
1783088418039822204,62.477
1783088418044823765,62.491
1783088418049820904,62.505
1783088418054825265,62.491
1783088418059838116,62.383
1783088418064826441,62.617
1783088418069829868,62.496
1783088418074823811,62.496
1783088418079822183,62.491
1783088418084823337,62.502
1783088418089822880,62.487
1783088418094824037,62.488
1783088418099823962,62.422
1783088418104827545,62.492
1783088418109829825,62.477
1783088418114825121,62.511
1783088418119825432,62.500
1783088418124824141,62.496
1783088418129827568,62.496
1783088418134826401,62.494
1783088418139824452,62.500
1783088418144824150,62.494
1783088418149823771,62.502
1783088418154827809,62.488
1783088418159827031,62.493
1783088418164824850,62.490
1783088418169828320,62.497
1783088418174826814,62.467
1783088418179826759,62.503
1783088418184825876,62.501
1783088418189829924,62.481
1783088418194826618,62.500
1783088418199825842,62.519
1783088418204828907,62.490
1783088418209830778,62.510
1783088418214827202,62.497
1783088418219829512,62.478
1783088418224827670,62.496
1783088418229826790,62.515
1783088418234826237,62.507
1783088418239826525,62.493
1783088418244828686,62.505
1783088418249830816,62.477
1783088418254828820,62.508
1783088418259831924,62.469
1783088418264827974,62.501
1783088418269825948,62.495
1783088418274828726,62.483
1783088418279829572,62.493
1783088418284828681,62.473
1783088418289873863,62.493
1783088418294828830,62.492
1783088418299827536,62.480
1783088418304831660,62.482
1783088418309830032,62.488
1783088418314827706,62.497
1783088418319826844,62.502
1783088418324827658,62.464
1783088418329828304,62.503
1783088418334827610,62.506
1783088418339827756,62.495
1783088418344828892,62.495
1783088418349828044,62.501
1783088418354831290,62.486
1783088418359829996,62.506
1783088418364828936,62.489
1783088418369833889,62.463
1783088418374833442,62.516
1783088418379832300,62.482
1783088418384836658,62.486
1783088418389834846,62.478
1783088418394832970,62.501
1783088418399833015,62.502
1783088418404835694,62.474
1783088418409832356,62.516
1783088418414832551,62.494
1783088418419832016,62.498
1783088418424832854,62.483
1783088418429833956,62.490
1783088418434833782,62.506
1783088418439833964,62.488
1783088418444834854,62.486
1783088418449832632,62.490
1783088418454837314,62.482
1783088418459834460,62.526
1783088418464835530,62.468
1783088418469834695,62.493
1783088418474833992,62.506
1783088418479834388,62.492
1783088418484835926,62.471
1783088418489834448,62.489
1783088418494835290,62.485
1783088418499835264,62.509
1783088418504837935,62.479
1783088418509839384,62.493
1783088418514837398,62.496
1783088418519834262,62.486
1783088418524833247,62.489
1783088418529835969,62.478
1783088418534832532,62.510
1783088418539833565,62.489
1783088418544832943,62.498
1783088418549833464,62.492
1783088418554836870,62.475
1783088418559834388,62.500
1783088418564837438,62.509
1783088418569836836,62.475
1783088418574833647,62.513
1783088418579833269,62.491
1783088418584835743,62.487
1783088418589838349,62.511
1783088418594834290,62.511
1783088418599833957,62.498
1783088418604842321,62.434
1783088418609837781,62.566
1783088418614834299,62.501
1783088418619834242,62.494
1783088418624835031,62.473
1783088418629839291,62.489
1783088418634839007,62.500
1783088418639835027,62.498
1783088418644842094,62.478
1783088418649837556,62.476
1783088418654841922,62.520
1783088418659837264,62.482
1783088418664835955,62.482
1783088418669836928,62.485
1783088418674836713,62.507
1783088418679836525,62.492
1783088418684836323,62.499
1783088418689837913,62.486
1783088418694837439,62.487
1783088418699837323,62.478
1783088418704840454,62.479
1783088418709839888,62.490
1783088418714837547,62.485
1783088418719842468,62.498
1783088418724836535,62.509
1783088418729838064,62.478
1783088418734838697,62.503
1783088418739837776,62.501
1783088418744836885,62.498
1783088418749844443,62.404
1783088418754843255,62.562
1783088418759841572,62.490
1783088418764839877,62.504
1783088418769838363,62.481
1783088418774841647,62.506
1783088418779839413,62.488
1783088418784838723,62.497
1783088418789838862,62.490
1783088418794841799,62.495
1783088418799838383,62.470
1783088418804842461,62.500
1783088418809840412,62.517
1783088418814841403,62.485
1783088418819839521,62.479
1783088418824839627,62.499
1783088418829838337,62.489
1783088418834842879,62.489
1783088418839841925,62.498
1783088418844838067,62.486
1783088418849838811,62.470
1783088418854846483,62.495
1783088418859840717,62.493
1783088418864839711,62.496
1783088418869840110,62.506
1783088418874841968,62.515
1783088418879840439,62.488
1783088418884844095,62.472
1783088418889841547,62.494
1783088418894844675,62.501
1783088418899840782,62.502
1783088418904844215,62.489
1783088418909843027,62.498
1783088418914844707,62.479
1783088418919841877,62.494
1783088418924841728,62.480
1783088418929842373,62.501
1783088418934844744,62.511
1783088418939844453,62.478
1783088418944841415,62.500
1783088418949841833,62.499
1783088418954844691,62.475
1783088418959843733,62.488
1783088418964842438,62.487
1783088418969845085,62.483
1783088418974842656,62.486
1783088418979842557,62.498
1783088418984844984,62.467
1783088418989844050,62.498
1783088418994846525,62.492
1783088418999843093,62.488
1783088419004847459,62.479
1783088419009847509,62.482
1783088419014845403,62.523
1783088419019844529,62.487
1783088419024846207,62.476
1783088419029843797,62.492
1783088419034844650,62.498
1783088419039845510,62.488
1783088419044843926,62.503
1783088419049843997,62.482
1783088419054847782,62.498
1783088419059847138,62.495
1783088419064845252,62.491
1783088419069845576,62.491
1783088419074844655,62.495
1783088419079844830,62.502
1783088419084845123,62.490
1783088419089846109,62.488
1783088419094845748,62.507
1783088419099845533,62.493
1783088419104849871,62.498
1783088419109847189,62.496
1783088419114846483,62.487
1783088419119846943,62.505
1783088419124847447,62.478
1783088419129846681,62.491
1783088419134853537,62.453
1783088419139850708,62.518
1783088419144846893,62.531
1783088419149846971,62.475
1783088419154849364,62.509
1783088419159848146,62.498
1783088419164849396,62.471
1783088419169847285,62.506
1783088419174847648,62.498
1783088419179847352,62.509
1783088419184849823,62.485
1783088419189852246,62.482
1783088419194850439,62.506
1783088419199850422,62.497
1783088419204855136,62.473
1783088419209851340,62.503
1783088419214850567,62.482
1783088419219846865,62.505
1783088419224849652,62.504
1783088419229848186,62.488
1783088419234849396,62.475
1783088419239848577,62.511
1783088419244849496,62.475
1783088419249850997,62.495
1783088419254851672,62.478
1783088419259851602,62.491
1783088419264851956,62.492
1783088419269851238,62.492
1783088419274851122,62.485
1783088419279854861,62.499
1783088419284851470,62.491
1783088419290471644,62.479
1783088419294852439,62.494
1783088419299853973,62.502
1783088419304855192,62.482
1783088419309852834,62.488
1783088419314851420,62.511
1783088419319851674,62.487
1783088419324850924,62.503
1783088419329851260,62.474
1783088419334850340,62.503
1783088419339852398,62.499
1783088419344850320,62.509
1783088419349850677,62.505
1783088419354853352,62.496
1783088419359852958,62.478
1783088419364853688,62.481
1783088419369851447,62.490
1783088419374851328,62.512
1783088419379855926,62.488
1783088419384855430,62.475
1783088419389855026,62.490
1783088419394854206,62.505
1783088419399857152,62.502
1783088419404857357,62.493
1783088419409854502,62.493
1783088419414853700,62.484
1783088419419855846,62.500
1783088419424854912,62.490
1783088419429854122,62.498
1783088419434853130,62.508
1783088419439861642,62.496
1783088419444852936,62.488
1783088419449853419,62.484
1783088419454855768,62.490
1783088419459855320,62.501
1783088419464855238,62.505
1783088419469855111,62.485
1783088419474854722,62.491
1783088419479858410,62.524
1783088419484855256,62.488
1783088419489855622,62.499
1783088419494854980,62.484
1783088419499858442,62.495
1783088419504858836,62.478
1783088419509859628,62.497
1783088419514856768,62.500
1783088419519859602,62.491
1783088419524856944,62.475
1783088419529855818,62.525
1783088419534855509,62.480
1783088419539855682,62.509
1783088419544855036,62.505
1783088419549856634,62.503
1783088419554859924,62.464
1783088419559858050,62.519
1783088419564861256,62.500
1783088419569856210,62.484
1783088419574857024,62.506
1783088419579856012,62.491
1783088419584856684,62.483
1783088419589857738,62.496
1783088419594858381,62.506
1783088419599858219,62.492
1783088419604859196,62.511
1783088419609860376,62.484
1783088419614858974,62.490
1783088419619858157,62.486
1783088419624858340,62.502
1783088419629858246,62.488
1783088419634859938,62.479
1783088419639859014,62.502
1783088419644864245,62.482
1783088419649859946,62.494
1783088419654862201,62.496
1783088419659860610,62.496
1783088419664860900,62.486
1783088419669858917,62.515
1783088419674858097,62.486
1783088419679859655,62.498
1783088419684860151,62.498
1783088419689861378,62.475
1783088419694860936,62.509
1783088419699861554,62.484
1783088419704863492,62.485
1783088419709861195,62.512
1783088419714859908,62.492
1783088419719860290,62.494
1783088419724863728,62.494
1783088419729861199,62.487
1783088419734859789,62.515
1783088419739860209,62.485
1783088419744864969,62.493
1783088419749860174,62.494
1783088419754863752,62.466
1783088419759863834,62.496
1783088419764865177,62.501
1783088419769861486,62.481
1783088419774860980,62.476
1783088419779862200,62.487
1783088419784863220,62.495
1783088419789863595,62.470
1783088419794863025,62.476
1783088419799862499,62.510
1783088419804868425,62.478
1783088419809866141,62.477
1783088419814863759,62.485
1783088419819862906,62.482
1783088419824863149,62.499
1783088419829862795,62.487
1783088419834863246,62.479
1783088419839862427,62.512
1783088419844862854,62.483
1783088419849862123,62.487
1783088419854864536,62.493
1783088419859864721,62.482
1783088419864864585,62.499
1783088419869864635,62.503
1783088419874865533,62.506
1783088419879863931,62.468
1783088419884865969,62.485
1783088419889866147,62.481
1783088419894864653,62.495
1783088419899865227,62.497
1783088419904868693,62.473
1783088419909866494,62.498
1783088419914865545,62.502
1783088419919865771,62.501
1783088419924866328,62.476
1783088419929865459,62.508
1783088419934866257,62.487
1783088419939865302,62.502
1783088419944865716,62.485
1783088419949865611,62.512
1783088419954868296,62.491
1783088419959867441,62.501
1783088419964866069,62.500
1783088419969865667,62.495
1783088419974866005,62.486
1783088419979866073,62.489
1783088419984866245,62.493
1783088419989867662,62.488
1783088419994869620,62.500
1783088419999867178,62.486
1783088420004868949,62.489
1783088420009870851,62.480
1783088420014869559,62.513
1783088420019867407,62.486
1783088420024867175,62.503
1783088420029868313,62.476
1783088420034867765,62.497
1783088420039867791,62.486
1783088420044867629,62.502
1783088420049867931,62.486
1783088420054871176,62.477
1783088420059870831,62.506
1783088420064867906,62.501
1783088420069867307,62.491
1783088420074869268,62.472
1783088420079868971,62.501
1783088420084868965,62.497
1783088420089870087,62.476
1783088420094870965,62.479
1783088420099869015,62.502
1783088420104873265,62.497
1783088420109870909,62.499
1783088420114869769,62.490
1783088420119869412,62.470
1783088420124870765,62.497
1783088420129868663,62.513
1783088420134871177,62.483
1783088420139871068,62.484
1783088420144871135,62.482
1783088420149869700,62.494
1783088420154873251,62.489
1783088420159872911,62.487
1783088420164872853,62.498
1783088420169874019,62.455
1783088420174871605,62.525
1783088420179870015,62.486
1783088420184873189,62.502
1783088420189875963,62.490
1783088420194874357,62.489
1783088420199874939,62.490
1783088420204876563,62.490
1783088420209874675,62.500
1783088420214874518,62.485
1783088420219872616,62.486
1783088420224873729,62.485
1783088420229872603,62.499
1783088420234871751,62.483
1783088420239873268,62.485
1783088420244871347,62.528
1783088420249877275,62.444
1783088420254874929,62.531
1783088420259875541,62.491
1783088420264873501,62.509
1783088420269874711,62.482
1783088420274877115,62.488
1783088420279875212,62.500
1783088420284875981,62.487
1783088420290429375,62.505
1783088420294872562,62.488
1783088420299874399,62.477
1783088420304878117,62.483
1783088420309875083,62.512
1783088420314875809,62.488
1783088420319874567,62.497
1783088420324873474,62.495
1783088420329874407,62.489
1783088420334874752,62.482
1783088420339873995,62.503
1783088420344875226,62.490
1783088420349875031,62.484
1783088420354878233,62.471
1783088420359876289,62.493
1783088420364875209,62.483
1783088420369875951,62.481
1783088420374875025,62.488
1783088420379882291,62.413
1783088420384878717,62.569
1783088420389878829,62.482
1783088420394876817,62.482
1783088420399877668,62.491
1783088420404878584,62.499
1783088420409878904,62.493
1783088420414876014,62.498
1783088420419876156,62.495
1783088420424878276,62.505
1783088420429876156,62.492
1783088420434876158,62.500
1783088420439877024,62.491
1783088420444877630,62.486
1783088420449880752,62.486
1783088420454880006,62.517
1783088420459878007,62.486
1783088420464878033,62.493
1783088420469879978,62.507
1783088420474878361,62.508
1783088420479877347,62.487
1783088420484878245,62.482
1783088420489880957,62.491
1783088420494878741,62.497
1783088420499877975,62.487
1783088420504882753,62.498
1783088420509884789,62.499
1783088420514880789,62.495
1783088420519879916,62.491
1783088420524882770,62.468
1783088420529883592,62.521
1783088420534879059,62.512
1783088420539877919,62.497
1783088420544878456,62.483
1783088420549882888,62.468
1783088420554883037,62.483
1783088420559881031,62.515
1783088420564883840,62.510
1783088420569881732,62.496
1783088420574879665,62.478
1783088420579878988,62.488
1783088420584878972,62.507
1783088420589884219,62.476
1783088420594880942,62.503
1783088420599879993,62.474
1783088420604883013,62.494
1783088420609884384,62.499
1783088420614881654,62.491
1783088420619880626,62.496
1783088420624879750,62.513
1783088420629882654,62.497
1783088420634883474,62.480
1783088420639884479,62.483
1783088420644888226,62.493
1783088420649883164,62.493
1783088420654884942,62.487
1783088420659882684,62.497
1783088420664881218,62.494
1783088420669883365,62.479
1783088420674886282,62.507
1783088420679883864,62.491
1783088420684882565,62.510
1783088420689883460,62.493
1783088420694882708,62.484
1783088420699882952,62.487
1783088420704886898,62.484
1783088420709888591,62.503
1783088420714883738,62.509
1783088420719882998,62.470
1783088420724885749,62.494
1783088420729883820,62.516
1783088420734884398,62.467
1783088420739884228,62.509
1783088420744883522,62.492
1783088420749883436,62.484
1783088420754886906,62.509
1783088420759886451,62.492
1783088420764885073,62.500
1783088420769885036,62.471
1783088420774885654,62.496
1783088420779886408,62.489
1783088420784884762,62.519
1783088420789887844,62.457
1783088420794885554,62.512
1783088420799884784,62.484
1783088420804889338,62.469
1783088420809888200,62.490
1783088420814886480,62.511
1783088420819887336,62.490
1783088420824885396,62.483
1783088420829886628,62.488
1783088420834886846,62.480
1783088420839885808,62.482
1783088420844885982,62.474
1783088420849886176,62.474
1783088420854888634,62.473
1783088420859887412,62.505
1783088420864887053,62.494
1783088420869888652,62.494
1783088420874888710,62.486
1783088420879887652,62.500
1783088420884889730,62.499
1783088420889889980,62.476
1783088420894889167,62.493
1783088420899889564,62.492
1783088420904892144,62.499
1783088420909888990,62.493
1783088420914887786,62.500
1783088420919888828,62.477
1783088420924888930,62.518
1783088420929889794,62.479
1783088420934888390,62.520
1783088420939887516,62.494
1783088420944888234,62.495
1783088420949888326,62.508
1783088420954890902,62.482
1783088420959890136,62.477
1783088420964890050,62.512
1783088420969888948,62.485
1783088420974890690,62.508
1783088420979888812,62.493
1783088420984888335,62.489
1783088420989889469,62.488
1783088420994892458,62.496
1783088420999889940,62.466
1783088421004892946,62.494
1783088421009893937,62.505
1783088421014894310,62.506
1783088421019891146,62.488
1783088421024890876,62.493
1783088421029888994,62.500
1783088421034894427,62.491
1783088421039889796,62.486
1783088421044891186,62.480
1783088421049889705,62.508
1783088421054898359,62.479
1783088421059892537,62.495
1783088421064892699,62.486
1783088421069892984,62.486
1783088421074894246,62.517
1783088421079890676,62.484
1783088421084891531,62.500
1783088421089893644,62.484
1783088421094892098,62.509
1783088421099891765,62.487
1783088421104895899,62.494
1783088421109894623,62.506
1783088421114896830,62.506
1783088421119891408,62.480
1783088421124893530,62.491
1783088421129893156,62.488
1783088421134895652,62.499
1783088421139893190,62.484
1783088421144893714,62.497
1783088421149893386,62.504
1783088421154896044,62.478
1783088421159894441,62.489
1783088421164892830,62.486
1783088421169893068,62.515
1783088421174892978,62.481
1783088421179897849,62.505
1783088421184896486,62.488
1783088421189898860,62.479
1783088421194895042,62.531
1783088421199895064,62.504
1783088421204897323,62.463
1783088421209895910,62.513
1783088421214900810,62.503
1783088421219895773,62.472
1783088421224899356,62.501
1783088421229896344,62.493
1783088421234895482,62.480
1783088421239896629,62.493
1783088421244895866,62.496
1783088421249897100,62.475
1783088421254897110,62.476
1783088421259898962,62.508
1783088421264900350,62.459
1783088421269895548,62.536
1783088421274896795,62.481
1783088421279900544,62.499
1783088421284901727,62.468
1783088421289900933,62.493
1783088421294895078,62.501
1783088421299899936,62.486
1783088421304900519,62.481
1783088421309899092,62.501
1783088421314897260,62.515
1783088421319900124,62.492
1783088421324897406,62.491
1783088421329897793,62.490
1783088421334895651,62.518
1783088421339899529,62.493
1783088421344897067,62.483
1783088421349896721,62.479
1783088421354900243,62.494
1783088421359902762,62.484
1783088421364897568,62.480
1783088421369897679,62.496
1783088421374897786,62.485
1783088421379901324,62.499
1783088421384902040,62.462
1783088421389900424,62.502
1783088421394899351,62.505
1783088421399898909,62.480
1783088421404900959,62.489
1783088421409901609,62.485
1783088421414900450,62.504
1783088421419901617,62.505
1783088421424900104,62.490
1783088421429899273,62.485
1783088421434898733,62.509
1783088421439901740,62.513
1783088421444901911,62.469
1783088421449899829,62.483
1783088421454902699,62.466
1783088421459901676,62.503
1783088421464901215,62.496
1783088421469900381,62.499
1783088421474901466,62.478
1783088421479901682,62.487
1783088421484900954,62.513
1783088421489902444,62.492
1783088421494902803,62.505
1783088421499901194,62.491
1783088421504906710,62.476
1783088421509904503,62.512
1783088421514902039,62.507
1783088421519902285,62.478
1783088421524902286,62.506
1783088421529903173,62.484
1783088421534902562,62.505
1783088421539905829,62.505
1783088421544901936,62.471
1783088421549901753,62.510
1783088421554905252,62.465
1783088421559903537,62.522
1783088421564902750,62.479
1783088421569903504,62.501
1783088421574902579,62.495
1783088421579902768,62.507
1783088421584902555,62.486
1783088421589903564,62.500
1783088421594904062,62.491
1783088421599903060,62.496
1783088421604905930,62.482
1783088421609903612,62.498
1783088421614902519,62.517
1783088421619906404,62.504
1783088421624904671,62.498
1783088421629903701,62.495
1783088421634905251,62.491
1783088421639904705,62.483
1783088421644910149,62.488
1783088421649907876,62.501
1783088421654910105,62.476
1783088421659905683,62.511
1783088421664904654,62.508
1783088421669906313,62.488
1783088421674906270,62.510
1783088421679905664,62.492
1783088421684908227,62.496
1783088421689906358,62.501
1783088421694905622,62.484
1783088421699905377,62.507
1783088421704909274,62.464
1783088421709907957,62.512
1783088421714909883,62.507
1783088421719906721,62.481
1783088421724906431,62.480
1783088421729907533,62.504
1783088421734905607,62.490
1783088421739906544,62.487
1783088421744906955,62.493
1783088421749909176,62.483
1783088421754910723,62.488
1783088421759911821,62.480
1783088421764912247,62.519
1783088421769907673,62.492
1783088421774908063,62.508
1783088421779907575,62.487
1783088421784907547,62.497
1783088421789908691,62.493
1783088421794909917,62.485
1783088421799907847,62.499
1783088421804913238,62.490
1783088421809911352,62.505
1783088421814909263,62.502
1783088421819906945,62.498
1783088421824911546,62.495
1783088421829907748,62.510
1783088421834907962,62.501
1783088421839908744,62.494
1783088421844912867,62.501
1783088421849909545,62.481
1783088421854911963,62.487
1783088421859909933,62.489
1783088421864911455,62.499
1783088421869908965,62.500
1783088421874909630,62.482
1783088421879908634,62.495
1783088421884911343,62.484
1783088421889916848,62.477
1783088421894911202,62.505
1783088421899909409,62.492
1783088421904919518,62.468
1783088421909911823,62.517
1783088421914912761,62.485
1783088421919910333,62.506
1783088421924914867,62.489
1783088421929910295,62.481
1783088421934911559,62.485
1783088421939910765,62.493
1783088421944910795,62.497
1783088421949911213,62.483
1783088421954916175,62.475
1783088421959912036,62.504
1783088421964911707,62.508
1783088421969911309,62.474
1783088421974912319,62.491
1783088421979912253,62.498
1783088421984911733,62.472
1783088421989914261,62.479
1783088421994912738,62.511
1783088421999912157,62.513
1783088422004914073,62.468
1783088422009919685,62.453
1783088422014914503,62.541
1783088422019916637,62.491
1783088422024915271,62.493
1783088422029915041,62.476
1783088422034914339,62.509
1783088422039913561,62.472
1783088422044917769,62.500
1783088422049913717,62.497
1783088422054917598,62.495
1783088422059915217,62.502
1783088422064914041,62.493
1783088422069914869,62.485
1783088422074915777,62.486
1783088422079915077,62.499
1783088422084915623,62.469
1783088422089916981,62.508
1783088422094915543,62.508
1783088422099915273,62.486
1783088422104919273,62.488
1783088422109920949,62.511
1783088422114914647,62.513
1783088422119916505,62.494
1783088422124916835,62.515
1783088422129919855,62.499
1783088422134917987,62.487
1783088422139916681,62.498
1783088422144915369,62.499
1783088422149920113,62.479
1783088422154920565,62.477
1783088422159917891,62.516
1783088422164917139,62.499
1783088422169919381,62.497
1783088422174917883,62.471
1783088422179917923,62.486
1783088422184916467,62.494
1783088422189921297,62.497
1783088422194916883,62.502
1783088422199916182,62.495
1783088422204919343,62.492
1783088422209925249,62.472
1783088422214921941,62.483
1783088422219917612,62.523
1783088422224917857,62.501
1783088422229922575,62.514
1783088422234918933,62.489
1783088422239917546,62.518
1783088422244920815,62.506
1783088422249921380,62.483
1783088422254916735,62.498
1783088422259919783,62.483
1783088422264921027,62.459
1783088422269924659,62.493
1783088422274919831,62.502
1783088422279922733,62.495
1783088422284922173,62.476
1783088422289921346,62.514
1783088422294920127,62.493
1783088422299921521,62.493
1783088422304920763,62.505
1783088422309922240,62.465
1783088422314920854,62.500
1783088422320221774,62.495
1783088422324935907,62.476
1783088422329922737,62.500
1783088422334919678,62.502
1783088422339919957,62.486
1783088422344920043,62.482
1783088422349919413,62.498
1783088422354925535,62.476
1783088422359923385,62.496
1783088422364921167,62.483
1783088422369920509,62.505
1783088422374920959,62.491
1783088422379920849,62.491
1783088422384924288,62.516
1783088422389925515,62.495
1783088422394926924,62.504
1783088422399921577,62.496
1783088422404924931,62.478
1783088422409925049,62.473
1783088422414924275,62.484
1783088422419923199,62.509
1783088422424923691,62.496
1783088422429924165,62.456
1783088422434922683,62.515
1783088422439923346,62.496
1783088422444923315,62.497
1783088422449922053,62.499
1783088422454927251,62.477
1783088422459925193,62.512
1783088422464925115,62.505
1783088422469923441,62.497
1783088422474924447,62.488
1783088422479924577,62.499
1783088422484923279,62.513
1783088422489927877,62.471
1783088422494925615,62.497
1783088422499924069,62.506
1783088422504927823,62.490
1783088422509930243,62.510
1783088422514925641,62.506
1783088422519924172,62.505
1783088422524925207,62.508
1783088422529927365,62.491
1783088422534923719,62.487
1783088422539923253,62.496
1783088422544925171,62.473
1783088422549927501,62.502
1783088422554930191,62.477
1783088422559926803,62.498
1783088422564925751,62.512
1783088422569925839,62.480
1783088422574925210,62.505
1783088422579926317,62.497
1783088422584927373,62.461
1783088422589930817,62.502
1783088422594925891,62.498
1783088422599925769,62.486
1783088422604929164,62.501
1783088422609927493,62.497
1783088422614926511,62.495
1783088422619928137,62.490
1783088422624927279,62.480
1783088422629925861,62.501
1783088422634927819,62.486
1783088422639927751,62.498
1783088422644932799,62.491
1783088422649932861,62.494
1783088422654931067,62.471
1783088422659928583,62.500
1783088422664927959,62.489
1783088422669929439,62.468
1783088422674928871,62.495
1783088422679928889,62.498
1783088422684931455,62.487
1783088422689933738,62.458
1783088422694929387,62.510
1783088422699927929,62.494
1783088422704933307,62.485
1783088422709930269,62.490
1783088422714932315,62.509
1783088422719927957,62.510
1783088422724928987,62.498
1783088422729929949,62.485
1783088422734928713,62.505
1783088422739929091,62.492
1783088422744927803,62.501
1783088422749929089,62.484
1783088422754932435,62.490
1783088422759933453,62.493
1783088422764931315,62.496
1783088422769930619,62.499
1783088422774931351,62.488
1783088422779931675,62.500
1783088422784930641,62.484
1783088422789931709,62.510
1783088422794931087,62.512
1783088422799931465,62.508
1783088422804934359,62.475
1783088422809933345,62.501
1783088422814931651,62.518
1783088422819930498,62.484
1783088422824931338,62.507
1783088422829931470,62.488
1783088422834931563,62.489
1783088422839931789,62.480
1783088422844932747,62.492
1783088422849931335,62.515
1783088422854934695,62.490
1783088422859932625,62.495
1783088422864933023,62.499
1783088422869933399,62.499
1783088422874933165,62.472
1783088422879932470,62.499
1783088422884936019,62.487
1783088422889935185,62.481
1783088422894933623,62.508
1783088422899933567,62.491
1783088422904939095,62.449
1783088422909935438,62.524
1783088422914938631,62.511
1783088422919933173,62.482
1783088422924934887,62.510
1783088422929933790,62.483
1783088422934936233,62.508
1783088422939933525,62.498
1783088422944933639,62.487
1783088422949934373,62.509
1783088422954940123,62.487
1783088422959934451,62.499
1783088422964934300,62.499
1783088422969934953,62.496
1783088422974937307,62.509
1783088422979935429,62.500
1783088422984934847,62.483
1783088422989935999,62.498
1783088422994936979,62.512
1783088422999935307,62.475
1783088423004938035,62.478
1783088423009938831,62.492
1783088423014938721,62.491
1783088423019936841,62.496
1783088423024934858,62.518
1783088423029935849,62.485
1783088423034938472,62.492
1783088423039937061,62.487
1783088423044936311,62.480
1783088423049935535,62.484
1783088423054938035,62.486
1783088423059937829,62.506
1783088423064936647,62.512
1783088423069937605,62.485
1783088423074938697,62.485
1783088423079937490,62.489
1783088423084937441,62.499
1783088423089937973,62.495
1783088423094938487,62.518
1783088423099940953,62.449
1783088423104941359,62.539
1783088423109938589,62.488
1783088423114938395,62.506
1783088423119937718,62.492
1783088423124939172,62.506
1783088423129939074,62.470
1783088423134941003,62.494
1783088423139939513,62.477
1783088423144937855,62.514
1783088423149938467,62.503
1783088423154941620,62.485
1783088423159940253,62.493
1783088423164939991,62.507
1783088423169938717,62.492
1783088423174938605,62.484
1783088423179939335,62.488
1783088423184939415,62.503
1783088423189939686,62.487
1783088423194943059,62.476
1783088423199942342,62.502
1783088423204942803,62.481
1783088423209939644,62.497
1783088423214940596,62.483
1783088423219943893,62.497
1783088423224939887,62.478
1783088423229941655,62.492
1783088423234941319,62.503
1783088423239955775,62.445
1783088423244943792,62.562
1783088423249940142,62.484
1783088423254948973,62.487
1783088423259945061,62.497
1783088423264943003,62.488
1783088423269942369,62.498
1783088423274940657,62.498
1783088423279945769,62.488
1783088423284942967,62.501
1783088423289947265,62.495
1783088423295165745,62.432
1783088423299944547,62.567
1783088423304950115,62.484
1783088423309947493,62.500
1783088423314945287,62.483
1783088423319944334,62.488
1783088423324946275,62.500
1783088423329946383,62.496
1783088423334945221,62.491
1783088423339946371,62.486
1783088423344946787,62.509
1783088423349946207,62.504
1783088423354947880,62.478
1783088423359946969,62.489
1783088423364946980,62.518
1783088423369946045,62.498
1783088423374946495,62.464
1783088423379947061,62.497
1783088423384949547,62.494
1783088423389944841,62.493
1783088423394944755,62.484
1783088423399945237,62.491
1783088423404947400,62.484
1783088423409945242,62.510
1783088423414945909,62.495
1783088423419948609,62.498
1783088423424945831,62.497
1783088423429947841,62.493
1783088423434949053,62.482
1783088423439947473,62.484
1783088423444949088,62.482
1783088423449947621,62.501
1783088423454952327,62.480
1783088423459948683,62.515
1783088423464950449,62.466
1783088423469950332,62.486
1783088423474949067,62.476
1783088423479947865,62.488
1783088423484948811,62.499
1783088423489951077,62.474
1783088423494958219,62.409
1783088423499948717,62.569
1783088423504953787,62.472
1783088423509954563,62.482
1783088423514952109,62.526
1783088423519950339,62.498
1783088423524950587,62.501
1783088423529949729,62.480
1783088423534950443,62.509
1783088423539954191,54.117
1783088423544952469,7.760
1783088423549957729,7.756
1783088423554958035,7.757
1783088423559953021,7.753
1783088423564951131,7.759
1783088423569951447,7.757
1783088423574953135,7.755
1783088423579950755,7.754
1783088423584952771,7.754
1783088423589952765,7.758
1783088423594952471,7.758
1783088423599949417,7.755
1783088423604952025,7.754
1783088423609949873,7.761
1783088423614949027,7.752
1783088423619949521,7.757
1783088423624950461,7.756
1783088423629950021,7.758
1783088423634952671,7.753
1783088423639959609,7.304
1783088423644958584,3.876
1783088423649957753,3.876
1783088423654957919,3.877
1783088423659953505,3.868
1783088423664951636,3.877
1783088423669951149,3.876
1783088423674951883,3.876
1783088423679949930,3.866
1783088423684950007,3.875
1783088423689954973,3.871
1783088423694952637,3.879
1783088423699952502,3.877
1783088423704957300,3.873
1783088423709952760,3.868
1783088423714952341,3.877
1783088423719952021,3.876
1783088423724955635,3.873
1783088423730011196,3.876
1783088423734953381,3.868
1783088423739956073,4.154
1783088423744958279,7.761
1783088423749957855,7.751
1783088423754961015,7.758
1783088423759957491,7.758
1783088423764957619,7.757
1783088423769954749,7.752
1783088423774953012,7.757
1783088423779953115,7.757
1783088423784958135,7.745
1783088423789954761,7.768
1783088423794955891,7.756
1783088423799955213,7.752
1783088423804960953,7.756
1783088423809955821,7.759
1783088423814955703,7.758
1783088423819953545,7.754
1783088423824957235,7.759
1783088423829953761,7.756
1783088423835110480,7.676
1783088423839959889,7.741
1783088423844961247,3.874
1783088423849957117,3.879
1783088423854964175,3.872
1783088423859957965,3.871
1783088423864959083,3.874
1783088423869955189,3.880
1783088423874955795,3.877
1783088423879954329,3.868
1783088423884962313,3.880
1783088423889958381,3.870
1783088423894958247,3.875
1783088423899958827,3.875
1783088423904964655,3.871
1783088423909958863,3.880
1783088423914956043,3.874
1783088423919957319,3.867
1783088423924960811,3.883
1783088423929957157,3.869
1783088423934956307,3.878
1783088423939961019,3.873
1783088423944961584,7.726
1783088423949959375,7.759
1783088423954966887,7.755
1783088423959960041,7.754
1783088423964960921,7.756
1783088423969958433,7.761
1783088423974957849,7.752
1783088423979958325,7.757
1783088423984963643,7.756
1783088423989958089,7.759
1783088423994959363,7.756
1783088423999959507,7.750
1783088424004962011,7.761
1783088424009964789,7.753
1783088424014959801,7.758
1783088424019960333,7.757
1783088424024959357,7.752
1783088424029962045,7.760
1783088424034958703,7.756
1783088424039964646,7.755
1783088424044964131,4.070
1783088424049962302,3.877
1783088424054969251,3.872
1783088424059963901,3.879
1783088424064960947,3.867
1783088424069960197,3.876
1783088424074959912,3.876
1783088424079960189,3.879
1783088424084960023,3.875
1783088424089960337,3.872
1783088424094963411,3.876
1783088424099961657,3.868
1783088424104965403,3.872
1783088424109967101,3.876
1783088424114961361,3.882
1783088424119961097,3.867
1783088424124960647,3.877
1783088424129963229,3.875
1783088424134962966,3.877
1783088424139966001,3.873
1783088424144966095,7.383
1783088424149966741,7.757
1783088424154969775,7.760
1783088424159964221,7.752
1783088424164963061,7.759
1783088424169965927,7.758
1783088424174962895,7.757
1783088424179962688,7.751
1783088424184965006,7.761
1783088424189966233,7.756
1783088424194964169,7.754
1783088424199963061,7.752
1783088424204966047,7.760
1783088424209967893,7.755
1783088424214963576,7.757
1783088424219963061,7.758
1783088424224964091,7.756
1783088424229966369,7.754
1783088424234964759,7.753
1783088424239967161,7.754
1783088424244965389,4.410
1783088424249964175,3.873
1783088424254973805,3.882
1783088424259967433,3.870
1783088424264969139,3.874
1783088424269966577,3.877
1783088424274964390,3.875
1783088424279965701,3.867
1783088424284965315,3.876
1783088424289981718,3.875
1783088424295565347,3.880
1783088424299966205,3.874
1783088424304969839,3.873
1783088424309970656,3.866
1783088424314965559,3.881
1783088424319965469,3.875
1783088424324965347,3.875
1783088424329972085,3.870
1783088424334964919,3.870
1783088424339972724,3.880
1783088424344969999,7.055
1783088424349967349,7.755
1783088424354974734,7.753
1783088424359969183,7.759
1783088424364966167,7.755
1783088424369971177,7.757
1783088424374967897,7.756
1783088424379967913,7.758
1783088424384970719,7.753
1783088424389973365,7.753
1783088424394968829,7.758
1783088424399967547,7.760
1783088424404972398,7.750
1783088424409969653,7.762
1783088424414967894,7.753
1783088424419967677,7.758
1783088424424967671,7.758
1783088424429968589,7.756
1783088424434968099,7.751
1783088424439972980,7.757
1783088424444973923,4.761
1783088424449972261,3.878
1783088424454978185,3.872
1783088424459972181,3.871
1783088424464969154,3.878
1783088424469972367,3.873
1783088424474969511,3.878
1783088424479969868,3.875
1783088424484969440,3.876
1783088424489972337,3.864
1783088424494971188,3.876
1783088424499970020,3.876
1783088424504976767,3.870
1783088424509977089,3.877
1783088424514971781,3.879
1783088424519970809,3.876
1783088424524971003,3.865
1783088424529972022,3.875
1783088424534970402,3.877
1783088424539975189,3.882
1783088424544977554,6.731
1783088424549976540,7.759
1783088424554980892,7.758
1783088424559975145,7.754
1783088424564973427,7.759
1783088424569972332,7.752
1783088424574973695,7.761
1783088424579978144,7.752
1783088424584972459,7.759
1783088424589973091,7.750
1783088424594974283,7.756
1783088424599973737,7.758
1783088424604975303,7.755
1783088424609974636,7.759
1783088424614974714,7.757
1783088424619973106,7.753
1783088424624972270,7.759
1783088424629973185,7.756
1783088424634975862,7.753
1783088424639975633,7.758
1783088424644983378,5.123
1783088424649977421,3.871
1783088424654983519,3.872
1783088424659976792,3.870
1783088424664975775,3.876
1783088424669973517,3.879
1783088424674973610,3.875
1783088424679975249,3.874
1783088424684974253,3.876
1783088424689975333,3.866
1783088424694976431,3.874
1783088424699976601,3.875
1783088424704980679,3.883
1783088424709979801,3.866
1783088424714974874,3.876
1783088424719976013,3.871
1783088424724975243,3.878
1783088424729976124,3.876
1783088424734976175,3.875
1783088424739975677,3.876
1783088424744982162,6.324
1783088424749979065,7.762
1783088424754983934,7.750
1783088424759981628,7.754
1783088424764977006,7.758
1783088424769980665,7.759
1783088424774977666,7.755
1783088424779976593,7.759
1783088424784976579,7.751
1783088424789975998,7.758
1783088424794978402,7.754
1783088424799977989,7.758
1783088424804981174,7.753
1783088424809979261,7.761
1783088424814977634,7.753
1783088424819977027,7.759
1783088424824977551,7.757
1783088424829977585,7.758
1783088424834977431,7.751
1783088424839976820,7.759
1783088424844984774,5.439
1783088424849980293,3.870
1783088424854985003,3.872
1783088424859981345,3.878
1783088424864979615,3.871
1783088424869980357,3.870
1783088424874979435,3.876
1783088424879979709,3.875
1783088424884981640,3.874
1783088424889980071,3.877
1783088424894996448,3.873
1783088424899981772,3.876
1783088424904985059,3.873
1783088424909993481,3.881
1783088424914989379,3.868
1783088424919979413,3.873
1783088424924980226,3.875
1783088424929980669,3.877
1783088424934979260,3.876
1783088424939979853,3.875
1783088424944986142,5.856
1783088424949982300,7.757
1783088424954989294,7.754
1783088424959983352,7.760
1783088424964981261,7.754
1783088424969981413,7.757
1783088424974980226,7.759
1783088424979983289,7.753
1783088424984981231,7.754
1783088424989980273,7.759
1783088424994982131,7.755
1783088424999983100,7.756
1783088425004985851,7.753
1783088425009986336,7.757
1783088425014984641,7.760
1783088425019981968,7.755
1783088425024983226,7.756
1783088425029982249,7.759
1783088425034985575,7.752
1783088425039982816,7.755
1783088425044988963,5.925
1783088425049984547,3.880
1783088425054993790,3.868
1783088425059985412,3.882
1783088425064984780,3.865
1783088425069983388,3.878
1783088425074987286,3.874
1783088425079983728,3.880
1783088425084983766,3.865
1783088425089983429,3.876
1783088425094988671,3.882
1783088425099983596,3.869
1783088425104989058,3.871
1783088425109986052,3.879
1783088425114987228,3.876
1783088425119984138,3.867
1783088425124983944,3.877
1783088425129985375,3.874
1783088425134989306,3.872
1783088425139985384,3.878
1783088425144990070,5.484
1783088425149987880,7.761
1783088425154991507,7.752
1783088425159986861,7.754
1783088425164985526,7.763
1783088425169985383,7.751
1783088425174985862,7.757
1783088425179986722,7.756
1783088425184986167,7.758
1783088425189985560,7.752
1783088425194988087,7.754
1783088425199986216,7.760
1783088425204988986,7.753
1783088425209987756,7.759
1783088425214987380,7.753
1783088425219985817,7.758
1783088425224987526,7.755
1783088425229986702,7.759
1783088425234994750,7.752
1783088425239986320,7.757
1783088425244988202,6.425
1783088425249987541,3.876
1783088425254989623,3.874
1783088425259989512,3.865
1783088425264990066,3.877
1783088425269993936,3.874
1783088425274991044,3.878
1783088425279988560,3.869
1783088425284988182,3.876
1783088425289988605,3.875
1783088425298033952,3.874
1783088425301080894,3.887
1783088425304993257,3.864
1783088425309990422,3.879
1783088425314989802,3.878
1783088425319991313,3.874
1783088425324989671,3.868
1783088425329993260,3.873
1783088425334989294,3.878
1783088425339988484,3.876
1783088425344994522,4.984
1783088425349991848,7.755
1783088425354994982,7.760
1783088425359992012,7.755
1783088425364990928,7.759
1783088425369990268,7.752
1783088425374993946,7.759
1783088425379991274,7.755
1783088425384993852,7.754
1783088425389992316,7.760
1783088425394994608,7.754
1783088425399991121,7.756
1783088425404993894,7.760
1783088425409994168,7.750
1783088425414997414,7.753
1783088425419989738,7.763
1783088425424991035,7.756
1783088425429991827,7.756
1783088425434990542,7.760
1783088425439991730,7.756
1783088425444995421,6.824
1783088425449994976,3.877
1783088425454998224,3.875
1783088425459995622,3.877
1783088425464993670,3.866
1783088425469993273,3.876
1783088425474993770,3.875
1783088425479994596,3.875
1783088425484993142,3.876
1783088425489993060,3.875
1783088425494996683,3.873
1783088425499996536,3.875
1783088425505000494,3.872
1783088425509998184,3.877
1783088425514993850,3.868
1783088425519993756,3.875
1783088425524995354,3.874
1783088425529994004,3.876
1783088425534992578,3.876
1783088425539993465,3.875
1783088425544999137,4.590
1783088425549996706,7.754
1783088425555003624,7.754
1783088425559998462,7.759
1783088425564996778,7.753
1783088425569995131,7.760
1783088425574998170,7.753
1783088425579994308,7.757
1783088425584994872,7.757
1783088425589993688,7.759
1783088425594999566,7.755
1783088425599997136,7.754
1783088425605000262,7.753
1783088425609997356,7.755
1783088425614999086,7.760
1783088425619994896,7.759
1783088425624994416,7.751
1783088425629995727,7.756
1783088425634997681,7.755
1783088425639997180,7.758
1783088425645001622,7.273
1783088425650000459,3.876
1783088425655004274,3.872
1783088425660001924,3.877
1783088425664998088,3.878
1783088425669997056,3.867
1783088425674997270,3.877
1783088425680000291,3.873
1783088425684997646,3.877
1783088425689997312,3.877
1783088425694998568,3.874
1783088425699998992,3.866
1783088425705002424,3.873
1783088425710001775,3.878
1783088425714998929,3.879
1783088425719998658,3.876
1783088425724998525,3.865
1783088425729999052,3.875
1783088425734999372,3.877
1783088425739999879,3.875
1783088425745002537,4.105
1783088425750005467,7.760
1783088425755011938,7.754
1783088425760006091,7.753
1783088425765001662,7.758
1783088425769999100,7.755
1783088425775004265,7.756
1783088425779999216,7.758
1783088425784999741,7.757
1783088425789998984,7.752
1783088425795004349,7.756
1783088425800002251,7.754
1783088425805004682,7.761
1783088425810001531,7.756
1783088425815004867,7.759
1783088425820000156,7.751
1783088425825000442,7.757
1783088425830001094,7.757
1783088425835003545,7.759
1783088425840000171,7.758
1783088425845004461,7.682
1783088425850003939,3.876
1783088425855010678,3.870
1783088425860007122,3.880
1783088425865002780,3.870
1783088425870001480,3.878
1783088425875004937,3.873
1783088425880001223,3.878
1783088425885004986,3.872
1783088425890003397,3.877
1783088425895007635,3.874
1783088425900004104,3.868
1783088425905008349,3.882
1783088425910004229,3.870
1783088425915006529,3.874
1783088425920001711,3.879
1783088425925002681,3.875
1783088425930004903,3.874
1783088425935005510,3.875
1783088425940002023,3.868
1783088425945008307,3.870
1783088425950005395,7.620
1783088425955008353,7.753
1783088425960008643,7.757
1783088425965004405,7.757
1783088425970003283,7.759
1783088425975003009,7.751
1783088425980003168,7.757
1783088425985002981,7.758
1783088425990003437,7.757
1783088425995005307,7.755
1783088426000004145,7.752
1783088426005007909,7.759
1783088426010007747,7.758
1783088426015005174,7.755
1783088426020004482,7.759
1783088426025005717,7.756
1783088426030006541,7.756
1783088426035005265,7.753
1783088426040004943,7.758
1783088426045009813,7.757
1783088426050010760,4.231
1783088426055011593,3.875
1783088426060012881,3.874
1783088426065009314,3.869
1783088426070006363,3.878
1783088426075006797,3.875
1783088426080006005,3.876
1783088426085006746,3.875
1783088426090005859,3.876
1783088426095008093,3.865
1783088426100006775,3.876
1783088426105013473,3.881
1783088426110009601,3.871
1783088426115007449,3.877
1783088426120006852,3.867
1783088426125007933,3.874
1783088426130011255,3.873
1783088426135012557,3.876
1783088426140007343,3.879
1783088426145013750,3.870
1783088426150012685,7.205
1783088426155012917,7.757
1783088426160014834,7.755
1783088426165010105,7.758
1783088426170009483,7.759
1783088426175009837,7.757
1783088426180008923,7.752
1783088426185009201,7.757
1783088426190012798,7.752
1783088426195010249,7.762
1783088426200009067,7.752
1783088426205014749,7.756
1783088426210012027,7.755
1783088426215009561,7.761
1783088426220009987,7.757
1783088426225009935,7.751
1783088426230009535,7.758
1783088426235009933,7.757
1783088426240009809,7.758
1783088426245012837,7.753
1783088426250010545,4.695
1783088426255010145,3.876
1783088426260010719,3.875
1783088426265014261,3.874
1783088426270011263,3.869
1783088426275012335,3.874
1783088426280011983,3.876
1783088426285011671,3.876
1783088426290012655,3.875
1783088426295012087,3.877
1783088426300011718,3.876
1783088426305016972,3.871
1783088426310014515,3.867
1783088426315013497,3.878
1783088426320017150,3.872
1783088426325011137,3.880
1783088426330011546,3.877
1783088426335011437,3.867
1783088426340014175,3.875
1783088426345015796,3.874
1783088426350016927,6.762
1783088426355017869,7.756
1783088426360018815,7.756
1783088426365014368,7.758
1783088426370012771,7.753
1783088426375013015,7.757
1783088426380012647,7.758
1783088426385016171,7.752
1783088426390013549,7.755
1783088426395014133,7.757
1783088426400014632,7.757
1783088426405019877,7.756
1783088426410013555,7.755
1783088426415013472,7.756
1783088426420013470,7.758
1783088426425013568,7.757
1783088426430015938,7.754
1783088426435012991,7.755
1783088426440013162,7.757
1783088426445017245,7.758
1783088426450021045,5.004
1783088426455018945,3.877
1783088426460020934,3.874
1783088426465017486,3.868
1783088426470015877,3.877
1783088426475015733,3.875
1783088426480015696,3.875
1783088426485013237,3.869
1783088426490013996,3.875
1783088426495017176,3.873
1783088426500016658,3.876
1783088426505021501,3.872
1783088426510020282,3.878
1783088426515015813,3.879
1783088426520016035,3.875
1783088426525016535,3.866
1783088426530016607,3.875
1783088426535015831,3.878
1783088426540015247,3.867
1783088426545018081,3.884
1783088426550022114,6.450
1783088426555023181,7.756
1783088426560021390,7.753
1783088426565018437,7.755
1783088426570017030,7.760
1783088426575018744,7.755
1783088426580017371,7.753
1783088426585017193,7.758
1783088426590016249,7.759
1783088426595017129,7.756
1783088426600019705,7.754
1783088426605023016,7.752
1783088426610022580,7.758
1783088426615017713,7.758
1783088426620017046,7.753
1783088426625017168,7.756
1783088426630016582,7.758
1783088426635021384,7.757
1783088426640020203,7.752
1783088426645025116,7.757
1783088426650025578,5.345
1783088426655024037,3.878
1783088426660028870,3.873
1783088426665022486,3.870
1783088426670019810,3.877
1783088426675020949,3.874
1783088426680019662,3.869
1783088426685019252,3.876
1783088426690021706,3.873
1783088426695020392,3.876
1783088426700025422,3.873
1783088426705026142,3.875
1783088426710022115,3.872
1783088426715021138,3.874
1783088426720022042,3.875
1783088426725021508,3.876
1783088426730020927,3.876
1783088426735019564,3.876
1783088426740031458,3.877
1783088426745020521,3.875
1783088426750029394,6.019
1783088426755032608,7.753
1783088426760031226,7.767
1783088426765023326,7.756
1783088426770022930,7.751
1783088426775025232,7.761
1783088426780025502,7.757
1783088426785024820,7.752
1783088426790024928,7.757
1783088426795026600,7.755
1783088426800025422,7.759
1783088426805031335,7.755
1783088426810027206,7.757
1783088426815023168,7.750
1783088426820022590,7.758
1783088426825021929,7.759
1783088426830022638,7.756
1783088426835022240,7.751
1783088426840023430,7.756
1783088426845022861,7.758
1783088426850028714,5.730
1783088426855029472,3.866
1783088426860027194,3.877
1783088426865026051,3.876
1783088426870025370,3.876
1783088426875025424,3.875
1783088426880024106,3.868
1783088426885026996,3.875
1783088426890025578,3.876
1783088426895026368,3.875
1783088426900030664,3.872
1783088426905031242,3.877
1783088426910024722,3.872
1783088426915024220,3.877
1783088426920025210,3.875
1783088426925025468,3.875
1783088426930027145,3.874
1783088426935028510,3.876
1783088426940028228,3.865
1783088426945026476,3.877
1783088426950032894,5.750
1783088426955031935,7.752
1783088426960032409,7.757
1783088426965027612,7.758
1783088426970029650,7.751
1783088426975027204,7.765
1783088426980028630,7.755
1783088426985026505,7.754
1783088426990025802,7.759
1783088426995028628,7.753
1783088427000030658,7.754
1783088427005031156,7.757
1783088427010031709,7.757
1783088427015027266,7.758
1783088427020031858,7.757
1783088427025027456,7.757
1783088427030027619,7.750
1783088427035027157,7.758
1783088427040027170,7.758
1783088427045032308,7.750
1783088427050034346,6.096
1783088427055034868,3.875
1783088427060033269,3.880
1783088427065030091,3.867
1783088427070029735,3.876
1783088427075031214,3.874
1783088427080029981,3.876
1783088427085029448,3.876
1783088427090028126,3.876
1783088427095029912,3.876
1783088427100028269,3.866
1783088427105034891,3.872
1783088427110031029,3.878
1783088427115030585,3.876
1783088427120029062,3.877
1783088427125029636,3.875
1783088427130030105,3.868
1783088427135032950,3.873
1783088427140031730,3.876
1783088427145030631,3.876
1783088427150034937,5.318
1783088427155039051,7.758
1783088427160035594,7.756
1783088427165033078,7.755
1783088427170031536,7.760
1783088427175032352,7.756
1783088427180035181,7.753
1783088427185030519,7.758
1783088427190031649,7.756
1783088427195032986,7.755
1783088427200031737,7.760
1783088427205036236,7.751
1783088427210034124,7.761
1783088427215032478,7.753
1783088427220034554,7.761
1783088427225032112,7.754
1783088427230032041,7.758
1783088427235030903,7.752
1783088427240035486,7.750
1783088427245034247,7.759
1783088427250034451,6.583
1783088427255038967,3.872
1783088427260036087,3.878
1783088427265035147,3.866
1783088427270033585,3.877
1783088427275035228,3.874
1783088427280037129,3.874
1783088427285034909,3.877
1783088427290035541,3.875
1783088427295036084,3.875
1783088427300043625,3.869
1783088427305036361,3.881
1783088427310035274,3.876
1783088427315034019,3.866
1783088427320036977,3.875
1783088427325150506,3.882
1783088427330040897,3.867
1783088427335037695,3.878
1783088427340041769,3.874
1783088427345036335,3.869
1783088427350040771,4.877
1783088427355041607,7.749
1783088427360043989,7.761
1783088427365039591,7.757
1783088427370038345,7.753
1783088427375036033,7.756
1783088427380040751,7.755
1783088427385040249,7.758
1783088427390037617,7.755
1783088427395038339,7.756
1783088427400041403,7.753
1783088427405042363,7.756
1783088427410038961,7.756
1783088427415036137,7.762
1783088427420041090,7.750
1783088427425035803,7.759
1783088427430037037,7.756
1783088427435036663,7.758
1783088427440038221,7.755
1783088427445043703,7.756
1783088427450040801,6.996
1783088427455042961,3.874
1783088427460044719,3.874
1783088427465040470,3.868
1783088427470039149,3.878
1783088427475038383,3.876
1783088427480041469,3.873
1783088427485038815,3.867
1783088427490037204,3.878
1783088427495039579,3.875
1783088427500037036,3.877
1783088427505043875,3.870
1783088427510044199,3.877
1783088427515040675,3.868
1783088427520037997,3.881
1783088427525040003,3.874
1783088427530040193,3.875
1783088427535038923,3.866
1783088427540037872,3.876
1783088427545039158,3.874
1783088427550043821,4.477
1783088427555045295,7.755
1783088427560048545,7.759
1783088427565044245,7.757
1783088427570040928,7.756
1783088427575040222,7.759
1783088427580039765,7.751
1783088427585040438,7.757
1783088427590039747,7.759
1783088427595041971,7.754
1783088427600044536,7.754
1783088427605045199,7.757
1783088427610042488,7.755
1783088427615042306,7.758
1783088427620041415,7.759
1783088427625040887,7.751
1783088427630044097,7.760
1783088427635043409,7.759
1783088427640041372,7.754
1783088427645046265,7.757
1783088427650046745,7.324
1783088427655047110,3.875
1783088427660052424,3.873
1783088427665047551,3.869
1783088427670043213,3.879
1783088427675042613,3.876
1783088427680047313,3.873
1783088427685045729,3.878
1783088427690042341,3.868
1783088427695044259,3.874
1783088427700047697,3.873
1783088427705047840,3.875
1783088427710044792,3.878
1783088427715043498,3.878
1783088427720042953,3.867
1783088427725043322,3.875
1783088427730045916,3.873
1783088427735043909,3.879
1783088427740043792,3.875
1783088427745045230,3.867
1783088427750048362,4.062
1783088427755050315,7.755
1783088427760049308,7.752
1783088427765051440,7.754
1783088427770047713,7.758
1783088427775045702,7.759
1783088427780044980,7.759
1783088427785045198,7.750
1783088427790045034,7.758
1783088427795047689,7.753
1783088427800046176,7.760
1783088427805050442,7.751
1783088427810047372,7.762
1783088427815045775,7.753
1783088427820045569,7.758
1783088427825046367,7.756
1783088427830047824,7.755
1783088427835046256,7.760
1783088427840045527,7.752
1783088427845044839,7.759
1783088427850051228,7.703
1783088427855053915,3.866
1783088427860051053,3.878
1783088427865053262,3.874
1783088427870048869,3.880
1783088427875049462,3.866
1783088427880048078,3.876
1783088427885050903,3.875
1783088427890049800,3.876
1783088427895051474,3.874
1783088427900048257,3.880
1783088427905053214,3.873
1783088427910050298,3.867
1783088427915049742,3.876
1783088427920050084,3.875
1783088427925049258,3.876
1783088427930049672,3.877
1783088427935048678,3.878
1783088427940049561,3.866
1783088427945047624,3.877
1783088427950056296,3.869
1783088427955057860,7.610
1783088427960052212,7.752
1783088427965055465,7.759
1783088427970052512,7.755
1783088427975051316,7.759
1783088427980048940,7.754
1783088427985049728,7.756
1783088427990050456,7.756
1783088427995051222,7.756
1783088428000049240,7.754
1783088428005053933,7.757
1783088428010053151,7.759
1783088428015051446,7.753
1783088428020051088,7.758
1783088428025051342,7.750
1783088428030051152,7.758
1783088428035049234,7.761
1783088428040050636,7.755
1783088428045050166,7.751
1783088428050056422,7.755
1783088428055058318,4.251
1783088428060053892,3.879
1783088428065058354,3.874
1783088428070053247,3.879
1783088428075053405,3.868
1783088428080050743,3.879
1783088428085053861,3.875
1783088428090053120,3.866
1783088428095054078,3.876
1783088428100052342,3.878
1783088428105057474,3.871
1783088428110054327,3.878
1783088428115052996,3.876
1783088428120052508,3.869
1783088428125052812,3.875
1783088428130053168,3.877
1783088428135054677,3.874
1783088428140054832,3.877
1783088428145052593,3.877
1783088428150060907,3.869
1783088428155062818,7.192
1783088428160054971,7.756
1783088428165059905,7.757
1783088428170056363,7.756
1783088428175056806,7.757
1783088428180057183,7.757
1783088428185053848,7.756
1783088428190057555,7.759
1783088428195057733,7.750
1783088428200059269,7.755
1783088428205062989,7.759
1783088428210064375,7.755
1783088428215060121,7.757
1783088428220059714,7.758
1783088428225063433,7.752
1783088428230058097,7.759
1783088428235055753,7.754
1783088428240056735,7.756
1783088428245054637,7.761
1783088428250057731,7.753
1783088428255056709,4.701
1783088428260054960,3.873
1783088428265058641,3.874
1783088428270058639,3.877
1783088428275057789,3.876
1783088428280056828,3.878
1783088428285059166,3.863
1783088428290059945,3.875
1783088428295058405,3.877
1783088428300120930,3.879
1783088428305072005,3.872
1783088428310059657,3.876
1783088428315057754,3.868
1783088428320057883,3.877
1783088428325056979,3.876
1783088428330057664,3.875
1783088428335057389,3.876
1783088428340058171,3.866
1783088428345057203,3.876
1783088428350062249,3.873
1783088428355065369,6.766
1783088428360062547,7.755
1783088428365067895,7.756
1783088428370064583,7.749
1783088428375059165,7.762
1783088428380060129,7.760
1783088428385072785,7.745
1783088428390060487,7.763
1783088428395059569,7.759
1783088428400059955,7.757
1783088428405064789,7.750
1783088428410061419,7.756
1783088428415061405,7.758
1783088428420059087,7.761
1783088428425059504,7.757
1783088428430059591,7.751
1783088428435059175,7.758
1783088428440059205,7.758
1783088428445062997,7.752
1783088428450066199,7.760
1783088428455069108,5.036
1783088428460063975,3.869
1783088428465067009,3.875
1783088428470061806,3.879
1783088428475062764,3.875
1783088428480061878,3.876
1783088428485062481,3.875
1783088428490062338,3.867
1783088428495062071,3.876
1783088428500068615,3.881
1783088428505071148,3.866
1783088428510070602,3.876
1783088428515066804,3.878
1783088428520066326,3.876
1783088428525065800,3.876
1783088428530072147,3.870
1783088428535064756,3.881
1783088428540066185,3.874
1783088428545064416,3.866
1783088428550064430,3.875
1783088428555074268,6.391
1783088428560068115,7.755
1783088428565071649,7.757
1783088428570068966,7.755
1783088428575066473,7.755
1783088428580068249,7.762
1783088428585067969,7.751
1783088428590066839,7.759
1783088428595065756,7.752
1783088428600068407,7.760
1783088428605071657,7.753
1783088428610068698,7.755
1783088428615066389,7.761
1783088428620067198,7.756
1783088428625064960,7.754
1783088428630066131,7.756
1783088428635068180,7.754
1783088428640065890,7.754
1783088428645071820,7.755
1783088428650068590,7.756
1783088428655072766,5.419
1783088428660067484,3.879
1783088428665073977,3.870
1783088428670066138,3.871
1783088428675072100,3.872
1783088428680065042,3.881
1783088428685068936,3.872
1783088428690068624,3.876
1783088428695066805,3.877
1783088428700067766,3.875
1783088428705075638,3.869
1783088428710068034,3.873
1783088428715067413,3.876
1783088428720067580,3.875
1783088428725070360,3.873
1783088428730067558,3.877
1783088428735067476,3.867
1783088428740066283,3.878
1783088428745073816,3.869
1783088428750068215,3.880
1783088428755075424,6.007
1783088428760074986,7.751
1783088428765073984,7.759
1783088428770070538,7.756
1783088428775071305,7.756
1783088428780068758,7.755
1783088428785068876,7.757
1783088428790069654,7.756
1783088428795068880,7.759
1783088428800070070,7.756
1783088428805076912,7.754
1783088428810069410,7.755
1783088428815069693,7.757
1783088428820070167,7.757
1783088428825071212,7.749
1783088428830071050,7.758
1783088428835071046,7.758
1783088428840070234,7.759
1783088428845072210,7.755
1783088428850069506,7.755
1783088428855078864,5.783
1783088428860073176,3.880
1783088428865078356,3.871
1783088428870072240,3.870
1783088428875071484,3.878
1783088428880070668,3.878
1783088428885077316,3.872
1783088428890073122,3.868
1783088428895070876,3.877
1783088428900072658,3.874
1783088428905080226,3.880
1783088428910073310,3.870
1783088428915071447,3.877
1783088428920071026,3.876
1783088428925073599,3.873
1783088428930072728,3.878
1783088428935071504,3.868
1783088428940070972,3.876
1783088428945074256,3.873
1783088428950072180,3.877
1783088428955081638,5.672
1783088428960073498,7.756
1783088428965078767,7.756
1783088428970074065,7.758
1783088428975072930,7.752
1783088428980072811,7.758
1783088428985075426,7.759
1783088428990074579,7.754
1783088428995072584,7.761
1783088429000074278,7.751
1783088429005082320,7.755
1783088429010078024,7.757
1783088429015073707,7.757
1783088429020074101,7.750
1783088429025077370,7.759
1783088429030073802,7.756
1783088429035072959,7.759
1783088429040074144,7.756
1783088429045072975,7.752
1783088429050074309,7.755
1783088429055082656,6.189
1783088429060078265,3.880
1783088429065084199,3.871
1783088429070077181,3.870
1783088429075081690,3.882
1783088429080075821,3.869
1783088429085079368,3.874
1783088429090075513,3.870
1783088429095074867,3.876
1783088429100076049,3.874
1783088429105084145,3.869
1783088429110077661,3.880
1783088429115076741,3.878
1783088429120075041,3.866
1783088429125079429,3.882
1783088429130076226,3.867
1783088429135077651,3.874
1783088429140076182,3.876
1783088429145079507,3.873
1783088429150076321,3.878
1783088429155083867,5.166
1783088429160079395,7.758
1783088429165086588,7.753
1783088429170078618,7.756
1783088429175077823,7.759
1783088429180077626,7.751
1783088429185080531,7.760
1783088429190081000,7.757
1783088429195077919,7.755
1783088429200078089,7.757
1783088429205081537,7.752
1783088429210079135,7.754
1783088429215079215,7.757
1783088429220077931,7.760
1783088429225078729,7.749
1783088429230078237,7.758
1783088429235081739,7.759
1783088429240080836,7.752
1783088429245082129,7.762
1783088429250076789,7.752
1783088429255084090,6.681
1783088429260079961,3.879
1783088429265083843,3.872
1783088429270084397,3.875
1783088429275085967,3.874
1783088429280079101,3.881
1783088429285083325,3.872
1783088429290087283,3.874
1783088429295081421,3.869
1783088429300374888,3.876
1783088429305131098,3.877
1783088429310083142,3.874
1783088429315081719,3.868
1783088429320080241,3.876
1783088429325084395,3.872
1783088429330081729,3.877
1783088429335080183,3.877
1783088429340079809,3.867
1783088429345083626,3.874
1783088429350080401,3.878
1783088429355086886,4.726
1783088429360082873,7.757
1783088429365087406,7.751
1783088429370084631,7.762
1783088429375084314,7.751
1783088429380081809,7.761
1783088429385088427,7.747
1783088429390085403,7.762
1783088429395082423,7.755
1783088429400085824,7.759
1783088429405089250,7.752
1783088429410084357,7.758
1783088429415082891,7.753
1783088429420082529,7.758
1783088429425085082,7.754
1783088429430083096,7.761
1783088429435081865,7.753
1783088429440082477,7.757
1783088429445085086,7.760
1783088429450082053,7.755
1783088429455089882,7.075
1783088429460085064,3.879
1783088429465091240,3.871
1783088429470087372,3.880
1783088429475086018,3.866
1783088429480084168,3.878
1783088429485085125,3.875
1783088429490085421,3.875
1783088429495086462,3.876
1783088429500086518,3.865
1783088429505091222,3.882
1783088429510089764,3.866
1783088429515086266,3.878
1783088429520084751,3.876
1783088429525088630,3.872
1783088429530084644,3.878
1783088429535086394,3.869
1783088429540085544,3.874
1783088429545088226,3.875
1783088429550085850,3.879
1783088429555091002,4.373
1783088429560090028,7.752
1783088429565095474,7.756
1783088429570089798,7.759
1783088429575087948,7.754
1783088429580087066,7.759
1783088429585088914,7.755
1783088429590086692,7.754
1783088429595087194,7.757
1783088429600088008,7.756
1783088429605095034,7.761
1783088429610089034,7.753
1783088429615087467,7.760
1783088429620086468,7.752
1783088429625091006,7.757
1783088429630087652,7.756
1783088429635088966,7.756
1783088429640088742,7.758
1783088429645097029,7.752
1783088429650089412,7.756
1783088429655094298,7.490
1783088429660091060,3.878
1783088429665093621,3.873
1783088429670093312,3.876
1783088429675091768,3.868
1783088429680088712,3.878
1783088429685088144,3.877
1783088429690089480,3.874
1783088429695088360,3.876
1783088429700091104,3.873
1783088429705099790,3.869
1783088429710091968,3.873
1783088429715089985,3.879
1783088429720088572,3.876
1783088429725092881,3.872
1783088429730090306,3.877
1783088429735088637,3.866
1783088429740088890,3.875
1783088429745089889,3.875
1783088429750089916,3.877
1783088429755095941,3.884
1783088429760095748,7.758
1783088429765091017,7.758
1783088429770095944,7.752
1783088429775093797,7.759
1783088429780091500,7.754
1783088429785091529,7.758
1783088429790092411,7.756
1783088429795090882,7.760
1783088429800093307,7.754
1783088429805097358,7.751
1783088429810095323,7.761
1783088429815092993,7.754
1783088429820093495,7.757
1783088429825092037,7.755
1783088429830092119,7.756
1783088429835091913,7.758
1783088429840092367,7.757
1783088429845092305,7.754
1783088429850092643,7.754
1783088429855099505,7.761
1783088429860096623,3.983
1783088429865094565,3.877
1783088429870097868,3.873
1783088429875095473,3.877
1783088429880092871,3.872
1783088429885097613,3.872
1783088429890094980,3.877
1783088429895093425,3.866
1783088429900094691,3.874
1783088429905100414,3.881
1783088429910095763,3.869
1783088429915095246,3.876
1783088429920093699,3.877
1783088429925094041,3.875
1783088429930095300,3.874
1783088429935094731,3.876
1783088429940093887,3.867
1783088429945093389,3.877
1783088429950095817,3.873
1783088429955099585,3.872
1783088429960099219,7.439
1783088429965096525,7.755
1783088429970101411,7.757
1783088429975097635,7.757
1783088429980098678,7.756
1783088429985095813,7.755
1783088429990096067,7.757
1783088429995095749,7.751
1783088430000097199,7.762
1783088430005100568,7.752
1783088430010104259,7.759
1783088430015097619,7.754
1783088430020097395,7.758
1783088430025096481,7.752
1783088430030097665,7.756
1783088430035096797,7.759
1783088430040097030,7.757
1783088430045097469,7.757
1783088430050096790,7.752
1783088430055104281,7.753
1783088430060101955,4.430
1783088430065099093,3.878
1783088430070103778,3.872
1783088430075100133,3.878
1783088430080098018,3.879
1783088430085098082,3.865
1783088430090097855,3.875
1783088430095097604,3.876
1783088430100100602,3.873
1783088430105104382,3.872
1783088430110100422,3.878
1783088430115098473,3.877
1783088430120098616,3.875
1783088430125098116,3.867
1783088430130098845,3.875
1783088430135101997,3.873
1783088430140100830,3.876
1783088430145099806,3.876
1783088430150099695,3.875
1783088430155104837,3.873
1783088430160110154,6.971
1783088430165102193,7.770
1783088430170107006,7.750
1783088430175103725,7.763
1783088430180100188,7.756
1783088430185101983,7.755
1783088430190105934,7.758
1783088430195099500,7.754
1783088430200101257,7.755
1783088430205106820,7.756
1783088430210101802,7.758
1783088430215102332,7.757
1783088430220101628,7.752
1783088430225102324,7.756
1783088430230102624,7.757
1783088430235100864,7.760
1783088430240101280,7.750
1783088430245106651,7.763
1783088430250104166,7.748
1783088430255107944,7.759
1783088430260111666,4.862
1783088430265102269,3.872
1783088430270105150,3.875
1783088430275105268,3.877
1783088430280102942,3.877
1783088430285104482,3.874
1783088430290103538,3.876
1783088430295106580,3.873
1783088430300104584,3.879
1783088430305124632,3.870
1783088430310103961,3.871
1783088430315106163,3.874
1783088430320103706,3.877
1783088430325103112,3.876
1783088430330102794,3.876
1783088430335101475,3.876
1783088430340102953,3.874
1783088430345103138,3.865
1783088430350107418,3.882
1783088430355108676,3.864
1783088430360109014,6.531
1783088430365105623,7.756
1783088430370113897,7.752
1783088430375105788,7.756
1783088430380105537,7.758
1783088430385107892,7.754
1783088430390109258,7.755
1783088430395103571,7.759
1783088430400105341,7.755
1783088430405108528,7.756
1783088430410114132,7.752
1783088430415108239,7.760
1783088430420110402,7.754
1783088430425105660,7.758
1783088430430109969,7.758
1783088430435104102,7.753
1783088430440105309,7.756
1783088430445106365,7.756
1783088430450107622,7.763
1783088430455110713,7.753
1783088430460111386,5.312
1783088430465108828,3.869
1783088430470113761,3.884
1783088430475108440,3.869
1783088430480107977,3.876
1783088430485107782,3.875
1783088430490110298,3.873
1783088430495107156,3.878
1783088430500110025,3.864
1783088430505112368,3.884
1783088430510114769,3.873
1783088430515108890,3.869
1783088430520107549,3.876
1783088430525107511,3.875
1783088430530111241,3.872
1783088430535108721,3.877
1783088430540107669,3.866
1783088430545108137,3.875
1783088430550109805,3.874
1783088430555111848,3.874
1783088430560114677,6.116
1783088430565109309,7.759
1783088430570116805,7.753
1783088430575112091,7.758
1783088430580110253,7.760
1783088430585109811,7.751
1783088430590113425,7.759
1783088430595108575,7.758
1783088430600110281,7.755
1783088430605114619,7.751
1783088430610115057,7.757
1783088430615110349,7.758
1783088430620109537,7.759
1783088430625111228,7.755
1783088430630113445,7.754
1783088430635113275,7.758
1783088430640111299,7.754
1783088430645116239,7.757
1783088430650115289,7.759
1783088430655115699,7.750
1783088430660116364,5.720
1783088430665112179,3.870
1783088430670120320,3.871
1783088430675112565,3.881
1783088430680112523,3.875
1783088430685110443,3.867
1783088430690113793,3.883
1783088430695110705,3.867
1783088430700113497,3.873
1783088430705124351,3.879
1783088430710116031,3.871
1783088430715112122,3.878
1783088430720111109,3.866
1783088430725112111,3.876
1783088430730115456,3.873
1783088430735110810,3.882
1783088430740111348,3.866
1783088430745112211,3.875
1783088430750114764,3.873
1783088430755116080,3.874
1783088430760121720,5.694
1783088430765115029,7.759
1783088430770118108,7.755
1783088430775114245,7.757
1783088430780113741,7.758
1783088430785187173,7.755
1783088430790122600,7.754
1783088430795112900,7.759
1783088430800115749,7.753
1783088430805120142,7.758
1783088430810116058,7.757
1783088430815114703,7.753
1783088430820114154,7.758
1783088430825116874,7.753
1783088430830116622,7.758
1783088430835114282,7.761
1783088430840114486,7.750
1783088430845113510,7.759
1783088430850114064,7.757
1783088430855119430,7.749
1783088430860118940,6.169
1783088430865117167,3.866
1783088430870119808,3.873
1783088430875118206,3.877
1783088430880116168,3.877
1783088430885120462,3.872
1783088430890119271,3.876
1783088430895117116,3.877
1783088430900116662,3.876
1783088430905123362,3.870
1783088430910118265,3.872
1783088430915116518,3.877
1783088430920116820,3.875
1783088430925115584,3.876
1783088430930117152,3.874
1783088430935116642,3.876
1783088430940116516,3.865
1783088430945116785,3.875
1783088430950117554,3.875
1783088430955119514,3.874
1783088430960121460,5.328
1783088430965118928,7.755
1783088430970124699,7.762
1783088430975121122,7.756
1783088430980117635,7.756
1783088430985117320,7.751
1783088430990118507,7.756
1783088430995116762,7.760
1783088431000121061,7.751
1783088431005123718,7.760
1783088431010123059,7.752
1783088431015119494,7.763
1783088431020118420,7.752
1783088431025130858,7.759
1783088431030121422,7.751
1783088431035117578,7.757
1783088431040118547,7.756
1783088431045117836,7.759
1783088431050122036,7.751
1783088431055123621,7.755
1783088431060124008,6.503
1783088431065121606,3.877
1783088431070128195,3.870
1783088431075144945,3.873
1783088431080121700,3.873
1783088431085120489,3.878
1783088431090122339,3.874
1783088431095121245,3.876
1783088431100122514,3.874
1783088431105130012,3.870
1783088431110126669,3.880
1783088431115121006,3.869
1783088431120120635,3.876
1783088431125120005,3.876
1783088431130127819,3.871
1783088431135124969,3.878
1783088431140122872,3.870
1783088431145121794,3.874
1783088431150124743,3.873
1783088431155125129,3.875
1783088431160126557,4.939
1783088431165123301,7.761
1783088431170129313,7.753
1783088431175124117,7.754
1783088431180128109,7.758
1783088431185123041,7.757
1783088431190126855,7.753
1783088431195122849,7.757
1783088431200123168,7.757
1783088431205128459,7.756
1783088431210129142,7.757
1783088431215122425,7.754
1783088431220121939,7.758
1783088431225123409,7.755
1783088431230126063,7.753
1783088431235124765,7.760
1783088431240123187,7.753
1783088431245123777,7.757
1783088431250125179,7.755
1783088431255123884,7.760
1783088431260125162,6.900
1783088431265124301,3.876
1783088431270132605,3.869
1783088431275126261,3.880
1783088431280125995,3.876
1783088431285126399,3.877
1783088431290126810,3.865
1783088431295128744,3.876
1783088431300129402,3.875
1783088431305127029,3.877
1783088431310133389,3.870
1783088431315126167,3.881
1783088431320126471,3.875
1783088431325124616,3.877
1783088431330126167,3.864
1783088431335125041,3.878
1783088431340126630,3.874
1783088431345125357,3.876
1783088431350125662,3.877
1783088431355128529,3.873
1783088431360130789,4.556
1783088431365128669,7.756
1783088431370134538,7.761
1783088431375131470,7.754
1783088431380129000,7.756
1783088431385130753,7.755
1783088431390132456,7.755
1783088431395134014,7.755
1783088431400128758,7.759
1783088431405132340,7.752
1783088431410132668,7.757
1783088431415127928,7.758
1783088431420126850,7.759
1783088431425127836,7.756
1783088431430130670,7.753
1783088431435129873,7.752
1783088431440134542,7.757
1783088431445130414,7.757
1783088431450132854,7.761
1783088431455132340,7.751
1783088431460134030,7.198
1783088431465130548,3.878
1783088431470134814,3.874
1783088431475133895,3.866
1783088431480132420,3.878
1783088431485129873,3.877
1783088431490129104,3.876
1783088431495129288,3.875
1783088431500131702,3.873
1783088431505136884,3.871
1783088431510136437,3.876
1783088431515131928,3.879
1783088431520130110,3.866
1783088431525130140,3.875
1783088431530132313,3.874
1783088431535130231,3.877
1783088431540130022,3.875
1783088431545131774,3.874
1783088431550129994,3.877
1783088431555134263,3.872
1783088431560135326,4.252
1783088431565134004,7.753
1783088431570139153,7.757
1783088431575137195,7.761
1783088431580133062,7.757
1783088431585132171,7.752
1783088431590132950,7.756
1783088431595131363,7.758
1783088431600134234,7.755
1783088431605136319,7.754
1783088431610134977,7.756
1783088431615133651,7.756
1783088431620132966,7.759
1783088431625132111,7.752
1783088431630133969,7.756
1783088431635134832,7.754
1783088431640135090,7.757
1783088431645139975,7.757
1783088431650134611,7.759
1783088431655138070,7.752
1783088431660136988,7.572
1783088431665135466,3.866
1783088431670136849,3.874
1783088431675139399,3.873
1783088431680136281,3.878
1783088431685134703,3.877
1783088431690134814,3.875
1783088431695133455,3.876
1783088431700136973,3.874
1783088431705141349,3.872
1783088431710137326,3.872
1783088431715134807,3.879
1783088431720134623,3.865
1783088431725133479,3.876
1783088431730136494,3.875
1783088431735136059,3.876
1783088431740135290,3.876
1783088431745135479,3.875
1783088431750137173,3.874
1783088431755143542,3.872
1783088431760140377,3.869
1783088431765138285,7.733
1783088431770136177,7.754
1783088431775142603,7.755
1783088431780137568,7.758
1783088431785137330,7.751
1783088431790143263,7.755
1783088431795137213,7.760
1783088431800138664,7.755
1783088431805142662,7.758
1783088431810139787,7.755
1783088431815138567,7.759
1783088431820138757,7.750
1783088431825137129,7.760
1783088431830137969,7.756
1783088431835136077,7.754
1783088431840135908,7.758
1783088431845138078,7.754
1783088431850141284,7.753
1783088431855141972,7.763
1783088431860143416,7.755
1783088431865142726,4.023
1783088431870140223,3.877
1783088431875144215,3.874
1783088431880140333,3.878
1783088431885145337,3.871
1783088431890139260,3.870
1783088431895139771,3.875
1783088431900139673,3.875
1783088431905144147,3.874
1783088431910142032,3.877
1783088431915142323,3.875
1783088431920140237,3.867
1783088431925139575,3.876
1783088431930139478,3.875
1783088431935145371,3.871
1783088431940127227,3.879
1783088431945124725,3.877
1783088431950127708,3.873
1783088431955131255,3.873
1783088431960136231,3.873
1783088431965136331,7.418
1783088431970139187,7.753
1783088431975143879,7.750
1783088431980144440,7.757
1783088431985141334,7.755
1783088431990144708,7.759
1783088431995141966,7.755
1783088432000144090,7.754
1783088432005145638,7.762
1783088432010146896,7.756
1783088432015144138,7.755
1783088432020143762,7.758
1783088432025143442,7.751
1783088432030146131,7.760
1783088432035142202,7.752
1783088432040142328,7.756
1783088432045143072,7.756
1783088432050144320,7.756
1783088432055145150,7.756
1783088432060146980,7.755
1783088432065147483,4.412
1783088432070145055,3.879
1783088432075149378,3.872
1783088432080146440,3.878
1783088432085145587,3.867
1783088432090143284,3.877
1783088432095142925,3.876
1783088432100145136,3.875
1783088432105150366,3.871
1783088432110147454,3.879
1783088432115145870,3.866
1783088432120144131,3.877
1783088432125143558,3.877
1783088432130145252,3.867
1783088432135147745,3.873
1783088432140149343,3.884
1783088432145144845,3.872
1783088432150145383,3.875
1783088432155150849,3.871
1783088432160149408,3.876
1783088432165153502,7.083
1783088432170147256,7.760
1783088432175150793,7.752
1783088432180147247,7.756
1783088432185146589,7.759
1783088432190146927,7.757
1783088432195147674,7.749
1783088432200146807,7.759
1783088432205154562,7.759
1783088432210148700,7.753
1783088432215146882,7.759
1783088432220145715,7.754
1783088432225148901,7.758
1783088432230149231,7.757
1783088432235146357,7.750
1783088432240145039,7.760
1783088432245150429,7.749
1783088432250152243,7.762
1783088432255148993,7.756
1783088432260154415,7.756
1783088432265146533,4.769
1783088432270148269,3.884
1783088432275156777,3.870
1783088432280152143,3.870
1783088432285148355,3.878
1783088432290149827,3.874
1783088432295152625,3.875
1783088432300150863,3.866
1783088432305154189,3.883
1783088432310149387,3.869
1783088432315149605,3.875
1783088432320149735,3.875
1783088432325152509,3.873
1783088432330240123,3.880
1783088432335150517,3.872
1783088432340149935,3.867
1783088432345148784,3.876
1783088432350150063,3.876
1783088432355154961,3.873
1783088432360152685,3.877
1783088432365154025,6.672
1783088432370151603,7.754
1783088432375155372,7.759
1783088432380152304,7.755
1783088432385153880,7.755
1783088432390152981,7.752
1783088432395152425,7.758
1783088432400154151,7.755
1783088432405155612,7.755
1783088432410159205,7.759
1783088432415153385,7.753
1783088432420152894,7.758
1783088432425151297,7.760
1783088432430154746,7.752
1783088432435151808,7.755
1783088432440151695,7.758
1783088432445151220,7.758
1783088432450172588,7.752
1783088432455155928,7.756
1783088432460160479,7.751
1783088432465158612,5.186
1783088432470159580,3.876
1783088432475159518,3.867
1783088432480155438,3.878
1783088432485155040,3.877
1783088432490156346,3.874
1783088432495157880,3.865
1783088432500151838,3.880
1783088432505160494,3.869
1783088432510161717,3.878
1783088432515154297,3.871
1783088432520154242,3.875
1783088432525153908,3.876
1783088432530156610,3.875
1783088432535153120,3.878
1783088432540154306,3.874
1783088432545153672,3.867
1783088432550157028,3.873
1783088432555157792,3.876
1783088432560154486,3.878
1783088432565158755,6.294
1783088432570158626,7.758
1783088432575159591,7.756
1783088432580156834,7.755
1783088432585155376,7.760
1783088432590154300,7.752
1783088432595154588,7.757
1783088432600153962,7.759
1783088432605161903,7.752
1783088432610161904,7.758
1783088432615155811,7.753
1783088432620155306,7.758
1783088432625155758,7.757
1783088432630155825,7.756
1783088432635159307,7.754
1783088432640156001,7.756
1783088432645162719,7.754
1783088432650157753,7.758
1783088432655162984,7.756
1783088432660157373,7.759
1783088432665161455,5.519
1783088432670161901,3.866
1783088432675162107,3.875
1783088432680159196,3.878
1783088432685162253,3.873
1783088432690160550,3.877
1783088432695157804,3.867
1783088432700157397,3.877
1783088432705163091,3.871
1783088432710162393,3.876
1783088432715158963,3.878
1783088432720157780,3.875
1783088432725157285,3.867
1783088432730162035,3.882
1783088432735158619,3.869
1783088432740156985,3.877
1783088432745156717,3.869
1783088432750161447,3.882
1783088432755161579,3.875
1783088432760162656,3.874
1783088432765163607,5.897
1783088432770160285,7.756
1783088432775163919,7.757
1783088432780161223,7.757
1783088432785160031,7.752
1783088432790176333,7.760
1783088432795182538,7.755
1783088432800173349,7.751
1783088432805179114,7.756
1783088432810179756,7.763
1783088432815176161,7.756
1783088432820183133,7.750
1783088432825179526,7.760
1783088432830185029,7.756
1783088432835177182,7.756
1783088432840181749,7.757
1783088432845163403,7.751
1783088432850164877,7.762
1783088432855165685,7.749
1783088432860163132,7.762
1783088432865167619,6.024
1783088432870166157,3.876
1783088432875175962,3.878
1783088432880166782,3.876
1783088432885166621,3.865
1783088432890167036,3.875
1783088432895163702,3.878
1783088432900161787,3.877
1783088432905169104,3.871
1783088432910167901,3.876
1783088432915163755,3.879
1783088432920163053,3.867
1783088432925165711,3.875
1783088432930166960,3.874
1783088432935162833,3.870
1783088432940163450,3.875
1783088432945166603,3.883
1783088432950166216,3.865
1783088432955166639,3.877
1783088432960165844,3.876
1783088432965168106,5.426
1783088432970167798,7.758
1783088432975170658,7.753
1783088432980187340,7.752
1783088432985182722,7.758
1783088432990168952,7.758
1783088432995184394,7.754
1783088433000167556,7.756
1783088433005182346,7.755
1783088433010190344,7.759
1783088433015183233,7.755
1783088433020185344,7.754
1783088433025190249,7.757
1783088433030183343,7.754
1783088433035185725,7.761
1783088433040184344,7.753
1783088433045174806,7.759
1783088433050174340,7.751
1783088433055171758,7.762
1783088433060185976,7.749
1783088433065184702,6.509
1783088433070170631,3.878
1783088433075172182,3.874
1783088433080170243,3.877
1783088433085167352,3.867
1783088433090170543,3.873
1783088433095168266,3.879
1783088433100166708,3.877
1783088433105174857,3.869
1783088433110171531,3.878
1783088433115166869,3.870
1783088433120167644,3.876
1783088433125166090,3.877
1783088433130167867,3.874
1783088433135170554,3.873
1783088433140169339,3.876
1783088433145168341,3.878
1783088433150167892,3.865
1783088433155170925,3.883
1783088433160168571,3.867
1783088433165172814,5.024
1783088433170171396,7.760
1783088433175173945,7.754
1783088433180170974,7.755
1783088433185170777,7.758
1783088433190190631,7.755
1783088433195192461,7.755
1783088433200174801,7.757
1783088433205193345,7.757
1783088433210195270,7.755
1783088433215191808,7.756
1783088433220185907,7.760
1783088433225186217,7.757
1783088433230174986,7.754
1783088433235187013,7.753
1783088433240194951,7.759
1783088433245172033,7.759
1783088433250169819,7.754
1783088433255169685,7.758
1783088433260186206,7.753
1783088433265184428,6.970
1783088433270172290,3.876
1783088433275195564,3.868
1783088433280201806,3.881
1783088433285176179,3.874
1783088433290181763,3.871
1783088433295175313,3.880
1783088433300187663,3.876
1783088433305177201,3.873
1783088433310304053,3.871
1783088433315180668,3.877
1783088433320180535,3.865
1783088433325198680,3.882
1783088433330177359,3.871
1783088433335183605,3.876
1783088433340182022,3.866
1783088433345180141,3.879
1783088433350199323,3.881
1783088433355193577,3.869
1783088433360198698,3.873
1783088433365199248,4.507
1783088433370184031,7.753
1783088433375183029,7.759
1783088433380197842,7.755
1783088433385187020,7.754
1783088433390179282,7.756
1783088433395175276,7.757
1783088433400174524,7.759
1783088433405192722,7.750
1783088433410195714,7.760
1783088433415194404,7.753
1783088433420182790,7.748
1783088433425174849,7.770
1783088433430175250,7.750
1783088433435174226,7.759
1783088433440174798,7.757
1783088433445175241,7.757
1783088433450176124,7.756
1783088433455178677,7.754
1783088433460177228,7.760
1783088433465179320,7.190
1783088433470178954,3.876
1783088433475185812,3.870
1783088433480181426,3.880
1783088433485179350,3.868
1783088433490180850,3.874
1783088433495177132,3.878
1783088433500175757,3.876
1783088433505182440,3.875
1783088433510182670,3.875
1783088433515180118,3.869
1783088433520176469,3.878
1783088433525176016,3.876
1783088433530177852,3.876
1783088433535179844,3.874
1783088433540194797,3.876
1783088433545190975,3.868
1783088433550183949,3.870
1783088433555205761,3.879
1783088433560200418,3.869
1783088433565199627,4.172
1783088433570203197,7.752
1783088433575201083,7.761
1783088433580188721,7.756
1783088433585207737,7.756
1783088433590186957,7.755
1783088433595188175,7.756
1783088433600189097,7.756
1783088433605184682,7.757
1783088433610203179,7.757
1783088433615197467,7.753
1783088433620201225,7.759
1783088433625204173,7.753
1783088433630188993,7.753
1783088433635189767,7.756
1783088433640188449,7.760
1783088433645203263,7.755
1783088433650197061,7.757
1783088433655192054,7.755
1783088433660191189,7.752
1783088433665188419,7.519
1783088433670201703,3.875
1783088433675190768,3.873
1783088433680212710,3.879
1783088433685194163,3.869
1783088433690190849,3.878
1783088433695186239,3.869
1783088433700205776,3.881
1783088433705192746,3.865
1783088433710192541,3.877
1783088433715189211,3.878
1783088433720198437,3.868
1783088433725181648,3.878
1783088433730202305,3.870
1783088433735196874,3.880
1783088433740206060,3.879
1783088433745188085,3.868
1783088433750188656,3.875
1783088433755184381,3.870
1783088433760209104,3.877
1783088433765206771,3.879
1783088433770204764,7.646
1783088433775189895,7.760
1783088433780193557,7.752
1783088433785189562,7.757
1783088433790208294,7.756
1783088433795186283,7.757
1783088433800202401,7.753
1783088433805186830,7.761
1783088433810206672,7.754
1783088433815189010,7.757
1783088433820184668,7.757
1783088433825184798,7.750
1783088433830184351,7.758
1783088433835186887,7.761
1783088433840184145,7.755
1783088433845182743,7.753
1783088433850182961,7.757
1783088433855207606,7.754
1783088433860194880,7.757
1783088433865193510,7.753
1783088433870193004,4.092
1783088433875210322,3.872
1783088433880192765,3.879
1783088433885189947,3.878
1783088433890187736,3.868
1783088433895187766,3.875
1783088433900184792,3.879
1783088433905191574,3.872
1783088433910190126,3.878
1783088433915186238,3.870
1783088433920185402,3.878
1783088433925184227,3.876
1783088433930192992,3.870
1783088433935190948,3.877
1783088433940185699,3.869
1783088433945185784,3.875
1783088433950184692,3.876
1783088433955189082,3.872
1783088433960189178,3.877
1783088433965191390,3.875
1783088433970191632,7.338
1783088433975190100,7.753
1783088433980193048,7.760
1783088433985189062,7.753
1783088433990188014,7.756
1783088433995189277,7.756
1783088434000187222,7.759
1783088434005216029,7.749
1783088434010220872,7.757
1783088434015194203,7.757
1783088434020211053,7.759
1783088434025205309,7.753
1783088434030201219,7.757
1783088434035212377,7.761
1783088434040207860,7.751
1783088434045206443,7.760
1783088434050202469,7.750
1783088434055201345,7.759
1783088434060195896,7.752
1783088434065195818,7.758
1783088434070207113,4.470
1783088434075207177,3.877
1783088434080209003,3.874
1783088434085215505,3.881
1783088434090215791,3.873
1783088434095199183,3.871
1783088434100210407,3.868
1783088434105194401,3.879
1783088434110207257,3.877
1783088434115199955,3.872
1783088434120198895,3.876
1783088434125195106,3.868
1783088434130192722,3.877
1783088434135218340,3.876
1783088434140193979,3.873
1783088434145197236,3.875
1783088434150199067,3.874
1783088434155195747,3.868
1783088434160193247,3.877
1783088434165206124,3.876
1783088434170215540,6.841
1783088434175219805,7.758
1783088434180198231,7.756
1783088434185197220,7.752
1783088434190207725,7.755
1783088434195211436,7.759
1783088434200213674,7.754
1783088434205215813,7.754
1783088434210200484,7.761
1783088434215196801,7.756
1783088434220192519,7.757
1783088434225192789,7.757
1783088434230197269,7.758
1783088434235192445,7.751
1783088434240192578,7.757
1783088434245192344,7.758
1783088434250192134,7.751
1783088434255222856,7.758
1783088434260197135,7.756
1783088434265196275,7.757
1783088434270195698,4.937
1783088434275195298,3.876
1783088434280198402,3.873
1783088434285194787,3.880
1783088434290197086,3.874
1783088434295196724,3.877
1783088434300194575,3.867
1783088434305571712,3.874
1783088434310206266,3.878
1783088434315195549,3.873
1783088434320194742,3.876
1783088434325194844,3.875
1783088434330195066,3.877
1783088434335213586,3.871
1783088434340210338,3.867
1783088434345215784,3.873
1783088434350208582,3.883
1783088434355215224,3.870
1783088434360213916,3.876
1783088434365216514,3.873
1783088434370219805,6.378
1783088434375214399,7.759
1783088434380220157,7.756
1783088434385225300,7.757
1783088434390205064,7.754
1783088434395208987,7.758
1783088434400222505,7.757
1783088434405206378,7.755
1783088434410218765,7.752
1783088434415203423,7.761
1783088434420198381,7.752
1783088434425197932,7.758
1783088434430197342,7.758
1783088434435199124,7.755
1783088434440198773,7.758
1783088434445198821,7.757
1783088434450197889,7.752
1783088434455205819,7.759
1783088434460199436,7.754
1783088434465198734,7.759
1783088434470202650,5.288
1783088434475202569,3.877
1783088434480205757,3.873
1783088434485200651,3.871
1783088434490199217,3.876
1783088434495199627,3.875
1783088434500199974,3.877
1783088434505206191,3.871
1783088434510209109,3.873
1783088434515205003,3.880
1783088434520203338,3.866
1783088434525199191,3.882
1783088434530199881,3.877
1783088434535205899,3.872
1783088434540217963,3.866
1783088434545224503,3.882
1783088434550202899,3.873
1783088434555223879,3.869
1783088434560225641,3.874
1783088434565216187,3.874
1783088434570217913,6.107
1783088434575218403,7.757
1783088434580205781,7.756
1783088434585221405,7.754
1783088434590225357,7.758
1783088434595205174,7.754
1783088434600218908,7.757
1783088434605209117,7.752
1783088434610222664,7.757
1783088434615220011,7.755
1783088434620224820,7.757
1783088434625227654,7.760
1783088434630218785,7.757
1783088434635223499,7.750
1783088434640216710,7.761
1783088434645209994,7.754
1783088434650222278,7.759
1783088434655211026,7.751
1783088434660221644,7.758
1783088434665220731,7.759
1783088434670226008,5.739
1783088434675218090,3.871
1783088434680210186,3.871
1783088434685227719,3.883
1783088434690217764,3.874
1783088434695223986,3.874
1783088434700221908,3.867
1783088434705231089,3.880
1783088434710230183,3.876
1783088434715227765,3.869
1783088434720218339,3.874
1783088434725205883,3.876
1783088434730208326,3.875
1783088434735205059,3.867
1783088434740203340,3.877
1783088434745208926,3.873
1783088434750204824,3.879
1783088434755208909,3.872
1783088434760209140,3.875
1783088434765206994,3.874
1783088434770210104,5.723
1783088434775206602,7.756
1783088434780209744,7.753
1783088434785205873,7.757
1783088434790205136,7.759
1783088434795204169,7.759
1783088434800204171,7.751
1783088434805211925,7.752
1783088434810209456,7.761
1783088434815210399,7.756
1783088434820205810,7.758
1783088434825205662,7.751
1783088434830205808,7.757
1783088434835208858,7.760
1783088434840206382,7.754
1783088434845219645,7.751
1783088434850229652,7.763
1783088434855216059,7.751
1783088434860227079,7.761
1783088434865227132,7.751
1783088434870233594,6.150
1783088434875222009,3.874
1783088434880231295,3.879
1783088434885242051,3.867
1783088434890231827,3.875
1783088434895233657,3.876
1783088434900233946,3.875
1783088434905234617,3.877
1783088434910233902,3.878
1783088434915353562,3.866
1783088434920235434,3.873
1783088434925217329,3.879
1783088434930212631,3.869
1783088434935216397,3.883
1783088434940228363,3.868
1783088434945223352,3.881
1783088434950228886,3.871
1783088434955222565,3.870
1783088434960228353,3.873
1783088434965215564,3.875
1783088434970213657,5.263
1783088434975226033,7.759
1783088434980214455,7.755
1783088434985230076,7.754
1783088434990218778,7.754
1783088434995231604,7.758
1783088435000233124,7.755
1783088435005255176,7.758
1783088435010220160,7.755
1783088435015214111,7.755
1783088435020229803,7.754
1783088435025237276,7.760
1783088435030212363,7.755
1783088435035226336,7.757
1783088435040213855,7.756
1783088435045211408,7.761
1783088435050212450,7.749
1783088435055215549,7.760
1783088435060213431,7.754
1783088435065211171,7.761
1783088435070215003,6.464
1783088435075213868,3.866
1783088435080234738,3.880
1783088435085221024,3.876
1783088435090230142,3.868
1783088435095213166,3.878
1783088435100213411,3.875
1783088435105220368,3.872
1783088435110218334,3.872
1783088435115217700,3.872
1783088435120213662,3.880
1783088435125212732,3.866
1783088435130213494,3.876
1783088435135215664,3.874
1783088435140213790,3.879
1783088435145213312,3.876
1783088435150212942,3.876
1783088435155215920,3.873
1783088435160214430,3.876
1783088435165213948,3.865
1783088435170218561,4.886
1783088435175215316,7.756
1783088435180222530,7.753
1783088435185216884,7.759
1783088435190215425,7.753
1783088435195224272,7.751
1783088435200217218,7.767
1783088435205219883,7.755
1783088435210219812,7.751
1783088435215234191,7.756
1783088435220241235,7.759
1783088435225216873,7.756
1783088435230233853,7.759
1783088435235230163,7.749
1783088435240231313,7.763
1783088435245237945,7.754
1783088435250235145,7.755
1783088435255217967,7.750
1783088435260252385,7.766
1783088435265233371,7.752
1783088435270227197,6.956
1783088435275229475,3.874
1783088435280272241,3.875
1783088435285232883,3.875
1783088435290259406,3.877
1783088435295240730,3.869
1783088435300263764,3.878
1783088435305236019,3.867
1783088435310269412,3.872
1783088435315233889,3.882
1783088435320229605,3.868
1783088435325224131,3.871
1783088435330240150,3.884
1783088435335244266,3.872
1783088435340237899,3.870
1783088435345234663,3.878
1783088435350220948,3.877
1783088435355225301,3.874
1783088435360242169,3.874
1783088435365239769,3.867
1783088435370241040,4.394
1783088435375223047,7.758
1783088435380228512,7.749
1783088435385228634,7.757
1783088435390224299,7.757
1783088435395223606,7.759
1783088435400221828,7.753
1783088435405227902,7.755
1783088435410224444,7.756
1783088435415218478,7.760
1783088435420219241,7.756
1783088435425220334,7.756
1783088435430220292,7.758
1783088435435219999,7.751
1783088435440219681,7.758
1783088435445219322,7.758
1783088435450219864,7.757
1783088435455223980,7.751
1783088435460221736,7.761
1783088435465221383,7.751
1783088435470223707,7.342
1783088435475222600,3.876
1783088435480231348,3.872
1783088435485225114,3.877
1783088435490222580,3.877
1783088435495221576,3.876
1783088435500221882,3.865
1783088435505230262,3.879
1783088435510227788,3.872
1783088435515224002,3.875
1783088435520224784,3.875
1783088435525222089,3.879
1783088435530223176,3.874
1783088435535223926,3.866
1783088435540229328,3.882
1783088435545223834,3.869
1783088435550222382,3.876
1783088435555226466,3.872
1783088435560228059,3.874
1783088435565224401,3.878
1783088435570228155,4.087
1783088435575226064,7.754
1783088435580227200,7.756
1783088435585228429,7.759
1783088435590225991,7.754
1783088435595224609,7.756
1783088435600246823,7.758
1783088435605250665,7.752
1783088435610228568,7.757
1783088435615227826,7.759
1783088435620227491,7.758
1783088435625225413,7.754
1783088435630228571,7.753
1783088435635230414,7.762
1783088435640229758,7.752
1783088435645230757,7.763
1783088435650227563,7.749
1783088435655230781,7.759
1783088435660226655,7.757
1783088435665241821,7.755
1783088435670234167,7.756
1783088435675227773,3.939
1783088435680227619,3.877
1783088435685230329,3.873
1783088435690226092,3.868
1783088435695227285,3.874
1783088435700229135,3.874
1783088435705233337,3.872
1783088435710229443,3.878
1783088435715227557,3.877
1783088435720230431,3.875
1783088435725227497,3.878
1783088435730228091,3.866
1783088435735226729,3.878
1783088435740229095,3.875
1783088435745226762,3.877
1783088435750226539,3.870
1783088435755231269,3.873
1783088435760238111,3.870
1783088435765233221,3.879
1783088435770233972,3.876
1783088435775237105,7.441
1783088435780236823,7.755
1783088435785234087,7.758
1783088435790232359,7.760
1783088435795229589,7.755
1783088435800235733,7.755
1783088435805235156,7.758
1783088435810234054,7.752
1783088435815230607,7.756
1783088435820234223,7.759
1783088435825229968,7.757
1783088435830229970,7.751
1783088435835228924,7.759
1783088435840231264,7.761
1783088435845229624,7.753
1783088435850229786,7.752
1783088435855232276,7.759
1783088435860233798,7.755
1783088435865230152,7.756
1783088435870234998,7.757
1783088435875239002,4.398
1783088435880243430,3.872
1783088435885237952,3.871
1783088435890233906,3.878
1783088435895233420,3.865
1783088435900267761,3.880
1783088435905237716,3.878
1783088435910233270,3.870
1783088435915232484,3.878
1783088435920232424,3.877
1783088435925231400,3.866
1783088435930234406,3.873
1783088435935232198,3.879
1783088435940230756,3.878
1783088435945234987,3.874
1783088435950232105,3.869
1783088435955236050,3.874
1783088435960237022,3.875
1783088435965232884,3.879
1783088435970236950,3.872
1783088435975237720,6.870
1783088435980236982,7.759
1783088435985238616,7.755
1783088435990233914,7.758
1783088435995234399,7.750
1783088436000233514,7.759
1783088436005239599,7.755
1783088436010237801,7.753
1783088436015234824,7.762
1783088436020233597,7.753
1783088436025232204,7.760
1783088436030234673,7.754
1783088436035233816,7.759
1783088436040240249,7.755
1783088436045246468,7.755
1783088436050253241,7.754
1783088436055253722,7.757
1783088436060252233,7.760
1783088436065236773,7.754
1783088436070267657,7.751
1783088436075243311,4.910
1783088436080258537,3.874
1783088436085257786,3.876
1783088436090250524,3.872
1783088436095238803,3.876
1783088436100255438,3.873
1783088436105264803,3.878
1783088436110255401,3.872
1783088436115243083,3.876
1783088436120238625,3.879
1783088436125236761,3.877
1783088436130250128,3.867
1783088436135240166,3.873
1783088436140243149,3.873
1783088436145237179,3.880
1783088436150237709,3.875
1783088436155239689,3.874
1783088436160241209,3.874
1783088436165237779,3.878
1783088436170241136,3.873
1783088436175241894,6.520
1783088436180245688,7.759
1783088436185238471,7.755
1783088436190736207,7.761
1783088436195238411,7.754
1783088436200243162,7.757
1783088436205243046,7.751
1783088436210243285,7.757
1783088436215238750,7.758
1783088436220240628,7.755
1783088436225238475,7.761
1783088436230239008,7.757
1783088436235239010,7.751
1783088436240257967,7.756
1783088436245239702,7.758
1783088436250238570,7.758
1783088436255240288,7.757
1783088436260243092,7.753
1783088436265241353,7.753
1783088436270239530,7.760
1783088436275242550,5.346
1783088436280246656,3.872
1783088436285243822,3.878
1783088436290241754,3.877
1783088436295241785,3.875
1783088436300245284,3.873
1783088436305381666,3.875
1783088436310239434,3.871
1783088436315241746,3.875
1783088436320240828,3.876
1783088436325239333,3.866
1783088436330241367,3.874
1783088436335243749,3.873
1783088436340254935,3.877
1783088436345244645,3.873
1783088436350243455,3.878
1783088436355269335,3.866
1783088436360246065,3.883
1783088436365260925,3.874
1783088436370259391,3.877
1783088436375263353,5.872
1783088436380268115,7.757
1783088436385264097,7.757
1783088436390274713,7.755
1783088436395249399,7.755
1783088436400269018,7.755
1783088436405264007,7.758
1783088436410266358,7.754
1783088436415264293,7.761
1783088436420245491,7.752
1783088436425244149,7.760
1783088436430245939,7.755
1783088436435242889,7.755
1783088436440242287,7.759
1783088436445244631,7.754
1783088436450242535,7.761
1783088436455248620,7.748
1783088436460246487,7.761
1783088436465897692,7.752
1783088436470348773,7.757
1783088436475250572,5.974
1783088436480443967,3.873
1783088436485247784,3.882
1783088436490250762,3.866
1783088436495246151,3.881
1783088436500243029,3.867
1783088436505251467,3.881
1783088436510250038,3.868
1783088436515248283,3.878
1783088436520245561,3.877
1783088436525247026,3.866
1783088436530246175,3.878
1783088436535245840,3.876
1783088436540246887,3.875
1783088436545244700,3.879
1783088436550246689,3.874
1783088436555250376,3.872
1783088436560251150,3.868
1783088436565248786,3.877
1783088436570248510,3.876
1783088436575251088,5.403
1783088436580249406,7.757
1783088436585250514,7.759
1783088436590250710,7.750
1783088436595249020,7.760
1783088436600246788,7.754
1783088436605252536,7.756
1783088436610251257,7.756
1783088436615249996,7.756
1783088436620251846,7.755
1783088436625247172,7.758
1783088436630247638,7.757
1783088436635250422,7.753
1783088436640249218,7.759
1783088436645254936,7.749
1783088436650250917,7.764
1783088436655255020,7.751
1783088436660253898,7.759
1783088436665249724,7.757
1783088436670249529,7.758
1783088436675253524,6.357
1783088436680249545,3.878
1783088436685252899,3.873
1783088436690252790,3.877
1783088436695249968,3.878
1783088436700249662,3.876
1783088436705255684,3.871
1783088436710254297,3.876
1783088436715251484,3.867
1783088436720249157,3.879
1783088436725249767,3.875
1783088436730250029,3.875
1783088436735250203,3.877
1783088436740250610,3.866
1783088436745250903,3.875
1783088436750250427,3.876
1783088436755255007,3.872
1783088436760254398,3.876
1783088436765251827,3.877
1783088436770251513,3.876
1783088436775255347,5.084
1783088436780252097,7.756
1783088436785255347,7.759
1783088436790254593,7.752
1783088436795252467,7.761
1783088436800251741,7.752
1783088436805256243,7.758
1783088436810254831,7.756
1783088436815252967,7.757
1783088436820252745,7.758
1783088436825257326,7.744
1783088436830251269,7.764
1783088436835250998,7.761
1783088436840253320,7.754
1783088436845252158,7.752
1783088436850253089,7.756
1783088436855254910,7.755
1783088436860255127,7.757
1783088436865253282,7.760
1783088436870252268,7.752
1783088436875256410,6.697
1783088436880256633,3.877
1783088436885259062,3.873
1783088436890256149,3.867
1783088436895255102,3.876
1783088436900254728,3.876
1783088436905261112,3.872
1783088436910259424,3.877
1783088436915256348,3.878
1783088436920254360,3.866
1783088436925254682,3.875
1783088436930254980,3.875
1783088436935254966,3.875
1783088436940253552,3.876
1783088436945253634,3.875
1783088436950257494,3.872
1783088436955256958,3.876
1783088436960256050,3.873
1783088436965255694,3.870
1783088436970260856,3.871
1783088436975259554,4.774
1783088436980259303,7.758
1783088436985264001,7.757
1783088436990259772,7.757
1783088436995257586,7.754
1783088437000256880,7.759
1783088437005261870,7.750
1783088437010260376,7.760
1783088437015259086,7.753
1783088437020256918,7.761
1783088437025256505,7.751
1783088437030257203,7.756
1783088437035256981,7.758
1783088437040256944,7.758
1783088437045259141,7.754
1783088437050257100,7.757
1783088437055260717,7.755
1783088437060260296,7.758
1783088437065260942,7.757
1783088437070256815,7.755
1783088437075262429,7.038
1783088437080260107,3.877
1783088437085261793,3.876
1783088437090261562,3.865
1783088437095260657,3.878
1783088437100258600,3.877
1783088437105265896,3.870
1783088437110262399,3.878
1783088437115259141,3.869
1783088437120258855,3.876
1783088437125257543,3.876
1783088437130263339,3.871
1783088437135262564,3.878
1783088437140259799,3.881
1783088437145263081,3.875
1783088437150260663,3.867
1783088437155262923,3.874
1783088437160260490,3.877
1783088437165264404,3.872
1783088437170259863,3.879
1783088437175263935,4.390
1783088437180262362,7.755
1783088437185272600,7.750
1783088437190265763,7.765
1783088437195261320,7.758
1783088437200261858,7.757
1783088437205265936,7.751
1783088437210269101,7.760
1783088437215263348,7.753
1783088437220262019,7.760
1783088437225262152,7.754
1783088437230262278,7.754
1783088437235261920,7.758
1783088437240261238,7.759
1783088437245261109,7.751
1783088437250262932,7.755
1783088437255266300,7.759
1783088437260265020,7.760
1783088437265265728,7.750
1783088437270266204,7.757
1783088437275264124,7.473
1783088437280275318,3.868
1783088437285266516,3.873
1783088437290267628,3.874
1783088437295268748,3.876
1783088437300263214,3.880
1783088437305267036,3.872
1783088437310264582,3.877
1783088437315265912,3.867
1783088437320264049,3.873
1783088437325266816,3.875
1783088437330265305,3.878
1783088437335551465,3.872
1783088437340300500,3.872
1783088437345262820,3.877
1783088437350263742,3.876
1783088437355268351,3.872
1783088437360265593,3.879
1783088437365264685,3.866
1783088437370267185,3.880
1783088437375268179,3.961
1783088437380272353,7.758
1783088437385273563,7.756
1783088437390273307,7.751
1783088437395269426,7.764
1783088437400267933,7.753
1783088437405271603,7.752
1783088437410271521,7.758
1783088437415266359,7.759
1783088437420265433,7.752
1783088437425267243,7.762
1783088437430266689,7.752
1783088437435266759,7.757
1783088437440265309,7.753
1783088437445271711,7.755
1783088437450265263,7.761
1783088437455281350,7.746
1783088437460267025,7.766
1783088437465266437,7.752
1783088437470266617,7.757
1783088437475273719,7.753
1783088437480271351,3.943
1783088437485269758,3.877
1783088437490273660,3.872
1783088437495268823,3.869
1783088437500268841,3.875
1783088437505273215,3.874
1783088437510274448,3.874
1783088437515270342,3.880
1783088437520268660,3.866
1783088437525267571,3.876
1783088437530268053,3.875
1783088437535268698,3.875
1783088437540268581,3.875
1783088437545272254,3.874
1783088437550267721,3.879
1783088437555272060,3.872
1783088437560272880,3.876
1783088437565272431,3.876
1783088437570269206,3.867
1783088437575274822,3.871
1783088437580273330,7.472
1783088437585275626,7.754
1783088437590276128,7.757
1783088437595277326,7.756
1783088437600271310,7.753
1783088437605276938,7.756
1783088437610273478,7.756
1783088437615275918,7.761
1783088437620270952,7.758
1783088437625263442,7.762
1783088437630256406,7.755
1783088437635259316,7.753
1783088437640257822,7.760
1783088437645265228,7.753
1783088437650257892,7.755
1783088437655260087,7.761
1783088437660257970,7.754
1783088437665261178,7.760
1783088437670261087,7.751
1783088437675263873,7.753
1783088437680270961,4.332
1783088437685271089,3.875
1783088437690278335,3.871
1783088437695272638,3.881
1783088437700272835,3.875
1783088437705278813,3.872
1783088437710275777,3.867
1783088437715274935,3.878
1783088437720272579,3.877
1783088437725273890,3.874
1783088437730274199,3.875
1783088437735272345,3.877
1783088437740272615,3.875
1783088437745272953,3.865
1783088437750273875,3.875
1783088437755276681,3.875
1783088437760277270,3.875
1783088437765275689,3.878
1783088437770274286,3.878
1783088437775276645,3.873
1783088437780278815,7.159
1783088437785281297,7.754
1783088437790280074,7.753
1783088437795275125,7.758
1783088437800274627,7.758
1783088437805282699,7.752
1783088437810277930,7.758
1783088437815275689,7.754
1783088437820276318,7.757
1783088437825275349,7.759
1783088437830276302,7.756
1783088437835276416,7.750
1783088437840275199,7.759
1783088437845275332,7.757
1783088437850275001,7.758
1783088437855280293,7.749
1783088437860276817,7.763
1783088437865275968,7.752
1783088437870275942,7.758
1783088437875279044,7.753
1783088437880280287,4.633
1783088437885284104,3.872
1783088437890282610,3.878
1783088437895277732,3.870
1783088437900276655,3.876
1783088437905285891,3.870
1783088437910280238,3.880
1783088437915279300,3.876
1783088437920278286,3.866
1783088437925279660,3.874
1783088437930277410,3.877
1783088437935277939,3.875
1783088437940277018,3.876
1783088437945281495,3.872
1783088437950277154,3.880
1783088437955282107,3.871
1783088437960279538,3.867
1783088437965277193,3.877
1783088437970279551,3.873
1783088437975283224,3.874
1783088437980283993,6.825
1783088437985280600,7.756
1783088437990285397,7.752
1783088437995280176,7.757
1783088438000279060,7.759
1783088438005285116,7.755
1783088438010285434,7.750
1783088438015280914,7.759
1783088438020280697,7.756
1783088438025282655,7.761
1783088438030279701,7.750
1783088438035279235,7.757
1783088438040279198,7.758
1783088438045282787,7.759
1783088438050280954,7.753
1783088438055282723,7.755
1783088438060282297,7.758
1783088438065285635,7.752
1783088438070284321,7.760
1783088438075288175,7.752
1783088438080290075,4.997
1783088438085285805,3.873
1783088438090290436,3.872
1783088438095285591,3.879
1783088438100281821,3.878
1783088438105286305,3.872
1783088438110284365,3.877
1783088438115283799,3.865
1783088438120282700,3.876
1783088438125281288,3.876
1783088438130283401,3.874
1783088438135285234,3.876
1783088438140283061,3.877
1783088438145282091,3.867
1783088438150281933,3.875
1783088438155285371,3.874
1783088438160285242,3.877
1783088438165283353,3.879
1783088438170284278,3.875
1783088438175285614,3.864
1783088438180288272,6.450
1783088438185285565,7.762
1783088438190291144,7.756
1783088438195285195,7.753
1783088438200283881,7.760
1783088438205287335,7.752
1783088438210291632,7.758
1783088438215285318,7.754
1783088438220285624,7.757
1783088438225283718,7.755
1783088438230284734,7.754
1783088438235284139,7.758
1783088438240284856,7.756
1783088438245285275,7.757
1783088438250289564,7.751
1783088438255284611,7.758
1783088438260286811,7.754
1783088438265330205,7.759
1783088438270286203,7.757
1783088438275285894,7.758
1783088438280288666,5.398
1783088438285286846,3.878
1783088438290289547,3.873
1783088438295286273,3.878
1783088438300285307,3.867
1783088438305288143,3.875
1783088438310287074,3.876
1783088438315359711,3.871
1783088438320285471,3.883
1783088438325285442,3.875
1783088438330288745,3.873
1783088438335288157,3.865
1783088438340288516,3.875
1783088438345285765,3.877
1783088438350285931,3.875
1783088438355290342,3.872
1783088438360288663,3.877
1783088438365287251,3.876
1783088438370288507,3.873
1783088438375288621,3.867
1783088438380296783,6.082
1783088438385295322,7.753
1783088438390296501,7.756
1783088438395292673,7.757
1783088438400290503,7.761
1783088438405295897,7.756
1783088438410296180,7.750
1783088438415289317,7.761
1783088438420288903,7.751
1783088438425288909,7.758
1783088438430289878,7.756
1783088438435288725,7.759
1783088438440288441,7.751
1783088438445285877,7.762
1783088438450286452,7.757
1783088438455297357,7.748
1783088438460291258,7.760
1783088438465289849,7.760
1783088438470290669,7.756
1783088438475290487,7.751
1783088438480296498,5.694
1783088438485292161,3.870
1783088438490294339,3.875
1783088438495292838,3.876
1783088438500290346,3.867
1783088438505296668,3.881
1783088438510298131,3.866
1783088438515292600,3.880
1783088438520291682,3.876
1783088438525292160,3.875
1783088438530292114,3.872
1783088438535291182,3.871
1783088438540294590,3.874
1783088438545290908,3.878
1783088438550291046,3.875
1783088438555294896,3.874
1783088438560292974,3.877
1783088438565293379,3.865
1783088438570295770,3.884
1783088438575293175,3.867
1783088438580298830,5.770
1783088438585293831,7.758
1783088438590298667,7.757
1783088438595293476,7.759
1783088438600297540,7.748
1783088438605297714,7.761
1783088438610296810,7.752
1783088438615298177,7.755
1783088438620295282,7.762
1783088438625293879,7.753
1783088438630298113,7.758
1783088438635298902,7.756
1783088438640296093,7.755
1783088438645301935,7.755
1783088438650299094,7.755
1783088438655299815,7.756
1783088438660299173,7.759
1783088438665297955,7.753
1783088438670296377,7.760
1783088438675297611,7.756
1783088438680303277,6.035
1783088438685298789,3.879
1783088438690303349,3.874
1783088438695300791,3.877
1783088438700297833,3.869
1783088438705302295,3.872
1783088438710303060,3.875
1783088438715297267,3.880
1783088438720299081,3.874
1783088438725297773,3.876
1783088438730298332,3.866
1783088438735298375,3.875
1783088438740298665,3.875
1783088438745297610,3.876
1783088438750298037,3.875
1783088438755302162,3.874
1783088438760304678,3.873
1783088438765300549,3.868
1783088438770301056,3.875
1783088438775299272,3.877
1783088438780304932,5.396
1783088438785301981,7.755
1783088438790303048,7.756
1783088438795298455,7.754
1783088438800298033,7.755
1783088438805301226,7.753
1783088438810303218,7.761
1783088438815298068,7.759
1783088438820298700,7.750
1783088438825297759,7.759
1783088438830302342,7.757
1783088438835297886,7.758
1783088438840297011,7.752
1783088438845297462,7.757
1783088438850301387,7.758
1783088438855299814,7.753
1783088438860298879,7.759
1783088438865299086,7.750
1783088438870301335,7.761
1783088438875297897,7.756
1783088438880302589,6.349
1783088438885303420,3.875
1783088438890304540,3.868
1783088438895300904,3.880
1783088438900301496,3.875
1783088438905304954,3.873
1783088438910306439,3.874
1783088438915301141,3.869
1783088438920299907,3.878
1783088438925299451,3.876
1783088438930303951,3.872
1783088438935299618,3.870
1783088438940299972,3.875
1783088438945298789,3.876
1783088438950303251,3.872
1783088438955302890,3.876
1783088438960301219,3.878
1783088438965300826,3.867
1783088438970303939,3.876
1783088438975300377,3.875
1783088438980305741,5.122
1783088438985304079,7.760
1783088438990310037,7.755
1783088438995303785,7.753
1783088439000305835,7.754
1783088439005306681,7.756
1783088439010310842,7.758
1783088439015303775,7.758
1783088439020302751,7.756
1783088439025301313,7.760
1783088439030305819,7.751
1783088439035302633,7.756
1783088439040302107,7.758
1783088439045302197,7.757
1783088439050306447,7.753
1783088439055306278,7.756
1783088439060303008,7.756
1783088439065304194,7.756
1783088439070306494,7.761
1783088439075303441,7.755
1783088439080308530,6.677
1783088439085306053,3.877
1783088439090311491,3.871
1783088439095307920,3.878
1783088439100304511,3.878
1783088439105310856,3.870
1783088439110311496,3.877
1783088439115305414,3.870
1783088439120304343,3.876
1783088439125304052,3.877
1783088439130307640,3.873
1783088439135307124,3.876
1783088439140307270,3.875
1783088439145303860,3.868
1783088439150308854,3.871
1783088439155307676,3.876
1783088439160305530,3.879
1783088439165305175,3.876
1783088439170305782,3.866
1783088439175303315,3.877
1783088439180309418,4.785
1783088439185308705,7.752
1783088439190312650,7.758
1783088439195310187,7.754
1783088439200306552,7.763
1783088439205314359,7.752
1783088439210313388,7.752
1783088439215309827,7.756
1783088439220310482,7.757
1783088439225308887,7.760
1783088439230309687,7.756
1783088439235309457,7.751
1783088439240306585,7.762
1783088439245305515,7.749
1783088439250306521,7.759
1783088439255306347,7.758
1783088439260307673,7.756
1783088439265306531,7.754
1783088439270307397,7.754
1783088439275308829,7.755
1783088439280311972,7.074
1783088439285309219,3.867
1783088439290313169,3.872
1783088439295309867,3.878
1783088439300311997,3.875
1783088439305310198,3.878
1783088439310393820,3.873
1783088439315352877,3.865
1783088439320309152,3.878
1783088439325309583,3.875
1783088439330312219,3.873
1783088439335308586,3.878
1783088439340308501,3.865
1783088439345309666,3.876
1783088439350311580,3.876
1783088439355312676,3.876
1783088439360311280,3.876
1783088439365310599,3.865
1783088439370312592,3.884
1783088439375309702,3.867
1783088439380315916,4.396
1783088439385315678,7.751
1783088439390320556,7.757
1783088439395315682,7.758
1783088439400314204,7.753
1783088439405315418,7.756
1783088439410313604,7.753
1783088439415312754,7.759
1783088439420310764,7.761
1783088439425310978,7.750
1783088439430314728,7.759
1783088439435311014,7.756
1783088439440311154,7.757
1783088439445311101,7.751
1783088439450313560,7.761
1783088439455313474,7.758
1783088439460313066,7.751
1783088439465311549,7.760
1783088439470315295,7.752
1783088439475312214,7.755
1783088439480316247,7.416
1783088439485314482,3.866
1783088439490321536,3.882
1783088439495318061,3.868
1783088439500314208,3.878
1783088439505320025,3.871
1783088439510323000,3.873
1783088439515315785,3.881
1783088439520315911,3.875
1783088439525313825,3.867
1783088439530318247,3.882
1783088439535312914,3.869
1783088439540313583,3.875
1783088439545315904,3.874
1783088439550314935,3.880
1783088439555316889,3.874
1783088439560315753,3.866
1783088439565314561,3.878
1783088439570314495,3.875
1783088439575313349,3.878
1783088439580318507,4.039
1783088439585320069,7.762
1783088439590316819,7.750
1783088439595321605,7.755
1783088439600317223,7.757
1783088439605320520,7.752
1783088439610321372,7.763
1783088439615316881,7.747
1783088439620316795,7.761
1783088439625315179,7.760
1783088439630318666,7.752
1783088439635320461,7.755
1783088439640317693,7.762
1783088439645323800,7.748
1783088439650322978,7.759
1783088439655320741,7.754
1783088439660317634,7.762
1783088439665316788,7.752
1783088439670320394,7.759
1783088439675317740,7.755
1783088439680321830,7.758
1783088439685319935,3.925
1783088439690318500,3.876
1783088439695323590,3.871
1783088439700319603,3.868
1783088439705321974,3.873
1783088439710319882,3.877
1783088439715319128,3.876
1783088439720318726,3.876
1783088439725317224,3.876
1783088439730325174,3.869
1783088439735319360,3.880
1783088439740318861,3.876
1783088439745318848,3.867
1783088439750318028,3.876
1783088439755322780,3.872
1783088439760322677,3.877
1783088439765322262,3.877
1783088439770323940,3.876
1783088439775321147,3.867
1783088439780325103,3.874
1783088439785324023,7.506
1783088439790325951,7.761
1783088439795325669,7.751
1783088439800321293,7.757
1783088439805326559,7.756
1783088439810327845,7.756
1783088439815321089,7.761
1783088439820320669,7.751
1783088439825320699,7.758
1783088439830321030,7.757
1783088439835320668,7.758
1783088439840320817,7.752
1783088439845320077,7.757
1783088439850320717,7.757
1783088439855323079,7.754
1783088439860321805,7.760
1783088439865321601,7.751
1783088439870322033,7.757
1783088439875321763,7.758
1783088439880325901,7.758
1783088439885327981,4.289
1783088439890323920,3.868
1783088439895327311,3.873
1783088439900323885,3.880
1783088439905329532,3.871
1783088439910327281,3.877
1783088439915322521,3.869
1783088439920323881,3.876
1783088439925322515,3.876
1783088439930324348,3.874
1783088439935324275,3.875
1783088439940323665,3.876
1783088439945323454,3.867
1783088439950323108,3.876
1783088439955325666,3.873
1783088439960324852,3.876
1783088439965324247,3.878
1783088439970325473,3.874
1783088439975326016,3.875
1783088439980327144,3.866
1783088439985328940,7.173
1783088439990327210,7.753
1783088439995332648,7.756
1783088440000329006,7.756
1783088440005330394,7.755
1783088440010334182,7.752
1783088440015327786,7.761
1783088440020328578,7.756
1783088440025326410,7.761
1783088440030328052,7.752
1783088440035327574,7.755
1783088440040325364,7.761
1783088440045325934,7.753
1783088440050327273,7.754
1783088440055330418,7.758
1783088440060326976,7.756
1783088440065328089,7.756
1783088440070326443,7.760
1783088440075326741,7.750
1783088440080331533,7.757
1783088440085338205,4.624
1783088440090329199,3.882
1783088440095332422,3.873
1783088440100328047,3.879
1783088440105335513,3.870
1783088440110331271,3.870
1783088440115330174,3.878
1783088440120329030,3.876
1783088440125328603,3.876
1783088440130329186,3.875
1783088440135331759,3.873
1783088440140330229,3.868
1783088440145329801,3.876
1783088440150329718,3.875
1783088440155333196,3.876
1783088440160329779,3.868
1783088440165330201,3.875
1783088440170328777,3.876
1783088440175329497,3.876
1783088440180334042,3.872
1783088440185334613,6.798
1783088440190331809,7.762
1783088440195334292,7.754
1783088440200330759,7.756
1783088440205336090,7.756
1783088440210337582,7.755
1783088440215331053,7.759
1783088440220330496,7.753
1783088440225329369,7.759
1783088440230336167,7.747
1783088440235328660,7.762
1783088440240329908,7.756
1783088440245330446,7.757
1783088440250329894,7.758
1783088440255329412,7.751
1783088440260332533,7.760
1783088440265331112,7.753
1783088440270329984,7.759
1783088440275332708,7.753
1783088440280334601,7.755
1783088440285335640,5.041
1783088440290332174,3.878
1783088440295334374,3.874
1783088440300333569,3.876
1783088440305333262,3.876
1783088440310651320,3.868
1783088440315343507,3.875
1783088440320333254,3.876
1783088440325332933,3.876
1783088440330333032,3.875
1783088440335331739,3.866
1783088440340336441,3.882
1783088440345331559,3.869
1783088440350336082,3.872
1783088440355335935,3.875
1783088440360334134,3.877
1783088440365334352,3.877
1783088440370333255,3.876
1783088440375332901,3.867
1783088440380335441,3.872
1783088440385343515,6.407
1783088440390335965,7.755
1783088440395339865,7.758
1783088440400335265,7.758
1783088440405339441,7.751
1783088440410337919,7.760
1783088440415337975,7.757
1783088440420335213,7.755
1783088440425334707,7.758
1783088440430334649,7.751
1783088440435334819,7.757
1783088440440334420,7.758
1783088440445334214,7.758
1783088440450336517,7.754
1783088440455339354,7.753
1783088440460335453,7.757
1783088440465335175,7.758
1783088440470336053,7.756
1783088440475335495,7.752
1783088440480335712,7.757
1783088440485341296,5.410
1783088440490337876,3.878
1783088440495340219,3.874
1783088440500338344,3.877
1783088440505343966,3.871
1783088440510342576,3.876
1783088440515339874,3.877
1783088440520338647,3.876
1783088440525337422,3.866
1783088440530337140,3.879
1783088440535336350,3.876
1783088440540336348,3.875
1783088440545337486,3.874
1783088440550340270,3.873
1783088440555342010,3.874
1783088440560338231,3.870
1783088440565340736,3.873
1783088440570340923,3.875
1783088440575337310,3.878
1783088440580338783,3.866
1783088440585343295,6.017
1783088440590343328,7.758
1783088440595343473,7.757
1783088440600340211,7.756
1783088440605342642,7.754
1783088440610341987,7.757
1783088440615340154,7.755
1783088440620342753,7.754
1783088440625340698,7.761
1783088440630344149,7.752
1783088440635342377,7.760
1783088440640340539,7.753
1783088440645346565,7.755
1783088440650342219,7.757
1783088440655345334,7.753
1783088440660342270,7.755
1783088440665342755,7.757
1783088440670345206,7.761
1783088440675340946,7.757
1783088440680339662,7.753
1783088440685346257,5.800
1783088440690341418,3.879
1783088440695345036,3.873
1783088440700342274,3.877
1783088440705348552,3.870
1783088440710341866,3.874
1783088440715343555,3.874
1783088440720341875,3.877
1783088440725340744,3.876
1783088440730341023,3.875
1783088440735343276,3.874
1783088440740340446,3.867
1783088440745340712,3.875
1783088440750345986,3.871
1783088440755346512,3.877
1783088440760346971,3.877
1783088440765343753,3.869
1783088440770377405,3.870
1783088440775343517,3.883
1783088440780343178,3.876
1783088440785348396,5.670
1783088440790344692,7.756
1783088440795347672,7.753
1783088440800345090,7.755
1783088440805349718,7.757
1783088440810346004,7.756
1783088440815346388,7.757
1783088440820345510,7.759
1783088440825346388,7.756
1783088440830347722,7.755
1783088440835343461,7.757
1783088440840343044,7.753
1783088440845344095,7.758
1783088440850348393,7.754
1783088440855347032,7.760
1783088440860345441,7.753
1783088440865344892,7.758
1783088440870347539,7.753
1783088440875344683,7.755
1783088440880345757,7.756
1783088440885351984,6.119
1783088440890351597,3.877
1783088440895349331,3.867
1783088440900347069,3.877
1783088440905351647,3.875
1783088440910347781,3.868
1783088440915348195,3.878
1783088440920347157,3.876
1783088440925346757,3.876
1783088440930346435,3.876
1783088440935346045,3.865
1783088440940346533,3.875
1783088440945347511,3.876
1783088440950346345,3.876
1783088440955349737,3.873
1783088440960347169,3.877
1783088440965346866,3.876
1783088440970346779,3.867
1783088440975348795,3.875
1783088440980346092,3.877
1783088440985351079,5.349
1783088440990350823,7.758
1783088440995351919,7.756
1783088441000350160,7.760
1783088441005352566,7.754
1783088441010354164,7.755
1783088441015352038,7.754
1783088441020349056,7.755
1783088441025348469,7.758
1783088441030349945,7.755
1783088441035347854,7.754
1783088441040348020,7.757
1783088441045347430,7.758
1783088441050348496,7.756
1783088441055352274,7.752
1783088441060349928,7.761
1783088441065351020,7.756
1783088441070350298,7.752
1783088441075350167,7.758
1783088441080349632,7.758
1783088441085355154,6.452
1783088441090353915,3.868
1783088441095355774,3.874
1783088441100352212,3.878
1783088441105356558,3.872
1783088441110355792,3.876
1783088441115353512,3.879
1783088441120352648,3.867
1783088441125350982,3.875
1783088441130354420,3.883
1783088441135353464,3.866
1783088441140352728,3.878
1783088441145351365,3.876
1783088441150354367,3.873
1783088441155354573,3.875
1783088441160352795,3.878
1783088441165351746,3.866
1783088441170355311,3.883
1783088441175351929,3.868
1783088441180351439,3.877
1783088441185357205,4.971
1783088441190358774,7.760
1783088441195358567,7.751
1783088441200354219,7.757
1783088441205357210,7.760
1783088441210357713,7.757
1783088441215354089,7.753
1783088441220354778,7.753
1783088441225354181,7.758
1783088441230355798,7.755
1783088441235353203,7.760
1783088441240352274,7.754
1783088441245353267,7.756
1783088441250352606,7.759
1783088441255352866,7.757
1783088441260353180,7.752
1783088441265352660,7.757
1783088441270356422,7.752
1783088441275354627,7.760
1783088441280355544,7.756
1783088441285356916,6.859
1783088441290355190,3.877
1783088441295359400,3.872
1783088441300360096,3.875
1783088441305366220,3.871
1783088441310362158,3.878
1783088441315364830,3.877
1783088441320356678,3.871
1783088441325355184,3.876
1783088441330358677,3.874
1783088441335355632,3.867
1783088441340354546,3.876
1783088441345355216,3.875
1783088441350355224,3.875
1783088441355359380,3.872
1783088441360356892,3.877
1783088441365357348,3.875
1783088441370357322,3.875
1783088441375355952,3.868
1783088441380359242,3.873
1783088441385364521,4.574
1783088441390361014,7.756
1783088441395363639,7.753
1783088441400365329,7.755
1783088441405365495,7.757
1783088441410362511,7.755
1783088441415358729,7.757
1783088441420358217,7.751
1783088441425358287,7.757
1783088441430357863,7.758
1783088441435357901,7.758
1783088441440356993,7.752
1783088441445358955,7.761
1783088441450360273,7.756
1783088441455361555,7.756
1783088441460357921,7.756
1783088441465358177,7.757
1783088441470359317,7.756
1783088441475358759,7.752
1783088441480358653,7.758
1783088441485365710,7.193
1783088441490361185,3.870
1783088441495364695,3.874
1783088441500363621,3.878
1783088441505364733,3.874
1783088441510362916,3.866
1783088441515363627,3.875
1783088441520360100,3.878
1783088441525360859,3.875
1783088441530360452,3.876
1783088441535359954,3.876
1783088441540360488,3.866
1783088441545359114,3.876
1783088441550364684,3.881
1783088441555363886,3.866
1783088441560361932,3.879
1783088441565361558,3.876
1783088441570361226,3.876
1783088441575360584,3.867
1783088441580361542,3.875
1783088441585365658,4.267
1783088441590363760,7.754
1783088441595368802,7.757
1783088441600365552,7.756
1783088441605367714,7.761
1783088441610364143,7.756
1783088441615366014,7.755
1783088441620363120,7.755
1783088441625362602,7.758
1783088441630363048,7.757
1783088441635366921,7.752
1783088441640363832,7.755
1783088441645368989,7.757
1783088441650364539,7.758
1783088441655368417,7.752
1783088441660363057,7.759
1783088441665362162,7.759
1783088441670364146,7.754
1783088441675363493,7.759
1783088441680364823,7.756
1783088441685368889,7.578
1783088441690366405,3.877
1783088441695366585,3.875
1783088441700368819,3.874
1783088441705371321,3.865
1783088441710366875,3.879
1783088441715371707,3.872
1783088441720365219,3.880
1783088441725364905,3.876
1783088441730364335,3.865
1783088441735363832,3.876
1783088441740365065,3.874
1783088441745365515,3.875
1783088441750364500,3.878
1783088441755370784,3.870
1783088441760367907,3.878
1783088441765368046,3.877
1783088441770367724,3.865
1783088441775370601,3.883
1783088441780367901,3.867
1783088441785370578,3.887
1783088441790369558,7.759
1783088441795366584,7.755
1783088441800371007,7.758
1783088441805372556,7.755
1783088441810368626,7.757
1783088441815368524,7.758
1783088441820368314,7.751
1783088441825366276,7.761
1783088441830368554,7.754
1783088441835367838,7.759
1783088441840367426,7.751
1783088441845367180,7.758
1783088441850366606,7.758
1783088441855373403,7.754
1783088441860373594,7.743
1783088441865366886,7.768
1783088441870367202,7.757
1783088441875366555,7.759
1783088441880367326,7.756
1783088441885374152,7.747
1783088441890372290,4.050
1783088441895369963,3.877
1783088441900373581,3.874
1783088441905374864,3.874
1783088441910370306,3.870
1783088441915369826,3.876
1783088441920370526,3.875
1783088441925368811,3.877
1783088441930369449,3.875
1783088441935370487,3.876
1783088441940368410,3.872
1783088441945369087,3.871
1783088441950370261,3.874
1783088441955371884,3.874
1783088441960372207,3.875
1783088441965370319,3.877
1783088441970370517,3.875
1783088441975374063,3.873
1783088441980369365,3.870
1783088441985374666,3.873
1783088441990372604,7.442
1783088441995373475,7.756
1783088442000375024,7.755
1783088442005374889,7.758
1783088442010376040,7.756
1783088442015376514,7.757
1783088442020372392,7.750
1783088442025371194,7.759
1783088442030370832,7.758
1783088442035372911,7.754
1783088442040370452,7.754
1783088442045371331,7.756
1783088442050372990,7.755
1783088442055375688,7.755
1783088442060372744,7.760
1783088442065372644,7.751
1783088442070373872,7.761
1783088442075370970,7.757
1783088442080372658,7.755
1783088442085377336,7.750
1783088442090377196,4.353
1783088442095376392,3.874
1783088442100377356,3.875
1783088442105379554,3.874
1783088442110375128,3.879
1783088442115382833,3.869
1783088442120373989,3.872
1783088442125373273,3.876
1783088442130373696,3.875
1783088442135378525,3.873
1783088442140374536,3.880
1783088442145374246,3.876
1783088442150373057,3.876
1783088442155381329,3.869
1783088442160375435,3.869
1783088442165375244,3.875
1783088442170373635,3.877
1783088442175377955,3.874
1783088442180374532,3.878
1783088442185380854,3.874
1783088442190379935,7.094
1783088442195379669,7.758
1783088442200379715,7.757
1783088442205382173,7.754
1783088442210381207,7.759
1783088442215378831,7.754
1783088442220377201,7.753
1783088442225374708,7.755
1783088442230377479,7.760
1783088442235375589,7.754
1783088442240376573,7.756
1783088442245374913,7.760
1783088442250375967,7.756
1783088442255375261,7.752
1783088442260382850,7.760
1783088442265375748,7.755
1783088442270377650,7.755
1783088442275381512,7.759
1783088442280378206,7.756
1783088442285379729,7.755
1783088442290378320,4.734
1783088442295382032,3.872
1783088442300380418,3.870
1783088442305381379,3.875
1783088442310386618,3.873
1783088442315381788,3.879
1783088442320381198,3.878
1783088442325379378,3.868
1783088442330381730,3.873
1783088442335383221,3.876
1783088442340382030,3.876
1783088442345379803,3.877
1783088442350379030,3.866
1783088442355387368,3.879
1783088442360379061,3.871
1783088442365379546,3.877
1783088442370379609,3.875
1783088442375377996,3.877
1783088442380382969,3.871
1783088442385385593,3.875
1783088442390387081,6.675
1783088442395383143,7.757
1783088442400388795,7.756
1783088442405396179,7.758
1783088442410385289,7.755
1783088442415386109,7.756
1783088442420381101,7.758
1783088442425380179,7.752
1783088442430381601,7.755
1783088442435385891,7.758
1783088442440379446,7.754
1783088442445380657,7.757
1783088442450381273,7.755
1783088442455386878,7.756
1783088442460382081,7.758
1783088442465381934,7.758
1783088442470382559,7.757
1783088442475383657,7.756
1783088442480380749,7.755
1783088442485384253,7.752
1783088442490387880,5.153
1783088442495385954,3.879
1783088442500388727,3.873
1783088442505389934,3.874
1783088442510387248,3.879
1783088442515388588,3.874
1783088442520383019,3.869
1783088442525383102,3.875
1783088442530383628,3.877
1783088442535382187,3.876
1783088442540382316,3.875
1783088442545382627,3.866
1783088442550383956,3.876
1783088442555389718,3.881
1783088442560383770,3.870
1783088442565383620,3.875
1783088442570383756,3.875
1783088442575386106,3.874
1783088442580383348,3.877
1783088442585382971,3.876
1783088442590389950,6.292
1783088442595388521,7.753
1783088442600389724,7.756
1783088442605389997,7.757
1783088442610389071,7.759
1783088442615385926,7.756
1783088442620385316,7.752
1783088442625385325,7.758
1783088442630386539,7.756
1783088442635386974,7.757
1783088442640386285,7.759
1783088442645391868,7.749
1783088442650386659,7.759
1783088442655393653,7.761
1783088442660388659,7.751
1783088442665384869,7.757
1783088442670385711,7.756
1783088442675386057,7.757
1783088442680385563,7.758
1783088442685385011,7.751
1783088442690391235,5.558
1783088442695388109,3.878
1783088442700390685,3.866
1783088442705393661,3.875
1783088442710392474,3.876
1783088442715390452,3.877
1783088442720390337,3.877
1783088442725386141,3.868
1783088442730387660,3.876
1783088442735390405,3.873
1783088442740387614,3.877
1783088442745387415,3.869
1783088442750390166,3.873
1783088442755393722,3.883
1783088442760391960,3.868
1783088442765389884,3.879
1783088442770388958,3.878
1783088442775394129,3.871
1783088442780390298,3.870
1783088442785388676,3.878
1783088442790395702,5.876
1783088442795389666,7.760
1783088442800393746,7.758
1783088442805394200,7.757
1783088442810391413,7.755
1783088442815390604,7.759
1783088442820392066,7.748
1783088442825390487,7.760
1783088442830390686,7.757
1783088442835388920,7.753
1783088442840388514,7.758
1783088442845389615,7.756
1783088442850389437,7.758
1783088442855396562,7.753
1783088442860389874,7.761
1783088442865391377,7.755
1783088442870390470,7.752
1783088442875391532,7.756
1783088442880390466,7.759
1783088442885393923,7.752
1783088442890398226,5.893
1783088442895396384,3.877
1783088442900400753,3.872
1783088442905398183,3.867
1783088442910393554,3.879
1783088442915397631,3.874
1783088442920392349,3.871
1783088442925390781,3.877
1783088442930392545,3.874
1783088442935394947,3.873
1783088442940391521,3.880
1783088442945391594,3.865
1783088442950390873,3.876
1783088442955393510,3.873
1783088442960393077,3.876
1783088442965391648,3.876
1783088442970392141,3.875
1783088442975392122,3.875
1783088442980392500,3.875
1783088442985391716,3.867
1783088442990395765,5.530
1783088442995393705,7.754
1783088443000397704,7.758
1783088443005398322,7.757
1783088443010398252,7.751
1783088443015396586,7.760
1783088443020395262,7.753
1783088443025395130,7.758
1783088443030394964,7.758
1783088443035392994,7.754
1783088443040394041,7.756
1783088443045392658,7.760
1783088443050393592,7.756
1783088443055396914,7.752
1783088443060395976,7.759
1783088443065396550,7.757
1783088443070394983,7.753
1783088443075395330,7.757
1783088443080395108,7.758
1783088443085394634,7.751
1783088443090400466,6.299
1783088443095397509,3.878
1783088443100400447,3.873
1783088443105403082,3.873
1783088443110398483,3.879
1783088443115396955,3.877
1783088443120398919,3.863
1783088443125395797,3.879
1783088443130395999,3.877
1783088443135399413,3.873
1783088443140397651,3.878
1783088443145397198,3.867
1783088443150395791,3.876
1783088443155398959,3.875
1783088443160399255,3.875
1783088443165396429,3.878
1783088443170398031,3.876
1783088443175396711,3.866
1783088443180396631,3.875
1783088443185396681,3.875
1783088443190404525,5.145
1783088443195399227,7.759
1783088443200401046,7.755
1783088443205404821,7.759
1783088443210404115,7.757
1783088443215400186,7.758
1783088443220398826,7.753
1783088443225398444,7.758
1783088443230399010,7.757
1783088443235398808,7.751
1783088443240401439,7.760
1783088443245397537,7.757
1783088443250397619,7.757
1783088443255400176,7.754
1783088443260399450,7.759
1783088443265398236,7.753
1783088443270402196,7.758
1783088443275397596,7.758
1783088443280399442,7.755
1783088443285400500,7.756
1783088443290408144,6.682
1783088443295404675,3.878
1783088443300408100,3.873
1783088443305405836,3.877
1783088443310403704,3.867
1783088443315937283,3.879
1783088443320498098,3.875
1783088443325405619,3.874
1783088443330403213,3.877
1783088443335403973,3.875
1783088443340403584,3.876
1783088443345409251,3.861
1783088443350403642,3.880
1783088443355410245,3.881
1783088443360405865,3.870
1783088443365404493,3.876
1783088443370403866,3.876
1783088443375403783,3.875
1783088443380404249,3.868
1783088443385408351,3.879
1783088443390410941,4.763
1783088443395406191,7.756
1783088443400410172,7.753
1783088443405411590,7.755
1783088443410407389,7.757
1783088443415403619,7.756
1783088443420404539,7.756
1783088443425403443,7.759
1783088443430404494,7.749
1783088443435402799,7.760
1783088443440402101,7.759
1783088443445403714,7.755
1783088443450403879,7.750
1783088443455405515,7.762
1783088443460407497,7.754
1783088443465403614,7.757
1783088443470403692,7.757
1783088443475404468,7.756
1783088443480404021,7.751
1783088443485403786,7.758
1783088443490412668,7.007
1783088443495406274,3.872
1783088443500411856,3.883
1783088443505411466,3.867
1783088443510410848,3.878
1783088443515408585,3.868
1783088443520406539,3.877
1783088443525406418,3.875
1783088443530405588,3.876
1783088443535409290,3.872
1783088443540408247,3.876
1783088443545405393,3.879
1783088443550404847,3.865
1783088443555410070,3.882
1783088443560406552,3.868
1783088443565404881,3.877
1783088443570406563,3.877
1783088443575406509,3.875
1783088443580411073,3.874
1783088443585405729,3.871
1783088443590413401,4.424
1783088443595408289,7.759
1783088443600416787,7.758
1783088443605417514,5.859
1783088443610414487,3.867
1783088443615413929,3.876
1783088443620415287,7.125
1783088443625408567,7.754
1783088443630414299,7.046
1783088443635415596,3.874
1783088443640414527,3.876
1783088443645421000,5.925
1783088443650413886,7.762
1783088443655416708,7.753
1783088443660414887,4.383
1783088443665411444,3.878
1783088443670417658,4.714
1783088443675414527,7.755
1783088443680417352,7.760
1783088443685418132,5.514
1783088443690414415,3.880
1783088443695417133,3.865
1783088443700415336,7.473
1783088443705417387,7.754
1783088443710416722,6.640
1783088443715414472,3.877
1783088443720421206,3.872
1783088443725417364,6.360
1783088443730415106,7.754
1783088443735421224,7.755
1783088443740419906,3.935
1783088443745421284,3.876
1783088443750418358,5.175
1783088443755421492,7.753
1783088443760418698,7.755
1783088443765419848,5.162
1783088443770415861,3.868
1783088443775419015,3.946
1783088443780414602,7.757
1783088443785415635,7.756
1783088443790418720,6.351
1783088443795416972,3.866
1783088443800419609,3.884
1783088443805422803,6.621
1783088443810417751,7.758
1783088443815419571,7.582
1783088443820417175,3.877
1783088443825416053,3.876
1783088443830421841,5.379
1783088443835417981,7.757
1783088443840418633,7.751
1783088443845421190,4.877
1783088443850417537,3.868
1783088443855421213,4.225
1783088443860417251,7.750
1783088443865419835,7.760
1783088443870421420,6.038
1783088443875415827,3.880
1783088443880425223,3.868
1783088443885422235,6.948
1783088443890421866,7.758
1783088443895419586,7.200
1783088443900416600,3.878
1783088443905423242,3.872
1783088443910420611,5.776
1783088443915417171,7.761
1783088443920420566,7.754
1783088443925419910,4.480
1783088443930416384,3.878
1783088443935422488,4.628
1783088443940416926,7.752
1783088443945418395,7.755
1783088443950420740,5.625
1783088443955421272,3.875
1783088443960419670,3.866
1783088443965419302,7.356
1783088443970419136,7.758
1783088443975421298,6.802
1783088443980421704,3.875
1783088443985420210,3.876
1783088443990421847,6.124
1783088443995417350,7.758
1783088444000421416,7.758
1783088444005422726,4.141
1783088444010421170,3.877
1783088444015422982,4.951
1783088444020422435,7.758
1783088444025420390,7.761
1783088444030422907,5.338
1783088444035418825,3.868
1783088444040426483,3.880
1783088444045420883,7.634
1783088444050418597,7.761
1783088444055425261,6.528
1783088444060422723,3.877
1783088444065422385,3.876
1783088444070424215,6.457
1783088444075420538,7.763
1783088444080426987,7.640
1783088444085422079,3.869
1783088444090421839,3.876
1783088444095423115,5.342
1783088444100423373,7.757
1783088444105424764,7.755
1783088444110424771,4.958
1783088444115422180,3.879
1783088444120427510,4.124
1783088444125422317,7.757
1783088444130424715,7.756
1783088444135424277,6.130
1783088444140421382,3.869
1783088444145426396,3.871
1783088444150424774,6.891
1783088444155424796,7.751
1783088444160423787,7.236
1783088444165421664,3.877
1783088444170426370,3.872
1783088444175425228,5.802
1783088444180421966,7.756
1783088444185427640,7.756
1783088444190426158,4.420
1783088444195422356,3.868
1783088444200425366,4.695
1783088444205426383,7.754
1783088444210431970,7.756
1783088444215430099,5.578
1783088444220426398,3.878
1783088444225429555,3.873
1783088444230428733,7.409
1783088444235426363,7.754
1783088444240428694,6.733
1783088444245424423,3.880
1783088444250426997,3.873
1783088444255431204,6.286
1783088444260424457,7.754
1783088444265425439,7.756
1783088444270425458,4.000
1783088444275426127,3.864
1783088444280427459,5.119
1783088444285424283,7.756
1783088444290429863,7.749
1783088444295425955,5.176
1783088444300428317,3.873
1783088444305429223,3.875
1783088444310424501,7.729
1783088444315745389,7.753
1783088444320435912,7.195
1783088444325430614,3.881
1783088444330430557,3.875
1783088444335429884,5.712
1783088444340428953,7.752
1783088444345429931,7.756
1783088444350429145,4.541
1783088444355430394,3.867
1783088444360430060,4.591
1783088444365426750,7.756
1783088444370430136,7.752
1783088444375430366,5.652
1783088444380432292,3.874
1783088444385434522,3.874
1783088444390433189,7.340
1783088444395429626,7.756
1783088444400433564,6.807
1783088444405435222,3.874
1783088444410434254,3.867
1783088444415432257,6.170
1783088444420430432,7.757
1783088444425428878,7.758
1783088444430429980,4.113
1783088444435427014,3.878
1783088444440432654,4.974
1783088444445428505,7.750
1783088444450431883,7.759
1783088444455435637,5.257
1783088444460433340,3.877
1783088444465431613,3.868
1783088444470430349,7.753
1783088444475428365,7.761
1783088444480435976,6.359
1783088444485428097,3.873
1783088444490432111,3.874
1783088444495434653,6.656
1783088444500432403,7.761
1783088444505433342,7.510
1783088444510433503,3.877
1783088444515434593,3.864
1783088444520436292,5.470
1783088444525431149,7.752
1783088444530433171,7.754
1783088444535433241,4.881
1783088444540429673,3.876
1783088444545434340,4.228
1783088444550432215,7.761
1783088444555436829,7.750
1783088444560435450,6.069
1783088444565431283,3.870
1783088444570433850,3.873
1783088444575434993,6.918
1783088444580432424,7.755
1783088444585435537,7.199
1783088444590437006,3.885
1783088444595437710,3.864
1783088444600435558,5.783
1783088444605436208,7.757
1783088444610435772,7.758
1783088444615435716,4.509
1783088444620433662,3.868
1783088444625435732,4.578
1783088444630434722,7.759
1783088444635436472,7.755
1783088444640436342,5.706
1783088444645439250,3.878
1783088444650438712,3.877
1783088444655439232,7.279
1783088444660435118,7.757
1783088444665435716,6.849
1783088444670434009,3.877
1783088444675441903,3.871
1783088444680437077,6.170
1783088444685435683,7.760
1783088444690436894,7.756
1783088444695436199,4.059
1783088444700435093,3.876
1783088444705441687,5.038
1783088444710445657,7.758
1783088444715441701,7.750
1783088444720440093,5.242
1783088444725436695,3.869
1783088444730437125,3.875
1783088444735435623,7.732
1783088444740434665,7.759
1783088444745439703,6.418
1783088444750436813,3.879
1783088444755438878,3.874
1783088444760444329,6.538
1783088444765438527,7.753
1783088444770442432,7.617
1783088444775438150,3.880
1783088444780564447,3.871
1783088444785440195,5.242
1783088444790438000,7.754
1783088444795438918,7.756
1783088444800439981,5.041
1783088444805440690,3.878
1783088444810441302,4.031
1783088444815439100,7.761
1783088444820436880,7.754
1783088444825440336,6.247
1783088444830437169,3.867
1783088444835440242,3.875
1783088444840440804,6.721
1783088444845439122,7.760
1783088444850439752,7.421
1783088444855441646,3.874
1783088444860442580,3.875
1783088444865442162,5.542
1783088444870437571,7.758
1783088444875443374,7.755
1783088444880440819,4.747
1783088444885441730,3.876
1783088444890443072,4.349
1783088444895439046,7.757
1783088444900443115,7.758
1783088444905445658,5.916
1783088444910441491,3.868
1783088444915441545,3.875
1783088444920442652,7.015
1783088444925441655,7.759
1783088444930442923,7.153
1783088444935440531,3.867
1783088444940614354,3.876
1783088444945594846,3.873
1783088444950442615,7.626
1783088444955444553,7.755
1783088444960443081,6.703
1783088444965440739,3.868
1783088444970443959,3.883
1783088444975449462,6.265
1783088444980441187,7.763
1783088444985446509,7.756
1783088444990442071,3.990
1783088444995441745,3.877
1783088445000444247,5.126
1783088445005447392,7.753
1783088445010445590,7.760
1783088445015445348,5.136
1783088445020442437,3.869
1783088445025444456,3.978
1783088445030444246,7.758
1783088445035442798,7.753
1783088445040444530,6.280
1783088445045441714,3.867
1783088445050449178,3.880
1783088445055448488,6.720
1783088445060442770,7.760
1783088445065444540,7.409
1783088445070444390,3.877
1783088445075445492,3.874
1783088445080447286,5.584
1783088445085442644,7.758
1783088445090446717,7.758
1783088445095445464,4.659
1783088445100444193,3.876
1783088445105446495,4.420
1783088445110445869,7.752
1783088445115449372,7.759
1783088445120449737,5.839
1783088445125445774,3.868
1783088445130450761,3.871
1783088445135450844,7.138
1783088445140443890,7.761
1783088445145447444,7.018
1783088445150444877,3.877
1783088445155447035,3.875
1783088445160449177,5.963
1783088445165446835,7.756
1783088445170448028,7.754
1783088445175447093,4.274
1783088445180443951,3.878
1783088445185450322,4.813
1783088445190450301,7.758
1783088445195449365,7.752
1783088445200450136,5.423
1783088445205451599,3.874
1783088445210453001,3.874
1783088445215451386,7.563
1783088445220450128,7.760
1783088445225452814,6.563
1783088445230449060,3.868
1783088445235453954,3.882
1783088445240451496,6.424
1783088445245445699,7.760
1783088445250449108,7.700
1783088445255453402,3.874
1783088445260445764,3.871
1783088445265448556,5.258
1783088445270446984,7.760
1783088445275450050,7.755
1783088445280447484,5.026
1783088445285448128,3.875
1783088445290450939,3.897
1783088445295448750,7.761
1783088445300447302,7.753
1783088445305452905,6.424
1783088445310449218,3.880
1783088445316465009,3.870
1783088445320462711,5.341
1783088445325448039,7.753
1783088445330452744,7.757
1783088445335455942,5.328
1783088445340449471,3.870
1783088445345454438,3.875
1783088445350450429,7.629
1783088445355453029,7.754
1783088445360896310,6.334
1783088445365448861,3.868
1783088445370453419,3.874
1783088445375453711,6.393
1783088445380452879,7.759
1783088445385456901,7.758
1783088445390455005,3.898
1783088445395452872,3.877
1783088445400456735,5.180
1783088445405456933,7.757
1783088445410455106,7.753
1783088445415452710,5.138
1783088445420452027,3.878
1783088445425453776,3.936
1783088445430451847,7.761
1783088445435450712,7.752
1783088445440454234,6.361
1783088445445455128,3.875
1783088445450454862,3.876
1783088445455457768,6.632
1783088445460452746,7.758
1783088445465457664,7.508
1783088445470453286,3.868
1783088445475455970,3.873
1783088445480455638,5.502
1783088445485452436,7.756
1783088445490456058,7.752
1783088445495457140,4.761
1783088445500451408,3.880
1783088445505459012,4.291
1783088445510457114,7.757
1783088445515458352,7.756
1783088445520463217,5.984
1783088445525459450,3.878
1783088445530456597,3.867
1783088445535455553,6.962
1783088445540451601,7.757
1783088445545456756,7.224
1783088445550453339,3.878
1783088445555460657,3.870
1783088445560458075,5.710
1783088445565457815,7.758
1783088445570457481,7.758
1783088445575458087,4.581
1783088445580453997,3.870
1783088445585458915,4.524
1783088445590454903,7.752
1783088445595458519,7.759
1783088445600457708,5.734
1783088445605459879,3.874
1783088445610460997,3.876
1783088445615459026,7.217
1783088445620456940,7.754
1783088445625458338,6.966
1783088445630457465,3.867
1783088445635458999,3.874
1783088445640458977,5.974
1783088445645460546,7.755
1783088445650459918,7.752
1783088445655462942,4.307
1783088445660456673,3.880
1783088445665460486,4.793
1783088445670455872,7.758
1783088445675459968,7.758
1783088445680462360,5.462
1783088445685456654,3.871
1783088445690460036,3.873
1783088445695459063,7.544
1783088445700455784,7.756
1783088445705467054,6.610
1783088445710458084,3.874
1783088445715459190,3.874
1783088445720462208,6.334
1783088445725460528,7.760
1783088445730463431,7.746
1783088445735459193,3.965
1783088445740457960,3.868
1783088445745463901,5.113
1783088445750457479,7.761
1783088445755461490,7.751
1783088445760464507,5.161
1783088445765461057,3.878
1783088445770462664,3.938
1783088445775459187,7.756
1783088445780459253,7.757
1783088445785470993,6.523
1783088445790461921,3.874
1783088445795464989,3.866
1783088445800463017,6.392
1783088445805467228,7.758
1783088445810466826,7.744
1783088445815460149,3.881
1783088445820460255,3.872
1783088445825462973,5.254
1783088445830461027,7.754
1783088445835464412,7.754
1783088445840462423,4.998
1783088445845460345,3.868
1783088445850464326,4.132
1783088445855464856,7.757
1783088445860465698,7.749
1783088445865465484,6.123
1783088445870462438,3.879
1783088445875465488,3.875
1783088445880463858,6.887
1783088445885464335,7.757
1783088445890464888,7.230
1783088445895462872,3.877
1783088445900468676,3.871
1783088445905468880,5.773
1783088445910462794,7.753
1783088445915466470,7.754
1783088445920466026,4.487
1783088445925464775,3.878
1783088445930467326,4.611
1783088445935464396,7.755
1783088445940464689,7.757
1783088445945466367,5.626
1783088445950462105,3.870
1783088445955467467,3.873
1783088445960466899,7.372
1783088445965464623,7.759
1783088445970470813,6.754
1783088445975463811,3.876
1783088445980466898,3.873
1783088445985467135,6.258
1783088445990463893,7.756
1783088445995473631,7.749
1783088446000467549,3.991
1783088446005467721,3.875
1783088446010470253,5.113
1783088446015465507,7.758
1783088446020467892,7.754
1783088446025472138,5.135
1783088446030465357,3.870
1783088446035468429,3.932
1783088446040466328,7.761
1783088446045467590,7.756
1783088446050470353,6.313
1783088446055472707,3.873
1783088446060471529,3.876
1783088446065473683,6.581
1783088446070465848,7.756
1783088446075469643,7.558
1783088446080467596,3.877
1783088446085466682,3.876
1783088446090470084,5.418
1783088446095466251,7.764
1783088446100469774,7.752
1783088446105472810,4.804
1783088446110467210,3.880
1783088446115469708,4.313
1783088446120468452,7.753
1783088446125473693,7.756
1783088446130473184,5.942
1783088446135470353,3.878
1783088446140470723,3.875
1783088446145473117,7.055
1783088446150467372,7.760
1783088446155470897,7.086
1783088446160469399,3.876
1783088446165474645,3.871
1783088446170472903,5.917
1783088446175468673,7.757
1783088446180470216,7.755
1783088446185470149,4.345
1783088446190466915,3.878
1783088446195471385,4.775
1783088446200468211,7.756
1783088446205474953,7.754
1783088446210472923,5.464
1783088446215471020,3.879
1783088446220473725,3.873
1783088446225475192,7.523
1783088446230469659,7.759
1783088446235473973,6.609
1783088446240470837,3.867
1783088446245475915,3.882
1783088446250473242,6.393
1783088446255472856,7.758
1783088446260471058,7.753
1783088446265468020,7.755
1783088446270468063,7.758
1783088446275471432,7.752
1783088446280469670,7.760
1783088446285474040,7.758
1783088446290468871,7.755
1783088446295469349,7.753
1783088446300470247,7.756
1783088446305476710,7.761
1783088446310469542,7.755
1783088446315475219,7.756
1783088446320475134,7.758
1783088446325473707,7.753
1783088446330472850,7.759
1783088446335470687,7.754
1783088446340470605,7.758
1783088446345472981,7.754
1783088446350470138,7.755
1783088446355473710,7.759
1783088446360470306,7.756
1783088446365469840,7.758
1783088446370471989,7.754
1783088446375470687,7.753
1783088446380473261,7.760
1783088446385474212,7.756
1783088446390473945,7.751
1783088446395473259,7.759
1783088446400474731,7.755
1783088446405476379,7.755
1783088446410476513,7.757
1783088446415471847,7.758
1783088446420472512,7.757
1783088446425474715,7.754
1783088446430472268,7.754
1783088446435471727,7.758
1783088446440470704,7.752
1783088446445475387,7.757
1783088446450471749,7.756
1783088446455475763,7.758
1783088446460473676,7.754
1783088446465476087,7.761
1783088446470472912,7.749
1783088446475473055,7.757
1783088446480472428,7.759
1783088446485475169,7.759
1783088446490473051,7.756
1783088446495472182,7.752
1783088446500472605,7.757
1783088446505479834,7.757
1783088446510478112,7.757
1783088446515475054,7.755
1783088446520475475,7.757
1783088446525475326,7.758
1783088446530476260,7.756
1783088446535477534,7.756
1783088446540474047,7.756
1783088446545473970,7.751
1783088446550474684,7.756
1783088446555476957,7.761
1783088446560475275,7.753
1783088446565475264,7.758
1783088446570475535,7.757
1783088446575474641,7.752
1783088446580484072,7.757
1783088446585474341,7.759
1783088446590475291,7.756
1783088446595475119,7.758
1783088446600476009,7.749
1783088446605482249,7.748
1783088446610488005,7.769
1783088446615476067,7.755
1783088446620477610,7.755
1783088446625477312,7.758
1783088446630476697,7.752
1783088446635479077,7.761
1783088446640479655,7.750
1783088446645483937,7.758
1783088446650481710,7.761
1783088446655481141,7.752
1783088446660478212,7.755
1783088446665478401,7.757
1783088446670477821,7.758
1783088446675476568,7.753
1783088446680478426,7.762
1783088446685477128,7.753
1783088446690478342,7.756
1783088446695480988,7.760
1783088446700477622,7.756
1783088446705480344,7.753
1783088446710479998,7.755
1783088446715478851,7.756
1783088446720479426,7.757
1783088446725479227,7.758
1783088446730481346,7.754
1783088446735480516,7.752
1783088446740476926,7.763
1783088446745479748,7.753
1783088446750484695,7.750
1783088446755481164,7.763
1783088446760483238,7.754
1783088446765480191,7.755
1783088446770479854,7.758
1783088446775480565,7.756
1783088446780479243,7.753
1783088446785486351,7.760
1783088446790483745,7.755
1783088446795480215,7.756
1783088446800481081,7.756
1783088446805483491,7.754
1783088446810489805,7.755
1783088446815484474,7.759
1783088446820484805,7.750
1783088446825482075,7.762
1783088446830489804,7.753
1783088446835481043,7.757
1783088446840481418,7.757
1783088446845481198,7.758
1783088446850483187,7.754
1783088446855483583,7.757
1783088446860482483,7.759
1783088446865481714,7.752
1783088446870485128,7.759
1783088446875482181,7.755
1783088446880481882,7.751
1783088446885486872,7.757
1783088446890483450,7.756
1783088446895484426,7.756
1783088446900482361,7.761
1783088446905486346,7.751
1783088446910485772,7.758
1783088446915483214,7.755
1783088446920483951,7.756
1783088446925483742,7.758
1783088446930486014,7.754
1783088446935483812,7.754
1783088446940482644,7.759
1783088446945483981,7.755
1783088446950488166,7.758
1783088446955485082,7.755
1783088446960484311,7.754
1783088446965482269,7.759
1783088446970492892,7.755
1783088446975484014,7.757
1783088446980484934,7.756
1783088446985484661,7.751
1783088446990486499,7.762
1783088446995484047,7.754
1783088447000484067,7.758
1783088447005485953,7.755
1783088447010488987,7.753
1783088447015485809,7.756
1783088447020484655,7.759
1783088447025485877,7.756
1783088447030490367,7.758
1783088447035484684,7.753
1783088447040485318,7.757
1783088447045485693,7.757
1783088447050488090,7.754
1783088447055488412,7.757
1783088447060486954,7.760
1783088447065485976,7.752
1783088447070487750,7.755
1783088447075486235,7.760
1783088447080486998,7.749
1783088447085486958,7.758
1783088447090487618,7.757
1783088447095486004,7.760
1783088447100485586,7.758
1783088447105497080,7.740
1783088447110491066,7.767
1783088447115487878,7.756
1783088447120488526,7.757
1783088447125495352,7.747
1783088447130491732,7.763
1783088447135490359,7.760
1783088447140488816,7.753
1783088447145494795,7.748
1783088447150495405,7.770
1783088447155491122,7.750
1783088447160488442,7.755
1783088447165496799,7.745
1783088447170489549,7.769
1783088447175487235,7.761
1783088447180490049,7.753
1783088447185494764,7.743
1783088447190491833,7.769
1783088447195488871,7.755
1783088447200487293,7.753
1783088447205496787,7.750
1783088447210492333,7.764
1783088447215490491,7.760
1783088447220490576,7.747
1783088447225496981,7.751
1783088447230490380,7.768
1783088447235490315,7.758
1783088447240489300,7.752
1783088447245496639,7.746
1783088447250490481,7.767
1783088447255491150,7.757
1783088447260489792,7.753
1783088447265497202,7.746
1783088447270493904,7.770
1783088447275493054,7.752
1783088447280490730,7.761
1783088447285501236,7.736
1783088447290492141,7.777
1783088447295492752,7.750
1783088447300491880,7.759
1783088447305500182,7.745
1783088447310496905,7.763
1783088447315493134,7.763
1783088447320492724,7.751
1783088447325502201,7.743
1783088447330496188,7.767
1783088447335493170,7.762
1783088447340492487,7.752
1783088447345506622,7.750
1783088447350496871,7.766
1783088447355496422,7.751
1783088447360494125,7.761
1783088447365501723,7.746
1783088447370494343,7.762
1783088447375493741,7.759
1783088447380495289,7.755
1783088447385503497,7.752
1783088447390496998,7.761
1783088447395497493,7.757
1783088447400496909,7.758
1783088447405505685,7.744
1783088447410498797,7.768
1783088447415494489,7.750
1783088447420496162,7.762
1783088447425503671,7.739
1783088447430496423,7.769
1783088447435494536,7.760
1783088447440493879,7.752
1783088447445499992,7.748
1783088447450495463,7.765
1783088447455496880,7.755
1783088447460495255,7.760
1783088447465501776,7.741
1783088447470497638,7.771
1783088447475496676,7.752
1783088447480495726,7.759
1783088447485501476,7.749
1783088447490499246,7.761
1783088447495495515,7.756
1783088447500495453,7.758
1783088447505507280,7.739
1783088447510502142,7.769
1783088447515497542,7.761
1783088447520498450,7.756
1783088447525502510,7.744
1783088447530497328,7.766
1783088447535496948,7.758
1783088447540499725,7.753
1783088447545505587,7.748
1783088447550502934,7.762
1783088447555513875,7.754
1783088447560498855,7.760
1783088447565504919,7.748
1783088447570499397,7.766
1783088447575498307,7.752
1783088447580496365,7.761
1783088447585503414,7.740
1783088447590498777,7.772
1783088447595496851,7.754
1783088447600496189,7.759
1783088447605505984,7.742
1783088447610500295,7.766
1783088447615500206,7.758
1783088447620500778,7.757
1783088447625505623,7.743
1783088447630501841,7.763
1783088447635501870,7.758
1783088447640500368,7.760
1783088447645507568,7.746
1783088447650505446,7.761
1783088447655505518,7.757
1783088447660500573,7.758
1783088447665505346,7.743
1783088447670501916,7.770
1783088447675500574,7.753
1783088447680499439,7.759
1783088447685505014,7.749
1783088447690501404,7.763
1783088447695498662,7.755
1783088447700499987,7.756
1783088447705506534,7.754
1783088447710504008,7.755
1783088447715502437,7.760
1783088447720503815,7.755
1783088447725504901,7.756
1783088447730507120,7.754
1783088447735501846,7.759
1783088447740500780,7.759
1783088447745507533,7.740
1783088447750505951,7.767
1783088447755506161,7.757
1783088447760506695,7.757
1783088447765509689,7.746
1783088447770507387,7.761
1783088447775504745,7.755
1783088447780502623,7.761
1783088447785507872,7.749
1783088447790506966,7.759
1783088447795504227,7.755
1783088447800503367,7.759
1783088447805509289,7.755
1783088447810507295,7.754
1783088447815505298,7.761
1783088447820503923,7.753
1783088447825507427,7.752
1783088447830506890,7.765
1783088447835508863,7.748
1783088447840504288,7.765
1783088447845507818,7.745
1783088447850506454,7.760
1783088447855508588,7.761
1783088447860505769,7.755
1783088447865508140,7.754
1783088447870505701,7.754
1783088447875507512,7.762
1783088447880504950,7.755
1783088447885508784,7.752
1783088447890506658,7.761
1783088447895506344,7.751
1783088447900505905,7.758
1783088447905510928,7.757
1783088447910508246,7.755
1783088447915509150,7.756
1783088447920508401,7.759
1783088447925510531,7.754
1783088447930508826,7.753
1783088447935507935,7.759
1783088447940510367,7.757
1783088447945510939,7.748
1783088447950509901,7.764
1783088447955510899,7.756
1783088447960508806,7.754
1783088447965510087,7.756
1783088447970508082,7.761
1783088447975507838,7.751
1783088447980506005,7.760
1783088447985508081,7.754
1783088447990511112,7.753
1783088447995507604,7.756
1783088448000507897,7.757
1783088448005511115,7.753
1783088448010514972,7.759
1783088448015510438,7.758
1783088448020510134,7.758
1783088448025509834,7.751
1783088448030514481,7.757
1783088448035509459,7.758
1783088448040508564,7.759
1783088448045517215,7.739
1783088448050511876,7.771
1783088448055512626,7.756
1783088448060511990,7.752
1783088448065510568,7.760
1783088448070511819,7.756
1783088448075510802,7.754
1783088448080510508,7.756
1783088448085518020,7.746
1783088448090510447,7.769
1783088448095510590,7.757
1783088448100511036,7.757
1783088448105514671,7.752
1783088448110511337,7.756
1783088448115511341,7.758
1783088448120512907,7.755
1783088448125514885,7.748
1783088448130515496,7.764
1783088448135515007,7.758
1783088448140512677,7.754
1783088448145511161,7.760
1783088448150515761,7.750
1783088448155516165,7.757
1783088448160514891,7.760
1783088448165512417,7.754
1783088448170514643,7.754
1783088448175512981,7.760
1783088448180512687,7.751
1783088448185514679,7.754
1783088448190514506,7.758
1783088448195513235,7.760
1783088448200512578,7.752
1783088448205515609,7.760
1783088448210517254,7.755
1783088448215518676,7.755
1783088448220515110,7.756
1783088448225517776,7.753
1783088448230515920,7.760
1783088448235520713,7.743
1783088448240514086,7.768
1783088448245515714,7.755
1783088448250515258,7.758
1783088448255516568,7.756
1783088448260514458,7.754
1783088448265515295,7.756
1783088448270518377,7.760
1783088448275514340,7.757
1783088448280515214,7.749
1783088448285518960,7.759
1783088448290521063,7.754
1783088448295515519,7.759
1783088448300517274,7.755
1783088448305519023,7.755
1783088448310519633,7.757
1783088448315528940,7.757
1783088448320526913,7.754
1783088448325518495,7.757
1783088448330520813,7.761
1783088448335515947,7.751
1783088448340516695,7.756
1783088448345562042,7.688
1783088448350555165,7.817
1783088448355526298,7.768
1783088448360524216,7.754
1783088448365517247,7.755
1783088448370520237,7.760
1783088448375516781,7.756
1783088448380526548,7.742
1783088448385521571,7.765
1783088448390519684,7.760
1783088448395517002,7.755
1783088448400515880,7.759
1783088448405521250,7.749
1783088448410518212,7.755
1783088448415519490,7.761
1783088448420520992,7.757
1783088448425518990,7.754
1783088448430517748,7.759
1783088448435518546,7.749
1783088448440517624,7.759
1783088448445517646,7.758
1783088448450518903,7.756
1783088448455520897,7.754
1783088448460519995,7.759
1783088448465519293,7.752
1783088448470519115,7.758
1783088448475518089,7.759
1783088448480518425,7.757
1783088448485520245,7.755
1783088448490518583,7.753
1783088448495516632,7.761
1783088448500518159,7.755
1783088448505523409,7.749
1783088448510523200,7.758
1783088448515521638,7.760
1783088448520521883,7.750
1783088448525523819,7.755
1783088448530522087,7.760
1783088448535521905,7.758
1783088448540519626,7.754
1783088448545521564,7.755
1783088448550521309,7.758
1783088448555522696,7.755
1783088448560520947,7.760
1783088448565521357,7.750
1783088448570521549,7.757
1783088448575521561,7.758
1783088448580522510,7.756
1783088448585521924,7.758
1783088448590523734,7.755
1783088448595521938,7.753
1783088448600520162,7.760
1783088448605523336,7.753
1783088448610522172,7.759
1783088448615521682,7.758
1783088448620522760,7.756
1783088448625526578,7.752
1783088448630523969,7.755
1783088448635525312,7.755
1783088448640523754,7.760
1783088448645529210,7.749
1783088448650524968,7.764
1783088448655529491,7.751
1783088448660524286,7.759
1783088448665523643,7.759
1783088448670523082,7.757
1783088448675522936,7.753
1783088448680523809,7.756
1783088448685525415,7.755
1783088448690523592,7.757
1783088448695523719,7.754
1783088448700523837,7.757
1783088448705528825,7.757
1783088448710525843,7.755
1783088448715524223,7.760
1783088448720526127,7.755
1783088448725526259,7.750
1783088448730525408,7.759
1783088448735525342,7.758
1783088448740524171,7.759
1783088448745526198,7.748
1783088448750526412,7.757
1783088448755527698,7.756
1783088448760533182,7.756
1783088448765531995,7.759
1783088448770529346,7.755
1783088448775528015,7.760
1783088448780534382,7.755
1783088448785529446,7.751
1783088448790528130,7.760
1783088448795529908,7.755
1783088448800530148,7.757
1783088448805533164,7.753
1783088448810529956,7.763
1783088448815529519,7.751
1783088448820529460,7.758
1783088448825532736,7.752
1783088448830531872,7.759
1783088448835530532,7.760
1783088448840529744,7.752
1783088448845531746,7.754
1783088448850529692,7.761
1783088448855532373,7.753
1783088448860534536,7.754
1783088448865533314,7.753
1783088448870529992,7.763
1783088448875530901,7.756
1783088448880529719,7.756
1783088448885534585,7.753
1783088448890533074,7.760
1783088448895531957,7.752
1783088448900530739,7.759
1783088448905537583,7.754
1783088448910534115,7.756
1783088448915529799,7.757
1783088448920530066,7.757
1783088448925531941,7.755
1783088448930531273,7.759
1783088448935530420,7.752
1783088448940529107,7.760
1783088448945532061,7.753
1783088448950530312,7.753
1783088448955533150,7.760
1783088448960531410,7.753
1783088448965530413,7.759
1783088448970528946,7.753
1783088448975531022,7.754
1783088448980530278,7.759
1783088448985532488,7.754
1783088448990530208,7.761
1783088448995529199,7.752
1783088449000529754,7.757
1783088449005533311,7.759
1783088449010535118,7.755
1783088449015532245,7.755
1783088449020531876,7.758
1783088449025534143,7.754
1783088449030532861,7.758
1783088449035531328,7.755
1783088449040533147,7.755
1783088449045531575,7.760
1783088449050531037,7.757
1783088449055534211,7.754
1783088449060533509,7.752
1783088449065533557,7.757
1783088449070534455,7.756
1783088449075532295,7.754
1783088449080533033,7.756
1783088449085532843,7.758
1783088449090532627,7.758
1783088449095532927,7.757
1783088449100532436,7.751
1783088449105539088,7.754
1783088449110536113,7.762
1783088449115534363,7.753
1783088449120535013,7.757
1783088449125534002,7.759
1783088449130534116,7.757
1783088449135536987,7.753
1783088449140533287,7.756
1783088449145535266,7.754
1783088449150537270,7.754
1783088449155538386,7.756
1783088449160535684,7.755
1783088449165536194,7.757
1783088449170535594,7.758
1783088449175534292,7.760
1783088449180535301,7.756
1783088449185536814,7.748
1783088449190535584,7.759
1783088449195534644,7.759
1783088449200535604,7.756
1783088449205537469,7.755
1783088449210537598,7.757
1783088449215542498,7.750
1783088449220536041,7.761
1783088449225541185,7.757
1783088449230536155,7.758
1783088449235537195,7.749
1783088449240536079,7.759
1783088449245538916,7.753
1783088449250536955,7.761
1783088449255538041,7.756
1783088449260539263,7.756
1783088449265536665,7.755
1783088449270536947,7.757
1783088449275538889,7.755
1783088449280537319,7.753
1783088449285540134,7.760
1783088449290552243,7.760
1783088449295537617,7.753
1783088449300538861,7.756
1783088449305544988,7.755
1783088449310541404,7.756
1783088449315539233,7.754
1783088449320628558,7.758
1783088449325539740,7.757
1783088449330538956,7.759
1783088449335539306,7.750
1783088449340540470,7.757
1783088449345540452,7.756
1783088449350539342,7.759
1783088449355543731,7.751
1783088449360539582,7.764
1783088449365541412,7.748
1783088449370540900,7.758
1783088449375539656,7.759
1783088449380540250,7.757
1783088449385543807,7.752
1783088449390543584,7.758
1783088449395540891,7.755
1783088449400540154,7.759
1783088449405544337,7.751
1783088449410541385,7.762
1783088449415540588,7.752
1783088449420539153,7.760
1783088449425542724,7.752
1783088449430546657,7.758
1783088449435540273,7.754
1783088449440541121,7.756
1783088449445540734,7.758
1783088449450543637,7.760
1783088449455543411,7.751
1783088449460542795,7.759
1783088449465543039,7.757
1783088449470543976,7.756
1783088449475541078,7.755
1783088449480540445,7.759
1783088449485545454,7.750
1783088449490548421,7.760
1783088449495542594,7.753
1783088449500541364,7.759
1783088449505547274,7.748
1783088449510549800,7.761
1783088449515544358,7.752
1783088449520542730,7.760
1783088449525544001,7.756
1783088449530543954,7.758
1783088449535544293,7.757
1783088449540544510,7.756
1783088449545547346,7.755
1783088449550542772,7.758
1783088449555546838,7.751
1783088449560544983,7.760
1783088449565544177,7.752
1783088449570544015,7.758
1783088449575544686,7.757
1783088449580543971,7.759
1783088449585545058,7.749
1783088449590543167,7.761
1783088449595544000,7.756
1783088449600543131,7.759
1783088449605547605,7.751
1783088449610546703,7.759
1783088449615545129,7.753
1783088449620544531,7.758
1783088449625545833,7.756
1783088449630547343,7.755
1783088449635547111,7.758
1783088449640546323,7.759
1783088449645551933,7.749
1783088449650547626,7.757
1783088449655551055,7.759
1783088449660546387,7.758
1783088449665547964,7.755
1783088449670548816,7.756
1783088449675546400,7.754
1783088449680545914,7.758
1783088449685546740,7.751
1783088449690546535,7.763
1783088449695544680,7.754
1783088449700546316,7.755
1783088449705555794,7.750
1783088449710549702,7.760
1783088449715548288,7.760
1783088449720547915,7.751
1783088449725550376,7.754
1783088449730552246,7.762
1783088449735547631,7.758
1783088449740547762,7.757
1783088449745548238,7.750
1783088449750548018,7.758
1783088449755549832,7.755
1783088449760551632,7.755
1783088449765550751,7.759
1783088449770548602,7.754
1783088449775549555,7.756
1783088449780548982,7.758
1783088449785549847,7.756
1783088449790548801,7.759
1783088449795555730,7.754
1783088449800552305,7.756
1783088449805554622,7.754
1783088449810550171,7.758
1783088449815549509,7.759
1783088449820548425,7.752
1783088449825553090,7.757
1783088449830552736,7.758
1783088449835551786,7.752
1783088449840552048,7.757
1783088449845550911,7.754
1783088449850550649,7.756
1783088449855552907,7.756
1783088449860553544,7.757
1783088449865559202,7.747
1783088449870553660,7.766
1783088449875549378,7.757
1783088449880552862,7.752
1783088449885559434,7.754
1783088449890555671,7.763
1783088449895551209,7.758
1783088449900550976,7.751
1783088449905557932,7.754
1783088449910557728,7.758
1783088449915553217,7.758
1783088449920552495,7.759
1783088449925554145,7.755
1783088449930556420,7.754
1783088449935552809,7.756
1783088449940552080,7.759
1783088449945553109,7.756
1783088449950555643,7.754
1783088449955556149,7.757
1783088449960552959,7.756
1783088449965553533,7.757
1783088449970557245,7.752
1783088449975553337,7.762
1783088449980553710,7.752
1783088449985554109,7.757
1783088449990557786,7.759
1783088449995552448,7.752
1783088450000552633,7.757
1783088450005559477,7.754
1783088450010564849,7.749
1783088450015555201,7.766
1783088450020553934,7.760
1783088450025555737,7.755
1783088450030555039,7.752
1783088450035555177,7.757
1783088450040554186,7.759
1783088450045556542,7.754
1783088450050553442,7.755
1783088450055558130,7.757
1783088450060555936,7.754
1783088450065556439,7.757
1783088450070555692,7.759
1783088450075555824,7.757
1783088450080557750,7.755
1783088450085554736,7.755
1783088450090555689,7.756
1783088450095555620,7.758
1783088450100555985,7.750
1783088450105560779,7.757
1783088450110558809,7.761
1783088450115556511,7.754
1783088450120557233,7.756
1783088450125558382,7.756
1783088450130560387,7.754
1783088450135558903,7.760
1783088450140557017,7.754
1783088450145558301,7.756
1783088450150560937,7.760
1783088450155561389,7.750
1783088450160557607,7.753
1783088450165558258,7.760
1783088450170559657,7.755
1783088450175556939,7.762
1783088450180558037,7.752
1783088450185558375,7.754
1783088450190559584,7.756
1783088450195558194,7.760
1783088450200558129,7.758
1783088450205560978,7.753
1783088450210563106,7.754
1783088450215562539,7.758
1783088450220562664,7.757
1783088450225561134,7.753
1783088450230561571,7.757
1783088450235562409,7.756
1783088450240560484,7.761
1783088450245563642,7.753
1783088450250561128,7.755
1783088450255561521,7.757
1783088450260562726,7.756
1783088450265559604,7.755
1783088450270563176,7.752
1783088450275559374,7.763
1783088450280560818,7.755
1783088450285564973,7.751
1783088450290564168,7.759
1783088450295560851,7.756
1783088450300560483,7.758
1783088450305564657,7.751
1783088450310565255,7.757
1783088450315561290,7.757
1783088450320974689,7.760
1783088450325564161,7.750
1783088450330562531,7.760
1783088450335562628,7.757
1783088450340561260,7.753
1783088450345565471,7.758
1783088450350562523,7.755
1783088450355565734,7.753
1783088450360562903,7.762
1783088450365564305,7.748
1783088450370562314,7.761
1783088450375562780,7.757
1783088450380565295,7.754
1783088450385565556,7.757
1783088450390564034,7.753
1783088450395562343,7.760
1783088450400562834,7.757
1783088450405566999,7.751
1783088450410569364,7.761
1783088450415564184,7.752
1783088450420563886,7.758
1783088450425566087,7.754
1783088450430567729,7.760
1783088450435564052,7.751
1783088450440562594,7.760
1783088450445564308,7.755
1783088450450566726,7.761
1783088450455567133,7.750
1783088450460564573,7.756
1783088450465565455,7.754
1783088450470564799,7.759
1783088450475563107,7.760
1783088450480564170,7.756
1783088450485566328,7.749
1783088450490564501,7.759
1783088450495563735,7.759
1783088450500564177,7.757
1783088450505568605,7.751
1783088450510570361,7.755
1783088450515569563,7.759
1783088450520565921,7.756
1783088450525568430,7.754
1783088450530566473,7.761
1783088450535570914,7.758
1783088450540565538,7.752
1783088450545570498,7.757
1783088450550553917,7.763
1783088450555554007,7.757
1783088450560552338,7.760
1783088450565553406,7.749
1783088450570552749,7.759
1783088450575553831,7.756
1783088450580550564,7.756
1783088450585553194,7.753
1783088450590555402,7.761
1783088450595558007,7.754
1783088450600560081,7.754
1783088450605562930,7.753
1783088450610569189,7.755
1783088450615568954,7.758
1783088450620567776,7.752
1783088450625569801,7.754
1783088450630568954,7.759
1783088450635570659,7.755
1783088450640570427,7.758
1783088450645575773,7.749
1783088450650571464,7.757
1783088450655572433,7.756
1783088450660570219,7.761
1783088450665569181,7.752
1783088450670571251,7.761
1783088450675569165,7.754
1783088450680568942,7.758
1783088450685570333,7.755
1783088450690569978,7.751
1783088450695570314,7.757
1783088450700569010,7.760
1783088450705578066,7.750
1783088450710571530,7.761
1783088450715570812,7.752
1783088450720570104,7.759
1783088450725572517,7.754
1783088450730571437,7.759
1783088450735573305,7.755
1783088450740569363,7.757
1783088450745571352,7.754
1783088450750570339,7.759
1783088450755573204,7.753
1783088450760573102,7.758
1783088450765574218,7.756
1783088450770573002,7.753
1783088450775571292,7.760
1783088450780571354,7.757
1783088450785572475,7.751
1783088450790572377,7.756
1783088450795572906,7.757
1783088450800574608,7.762
1783088450805575711,7.749
1783088450810573214,7.761
1783088450815573199,7.751
1783088450820573085,7.758
1783088450825574268,7.756
1783088450830574113,7.758
1783088450835573209,7.759
1783088450840571921,7.753
1783088450845573003,7.756
1783088450850572343,7.759
1783088450855577275,7.750
1783088450860574039,7.763
1783088450865576022,7.754
1783088450870576769,7.756
1783088450875572387,7.757
1783088450880572493,7.757
1783088450885576588,7.751
1783088450890576400,7.758
1783088450895575170,7.753
1783088450900574377,7.759
1783088450905581748,7.753
1783088450910577928,7.757
1783088450915575150,7.762
1783088450920575367,7.750
1783088450925577452,7.754
1783088450930575863,7.760
1783088450935576678,7.756
1783088450940574212,7.754
1783088450945577198,7.753
1783088450950575922,7.760
1783088450955577940,7.754
1783088450960576598,7.760
1783088450965576325,7.751
1783088450970576407,7.757
1783088450975579190,7.760
1783088450980575959,7.756
1783088450985580887,7.746
1783088450990576705,7.766
1783088450995575453,7.754
1783088451000575401,7.758
1783088451005581307,7.748
1783088451010581745,7.764
1783088451015577895,7.757
1783088451020577546,7.751
1783088451025584445,7.754
1783088451030579389,7.758
1783088451035578541,7.759
1783088451040577714,7.759
1783088451045577441,7.751
1783088451050579608,7.754
1783088451055583097,7.759
1783088451060577938,7.759
1783088451065578977,7.749
1783088451070578898,7.759
1783088451075582428,7.757
1783088451080581666,7.759
1783088451085579139,7.755
1783088451090578146,7.752
1783088451095581200,7.760
1783088451100578600,7.755
1783088451105584160,7.756
1783088451110580798,7.756
1783088451115584403,7.754
1783088451120579270,7.757
1783088451125581524,7.754
1783088451130581397,7.758
1783088451135585086,7.759
1783088451140579682,7.759
1783088451145580751,7.752
1783088451150581417,7.753
1783088451155586147,7.757
1783088451160581689,7.758
1783088451165581287,7.758
1783088451170581413,7.757
1783088451175580903,7.751
1783088451180580341,7.758
1783088451185582039,7.755
1783088451190580732,7.756
1783088451195582705,7.758
1783088451200581368,7.753
1783088451205584598,7.753
1783088451210582513,7.761
1783088451215583852,7.755
1783088451220581065,7.755
1783088451225584923,7.759
1783088451230583246,7.753
1783088451235582064,7.759
1783088451240581308,7.759
1783088451245583410,7.747
1783088451250581952,7.760
1783088451255587486,7.756
1783088451260584863,7.755
1783088451265582810,7.754
1783088451270584864,7.754
1783088451275582921,7.761
1783088451280583095,7.757
1783088451285585642,7.754
1783088451290587424,7.755
1783088451295745127,7.762
1783088451300582356,7.754
1783088451305589917,7.748
1783088451310585483,7.763
1783088451315587753,7.761
1783088451320595179,7.753
1783088451325585157,7.752
1783088451330587335,7.761
1783088451335587811,7.757
1783088451340583395,7.757
1783088451345585457,7.747
1783088451350587995,7.761
1783088451355590428,7.754
1783088451360584562,7.760
1783088451365585304,7.753
1783088451370585229,7.754
1783088451375586567,7.762
1783088451380588484,7.755
1783088451385588012,7.751
1783088451390585886,7.761
1783088451395588460,7.754
1783088451400583624,7.758
1783088451405588804,7.750
1783088451410586332,7.761
1783088451415586672,7.757
1783088451420585498,7.754
1783088451425587553,7.753
1783088451430588794,7.763
1783088451435587115,7.753
1783088451440585210,7.761
1783088451445587518,7.752
1783088451450587049,7.755
1783088451455588619,7.753
1783088451460587238,7.760
1783088451465587539,7.757
1783088451470588075,7.757
1783088451475587255,7.752
1783088451480587609,7.757
1783088451485587967,7.757
1783088451490586694,7.760
1783088451495587243,7.757
1783088451500586765,7.751
1783088451505592148,7.756
1783088451510592819,7.757
1783088451515591395,7.753
1783088451520588573,7.762
1783088451525590934,7.754
1783088451530589712,7.758
1783088451535589506,7.753
1783088451540588172,7.760
1783088451545590978,7.753
1783088451550591600,7.757
1783088451555594730,7.754
1783088451560590612,7.755
1783088451565591350,7.756
1783088451570591836,7.757
1783088451575588962,7.755
1783088451580589936,7.756
1783088451585589548,7.758
1783088451590589604,7.757
1783088451595592769,7.760
1783088451600589803,7.748
1783088451605592330,7.761
1783088451610589630,7.755
1783088451615593375,7.759
1783088451620588879,7.751
1783088451625591498,7.760
1783088451630591791,7.750
1783088451635593674,7.762
1783088451640597751,7.744
1783088451645597570,7.765
1783088451650595041,7.755
1783088451655596709,7.755
1783088451660593588,7.762
1783088451665592949,7.752
1783088451670593211,7.757
1783088451675594223,7.756
1783088451680592587,7.760
1783088451685591329,7.753
1783088451690596826,7.756
1783088451695593855,7.755
1783088451700594778,7.749
1783088451705598413,7.759
1783088451710595736,7.762
1783088451715596632,7.756
1783088451720592994,7.756
1783088451725594121,7.756
1783088451730596735,7.754
1783088451735593646,7.755
1783088451740592316,7.760
1783088451745600402,7.752
1783088451750594230,7.760
1783088451755596443,7.754
1783088451760595960,7.757
1783088451765600055,7.753
1783088451770597624,7.761
1783088451775593629,7.750
1783088451780593422,7.758
1783088451785601651,7.752
1783088451790595885,7.760
1783088451795600634,7.750
1783088451800596793,7.764
1783088451805603163,7.755
1783088451810598529,7.758
1783088451815598295,7.758
1783088451820594723,7.756
1783088451825602675,7.752
1783088451830597887,7.758
1783088451835602317,7.756
1783088451840596095,7.755
1783088451845599567,7.759
1783088451850598204,7.753
1783088451855596718,7.760
1783088451860595981,7.752
1783088451865601990,7.755
1783088451870597752,7.757
1783088451875599350,7.755
1783088451880596137,7.756
1783088451885602576,7.761
1783088451890597484,7.752
1783088451895599318,7.756
1783088451900600380,7.761
1783088451905610642,7.749
1783088451910600684,7.759
1783088451915598964,7.753
1783088451920598012,7.759
1783088451925604330,7.755
1783088451930599851,7.758
1783088451935599916,7.757
1783088451940600223,7.750
1783088451945604159,7.758
1783088451950601248,7.755
1783088451955601146,7.758
1783088451960599766,7.760
1783088451965600997,7.756
1783088451970599220,7.753
1783088451975599649,7.757
1783088451980597782,7.760
1783088451985599693,7.755
1783088451990598393,7.753
1783088451995597421,7.759
1783088452000598931,7.755
1783088452005603051,7.751
1783088452010602063,7.759
1783088452015602613,7.757
1783088452020599695,7.755
1783088452025602381,7.753
1783088452030611010,7.758
1783088452035603469,7.755
1783088452040599147,7.757
1783088452045603833,7.757
1783088452050601058,7.755
1783088452055604936,7.758
1783088452060601630,7.751
1783088452065602880,7.754
1783088452070602278,7.759
1783088452075603396,7.758
1783088452080600991,7.760
1783088452085601104,7.750
1783088452090602126,7.763
1783088452095599303,7.755
1783088452100599570,7.757
1783088452105606380,7.747
1783088452110604577,7.760
1783088452115604511,7.758
1783088452120600909,7.756
1783088452125603312,7.754
1783088452130604883,7.755
1783088452135607451,7.761
1783088452140602221,7.752
1783088452145608704,7.754
1783088452150603465,7.759
1783088452155609359,7.755
1783088452160606213,7.756
1783088452165609730,7.759
1783088452170603433,7.753
1783088452175601266,7.759
1783088452180603748,7.755
1783088452185609235,7.756
1783088452190605529,7.756
1783088452195604138,7.753
1783088452200602756,7.760
1783088452205612306,7.750
1783088452210605184,7.762
1783088452215607899,7.753
1783088452220605046,7.755
1783088452225613216,7.759
1783088452230608042,7.752
1783088452235605070,7.755
1783088452240604324,7.759
1783088452245611370,7.754
1783088452250606424,7.758
1783088452255606910,7.757
1783088452260608462,7.755
1783088452265613825,7.756
1783088452270608704,7.759
1783088452275608365,7.751
1783088452280606723,7.760
1783088452285610419,7.759
1783088452290606999,7.756
1783088452295604548,7.754
1783088452300610795,7.755
1783088452305612761,7.755
1783088452310613668,7.756
1783088452315607193,7.761
1783088452320606671,7.751
1783088452325616045,7.757
1783088452330609582,7.761
1783088452335607351,7.754
1783088452340609455,7.754
1783088452345614097,7.757
1783088452350692398,7.761
1783088452355619892,7.749
1783088452360606921,7.760
1783088452365614008,7.754
1783088452370609144,7.758
1783088452375611632,7.754
1783088452380609487,7.754
1783088452385617268,7.756
1783088452390610376,7.758
1783088452395609232,7.759
1783088452400609658,7.755
1783088452405617468,7.754
1783088452410610254,7.755
1783088452415610858,7.757
1783088452420608750,7.761
1783088452425615634,7.754
1783088452430610952,7.751
1783088452435610023,7.759
1783088452440608703,7.760
1783088452445614273,7.756
1783088452450609893,7.757
1783088452455612651,7.753
1783088452460610745,7.754
1783088452465615479,7.757
1783088452470609709,7.754
1783088452475624015,7.754
1783088452480616944,7.748
1783088452485616499,7.765
1783088452490612681,7.757
1783088452495609998,7.758
1783088452500609069,7.756
1783088452505620110,7.754
1783088452510615368,7.758
1783088452515612990,7.754
1783088452520609624,7.756
1783088452525622071,7.759
1783088452530614844,7.755
1783088452535612194,7.755
1783088452540611400,7.759
1783088452545616614,7.756
1783088452550613430,7.756
1783088452555614158,7.756
1783088452560612073,7.754
1783088452565619490,7.753
1783088452570614524,7.758
1783088452575611641,7.755
1783088452580612383,7.756
1783088452585613790,7.755
1783088452590612460,7.760
1783088452595611929,7.751
1783088452600612787,7.763
1783088452605616933,7.751
1783088452610614056,7.755
1783088452615614658,7.757
1783088452620613343,7.760
1783088452625613330,7.751
1783088452630614095,7.756
1783088452635616467,7.761
1783088452640614695,7.753
1783088452645619565,7.757
1783088452650615167,7.754
1783088452655619065,7.755
1783088452660617087,7.754
1783088452665616260,7.759
1783088452670615251,7.759
1783088452675613360,7.754
1783088452680614578,7.756
1783088452685613647,7.759
1783088452690612819,7.754
1783088452695619476,7.752
1783088452700613810,7.759
1783088452705619537,7.756
1783088452710617036,7.755
1783088452715617124,7.757
1783088452720616354,7.759
1783088452725617310,7.756
1783088452730616356,7.752
1783088452735617564,7.756
1783088452740615704,7.760
1783088452745615931,7.757
1783088452750615533,7.751
1783088452755619287,7.759
1783088452760620136,7.756
1783088452765617123,7.755
1783088452770616301,7.755
1783088452775616839,7.753
1783088452780616110,7.759
1783088452785616075,7.758
1783088452790617837,7.755
1783088452795617199,7.759
1783088452800618921,7.755
1783088452805624755,7.755
1783088452810618360,7.754
1783088452815616931,7.760
1783088452820617751,7.755
1783088452825619439,7.757
1783088452830618120,7.753
1783088452835618672,7.757
1783088452840617696,7.757
1783088452845619054,7.757
1783088452850618048,7.752
1783088452855622730,7.757
1783088452860620884,7.754
1783088452865620140,7.759
1783088452870618469,7.760
1783088452875618496,7.751
1783088452880618292,7.758
1783088452885622390,7.758
1783088452890620882,7.753
1783088452895620680,7.758
1783088452900619658,7.752
1783088452905624935,7.756
1783088452910620868,7.757
1783088452915619680,7.759
1783088452920620079,7.757
1783088452925620634,7.750
1783088452930621353,7.756
1783088452935619831,7.760
1783088452940619651,7.758
1783088452945619339,7.751
1783088452950622457,7.760
1783088452955624673,7.754
1783088452960625390,7.756
1783088452965623425,7.754
1783088452970620244,7.763
1783088452975620756,7.750
1783088452980622536,7.755
1783088452985623372,7.756
1783088452990621770,7.760
1783088452995621277,7.758
1783088453000620659,7.752
1783088453005624148,7.759
1783088453010625742,7.753
1783088453015625076,7.753
1783088453020622058,7.762
1783088453025622185,7.750
1783088453030622706,7.757
1783088453035622584,7.758
1783088453040621640,7.759
1783088453045623418,7.755
1783088453050623438,7.756
1783088453055626656,7.754
1783088453060627901,7.756
1783088453065624855,7.755
1783088453070622642,7.754
1783088453075622508,7.758
1783088453080623684,7.756
1783088453085623220,7.758
1783088453090624789,7.755
1783088453095623291,7.760
1783088453100622785,7.751
1783088453105628281,7.756
1783088453110625309,7.755
1783088453115624195,7.759
1783088453120624797,7.757
1783088453125626345,7.755
1783088453130626916,7.757
1783088453135627011,7.757
1783088453140624713,7.754
1783088453145625722,7.756
1783088453150624389,7.758
1783088453155632102,7.754
1783088453160625973,7.753
1783088453165624983,7.759
1783088453170625264,7.757
1783088453175624884,7.753
1783088453180625650,7.755
1783088453185628118,7.754
1783088453190627958,7.758
1783088453195626616,7.760
1783088453200627504,7.756
1783088453205629138,7.755
1783088453210627632,7.753
1783088453215627697,7.757
1783088453220629781,7.760
1783088453225630065,7.752
1783088453230627562,7.755
1783088453235628518,7.758
1783088453240629540,7.761
1783088453245627761,7.753
1783088453250626621,7.752
1783088453255628859,7.761
1783088453260633051,7.751
1783088453265628809,7.757
1783088453270634295,7.749
1783088453275638913,7.757
1783088453280629834,7.765
1783088453285629657,7.751
1783088453290635670,7.762
1783088453295635841,7.757
1783088453300656610,7.753
1783088453305640558,7.748
1783088453310634036,7.761
1783088453315634409,7.757
1783088453320635072,7.757
1783088453325690606,7.755
1783088453330633980,7.755
1783088453335634228,7.757
1783088453340634511,7.757
1783088453345633947,7.752
1783088453350632482,7.760
1783088453355637280,7.757
1783088453360634748,7.755
1783088453365635164,7.757
1783088453370633093,7.754
1783088453375632648,7.758
1783088453380632700,7.757
1783088453385628747,7.757
1783088453390631365,7.754
1783088453395630107,7.760
1783088453400631310,7.756
1783088453405623752,7.752
1783088453410633242,7.760
1783088453415636240,7.753
1783088453420631085,7.759
1783088453425632141,7.756
1783088453430633273,7.756
1783088453435633087,7.758
1783088453440636473,7.752
1783088453445631522,7.758
1783088453450631231,7.758
1783088453455635011,7.752
1783088453460636147,7.756
1783088453465631639,7.758
1783088453470633388,7.755
1783088453475631910,7.760
1783088453480632132,7.757
1783088453485632644,7.750
1783088453490634892,7.761
1783088453495633382,7.753
1783088453500632164,7.759
1783088453505636956,7.750
1783088453510636426,7.758
1783088453515633906,7.755
1783088453520635910,7.761
1783088453525632600,7.756
1783088453530635551,7.753
1783088453535635854,7.757
1783088453540635062,7.752
1783088453545635052,7.758
1783088453550636183,7.756
1783088453555640726,7.757
1783088453560635339,7.757
1783088453565634657,7.753
1783088453570634747,7.757
1783088453575633513,7.759
1783088453580638787,7.749
1783088453585635010,7.757
1783088453590633903,7.759
1783088453595639049,7.757
1783088453600633957,7.759
1783088453605637616,7.752
1783088453610636099,7.760
1783088453615635725,7.751
1783088453620638126,7.756
1783088453625635837,7.759
1783088453630637778,7.755
1783088453635639733,7.755
1783088453640640191,7.757
1783088453645643600,7.752
1783088453650638126,7.759
1783088453655642116,7.758
1783088453660642766,7.757
1783088453665636022,7.754
1783088453670638182,7.754
1783088453675637060,7.759
1783088453680640410,7.756
1783088453685637496,7.752
1783088453690636586,7.759
1783088453695636610,7.758
1783088453700642028,7.754
1783088453705643779,7.753
1783088453710640229,7.760
1783088453715639723,7.751
1783088453720638860,7.759
1783088453725639027,7.757
1783088453730641189,7.754
1783088453735639743,7.760
1783088453740639473,7.751
1783088453745639359,7.758
1783088453750638281,7.759
1783088453755641935,7.752
1783088453760643010,7.756
1783088453765644294,7.756
1783088453770639397,7.758
1783088453775639037,7.758
1783088453780639455,7.757
1783088453785639758,7.752
1783088453790640476,7.755
1783088453795641214,7.756
1783088453800639236,7.761
1783088453805644026,7.752
1783088453810642816,7.758
1783088453815644753,7.755
1783088453820639864,7.758
1783088453825646362,7.754
1783088453830646292,7.758
1783088453835644890,7.753
1783088453840644188,7.759
1783088453845645268,7.756
1783088453850644968,7.758
1783088453855647138,7.754
1783088453860644500,7.755
1783088453865646305,7.755
1783088453870644363,7.761
1783088453875644030,7.758
1783088453880644401,7.750
1783088453885647913,7.757
1783088453890647159,7.754
1783088453895644720,7.761
1783088453900644633,7.758
1783088453905650892,7.748
1783088453910647561,7.763
1783088453915645347,7.754
1783088453920645431,7.757
1783088453925646564,7.756
1783088453930647202,7.757
1783088453935646424,7.752
1783088453940645778,7.759
1783088453945649296,7.752
1783088453950646878,7.761
1783088453955649740,7.753
1783088453960651728,7.754
1783088453965652927,7.756
1783088453970649054,7.757
1783088453975646894,7.754
1783088453980649370,7.754
1783088453985645612,7.763
1783088453990644596,7.752
1783088453995643234,7.760
1783088454000644374,7.756
1783088454005648362,7.751
1783088454010650534,7.754
1783088454015647056,7.763
1783088454020646655,7.751
1783088454025644908,7.760
1783088454030646533,7.755
1783088454035646047,7.758
1783088454040646997,7.756
1783088454045647300,7.750
1783088454050645518,7.760
1783088454055647563,7.754
1783088454060649501,7.761
1783088454065646774,7.755
1783088454070646345,7.751
1783088454075647566,7.756
1783088454080648805,7.756
1783088454085647467,7.760
1783088454090646827,7.759
1783088454095646123,7.752
1783088454100649236,7.760
1783088454105650152,7.749
1783088454110648873,7.760
1783088454115647090,7.760
1783088454120650274,7.753
1783088454125647631,7.755
1783088454130647650,7.758
1783088454135650546,7.753
1783088454140652875,7.754
1783088454145648051,7.758
1783088454150647492,7.758
1783088454155651798,7.751
1783088454160654076,7.761
1783088454165648849,7.755
1783088454170649199,7.754
1783088454175649759,7.757
1783088454180648059,7.760
1783088454185648422,7.750
1783088454190651000,7.760
1783088454195648743,7.754
1783088454200648655,7.758
1783088454205652237,7.752
1783088454210649691,7.762
1783088454215652444,7.753
1783088454220653306,7.756
1783088454225653973,7.757
1783088454230654135,7.757
1783088454235654416,7.757
1783088454240652914,7.753
1783088454245653836,7.756
1783088454250649961,7.757
1783088454255651892,7.755
1783088454260652577,7.757
1783088454265650796,7.753
1783088454270650120,7.759
1783088454275650276,7.757
1783088454280658782,7.758
1783088454285655300,7.756
1783088454290655591,7.750
1783088454295657348,7.762
1783088454300654778,7.755
1783088454305655812,7.749
1783088454310659061,7.759
1783088454315652527,7.761
1783088454320655481,7.753
1783088454325652295,7.756
1783088454330653346,7.756
1783088454335652523,7.759
1783088454340656291,7.752
1783088454345653503,7.762
1783088454350651285,7.754
1783088454355658119,7.754
1783088454360656593,7.760
1783088454365653551,7.755
1783088454370653700,7.750
1783088454375653043,7.759
1783088454380658181,7.757
1783088454385624424,7.755
1783088454390653892,7.760
1783088454395656283,7.754
1783088454400655432,7.757
1783088454405622450,7.755
1783088454410654033,7.757
1783088454415657034,7.753
1783088454420658092,7.756
1783088454425653638,7.758
1783088454430671659,7.757
1783088454435654714,7.756
1783088454440657520,7.753
1783088454445655942,7.760
1783088454450655151,7.752
1783088454455657890,7.753
1783088454460661823,7.758
1783088454465656661,7.759
1783088454470655563,7.752
1783088454475655626,7.757
1783088454480682518,7.757
1783088454485658233,7.754
1783088454490660875,7.760
1783088454495654637,7.753
1783088454500661363,7.754
1783088454505660453,7.759
1783088454510659766,7.752
1783088454515656551,7.763
1783088454520659671,7.753
1783088454525656305,7.756
1783088454530658074,7.755
1783088454535658137,7.757
1783088454540656914,7.759
1783088454545655925,7.752
1783088454550658986,7.755
1783088454555660708,7.760
1783088454560660967,7.750
1783088454565657933,7.762
1783088454570657756,7.753
1783088454575657284,7.757
1783088454580657826,7.757
1783088454585658695,7.756
1783088454590657554,7.759
1783088454595656400,7.752
1783088454600658486,7.754
1783088454605661094,7.755
1783088454610659714,7.758
1783088454615660370,7.757
1783088454620659257,7.759
1783088454625659195,7.751
1783088454630659849,7.757
1783088454635661035,7.756
1783088454640659621,7.760
1783088454645666657,7.754
1783088454650666665,7.758
1783088454655664343,7.754
1783088454660660879,7.756
1783088454665660449,7.758
1783088454670659800,7.759
1783088454675660198,7.750
1783088454680663377,7.760
1783088454685659255,7.757
1783088454690658841,7.758
1783088454695662560,7.752
1783088454700661516,7.752
1783088454705665582,7.758
1783088454710665550,7.758
1783088454715662878,7.755
1783088454720662688,7.758
1783088454725662252,7.758
1783088454730663112,7.749
1783088454735664060,7.756
1783088454740661944,7.761
1783088454745662838,7.756
1783088454750661127,7.753
1783088454755669290,7.752
1783088454760664992,7.764
1783088454765664737,7.751
1783088454770662380,7.761
1783088454775664305,7.755
1783088454780661479,7.755
1783088454785661922,7.757
1783088454790661711,7.758
1783088454795662650,7.756
1783088454800662328,7.751
1783088454805668161,7.755
1783088454810665175,7.755
1783088454815663472,7.760
1783088454820662638,7.752
1783088454825663061,7.762
1783088454830666375,7.754
1783088454835665688,7.752
1783088454840664235,7.760
1783088454845662688,7.753
1783088454850663402,7.756
1783088454855667372,7.758
1783088454860665114,7.754
1783088454865664606,7.758
1783088454870665190,7.757
1783088454875664104,7.752
1783088454880664226,7.757
1783088454885667896,7.752
1783088454890666716,7.759
1783088454895665560,7.759
1783088454900671994,7.748
1783088454905670724,7.760
1783088454910666015,7.758
1783088454915666200,7.757
1783088454920666078,7.758
1783088454925667611,7.755
1783088454930666902,7.752
1783088454935668612,7.755
1783088454940667555,7.759
1783088454945666951,7.759
1783088454950667131,7.757
1783088454955669477,7.754
1783088454960667720,7.753
1783088454965833516,7.757
1783088454970686297,7.757
1783088454975667103,7.760
1783088454980666699,7.751
1783088454985622523,7.757
1783088454990667020,7.758
1783088454995666420,7.758
1783088455000668211,7.755
1783088455005671718,7.752
1783088455010671636,7.758
1783088455015669186,7.754
1783088455020669042,7.758
1783088455025667995,7.752
1783088455030670898,7.760
1783088455035669656,7.753
1783088455040667908,7.760
1783088455045674572,7.747
1783088455050667824,7.761
1783088455055671166,7.759
1783088455060669566,7.753
1783088455065670912,7.755
1783088455070669029,7.760
1783088455075668585,7.751
1783088455080667981,7.759
1783088455085669605,7.755
1783088455090670067,7.757
1783088455095671285,7.756
1783088455100669839,7.760
1783088455105674269,7.751
1783088455110671329,7.755
1783088455115669041,7.761
1783088455120670660,7.755
1783088455125670061,7.755
1783088455130672242,7.758
1783088455135675228,7.753
1783088455140672431,7.755
1783088455145671438,7.759
1783088455150670742,7.755
1783088455155675465,7.754
1783088455160672739,7.762
1783088455165675420,7.753
1783088455170671106,7.756
1783088455175670800,7.753
1783088455180671911,7.763
1783088455185673368,7.748
1783088455190672554,7.759
1783088455195674199,7.755
1783088455200673382,7.757
1783088455205678964,7.751
1783088455210673625,7.759
1783088455215675451,7.762
1783088455220677638,7.754
1783088455225676885,7.752
1783088455230677735,7.756
1783088455235677855,7.757
1783088455240676737,7.759
1783088455245679207,7.754
1783088455250672473,7.754
1783088455255675058,7.760
1783088455260676176,7.756
1783088455265678174,7.754
1783088455270672637,7.759
1783088455275677051,7.744
1783088455280672517,7.765
1783088455285679742,7.753
1783088455290677862,7.760
1783088455295676187,7.753
1783088455300675345,7.759
1783088455305766263,7.755
1783088455310678323,7.755
1783088455315676410,7.761
1783088455320678556,7.754
1783088455325682223,7.752
1783088455330677264,7.758
1783088455335677078,7.758
1783088455340676718,7.751
1783088455345675421,7.760
1783088455350675895,7.755
1783088455355682837,7.755
1783088455360676701,7.753
1783088455365678749,7.761
1783088455370676447,7.754
1783088455375675461,7.752
1783088455380676803,7.762
1783088455385679569,7.753
1783088455390676663,7.755
1783088455395675773,7.759
1783088455400676013,7.752
1783088455405679663,7.757
1783088455410677911,7.753
1783088455415678208,7.757
1783088455420678626,7.757
1783088455425679008,7.757
1783088455430678658,7.758
1783088455435678838,7.750
1783088455440677363,7.760
1783088455445683994,7.754
1783088455450677784,7.760
1783088455455679808,7.754
1783088455460677458,7.754
1783088455465681066,7.759
1783088455470677382,7.756
1783088455475677188,7.758
1783088455480678500,7.756
1783088455485682348,7.752
1783088455490677788,7.758
1783088455495678020,7.757
1783088455500678753,7.756
1783088455505687376,7.751
1783088455510682809,7.758
1783088455515679387,7.756
1783088455520679945,7.757
1783088455525682683,7.760
1783088455530679265,7.756
1783088455535680029,7.751
1783088455540679817,7.756
1783088455545684505,7.757
1783088455550678425,7.760
1783088455555683887,7.749
1783088455560682245,7.760
1783088455565684462,7.754
1783088455570679928,7.758
1783088455575680167,7.757
1783088455580680458,7.757
1783088455585680936,7.757
1783088455590680040,7.752
1783088455595681154,7.756
1783088455600681396,7.757
1783088455605686850,7.756
1783088455610682508,7.757
1783088455615681326,7.752
1783088455620681000,7.758
1783088455625685501,7.758
1783088455630683590,7.754
1783088455635685554,7.755
1783088455640683715,7.760
1783088455645690718,7.754
1783088455650684260,7.754
1783088455655686889,7.760
1783088455660683460,7.756
1783088455665682855,7.759
1783088455670682851,7.751
1783088455675682751,7.758
1783088455680683893,7.756
1783088455685686129,7.754
1783088455690685089,7.759
1783088455695685785,7.750
1783088455700683681,7.761
1783088455705688524,7.757
1783088455710685077,7.756
1783088455715690077,7.757
1783088455720684313,7.753
1783088455725683924,7.758
1783088455730685398,7.755
1783088455735685680,7.757
1783088455740685214,7.757
1783088455745684564,7.753
1783088455750684530,7.758
1783088455755687240,7.753
1783088455760688629,7.755
1783088455765689460,7.761
1783088455770685626,7.751
1783088455775685532,7.758
1783088455780686482,7.756
1783088455785688853,7.754
1783088455790690249,7.762
1783088455795685684,7.751
1783088455800684914,7.759
1783088455805691645,7.754
1783088455810687681,7.757
1783088455815686833,7.759
1783088455820685846,7.752
1783088455825690423,7.757
1783088455830686700,7.756
1783088455835689287,7.754
1783088455840690783,7.762
1783088455845693128,7.754
1783088455850685712,7.755
1783088455855688835,7.753
1783088455860688140,7.759
1783088455865690226,7.754
1783088455870688253,7.754
1783088455875687307,7.759
1783088455880686420,7.759
1783088455885689582,7.753
1783088455890688141,7.760
1783088455895689106,7.756
1783088455900686428,7.755
1783088455905695044,7.751
1783088455910690367,7.758
1783088455915688362,7.761
1783088455920688954,7.757
1783088455925691622,7.753
1783088455930690408,7.752
1783088455935689884,7.758
1783088455940689207,7.759
1783088455945691009,7.755
1783088455950689327,7.753
1783088455955691805,7.754
1783088455960689535,7.761
1783088455965689041,7.758
1783088455970689999,7.754
1783088455975690967,7.751
1783088455980688075,7.762
1783088455985690816,7.753
1783088455990693430,7.754
1783088455995689809,7.756
1783088456000689522,7.758
1783088456005696144,7.754
1783088456010693920,7.754
1783088456015691958,7.761
1783088456020691018,7.757
1783088456025693841,7.755
1783088456030694919,7.749
1783088456035693732,7.759
1783088456040693826,7.757
1783088456045690864,7.757
1783088456050691628,7.755
1783088456055695204,7.759
1783088456060695698,7.757
1783088456065694957,7.759
1783088456070691106,7.757
1783088456075691472,7.750
1783088456080690953,7.758
1783088456085692975,7.754
1783088456090691389,7.760
1783088456095694991,7.752
1783088456100691041,7.757
1783088456105697223,7.755
1783088456110693813,7.756
1783088456115692567,7.760
1783088456120693217,7.757
1783088456125697365,7.751
1783088456130693752,7.756
1783088456135695670,7.755
1783088456140693397,7.761
1783088456145698339,7.757
1783088456150693715,7.758
1783088456155697575,7.752
1783088456160695524,7.754
1783088456165696929,7.762
1783088456170693286,7.749
1783088456175694484,7.756
1783088456180694440,7.758
1783088456185699673,7.756
1783088456190694278,7.759
1783088456195695766,7.755
1783088456200696074,7.757
1783088456205697401,7.756
1783088456210696012,7.753
1783088456215697626,7.755
1783088456220695926,7.760
1783088456225699924,7.755
1783088456230696155,7.760
1783088456235698369,7.754
1783088456240695905,7.754
1783088456245695534,7.758
1783088456250696543,7.756
1783088456255701011,7.751
1783088456260699337,7.760
1783088456265697273,7.754
1783088456270697079,7.758
1783088456275698212,7.756
1783088456280696531,7.757
1783088456285697917,7.754
1783088456290699319,7.754
1783088456295698264,7.759
1783088456300698899,7.757
1783088456305700265,7.755
1783088456310702406,7.754
1783088456315697968,7.758
1783088456320699084,7.756
1783088456325913408,7.758
1783088456330709468,7.755
1783088456335700312,7.758
1783088456340697806,7.755
1783088456345698643,7.756
1783088456350701670,7.753
1783088456355702539,7.756
1783088456360700481,7.761
1783088456365702228,7.755
1783088456370697724,7.758
1783088456375697567,7.758
1783088456380700377,7.753
1783088456385708816,7.744
1783088456390700197,7.764
1783088456395697779,7.761
1783088456400698306,7.757
1783088456405702722,7.751
1783088456410700237,7.754
1783088456415700807,7.757
1783088456420700333,7.758
1783088456425700530,7.757
1783088456430701941,7.755
1783088456435701839,7.758
1783088456440700633,7.753
1783088456445702853,7.754
1783088456450701712,7.759
1783088456455703769,7.754
1783088456460703020,7.759
1783088456465700646,7.754
1783088456470702344,7.755
1783088456475701462,7.759
1783088456480700316,7.752
1783088456485701638,7.762
1783088456490702128,7.755
1783088456495702286,7.752
1783088456500700588,7.760
1783088456505706737,7.751
1783088456510706807,7.754
1783088456515703944,7.762
1783088456520703059,7.752
1783088456525703294,7.757
1783088456530712630,7.743
1783088456535702503,7.772
1783088456540704403,7.749
1783088456545703097,7.760
1783088456550703023,7.758
1783088456555706653,7.752
1783088456560705263,7.760
1783088456565704081,7.752
1783088456570704707,7.757
1783088456575703879,7.759
1783088456580703924,7.757
1783088456585705093,7.756
1783088456590703226,7.754
1783088456595702798,7.758
1783088456600704254,7.755
1783088456605707812,7.752
1783088456610705512,7.761
1783088456615703982,7.753
1783088456620704010,7.758
1783088456625705518,7.755
1783088456630706094,7.757
1783088456635707543,7.755
1783088456640707406,7.758
1783088456645713831,7.755
1783088456650713157,7.759
1783088456655710015,7.756
1783088456660707353,7.755
1783088456665708195,7.756
1783088456670706119,7.754
1783088456675712375,7.748
1783088456680705441,7.768
1783088456685706268,7.756
1783088456690705839,7.751
1783088456695705907,7.757
1783088456700709617,7.759
1783088456705711150,7.755
1783088456710709816,7.753
1783088456715707783,7.754
1783088456720706621,7.759
1783088456725706862,7.757
1783088456730708856,7.754
1783088456735709432,7.757
1783088456740707885,7.753
1783088456745707518,7.758
1783088456750707101,7.758
1783088456755710239,7.753
1783088456760710395,7.757
1783088456765710675,7.757
1783088456770707771,7.755
1783088456775711276,7.754
1783088456780709623,7.758
1783088456785708434,7.759
1783088456790708364,7.751
1783088456795708806,7.757
1783088456800708631,7.758
1783088456805710637,7.754
1783088456810713623,7.760
1783088456815711097,7.755
1783088456820712423,7.756
1783088456825711917,7.758
1783088456830714047,7.754
1783088456835713585,7.758
1783088456840713823,7.750
1783088456845713329,7.758
1783088456850709727,7.756
1783088456855712985,7.753
1783088456860710750,7.761
1783088456865712788,7.754
1783088456870710099,7.755
1783088456875709513,7.758
1783088456880709871,7.757
1783088456885717676,7.752
1783088456890713690,7.757
1783088456895711968,7.760
1783088456900711304,7.752
1783088456905716960,7.756
1783088456910716958,7.758
1783088456915712916,7.750
1783088456920712318,7.758
1783088456925713468,7.756
1783088456930714672,7.756
1783088456935714363,7.758
1783088456940713368,7.759
1783088456945713955,7.751
1783088456950713489,7.757
1783088456955716021,7.754
1783088456960716973,7.763
1783088456965716952,7.751
1783088456970714405,7.762
1783088456975713908,7.751
1783088456980713100,7.759
1783088456985713247,7.757
1783088456990715445,7.754
1783088456995714378,7.759
1783088457000714463,7.751
1783088457005716610,7.761
1783088457010717517,7.756
1783088457015716171,7.753
1783088457020715409,7.759
1783088457025714652,7.752
1783088457030714352,7.758
1783088457035715083,7.756
1783088457040715296,7.757
1783088457045714438,7.759
1783088457050715322,7.754
1783088457055723918,7.746
1783088457060718172,7.766
1783088457065718306,7.750
1783088457070716387,7.761
1783088457075718866,7.754
1783088457080713769,7.759
1783088457085718585,7.757
1783088457090714620,7.757
1783088457095714298,7.751
1783088457100714956,7.757
1783088457105719465,7.757
1783088457110716967,7.755
1783088457115715682,7.760
1783088457120716707,7.756
1783088457125718281,7.755
1783088457130717058,7.753
1783088457135719361,7.754
1783088457140718410,7.759
1783088457145719844,7.755
1783088457150720135,7.757
1783088457155720273,7.757
1783088457160719122,7.752
1783088457165716949,7.761
1783088457170717014,7.757
1783088457175716268,7.752
1783088457180718330,7.754
1783088457185719816,7.755
1783088457190717810,7.761
1783088457195717782,7.758
1783088457200717469,7.748
1783088457205721276,7.762
1783088457210721710,7.750
1783088457215722172,7.757
1783088457220721294,7.759
1783088457225722115,7.756
1783088457230719669,7.754
1783088457235719220,7.758
1783088457240719513,7.757
1783088457245720211,7.756
1783088457250719992,7.756
1783088457255719695,7.753
1783088457260722555,7.760
1783088457265722226,7.751
1783088457270719958,7.761
1783088457275720502,7.757
1783088457280720985,7.750
1783088457285719826,7.759
1783088457290721477,7.755
1783088457295720588,7.759
1783088457300727216,7.754
1783088457305724058,7.756
1783088457310726188,7.754
1783088457315722974,7.756
1783088457320721828,7.759
1783088457325722781,7.756
1783088457330723492,7.756
1783088457335722678,7.752
1783088457340725840,7.754
1783088457345724253,7.758
1783088457350723612,7.759
1783088457355804568,7.695
1783088457360722596,7.816
1783088457365726731,7.758
1783088457370720899,7.760
1783088457375721189,7.752
1783088457380723975,7.758
1783088457385725823,7.755
1783088457390724307,7.753
1783088457395721837,7.761
1783088457400721991,7.750
1783088457405727069,7.757
1783088457410723206,7.757
1783088457415722544,7.759
1783088457420726043,7.752
1783088457425722300,7.763
1783088457430723839,7.755
1783088457435722444,7.753
1783088457440724835,7.754
1783088457445726138,7.756
1783088457450724566,7.760
1783088457455725328,7.756
1783088457460724320,7.759
1783088457465727232,7.753
1783088457470723258,7.757
1783088457475724076,7.756
1783088457480722782,7.753
1783088457485728085,7.756
1783088457490723758,7.757
1783088457495724372,7.757
1783088457500724290,7.758
1783088457505729543,7.749
1783088457510730585,7.756
1783088457515727529,7.762
1783088457520725501,7.754
1783088457525725065,7.758
1783088457530727303,7.754
1783088457535726867,7.758
1783088457540725819,7.752
1783088457545726163,7.757
1783088457550726268,7.757
1783088457555728582,7.754
1783088457560727820,7.759
1783088457565726242,7.753
1783088457570726172,7.758
1783088457575725504,7.759
1783088457580726072,7.757
1783088457585725760,7.751
1783088457590726156,7.757
1783088457595726502,7.757
1783088457600730220,7.759
1783088457605731765,7.755
1783088457610728738,7.755
1783088457615727510,7.753
1783088457620726560,7.759
1783088457625728843,7.754
1783088457630727507,7.760
1783088457635729718,7.754
1783088457640730627,7.756
1783088457645734157,7.752
1783088457650730281,7.757
1783088457655732624,7.754
1783088457660729779,7.762
1783088457665729381,7.758
1783088457670728539,7.752
1783088457675728617,7.757
1783088457680728474,7.758
1783088457685730817,7.754
1783088457690732091,7.756
1783088457695730484,7.753
1783088457700729460,7.759
1783088457705734505,7.757
1783088457710730423,7.757
1783088457715730016,7.758
1783088457720732328,7.754
1783088457725731272,7.752
1783088457730730146,7.759
1783088457735729863,7.758
1783088457740731494,7.755
1783088457745730084,7.753
1783088457750731825,7.762
1783088457755733663,7.750
1783088457760735248,7.760
1783088457765732860,7.754
1783088457770730002,7.755
1783088457775730680,7.757
1783088457780729780,7.759
1783088457785731711,7.755
1783088457790735575,7.752
1783088457795730763,7.758
1783088457800729646,7.759
1783088457805734822,7.756
1783088457810738829,7.751
1783088457815731771,7.762
1783088457820733905,7.754
1783088457825735128,7.756
1783088457830732853,7.754
1783088457835733186,7.757
1783088457840731495,7.753
1783088457845732884,7.755
1783088457850732140,7.759
1783088457855735922,7.752
1783088457860734644,7.760
1783088457865733566,7.759
1783088457870732828,7.752
1783088457875732590,7.758
1783088457880733392,7.756
1783088457885737216,7.759
1783088457890739887,7.753
1783088457895732506,7.755
1783088457900733550,7.756
1783088457905742633,7.757
1783088457910736006,7.754
1783088457915735038,7.759
1783088457920735287,7.757
1783088457925735189,7.758
1783088457930733616,7.753
1783088457935736595,7.753
1783088457940739487,7.760
1783088457945738217,7.753
1783088457950734842,7.756
1783088457955737227,7.754
1783088457960738619,7.762
1783088457965741488,7.753
1783088457970736626,7.758
1783088457975735172,7.753
1783088457980735358,7.757
1783088457985739664,7.754
1783088457990737646,7.757
1783088457995735072,7.755
1783088458000735066,7.758
1783088458005740632,7.756
1783088458010740464,7.758
1783088458015737556,7.755
1783088458020736470,7.759
1783088458025738046,7.755
1783088458030737065,7.752
1783088458035737641,7.757
1783088458040736597,7.759
1783088458045740244,7.752
1783088458050739721,7.758
1783088458055740020,7.757
1783088458060737857,7.754
1783088458065736995,7.759
1783088458070738787,7.755
1783088458075736835,7.754
1783088458080740293,7.759
1783088458085741787,7.748
1783088458090738897,7.759
1783088458095737795,7.763
1783088458100737761,7.751
1783088458105742914,7.756
1783088458110741450,7.760
1783088458115739830,7.753
1783088458120738028,7.755
1783088458125739776,7.755
1783088458130738842,7.757
1783088458135744006,7.756
1783088458140742770,7.753
1783088458145741921,7.759
1783088458150740659,7.760
1783088458155743858,7.753
1783088458160747915,7.744
1783088458165740982,7.768
1783088458170739602,7.753
1783088458175742175,7.760
1783088458180739819,7.754
1783088458185740737,7.756
1783088458190739548,7.759
1783088458195739637,7.751
1783088458200740895,7.756
1783088458205743536,7.760
1783088458210741896,7.753
1783088458215741589,7.758
1783088458220741730,7.757
1783088458225744355,7.753
1783088458230740640,7.756
1783088458235744991,7.754
1783088458240745102,7.754
1783088458245749872,7.757
1783088458250748174,7.760
1783088458255751857,7.752
1783088458260744858,7.755
1783088458265744512,7.758
1783088458270745571,7.756
1783088458275742244,7.756
1783088458280742086,7.758
1783088458285742863,7.756
1783088458290743597,7.756
1783088458295744635,7.756
1783088458300744569,7.758
1783088458305750724,7.748
1783088458310744918,7.760
1783088458315744078,7.759
1783088458320745565,7.755
1783088458325745983,7.757
1783088458330752737,7.754
1783088458335746271,7.754
1783088458340745669,7.759
1783088458345744771,7.759
1783088458350750172,7.756
1783088458355748287,7.754
1783088458360745112,7.756
1783088458365745406,7.757
1783088458370743755,7.760
1783088458375743460,7.751
1783088458380745536,7.758
1783088458385749903,7.754
1783088458390745048,7.758
1783088458395746324,7.756
1783088458400743602,7.755
1783088458405747773,7.758
1783088458410747016,7.752
1783088458415745590,7.760
1783088458420744436,7.759
1783088458425746052,7.755
1783088458430745483,7.752
1783088458435748137,7.760
1783088458440748399,7.750
1783088458445747446,7.759
1783088458450747100,7.758
1783088458455749174,7.754
1783088458460747739,7.753
1783088458465746905,7.759
1783088458470751151,7.758
1783088458475748009,7.756
1783088458480747127,7.752
1783088458485746609,7.758
1783088458490745943,7.759
1783088458495746489,7.757
1783088458500746341,7.751
1783088458505752588,7.755
1783088458510753436,7.756
1783088458515749575,7.757
1783088458520748524,7.759
1783088458525749120,7.757
1783088458530747730,7.760
1783088458535749276,7.752
1783088458540749270,7.754
1783088458545751444,7.754
1783088458550748613,7.762
1783088458555751866,7.753
1783088458560750709,7.759
1783088458565750163,7.751
1783088458570752252,7.761
1783088458575750364,7.754
1783088458580749226,7.759
1783088458585750035,7.756
1783088458590750453,7.750
1783088458595749501,7.759
1783088458600752869,7.759
1783088458605751699,7.752
1783088458610751241,7.758
1783088458615749921,7.753
1783088458620750081,7.757
1783088458625753902,7.759
1783088458630751227,7.755
1783088458635754585,7.752
1783088458640751790,7.755
1783088458645758270,7.754
1783088458650756128,7.761
1783088458655756516,7.757
1783088458660752188,7.757
1783088458665755674,7.752
1783088458670751132,7.758
1783088458675752774,7.755
1783088458680751666,7.759
1783088458685755504,7.752
1783088458690751496,7.757
1783088458695753989,7.754
1783088458700754987,7.756
1783088458705762489,7.760
1783088458710754143,7.757
1783088458715753792,7.751
1783088458720753663,7.758
1783088458725751937,7.760
1783088458730754181,7.754
1783088458735754107,7.758
1783088458740754767,7.750
1783088458745753512,7.760
1783088458750756470,7.760
1783088458755754385,7.754
1783088458760756798,7.754
1783088458765755084,7.760
1783088458770753947,7.752
1783088458775754309,7.757
1783088458780753354,7.759
1783088458785756803,7.752
1783088458790757815,7.756
1783088458795754680,7.755
1783088458800753055,7.755
1783088458805761147,7.757
1783088458810755630,7.759
1783088458815754972,7.752
1783088458820759946,7.757
1783088458825754564,7.759
1783088458830754991,7.757
1783088458835756422,7.755
1783088458840756720,7.757
1783088458845755007,7.753
1783088458850758234,7.753
1783088458855758275,7.758
1783088458860757990,7.758
1783088458865759857,7.755
1783088458870756797,7.755
1783088458875755951,7.759
1783088458880756205,7.757
1783088458885759521,7.752
1783088458890760277,7.756
1783088458895761151,7.756
1783088458900758180,7.755
1783088458905764382,7.755
1783088458910762156,7.761
1783088458915758998,7.756
1783088458920760261,7.756
1783088458925760598,7.757
1783088458930759016,7.753
1783088458935761570,7.754
1783088458940760192,7.760
1783088458945762234,7.754
1783088458950759111,7.755
1783088458955762970,7.759
1783088458960762355,7.759
1783088458965761181,7.752
1783088458970762055,7.756
1783088458975761577,7.758
1783088458980762656,7.752
1783088458985760540,7.757
1783088458990760457,7.758
1783088458995766990,7.754
1783088459000762808,7.757
1783088459005762861,7.757
1783088459010766107,7.753
1783088459015764141,7.755
1783088459020763307,7.757
1783088459025762236,7.759
1783088459030764434,7.754
1783088459035764239,7.758
1783088459040762460,7.753
1783088459045763524,7.756
1783088459050761946,7.755
1783088459055762865,7.754
1783088459060762383,7.758
1783088459065761880,7.758
1783088459070764030,7.754
1783088459075760352,7.756
1783088459080760538,7.757
1783088459085762198,7.755
1783088459090761545,7.752
1783088459095760474,7.759
1783088459100760674,7.757
1783088459105765210,7.751
1783088459110765715,7.757
1783088459115763459,7.761
1783088459120763497,7.751
1783088459125762921,7.758
1783088459130761438,7.760
1783088459135767299,7.748
1783088459140765009,7.761
1783088459145764083,7.752
1783088459150763991,7.758
1783088459155767218,7.756
1783088459160765225,7.757
1783088459165765445,7.757
1783088459170763930,7.753
1783088459175764195,7.757
1783088459180763912,7.758
1783088459185767338,7.759
1783088459190768304,7.749
1783088459195764050,7.757
1783088459200763678,7.758
1783088459205766106,7.754
1783088459210767464,7.755
1783088459215766064,7.760
1783088459220766531,7.757
1783088459225766358,7.758
1783088459230766280,7.752
1783088459235769590,7.758
1783088459240768603,7.752
1783088459245767259,7.760
1783088459250767828,7.757
1783088459255767397,7.751
1783088459260768720,7.756
1783088459265767365,7.760
1783088459270767394,7.758
1783088459275764352,7.755
1783088459280766266,7.755
1783088459285767157,7.756
1783088459290768846,7.755
1783088459295769789,7.756
1783088459300766754,7.755
1783088459305772461,7.756
1783088459310769239,7.756
1783088459315772492,7.759
1783088459320765266,7.755
1783088459325774640,7.750
1783088459330783894,7.750
1783088459335768494,7.768
1783088459340766698,7.757
1783088459345772244,7.752
1783088459350766830,7.759
1783088459355771079,7.758
1783088459360767677,7.756
1783088459365768664,7.756
1783088459370767085,7.753
1783088459375766012,7.759
1783088459380768238,7.754
1783088459385770991,7.753
1783088459390771186,7.757
1783088459395767809,7.756
1783088459400767813,7.758
1783088459405770779,7.753
1783088459410772843,7.754
1783088459415768347,7.758
1783088459420768985,7.757
1783088459425768465,7.758
1783088459430771128,7.753
1783088459435774058,7.760
1783088459440769553,7.758
1783088459445769010,7.751
1783088459450772085,7.760
1783088459455771114,7.752
1783088459460771568,7.757
1783088459465770334,7.759
1783088459470773012,7.753
1783088459475770280,7.755
1783088459480769562,7.759
1783088459485770698,7.756
1783088459490773683,7.753
1783088459495769318,7.757
1783088459500769971,7.757
1783088459505774509,7.757
1783088459510776711,7.754
1783088459515771721,7.758
1783088459520771967,7.750
1783088459525770697,7.760
1783088459530773359,7.757
1783088459535772033,7.756
1783088459540772638,7.757
1783088459545771525,7.752
1783088459550770051,7.760
1783088459555774489,7.758
1783088459560772190,7.754
1783088459565775677,7.752
1783088459570771031,7.758
1783088459575770860,7.758
1783088459580772371,7.755
1783088459585774332,7.755
1783088459590774436,7.757
1783088459595775326,7.756
1783088459600773131,7.754
1783088459605776252,7.753
1783088459610775869,7.758
1783088459615774420,7.760
1783088459620773902,7.751
1783088459625774879,7.760
1783088459630775372,7.753
1783088459635777729,7.756
1783088459640777055,7.757
1783088459645788727,7.746
1783088459650776943,7.769
1783088459655780703,7.752
1783088459660775859,7.758
1783088459665774627,7.759
1783088459670777328,7.753
1783088459675776002,7.760
1783088459680775445,7.752
1783088459685775398,7.758
1783088459690775105,7.758
1783088459695775118,7.758
1783088459700775337,7.750
1783088459705779802,7.758
1783088459710781816,7.754
1783088459715777846,7.757
1783088459720775787,7.761
1783088459725776414,7.750
1783088459730780658,7.758
1783088459735777806,7.755
1783088459740777515,7.758
1783088459745777518,7.758
1783088459750779104,7.755
1783088459755779980,7.756
1783088459760779978,7.758
1783088459765778129,7.754
1783088459770778803,7.757
1783088459775776605,7.754
1783088459780777219,7.757
1783088459785777365,7.757
1783088459790784738,7.746
1783088459795777777,7.768
1783088459800778041,7.750
1783088459805778961,7.758
1783088459810783246,7.756
1783088459815789904,7.761
1783088459820779259,7.753
1783088459825777418,7.753
1783088459830780842,7.759
1783088459835779966,7.752
1783088459840778823,7.759
1783088459845779708,7.756
1783088459850781738,7.754
1783088459855781718,7.758
1783088459860779426,7.754
1783088459865779329,7.758
1783088459870780872,7.755
1783088459875779278,7.760
1783088459880778326,7.752
1783088459885781208,7.753
1783088459890785529,7.758
1783088459895779327,7.760
1783088459900779994,7.757
1783088459905784359,7.751
1783088459910785590,7.756
1783088459915780575,7.758
1783088459920779897,7.759
1783088459925780099,7.756
1783088459930781909,7.756
1783088459935788293,7.741
1783088459940781323,7.768
1783088459945781175,7.758
1783088459950781721,7.757
1783088459955782177,7.757
1783088459960781780,7.751
1783088459965785618,7.759
1783088459970785808,7.757
1783088459975781636,7.757
1783088459980781152,7.751
1783088459985781982,7.756
1783088459990783168,7.756
1783088459995782013,7.759
1783088460000783000,7.756
1783088460005784770,7.755
1783088460010788834,7.758
1783088460015784925,7.750
1783088460020783415,7.760
1783088460025782593,7.752
1783088460030785807,7.760
1783088460035784385,7.753
1783088460040783901,7.758
1783088460045782701,7.759
1783088460050785047,7.754
1783088460055785769,7.756
1783088460060784839,7.752
1783088460065784669,7.758
1783088460070785903,7.756
1783088460075783180,7.755
1783088460080785683,7.754
1783088460085787637,7.761
1783088460090787434,7.758
1783088460095784000,7.756
1783088460100783978,7.751
1783088460105791582,7.760
1783088460110787205,7.757
1783088460115786809,7.751
1783088460120787841,7.756
1783088460125785680,7.761
1783088460130791198,7.756
1783088460135789627,7.753
1783088460140789789,7.747
1783088460145786927,7.765
1783088460150786410,7.758
1783088460155788712,7.754
1783088460160787065,7.753
1783088460165791063,7.758
1783088460170785897,7.759
1783088460175785883,7.752
1783088460180786437,7.755
1783088460185787041,7.757
1783088460190787369,7.757
1783088460195787730,7.757
1783088460200786104,7.753
1783088460205791193,7.757
1783088460210788520,7.755
1783088460215787314,7.759
1783088460220788501,7.756
1783088460225789134,7.757
1783088460230787752,7.753
1783088460235789320,7.762
1783088460240788760,7.752
1783088460245788225,7.758
1783088460250787002,7.753
1783088460255790821,7.759
1783088460260792599,7.755
1783088460265789762,7.755
1783088460270789306,7.758
1783088460275795789,7.754
1783088460280791061,7.751
1783088460285789294,7.760
1783088460290790019,7.756
1783088460295791757,7.755
1783088460300790431,7.760
1783088460305792279,7.755
1783088460310791123,7.759
1783088460315790420,7.752
1783088460320792175,7.762
1783088460325790449,7.753
1783088460330824754,7.758
1783088460335804620,7.756
1783088460340792130,7.756
1783088460345792060,7.751
1783088460350791186,7.759
1783088460355797438,7.755
1783088460360792538,7.758
1783088460365791724,7.752
1783088460370790674,7.759
1783088460375790791,7.757
1783088460380791722,7.749
1783088460385795956,7.758
1783088460390794336,7.760
1783088460395790952,7.756
1783088460400790841,7.758
1783088460405797495,7.754
1783088460410791689,7.753
1783088460415791315,7.758
1783088460420791097,7.758
1783088460425792641,7.755
1783088460430791559,7.754
1783088460435792832,7.754
1783088460440792305,7.758
1783088460445792964,7.757
1783088460450792845,7.758
1783088460455795689,7.753
1783088460460794132,7.760
1783088460465792598,7.753
1783088460470792792,7.757
1783088460475792326,7.758
1783088460480792912,7.751
1783088460485794946,7.760
1783088460490794292,7.752
1783088460495793606,7.759
1783088460500792925,7.759
1783088460505797950,7.750
1783088460510797346,7.759
1783088460515796333,7.759
1783088460520794144,7.754
1783088460525794746,7.757
1783088460530794207,7.758
1783088460535797094,7.753
1783088460540797719,7.757
1783088460545796251,7.753
1783088460550794844,7.760
1783088460555801380,7.754
1783088460560796165,7.759
1783088460565795576,7.752
1783088460570798055,7.761
1783088460575795209,7.755
1783088460580794270,7.759
1783088460585795413,7.752
1783088460590796947,7.759
1783088460595795670,7.753
1783088460600795710,7.758
1783088460605801854,7.755
1783088460610800139,7.753
1783088460615796524,7.756
1783088460620796846,7.757
1783088460625805518,7.758
1783088460630797942,7.755
1783088460635800783,7.753
1783088460640798066,7.762
1783088460645803063,7.750
1783088460650801697,7.760
1783088460655802631,7.756
1783088460660798858,7.756
1783088460665803375,7.751
1783088460670798818,7.758
1783088460675796877,7.761
1783088460680797913,7.756
1783088460685802513,7.750
1783088460690799801,7.762
1783088460695801287,7.755
1783088460700798033,7.756
1783088460705802739,7.754
1783088460710803503,7.760
1783088460715802655,7.752
1783088460720800019,7.755
1783088460725800030,7.758
1783088460730798082,7.761
1783088460735801926,7.752
1783088460740799045,7.755
1783088460745802418,7.759
1783088460750799704,7.755
1783088460755802882,7.760
1783088460760802804,7.751
1783088460765802410,7.758
1783088460770803256,7.756
1783088460775799978,7.756
1783088460780801014,7.756
1783088460785799817,7.759
1783088460790802659,7.753
1783088460795800647,7.754
1783088460800798867,7.760
1783088460805803922,7.757
1783088460810802655,7.753
1783088460815805247,7.754
1783088460820802257,7.762
1783088460825802510,7.750
1783088460830802993,7.757
1783088460835804945,7.755
1783088460840803309,7.760
1783088460845804232,7.756
1783088460850800894,7.756
1783088460855808456,7.753
1783088460860803441,7.758
1783088460865803928,7.757
1783088460870802206,7.753
1783088460875805648,7.759
1783088460880804874,7.752
1783088460885806716,7.762
1783088460890804362,7.754
1783088460895807252,7.753
1783088460900804118,7.756
1783088460905807271,7.760
1783088460910804065,7.756
1783088460915806577,7.754
1783088460920803421,7.757
1783088460925803583,7.756
1783088460930802851,7.759
1783088460935807119,7.758
1783088460940805075,7.754
1783088460945805277,7.757
1783088460950805001,7.751
1783088460955810315,7.756
1783088460960805748,7.758
1783088460965806637,7.756
1783088460970804337,7.759
1783088460975803642,7.753
1783088460980804609,7.756
1783088460985805522,7.756
1783088460990804301,7.759
1783088460995808162,7.752
1783088461000804592,7.756
1783088461005807310,7.753
1783088461010809238,7.761
1783088461015811014,7.755
1783088461020806727,7.757
1783088461025806421,7.758
1783088461030806390,7.751
1783088461035809637,7.759
1783088461040805059,7.754
1783088461045807149,7.758
1783088461050807090,7.758
1783088461055812354,7.749
1783088461060807207,7.759
1783088461065807537,7.757
1783088461070805443,7.754
1783088461075809897,7.758
1783088461080807159,7.755
1783088461085808421,7.756
1783088461090807307,7.759
1783088461095806996,7.753
1783088461100805850,7.758
1783088461105813738,7.752
1783088461110809666,7.757
1783088461115808804,7.759
1783088461120808142,7.759
1783088461125807980,7.751
1783088461130807290,7.759
1783088461135812228,7.757
1783088461140810590,7.753
1783088461145810127,7.758
1783088461150809646,7.758
1783088461155813851,7.751
1783088461160813525,7.751
1783088461165809603,7.764
1783088461170809951,7.757
1783088461175807588,7.754
1783088461180808787,7.756
1783088461185808100,7.759
1783088461190809133,7.756
1783088461195808867,7.758
1783088461200809669,7.749
1783088461205812855,7.760
1783088461210811372,7.753
1783088461215813702,7.761
1783088461220810909,7.755
1783088461225812491,7.755
1783088461230809874,7.755
1783088461235815266,7.756
1783088461240811237,7.757
1783088461245811240,7.758
1783088461250815068,7.752
1783088461255816386,7.756
1783088461260814780,7.760
1783088461265811820,7.755
1783088461270815240,7.752
1783088461275811034,7.757
1783088461280810006,7.759
1783088461285812362,7.754
1783088461290812080,7.758
1783088461295821674,7.757
1783088461300813812,7.756
1783088461305813729,7.758
1783088461310815019,7.749
1783088461315814369,7.759
1783088461320813195,7.759
1783088461325814256,7.756
1783088461330856352,7.755
1783088461335818352,7.754
1783088461340814185,7.757
1783088461345815559,7.755
1783088461350814204,7.760
1783088461355820984,7.754
1783088461360814794,7.753
1783088461365814437,7.758
1783088461370813788,7.759
1783088461375813248,7.757
1783088461380814819,7.750
1783088461385817928,7.760
1783088461390817634,7.758
1783088461395814931,7.755
1783088461400813989,7.752
1783088461405817194,7.760
1783088461410815541,7.753
1783088461415814039,7.760
1783088461420821401,7.746
1783088461425816665,7.765
1783088461430814458,7.754
1783088461435821001,7.754
1783088461440814809,7.760
1783088461445816023,7.756
1783088461450814884,7.759
1783088461455820891,7.755
1783088461460816244,7.758
1783088461465816947,7.750
1783088461470816152,7.759
1783088461475816045,7.758
1783088461480815212,7.752
1783088461485817706,7.759
1783088461490817784,7.752
1783088461495820216,7.761
1783088461500817052,7.756
1783088461505821480,7.751
1783088461510820719,7.759
1783088461515821908,7.756
1783088461520817233,7.758
1783088461525818217,7.756
1783088461530816702,7.753
1783088461535821240,7.757
1783088461540818323,7.755
1783088461545819735,7.755
1783088461550818415,7.760
1783088461555823165,7.757
1783088461560819663,7.756
1783088461565822477,7.746
1783088461570817655,7.765
1783088461575820967,7.752
1783088461580817250,7.756
1783088461585818259,7.756
1783088461590817286,7.759
1783088461595817320,7.758
1783088461600818327,7.756
1783088461605823185,7.750
1783088461610821338,7.760
1783088461615819488,7.754
1783088461620819338,7.758
1783088461625818904,7.758
1783088461630821540,7.753
1783088461635823168,7.755
1783088461640821721,7.753
1783088461645827283,7.756
1783088461650822490,7.758
1783088461655824159,7.755
1783088461660821073,7.755
1783088461665820285,7.759
1783088461670821211,7.756
1783088461675820207,7.759
1783088461680820869,7.757
1783088461685820559,7.751
1783088461690819308,7.760
1783088461695821371,7.754
1783088461700822353,7.756
1783088461705830922,7.751
1783088461710826320,7.758
1783088461715823687,7.755
1783088461720822412,7.760
1783088461725826640,7.756
1783088461730821826,7.753
1783088461735823676,7.762
1783088461740824344,7.757
1783088461745823410,7.752
1783088461750821568,7.760
1783088461755827678,7.755
1783088461760825472,7.754
1783088461765824997,7.751
1783088461770822935,7.761
1783088461775826199,7.759
1783088461780823311,7.755
1783088461785823765,7.757
1783088461790821321,7.754
1783088461795822941,7.755
1783088461800822990,7.757
1783088461805827241,7.751
1783088461810826625,7.759
1783088461815823683,7.755
1783088461820824379,7.756
1783088461825825181,7.756
1783088461830824803,7.751
1783088461835827462,7.760
1783088461840825678,7.753
1783088461845825160,7.758
1783088461850824270,7.759
1783088461855831196,7.754
1783088461860825570,7.752
1783088461865824892,7.759
1783088461870824806,7.758
1783088461875827964,7.753
1783088461880824966,7.755
1783088461885828048,7.760
1783088461890826878,7.758
1783088461895829799,7.755
1783088461900826217,7.756
1783088461905829547,7.752
1783088461910827423,7.761
1783088461915829116,7.755
1783088461920826373,7.755
1783088461925826857,7.757
1783088461930826045,7.759
1783088461935828473,7.754
1783088461940826689,7.753
1783088461945827958,7.756
1783088461950827449,7.758
1783088461955833439,7.755
1783088461960828423,7.758
1783088461965835270,7.754
1783088461970827299,7.756
1783088461975830282,7.760
1783088461980827242,7.755
1783088461985828840,7.755
1783088461990830504,7.755
1783088461995830040,7.758
1783088462000827856,7.754
1783088462005830150,7.754
1783088462010830784,7.757
1783088462015831014,7.757
1783088462020828720,7.761
1783088462025828996,7.750
1783088462030827863,7.759
1783088462035829441,7.755
1783088462040830351,7.756
1783088462045831182,7.756
1783088462050829423,7.753
1783088462055835233,7.756
1783088462060831035,7.757
1783088462065831708,7.757
1783088462070829750,7.754
1783088462075832784,7.760
1783088462080829011,7.756
1783088462085831124,7.754
1783088462090830674,7.751
1783088462095830529,7.765
1783088462100830654,7.750
1783088462105834790,7.758
1783088462110834960,7.750
1783088462115831992,7.762
1783088462120831271,7.759
1783088462125831932,7.750
1783088462130831805,7.758
1783088462135834604,7.753
1783088462140833486,7.759
1783088462145832539,7.759
1783088462150832382,7.751
1783088462155835311,7.760
1783088462160833365,7.754
1783088462165832235,7.759
1783088462170833403,7.756
1783088462175832403,7.752
1783088462180834677,7.754
1783088462185834843,7.757
1783088462190836505,7.755
1783088462195832073,7.758
1783088462200831303,7.759
1783088462205837574,7.755
1783088462210832677,7.758
1783088462215832377,7.758
1783088462220833044,7.750
1783088462225834802,7.755
1783088462230834976,7.757
1783088462235834660,7.758
1783088462240840016,7.756
1783088462245834442,7.759
1783088462250833500,7.752
1783088462255835918,7.754
1783088462260838823,7.760
1783088462265835758,7.755
1783088462270834103,7.760
1783088462275833021,7.752
1783088462280836168,7.753
1783088462285838915,7.753
1783088462290835871,7.762
1783088462295833477,7.754
1783088462300835801,7.754
1783088462305834432,7.760
1783088462310836203,7.755
1783088462315836749,7.757
1783088462320835922,7.759
1783088462325837979,7.754
1783088462330835891,7.754
1783088462335837480,7.755
1783088462340842130,7.757
1783088462345838002,7.757
1783088462350837434,7.752
1783088462355840818,7.759
1783088462360878325,7.762
1783088462365837267,7.752
1783088462370836172,7.759
1783088462375834943,7.753
1783088462380835995,7.756
1783088462385840210,7.758
1783088462390839993,7.758
1783088462395839267,7.752
1783088462400839249,7.758
1783088462405842571,7.752
1783088462410839661,7.762
1783088462415837372,7.754
1783088462420840204,7.753
1783088462425840831,7.757
1783088462430837021,7.757
1783088462435838207,7.756
1783088462440842732,7.757
1783088462445838966,7.756
1783088462450837468,7.753
1783088462455840986,7.759
1783088462460838529,7.754
1783088462465838838,7.757
1783088462470839692,7.756
1783088462475838078,7.753
1783088462480837986,7.758
1783088462485838242,7.757
1783088462490837572,7.759
1783088462495839630,7.754
1783088462500844267,7.754
1783088462505846343,7.758
1783088462510842061,7.757
1783088462515840501,7.753
1783088462520839964,7.758
1783088462525838961,7.754
1783088462530838515,7.757
1783088462535841917,7.752
1783088462540840434,7.760
1783088462545840654,7.757
1783088462550840123,7.758
1783088462555842253,7.754
1783088462560841715,7.751
1783088462565845598,7.758
1783088462570840502,7.759
1783088462575840874,7.757
1783088462580840774,7.751
1783088462585840636,7.758
1783088462590840474,7.758
1783088462595839473,7.759
1783088462600844214,7.750
1783088462605847628,7.759
1783088462610842402,7.752
1783088462615841559,7.759
1783088462620842172,7.757
1783088462625841435,7.755
1783088462630841611,7.754
1783088462635845827,7.758
1783088462640847579,7.755
1783088462645847356,7.758
1783088462650845289,7.754
1783088462655846643,7.755
1783088462660843891,7.755
1783088462665843909,7.758
1783088462670845389,7.755
1783088462675842903,7.756
1783088462680844181,7.756
1783088462685845001,7.755
1783088462690842004,7.762
1783088462695844104,7.754
1783088462700848169,7.751
1783088462705849058,7.756
1783088462710846232,7.762
1783088462715844558,7.753
1783088462720846744,7.754
1783088462725843542,7.763
1783088462730843408,7.751
1783088462735844660,7.756
1783088462740849806,7.757
1783088462745845336,7.758
1783088462750844408,7.759
1783088462755848277,7.752
1783088462760853499,7.756
1783088462765849209,7.757
1783088462770845471,7.756
1783088462775845336,7.758
1783088462780847121,7.755
1783088462785845227,7.754
1783088462790845446,7.757
1783088462795845395,7.758
1783088462800848473,7.753
1783088462805849180,7.756
1783088462810848669,7.758
1783088462815845772,7.755
1783088462820852114,7.755
1783088462825848288,7.757
1783088462830846690,7.753
1783088462835847260,7.757
1783088462840848171,7.756
1783088462845848560,7.757
1783088462850848754,7.757
1783088462855851463,7.753
1783088462860848875,7.762
1783088462865849499,7.750
1783088462870847302,7.761
1783088462875848135,7.756
1783088462880847547,7.752
1783088462885852103,7.757
1783088462890848889,7.756
1783088462895847507,7.760
1783088462900847581,7.751
1783088462905851879,7.758
1783088462910850215,7.757
1783088462915851025,7.760
1783088462920849937,7.752
1783088462925849689,7.758
1783088462930847801,7.754
1783088462935849417,7.755
1783088462940850369,7.756
1783088462945849252,7.759
1783088462950848496,7.752
1783088462955852314,7.759
1783088462960853368,7.756
1783088462965850024,7.756
1783088462970849092,7.759
1783088462975849660,7.753
1783088462980852427,7.757
1783088462985849996,7.754
1783088462990850427,7.757
1783088462995850613,7.757
1783088463000852299,7.755
1783088463005853101,7.756
1783088463010853375,7.757
1783088463015852273,7.752
1783088463020854203,7.761
1783088463025851005,7.756
1783088463030850467,7.751
1783088463035850835,7.757
1783088463040855727,7.757
1783088463045851833,7.757
1783088463050852378,7.757
1783088463055854676,7.754
1783088463060855790,7.756
1783088463065853784,7.754
1783088463070853362,7.758
1783088463075852146,7.759
1783088463080855590,7.749
1783088463085855632,7.761
1783088463090853770,7.754
1783088463095851803,7.761
1783088463100855154,7.752
1783088463105858799,7.752
1783088463110854410,7.764
1783088463115853444,7.752
1783088463120858022,7.757
1783088463125853823,7.757
1783088463130852913,7.757
1783088463135855447,7.755
1783088463140857949,7.754
1783088463145855647,7.754
1783088463150854840,7.759
1783088463155856523,7.755
1783088463160858862,7.754
1783088463165855503,7.756
1783088463170853884,7.760
1783088463175855050,7.756
1783088463180854524,7.757
1783088463185855587,7.758
1783088463190856324,7.750
1783088463195860448,7.751
1783088463200857086,7.763
1783088463205857953,7.756
1783088463210859142,7.756
1783088463215856429,7.755
1783088463220856736,7.757
1783088463225857210,7.757
1783088463230856587,7.759
1783088463235857559,7.756
1783088463240858099,7.757
1783088463245858470,7.750
1783088463250859695,7.763
1783088463255859397,7.751
1783088463260859507,7.757
1783088463265858713,7.759
1783088463270856650,7.754
1783088463275855117,7.760
1783088463280858471,7.752
1783088463285861869,7.752
1783088463290860654,7.759
1783088463295862105,7.755
1783088463300863892,7.755
1783088463305864560,7.757
1783088463310859562,7.758
1783088463315862051,7.754
1783088463320864616,7.754
1783088463325861244,7.763
1783088463330864686,7.752
1783088463335860958,7.756
1783088463340863435,7.761
1783088463345860279,7.756
1783088463350860537,7.754
1783088463355864515,7.755
1783088463360860613,7.757
1783088463365862067,7.755
1783088463370859943,7.757
1783088463375859475,7.755
1783088463380860333,7.756
1783088463385865203,7.757
1783088463390879692,7.749
1783088463395862495,7.763
1783088463400863352,7.756
1783088463405862427,7.752
1783088463410861348,7.759
1783088463415860871,7.751
1783088463420860842,7.758
1783088463425861172,7.757
1783088463430861660,7.757
1783088463435861388,7.758
1783088463440861884,7.757
1783088463445861830,7.751
1783088463450860556,7.760
1783088463455863266,7.753
1783088463460865331,7.761
1783088463465863309,7.754
1783088463470860723,7.755
1783088463475860446,7.758
1783088463480862783,7.754
1783088463485861909,7.759
1783088463490861395,7.751
1783088463495860978,7.758
1783088463500864479,7.759
1783088463505865727,7.756
1783088463510865701,7.751
1783088463515863578,7.761
1783088463520863159,7.751
1783088463525862260,7.759
1783088463530865156,7.753
1783088463535863526,7.760
1783088463540865265,7.755
1783088463545864052,7.753
1783088463550862133,7.761
1783088463555868392,7.755
1783088463560864149,7.757
1783088463565866108,7.755
1783088463570865041,7.759
1783088463575862975,7.754
1783088463580866748,7.759
1783088463585865400,7.753
1783088463590863362,7.757
1783088463595871527,7.755
1783088463600866089,7.759
1783088463605867423,7.755
1783088463610866021,7.753
1783088463615865087,7.759
1783088463620867213,7.754
1783088463625865002,7.754
1783088463630864040,7.759
1783088463635869258,7.751
1783088463640869701,7.762
1783088463645873562,7.752
1783088463650867748,7.760
1783088463655870738,7.753
1783088463660872348,7.755
1783088463665866546,7.760
1783088463670865818,7.759
1783088463675865868,7.751
1783088463680869366,7.759
1783088463685867546,7.753
1783088463690866204,7.760
1783088463695866126,7.758
1783088463700868023,7.748
1783088463705871378,7.759
1783088463710870179,7.759
1783088463715869337,7.752
1783088463720871599,7.761
1783088463725867977,7.749
1783088463730867860,7.758
1783088463735868003,7.757
1783088463740873803,7.755
1783088463745868368,7.759
1783088463750868655,7.750
1783088463755871444,7.760
1783088463760874606,7.753
1783088463765870731,7.757
1783088463770869230,7.760
1783088463775869265,7.751
1783088463780872319,7.760
1783088463785870108,7.754
1783088463790869458,7.759
1783088463795867168,7.754
1783088463800868914,7.755
1783088463805872740,7.759
1783088463810873870,7.756
1783088463815870479,7.756
1783088463820870702,7.752
1783088463825871728,7.761
1783088463830870422,7.753
1783088463835870359,7.758
1783088463840870879,7.757
1783088463845873155,7.754
1783088463850869893,7.756
1783088463855873563,7.759
1783088463860872709,7.752
1783088463865872747,7.758
1783088463870870220,7.761
1783088463875873990,7.752
1783088463880870463,7.756
1783088463885874248,7.759
1783088463890871920,7.754
1783088463895872790,7.756
1783088463900871644,7.752
1783088463905876590,7.757
1783088463910873865,7.755
1783088463915872886,7.759
1783088463920875800,7.760
1783088463925871038,7.751
1783088463930870982,7.758
1783088463935872473,7.755
1783088463940874183,7.755
1783088463945875169,7.756
1783088463950876532,7.755
1783088463955880513,7.758
1783088463960876791,7.756
1783088463965876557,7.758
1783088463970876693,7.754
1783088463975877161,7.753
1783088463980875639,7.760
1783088463985877021,7.755
1783088463990876666,7.758
1783088463995876953,7.750
1783088464000877187,7.757
1783088464005880208,7.760
1783088464010880527,7.757
1783088464015877354,7.756
1783088464020877338,7.754
1783088464025878402,7.752
1783088464030877693,7.759
1783088464035878692,7.756
1783088464040880474,7.755
1783088464045880616,7.757
1783088464050877690,7.755
1783088464055881471,7.759
1783088464060880286,7.752
1783088464065877746,7.762
1783088464070878498,7.756
1783088464075877409,7.752
1783088464080877793,7.757
1783088464085878199,7.757
1783088464090878417,7.757
1783088464095878793,7.750
1783088464100876960,7.760
1783088464105883811,7.754
1783088464110881232,7.755
1783088464115876528,7.758
1783088464120877002,7.757
1783088464125880479,7.752
1783088464130875878,7.758
1783088464135879620,7.759
1783088464140878028,7.753
1783088464145878852,7.756
1783088464150878503,7.758
1783088464155880601,7.754
1783088464160877964,7.755
1783088464165877867,7.758
1783088464170877716,7.758
1783088464175878149,7.757
1783088464180878447,7.752
1783088464185877729,7.757
1783088464190878668,7.756
1783088464195877853,7.759
1783088464200876624,7.753
1783088464205880893,7.758
1783088464210879685,7.753
1783088464215878752,7.759
1783088464220879108,7.757
1783088464225883368,7.758
1783088464230884555,7.749
1783088464235885142,7.764
1783088464240883042,7.754
1783088464245881178,7.754
1783088464250881390,7.757
1783088464255885928,7.757
1783088464260882084,7.757
1783088464265880604,7.753
1783088464270878829,7.760
1783088464275879040,7.750
1783088464280881238,7.761
1783088464285882243,7.756
1783088464290879837,7.754
1783088464295878444,7.758
1783088464300881617,7.754
1783088464305882960,7.755
1783088464310881821,7.752
1783088464315881763,7.758
1783088464320883445,7.755
1783088464325881299,7.761
1783088464330881393,7.750
1783088464335915072,7.747
1783088464340882880,7.766
1783088464345882622,7.758
1783088464350883200,7.757
1783088464355886114,7.753
1783088464360882832,7.756
1783088464365882895,7.757
1783088464370881766,7.759
1783088464375880971,7.752
1783088464380881732,7.756
1783088464385887512,7.756
1783088464390883356,7.757
1783088464395882913,7.758
1783088464400883331,7.757
1783088464405886445,7.753
1783088464410884541,7.761
1783088464415885294,7.756
1783088464420882770,7.755
1783088464425884009,7.756
1783088464430883691,7.758
1783088464435883597,7.758
1783088464440885487,7.751
1783088464445886672,7.752
1783088464450885267,7.760
1783088464455887944,7.753
1783088464460885206,7.762
1783088464465884960,7.751
1783088464470884495,7.758
1783088464475883768,7.759
1783088464480885370,7.755
1783088464485888825,7.759
1783088464490884062,7.751
1783088464495883660,7.758
1783088464500884444,7.756
1783088464505889891,7.749
1783088464510888682,7.759
1783088464515889543,7.756
1783088464520888585,7.759
1783088464526727820,7.752
1783088464530886925,7.761
1783088464535887143,7.757
1783088464540890709,7.752
1783088464545889594,7.759
1783088464550885997,7.756
1783088464555890494,7.751
1783088464560887599,7.762
1783088464565890822,7.753
1783088464570889694,7.752
1783088464575887442,7.761
1783088464580887372,7.758
1783088464585890547,7.753
1783088464590888192,7.754
1783088464595887614,7.758
1783088464600888292,7.757
1783088464605892674,7.758
1783088464610887764,7.758
1783088464615888014,7.750
1783088464620891488,7.759
1783088464625891510,7.758
1783088464630888810,7.755
1783088464635889763,7.756
1783088464640890171,7.757
1783088464645898233,7.752
1783088464650890415,7.756
1783088464655894639,7.758
1783088464660889423,7.759
1783088464665895065,7.749
1783088464670891835,7.763
1783088464675892220,7.757
1783088464680890071,7.754
1783088464685890546,7.757
1783088464690890330,7.758
1783088464695888816,7.753
1783088464700889579,7.756
1783088464705896968,7.753
1783088464710890886,7.760
1783088464715891616,7.751
1783088464720891061,7.757
1783088464725893548,7.761
1783088464730890695,7.755
1783088464735889844,7.752
1783088464740891713,7.755
1783088464745894791,7.760
1783088464750890889,7.757
1783088464755893647,7.753
1783088464760895825,7.756
1783088464765895399,7.756
1783088464770891889,7.756
1783088464775891437,7.758
1783088464780891696,7.757
1783088464785895359,7.752
1783088464790893630,7.760
1783088464795892294,7.753
1783088464800893033,7.756
1783088464805896544,7.752
1783088464810893173,7.763
1783088464815891831,7.753
1783088464820892568,7.756
1783088464825898838,7.748
1783088464830894076,7.765
1783088464835894074,7.758
1783088464840895240,7.756
1783088464845895093,7.751
1783088464850893338,7.760
1783088464855898376,7.757
1783088464860895228,7.756
1783088464865894053,7.752
1783088464870894251,7.757
1783088464875892997,7.760
1783088464880894735,7.755
1783088464885897789,7.753
1783088464890896001,7.760
1783088464895896373,7.757
1783088464900894437,7.754
1783088464905898720,7.756
1783088464910899733,7.758
1783088464915895124,7.758
1783088464920894687,7.751
1783088464925895196,7.757
1783088464930895319,7.757
1783088464935895388,7.757
1783088464940895940,7.757
1783088464945899376,7.752
1783088464950895030,7.757
1783088464955898416,7.752
1783088464960896166,7.761
1783088464965896936,7.756
1783088464970899873,7.746
1783088464975894952,7.765
1783088464980894237,7.752
1783088464985930531,7.757
1783088464990915292,7.757
1783088464995897792,7.760
1783088465000896717,7.752
1783088465005903119,7.755
1783088465010900013,7.755
1783088465015898802,7.759
1783088465020897476,7.760
1783088465025899987,7.754
1783088465030896210,7.757
1783088465035896961,7.756
1783088465040897877,7.756
1783088465045902284,7.751
1783088465050898873,7.756
1783088465055900858,7.754
1783088465060899610,7.760
1783088465065903556,7.758
1783088465070897784,7.753
1783088465075899350,7.755
1783088465080897931,7.760
1783088465085901949,7.758
1783088465090898276,7.756
1783088465095898881,7.750
1783088465100899652,7.758
1783088465105902421,7.752
1783088465110900503,7.761
1783088465115901381,7.756
1783088465120899931,7.753
1783088465125900381,7.757
1783088465130899434,7.756
1783088465135901708,7.758
1783088465140902679,7.756
1783088465145904888,7.754
1783088465150900287,7.758
1783088465155903256,7.760
1783088465160901469,7.753
1783088465165903106,7.755
1783088465170901498,7.760
1783088465175900452,7.752
1783088465180899253,7.759
1783088465185900538,7.756
1783088465190900458,7.751
1783088465195903141,7.760
1783088465200901170,7.754
1783088465205904671,7.752
1783088465210902529,7.761
1783088465215902147,7.758
1783088465220905853,7.752
1783088465225910703,7.757
1783088465230902685,7.756
1783088465235902099,7.758
1783088465240902197,7.750
1783088465245906111,7.758
1783088465250902965,7.756
1783088465255904043,7.756
1783088465260908701,7.757
1783088465265908566,7.758
1783088465270904008,7.756
1783088465275905770,7.750
1783088465280904740,7.759
1783088465285906630,7.755
1783088465290902576,7.757
1783088465295903994,7.755
1783088465300905490,7.755
1783088465305907761,7.761
1783088465310904675,7.755
1783088465315904073,7.759
1783088465320906036,7.755
1783088465325907645,7.755
1783088465330906351,7.754
1783088465335912901,7.760
1783088465340907519,7.752
1783088465345904985,7.762
1783088465350905055,7.751
1783088465355908416,7.759
1783088465360907439,7.752
1783088465365906617,7.759
1783088465370906550,7.758
1783088465375905132,7.753
1783088465380904935,7.758
1783088465385909740,7.757
1783088465390907887,7.754
1783088465395906500,7.760
1783088465400906406,7.751
1783088465405910326,7.758
1783088465410908175,7.754
1783088465415906532,7.760
1783088465420906149,7.758
1783088465425908411,7.754
1783088465430906505,7.754
1783088465435906903,7.757
1783088465440908519,7.755
1783088465445911023,7.754
1783088465450907377,7.756
1783088465455910251,7.760
1783088465460908509,7.753
1783088465465911839,7.756
1783088465470908168,7.760
1783088465475907417,7.752
1783088465480907804,7.757
1783088465485911907,7.758
1783088465490908058,7.757
1783088465495908486,7.757
1783088465500907676,7.752
1783088465505915674,7.759
1783088465510911740,7.757
1783088465515910495,7.753
1783088465520907476,7.762
1783088465525908745,7.749
1783088465530909583,7.756
1783088465535909901,7.757
1783088465540910043,7.757
1783088465545909677,7.758
1783088465550909159,7.751
1783088465555912303,7.760
1783088465560910780,7.753
1783088465565911025,7.757
1783088465570910807,7.758
1783088465575909537,7.753
1783088465580909573,7.758
1783088465585909338,7.758
1783088465590910563,7.756
1783088465595910892,7.757
1783088465600910125,7.752
1783088465605911636,7.755
1783088465610911874,7.757
1783088465615911166,7.759
1783088465620911131,7.758
1783088465625910514,7.752
1783088465630912390,7.755
1783088465635913877,7.757
1783088465640913606,7.756
1783088465645918669,7.757
1783088465650914222,7.758
1783088465655915496,7.756
1783088465660914257,7.753
1783088465665912512,7.760
1783088465670911841,7.759
1783088465675911787,7.751
1783088465680913361,7.755
1783088465685913079,7.758
1783088465690911893,7.759
1783088465695913263,7.755
1783088465700911441,7.753
1783088465705916763,7.756
1783088465710914072,7.755
1783088465715914151,7.757
1783088465720912694,7.760
1783088465725914686,7.754
1783088465730913562,7.752
1783088465735914762,7.756
1783088465740917049,7.761
1783088465745917603,7.757
1783088465750914251,7.756
1783088465755916948,7.753
1783088465760918723,7.755
1783088465765915976,7.762
1783088465770914367,7.753
1783088465775914817,7.757
1783088465780914609,7.758
1783088465785914925,7.752
1783088465790915019,7.756
1783088465795914237,7.759
1783088465800914870,7.757
1783088465805918252,7.752
1783088465810919562,7.756
1783088465815917081,7.754
1783088465820917882,7.756
1783088465825918336,7.757
1783088465830918198,7.758
1783088465835917001,7.752
1783088465840919312,7.761
1783088465845915880,7.756
1783088465850916250,7.757
1783088465855920656,7.751
1783088465860917890,7.762
1783088465865917567,7.751
1783088465870916832,7.759
1783088465875920031,7.753
1783088465880917210,7.762
1783088465885921839,7.750
1783088465890919037,7.757
1783088465895918056,7.757
1783088465900917741,7.758
1783088465905922697,7.752
1783088465910919765,7.760
1783088465915919931,7.757
1783088465920919144,7.752
1783088465925918347,7.759
1783088465930918841,7.757
1783088465935918443,7.751
1783088465940919902,7.755
1783088465945919362,7.758
1783088465950920756,7.755
1783088465955921311,7.757
1783088465960918862,7.754
1783088465965919965,7.761
1783088465970919630,7.753
1783088465975920050,7.757
1783088465980919735,7.758
1783088465985920993,7.756
1783088465990918682,7.754
1783088465995919909,7.756
1783088466000922111,7.754
1783088466005922114,7.758
1783088466010922633,7.757
1783088466015922249,7.758
1783088466020921684,7.752
1783088466025921461,7.758
1783088466030921394,7.758
1783088466035921576,7.757
1783088466040922519,7.756
1783088466045920999,7.753
1783088466050922251,7.756
1783088466055925084,7.753
1783088466060923854,7.759
1783088466065921764,7.761
1783088466070922068,7.750
1783088466075921160,7.759
1783088466080921910,7.756
1783088466085927036,7.750
1783088466090921398,7.759
1783088466095921812,7.757
1783088466100920054,7.760
1783088466105926255,7.755
1783088466110923817,7.754
1783088466115923499,7.758
1783088466120925757,7.754
1783088466125926551,7.756
1783088466130922482,7.757
1783088466135926603,7.751
1783088466140923888,7.762
1783088466145926967,7.753
1783088466150924193,7.755
1783088466155926022,7.756
1783088466160923296,7.760
1783088466165926074,7.753
1783088466170923636,7.754
1783088466175924218,7.757
1783088466180922862,7.760
1783088466185928058,7.756
1783088466190924088,7.757
1783088466195923986,7.751
1783088466200923727,7.758
1783088466205930359,7.754
1783088466210924917,7.759
1783088466215923829,7.752
1783088466220924439,7.757
1783088466225927677,7.759
1783088466230926591,7.752
1783088466235928369,7.755
1783088466240929859,7.755
1783088466245927986,7.760
1783088466250928735,7.756
1783088466255931844,7.753
1783088466260932358,7.757
1783088466265931425,7.752
1783088466270926930,7.758
1783088466275926288,7.759
1783088466280929275,7.753
1783088466285936656,7.753
1783088466290931924,7.758
1783088466295925160,7.761
1783088466300926930,7.755
1783088466305929939,7.753
1783088466310928777,7.759
1783088466315927519,7.760
1783088466320929725,7.754
1783088466325928811,7.752
1783088466330928378,7.758
1783088466336088622,7.758
1783088466340929289,7.755
1783088466345928286,7.756
1783088466350931611,7.756
1783088466355932442,7.756
1783088466360930353,7.754
1783088466365929531,7.759
1783088466370928576,7.752
1783088466375929190,7.757
1783088466380929144,7.758
1783088466385933288,7.756
1783088466390928333,7.753
1783088466395930952,7.760
1783088466400931900,7.756
1783088466405935086,7.753
1783088466410933524,7.760
1783088466415933544,7.751
1783088466420931580,7.761
1783088466425932654,7.756
1783088466430930103,7.755
1783088466435929005,7.752
1783088466440931261,7.761
1783088466445933509,7.754
1783088466450931543,7.754
1783088466455937013,7.749
1783088466460931211,7.767
1783088466465933625,7.754
1783088466470931541,7.757
1783088466475931237,7.755
1783088466480930626,7.759
1783088466485933084,7.754
1783088466490931327,7.755
1783088466495930785,7.757
1783088466500930674,7.758
1783088466505939256,7.751
1783088466510936850,7.761
1783088466515932202,7.758
1783088466520931793,7.751
1783088466525934171,7.761
1783088466530932682,7.753
1783088466535932563,7.758
1783088466540933086,7.757
1783088466545936484,7.752
1783088466550933726,7.755
1783088466555935395,7.762
1783088466560933197,7.754
1783088466565935247,7.754
1783088466570932567,7.755
1783088466575932303,7.758
1783088466580932981,7.757
1783088466585937293,7.756
1783088466590934071,7.757
1783088466595933587,7.751
1783088466600937748,7.751
1783088466605935467,7.761
1783088466610935104,7.758
1783088466615932915,7.754
1783088466620937776,7.757
1783088466625937134,7.759
1783088466630933460,7.756
1783088466635936681,7.753
1783088466640936843,7.757
1783088466645941128,7.758
1783088466650937260,7.750
1783088466655942438,7.756
1783088466660939351,7.762
1783088466665942932,7.752
1783088466670935647,7.755
1783088466675936209,7.757
1783088466680937819,7.759
1783088466685939329,7.759
1783088466690936355,7.755
1783088466695935429,7.752
1783088466700935214,7.758
1783088466705942937,7.753
1783088466710938268,7.758
1783088466715939640,7.755
1783088466720936022,7.756
1783088466725939160,7.760
1783088466730937670,7.753
1783088466735936618,7.759
1783088466740937877,7.756
1783088466745940072,7.754
1783088466750937770,7.754
1783088466755940151,7.754
1783088466760940129,7.758
1783088466765942085,7.761
1783088466770938736,7.756
1783088466775937983,7.752
1783088466780936261,7.760
1783088466785938444,7.754
1783088466790937560,7.757
1783088466795936995,7.753
1783088466800938597,7.755
1783088466805941246,7.753
1783088466810938524,7.762
1783088466815938606,7.757
1783088466820939449,7.749
1783088466825938626,7.759
1783088466830939772,7.756
1783088466835941058,7.756
1783088466840939984,7.759
1783088466845941234,7.756
1783088466850939862,7.753
1783088466855942953,7.760
1783088466860941021,7.754
1783088466865941934,7.756
1783088466870940987,7.752
1783088466875939725,7.760
1783088466880939751,7.758
1783088466885945993,7.755
1783088466890941903,7.757
1783088466895940665,7.753
1783088466900941075,7.757
1783088466905947793,7.754
1783088466910943159,7.758
1783088466915941773,7.760
1783088466920941220,7.755
1783088466925945131,7.755
1783088466930940538,7.758
1783088466935942340,7.755
1783088466940940983,7.760
1783088466945942352,7.755
1783088466950943154,7.751
1783088466955946932,7.757
1783088466960944256,7.755
1783088466965942876,7.760
1783088466970942158,7.759
1783088466975942228,7.751
1783088466980942928,7.756
1783088466985942539,7.758
1783088466990943631,7.756
1783088466995941861,7.753
1783088467000946049,7.758
1783088467005948371,7.754
1783088467010948755,7.757
1783088467015949326,7.757
1783088467020947096,7.754
1783088467025945159,7.761
1783088467030945876,7.756
1783088467035943999,7.754
1783088467040942323,7.758
1783088467045943760,7.750
1783088467050944193,7.757
1783088467055947076,7.758
1783088467060945884,7.754
1783088467065946334,7.757
1783088467070943899,7.754
1783088467075943670,7.758
1783088467080944855,7.756
1783088467085944591,7.758
1783088467090945962,7.755
1783088467095945485,7.758
1783088467100944865,7.752
1783088467105948929,7.758
1783088467110945947,7.755
1783088467115945857,7.758
1783088467120945759,7.754
1783088467125947061,7.759
1783088467130945595,7.753
1783088467135949605,7.758
1783088467140949275,7.758
1783088467145946381,7.755
1783088467150948046,7.755
1783088467155948808,7.756
1783088467160948087,7.752
1783088467165946760,7.760
1783088467170946718,7.758
1783088467175945655,7.752
1783088467180946564,7.753
1783088467185946655,7.761
1783088467190947173,7.757
1783088467195946447,7.752
1783088467200946641,7.757
1783088467205950467,7.759
1783088467210948645,7.753
1783088467215947159,7.760
1783088467220946382,7.759
1783088467225950413,7.751
1783088467230948621,7.753
1783088467235947471,7.759
1783088467240948199,7.756
1783088467245949951,7.755
1783088467250949164,7.759
1783088467255950422,7.756
1783088467260952996,7.754
1783088467265949568,7.756
1783088467270948161,7.760
1783088467275950206,7.754
1783088467280953256,7.749
1783088467285950748,7.758
1783088467290950243,7.758
1783088467295951865,7.755
1783088467300950334,7.760
1783088467305953501,7.753
1783088467310952028,7.753
1783088467315954677,7.760
1783088467320949773,7.758
1783088467325951925,7.754
1783088467330950091,7.753
1783088467335951021,7.756
1783088467340951586,7.757
1783088467345953157,7.755
1783088467350953351,7.757
1783088467355953824,7.757
1783088467360956971,7.760
1783088467366249600,7.754
1783088467370993284,7.753
1783088467375951477,7.760
1783088467380949730,7.753
1783088467385955088,7.756
1783088467390952154,7.755
1783088467395951328,7.759
1783088467400950890,7.758
1783088467405955524,7.750
1783088467410954757,7.759
1783088467415951819,7.755
1783088467420951649,7.758
1783088467425950511,7.752
1783088467430956093,7.749
1783088467435951947,7.764
1783088467440951822,7.758
1783088467445953135,7.756
1783088467450954610,7.755
1783088467455955298,7.757
1783088467460953713,7.760
1783088467465953118,7.752
1783088467470952422,7.759
1783088467475952834,7.757
1783088467480952837,7.751
1783088467485956289,7.759
1783088467490954034,7.754
1783088467495959106,7.757
1783088467500956140,7.755
1783088467505960402,7.758
1783088467510957871,7.755
1783088467515954962,7.755
1783088467520954240,7.759
1783088467525956622,7.754
1783088467530956383,7.758
1783088467535954710,7.753
1783088467540954395,7.758
1783088467545957584,7.760
1783088467550955327,7.754
1783088467555957660,7.754
1783088467560956432,7.753
1783088467565958816,7.761
1783088467570956061,7.755
1783088467575956004,7.758
1783088467580954744,7.753
1783088467585955316,7.757
1783088467590956118,7.756
1783088467595956436,7.757
1783088467600954121,7.754
1783088467605958552,7.758
1783088467610961917,7.752
1783088467615955635,7.760
1783088467620956106,7.757
1783088467625957776,7.752
1783088467630955625,7.757
1783088467635958703,7.753
1783088467640958005,7.759
1783088467645963979,7.755
1783088467650960049,7.757
1783088467655962685,7.753
1783088467660960269,7.761
1783088467665959099,7.752
1783088467670958169,7.759
1783088467675958979,7.756
1783088467680956608,7.754
1783088467685957575,7.756
1783088467690958431,7.756
1783088467695956590,7.760
1783088467700958160,7.755
1783088467705962630,7.751
1783088467710960642,7.761
1783088467715960933,7.750
1783088467720959228,7.760
1783088467725958929,7.758
1783088467730959108,7.757
1783088467735959426,7.750
1783088467740961803,7.756
1783088467745961133,7.757
1783088467750962140,7.756
1783088467755963401,7.756
1783088467760963641,7.757
1783088467765961885,7.753
1783088467770963303,7.762
1783088467775959889,7.756
1783088467780960007,7.750
1783088467785961400,7.759
1783088467790960987,7.755
1783088467795961089,7.757
1783088467800959925,7.759
1783088467805964308,7.751
1783088467810966294,7.754
1783088467815961964,7.757
1783088467820961838,7.758
1783088467825960760,7.759
1783088467830960799,7.751
1783088467835963650,7.760
1783088467840962730,7.752
1783088467845964953,7.758
1783088467850966944,7.758
1783088467855965896,7.752
1783088467860963409,7.755
1783088467865961617,7.760
1783088467870965825,7.758
1783088467875962887,7.755
1783088467880962100,7.759
1783088467885965943,7.752
1783088467890969916,7.758
1783088467895964334,7.752
1783088467900963730,7.759
1783088467905968275,7.751
1783088467910976278,7.759
1783088467915964002,7.756
1783088467920964068,7.757
1783088467925964432,7.757
1783088467930965608,7.756
1783088467935963770,7.753
1783088467940963180,7.758
1783088467945965757,7.754
1783088467950969522,7.759
1783088467955969373,7.758
1783088467960965703,7.756
1783088467965965461,7.751
1783088467970964988,7.758
1783088467975964969,7.758
1783088467980964371,7.758
1783088467985965780,7.755
1783088467990965265,7.751
1783088467995965637,7.757
1783088468000965094,7.758
1783088468005966604,7.755
1783088468010971991,7.756
1783088468015967924,7.757
1783088468020968526,7.757
1783088468025966564,7.754
1783088468030969083,7.761
1783088468035967232,7.754
1783088468040965912,7.753
1783088468045966800,7.756
1783088468050966209,7.758
1783088468055969247,7.753
1783088468060967554,7.760
1783088468065968975,7.755
1783088468070967670,7.753
1783088468075966915,7.759
1783088468080966437,7.758
1783088468085974395,7.745
1783088468090967589,7.768
1783088468095969171,7.755
1783088468100968108,7.752
1783088468105970850,7.755
1783088468110972737,7.760
1783088468115967802,7.758
1783088468120967252,7.751
1783088468125968228,7.756
1783088468130970364,7.761
1783088468135970539,7.750
1783088468140968712,7.757
1783088468145972550,7.755
1783088468150973907,7.755
1783088468155975076,7.756
1783088468160971074,7.757
1783088468165970201,7.759
1783088468170973855,7.752
1783088468175969401,7.758
1783088468180968533,7.759
1783088468185969309,7.756
1783088468190969187,7.751
1783088468195969033,7.758
1783088468200969611,7.757
1783088468205973673,7.756
1783088468210970755,7.757
1783088468215971065,7.757
1783088468220969223,7.753
1783088468225969874,7.757
1783088468230976384,7.747
1783088468235972464,7.764
1783088468240970214,7.754
1783088468245971496,7.763
1783088468250973526,7.754
1783088468255972327,7.753
1783088468260973902,7.755
1783088468265973524,7.758
1783088468270974477,7.756
1783088468275971904,7.755
1783088468280971910,7.758
1783088468285974467,7.754
1783088468290973909,7.758
1783088468295975877,7.755
1783088468300973213,7.755
1783088468305976026,7.760
1783088468310976420,7.757
1783088468315972747,7.756
1783088468320973240,7.757
1783088468325974454,7.756
1783088468330977968,7.752
1783088468336027879,7.749
1783088468342622101,7.757
1783088468345978630,7.759
1783088468350976056,7.762
1783088468355978842,7.753
1783088468360975008,7.757
1783088468365977268,7.761
1783088468370973552,7.749
1783088468375973233,7.758
1783088468380973607,7.757
1783088468385977641,7.758
1783088468390976663,7.752
1783088468395976977,7.757
1783088468400974426,7.755
1783088468405976654,7.761
1783088468410978783,7.754
1783088468415975041,7.756
1783088468420974814,7.758
1783088468425976801,7.748
1783088468430978002,7.763
1783088468435975888,7.754
1783088468440975506,7.758
1783088468445976714,7.756
1783088468450979558,7.753
1783088468455978084,7.760
1783088468460975550,7.755
1783088468465976195,7.757
1783088468470976434,7.757
1783088468475976556,7.750
1783088468480976465,7.758
1783088468485983857,7.755
1783088468490980034,7.755
1783088468495979659,7.758
1783088468500979566,7.758
1783088468505985889,7.755
1783088468510984789,7.759
1783088468515982774,7.750
1783088468520981133,7.764
1783088468525980850,7.751
1783088468530980484,7.758
1783088468535977679,7.755
1783088468540980956,7.759
1783088468545981972,7.754
1783088468550979240,7.757
1783088468555983918,7.750
1783088468560979836,7.757
1783088468565981958,7.761
1783088468570979036,7.755
1783088468575981314,7.754
1783088468580989151,7.759
1783088468585977963,7.754
1783088468590977503,7.758
1783088468595979626,7.754
1783088468600978357,7.753
1783088468605981365,7.760
1783088468610984115,7.753
1783088468615980249,7.757
1783088468620979074,7.759
1783088468625979185,7.750
1783088468630982831,7.759
1783088468635981944,7.759
1783088468640981066,7.752
1783088468645987225,7.755
1783088468650982902,7.757
1783088468655984162,7.756
1783088468660980998,7.756
1783088468665984396,7.759
1783088468670981470,7.755
1783088468675981381,7.756
1783088468680985698,7.753
1783088468685981592,7.757
1783088468690986265,7.757
1783088468695982955,7.756
1783088468700982925,7.752
1783088468705988408,7.754
1783088468710987593,7.759
1783088468715983171,7.758
1783088468720983212,7.758
1783088468725981859,7.760
1783088468730981849,7.751
1783088468735981827,7.758
1783088468740982016,7.757
1783088468745984271,7.754
1783088468750986760,7.761
1783088468755985594,7.752
1783088468760987544,7.755
1783088468765984190,7.756
1783088468770986893,7.760
1783088468775983026,7.757
1783088468780982580,7.751
1783088468785985186,7.754
1783088468790987195,7.761
1783088468795982946,7.757
1783088468800982993,7.751
1783088468805988205,7.756
1783088468810988863,7.757
1783088468815983959,7.758
1783088468820983277,7.759
1783088468825984445,7.756
1783088468830988823,7.751
1783088468835987364,7.753
1783088468840986503,7.759
1783088468845986256,7.758
1783088468850985983,7.758
1783088468855989568,7.752
1783088468860988822,7.757
1783088468865988560,7.755
1783088468870988906,7.762
1783088468875986212,7.755
1783088468880985186,7.752
1783088468885989072,7.758
1783088468890989402,7.757
1783088468895986399,7.755
1783088468900986878,7.757
1783088468905991091,7.751
1783088468910989379,7.760
1783088468915987357,7.754
1783088468920986913,7.758
1783088468925988791,7.755
1783088468930989453,7.757
1783088468935988602,7.759
1783088468940988557,7.758
1783088468945991147,7.754
1783088468950991581,7.757
1783088468955994974,7.752
1783088468960992246,7.755
1783088468965991848,7.758
1783088468970991809,7.758
1783088468975992014,7.757
1783088468980990280,7.753
1783088468985993161,7.753
1783088468990992332,7.759
1783088468995993490,7.756
1783088469000991523,7.761
1783088469005993898,7.754
1783088469010996431,7.754
1783088469015994341,7.754
1783088469020991541,7.762
1783088469025992491,7.753
1783088469030994103,7.752
1783088469035992860,7.759
1783088469040992745,7.758
1783088469045994281,7.755
1783088469050994175,7.758
1783088469055996659,7.754
1783088469060993906,7.755
1783088469065993528,7.758
1783088469070992878,7.759
1783088469075992448,7.751
1783088469080992876,7.757
1783088469085992040,7.759
1783088469090992513,7.757
1783088469095994351,7.755
1783088469100994100,7.754
1783088469105997847,7.755
1783088469110994989,7.755
1783088469115994747,7.758
1783088469120994766,7.758
1783088469125993091,7.753
1783088469130993561,7.757
1783088469135996699,7.756
1783088469140994565,7.757
1783088469145995081,7.757
1783088469150996448,7.755
1783088469155998170,7.755
1783088469160997104,7.752
1783088469165995831,7.760
1783088469170995750,7.758
1783088469175995888,7.757
1783088469180995128,7.752
1783088469185993302,7.753
1783088469190991962,7.760
1783088469195992682,7.756
1783088469200992520,7.758
1783088469205995401,7.753
1783088469210999196,7.759
1783088469215994285,7.751
1783088469220992864,7.760
1783088469225996113,7.759
1783088469230996991,7.749
1783088469235993709,7.759
1783088469240993767,7.754
1783088469245995861,7.754
1783088469250994283,7.760
1783088469255996469,7.754
1783088469260998826,7.761
1783088469265994517,7.750
1783088469270995518,7.756
1783088469275995468,7.758
1783088469280994823,7.759
1783088469285994142,7.752
1783088469290996530,7.761
1783088469295994460,7.754
1783088469300996076,7.755
1783088469306000524,7.758
1783088469311002045,7.748
1783088469315995910,7.760
1783088469320995801,7.758
1783088469325997639,7.756
1783088469330998921,7.761
1783088469335996767,7.754
1783088469341058720,7.758
1783088469345998875,7.753
1783088469350997669,7.753
1783088469356004411,7.754
1783088469361002380,7.754
1783088469365997983,7.764
1783088469370997248,7.752
1783088469375997934,7.757
1783088469380996959,7.759
1783088469386001748,7.754
1783088469390997968,7.756
1783088469395998264,7.754
1783088469400998600,7.757
1783088469406000658,7.754
1783088469410998488,7.761
1783088469415998381,7.758
1783088469420998555,7.750
1783088469425997453,7.759
1783088469430998681,7.756
1783088469435998093,7.758
1783088469440999137,7.749
1783088469446000225,7.763
1783088469450999561,7.752
1783088469456000244,7.757
1783088469461000207,7.758
1783088469465999721,7.758
1783088469470999030,7.752
1783088469475999836,7.756
1783088469480999348,7.758
1783088469486000932,7.755
1783088469491001058,7.757
1783088469495999172,7.754
1783088469500998870,7.758
1783088469506004783,7.755
1783088469511004070,7.752
1783088469516002968,7.759
1783088469520999282,7.756
1783088469526000800,7.755
1783088469530999887,7.759
1783088469535999887,7.758
1783088469541001649,7.755
1783088469546001292,7.751
1783088469551002021,7.756
1783088469556007837,7.755
1783088469561002320,7.759
1783088469566002870,7.757
1783088469571001325,7.753
1783088469576005334,7.758
1783088469581000779,7.758
1783088469586003238,7.754
1783088469591002434,7.759
1783088469596004946,7.754
1783088469601002536,7.754
1783088469606004406,7.762
1783088469611005688,7.756
1783088469616002884,7.755
1783088469621003288,7.757
1783088469626001745,7.753
1783088469631003031,7.756
1783088469636005589,7.754
1783088469641003133,7.761
1783088469646011391,7.752
1783088469651006139,7.759
1783088469656014113,7.752
1783088469661004383,7.759
1783088469666004643,7.757
1783088469671003367,7.760
1783088469676006541,7.753
1783088469681002335,7.757
1783088469686005489,7.753
1783088469691003818,7.760
1783088469696002990,7.759
1783088469701004268,7.749
1783088469706010919,7.754
1783088469711006846,7.757
1783088469716015575,7.751
1783088469721005742,7.766
1783088469726004431,7.753
1783088469731004116,7.758
1783088469736004871,7.756
1783088469741004578,7.758
1783088469746007395,7.753
1783088469751006465,7.759
1783088469756010353,7.752
1783088469761009231,7.759
1783088469766120133,7.752
1783088469771009165,7.757
1783088469776007875,7.760
1783088469781008097,7.754
1783088469786007378,7.755
1783088469791006960,7.758
1783088469796005878,7.759
1783088469801005444,7.751
1783088469806011004,7.756
1783088469811008960,7.756
1783088469816009400,7.762
1783088469821007418,7.754
1783088469826007245,7.758
1783088469831007036,7.751
1783088469836011552,7.757
1783088469841007623,7.757
1783088469846009437,7.755
1783088469851011171,7.755
1783088469856008261,7.755
1783088469861014451,7.748
1783088469866008597,7.767
1783088469871009607,7.756
1783088469876008629,7.759
1783088469881007693,7.752
1783088469886012124,7.758
1783088469891010194,7.754
1783088469896010346,7.757
1783088469901012194,7.755
1783088469906014695,7.754
1783088469911011515,7.763
1783088469916010440,7.752
1783088469921009923,7.758
1783088469926009767,7.758
1783088469931010286,7.757
1783088469936009410,7.752
1783088469941008955,7.758
1783088469946010985,7.754
1783088469951010024,7.759
1783088469956013855,7.752
1783088469961012081,7.760
1783088469966011727,7.751
1783088469971010644,7.759
1783088469976011371,7.756
1783088469981011249,7.753
1783088469986011278,7.756
1783088469991011001,7.758
1783088469996014459,7.759
1783088470001010285,7.757
1783088470006013986,7.752
1783088470011014028,7.758
1783088470016015814,7.755
1783088470021013194,7.755
1783088470026011272,7.761
1783088470031010804,7.751
1783088470036012101,7.756
1783088470041012648,7.757
1783088470046017991,7.756
1783088470051015571,7.754
1783088470056019027,7.759
1783088470061016063,7.755
1783088470066016661,7.757
1783088470071016703,7.758
1783088470076015257,7.753
1783088470081017151,7.755
1783088470086016972,7.758
1783088470091015267,7.760
1783088470096015712,7.750
1783088470101016586,7.761
1783088470106020556,7.753
1783088470111018366,7.754
1783088470116023603,7.756
1783088470121017410,7.760
1783088470126017779,7.757
1783088470131016381,7.753
1783088470136018655,7.754
1783088470141018417,7.758
1783088470146019895,7.755
1783088470151017054,7.755
1783088470156020967,7.758
1783088470161018501,7.754
1783088470166017219,7.760
1783088470171019145,7.755
1783088470176018111,7.752
1783088470181017952,7.758
1783088470186018559,7.757
1783088470191017108,7.760
1783088470196016742,7.751
1783088470201018028,7.756
1783088470206020476,7.761
1783088470211019704,7.752
1783088470216020554,7.756
1783088470221019060,7.760
1783088470226020090,7.756
1783088470231020280,7.757
1783088470236020242,7.751
1783088470241020135,7.758
1783088470246023298,7.753
1783088470251021432,7.760
1783088470256022829,7.755
1783088470261026219,7.752
1783088470266021131,7.759
1783088470271017569,7.756
1783088470276024245,7.754
1783088470281025198,7.756
1783088470286022928,7.761
1783088470291021223,7.753
1783088470296021573,7.757
1783088470301018502,7.755
1783088470306031816,7.751
1783088470311020186,7.762
1783088470316022920,7.753
1783088470321020126,7.755
1783088470326025426,7.749
1783088470331018518,7.768
1783088470336019144,7.757
1783088470341027505,7.752
1783088470346022371,7.759
1783088470351020216,7.754
1783088470356023248,7.760
1783088470361020299,7.755
1783088470366020275,7.758
1783088470371019493,7.752
1783088470376019827,7.757
1783088470381025456,7.756
1783088470386025763,7.754
1783088470391022806,7.759
1783088470396022478,7.758
1783088470401024864,7.754
1783088470406031450,7.754
1783088470411025144,7.760
1783088470416025066,7.751
1783088470421025995,7.763
1783088470426024964,7.752
1783088470431029064,7.758
1783088470436021089,7.756
1783088470441024576,7.752
1783088470446027349,7.760
1783088470451022433,7.751
1783088470456026025,7.752
1783088470461023697,7.761
1783088470466027057,7.759
1783088470471021615,7.752
1783088470476021803,7.757
1783088470481021911,7.757
1783088470486027252,7.756
1783088470491021995,7.752
1783088470496025024,7.760
1783088470501022218,7.755
1783088470506026464,7.751
1783088470511026486,7.758
1783088470516026879,7.757
1783088470521024642,7.754
1783088470526024016,7.759
1783088470531025867,7.762
1783088470536027404,7.753
1783088470541023098,7.752
1783088470546023636,7.757
1783088470551023892,7.757
1783088470556030657,7.754
1783088470561024767,7.760
1783088470566024063,7.755
1783088470571024543,7.753
1783088470576027063,7.761
1783088470581023699,7.756
1783088470586025125,7.755
1783088470591024744,7.751
1783088470596028632,7.758
1783088470601025880,7.755
1783088470606029036,7.760
1783088470611026464,7.755
1783088470616028798,7.754
1783088470621025444,7.756
1783088470626026158,7.756
1783088470631024732,7.760
1783088470636030645,7.755
1783088470641026327,7.757
1783088470646032565,7.755
1783088470651029516,7.755
1783088470656031049,7.755
1783088470661027439,7.756
1783088470666027843,7.757
1783088470671027169,7.759
1783088470676026973,7.751
1783088470681027511,7.757
1783088470686026268,7.759
1783088470691027115,7.756
1783088470696025965,7.752
1783088470701027687,7.755
1783088470706035161,7.760
1783088470711029632,7.752
1783088470716028710,7.759
1783088470721028058,7.752
1783088470726031238,7.760
1783088470731028429,7.755
1783088470736027714,7.759
1783088470741027781,7.757
1783088470746032583,7.750
1783088470751029742,7.762
1783088470756030139,7.750
1783088470761034269,7.758
1783088470766030828,7.756
1783088470771029357,7.760
1783088470776028367,7.752
1783088470781032049,7.759
1783088470786030051,7.754
1783088470791028449,7.760
1783088470796029083,7.757
1783088470801031707,7.753
1783088470806033186,7.755
1783088470811030802,7.754
1783088470816030042,7.759
1783088470821029608,7.751
1783088470826029262,7.758
1783088470831032298,7.760
1783088470836034261,7.755
1783088470841032090,7.754
1783088470846034237,7.754
1783088470851032119,7.761
1783088470856040301,7.752
1783088470861033267,7.755
1783088470866033658,7.757
1783088470871032155,7.760
1783088470876034913,7.753
1783088470881034527,7.758
1783088470886035718,7.756
1783088470891032978,7.755
1783088470896034260,7.756
1783088470901034826,7.757
1783088470906037444,7.754
1783088470911035578,7.760
1783088470916035632,7.757
1783088470921037622,7.754
1783088470926033224,7.757
1783088470931033002,7.751
1783088470936032119,7.759
1783088470941034393,7.754
1783088470946037079,7.760
1783088470951035885,7.752
1783088470956039755,7.758
1783088470961038229,7.753
1783088470966038403,7.757
1783088470971036225,7.761
1783088470976034023,7.754
1783088470981034525,7.752
1783088470986034555,7.756
1783088470991033514,7.759
1783088470996033103,7.758
1783088471001033270,7.750
1783088471006037690,7.758
1783088471011038468,7.753
1783088471016036818,7.764
1783088471021034687,7.754
1783088471026033420,7.760
1783088471031034724,7.752
1783088471036036351,7.759
1783088471041034559,7.753
1783088471046036282,7.755
1783088471051035831,7.758
1783088471056037120,7.756
1783088471061036685,7.758
1783088471066036795,7.750
1783088471071037459,7.757
1783088471076036033,7.760
1783088471081035755,7.758
1783088471086036653,7.749
1783088471091036674,7.758
1783088471096036172,7.758
1783088471101036959,7.756
1783088471106041252,7.758
1783088471111038151,7.755
1783088471116037573,7.758
1783088471121037062,7.751
1783088471126037203,7.757
1783088471131038976,7.755
1783088471136039668,7.756
1783088471141037918,7.753
1783088471146038308,7.757
1783088471151039280,7.756
1783088471156040272,7.756
1783088471161039154,7.759
1783088471166040051,7.756
1783088471171038957,7.752
1783088471176038783,7.758
1783088471181038376,7.758
1783088471186038559,7.752
1783088471191038657,7.756
1783088471196040547,7.755
1783088471201038852,7.760
1783088471206041356,7.754
1783088471211039736,7.760
1783088471216040654,7.756
1783088471221039664,7.759
1783088471226043618,7.751
1783088471231042472,7.759
1783088471236040474,7.754
1783088471241040062,7.753
1783088471246039425,7.757
1783088471251039811,7.757
1783088471256042536,7.753
1783088471261042751,7.757
1783088471266043591,7.756
1783088471271041731,7.754
1783088471276040641,7.759
1783088471281042907,7.754
1783088471286041652,7.760
1783088471291041390,7.751
1783088471296040537,7.759
1783088471301046418,7.759
1783088471306042148,7.754
1783088471311042992,7.756
1783088471316042188,7.759
1783088471321041598,7.752
1783088471326043819,7.754
1783088471331044277,7.757
1783088471336042671,7.760
1783088471341047094,7.758
1783088471346056452,7.750
1783088471351044490,7.762
1783088471356047653,7.753
1783088471361044321,7.756
1783088471366045003,7.757
1783088471371044353,7.759
1783088471376044245,7.756
1783088471381043376,7.754
1783088471386046823,7.756
1783088471391046813,7.761
1783088471396043337,7.749
1783088471401047764,7.758
1783088471406050434,7.753
1783088471411049732,7.759
1783088471416051158,7.755
1783088471421047534,7.756
1783088471426047079,7.758
1783088471431046770,7.758
1783088471436042393,7.757
1783088471441043491,7.756
1783088471446044385,7.756
1783088471451046135,7.755
1783088471456049233,7.749
1783088471461046409,7.758
1783088471466045869,7.758
1783088471471046255,7.757
1783088471476045323,7.752
1783088471481044201,7.759
1783088471486045688,7.755
1783088471491051642,7.748
1783088471496046328,7.766
1783088471501044780,7.753
1783088471506050156,7.756
1783088471511048770,7.755
1783088471516045864,7.760
1783088471521045102,7.759
1783088471526046432,7.749
1783088471531049358,7.760
1783088471536046966,7.754
1783088471541046501,7.758
1783088471546045935,7.758
1783088471551047181,7.756
1783088471556050659,7.752
1783088471561047235,7.756
1783088471566048287,7.756
1783088471571045981,7.759
1783088471576046919,7.758
1783088471581045741,7.752
1783088471586048555,7.753
1783088471591048108,7.758
1783088471596048460,7.757
1783088471601047351,7.752
1783088471606050407,7.760
1783088471611048076,7.754
1783088471616053054,7.757
1783088471621047992,7.758
1783088471626048448,7.757
1783088471631047658,7.752
1783088471636049530,7.755
1783088471641048534,7.759
1783088471646054333,7.755
1783088471651051535,7.755
1783088471656054293,7.753
1783088471661051071,7.763
1783088471666051117,7.751
1783088471671049727,7.760
1783088471676048853,7.759
1783088471681049803,7.756
1783088471686049477,7.751
1783088471691048622,7.759
1783088471696048284,7.758
1783088471701050742,7.754
1783088471706053081,7.754
1783088471711051858,7.759
1783088471716052880,7.756
1783088471721054070,7.749
1783088471726050564,7.763
1783088471731051156,7.751
1783088471736051163,7.761
1783088471741051490,7.752
1783088471746051563,7.757
1783088471751051628,7.757
1783088471756054603,7.753
1783088471761058718,7.758
1783088471766053836,7.758
1783088471771052117,7.753
1783088471776052690,7.757
1783088471781051564,7.759
1783088471786052418,7.756
1783088471791053300,7.756
1783088471796051554,7.753
1783088471801054916,7.759
1783088471806055603,7.750
1783088471811052720,7.760
1783088471816053510,7.751
1783088471821055366,7.762
1783088471826052500,7.755
1783088471831054672,7.754
1783088471836053685,7.759
1783088471841055668,7.754
1783088471846058966,7.752
1783088471851055183,7.756
1783088471856058029,7.760
1783088471861058983,7.756
1783088471866055259,7.756
1783088471871054607,7.752
1783088471876053215,7.760
1783088471881058413,7.756
1783088471886058331,7.751
1783088471891059416,7.763
1783088471896055867,7.749
1783088471901054786,7.759
1783088471906059170,7.758
1783088471911058248,7.752
1783088471916056368,7.760
1783088471921055654,7.752
1783088471926055624,7.758
1783088471931055701,7.757
1783088471936056048,7.757
1783088471941054948,7.752
1783088471946056911,7.755
1783088471951056638,7.758
1783088471956058095,7.755
1783088471961057137,7.759
1783088471966056837,7.758
1783088471971056357,7.751
1783088471976060666,7.758
1783088471981056233,7.758
1783088471986058238,7.754
1783088471991058033,7.758
1783088471996057194,7.752
1783088472001058472,7.763
1783088472006060310,7.748
1783088472011060351,7.758
1783088472016058546,7.760
1783088472021060527,7.754
1783088472026057370,7.756
1783088472031057548,7.757
1783088472036065426,7.752
1783088472041058325,7.755
1783088472046058169,7.758
1783088472051060023,7.755
1783088472056061981,7.761
1783088472061058859,7.755
1783088472066058928,7.757
1783088472071058971,7.751
1783088472076059665,7.756
1783088472081057509,7.761
1783088472086063701,7.755
1783088472091058154,7.752
1783088472096058892,7.756
1783088472101059426,7.757
1783088472106068478,7.757
1783088472111061630,7.754
1783088472116059668,7.759
1783088472121060352,7.751
1783088472126059040,7.760
1783088472131059346,7.757
1783088472136064579,7.749
1783088472141061306,7.763
1783088472146060616,7.752
1783088472151060525,7.758
1783088472156063499,7.753
1783088472161060629,7.762
1783088472166061913,7.756
1783088472171059857,7.754
1783088472176060311,7.757
1783088472181066009,7.756
1783088472186060487,7.759
1783088472191060841,7.750
1783088472196059306,7.760
1783088472201060928,7.755
1783088472206063315,7.754
1783088472211061692,7.760
1783088472216060721,7.752
1783088472221061392,7.757
1783088472226064408,7.760
1783088472231065753,7.755
1783088472236062517,7.756
1783088472241063016,7.757
1783088472246062129,7.752
1783088472251063159,7.756
1783088472256064225,7.756
1783088472261066127,7.755
1783088472266067024,7.756
1783088472271063787,7.756
1783088472276063261,7.758
1783088472281062514,7.759
1783088472286063722,7.756
1783088472291065250,7.755
1783088472296065148,7.758
1783088472301066836,7.748
1783088472306070028,7.753
1783088472311069126,7.766
1783088472316066372,7.755
1783088472321070114,7.755
1783088472326066215,7.760
1783088472331065602,7.752
1783088472336067083,7.755
1783088472341068714,7.755
1783088472346066292,7.761
1783088472351066897,7.753
1783088472356069043,7.754
1783088472361070017,7.760
1783088472366067638,7.754
1783088472371065245,7.761
1783088472376065858,7.750
1783088472381068982,7.760
1783088472386068214,7.752
1783088472391067644,7.758
1783088472396066006,7.758
1783088472401066488,7.752
1783088472406073640,7.760
1783088472411068688,7.751
1783088472416067862,7.759
1783088472421069731,7.755
1783088472426066110,7.756
1783088472431070242,7.751
1783088472436069885,7.758
1783088472441072696,7.760
1783088472446067303,7.759
1783088472451068495,7.756
1783088472456070745,7.754
1783088472461071696,7.756
1783088472466068653,7.755
1783088472471067578,7.759
1783088472476067736,7.750
1783088472481071683,7.758
1783088472486068893,7.755
1783088472491067626,7.753
1783088472496067794,7.761
1783088472501066330,7.756
1783088472506068492,7.754
1783088472511073037,7.757
1783088472516069600,7.756
1783088472521071013,7.755
1783088472526069116,7.754
1783088472531073033,7.758
1783088472536069387,7.756
1783088472541068975,7.758
1783088472546068501,7.751
1783088472551072259,7.759
1783088472556073729,7.755
1783088472561071645,7.754
1783088472566070965,7.759
1783088472571070296,7.759
1783088472576070401,7.750
1783088472581069708,7.759
1783088472586071057,7.755
1783088472591069720,7.760
1783088472596072426,7.753
1783088472601070756,7.753
1783088472606073442,7.760
1783088472611072286,7.752
1783088472616076424,7.758
1783088472621070491,7.753
1783088472626072078,7.762
1783088472631070983,7.752
1783088472636074081,7.753
1783088472641071107,7.760
1783088472646079557,7.753
1783088472651075522,7.757
1783088472656076601,7.756
1783088472661073094,7.756
1783088472666072345,7.759
1783088472671073241,7.756
1783088472676072420,7.752
1783088472681074159,7.762
1783088472686073534,7.752
1783088472691073394,7.758
1783088472696072672,7.759
1783088472701072790,7.750
1783088472706082544,7.756
1783088472711076578,7.753
1783088472716074247,7.761
1783088472721077969,7.752
1783088472726074051,7.757
1783088472731074173,7.757
1783088472736074147,7.758
1783088472741073333,7.759
1783088472746075279,7.755
1783088472751077040,7.755
1783088472756078779,7.755
1783088472761078841,7.757
1783088472766075410,7.756
1783088472771075832,7.757
1783088472776074946,7.759
1783088472781074694,7.751
1783088472786076242,7.755
1783088472791075264,7.759
1783088472796075196,7.758
1783088472801075239,7.758
1783088472806082422,7.753
1783088472811078236,7.757
1783088472816076422,7.753
1783088472821076520,7.757
1783088472826075445,7.759
1783088472831074383,7.752
1783088472836077653,7.756
1783088472841077247,7.755
1783088472846083469,7.755
1783088472851080819,7.755
1783088472856080561,7.758
1783088472861078601,7.757
1783088472866080924,7.757
1783088472871076835,7.757
1783088472876076773,7.758
1783088472881076026,7.752
1783088472886084465,7.758
1783088472891077682,7.754
1783088472896077360,7.758
1783088472901077410,7.756
1783088472906085182,7.754
1783088472911079282,7.753
1783088472916078251,7.759
1783088472921078415,7.757
1783088472926078216,7.758
1783088472931078441,7.757
1783088472936079615,7.756
1783088472941081813,7.754
1783088472946078378,7.756
1783088472951078761,7.757
1783088472956081390,7.753
1783088472961081263,7.758
1783088472966079397,7.754
1783088472971082984,7.759
1783088472976083958,7.744
1783088472981078985,7.769
1783088472986079778,7.751
1783088472991079879,7.757
1783088472996079422,7.758
1783088473001078568,7.754
1783088473006086400,7.758
1783088473011082007,7.757
1783088473016081050,7.752
1783088473021080323,7.759
1783088473026080745,7.757
1783088473031080275,7.755
1783088473036080922,7.757
1783088473041079520,7.756
1783088473046084243,7.757
1783088473051081529,7.755
1783088473056084524,7.753
1783088473061082995,7.760
1783088473066085555,7.754
1783088473071081327,7.757
1783088473076081000,7.758
1783088473081080906,7.751
1783088473086085680,7.757
1783088473091081626,7.757
1783088473096081800,7.757
1783088473101080842,7.757
1783088473106089547,7.753
1783088473111085103,7.758
1783088473116083472,7.753
1783088473121085585,7.754
1783088473126082219,7.763
1783088473131081877,7.751
1783088473136087447,7.756
1783088473141083636,7.757
1783088473146086423,7.760
1783088473151086808,7.750
1783088473156086382,7.758
1783088473161084224,7.757
1783088473166087330,7.756
1783088473171085656,7.753
1783088473176084668,7.759
1783088473181085396,7.756
1783088473186088214,7.753
1783088473191085896,7.761
1783088473196085708,7.751
1783088473201084320,7.760
1783088473206087285,7.753
1783088473211086455,7.759
1783088473216086476,7.758
1783088473221085623,7.752
1783088473226087369,7.755
1783088473231086591,7.759
1783088473236086530,7.758
1783088473241088655,7.754
1783088473246085628,7.755
1783088473251087223,7.755
1783088473256090504,7.752
1783088473261089582,7.759
1783088473266087660,7.761
1783088473271087578,7.751
1783088473276087216,7.758
1783088473281086238,7.759
1783088473286087482,7.756
1783088473291093338,7.748
1783088473296091127,7.761
1783088473301094405,7.759
1783088473306093753,7.752
1783088473311100611,7.761
1783088473316092169,7.753
1783088473321090202,7.757
1783088473326092291,7.754
1783088473331092456,7.757
1783088473336091695,7.759
1783088473341257046,7.751
1783088473346094102,7.761
1783088473351090937,7.756
1783088473356095647,7.750
1783088473361091076,7.758
1783088473366090418,7.759
1783088473371089126,7.753
1783088473376088157,7.759
1783088473381092591,7.754
1783088473386093827,7.752
1783088473391091964,7.760
1783088473396090318,7.760
1783088473401090593,7.750
1783088473406097010,7.755
1783088473411091451,7.759
1783088473416091153,7.758
1783088473421090407,7.755
1783088473426090109,7.755
1783088473431089295,7.759
1783088473436091825,7.754
1783088473441089942,7.760
1783088473446091055,7.749
1783088473451091320,7.757
1783088473456097564,7.755
1783088473461095123,7.754
1783088473466093256,7.760
1783088473471090237,7.755
1783088473476089400,7.759
1783088473481091265,7.755
1783088473486095527,7.758
1783088473491092049,7.756
1783088473496090143,7.754
1783088473501090721,7.757
1783088473506099107,7.758
1783088473511095741,7.756
1783088473516091695,7.757
1783088473521097376,7.756
1783088473526094919,7.754
1783088473531094385,7.758
1783088473536092017,7.754
1783088473541091649,7.756
1783088473546092466,7.751
1783088473551093360,7.756
1783088473556096674,7.759
1783088473561093819,7.755
1783088473566094918,7.756
1783088473571093652,7.760
1783088473576091940,7.753
1783088473581093398,7.755
1783088473586093530,7.757
1783088473591092999,7.758
1783088473596093881,7.753
1783088473601092335,7.757
1783088473606099860,7.753
1783088473611095455,7.757
1783088473616098905,7.759
1783088473621093695,7.752
1783088473626093401,7.758
1783088473631094330,7.756
1783088473636096218,7.755
1783088473641095387,7.759
1783088473646102030,7.754
1783088473651098942,7.755
1783088473656099968,7.756
1783088473661096722,7.756
1783088473666095560,7.759
1783088473671094938,7.752
1783088473676095822,7.756
1783088473681097245,7.762
1783088473686095995,7.753
1783088473691096401,7.757
1783088473696095591,7.752
1783088473701096149,7.757
1783088473706101579,7.756
1783088473711097033,7.758
1783088473716097746,7.756
1783088473721097445,7.758
1783088473726098522,7.756
1783088473731096593,7.754
1783088473736095966,7.759
1783088473741096272,7.757
1783088473746099730,7.752
1783088473751098241,7.760
1783088473756100162,7.755
1783088473761102612,7.754
1783088473766098554,7.757
1783088473771098180,7.758
1783088473776097525,7.752
1783088473781101288,7.759
1783088473786101113,7.758
1783088473791098728,7.754
1783088473796096901,7.755
1783088473801098107,7.754
1783088473806100369,7.761
1783088473811102254,7.755
1783088473816098701,7.756
1783088473821099866,7.756
1783088473826102238,7.754
1783088473831098367,7.757
1783088473836099904,7.755
1783088473841099170,7.759
1783088473846102954,7.759
1783088473851101662,7.753
1783088473856102028,7.757
1783088473861101949,7.758
1783088473866105303,7.752
1783088473871101542,7.756
1783088473876099374,7.761
1783088473881100801,7.755
1783088473886103569,7.753
1783088473891101609,7.754
1783088473896101191,7.758
1783088473901101453,7.757
1783088473906105563,7.755
1783088473911101901,7.760
1783088473916101244,7.752
1783088473921101368,7.757
1783088473926101822,7.757
1783088473931101825,7.758
1783088473936100530,7.753
1783088473941101394,7.756
1783088473946101166,7.758
1783088473951102840,7.752
1783088473956106240,7.756
1783088473961104505,7.760
1783088473966102709,7.753
1783088473971101507,7.759
1783088473976101979,7.757
1783088473981101543,7.751
1783088473986101985,7.757
1783088473991101887,7.758
1783088473996103569,7.755
1783088474001102399,7.759
1783088474006107012,7.757
1783088474011106222,7.752
1783088474016105933,7.758
1783088474021104542,7.753
1783088474026105365,7.760
1783088474031105168,7.754
1783088474036104160,7.759
1783088474041103062,7.752
1783088474046105408,7.754
1783088474051105134,7.758
1783088474056106700,7.755
1783088474061105605,7.759
1783088474066105363,7.758
1783088474071104166,7.752
1783088474076104857,7.756
1783088474081105797,7.756
1783088474086108733,7.753
1783088474091109616,7.756
1783088474096109095,7.757
1783088474101108477,7.760
1783088474106113426,7.750
1783088474111110242,7.756
1783088474116108934,7.760
1783088474121108245,7.759
1783088474126108350,7.757
1783088474131108900,7.757
1783088474136111934,7.753
1783088474141110208,7.753
1783088474146110113,7.758
1783088474151110543,7.757
1783088474156112415,7.755
1783088474161111634,7.759
1783088474166109889,7.753
1783088474171109857,7.758
1783088474176108977,7.752
1783088474181108979,7.758
1783088474186110836,7.756
1783088474191112327,7.754
1783088474196109588,7.762
1783088474201109883,7.757
1783088474206113304,7.752
1783088474211112502,7.759
1783088474216111332,7.752
1783088474221109986,7.756
1783088474226112006,7.758
1783088474231110997,7.752
1783088474236112064,7.756
1783088474241110769,7.760
1783088474246112980,7.754
1783088474251112263,7.759
1783088474256110621,7.753
1783088474261112313,7.755
1783088474266111063,7.760
1783088474271110141,7.752
1783088474276109918,7.758
1783088474281111472,7.755
1783088474286112055,7.757
1783088474291114248,7.754
1783088474296108811,7.759
1783088474301112120,7.752
1783088474306111682,7.758
1783088474311114925,7.759
1783088474316112058,7.755
1783088474321110940,7.752
1783088474326112810,7.755
1783088474331114908,7.761
1783088474336113402,7.753
1783088474341117332,7.758
1783088474346119490,7.754
1783088474351112773,7.754
1783088474356114405,7.755
1783088474361113715,7.759
1783088474366114140,7.757
1783088474371111323,7.755
1783088474376110585,7.759
1783088474381112679,7.754
1783088474386114481,7.755
1783088474391116091,7.762
1783088474396112728,7.749
1783088474401111966,7.759
1783088474406118270,7.755
1783088474411113303,7.758
1783088474416113274,7.751
1783088474421112577,7.759
1783088474426112402,7.758
1783088474431112985,7.757
1783088474436114760,7.755
1783088474441112578,7.754
1783088474446112373,7.758
1783088474451113585,7.756
1783088474456117691,7.758
1783088474461113689,7.757
1783088474466115219,7.748
1783088474471113543,7.760
1783088474476113883,7.757
1783088474481115852,7.755
1783088474486116398,7.757
1783088474491116676,7.752
1783088474496115131,7.758
1783088474501114892,7.758
1783088474506118703,7.759
1783088474511122244,7.752
1783088474516115842,7.761
1783088474521114941,7.752
1783088474526115185,7.757
1783088474531117820,7.753
1783088474536114685,7.762
1783088474541114468,7.751
1783088474546114869,7.757
1783088474551119129,7.758
1783088474556119455,7.752
1783088474561118015,7.758
1783088474566117021,7.759
1783088474571116061,7.752
1783088474576116379,7.757
1783088474581118817,7.754
1783088474586116988,7.760
1783088474591115422,7.753
1783088474596116405,7.756
1783088474601116810,7.757
1783088474606126328,7.748
1783088474611121678,7.767
1783088474616119851,7.753
1783088474621118913,7.757
1783088474626117616,7.754
1783088474631119657,7.754
1783088474636120381,7.756
1783088474641122859,7.761
1783088474646125729,7.753
1783088474651124935,7.759
1783088474656122271,7.755
1783088474661119811,7.754
1783088474666121790,7.754
1783088474671120980,7.759
1783088474676122462,7.755
1783088474681118840,7.756
1783088474686122840,7.758
1783088474691123330,7.755
1783088474696122777,7.753
1783088474701121936,7.759
1783088474706125090,7.753
1783088474711125402,7.757
1783088474716124885,7.758
1783088474721120338,7.751
1783088474726120729,7.757
1783088474731121363,7.757
1783088474736119801,7.760
1783088474741119559,7.758
1783088474746119293,7.751
1783088474751127338,7.745
1783088474756124152,7.766
1783088474761128239,7.755
1783088474766123508,7.758
1783088474771121586,7.755
1783088474776121752,7.756
1783088474781123712,7.761
1783088474786120190,7.756
1783088474791122021,7.755
1783088474796123400,7.755
1783088474801121830,7.753
1783088474806123744,7.755
1783088474811125401,7.762
1783088474816122447,7.750
1783088474821122017,7.757
1783088474826121381,7.759
1783088474831121149,7.758
1783088474836121685,7.757
1783088474841122625,7.754
1783088474846122618,7.752
1783088474851123736,7.756
1783088474856125835,7.754
1783088474861124432,7.760
1783088474866124990,7.757
1783088474871124654,7.758
1783088474876124266,7.751
1783088474881123100,7.759
1783088474886127541,7.751
1783088474891125515,7.761
1783088474896124414,7.759
1783088474901123276,7.752
1783088474906131274,7.752
1783088474911129047,7.761
1783088474916127010,7.754
1783088474921124543,7.754
1783088474926124553,7.758
1783088474931127555,7.760
1783088474936124080,7.756
1783088474941123807,7.758
1783088474946126577,7.753
1783088474951126550,7.751
1783088474956129781,7.759
1783088474961129122,7.759
1783088474966137754,7.753
1783088474971125266,7.754
1783088474976125185,7.758
1783088474981125818,7.757
1783088474986124504,7.760
1783088474991124726,7.752
1783088474996127871,7.758
1783088475001125625,7.754
1783088475006129031,7.752
1783088475012517594,7.747
1783088475016135526,7.782
1783088475021127017,7.757
1783088475026125937,7.752
1783088475031125961,7.758
1783088475036127527,7.755
1783088475041125877,7.753
1783088475046127599,7.757
1783088475051127113,7.757
1783088475056130658,7.759
1783088475061128728,7.754
1783088475066127746,7.759
1783088475071126318,7.753
1783088475076126998,7.757
1783088475081128664,7.755
1783088475086129058,7.757
1783088475091127136,7.761
1783088475096127889,7.756
1783088475101127243,7.752
1783088475106132625,7.756
1783088475111131523,7.759
1783088475116132564,7.756
1783088475121131475,7.752
1783088475126129796,7.760
1783088475131129370,7.751
1783088475136133425,7.758
1783088475141129439,7.757
1783088475146130019,7.757
1783088475151136318,7.755
1783088475156132574,7.756
1783088475161131086,7.753
1783088475166132388,7.756
1783088475171128866,7.756
1783088475176133795,7.757
1783088475181130282,7.756
1783088475186129847,7.758
1783088475191129183,7.759
1783088475196132443,7.753
1783088475201129705,7.755
1783088475206132823,7.760
1783088475211134269,7.755
1783088475216133747,7.758
1783088475221130661,7.754
1783088475226130463,7.753
1783088475231130937,7.757
1783088475236135038,7.758
1783088475241130792,7.757
1783088475246130642,7.753
1783088475251135064,7.756
1783088475256132950,7.759
1783088475261135668,7.755
1783088475266137070,7.755
1783088475271132426,7.758
1783088475276132033,7.758
1783088475281131669,7.751
1783088475286132373,7.756
1783088475291134137,7.755
1783088475296136275,7.754
1783088475301131563,7.758
1783088475306131819,7.757
1783088475311134395,7.755
1783088475316135280,7.754
1783088475321134394,7.759
1783088475326133202,7.759
1783088475331138054,7.750
1783088475336137016,7.759
1783088475341136346,7.752
1783088475346142156,7.759
1783088475351138612,7.753
1783088475356142128,7.759
1783088475361137190,7.758
1783088475366135793,7.753
1783088475371138442,7.760
1783088475376138523,7.757
1783088475381135219,7.749
1783088475386138732,7.759
1783088475391138223,7.758
1783088475396134073,7.757
1783088475401134785,7.750
1783088475406142022,7.760
1783088475411140705,7.753
1783088475416139503,7.759
1783088475421138364,7.759
1783088475426139702,7.749
1783088475431138572,7.759
1783088475436138685,7.757
1783088475441142434,7.752
1783088475446140101,7.754
1783088475451139870,7.758
1783088475456141861,7.754
1783088475461138040,7.757
1783088475466137933,7.758
1783088475471140507,7.757
1783088475476137605,7.759
1783088475481135691,7.754
1783088475486135857,7.757
1783088475491140660,7.757
1783088475496136009,7.751
1783088475501137309,7.759
1783088475506145608,7.755
1783088475511147339,7.755
1783088475516140292,7.755
1783088475521137240,7.762
1783088475526136984,7.751
1783088475531139416,7.761
1783088475536140852,7.755
1783088475541137994,7.755
1783088475546137275,7.752
1783088475551142697,7.756
1783088475556146105,7.757
1783088475561140301,7.756
1783088475566138855,7.758
1783088475571141745,7.753
1783088475576145664,7.758
1783088475581137295,7.757
1783088475586139286,7.754
1783088475591141125,7.755
1783088475596140551,7.758
1783088475601138805,7.753
1783088475606141094,7.761
1783088475611143537,7.754
1783088475616139390,7.757
1783088475621138580,7.759
1783088475626139082,7.750
1783088475631141734,7.760
1783088475636143105,7.755
1783088475641140117,7.755
1783088475646146069,7.755
1783088475651141340,7.758
1783088475656149089,7.752
1783088475661142747,7.759
1783088475666142234,7.753
1783088475671140836,7.760
1783088475676142853,7.754
1783088475681139781,7.755
1783088475686141996,7.754
1783088475691139943,7.761
1783088475696145116,7.750
1783088475701142194,7.755
1783088475706148500,7.762
1783088475711142006,7.754
1783088475716141971,7.758
1783088475721143298,7.756
1783088475726143316,7.758
1783088475731142976,7.755
1783088475736142663,7.755
1783088475741141967,7.759
1783088475746142603,7.757
1783088475751142541,7.758
1783088475756146643,7.751
1783088475761150292,7.759
1783088475766145665,7.758
1783088475771148608,7.753
1783088475776142651,7.760
1783088475781143411,7.756
1783088475786144442,7.756
1783088475791145381,7.756
1783088475796144234,7.752
1783088475801143842,7.758
1783088475806147102,7.753
1783088475811148631,7.755
1783088475816145138,7.756
1783088475821143907,7.759
1783088475826144770,7.756
1783088475831143964,7.752
1783088475836145053,7.756
1783088475841144791,7.758
1783088475846146403,7.755
1783088475851158101,7.739
1783088475856149517,7.771
1783088475861147867,7.760
1783088475866145324,7.755
1783088475871146100,7.756
1783088475876146240,7.757
1783088475881144927,7.754
1783088475886149048,7.756
1783088475891147118,7.761
1783088475896146348,7.752
1783088475901146738,7.757
1783088475906153327,7.754
1783088475911148759,7.758
1783088475916145943,7.755
1783088475921147759,7.755
1783088475926147687,7.758
1783088475931145555,7.754
1783088475936146320,7.756
1783088475941147631,7.756
1783088475946147667,7.758
1783088475951147052,7.759
1783088475956150937,7.752
1783088475961153953,7.760
1783088475966148950,7.755
1783088475971147930,7.756
1783088475976147288,7.759
1783088475981150466,7.753
1783088475986149578,7.759
1783088475991148512,7.752
1783088475996148269,7.758
1783088476001147788,7.755
1783088476006151649,7.755
1783088476011152467,7.756
1783088476016148710,7.756
1783088476021149084,7.757
1783088476026149153,7.757
1783088476031149027,7.758
1783088476036148517,7.751
1783088476041149875,7.762
1783088476046150828,7.749
1783088476051150990,7.757
1783088476056152835,7.755
1783088476061152020,7.759
1783088476066151080,7.759
1783088476071149790,7.753
1783088476076151960,7.754
1783088476081152046,7.757
1783088476086150742,7.760
1783088476091150620,7.751
1783088476096150392,7.758
1783088476101149765,7.759
1783088476106155679,7.755
1783088476111154799,7.752
1783088476116152503,7.761
1783088476121154620,7.754
1783088476126151178,7.756
1783088476131153103,7.755
1783088476136154675,7.755
1783088476141152719,7.761
1783088476146152122,7.752
1783088476151152120,7.758
1783088476156156322,7.758
1783088476161156472,7.757
1783088476166151948,7.758
1783088476171151926,7.751
1783088476176152510,7.757
1783088476181157107,7.757
1783088476186153726,7.756
1783088476191152520,7.759
1783088476196151969,7.751
1783088476201155561,7.759
1783088476206156999,7.755
1783088476211154047,7.755
1783088476216152897,7.759
1783088476221152954,7.751
1783088476226153136,7.757
1783088476231154630,7.755
1783088476236161628,7.754
1783088476241157351,7.764
1783088476246158704,7.749
1783088476251156752,7.761
1783088476256160188,7.752
1783088476261159926,7.758
1783088476266158659,7.760
1783088476271155337,7.756
1783088476276154642,7.752
1783088476281155179,7.757
1783088476286156491,7.756
1783088476291157837,7.755
1783088476296156007,7.760
1783088476301159389,7.752
1783088476306156267,7.755
1783088476311160213,7.751
1783088476316157778,7.761
1783088476321158483,7.756
1783088476326158990,7.757
1783088476331159040,7.757
1783088476336156700,7.754
1783088476341155908,7.759
1783088476346156986,7.756
1783088476351157696,7.756
1783088476356160914,7.753
1783088476361159360,7.760
1783088476366157407,7.754
1783088476371155735,7.760
1783088476376157709,7.755
1783088476381165898,7.745
1783088476386159681,7.760
1783088476391159079,7.759
1783088476396158923,7.758
1783088476401160671,7.755
1783088476406162481,7.755
1783088476411159883,7.755
1783088476416158209,7.760
1783088476421161720,7.759
1783088476426157253,7.751
1783088476431157726,7.757
1783088476436159334,7.755
1783088476441161566,7.754
1783088476446158224,7.759
1783088476451157497,7.755
1783088476456161408,7.758
1783088476461164993,7.752
1783088476466160076,7.758
1783088476471159038,7.759
1783088476476159523,7.757
1783088476481159361,7.751
1783088476486159427,7.757
1783088476491160051,7.757
1783088476496161363,7.756
1783088476501160261,7.759
1783088476506164946,7.750
1783088476511163892,7.759
1783088476516165760,7.755
1783088476521160180,7.759
1783088476526162566,7.754
1783088476531165828,7.753
1783088476536162534,7.756
1783088476541161680,7.759
1783088476546160986,7.759
1783088476551160235,7.752
1783088476556164982,7.757
1783088476561165516,7.757
1783088476566162961,7.755
1783088476571163517,7.757
1783088476576161403,7.756
1783088476581161653,7.755
1783088476586162577,7.756
1783088476591162956,7.757
1783088476596161373,7.760
1783088476601164842,7.752
1783088476606164672,7.758
1783088476611163799,7.754
1783088476616162356,7.758
1783088476621163016,7.757
1783088476626163416,7.757
1783088476631162379,7.752
1783088476636166228,7.759
1783088476641164226,7.754
1783088476646169123,7.757
1783088476651165863,7.756
1783088476656170655,7.754
1783088476661171457,7.760
1783088476666165539,7.753
1783088476671163233,7.761
1783088476676163307,7.751
1783088476681163845,7.757
1783088476686168329,7.758
1783088476691164160,7.757
1783088476696165754,7.755
1783088476701165032,7.759
1783088476706170018,7.750
1783088476711169778,7.758
1783088476716165525,7.757
1783088476721167132,7.755
1783088476726169972,7.753
1783088476731165668,7.757
1783088476736166881,7.756
1783088476741166764,7.758
1783088476746167045,7.757
1783088476751165769,7.760
1783088476756169317,7.752
1783088476761169303,7.758
1783088476766167069,7.754
1783088476771166773,7.758
1783088476776170180,7.752
1783088476781165543,7.758
1783088476786168752,7.758
1783088476791166472,7.756
1783088476796166082,7.758
1783088476801166293,7.752
1783088476806169000,7.759
1783088476811168186,7.752
1783088476816167674,7.758
1783088476821166230,7.760
1783088476826167203,7.756
1783088476831167642,7.750
1783088476836170659,7.760
1783088476841166485,7.757
1783088476846169175,7.753
1783088476851168493,7.759
1783088476856175175,7.754
1783088476861170324,7.758
1783088476866168982,7.753
1783088476871168800,7.758
1783088476876168647,7.758
1783088476881168016,7.752
1783088476886175942,7.759
1783088476891170322,7.752
1783088476896169290,7.759
1783088476901168912,7.758
1783088476906176650,7.752
1783088476911169919,7.761
1783088476916170993,7.749
1783088476921169648,7.760
1783088476926170117,7.757
1783088476931170835,7.756
1783088476936171491,7.757
1783088476941170495,7.752
1783088476946169113,7.760
1783088476951169357,7.757
1783088476956174280,7.750
1783088476961172000,7.761
1783088476966172384,7.757
1783088476971171030,7.753
1783088476976170428,7.759
1783088476981172144,7.755
1783088476986173420,7.756
1783088476991173749,7.757
1783088476996171040,7.755
1783088477001171869,7.756
1783088477006173421,7.755
1783088477011175987,7.754
1783088477016172719,7.763
1783088477021172669,7.751
1783088477026171638,7.759
1783088477031172929,7.756
1783088477036174191,7.756
1783088477041172257,7.754
1783088477046177546,7.756
1783088477051173388,7.757
1783088477056176730,7.752
1783088477061175384,7.760
1783088477066176934,7.755
1783088477071174612,7.754
1783088477076173386,7.759
1783088477081173268,7.758
1783088477086176113,7.753
1783088477091173667,7.761
1783088477096173509,7.751
1783088477101171971,7.760
1783088477106180870,7.751
1783088477111176407,7.758
1783088477116175300,7.759
1783088477121174715,7.753
1783088477126178101,7.758
1783088477131174921,7.756
1783088477136178553,7.759
1783088477141175006,7.756
1783088477146178812,7.752
1783088477151174958,7.757
1783088477156178876,7.758
1783088477161177586,7.753
1783088477166178948,7.755
1783088477171175253,7.756
1783088477176175055,7.758
1783088477181175482,7.757
1783088477186175897,7.757
1783088477191176570,7.757
1783088477196178213,7.755
1783088477201176505,7.753
1783088477206182879,7.755
1783088477211175597,7.762
1783088477216176250,7.757
1783088477221176209,7.752
1783088477226179350,7.758
1783088477231176548,7.755
1783088477236178978,7.761
1783088477241180264,7.756
1783088477246180446,7.750
1783088477251175932,7.758
1783088477256180946,7.757
1783088477261181895,7.756
1783088477266182086,7.757
1783088477271179820,7.754
1783088477276177778,7.754
1783088477281176465,7.760
1783088477286180663,7.758
1783088477291177511,7.756
1783088477296178984,7.755
1783088477301182798,7.752
1783088477306180965,7.760
1783088477311178754,7.754
1783088477316181076,7.754
1783088477321177928,7.761
1783088477326180646,7.755
1783088477331180646,7.751
1783088477336180908,7.757
1783088477341182098,7.763
1783088477346184599,7.747
1783088477351180330,7.764
1783088477356192485,7.753
1783088477361184533,7.756
1783088477366186260,7.755
1783088477371185613,7.759
1783088477376244504,7.756
1783088477381181925,7.751
1783088477386189431,7.760
1783088477391182193,7.755
1783088477396182491,7.757
1783088477401180587,7.761
1783088477406187899,7.753
1783088477411182116,7.753
1783088477416180858,7.760
1783088477421181737,7.756
1783088477426181934,7.757
1783088477431183463,7.755
1783088477436181790,7.753
1783088477441184835,7.753
1783088477446185393,7.764
1783088477451181159,7.750
1783088477456185743,7.757
1783088477461182869,7.755
1783088477466185569,7.760
1783088477471182865,7.755
1783088477476182817,7.758
1783088477481182133,7.752
1783088477486185611,7.759
1783088477491183454,7.754
1783088477496182227,7.759
1783088477501181634,7.752
1783088477506190768,7.757
1783088477511187368,7.756
1783088477516183568,7.757
1783088477521186706,7.760
1783088477526183543,7.756
1783088477531186577,7.753
1783088477536182403,7.757
1783088477541183577,7.756
1783088477546184843,7.756
1783088477551183605,7.759
1783088477556189811,7.748
1783088477561187325,7.761
1783088477566187183,7.751
1783088477571184928,7.761
1783088477576184019,7.759
1783088477581184520,7.757
1783088477586184748,7.750
1783088477591184328,7.758
1783088477596186230,7.755
1783088477601188436,7.761
1783088477606187782,7.752
1783088477611186256,7.756
1783088477616185990,7.755
1783088477621188232,7.761
1783088477626185034,7.756
1783088477631185308,7.757
1783088477636189857,7.751
1783088477641191463,7.755
1783088477646193301,7.755
1783088477651189631,7.756
1783088477656193002,7.759
1783088477661192271,7.759
1783088477666188144,7.757
1783088477671188053,7.751
1783088477676187272,7.759
1783088477681191558,7.758
1783088477686187054,7.751
1783088477691186918,7.758
1783088477696187822,7.756
1783088477701187033,7.759
1783088477706191852,7.750
1783088477711192894,7.756
1783088477716190533,7.761
1783088477721189232,7.753
1783088477726189408,7.757
1783088477731188093,7.760
1783088477736189607,7.755
1783088477741187325,7.754
1783088477746190395,7.760
1783088477751187789,7.755
1783088477756192726,7.750
1783088477761192394,7.758
1783088477766189679,7.760
1783088477771189138,7.753
1783088477776188546,7.758
1783088477781191466,7.753
1783088477786193503,7.761
1783088477791190136,7.756
1783088477796188549,7.753
1783088477801189718,7.756
1783088477806193875,7.758
1783088477811190632,7.756
1783088477816190145,7.751
1783088477821190161,7.758
1783088477826192081,7.760
1783088477831189619,7.756
1783088477836197932,7.752
1783088477841190341,7.755
1783088477846193768,7.759
1783088477851190326,7.756
1783088477856260108,7.699
1783088477861192445,7.815
1783088477866204160,7.746
1783088477871191122,7.764
1783088477876190495,7.759
1783088477881191386,7.756
1783088477886214359,7.757
1783088477891193153,7.756
1783088477896191080,7.754
1783088477901190455,7.759
1783088477906198783,7.752
1783088477911193399,7.759
1783088477916194509,7.756
1783088477921193697,7.759
1783088477926195831,7.754
1783088477931192608,7.756
1783088477936192534,7.758
1783088477941192037,7.751
1783088477946194506,7.754
1783088477951194532,7.758
1783088477956198062,7.759
1783088477961195956,7.754
1783088477966196928,7.756
1783088477971193888,7.759
1783088477976193677,7.754
1783088477981193187,7.758
1783088477986197433,7.758
1783088477991193232,7.750
1783088477996194589,7.755
1783088478001193807,7.759
1783088478006198237,7.758
1783088478011204023,7.742
1783088478016195906,7.770
1783088478021195384,7.758
1783088478026197603,7.754
1783088478031194639,7.755
1783088478036196393,7.755
1783088478041195371,7.759
1783088478046195347,7.758
1783088478051194292,7.752
1783088478056198564,7.758
1783088478061198486,7.751
1783088478066195835,7.762
1783088478071195226,7.752
1783088478076195311,7.757
1783088478081195954,7.757
1783088478086195719,7.758
1783088478091198048,7.754
1783088478096196471,7.753
1783088478101196629,7.757
1783088478106201478,7.757
1783088478111197554,7.757
1783088478116196339,7.759
1783088478121197372,7.756
1783088478126198775,7.748
1783088478131198252,7.758
1783088478136200502,7.754
1783088478141198332,7.761
1783088478146200906,7.754
1783088478151197832,7.755
1783088478156202842,7.757
1783088478161200613,7.754
1783088478166204189,7.759
1783088478171199271,7.758
1783088478176198129,7.752
1783088478181197774,7.758
1783088478186200365,7.755
1783088478191199473,7.757
1783088478196198091,7.760
1783088478201197911,7.751
1783088478206205816,7.752
1783088478211200130,7.759
1783088478216199642,7.758
1783088478221199610,7.758
1783088478226200392,7.756
1783088478231204010,7.752
1783088478236202428,7.760
1783088478241203077,7.750
1783088478246204355,7.756
1783088478251204521,7.757
1783088478256202820,7.760
1783088478261206988,7.751
1783088478266201847,7.759
1783088478271203853,7.756
1783088478276204924,7.754
1783088478281201160,7.756
1783088478286201593,7.757
1783088478291201049,7.758
1783088478296200947,7.758
1783088478301200512,7.751
1783088478306204182,7.759
1783088478311202282,7.754
1783088478316204420,7.754
1783088478321202980,7.760
1783088478326203256,7.757
1783088478331202696,7.752
1783088478336202050,7.759
1783088478341206199,7.758
1783088478346403394,7.756
1783088478351203167,7.757
1783088478356207477,7.751
1783088478361205554,7.761
1783088478366204484,7.752
1783088478371204124,7.758
1783088478376202962,7.759
1783088478381202906,7.751
1783088478386206340,7.759
1783088478391206098,7.758
1783088478396203500,7.755
1783088478401203494,7.752
1783088478406212269,7.756
1783088478411204169,7.756
1783088478416203436,7.759
1783088478421203357,7.758
1783088478426206499,7.753
1783088478431206537,7.758
1783088478436204482,7.754
1783088478441205374,7.756
1783088478446207931,7.759
1783088478451204332,7.758
1783088478456208710,7.751
1783088478461205853,7.760
1783088478466208644,7.755
1783088478471204884,7.756
1783088478476205167,7.757
1783088478481205050,7.751
1783088478486209818,7.757
1783088478491206554,7.756
1783088478496205377,7.759
1783088478501205270,7.758
1783088478506213998,7.751
1783088478511209855,7.757
1783088478516207981,7.754
1783088478521206603,7.760
1783088478526210179,7.752
1783088478531205929,7.757
1783088478536208485,7.754
1783088478541207052,7.760
1783088478546209277,7.761
1783088478551207062,7.752
1783088478556210516,7.754
1783088478561209390,7.759
1783088478566210456,7.756
1783088478571207232,7.756
1783088478576208636,7.755
1783088478581212002,7.752
1783088478586210060,7.754
1783088478591209229,7.759
1783088478596208447,7.759
1783088478601208833,7.757
1783088478606211611,7.753
1783088478611209213,7.754
1783088478616209219,7.758
1783088478621209797,7.757
1783088478626209442,7.758
1783088478631209512,7.752
1783088478636211187,7.760
1783088478641211108,7.758
1783088478646215139,7.751
1783088478651215204,7.757
1783088478656215216,7.754
1783088478661211928,7.759
1783088478666212525,7.757
1783088478671213183,7.757
1783088478676209168,7.757
1783088478681209191,7.758
1783088478686209638,7.750
1783088478691210591,7.756
1783088478696211509,7.756
1783088478701211666,7.757
1783088478706216325,7.757
1783088478711211740,7.758
1783088478716212117,7.750
1783088478721210655,7.760
1783088478726210827,7.757
1783088478731215864,7.750
1783088478736211448,7.757
1783088478741212114,7.763
1783088478746211512,7.752
1783088478751213710,7.754
1783088478756215139,7.755
1783088478761215670,7.757
1783088478766214475,7.759
1783088478771214382,7.758
1783088478776211875,7.755
1783088478781212405,7.757
1783088478786212475,7.757
1783088478791215739,7.753
1783088478796212690,7.755
1783088478801212637,7.758
1783088478806216091,7.752
1783088478811217564,7.762
1783088478816212448,7.752
1783088478821211716,7.759
1783088478826212146,7.757
1783088478831211488,7.757
1783088478836212590,7.751
1783088478841212552,7.758
1783088478846215410,7.753
1783088478851216779,7.762
1783088478856217991,7.749
1783088478861218435,7.757
1783088478866216469,7.761
1783088478871218739,7.754
1783088478876214621,7.757
1783088478881214451,7.758
1783088478886217979,7.752
1783088478891216366,7.760
1783088478896214249,7.754
1783088478901215402,7.756
1783088478906220370,7.757
1783088478911216786,7.756
1783088478916217092,7.757
1783088478921215394,7.753
1783088478926215508,7.757
1783088478931216449,7.756
1783088478936219387,7.760
1783088478941215821,7.754
1783088478946217361,7.750
1783088478951215541,7.760
1783088478956219491,7.751
1783088478961218127,7.760
1783088478966218543,7.757
1783088478971219545,7.756
1783088478976217661,7.754
1783088478981217128,7.758
1783088478986218526,7.755
1783088478991221694,7.760
1783088478996216711,7.751
1783088479001217792,7.756
1783088479006219348,7.755
1783088479011225246,7.755
1783088479016218611,7.761
1783088479021218671,7.757
1783088479026218045,7.752
1783088479031219519,7.755
1783088479036218843,7.759
1783088479041217888,7.759
1783088479046218924,7.751
1783088479051223349,7.756
1783088479056223549,7.757
1783088479061220614,7.755
1783088479066220137,7.758
1783088479071219446,7.759
1783088479076219553,7.750
1783088479081218858,7.759
1783088479086220760,7.755
1783088479091223706,7.760
1783088479096217768,7.753
1783088479101219376,7.755
1783088479106224244,7.757
1783088479111223073,7.752
1783088479116219935,7.762
1783088479121220773,7.756
1783088479126222765,7.754
1783088479131219385,7.756
1783088479136223013,7.752
1783088479141222421,7.758
1783088479146224516,7.754
1783088479151233592,7.757
1783088479156228930,7.758
1783088479161225244,7.756
1783088479166224874,7.751
1783088479171224584,7.758
1783088479176225350,7.756
1783088479181224200,7.759
1783088479186223790,7.751
1783088479191223664,7.758
1783088479196224187,7.757
1783088479201223771,7.758
1783088479206230165,7.753
1783088479211228576,7.755
1783088479216226567,7.761
1783088479221226427,7.754
1783088479226225081,7.756
1783088479231223893,7.754
1783088479236225804,7.760
1783088479241228371,7.754
1783088479246225532,7.755
1783088479251225299,7.758
1783088479256229520,7.751
1783088479261230990,7.755
1783088479266228336,7.762
1783088479271227169,7.752
1783088479276227808,7.757
1783088479281227181,7.759
1783088479286227703,7.757
1783088479291225961,7.753
1783088479296228407,7.754
1783088479301226633,7.760
1783088479306230201,7.752
1783088479311224552,7.759
1783088479316226675,7.754
1783088479321224481,7.761
1783088479326225222,7.756
1783088479331224790,7.751
1783088479336226868,7.754
1783088479341228059,7.756
1783088479346327412,7.756
1783088479351250144,7.760
1783088479356231493,7.752
1783088479361225858,7.759
1783088479366225658,7.758
1783088479371227392,7.755
1783088479376226481,7.752
1783088479381227679,7.763
1783088479386229401,7.755
1783088479391227053,7.754
1783088479396226393,7.752
1783088479401227486,7.756
1783088479406231199,7.759
1783088479411229919,7.760
1783088479416230040,7.757
1783088479421230440,7.750
1783088479426229444,7.759
1783088479431229474,7.758
1783088479436229994,7.757
1783088479441229902,7.751
1783088479446227669,7.761
1783088479451227634,7.751
1783088479456230167,7.761
1783088479461228818,7.753
1783088479466230233,7.755
1783088479471229305,7.759
1783088479476227703,7.753
1783088479481226913,7.759
1783088479486227754,7.756
1783088479491228052,7.757
1783088479496228288,7.750
1783088479501228544,7.757
1783088479506234684,7.755
1783088479511233476,7.759
1783088479516231662,7.753
1783088479521229760,7.761
1783088479526229534,7.758
1783088479531229428,7.751
1783088479536230482,7.756
1783088479541229411,7.759
1783088479546229861,7.757
1783088479551229992,7.750
1783088479556234325,7.758
1783088479561232033,7.754
1783088479566234089,7.754
1783088479571231671,7.761
1783088479576230961,7.759
1783088479581229698,7.753
1783088479586234283,7.757
1783088479591230586,7.756
1783088479596230600,7.758
1783088479601231570,7.756
1783088479606236528,7.750
1783088479611232942,7.756
1783088479616233432,7.757
1783088479621234609,7.763
1783088479626231619,7.750
1783088479631232502,7.754
1783088479636238300,7.755
1783088479641237777,7.751
1783088479646238383,7.764
1783088479651234675,7.756
1783088479656242093,7.753
1783088479661233176,7.758
1783088479666234810,7.755
1783088479671234094,7.759
1783088479676234938,7.756
1783088479681236157,7.756
1783088479686233094,7.755
1783088479691232078,7.759
1783088479696239004,7.754
1783088479701235088,7.750
1783088479706238574,7.759
1783088479711235123,7.756
1783088479716237402,7.761
1783088479721234415,7.755
1783088479726232978,7.760
1783088479731233335,7.750
1783088479736237633,7.758
1783088479741233556,7.757
1783088479746234257,7.756
1783088479751233700,7.755
1783088479756240671,7.757
1783088479761237703,7.755
1783088479766236152,7.753
1783088479771234830,7.760
1783088479776238904,7.758
1783088479781234302,7.751
1783088479786238011,7.759
1783088479791234765,7.756
1783088479796237159,7.754
1783088479801235561,7.760
1783088479806237576,7.754
1783088479811236513,7.752
1783088479816239473,7.760
1783088479821234993,7.758
1783088479826235407,7.750
1783088479831235046,7.758
1783088479836238430,7.759
1783088479841235200,7.756
1783088479846235722,7.757
1783088479851234805,7.752
1783088479856239078,7.758
1783088479861239920,7.756
1783088479866241482,7.755
1783088479871237486,7.757
1783088479876237254,7.751
1783088479881236647,7.759
1783088479886241441,7.757
1783088479891238554,7.755
1783088479896237946,7.759
1783088479901238159,7.757
1783088479906246949,7.751
1783088479911240094,7.761
1783088479916241345,7.756
1783088479921237855,7.756
1783088479926238297,7.757
1783088479931237670,7.752
1783088479936237555,7.758
1783088479941238966,7.755
1783088479946239058,7.757
1783088479951238474,7.758
1783088479956246480,7.752
1783088479961240506,7.760
1783088479966239827,7.752
1783088479971238589,7.759
1783088479976238791,7.757
1783088479981238929,7.756
1783088479986242772,7.753
1783088479991240357,7.754
1783088479996238875,7.760
1783088480001239261,7.757
1783088480006243114,7.752
1783088480011243252,7.757
1783088480016240234,7.755
1783088480021241500,7.756
1783088480026240878,7.759
1783088480031239668,7.753
1783088480036240022,7.757
1783088480041240216,7.757
1783088480046240806,7.757
1783088480051241346,7.757
1783088480056244064,7.753
1783088480061242816,7.760
1783088480066242125,7.752
1783088480071240891,7.759
1783088480076245255,7.758
1783088480081241453,7.757
1783088480086242118,7.753
1783088480091242118,7.754
1783088480096243985,7.762
1783088480101241483,7.755
1783088480106247132,7.756
1783088480111242290,7.751
1783088480116243920,7.762
1783088480121242269,7.753
1783088480126242604,7.757
1783088480131242638,7.758
1783088480136247288,7.750
1783088480141243607,7.756
1783088480146243727,7.757
1783088480151242993,7.759
1783088480156251081,7.752
1783088480161248821,7.761
1783088480166244350,7.751
1783088480171246669,7.761
1783088480176243038,7.756
1783088480181243664,7.757
1783088480186244378,7.756
1783088480191247936,7.752
1783088480196257242,7.757
1783088480201244752,7.756
1783088480206246738,7.754
1783088480211248047,7.756
1783088480216243954,7.757
1783088480221244992,7.756
1783088480226244365,7.759
1783088480231249937,7.756
1783088480236244573,7.752
1783088480241245184,7.757
1783088480246247077,7.758
1783088480251248763,7.758
1783088480256248252,7.751
1783088480261249556,7.756
1783088480266247229,7.761
1783088480271249062,7.755
1783088480276245518,7.756
1783088480281246298,7.756
1783088480286246228,7.752
1783088480291255118,7.756
1783088480296246295,7.757
1783088480301250942,7.750
1783088480306249476,7.760
1783088480311250050,7.757
1783088480316249533,7.758
1783088480321247561,7.754
1783088480326247751,7.757
1783088480331249375,7.755
1783088480336252791,7.759
1783088480341249081,7.756
1783088480346249583,7.757
1783088480351346177,7.651
1783088480356253178,7.862
1783088480361251020,7.754
1783088480366250480,7.758
1783088480371248743,7.753
1783088480376248842,7.757
1783088480381247886,7.759
1783088480386255238,7.753
1783088480391252615,7.755
1783088480396248907,7.756
1783088480401249275,7.757
1783088480406256245,7.754
1783088480411253226,7.761
1783088480416248685,7.752
1783088480421251283,7.760
1783088480426249327,7.754
1783088480431249186,7.758
1783088480436249217,7.758
1783088480441249782,7.752
1783088480446249398,7.756
1783088480451250415,7.756
1783088480456251376,7.756
1783088480461251232,7.758
1783088480466250744,7.758
1783088480471250237,7.751
1783088480476250439,7.757
1783088480481250524,7.757
1783088480486252343,7.755
1783088480491251301,7.759
1783088480496250275,7.752
1783088480501251125,7.756
1783088480506254706,7.759
1783088480511255019,7.750
1783088480516255183,7.757
1783088480521252076,7.755
1783088480526251559,7.758
1783088480531252412,7.756
1783088480536251802,7.759
1783088480541252772,7.756
1783088480546252754,7.751
1783088480551251807,7.759
1783088480556256378,7.757
1783088480561255470,7.752
1783088480566254042,7.760
1783088480571253433,7.752
1783088480576252769,7.759
1783088480581255763,7.760
1783088480586253109,7.755
1783088480591253091,7.758
1783088480596253424,7.750
1783088480601253233,7.758
1783088480606256792,7.759
1783088480611256683,7.751
1783088480616254040,7.762
1783088480621254497,7.757
1783088480626253736,7.752
1783088480631256870,7.753
1783088480636257587,7.763
1783088480641258722,7.749
1783088480646261674,7.760
1783088480651256681,7.758
1783088480656260569,7.752
1783088480661257461,7.755
1783088480666256687,7.759
1783088480671257646,7.756
1783088480676254761,7.755
1783088480681256081,7.756
1783088480686253991,7.761
1783088480691255800,7.755
1783088480696256658,7.756
1783088480701256325,7.751
1783088480706262098,7.756
1783088480711259166,7.755
1783088480716255482,7.763
1783088480721257780,7.754
1783088480726257589,7.751
1783088480731257763,7.762
1783088480736259493,7.757
1783088480741256211,7.756
1783088480746258153,7.755
1783088480751256951,7.753
1783088480756258487,7.762
1783088480761262153,7.752
1783088480766259161,7.755
1783088480771259522,7.757
1783088480776257037,7.754
1783088480781258462,7.762
1783088480786258534,7.751
1783088480791258274,7.758
1783088480796257830,7.758
1783088480801258866,7.756
1783088480806262988,7.751
1783088480811259422,7.756
1783088480816258115,7.760
1783088480821258465,7.757
1783088480826259237,7.749
1783088480831259989,7.760
1783088480836259313,7.755
1783088480841261720,7.761
1783088480846259403,7.754
1783088480851259155,7.751
1783088480856261254,7.761
1783088480861263388,7.754
1783088480866261641,7.753
1783088480871261104,7.758
1783088480876258942,7.754
1783088480881262336,7.759
1783088480886261372,7.752
1783088480891262224,7.756
1783088480896260948,7.760
1783088480901263004,7.754
1783088480906264401,7.755
1783088480911263255,7.759
1783088480916261847,7.753
1783088480921264191,7.754
1783088480926261577,7.762
1783088480931260200,7.753
1783088480936260885,7.757
1783088480941260402,7.758
1783088480946259912,7.758
1783088480951262454,7.754
1783088480956264372,7.755
1783088480961264306,7.758
1783088480966263280,7.752
1783088480971262370,7.759
1783088480976261592,7.752
1783088480981261405,7.758
1783088480986264950,7.759
1783088480991262233,7.755
1783088480996262207,7.758
1783088481001261937,7.753
1783088481006265741,7.757
1783088481011266668,7.756
1783088481016267306,7.750
1783088481021263824,7.763
1783088481026263206,7.752
1783088481031262100,7.759
1783088481036263018,7.756
1783088481041263674,7.757
1783088481046264539,7.756
1783088481051263248,7.753
1783088481056265980,7.760
1783088481061266580,7.751
1783088481066265225,7.758
1783088481071263303,7.761
1783088481076263453,7.750
1783088481081264571,7.758
1783088481086264765,7.756
1783088481091265173,7.757
1783088481096264452,7.759
1783088481101264610,7.750
1783088481106270157,7.756
1783088481111268426,7.760
1783088481116265836,7.755
1783088481121269114,7.759
1783088481126266288,7.755
1783088481131264928,7.753
1783088481136268508,7.752
1783088481141269231,7.763
1783088481146265755,7.756
1783088481151267913,7.754
1783088481156270297,7.754
1783088481161268073,7.754
1783088481166267901,7.758
1783088481171270301,7.754
1783088481176267635,7.762
1783088481181271767,7.758
1783088481186266098,7.753
1783088481191265923,7.758
1783088481196266110,7.754
1783088481201266692,7.753
1783088481206272850,7.755
1783088481211270029,7.755
1783088481216269992,7.758
1783088481221268439,7.760
1783088481226267414,7.752
1783088481231269153,7.755
1783088481236269724,7.757
1783088481241272985,7.759
1783088481246272533,7.758
1783088481251270091,7.754
1783088481256274608,7.758
1783088481261274151,7.751
1783088481266274269,7.757
1783088481271279989,7.749
1783088481276268408,7.769
1783088481281268902,7.750
1783088481286270222,7.756
1783088481291270420,7.757
1783088481296272036,7.755
1783088481301270858,7.759
1783088481306269972,7.759
1783088481311269639,7.751
1783088481316272037,7.754
1783088481321273481,7.762
1783088481326270735,7.755
1783088481331273933,7.753
1783088481336272561,7.760
1783088481341271272,7.753
1783088481346272479,7.756
1783088481351272444,7.758
1783088481356274833,7.757
1783088481361271016,7.760
1783088481366274038,7.753
1783088481371271356,7.755
1783088481376271978,7.757
1783088481381272604,7.757
1783088481386276802,7.751
1783088481391273380,7.763
1783088481396272643,7.752
1783088481401273035,7.757
1783088481406276137,7.753
1783088481411273624,7.761
1783088481416276267,7.753
1783088481421272579,7.756
1783088481426272987,7.757
1783088481431273721,7.756
1783088481436272108,7.750
1783088481441272628,7.760
1783088481446272612,7.758
1783088481451273402,7.756
1783088481456276763,7.752
1783088481461275901,7.759
1783088481466276079,7.757
1783088481471274722,7.753
1783088481476274195,7.758
1783088481481274229,7.758
1783088481486272807,7.753
1783088481491274657,7.755
1783088481496274561,7.758
1783088481501272309,7.761
1783088481506278591,7.748
1783088481511278725,7.757
1783088481516275343,7.763
1783088481521274372,7.752
1783088481526275530,7.756
1783088481531274066,7.760
1783088481536274390,7.752
1783088481541275633,7.754
1783088481546275677,7.757
1783088481551275084,7.758
1783088481556278541,7.752
1783088481561278035,7.758
1783088481566277463,7.758
1783088481571276007,7.753
1783088481576276541,7.757
1783088481581275850,7.759
1783088481586277605,7.755
1783088481591276822,7.759
1783088481596280851,7.751
1783088481601275618,7.759
1783088481606278568,7.753
1783088481611278584,7.758
1783088481616277710,7.759
1783088481621275506,7.754
1783088481626279680,7.758
1783088481631276696,7.755
1783088481636280014,7.752
1783088481641279712,7.758
1783088481646284664,7.757
1783088481651279033,7.754
1783088481656286004,7.752
1783088481661282373,7.763
1783088481666280178,7.754
1783088481671281741,7.755
1783088481676277111,7.758
1783088481681277504,7.757
1783088481686278426,7.756
1783088481691279200,7.756
1783088481696277682,7.753
1783088481701278468,7.756
1783088481706284664,7.755
1783088481711281355,7.756
1783088481716279990,7.760
1783088481721281007,7.756
1783088481726285574,7.756
1783088481731283723,7.748
1783088481736279366,7.764
1783088481741280369,7.756
1783088481746282117,7.755
1783088481751280123,7.754
1783088481756283369,7.759
1783088481761283543,7.757
1783088481766285337,7.755
1783088481771280918,7.757
1783088481776281993,7.756
1783088481781279751,7.754
1783088481786281010,7.756
1783088481791280858,7.758
1783088481796281920,7.756
1783088481801279766,7.754
1783088481806284422,7.757
1783088481811281267,7.756
1783088481816283947,7.753
1783088481821281303,7.762
1783088481826284399,7.753
1783088481831282524,7.754
1783088481836282215,7.758
1783088481841281727,7.758
1783088481846281474,7.758
1783088481851281577,7.750
1783088481856284688,7.760
1783088481861285324,7.757
1783088481866290896,7.756
1783088481871284784,7.753
1783088481876282332,7.760
1783088481881282399,7.749
1783088481886285108,7.764
1783088481891285584,7.757
1783088481896284073,7.753
1783088481901283002,7.759
1783088481906291747,7.751
1783088481911284619,7.758
1783088481916284277,7.755
1783088481921283319,7.759
1783088481926284136,7.756
1783088481931282858,7.753
1783088481936284260,7.755
1783088481941283486,7.759
1783088481946288357,7.757
1783088481951284660,7.756
1783088481956287232,7.754
1783088481961287276,7.757
1783088481966289881,7.754
1783088481971285718,7.757
1783088481976285659,7.758
1783088481981285468,7.754
1783088481986289007,7.756
1783088481991285805,7.756
1783088481996284727,7.759
1783088482001285265,7.757
1783088482006290470,7.750
1783088482011287953,7.761
1783088482016286519,7.753
1783088482021286924,7.757
1783088482026288603,7.755
1783088482031286996,7.760
1783088482036285814,7.752
1783088482041288764,7.760
1783088482046286074,7.755
1783088482051286732,7.757
1783088482056288161,7.755
1783088482061288907,7.756
1783088482066287557,7.753
1783088482071289284,7.755
1783088482076287497,7.760
1783088482081287735,7.750
1783088482086287573,7.758
1783088482091287607,7.758
1783088482096286132,7.758
1783088482101287686,7.750
1783088482106292796,7.757
1783088482111290187,7.762
1783088482116288280,7.754
1783088482121288050,7.758
1783088482126293374,7.756
1783088482131287642,7.753
1783088482136291689,7.758
1783088482141290167,7.753
1783088482146292767,7.760
1783088482151289210,7.756
1783088482156291787,7.754
1783088482161290845,7.759
1783088482166293883,7.753
1783088482171291053,7.755
1783088482176289174,7.760
1783088482181289428,7.750
1783088482186293146,7.759
1783088482191292137,7.752
1783088482196291282,7.759
1783088482201289164,7.754
1783088482206292434,7.759
1783088482211293204,7.749
1783088482216292428,7.759
1783088482221292955,7.762
1783088482226291633,7.754
1783088482231291415,7.751
1783088482236290453,7.759
1783088482241293470,7.760
1783088482246293181,7.758
1783088482251290895,7.754
1783088482256293260,7.754
1783088482261297331,7.758
1783088482266294689,7.755
1783088482271292666,7.754
1783088482276291622,7.759
1783088482281291770,7.757
1783088482286295064,7.752
1783088482291293156,7.761
1783088482296294268,7.749
1783088482301293221,7.759
1783088482306295199,7.755
1783088482311293095,7.761
1783088482316294295,7.749
1783088482321293062,7.759
1783088482326297591,7.757
1783088482331294225,7.756
1783088482336294503,7.757
1783088482341295082,7.757
1783088482346294526,7.752
1783088482351294370,7.758
1783088482356299335,7.750
1783088482361298376,7.759
1783088482366321798,7.751
1783088482371295900,7.765
1783088482376297622,7.751
1783088482381304156,7.761
1783088482386299261,7.751
1783088482391296968,7.761
1783088482396295286,7.753
1783088482401294203,7.759
1783088482406298921,7.750
1783088482411296285,7.762
1783088482416294649,7.753
1783088482421297215,7.761
1783088482426294326,7.755
1783088482431294564,7.757
1783088482436294929,7.750
1783088482441296052,7.763
1783088482446300204,7.744
1783088482451296310,7.764
1783088482456298620,7.754
1783088482461298118,7.758
1783088482466297611,7.758
1783088482471296605,7.752
1783088482476296911,7.757
1783088482481296481,7.758
1783088482486298323,7.755
1783088482491297301,7.752
1783088482496297207,7.758
1783088482501296432,7.759
1783088482506300785,7.751
1783088482511301681,7.756
1783088482516307274,7.763
1783088482521297753,7.752
1783088482526297676,7.758
1783088482531297108,7.757
1783088482536298745,7.757
1783088482541296996,7.753
1783088482546301113,7.758
1783088482551298033,7.755
1783088482556300838,7.753
1783088482561301731,7.756
1783088482566299113,7.762
1783088482571300757,7.755
1783088482576299797,7.752
1783088482581299215,7.758
1783088482586302220,7.753
1783088482591300810,7.760
1783088482596299205,7.753
1783088482601299270,7.757
1783088482606304340,7.757
1783088482611300170,7.757
1783088482616302208,7.754
1783088482621299321,7.755
1783088482626304092,7.757
1783088482631300181,7.757
1783088482636303343,7.753
1783088482641301457,7.760
1783088482646310285,7.751
1783088482651301797,7.757
1783088482656304619,7.760
1783088482661303159,7.753
1783088482666303579,7.757
1783088482671301624,7.754
1783088482676301095,7.758
1783088482681304592,7.752
1783088482686303748,7.759
1783088482691305324,7.755
1783088482696300464,7.758
1783088482701302242,7.755
1783088482706311900,7.756
1783088482711303372,7.757
1783088482716302545,7.759
1783088482721302401,7.758
1783088482726304453,7.754
1783088482731301439,7.755
1783088482736302061,7.757
1783088482741303514,7.755
1783088482746301901,7.753
1783088482751302963,7.756
1783088482756308937,7.748
1783088482761308526,7.765
1783088482766304576,7.757
1783088482771305100,7.753
1783088482776303040,7.757
1783088482781303878,7.756
1783088482786303853,7.758
1783088482791307362,7.759
1783088482796303031,7.757
1783088482801302873,7.751
1783088482806307671,7.757
1783088482811305615,7.754
1783088482816305679,7.757
1783088482821303437,7.754
1783088482826305127,7.755
1783088482831303376,7.760
1783088482836304127,7.756
1783088482841292938,7.761
1783088482846292473,7.758
1783088482851291751,7.753
1783088482856297099,7.754
1783088482861298330,7.756
1783088482866297397,7.754
1783088482871303833,7.753
1783088482876302306,7.760
1783088482881301981,7.758
1783088482886310803,7.751
1783088482891307547,7.756
1783088482896307459,7.758
1783088482901312130,7.743
1783088482906309804,7.768
1783088482911307462,7.754
1783088482916307717,7.757
1783088482921308327,7.757
1783088482926306921,7.753
1783088482931306094,7.759
1783088482936306082,7.758
1783088482941306853,7.756
1783088482946309988,7.753
1783088482951306422,7.756
1783088482956309759,7.759
1783088482961308681,7.752
1783088482966311649,7.760
1783088482971308349,7.756
1783088482976306995,7.753
1783088482981307396,7.757
1783088482986310230,7.753
1783088482991307837,7.761
1783088482996307651,7.758
1783088483001307434,7.751
1783088483006311353,7.758
1783088483011312590,7.756
1783088483016309454,7.756
1783088483021310832,7.755
1783088483026312712,7.755
1783088483031312936,7.757
1783088483036312642,7.758
1783088483041311578,7.757
1783088483046313889,7.749
1783088483051312135,7.760
1783088483056310969,7.759
1783088483061310823,7.751
1783088483066313287,7.761
1783088483071310307,7.755
1783088483076309948,7.751
1783088483081309435,7.758
1783088483086312086,7.760
1783088483091311151,7.752
1783088483096310122,7.759
1783088483101309882,7.756
1783088483106316383,7.756
1783088483111313177,7.756
1783088483116313000,7.751
1783088483121309922,7.762
1783088483126314159,7.751
1783088483131310919,7.756
1783088483136313470,7.761
1783088483141312248,7.753
1783088483146315027,7.760
1783088483151312011,7.755
1783088483156314898,7.753
1783088483161316206,7.756
1783088483166317579,7.755
1783088483171313164,7.757
1783088483176311930,7.759
1783088483181313084,7.749
1783088483186315002,7.762
1783088483191313352,7.753
1783088483196312437,7.759
1783088483201312951,7.757
1783088483206316621,7.752
1783088483211314000,7.762
1783088483216314083,7.751
1783088483221313663,7.758
1783088483226315513,7.755
1783088483231314226,7.760
1783088483236313808,7.751
1783088483241313998,7.757
1783088483246316008,7.754
1783088483251317702,7.757
1783088483256316761,7.757
1783088483261318018,7.756
1783088483266318484,7.757
1783088483271316120,7.754
1783088483276315747,7.758
1783088483281313849,7.754
1783088483286317647,7.759
1783088483291320621,7.753
1783088483296321159,7.757
1783088483301324587,7.759
1783088483306320872,7.756
1783088483311321741,7.749
1783088483316323607,7.762
1783088483321318540,7.758
1783088483326322330,7.752
1783088483331319748,7.762
1783088483336320298,7.750
1783088483341322263,7.755
1783088483346321241,7.759
1783088483351646598,7.758
1783088483356325064,7.750
1783088483361322729,7.761
1783088483366321413,7.753
1783088483371317975,7.756
1783088483376318389,7.757
1783088483381317043,7.760
1783088483386318789,7.755
1783088483391318748,7.758
1783088483396318849,7.750
1783088483401318298,7.758
1783088483406322584,7.758
1783088483411320255,7.754
1783088483416320496,7.757
1783088483421318926,7.753
1783088483426318527,7.758
1783088483431319706,7.756
1783088483436319432,7.758
1783088483441318793,7.752
1783088483446321519,7.760
1783088483451320482,7.752
1783088483456321461,7.756
1783088483461324148,7.760
1783088483466320155,7.757
1783088483471319535,7.752
1783088483476319382,7.758
1783088483481319257,7.758
1783088483486320522,7.756
1783088483491321461,7.756
1783088483496320159,7.753
1783088483501319908,7.758
1783088483506326102,7.755
1783088483511323707,7.754
1783088483516321925,7.760
1783088483521320703,7.753
1783088483526321837,7.756
1783088483531320383,7.760
1783088483536320307,7.758
1783088483541321615,7.756
1783088483546321971,7.757
1783088483551324419,7.754
1783088483556323208,7.753
1783088483561322782,7.758
1783088483566323276,7.757
1783088483571321972,7.760
1783088483576322450,7.750
1783088483581319778,7.762
1783088483586324432,7.754
1783088483591333302,7.754
1783088483596320796,7.756
1783088483601321449,7.757
1783088483606323712,7.761
1783088483611326049,7.754
1783088483616323766,7.754
1783088483621322581,7.759
1783088483626321895,7.752
1783088483631326293,7.758
1783088483636325027,7.753
1783088483641323103,7.761
1783088483646328275,7.750
1783088483651327839,7.758
1783088483656328314,7.757
1783088483661325904,7.754
1783088483666325360,7.758
1783088483671329039,7.759
1783088483676323908,7.752
1783088483681324088,7.757
1783088483686323749,7.758
1783088483691328156,7.758
1783088483696324854,7.749
1783088483701324759,7.758
1783088483706361092,7.709
1783088483711354478,7.796
1783088483716334884,7.760
1783088483721325867,7.765
1783088483726325814,7.751
1783088483731327732,7.762
1783088483736325022,7.755
1783088483741324955,7.758
1783088483746323338,7.753
1783088483751327369,7.758
1783088483756328403,7.756
1783088483761329486,7.756
1783088483766327629,7.754
1783088483771330809,7.753
1783088483776326791,7.757
1783088483781327093,7.757
1783088483786325143,7.761
1783088483791326809,7.755
1783088483796326510,7.758
1783088483801326920,7.750
1783088483806331258,7.758
1783088483811331464,7.757
1783088483816328442,7.755
1783088483821327646,7.759
1783088483826327098,7.751
1783088483831329511,7.761
1783088483836326794,7.755
1783088483841328378,7.755
1783088483846327125,7.753
1783088483851329848,7.760
1783088483856330089,7.757
1783088483861328489,7.753
1783088483866330941,7.761
1783088483871338443,7.753
1783088483876332292,7.753
1783088483881328868,7.763
1783088483886331772,7.753
1783088483891333516,7.755
1783088483896330768,7.755
1783088483901328672,7.761
1783088483906333548,7.750
1783088483911334610,7.756
1783088483916329320,7.759
1783088483921328186,7.759
1783088483926329282,7.749
1783088483931332639,7.759
1783088483936330279,7.754
1783088483941330005,7.758
1783088483946330811,7.756
1783088483951333540,7.753
1783088483956332942,7.758
1783088483961333672,7.756
1783088483966332583,7.752
1783088483971335428,7.760
1783088483976329734,7.753
1783088483981331164,7.755
1783088483986330965,7.758
1783088483991330940,7.758
1783088483996331110,7.757
1783088484001331004,7.758
1783088484006334735,7.752
1783088484011335311,7.757
1783088484016333743,7.760
1783088484021332343,7.753
1783088484026333841,7.755
1783088484031332127,7.753
1783088484036336424,7.758
1783088484041332495,7.757
1783088484046332165,7.758
1783088484051332374,7.757
1783088484056335044,7.753
1783088484061335464,7.757
1783088484066335652,7.757
1783088484071337154,7.755
1783088484076333867,7.756
1783088484081333045,7.752
1783088484086333054,7.758
1783088484091335869,7.760
1783088484096333164,7.755
1783088484101333549,7.757
1783088484106336247,7.753
1783088484111339043,7.755
1783088484116333321,7.758
1783088484121333824,7.757
1783088484126333891,7.757
1783088484131334604,7.756
1783088484136336702,7.754
1783088484141335464,7.753
1783088484146336022,7.757
1783088484151334920,7.759
1783088484156337657,7.753
1783088484161337627,7.758
1783088484166335929,7.753
1783088484171335103,7.759
1783088484176336030,7.756
1783088484181334143,7.754
1783088484186336017,7.762
1783088484191336002,7.751
1783088484196335036,7.759
1783088484201334454,7.758
1783088484206339305,7.750
1783088484211335882,7.756
1783088484216339538,7.759
1783088484221338150,7.760
1783088484226338548,7.757
1783088484231337252,7.753
1783088484236338237,7.756
1783088484241339941,7.755
1783088484246338311,7.760
1783088484251339249,7.749
1783088484256342256,7.760
1783088484261342745,7.757
1783088484266339611,7.756
1783088484271347581,7.752
1783088484276342038,7.759
1783088484281340368,7.753
1783088484286341978,7.759
1783088484291341504,7.755
1783088484296342314,7.756
1783088484301340988,7.753
1783088484306340926,7.758
1783088484311344544,7.759
1783088484318320758,7.754
1783088484321341747,7.761
1783088484326349157,7.753
1783088484331342368,7.754
1783088484336344513,7.761
1783088484341343078,7.753
1783088484346343625,7.757
1783088484351342090,7.760
1783088484356514574,7.753
1783088484361344931,7.758
1783088484366343044,7.754
1783088484371340327,7.755
1783088484376341372,7.756
1783088484381338368,7.755
1783088484386344464,7.755
1783088484391340906,7.761
1783088484396343591,7.755
1783088484401339793,7.757
1783088484406345137,7.749
1783088484411346121,7.763
1783088484416342806,7.756
1783088484421342451,7.751
1783088484426342209,7.758
1783088484431340896,7.760
1783088484436340794,7.758
1783088484441341537,7.755
1783088484446344260,7.755
1783088484451340592,7.756
1783088484456346371,7.756
1783088484461346294,7.758
1783088484466342272,7.750
1783088484471343218,7.756
1783088484476346548,7.759
1783088484481345920,7.759
1783088484486344018,7.754
1783088484491344261,7.757
1783088484496346052,7.755
1783088484501344292,7.759
1783088484506346184,7.749
1783088484511345511,7.759
1783088484516348913,7.759
1783088484521344803,7.757
1783088484526344056,7.752
1783088484531348442,7.751
1783088484536346502,7.761
1783088484541344094,7.761
1783088484546343751,7.751
1783088484551343224,7.758
1783088484556348572,7.756
1783088484561345589,7.755
1783088484566345490,7.758
1783088484571344402,7.752
1783088484576347563,7.760
1783088484581344721,7.755
1783088484586344239,7.758
1783088484591348424,7.751
1783088484596348124,7.758
1783088484601345693,7.754
1783088484606347818,7.754
1783088484611346350,7.760
1783088484616346078,7.758
1783088484621346299,7.750
1783088484626350402,7.758
1783088484631345231,7.759
1783088484636348385,7.753
1783088484641346216,7.761
1783088484646352737,7.747
1783088484651347363,7.759
1783088484656353034,7.756
1783088484661347489,7.759
1783088484666349129,7.755
1783088484671347174,7.755
1783088484676352196,7.748
1783088484681346046,7.767
1783088484686347144,7.756
1783088484691346426,7.752
1783088484696349454,7.760
1783088484701346641,7.755
1783088484706352370,7.756
1783088484711348342,7.757
1783088484716351319,7.753
1783088484721348144,7.762
1783088484726347756,7.751
1783088484731350761,7.753
1783088484736351797,7.763
1783088484741353035,7.749
1783088484746351938,7.759
1783088484751347217,7.758
1783088484756349669,7.754
1783088484761351476,7.755
1783088484766354019,7.761
1783088484771349876,7.757
1783088484776348354,7.753
1783088484781348086,7.758
1783088484786348618,7.757
1783088484791350279,7.755
1783088484796351879,7.755
1783088484801348450,7.756
1783088484806351849,7.759
1783088484811350439,7.753
1783088484816349921,7.758
1783088484821350423,7.757
1783088484826350719,7.757
1783088484831349479,7.753
1783088484836348720,7.759
1783088484841349826,7.756
1783088484846350965,7.756
1783088484851349828,7.752
1783088484856352908,7.760
1783088484861352424,7.751
1783088484866352284,7.758
1783088484871351249,7.759
1783088484876351532,7.757
1783088484881351255,7.751
1783088484886355093,7.759
1783088484891355351,7.757
1783088484896351767,7.756
1783088484901352100,7.750
1783088484906356018,7.758
1783088484911353316,7.755
1783088484916353519,7.757
1783088484921352488,7.759
1783088484926354810,7.754
1783088484931351527,7.756
1783088484936350980,7.758
1783088484941352963,7.754
1783088484946352357,7.759
1783088484951352295,7.758
1783088484956357313,7.750
1783088484961355981,7.760
1783088484966354673,7.753
1783088484971354211,7.758
1783088484976354024,7.758
1783088484981355783,7.755
1783088484986353677,7.754
1783088484991354862,7.756
1783088484996353672,7.759
1783088485001356038,7.754
1783088485006357536,7.755
1783088485011357690,7.757
1783088485016355608,7.754
1783088485021355050,7.758
1783088485026354363,7.759
1783088485031353490,7.752
1783088485036438710,7.757
1783088485041356981,7.760
1783088485046355895,7.752
1783088485051356441,7.757
1783088485056359039,7.754
1783088485061360561,7.755
1783088485066357731,7.758
1783088485071356435,7.756
1783088485076360062,7.754
1783088485081358249,7.759
1783088485086355708,7.755
1783088485091357072,7.755
1783088485096356077,7.759
1783088485101359241,7.753
1783088485106360714,7.755
1783088485111358083,7.762
1783088485116358009,7.751
1783088485121360007,7.761
1783088485126357085,7.755
1783088485131356031,7.759
1783088485136358901,7.753
1783088485141363563,7.750
1783088485146357783,7.760
1783088485151357414,7.758
1783088485156360928,7.752
1783088485161362196,7.756
1783088485166359976,7.761
1783088485171360185,7.750
1783088485176357316,7.762
1783088485181360846,7.752
1783088485186358164,7.762
1783088485191358102,7.751
1783088485196359621,7.755
1783088485201358261,7.760
1783088485206362371,7.751
1783088485211361515,7.759
1783088485216360033,7.753
1783088485221357551,7.761
1783088485226358856,7.756
1783088485231357922,7.752
1783088485236359278,7.755
1783088485241360032,7.756
1783088485246360598,7.757
1783088485251365252,7.757
1783088485256362722,7.755
1783088485261361819,7.759
1783088485266366006,7.755
1783088485271362919,7.752
1783088485276360522,7.761
1783088485281358384,7.754
1783088485286359717,7.756
1783088485291361710,7.754
1783088485296361668,7.758
1783088485301361735,7.757
1783088485306367028,7.749
1783088485311364518,7.755
1783088485316362409,7.761
1783088485321363070,7.763
1783088485326362632,7.751
1783088485331364662,7.754
1783088485336364140,7.758
1783088485341362354,7.760
1783088485346364623,7.754
1783088485351371249,7.754
1783088485356392647,7.759
1783088485361363001,7.755
1783088485366366211,7.753
1783088485371362660,7.756
1783088485376366919,7.758
1783088485381363648,7.756
1783088485386365366,7.755
1783088485391365298,7.758
1783088485396365686,7.757
1783088485401363647,7.754
1783088485406367838,7.758
1783088485411367439,7.751
1783088485416365350,7.761
1783088485421365543,7.757
1783088485426363217,7.754
1783088485431363329,7.757
1783088485436363449,7.757
1783088485441364925,7.755
1783088485446365175,7.750
1783088485451363515,7.760
1783088485456367549,7.751
1783088485461368098,7.757
1783088485466368154,7.757
1783088485471365343,7.755
1783088485476365117,7.758
1783088485481363534,7.760
1783088485486364448,7.756
1783088485491365365,7.756
1783088485496364883,7.751
1783088485501366574,7.755
1783088485506373509,7.754
1783088485511370009,7.763
1783088485516366443,7.756
1783088485521366325,7.751
1783088485526366104,7.758
1783088485531365846,7.758
1783088485536367479,7.755
1783088485541365756,7.760
1783088485546369560,7.752
1783088485551367184,7.754
1783088485556368998,7.755
1783088485561367286,7.760
1783088485566368164,7.756
1783088485571367464,7.752
1783088485576369269,7.762
1783088485581366487,7.755
1783088485586369777,7.752
1783088485591366751,7.762
1783088485596368053,7.756
1783088485601367847,7.751
1783088485606374007,7.755
1783088485611368867,7.759
1783088485616369512,7.757
1783088485621368574,7.752
1783088485626371308,7.760
1783088485631368626,7.755
1783088485636370512,7.755
1783088485641369501,7.759
1783088485646378310,7.751
1783088485651371708,7.761
1783088485656374220,7.754
1783088485661370213,7.757
1783088485666376496,7.755
1783088485671371147,7.759
1783088485676369771,7.753
1783088485681369645,7.758
1783088485686372682,7.760
1783088485691369853,7.755
1783088485696370542,7.756
1783088485701369532,7.752
1783088485706375964,7.755
1783088485711372300,7.755
1783088485716373114,7.758
1783088485721371478,7.760
1783088485726374518,7.753
1783088485731370932,7.756
1783088485736370094,7.759
1783088485741370511,7.757
1783088485746374821,7.751
1783088485751370167,7.758
1783088485756377789,7.753
1783088485761379439,7.755
1783088485766376099,7.756
1783088485771373403,7.762
1783088485776374604,7.756
1783088485781371492,7.755
1783088485786371690,7.757
1783088485791371914,7.757
1783088485796372412,7.757
1783088485801371398,7.752
1783088485806378131,7.754
1783088485811374765,7.759
1783088485816373492,7.756
1783088485821373130,7.758
1783088485826373046,7.758
1783088485831372617,7.751
1783088485836373289,7.757
1783088485841375832,7.761
1783088485846372350,7.756
1783088485851372430,7.752
1783088485856377898,7.754
1783088485861374088,7.757
1783088485866374158,7.757
1783088485871374992,7.756
1783088485876375794,7.756
1783088485881374904,7.759
1783088485886379477,7.750
1783088485891376265,7.756
1783088485896376153,7.758
1783088485901374776,7.760
1783088485906381277,7.754
1783088485911376851,7.758
1783088485916375821,7.752
1783088485921375651,7.758
1783088485926374780,7.759
1783088485931375518,7.751
1783088485936374624,7.757
1783088485941375605,7.756
1783088485946376252,7.757
1783088485951377226,7.756
1783088485956378388,7.756
1783088485961376378,7.754
1783088485966376616,7.757
1783088485971377197,7.757
1783088485976376303,7.759
1783088485981375807,7.751
1783088485986376123,7.757
1783088485991375971,7.758
1783088485996376799,7.756
1783088486001375206,7.760
1783088486006381115,7.748
1783088486011380633,7.758
1783088486016379186,7.760
1783088486021381536,7.747
1783088486026381050,7.758
1783088486031378795,7.761
1783088486036379678,7.756
1783088486041380662,7.756
1783088486046380094,7.758
1783088486051380903,7.749
1783088486056383303,7.761
1783088486061379043,7.757
1783088486066382820,7.752
1783088486071379715,7.755
1783088486076378247,7.760
1783088486081377863,7.758
1783088486086383552,7.756
1783088486091379995,7.751
1783088486096378436,7.758
1783088486101378150,7.758
1783088486106383314,7.750
1783088486111382170,7.759
1783088486116380652,7.760
1783088486121380657,7.751
1783088486126380107,7.758
1783088486131379761,7.758
1783088486136381975,7.754
1783088486141381712,7.758
1783088486146380351,7.753
1783088486151380433,7.757
1783088486156383227,7.750
1783088486161388356,7.753
1783088486166382998,7.766
1783088486171382088,7.752
1783088486176380914,7.759
1783088486181380160,7.759
1783088486186382178,7.754
1783088486191382747,7.757
1783088486196382150,7.752
1783088486201381799,7.758
1783088486206386701,7.757
1783088486211382887,7.757
1783088486216382887,7.758
1783088486221386544,7.752
1783088486226383474,7.755
1783088486231382570,7.759
1783088486236382293,7.758
1783088486241386116,7.752
1783088486246386354,7.757
1783088486251385854,7.758
1783088486256388743,7.753
1783088486261391922,7.756
1783088486266393180,7.757
1783088486271385042,7.758
1783088486276386049,7.756
1783088486281383673,7.754
1783088486286384775,7.756
1783088486291384277,7.753
1783088486296384471,7.756
1783088486301385653,7.756
1783088486306390722,7.750
1783088486311385847,7.765
1783088486316386398,7.757
1783088486321385972,7.758
1783088486326389410,7.752
1783088486331384293,7.759
1783088486336389709,7.756
1783088486341385800,7.750
1783088486346388881,7.760
1783088486351386537,7.754
1783088486356402057,7.740
1783088486361388075,7.772
1783088486366387357,7.759
1783088486371386161,7.752
1783088486376386427,7.757
1783088486381386939,7.757
1783088486386391769,7.757
1783088486391387882,7.757
1783088486396387540,7.758
1783088486401385556,7.754
1783088486406394225,7.751
1783088486411402737,7.758
1783088486416387951,7.760
1783088486421391894,7.751
1783088486426387851,7.757
1783088486431386893,7.759
1783088486436386879,7.758
1783088486441390541,7.752
1783088486446389835,7.759
1783088486451387775,7.754
1783088486456390531,7.753
1783088486461392744,7.761
1783088486466389179,7.756
1783088486471388377,7.752
1783088486476388074,7.758
1783088486481391673,7.759
1783088486486388230,7.751
1783088486491388403,7.756
1783088486496387306,7.759
1783088486501388208,7.756
1783088486506392984,7.757
1783088486511394835,7.755
1783088486516389878,7.758
1783088486521392071,7.754
1783088486526389065,7.755
1783088486531388647,7.758
1783088486536389265,7.757
1783088486541388127,7.752
1783088486546388929,7.756
1783088486551390206,7.756
1783088486556392360,7.761
1783088486561390310,7.754
1783088486566391388,7.756
1783088486571391765,7.757
1783088486576391383,7.751
1783088486581390461,7.759
1783088486586392571,7.754
1783088486591390902,7.760
1783088486596391020,7.757
1783088486601390389,7.752
1783088486606393835,7.759
1783088486611392273,7.753
1783088486616393326,7.756
1783088486621391500,7.753
1783088486626390682,7.759
1783088486631390485,7.758
1783088486636393906,7.752
1783088486641392148,7.760
1783088486646400433,7.752
1783088486651394284,7.760
1783088486656397493,7.753
1783088486661393707,7.757
1783088486666393617,7.758
1783088486671391488,7.754
1783088486676392606,7.756
1783088486681393022,7.757
1783088486686392585,7.758
1783088486691394179,7.755
1783088486696391672,7.755
1783088486701392802,7.763
1783088486706401864,7.750
1783088486711398636,7.756
1783088486716393940,7.758
1783088486721393330,7.759
1783088486726394450,7.756
1783088486731393647,7.752
1783088486736398651,7.750
1783088486741394264,7.764
1783088486746395436,7.756
1783088486751393421,7.754
1783088486756397327,7.758
1783088486761396769,7.758
1783088486766397166,7.750
1783088486771395944,7.759
1783088486776398847,7.758
1783088486781399044,7.752
1783088486786399103,7.757
1783088486791400328,7.756
1783088486796398409,7.761
1783088486801397088,7.753
1783088486806401154,7.751
1783088486811400683,7.758
1783088486816397157,7.756
1783088486821395231,7.761
1783088486826394762,7.751
1783088486831395403,7.757
1783088486836397901,7.761
1783088486841401874,7.751
1783088486846398248,7.756
1783088486851395430,7.760
1783088486856397294,7.756
1783088486861397538,7.750
1783088486866398244,7.756
1783088486871397036,7.759
1783088486876399884,7.753
1783088486881398934,7.759
1783088486886401076,7.754
1783088486891398298,7.755
1783088486896397979,7.758
1783088486901396795,7.759
1783088486906405175,7.752
1783088486911402353,7.755
1783088486916398209,7.757
1783088486921399905,7.755
1783088486926398514,7.760
1783088486931401996,7.759
1783088486936397482,7.756
1783088486941398480,7.751
1783088486946398650,7.757
1783088486951400904,7.761
1783088486956400925,7.751
1783088486961400843,7.758
1783088486966401090,7.757
1783088486971399363,7.753
1783088486976399498,7.757
1783088486981399519,7.758
1783088486986402097,7.754
1783088486991400837,7.760
1783088486996399828,7.752
1783088487001398351,7.760
1783088487006403344,7.750
1783088487011403830,7.757
1783088487016402748,7.759
1783088487021400582,7.754
1783088487026401936,7.755
1783088487031400233,7.760
1783088487036400445,7.757
