Conflicting CPU frequency values detected: 798.543000 != 2100.000000. CPU Frequency is not max.
Conflicting CPU frequency values detected: 809.369000 != 2100.000000. CPU Frequency is not max.
Disabling dynamic polling
---------------------------------------------------------------------------------------
                    RDMA_Write Latency Test
 Dual-port       : OFF		Device         : mlx5_10
 Number of qps   : 1		Transport type : IB
 Connection type : RC		Using SRQ      : OFF
 PCIe relax order: OFF		Lock-free      : OFF
 ibv_wr* API     : ON		Using Enhanced Reorder      : OFF
 TX depth        : 1
 Mtu             : 1024[B]
 Link type       : Ethernet
 GID index       : 3
 Max inline data : 220[B]
 rdma_cm QPs	 : OFF
 Data ex. method : Ethernet
---------------------------------------------------------------------------------------
 local address: LID 0000 QPN 0x01e8 PSN 0x646f54 RKey 0x04d100 VAddr 0x007f5911667000
 GID: 00:00:00:00:00:00:00:00:00:00:255:255:10:01:04:01
 remote address: LID 0000 QPN 0x020c PSN 0xdb211c RKey 0x04d100 VAddr 0x007fa69e0a9000
 GID: 00:00:00:00:00:00:00:00:00:00:255:255:10:01:04:02
---------------------------------------------------------------------------------------
 #bytes #iterations    t_min[usec]    t_max[usec]  t_typical[usec]    t_avg[usec]    t_stdev[usec]   99% percentile[usec]   99.9% percentile[usec] 
#, usec
1, 18.083
2, 18.1158
3, 18.2001
4, 18.2915
5, 18.3487
6, 18.3753
7, 18.4968
8, 18.5296
9, 18.542
10, 18.5673
11, 18.5753
12, 18.5915
13, 18.6201
14, 18.6358
15, 18.6963
16, 18.7015
17, 18.7049
18, 18.7187
19, 18.7244
20, 18.7701
21, 18.782
22, 18.783
23, 18.7896
24, 18.8001
25, 18.8049
26, 18.8058
27, 18.833
28, 18.8453
29, 18.8472
30, 18.8496
31, 18.853
32, 18.8539
33, 18.8549
34, 18.8715
35, 18.8772
36, 18.8782
37, 18.8858
38, 18.893
39, 18.9072
40, 18.9187
41, 18.9244
42, 18.9296
43, 18.9411
44, 18.9496
45, 18.9506
46, 18.9549
47, 18.9568
48, 18.9625
49, 18.9639
50, 18.9639
51, 18.9944
52, 18.9982
53, 19.0339
54, 19.0406
55, 19.0496
56, 19.073
57, 19.0872
58, 19.0877
59, 19.0925
60, 19.0925
61, 19.0963
62, 19.1168
63, 19.1196
64, 19.122
65, 19.1382
66, 19.1525
67, 19.1658
68, 19.1668
69, 19.1772
70, 19.1796
71, 19.2096
72, 19.2168
73, 19.2277
74, 19.251
75, 19.2753
76, 19.2758
77, 19.2763
78, 19.2906
79, 19.2977
80, 19.3177
81, 19.3201
82, 19.3201
83, 19.3253
84, 19.3353
85, 19.3377
86, 19.3629
87, 19.3782
88, 19.3944
89, 19.3953
90, 19.3977
91, 19.4006
92, 19.4125
93, 19.4315
94, 19.4344
95, 19.4406
96, 19.4434
97, 19.4477
98, 19.4477
99, 19.4577
100, 19.462
101, 19.4639
102, 19.4749
103, 19.4796
104, 19.4806
105, 19.481
106, 19.481
107, 19.4949
108, 19.5068
109, 19.5082
110, 19.5096
111, 19.5129
112, 19.5144
113, 19.5201
114, 19.5206
115, 19.5349
116, 19.542
117, 19.5463
118, 19.5515
119, 19.5534
120, 19.5582
121, 19.5601
122, 19.5625
123, 19.5644
124, 19.5682
125, 19.5739
126, 19.5915
127, 19.6144
128, 19.6182
129, 19.622
130, 19.6234
131, 19.6387
132, 19.6544
133, 19.6582
134, 19.671
135, 19.6825
136, 19.6953
137, 19.6953
138, 19.6958
139, 19.6958
140, 19.702
141, 19.7044
142, 19.7158
143, 19.7191
144, 19.7444
145, 19.7482
146, 19.7572
147, 19.7772
148, 19.7872
149, 19.7991
150, 19.8139
151, 19.8287
152, 19.8291
153, 19.832
154, 19.842
155, 19.8434
156, 19.8496
157, 19.8529
158, 19.8539
159, 19.8758
160, 19.8863
161, 19.9001
162, 19.9087
163, 19.9101
164, 19.911
165, 19.9187
166, 19.9191
167, 19.9229
168, 19.932
169, 19.9425
170, 19.9467
171, 19.9577
172, 19.9658
173, 19.9658
174, 19.9691
175, 19.9734
176, 19.9748
177, 19.9758
178, 19.9867
179, 19.9877
180, 19.992
181, 19.9939
182, 19.9944
183, 19.9953
184, 19.9958
185, 19.9991
186, 20.0044
187, 20.0053
188, 20.012
189, 20.0125
190, 20.0125
191, 20.0267
192, 20.0339
193, 20.0382
194, 20.0448
195, 20.0448
196, 20.0458
197, 20.0501
198, 20.0506
199, 20.0506
200, 20.052
201, 20.0525
202, 20.0534
203, 20.0582
204, 20.0596
205, 20.0596
206, 20.0596
207, 20.0625
208, 20.0629
209, 20.0658
210, 20.071
211, 20.0758
212, 20.0786
213, 20.082
214, 20.0844
215, 20.0863
216, 20.0877
217, 20.0925
218, 20.0929
219, 20.0982
220, 20.0982
221, 20.1086
222, 20.1086
223, 20.1153
224, 20.1272
225, 20.1353
226, 20.1372
227, 20.1372
228, 20.1377
229, 20.1467
230, 20.1515
231, 20.1548
232, 20.1558
233, 20.1563
234, 20.1577
235, 20.1677
236, 20.1677
237, 20.1696
238, 20.1734
239, 20.1739
240, 20.1777
241, 20.182
242, 20.1834
243, 20.1853
244, 20.1915
245, 20.1967
246, 20.1972
247, 20.1986
248, 20.2063
249, 20.2067
250, 20.2153
251, 20.2196
252, 20.2215
253, 20.2239
254, 20.2258
255, 20.2277
256, 20.2334
257, 20.2353
258, 20.2367
259, 20.2401
260, 20.2415
261, 20.2415
262, 20.2425
263, 20.2444
264, 20.2758
265, 20.2815
266, 20.2915
267, 20.2948
268, 20.2953
269, 20.2963
270, 20.2991
271, 20.312
272, 20.3139
273, 20.3144
274, 20.3167
275, 20.3167
276, 20.3205
277, 20.3267
278, 20.3339
279, 20.3639
280, 20.3682
281, 20.371
282, 20.372
283, 20.3729
284, 20.3758
285, 20.3763
286, 20.3815
287, 20.3848
288, 20.3925
289, 20.3944
290, 20.3948
291, 20.3982
292, 20.4034
293, 20.4063
294, 20.4105
295, 20.4144
296, 20.4158
297, 20.4163
298, 20.4205
299, 20.4215
300, 20.4234
301, 20.4244
302, 20.4263
303, 20.4305
304, 20.4339
305, 20.4367
306, 20.4367
307, 20.441
308, 20.4434
309, 20.4448
310, 20.4448
311, 20.4477
312, 20.4486
313, 20.4486
314, 20.4653
315, 20.4663
316, 20.4705
317, 20.472
318, 20.4948
319, 20.502
320, 20.5034
321, 20.5086
322, 20.5091
323, 20.5115
324, 20.5125
325, 20.5158
326, 20.5167
327, 20.5186
328, 20.5191
329, 20.5253
330, 20.5282
331, 20.5291
332, 20.5344
333, 20.5372
334, 20.5444
335, 20.5486
336, 20.5491
337, 20.552
338, 20.5534
339, 20.5624
340, 20.5644
341, 20.5672
342, 20.5701
343, 20.5758
344, 20.5763
345, 20.5777
346, 20.5844
347, 20.5867
348, 20.5877
349, 20.5901
350, 20.592
351, 20.5934
352, 20.5996
353, 20.602
354, 20.6024
355, 20.6039
356, 20.6044
357, 20.6167
358, 20.6205
359, 20.6263
360, 20.6301
361, 20.6334
362, 20.6367
363, 20.6405
364, 20.641
365, 20.642
366, 20.6453
367, 20.6515
368, 20.6539
369, 20.6544
370, 20.6548
371, 20.6572
372, 20.6586
373, 20.6744
374, 20.6753
375, 20.6786
376, 20.6815
377, 20.6853
378, 20.6853
379, 20.6858
380, 20.6891
381, 20.6891
382, 20.6991
383, 20.7048
384, 20.7105
385, 20.711
386, 20.7124
387, 20.721
388, 20.7344
389, 20.7353
390, 20.7396
391, 20.7415
392, 20.7472
393, 20.7553
394, 20.7615
395, 20.7639
396, 20.7729
397, 20.7739
398, 20.7753
399, 20.7834
400, 20.7853
401, 20.7858
402, 20.7896
403, 20.7915
404, 20.7939
405, 20.7963
406, 20.7967
407, 20.7991
408, 20.8005
409, 20.8039
410, 20.8072
411, 20.8091
412, 20.8143
413, 20.8143
414, 20.8163
415, 20.8167
416, 20.8177
417, 20.8191
418, 20.8224
419, 20.8263
420, 20.8282
421, 20.8301
422, 20.8301
423, 20.8334
424, 20.8358
425, 20.8401
426, 20.8543
427, 20.8572
428, 20.8572
429, 20.862
430, 20.8629
431, 20.8639
432, 20.8658
433, 20.8677
434, 20.8691
435, 20.8724
436, 20.8729
437, 20.8753
438, 20.8763
439, 20.8848
440, 20.8886
441, 20.8891
442, 20.8924
443, 20.8934
444, 20.9015
445, 20.9029
446, 20.9063
447, 20.9067
448, 20.912
449, 20.9172
450, 20.9172
451, 20.9182
452, 20.921
453, 20.922
454, 20.9224
455, 20.9253
456, 20.9334
457, 20.9348
458, 20.9453
459, 20.9482
460, 20.9486
461, 20.9553
462, 20.9577
463, 20.9582
464, 20.9591
465, 20.9672
466, 20.9686
467, 20.9686
468, 20.9963
469, 20.9996
470, 21.0029
471, 21.0086
472, 21.0124
473, 21.0139
474, 21.022
475, 21.0286
476, 21.0305
477, 21.0372
478, 21.0377
479, 21.0396
480, 21.042
481, 21.0477
482, 21.0505
483, 21.0515
484, 21.0539
485, 21.0543
486, 21.0562
487, 21.0572
488, 21.0615
489, 21.0615
490, 21.062
491, 21.062
492, 21.0643
493, 21.0696
494, 21.0729
495, 21.0786
496, 21.0805
497, 21.081
498, 21.0829
499, 21.0839
500, 21.0901
501, 21.0967
502, 21.0991
503, 21.1001
504, 21.1015
505, 21.1067
506, 21.1067
507, 21.1096
508, 21.111
509, 21.1243
510, 21.1286
511, 21.1377
512, 21.1382
513, 21.141
514, 21.1443
515, 21.1467
516, 21.152
517, 21.1553
518, 21.1558
519, 21.1562
520, 21.1572
521, 21.1653
522, 21.1653
523, 21.1672
524, 21.1705
525, 21.1715
526, 21.1715
527, 21.1715
528, 21.1796
529, 21.1801
530, 21.1867
531, 21.1929
532, 21.1962
533, 21.2053
534, 21.2062
535, 21.2082
536, 21.2115
537, 21.2134
538, 21.2162
539, 21.2172
540, 21.2186
541, 21.2201
542, 21.221
543, 21.2215
544, 21.2262
545, 21.2262
546, 21.2296
547, 21.2362
548, 21.2362
549, 21.2401
550, 21.2415
551, 21.242
552, 21.2424
553, 21.2467
554, 21.2501
555, 21.2515
556, 21.252
557, 21.2543
558, 21.2615
559, 21.2662
560, 21.2696
561, 21.2696
562, 21.2696
563, 21.272
564, 21.2767
565, 21.2839
566, 21.2853
567, 21.2867
568, 21.2877
569, 21.2915
570, 21.2943
571, 21.3034
572, 21.3034
573, 21.3062
574, 21.3105
575, 21.3167
576, 21.3167
577, 21.3172
578, 21.3172
579, 21.3177
580, 21.3177
581, 21.3196
582, 21.321
583, 21.3348
584, 21.3358
585, 21.3401
586, 21.3405
587, 21.3458
588, 21.3458
589, 21.3486
590, 21.3496
591, 21.351
592, 21.351
593, 21.3534
594, 21.3534
595, 21.3534
596, 21.3558
597, 21.3562
598, 21.3577
599, 21.3586
600, 21.3624
601, 21.3648
602, 21.3672
603, 21.3681
604, 21.3686
605, 21.3691
606, 21.3753
607, 21.3777
608, 21.382
609, 21.3829
610, 21.3829
611, 21.3872
612, 21.3872
613, 21.3881
614, 21.3901
615, 21.3924
616, 21.3953
617, 21.4086
618, 21.4105
619, 21.4181
620, 21.4191
621, 21.422
622, 21.4243
623, 21.4248
624, 21.4267
625, 21.4272
626, 21.4281
627, 21.4339
628, 21.4362
629, 21.4367
630, 21.4391
631, 21.4467
632, 21.4477
633, 21.4505
634, 21.4524
635, 21.4567
636, 21.4605
637, 21.4615
638, 21.4624
639, 21.4634
640, 21.4677
641, 21.4677
642, 21.4686
643, 21.4701
644, 21.471
645, 21.4791
646, 21.4824
647, 21.4834
648, 21.4867
649, 21.4881
650, 21.4886
651, 21.4886
652, 21.4891
653, 21.4896
654, 21.4905
655, 21.4915
656, 21.4939
657, 21.5058
658, 21.5058
659, 21.51
660, 21.512
661, 21.5181
662, 21.5215
663, 21.5224
664, 21.5272
665, 21.531
666, 21.5329
667, 21.5334
668, 21.5362
669, 21.5396
670, 21.5429
671, 21.5429
672, 21.5439
673, 21.5443
674, 21.5448
675, 21.5496
676, 21.5539
677, 21.5562
678, 21.5581
679, 21.561
680, 21.5639
681, 21.5653
682, 21.5677
683, 21.5743
684, 21.5786
685, 21.5843
686, 21.5862
687, 21.5867
688, 21.5877
689, 21.5948
690, 21.6034
691, 21.6077
692, 21.6077
693, 21.6091
694, 21.612
695, 21.6129
696, 21.6139
697, 21.6148
698, 21.6167
699, 21.6181
700, 21.6186
701, 21.6215
702, 21.6248
703, 21.6258
704, 21.6296
705, 21.63
706, 21.63
707, 21.6448
708, 21.6477
709, 21.651
710, 21.6515
711, 21.6524
712, 21.6534
713, 21.6548
714, 21.6577
715, 21.6596
716, 21.662
717, 21.6629
718, 21.6643
719, 21.6653
720, 21.6667
721, 21.6667
722, 21.672
723, 21.6786
724, 21.6829
725, 21.6853
726, 21.6891
727, 21.6958
728, 21.6991
729, 21.7
730, 21.7005
731, 21.701
732, 21.7029
733, 21.7043
734, 21.7048
735, 21.7096
736, 21.711
737, 21.7115
738, 21.7129
739, 21.7148
740, 21.7162
741, 21.7181
742, 21.7243
743, 21.7258
744, 21.7291
745, 21.7305
746, 21.7315
747, 21.7329
748, 21.7343
749, 21.7358
750, 21.7358
751, 21.7415
752, 21.7434
753, 21.7434
754, 21.7462
755, 21.7467
756, 21.7481
757, 21.7519
758, 21.7548
759, 21.7553
760, 21.7572
761, 21.7619
762, 21.7634
763, 21.7643
764, 21.7691
765, 21.77
766, 21.7705
767, 21.7729
768, 21.7739
769, 21.7786
770, 21.7796
771, 21.7815
772, 21.7829
773, 21.7848
774, 21.7877
775, 21.7886
776, 21.7929
777, 21.7934
778, 21.7934
779, 21.7953
780, 21.7953
781, 21.8005
782, 21.8062
783, 21.8077
784, 21.8086
785, 21.8091
786, 21.8124
787, 21.8153
788, 21.8205
789, 21.8229
790, 21.8248
791, 21.8267
792, 21.8281
793, 21.8286
794, 21.8305
795, 21.8305
796, 21.8415
797, 21.8486
798, 21.8496
799, 21.8577
800, 21.8577
801, 21.8586
802, 21.8648
803, 21.8667
804, 21.8715
805, 21.8715
806, 21.8729
807, 21.8734
808, 21.8753
809, 21.8796
810, 21.8815
811, 21.8867
812, 21.8867
813, 21.8919
814, 21.8924
815, 21.8943
816, 21.8953
817, 21.8981
818, 21.8991
819, 21.901
820, 21.9029
821, 21.9062
822, 21.9077
823, 21.9139
824, 21.9139
825, 21.9162
826, 21.9191
827, 21.921
828, 21.9215
829, 21.9234
830, 21.9315
831, 21.9343
832, 21.9348
833, 21.9353
834, 21.9358
835, 21.9529
836, 21.9558
837, 21.9658
838, 21.9677
839, 21.97
840, 21.9734
841, 21.9738
842, 21.9738
843, 21.9777
844, 21.9791
845, 21.9791
846, 21.981
847, 21.9881
848, 21.9886
849, 21.991
850, 21.9943
851, 21.9958
852, 21.9958
853, 21.9991
854, 22.0019
855, 22.0038
856, 22.0038
857, 22.0043
858, 22.0062
859, 22.0129
860, 22.0134
861, 22.0143
862, 22.0143
863, 22.0234
864, 22.0243
865, 22.0248
866, 22.0253
867, 22.0315
868, 22.0324
869, 22.0362
870, 22.0381
871, 22.0424
872, 22.0424
873, 22.0477
874, 22.0477
875, 22.0496
876, 22.0519
877, 22.0538
878, 22.0548
879, 22.0558
880, 22.0577
881, 22.0591
882, 22.061
883, 22.061
884, 22.0662
885, 22.0677
886, 22.0691
887, 22.0738
888, 22.0743
889, 22.0758
890, 22.0767
891, 22.0819
892, 22.0881
893, 22.09
894, 22.0938
895, 22.0958
896, 22.0962
897, 22.0977
898, 22.1029
899, 22.1058
900, 22.1091
901, 22.11
902, 22.111
903, 22.1148
904, 22.1196
905, 22.1219
906, 22.1258
907, 22.1272
908, 22.1305
909, 22.1324
910, 22.1353
911, 22.1434
912, 22.1434
913, 22.1443
914, 22.1481
915, 22.1491
916, 22.1519
917, 22.1524
918, 22.1591
919, 22.161
920, 22.1667
921, 22.1719
922, 22.1724
923, 22.1734
924, 22.1762
925, 22.1796
926, 22.1805
927, 22.1805
928, 22.1829
929, 22.1891
930, 22.1896
931, 22.191
932, 22.1919
933, 22.1919
934, 22.1981
935, 22.201
936, 22.201
937, 22.2015
938, 22.2024
939, 22.2058
940, 22.2119
941, 22.2172
942, 22.2229
943, 22.2229
944, 22.2248
945, 22.2281
946, 22.231
947, 22.2343
948, 22.2448
949, 22.2453
950, 22.2472
951, 22.2505
952, 22.2553
953, 22.26
954, 22.2629
955, 22.2638
956, 22.2662
957, 22.2705
958, 22.2705
959, 22.2734
960, 22.2767
961, 22.2819
962, 22.2824
963, 22.2872
964, 22.2896
965, 22.2957
966, 22.2972
967, 22.3005
968, 22.3015
969, 22.3086
970, 22.3143
971, 22.3157
972, 22.3172
973, 22.3181
974, 22.321
975, 22.3229
976, 22.3234
977, 22.3262
978, 22.3272
979, 22.3277
980, 22.3277
981, 22.3281
982, 22.33
983, 22.3315
984, 22.3338
985, 22.3372
986, 22.3386
987, 22.341
988, 22.3415
989, 22.3438
990, 22.3448
991, 22.3453
992, 22.3496
993, 22.3538
994, 22.3557
995, 22.3577
996, 22.3586
997, 22.3634
998, 22.37
999, 22.3729
1000, 22.3729
1001, 22.3734
1002, 22.3757
1003, 22.3762
1004, 22.3767
1005, 22.3777
1006, 22.381
1007, 22.3848
1008, 22.3862
1009, 22.391
1010, 22.3953
1011, 22.4019
1012, 22.4019
1013, 22.4034
1014, 22.4034
1015, 22.4086
1016, 22.4096
1017, 22.4129
1018, 22.4134
1019, 22.4143
1020, 22.4215
1021, 22.4234
1022, 22.4238
1023, 22.4286
1024, 22.43
1025, 22.4372
1026, 22.4377
1027, 22.4391
1028, 22.4438
1029, 22.4477
1030, 22.4491
1031, 22.4515
1032, 22.4524
1033, 22.4548
1034, 22.4553
1035, 22.4567
1036, 22.4572
1037, 22.4634
1038, 22.4653
1039, 22.4686
1040, 22.471
1041, 22.471
1042, 22.4724
1043, 22.4738
1044, 22.4748
1045, 22.4767
1046, 22.4805
1047, 22.481
1048, 22.4853
1049, 22.4967
1050, 22.5057
1051, 22.5091
1052, 22.5129
1053, 22.5138
1054, 22.5196
1055, 22.5219
1056, 22.5262
1057, 22.5291
1058, 22.53
1059, 22.5315
1060, 22.5324
1061, 22.5338
1062, 22.5357
1063, 22.5386
1064, 22.5396
1065, 22.5424
1066, 22.5448
1067, 22.5476
1068, 22.5496
1069, 22.5538
1070, 22.5567
1071, 22.5581
1072, 22.56
1073, 22.5605
1074, 22.5615
1075, 22.5619
1076, 22.5691
1077, 22.5705
1078, 22.5715
1079, 22.5757
1080, 22.5776
1081, 22.581
1082, 22.5838
1083, 22.5843
1084, 22.5853
1085, 22.59
1086, 22.5915
1087, 22.5929
1088, 22.5934
1089, 22.5934
1090, 22.5948
1091, 22.5962
1092, 22.5996
1093, 22.6034
1094, 22.6067
1095, 22.6067
1096, 22.6076
1097, 22.61
1098, 22.6105
1099, 22.6124
1100, 22.6129
1101, 22.6138
1102, 22.6138
1103, 22.6138
1104, 22.6219
1105, 22.6234
1106, 22.6276
1107, 22.6286
1108, 22.6343
1109, 22.6362
1110, 22.6372
1111, 22.6376
1112, 22.6405
1113, 22.6415
1114, 22.6438
1115, 22.6467
1116, 22.6481
1117, 22.651
1118, 22.6524
1119, 22.6548
1120, 22.66
1121, 22.6657
1122, 22.6662
1123, 22.6662
1124, 22.6676
1125, 22.6724
1126, 22.6757
1127, 22.6762
1128, 22.6781
1129, 22.6796
1130, 22.68
1131, 22.6815
1132, 22.6834
1133, 22.6848
1134, 22.6862
1135, 22.6867
1136, 22.6876
1137, 22.6938
1138, 22.6981
1139, 22.6991
1140, 22.7024
1141, 22.7029
1142, 22.7048
1143, 22.7072
1144, 22.7081
1145, 22.7086
1146, 22.71
1147, 22.7148
1148, 22.7172
1149, 22.7191
1150, 22.7215
1151, 22.7224
1152, 22.7243
1153, 22.7253
1154, 22.7257
1155, 22.7315
1156, 22.7338
1157, 22.7348
1158, 22.7362
1159, 22.7367
1160, 22.7376
1161, 22.7381
1162, 22.7386
1163, 22.7415
1164, 22.7429
1165, 22.7467
1166, 22.7486
1167, 22.7505
1168, 22.7519
1169, 22.7524
1170, 22.7524
1171, 22.7534
1172, 22.7562
1173, 22.76
1174, 22.7629
1175, 22.7667
1176, 22.7691
1177, 22.771
1178, 22.7738
1179, 22.7748
1180, 22.7757
1181, 22.7762
1182, 22.7767
1183, 22.7772
1184, 22.7776
1185, 22.7805
1186, 22.7834
1187, 22.7867
1188, 22.791
1189, 22.7938
1190, 22.7981
1191, 22.7995
1192, 22.801
1193, 22.8029
1194, 22.8053
1195, 22.8057
1196, 22.8067
1197, 22.8138
1198, 22.8148
1199, 22.8181
1200, 22.8195
1201, 22.8262
1202, 22.8267
1203, 22.8272
1204, 22.8305
1205, 22.8319
1206, 22.8343
1207, 22.8357
1208, 22.8381
1209, 22.8386
1210, 22.84
1211, 22.8405
1212, 22.8415
1213, 22.8419
1214, 22.8448
1215, 22.8457
1216, 22.8576
1217, 22.8586
1218, 22.8629
1219, 22.8643
1220, 22.8653
1221, 22.8653
1222, 22.8662
1223, 22.8715
1224, 22.8734
1225, 22.8767
1226, 22.8781
1227, 22.8795
1228, 22.8815
1229, 22.8824
1230, 22.8838
1231, 22.8853
1232, 22.8857
1233, 22.8857
1234, 22.8857
1235, 22.8876
1236, 22.8886
1237, 22.8905
1238, 22.8929
1239, 22.8976
1240, 22.8986
1241, 22.8991
1242, 22.8995
1243, 22.9
1244, 22.901
1245, 22.9057
1246, 22.9067
1247, 22.9072
1248, 22.9105
1249, 22.911
1250, 22.9124
1251, 22.9157
1252, 22.9176
1253, 22.921
1254, 22.9234
1255, 22.9234
1256, 22.9267
1257, 22.9276
1258, 22.9281
1259, 22.9281
1260, 22.9334
1261, 22.9334
1262, 22.9381
1263, 22.9386
1264, 22.9391
1265, 22.9405
1266, 22.9419
1267, 22.9429
1268, 22.95
1269, 22.95
1270, 22.9514
1271, 22.9576
1272, 22.9581
1273, 22.9667
1274, 22.9667
1275, 22.9681
1276, 22.9691
1277, 22.971
1278, 22.9719
1279, 22.9724
1280, 22.9738
1281, 22.9757
1282, 22.9767
1283, 22.9776
1284, 22.9791
1285, 22.9824
1286, 22.9848
1287, 22.9891
1288, 22.9991
1289, 22.9991
1290, 22.9995
1291, 23.0105
1292, 23.0124
1293, 23.0138
1294, 23.0162
1295, 23.0162
1296, 23.0191
1297, 23.02
1298, 23.021
1299, 23.0219
1300, 23.0224
1301, 23.0243
1302, 23.0281
1303, 23.03
1304, 23.0343
1305, 23.0386
1306, 23.0414
1307, 23.0434
1308, 23.0453
1309, 23.0491
1310, 23.0505
1311, 23.0529
1312, 23.0534
1313, 23.0605
1314, 23.0629
1315, 23.0681
1316, 23.0691
1317, 23.0705
1318, 23.0705
1319, 23.0714
1320, 23.0738
1321, 23.0762
1322, 23.0767
1323, 23.0767
1324, 23.0781
1325, 23.0786
1326, 23.08
1327, 23.081
1328, 23.081
1329, 23.0824
1330, 23.0838
1331, 23.0905
1332, 23.0924
1333, 23.0929
1334, 23.0953
1335, 23.0986
1336, 23.0995
1337, 23.1014
1338, 23.1043
1339, 23.1062
1340, 23.1067
1341, 23.11
1342, 23.1105
1343, 23.111
1344, 23.1119
1345, 23.1134
1346, 23.1153
1347, 23.1191
1348, 23.1195
1349, 23.1195
1350, 23.1219
1351, 23.1224
1352, 23.1234
1353, 23.1248
1354, 23.1248
1355, 23.1253
1356, 23.131
1357, 23.1319
1358, 23.1324
1359, 23.1329
1360, 23.1348
1361, 23.1372
1362, 23.1376
1363, 23.14
1364, 23.141
1365, 23.1429
1366, 23.1457
1367, 23.1472
1368, 23.1529
1369, 23.1557
1370, 23.1576
1371, 23.1619
1372, 23.1681
1373, 23.1686
1374, 23.1691
1375, 23.1695
1376, 23.17
1377, 23.1705
1378, 23.1714
1379, 23.1714
1380, 23.1743
1381, 23.1753
1382, 23.1772
1383, 23.1776
1384, 23.1786
1385, 23.1824
1386, 23.1833
1387, 23.1843
1388, 23.1848
1389, 23.1881
1390, 23.1886
1391, 23.1891
1392, 23.1924
1393, 23.1924
1394, 23.1972
1395, 23.1976
1396, 23.1981
1397, 23.2
1398, 23.2019
1399, 23.2024
1400, 23.2029
1401, 23.2038
1402, 23.2053
1403, 23.2057
1404, 23.2067
1405, 23.2072
1406, 23.2143
1407, 23.2143
1408, 23.2157
1409, 23.2176
1410, 23.221
1411, 23.2233
1412, 23.2262
1413, 23.2267
1414, 23.2267
1415, 23.2295
1416, 23.2305
1417, 23.2357
1418, 23.2414
1419, 23.2414
1420, 23.2414
1421, 23.2433
1422, 23.2457
1423, 23.2462
1424, 23.2486
1425, 23.2567
1426, 23.2586
1427, 23.2638
1428, 23.2657
1429, 23.2662
1430, 23.2686
1431, 23.2691
1432, 23.2695
1433, 23.27
1434, 23.2714
1435, 23.2748
1436, 23.2753
1437, 23.2772
1438, 23.2781
1439, 23.2791
1440, 23.2819
1441, 23.2833
1442, 23.2853
1443, 23.2876
1444, 23.2881
1445, 23.2895
1446, 23.2905
1447, 23.2924
1448, 23.2933
1449, 23.2943
1450, 23.2957
1451, 23.2976
1452, 23.2986
1453, 23.3
1454, 23.3005
1455, 23.3038
1456, 23.3038
1457, 23.3043
1458, 23.3048
1459, 23.3072
1460, 23.3086
1461, 23.3086
1462, 23.3105
1463, 23.3105
1464, 23.3148
1465, 23.3153
1466, 23.3157
1467, 23.3176
1468, 23.3205
1469, 23.3205
1470, 23.3253
1471, 23.3267
1472, 23.331
1473, 23.3324
1474, 23.3329
1475, 23.3357
1476, 23.3372
1477, 23.3381
1478, 23.3419
1479, 23.3433
1480, 23.3438
1481, 23.3453
1482, 23.3462
1483, 23.3472
1484, 23.3486
1485, 23.3486
1486, 23.3495
1487, 23.3619
1488, 23.3619
1489, 23.3653
1490, 23.3676
1491, 23.3686
1492, 23.3691
1493, 23.3729
1494, 23.3743
1495, 23.3767
1496, 23.3772
1497, 23.3791
1498, 23.38
1499, 23.38
1500, 23.3843
1501, 23.3876
1502, 23.3876
1503, 23.3881
1504, 23.39
1505, 23.391
1506, 23.3914
1507, 23.3914
1508, 23.3919
1509, 23.3919
1510, 23.3948
1511, 23.3953
1512, 23.3981
1513, 23.3991
1514, 23.3995
1515, 23.401
1516, 23.4038
1517, 23.4119
1518, 23.4129
1519, 23.4152
1520, 23.4167
1521, 23.4172
1522, 23.4176
1523, 23.421
1524, 23.4248
1525, 23.4267
1526, 23.4338
1527, 23.4343
1528, 23.4362
1529, 23.4367
1530, 23.4376
1531, 23.4386
1532, 23.4429
1533, 23.4443
1534, 23.4457
1535, 23.451
1536, 23.4538
1537, 23.4543
1538, 23.4543
1539, 23.4572
1540, 23.4572
1541, 23.4591
1542, 23.46
1543, 23.461
1544, 23.4633
1545, 23.4638
1546, 23.4643
1547, 23.4643
1548, 23.4652
1549, 23.4667
1550, 23.4686
1551, 23.4691
1552, 23.4724
1553, 23.4738
1554, 23.4767
1555, 23.48
1556, 23.4805
1557, 23.4838
1558, 23.4862
1559, 23.4891
1560, 23.4891
1561, 23.4891
1562, 23.4924
1563, 23.4962
1564, 23.4976
1565, 23.5005
1566, 23.5043
1567, 23.5048
1568, 23.5114
1569, 23.5119
1570, 23.5143
1571, 23.5152
1572, 23.5167
1573, 23.5172
1574, 23.5172
1575, 23.5195
1576, 23.5219
1577, 23.5276
1578, 23.5319
1579, 23.5329
1580, 23.5333
1581, 23.5357
1582, 23.5362
1583, 23.5395
1584, 23.5405
1585, 23.5438
1586, 23.5462
1587, 23.5476
1588, 23.551
1589, 23.5514
1590, 23.5524
1591, 23.5529
1592, 23.5543
1593, 23.5552
1594, 23.5562
1595, 23.5567
1596, 23.5576
1597, 23.5581
1598, 23.5591
1599, 23.5595
1600, 23.56
1601, 23.5605
1602, 23.561
1603, 23.5629
1604, 23.5633
1605, 23.5643
1606, 23.5643
1607, 23.5643
1608, 23.5652
1609, 23.5681
1610, 23.5691
1611, 23.5729
1612, 23.5738
1613, 23.5781
1614, 23.5843
1615, 23.5852
1616, 23.5857
1617, 23.5862
1618, 23.5891
1619, 23.5933
1620, 23.5943
1621, 23.5967
1622, 23.6014
1623, 23.6014
1624, 23.6029
1625, 23.6033
1626, 23.6043
1627, 23.6048
1628, 23.6072
1629, 23.6076
1630, 23.6086
1631, 23.611
1632, 23.6119
1633, 23.6124
1634, 23.6138
1635, 23.6152
1636, 23.6162
1637, 23.6195
1638, 23.621
1639, 23.6214
1640, 23.6248
1641, 23.6281
1642, 23.6295
1643, 23.6295
1644, 23.6324
1645, 23.6348
1646, 23.6367
1647, 23.6381
1648, 23.641
1649, 23.6476
1650, 23.6505
1651, 23.6548
1652, 23.6576
1653, 23.6595
1654, 23.6595
1655, 23.66
1656, 23.6605
1657, 23.6652
1658, 23.6657
1659, 23.6667
1660, 23.6681
1661, 23.6691
1662, 23.6695
1663, 23.6695
1664, 23.6724
1665, 23.6757
1666, 23.6767
1667, 23.6786
1668, 23.6786
1669, 23.6819
1670, 23.6824
1671, 23.6838
1672, 23.6838
1673, 23.6876
1674, 23.6891
1675, 23.6895
1676, 23.691
1677, 23.6919
1678, 23.6948
1679, 23.6952
1680, 23.6957
1681, 23.6967
1682, 23.6976
1683, 23.7014
1684, 23.7019
1685, 23.7029
1686, 23.7029
1687, 23.7048
1688, 23.7076
1689, 23.7095
1690, 23.7143
1691, 23.7152
1692, 23.7191
1693, 23.72
1694, 23.7205
1695, 23.7214
1696, 23.7233
1697, 23.7248
1698, 23.7276
1699, 23.7319
1700, 23.7338
1701, 23.7357
1702, 23.7391
1703, 23.741
1704, 23.7433
1705, 23.7438
1706, 23.7467
1707, 23.7467
1708, 23.7471
1709, 23.7533
1710, 23.7557
1711, 23.7557
1712, 23.7581
1713, 23.7619
1714, 23.7624
1715, 23.7652
1716, 23.7681
1717, 23.7695
1718, 23.77
1719, 23.7705
1720, 23.7705
1721, 23.7719
1722, 23.7724
1723, 23.7729
1724, 23.7748
1725, 23.7752
1726, 23.7829
1727, 23.7867
1728, 23.7891
1729, 23.7895
1730, 23.7933
1731, 23.7957
1732, 23.7976
1733, 23.8024
1734, 23.8076
1735, 23.8076
1736, 23.8081
1737, 23.81
1738, 23.8114
1739, 23.8133
1740, 23.8152
1741, 23.8162
1742, 23.821
1743, 23.821
1744, 23.8214
1745, 23.8248
1746, 23.8252
1747, 23.8286
1748, 23.8286
1749, 23.8305
1750, 23.8314
1751, 23.8348
1752, 23.8352
1753, 23.8357
1754, 23.8357
1755, 23.8376
1756, 23.8405
1757, 23.8414
1758, 23.8462
1759, 23.8462
1760, 23.8471
1761, 23.8476
1762, 23.85
1763, 23.8533
1764, 23.8557
1765, 23.8567
1766, 23.8576
1767, 23.8624
1768, 23.8676
1769, 23.8686
1770, 23.8686
1771, 23.8695
1772, 23.87
1773, 23.8714
1774, 23.8733
1775, 23.8738
1776, 23.8824
1777, 23.8838
1778, 23.8838
1779, 23.8843
1780, 23.8843
1781, 23.8871
1782, 23.8871
1783, 23.891
1784, 23.8948
1785, 23.8952
1786, 23.8952
1787, 23.8957
1788, 23.9
1789, 23.9019
1790, 23.9029
1791, 23.9038
1792, 23.9062
1793, 23.909
1794, 23.9095
1795, 23.9124
1796, 23.9133
1797, 23.9143
1798, 23.9143
1799, 23.9167
1800, 23.9181
1801, 23.9186
1802, 23.9205
1803, 23.9219
1804, 23.9219
1805, 23.9224
1806, 23.9252
1807, 23.9262
1808, 23.9305
1809, 23.9305
1810, 23.9319
1811, 23.9324
1812, 23.9329
1813, 23.9333
1814, 23.9362
1815, 23.9362
1816, 23.9395
1817, 23.94
1818, 23.94
1819, 23.9414
1820, 23.9414
1821, 23.9424
1822, 23.9433
1823, 23.9471
1824, 23.9524
1825, 23.9533
1826, 23.9614
1827, 23.9638
1828, 23.9638
1829, 23.9671
1830, 23.9671
1831, 23.9676
1832, 23.9686
1833, 23.9695
1834, 23.9719
1835, 23.9724
1836, 23.9724
1837, 23.9729
1838, 23.9757
1839, 23.9757
1840, 23.981
1841, 23.9814
1842, 23.9867
1843, 23.99
1844, 23.991
1845, 23.9914
1846, 23.9938
1847, 23.9943
1848, 23.9981
1849, 23.9986
1850, 23.9995
1851, 24.0081
1852, 24.0086
1853, 24.011
1854, 24.0124
1855, 24.0138
1856, 24.0167
1857, 24.0167
1858, 24.0238
1859, 24.0267
1860, 24.0271
1861, 24.0305
1862, 24.0348
1863, 24.0348
1864, 24.0352
1865, 24.0362
1866, 24.0381
1867, 24.04
1868, 24.04
1869, 24.041
1870, 24.0419
1871, 24.0424
1872, 24.0429
1873, 24.0448
1874, 24.0476
1875, 24.0486
1876, 24.0495
1877, 24.0505
1878, 24.051
1879, 24.0524
1880, 24.0543
1881, 24.0567
1882, 24.0571
1883, 24.0576
1884, 24.0595
1885, 24.0605
1886, 24.061
1887, 24.061
1888, 24.0638
1889, 24.0638
1890, 24.0648
1891, 24.0652
1892, 24.0681
1893, 24.0681
1894, 24.0705
1895, 24.0714
1896, 24.0724
1897, 24.0733
1898, 24.0752
1899, 24.0776
1900, 24.0795
1901, 24.0795
1902, 24.08
1903, 24.081
1904, 24.0833
1905, 24.0838
1906, 24.0862
1907, 24.0886
1908, 24.0886
1909, 24.089
1910, 24.09
1911, 24.0905
1912, 24.0924
1913, 24.0957
1914, 24.0962
1915, 24.0967
1916, 24.0967
1917, 24.0967
1918, 24.0976
1919, 24.0981
1920, 24.1005
1921, 24.101
1922, 24.1033
1923, 24.1067
1924, 24.1067
1925, 24.1095
1926, 24.1095
1927, 24.1129
1928, 24.1157
1929, 24.1167
1930, 24.1195
1931, 24.12
1932, 24.12
1933, 24.1219
1934, 24.1233
1935, 24.1233
1936, 24.1248
1937, 24.1252
1938, 24.1286
1939, 24.1319
1940, 24.1333
1941, 24.1333
1942, 24.1333
1943, 24.1333
1944, 24.1352
1945, 24.1362
1946, 24.1367
1947, 24.1443
1948, 24.1443
1949, 24.1448
1950, 24.1486
1951, 24.149
1952, 24.15
1953, 24.1505
1954, 24.1509
1955, 24.1529
1956, 24.1562
1957, 24.1581
1958, 24.1586
1959, 24.1595
1960, 24.1609
1961, 24.1614
1962, 24.1657
1963, 24.1667
1964, 24.1671
1965, 24.1686
1966, 24.1686
1967, 24.1709
1968, 24.1724
1969, 24.1724
1970, 24.1743
1971, 24.1748
1972, 24.179
1973, 24.1795
1974, 24.1814
1975, 24.1867
1976, 24.1876
1977, 24.189
1978, 24.1914
1979, 24.1933
1980, 24.1938
1981, 24.1957
1982, 24.1957
1983, 24.1962
1984, 24.1981
1985, 24.2
1986, 24.2005
1987, 24.2014
1988, 24.2038
1989, 24.2062
1990, 24.2086
1991, 24.209
1992, 24.2105
1993, 24.2119
1994, 24.2143
1995, 24.2152
1996, 24.2171
1997, 24.219
1998, 24.2205
1999, 24.2214
2000, 24.2224
2001, 24.2224
2002, 24.2238
2003, 24.2257
2004, 24.2281
2005, 24.2329
2006, 24.2348
2007, 24.2357
2008, 24.2371
2009, 24.2405
2010, 24.2414
2011, 24.2429
2012, 24.2433
2013, 24.2443
2014, 24.2448
2015, 24.2452
2016, 24.2524
2017, 24.2548
2018, 24.2562
2019, 24.2567
2020, 24.2576
2021, 24.2595
2022, 24.2595
2023, 24.26
2024, 24.26
2025, 24.2609
2026, 24.2614
2027, 24.2619
2028, 24.2624
2029, 24.2633
2030, 24.2643
2031, 24.2643
2032, 24.2648
2033, 24.2657
2034, 24.2695
2035, 24.27
2036, 24.2729
2037, 24.2733
2038, 24.2743
2039, 24.2762
2040, 24.2767
2041, 24.2771
2042, 24.2786
2043, 24.2786
2044, 24.279
2045, 24.28
2046, 24.2819
2047, 24.2838
2048, 24.2843
2049, 24.2848
2050, 24.2876
2051, 24.29
2052, 24.2909
2053, 24.2919
2054, 24.2924
2055, 24.2938
2056, 24.2971
2057, 24.2995
2058, 24.3029
2059, 24.3033
2060, 24.3043
2061, 24.3129
2062, 24.3133
2063, 24.3148
2064, 24.3171
2065, 24.3233
2066, 24.3238
2067, 24.3276
2068, 24.3281
2069, 24.3295
2070, 24.33
2071, 24.3305
2072, 24.3324
2073, 24.3333
2074, 24.3362
2075, 24.3462
2076, 24.3476
2077, 24.3486
2078, 24.3495
2079, 24.35
2080, 24.3509
2081, 24.3509
2082, 24.3524
2083, 24.3552
2084, 24.3571
2085, 24.3576
2086, 24.3595
2087, 24.3624
2088, 24.3638
2089, 24.3662
2090, 24.3705
2091, 24.3714
2092, 24.3719
2093, 24.3733
2094, 24.38
2095, 24.3805
2096, 24.3814
2097, 24.3819
2098, 24.3838
2099, 24.3871
2100, 24.3886
2101, 24.389
2102, 24.389
2103, 24.3905
2104, 24.3909
2105, 24.3919
2106, 24.3928
2107, 24.3938
2108, 24.3971
2109, 24.4
2110, 24.4
2111, 24.4
2112, 24.4005
2113, 24.4009
2114, 24.4014
2115, 24.4014
2116, 24.4043
2117, 24.4148
2118, 24.4171
2119, 24.4181
2120, 24.419
2121, 24.419
2122, 24.4195
2123, 24.4219
2124, 24.4233
2125, 24.4281
2126, 24.429
2127, 24.4305
2128, 24.4314
2129, 24.4343
2130, 24.4352
2131, 24.4362
2132, 24.439
2133, 24.4405
2134, 24.4409
2135, 24.4433
2136, 24.4438
2137, 24.4448
2138, 24.4448
2139, 24.4462
2140, 24.4467
2141, 24.4471
2142, 24.4519
2143, 24.4552
2144, 24.4562
2145, 24.4562
2146, 24.4571
2147, 24.4576
2148, 24.4614
2149, 24.4619
2150, 24.4628
2151, 24.4667
2152, 24.4681
2153, 24.4686
2154, 24.4724
2155, 24.4767
2156, 24.4767
2157, 24.4814
2158, 24.4862
2159, 24.4871
2160, 24.4876
2161, 24.4886
2162, 24.4905
2163, 24.4928
2164, 24.4943
2165, 24.4943
2166, 24.4967
2167, 24.4976
2168, 24.4976
2169, 24.4995
2170, 24.4995
2171, 24.5014
2172, 24.5014
2173, 24.5048
2174, 24.5052
2175, 24.5071
2176, 24.5095
2177, 24.5105
2178, 24.5114
2179, 24.5114
2180, 24.5119
2181, 24.5124
2182, 24.5138
2183, 24.5214
2184, 24.5233
2185, 24.5233
2186, 24.5248
2187, 24.5267
2188, 24.5328
2189, 24.5328
2190, 24.5333
2191, 24.5362
2192, 24.5376
2193, 24.5376
2194, 24.539
2195, 24.5438
2196, 24.5452
2197, 24.5467
2198, 24.55
2199, 24.5505
2200, 24.5533
2201, 24.5533
2202, 24.5557
2203, 24.5557
2204, 24.5567
2205, 24.5576
2206, 24.559
2207, 24.5605
2208, 24.5638
2209, 24.5652
2210, 24.5657
2211, 24.5667
2212, 24.5667
2213, 24.5676
2214, 24.5714
2215, 24.5748
2216, 24.5757
2217, 24.5767
2218, 24.5767
2219, 24.5776
2220, 24.5781
2221, 24.5805
2222, 24.5814
2223, 24.5814
2224, 24.5843
2225, 24.5867
2226, 24.5905
2227, 24.5943
2228, 24.5962
2229, 24.5971
2230, 24.5971
2231, 24.599
2232, 24.6
2233, 24.6014
2234, 24.6014
2235, 24.6043
2236, 24.6105
2237, 24.6128
2238, 24.6176
2239, 24.619
2240, 24.6214
2241, 24.6219
2242, 24.6238
2243, 24.6276
2244, 24.6281
2245, 24.6286
2246, 24.6305
2247, 24.6343
2248, 24.6352
2249, 24.6376
2250, 24.6381
2251, 24.6381
2252, 24.6381
2253, 24.6386
2254, 24.6409
2255, 24.6467
2256, 24.6467
2257, 24.6514
2258, 24.6528
2259, 24.6533
2260, 24.6547
2261, 24.6595
2262, 24.66
2263, 24.6657
2264, 24.6671
2265, 24.6676
2266, 24.6686
2267, 24.6686
2268, 24.6709
2269, 24.6724
2270, 24.6743
2271, 24.6747
2272, 24.6752
2273, 24.6805
2274, 24.6805
2275, 24.6838
2276, 24.6867
2277, 24.6867
2278, 24.6867
2279, 24.6881
2280, 24.6886
2281, 24.689
2282, 24.6895
2283, 24.69
2284, 24.6928
2285, 24.6952
2286, 24.6952
2287, 24.6952
2288, 24.6952
2289, 24.6971
2290, 24.6986
2291, 24.7014
2292, 24.7014
2293, 24.7043
2294, 24.7052
2295, 24.7076
2296, 24.7081
2297, 24.7086
2298, 24.71
2299, 24.7114
2300, 24.7124
2301, 24.7157
2302, 24.7162
2303, 24.7181
2304, 24.7186
2305, 24.719
2306, 24.7219
2307, 24.7238
2308, 24.7247
2309, 24.7281
2310, 24.7295
2311, 24.73
2312, 24.7324
2313, 24.7328
2314, 24.7357
2315, 24.7381
2316, 24.7405
2317, 24.7405
2318, 24.7414
2319, 24.7414
2320, 24.7438
2321, 24.7443
2322, 24.7476
2323, 24.75
2324, 24.75
2325, 24.7509
2326, 24.7509
2327, 24.7519
2328, 24.7538
2329, 24.7576
2330, 24.7586
2331, 24.759
2332, 24.7595
2333, 24.7609
2334, 24.7614
2335, 24.7619
2336, 24.7624
2337, 24.7624
2338, 24.7647
2339, 24.7652
2340, 24.769
2341, 24.7724
2342, 24.7728
2343, 24.7733
2344, 24.7738
2345, 24.7776
2346, 24.7776
2347, 24.779
2348, 24.7805
2349, 24.7809
2350, 24.7814
2351, 24.7824
2352, 24.7843
2353, 24.7862
2354, 24.7905
2355, 24.7957
2356, 24.7971
2357, 24.8
2358, 24.8028
2359, 24.8043
2360, 24.8043
2361, 24.8062
2362, 24.8071
2363, 24.8081
2364, 24.8086
2365, 24.8114
2366, 24.8119
2367, 24.8138
2368, 24.8152
2369, 24.8157
2370, 24.819
2371, 24.8219
2372, 24.8247
2373, 24.8252
2374, 24.8257
2375, 24.8267
2376, 24.8309
2377, 24.8328
2378, 24.8347
2379, 24.8386
2380, 24.839
2381, 24.8433
2382, 24.8438
2383, 24.8467
2384, 24.8476
2385, 24.8505
2386, 24.8528
2387, 24.8562
2388, 24.8562
2389, 24.8562
2390, 24.859
2391, 24.859
2392, 24.8595
2393, 24.8633
2394, 24.8652
2395, 24.8662
2396, 24.8666
2397, 24.8681
2398, 24.8733
2399, 24.879
2400, 24.8814
2401, 24.8847
2402, 24.8866
2403, 24.8871
2404, 24.89
2405, 24.8914
2406, 24.8914
2407, 24.8957
2408, 24.8976
2409, 24.8981
2410, 24.8986
2411, 24.8986
2412, 24.8995
2413, 24.9
2414, 24.9009
2415, 24.9024
2416, 24.9028
2417, 24.9038
2418, 24.9071
2419, 24.9086
2420, 24.9109
2421, 24.9124
2422, 24.9128
2423, 24.9162
2424, 24.9162
2425, 24.9166
2426, 24.9171
2427, 24.9176
2428, 24.9181
2429, 24.9247
2430, 24.9266
2431, 24.9276
2432, 24.9319
2433, 24.9333
2434, 24.9338
2435, 24.9343
2436, 24.9362
2437, 24.9376
2438, 24.9376
2439, 24.9386
2440, 24.9395
2441, 24.94
2442, 24.9405
2443, 24.9443
2444, 24.9457
2445, 24.9471
2446, 24.9524
2447, 24.9524
2448, 24.9524
2449, 24.9524
2450, 24.9533
2451, 24.9562
2452, 24.9562
2453, 24.9566
2454, 24.9576
2455, 24.9576
2456, 24.9586
2457, 24.9619
2458, 24.9633
2459, 24.9638
2460, 24.9647
2461, 24.9671
2462, 24.9676
2463, 24.969
2464, 24.97
2465, 24.9709
2466, 24.9709
2467, 24.9733
2468, 24.9738
2469, 24.9738
2470, 24.9743
2471, 24.9766
2472, 24.9771
2473, 24.9781
2474, 24.979
2475, 24.9795
2476, 24.9805
2477, 24.9819
2478, 24.9824
2479, 24.9871
2480, 24.9876
2481, 24.9881
2482, 24.9886
2483, 24.9895
2484, 24.9919
2485, 24.9947
2486, 24.9981
2487, 24.9981
2488, 24.999
2489, 24.999
2490, 24.999
2491, 24.999
2492, 25.0005
2493, 25.0014
2494, 25.0033
2495, 25.0033
2496, 25.0033
2497, 25.0047
2498, 25.0052
2499, 25.0057
2500, 25.0071
2501, 25.0081
2502, 25.0086
2503, 25.0124
2504, 25.0128
2505, 25.0133
2506, 25.0147
2507, 25.0171
2508, 25.0171
2509, 25.0195
2510, 25.0224
2511, 25.0247
2512, 25.0257
2513, 25.0295
2514, 25.0314
2515, 25.0362
2516, 25.0362
2517, 25.0376
2518, 25.0376
2519, 25.0381
2520, 25.039
2521, 25.039
2522, 25.0395
2523, 25.0419
2524, 25.0428
2525, 25.0433
2526, 25.0438
2527, 25.0466
2528, 25.0481
2529, 25.0519
2530, 25.0519
2531, 25.0547
2532, 25.0557
2533, 25.0562
2534, 25.0562
2535, 25.0614
2536, 25.0652
2537, 25.0681
2538, 25.0681
2539, 25.0686
2540, 25.069
2541, 25.0705
2542, 25.0709
2543, 25.0714
2544, 25.0733
2545, 25.0762
2546, 25.0781
2547, 25.0781
2548, 25.0786
2549, 25.0824
2550, 25.0824
2551, 25.0828
2552, 25.0838
2553, 25.0847
2554, 25.0852
2555, 25.0862
2556, 25.0866
2557, 25.0895
2558, 25.0943
2559, 25.0962
2560, 25.0995
2561, 25.1
2562, 25.1009
2563, 25.1019
2564, 25.1033
2565, 25.1047
2566, 25.1062
2567, 25.1066
2568, 25.1066
2569, 25.1095
2570, 25.1105
2571, 25.1143
2572, 25.1157
2573, 25.1157
2574, 25.1162
2575, 25.119
2576, 25.1228
2577, 25.1228
2578, 25.1238
2579, 25.1243
2580, 25.1257
2581, 25.1276
2582, 25.1305
2583, 25.1319
2584, 25.1319
2585, 25.1324
2586, 25.1362
2587, 25.1381
2588, 25.14
2589, 25.1405
2590, 25.1419
2591, 25.1424
2592, 25.1424
2593, 25.1424
2594, 25.1438
2595, 25.1447
2596, 25.1462
2597, 25.1495
2598, 25.1509
2599, 25.1509
2600, 25.1514
2601, 25.1519
2602, 25.1519
2603, 25.1528
2604, 25.1533
2605, 25.1547
2606, 25.1571
2607, 25.1576
2608, 25.1585
2609, 25.1585
2610, 25.1595
2611, 25.16
2612, 25.1605
2613, 25.1638
2614, 25.1643
2615, 25.1643
2616, 25.169
2617, 25.1705
2618, 25.1709
2619, 25.1719
2620, 25.1724
2621, 25.1733
2622, 25.1762
2623, 25.1762
2624, 25.1766
2625, 25.1771
2626, 25.1776
2627, 25.1776
2628, 25.1805
2629, 25.1814
2630, 25.1814
2631, 25.1819
2632, 25.1824
2633, 25.1824
2634, 25.1824
2635, 25.1833
2636, 25.1843
2637, 25.1847
2638, 25.1847
2639, 25.1862
2640, 25.1871
2641, 25.1885
2642, 25.189
2643, 25.19
2644, 25.1947
2645, 25.1966
2646, 25.1976
2647, 25.1981
2648, 25.2014
2649, 25.2038
2650, 25.2043
2651, 25.2043
2652, 25.2052
2653, 25.2057
2654, 25.2057
2655, 25.2057
2656, 25.2066
2657, 25.2071
2658, 25.2071
2659, 25.2085
2660, 25.2095
2661, 25.2109
2662, 25.2114
2663, 25.2138
2664, 25.2143
2665, 25.2181
2666, 25.2205
2667, 25.2205
2668, 25.2238
2669, 25.2238
2670, 25.2243
2671, 25.2247
2672, 25.2257
2673, 25.2262
2674, 25.2276
2675, 25.229
2676, 25.23
2677, 25.23
2678, 25.2328
2679, 25.2357
2680, 25.2381
2681, 25.24
2682, 25.24
2683, 25.2419
2684, 25.2424
2685, 25.2428
2686, 25.2438
2687, 25.2443
2688, 25.2447
2689, 25.249
2690, 25.25
2691, 25.2533
2692, 25.2533
2693, 25.2533
2694, 25.2552
2695, 25.2585
2696, 25.2585
2697, 25.259
2698, 25.2605
2699, 25.2624
2700, 25.2624
2701, 25.2628
2702, 25.2643
2703, 25.2652
2704, 25.2685
2705, 25.2695
2706, 25.2709
2707, 25.2743
2708, 25.2762
2709, 25.2771
2710, 25.2776
2711, 25.2781
2712, 25.2785
2713, 25.279
2714, 25.28
2715, 25.28
2716, 25.2809
2717, 25.2819
2718, 25.2833
2719, 25.2847
2720, 25.2847
2721, 25.2857
2722, 25.2881
2723, 25.2885
2724, 25.2924
2725, 25.2924
2726, 25.2952
2727, 25.2957
2728, 25.2966
2729, 25.2971
2730, 25.3019
2731, 25.3019
2732, 25.3047
2733, 25.309
2734, 25.3147
2735, 25.3176
2736, 25.319
2737, 25.32
2738, 25.32
2739, 25.3233
2740, 25.3243
2741, 25.3243
2742, 25.3247
2743, 25.3257
2744, 25.3266
2745, 25.3285
2746, 25.329
2747, 25.33
2748, 25.3314
2749, 25.3324
2750, 25.3328
2751, 25.3357
2752, 25.3362
2753, 25.3362
2754, 25.3419
2755, 25.3452
2756, 25.3466
2757, 25.3519
2758, 25.3519
2759, 25.3538
2760, 25.3538
2761, 25.3547
2762, 25.3557
2763, 25.3576
2764, 25.3585
2765, 25.359
2766, 25.3609
2767, 25.3624
2768, 25.3633
2769, 25.3633
2770, 25.3676
2771, 25.369
2772, 25.3695
2773, 25.37
2774, 25.3757
2775, 25.3762
2776, 25.3766
2777, 25.3781
2778, 25.3795
2779, 25.3809
2780, 25.3819
2781, 25.3824
2782, 25.3838
2783, 25.3847
2784, 25.3857
2785, 25.3857
2786, 25.3871
2787, 25.3881
2788, 25.3885
2789, 25.3909
2790, 25.3919
2791, 25.3943
2792, 25.3947
2793, 25.3947
2794, 25.3976
2795, 25.3981
2796, 25.3985
2797, 25.3995
2798, 25.4004
2799, 25.4004
2800, 25.4038
2801, 25.4071
2802, 25.4076
2803, 25.4104
2804, 25.4109
2805, 25.4114
2806, 25.4128
2807, 25.4152
2808, 25.4152
2809, 25.4162
2810, 25.4204
2811, 25.4209
2812, 25.4243
2813, 25.4243
2814, 25.4262
2815, 25.4266
2816, 25.4266
2817, 25.4281
2818, 25.4281
2819, 25.429
2820, 25.4304
2821, 25.4343
2822, 25.4343
2823, 25.4357
2824, 25.4395
2825, 25.4404
2826, 25.4414
2827, 25.4433
2828, 25.4447
2829, 25.4452
2830, 25.4452
2831, 25.4462
2832, 25.4466
2833, 25.4476
2834, 25.449
2835, 25.4514
2836, 25.4528
2837, 25.4528
2838, 25.4538
2839, 25.4538
2840, 25.4547
2841, 25.4557
2842, 25.4566
2843, 25.4566
2844, 25.4595
2845, 25.4609
2846, 25.4619
2847, 25.4647
2848, 25.4657
2849, 25.4676
2850, 25.469
2851, 25.469
2852, 25.47
2853, 25.4728
2854, 25.4728
2855, 25.4766
2856, 25.4771
2857, 25.4804
2858, 25.4814
2859, 25.4814
2860, 25.4833
2861, 25.4833
2862, 25.4843
2863, 25.4852
2864, 25.4866
2865, 25.4871
2866, 25.4876
2867, 25.49
2868, 25.4933
2869, 25.4938
2870, 25.4966
2871, 25.5043
2872, 25.5047
2873, 25.5062
2874, 25.5066
2875, 25.5085
2876, 25.509
2877, 25.5109
2878, 25.5124
2879, 25.5138
2880, 25.5147
2881, 25.5147
2882, 25.5157
2883, 25.5166
2884, 25.5171
2885, 25.5176
2886, 25.519
2887, 25.5195
2888, 25.5195
2889, 25.5262
2890, 25.5266
2891, 25.5285
2892, 25.529
2893, 25.529
2894, 25.53
2895, 25.5309
2896, 25.5314
2897, 25.5328
2898, 25.5333
2899, 25.5343
2900, 25.5352
2901, 25.539
2902, 25.5424
2903, 25.5428
2904, 25.5509
2905, 25.5528
2906, 25.5543
2907, 25.5571
2908, 25.5624
2909, 25.5633
2910, 25.5638
2911, 25.5652
2912, 25.5657
2913, 25.5666
2914, 25.5685
2915, 25.5695
2916, 25.5695
2917, 25.57
2918, 25.5709
2919, 25.5733
2920, 25.5757
2921, 25.5771
2922, 25.5804
2923, 25.5828
2924, 25.5828
2925, 25.5828
2926, 25.5862
2927, 25.5866
2928, 25.5871
2929, 25.5914
2930, 25.5928
2931, 25.5933
2932, 25.5938
2933, 25.5943
2934, 25.5943
2935, 25.5971
2936, 25.599
2937, 25.5995
2938, 25.6009
2939, 25.6014
2940, 25.6038
2941, 25.6062
2942, 25.6109
2943, 25.6162
2944, 25.6228
2945, 25.6243
2946, 25.6247
2947, 25.6252
2948, 25.6252
2949, 25.6257
2950, 25.6262
2951, 25.6266
2952, 25.6276
2953, 25.629
2954, 25.629
2955, 25.6295
2956, 25.6314
2957, 25.6319
2958, 25.6328
2959, 25.6338
2960, 25.6343
2961, 25.6366
2962, 25.6366
2963, 25.6371
2964, 25.6376
2965, 25.639
2966, 25.6395
2967, 25.6395
2968, 25.6404
2969, 25.6404
2970, 25.6409
2971, 25.6414
2972, 25.6419
2973, 25.6433
2974, 25.6433
2975, 25.6447
2976, 25.6466
2977, 25.6471
2978, 25.649
2979, 25.6509
2980, 25.6528
2981, 25.6533
2982, 25.6533
2983, 25.6538
2984, 25.6543
2985, 25.6543
2986, 25.6552
2987, 25.6566
2988, 25.6585
2989, 25.6604
2990, 25.6614
2991, 25.6628
2992, 25.6652
2993, 25.6652
2994, 25.6657
2995, 25.6666
2996, 25.6695
2997, 25.6728
2998, 25.6733
2999, 25.68
3000, 25.6809
3001, 25.6838
3002, 25.6871
3003, 25.6871
3004, 25.6881
3005, 25.6885
3006, 25.6885
3007, 25.689
3008, 25.6895
3009, 25.6904
3010, 25.6914
3011, 25.6919
3012, 25.6928
3013, 25.6928
3014, 25.6938
3015, 25.6943
3016, 25.6981
3017, 25.7038
3018, 25.7062
3019, 25.7076
3020, 25.7109
3021, 25.7128
3022, 25.7133
3023, 25.7133
3024, 25.7152
3025, 25.719
3026, 25.7204
3027, 25.7228
3028, 25.7257
3029, 25.7276
3030, 25.7281
3031, 25.7285
3032, 25.73
3033, 25.7314
3034, 25.7333
3035, 25.7347
3036, 25.7347
3037, 25.7366
3038, 25.7371
3039, 25.7409
3040, 25.7409
3041, 25.7428
3042, 25.7443
3043, 25.7447
3044, 25.7457
3045, 25.7481
3046, 25.7485
3047, 25.7523
3048, 25.7523
3049, 25.7528
3050, 25.7528
3051, 25.7538
3052, 25.7557
3053, 25.7581
3054, 25.7595
3055, 25.7633
3056, 25.7647
3057, 25.7647
3058, 25.7657
3059, 25.7676
3060, 25.77
3061, 25.7704
3062, 25.7714
3063, 25.7714
3064, 25.7719
3065, 25.7723
3066, 25.7728
3067, 25.7743
3068, 25.7752
3069, 25.7752
3070, 25.7752
3071, 25.7771
3072, 25.779
3073, 25.7814
3074, 25.7828
3075, 25.7833
3076, 25.7843
3077, 25.7843
3078, 25.7866
3079, 25.7876
3080, 25.7885
3081, 25.7895
3082, 25.7895
3083, 25.7909
3084, 25.7909
3085, 25.7928
3086, 25.7933
3087, 25.7952
3088, 25.7966
3089, 25.7981
3090, 25.7985
3091, 25.8004
3092, 25.8009
3093, 25.8019
3094, 25.8062
3095, 25.8081
3096, 25.809
3097, 25.8095
3098, 25.81
3099, 25.8104
3100, 25.8128
3101, 25.8133
3102, 25.8138
3103, 25.8138
3104, 25.819
3105, 25.8195
3106, 25.8209
3107, 25.8223
3108, 25.8238
3109, 25.8252
3110, 25.8281
3111, 25.829
3112, 25.8314
3113, 25.8333
3114, 25.8342
3115, 25.8342
3116, 25.8371
3117, 25.8376
3118, 25.8385
3119, 25.8414
3120, 25.8462
3121, 25.8466
3122, 25.8471
3123, 25.8476
3124, 25.849
3125, 25.8519
3126, 25.8523
3127, 25.8528
3128, 25.8542
3129, 25.8547
3130, 25.8547
3131, 25.8552
3132, 25.8552
3133, 25.8571
3134, 25.8576
3135, 25.8585
3136, 25.8595
3137, 25.8619
3138, 25.8628
3139, 25.8633
3140, 25.8633
3141, 25.8666
3142, 25.8676
3143, 25.8681
3144, 25.8685
3145, 25.87
3146, 25.8714
3147, 25.8752
3148, 25.8771
3149, 25.8771
3150, 25.8781
3151, 25.88
3152, 25.8804
3153, 25.8809
3154, 25.8814
3155, 25.8814
3156, 25.8823
3157, 25.8833
3158, 25.8914
3159, 25.8942
3160, 25.8985
3161, 25.899
3162, 25.9004
3163, 25.9009
3164, 25.9019
3165, 25.9023
3166, 25.9028
3167, 25.9057
3168, 25.9071
3169, 25.9071
3170, 25.909
3171, 25.91
3172, 25.9128
3173, 25.9133
3174, 25.9138
3175, 25.9147
3176, 25.9152
3177, 25.9171
3178, 25.9171
3179, 25.9171
3180, 25.9185
3181, 25.919
3182, 25.919
3183, 25.9281
3184, 25.9314
3185, 25.9319
3186, 25.9342
3187, 25.9352
3188, 25.9366
3189, 25.9371
3190, 25.9381
3191, 25.9385
3192, 25.9385
3193, 25.9438
3194, 25.9442
3195, 25.9442
3196, 25.9447
3197, 25.9471
3198, 25.9481
3199, 25.9504
3200, 25.9528
3201, 25.9547
3202, 25.959
3203, 25.9619
3204, 25.9633
3205, 25.9633
3206, 25.9638
3207, 25.9642
3208, 25.9662
3209, 25.9676
3210, 25.9676
3211, 25.97
3212, 25.9714
3213, 25.9723
3214, 25.9771
3215, 25.9776
3216, 25.9785
3217, 25.9785
3218, 25.98
3219, 25.9809
3220, 25.9814
3221, 25.9842
3222, 25.9857
3223, 25.9866
3224, 25.9866
3225, 25.9876
3226, 25.9876
3227, 25.9904
3228, 25.9942
3229, 25.9947
3230, 25.9947
3231, 25.999
3232, 26
3233, 26
3234, 26.0009
3235, 26.0071
3236, 26.009
3237, 26.0119
3238, 26.0123
3239, 26.0138
3240, 26.0138
3241, 26.0152
3242, 26.0166
3243, 26.0166
3244, 26.0171
3245, 26.0209
3246, 26.0209
3247, 26.0223
3248, 26.0223
3249, 26.0247
3250, 26.0252
3251, 26.0266
3252, 26.0266
3253, 26.0271
3254, 26.0276
3255, 26.0304
3256, 26.0319
3257, 26.0323
3258, 26.0333
3259, 26.0333
3260, 26.0338
3261, 26.0347
3262, 26.0371
3263, 26.0381
3264, 26.0381
3265, 26.0409
3266, 26.0414
3267, 26.0414
3268, 26.0428
3269, 26.0433
3270, 26.0447
3271, 26.0457
3272, 26.0462
3273, 26.0476
3274, 26.0476
3275, 26.0476
3276, 26.049
3277, 26.049
3278, 26.0504
3279, 26.0509
3280, 26.0509
3281, 26.0519
3282, 26.0542
3283, 26.0561
3284, 26.0561
3285, 26.0566
3286, 26.0633
3287, 26.0647
3288, 26.0661
3289, 26.0676
3290, 26.0695
3291, 26.0752
3292, 26.0761
3293, 26.0766
3294, 26.0771
3295, 26.0804
3296, 26.0809
3297, 26.0819
3298, 26.0847
3299, 26.0857
3300, 26.0861
3301, 26.0871
3302, 26.0871
3303, 26.0881
3304, 26.0885
3305, 26.089
3306, 26.09
3307, 26.0923
3308, 26.0923
3309, 26.0933
3310, 26.0966
3311, 26.0971
3312, 26.0981
3313, 26.0995
3314, 26.1
3315, 26.1
3316, 26.1019
3317, 26.1019
3318, 26.1019
3319, 26.1033
3320, 26.1033
3321, 26.1057
3322, 26.1061
3323, 26.1066
3324, 26.1076
3325, 26.1109
3326, 26.1114
3327, 26.1114
3328, 26.1114
3329, 26.1123
3330, 26.1152
3331, 26.1152
3332, 26.1152
3333, 26.1157
3334, 26.1181
3335, 26.1185
3336, 26.119
3337, 26.119
3338, 26.1195
3339, 26.1204
3340, 26.1204
3341, 26.1209
3342, 26.1233
3343, 26.1238
3344, 26.1242
3345, 26.1276
3346, 26.1319
3347, 26.1342
3348, 26.1366
3349, 26.1381
3350, 26.14
3351, 26.1404
3352, 26.1447
3353, 26.1461
3354, 26.1461
3355, 26.1466
3356, 26.1481
3357, 26.149
3358, 26.1514
3359, 26.1538
3360, 26.1538
3361, 26.1585
3362, 26.159
3363, 26.1614
3364, 26.1619
3365, 26.1623
3366, 26.1642
3367, 26.1661
3368, 26.1666
3369, 26.1695
3370, 26.1704
3371, 26.1723
3372, 26.1728
3373, 26.1728
3374, 26.1733
3375, 26.1747
3376, 26.1747
3377, 26.1776
3378, 26.1795
3379, 26.1852
3380, 26.1852
3381, 26.1857
3382, 26.1866
3383, 26.1871
3384, 26.1871
3385, 26.1876
3386, 26.1876
3387, 26.1909
3388, 26.1942
3389, 26.1952
3390, 26.1966
3391, 26.2
3392, 26.2009
3393, 26.2033
3394, 26.2052
3395, 26.2071
3396, 26.2076
3397, 26.2081
3398, 26.2128
3399, 26.2133
3400, 26.2171
3401, 26.2195
3402, 26.2223
3403, 26.2223
3404, 26.2276
3405, 26.2295
3406, 26.2309
3407, 26.2319
3408, 26.2328
3409, 26.2333
3410, 26.2338
3411, 26.2342
3412, 26.2385
3413, 26.24
3414, 26.2409
3415, 26.2428
3416, 26.2461
3417, 26.249
3418, 26.2495
3419, 26.25
3420, 26.2504
3421, 26.2533
3422, 26.2538
3423, 26.2547
3424, 26.2552
3425, 26.2571
3426, 26.2576
3427, 26.2581
3428, 26.2609
3429, 26.2619
3430, 26.2623
3431, 26.2628
3432, 26.2633
3433, 26.2642
3434, 26.2661
3435, 26.2666
3436, 26.2733
3437, 26.2771
3438, 26.2781
3439, 26.2823
3440, 26.2833
3441, 26.2842
3442, 26.2904
3443, 26.2904
3444, 26.2904
3445, 26.2923
3446, 26.2923
3447, 26.2928
3448, 26.2938
3449, 26.2985
3450, 26.299
3451, 26.299
3452, 26.3009
3453, 26.3014
3454, 26.3028
3455, 26.3066
3456, 26.3071
3457, 26.308
3458, 26.3095
3459, 26.3109
3460, 26.3119
3461, 26.3123
3462, 26.3123
3463, 26.3133
3464, 26.3185
3465, 26.3195
3466, 26.3242
3467, 26.3247
3468, 26.3257
3469, 26.3276
3470, 26.329
3471, 26.3314
3472, 26.3314
3473, 26.3376
3474, 26.34
3475, 26.3404
3476, 26.3409
3477, 26.3433
3478, 26.3466
3479, 26.3485
3480, 26.3485
3481, 26.3542
3482, 26.3547
3483, 26.3557
3484, 26.3561
3485, 26.359
3486, 26.359
3487, 26.3685
3488, 26.3685
3489, 26.37
3490, 26.3704
3491, 26.3714
3492, 26.3723
3493, 26.3723
3494, 26.3757
3495, 26.3771
3496, 26.3819
3497, 26.3861
3498, 26.3861
3499, 26.3866
3500, 26.3871
3501, 26.388
3502, 26.3885
3503, 26.3914
3504, 26.3923
3505, 26.3928
3506, 26.3933
3507, 26.3947
3508, 26.3947
3509, 26.3957
3510, 26.4004
3511, 26.4004
3512, 26.4009
3513, 26.4028
3514, 26.4028
3515, 26.4047
3516, 26.4109
3517, 26.4119
3518, 26.4133
3519, 26.4166
3520, 26.4171
3521, 26.418
3522, 26.4195
3523, 26.4238
3524, 26.4247
3525, 26.4276
3526, 26.4295
3527, 26.4333
3528, 26.4342
3529, 26.4347
3530, 26.4361
3531, 26.4366
3532, 26.44
3533, 26.4428
3534, 26.4457
3535, 26.448
3536, 26.4485
3537, 26.4495
3538, 26.4523
3539, 26.4538
3540, 26.4538
3541, 26.4538
3542, 26.4571
3543, 26.4619
3544, 26.4623
3545, 26.4628
3546, 26.4657
3547, 26.4661
3548, 26.4676
3549, 26.4685
3550, 26.469
3551, 26.469
3552, 26.4695
3553, 26.47
3554, 26.4723
3555, 26.4728
3556, 26.4733
3557, 26.4742
3558, 26.4742
3559, 26.4776
3560, 26.4804
3561, 26.4804
3562, 26.4809
3563, 26.4833
3564, 26.4838
3565, 26.4842
3566, 26.4885
3567, 26.4895
3568, 26.4895
3569, 26.4895
3570, 26.49
3571, 26.4914
3572, 26.4938
3573, 26.4947
3574, 26.4957
3575, 26.4957
3576, 26.4966
3577, 26.4976
3578, 26.4976
3579, 26.498
3580, 26.4985
3581, 26.499
3582, 26.4995
3583, 26.5
3584, 26.5
3585, 26.5014
3586, 26.5014
3587, 26.5019
3588, 26.5033
3589, 26.5038
3590, 26.5061
3591, 26.5119
3592, 26.5142
3593, 26.5171
3594, 26.5185
3595, 26.519
3596, 26.5214
3597, 26.5219
3598, 26.5238
3599, 26.5242
3600, 26.5257
3601, 26.5261
3602, 26.528
3603, 26.529
3604, 26.53
3605, 26.5309
3606, 26.5328
3607, 26.5333
3608, 26.5333
3609, 26.5333
3610, 26.5357
3611, 26.5371
3612, 26.539
3613, 26.5409
3614, 26.5419
3615, 26.5433
3616, 26.5452
3617, 26.5457
3618, 26.5466
3619, 26.5514
3620, 26.5523
3621, 26.5542
3622, 26.5547
3623, 26.5552
3624, 26.5557
3625, 26.5557
3626, 26.5561
3627, 26.5576
3628, 26.559
3629, 26.5599
3630, 26.5604
3631, 26.5619
3632, 26.5633
3633, 26.5699
3634, 26.5714
3635, 26.5733
3636, 26.5733
3637, 26.5742
3638, 26.5742
3639, 26.578
3640, 26.5785
3641, 26.5795
3642, 26.5828
3643, 26.5828
3644, 26.5842
3645, 26.5847
3646, 26.5857
3647, 26.5861
3648, 26.589
3649, 26.5895
3650, 26.5904
3651, 26.5919
3652, 26.5919
3653, 26.5947
3654, 26.5957
3655, 26.5985
3656, 26.599
3657, 26.6019
3658, 26.6023
3659, 26.6076
3660, 26.609
3661, 26.6133
3662, 26.6185
3663, 26.6199
3664, 26.6214
3665, 26.6233
3666, 26.6233
3667, 26.6238
3668, 26.6266
3669, 26.6271
3670, 26.6276
3671, 26.6276
3672, 26.629
3673, 26.6319
3674, 26.6347
3675, 26.638
3676, 26.6385
3677, 26.639
3678, 26.6399
3679, 26.6447
3680, 26.6447
3681, 26.6447
3682, 26.648
3683, 26.649
3684, 26.6504
3685, 26.6509
3686, 26.6514
3687, 26.6514
3688, 26.6523
3689, 26.6533
3690, 26.6538
3691, 26.6552
3692, 26.6609
3693, 26.6657
3694, 26.6685
3695, 26.6728
3696, 26.6742
3697, 26.6752
3698, 26.6766
3699, 26.6795
3700, 26.6795
3701, 26.6814
3702, 26.6828
3703, 26.6833
3704, 26.6833
3705, 26.6833
3706, 26.6871
3707, 26.688
3708, 26.6895
3709, 26.6919
3710, 26.6961
3711, 26.6985
3712, 26.6985
3713, 26.6995
3714, 26.6999
3715, 26.6999
3716, 26.7009
3717, 26.7009
3718, 26.7042
3719, 26.7057
3720, 26.7061
3721, 26.7066
3722, 26.7071
3723, 26.7085
3724, 26.7099
3725, 26.7114
3726, 26.7119
3727, 26.7119
3728, 26.7133
3729, 26.7142
3730, 26.7142
3731, 26.7152
3732, 26.7157
3733, 26.7204
3734, 26.7209
3735, 26.7238
3736, 26.7257
3737, 26.7261
3738, 26.7261
3739, 26.728
3740, 26.728
3741, 26.729
3742, 26.7299
3743, 26.7304
3744, 26.7304
3745, 26.7304
3746, 26.7323
3747, 26.7333
3748, 26.7357
3749, 26.7361
3750, 26.7395
3751, 26.749
3752, 26.7499
3753, 26.7499
3754, 26.7499
3755, 26.7509
3756, 26.7547
3757, 26.7585
3758, 26.7585
3759, 26.7604
3760, 26.7676
3761, 26.769
3762, 26.7714
3763, 26.7723
3764, 26.7728
3765, 26.7728
3766, 26.7747
3767, 26.7752
3768, 26.7785
3769, 26.7799
3770, 26.7799
3771, 26.7818
3772, 26.7842
3773, 26.7842
3774, 26.7866
3775, 26.788
3776, 26.788
3777, 26.7928
3778, 26.7928
3779, 26.7985
3780, 26.799
3781, 26.7999
3782, 26.7999
3783, 26.8042
3784, 26.8047
3785, 26.8057
3786, 26.8128
3787, 26.8185
3788, 26.8209
3789, 26.8228
3790, 26.8238
3791, 26.8257
3792, 26.8266
3793, 26.8285
3794, 26.8342
3795, 26.8347
3796, 26.8385
3797, 26.8404
3798, 26.8404
3799, 26.8409
3800, 26.8409
3801, 26.8423
3802, 26.8428
3803, 26.8433
3804, 26.8452
3805, 26.8466
3806, 26.8466
3807, 26.848
3808, 26.8509
3809, 26.8509
3810, 26.8523
3811, 26.8547
3812, 26.8571
3813, 26.8576
3814, 26.8609
3815, 26.8614
3816, 26.8633
3817, 26.8633
3818, 26.8699
3819, 26.8723
3820, 26.8728
3821, 26.8757
3822, 26.8785
3823, 26.8795
3824, 26.8795
3825, 26.8804
3826, 26.8814
3827, 26.8828
3828, 26.8876
3829, 26.888
3830, 26.8885
3831, 26.8895
3832, 26.8899
3833, 26.8923
3834, 26.8938
3835, 26.8938
3836, 26.8947
3837, 26.8961
3838, 26.8995
3839, 26.8999
3840, 26.9018
3841, 26.9033
3842, 26.9042
3843, 26.9047
3844, 26.9066
3845, 26.909
3846, 26.9114
3847, 26.9133
3848, 26.9166
3849, 26.9204
3850, 26.9228
3851, 26.9257
3852, 26.9271
3853, 26.9271
3854, 26.928
3855, 26.928
3856, 26.9323
3857, 26.9323
3858, 26.9333
3859, 26.9347
3860, 26.9357
3861, 26.9357
3862, 26.9395
3863, 26.9404
3864, 26.9404
3865, 26.9423
3866, 26.9442
3867, 26.9442
3868, 26.9476
3869, 26.9504
3870, 26.9509
3871, 26.9538
3872, 26.9538
3873, 26.9542
3874, 26.9547
3875, 26.9561
3876, 26.9561
3877, 26.958
3878, 26.959
3879, 26.9604
3880, 26.9609
3881, 26.9609
3882, 26.9614
3883, 26.9628
3884, 26.9633
3885, 26.9647
3886, 26.9661
3887, 26.9666
3888, 26.9714
3889, 26.9718
3890, 26.9733
3891, 26.9738
3892, 26.9742
3893, 26.9742
3894, 26.9761
3895, 26.9795
3896, 26.9842
3897, 26.9857
3898, 26.9885
3899, 26.9895
3900, 26.9895
3901, 26.9899
3902, 26.9899
3903, 26.9918
3904, 26.9923
3905, 26.9985
3906, 26.9995
3907, 27.0004
3908, 27.0014
3909, 27.0014
3910, 27.0023
3911, 27.0028
3912, 27.0042
3913, 27.0042
3914, 27.0052
3915, 27.0076
3916, 27.0104
3917, 27.0137
3918, 27.0142
3919, 27.0147
3920, 27.0152
3921, 27.0157
3922, 27.0171
3923, 27.0209
3924, 27.0228
3925, 27.0228
3926, 27.0228
3927, 27.0233
3928, 27.0242
3929, 27.0247
3930, 27.0261
3931, 27.0266
3932, 27.0295
3933, 27.0295
3934, 27.0309
3935, 27.0342
3936, 27.0352
3937, 27.0361
3938, 27.0371
3939, 27.0404
3940, 27.0414
3941, 27.0418
3942, 27.0418
3943, 27.0423
3944, 27.0428
3945, 27.0437
3946, 27.0457
3947, 27.0499
3948, 27.0528
3949, 27.0542
3950, 27.0557
3951, 27.059
3952, 27.0595
3953, 27.0595
3954, 27.0604
3955, 27.0623
3956, 27.0647
3957, 27.0704
3958, 27.0704
3959, 27.0714
3960, 27.0718
3961, 27.0733
3962, 27.0737
3963, 27.0737
3964, 27.0752
3965, 27.0752
3966, 27.0757
3967, 27.0766
3968, 27.0809
3969, 27.0814
3970, 27.0828
3971, 27.0837
3972, 27.0842
3973, 27.0842
3974, 27.0857
3975, 27.0866
3976, 27.0871
3977, 27.088
3978, 27.0885
3979, 27.0899
3980, 27.0904
3981, 27.0904
3982, 27.0909
3983, 27.0914
3984, 27.0918
3985, 27.0918
3986, 27.0947
3987, 27.0966
3988, 27.098
3989, 27.0995
3990, 27.1009
3991, 27.1018
3992, 27.1023
3993, 27.1028
3994, 27.1033
3995, 27.1047
3996, 27.1066
3997, 27.1128
3998, 27.1147
3999, 27.1147
4000, 27.119
4001, 27.1204
4002, 27.1209
4003, 27.1228
4004, 27.1237
4005, 27.1266
4006, 27.1295
4007, 27.1299
4008, 27.1299
4009, 27.1299
4010, 27.1304
4011, 27.1309
4012, 27.1314
4013, 27.1328
4014, 27.1361
4015, 27.1376
4016, 27.1385
4017, 27.1385
4018, 27.1409
4019, 27.1414
4020, 27.1471
4021, 27.1504
4022, 27.1528
4023, 27.1542
4024, 27.1566
4025, 27.1595
4026, 27.1604
4027, 27.1614
4028, 27.1618
4029, 27.1642
4030, 27.1657
4031, 27.1657
4032, 27.1666
4033, 27.1709
4034, 27.1733
4035, 27.1742
4036, 27.1747
4037, 27.1757
4038, 27.1804
4039, 27.1804
4040, 27.1804
4041, 27.1828
4042, 27.1857
4043, 27.1866
4044, 27.1876
4045, 27.188
4046, 27.189
4047, 27.1923
4048, 27.1923
4049, 27.1928
4050, 27.1928
4051, 27.1928
4052, 27.1933
4053, 27.1942
4054, 27.1947
4055, 27.1971
4056, 27.2009
4057, 27.2014
4058, 27.2018
4059, 27.2023
4060, 27.2028
4061, 27.2033
4062, 27.2057
4063, 27.2061
4064, 27.2066
4065, 27.208
4066, 27.2152
4067, 27.2157
4068, 27.2161
4069, 27.218
4070, 27.2195
4071, 27.2214
4072, 27.2223
4073, 27.2223
4074, 27.2237
4075, 27.2237
4076, 27.2242
4077, 27.2247
4078, 27.2252
4079, 27.2266
4080, 27.2266
4081, 27.2271
4082, 27.2285
4083, 27.2333
4084, 27.2342
4085, 27.2347
4086, 27.2357
4087, 27.2361
4088, 27.2371
4089, 27.2371
4090, 27.2404
4091, 27.2423
4092, 27.2423
4093, 27.2466
4094, 27.2466
4095, 27.2466
4096, 27.248
4097, 27.248
4098, 27.2528
4099, 27.2566
4100, 27.2604
4101, 27.2618
4102, 27.2642
4103, 27.2642
4104, 27.2647
4105, 27.2666
4106, 27.268
4107, 27.2685
4108, 27.2695
4109, 27.2704
4110, 27.2718
4111, 27.2737
4112, 27.2742
4113, 27.2842
4114, 27.2856
4115, 27.2871
4116, 27.2871
4117, 27.288
4118, 27.288
4119, 27.288
4120, 27.2895
4121, 27.2904
4122, 27.2918
4123, 27.2928
4124, 27.2937
4125, 27.2961
4126, 27.2966
4127, 27.2971
4128, 27.2995
4129, 27.2995
4130, 27.3009
4131, 27.3014
4132, 27.3037
4133, 27.3066
4134, 27.3066
4135, 27.3071
4136, 27.3076
4137, 27.3076
4138, 27.3114
4139, 27.3133
4140, 27.3133
4141, 27.3142
4142, 27.3147
4143, 27.3152
4144, 27.3152
4145, 27.3161
4146, 27.3161
4147, 27.3166
4148, 27.3252
4149, 27.3252
4150, 27.3256
4151, 27.3276
4152, 27.329
4153, 27.3299
4154, 27.3304
4155, 27.3309
4156, 27.3328
4157, 27.3337
4158, 27.3366
4159, 27.3371
4160, 27.3385
4161, 27.339
4162, 27.3452
4163, 27.3466
4164, 27.3495
4165, 27.3495
4166, 27.3542
4167, 27.3547
4168, 27.3566
4169, 27.3576
4170, 27.358
4171, 27.3585
4172, 27.3609
4173, 27.3614
4174, 27.3647
4175, 27.3652
4176, 27.368
4177, 27.3723
4178, 27.3733
4179, 27.3737
4180, 27.3756
4181, 27.3771
4182, 27.3776
4183, 27.3785
4184, 27.3795
4185, 27.3818
4186, 27.3828
4187, 27.3828
4188, 27.389
4189, 27.389
4190, 27.3937
4191, 27.3966
4192, 27.3976
4193, 27.3999
4194, 27.4004
4195, 27.4014
4196, 27.4014
4197, 27.4023
4198, 27.4056
4199, 27.408
4200, 27.4085
4201, 27.409
4202, 27.4099
4203, 27.4099
4204, 27.4104
4205, 27.4133
4206, 27.4156
4207, 27.4166
4208, 27.4185
4209, 27.4185
4210, 27.4195
4211, 27.4209
4212, 27.4252
4213, 27.4266
4214, 27.428
4215, 27.4304
4216, 27.4314
4217, 27.4333
4218, 27.4333
4219, 27.4337
4220, 27.4356
4221, 27.4366
4222, 27.4385
4223, 27.439
4224, 27.4399
4225, 27.4433
4226, 27.4437
4227, 27.4447
4228, 27.4452
4229, 27.4452
4230, 27.4456
4231, 27.4461
4232, 27.4485
4233, 27.4485
4234, 27.449
4235, 27.4495
4236, 27.4499
4237, 27.4504
4238, 27.4509
4239, 27.4514
4240, 27.4528
4241, 27.4528
4242, 27.4533
4243, 27.4537
4244, 27.4547
4245, 27.4547
4246, 27.4556
4247, 27.4561
4248, 27.4571
4249, 27.458
4250, 27.4618
4251, 27.4647
4252, 27.4647
4253, 27.4647
4254, 27.4661
4255, 27.4661
4256, 27.4666
4257, 27.4671
4258, 27.4676
4259, 27.4676
4260, 27.469
4261, 27.4695
4262, 27.4704
4263, 27.4747
4264, 27.4752
4265, 27.478
4266, 27.4804
4267, 27.4809
4268, 27.4818
4269, 27.488
4270, 27.4885
4271, 27.4885
4272, 27.489
4273, 27.4909
4274, 27.4909
4275, 27.4909
4276, 27.4947
4277, 27.4966
4278, 27.4975
4279, 27.5004
4280, 27.5018
4281, 27.5023
4282, 27.5033
4283, 27.5042
4284, 27.508
4285, 27.5118
4286, 27.5133
4287, 27.5152
4288, 27.5156
4289, 27.5171
4290, 27.5195
4291, 27.5195
4292, 27.5242
4293, 27.5242
4294, 27.5242
4295, 27.5247
4296, 27.5271
4297, 27.5271
4298, 27.528
4299, 27.5309
4300, 27.5385
4301, 27.5404
4302, 27.5409
4303, 27.5428
4304, 27.5428
4305, 27.5428
4306, 27.5437
4307, 27.5452
4308, 27.5466
4309, 27.5471
4310, 27.549
4311, 27.549
4312, 27.5537
4313, 27.558
4314, 27.5585
4315, 27.5595
4316, 27.5595
4317, 27.5614
4318, 27.5618
4319, 27.5618
4320, 27.5642
4321, 27.5647
4322, 27.5652
4323, 27.5656
4324, 27.5656
4325, 27.5661
4326, 27.5661
4327, 27.5671
4328, 27.5685
4329, 27.5685
4330, 27.5704
4331, 27.5718
4332, 27.5723
4333, 27.5728
4334, 27.5733
4335, 27.5733
4336, 27.5737
4337, 27.5785
4338, 27.579
4339, 27.579
4340, 27.5799
4341, 27.5804
4342, 27.5809
4343, 27.5814
4344, 27.5814
4345, 27.5823
4346, 27.5833
4347, 27.5837
4348, 27.5847
4349, 27.5861
4350, 27.5875
4351, 27.5875
4352, 27.5895
4353, 27.5923
4354, 27.5928
4355, 27.5937
4356, 27.5942
4357, 27.5952
4358, 27.5952
4359, 27.5956
4360, 27.5971
4361, 27.598
4362, 27.5995
4363, 27.6009
4364, 27.6014
4365, 27.6037
4366, 27.6061
4367, 27.608
4368, 27.6085
4369, 27.6085
4370, 27.6109
4371, 27.6114
4372, 27.6123
4373, 27.6128
4374, 27.6137
4375, 27.6166
4376, 27.6199
4377, 27.6199
4378, 27.6218
4379, 27.6218
4380, 27.6237
4381, 27.6247
4382, 27.6285
4383, 27.6309
4384, 27.6333
4385, 27.6342
4386, 27.6366
4387, 27.638
4388, 27.6385
4389, 27.639
4390, 27.6399
4391, 27.6409
4392, 27.6433
4393, 27.6452
4394, 27.648
4395, 27.6485
4396, 27.6485
4397, 27.6495
4398, 27.6504
4399, 27.6509
4400, 27.6509
4401, 27.6518
4402, 27.6523
4403, 27.6523
4404, 27.6528
4405, 27.6528
4406, 27.6533
4407, 27.6537
4408, 27.6537
4409, 27.6542
4410, 27.6561
4411, 27.6595
4412, 27.6628
4413, 27.6647
4414, 27.6647
4415, 27.6647
4416, 27.6695
4417, 27.6709
4418, 27.6709
4419, 27.6714
4420, 27.6718
4421, 27.6733
4422, 27.6733
4423, 27.6733
4424, 27.6737
4425, 27.6742
4426, 27.6761
4427, 27.6766
4428, 27.679
4429, 27.6818
4430, 27.6823
4431, 27.6833
4432, 27.6866
4433, 27.6895
4434, 27.6899
4435, 27.6923
4436, 27.6928
4437, 27.6947
4438, 27.6961
4439, 27.699
4440, 27.6995
4441, 27.6995
4442, 27.6995
4443, 27.6999
4444, 27.7014
4445, 27.7014
4446, 27.7037
4447, 27.7037
4448, 27.7047
4449, 27.7066
4450, 27.7075
4451, 27.708
4452, 27.709
4453, 27.7095
4454, 27.7099
4455, 27.7099
4456, 27.7147
4457, 27.7161
4458, 27.7166
4459, 27.719
4460, 27.7228
4461, 27.7228
4462, 27.7228
4463, 27.7237
4464, 27.7237
4465, 27.7275
4466, 27.728
4467, 27.7285
4468, 27.7314
4469, 27.7333
4470, 27.7337
4471, 27.7342
4472, 27.7356
4473, 27.7428
4474, 27.7428
4475, 27.7437
4476, 27.7437
4477, 27.7442
4478, 27.749
4479, 27.7523
4480, 27.7533
4481, 27.7552
4482, 27.7556
4483, 27.7561
4484, 27.7561
4485, 27.7566
4486, 27.7566
4487, 27.7571
4488, 27.7599
4489, 27.7599
4490, 27.7614
4491, 27.7628
4492, 27.7633
4493, 27.7647
4494, 27.7652
4495, 27.7652
4496, 27.7656
4497, 27.7656
4498, 27.7661
4499, 27.769
4500, 27.7709
4501, 27.7714
4502, 27.7752
4503, 27.7804
4504, 27.7814
4505, 27.7842
4506, 27.7847
4507, 27.7847
4508, 27.7904
4509, 27.7904
4510, 27.7933
4511, 27.7942
4512, 27.7975
4513, 27.798
4514, 27.7985
4515, 27.8033
4516, 27.809
4517, 27.8099
4518, 27.8118
4519, 27.8118
4520, 27.8133
4521, 27.8152
4522, 27.8156
4523, 27.8166
4524, 27.8171
4525, 27.819
4526, 27.8194
4527, 27.8204
4528, 27.8218
4529, 27.8223
4530, 27.8252
4531, 27.8261
4532, 27.8266
4533, 27.8266
4534, 27.828
4535, 27.829
4536, 27.8299
4537, 27.8333
4538, 27.8337
4539, 27.8347
4540, 27.8366
4541, 27.838
4542, 27.8404
4543, 27.8409
4544, 27.8418
4545, 27.8423
4546, 27.8428
4547, 27.8433
4548, 27.8442
4549, 27.8447
4550, 27.8452
4551, 27.8452
4552, 27.8456
4553, 27.849
4554, 27.8504
4555, 27.8504
4556, 27.8537
4557, 27.8542
4558, 27.8575
4559, 27.8614
4560, 27.8633
4561, 27.8656
4562, 27.8685
4563, 27.869
4564, 27.8704
4565, 27.8718
4566, 27.8723
4567, 27.8728
4568, 27.8728
4569, 27.8737
4570, 27.8737
4571, 27.8737
4572, 27.8742
4573, 27.8752
4574, 27.8761
4575, 27.8785
4576, 27.8814
4577, 27.8818
4578, 27.8828
4579, 27.8847
4580, 27.8861
4581, 27.8885
4582, 27.8899
4583, 27.8899
4584, 27.8899
4585, 27.8904
4586, 27.8918
4587, 27.8961
4588, 27.8966
4589, 27.8971
4590, 27.8985
4591, 27.9004
4592, 27.9033
4593, 27.9061
4594, 27.908
4595, 27.9085
4596, 27.9104
4597, 27.9147
4598, 27.9166
4599, 27.9175
4600, 27.9175
4601, 27.918
4602, 27.918
4603, 27.9214
4604, 27.9218
4605, 27.9228
4606, 27.9233
4607, 27.9237
4608, 27.9256
4609, 27.9261
4610, 27.928
4611, 27.9318
4612, 27.9323
4613, 27.9347
4614, 27.9366
4615, 27.9366
4616, 27.9371
4617, 27.9423
4618, 27.9428
4619, 27.9437
4620, 27.9447
4621, 27.9452
4622, 27.9456
4623, 27.9461
4624, 27.9461
4625, 27.9466
4626, 27.9475
4627, 27.948
4628, 27.9485
4629, 27.949
4630, 27.949
4631, 27.9499
4632, 27.9499
4633, 27.9514
4634, 27.9523
4635, 27.9533
4636, 27.9547
4637, 27.9561
4638, 27.9566
4639, 27.9585
4640, 27.9594
4641, 27.9599
4642, 27.9609
4643, 27.9609
4644, 27.9618
4645, 27.9623
4646, 27.9637
4647, 27.9642
4648, 27.9647
4649, 27.9671
4650, 27.968
4651, 27.9694
4652, 27.9704
4653, 27.9718
4654, 27.9718
4655, 27.9723
4656, 27.9723
4657, 27.9728
4658, 27.9728
4659, 27.9728
4660, 27.9742
4661, 27.9752
4662, 27.9761
4663, 27.9761
4664, 27.9775
4665, 27.979
4666, 27.979
4667, 27.9794
4668, 27.9818
4669, 27.9818
4670, 27.9847
4671, 27.9852
4672, 27.9852
4673, 27.9899
4674, 27.9923
4675, 27.9928
4676, 27.9933
4677, 27.9937
4678, 27.9942
4679, 27.9947
4680, 27.9971
4681, 27.998
4682, 28.0018
4683, 28.0023
4684, 28.0023
4685, 28.0028
4686, 28.0037
4687, 28.0042
4688, 28.0047
4689, 28.0075
4690, 28.008
4691, 28.009
4692, 28.0094
4693, 28.0099
4694, 28.0123
4695, 28.0128
4696, 28.0133
4697, 28.0147
4698, 28.0152
4699, 28.0166
4700, 28.018
4701, 28.018
4702, 28.0185
4703, 28.0233
4704, 28.0247
4705, 28.0252
4706, 28.0252
4707, 28.0261
4708, 28.0271
4709, 28.0275
4710, 28.028
4711, 28.0294
4712, 28.0309
4713, 28.0309
4714, 28.0318
4715, 28.0337
4716, 28.0337
4717, 28.0337
4718, 28.0342
4719, 28.0356
4720, 28.0371
4721, 28.0394
4722, 28.0404
4723, 28.0413
4724, 28.0418
4725, 28.0423
4726, 28.0461
4727, 28.0471
4728, 28.048
4729, 28.049
4730, 28.0513
4731, 28.0537
4732, 28.0561
4733, 28.0566
4734, 28.0609
4735, 28.0613
4736, 28.0623
4737, 28.0704
4738, 28.0709
4739, 28.0713
4740, 28.0723
4741, 28.0737
4742, 28.0756
4743, 28.0766
4744, 28.0771
4745, 28.0799
4746, 28.0837
4747, 28.0875
4748, 28.0904
4749, 28.0913
4750, 28.0942
4751, 28.0975
4752, 28.098
4753, 28.0999
4754, 28.1004
4755, 28.1028
4756, 28.1033
4757, 28.1061
4758, 28.1094
4759, 28.1128
4760, 28.1142
4761, 28.1142
4762, 28.1152
4763, 28.1156
4764, 28.1166
4765, 28.1185
4766, 28.1204
4767, 28.1209
4768, 28.1242
4769, 28.1242
4770, 28.1247
4771, 28.1256
4772, 28.128
4773, 28.1285
4774, 28.129
4775, 28.129
4776, 28.1323
4777, 28.1337
4778, 28.1356
4779, 28.1428
4780, 28.1447
4781, 28.1456
4782, 28.148
4783, 28.1504
4784, 28.1504
4785, 28.1537
4786, 28.1556
4787, 28.1561
4788, 28.1571
4789, 28.159
4790, 28.1633
4791, 28.1633
4792, 28.1633
4793, 28.1637
4794, 28.1652
4795, 28.1652
4796, 28.1656
4797, 28.1656
4798, 28.1661
4799, 28.1661
4800, 28.1661
4801, 28.1671
4802, 28.168
4803, 28.168
4804, 28.1704
4805, 28.1742
4806, 28.1747
4807, 28.1752
4808, 28.1752
4809, 28.1766
4810, 28.1785
4811, 28.1794
4812, 28.1828
4813, 28.1828
4814, 28.1861
4815, 28.189
4816, 28.1913
4817, 28.1928
4818, 28.1942
4819, 28.1956
4820, 28.1961
4821, 28.199
4822, 28.1999
4823, 28.2009
4824, 28.2028
4825, 28.2033
4826, 28.2085
4827, 28.2099
4828, 28.2132
4829, 28.2137
4830, 28.2137
4831, 28.2156
4832, 28.2166
4833, 28.218
4834, 28.218
4835, 28.2185
4836, 28.2199
4837, 28.2204
4838, 28.2218
4839, 28.2232
4840, 28.2232
4841, 28.2252
4842, 28.2252
4843, 28.2266
4844, 28.2299
4845, 28.2323
4846, 28.2371
4847, 28.2371
4848, 28.2394
4849, 28.2404
4850, 28.2413
4851, 28.2413
4852, 28.2413
4853, 28.2428
4854, 28.2452
4855, 28.2461
4856, 28.2475
4857, 28.2513
4858, 28.2523
4859, 28.2528
4860, 28.2532
4861, 28.2537
4862, 28.2547
4863, 28.2571
4864, 28.2571
4865, 28.2609
4866, 28.2618
4867, 28.2656
4868, 28.2656
4869, 28.2661
4870, 28.2675
4871, 28.2694
4872, 28.2699
4873, 28.2723
4874, 28.2723
4875, 28.2823
4876, 28.2837
4877, 28.2861
4878, 28.2875
4879, 28.289
4880, 28.2894
4881, 28.2894
4882, 28.2904
4883, 28.2918
4884, 28.2952
4885, 28.2961
4886, 28.298
4887, 28.2999
4888, 28.3004
4889, 28.3004
4890, 28.3004
4891, 28.3009
4892, 28.3013
4893, 28.3047
4894, 28.3047
4895, 28.3085
4896, 28.309
4897, 28.3109
4898, 28.3132
4899, 28.3156
4900, 28.318
4901, 28.3213
4902, 28.3218
4903, 28.3242
4904, 28.3247
4905, 28.3256
4906, 28.3261
4907, 28.3294
4908, 28.3309
4909, 28.3309
4910, 28.3337
4911, 28.3342
4912, 28.3342
4913, 28.3352
4914, 28.3361
4915, 28.3366
4916, 28.339
4917, 28.3404
4918, 28.3447
4919, 28.3461
4920, 28.3494
4921, 28.3499
4922, 28.3513
4923, 28.3528
4924, 28.3537
4925, 28.358
4926, 28.3594
4927, 28.3599
4928, 28.3618
4929, 28.3628
4930, 28.3632
4931, 28.3637
4932, 28.3642
4933, 28.3647
4934, 28.3737
4935, 28.3756
4936, 28.3775
4937, 28.3804
4938, 28.3809
4939, 28.3837
4940, 28.3847
4941, 28.3866
4942, 28.3871
4943, 28.3871
4944, 28.3875
4945, 28.3875
4946, 28.388
4947, 28.388
4948, 28.389
4949, 28.389
4950, 28.3918
4951, 28.3923
4952, 28.3932
4953, 28.3947
4954, 28.3961
4955, 28.3971
4956, 28.3975
4957, 28.4066
4958, 28.4071
4959, 28.4104
4960, 28.4109
4961, 28.4118
4962, 28.4128
4963, 28.4137
4964, 28.418
4965, 28.419
4966, 28.4199
4967, 28.4237
4968, 28.4247
4969, 28.4247
4970, 28.4252
4971, 28.4266
4972, 28.4299
4973, 28.4313
4974, 28.4337
4975, 28.4366
4976, 28.438
4977, 28.4385
4978, 28.4399
4979, 28.4413
4980, 28.4413
4981, 28.4413
4982, 28.4428
4983, 28.4437
4984, 28.4456
4985, 28.4485
4986, 28.4494
4987, 28.4504
4988, 28.4504
4989, 28.4504
4990, 28.4509
4991, 28.4509
4992, 28.4513
4993, 28.4518
4994, 28.4518
4995, 28.4518
4996, 28.4547
4997, 28.4551
4998, 28.4566
4999, 28.4575
5000, 28.4604
5001, 28.4618
5002, 28.4618
5003, 28.4632
5004, 28.4637
5005, 28.4637
5006, 28.4642
5007, 28.4666
5008, 28.4666
5009, 28.4675
5010, 28.468
5011, 28.4685
5012, 28.4699
5013, 28.4728
5014, 28.4742
5015, 28.4742
5016, 28.4756
5017, 28.4756
5018, 28.478
5019, 28.4794
5020, 28.4794
5021, 28.4794
5022, 28.4799
5023, 28.4804
5024, 28.4809
5025, 28.4832
5026, 28.4832
5027, 28.4847
5028, 28.4856
5029, 28.4861
5030, 28.4871
5031, 28.4885
5032, 28.4885
5033, 28.489
5034, 28.4894
5035, 28.4909
5036, 28.4909
5037, 28.4928
5038, 28.4942
5039, 28.4947
5040, 28.4947
5041, 28.4956
5042, 28.4966
5043, 28.498
5044, 28.4985
5045, 28.499
5046, 28.4999
5047, 28.5009
5048, 28.5037
5049, 28.5037
5050, 28.5047
5051, 28.5056
5052, 28.5056
5053, 28.5056
5054, 28.509
5055, 28.5099
5056, 28.5099
5057, 28.5099
5058, 28.5104
5059, 28.5104
5060, 28.5104
5061, 28.5118
5062, 28.5123
5063, 28.5128
5064, 28.5132
5065, 28.5132
5066, 28.5142
5067, 28.5147
5068, 28.5151
5069, 28.518
5070, 28.5185
5071, 28.519
5072, 28.5194
5073, 28.5194
5074, 28.5199
5075, 28.5204
5076, 28.5209
5077, 28.5223
5078, 28.5228
5079, 28.5228
5080, 28.5266
5081, 28.5266
5082, 28.528
5083, 28.529
5084, 28.529
5085, 28.5294
5086, 28.5328
5087, 28.5332
5088, 28.5347
5089, 28.5356
5090, 28.5356
5091, 28.5404
5092, 28.5423
5093, 28.5442
5094, 28.5451
5095, 28.5451
5096, 28.5451
5097, 28.5456
5098, 28.5461
5099, 28.5471
5100, 28.5475
5101, 28.5475
5102, 28.549
5103, 28.5494
5104, 28.5499
5105, 28.5509
5106, 28.5509
5107, 28.5523
5108, 28.5528
5109, 28.5551
5110, 28.5575
5111, 28.558
5112, 28.5594
5113, 28.5599
5114, 28.5613
5115, 28.5613
5116, 28.5628
5117, 28.5671
5118, 28.5675
5119, 28.5675
5120, 28.5685
5121, 28.5699
5122, 28.5704
5123, 28.5709
5124, 28.5718
5125, 28.5723
5126, 28.578
5127, 28.578
5128, 28.5799
5129, 28.5799
5130, 28.5851
5131, 28.5851
5132, 28.5861
5133, 28.5875
5134, 28.5894
5135, 28.5904
5136, 28.5928
5137, 28.5932
5138, 28.5937
5139, 28.5947
5140, 28.5961
5141, 28.5961
5142, 28.5961
5143, 28.5971
5144, 28.598
5145, 28.5985
5146, 28.6009
5147, 28.6028
5148, 28.6042
5149, 28.6075
5150, 28.6094
5151, 28.6109
5152, 28.6128
5153, 28.6185
5154, 28.6218
5155, 28.6223
5156, 28.6232
5157, 28.628
5158, 28.6285
5159, 28.6299
5160, 28.6299
5161, 28.6304
5162, 28.6318
5163, 28.6361
5164, 28.6361
5165, 28.6366
5166, 28.6371
5167, 28.6394
5168, 28.6413
5169, 28.6466
5170, 28.6509
5171, 28.6523
5172, 28.6551
5173, 28.6561
5174, 28.6575
5175, 28.659
5176, 28.6594
5177, 28.6599
5178, 28.6618
5179, 28.6618
5180, 28.6623
5181, 28.6632
5182, 28.6661
5183, 28.6675
5184, 28.668
5185, 28.6732
5186, 28.6756
5187, 28.6761
5188, 28.6766
5189, 28.6766
5190, 28.6828
5191, 28.6856
5192, 28.6856
5193, 28.6861
5194, 28.6866
5195, 28.6885
5196, 28.689
5197, 28.6899
5198, 28.6904
5199, 28.6913
5200, 28.6932
5201, 28.6937
5202, 28.6937
5203, 28.6956
5204, 28.6961
5205, 28.698
5206, 28.6994
5207, 28.7018
5208, 28.7032
5209, 28.7037
5210, 28.7042
5211, 28.7047
5212, 28.7061
5213, 28.7066
5214, 28.707
5215, 28.707
5216, 28.707
5217, 28.7085
5218, 28.7094
5219, 28.7099
5220, 28.7151
5221, 28.717
5222, 28.7213
5223, 28.7228
5224, 28.7247
5225, 28.7251
5226, 28.7251
5227, 28.7261
5228, 28.729
5229, 28.7294
5230, 28.7309
5231, 28.7332
5232, 28.7337
5233, 28.7347
5234, 28.7347
5235, 28.7351
5236, 28.7356
5237, 28.7404
5238, 28.7404
5239, 28.7423
5240, 28.7447
5241, 28.7461
5242, 28.7485
5243, 28.7504
5244, 28.7523
5245, 28.7547
5246, 28.7551
5247, 28.7561
5248, 28.7566
5249, 28.7585
5250, 28.7599
5251, 28.7613
5252, 28.7618
5253, 28.7637
5254, 28.7642
5255, 28.7685
5256, 28.7728
5257, 28.7742
5258, 28.7742
5259, 28.7742
5260, 28.7751
5261, 28.7756
5262, 28.777
5263, 28.777
5264, 28.7794
5265, 28.7828
5266, 28.7842
5267, 28.7856
5268, 28.7885
5269, 28.789
5270, 28.7913
5271, 28.7923
5272, 28.7937
5273, 28.7942
5274, 28.7942
5275, 28.7947
5276, 28.7975
5277, 28.799
5278, 28.8018
5279, 28.8032
5280, 28.8032
5281, 28.8032
5282, 28.8037
5283, 28.8051
5284, 28.8094
5285, 28.8123
5286, 28.8132
5287, 28.8156
5288, 28.8166
5289, 28.8194
5290, 28.8209
5291, 28.8209
5292, 28.8209
5293, 28.8213
5294, 28.8228
5295, 28.8251
5296, 28.8261
5297, 28.8266
5298, 28.8351
5299, 28.8356
5300, 28.8356
5301, 28.8366
5302, 28.8409
5303, 28.8418
5304, 28.8423
5305, 28.8428
5306, 28.8456
5307, 28.848
5308, 28.8485
5309, 28.8485
5310, 28.849
5311, 28.8499
5312, 28.8528
5313, 28.8551
5314, 28.857
5315, 28.8575
5316, 28.8575
5317, 28.8609
5318, 28.8613
5319, 28.8642
5320, 28.8642
5321, 28.8642
5322, 28.8675
5323, 28.869
5324, 28.8694
5325, 28.8699
5326, 28.8713
5327, 28.8718
5328, 28.8723
5329, 28.8737
5330, 28.877
5331, 28.878
5332, 28.879
5333, 28.8799
5334, 28.8804
5335, 28.8809
5336, 28.8828
5337, 28.8832
5338, 28.8851
5339, 28.8885
5340, 28.889
5341, 28.889
5342, 28.8899
5343, 28.8909
5344, 28.8913
5345, 28.8928
5346, 28.8932
5347, 28.8975
5348, 28.8975
5349, 28.9023
5350, 28.9032
5351, 28.9085
5352, 28.9104
5353, 28.9128
5354, 28.9161
5355, 28.9237
5356, 28.9251
5357, 28.9266
5358, 28.9266
5359, 28.9266
5360, 28.928
5361, 28.929
5362, 28.9318
5363, 28.9318
5364, 28.9318
5365, 28.9323
5366, 28.9323
5367, 28.9328
5368, 28.9347
5369, 28.9351
5370, 28.9356
5371, 28.9361
5372, 28.937
5373, 28.9389
5374, 28.9394
5375, 28.9394
5376, 28.9399
5377, 28.9413
5378, 28.9418
5379, 28.9447
5380, 28.9456
5381, 28.9509
5382, 28.9518
5383, 28.9547
5384, 28.957
5385, 28.957
5386, 28.958
5387, 28.9613
5388, 28.9632
5389, 28.9651
5390, 28.9661
5391, 28.9661
5392, 28.9675
5393, 28.968
5394, 28.9694
5395, 28.9699
5396, 28.9704
5397, 28.9713
5398, 28.9713
5399, 28.9737
5400, 28.9756
5401, 28.977
5402, 28.9775
5403, 28.9789
5404, 28.9804
5405, 28.9823
5406, 28.9832
5407, 28.9847
5408, 28.9866
5409, 28.987
5410, 28.9875
5411, 28.9885
5412, 28.9904
5413, 28.9966
5414, 28.9989
5415, 29.0009
5416, 29.007
5417, 29.007
5418, 29.007
5419, 29.0075
5420, 29.0075
5421, 29.008
5422, 29.0085
5423, 29.0123
5424, 29.0142
5425, 29.0151
5426, 29.0151
5427, 29.0156
5428, 29.0166
5429, 29.0194
5430, 29.0213
5431, 29.0213
5432, 29.0247
5433, 29.0256
5434, 29.0304
5435, 29.0332
5436, 29.0337
5437, 29.0347
5438, 29.0361
5439, 29.0366
5440, 29.037
5441, 29.0375
5442, 29.0409
5443, 29.0409
5444, 29.0418
5445, 29.0423
5446, 29.0428
5447, 29.0447
5448, 29.0447
5449, 29.0456
5450, 29.047
5451, 29.048
5452, 29.0499
5453, 29.0537
5454, 29.0551
5455, 29.057
5456, 29.0609
5457, 29.0656
5458, 29.067
5459, 29.0675
5460, 29.068
5461, 29.0685
5462, 29.0689
5463, 29.0704
5464, 29.0709
5465, 29.0713
5466, 29.0732
5467, 29.0737
5468, 29.0794
5469, 29.0813
5470, 29.0837
5471, 29.0851
5472, 29.0866
5473, 29.0875
5474, 29.088
5475, 29.0923
5476, 29.0923
5477, 29.0932
5478, 29.0932
5479, 29.0932
5480, 29.0937
5481, 29.0942
5482, 29.0994
5483, 29.0994
5484, 29.0999
5485, 29.0999
5486, 29.1004
5487, 29.1023
5488, 29.1028
5489, 29.1028
5490, 29.1051
5491, 29.107
5492, 29.1089
5493, 29.1113
5494, 29.1151
5495, 29.1156
5496, 29.1156
5497, 29.117
5498, 29.117
5499, 29.118
5500, 29.1199
5501, 29.1204
5502, 29.1213
5503, 29.1256
5504, 29.127
5505, 29.1299
5506, 29.1318
5507, 29.1356
5508, 29.1361
5509, 29.1361
5510, 29.1366
5511, 29.138
5512, 29.1399
5513, 29.1409
5514, 29.1413
5515, 29.1413
5516, 29.1423
5517, 29.1447
5518, 29.1451
5519, 29.1504
5520, 29.1509
5521, 29.1513
5522, 29.1537
5523, 29.1537
5524, 29.1561
5525, 29.1575
5526, 29.1613
5527, 29.1623
5528, 29.167
5529, 29.1694
5530, 29.1704
5531, 29.1723
5532, 29.1742
5533, 29.1747
5534, 29.1799
5535, 29.1804
5536, 29.1808
5537, 29.1813
5538, 29.1823
5539, 29.1832
5540, 29.1851
5541, 29.1851
5542, 29.1861
5543, 29.1885
5544, 29.1894
5545, 29.1899
5546, 29.1904
5547, 29.1913
5548, 29.1975
5549, 29.1985
5550, 29.1989
5551, 29.2008
5552, 29.207
5553, 29.2085
5554, 29.2099
5555, 29.2113
5556, 29.2113
5557, 29.2123
5558, 29.2137
5559, 29.2137
5560, 29.2156
5561, 29.2161
5562, 29.2161
5563, 29.2175
5564, 29.2185
5565, 29.2194
5566, 29.2247
5567, 29.2247
5568, 29.2266
5569, 29.2285
5570, 29.2294
5571, 29.2294
5572, 29.2337
5573, 29.2351
5574, 29.2389
5575, 29.2408
5576, 29.2418
5577, 29.2432
5578, 29.2475
5579, 29.2508
5580, 29.2532
5581, 29.2551
5582, 29.2556
5583, 29.2628
5584, 29.2632
5585, 29.2642
5586, 29.2647
5587, 29.2666
5588, 29.2675
5589, 29.2689
5590, 29.2704
5591, 29.2713
5592, 29.2728
5593, 29.2737
5594, 29.2742
5595, 29.2766
5596, 29.2775
5597, 29.2785
5598, 29.2799
5599, 29.2804
5600, 29.2818
5601, 29.2851
5602, 29.2875
5603, 29.2885
5604, 29.2885
5605, 29.2889
5606, 29.2904
5607, 29.2942
5608, 29.2942
5609, 29.2956
5610, 29.2961
5611, 29.297
5612, 29.2989
5613, 29.2989
5614, 29.2994
5615, 29.3018
5616, 29.3042
5617, 29.3056
5618, 29.3056
5619, 29.3066
5620, 29.3075
5621, 29.3099
5622, 29.3104
5623, 29.3147
5624, 29.3156
5625, 29.3194
5626, 29.3204
5627, 29.3208
5628, 29.3223
5629, 29.3242
5630, 29.3266
5631, 29.327
5632, 29.3275
5633, 29.3318
5634, 29.3318
5635, 29.3342
5636, 29.3347
5637, 29.3347
5638, 29.3351
5639, 29.3413
5640, 29.3432
5641, 29.348
5642, 29.3489
5643, 29.3504
5644, 29.3504
5645, 29.3513
5646, 29.3523
5647, 29.3528
5648, 29.3528
5649, 29.3532
5650, 29.3547
5651, 29.3551
5652, 29.3585
5653, 29.3618
5654, 29.3642
5655, 29.3666
5656, 29.367
5657, 29.368
5658, 29.3699
5659, 29.3704
5660, 29.3718
5661, 29.3728
5662, 29.3775
5663, 29.378
5664, 29.3794
5665, 29.3799
5666, 29.3804
5667, 29.3808
5668, 29.3851
5669, 29.3861
5670, 29.387
5671, 29.3908
5672, 29.3932
5673, 29.3942
5674, 29.3951
5675, 29.4008
5676, 29.4018
5677, 29.4023
5678, 29.4032
5679, 29.4056
5680, 29.4061
5681, 29.4085
5682, 29.4089
5683, 29.4113
5684, 29.4151
5685, 29.4156
5686, 29.4161
5687, 29.417
5688, 29.4194
5689, 29.4204
5690, 29.4218
5691, 29.4251
5692, 29.4261
5693, 29.4294
5694, 29.4299
5695, 29.4356
5696, 29.4361
5697, 29.4389
5698, 29.4432
5699, 29.4437
5700, 29.4456
5701, 29.4466
5702, 29.4485
5703, 29.4504
5704, 29.4542
5705, 29.4547
5706, 29.4547
5707, 29.4566
5708, 29.4575
5709, 29.4608
5710, 29.4618
5711, 29.4627
5712, 29.4637
5713, 29.4637
5714, 29.4656
5715, 29.4661
5716, 29.4666
5717, 29.4666
5718, 29.4675
5719, 29.4689
5720, 29.4699
5721, 29.4708
5722, 29.4742
5723, 29.4747
5724, 29.4756
5725, 29.478
5726, 29.4818
5727, 29.4827
5728, 29.488
5729, 29.4889
5730, 29.4918
5731, 29.4927
5732, 29.4927
5733, 29.4961
5734, 29.4961
5735, 29.4966
5736, 29.4966
5737, 29.4975
5738, 29.4994
5739, 29.5013
5740, 29.5056
5741, 29.5099
5742, 29.5099
5743, 29.5118
5744, 29.5132
5745, 29.5142
5746, 29.5161
5747, 29.5161
5748, 29.5166
5749, 29.5194
5750, 29.5218
5751, 29.5223
5752, 29.5223
5753, 29.5256
5754, 29.5256
5755, 29.5289
5756, 29.5351
5757, 29.5366
5758, 29.537
5759, 29.5385
5760, 29.5447
5761, 29.5461
5762, 29.5466
5763, 29.5489
5764, 29.5494
5765, 29.5494
5766, 29.5504
5767, 29.5513
5768, 29.5513
5769, 29.5518
5770, 29.5532
5771, 29.5537
5772, 29.5566
5773, 29.5566
5774, 29.557
5775, 29.5575
5776, 29.558
5777, 29.5608
5778, 29.5627
5779, 29.5637
5780, 29.5637
5781, 29.5675
5782, 29.568
5783, 29.5699
5784, 29.5704
5785, 29.5708
5786, 29.5708
5787, 29.5718
5788, 29.5723
5789, 29.5727
5790, 29.5737
5791, 29.5742
5792, 29.5747
5793, 29.5747
5794, 29.5751
5795, 29.5761
5796, 29.5761
5797, 29.578
5798, 29.5785
5799, 29.5799
5800, 29.5832
5801, 29.5842
5802, 29.5861
5803, 29.5861
5804, 29.5866
5805, 29.5899
5806, 29.5918
5807, 29.5927
5808, 29.5956
5809, 29.5956
5810, 29.5956
5811, 29.5966
5812, 29.5994
5813, 29.5999
5814, 29.6004
5815, 29.6018
5816, 29.6027
5817, 29.6051
5818, 29.6056
5819, 29.6075
5820, 29.6075
5821, 29.608
5822, 29.608
5823, 29.6099
5824, 29.6104
5825, 29.6127
5826, 29.6151
5827, 29.617
5828, 29.617
5829, 29.6175
5830, 29.6194
5831, 29.6213
5832, 29.6218
5833, 29.6223
5834, 29.6266
5835, 29.6266
5836, 29.627
5837, 29.628
5838, 29.6285
5839, 29.6327
5840, 29.6366
5841, 29.6375
5842, 29.6375
5843, 29.638
5844, 29.6394
5845, 29.6399
5846, 29.6427
5847, 29.6442
5848, 29.6447
5849, 29.6451
5850, 29.6456
5851, 29.6456
5852, 29.647
5853, 29.6499
5854, 29.6513
5855, 29.6513
5856, 29.6518
5857, 29.6527
5858, 29.6532
5859, 29.6556
5860, 29.6566
5861, 29.6585
5862, 29.6585
5863, 29.6585
5864, 29.6589
5865, 29.6642
5866, 29.6642
5867, 29.6661
5868, 29.6661
5869, 29.6666
5870, 29.6675
5871, 29.668
5872, 29.6746
5873, 29.6751
5874, 29.6751
5875, 29.677
5876, 29.6785
5877, 29.6789
5878, 29.6808
5879, 29.6818
5880, 29.6818
5881, 29.6823
5882, 29.6837
5883, 29.6851
5884, 29.6866
5885, 29.6913
5886, 29.6937
5887, 29.6942
5888, 29.6942
5889, 29.6946
5890, 29.6956
5891, 29.6956
5892, 29.6966
5893, 29.6966
5894, 29.697
5895, 29.698
5896, 29.6989
5897, 29.6999
5898, 29.6999
5899, 29.7004
5900, 29.7018
5901, 29.7037
5902, 29.7046
5903, 29.7051
5904, 29.708
5905, 29.708
5906, 29.7085
5907, 29.7085
5908, 29.7099
5909, 29.7099
5910, 29.7108
5911, 29.7127
5912, 29.7137
5913, 29.7161
5914, 29.717
5915, 29.7242
5916, 29.7242
5917, 29.7266
5918, 29.7327
5919, 29.7332
5920, 29.7342
5921, 29.7346
5922, 29.7351
5923, 29.7366
5924, 29.7375
5925, 29.7399
5926, 29.7399
5927, 29.7404
5928, 29.7418
5929, 29.7427
5930, 29.7427
5931, 29.7442
5932, 29.7442
5933, 29.7466
5934, 29.7494
5935, 29.7518
5936, 29.7527
5937, 29.7546
5938, 29.7546
5939, 29.7556
5940, 29.7561
5941, 29.7575
5942, 29.7637
5943, 29.7646
5944, 29.768
5945, 29.7685
5946, 29.7704
5947, 29.7746
5948, 29.7756
5949, 29.7756
5950, 29.7761
5951, 29.7761
5952, 29.7789
5953, 29.7813
5954, 29.7837
5955, 29.7846
5956, 29.7851
5957, 29.7856
5958, 29.7866
5959, 29.7885
5960, 29.7913
5961, 29.7937
5962, 29.7946
5963, 29.7951
5964, 29.7961
5965, 29.7999
5966, 29.8013
5967, 29.8023
5968, 29.8051
5969, 29.8056
5970, 29.8056
5971, 29.8061
5972, 29.807
5973, 29.8085
5974, 29.8085
5975, 29.8085
5976, 29.8094
5977, 29.8099
5978, 29.8099
5979, 29.8104
5980, 29.8118
5981, 29.8118
5982, 29.8156
5983, 29.818
5984, 29.818
5985, 29.8199
5986, 29.8237
5987, 29.8289
5988, 29.8299
5989, 29.8323
5990, 29.8356
5991, 29.838
5992, 29.8385
5993, 29.8385
5994, 29.8385
5995, 29.8389
5996, 29.8399
5997, 29.8399
5998, 29.8432
5999, 29.8442
6000, 29.8446
6001, 29.8456
6002, 29.847
6003, 29.847
6004, 29.8489
6005, 29.8499
6006, 29.8518
6007, 29.8532
6008, 29.857
6009, 29.858
6010, 29.858
6011, 29.8599
6012, 29.8613
6013, 29.8613
6014, 29.8618
6015, 29.8623
6016, 29.8651
6017, 29.8656
6018, 29.8661
6019, 29.867
6020, 29.8675
6021, 29.8685
6022, 29.8685
6023, 29.8689
6024, 29.8689
6025, 29.8699
6026, 29.8723
6027, 29.8746
6028, 29.8756
6029, 29.8775
6030, 29.878
6031, 29.8785
6032, 29.8785
6033, 29.8785
6034, 29.8785
6035, 29.8813
6036, 29.8823
6037, 29.8823
6038, 29.8827
6039, 29.8832
6040, 29.8842
6041, 29.8866
6042, 29.8866
6043, 29.887
6044, 29.887
6045, 29.8889
6046, 29.8889
6047, 29.8908
6048, 29.8923
6049, 29.897
6050, 29.8975
6051, 29.898
6052, 29.8985
6053, 29.9023
6054, 29.9037
6055, 29.9046
6056, 29.9051
6057, 29.9061
6058, 29.908
6059, 29.9089
6060, 29.9094
6061, 29.9099
6062, 29.9108
6063, 29.9113
6064, 29.9123
6065, 29.9142
6066, 29.9156
6067, 29.9156
6068, 29.9175
6069, 29.918
6070, 29.9189
6071, 29.9189
6072, 29.9189
6073, 29.9199
6074, 29.9204
6075, 29.9237
6076, 29.9242
6077, 29.9251
6078, 29.928
6079, 29.9285
6080, 29.9294
6081, 29.9294
6082, 29.9327
6083, 29.9346
6084, 29.9361
6085, 29.9404
6086, 29.9423
6087, 29.9442
6088, 29.9446
6089, 29.9465
6090, 29.947
6091, 29.9504
6092, 29.9504
6093, 29.9508
6094, 29.9518
6095, 29.9532
6096, 29.9537
6097, 29.9561
6098, 29.957
6099, 29.957
6100, 29.958
6101, 29.9618
6102, 29.9632
6103, 29.9665
6104, 29.9689
6105, 29.9689
6106, 29.9689
6107, 29.9699
6108, 29.9708
6109, 29.9708
6110, 29.9727
6111, 29.9732
6112, 29.9732
6113, 29.9742
6114, 29.9794
6115, 29.9813
6116, 29.9827
6117, 29.9832
6118, 29.9832
6119, 29.9837
6120, 29.987
6121, 29.988
6122, 29.9885
6123, 29.9894
6124, 29.9904
6125, 29.9927
6126, 29.9932
6127, 29.9961
6128, 29.9965
6129, 29.997
6130, 29.997
6131, 29.998
6132, 29.9985
6133, 30.0004
6134, 30.0004
6135, 30.0051
6136, 30.0065
6137, 30.0085
6138, 30.0089
6139, 30.0142
6140, 30.0142
6141, 30.0161
6142, 30.0189
6143, 30.0194
6144, 30.0194
6145, 30.0199
6146, 30.0232
6147, 30.0237
6148, 30.0265
6149, 30.0323
6150, 30.0337
6151, 30.0342
6152, 30.0351
6153, 30.0351
6154, 30.037
6155, 30.038
6156, 30.0394
6157, 30.0394
6158, 30.0399
6159, 30.0399
6160, 30.0404
6161, 30.0427
6162, 30.0446
6163, 30.0451
6164, 30.0475
6165, 30.0475
6166, 30.0508
6167, 30.0551
6168, 30.0556
6169, 30.0565
6170, 30.0565
6171, 30.0575
6172, 30.0585
6173, 30.0618
6174, 30.0627
6175, 30.0627
6176, 30.0637
6177, 30.0637
6178, 30.0637
6179, 30.0642
6180, 30.0661
6181, 30.067
6182, 30.0694
6183, 30.0704
6184, 30.0713
6185, 30.0737
6186, 30.0742
6187, 30.0746
6188, 30.0751
6189, 30.077
6190, 30.0785
6191, 30.0794
6192, 30.0799
6193, 30.0804
6194, 30.0823
6195, 30.0827
6196, 30.0827
6197, 30.0842
6198, 30.0846
6199, 30.088
6200, 30.0885
6201, 30.0899
6202, 30.0904
6203, 30.0904
6204, 30.0904
6205, 30.0908
6206, 30.0908
6207, 30.0918
6208, 30.0951
6209, 30.0956
6210, 30.0965
6211, 30.0975
6212, 30.098
6213, 30.0989
6214, 30.1027
6215, 30.1032
6216, 30.1065
6217, 30.1065
6218, 30.108
6219, 30.1104
6220, 30.1108
6221, 30.1132
6222, 30.1137
6223, 30.1161
6224, 30.117
6225, 30.117
6226, 30.1199
6227, 30.1213
6228, 30.1218
6229, 30.1223
6230, 30.1227
6231, 30.1237
6232, 30.1246
6233, 30.1261
6234, 30.1261
6235, 30.1294
6236, 30.1304
6237, 30.1342
6238, 30.1346
6239, 30.1351
6240, 30.1356
6241, 30.1356
6242, 30.1375
6243, 30.1399
6244, 30.1413
6245, 30.1427
6246, 30.1427
6247, 30.148
6248, 30.1484
6249, 30.1508
6250, 30.1537
6251, 30.1542
6252, 30.1556
6253, 30.1561
6254, 30.1589
6255, 30.1604
6256, 30.1618
6257, 30.1646
6258, 30.1656
6259, 30.1684
6260, 30.1689
6261, 30.1689
6262, 30.1699
6263, 30.1708
6264, 30.1708
6265, 30.1723
6266, 30.1727
6267, 30.1765
6268, 30.177
6269, 30.1799
6270, 30.1799
6271, 30.1799
6272, 30.1808
6273, 30.1846
6274, 30.1889
6275, 30.1889
6276, 30.1894
6277, 30.1913
6278, 30.1927
6279, 30.1951
6280, 30.1965
6281, 30.198
6282, 30.2027
6283, 30.2094
6284, 30.2108
6285, 30.2118
6286, 30.2151
6287, 30.2161
6288, 30.218
6289, 30.2199
6290, 30.2218
6291, 30.2227
6292, 30.2227
6293, 30.2246
6294, 30.2246
6295, 30.2261
6296, 30.2289
6297, 30.2299
6298, 30.2308
6299, 30.2308
6300, 30.2323
6301, 30.2337
6302, 30.2346
6303, 30.2351
6304, 30.2356
6305, 30.237
6306, 30.2384
6307, 30.2389
6308, 30.2394
6309, 30.2394
6310, 30.2399
6311, 30.2408
6312, 30.2432
6313, 30.2432
6314, 30.2442
6315, 30.2446
6316, 30.2465
6317, 30.247
6318, 30.2484
6319, 30.2504
6320, 30.2513
6321, 30.2556
6322, 30.2608
6323, 30.2627
6324, 30.2675
6325, 30.268
6326, 30.268
6327, 30.2689
6328, 30.2689
6329, 30.2718
6330, 30.2718
6331, 30.2765
6332, 30.2808
6333, 30.2823
6334, 30.2823
6335, 30.2827
6336, 30.2846
6337, 30.2856
6338, 30.2861
6339, 30.2865
6340, 30.287
6341, 30.2904
6342, 30.2908
6343, 30.2913
6344, 30.2923
6345, 30.2932
6346, 30.2961
6347, 30.2975
6348, 30.2984
6349, 30.2999
6350, 30.3013
6351, 30.3023
6352, 30.3051
6353, 30.308
6354, 30.3089
6355, 30.3089
6356, 30.3118
6357, 30.3127
6358, 30.3151
6359, 30.317
6360, 30.3189
6361, 30.3204
6362, 30.3223
6363, 30.3256
6364, 30.3261
6365, 30.3261
6366, 30.3265
6367, 30.3265
6368, 30.328
6369, 30.3299
6370, 30.3337
6371, 30.3346
6372, 30.3399
6373, 30.3408
6374, 30.3413
6375, 30.3427
6376, 30.3442
6377, 30.3461
6378, 30.3475
6379, 30.3508
6380, 30.3513
6381, 30.3537
6382, 30.3537
6383, 30.3542
6384, 30.3551
6385, 30.3565
6386, 30.357
6387, 30.357
6388, 30.3618
6389, 30.3623
6390, 30.3627
6391, 30.3642
6392, 30.3661
6393, 30.3665
6394, 30.3684
6395, 30.3689
6396, 30.3694
6397, 30.3713
6398, 30.3742
6399, 30.3746
6400, 30.377
6401, 30.3784
6402, 30.3818
6403, 30.3823
6404, 30.3827
6405, 30.3832
6406, 30.3842
6407, 30.3851
6408, 30.3856
6409, 30.387
6410, 30.388
6411, 30.3899
6412, 30.3903
6413, 30.3903
6414, 30.3913
6415, 30.3913
6416, 30.3918
6417, 30.3927
6418, 30.3932
6419, 30.3942
6420, 30.3951
6421, 30.3956
6422, 30.3961
6423, 30.3999
6424, 30.4013
6425, 30.4023
6426, 30.4042
6427, 30.4056
6428, 30.4065
6429, 30.4089
6430, 30.4089
6431, 30.4089
6432, 30.4094
6433, 30.4103
6434, 30.4123
6435, 30.4142
6436, 30.4151
6437, 30.4151
6438, 30.4165
6439, 30.4165
6440, 30.4165
6441, 30.418
6442, 30.418
6443, 30.418
6444, 30.418
6445, 30.4184
6446, 30.4203
6447, 30.4213
6448, 30.4218
6449, 30.4227
6450, 30.4237
6451, 30.4237
6452, 30.4308
6453, 30.4313
6454, 30.4323
6455, 30.4351
6456, 30.437
6457, 30.437
6458, 30.4389
6459, 30.4413
6460, 30.4427
6461, 30.4437
6462, 30.4442
6463, 30.4456
6464, 30.4461
6465, 30.4484
6466, 30.4523
6467, 30.4556
6468, 30.457
6469, 30.4594
6470, 30.4594
6471, 30.4599
6472, 30.4603
6473, 30.4618
6474, 30.4623
6475, 30.4637
6476, 30.4637
6477, 30.4642
6478, 30.4703
6479, 30.4708
6480, 30.4708
6481, 30.4708
6482, 30.4713
6483, 30.4732
6484, 30.4737
6485, 30.4746
6486, 30.4756
6487, 30.4756
6488, 30.4789
6489, 30.4789
6490, 30.4794
6491, 30.4794
6492, 30.4813
6493, 30.4818
6494, 30.4827
6495, 30.4832
6496, 30.4842
6497, 30.4842
6498, 30.4842
6499, 30.4851
6500, 30.4889
6501, 30.4908
6502, 30.4913
6503, 30.4913
6504, 30.4927
6505, 30.4932
6506, 30.4946
6507, 30.497
6508, 30.4989
6509, 30.4994
6510, 30.5032
6511, 30.5056
6512, 30.5075
6513, 30.5099
6514, 30.5127
6515, 30.5161
6516, 30.5165
6517, 30.517
6518, 30.518
6519, 30.5184
6520, 30.5184
6521, 30.5184
6522, 30.5184
6523, 30.5199
6524, 30.5203
6525, 30.5227
6526, 30.5227
6527, 30.5256
6528, 30.5256
6529, 30.5275
6530, 30.5289
6531, 30.5294
6532, 30.5303
6533, 30.5337
6534, 30.5342
6535, 30.5361
6536, 30.5365
6537, 30.5365
6538, 30.5384
6539, 30.5394
6540, 30.5408
6541, 30.5413
6542, 30.5423
6543, 30.5446
6544, 30.5451
6545, 30.5465
6546, 30.547
6547, 30.5475
6548, 30.5484
6549, 30.5494
6550, 30.5499
6551, 30.5518
6552, 30.5551
6553, 30.557
6554, 30.5575
6555, 30.558
6556, 30.5603
6557, 30.5618
6558, 30.5618
6559, 30.5618
6560, 30.5627
6561, 30.5646
6562, 30.5656
6563, 30.5665
6564, 30.5665
6565, 30.5694
6566, 30.5703
6567, 30.5718
6568, 30.5723
6569, 30.5727
6570, 30.5732
6571, 30.5746
6572, 30.5746
6573, 30.5761
6574, 30.577
6575, 30.577
6576, 30.578
6577, 30.578
6578, 30.5784
6579, 30.5794
6580, 30.5799
6581, 30.5823
6582, 30.5832
6583, 30.5842
6584, 30.5861
6585, 30.587
6586, 30.5875
6587, 30.5903
6588, 30.5908
6589, 30.5913
6590, 30.5918
6591, 30.5923
6592, 30.5927
6593, 30.5932
6594, 30.5937
6595, 30.5937
6596, 30.5942
6597, 30.5946
6598, 30.5951
6599, 30.6023
6600, 30.6032
6601, 30.6037
6602, 30.6046
6603, 30.6065
6604, 30.607
6605, 30.6075
6606, 30.6084
6607, 30.6084
6608, 30.6113
6609, 30.6137
6610, 30.6146
6611, 30.6161
6612, 30.6165
6613, 30.617
6614, 30.6175
6615, 30.6175
6616, 30.618
6617, 30.6194
6618, 30.6203
6619, 30.6227
6620, 30.6242
6621, 30.6251
6622, 30.6284
6623, 30.6308
6624, 30.6322
6625, 30.6327
6626, 30.6375
6627, 30.6375
6628, 30.6384
6629, 30.6389
6630, 30.6399
6631, 30.6451
6632, 30.648
6633, 30.6494
6634, 30.6513
6635, 30.6561
6636, 30.6561
6637, 30.658
6638, 30.6584
6639, 30.6584
6640, 30.6618
6641, 30.6637
6642, 30.6642
6643, 30.6646
6644, 30.6656
6645, 30.6665
6646, 30.668
6647, 30.6689
6648, 30.6718
6649, 30.6722
6650, 30.6727
6651, 30.6737
6652, 30.6756
6653, 30.6765
6654, 30.6799
6655, 30.6808
6656, 30.6827
6657, 30.6856
6658, 30.6861
6659, 30.6889
6660, 30.6894
6661, 30.6894
6662, 30.6913
6663, 30.6918
6664, 30.6927
6665, 30.6927
6666, 30.6932
6667, 30.6937
6668, 30.697
6669, 30.697
6670, 30.7018
6671, 30.7042
6672, 30.7065
6673, 30.7065
6674, 30.7065
6675, 30.707
6676, 30.7108
6677, 30.7156
6678, 30.7165
6679, 30.718
6680, 30.7184
6681, 30.7189
6682, 30.7194
6683, 30.7218
6684, 30.7227
6685, 30.7256
6686, 30.7299
6687, 30.7327
6688, 30.7346
6689, 30.7346
6690, 30.7351
6691, 30.7365
6692, 30.7375
6693, 30.7375
6694, 30.7399
6695, 30.7403
6696, 30.7403
6697, 30.7403
6698, 30.7413
6699, 30.7427
6700, 30.7456
6701, 30.7465
6702, 30.7494
6703, 30.7503
6704, 30.7508
6705, 30.7513
6706, 30.7532
6707, 30.7542
6708, 30.7546
6709, 30.7556
6710, 30.7561
6711, 30.7584
6712, 30.7632
6713, 30.7642
6714, 30.7665
6715, 30.7665
6716, 30.7665
6717, 30.7665
6718, 30.767
6719, 30.7675
6720, 30.768
6721, 30.7684
6722, 30.7689
6723, 30.7732
6724, 30.7751
6725, 30.7756
6726, 30.7765
6727, 30.7775
6728, 30.778
6729, 30.7808
6730, 30.7822
6731, 30.7856
6732, 30.7861
6733, 30.7865
6734, 30.787
6735, 30.7889
6736, 30.7918
6737, 30.7918
6738, 30.7932
6739, 30.7937
6740, 30.7942
6741, 30.7942
6742, 30.7951
6743, 30.7975
6744, 30.7975
6745, 30.7975
6746, 30.7994
6747, 30.8027
6748, 30.8037
6749, 30.8037
6750, 30.807
6751, 30.808
6752, 30.8084
6753, 30.8084
6754, 30.8084
6755, 30.8137
6756, 30.8165
6757, 30.8194
6758, 30.8203
6759, 30.8265
6760, 30.8308
6761, 30.8313
6762, 30.8318
6763, 30.8318
6764, 30.8327
6765, 30.8361
6766, 30.8365
6767, 30.8365
6768, 30.8384
6769, 30.8399
6770, 30.8432
6771, 30.8446
6772, 30.8456
6773, 30.8461
6774, 30.847
6775, 30.8484
6776, 30.8489
6777, 30.8499
6778, 30.8503
6779, 30.8508
6780, 30.8513
6781, 30.8518
6782, 30.8522
6783, 30.8527
6784, 30.8551
6785, 30.8561
6786, 30.858
6787, 30.858
6788, 30.8584
6789, 30.8599
6790, 30.8603
6791, 30.8618
6792, 30.8618
6793, 30.8627
6794, 30.8656
6795, 30.8661
6796, 30.8665
6797, 30.868
6798, 30.8684
6799, 30.8694
6800, 30.8699
6801, 30.8699
6802, 30.8699
6803, 30.8699
6804, 30.8718
6805, 30.8722
6806, 30.8727
6807, 30.8732
6808, 30.8741
6809, 30.8756
6810, 30.8761
6811, 30.8775
6812, 30.8784
6813, 30.8794
6814, 30.8818
6815, 30.8841
6816, 30.8875
6817, 30.8875
6818, 30.8884
6819, 30.8884
6820, 30.8889
6821, 30.8894
6822, 30.8908
6823, 30.8913
6824, 30.8918
6825, 30.8922
6826, 30.8927
6827, 30.8932
6828, 30.8932
6829, 30.8937
6830, 30.8951
6831, 30.8961
6832, 30.8965
6833, 30.8965
6834, 30.8975
6835, 30.8994
6836, 30.8994
6837, 30.9022
6838, 30.9027
6839, 30.9037
6840, 30.9046
6841, 30.9051
6842, 30.9056
6843, 30.908
6844, 30.9103
6845, 30.9108
6846, 30.9108
6847, 30.9108
6848, 30.9127
6849, 30.9137
6850, 30.9141
6851, 30.9165
6852, 30.9175
6853, 30.9175
6854, 30.9194
6855, 30.9203
6856, 30.9208
6857, 30.9208
6858, 30.9232
6859, 30.9232
6860, 30.9237
6861, 30.9241
6862, 30.9256
6863, 30.9261
6864, 30.9275
6865, 30.928
6866, 30.9284
6867, 30.9294
6868, 30.9299
6869, 30.9299
6870, 30.9313
6871, 30.9318
6872, 30.9332
6873, 30.9341
6874, 30.9346
6875, 30.9351
6876, 30.9356
6877, 30.937
6878, 30.9389
6879, 30.9408
6880, 30.9413
6881, 30.9413
6882, 30.9422
6883, 30.9432
6884, 30.9451
6885, 30.9465
6886, 30.9494
6887, 30.9527
6888, 30.9532
6889, 30.9546
6890, 30.9546
6891, 30.9556
6892, 30.9565
6893, 30.957
6894, 30.958
6895, 30.9589
6896, 30.9603
6897, 30.9603
6898, 30.9613
6899, 30.9637
6900, 30.9684
6901, 30.9708
6902, 30.9708
6903, 30.9818
6904, 30.9846
6905, 30.9861
6906, 30.9889
6907, 30.9894
6908, 30.9908
6909, 30.9908
6910, 30.9913
6911, 30.9932
6912, 30.9946
6913, 30.9946
6914, 30.9956
6915, 30.9961
6916, 30.9984
6917, 31.0027
6918, 31.0056
6919, 31.0089
6920, 31.0094
6921, 31.0113
6922, 31.0137
6923, 31.0146
6924, 31.0146
6925, 31.0146
6926, 31.0156
6927, 31.0161
6928, 31.0161
6929, 31.017
6930, 31.0208
6931, 31.0213
6932, 31.0222
6933, 31.0222
6934, 31.0222
6935, 31.0237
6936, 31.0241
6937, 31.0289
6938, 31.0332
6939, 31.0356
6940, 31.0361
6941, 31.038
6942, 31.0394
6943, 31.0399
6944, 31.0422
6945, 31.0427
6946, 31.0432
6947, 31.0432
6948, 31.0461
6949, 31.0465
6950, 31.0475
6951, 31.048
6952, 31.0489
6953, 31.0494
6954, 31.0503
6955, 31.0522
6956, 31.0532
6957, 31.0556
6958, 31.0565
6959, 31.057
6960, 31.0589
6961, 31.0594
6962, 31.0594
6963, 31.0613
6964, 31.0637
6965, 31.0646
6966, 31.0665
6967, 31.0703
6968, 31.0718
6969, 31.0732
6970, 31.0732
6971, 31.0737
6972, 31.0741
6973, 31.0741
6974, 31.0751
6975, 31.077
6976, 31.078
6977, 31.078
6978, 31.0789
6979, 31.0808
6980, 31.0818
6981, 31.0818
6982, 31.0827
6983, 31.0827
6984, 31.0827
6985, 31.0837
6986, 31.0846
6987, 31.087
6988, 31.087
6989, 31.0889
6990, 31.0899
6991, 31.0908
6992, 31.0932
6993, 31.0946
6994, 31.096
6995, 31.096
6996, 31.096
6997, 31.098
6998, 31.1037
6999, 31.1041
7000, 31.1056
7001, 31.106
7002, 31.107
7003, 31.1089
7004, 31.1094
7005, 31.1122
7006, 31.1127
7007, 31.1132
7008, 31.1141
7009, 31.116
7010, 31.117
7011, 31.1203
7012, 31.1203
7013, 31.1222
7014, 31.1232
7015, 31.1246
7016, 31.128
7017, 31.1322
7018, 31.1365
7019, 31.137
7020, 31.1384
7021, 31.1384
7022, 31.1389
7023, 31.1399
7024, 31.1399
7025, 31.1441
7026, 31.1456
7027, 31.146
7028, 31.1494
7029, 31.1522
7030, 31.1532
7031, 31.1537
7032, 31.1556
7033, 31.1556
7034, 31.1608
7035, 31.1618
7036, 31.1646
7037, 31.1651
7038, 31.166
7039, 31.166
7040, 31.1665
7041, 31.1684
7042, 31.1684
7043, 31.1703
7044, 31.1708
7045, 31.1718
7046, 31.1718
7047, 31.1722
7048, 31.1727
7049, 31.1732
7050, 31.1746
7051, 31.1756
7052, 31.1756
7053, 31.1756
7054, 31.176
7055, 31.176
7056, 31.176
7057, 31.1803
7058, 31.1827
7059, 31.1832
7060, 31.1851
7061, 31.186
7062, 31.1875
7063, 31.1894
7064, 31.1899
7065, 31.1903
7066, 31.1927
7067, 31.1946
7068, 31.1956
7069, 31.197
7070, 31.1984
7071, 31.2013
7072, 31.2018
7073, 31.2022
7074, 31.2032
7075, 31.2037
7076, 31.2037
7077, 31.2065
7078, 31.208
7079, 31.2089
7080, 31.2094
7081, 31.2094
7082, 31.2132
7083, 31.2151
7084, 31.218
7085, 31.2184
7086, 31.2199
7087, 31.2222
7088, 31.2222
7089, 31.2232
7090, 31.2241
7091, 31.2246
7092, 31.2256
7093, 31.2256
7094, 31.2284
7095, 31.2299
7096, 31.2308
7097, 31.2346
7098, 31.2346
7099, 31.2346
7100, 31.2408
7101, 31.2422
7102, 31.2427
7103, 31.2432
7104, 31.2437
7105, 31.2441
7106, 31.2446
7107, 31.2456
7108, 31.246
7109, 31.247
7110, 31.2475
7111, 31.2484
7112, 31.2527
7113, 31.2527
7114, 31.2541
7115, 31.2556
7116, 31.257
7117, 31.2584
7118, 31.2599
7119, 31.2646
7120, 31.2651
7121, 31.2675
7122, 31.2727
7123, 31.2751
7124, 31.2765
7125, 31.2775
7126, 31.2775
7127, 31.2775
7128, 31.2775
7129, 31.2789
7130, 31.2794
7131, 31.2803
7132, 31.2813
7133, 31.2837
7134, 31.2846
7135, 31.2856
7136, 31.2856
7137, 31.2856
7138, 31.2865
7139, 31.2865
7140, 31.288
7141, 31.2894
7142, 31.2937
7143, 31.2951
7144, 31.2975
7145, 31.2975
7146, 31.2984
7147, 31.3013
7148, 31.3037
7149, 31.306
7150, 31.3103
7151, 31.3103
7152, 31.3127
7153, 31.317
7154, 31.3218
7155, 31.3227
7156, 31.3251
7157, 31.3294
7158, 31.3303
7159, 31.3332
7160, 31.3341
7161, 31.336
7162, 31.3365
7163, 31.3375
7164, 31.3379
7165, 31.3389
7166, 31.3432
7167, 31.3484
7168, 31.3499
7169, 31.3537
7170, 31.3551
7171, 31.3556
7172, 31.3565
7173, 31.3579
7174, 31.3584
7175, 31.3613
7176, 31.3618
7177, 31.3618
7178, 31.3641
7179, 31.3646
7180, 31.3651
7181, 31.3679
7182, 31.3684
7183, 31.3699
7184, 31.3732
7185, 31.3737
7186, 31.3756
7187, 31.377
7188, 31.3779
7189, 31.3784
7190, 31.3784
7191, 31.3808
7192, 31.3813
7193, 31.3822
7194, 31.3841
7195, 31.3856
7196, 31.3865
7197, 31.387
7198, 31.3875
7199, 31.3875
7200, 31.3903
7201, 31.3903
7202, 31.3918
7203, 31.3941
7204, 31.3956
7205, 31.396
7206, 31.3999
7207, 31.4013
7208, 31.4032
7209, 31.4032
7210, 31.4037
7211, 31.4037
7212, 31.4041
7213, 31.4056
7214, 31.4056
7215, 31.407
7216, 31.407
7217, 31.407
7218, 31.4075
7219, 31.4099
7220, 31.4099
7221, 31.4103
7222, 31.4118
7223, 31.4118
7224, 31.4122
7225, 31.4146
7226, 31.4151
7227, 31.4199
7228, 31.4203
7229, 31.4237
7230, 31.4237
7231, 31.4275
7232, 31.4289
7233, 31.4341
7234, 31.4341
7235, 31.4356
7236, 31.4389
7237, 31.4394
7238, 31.4403
7239, 31.4403
7240, 31.4427
7241, 31.4441
7242, 31.4456
7243, 31.4465
7244, 31.4484
7245, 31.4551
7246, 31.4565
7247, 31.4575
7248, 31.4589
7249, 31.4594
7250, 31.4603
7251, 31.4632
7252, 31.4637
7253, 31.4646
7254, 31.4665
7255, 31.4665
7256, 31.467
7257, 31.4684
7258, 31.4694
7259, 31.4708
7260, 31.4708
7261, 31.4713
7262, 31.4713
7263, 31.4727
7264, 31.4741
7265, 31.4756
7266, 31.476
7267, 31.4765
7268, 31.4765
7269, 31.4779
7270, 31.4794
7271, 31.4799
7272, 31.4837
7273, 31.4837
7274, 31.4841
7275, 31.4841
7276, 31.4841
7277, 31.486
7278, 31.487
7279, 31.4875
7280, 31.4879
7281, 31.4889
7282, 31.4918
7283, 31.4918
7284, 31.4927
7285, 31.4932
7286, 31.4941
7287, 31.4941
7288, 31.4951
7289, 31.4965
7290, 31.4965
7291, 31.497
7292, 31.4984
7293, 31.4989
7294, 31.4994
7295, 31.4999
7296, 31.5008
7297, 31.5018
7298, 31.5018
7299, 31.5032
7300, 31.5041
7301, 31.5056
7302, 31.5065
7303, 31.5079
7304, 31.5094
7305, 31.5099
7306, 31.5141
7307, 31.5146
7308, 31.5189
7309, 31.5208
7310, 31.5218
7311, 31.5227
7312, 31.5246
7313, 31.526
7314, 31.5299
7315, 31.5318
7316, 31.5356
7317, 31.5375
7318, 31.5394
7319, 31.5446
7320, 31.5451
7321, 31.5451
7322, 31.5479
7323, 31.5479
7324, 31.5494
7325, 31.5522
7326, 31.5527
7327, 31.557
7328, 31.5584
7329, 31.5589
7330, 31.5589
7331, 31.5603
7332, 31.5618
7333, 31.5632
7334, 31.5637
7335, 31.5646
7336, 31.5665
7337, 31.5679
7338, 31.5679
7339, 31.5689
7340, 31.5689
7341, 31.5713
7342, 31.5718
7343, 31.5756
7344, 31.5765
7345, 31.577
7346, 31.5775
7347, 31.5789
7348, 31.5808
7349, 31.5837
7350, 31.5841
7351, 31.5851
7352, 31.5875
7353, 31.5884
7354, 31.5937
7355, 31.597
7356, 31.5979
7357, 31.6056
7358, 31.6065
7359, 31.607
7360, 31.607
7361, 31.6089
7362, 31.6094
7363, 31.6094
7364, 31.6103
7365, 31.6108
7366, 31.6113
7367, 31.6137
7368, 31.616
7369, 31.6165
7370, 31.617
7371, 31.6179
7372, 31.6184
7373, 31.6184
7374, 31.6198
7375, 31.6203
7376, 31.6203
7377, 31.6222
7378, 31.6251
7379, 31.6251
7380, 31.6284
7381, 31.6298
7382, 31.6303
7383, 31.6308
7384, 31.6318
7385, 31.6327
7386, 31.6327
7387, 31.6332
7388, 31.6337
7389, 31.636
7390, 31.6408
7391, 31.6437
7392, 31.6465
7393, 31.6479
7394, 31.6498
7395, 31.6513
7396, 31.6527
7397, 31.6546
7398, 31.6556
7399, 31.656
7400, 31.6575
7401, 31.6579
7402, 31.6594
7403, 31.6603
7404, 31.6618
7405, 31.6622
7406, 31.6622
7407, 31.6627
7408, 31.6632
7409, 31.6632
7410, 31.6675
7411, 31.6684
7412, 31.6694
7413, 31.6698
7414, 31.6746
7415, 31.6751
7416, 31.6751
7417, 31.6765
7418, 31.6765
7419, 31.6775
7420, 31.6798
7421, 31.6818
7422, 31.6822
7423, 31.6822
7424, 31.686
7425, 31.6898
7426, 31.6908
7427, 31.6913
7428, 31.6932
7429, 31.6932
7430, 31.6932
7431, 31.6941
7432, 31.7008
7433, 31.7018
7434, 31.7041
7435, 31.707
7436, 31.7127
7437, 31.7151
7438, 31.7151
7439, 31.7151
7440, 31.7151
7441, 31.7165
7442, 31.7213
7443, 31.7222
7444, 31.7232
7445, 31.7237
7446, 31.7241
7447, 31.7289
7448, 31.7294
7449, 31.7298
7450, 31.7303
7451, 31.7351
7452, 31.736
7453, 31.7375
7454, 31.7384
7455, 31.7389
7456, 31.7398
7457, 31.7403
7458, 31.7413
7459, 31.7418
7460, 31.7446
7461, 31.7451
7462, 31.746
7463, 31.746
7464, 31.7465
7465, 31.7484
7466, 31.7494
7467, 31.7503
7468, 31.7522
7469, 31.7556
7470, 31.7584
7471, 31.7603
7472, 31.7632
7473, 31.7641
7474, 31.7665
7475, 31.7689
7476, 31.7694
7477, 31.7713
7478, 31.7732
7479, 31.7784
7480, 31.7789
7481, 31.7808
7482, 31.7818
7483, 31.7818
7484, 31.7827
7485, 31.7832
7486, 31.7832
7487, 31.7841
7488, 31.7865
7489, 31.7875
7490, 31.7879
7491, 31.7884
7492, 31.7884
7493, 31.7913
7494, 31.7922
7495, 31.7951
7496, 31.7951
7497, 31.796
7498, 31.7965
7499, 31.797
7500, 31.7979
7501, 31.8032
7502, 31.8041
7503, 31.8098
7504, 31.8118
7505, 31.8122
7506, 31.8156
7507, 31.8194
7508, 31.8194
7509, 31.8198
7510, 31.8198
7511, 31.8232
7512, 31.8246
7513, 31.8275
7514, 31.8327
7515, 31.8375
7516, 31.8384
7517, 31.8446
7518, 31.8456
7519, 31.8479
7520, 31.8498
7521, 31.8565
7522, 31.8598
7523, 31.8646
7524, 31.8646
7525, 31.8665
7526, 31.8665
7527, 31.8679
7528, 31.8679
7529, 31.8679
7530, 31.8708
7531, 31.8713
7532, 31.8713
7533, 31.8717
7534, 31.8717
7535, 31.8722
7536, 31.8722
7537, 31.8746
7538, 31.8751
7539, 31.8756
7540, 31.876
7541, 31.877
7542, 31.8784
7543, 31.8794
7544, 31.8827
7545, 31.8837
7546, 31.8851
7547, 31.8875
7548, 31.8889
7549, 31.8903
7550, 31.8932
7551, 31.8956
7552, 31.8956
7553, 31.896
7554, 31.897
7555, 31.8994
7556, 31.9017
7557, 31.9032
7558, 31.9056
7559, 31.907
7560, 31.9098
7561, 31.9103
7562, 31.9117
7563, 31.9127
7564, 31.9132
7565, 31.9137
7566, 31.9141
7567, 31.9151
7568, 31.9156
7569, 31.9175
7570, 31.9208
7571, 31.9279
7572, 31.9284
7573, 31.9327
7574, 31.9332
7575, 31.9332
7576, 31.9337
7577, 31.936
7578, 31.937
7579, 31.9375
7580, 31.9379
7581, 31.9384
7582, 31.9384
7583, 31.9389
7584, 31.9422
7585, 31.9422
7586, 31.9432
7587, 31.9432
7588, 31.9451
7589, 31.9484
7590, 31.9484
7591, 31.9498
7592, 31.9503
7593, 31.9522
7594, 31.9541
7595, 31.956
7596, 31.9565
7597, 31.9608
7598, 31.9617
7599, 31.9622
7600, 31.9641
7601, 31.9651
7602, 31.9694
7603, 31.9713
7604, 31.9717
7605, 31.9722
7606, 31.9727
7607, 31.9784
7608, 31.9784
7609, 31.9798
7610, 31.9803
7611, 31.9841
7612, 31.9856
7613, 31.986
7614, 31.9875
7615, 31.9879
7616, 31.9889
7617, 31.9913
7618, 31.9946
7619, 31.9965
7620, 31.9989
7621, 32.0003
7622, 32.0008
7623, 32.0013
7624, 32.0032
7625, 32.0032
7626, 32.0046
7627, 32.0056
7628, 32.0056
7629, 32.0056
7630, 32.007
7631, 32.0075
7632, 32.0084
7633, 32.0098
7634, 32.0113
7635, 32.0127
7636, 32.016
7637, 32.0189
7638, 32.0198
7639, 32.0237
7640, 32.0246
7641, 32.0251
7642, 32.0256
7643, 32.0265
7644, 32.0284
7645, 32.0298
7646, 32.0308
7647, 32.0313
7648, 32.0317
7649, 32.0332
7650, 32.0337
7651, 32.0337
7652, 32.0346
7653, 32.0346
7654, 32.036
7655, 32.0379
7656, 32.0394
7657, 32.0408
7658, 32.046
7659, 32.0465
7660, 32.0498
7661, 32.0508
7662, 32.0522
7663, 32.0556
7664, 32.0579
7665, 32.0603
7666, 32.0613
7667, 32.0627
7668, 32.0636
7669, 32.0675
7670, 32.0675
7671, 32.0675
7672, 32.0689
7673, 32.0722
7674, 32.0746
7675, 32.0765
7676, 32.0794
7677, 32.0803
7678, 32.0808
7679, 32.0841
7680, 32.0846
7681, 32.0846
7682, 32.0856
7683, 32.0856
7684, 32.0875
7685, 32.0875
7686, 32.0894
7687, 32.0903
7688, 32.0913
7689, 32.0956
7690, 32.0984
7691, 32.0984
7692, 32.1008
7693, 32.1046
7694, 32.1075
7695, 32.1079
7696, 32.1108
7697, 32.1113
7698, 32.1117
7699, 32.1122
7700, 32.1141
7701, 32.1141
7702, 32.1146
7703, 32.1151
7704, 32.1156
7705, 32.1156
7706, 32.1179
7707, 32.1179
7708, 32.1194
7709, 32.1194
7710, 32.1194
7711, 32.1203
7712, 32.1208
7713, 32.1236
7714, 32.1251
7715, 32.1251
7716, 32.1256
7717, 32.1265
7718, 32.1294
7719, 32.1332
7720, 32.1336
7721, 32.1336
7722, 32.1346
7723, 32.1346
7724, 32.1384
7725, 32.1413
7726, 32.1432
7727, 32.146
7728, 32.1465
7729, 32.147
7730, 32.1479
7731, 32.1503
7732, 32.1508
7733, 32.1513
7734, 32.1513
7735, 32.1541
7736, 32.156
7737, 32.1598
7738, 32.1598
7739, 32.1608
7740, 32.1622
7741, 32.1632
7742, 32.1636
7743, 32.1646
7744, 32.1656
7745, 32.167
7746, 32.1684
7747, 32.1703
7748, 32.1713
7749, 32.1717
7750, 32.1722
7751, 32.1775
7752, 32.1789
7753, 32.1789
7754, 32.1803
7755, 32.1808
7756, 32.1817
7757, 32.1822
7758, 32.1836
7759, 32.1836
7760, 32.1836
7761, 32.1851
7762, 32.187
7763, 32.1884
7764, 32.1884
7765, 32.1884
7766, 32.1908
7767, 32.1913
7768, 32.1927
7769, 32.1932
7770, 32.1946
7771, 32.1951
7772, 32.1975
7773, 32.2022
7774, 32.2079
7775, 32.2094
7776, 32.2094
7777, 32.2098
7778, 32.2098
7779, 32.2113
7780, 32.2127
7781, 32.2136
7782, 32.2136
7783, 32.2156
7784, 32.217
7785, 32.2189
7786, 32.2198
7787, 32.2208
7788, 32.2213
7789, 32.2217
7790, 32.2251
7791, 32.2284
7792, 32.2308
7793, 32.2332
7794, 32.2332
7795, 32.2336
7796, 32.2341
7797, 32.2356
7798, 32.2356
7799, 32.2365
7800, 32.2389
7801, 32.2436
7802, 32.2479
7803, 32.2484
7804, 32.2484
7805, 32.2489
7806, 32.2489
7807, 32.2498
7808, 32.2503
7809, 32.2508
7810, 32.2517
7811, 32.2522
7812, 32.2527
7813, 32.2527
7814, 32.2546
7815, 32.2556
7816, 32.2565
7817, 32.2565
7818, 32.2565
7819, 32.257
7820, 32.2584
7821, 32.2594
7822, 32.2608
7823, 32.2613
7824, 32.2617
7825, 32.2617
7826, 32.2622
7827, 32.2636
7828, 32.2641
7829, 32.2684
7830, 32.2713
7831, 32.2717
7832, 32.2736
7833, 32.277
7834, 32.2775
7835, 32.2779
7836, 32.2817
7837, 32.2822
7838, 32.2822
7839, 32.2841
7840, 32.2856
7841, 32.2856
7842, 32.2903
7843, 32.2917
7844, 32.2941
7845, 32.2946
7846, 32.2951
7847, 32.296
7848, 32.2998
7849, 32.3008
7850, 32.3013
7851, 32.3046
7852, 32.3051
7853, 32.306
7854, 32.307
7855, 32.3075
7856, 32.3079
7857, 32.3079
7858, 32.3079
7859, 32.3079
7860, 32.3089
7861, 32.3098
7862, 32.3108
7863, 32.3113
7864, 32.3146
7865, 32.3165
7866, 32.3294
7867, 32.3308
7868, 32.3308
7869, 32.3313
7870, 32.3336
7871, 32.3355
7872, 32.3375
7873, 32.3408
7874, 32.3441
7875, 32.3451
7876, 32.3465
7877, 32.347
7878, 32.3484
7879, 32.3484
7880, 32.3494
7881, 32.3503
7882, 32.3503
7883, 32.3522
7884, 32.3532
7885, 32.3541
7886, 32.3546
7887, 32.3551
7888, 32.3555
7889, 32.3565
7890, 32.3584
7891, 32.3594
7892, 32.3594
7893, 32.3632
7894, 32.3636
7895, 32.3641
7896, 32.367
7897, 32.3689
7898, 32.3689
7899, 32.3694
7900, 32.3694
7901, 32.3713
7902, 32.3717
7903, 32.3765
7904, 32.3779
7905, 32.3808
7906, 32.3813
7907, 32.3817
7908, 32.3832
7909, 32.3841
7910, 32.3865
7911, 32.3879
7912, 32.3894
7913, 32.3898
7914, 32.3913
7915, 32.3917
7916, 32.3917
7917, 32.3932
7918, 32.3932
7919, 32.3941
7920, 32.3955
7921, 32.3975
7922, 32.4041
7923, 32.4046
7924, 32.4051
7925, 32.4065
7926, 32.4075
7927, 32.4084
7928, 32.4108
7929, 32.4113
7930, 32.4132
7931, 32.4151
7932, 32.4184
7933, 32.4217
7934, 32.4217
7935, 32.4222
7936, 32.426
7937, 32.4289
7938, 32.4294
7939, 32.4313
7940, 32.4317
7941, 32.4332
7942, 32.4336
7943, 32.4341
7944, 32.4346
7945, 32.4355
7946, 32.4355
7947, 32.4398
7948, 32.4398
7949, 32.4403
7950, 32.4403
7951, 32.4413
7952, 32.4417
7953, 32.4422
7954, 32.4422
7955, 32.4451
7956, 32.4451
7957, 32.446
7958, 32.4465
7959, 32.4494
7960, 32.4498
7961, 32.4498
7962, 32.4498
7963, 32.4498
7964, 32.4517
7965, 32.4532
7966, 32.4532
7967, 32.4532
7968, 32.4555
7969, 32.456
7970, 32.4565
7971, 32.4565
7972, 32.4565
7973, 32.4579
7974, 32.4603
7975, 32.4613
7976, 32.4636
7977, 32.4651
7978, 32.4655
7979, 32.466
7980, 32.4689
7981, 32.4713
7982, 32.4727
7983, 32.4751
7984, 32.476
7985, 32.4775
7986, 32.4779
7987, 32.4794
7988, 32.4803
7989, 32.4836
7990, 32.487
7991, 32.4875
7992, 32.4898
7993, 32.4913
7994, 32.4927
7995, 32.4927
7996, 32.496
7997, 32.497
7998, 32.497
7999, 32.4989
8000, 32.4994
8001, 32.5003
8002, 32.5003
8003, 32.5041
8004, 32.5075
8005, 32.5084
8006, 32.5094
8007, 32.5127
8008, 32.5132
8009, 32.5136
8010, 32.5165
8011, 32.5227
8012, 32.5232
8013, 32.5284
8014, 32.5303
8015, 32.5303
8016, 32.5341
8017, 32.5351
8018, 32.5355
8019, 32.5365
8020, 32.5379
8021, 32.5389
8022, 32.5408
8023, 32.5413
8024, 32.5413
8025, 32.5427
8026, 32.5436
8027, 32.5474
8028, 32.5474
8029, 32.5479
8030, 32.5503
8031, 32.5513
8032, 32.5536
8033, 32.5579
8034, 32.5589
8035, 32.5598
8036, 32.5651
8037, 32.5655
8038, 32.5713
8039, 32.5751
8040, 32.5755
8041, 32.5765
8042, 32.577
8043, 32.5784
8044, 32.5798
8045, 32.5813
8046, 32.5827
8047, 32.5827
8048, 32.5827
8049, 32.5827
8050, 32.5841
8051, 32.5851
8052, 32.5855
8053, 32.5865
8054, 32.5889
8055, 32.5903
8056, 32.5913
8057, 32.5922
8058, 32.5932
8059, 32.5932
8060, 32.5955
8061, 32.5965
8062, 32.5974
8063, 32.5984
8064, 32.5984
8065, 32.5994
8066, 32.6008
8067, 32.6008
8068, 32.6013
8069, 32.6051
8070, 32.6055
8071, 32.607
8072, 32.607
8073, 32.6079
8074, 32.6113
8075, 32.6132
8076, 32.6146
8077, 32.617
8078, 32.6184
8079, 32.6232
8080, 32.6265
8081, 32.6284
8082, 32.6294
8083, 32.6294
8084, 32.6298
8085, 32.6313
8086, 32.6327
8087, 32.6346
8088, 32.6374
8089, 32.6384
8090, 32.6384
8091, 32.6398
8092, 32.6417
8093, 32.6427
8094, 32.6446
8095, 32.6446
8096, 32.6451
8097, 32.6479
8098, 32.6479
8099, 32.6503
8100, 32.6513
8101, 32.6522
8102, 32.6532
8103, 32.6584
8104, 32.6603
8105, 32.6622
8106, 32.6622
8107, 32.6636
8108, 32.6655
8109, 32.667
8110, 32.6674
8111, 32.6674
8112, 32.6684
8113, 32.6689
8114, 32.6727
8115, 32.676
8116, 32.6784
8117, 32.6789
8118, 32.6817
8119, 32.6822
8120, 32.6832
8121, 32.6841
8122, 32.6855
8123, 32.6865
8124, 32.687
8125, 32.687
8126, 32.687
8127, 32.6894
8128, 32.696
8129, 32.6974
8130, 32.6989
8131, 32.7013
8132, 32.7032
8133, 32.707
8134, 32.7094
8135, 32.7122
8136, 32.7127
8137, 32.7132
8138, 32.7136
8139, 32.7208
8140, 32.7246
8141, 32.7255
8142, 32.727
8143, 32.7294
8144, 32.7308
8145, 32.7308
8146, 32.7313
8147, 32.7313
8148, 32.7327
8149, 32.7379
8150, 32.7408
8151, 32.7455
8152, 32.7474
8153, 32.7479
8154, 32.7489
8155, 32.7494
8156, 32.7503
8157, 32.7503
8158, 32.7532
8159, 32.7579
8160, 32.7589
8161, 32.7589
8162, 32.7603
8163, 32.7613
8164, 32.766
8165, 32.7703
8166, 32.7708
8167, 32.7717
8168, 32.7732
8169, 32.776
8170, 32.7779
8171, 32.7789
8172, 32.7846
8173, 32.7851
8174, 32.7893
8175, 32.7913
8176, 32.7927
8177, 32.7932
8178, 32.7941
8179, 32.7946
8180, 32.7946
8181, 32.7974
8182, 32.7993
8183, 32.7993
8184, 32.8008
8185, 32.8017
8186, 32.8051
8187, 32.807
8188, 32.8074
8189, 32.8098
8190, 32.8098
8191, 32.8117
8192, 32.8117
8193, 32.8146
8194, 32.8155
8195, 32.817
8196, 32.8193
8197, 32.8198
8198, 32.8208
8199, 32.8232
8200, 32.8232
8201, 32.8236
8202, 32.8241
8203, 32.8246
8204, 32.827
8205, 32.8284
8206, 32.8293
8207, 32.8308
8208, 32.8317
8209, 32.8336
8210, 32.8355
8211, 32.837
8212, 32.8384
8213, 32.8393
8214, 32.8422
8215, 32.8427
8216, 32.8436
8217, 32.8451
8218, 32.847
8219, 32.8474
8220, 32.8479
8221, 32.8517
8222, 32.8522
8223, 32.8522
8224, 32.8546
8225, 32.857
8226, 32.8598
8227, 32.8641
8228, 32.8646
8229, 32.8665
8230, 32.8674
8231, 32.8689
8232, 32.8703
8233, 32.8713
8234, 32.8713
8235, 32.8722
8236, 32.8727
8237, 32.8874
8238, 32.8893
8239, 32.8903
8240, 32.8908
8241, 32.8941
8242, 32.8946
8243, 32.8965
8244, 32.897
8245, 32.8979
8246, 32.8984
8247, 32.9065
8248, 32.9113
8249, 32.9151
8250, 32.9155
8251, 32.9165
8252, 32.917
8253, 32.917
8254, 32.9193
8255, 32.9193
8256, 32.9236
8257, 32.9246
8258, 32.9251
8259, 32.926
8260, 32.926
8261, 32.927
8262, 32.927
8263, 32.9313
8264, 32.9327
8265, 32.936
8266, 32.9365
8267, 32.9393
8268, 32.9398
8269, 32.9403
8270, 32.9422
8271, 32.9427
8272, 32.9432
8273, 32.9432
8274, 32.9446
8275, 32.9479
8276, 32.9479
8277, 32.9517
8278, 32.9522
8279, 32.9522
8280, 32.9527
8281, 32.9532
8282, 32.9546
8283, 32.9579
8284, 32.9584
8285, 32.9584
8286, 32.9589
8287, 32.9589
8288, 32.9627
8289, 32.9636
8290, 32.9636
8291, 32.9636
8292, 32.9646
8293, 32.9684
8294, 32.9698
8295, 32.9698
8296, 32.9741
8297, 32.9765
8298, 32.977
8299, 32.9808
8300, 32.9813
8301, 32.9836
8302, 32.9836
8303, 32.9846
8304, 32.9846
8305, 32.9851
8306, 32.986
8307, 32.9865
8308, 32.987
8309, 32.9879
8310, 32.9884
8311, 32.9903
8312, 32.9903
8313, 32.9913
8314, 32.9932
8315, 32.9936
8316, 32.9941
8317, 32.997
8318, 33.0022
8319, 33.0036
8320, 33.0051
8321, 33.0084
8322, 33.0117
8323, 33.016
8324, 33.016
8325, 33.016
8326, 33.017
8327, 33.0174
8328, 33.0179
8329, 33.0203
8330, 33.0212
8331, 33.0222
8332, 33.0227
8333, 33.0227
8334, 33.0246
8335, 33.026
8336, 33.0265
8337, 33.0303
8338, 33.0327
8339, 33.0332
8340, 33.0332
8341, 33.0336
8342, 33.0346
8343, 33.0374
8344, 33.0384
8345, 33.0389
8346, 33.0398
8347, 33.0408
8348, 33.0408
8349, 33.0408
8350, 33.0422
8351, 33.0427
8352, 33.0441
8353, 33.046
8354, 33.047
8355, 33.0479
8356, 33.0489
8357, 33.0493
8358, 33.0517
8359, 33.056
8360, 33.0593
8361, 33.0612
8362, 33.0641
8363, 33.0655
8364, 33.066
8365, 33.0693
8366, 33.0693
8367, 33.0698
8368, 33.0732
8369, 33.0741
8370, 33.0755
8371, 33.076
8372, 33.0765
8373, 33.0779
8374, 33.0793
8375, 33.0812
8376, 33.0841
8377, 33.0851
8378, 33.0855
8379, 33.086
8380, 33.086
8381, 33.0884
8382, 33.0932
8383, 33.0936
8384, 33.0936
8385, 33.096
8386, 33.097
8387, 33.0974
8388, 33.0974
8389, 33.1022
8390, 33.1027
8391, 33.1036
8392, 33.1055
8393, 33.106
8394, 33.1074
8395, 33.1089
8396, 33.1132
8397, 33.1141
8398, 33.117
8399, 33.1174
8400, 33.1189
8401, 33.1193
8402, 33.1208
8403, 33.1217
8404, 33.127
8405, 33.1279
8406, 33.1284
8407, 33.1298
8408, 33.1303
8409, 33.1312
8410, 33.1341
8411, 33.1389
8412, 33.1427
8413, 33.1455
8414, 33.1455
8415, 33.1465
8416, 33.1474
8417, 33.1489
8418, 33.1493
8419, 33.1503
8420, 33.1565
8421, 33.1565
8422, 33.1579
8423, 33.1584
8424, 33.1584
8425, 33.1593
8426, 33.1617
8427, 33.1665
8428, 33.1674
8429, 33.1684
8430, 33.1712
8431, 33.1722
8432, 33.1732
8433, 33.176
8434, 33.1789
8435, 33.1793
8436, 33.1798
8437, 33.1803
8438, 33.1803
8439, 33.1808
8440, 33.1827
8441, 33.1832
8442, 33.1836
8443, 33.1851
8444, 33.1851
8445, 33.1884
8446, 33.1884
8447, 33.1889
8448, 33.1903
8449, 33.1917
8450, 33.1927
8451, 33.1927
8452, 33.1941
8453, 33.1965
8454, 33.1998
8455, 33.2008
8456, 33.2036
8457, 33.2046
8458, 33.2084
8459, 33.2093
8460, 33.2093
8461, 33.2117
8462, 33.2132
8463, 33.2136
8464, 33.2141
8465, 33.2174
8466, 33.2179
8467, 33.2189
8468, 33.2189
8469, 33.2227
8470, 33.2232
8471, 33.2246
8472, 33.226
8473, 33.2274
8474, 33.2284
8475, 33.2289
8476, 33.2312
8477, 33.2317
8478, 33.2336
8479, 33.2341
8480, 33.2355
8481, 33.237
8482, 33.2398
8483, 33.2403
8484, 33.2408
8485, 33.2417
8486, 33.2427
8487, 33.2427
8488, 33.2446
8489, 33.2455
8490, 33.246
8491, 33.2498
8492, 33.2503
8493, 33.2508
8494, 33.2522
8495, 33.2522
8496, 33.2531
8497, 33.2531
8498, 33.2536
8499, 33.2584
8500, 33.2593
8501, 33.2603
8502, 33.2612
8503, 33.2684
8504, 33.2698
8505, 33.2698
8506, 33.2751
8507, 33.276
8508, 33.277
8509, 33.277
8510, 33.277
8511, 33.2774
8512, 33.2793
8513, 33.2822
8514, 33.2836
8515, 33.2851
8516, 33.2865
8517, 33.2865
8518, 33.287
8519, 33.287
8520, 33.2879
8521, 33.2884
8522, 33.2884
8523, 33.2889
8524, 33.2898
8525, 33.2898
8526, 33.2908
8527, 33.296
8528, 33.2965
8529, 33.2979
8530, 33.2989
8531, 33.3017
8532, 33.3017
8533, 33.3022
8534, 33.3036
8535, 33.3055
8536, 33.3079
8537, 33.3093
8538, 33.3117
8539, 33.3127
8540, 33.3136
8541, 33.3141
8542, 33.3165
8543, 33.3179
8544, 33.3179
8545, 33.3184
8546, 33.3193
8547, 33.3203
8548, 33.3217
8549, 33.3231
8550, 33.3231
8551, 33.3236
8552, 33.3298
8553, 33.3298
8554, 33.3312
8555, 33.3327
8556, 33.3327
8557, 33.3331
8558, 33.3336
8559, 33.3355
8560, 33.3355
8561, 33.3379
8562, 33.3379
8563, 33.3384
8564, 33.3408
8565, 33.3412
8566, 33.3412
8567, 33.3441
8568, 33.3446
8569, 33.3446
8570, 33.3484
8571, 33.3498
8572, 33.3503
8573, 33.3517
8574, 33.3541
8575, 33.3551
8576, 33.356
8577, 33.3574
8578, 33.3589
8579, 33.3589
8580, 33.3598
8581, 33.3603
8582, 33.3612
8583, 33.3622
8584, 33.3641
8585, 33.3655
8586, 33.3698
8587, 33.3717
8588, 33.3717
8589, 33.3727
8590, 33.3731
8591, 33.377
8592, 33.3812
8593, 33.3831
8594, 33.386
8595, 33.3865
8596, 33.3898
8597, 33.3912
8598, 33.3931
8599, 33.3979
8600, 33.3993
8601, 33.4065
8602, 33.4084
8603, 33.4093
8604, 33.4122
8605, 33.4131
8606, 33.4136
8607, 33.4151
8608, 33.4184
8609, 33.4189
8610, 33.4193
8611, 33.4217
8612, 33.4222
8613, 33.4236
8614, 33.4312
8615, 33.4331
8616, 33.4336
8617, 33.4351
8618, 33.4374
8619, 33.4393
8620, 33.4408
8621, 33.4441
8622, 33.4451
8623, 33.4451
8624, 33.4455
8625, 33.4503
8626, 33.4508
8627, 33.4546
8628, 33.4551
8629, 33.4551
8630, 33.4555
8631, 33.4574
8632, 33.4589
8633, 33.4593
8634, 33.4598
8635, 33.4603
8636, 33.4617
8637, 33.4684
8638, 33.4684
8639, 33.4693
8640, 33.4703
8641, 33.4736
8642, 33.4736
8643, 33.4755
8644, 33.4774
8645, 33.4774
8646, 33.4798
8647, 33.4812
8648, 33.4831
8649, 33.4831
8650, 33.4846
8651, 33.487
8652, 33.487
8653, 33.4879
8654, 33.4889
8655, 33.4922
8656, 33.4922
8657, 33.4998
8658, 33.4998
8659, 33.5008
8660, 33.5031
8661, 33.5031
8662, 33.5041
8663, 33.507
8664, 33.5089
8665, 33.5093
8666, 33.5165
8667, 33.5165
8668, 33.5189
8669, 33.5217
8670, 33.5227
8671, 33.5327
8672, 33.5331
8673, 33.5331
8674, 33.5336
8675, 33.535
8676, 33.536
8677, 33.5365
8678, 33.5389
8679, 33.5412
8680, 33.5417
8681, 33.5422
8682, 33.5431
8683, 33.5441
8684, 33.5479
8685, 33.555
8686, 33.557
8687, 33.557
8688, 33.557
8689, 33.5593
8690, 33.5608
8691, 33.5617
8692, 33.5622
8693, 33.5627
8694, 33.5627
8695, 33.5641
8696, 33.5665
8697, 33.5684
8698, 33.5689
8699, 33.5698
8700, 33.5698
8701, 33.5698
8702, 33.5741
8703, 33.5746
8704, 33.575
8705, 33.5755
8706, 33.5779
8707, 33.5779
8708, 33.5827
8709, 33.5865
8710, 33.5879
8711, 33.5879
8712, 33.5889
8713, 33.5903
8714, 33.5927
8715, 33.5931
8716, 33.5936
8717, 33.5946
8718, 33.5955
8719, 33.5955
8720, 33.5979
8721, 33.5993
8722, 33.6008
8723, 33.6012
8724, 33.6017
8725, 33.606
8726, 33.6065
8727, 33.6074
8728, 33.6074
8729, 33.6074
8730, 33.6079
8731, 33.6103
8732, 33.6103
8733, 33.6108
8734, 33.6136
8735, 33.6231
8736, 33.6236
8737, 33.6236
8738, 33.6265
8739, 33.6265
8740, 33.6274
8741, 33.6284
8742, 33.6308
8743, 33.6322
8744, 33.6331
8745, 33.6331
8746, 33.6336
8747, 33.6341
8748, 33.6379
8749, 33.6384
8750, 33.645
8751, 33.646
8752, 33.6474
8753, 33.6498
8754, 33.6536
8755, 33.6541
8756, 33.6541
8757, 33.655
8758, 33.6555
8759, 33.6555
8760, 33.656
8761, 33.657
8762, 33.6603
8763, 33.6603
8764, 33.6627
8765, 33.6631
8766, 33.665
8767, 33.6717
8768, 33.675
8769, 33.675
8770, 33.677
8771, 33.6789
8772, 33.6798
8773, 33.6812
8774, 33.6817
8775, 33.6817
8776, 33.6817
8777, 33.6822
8778, 33.6822
8779, 33.6836
8780, 33.6865
8781, 33.6884
8782, 33.6889
8783, 33.6903
8784, 33.6946
8785, 33.6979
8786, 33.6979
8787, 33.6993
8788, 33.6993
8789, 33.705
8790, 33.706
8791, 33.7112
8792, 33.7112
8793, 33.7136
8794, 33.715
8795, 33.717
8796, 33.717
8797, 33.7189
8798, 33.7236
8799, 33.7241
8800, 33.725
8801, 33.726
8802, 33.7265
8803, 33.7284
8804, 33.7317
8805, 33.7331
8806, 33.7336
8807, 33.736
8808, 33.7365
8809, 33.7384
8810, 33.7389
8811, 33.7417
8812, 33.7422
8813, 33.745
8814, 33.7465
8815, 33.7546
8816, 33.7608
8817, 33.7617
8818, 33.7622
8819, 33.7646
8820, 33.766
8821, 33.7669
8822, 33.7741
8823, 33.7746
8824, 33.7755
8825, 33.776
8826, 33.7789
8827, 33.7803
8828, 33.7817
8829, 33.7827
8830, 33.7831
8831, 33.7855
8832, 33.7879
8833, 33.7889
8834, 33.7893
8835, 33.7965
8836, 33.7969
8837, 33.7979
8838, 33.8003
8839, 33.8022
8840, 33.805
8841, 33.805
8842, 33.8055
8843, 33.8084
8844, 33.8098
8845, 33.8103
8846, 33.8146
8847, 33.8184
8848, 33.8189
8849, 33.8293
8850, 33.8327
8851, 33.8336
8852, 33.835
8853, 33.8355
8854, 33.8355
8855, 33.8436
8856, 33.8527
8857, 33.8541
8858, 33.8546
8859, 33.8546
8860, 33.8579
8861, 33.8617
8862, 33.8631
8863, 33.8636
8864, 33.865
8865, 33.8669
8866, 33.8669
8867, 33.8679
8868, 33.8693
8869, 33.8722
8870, 33.8822
8871, 33.8827
8872, 33.8841
8873, 33.886
8874, 33.886
8875, 33.8893
8876, 33.8936
8877, 33.895
8878, 33.896
8879, 33.896
8880, 33.8979
8881, 33.8979
8882, 33.9003
8883, 33.9008
8884, 33.9031
8885, 33.9031
8886, 33.9074
8887, 33.9079
8888, 33.9079
8889, 33.9084
8890, 33.9084
8891, 33.9089
8892, 33.9093
8893, 33.9108
8894, 33.9108
8895, 33.9193
8896, 33.9208
8897, 33.9222
8898, 33.9231
8899, 33.9231
8900, 33.9231
8901, 33.9236
8902, 33.9236
8903, 33.926
8904, 33.9279
8905, 33.9279
8906, 33.9284
8907, 33.9289
8908, 33.9312
8909, 33.9317
8910, 33.9379
8911, 33.9398
8912, 33.9398
8913, 33.9417
8914, 33.9441
8915, 33.9441
8916, 33.9446
8917, 33.945
8918, 33.9479
8919, 33.9508
8920, 33.9517
8921, 33.9536
8922, 33.9541
8923, 33.9589
8924, 33.9593
8925, 33.9612
8926, 33.9631
8927, 33.9641
8928, 33.9674
8929, 33.9693
8930, 33.9722
8931, 33.9755
8932, 33.9774
8933, 33.9784
8934, 33.9831
8935, 33.9855
8936, 33.9874
8937, 33.9874
8938, 33.9879
8939, 33.9893
8940, 33.9898
8941, 33.9912
8942, 33.9917
8943, 33.9941
8944, 33.9955
8945, 33.996
8946, 33.9974
8947, 33.9988
8948, 33.9993
8949, 33.9998
8950, 34.0008
8951, 34.0022
8952, 34.0046
8953, 34.0065
8954, 34.0069
8955, 34.0093
8956, 34.0112
8957, 34.0155
8958, 34.0198
8959, 34.0203
8960, 34.0208
8961, 34.0227
8962, 34.0227
8963, 34.0269
8964, 34.0269
8965, 34.0274
8966, 34.0279
8967, 34.0308
8968, 34.0317
8969, 34.0322
8970, 34.0331
8971, 34.0331
8972, 34.0369
8973, 34.0379
8974, 34.0403
8975, 34.0417
8976, 34.0431
8977, 34.0431
8978, 34.0446
8979, 34.0522
8980, 34.0531
8981, 34.0555
8982, 34.0565
8983, 34.0584
8984, 34.0593
8985, 34.0612
8986, 34.0631
8987, 34.0641
8988, 34.0646
8989, 34.065
8990, 34.0698
8991, 34.0717
8992, 34.0774
8993, 34.0793
8994, 34.0798
8995, 34.0798
8996, 34.0803
8997, 34.0812
8998, 34.0822
8999, 34.0827
9000, 34.0841
9001, 34.086
9002, 34.0874
9003, 34.0893
9004, 34.0898
9005, 34.095
9006, 34.096
9007, 34.0965
9008, 34.0974
9009, 34.0998
9010, 34.1008
9011, 34.1008
9012, 34.1012
9013, 34.1012
9014, 34.1017
9015, 34.1022
9016, 34.1041
9017, 34.105
9018, 34.1088
9019, 34.1093
9020, 34.1098
9021, 34.1122
9022, 34.1127
9023, 34.1136
9024, 34.1141
9025, 34.1141
9026, 34.115
9027, 34.1184
9028, 34.1217
9029, 34.1222
9030, 34.125
9031, 34.125
9032, 34.125
9033, 34.1265
9034, 34.1322
9035, 34.1322
9036, 34.1374
9037, 34.1379
9038, 34.1398
9039, 34.1403
9040, 34.1408
9041, 34.1441
9042, 34.1441
9043, 34.146
9044, 34.1474
9045, 34.1479
9046, 34.1531
9047, 34.1541
9048, 34.155
9049, 34.1593
9050, 34.1598
9051, 34.1622
9052, 34.166
9053, 34.1693
9054, 34.1727
9055, 34.1741
9056, 34.1755
9057, 34.1779
9058, 34.1803
9059, 34.1817
9060, 34.1836
9061, 34.1855
9062, 34.1893
9063, 34.1903
9064, 34.1917
9065, 34.1927
9066, 34.1927
9067, 34.1931
9068, 34.1936
9069, 34.196
9070, 34.1965
9071, 34.1965
9072, 34.1969
9073, 34.2008
9074, 34.2008
9075, 34.2012
9076, 34.2017
9077, 34.2036
9078, 34.2041
9079, 34.206
9080, 34.2074
9081, 34.2084
9082, 34.2108
9083, 34.2112
9084, 34.2117
9085, 34.2127
9086, 34.2131
9087, 34.2141
9088, 34.2217
9089, 34.2222
9090, 34.2241
9091, 34.225
9092, 34.2279
9093, 34.2279
9094, 34.2293
9095, 34.2312
9096, 34.2327
9097, 34.235
9098, 34.2355
9099, 34.2388
9100, 34.2388
9101, 34.2388
9102, 34.2474
9103, 34.2488
9104, 34.2503
9105, 34.2507
9106, 34.2512
9107, 34.2527
9108, 34.256
9109, 34.2565
9110, 34.2593
9111, 34.2598
9112, 34.2603
9113, 34.2627
9114, 34.2641
9115, 34.266
9116, 34.2669
9117, 34.2684
9118, 34.2703
9119, 34.2746
9120, 34.2865
9121, 34.2884
9122, 34.2903
9123, 34.2912
9124, 34.2922
9125, 34.2931
9126, 34.295
9127, 34.295
9128, 34.2984
9129, 34.2998
9130, 34.3017
9131, 34.305
9132, 34.306
9133, 34.3074
9134, 34.3084
9135, 34.3107
9136, 34.3122
9137, 34.3131
9138, 34.3141
9139, 34.3146
9140, 34.315
9141, 34.3165
9142, 34.3169
9143, 34.3179
9144, 34.3236
9145, 34.325
9146, 34.326
9147, 34.3274
9148, 34.3279
9149, 34.3288
9150, 34.3336
9151, 34.3336
9152, 34.3355
9153, 34.3407
9154, 34.3422
9155, 34.3479
9156, 34.3493
9157, 34.3498
9158, 34.3536
9159, 34.3546
9160, 34.355
9161, 34.3574
9162, 34.3593
9163, 34.3612
9164, 34.3669
9165, 34.3684
9166, 34.3698
9167, 34.3698
9168, 34.3755
9169, 34.3822
9170, 34.3822
9171, 34.3831
9172, 34.3836
9173, 34.385
9174, 34.3869
9175, 34.3869
9176, 34.3884
9177, 34.3922
9178, 34.3931
9179, 34.3936
9180, 34.3936
9181, 34.3965
9182, 34.4003
9183, 34.4003
9184, 34.4007
9185, 34.4007
9186, 34.4007
9187, 34.4007
9188, 34.4012
9189, 34.4031
9190, 34.4055
9191, 34.4055
9192, 34.4084
9193, 34.4103
9194, 34.4122
9195, 34.4131
9196, 34.4131
9197, 34.4131
9198, 34.4141
9199, 34.4188
9200, 34.4193
9201, 34.4193
9202, 34.4193
9203, 34.4198
9204, 34.4207
9205, 34.4217
9206, 34.426
9207, 34.4265
9208, 34.4279
9209, 34.4279
9210, 34.4307
9211, 34.4307
9212, 34.4312
9213, 34.4312
9214, 34.4317
9215, 34.4336
9216, 34.4336
9217, 34.4355
9218, 34.4365
9219, 34.4365
9220, 34.4379
9221, 34.4388
9222, 34.4398
9223, 34.4403
9224, 34.4407
9225, 34.4431
9226, 34.4441
9227, 34.4455
9228, 34.4484
9229, 34.4488
9230, 34.4493
9231, 34.4503
9232, 34.4507
9233, 34.4512
9234, 34.4522
9235, 34.4541
9236, 34.4546
9237, 34.456
9238, 34.4579
9239, 34.4622
9240, 34.4641
9241, 34.4641
9242, 34.465
9243, 34.465
9244, 34.4655
9245, 34.466
9246, 34.4665
9247, 34.4679
9248, 34.4679
9249, 34.4684
9250, 34.4722
9251, 34.4726
9252, 34.4731
9253, 34.4736
9254, 34.4736
9255, 34.4755
9256, 34.4779
9257, 34.4798
9258, 34.4812
9259, 34.4812
9260, 34.4826
9261, 34.4831
9262, 34.4855
9263, 34.4865
9264, 34.4869
9265, 34.4907
9266, 34.4936
9267, 34.4941
9268, 34.4941
9269, 34.495
9270, 34.496
9271, 34.4979
9272, 34.5017
9273, 34.5022
9274, 34.505
9275, 34.506
9276, 34.5074
9277, 34.5088
9278, 34.5098
9279, 34.5103
9280, 34.5103
9281, 34.5126
9282, 34.5126
9283, 34.5141
9284, 34.5165
9285, 34.5188
9286, 34.5203
9287, 34.5212
9288, 34.5241
9289, 34.5279
9290, 34.5303
9291, 34.5326
9292, 34.535
9293, 34.5365
9294, 34.5384
9295, 34.5398
9296, 34.5417
9297, 34.5417
9298, 34.5426
9299, 34.545
9300, 34.546
9301, 34.5484
9302, 34.5488
9303, 34.5536
9304, 34.5541
9305, 34.5546
9306, 34.555
9307, 34.555
9308, 34.5598
9309, 34.566
9310, 34.5684
9311, 34.5688
9312, 34.5698
9313, 34.5703
9314, 34.5731
9315, 34.5746
9316, 34.5769
9317, 34.5788
9318, 34.5803
9319, 34.5807
9320, 34.5826
9321, 34.5841
9322, 34.5841
9323, 34.586
9324, 34.5888
9325, 34.595
9326, 34.5965
9327, 34.5988
9328, 34.6007
9329, 34.6041
9330, 34.6088
9331, 34.6098
9332, 34.6126
9333, 34.615
9334, 34.6179
9335, 34.6203
9336, 34.6212
9337, 34.6222
9338, 34.625
9339, 34.6255
9340, 34.6269
9341, 34.6279
9342, 34.6298
9343, 34.6298
9344, 34.6326
9345, 34.6326
9346, 34.6326
9347, 34.636
9348, 34.636
9349, 34.6379
9350, 34.6407
9351, 34.6417
9352, 34.6426
9353, 34.6426
9354, 34.645
9355, 34.6479
9356, 34.6479
9357, 34.6488
9358, 34.6507
9359, 34.6512
9360, 34.6517
9361, 34.6536
9362, 34.6546
9363, 34.6546
9364, 34.6598
9365, 34.6617
9366, 34.6707
9367, 34.6722
9368, 34.6779
9369, 34.6788
9370, 34.6812
9371, 34.6869
9372, 34.6879
9373, 34.6888
9374, 34.6888
9375, 34.6893
9376, 34.6931
9377, 34.6936
9378, 34.6941
9379, 34.6969
9380, 34.6969
9381, 34.6984
9382, 34.6993
9383, 34.7026
9384, 34.7041
9385, 34.7045
9386, 34.706
9387, 34.7065
9388, 34.7069
9389, 34.7074
9390, 34.7079
9391, 34.7088
9392, 34.7107
9393, 34.7112
9394, 34.7112
9395, 34.7117
9396, 34.7122
9397, 34.7136
9398, 34.7145
9399, 34.7198
9400, 34.7198
9401, 34.7217
9402, 34.7255
9403, 34.7279
9404, 34.7288
9405, 34.7322
9406, 34.7341
9407, 34.7341
9408, 34.736
9409, 34.7365
9410, 34.7445
9411, 34.7445
9412, 34.745
9413, 34.7479
9414, 34.7484
9415, 34.7488
9416, 34.7512
9417, 34.7526
9418, 34.7536
9419, 34.7536
9420, 34.7569
9421, 34.7579
9422, 34.7588
9423, 34.7612
9424, 34.7645
9425, 34.7645
9426, 34.7679
9427, 34.7684
9428, 34.7688
9429, 34.7693
9430, 34.7712
9431, 34.7769
9432, 34.7822
9433, 34.7845
9434, 34.7855
9435, 34.786
9436, 34.7898
9437, 34.7898
9438, 34.7903
9439, 34.7903
9440, 34.7907
9441, 34.7936
9442, 34.7936
9443, 34.795
9444, 34.7988
9445, 34.7993
9446, 34.8022
9447, 34.8036
9448, 34.8093
9449, 34.8107
9450, 34.8112
9451, 34.8112
9452, 34.8136
9453, 34.8136
9454, 34.8169
9455, 34.8198
9456, 34.8203
9457, 34.8231
9458, 34.8236
9459, 34.8241
9460, 34.8245
9461, 34.8269
9462, 34.8269
9463, 34.8312
9464, 34.8317
9465, 34.8331
9466, 34.8355
9467, 34.836
9468, 34.8365
9469, 34.8384
9470, 34.8407
9471, 34.8417
9472, 34.8426
9473, 34.8426
9474, 34.8441
9475, 34.8445
9476, 34.8455
9477, 34.846
9478, 34.8474
9479, 34.8474
9480, 34.8474
9481, 34.8498
9482, 34.8507
9483, 34.8536
9484, 34.8536
9485, 34.8541
9486, 34.855
9487, 34.8569
9488, 34.8588
9489, 34.8603
9490, 34.8612
9491, 34.8612
9492, 34.8645
9493, 34.865
9494, 34.866
9495, 34.8669
9496, 34.8693
9497, 34.8784
9498, 34.8784
9499, 34.8798
9500, 34.8817
9501, 34.8822
9502, 34.8879
9503, 34.8888
9504, 34.8926
9505, 34.8926
9506, 34.8936
9507, 34.8984
9508, 34.8988
9509, 34.9022
9510, 34.9041
9511, 34.9069
9512, 34.9103
9513, 34.9107
9514, 34.9117
9515, 34.9145
9516, 34.9155
9517, 34.916
9518, 34.9169
9519, 34.9179
9520, 34.9188
9521, 34.9193
9522, 34.9203
9523, 34.9207
9524, 34.9236
9525, 34.9269
9526, 34.9274
9527, 34.9288
9528, 34.9288
9529, 34.9298
9530, 34.9326
9531, 34.9341
9532, 34.9345
9533, 34.9345
9534, 34.9369
9535, 34.9369
9536, 34.9379
9537, 34.9393
9538, 34.9393
9539, 34.945
9540, 34.9484
9541, 34.9488
9542, 34.9498
9543, 34.9531
9544, 34.9541
9545, 34.9564
9546, 34.9569
9547, 34.9588
9548, 34.9588
9549, 34.9598
9550, 34.9641
9551, 34.9645
9552, 34.9684
9553, 34.9698
9554, 34.9731
9555, 34.9731
9556, 34.9793
9557, 34.9812
9558, 34.9831
9559, 34.985
9560, 34.986
9561, 34.9884
9562, 34.9888
9563, 34.9888
9564, 34.9893
9565, 34.9893
9566, 34.9903
9567, 34.9926
9568, 34.9936
9569, 34.9941
9570, 34.9998
9571, 35.0007
9572, 35.0074
9573, 35.0084
9574, 35.0093
9575, 35.0117
9576, 35.0117
9577, 35.0122
9578, 35.0136
9579, 35.0141
9580, 35.0141
9581, 35.0155
9582, 35.0169
9583, 35.0169
9584, 35.0179
9585, 35.0207
9586, 35.0212
9587, 35.0226
9588, 35.0236
9589, 35.026
9590, 35.0269
9591, 35.0274
9592, 35.0274
9593, 35.0274
9594, 35.0288
9595, 35.0303
9596, 35.0307
9597, 35.0312
9598, 35.0322
9599, 35.0322
9600, 35.0341
9601, 35.0364
9602, 35.0369
9603, 35.0379
9604, 35.0398
9605, 35.0417
9606, 35.0422
9607, 35.0426
9608, 35.0431
9609, 35.0431
9610, 35.0436
9611, 35.0441
9612, 35.0464
9613, 35.0469
9614, 35.0498
9615, 35.0541
9616, 35.055
9617, 35.0564
9618, 35.0598
9619, 35.0607
9620, 35.0631
9621, 35.0641
9622, 35.0674
9623, 35.0688
9624, 35.0712
9625, 35.0826
9626, 35.0836
9627, 35.0841
9628, 35.085
9629, 35.0874
9630, 35.0879
9631, 35.0898
9632, 35.0903
9633, 35.0907
9634, 35.0907
9635, 35.0926
9636, 35.096
9637, 35.0974
9638, 35.0974
9639, 35.0984
9640, 35.0984
9641, 35.0993
9642, 35.0998
9643, 35.1012
9644, 35.1026
9645, 35.1074
9646, 35.1074
9647, 35.1084
9648, 35.1093
9649, 35.1117
9650, 35.1131
9651, 35.1184
9652, 35.1217
9653, 35.1222
9654, 35.1274
9655, 35.1288
9656, 35.1303
9657, 35.1341
9658, 35.1369
9659, 35.1374
9660, 35.1431
9661, 35.145
9662, 35.1464
9663, 35.1474
9664, 35.1479
9665, 35.1488
9666, 35.1488
9667, 35.1503
9668, 35.1517
9669, 35.1531
9670, 35.1545
9671, 35.156
9672, 35.1564
9673, 35.1588
9674, 35.1593
9675, 35.1612
9676, 35.1626
9677, 35.1626
9678, 35.1655
9679, 35.1669
9680, 35.1679
9681, 35.1684
9682, 35.1693
9683, 35.1693
9684, 35.1698
9685, 35.1703
9686, 35.1712
9687, 35.1717
9688, 35.1731
9689, 35.1736
9690, 35.1755
9691, 35.176
9692, 35.1793
9693, 35.1803
9694, 35.1817
9695, 35.1836
9696, 35.1841
9697, 35.1845
9698, 35.1855
9699, 35.1888
9700, 35.1893
9701, 35.1903
9702, 35.195
9703, 35.196
9704, 35.1974
9705, 35.1983
9706, 35.2003
9707, 35.2012
9708, 35.2026
9709, 35.2041
9710, 35.206
9711, 35.2083
9712, 35.2098
9713, 35.2112
9714, 35.2117
9715, 35.2131
9716, 35.2141
9717, 35.2169
9718, 35.2179
9719, 35.2188
9720, 35.2188
9721, 35.2236
9722, 35.2245
9723, 35.226
9724, 35.226
9725, 35.2288
9726, 35.2298
9727, 35.2307
9728, 35.2307
9729, 35.2317
9730, 35.2336
9731, 35.235
9732, 35.2379
9733, 35.2398
9734, 35.2412
9735, 35.2431
9736, 35.245
9737, 35.2483
9738, 35.2536
9739, 35.2574
9740, 35.2574
9741, 35.2583
9742, 35.2583
9743, 35.2607
9744, 35.2612
9745, 35.2622
9746, 35.2626
9747, 35.2641
9748, 35.2664
9749, 35.2688
9750, 35.2717
9751, 35.2726
9752, 35.275
9753, 35.2783
9754, 35.2807
9755, 35.2826
9756, 35.286
9757, 35.2874
9758, 35.2883
9759, 35.2903
9760, 35.2912
9761, 35.2969
9762, 35.3017
9763, 35.3022
9764, 35.3031
9765, 35.3031
9766, 35.3036
9767, 35.306
9768, 35.3083
9769, 35.3112
9770, 35.3126
9771, 35.3193
9772, 35.3236
9773, 35.3255
9774, 35.335
9775, 35.3379
9776, 35.3383
9777, 35.3403
9778, 35.3422
9779, 35.3422
9780, 35.3426
9781, 35.3464
9782, 35.3474
9783, 35.3483
9784, 35.3498
9785, 35.3498
9786, 35.3503
9787, 35.3522
9788, 35.3531
9789, 35.356
9790, 35.3579
9791, 35.3588
9792, 35.3598
9793, 35.3607
9794, 35.3645
9795, 35.3645
9796, 35.366
9797, 35.3688
9798, 35.3693
9799, 35.3703
9800, 35.3731
9801, 35.3745
9802, 35.3774
9803, 35.3788
9804, 35.3803
9805, 35.3812
9806, 35.3812
9807, 35.3869
9808, 35.3888
9809, 35.3888
9810, 35.3903
9811, 35.3912
9812, 35.3912
9813, 35.3922
9814, 35.3936
9815, 35.3945
9816, 35.3988
9817, 35.3988
9818, 35.3998
9819, 35.4007
9820, 35.4026
9821, 35.4045
9822, 35.4088
9823, 35.4103
9824, 35.4112
9825, 35.4136
9826, 35.4145
9827, 35.4155
9828, 35.4155
9829, 35.4169
9830, 35.4207
9831, 35.4245
9832, 35.425
9833, 35.4255
9834, 35.4255
9835, 35.4274
9836, 35.4279
9837, 35.4283
9838, 35.4302
9839, 35.4322
9840, 35.4326
9841, 35.436
9842, 35.4398
9843, 35.4417
9844, 35.446
9845, 35.4488
9846, 35.4488
9847, 35.4493
9848, 35.4512
9849, 35.4545
9850, 35.456
9851, 35.4583
9852, 35.4598
9853, 35.4617
9854, 35.4622
9855, 35.4636
9856, 35.4636
9857, 35.4679
9858, 35.4683
9859, 35.4707
9860, 35.4722
9861, 35.4722
9862, 35.4726
9863, 35.4769
9864, 35.4774
9865, 35.4779
9866, 35.4793
9867, 35.4802
9868, 35.4812
9869, 35.4831
9870, 35.4845
9871, 35.485
9872, 35.4855
9873, 35.4855
9874, 35.4855
9875, 35.4869
9876, 35.4898
9877, 35.4907
9878, 35.4912
9879, 35.4922
9880, 35.4926
9881, 35.4936
9882, 35.4945
9883, 35.4955
9884, 35.4969
9885, 35.4969
9886, 35.4988
9887, 35.5002
9888, 35.5022
9889, 35.5026
9890, 35.5036
9891, 35.5041
9892, 35.5055
9893, 35.5055
9894, 35.5088
9895, 35.5112
9896, 35.5112
9897, 35.5131
9898, 35.5131
9899, 35.5141
9900, 35.516
9901, 35.5174
9902, 35.5174
9903, 35.5174
9904, 35.5183
9905, 35.5188
9906, 35.5188
9907, 35.5226
9908, 35.5283
9909, 35.5302
9910, 35.5307
9911, 35.5312
9912, 35.5317
9913, 35.5322
9914, 35.5331
9915, 35.5336
9916, 35.5341
9917, 35.536
9918, 35.5374
9919, 35.5379
9920, 35.5398
9921, 35.5398
9922, 35.5407
9923, 35.5412
9924, 35.5412
9925, 35.5412
9926, 35.5417
9927, 35.5436
9928, 35.5441
9929, 35.545
9930, 35.5464
9931, 35.5474
9932, 35.5483
9933, 35.5517
9934, 35.5531
9935, 35.5541
9936, 35.5579
9937, 35.5622
9938, 35.5626
9939, 35.5664
9940, 35.5679
9941, 35.575
9942, 35.5755
9943, 35.576
9944, 35.576
9945, 35.5764
9946, 35.5764
9947, 35.5774
9948, 35.5798
9949, 35.5812
9950, 35.5879
9951, 35.5888
9952, 35.5888
9953, 35.5907
9954, 35.5912
9955, 35.5912
9956, 35.5922
9957, 35.5955
9958, 35.5964
9959, 35.5964
9960, 35.5969
9961, 35.6002
9962, 35.6017
9963, 35.6022
9964, 35.6026
9965, 35.606
9966, 35.6074
9967, 35.6098
9968, 35.6107
9969, 35.6136
9970, 35.6136
9971, 35.6145
9972, 35.616
9973, 35.6198
9974, 35.6202
9975, 35.6202
9976, 35.6226
9977, 35.6241
9978, 35.6241
9979, 35.6245
9980, 35.6255
9981, 35.626
9982, 35.6269
9983, 35.6322
9984, 35.6336
9985, 35.6379
9986, 35.6407
9987, 35.6426
9988, 35.645
9989, 35.6455
9990, 35.6455
9991, 35.6498
9992, 35.6512
9993, 35.6512
9994, 35.6531
9995, 35.6555
9996, 35.6569
9997, 35.6598
9998, 35.6602
9999, 35.6645
10000, 35.665
10001, 35.6655
10002, 35.666
10003, 35.6683
10004, 35.6698
10005, 35.6707
10006, 35.6712
10007, 35.6821
10008, 35.6821
10009, 35.685
10010, 35.6869
10011, 35.6879
10012, 35.6912
10013, 35.6921
10014, 35.6926
10015, 35.6931
10016, 35.696
10017, 35.696
10018, 35.696
10019, 35.6964
10020, 35.6993
10021, 35.6993
10022, 35.6998
10023, 35.7002
10024, 35.7021
10025, 35.7036
10026, 35.7055
10027, 35.7055
10028, 35.7079
10029, 35.7112
10030, 35.7136
10031, 35.7141
10032, 35.7164
10033, 35.7174
10034, 35.7179
10035, 35.7198
10036, 35.7202
10037, 35.7226
10038, 35.7245
10039, 35.7245
10040, 35.7293
10041, 35.7302
10042, 35.7321
10043, 35.7336
10044, 35.7336
10045, 35.7355
10046, 35.7364
10047, 35.7426
10048, 35.7441
10049, 35.7445
10050, 35.7445
10051, 35.7464
10052, 35.7469
10053, 35.7488
10054, 35.7502
10055, 35.7512
10056, 35.7541
10057, 35.7564
10058, 35.7574
10059, 35.7588
10060, 35.7593
10061, 35.7617
10062, 35.7645
10063, 35.766
10064, 35.7669
10065, 35.7683
10066, 35.7721
10067, 35.7779
10068, 35.7788
10069, 35.7817
10070, 35.7821
10071, 35.7826
10072, 35.7845
10073, 35.785
10074, 35.7855
10075, 35.786
10076, 35.7883
10077, 35.7888
10078, 35.7902
10079, 35.7907
10080, 35.7907
10081, 35.7917
10082, 35.7941
10083, 35.7955
10084, 35.796
10085, 35.8007
10086, 35.8017
10087, 35.8026
10088, 35.806
10089, 35.8069
10090, 35.8069
10091, 35.8079
10092, 35.8098
10093, 35.8102
10094, 35.8131
10095, 35.8164
10096, 35.8193
10097, 35.8207
10098, 35.8207
10099, 35.8231
10100, 35.8236
10101, 35.8255
10102, 35.8264
10103, 35.8269
10104, 35.8274
10105, 35.8298
10106, 35.8312
10107, 35.8317
10108, 35.8331
10109, 35.8336
10110, 35.8341
10111, 35.8383
10112, 35.8421
10113, 35.8441
10114, 35.846
10115, 35.8464
10116, 35.8512
10117, 35.8512
10118, 35.8517
10119, 35.8531
10120, 35.855
10121, 35.8555
10122, 35.8583
10123, 35.8598
10124, 35.8612
10125, 35.8612
10126, 35.8621
10127, 35.8636
10128, 35.8636
10129, 35.8664
10130, 35.8669
10131, 35.8698
10132, 35.8698
10133, 35.8698
10134, 35.8712
10135, 35.8717
10136, 35.8717
10137, 35.8721
10138, 35.8731
10139, 35.8736
10140, 35.8745
10141, 35.8783
10142, 35.8802
10143, 35.8802
10144, 35.8817
10145, 35.8826
10146, 35.8898
10147, 35.8902
10148, 35.8917
10149, 35.8917
10150, 35.895
10151, 35.895
10152, 35.8969
10153, 35.8993
10154, 35.8998
10155, 35.9002
10156, 35.9012
10157, 35.9017
10158, 35.9031
10159, 35.904
10160, 35.9055
10161, 35.906
10162, 35.9069
10163, 35.9079
10164, 35.9088
10165, 35.9088
10166, 35.9093
10167, 35.914
10168, 35.916
10169, 35.9174
10170, 35.9183
10171, 35.9198
10172, 35.9198
10173, 35.9217
10174, 35.9221
10175, 35.9226
10176, 35.925
10177, 35.925
10178, 35.9331
10179, 35.9336
10180, 35.934
10181, 35.936
10182, 35.9369
10183, 35.9369
10184, 35.9379
10185, 35.9393
10186, 35.9393
10187, 35.9398
10188, 35.9402
10189, 35.9402
10190, 35.9436
10191, 35.9445
10192, 35.9445
10193, 35.9512
10194, 35.9526
10195, 35.9593
10196, 35.9593
10197, 35.9602
10198, 35.9607
10199, 35.964
10200, 35.9664
10201, 35.9669
10202, 35.9679
10203, 35.9712
10204, 35.9721
10205, 35.9745
10206, 35.9769
10207, 35.9774
10208, 35.9793
10209, 35.9817
10210, 35.9826
10211, 35.9831
10212, 35.985
10213, 35.985
10214, 35.9869
10215, 35.9888
10216, 35.9898
10217, 35.9912
10218, 35.9921
10219, 35.995
10220, 35.996
10221, 35.9964
10222, 35.9974
10223, 35.9974
10224, 35.9974
10225, 35.9988
10226, 36.0021
10227, 36.0021
10228, 36.0021
10229, 36.004
10230, 36.004
10231, 36.0045
10232, 36.0102
10233, 36.0117
10234, 36.0117
10235, 36.0121
10236, 36.0188
10237, 36.0217
10238, 36.0226
10239, 36.0255
10240, 36.0255
10241, 36.0283
10242, 36.0312
10243, 36.0331
10244, 36.0383
10245, 36.0393
10246, 36.0402
10247, 36.0407
10248, 36.0417
10249, 36.0431
10250, 36.0431
10251, 36.0436
10252, 36.044
10253, 36.0455
10254, 36.0464
10255, 36.0474
10256, 36.0488
10257, 36.0493
10258, 36.0531
10259, 36.0555
10260, 36.056
10261, 36.0564
10262, 36.0574
10263, 36.0579
10264, 36.0607
10265, 36.064
10266, 36.0645
10267, 36.0645
10268, 36.065
10269, 36.065
10270, 36.065
10271, 36.0664
10272, 36.0669
10273, 36.0683
10274, 36.0688
10275, 36.0698
10276, 36.0712
10277, 36.0731
10278, 36.076
10279, 36.0769
10280, 36.0774
10281, 36.0798
10282, 36.0802
10283, 36.0812
10284, 36.0817
10285, 36.0817
10286, 36.0821
10287, 36.0831
10288, 36.0874
10289, 36.0874
10290, 36.0879
10291, 36.094
10292, 36.0945
10293, 36.0969
10294, 36.1017
10295, 36.1036
10296, 36.105
10297, 36.1064
10298, 36.1093
10299, 36.1093
10300, 36.1102
10301, 36.1131
10302, 36.1155
10303, 36.116
10304, 36.1174
10305, 36.1221
10306, 36.126
10307, 36.126
10308, 36.1274
10309, 36.1312
10310, 36.1317
10311, 36.134
10312, 36.1345
10313, 36.1355
10314, 36.1364
10315, 36.1407
10316, 36.1455
10317, 36.1493
10318, 36.1512
10319, 36.1512
10320, 36.1536
10321, 36.154
10322, 36.1583
10323, 36.1602
10324, 36.1607
10325, 36.1607
10326, 36.1617
10327, 36.165
10328, 36.1664
10329, 36.1674
10330, 36.1683
10331, 36.1702
10332, 36.1707
10333, 36.1707
10334, 36.1717
10335, 36.1731
10336, 36.1745
10337, 36.175
10338, 36.1759
10339, 36.1783
10340, 36.1802
10341, 36.1807
10342, 36.1812
10343, 36.1817
10344, 36.1855
10345, 36.1893
10346, 36.1898
10347, 36.1898
10348, 36.1902
10349, 36.1912
10350, 36.1921
10351, 36.1926
10352, 36.1926
10353, 36.1931
10354, 36.1964
10355, 36.1974
10356, 36.1974
10357, 36.1974
10358, 36.1993
10359, 36.204
10360, 36.2079
10361, 36.2112
10362, 36.215
10363, 36.215
10364, 36.2159
10365, 36.2164
10366, 36.2226
10367, 36.224
10368, 36.225
10369, 36.2259
10370, 36.2279
10371, 36.2317
10372, 36.2317
10373, 36.2321
10374, 36.2345
10375, 36.2369
10376, 36.2398
10377, 36.2426
10378, 36.2431
10379, 36.2455
10380, 36.2469
10381, 36.2493
10382, 36.2521
10383, 36.2536
10384, 36.2536
10385, 36.2555
10386, 36.2574
10387, 36.2579
10388, 36.2602
10389, 36.2607
10390, 36.2621
10391, 36.265
10392, 36.2674
10393, 36.2679
10394, 36.2683
10395, 36.2688
10396, 36.2712
10397, 36.2745
10398, 36.2755
10399, 36.2759
10400, 36.2779
10401, 36.2798
10402, 36.2802
10403, 36.2812
10404, 36.2821
10405, 36.284
10406, 36.2864
10407, 36.2898
10408, 36.2917
10409, 36.2926
10410, 36.2964
10411, 36.2979
10412, 36.3002
10413, 36.3064
10414, 36.3074
10415, 36.3079
10416, 36.3083
10417, 36.3098
10418, 36.3102
10419, 36.3145
10420, 36.3188
10421, 36.3193
10422, 36.3193
10423, 36.3202
10424, 36.3212
10425, 36.3245
10426, 36.3259
10427, 36.3259
10428, 36.3288
10429, 36.3293
10430, 36.3298
10431, 36.3312
10432, 36.3321
10433, 36.3359
10434, 36.3412
10435, 36.3412
10436, 36.3412
10437, 36.3412
10438, 36.3493
10439, 36.3536
10440, 36.354
10441, 36.355
10442, 36.355
10443, 36.355
10444, 36.3559
10445, 36.3569
10446, 36.3598
10447, 36.3607
10448, 36.3621
10449, 36.3626
10450, 36.3626
10451, 36.3636
10452, 36.364
10453, 36.365
10454, 36.3659
10455, 36.3659
10456, 36.3664
10457, 36.3669
10458, 36.3683
10459, 36.3688
10460, 36.3698
10461, 36.3702
10462, 36.3712
10463, 36.3745
10464, 36.3745
10465, 36.3745
10466, 36.3745
10467, 36.3774
10468, 36.3783
10469, 36.3798
10470, 36.3807
10471, 36.3831
10472, 36.3831
10473, 36.3855
10474, 36.3898
10475, 36.3907
10476, 36.3921
10477, 36.3936
10478, 36.3955
10479, 36.3983
10480, 36.4012
10481, 36.4012
10482, 36.4017
10483, 36.4036
10484, 36.404
10485, 36.404
10486, 36.404
10487, 36.4045
10488, 36.4055
10489, 36.4069
10490, 36.4083
10491, 36.4093
10492, 36.4117
10493, 36.4164
10494, 36.4178
10495, 36.4188
10496, 36.4212
10497, 36.4217
10498, 36.4221
10499, 36.4231
10500, 36.4283
10501, 36.4293
10502, 36.4302
10503, 36.4307
10504, 36.4326
10505, 36.4331
10506, 36.4364
10507, 36.4412
10508, 36.4474
10509, 36.4493
10510, 36.4502
10511, 36.4507
10512, 36.4512
10513, 36.4517
10514, 36.4521
10515, 36.4521
10516, 36.4545
10517, 36.4555
10518, 36.4559
10519, 36.4583
10520, 36.4588
10521, 36.4602
10522, 36.4617
10523, 36.464
10524, 36.4655
10525, 36.4664
10526, 36.4678
10527, 36.4707
10528, 36.4721
10529, 36.4721
10530, 36.4731
10531, 36.4736
10532, 36.4745
10533, 36.4764
10534, 36.4764
10535, 36.4764
10536, 36.4774
10537, 36.4778
10538, 36.4807
10539, 36.4807
10540, 36.4893
10541, 36.4902
10542, 36.4907
10543, 36.4912
10544, 36.4936
10545, 36.4964
10546, 36.4969
10547, 36.4978
10548, 36.4988
10549, 36.5002
10550, 36.5017
10551, 36.5017
10552, 36.5021
10553, 36.5026
10554, 36.5031
10555, 36.5036
10556, 36.5069
10557, 36.5074
10558, 36.5093
10559, 36.5112
10560, 36.5126
10561, 36.5155
10562, 36.5169
10563, 36.5198
10564, 36.5202
10565, 36.5207
10566, 36.5212
10567, 36.5231
10568, 36.5298
10569, 36.5298
10570, 36.5312
10571, 36.5321
10572, 36.5331
10573, 36.534
10574, 36.5345
10575, 36.5369
10576, 36.5374
10577, 36.5398
10578, 36.5398
10579, 36.5402
10580, 36.5407
10581, 36.5417
10582, 36.5455
10583, 36.5455
10584, 36.5459
10585, 36.5512
10586, 36.5526
10587, 36.5531
10588, 36.554
10589, 36.554
10590, 36.5555
10591, 36.5555
10592, 36.5569
10593, 36.5578
10594, 36.5593
10595, 36.5617
10596, 36.564
10597, 36.5655
10598, 36.5659
10599, 36.5674
10600, 36.5674
10601, 36.5678
10602, 36.5678
10603, 36.5683
10604, 36.5698
10605, 36.5707
10606, 36.5717
10607, 36.5726
10608, 36.575
10609, 36.5769
10610, 36.5778
10611, 36.5783
10612, 36.5807
10613, 36.584
10614, 36.5855
10615, 36.5912
10616, 36.5912
10617, 36.5931
10618, 36.5955
10619, 36.5974
10620, 36.5974
10621, 36.5993
10622, 36.6002
10623, 36.6007
10624, 36.6017
10625, 36.6026
10626, 36.604
10627, 36.6064
10628, 36.6069
10629, 36.6102
10630, 36.6107
10631, 36.6126
10632, 36.6145
10633, 36.6159
10634, 36.6164
10635, 36.6169
10636, 36.6193
10637, 36.6202
10638, 36.6207
10639, 36.6212
10640, 36.6212
10641, 36.6217
10642, 36.6221
10643, 36.6255
10644, 36.6259
10645, 36.6288
10646, 36.6297
10647, 36.6302
10648, 36.6302
10649, 36.6312
10650, 36.635
10651, 36.6355
10652, 36.6364
10653, 36.6378
10654, 36.6378
10655, 36.6431
10656, 36.6431
10657, 36.6431
10658, 36.644
10659, 36.6474
10660, 36.6478
10661, 36.6488
10662, 36.6488
10663, 36.6493
10664, 36.6493
10665, 36.6497
10666, 36.6497
10667, 36.6521
10668, 36.6545
10669, 36.655
10670, 36.6578
10671, 36.6593
10672, 36.6607
10673, 36.6645
10674, 36.665
10675, 36.6678
10676, 36.6707
10677, 36.6731
10678, 36.6812
10679, 36.6812
10680, 36.6836
10681, 36.685
10682, 36.6859
10683, 36.6878
10684, 36.6888
10685, 36.6897
10686, 36.6926
10687, 36.6997
10688, 36.7026
10689, 36.7036
10690, 36.7045
10691, 36.7064
10692, 36.7074
10693, 36.7145
10694, 36.7145
10695, 36.715
10696, 36.7155
10697, 36.7188
10698, 36.7207
10699, 36.7221
10700, 36.7231
10701, 36.7259
10702, 36.7321
10703, 36.7326
10704, 36.7412
10705, 36.7426
10706, 36.745
10707, 36.7455
10708, 36.7478
10709, 36.7493
10710, 36.7526
10711, 36.7545
10712, 36.7564
10713, 36.7569
10714, 36.7574
10715, 36.7574
10716, 36.7607
10717, 36.7612
10718, 36.7612
10719, 36.7664
10720, 36.7712
10721, 36.774
10722, 36.7745
10723, 36.7755
10724, 36.7783
10725, 36.7788
10726, 36.7802
10727, 36.7817
10728, 36.7826
10729, 36.7845
10730, 36.7869
10731, 36.7883
10732, 36.7897
10733, 36.7926
10734, 36.7955
10735, 36.8012
10736, 36.8021
10737, 36.805
10738, 36.805
10739, 36.805
10740, 36.8078
10741, 36.8093
10742, 36.8145
10743, 36.8145
10744, 36.8155
10745, 36.8155
10746, 36.8207
10747, 36.8245
10748, 36.8245
10749, 36.8245
10750, 36.8359
10751, 36.8374
10752, 36.8374
10753, 36.8378
10754, 36.8397
10755, 36.8502
10756, 36.8536
10757, 36.8536
10758, 36.8583
10759, 36.8626
10760, 36.8631
10761, 36.865
10762, 36.8655
10763, 36.8688
10764, 36.8707
10765, 36.8707
10766, 36.8707
10767, 36.8721
10768, 36.8764
10769, 36.8783
10770, 36.8783
10771, 36.8793
10772, 36.8802
10773, 36.8807
10774, 36.8812
10775, 36.8859
10776, 36.8859
10777, 36.8883
10778, 36.8916
10779, 36.8916
10780, 36.8916
10781, 36.895
10782, 36.8959
10783, 36.8959
10784, 36.8983
10785, 36.8983
10786, 36.8993
10787, 36.9021
10788, 36.904
10789, 36.9045
10790, 36.9174
10791, 36.9207
10792, 36.9226
10793, 36.9231
10794, 36.9269
10795, 36.9331
10796, 36.9336
10797, 36.935
10798, 36.9383
10799, 36.9402
10800, 36.9426
10801, 36.9426
10802, 36.9436
10803, 36.944
10804, 36.9455
10805, 36.9459
10806, 36.9464
10807, 36.9474
10808, 36.9536
10809, 36.954
10810, 36.9545
10811, 36.9569
10812, 36.9569
10813, 36.9578
10814, 36.9597
10815, 36.9612
10816, 36.9616
10817, 36.9621
10818, 36.965
10819, 36.9678
10820, 36.9693
10821, 36.9697
10822, 36.9716
10823, 36.975
10824, 36.9759
10825, 36.9759
10826, 36.9788
10827, 36.9788
10828, 36.9793
10829, 36.9812
10830, 36.9821
10831, 36.985
10832, 36.9864
10833, 36.9869
10834, 36.9888
10835, 36.9945
10836, 36.9955
10837, 36.9955
10838, 36.9964
10839, 36.9983
10840, 37.0016
10841, 37.0069
10842, 37.0074
10843, 37.0097
10844, 37.0102
10845, 37.0126
10846, 37.0183
10847, 37.025
10848, 37.0293
10849, 37.0312
10850, 37.0316
10851, 37.0321
10852, 37.0336
10853, 37.034
10854, 37.0364
10855, 37.0364
10856, 37.0378
10857, 37.0388
10858, 37.0412
10859, 37.0416
10860, 37.0431
10861, 37.0436
10862, 37.0445
10863, 37.0459
10864, 37.0555
10865, 37.0559
10866, 37.0564
10867, 37.0564
10868, 37.0602
10869, 37.0607
10870, 37.0626
10871, 37.0626
10872, 37.0659
10873, 37.0678
10874, 37.0683
10875, 37.0688
10876, 37.0702
10877, 37.0745
10878, 37.0774
10879, 37.0788
10880, 37.0802
10881, 37.0816
10882, 37.0836
10883, 37.085
10884, 37.085
10885, 37.0859
10886, 37.0874
10887, 37.0888
10888, 37.0893
10889, 37.0902
10890, 37.0955
10891, 37.0964
10892, 37.0964
10893, 37.0993
10894, 37.0993
10895, 37.1007
10896, 37.1064
10897, 37.1126
10898, 37.1135
10899, 37.1145
10900, 37.1178
10901, 37.1178
10902, 37.1202
10903, 37.1235
10904, 37.1235
10905, 37.125
10906, 37.1255
10907, 37.1259
10908, 37.1307
10909, 37.1307
10910, 37.1331
10911, 37.1355
10912, 37.1402
10913, 37.1426
10914, 37.1431
10915, 37.145
10916, 37.1459
10917, 37.1469
10918, 37.1478
10919, 37.1488
10920, 37.1535
10921, 37.154
10922, 37.1559
10923, 37.1564
10924, 37.1593
10925, 37.1612
10926, 37.1631
10927, 37.1635
10928, 37.1645
10929, 37.1664
10930, 37.1674
10931, 37.1674
10932, 37.1683
10933, 37.1683
10934, 37.1716
10935, 37.1716
10936, 37.1745
10937, 37.1759
10938, 37.1797
10939, 37.1797
10940, 37.1826
10941, 37.1831
10942, 37.1845
10943, 37.1859
10944, 37.1859
10945, 37.1869
10946, 37.1964
10947, 37.1988
10948, 37.2016
10949, 37.2055
10950, 37.2102
10951, 37.214
10952, 37.2155
10953, 37.2159
10954, 37.2178
10955, 37.2183
10956, 37.2202
10957, 37.2221
10958, 37.2307
10959, 37.2331
10960, 37.2355
10961, 37.2359
10962, 37.2388
10963, 37.2407
10964, 37.2478
10965, 37.2483
10966, 37.2488
10967, 37.2493
10968, 37.2493
10969, 37.2502
10970, 37.2502
10971, 37.2531
10972, 37.2535
10973, 37.254
10974, 37.2578
10975, 37.2578
10976, 37.2588
10977, 37.2588
10978, 37.2593
10979, 37.2602
10980, 37.2602
10981, 37.2621
10982, 37.2626
10983, 37.2626
10984, 37.2655
10985, 37.2664
10986, 37.275
10987, 37.2764
10988, 37.2778
10989, 37.2816
10990, 37.2845
10991, 37.2869
10992, 37.2897
10993, 37.2902
10994, 37.2907
10995, 37.2912
10996, 37.2945
10997, 37.2945
10998, 37.2978
10999, 37.2988
11000, 37.2988
11001, 37.3026
11002, 37.3035
11003, 37.3045
11004, 37.3059
11005, 37.3069
11006, 37.3097
11007, 37.3116
11008, 37.3126
11009, 37.314
11010, 37.3164
11011, 37.3169
11012, 37.3169
11013, 37.3226
11014, 37.3235
11015, 37.3259
11016, 37.3264
11017, 37.3278
11018, 37.3283
11019, 37.3307
11020, 37.335
11021, 37.3364
11022, 37.3383
11023, 37.3402
11024, 37.3412
11025, 37.3416
11026, 37.3421
11027, 37.3445
11028, 37.3464
11029, 37.3478
11030, 37.3516
11031, 37.3583
11032, 37.3588
11033, 37.3616
11034, 37.3659
11035, 37.3693
11036, 37.3702
11037, 37.3721
11038, 37.3735
11039, 37.3759
11040, 37.3783
11041, 37.3797
11042, 37.3826
11043, 37.3845
11044, 37.3864
11045, 37.3888
11046, 37.3893
11047, 37.3926
11048, 37.3954
11049, 37.3959
11050, 37.3997
11051, 37.4007
11052, 37.4012
11053, 37.4016
11054, 37.4045
11055, 37.4069
11056, 37.4178
11057, 37.4188
11058, 37.4193
11059, 37.4197
11060, 37.4226
11061, 37.4283
11062, 37.4293
11063, 37.4312
11064, 37.4345
11065, 37.4345
11066, 37.4421
11067, 37.4426
11068, 37.444
11069, 37.4445
11070, 37.4464
11071, 37.4493
11072, 37.4502
11073, 37.4507
11074, 37.4516
11075, 37.4516
11076, 37.4516
11077, 37.4521
11078, 37.454
11079, 37.455
11080, 37.4564
11081, 37.4564
11082, 37.4578
11083, 37.4621
11084, 37.465
11085, 37.4674
11086, 37.4678
11087, 37.4702
11088, 37.4735
11089, 37.4793
11090, 37.4835
11091, 37.4854
11092, 37.4854
11093, 37.4897
11094, 37.4907
11095, 37.4907
11096, 37.4912
11097, 37.4945
11098, 37.4959
11099, 37.4997
11100, 37.4997
11101, 37.5007
11102, 37.5064
11103, 37.5078
11104, 37.5107
11105, 37.5112
11106, 37.5116
11107, 37.5126
11108, 37.5154
11109, 37.5169
11110, 37.5174
11111, 37.5174
11112, 37.5174
11113, 37.5183
11114, 37.5202
11115, 37.5221
11116, 37.5221
11117, 37.5264
11118, 37.5264
11119, 37.5274
11120, 37.5274
11121, 37.5278
11122, 37.5307
11123, 37.5326
11124, 37.535
11125, 37.5359
11126, 37.5383
11127, 37.5407
11128, 37.5502
11129, 37.5507
11130, 37.5545
11131, 37.555
11132, 37.5554
11133, 37.5554
11134, 37.5612
11135, 37.5693
11136, 37.5707
11137, 37.5812
11138, 37.5854
11139, 37.5859
11140, 37.5859
11141, 37.5883
11142, 37.5893
11143, 37.6045
11144, 37.6054
11145, 37.6059
11146, 37.6073
11147, 37.6088
11148, 37.6093
11149, 37.6097
11150, 37.6097
11151, 37.6107
11152, 37.6112
11153, 37.6145
11154, 37.6202
11155, 37.6221
11156, 37.6221
11157, 37.625
11158, 37.6321
11159, 37.6331
11160, 37.6331
11161, 37.6331
11162, 37.6335
11163, 37.634
11164, 37.6345
11165, 37.6359
11166, 37.6364
11167, 37.6378
11168, 37.6378
11169, 37.6393
11170, 37.6412
11171, 37.6435
11172, 37.644
11173, 37.6445
11174, 37.6473
11175, 37.6488
11176, 37.6497
11177, 37.6531
11178, 37.6564
11179, 37.6578
11180, 37.6583
11181, 37.6602
11182, 37.6607
11183, 37.6607
11184, 37.6626
11185, 37.6654
11186, 37.6664
11187, 37.6669
11188, 37.6669
11189, 37.6669
11190, 37.6688
11191, 37.6688
11192, 37.6693
11193, 37.6712
11194, 37.674
11195, 37.6745
11196, 37.6745
11197, 37.6778
11198, 37.685
11199, 37.6859
11200, 37.6864
11201, 37.6878
11202, 37.6897
11203, 37.6902
11204, 37.6931
11205, 37.6935
11206, 37.6935
11207, 37.6969
11208, 37.6978
11209, 37.6978
11210, 37.7002
11211, 37.7002
11212, 37.704
11213, 37.7054
11214, 37.7059
11215, 37.7064
11216, 37.7078
11217, 37.7083
11218, 37.7097
11219, 37.7102
11220, 37.7135
11221, 37.715
11222, 37.7159
11223, 37.7178
11224, 37.7188
11225, 37.7259
11226, 37.7302
11227, 37.7345
11228, 37.7359
11229, 37.7373
11230, 37.7431
11231, 37.7435
11232, 37.7445
11233, 37.7445
11234, 37.7454
11235, 37.7459
11236, 37.7469
11237, 37.7493
11238, 37.7502
11239, 37.7507
11240, 37.7516
11241, 37.7526
11242, 37.7535
11243, 37.7554
11244, 37.7583
11245, 37.7645
11246, 37.7654
11247, 37.7673
11248, 37.7678
11249, 37.7721
11250, 37.7783
11251, 37.7812
11252, 37.7826
11253, 37.7831
11254, 37.7878
11255, 37.7883
11256, 37.7888
11257, 37.7897
11258, 37.7954
11259, 37.7969
11260, 37.8012
11261, 37.8031
11262, 37.8035
11263, 37.8045
11264, 37.8069
11265, 37.8083
11266, 37.8112
11267, 37.8112
11268, 37.8121
11269, 37.8131
11270, 37.8145
11271, 37.8183
11272, 37.8183
11273, 37.8202
11274, 37.8226
11275, 37.8235
11276, 37.824
11277, 37.8259
11278, 37.8297
11279, 37.8307
11280, 37.8312
11281, 37.8373
11282, 37.8378
11283, 37.8397
11284, 37.8445
11285, 37.8445
11286, 37.845
11287, 37.8478
11288, 37.8497
11289, 37.8507
11290, 37.8545
11291, 37.8545
11292, 37.8564
11293, 37.8564
11294, 37.8569
11295, 37.8569
11296, 37.8583
11297, 37.8592
11298, 37.8607
11299, 37.8607
11300, 37.8626
11301, 37.8645
11302, 37.8678
11303, 37.8688
11304, 37.8783
11305, 37.8792
11306, 37.884
11307, 37.8854
11308, 37.8869
11309, 37.8878
11310, 37.8878
11311, 37.8888
11312, 37.8892
11313, 37.8892
11314, 37.8897
11315, 37.8907
11316, 37.895
11317, 37.8954
11318, 37.8969
11319, 37.8983
11320, 37.8988
11321, 37.8997
11322, 37.9026
11323, 37.9031
11324, 37.904
11325, 37.9059
11326, 37.9092
11327, 37.9102
11328, 37.9116
11329, 37.9126
11330, 37.9131
11331, 37.9154
11332, 37.9192
11333, 37.9192
11334, 37.9216
11335, 37.9216
11336, 37.9245
11337, 37.9264
11338, 37.9278
11339, 37.9278
11340, 37.9278
11341, 37.9312
11342, 37.9316
11343, 37.9316
11344, 37.9321
11345, 37.934
11346, 37.9354
11347, 37.9354
11348, 37.9378
11349, 37.9392
11350, 37.9397
11351, 37.9454
11352, 37.9497
11353, 37.9559
11354, 37.9583
11355, 37.9588
11356, 37.9592
11357, 37.9597
11358, 37.9607
11359, 37.964
11360, 37.9659
11361, 37.9683
11362, 37.9683
11363, 37.9688
11364, 37.9712
11365, 37.9716
11366, 37.9754
11367, 37.9788
11368, 37.9821
11369, 37.9831
11370, 37.9859
11371, 37.9873
11372, 37.9892
11373, 37.9959
11374, 37.9959
11375, 37.9964
11376, 37.9978
11377, 38.0016
11378, 38.0021
11379, 38.0107
11380, 38.0107
11381, 38.0112
11382, 38.0145
11383, 38.0145
11384, 38.0173
11385, 38.0188
11386, 38.0259
11387, 38.0273
11388, 38.0278
11389, 38.0288
11390, 38.0292
11391, 38.0292
11392, 38.0326
11393, 38.0354
11394, 38.0364
11395, 38.0369
11396, 38.0369
11397, 38.0378
11398, 38.0397
11399, 38.0431
11400, 38.0435
11401, 38.044
11402, 38.0464
11403, 38.0473
11404, 38.0492
11405, 38.0497
11406, 38.0497
11407, 38.0535
11408, 38.0545
11409, 38.0554
11410, 38.0564
11411, 38.0592
11412, 38.0607
11413, 38.0611
11414, 38.0626
11415, 38.0645
11416, 38.0683
11417, 38.0702
11418, 38.0716
11419, 38.0726
11420, 38.0759
11421, 38.0769
11422, 38.0811
11423, 38.0821
11424, 38.0826
11425, 38.0845
11426, 38.0869
11427, 38.0883
11428, 38.0897
11429, 38.0897
11430, 38.0931
11431, 38.0945
11432, 38.0973
11433, 38.1002
11434, 38.1007
11435, 38.1011
11436, 38.1011
11437, 38.105
11438, 38.1073
11439, 38.1078
11440, 38.1102
11441, 38.1102
11442, 38.1102
11443, 38.1131
11444, 38.1135
11445, 38.1169
11446, 38.1188
11447, 38.1197
11448, 38.1202
11449, 38.1216
11450, 38.1226
11451, 38.1235
11452, 38.124
11453, 38.1245
11454, 38.1273
11455, 38.1278
11456, 38.1326
11457, 38.1345
11458, 38.1364
11459, 38.1459
11460, 38.1473
11461, 38.1478
11462, 38.1483
11463, 38.1488
11464, 38.1497
11465, 38.1521
11466, 38.1564
11467, 38.1583
11468, 38.1597
11469, 38.1607
11470, 38.1611
11471, 38.164
11472, 38.1688
11473, 38.174
11474, 38.1745
11475, 38.175
11476, 38.1769
11477, 38.1773
11478, 38.1773
11479, 38.1778
11480, 38.1788
11481, 38.1788
11482, 38.1816
11483, 38.1826
11484, 38.185
11485, 38.1854
11486, 38.1878
11487, 38.1921
11488, 38.1921
11489, 38.1921
11490, 38.1935
11491, 38.1935
11492, 38.1964
11493, 38.1992
11494, 38.2031
11495, 38.204
11496, 38.2045
11497, 38.205
11498, 38.2054
11499, 38.2097
11500, 38.2107
11501, 38.2116
11502, 38.2121
11503, 38.2126
11504, 38.2135
11505, 38.2169
11506, 38.2178
11507, 38.2207
11508, 38.2221
11509, 38.2235
11510, 38.2235
11511, 38.2264
11512, 38.2278
11513, 38.2288
11514, 38.2316
11515, 38.2331
11516, 38.2335
11517, 38.235
11518, 38.235
11519, 38.2373
11520, 38.2388
11521, 38.2392
11522, 38.2407
11523, 38.2435
11524, 38.245
11525, 38.245
11526, 38.245
11527, 38.245
11528, 38.2454
11529, 38.2483
11530, 38.2492
11531, 38.2502
11532, 38.2511
11533, 38.2521
11534, 38.2531
11535, 38.2535
11536, 38.2559
11537, 38.2573
11538, 38.2602
11539, 38.2616
11540, 38.2631
11541, 38.2659
11542, 38.2664
11543, 38.2669
11544, 38.2707
11545, 38.2711
11546, 38.2745
11547, 38.2759
11548, 38.2783
11549, 38.2788
11550, 38.2797
11551, 38.285
11552, 38.2869
11553, 38.2907
11554, 38.2911
11555, 38.2921
11556, 38.2926
11557, 38.2969
11558, 38.2969
11559, 38.2969
11560, 38.2969
11561, 38.2988
11562, 38.2997
11563, 38.3002
11564, 38.3021
11565, 38.3026
11566, 38.3078
11567, 38.3102
11568, 38.3102
11569, 38.3126
11570, 38.3169
11571, 38.3235
11572, 38.3254
11573, 38.3269
11574, 38.3292
11575, 38.3292
11576, 38.3302
11577, 38.3316
11578, 38.3326
11579, 38.333
11580, 38.3345
11581, 38.343
11582, 38.3478
11583, 38.3483
11584, 38.3497
11585, 38.3535
11586, 38.355
11587, 38.3564
11588, 38.3564
11589, 38.3564
11590, 38.3583
11591, 38.3597
11592, 38.3621
11593, 38.3664
11594, 38.3664
11595, 38.3683
11596, 38.3745
11597, 38.3745
11598, 38.3759
11599, 38.3835
11600, 38.3873
11601, 38.3878
11602, 38.3878
11603, 38.3892
11604, 38.3902
11605, 38.3911
11606, 38.3911
11607, 38.3921
11608, 38.3921
11609, 38.3921
11610, 38.394
11611, 38.3954
11612, 38.3954
11613, 38.3964
11614, 38.3997
11615, 38.4002
11616, 38.404
11617, 38.405
11618, 38.4054
11619, 38.4064
11620, 38.4088
11621, 38.4092
11622, 38.4102
11623, 38.4126
11624, 38.4145
11625, 38.4169
11626, 38.4173
11627, 38.4188
11628, 38.4202
11629, 38.4202
11630, 38.4202
11631, 38.4221
11632, 38.4235
11633, 38.4245
11634, 38.425
11635, 38.4254
11636, 38.4259
11637, 38.4269
11638, 38.4283
11639, 38.4307
11640, 38.4321
11641, 38.433
11642, 38.4359
11643, 38.4364
11644, 38.4383
11645, 38.4388
11646, 38.4397
11647, 38.4397
11648, 38.4445
11649, 38.4488
11650, 38.4492
11651, 38.4511
11652, 38.4559
11653, 38.4611
11654, 38.464
11655, 38.465
11656, 38.4654
11657, 38.4683
11658, 38.4697
11659, 38.4707
11660, 38.4721
11661, 38.4726
11662, 38.473
11663, 38.4735
11664, 38.4759
11665, 38.4811
11666, 38.4816
11667, 38.4816
11668, 38.4821
11669, 38.4821
11670, 38.4826
11671, 38.494
11672, 38.494
11673, 38.4973
11674, 38.4992
11675, 38.5035
11676, 38.5059
11677, 38.5073
11678, 38.5078
11679, 38.5083
11680, 38.5102
11681, 38.5102
11682, 38.5102
11683, 38.5126
11684, 38.514
11685, 38.5145
11686, 38.5154
11687, 38.5164
11688, 38.5183
11689, 38.5202
11690, 38.5216
11691, 38.5235
11692, 38.524
11693, 38.5254
11694, 38.5259
11695, 38.5273
11696, 38.5273
11697, 38.5326
11698, 38.5354
11699, 38.5378
11700, 38.5435
11701, 38.544
11702, 38.5454
11703, 38.5492
11704, 38.5497
11705, 38.5502
11706, 38.5507
11707, 38.5521
11708, 38.5521
11709, 38.553
11710, 38.5554
11711, 38.5588
11712, 38.5611
11713, 38.563
11714, 38.5683
11715, 38.5697
11716, 38.5702
11717, 38.5726
11718, 38.573
11719, 38.5735
11720, 38.5749
11721, 38.5754
11722, 38.5754
11723, 38.5773
11724, 38.5792
11725, 38.583
11726, 38.584
11727, 38.5854
11728, 38.5892
11729, 38.5902
11730, 38.5916
11731, 38.593
11732, 38.5935
11733, 38.5945
11734, 38.6016
11735, 38.604
11736, 38.6054
11737, 38.6088
11738, 38.6092
11739, 38.6111
11740, 38.6116
11741, 38.613
11742, 38.6145
11743, 38.6164
11744, 38.6178
11745, 38.6192
11746, 38.6202
11747, 38.6226
11748, 38.623
11749, 38.6235
11750, 38.624
11751, 38.6283
11752, 38.6283
11753, 38.6288
11754, 38.6297
11755, 38.6407
11756, 38.6421
11757, 38.644
11758, 38.644
11759, 38.6445
11760, 38.6449
11761, 38.6449
11762, 38.6459
11763, 38.6483
11764, 38.6497
11765, 38.6502
11766, 38.6507
11767, 38.6521
11768, 38.6521
11769, 38.6521
11770, 38.6535
11771, 38.6554
11772, 38.6564
11773, 38.6564
11774, 38.6588
11775, 38.6602
11776, 38.6611
11777, 38.6611
11778, 38.664
11779, 38.6764
11780, 38.6769
11781, 38.6778
11782, 38.6792
11783, 38.6797
11784, 38.6797
11785, 38.6807
11786, 38.6807
11787, 38.6845
11788, 38.6849
11789, 38.6854
11790, 38.6892
11791, 38.6907
11792, 38.6911
11793, 38.7045
11794, 38.7054
11795, 38.7059
11796, 38.7102
11797, 38.7121
11798, 38.7135
11799, 38.7159
11800, 38.7183
11801, 38.7211
11802, 38.7221
11803, 38.724
11804, 38.7245
11805, 38.7254
11806, 38.7259
11807, 38.7273
11808, 38.7283
11809, 38.7354
11810, 38.7364
11811, 38.7402
11812, 38.7421
11813, 38.743
11814, 38.7459
11815, 38.7488
11816, 38.7516
11817, 38.7549
11818, 38.7564
11819, 38.7573
11820, 38.7597
11821, 38.7607
11822, 38.7626
11823, 38.7635
11824, 38.7654
11825, 38.7673
11826, 38.7692
11827, 38.7692
11828, 38.7726
11829, 38.7735
11830, 38.7735
11831, 38.774
11832, 38.7802
11833, 38.7816
11834, 38.7816
11835, 38.7821
11836, 38.783
11837, 38.7835
11838, 38.7849
11839, 38.7859
11840, 38.7873
11841, 38.7892
11842, 38.7907
11843, 38.793
11844, 38.7954
11845, 38.7968
11846, 38.7973
11847, 38.7983
11848, 38.7983
11849, 38.7997
11850, 38.8002
11851, 38.8011
11852, 38.8016
11853, 38.8021
11854, 38.8026
11855, 38.8026
11856, 38.8035
11857, 38.8078
11858, 38.8145
11859, 38.8159
11860, 38.8188
11861, 38.8192
11862, 38.8226
11863, 38.8264
11864, 38.8321
11865, 38.833
11866, 38.8354
11867, 38.8397
11868, 38.8402
11869, 38.843
11870, 38.8435
11871, 38.844
11872, 38.8464
11873, 38.8488
11874, 38.8497
11875, 38.8521
11876, 38.8526
11877, 38.854
11878, 38.8602
11879, 38.8611
11880, 38.8635
11881, 38.8649
11882, 38.8664
11883, 38.8697
11884, 38.8711
11885, 38.874
11886, 38.8749
11887, 38.8778
11888, 38.8783
11889, 38.8807
11890, 38.8821
11891, 38.8845
11892, 38.8897
11893, 38.8921
11894, 38.894
11895, 38.8959
11896, 38.8983
11897, 38.8983
11898, 38.8983
11899, 38.9026
11900, 38.904
11901, 38.9054
11902, 38.9054
11903, 38.9068
11904, 38.9078
11905, 38.9092
11906, 38.9159
11907, 38.9173
11908, 38.9178
11909, 38.9178
11910, 38.923
11911, 38.9278
11912, 38.9297
11913, 38.9326
11914, 38.933
11915, 38.934
11916, 38.9378
11917, 38.9411
11918, 38.943
11919, 38.9454
11920, 38.9483
11921, 38.9483
11922, 38.954
11923, 38.9549
11924, 38.9559
11925, 38.9583
11926, 38.9602
11927, 38.9668
11928, 38.9692
11929, 38.9735
11930, 38.9754
11931, 38.9754
11932, 38.9778
11933, 38.9802
11934, 38.9807
11935, 38.9811
11936, 38.9826
11937, 38.9864
11938, 38.9868
11939, 38.9911
11940, 38.9916
11941, 38.9916
11942, 38.9926
11943, 38.9968
11944, 38.9978
11945, 38.9983
11946, 38.9988
11947, 38.9992
11948, 39.0002
11949, 39.0007
11950, 39.0021
11951, 39.0049
11952, 39.0054
11953, 39.0064
11954, 39.0088
11955, 39.0111
11956, 39.0159
11957, 39.0197
11958, 39.0207
11959, 39.0216
11960, 39.0221
11961, 39.0221
11962, 39.0226
11963, 39.0268
11964, 39.0278
11965, 39.0311
11966, 39.0316
11967, 39.033
11968, 39.034
11969, 39.0364
11970, 39.0364
11971, 39.0364
11972, 39.0387
11973, 39.0402
11974, 39.0445
11975, 39.0445
11976, 39.0526
11977, 39.0564
11978, 39.0578
11979, 39.0592
11980, 39.0592
11981, 39.0659
11982, 39.0678
11983, 39.0687
11984, 39.0726
11985, 39.0735
11986, 39.074
11987, 39.0754
11988, 39.0764
11989, 39.0816
11990, 39.0859
11991, 39.0907
11992, 39.0907
11993, 39.0926
11994, 39.094
11995, 39.0949
11996, 39.0983
11997, 39.0987
11998, 39.1007
11999, 39.1078
12000, 39.1097
12001, 39.1107
12002, 39.1111
12003, 39.1126
12004, 39.1126
12005, 39.1135
12006, 39.114
12007, 39.1168
12008, 39.1216
12009, 39.1254
12010, 39.1268
12011, 39.1268
12012, 39.1278
12013, 39.1297
12014, 39.1307
12015, 39.1321
12016, 39.1349
12017, 39.1364
12018, 39.1387
12019, 39.1387
12020, 39.1387
12021, 39.1511
12022, 39.1516
12023, 39.1621
12024, 39.1673
12025, 39.1697
12026, 39.1797
12027, 39.183
12028, 39.1883
12029, 39.1883
12030, 39.1883
12031, 39.1945
12032, 39.1987
12033, 39.1992
12034, 39.2002
12035, 39.2016
12036, 39.203
12037, 39.2068
12038, 39.2092
12039, 39.2111
12040, 39.2149
12041, 39.2154
12042, 39.224
12043, 39.2287
12044, 39.2292
12045, 39.2297
12046, 39.2349
12047, 39.2349
12048, 39.2359
12049, 39.2364
12050, 39.2364
12051, 39.2364
12052, 39.2373
12053, 39.2387
12054, 39.2421
12055, 39.2426
12056, 39.2445
12057, 39.2445
12058, 39.2492
12059, 39.2559
12060, 39.2611
12061, 39.2621
12062, 39.2621
12063, 39.2626
12064, 39.264
12065, 39.264
12066, 39.2692
12067, 39.2692
12068, 39.2697
12069, 39.273
12070, 39.2735
12071, 39.2749
12072, 39.2749
12073, 39.2778
12074, 39.2778
12075, 39.2787
12076, 39.2811
12077, 39.2835
12078, 39.2849
12079, 39.2868
12080, 39.2878
12081, 39.2883
12082, 39.2987
12083, 39.2992
12084, 39.3006
12085, 39.3011
12086, 39.3064
12087, 39.3087
12088, 39.314
12089, 39.3149
12090, 39.3173
12091, 39.3192
12092, 39.3192
12093, 39.3202
12094, 39.323
12095, 39.324
12096, 39.324
12097, 39.3278
12098, 39.3292
12099, 39.3302
12100, 39.3311
12101, 39.333
12102, 39.3345
12103, 39.3345
12104, 39.3397
12105, 39.3426
12106, 39.344
12107, 39.3449
12108, 39.3478
12109, 39.3535
12110, 39.3554
12111, 39.3554
12112, 39.3578
12113, 39.3592
12114, 39.3602
12115, 39.3635
12116, 39.3654
12117, 39.3654
12118, 39.3668
12119, 39.3673
12120, 39.374
12121, 39.3745
12122, 39.3749
12123, 39.3764
12124, 39.3764
12125, 39.3845
12126, 39.3845
12127, 39.3959
12128, 39.4045
12129, 39.4068
12130, 39.4073
12131, 39.4087
12132, 39.414
12133, 39.4178
12134, 39.4178
12135, 39.4183
12136, 39.424
12137, 39.4249
12138, 39.4259
12139, 39.4292
12140, 39.4302
12141, 39.4306
12142, 39.4316
12143, 39.4321
12144, 39.4387
12145, 39.4402
12146, 39.4435
12147, 39.444
12148, 39.4473
12149, 39.4487
12150, 39.4506
12151, 39.4535
12152, 39.454
12153, 39.4549
12154, 39.4578
12155, 39.4611
12156, 39.4626
12157, 39.4626
12158, 39.464
12159, 39.4645
12160, 39.4645
12161, 39.4664
12162, 39.4683
12163, 39.4697
12164, 39.4706
12165, 39.4706
12166, 39.4711
12167, 39.4711
12168, 39.4716
12169, 39.4745
12170, 39.4759
12171, 39.4768
12172, 39.4792
12173, 39.4821
12174, 39.4868
12175, 39.4873
12176, 39.4878
12177, 39.4921
12178, 39.4949
12179, 39.4983
12180, 39.5006
12181, 39.5021
12182, 39.5025
12183, 39.5054
12184, 39.5073
12185, 39.5092
12186, 39.5111
12187, 39.5121
12188, 39.514
12189, 39.5164
12190, 39.5173
12191, 39.5206
12192, 39.5245
12193, 39.5254
12194, 39.5311
12195, 39.5321
12196, 39.5325
12197, 39.534
12198, 39.5359
12199, 39.5364
12200, 39.5445
12201, 39.5473
12202, 39.5502
12203, 39.5511
12204, 39.5516
12205, 39.5564
12206, 39.5568
12207, 39.5645
12208, 39.5645
12209, 39.5654
12210, 39.5654
12211, 39.5754
12212, 39.5759
12213, 39.5764
12214, 39.5825
12215, 39.5835
12216, 39.5849
12217, 39.5849
12218, 39.5854
12219, 39.5897
12220, 39.5906
12221, 39.5916
12222, 39.5935
12223, 39.5954
12224, 39.5964
12225, 39.5978
12226, 39.5997
12227, 39.603
12228, 39.6035
12229, 39.6035
12230, 39.6068
12231, 39.6087
12232, 39.6135
12233, 39.6135
12234, 39.6154
12235, 39.6168
12236, 39.6178
12237, 39.6192
12238, 39.6206
12239, 39.6235
12240, 39.624
12241, 39.6245
12242, 39.6249
12243, 39.6254
12244, 39.6273
12245, 39.6321
12246, 39.6349
12247, 39.6378
12248, 39.6421
12249, 39.643
12250, 39.6435
12251, 39.6464
12252, 39.6502
12253, 39.6521
12254, 39.6564
12255, 39.6564
12256, 39.6573
12257, 39.6611
12258, 39.6625
12259, 39.6645
12260, 39.6659
12261, 39.6687
12262, 39.6702
12263, 39.674
12264, 39.6783
12265, 39.6787
12266, 39.6806
12267, 39.6821
12268, 39.6821
12269, 39.6854
12270, 39.6868
12271, 39.6883
12272, 39.6883
12273, 39.6906
12274, 39.694
12275, 39.6949
12276, 39.7002
12277, 39.7025
12278, 39.703
12279, 39.7064
12280, 39.7097
12281, 39.7106
12282, 39.7125
12283, 39.7145
12284, 39.7187
12285, 39.7221
12286, 39.7245
12287, 39.7259
12288, 39.7273
12289, 39.7278
12290, 39.7302
12291, 39.7316
12292, 39.7325
12293, 39.734
12294, 39.7349
12295, 39.7354
12296, 39.7425
12297, 39.7425
12298, 39.7444
12299, 39.7487
12300, 39.7502
12301, 39.7525
12302, 39.753
12303, 39.7554
12304, 39.7592
12305, 39.7597
12306, 39.7616
12307, 39.7625
12308, 39.7635
12309, 39.7683
12310, 39.7687
12311, 39.7725
12312, 39.7725
12313, 39.7744
12314, 39.7768
12315, 39.7768
12316, 39.7811
12317, 39.7816
12318, 39.7816
12319, 39.7835
12320, 39.7897
12321, 39.7897
12322, 39.7925
12323, 39.7987
12324, 39.7992
12325, 39.803
12326, 39.804
12327, 39.8078
12328, 39.8097
12329, 39.8121
12330, 39.8135
12331, 39.8144
12332, 39.8164
12333, 39.8254
12334, 39.8273
12335, 39.8292
12336, 39.833
12337, 39.833
12338, 39.833
12339, 39.8411
12340, 39.8421
12341, 39.8425
12342, 39.843
12343, 39.8435
12344, 39.8468
12345, 39.8502
12346, 39.853
12347, 39.854
12348, 39.8554
12349, 39.8611
12350, 39.8625
12351, 39.8625
12352, 39.8625
12353, 39.8644
12354, 39.8644
12355, 39.8683
12356, 39.8725
12357, 39.8754
12358, 39.8783
12359, 39.8783
12360, 39.8783
12361, 39.8797
12362, 39.8811
12363, 39.8825
12364, 39.8864
12365, 39.8873
12366, 39.8883
12367, 39.8887
12368, 39.8925
12369, 39.8954
12370, 39.903
12371, 39.9049
12372, 39.9068
12373, 39.9073
12374, 39.9087
12375, 39.9106
12376, 39.9135
12377, 39.9173
12378, 39.9225
12379, 39.9235
12380, 39.9249
12381, 39.9264
12382, 39.9268
12383, 39.9278
12384, 39.9283
12385, 39.9297
12386, 39.9302
12387, 39.9454
12388, 39.9454
12389, 39.9521
12390, 39.9535
12391, 39.9554
12392, 39.9564
12393, 39.9568
12394, 39.9592
12395, 39.9592
12396, 39.9597
12397, 39.9611
12398, 39.9611
12399, 39.963
12400, 39.9654
12401, 39.9849
12402, 39.9849
12403, 39.9959
12404, 40.0002
12405, 40.0011
12406, 40.0011
12407, 40.003
12408, 40.004
12409, 40.0044
12410, 40.0054
12411, 40.0073
12412, 40.0087
12413, 40.0106
12414, 40.013
12415, 40.0197
12416, 40.0221
12417, 40.0225
12418, 40.0235
12419, 40.0254
12420, 40.0278
12421, 40.0316
12422, 40.0402
12423, 40.0406
12424, 40.0444
12425, 40.0463
12426, 40.0473
12427, 40.0544
12428, 40.0583
12429, 40.0625
12430, 40.0649
12431, 40.0706
12432, 40.0711
12433, 40.0716
12434, 40.0721
12435, 40.073
12436, 40.0754
12437, 40.0783
12438, 40.0797
12439, 40.0811
12440, 40.0849
12441, 40.0878
12442, 40.0916
12443, 40.0949
12444, 40.0959
12445, 40.1006
12446, 40.1035
12447, 40.1035
12448, 40.1054
12449, 40.1068
12450, 40.1078
12451, 40.1097
12452, 40.1116
12453, 40.113
12454, 40.1149
12455, 40.1159
12456, 40.1183
12457, 40.1197
12458, 40.1225
12459, 40.1263
12460, 40.1297
12461, 40.1306
12462, 40.1354
12463, 40.1378
12464, 40.1421
12465, 40.1459
12466, 40.1473
12467, 40.1487
12468, 40.1497
12469, 40.1506
12470, 40.1506
12471, 40.1506
12472, 40.1521
12473, 40.153
12474, 40.1544
12475, 40.1559
12476, 40.1611
12477, 40.1635
12478, 40.1644
12479, 40.1668
12480, 40.1678
12481, 40.1678
12482, 40.1716
12483, 40.174
12484, 40.1759
12485, 40.1768
12486, 40.1854
12487, 40.1863
12488, 40.1868
12489, 40.1892
12490, 40.1916
12491, 40.1949
12492, 40.1987
12493, 40.2011
12494, 40.2035
12495, 40.2063
12496, 40.2068
12497, 40.2097
12498, 40.2102
12499, 40.2121
12500, 40.213
12501, 40.214
12502, 40.2163
12503, 40.2202
12504, 40.2225
12505, 40.2225
12506, 40.2235
12507, 40.2254
12508, 40.2278
12509, 40.2282
12510, 40.2302
12511, 40.2311
12512, 40.2316
12513, 40.2335
12514, 40.2344
12515, 40.2373
12516, 40.2397
12517, 40.2397
12518, 40.2421
12519, 40.2425
12520, 40.2468
12521, 40.2468
12522, 40.2492
12523, 40.2492
12524, 40.2521
12525, 40.2549
12526, 40.2578
12527, 40.2635
12528, 40.2668
12529, 40.2673
12530, 40.2716
12531, 40.2725
12532, 40.273
12533, 40.2754
12534, 40.2782
12535, 40.2802
12536, 40.283
12537, 40.2882
12538, 40.2911
12539, 40.2944
12540, 40.2987
12541, 40.3006
12542, 40.3035
12543, 40.3063
12544, 40.3087
12545, 40.3116
12546, 40.3187
12547, 40.3206
12548, 40.3263
12549, 40.3273
12550, 40.3302
12551, 40.3306
12552, 40.3392
12553, 40.3397
12554, 40.3406
12555, 40.3478
12556, 40.3521
12557, 40.3549
12558, 40.3573
12559, 40.3582
12560, 40.3592
12561, 40.3597
12562, 40.3621
12563, 40.364
12564, 40.3649
12565, 40.3692
12566, 40.3735
12567, 40.3763
12568, 40.3778
12569, 40.3792
12570, 40.3802
12571, 40.3802
12572, 40.3821
12573, 40.3825
12574, 40.3935
12575, 40.3973
12576, 40.3992
12577, 40.4021
12578, 40.4044
12579, 40.4059
12580, 40.4068
12581, 40.4087
12582, 40.4097
12583, 40.4106
12584, 40.4121
12585, 40.413
12586, 40.414
12587, 40.4144
12588, 40.4154
12589, 40.4159
12590, 40.4168
12591, 40.4178
12592, 40.4192
12593, 40.4273
12594, 40.4297
12595, 40.4321
12596, 40.4325
12597, 40.434
12598, 40.4349
12599, 40.4363
12600, 40.4382
12601, 40.443
12602, 40.4444
12603, 40.4521
12604, 40.4525
12605, 40.4535
12606, 40.4563
12607, 40.4616
12608, 40.4678
12609, 40.4687
12610, 40.4773
12611, 40.4773
12612, 40.4778
12613, 40.4816
12614, 40.4849
12615, 40.4859
12616, 40.4873
12617, 40.4911
12618, 40.4935
12619, 40.5059
12620, 40.513
12621, 40.5159
12622, 40.5163
12623, 40.5178
12624, 40.5221
12625, 40.5268
12626, 40.5287
12627, 40.5287
12628, 40.5292
12629, 40.5325
12630, 40.5354
12631, 40.5368
12632, 40.5378
12633, 40.5392
12634, 40.5411
12635, 40.5411
12636, 40.5421
12637, 40.544
12638, 40.5449
12639, 40.5563
12640, 40.5587
12641, 40.5635
12642, 40.564
12643, 40.5654
12644, 40.5673
12645, 40.5687
12646, 40.5735
12647, 40.5744
12648, 40.583
12649, 40.584
12650, 40.5849
12651, 40.5849
12652, 40.5868
12653, 40.5868
12654, 40.5892
12655, 40.5897
12656, 40.5901
12657, 40.5911
12658, 40.6001
12659, 40.6006
12660, 40.6011
12661, 40.604
12662, 40.6078
12663, 40.6082
12664, 40.6101
12665, 40.6116
12666, 40.6192
12667, 40.6225
12668, 40.6235
12669, 40.624
12670, 40.6244
12671, 40.6278
12672, 40.6325
12673, 40.6373
12674, 40.6397
12675, 40.644
12676, 40.6449
12677, 40.6454
12678, 40.6478
12679, 40.6482
12680, 40.6525
12681, 40.654
12682, 40.6549
12683, 40.6559
12684, 40.6597
12685, 40.6611
12686, 40.6649
12687, 40.6668
12688, 40.6725
12689, 40.6725
12690, 40.6759
12691, 40.6773
12692, 40.6782
12693, 40.6782
12694, 40.6897
12695, 40.6916
12696, 40.693
12697, 40.6935
12698, 40.6935
12699, 40.694
12700, 40.6944
12701, 40.6944
12702, 40.6954
12703, 40.6987
12704, 40.7001
12705, 40.7006
12706, 40.7087
12707, 40.7116
12708, 40.7116
12709, 40.7149
12710, 40.7163
12711, 40.7178
12712, 40.7192
12713, 40.7263
12714, 40.7268
12715, 40.7316
12716, 40.7335
12717, 40.7335
12718, 40.734
12719, 40.7373
12720, 40.7392
12721, 40.7478
12722, 40.7492
12723, 40.7501
12724, 40.7525
12725, 40.7549
12726, 40.7573
12727, 40.7601
12728, 40.763
12729, 40.7668
12730, 40.7701
12731, 40.774
12732, 40.7744
12733, 40.7787
12734, 40.7792
12735, 40.7801
12736, 40.782
12737, 40.7835
12738, 40.7849
12739, 40.7873
12740, 40.7873
12741, 40.7878
12742, 40.7897
12743, 40.7935
12744, 40.7973
12745, 40.7987
12746, 40.8025
12747, 40.8059
12748, 40.8082
12749, 40.8092
12750, 40.8101
12751, 40.8111
12752, 40.814
12753, 40.8159
12754, 40.8173
12755, 40.8206
12756, 40.8225
12757, 40.8235
12758, 40.8259
12759, 40.8287
12760, 40.8297
12761, 40.8306
12762, 40.8325
12763, 40.8359
12764, 40.8368
12765, 40.8392
12766, 40.8449
12767, 40.8463
12768, 40.8487
12769, 40.8497
12770, 40.8501
12771, 40.853
12772, 40.8578
12773, 40.8597
12774, 40.8616
12775, 40.8701
12776, 40.8711
12777, 40.873
12778, 40.8778
12779, 40.8792
12780, 40.8811
12781, 40.883
12782, 40.8849
12783, 40.8859
12784, 40.8859
12785, 40.8859
12786, 40.8901
12787, 40.8968
12788, 40.8987
12789, 40.902
12790, 40.904
12791, 40.9049
12792, 40.9078
12793, 40.9163
12794, 40.9182
12795, 40.9211
12796, 40.9225
12797, 40.923
12798, 40.9235
12799, 40.9335
12800, 40.934
12801, 40.9378
12802, 40.9411
12803, 40.943
12804, 40.9435
12805, 40.9439
12806, 40.9444
12807, 40.9473
12808, 40.9492
12809, 40.9516
12810, 40.9525
12811, 40.9559
12812, 40.9592
12813, 40.972
12814, 40.972
12815, 40.973
12816, 40.9763
12817, 40.9763
12818, 40.9773
12819, 40.9806
12820, 40.982
12821, 40.9849
12822, 40.9873
12823, 40.9887
12824, 40.9939
12825, 40.9949
12826, 40.9978
12827, 41.002
12828, 41.0025
12829, 41.0087
12830, 41.0101
12831, 41.0135
12832, 41.0216
12833, 41.022
12834, 41.023
12835, 41.0268
12836, 41.0278
12837, 41.0316
12838, 41.033
12839, 41.0363
12840, 41.0368
12841, 41.0382
12842, 41.0406
12843, 41.042
12844, 41.0454
12845, 41.0478
12846, 41.0511
12847, 41.0649
12848, 41.0673
12849, 41.073
12850, 41.0782
12851, 41.0787
12852, 41.0792
12853, 41.0806
12854, 41.0835
12855, 41.0863
12856, 41.0873
12857, 41.0901
12858, 41.0916
12859, 41.0925
12860, 41.0944
12861, 41.0978
12862, 41.0992
12863, 41.1073
12864, 41.1082
12865, 41.1092
12866, 41.1101
12867, 41.1101
12868, 41.1116
12869, 41.1125
12870, 41.1163
12871, 41.1168
12872, 41.1182
12873, 41.1187
12874, 41.1197
12875, 41.1216
12876, 41.122
12877, 41.1225
12878, 41.1239
12879, 41.1249
12880, 41.1373
12881, 41.1392
12882, 41.1482
12883, 41.1525
12884, 41.153
12885, 41.1559
12886, 41.1606
12887, 41.1668
12888, 41.173
12889, 41.1744
12890, 41.1773
12891, 41.1782
12892, 41.182
12893, 41.182
12894, 41.1835
12895, 41.1882
12896, 41.1901
12897, 41.1939
12898, 41.1944
12899, 41.1978
12900, 41.1992
12901, 41.1997
12902, 41.2035
12903, 41.2049
12904, 41.2097
12905, 41.2163
12906, 41.2206
12907, 41.2216
12908, 41.222
12909, 41.2254
12910, 41.2268
12911, 41.2282
12912, 41.2292
12913, 41.2292
12914, 41.2301
12915, 41.2316
12916, 41.2316
12917, 41.2316
12918, 41.232
12919, 41.232
12920, 41.2325
12921, 41.233
12922, 41.2368
12923, 41.2373
12924, 41.2378
12925, 41.242
12926, 41.2463
12927, 41.2468
12928, 41.2511
12929, 41.2516
12930, 41.2544
12931, 41.2554
12932, 41.2573
12933, 41.2582
12934, 41.2611
12935, 41.2616
12936, 41.2644
12937, 41.2663
12938, 41.2682
12939, 41.2682
12940, 41.2682
12941, 41.2749
12942, 41.2758
12943, 41.2768
12944, 41.2778
12945, 41.2801
12946, 41.2844
12947, 41.2858
12948, 41.2892
12949, 41.2901
12950, 41.2916
12951, 41.2939
12952, 41.2958
12953, 41.2973
12954, 41.2987
12955, 41.3011
12956, 41.3016
12957, 41.3025
12958, 41.3025
12959, 41.303
12960, 41.303
12961, 41.3068
12962, 41.3111
12963, 41.3116
12964, 41.3158
12965, 41.3163
12966, 41.3173
12967, 41.3239
12968, 41.3282
12969, 41.3301
12970, 41.3335
12971, 41.3363
12972, 41.3363
12973, 41.3382
12974, 41.3411
12975, 41.3454
12976, 41.3463
12977, 41.3473
12978, 41.3506
12979, 41.3539
12980, 41.3573
12981, 41.3578
12982, 41.3592
12983, 41.3597
12984, 41.3606
12985, 41.3616
12986, 41.3635
12987, 41.3649
12988, 41.3678
12989, 41.3701
12990, 41.372
12991, 41.3749
12992, 41.3773
12993, 41.3778
12994, 41.3797
12995, 41.3897
12996, 41.4001
12997, 41.4025
12998, 41.4068
12999, 41.4106
13000, 41.412
13001, 41.413
13002, 41.4144
13003, 41.4197
13004, 41.423
13005, 41.4258
13006, 41.4258
13007, 41.4287
13008, 41.4349
13009, 41.4349
13010, 41.4363
13011, 41.4435
13012, 41.4482
13013, 41.4511
13014, 41.453
13015, 41.453
13016, 41.4558
13017, 41.4592
13018, 41.4597
13019, 41.4625
13020, 41.4754
13021, 41.4754
13022, 41.4758
13023, 41.4768
13024, 41.4811
13025, 41.4844
13026, 41.4916
13027, 41.4916
13028, 41.4973
13029, 41.4992
13030, 41.4992
13031, 41.5011
13032, 41.5039
13033, 41.5063
13034, 41.5149
13035, 41.5158
13036, 41.5158
13037, 41.5163
13038, 41.5182
13039, 41.5201
13040, 41.5244
13041, 41.5249
13042, 41.5254
13043, 41.5273
13044, 41.5282
13045, 41.5287
13046, 41.5316
13047, 41.532
13048, 41.533
13049, 41.5349
13050, 41.5397
13051, 41.543
13052, 41.5468
13053, 41.5482
13054, 41.5501
13055, 41.5525
13056, 41.5525
13057, 41.5525
13058, 41.5539
13059, 41.5592
13060, 41.5601
13061, 41.5616
13062, 41.5635
13063, 41.5658
13064, 41.5663
13065, 41.5744
13066, 41.582
13067, 41.583
13068, 41.5839
13069, 41.5882
13070, 41.5897
13071, 41.5901
13072, 41.5906
13073, 41.5935
13074, 41.5963
13075, 41.5997
13076, 41.6035
13077, 41.6035
13078, 41.6054
13079, 41.6073
13080, 41.613
13081, 41.6149
13082, 41.6154
13083, 41.6163
13084, 41.623
13085, 41.6254
13086, 41.6292
13087, 41.6311
13088, 41.6325
13089, 41.6335
13090, 41.6411
13091, 41.6416
13092, 41.6458
13093, 41.6501
13094, 41.6525
13095, 41.6535
13096, 41.6558
13097, 41.6587
13098, 41.6592
13099, 41.6616
13100, 41.662
13101, 41.663
13102, 41.663
13103, 41.6639
13104, 41.6673
13105, 41.6673
13106, 41.672
13107, 41.673
13108, 41.6744
13109, 41.6782
13110, 41.6849
13111, 41.6863
13112, 41.6911
13113, 41.6911
13114, 41.6925
13115, 41.6954
13116, 41.7001
13117, 41.7049
13118, 41.7049
13119, 41.7073
13120, 41.7082
13121, 41.7106
13122, 41.712
13123, 41.712
13124, 41.713
13125, 41.7154
13126, 41.7187
13127, 41.7192
13128, 41.7211
13129, 41.7216
13130, 41.7216
13131, 41.7263
13132, 41.7273
13133, 41.7292
13134, 41.7339
13135, 41.7382
13136, 41.7416
13137, 41.7444
13138, 41.7549
13139, 41.7563
13140, 41.7568
13141, 41.7596
13142, 41.7606
13143, 41.7625
13144, 41.7625
13145, 41.7639
13146, 41.7725
13147, 41.773
13148, 41.7744
13149, 41.7754
13150, 41.7773
13151, 41.7825
13152, 41.7835
13153, 41.7839
13154, 41.7877
13155, 41.7892
13156, 41.7892
13157, 41.7935
13158, 41.7939
13159, 41.7954
13160, 41.7973
13161, 41.7982
13162, 41.8039
13163, 41.8054
13164, 41.8068
13165, 41.8106
13166, 41.8116
13167, 41.8149
13168, 41.8163
13169, 41.8177
13170, 41.8201
13171, 41.8263
13172, 41.8277
13173, 41.8282
13174, 41.8325
13175, 41.842
13176, 41.8449
13177, 41.8468
13178, 41.8468
13179, 41.852
13180, 41.853
13181, 41.8592
13182, 41.8606
13183, 41.863
13184, 41.8639
13185, 41.8644
13186, 41.8658
13187, 41.8687
13188, 41.8692
13189, 41.8696
13190, 41.8716
13191, 41.8716
13192, 41.8806
13193, 41.8887
13194, 41.8901
13195, 41.8911
13196, 41.893
13197, 41.8949
13198, 41.8968
13199, 41.9058
13200, 41.9125
13201, 41.9149
13202, 41.9163
13203, 41.9192
13204, 41.9201
13205, 41.9225
13206, 41.9268
13207, 41.9306
13208, 41.9349
13209, 41.9354
13210, 41.9358
13211, 41.9363
13212, 41.9387
13213, 41.9415
13214, 41.943
13215, 41.9477
13216, 41.9535
13217, 41.9649
13218, 41.9739
13219, 41.9758
13220, 41.9763
13221, 41.9787
13222, 41.9806
13223, 41.983
13224, 41.983
13225, 41.9877
13226, 41.9892
13227, 41.9896
13228, 41.9935
13229, 41.9949
13230, 41.9954
13231, 41.9958
13232, 41.9982
13233, 41.9992
13234, 42.0058
13235, 42.0106
13236, 42.0125
13237, 42.0135
13238, 42.0182
13239, 42.0192
13240, 42.022
13241, 42.0296
13242, 42.0354
13243, 42.0363
13244, 42.0396
13245, 42.0396
13246, 42.042
13247, 42.0463
13248, 42.0525
13249, 42.053
13250, 42.0554
13251, 42.0577
13252, 42.0606
13253, 42.0611
13254, 42.0644
13255, 42.0658
13256, 42.0673
13257, 42.0677
13258, 42.0706
13259, 42.072
13260, 42.0735
13261, 42.0763
13262, 42.0796
13263, 42.0811
13264, 42.082
13265, 42.0868
13266, 42.0896
13267, 42.0896
13268, 42.0915
13269, 42.0982
13270, 42.1006
13271, 42.1006
13272, 42.103
13273, 42.103
13274, 42.1044
13275, 42.1068
13276, 42.1077
13277, 42.1111
13278, 42.1115
13279, 42.112
13280, 42.1149
13281, 42.1177
13282, 42.1196
13283, 42.1196
13284, 42.1211
13285, 42.1225
13286, 42.132
13287, 42.1344
13288, 42.1358
13289, 42.1363
13290, 42.1411
13291, 42.1434
13292, 42.1468
13293, 42.1506
13294, 42.1511
13295, 42.1592
13296, 42.1601
13297, 42.1625
13298, 42.163
13299, 42.1682
13300, 42.173
13301, 42.1754
13302, 42.1777
13303, 42.1782
13304, 42.1811
13305, 42.183
13306, 42.1882
13307, 42.1901
13308, 42.1911
13309, 42.1963
13310, 42.2063
13311, 42.2068
13312, 42.2077
13313, 42.2096
13314, 42.2106
13315, 42.2134
13316, 42.2134
13317, 42.2139
13318, 42.2149
13319, 42.222
13320, 42.222
13321, 42.2234
13322, 42.2301
13323, 42.2306
13324, 42.232
13325, 42.233
13326, 42.2358
13327, 42.2396
13328, 42.2415
13329, 42.243
13330, 42.2573
13331, 42.2592
13332, 42.2677
13333, 42.2687
13334, 42.2706
13335, 42.2758
13336, 42.2773
13337, 42.2815
13338, 42.2815
13339, 42.2839
13340, 42.2858
13341, 42.2901
13342, 42.2939
13343, 42.2944
13344, 42.3044
13345, 42.3054
13346, 42.3073
13347, 42.3077
13348, 42.3101
13349, 42.3101
13350, 42.312
13351, 42.3144
13352, 42.3182
13353, 42.3201
13354, 42.3206
13355, 42.3211
13356, 42.323
13357, 42.3254
13358, 42.3277
13359, 42.3282
13360, 42.3325
13361, 42.3401
13362, 42.3444
13363, 42.3511
13364, 42.3534
13365, 42.3582
13366, 42.3668
13367, 42.3711
13368, 42.3734
13369, 42.3739
13370, 42.3782
13371, 42.3806
13372, 42.3815
13373, 42.3825
13374, 42.3849
13375, 42.3877
13376, 42.3934
13377, 42.3934
13378, 42.3949
13379, 42.3958
13380, 42.3963
13381, 42.4006
13382, 42.4015
13383, 42.4058
13384, 42.4073
13385, 42.4077
13386, 42.4082
13387, 42.4106
13388, 42.4139
13389, 42.4163
13390, 42.4187
13391, 42.4192
13392, 42.4215
13393, 42.422
13394, 42.4244
13395, 42.4273
13396, 42.4306
13397, 42.4401
13398, 42.4406
13399, 42.4449
13400, 42.4506
13401, 42.4525
13402, 42.4582
13403, 42.4587
13404, 42.4596
13405, 42.4606
13406, 42.4644
13407, 42.4658
13408, 42.4673
13409, 42.4687
13410, 42.4701
13411, 42.472
13412, 42.4725
13413, 42.4753
13414, 42.4777
13415, 42.4792
13416, 42.4806
13417, 42.4825
13418, 42.483
13419, 42.483
13420, 42.4868
13421, 42.4911
13422, 42.4944
13423, 42.4953
13424, 42.4958
13425, 42.5096
13426, 42.5101
13427, 42.5101
13428, 42.5115
13429, 42.5182
13430, 42.5192
13431, 42.5201
13432, 42.5201
13433, 42.5225
13434, 42.523
13435, 42.5253
13436, 42.5258
13437, 42.5292
13438, 42.5301
13439, 42.5353
13440, 42.5358
13441, 42.5377
13442, 42.5392
13443, 42.5396
13444, 42.5401
13445, 42.5473
13446, 42.5477
13447, 42.5482
13448, 42.5577
13449, 42.5577
13450, 42.5582
13451, 42.5587
13452, 42.5587
13453, 42.5615
13454, 42.5725
13455, 42.5792
13456, 42.5792
13457, 42.5792
13458, 42.5811
13459, 42.5844
13460, 42.5925
13461, 42.5939
13462, 42.5977
13463, 42.5982
13464, 42.5996
13465, 42.6006
13466, 42.6049
13467, 42.6111
13468, 42.6172
13469, 42.6215
13470, 42.6225
13471, 42.6277
13472, 42.6315
13473, 42.6344
13474, 42.6396
13475, 42.6401
13476, 42.6434
13477, 42.6463
13478, 42.6463
13479, 42.6496
13480, 42.6539
13481, 42.6558
13482, 42.6606
13483, 42.6653
13484, 42.6672
13485, 42.6768
13486, 42.6825
13487, 42.6853
13488, 42.6868
13489, 42.6972
13490, 42.6977
13491, 42.6977
13492, 42.702
13493, 42.7125
13494, 42.7134
13495, 42.7163
13496, 42.7182
13497, 42.7268
13498, 42.7272
13499, 42.7272
13500, 42.7315
13501, 42.732
13502, 42.7368
13503, 42.7372
13504, 42.7415
13505, 42.743
13506, 42.752
13507, 42.752
13508, 42.7582
13509, 42.7663
13510, 42.7753
13511, 42.7782
13512, 42.7811
13513, 42.7839
13514, 42.7849
13515, 42.7915
13516, 42.7939
13517, 42.7944
13518, 42.8025
13519, 42.8068
13520, 42.8072
13521, 42.8077
13522, 42.8115
13523, 42.8134
13524, 42.8258
13525, 42.8263
13526, 42.8272
13527, 42.8282
13528, 42.8353
13529, 42.8368
13530, 42.8406
13531, 42.8411
13532, 42.8415
13533, 42.853
13534, 42.8577
13535, 42.8601
13536, 42.8615
13537, 42.863
13538, 42.8706
13539, 42.8711
13540, 42.873
13541, 42.8772
13542, 42.8801
13543, 42.882
13544, 42.882
13545, 42.883
13546, 42.8839
13547, 42.8863
13548, 42.8882
13549, 42.8882
13550, 42.8906
13551, 42.8911
13552, 42.8911
13553, 42.893
13554, 42.8944
13555, 42.8963
13556, 42.8977
13557, 42.8996
13558, 42.9101
13559, 42.9153
13560, 42.9177
13561, 42.9196
13562, 42.9306
13563, 42.9306
13564, 42.9306
13565, 42.9339
13566, 42.9339
13567, 42.9339
13568, 42.9382
13569, 42.9396
13570, 42.9401
13571, 42.9482
13572, 42.9506
13573, 42.9511
13574, 42.9539
13575, 42.9558
13576, 42.9596
13577, 42.962
13578, 42.9634
13579, 42.9691
13580, 42.9691
13581, 42.9706
13582, 42.9763
13583, 42.9777
13584, 42.9782
13585, 42.9811
13586, 42.9834
13587, 42.9849
13588, 42.9858
13589, 42.9858
13590, 42.9877
13591, 42.9877
13592, 42.9925
13593, 42.9996
13594, 43.0091
13595, 43.013
13596, 43.0139
13597, 43.0168
13598, 43.0215
13599, 43.022
13600, 43.0225
13601, 43.0234
13602, 43.0401
13603, 43.0411
13604, 43.0434
13605, 43.0444
13606, 43.0449
13607, 43.0463
13608, 43.0477
13609, 43.0487
13610, 43.0487
13611, 43.0491
13612, 43.0491
13613, 43.0496
13614, 43.0582
13615, 43.0639
13616, 43.0644
13617, 43.0701
13618, 43.082
13619, 43.0872
13620, 43.093
13621, 43.0972
13622, 43.0996
13623, 43.1006
13624, 43.101
13625, 43.1025
13626, 43.1039
13627, 43.1049
13628, 43.1106
13629, 43.1201
13630, 43.121
13631, 43.1382
13632, 43.1415
13633, 43.1449
13634, 43.1458
13635, 43.1506
13636, 43.1515
13637, 43.1558
13638, 43.1558
13639, 43.1649
13640, 43.1663
13641, 43.1668
13642, 43.1687
13643, 43.1706
13644, 43.1706
13645, 43.1782
13646, 43.1791
13647, 43.1834
13648, 43.1849
13649, 43.1849
13650, 43.1872
13651, 43.1882
13652, 43.1891
13653, 43.1915
13654, 43.1934
13655, 43.1982
13656, 43.2001
13657, 43.2006
13658, 43.2025
13659, 43.2058
13660, 43.2072
13661, 43.2096
13662, 43.212
13663, 43.2182
13664, 43.2239
13665, 43.2239
13666, 43.2249
13667, 43.2253
13668, 43.2277
13669, 43.2296
13670, 43.2301
13671, 43.2315
13672, 43.2334
13673, 43.2334
13674, 43.2372
13675, 43.2372
13676, 43.241
13677, 43.2425
13678, 43.2434
13679, 43.2468
13680, 43.2496
13681, 43.2515
13682, 43.252
13683, 43.2563
13684, 43.2582
13685, 43.2587
13686, 43.2601
13687, 43.2606
13688, 43.261
13689, 43.2634
13690, 43.2672
13691, 43.2763
13692, 43.2796
13693, 43.2801
13694, 43.2849
13695, 43.2882
13696, 43.293
13697, 43.2939
13698, 43.2968
13699, 43.301
13700, 43.3039
13701, 43.3106
13702, 43.3144
13703, 43.3163
13704, 43.3244
13705, 43.3263
13706, 43.3306
13707, 43.332
13708, 43.3339
13709, 43.3377
13710, 43.3382
13711, 43.3415
13712, 43.3434
13713, 43.3453
13714, 43.3491
13715, 43.3544
13716, 43.361
13717, 43.3749
13718, 43.3753
13719, 43.3768
13720, 43.381
13721, 43.382
13722, 43.3829
13723, 43.3844
13724, 43.3863
13725, 43.3891
13726, 43.3901
13727, 43.3929
13728, 43.3949
13729, 43.3949
13730, 43.3968
13731, 43.3977
13732, 43.4001
13733, 43.4015
13734, 43.402
13735, 43.4029
13736, 43.4091
13737, 43.4158
13738, 43.4158
13739, 43.4187
13740, 43.4249
13741, 43.4249
13742, 43.4253
13743, 43.4277
13744, 43.4277
13745, 43.4291
13746, 43.4329
13747, 43.4358
13748, 43.4401
13749, 43.4429
13750, 43.4449
13751, 43.4453
13752, 43.4463
13753, 43.4491
13754, 43.4496
13755, 43.4544
13756, 43.4577
13757, 43.4582
13758, 43.4596
13759, 43.4644
13760, 43.4687
13761, 43.4725
13762, 43.4744
13763, 43.4791
13764, 43.4801
13765, 43.4834
13766, 43.4863
13767, 43.4868
13768, 43.491
13769, 43.492
13770, 43.5001
13771, 43.5039
13772, 43.5044
13773, 43.5049
13774, 43.5063
13775, 43.5063
13776, 43.5115
13777, 43.5187
13778, 43.5191
13779, 43.5229
13780, 43.5277
13781, 43.5349
13782, 43.552
13783, 43.5534
13784, 43.5606
13785, 43.5606
13786, 43.5629
13787, 43.5653
13788, 43.5668
13789, 43.5791
13790, 43.582
13791, 43.5863
13792, 43.5882
13793, 43.5891
13794, 43.5939
13795, 43.5948
13796, 43.5991
13797, 43.5996
13798, 43.6015
13799, 43.6029
13800, 43.6053
13801, 43.6101
13802, 43.6101
13803, 43.612
13804, 43.6172
13805, 43.6187
13806, 43.6196
13807, 43.622
13808, 43.6234
13809, 43.6268
13810, 43.6282
13811, 43.641
13812, 43.641
13813, 43.6448
13814, 43.6458
13815, 43.6529
13816, 43.6544
13817, 43.6606
13818, 43.6606
13819, 43.6639
13820, 43.6696
13821, 43.6706
13822, 43.671
13823, 43.6758
13824, 43.6777
13825, 43.6791
13826, 43.6825
13827, 43.6829
13828, 43.6839
13829, 43.6844
13830, 43.6853
13831, 43.6953
13832, 43.6963
13833, 43.6977
13834, 43.6996
13835, 43.702
13836, 43.7025
13837, 43.7039
13838, 43.7072
13839, 43.7096
13840, 43.7248
13841, 43.7258
13842, 43.7291
13843, 43.7325
13844, 43.7372
13845, 43.7391
13846, 43.742
13847, 43.7529
13848, 43.7582
13849, 43.7615
13850, 43.7663
13851, 43.7848
13852, 43.7868
13853, 43.7887
13854, 43.7887
13855, 43.7891
13856, 43.7944
13857, 43.7991
13858, 43.7996
13859, 43.7996
13860, 43.8144
13861, 43.8168
13862, 43.8206
13863, 43.8206
13864, 43.8215
13865, 43.8239
13866, 43.8282
13867, 43.832
13868, 43.8325
13869, 43.8344
13870, 43.8344
13871, 43.8367
13872, 43.8434
13873, 43.8548
13874, 43.8615
13875, 43.8625
13876, 43.8639
13877, 43.8729
13878, 43.8834
13879, 43.8844
13880, 43.8853
13881, 43.8882
13882, 43.8944
13883, 43.8963
13884, 43.8963
13885, 43.8972
13886, 43.9001
13887, 43.9001
13888, 43.9015
13889, 43.9096
13890, 43.9163
13891, 43.9182
13892, 43.9187
13893, 43.9201
13894, 43.9244
13895, 43.9263
13896, 43.9339
13897, 43.9348
13898, 43.9377
13899, 43.9387
13900, 43.9391
13901, 43.9396
13902, 43.9396
13903, 43.9453
13904, 43.9487
13905, 43.9582
13906, 43.961
13907, 43.9648
13908, 43.9672
13909, 43.971
13910, 43.9753
13911, 43.9753
13912, 43.9767
13913, 43.982
13914, 43.9848
13915, 43.9891
13916, 43.9953
13917, 43.9967
13918, 43.9972
13919, 44.0077
13920, 44.0096
13921, 44.011
13922, 44.0167
13923, 44.0253
13924, 44.0267
13925, 44.0287
13926, 44.0306
13927, 44.0367
13928, 44.0391
13929, 44.0396
13930, 44.0415
13931, 44.0425
13932, 44.0429
13933, 44.0429
13934, 44.0534
13935, 44.0558
13936, 44.0563
13937, 44.0644
13938, 44.0648
13939, 44.0658
13940, 44.0682
13941, 44.0725
13942, 44.082
13943, 44.0829
13944, 44.0915
13945, 44.0925
13946, 44.0934
13947, 44.0934
13948, 44.1067
13949, 44.1072
13950, 44.1101
13951, 44.1134
13952, 44.1153
13953, 44.1182
13954, 44.1239
13955, 44.1386
13956, 44.1391
13957, 44.1401
13958, 44.1415
13959, 44.1415
13960, 44.1425
13961, 44.1453
13962, 44.1458
13963, 44.1491
13964, 44.1515
13965, 44.1648
13966, 44.1667
13967, 44.1667
13968, 44.1682
13969, 44.1691
13970, 44.172
13971, 44.1772
13972, 44.1834
13973, 44.1891
13974, 44.1915
13975, 44.1948
13976, 44.1953
13977, 44.2044
13978, 44.2058
13979, 44.2063
13980, 44.2086
13981, 44.2091
13982, 44.2177
13983, 44.2244
13984, 44.231
13985, 44.2325
13986, 44.2377
13987, 44.2501
13988, 44.2506
13989, 44.2525
13990, 44.2534
13991, 44.2539
13992, 44.2548
13993, 44.2672
13994, 44.2725
13995, 44.2725
13996, 44.2753
13997, 44.2782
13998, 44.2796
13999, 44.2801
14000, 44.2948
14001, 44.2967
14002, 44.301
14003, 44.3015
14004, 44.3034
14005, 44.3044
14006, 44.3048
14007, 44.3053
14008, 44.3058
14009, 44.3091
14010, 44.3096
14011, 44.312
14012, 44.3139
14013, 44.3177
14014, 44.3267
14015, 44.3291
14016, 44.3291
14017, 44.3305
14018, 44.3334
14019, 44.3353
14020, 44.3396
14021, 44.3396
14022, 44.3405
14023, 44.3467
14024, 44.3501
14025, 44.3505
14026, 44.3553
14027, 44.3572
14028, 44.3596
14029, 44.3615
14030, 44.3653
14031, 44.3677
14032, 44.3682
14033, 44.3686
14034, 44.3691
14035, 44.3705
14036, 44.3815
14037, 44.3825
14038, 44.3839
14039, 44.3848
14040, 44.3863
14041, 44.3929
14042, 44.3948
14043, 44.4005
14044, 44.4039
14045, 44.4044
14046, 44.4072
14047, 44.4086
14048, 44.4091
14049, 44.412
14050, 44.4125
14051, 44.4139
14052, 44.4139
14053, 44.4139
14054, 44.4182
14055, 44.4191
14056, 44.4201
14057, 44.4234
14058, 44.4258
14059, 44.4291
14060, 44.4358
14061, 44.4367
14062, 44.4377
14063, 44.4415
14064, 44.4463
14065, 44.4463
14066, 44.4505
14067, 44.452
14068, 44.4577
14069, 44.4715
14070, 44.4715
14071, 44.4772
14072, 44.4777
14073, 44.4786
14074, 44.4801
14075, 44.4805
14076, 44.4815
14077, 44.4839
14078, 44.4853
14079, 44.4863
14080, 44.4891
14081, 44.491
14082, 44.492
14083, 44.4939
14084, 44.4948
14085, 44.4953
14086, 44.4972
14087, 44.4991
14088, 44.502
14089, 44.5067
14090, 44.5077
14091, 44.5196
14092, 44.5205
14093, 44.5315
14094, 44.5348
14095, 44.5463
14096, 44.5505
14097, 44.552
14098, 44.552
14099, 44.552
14100, 44.5686
14101, 44.5744
14102, 44.5791
14103, 44.5805
14104, 44.581
14105, 44.5829
14106, 44.5877
14107, 44.5877
14108, 44.5901
14109, 44.5944
14110, 44.6005
14111, 44.6039
14112, 44.6048
14113, 44.6053
14114, 44.6053
14115, 44.6063
14116, 44.6101
14117, 44.6129
14118, 44.6144
14119, 44.6153
14120, 44.6167
14121, 44.6215
14122, 44.6248
14123, 44.6267
14124, 44.6282
14125, 44.6301
14126, 44.6329
14127, 44.6334
14128, 44.6348
14129, 44.6363
14130, 44.6377
14131, 44.6439
14132, 44.6482
14133, 44.6553
14134, 44.6563
14135, 44.6596
14136, 44.6667
14137, 44.6667
14138, 44.6686
14139, 44.6748
14140, 44.6767
14141, 44.6772
14142, 44.6834
14143, 44.6839
14144, 44.6948
14145, 44.6953
14146, 44.6953
14147, 44.6963
14148, 44.6977
14149, 44.702
14150, 44.7063
14151, 44.7091
14152, 44.7139
14153, 44.721
14154, 44.7434
14155, 44.7448
14156, 44.7472
14157, 44.751
14158, 44.7529
14159, 44.7577
14160, 44.7577
14161, 44.7648
14162, 44.7691
14163, 44.7696
14164, 44.772
14165, 44.7744
14166, 44.7763
14167, 44.7782
14168, 44.7801
14169, 44.7839
14170, 44.7848
14171, 44.7877
14172, 44.7948
14173, 44.7986
14174, 44.7991
14175, 44.8115
14176, 44.8129
14177, 44.8163
14178, 44.8191
14179, 44.8201
14180, 44.8224
14181, 44.8296
14182, 44.8334
14183, 44.8363
14184, 44.8367
14185, 44.8377
14186, 44.8396
14187, 44.8415
14188, 44.851
14189, 44.8524
14190, 44.8534
14191, 44.8548
14192, 44.8639
14193, 44.8682
14194, 44.8715
14195, 44.8734
14196, 44.8753
14197, 44.8767
14198, 44.8772
14199, 44.8796
14200, 44.8843
14201, 44.8858
14202, 44.8858
14203, 44.8877
14204, 44.8882
14205, 44.8882
14206, 44.8896
14207, 44.9005
14208, 44.9024
14209, 44.9039
14210, 44.9043
14211, 44.9043
14212, 44.9086
14213, 44.9105
14214, 44.9124
14215, 44.9196
14216, 44.922
14217, 44.9253
14218, 44.9267
14219, 44.9296
14220, 44.9301
14221, 44.9305
14222, 44.9343
14223, 44.9348
14224, 44.941
14225, 44.9477
14226, 44.9543
14227, 44.9543
14228, 44.9596
14229, 44.9624
14230, 44.9653
14231, 44.9715
14232, 44.9753
14233, 44.9824
14234, 44.9872
14235, 44.9886
14236, 44.9929
14237, 45.002
14238, 45.0082
14239, 45.0101
14240, 45.0163
14241, 45.0196
14242, 45.0201
14243, 45.0215
14244, 45.0243
14245, 45.0267
14246, 45.0382
14247, 45.0443
14248, 45.0596
14249, 45.0701
14250, 45.072
14251, 45.0748
14252, 45.081
14253, 45.0824
14254, 45.0882
14255, 45.0891
14256, 45.102
14257, 45.102
14258, 45.102
14259, 45.1072
14260, 45.1072
14261, 45.1086
14262, 45.1167
14263, 45.1267
14264, 45.1329
14265, 45.1334
14266, 45.1339
14267, 45.1372
14268, 45.1377
14269, 45.1429
14270, 45.1453
14271, 45.1472
14272, 45.1482
14273, 45.151
14274, 45.1548
14275, 45.1577
14276, 45.1577
14277, 45.1577
14278, 45.1605
14279, 45.162
14280, 45.1624
14281, 45.1686
14282, 45.1715
14283, 45.1729
14284, 45.1762
14285, 45.1843
14286, 45.1853
14287, 45.1858
14288, 45.191
14289, 45.1967
14290, 45.1986
14291, 45.2096
14292, 45.2096
14293, 45.2182
14294, 45.2224
14295, 45.2243
14296, 45.2267
14297, 45.2272
14298, 45.2282
14299, 45.2291
14300, 45.2367
14301, 45.2382
14302, 45.2391
14303, 45.2424
14304, 45.2562
14305, 45.2581
14306, 45.2624
14307, 45.2643
14308, 45.2658
14309, 45.2701
14310, 45.2729
14311, 45.2753
14312, 45.2762
14313, 45.2858
14314, 45.292
14315, 45.2958
14316, 45.2986
14317, 45.2996
14318, 45.3005
14319, 45.3005
14320, 45.3058
14321, 45.311
14322, 45.3115
14323, 45.3186
14324, 45.3201
14325, 45.3201
14326, 45.3353
14327, 45.342
14328, 45.3472
14329, 45.3496
14330, 45.3529
14331, 45.3658
14332, 45.3662
14333, 45.3681
14334, 45.3724
14335, 45.3877
14336, 45.3896
14337, 45.3939
14338, 45.3967
14339, 45.3996
14340, 45.4024
14341, 45.4034
14342, 45.4039
14343, 45.4139
14344, 45.4158
14345, 45.4181
14346, 45.4186
14347, 45.421
14348, 45.4277
14349, 45.4353
14350, 45.4448
14351, 45.4453
14352, 45.4477
14353, 45.4524
14354, 45.4601
14355, 45.4601
14356, 45.462
14357, 45.4648
14358, 45.4743
14359, 45.4753
14360, 45.4772
14361, 45.4834
14362, 45.4891
14363, 45.4891
14364, 45.4924
14365, 45.4929
14366, 45.5
14367, 45.5053
14368, 45.5134
14369, 45.5196
14370, 45.5229
14371, 45.5315
14372, 45.5324
14373, 45.5362
14374, 45.5362
14375, 45.5381
14376, 45.541
14377, 45.5424
14378, 45.5472
14379, 45.552
14380, 45.5586
14381, 45.5586
14382, 45.5667
14383, 45.5696
14384, 45.5743
14385, 45.5867
14386, 45.5924
14387, 45.5934
14388, 45.5934
14389, 45.5939
14390, 45.5962
14391, 45.6005
14392, 45.6048
14393, 45.6081
14394, 45.6081
14395, 45.611
14396, 45.611
14397, 45.6167
14398, 45.622
14399, 45.6224
14400, 45.6239
14401, 45.6248
14402, 45.6262
14403, 45.6291
14404, 45.631
14405, 45.6329
14406, 45.6353
14407, 45.6443
14408, 45.6529
14409, 45.6572
14410, 45.6643
14411, 45.6648
14412, 45.6658
14413, 45.6696
14414, 45.6739
14415, 45.681
14416, 45.6815
14417, 45.6967
14418, 45.7039
14419, 45.7086
14420, 45.7086
14421, 45.7153
14422, 45.7158
14423, 45.7167
14424, 45.7186
14425, 45.7196
14426, 45.7196
14427, 45.7253
14428, 45.7286
14429, 45.73
14430, 45.7377
14431, 45.741
14432, 45.741
14433, 45.741
14434, 45.7453
14435, 45.7596
14436, 45.7639
14437, 45.7667
14438, 45.7672
14439, 45.7686
14440, 45.7777
14441, 45.7791
14442, 45.7858
14443, 45.7858
14444, 45.7896
14445, 45.7972
14446, 45.7996
14447, 45.8058
14448, 45.8067
14449, 45.8148
14450, 45.8158
14451, 45.8172
14452, 45.82
14453, 45.8239
14454, 45.8262
14455, 45.8353
14456, 45.8391
14457, 45.8424
14458, 45.8524
14459, 45.8577
14460, 45.8581
14461, 45.861
14462, 45.8677
14463, 45.871
14464, 45.8743
14465, 45.8843
14466, 45.8853
14467, 45.8853
14468, 45.8858
14469, 45.8934
14470, 45.8948
14471, 45.8991
14472, 45.9
14473, 45.9005
14474, 45.9077
14475, 45.9081
14476, 45.9105
14477, 45.9134
14478, 45.9148
14479, 45.9334
14480, 45.9362
14481, 45.9448
14482, 45.9529
14483, 45.9567
14484, 45.9586
14485, 45.9658
14486, 45.9677
14487, 45.9758
14488, 45.9767
14489, 45.981
14490, 45.9819
14491, 45.9824
14492, 45.9853
14493, 45.9862
14494, 45.9867
14495, 45.9877
14496, 45.99
14497, 45.9924
14498, 45.9991
14499, 46.0058
14500, 46.0086
14501, 46.021
14502, 46.0224
14503, 46.0243
14504, 46.0348
14505, 46.0372
14506, 46.041
14507, 46.0415
14508, 46.0429
14509, 46.05
14510, 46.0519
14511, 46.0529
14512, 46.0548
14513, 46.0558
14514, 46.0567
14515, 46.0619
14516, 46.0691
14517, 46.0781
14518, 46.091
14519, 46.0991
14520, 46.1
14521, 46.1038
14522, 46.1062
14523, 46.1077
14524, 46.1162
14525, 46.1215
14526, 46.1224
14527, 46.1329
14528, 46.1348
14529, 46.141
14530, 46.1434
14531, 46.1543
14532, 46.1577
14533, 46.1581
14534, 46.1586
14535, 46.171
14536, 46.1715
14537, 46.1719
14538, 46.1734
14539, 46.1734
14540, 46.1758
14541, 46.1834
14542, 46.1848
14543, 46.1881
14544, 46.1886
14545, 46.19
14546, 46.1962
14547, 46.1981
14548, 46.1986
14549, 46.2005
14550, 46.2043
14551, 46.2058
14552, 46.2058
14553, 46.2096
14554, 46.2191
14555, 46.2224
14556, 46.2281
14557, 46.2315
14558, 46.2315
14559, 46.2348
14560, 46.2419
14561, 46.2486
14562, 46.2553
14563, 46.2653
14564, 46.2696
14565, 46.27
14566, 46.2738
14567, 46.2738
14568, 46.2743
14569, 46.2753
14570, 46.2772
14571, 46.2805
14572, 46.2929
14573, 46.2938
14574, 46.2981
14575, 46.3053
14576, 46.3105
14577, 46.3124
14578, 46.3196
14579, 46.321
14580, 46.3215
14581, 46.3238
14582, 46.3243
14583, 46.3262
14584, 46.3315
14585, 46.3334
14586, 46.3353
14587, 46.3386
14588, 46.3419
14589, 46.3457
14590, 46.3477
14591, 46.3529
14592, 46.36
14593, 46.3605
14594, 46.3829
14595, 46.3848
14596, 46.3905
14597, 46.3929
14598, 46.3957
14599, 46.4019
14600, 46.4038
14601, 46.4124
14602, 46.4143
14603, 46.4148
14604, 46.4167
14605, 46.4219
14606, 46.4219
14607, 46.4234
14608, 46.4267
14609, 46.43
14610, 46.4305
14611, 46.4338
14612, 46.4343
14613, 46.4372
14614, 46.4381
14615, 46.4477
14616, 46.4496
14617, 46.4553
14618, 46.4567
14619, 46.4567
14620, 46.4581
14621, 46.4629
14622, 46.4686
14623, 46.4724
14624, 46.4729
14625, 46.481
14626, 46.4815
14627, 46.4843
14628, 46.4862
14629, 46.4929
14630, 46.4957
14631, 46.5057
14632, 46.5081
14633, 46.511
14634, 46.52
14635, 46.5257
14636, 46.5272
14637, 46.5305
14638, 46.5348
14639, 46.5353
14640, 46.5381
14641, 46.5391
14642, 46.5391
14643, 46.5396
14644, 46.5405
14645, 46.561
14646, 46.5624
14647, 46.5638
14648, 46.5638
14649, 46.5643
14650, 46.5676
14651, 46.5691
14652, 46.5705
14653, 46.5719
14654, 46.5719
14655, 46.5767
14656, 46.5815
14657, 46.5857
14658, 46.5876
14659, 46.5891
14660, 46.5891
14661, 46.5938
14662, 46.5976
14663, 46.6
14664, 46.601
14665, 46.6038
14666, 46.61
14667, 46.611
14668, 46.6162
14669, 46.6167
14670, 46.6167
14671, 46.6186
14672, 46.6229
14673, 46.6267
14674, 46.6324
14675, 46.6324
14676, 46.6429
14677, 46.6438
14678, 46.6443
14679, 46.6524
14680, 46.6538
14681, 46.6553
14682, 46.6572
14683, 46.6605
14684, 46.6629
14685, 46.6686
14686, 46.6691
14687, 46.6734
14688, 46.6791
14689, 46.6919
14690, 46.6924
14691, 46.6924
14692, 46.6943
14693, 46.7048
14694, 46.7053
14695, 46.7081
14696, 46.7086
14697, 46.72
14698, 46.7253
14699, 46.7291
14700, 46.7315
14701, 46.7315
14702, 46.7319
14703, 46.7329
14704, 46.7348
14705, 46.74
14706, 46.7405
14707, 46.7472
14708, 46.7476
14709, 46.7481
14710, 46.7562
14711, 46.761
14712, 46.7705
14713, 46.771
14714, 46.7743
14715, 46.7757
14716, 46.7762
14717, 46.7834
14718, 46.7895
14719, 46.7976
14720, 46.7991
14721, 46.8019
14722, 46.8024
14723, 46.8029
14724, 46.8043
14725, 46.8115
14726, 46.8153
14727, 46.8219
14728, 46.8238
14729, 46.8276
14730, 46.84
14731, 46.8481
14732, 46.8543
14733, 46.8553
14734, 46.8576
14735, 46.8657
14736, 46.8695
14737, 46.8705
14738, 46.8743
14739, 46.8934
14740, 46.8948
14741, 46.9019
14742, 46.9019
14743, 46.9024
14744, 46.9086
14745, 46.9143
14746, 46.9148
14747, 46.9153
14748, 46.9195
14749, 46.9224
14750, 46.9229
14751, 46.9257
14752, 46.9257
14753, 46.9291
14754, 46.9324
14755, 46.9391
14756, 46.9453
14757, 46.9462
14758, 46.95
14759, 46.9505
14760, 46.9524
14761, 46.9524
14762, 46.9643
14763, 46.9686
14764, 46.9734
14765, 46.9776
14766, 46.98
14767, 46.9805
14768, 46.9814
14769, 46.9857
14770, 46.99
14771, 46.9905
14772, 46.9914
14773, 46.9967
14774, 47.0062
14775, 47.0086
14776, 47.0105
14777, 47.0119
14778, 47.02
14779, 47.0205
14780, 47.0234
14781, 47.0295
14782, 47.031
14783, 47.031
14784, 47.0324
14785, 47.0338
14786, 47.0362
14787, 47.0414
14788, 47.0429
14789, 47.0448
14790, 47.05
14791, 47.0519
14792, 47.0562
14793, 47.0572
14794, 47.06
14795, 47.061
14796, 47.0634
14797, 47.0657
14798, 47.0743
14799, 47.08
14800, 47.0843
14801, 47.0886
14802, 47.0919
14803, 47.0953
14804, 47.0967
14805, 47.0995
14806, 47.1395
14807, 47.1414
14808, 47.1467
14809, 47.1481
14810, 47.1529
14811, 47.1572
14812, 47.1581
14813, 47.1614
14814, 47.1629
14815, 47.1667
14816, 47.171
14817, 47.1767
14818, 47.1848
14819, 47.1924
14820, 47.2005
14821, 47.2081
14822, 47.2148
14823, 47.2172
14824, 47.2186
14825, 47.2253
14826, 47.2319
14827, 47.241
14828, 47.2467
14829, 47.25
14830, 47.2557
14831, 47.2657
14832, 47.2714
14833, 47.2819
14834, 47.2972
14835, 47.3024
14836, 47.3029
14837, 47.3086
14838, 47.311
14839, 47.3119
14840, 47.3157
14841, 47.3219
14842, 47.3276
14843, 47.3281
14844, 47.3314
14845, 47.3338
14846, 47.3367
14847, 47.3405
14848, 47.3438
14849, 47.3467
14850, 47.371
14851, 47.3743
14852, 47.3748
14853, 47.3762
14854, 47.3781
14855, 47.3881
14856, 47.4014
14857, 47.4024
14858, 47.4124
14859, 47.4162
14860, 47.4205
14861, 47.4452
14862, 47.4495
14863, 47.451
14864, 47.4524
14865, 47.4562
14866, 47.4572
14867, 47.4629
14868, 47.4681
14869, 47.4719
14870, 47.4738
14871, 47.4748
14872, 47.4752
14873, 47.4795
14874, 47.4872
14875, 47.49
14876, 47.49
14877, 47.4905
14878, 47.4929
14879, 47.4929
14880, 47.4938
14881, 47.5
14882, 47.5067
14883, 47.5119
14884, 47.5138
14885, 47.5138
14886, 47.5214
14887, 47.5272
14888, 47.53
14889, 47.5305
14890, 47.5386
14891, 47.5476
14892, 47.5533
14893, 47.561
14894, 47.571
14895, 47.5714
14896, 47.5757
14897, 47.5776
14898, 47.5781
14899, 47.5805
14900, 47.5814
14901, 47.5829
14902, 47.5848
14903, 47.5872
14904, 47.591
14905, 47.5952
14906, 47.5981
14907, 47.5986
14908, 47.6024
14909, 47.6043
14910, 47.6062
14911, 47.6105
14912, 47.6267
14913, 47.6305
14914, 47.6367
14915, 47.6372
14916, 47.641
14917, 47.6472
14918, 47.6495
14919, 47.6519
14920, 47.6524
14921, 47.6552
14922, 47.6695
14923, 47.6781
14924, 47.6852
14925, 47.691
14926, 47.6943
14927, 47.6986
14928, 47.7038
14929, 47.7057
14930, 47.7086
14931, 47.71
14932, 47.7191
14933, 47.7286
14934, 47.7291
14935, 47.7333
14936, 47.7491
14937, 47.75
14938, 47.7514
14939, 47.7548
14940, 47.7567
14941, 47.7581
14942, 47.7614
14943, 47.7629
14944, 47.7638
14945, 47.7652
14946, 47.7657
14947, 47.7671
14948, 47.7757
14949, 47.7905
14950, 47.7933
14951, 47.7957
14952, 47.7967
14953, 47.7971
14954, 47.8076
14955, 47.8095
14956, 47.8167
14957, 47.831
14958, 47.8314
14959, 47.8386
14960, 47.8405
14961, 47.8429
14962, 47.8438
14963, 47.8476
14964, 47.8557
14965, 47.8581
14966, 47.8595
14967, 47.8671
14968, 47.881
14969, 47.8814
14970, 47.8886
14971, 47.89
14972, 47.8919
14973, 47.8948
14974, 47.8971
14975, 47.899
14976, 47.9148
14977, 47.9157
14978, 47.9162
14979, 47.9171
14980, 47.9176
14981, 47.9205
14982, 47.9305
14983, 47.939
14984, 47.9405
14985, 47.9405
14986, 47.951
14987, 47.9614
14988, 47.9814
14989, 47.9829
14990, 47.9943
14991, 47.9962
14992, 48.0029
14993, 48.0057
14994, 48.0157
14995, 48.0167
14996, 48.0219
14997, 48.029
14998, 48.0319
14999, 48.0429
15000, 48.0495
15001, 48.0505
15002, 48.0514
15003, 48.0571
15004, 48.0719
15005, 48.0757
15006, 48.0838
15007, 48.0862
15008, 48.0876
15009, 48.0938
15010, 48.0943
15011, 48.0971
15012, 48.1014
15013, 48.1048
15014, 48.111
15015, 48.1267
15016, 48.1286
15017, 48.129
15018, 48.1305
15019, 48.1362
15020, 48.1433
15021, 48.1457
15022, 48.1543
15023, 48.1557
15024, 48.159
15025, 48.1595
15026, 48.1638
15027, 48.1667
15028, 48.169
15029, 48.1695
15030, 48.1733
15031, 48.1838
15032, 48.1852
15033, 48.2005
15034, 48.2109
15035, 48.2114
15036, 48.2138
15037, 48.2143
15038, 48.2176
15039, 48.2309
15040, 48.2343
15041, 48.239
15042, 48.2405
15043, 48.2424
15044, 48.2457
15045, 48.2562
15046, 48.2576
15047, 48.2648
15048, 48.2771
15049, 48.2814
15050, 48.2848
15051, 48.2862
15052, 48.2867
15053, 48.2886
15054, 48.2943
15055, 48.3095
15056, 48.3243
15057, 48.3267
15058, 48.3286
15059, 48.3348
15060, 48.3419
15061, 48.3419
15062, 48.3476
15063, 48.3509
15064, 48.3629
15065, 48.3643
15066, 48.3643
15067, 48.3719
15068, 48.3729
15069, 48.3819
15070, 48.3838
15071, 48.389
15072, 48.3938
15073, 48.4038
15074, 48.4071
15075, 48.4076
15076, 48.4124
15077, 48.4157
15078, 48.4252
15079, 48.4305
15080, 48.4309
15081, 48.4338
15082, 48.4371
15083, 48.4476
15084, 48.4476
15085, 48.4505
15086, 48.4514
15087, 48.4519
15088, 48.4609
15089, 48.4643
15090, 48.4652
15091, 48.4657
15092, 48.4786
15093, 48.4809
15094, 48.4824
15095, 48.4919
15096, 48.5057
15097, 48.5124
15098, 48.5162
15099, 48.5238
15100, 48.529
15101, 48.5319
15102, 48.5352
15103, 48.5448
15104, 48.55
15105, 48.5538
15106, 48.5619
15107, 48.5624
15108, 48.5676
15109, 48.5709
15110, 48.5838
15111, 48.5871
15112, 48.59
15113, 48.5967
15114, 48.6024
15115, 48.6024
15116, 48.6076
15117, 48.6081
15118, 48.6157
15119, 48.619
15120, 48.6252
15121, 48.6319
15122, 48.6333
15123, 48.64
15124, 48.6576
15125, 48.6581
15126, 48.6595
15127, 48.6647
15128, 48.6662
15129, 48.6695
15130, 48.6709
15131, 48.6767
15132, 48.689
15133, 48.6909
15134, 48.709
15135, 48.7162
15136, 48.7295
15137, 48.7305
15138, 48.7386
15139, 48.7438
15140, 48.7476
15141, 48.7509
15142, 48.7567
15143, 48.7619
15144, 48.7652
15145, 48.7705
15146, 48.7828
15147, 48.7843
15148, 48.7862
15149, 48.79
15150, 48.7962
15151, 48.7986
15152, 48.8047
15153, 48.8109
15154, 48.8138
15155, 48.8171
15156, 48.8228
15157, 48.8281
15158, 48.8314
15159, 48.8343
15160, 48.8367
15161, 48.8467
15162, 48.849
15163, 48.8509
15164, 48.87
15165, 48.8714
15166, 48.8743
15167, 48.8743
15168, 48.8795
15169, 48.8795
15170, 48.8928
15171, 48.8933
15172, 48.8938
15173, 48.9
15174, 48.9047
15175, 48.9076
15176, 48.9157
15177, 48.9176
15178, 48.9238
15179, 48.9243
15180, 48.9324
15181, 48.9333
15182, 48.9395
15183, 48.9428
15184, 48.9457
15185, 48.9586
15186, 48.9633
15187, 48.97
15188, 48.9705
15189, 48.9733
15190, 48.9743
15191, 48.9752
15192, 48.9776
15193, 48.9838
15194, 48.9876
15195, 48.9914
15196, 48.9924
15197, 48.9976
15198, 48.999
15199, 49.0047
15200, 49.0176
15201, 49.0219
15202, 49.0233
15203, 49.0257
15204, 49.0343
15205, 49.0347
15206, 49.0347
15207, 49.0366
15208, 49.039
15209, 49.0452
15210, 49.0533
15211, 49.0538
15212, 49.0571
15213, 49.0586
15214, 49.0595
15215, 49.0671
15216, 49.0757
15217, 49.079
15218, 49.0805
15219, 49.0824
15220, 49.0862
15221, 49.089
15222, 49.0928
15223, 49.1305
15224, 49.1343
15225, 49.1428
15226, 49.1519
15227, 49.1538
15228, 49.1552
15229, 49.1566
15230, 49.1619
15231, 49.1628
15232, 49.1666
15233, 49.1666
15234, 49.17
15235, 49.1747
15236, 49.1885
15237, 49.1909
15238, 49.1938
15239, 49.1995
15240, 49.2071
15241, 49.2124
15242, 49.2224
15243, 49.2224
15244, 49.2228
15245, 49.2233
15246, 49.2233
15247, 49.2257
15248, 49.2295
15249, 49.2343
15250, 49.2366
15251, 49.2447
15252, 49.2457
15253, 49.2485
15254, 49.2581
15255, 49.2638
15256, 49.2709
15257, 49.2724
15258, 49.2762
15259, 49.2795
15260, 49.2871
15261, 49.2924
15262, 49.2943
15263, 49.2976
15264, 49.3062
15265, 49.3105
15266, 49.3205
15267, 49.3238
15268, 49.3252
15269, 49.3485
15270, 49.3562
15271, 49.3595
15272, 49.3671
15273, 49.3728
15274, 49.3738
15275, 49.3757
15276, 49.3809
15277, 49.3814
15278, 49.3828
15279, 49.3847
15280, 49.3928
15281, 49.4014
15282, 49.4019
15283, 49.4066
15284, 49.4171
15285, 49.4195
15286, 49.4219
15287, 49.4338
15288, 49.4347
15289, 49.4376
15290, 49.4424
15291, 49.4476
15292, 49.459
15293, 49.4619
15294, 49.4624
15295, 49.4643
15296, 49.4666
15297, 49.4719
15298, 49.4724
15299, 49.4738
15300, 49.4776
15301, 49.479
15302, 49.4819
15303, 49.4847
15304, 49.4876
15305, 49.4885
15306, 49.4952
15307, 49.4971
15308, 49.509
15309, 49.5185
15310, 49.519
15311, 49.5333
15312, 49.5338
15313, 49.5357
15314, 49.5395
15315, 49.5562
15316, 49.5595
15317, 49.569
15318, 49.5709
15319, 49.5733
15320, 49.5738
15321, 49.5795
15322, 49.58
15323, 49.5981
15324, 49.599
15325, 49.6004
15326, 49.6076
15327, 49.6147
15328, 49.6219
15329, 49.6219
15330, 49.6238
15331, 49.6381
15332, 49.6414
15333, 49.6419
15334, 49.6428
15335, 49.6462
15336, 49.649
15337, 49.6504
15338, 49.66
15339, 49.6628
15340, 49.6776
15341, 49.6795
15342, 49.6809
15343, 49.6857
15344, 49.6909
15345, 49.6914
15346, 49.6966
15347, 49.6995
15348, 49.7028
15349, 49.7033
15350, 49.7033
15351, 49.7085
15352, 49.7104
15353, 49.7138
15354, 49.72
15355, 49.7271
15356, 49.7319
15357, 49.7357
15358, 49.7366
15359, 49.7419
15360, 49.7476
15361, 49.7476
15362, 49.7481
15363, 49.7533
15364, 49.7543
15365, 49.7571
15366, 49.7614
15367, 49.7619
15368, 49.7633
15369, 49.7647
15370, 49.7647
15371, 49.7662
15372, 49.7666
15373, 49.7847
15374, 49.8014
15375, 49.8052
15376, 49.8062
15377, 49.8085
15378, 49.8114
15379, 49.8119
15380, 49.8147
15381, 49.8171
15382, 49.8247
15383, 49.8319
15384, 49.85
15385, 49.86
15386, 49.8609
15387, 49.869
15388, 49.869
15389, 49.869
15390, 49.8695
15391, 49.8704
15392, 49.8752
15393, 49.8766
15394, 49.8804
15395, 49.8852
15396, 49.8862
15397, 49.8957
15398, 49.8985
15399, 49.9019
15400, 49.9066
15401, 49.9223
15402, 49.9252
15403, 49.9252
15404, 49.9366
15405, 49.9385
15406, 49.9395
15407, 49.9542
15408, 49.9552
15409, 49.9657
15410, 49.9666
15411, 49.9695
15412, 49.9714
15413, 49.9776
15414, 49.979
15415, 49.9828
15416, 49.9881
15417, 50.0033
15418, 50.0085
15419, 50.0219
15420, 50.0242
15421, 50.0252
15422, 50.0357
15423, 50.0362
15424, 50.0623
15425, 50.0657
15426, 50.0685
15427, 50.0709
15428, 50.0738
15429, 50.0771
15430, 50.0861
15431, 50.0995
15432, 50.1071
15433, 50.1204
15434, 50.1314
15435, 50.1333
15436, 50.1338
15437, 50.1352
15438, 50.1366
15439, 50.1447
15440, 50.1485
15441, 50.1676
15442, 50.1685
15443, 50.1814
15444, 50.1823
15445, 50.1838
15446, 50.1966
15447, 50.2019
15448, 50.2028
15449, 50.2066
15450, 50.2171
15451, 50.2223
15452, 50.2419
15453, 50.2419
15454, 50.2433
15455, 50.2466
15456, 50.2604
15457, 50.2609
15458, 50.2909
15459, 50.3028
15460, 50.3038
15461, 50.3114
15462, 50.3123
15463, 50.3142
15464, 50.3147
15465, 50.3271
15466, 50.3295
15467, 50.3404
15468, 50.3571
15469, 50.3676
15470, 50.379
15471, 50.3819
15472, 50.3823
15473, 50.3966
15474, 50.4004
15475, 50.4009
15476, 50.4109
15477, 50.4123
15478, 50.4214
15479, 50.4238
15480, 50.429
15481, 50.4352
15482, 50.44
15483, 50.4461
15484, 50.449
15485, 50.4728
15486, 50.4771
15487, 50.4776
15488, 50.4795
15489, 50.4833
15490, 50.4876
15491, 50.488
15492, 50.4895
15493, 50.4923
15494, 50.4961
15495, 50.5109
15496, 50.5138
15497, 50.5195
15498, 50.53
15499, 50.5309
15500, 50.5314
15501, 50.549
15502, 50.5709
15503, 50.5714
15504, 50.579
15505, 50.5804
15506, 50.5919
15507, 50.6028
15508, 50.6061
15509, 50.6071
15510, 50.6114
15511, 50.6138
15512, 50.6157
15513, 50.6271
15514, 50.6285
15515, 50.6328
15516, 50.6352
15517, 50.6438
15518, 50.6499
15519, 50.6528
15520, 50.659
15521, 50.6614
15522, 50.6761
15523, 50.6823
15524, 50.6833
15525, 50.6876
15526, 50.6957
15527, 50.7042
15528, 50.718
15529, 50.719
15530, 50.7214
15531, 50.7371
15532, 50.738
15533, 50.739
15534, 50.7423
15535, 50.7476
15536, 50.749
15537, 50.7495
15538, 50.7623
15539, 50.7657
15540, 50.768
15541, 50.769
15542, 50.7752
15543, 50.7766
15544, 50.7861
15545, 50.8033
15546, 50.8361
15547, 50.838
15548, 50.8457
15549, 50.8547
15550, 50.8599
15551, 50.8704
15552, 50.8771
15553, 50.889
15554, 50.8899
15555, 50.8923
15556, 50.8957
15557, 50.8966
15558, 50.8999
15559, 50.9071
15560, 50.9138
15561, 50.9166
15562, 50.918
15563, 50.9514
15564, 50.9566
15565, 50.9566
15566, 50.9709
15567, 50.9776
15568, 51.0018
15569, 51.0018
15570, 51.008
15571, 51.0128
15572, 51.0142
15573, 51.0237
15574, 51.0237
15575, 51.0347
15576, 51.049
15577, 51.0547
15578, 51.0609
15579, 51.0618
15580, 51.0676
15581, 51.0704
15582, 51.0766
15583, 51.0852
15584, 51.0871
15585, 51.0876
15586, 51.0899
15587, 51.1042
15588, 51.1071
15589, 51.1099
15590, 51.1133
15591, 51.1157
15592, 51.1209
15593, 51.1295
15594, 51.1404
15595, 51.1576
15596, 51.1576
15597, 51.1604
15598, 51.1709
15599, 51.1909
15600, 51.208
15601, 51.2214
15602, 51.2342
15603, 51.2399
15604, 51.258
15605, 51.268
15606, 51.2685
15607, 51.289
15608, 51.2909
15609, 51.2971
15610, 51.3066
15611, 51.3209
15612, 51.328
15613, 51.3309
15614, 51.3385
15615, 51.3447
15616, 51.3476
15617, 51.3547
15618, 51.3566
15619, 51.3642
15620, 51.3666
15621, 51.368
15622, 51.3695
15623, 51.3809
15624, 51.3856
15625, 51.3861
15626, 51.3885
15627, 51.389
15628, 51.3999
15629, 51.4066
15630, 51.4095
15631, 51.4123
15632, 51.4204
15633, 51.4218
15634, 51.4252
15635, 51.4271
15636, 51.4333
15637, 51.4347
15638, 51.4414
15639, 51.4428
15640, 51.4461
15641, 51.448
15642, 51.449
15643, 51.4556
15644, 51.4556
15645, 51.4599
15646, 51.4609
15647, 51.4609
15648, 51.4871
15649, 51.4876
15650, 51.5137
15651, 51.5171
15652, 51.5275
15653, 51.5433
15654, 51.5461
15655, 51.5547
15656, 51.5566
15657, 51.5575
15658, 51.5637
15659, 51.5647
15660, 51.5718
15661, 51.578
15662, 51.5809
15663, 51.5971
15664, 51.6066
15665, 51.6114
15666, 51.6123
15667, 51.6166
15668, 51.6309
15669, 51.6356
15670, 51.6504
15671, 51.6561
15672, 51.6728
15673, 51.6966
15674, 51.7056
15675, 51.7185
15676, 51.7209
15677, 51.729
15678, 51.7428
15679, 51.7528
15680, 51.7656
15681, 51.7661
15682, 51.7714
15683, 51.7756
15684, 51.7947
15685, 51.7952
15686, 51.7975
15687, 51.7975
15688, 51.8185
15689, 51.8337
15690, 51.8528
15691, 51.8818
15692, 51.8847
15693, 51.8861
15694, 51.899
15695, 51.9052
15696, 51.9066
15697, 51.9399
15698, 51.9452
15699, 51.9452
15700, 51.9461
15701, 51.9528
15702, 51.9552
15703, 51.959
15704, 51.9699
15705, 51.9823
15706, 51.989
15707, 51.998
15708, 51.999
15709, 52.0042
15710, 52.0056
15711, 52.0166
15712, 52.0228
15713, 52.0247
15714, 52.0475
15715, 52.0709
15716, 52.0723
15717, 52.0761
15718, 52.0909
15719, 52.1142
15720, 52.1142
15721, 52.1394
15722, 52.1428
15723, 52.1466
15724, 52.1542
15725, 52.1609
15726, 52.1647
15727, 52.1852
15728, 52.1923
15729, 52.2128
15730, 52.2285
15731, 52.2304
15732, 52.2418
15733, 52.2456
15734, 52.248
15735, 52.2509
15736, 52.2532
15737, 52.2537
15738, 52.2571
15739, 52.2656
15740, 52.2747
15741, 52.2771
15742, 52.2928
15743, 52.3075
15744, 52.3152
15745, 52.3204
15746, 52.3204
15747, 52.3375
15748, 52.338
15749, 52.3513
15750, 52.3718
15751, 52.3756
15752, 52.3875
15753, 52.388
15754, 52.3932
15755, 52.3937
15756, 52.3999
15757, 52.4023
15758, 52.4032
15759, 52.4223
15760, 52.4252
15761, 52.4356
15762, 52.4371
15763, 52.4437
15764, 52.4613
15765, 52.4675
15766, 52.4785
15767, 52.4804
15768, 52.4804
15769, 52.4875
15770, 52.4942
15771, 52.4947
15772, 52.5013
15773, 52.5023
15774, 52.5037
15775, 52.5171
15776, 52.5185
15777, 52.5213
15778, 52.5261
15779, 52.5485
15780, 52.5551
15781, 52.5628
15782, 52.5685
15783, 52.5737
15784, 52.5985
15785, 52.6099
15786, 52.6199
15787, 52.6285
15788, 52.6404
15789, 52.6471
15790, 52.6475
15791, 52.648
15792, 52.6504
15793, 52.6613
15794, 52.6728
15795, 52.6837
15796, 52.6947
15797, 52.7004
15798, 52.7032
15799, 52.709
15800, 52.717
15801, 52.7175
15802, 52.7175
15803, 52.7261
15804, 52.7332
15805, 52.7342
15806, 52.7428
15807, 52.7447
15808, 52.7475
15809, 52.7561
15810, 52.7728
15811, 52.7732
15812, 52.7861
15813, 52.7913
15814, 52.798
15815, 52.8004
15816, 52.8194
15817, 52.8199
15818, 52.8223
15819, 52.8247
15820, 52.8266
15821, 52.8313
15822, 52.8532
15823, 52.8585
15824, 52.8599
15825, 52.8604
15826, 52.8694
15827, 52.8761
15828, 52.8904
15829, 52.8947
15830, 52.9066
15831, 52.9232
15832, 52.9347
15833, 52.9375
15834, 52.9447
15835, 52.9489
15836, 52.9594
15837, 52.9613
15838, 52.9837
15839, 52.9899
15840, 52.9923
15841, 52.9961
15842, 53.0156
15843, 53.018
15844, 53.0194
15845, 53.0232
15846, 53.0261
15847, 53.0304
15848, 53.0413
15849, 53.0628
15850, 53.0799
15851, 53.0932
15852, 53.0947
15853, 53.107
15854, 53.1142
15855, 53.1175
15856, 53.1175
15857, 53.1223
15858, 53.1289
15859, 53.1313
15860, 53.1337
15861, 53.1461
15862, 53.1585
15863, 53.1623
15864, 53.178
15865, 53.1913
15866, 53.1999
15867, 53.2128
15868, 53.2261
15869, 53.2289
15870, 53.2413
15871, 53.2523
15872, 53.2661
15873, 53.2685
15874, 53.2751
15875, 53.287
15876, 53.3113
15877, 53.3161
15878, 53.3299
15879, 53.3304
15880, 53.3342
15881, 53.338
15882, 53.3418
15883, 53.3451
15884, 53.3547
15885, 53.3575
15886, 53.3742
15887, 53.3889
15888, 53.4075
15889, 53.4242
15890, 53.4294
15891, 53.4485
15892, 53.4527
15893, 53.4642
15894, 53.4685
15895, 53.4742
15896, 53.4823
15897, 53.4932
15898, 53.4989
15899, 53.5066
15900, 53.5108
15901, 53.5147
15902, 53.5213
15903, 53.5256
15904, 53.5261
15905, 53.5261
15906, 53.5308
15907, 53.5313
15908, 53.5532
15909, 53.5832
15910, 53.5932
15911, 53.6185
15912, 53.6537
15913, 53.6804
15914, 53.6832
15915, 53.6932
15916, 53.6999
15917, 53.707
15918, 53.7342
15919, 53.7389
15920, 53.7413
15921, 53.7532
15922, 53.7566
15923, 53.777
15924, 53.7885
15925, 53.7918
15926, 53.7932
15927, 53.7994
15928, 53.7994
15929, 53.8004
15930, 53.8104
15931, 53.8223
15932, 53.8332
15933, 53.8399
15934, 53.8461
15935, 53.8627
15936, 53.8646
15937, 53.8694
15938, 53.8723
15939, 53.8751
15940, 53.8932
15941, 53.9004
15942, 53.9027
15943, 53.9132
15944, 53.9185
15945, 53.9208
15946, 53.9289
15947, 53.9337
15948, 53.9385
15949, 53.9561
15950, 53.9646
15951, 53.9694
15952, 53.9746
15953, 53.9818
15954, 53.9885
15955, 53.9904
15956, 53.9918
15957, 53.998
15958, 54.0185
15959, 54.0361
15960, 54.038
15961, 54.0423
15962, 54.0437
15963, 54.0494
15964, 54.0499
15965, 54.0518
15966, 54.0927
15967, 54.0956
15968, 54.1032
15969, 54.1099
15970, 54.1199
15971, 54.1208
15972, 54.1213
15973, 54.128
15974, 54.1299
15975, 54.1442
15976, 54.1456
15977, 54.1508
15978, 54.1575
15979, 54.1608
15980, 54.1608
15981, 54.1675
15982, 54.1737
15983, 54.1832
15984, 54.2051
15985, 54.2118
15986, 54.2351
15987, 54.2427
15988, 54.2446
15989, 54.2646
15990, 54.2694
15991, 54.2699
15992, 54.2918
15993, 54.2937
15994, 54.3089
15995, 54.3104
15996, 54.3208
15997, 54.3484
15998, 54.3484
15999, 54.358
16000, 54.3642
16001, 54.3756
16002, 54.3989
16003, 54.4113
16004, 54.4208
16005, 54.4342
16006, 54.4399
16007, 54.4594
16008, 54.4661
16009, 54.4732
16010, 54.4823
16011, 54.4884
16012, 54.4918
16013, 54.4932
16014, 54.4951
16015, 54.5146
16016, 54.5265
16017, 54.5632
16018, 54.5746
16019, 54.5803
16020, 54.587
16021, 54.5903
16022, 54.5965
16023, 54.607
16024, 54.628
16025, 54.6303
16026, 54.6442
16027, 54.6442
16028, 54.648
16029, 54.6499
16030, 54.6594
16031, 54.6656
16032, 54.6694
16033, 54.6856
16034, 54.6927
16035, 54.7037
16036, 54.7065
16037, 54.7103
16038, 54.7327
16039, 54.7437
16040, 54.7584
16041, 54.7622
16042, 54.7694
16043, 54.7832
16044, 54.7842
16045, 54.7946
16046, 54.8099
16047, 54.8251
16048, 54.8265
16049, 54.8294
16050, 54.8522
16051, 54.8522
16052, 54.8542
16053, 54.8542
16054, 54.8689
16055, 54.8937
16056, 54.9194
16057, 54.9222
16058, 54.9222
16059, 54.9322
16060, 54.9508
16061, 54.9561
16062, 54.9627
16063, 54.9713
16064, 54.9841
16065, 54.9937
16066, 55.0022
16067, 55.0056
16068, 55.0165
16069, 55.0256
16070, 55.037
16071, 55.0389
16072, 55.0399
16073, 55.0399
16074, 55.0413
16075, 55.0646
16076, 55.0727
16077, 55.077
16078, 55.0875
16079, 55.1137
16080, 55.1241
16081, 55.1346
16082, 55.1508
16083, 55.1751
16084, 55.1865
16085, 55.207
16086, 55.217
16087, 55.2265
16088, 55.248
16089, 55.2518
16090, 55.2527
16091, 55.2618
16092, 55.2651
16093, 55.2765
16094, 55.2832
16095, 55.2851
16096, 55.296
16097, 55.3003
16098, 55.3013
16099, 55.3289
16100, 55.3332
16101, 55.3408
16102, 55.3537
16103, 55.3665
16104, 55.376
16105, 55.3846
16106, 55.407
16107, 55.4108
16108, 55.4113
16109, 55.426
16110, 55.4456
16111, 55.4537
16112, 55.4584
16113, 55.4818
16114, 55.4918
16115, 55.517
16116, 55.5241
16117, 55.5399
16118, 55.5632
16119, 55.566
16120, 55.5737
16121, 55.5803
16122, 55.5913
16123, 55.5951
16124, 55.6032
16125, 55.6103
16126, 55.6132
16127, 55.6408
16128, 55.6818
16129, 55.7037
16130, 55.7065
16131, 55.7237
16132, 55.736
16133, 55.7484
16134, 55.7575
16135, 55.7598
16136, 55.7608
16137, 55.7675
16138, 55.7722
16139, 55.7746
16140, 55.7746
16141, 55.796
16142, 55.7994
16143, 55.8051
16144, 55.8151
16145, 55.8184
16146, 55.8194
16147, 55.8279
16148, 55.8313
16149, 55.8394
16150, 55.847
16151, 55.8556
16152, 55.8675
16153, 55.8694
16154, 55.8722
16155, 55.8846
16156, 55.8908
16157, 55.8917
16158, 55.8951
16159, 55.9337
16160, 55.9341
16161, 55.9394
16162, 55.9522
16163, 55.9603
16164, 55.9679
16165, 55.9684
16166, 55.9713
16167, 55.9751
16168, 56.0022
16169, 56.0032
16170, 56.0094
16171, 56.0184
16172, 56.0365
16173, 56.0422
16174, 56.0584
16175, 56.0751
16176, 56.0779
16177, 56.0827
16178, 56.0956
16179, 56.0965
16180, 56.106
16181, 56.1079
16182, 56.117
16183, 56.1175
16184, 56.1327
16185, 56.2313
16186, 56.2336
16187, 56.2346
16188, 56.2584
16189, 56.2675
16190, 56.2698
16191, 56.276
16192, 56.3098
16193, 56.3346
16194, 56.3598
16195, 56.3898
16196, 56.4079
16197, 56.4113
16198, 56.4122
16199, 56.4236
16200, 56.427
16201, 56.436
16202, 56.437
16203, 56.4375
16204, 56.4527
16205, 56.4694
16206, 56.5132
16207, 56.5208
16208, 56.5246
16209, 56.5351
16210, 56.6313
16211, 56.6351
16212, 56.6541
16213, 56.6865
16214, 56.6946
16215, 56.7127
16216, 56.7132
16217, 56.7151
16218, 56.7217
16219, 56.7298
16220, 56.7484
16221, 56.7589
16222, 56.7632
16223, 56.7665
16224, 56.7751
16225, 56.7908
16226, 56.7932
16227, 56.8079
16228, 56.8098
16229, 56.8141
16230, 56.846
16231, 56.8493
16232, 56.8722
16233, 56.8922
16234, 56.8936
16235, 56.9055
16236, 56.9127
16237, 56.916
16238, 56.9213
16239, 56.9598
16240, 56.9617
16241, 56.9655
16242, 56.9746
16243, 56.9755
16244, 56.9765
16245, 56.9879
16246, 56.9913
16247, 56.9955
16248, 57.0055
16249, 57.017
16250, 57.0213
16251, 57.0232
16252, 57.0389
16253, 57.0441
16254, 57.0636
16255, 57.0722
16256, 57.1108
16257, 57.117
16258, 57.1246
16259, 57.1484
16260, 57.156
16261, 57.2136
16262, 57.2289
16263, 57.2455
16264, 57.2498
16265, 57.2808
16266, 57.2836
16267, 57.2874
16268, 57.2989
16269, 57.3151
16270, 57.3189
16271, 57.3193
16272, 57.3298
16273, 57.3412
16274, 57.3417
16275, 57.3465
16276, 57.3917
16277, 57.3936
16278, 57.3941
16279, 57.4027
16280, 57.4136
16281, 57.4446
16282, 57.4779
16283, 57.5012
16284, 57.5036
16285, 57.5041
16286, 57.5108
16287, 57.5184
16288, 57.5208
16289, 57.5208
16290, 57.5222
16291, 57.5274
16292, 57.5308
16293, 57.5317
16294, 57.5584
16295, 57.5827
16296, 57.6227
16297, 57.6293
16298, 57.6793
16299, 57.7041
16300, 57.7222
16301, 57.7327
16302, 57.7465
16303, 57.7769
16304, 57.7812
16305, 57.8036
16306, 57.8036
16307, 57.8165
16308, 57.8317
16309, 57.8898
16310, 57.8998
16311, 57.9036
16312, 57.9189
16313, 57.9198
16314, 57.9241
16315, 57.926
16316, 57.9284
16317, 57.9303
16318, 57.9455
16319, 57.9531
16320, 57.9598
16321, 57.9722
16322, 57.9817
16323, 57.9817
16324, 57.996
16325, 58.005
16326, 58.0131
16327, 58.0136
16328, 58.0193
16329, 58.0331
16330, 58.0398
16331, 58.0574
16332, 58.0636
16333, 58.066
16334, 58.0788
16335, 58.0922
16336, 58.1136
16337, 58.1146
16338, 58.116
16339, 58.1188
16340, 58.1227
16341, 58.1565
16342, 58.1574
16343, 58.1622
16344, 58.1636
16345, 58.1803
16346, 58.205
16347, 58.2136
16348, 58.2231
16349, 58.2331
16350, 58.2346
16351, 58.2507
16352, 58.2607
16353, 58.2703
16354, 58.2746
16355, 58.275
16356, 58.3017
16357, 58.3046
16358, 58.306
16359, 58.3065
16360, 58.3112
16361, 58.3241
16362, 58.336
16363, 58.3365
16364, 58.3736
16365, 58.3769
16366, 58.4079
16367, 58.4207
16368, 58.4346
16369, 58.4412
16370, 58.4427
16371, 58.4865
16372, 58.5026
16373, 58.5088
16374, 58.5112
16375, 58.5174
16376, 58.5269
16377, 58.5279
16378, 58.5503
16379, 58.5622
16380, 58.5631
16381, 58.5688
16382, 58.6117
16383, 58.6122
16384, 58.6312
16385, 58.6317
16386, 58.6331
16387, 58.6393
16388, 58.6398
16389, 58.6417
16390, 58.6546
16391, 58.655
16392, 58.6584
16393, 58.6788
16394, 58.6788
16395, 58.6846
16396, 58.6974
16397, 58.7279
16398, 58.7317
16399, 58.7369
16400, 58.7374
16401, 58.7831
16402, 58.8155
16403, 58.8331
16404, 58.8336
16405, 58.8341
16406, 58.8355
16407, 58.8365
16408, 58.8598
16409, 58.8636
16410, 58.9122
16411, 58.9174
16412, 58.9217
16413, 58.926
16414, 58.9345
16415, 58.9388
16416, 58.9512
16417, 58.9564
16418, 58.9598
16419, 58.976
16420, 58.976
16421, 58.9793
16422, 58.9826
16423, 59.0022
16424, 59.0069
16425, 59.0407
16426, 59.106
16427, 59.1064
16428, 59.1098
16429, 59.1236
16430, 59.1441
16431, 59.1445
16432, 59.1536
16433, 59.1707
16434, 59.1722
16435, 59.1993
16436, 59.2117
16437, 59.2236
16438, 59.2283
16439, 59.2345
16440, 59.2403
16441, 59.2455
16442, 59.2474
16443, 59.2603
16444, 59.2793
16445, 59.3164
16446, 59.3222
16447, 59.3222
16448, 59.345
16449, 59.356
16450, 59.3679
16451, 59.3722
16452, 59.376
16453, 59.4098
16454, 59.4174
16455, 59.4502
16456, 59.4541
16457, 59.4607
16458, 59.4612
16459, 59.465
16460, 59.4679
16461, 59.4707
16462, 59.4717
16463, 59.4807
16464, 59.5183
16465, 59.5307
16466, 59.5417
16467, 59.5464
16468, 59.5474
16469, 59.5536
16470, 59.5717
16471, 59.5931
16472, 59.6012
16473, 59.6088
16474, 59.6222
16475, 59.6226
16476, 59.6298
16477, 59.6698
16478, 59.6702
16479, 59.6812
16480, 59.7198
16481, 59.7264
16482, 59.7379
16483, 59.7483
16484, 59.7579
16485, 59.7702
16486, 59.7831
16487, 59.8021
16488, 59.8188
16489, 59.8245
16490, 59.8269
16491, 59.8521
16492, 59.8583
16493, 59.875
16494, 59.8983
16495, 59.8983
16496, 59.9064
16497, 59.9436
16498, 59.9445
16499, 59.9588
16500, 59.9674
16501, 59.9731
16502, 59.9802
16503, 59.9826
16504, 59.9893
16505, 60.0055
16506, 60.0117
16507, 60.026
16508, 60.0264
16509, 60.0417
16510, 60.0498
16511, 60.0655
16512, 60.0674
16513, 60.0688
16514, 60.0774
16515, 60.0774
16516, 60.0893
16517, 60.0917
16518, 60.0926
16519, 60.1112
16520, 60.1188
16521, 60.134
16522, 60.1617
16523, 60.1617
16524, 60.2036
16525, 60.2188
16526, 60.2621
16527, 60.2769
16528, 60.2783
16529, 60.2798
16530, 60.2864
16531, 60.3012
16532, 60.3136
16533, 60.3217
16534, 60.324
16535, 60.3374
16536, 60.3412
16537, 60.3488
16538, 60.3664
16539, 60.3736
16540, 60.3798
16541, 60.385
16542, 60.394
16543, 60.4202
16544, 60.4345
16545, 60.4421
16546, 60.4512
16547, 60.4774
16548, 60.4864
16549, 60.5202
16550, 60.5578
16551, 60.5602
16552, 60.5621
16553, 60.564
16554, 60.5836
16555, 60.6193
16556, 60.6607
16557, 60.6845
16558, 60.6983
16559, 60.7036
16560, 60.7412
16561, 60.7597
16562, 60.7597
16563, 60.7612
16564, 60.7774
16565, 60.8069
16566, 60.814
16567, 60.8555
16568, 60.874
16569, 60.8812
16570, 60.9007
16571, 60.9116
16572, 60.9293
16573, 60.9855
16574, 60.9864
16575, 60.9883
16576, 60.9945
16577, 61.054
16578, 61.0593
16579, 61.0626
16580, 61.1045
16581, 61.1059
16582, 61.1255
16583, 61.1845
16584, 61.1869
16585, 61.204
16586, 61.2212
16587, 61.2374
16588, 61.2455
16589, 61.2459
16590, 61.2535
16591, 61.3078
16592, 61.3297
16593, 61.3316
16594, 61.3374
16595, 61.3412
16596, 61.3488
16597, 61.3788
16598, 61.3788
16599, 61.3926
16600, 61.4012
16601, 61.4259
16602, 61.4507
16603, 61.4545
16604, 61.4569
16605, 61.4626
16606, 61.4635
16607, 61.4745
16608, 61.495
16609, 61.5283
16610, 61.5316
16611, 61.5716
16612, 61.5721
16613, 61.5864
16614, 61.5945
16615, 61.6007
16616, 61.6273
16617, 61.6278
16618, 61.6478
16619, 61.6907
16620, 61.6931
16621, 61.6993
16622, 61.7002
16623, 61.705
16624, 61.7093
16625, 61.7126
16626, 61.7178
16627, 61.725
16628, 61.7369
16629, 61.7469
16630, 61.7473
16631, 61.7597
16632, 61.7597
16633, 61.7807
16634, 61.7883
16635, 61.7973
16636, 61.8164
16637, 61.8221
16638, 61.8307
16639, 61.8721
16640, 61.8869
16641, 61.8916
16642, 61.9021
16643, 61.904
16644, 61.9269
16645, 61.9607
16646, 61.9621
16647, 61.9892
16648, 62.0073
16649, 62.0378
16650, 62.0388
16651, 62.0426
16652, 62.0764
16653, 62.0959
16654, 62.1169
16655, 62.135
16656, 62.1521
16657, 62.1635
16658, 62.2231
16659, 62.2397
16660, 62.2654
16661, 62.3873
16662, 62.415
16663, 62.4492
16664, 62.4721
16665, 62.4754
16666, 62.4921
16667, 62.5011
16668, 62.5416
16669, 62.5473
16670, 62.5749
16671, 62.5973
16672, 62.6054
16673, 62.6126
16674, 62.634
16675, 62.6516
16676, 62.653
16677, 62.6759
16678, 62.7078
16679, 62.7335
16680, 62.744
16681, 62.7783
16682, 62.783
16683, 62.803
16684, 62.803
16685, 62.8197
16686, 62.8283
16687, 62.843
16688, 62.843
16689, 62.8611
16690, 62.8645
16691, 62.8649
16692, 62.9583
16693, 62.9621
16694, 62.9721
16695, 62.9721
16696, 63.0559
16697, 63.0587
16698, 63.0797
16699, 63.0878
16700, 63.1107
16701, 63.1545
16702, 63.164
16703, 63.173
16704, 63.1811
16705, 63.2149
16706, 63.2164
16707, 63.223
16708, 63.2487
16709, 63.2873
16710, 63.2997
16711, 63.3373
16712, 63.3392
16713, 63.3411
16714, 63.3554
16715, 63.3683
16716, 63.3768
16717, 63.393
16718, 63.3992
16719, 63.3997
16720, 63.4311
16721, 63.4421
16722, 63.5392
16723, 63.5397
16724, 63.5483
16725, 63.5502
16726, 63.5549
16727, 63.5849
16728, 63.5911
16729, 63.6335
16730, 63.6511
16731, 63.6983
16732, 63.7202
16733, 63.7611
16734, 63.8283
16735, 63.8611
16736, 63.8625
16737, 63.8883
16738, 63.9064
16739, 63.9192
16740, 63.9349
16741, 64.0435
16742, 64.0573
16743, 64.1978
16744, 64.2006
16745, 64.2235
16746, 64.2444
16747, 64.2449
16748, 64.2478
16749, 64.2502
16750, 64.2625
16751, 64.2725
16752, 64.2906
16753, 64.3192
16754, 64.3254
16755, 64.3478
16756, 64.3525
16757, 64.394
16758, 64.4397
16759, 64.4611
16760, 64.4763
16761, 64.4835
16762, 64.4901
16763, 64.5159
16764, 64.5225
16765, 64.5392
16766, 64.5425
16767, 64.5616
16768, 64.5659
16769, 64.5682
16770, 64.6016
16771, 64.6121
16772, 64.613
16773, 64.6463
16774, 64.6478
16775, 64.6492
16776, 64.6859
16777, 64.6916
16778, 64.7049
16779, 64.7216
16780, 64.734
16781, 64.7406
16782, 64.744
16783, 64.7487
16784, 64.7649
16785, 64.7954
16786, 64.8097
16787, 64.8101
16788, 64.8349
16789, 64.8354
16790, 64.8473
16791, 64.8482
16792, 64.854
16793, 64.8682
16794, 64.8892
16795, 64.9082
16796, 64.9149
16797, 64.9416
16798, 64.9601
16799, 64.9639
16800, 65.0044
16801, 65.0316
16802, 65.0425
16803, 65.0449
16804, 65.0582
16805, 65.1035
16806, 65.1401
16807, 65.1473
16808, 65.1649
16809, 65.1854
16810, 65.1925
16811, 65.223
16812, 65.2411
16813, 65.2487
16814, 65.2778
16815, 65.3092
16816, 65.3358
16817, 65.3601
16818, 65.3739
16819, 65.4039
16820, 65.4592
16821, 65.4616
16822, 65.4854
16823, 65.4987
16824, 65.5068
16825, 65.542
16826, 65.5577
16827, 65.5587
16828, 65.573
16829, 65.6401
16830, 65.663
16831, 65.6844
16832, 65.7592
16833, 65.7806
16834, 65.813
16835, 65.8216
16836, 65.8473
16837, 65.8635
16838, 65.892
16839, 65.9239
16840, 65.9473
16841, 65.9854
16842, 65.9858
16843, 65.9858
16844, 66.0158
16845, 66.0282
16846, 66.0815
16847, 66.0825
16848, 66.083
16849, 66.0901
16850, 66.1101
16851, 66.2958
16852, 66.3549
16853, 66.4092
16854, 66.4477
16855, 66.502
16856, 66.5844
16857, 66.6011
16858, 66.6468
16859, 66.7958
16860, 66.8015
16861, 66.8301
16862, 66.8511
16863, 66.8706
16864, 66.9387
16865, 66.9811
16866, 66.9953
16867, 67.033
16868, 67.0491
16869, 67.1034
16870, 67.1053
16871, 67.1063
16872, 67.1272
16873, 67.142
16874, 67.183
16875, 67.1934
16876, 67.1982
16877, 67.2015
16878, 67.2025
16879, 67.2034
16880, 67.2206
16881, 67.253
16882, 67.281
16883, 67.2996
16884, 67.3115
16885, 67.3582
16886, 67.3653
16887, 67.3858
16888, 67.3887
16889, 67.3963
16890, 67.4144
16891, 67.4253
16892, 67.4429
16893, 67.4572
16894, 67.4601
16895, 67.4944
16896, 67.5082
16897, 67.5125
16898, 67.5225
16899, 67.5601
16900, 67.5706
16901, 67.6048
16902, 67.6096
16903, 67.6134
16904, 67.6177
16905, 67.6372
16906, 67.6372
16907, 67.6668
16908, 67.6815
16909, 67.8353
16910, 67.8772
16911, 67.8801
16912, 67.8839
16913, 67.8877
16914, 67.912
16915, 67.9539
16916, 67.9858
16917, 67.9901
16918, 67.991
16919, 68.0272
16920, 68.0396
16921, 68.0667
16922, 68.0886
16923, 68.092
16924, 68.0934
16925, 68.0953
16926, 68.1444
16927, 68.1501
16928, 68.1882
16929, 68.2053
16930, 68.2267
16931, 68.2463
16932, 68.2582
16933, 68.2615
16934, 68.2653
16935, 68.2891
16936, 68.3072
16937, 68.321
16938, 68.3639
16939, 68.4748
16940, 68.4972
16941, 68.5125
16942, 68.532
16943, 68.5972
16944, 68.5986
16945, 68.651
16946, 68.8867
16947, 68.9205
16948, 68.9205
16949, 68.9415
16950, 68.9577
16951, 68.9786
16952, 68.9824
16953, 69.0839
16954, 69.131
16955, 69.1482
16956, 69.2705
16957, 69.2943
16958, 69.3539
16959, 69.391
16960, 69.4653
16961, 69.4748
16962, 69.4834
16963, 69.4939
16964, 69.5077
16965, 69.5277
16966, 69.5572
16967, 69.5786
16968, 69.59
16969, 69.6267
16970, 69.6339
16971, 69.6372
16972, 69.6534
16973, 69.7653
16974, 69.8177
16975, 69.8205
16976, 69.8224
16977, 69.8534
16978, 69.9005
16979, 69.9543
16980, 70.0258
16981, 70.0334
16982, 70.1505
16983, 70.1791
16984, 70.24
16985, 70.2943
16986, 70.2996
16987, 70.3181
16988, 70.3291
16989, 70.3334
16990, 70.3577
16991, 70.3638
16992, 70.3777
16993, 70.4115
16994, 70.4372
16995, 70.4472
16996, 70.4667
16997, 70.5219
16998, 70.5553
16999, 70.5657
17000, 70.5924
17001, 70.5953
17002, 70.5967
17003, 70.6296
17004, 70.6457
17005, 70.69
17006, 70.7324
17007, 70.7372
17008, 70.7605
17009, 70.7829
17010, 70.7857
17011, 70.8234
17012, 70.8243
17013, 70.8419
17014, 70.8653
17015, 70.8829
17016, 70.9195
17017, 70.9234
17018, 71.051
17019, 71.0714
17020, 71.0795
17021, 71.1153
17022, 71.1524
17023, 71.1567
17024, 71.1586
17025, 71.1853
17026, 71.1981
17027, 71.2314
17028, 71.2343
17029, 71.2757
17030, 71.3219
17031, 71.3262
17032, 71.3495
17033, 71.4895
17034, 71.4943
17035, 71.5772
17036, 71.59
17037, 71.6181
17038, 71.7029
17039, 71.7362
17040, 71.7371
17041, 71.7705
17042, 71.8776
17043, 71.8819
17044, 71.8876
17045, 71.919
17046, 71.9524
17047, 71.999
17048, 72.0976
17049, 72.1119
17050, 72.1305
17051, 72.149
17052, 72.1638
17053, 72.2181
17054, 72.2919
17055, 72.3409
17056, 72.3971
17057, 72.5171
17058, 72.5619
17059, 72.6033
17060, 72.6481
17061, 72.7281
17062, 72.7686
17063, 72.799
17064, 72.8195
17065, 72.8433
17066, 72.8781
17067, 72.9662
17068, 73.0362
17069, 73.0624
17070, 73.0757
17071, 73.0766
17072, 73.1914
17073, 73.2062
17074, 73.3714
17075, 73.3943
17076, 73.4004
17077, 73.4219
17078, 73.4385
17079, 73.4528
17080, 73.4566
17081, 73.5071
17082, 73.5447
17083, 73.5452
17084, 73.5504
17085, 73.5971
17086, 73.6076
17087, 73.609
17088, 73.6219
17089, 73.6695
17090, 73.7652
17091, 73.8171
17092, 73.8704
17093, 73.9309
17094, 73.9676
17095, 74.0014
17096, 74.0214
17097, 74.0804
17098, 74.19
17099, 74.2042
17100, 74.2847
17101, 74.2923
17102, 74.3171
17103, 74.388
17104, 74.3919
17105, 74.4576
17106, 74.4847
17107, 74.529
17108, 74.5323
17109, 74.5647
17110, 74.6247
17111, 74.659
17112, 74.668
17113, 74.7119
17114, 74.7399
17115, 74.7928
17116, 74.8038
17117, 74.8999
17118, 74.9942
17119, 75.0214
17120, 75.0723
17121, 75.0966
17122, 75.1166
17123, 75.1423
17124, 75.1695
17125, 75.2161
17126, 75.2295
17127, 75.3356
17128, 75.3614
17129, 75.3633
17130, 75.388
17131, 75.4376
17132, 75.458
17133, 75.5814
17134, 75.5914
17135, 75.5928
17136, 75.6237
17137, 75.6666
17138, 75.6775
17139, 75.7414
17140, 75.7875
17141, 75.8009
17142, 75.8185
17143, 75.8318
17144, 75.8466
17145, 75.928
17146, 75.9966
17147, 76.008
17148, 76.0242
17149, 76.0485
17150, 76.0728
17151, 76.1318
17152, 76.1566
17153, 76.2318
17154, 76.2371
17155, 76.3432
17156, 76.3656
17157, 76.4223
17158, 76.4585
17159, 76.4656
17160, 76.5113
17161, 76.5371
17162, 76.6166
17163, 76.6599
17164, 76.7428
17165, 76.768
17166, 76.7728
17167, 76.8585
17168, 76.929
17169, 76.9875
17170, 76.9937
17171, 77.047
17172, 77.0923
17173, 77.1675
17174, 77.1875
17175, 77.2142
17176, 77.2342
17177, 77.2804
17178, 77.2932
17179, 77.3837
17180, 77.4318
17181, 77.487
17182, 77.5413
17183, 77.7575
17184, 77.7666
17185, 77.9075
17186, 77.9461
17187, 77.9851
17188, 78.0165
17189, 78.0475
17190, 78.1046
17191, 78.1275
17192, 78.1656
17193, 78.2142
17194, 78.2351
17195, 78.2437
17196, 78.2618
17197, 78.3961
17198, 78.4142
17199, 78.4561
17200, 78.4627
17201, 78.6165
17202, 78.6494
17203, 78.658
17204, 78.6794
17205, 78.8342
17206, 78.8722
17207, 78.9437
17208, 78.9894
17209, 78.9927
17210, 79.0337
17211, 79.0461
17212, 79.0665
17213, 79.0765
17214, 79.0994
17215, 79.1246
17216, 79.1365
17217, 79.156
17218, 79.1927
17219, 79.2937
17220, 79.2965
17221, 79.3503
17222, 79.3894
17223, 79.5051
17224, 79.5818
17225, 79.5865
17226, 79.6651
17227, 79.7651
17228, 79.766
17229, 79.7941
17230, 79.8079
17231, 79.8284
17232, 79.8817
17233, 79.9175
17234, 79.9613
17235, 80.1275
17236, 80.2403
17237, 80.3103
17238, 80.4041
17239, 80.4055
17240, 80.5146
17241, 80.5251
17242, 80.5622
17243, 80.6084
17244, 80.6317
17245, 80.6913
17246, 80.6994
17247, 80.7746
17248, 80.8217
17249, 80.8255
17250, 80.9217
17251, 80.9341
17252, 80.9622
17253, 80.9893
17254, 81.0412
17255, 81.0698
17256, 81.1346
17257, 81.1646
17258, 81.2746
17259, 81.2927
17260, 81.307
17261, 81.4298
17262, 81.4403
17263, 81.4498
17264, 81.4527
17265, 81.5636
17266, 81.6384
17267, 81.6498
17268, 81.6631
17269, 81.6793
17270, 81.7484
17271, 81.8646
17272, 81.9212
17273, 81.9508
17274, 82.0055
17275, 82.035
17276, 82.0865
17277, 82.1046
17278, 82.1146
17279, 82.1427
17280, 82.1436
17281, 82.2027
17282, 82.2203
17283, 82.2208
17284, 82.2384
17285, 82.3355
17286, 82.3727
17287, 82.4141
17288, 82.456
17289, 82.4574
17290, 82.4617
17291, 82.5322
17292, 82.546
17293, 82.5865
17294, 82.6022
17295, 82.6222
17296, 82.6269
17297, 82.6488
17298, 82.6546
17299, 82.6784
17300, 82.6946
17301, 82.7407
17302, 82.7493
17303, 82.7812
17304, 82.7826
17305, 82.815
17306, 82.816
17307, 82.835
17308, 82.8412
17309, 82.9336
17310, 82.9369
17311, 82.9607
17312, 82.9803
17313, 82.9869
17314, 83.0617
17315, 83.0931
17316, 83.1012
17317, 83.1388
17318, 83.1403
17319, 83.165
17320, 83.225
17321, 83.3217
17322, 83.3764
17323, 83.4069
17324, 83.4226
17325, 83.4402
17326, 83.4679
17327, 83.495
17328, 83.5502
17329, 83.6031
17330, 83.6436
17331, 83.6736
17332, 83.7626
17333, 83.9345
17334, 84.0355
17335, 84.0564
17336, 84.1307
17337, 84.2302
17338, 84.3445
17339, 84.4231
17340, 84.4512
17341, 84.4774
17342, 84.5288
17343, 84.5374
17344, 84.6502
17345, 84.6578
17346, 84.8436
17347, 84.8907
17348, 84.9455
17349, 84.9497
17350, 84.9755
17351, 84.9974
17352, 85.0078
17353, 85.0683
17354, 85.1778
17355, 85.1864
17356, 85.3621
17357, 85.3926
17358, 85.4464
17359, 85.5159
17360, 85.5616
17361, 85.6035
17362, 85.6407
17363, 85.6631
17364, 85.7697
17365, 85.8107
17366, 85.8264
17367, 85.8531
17368, 85.8569
17369, 85.8992
17370, 85.9121
17371, 85.935
17372, 85.9983
17373, 86.0188
17374, 86.0445
17375, 86.0559
17376, 86.2011
17377, 86.2626
17378, 86.2745
17379, 86.6188
17380, 86.6202
17381, 86.7069
17382, 86.7111
17383, 86.7135
17384, 86.7164
17385, 86.8235
17386, 86.9145
17387, 86.9168
17388, 86.9226
17389, 86.9249
17390, 86.9878
17391, 87.0268
17392, 87.1164
17393, 87.1497
17394, 87.2573
17395, 87.2997
17396, 87.374
17397, 87.4097
17398, 87.4735
17399, 87.4916
17400, 87.5083
17401, 87.5087
17402, 87.5145
17403, 87.6325
17404, 87.6354
17405, 87.6383
17406, 87.6521
17407, 87.6587
17408, 87.7449
17409, 87.853
17410, 87.8792
17411, 87.8997
17412, 87.9587
17413, 88.0035
17414, 88.0187
17415, 88.1673
17416, 88.2021
17417, 88.4259
17418, 88.4482
17419, 88.6311
17420, 88.654
17421, 88.6816
17422, 88.7449
17423, 88.7578
17424, 88.9825
17425, 89.0297
17426, 89.0297
17427, 89.0878
17428, 89.1254
17429, 89.1697
17430, 89.2335
17431, 89.2544
17432, 89.2773
17433, 89.2778
17434, 89.3116
17435, 89.3306
17436, 89.342
17437, 89.4763
17438, 89.5016
17439, 89.5544
17440, 89.6244
17441, 89.6716
17442, 89.6935
17443, 89.7939
17444, 89.8001
17445, 89.9558
17446, 89.9744
17447, 89.9925
17448, 90.0568
17449, 90.2363
17450, 90.263
17451, 90.273
17452, 90.2782
17453, 90.3077
17454, 90.3496
17455, 90.3996
17456, 90.4073
17457, 90.4082
17458, 90.472
17459, 90.4839
17460, 90.7725
17461, 90.7963
17462, 90.8368
17463, 90.9511
17464, 91.062
17465, 91.0687
17466, 91.243
17467, 91.303
17468, 91.361
17469, 91.3987
17470, 91.4168
17471, 91.722
17472, 91.7496
17473, 91.8277
17474, 91.8729
17475, 91.8791
17476, 91.9306
17477, 92.0248
17478, 92.0277
17479, 92.0496
17480, 92.1877
17481, 92.2044
17482, 92.2634
17483, 92.3401
17484, 92.3472
17485, 92.4386
17486, 92.5386
17487, 92.5477
17488, 92.6167
17489, 92.6358
17490, 92.651
17491, 92.8001
17492, 93.0443
17493, 93.1024
17494, 93.1924
17495, 93.2881
17496, 93.312
17497, 93.3615
17498, 93.3753
17499, 93.5367
17500, 93.5648
17501, 93.5705
17502, 93.7477
17503, 93.7829
17504, 93.8658
17505, 93.8929
17506, 93.9343
17507, 93.9529
17508, 94.001
17509, 94.041
17510, 94.051
17511, 94.0553
17512, 94.37
17513, 94.5091
17514, 94.5643
17515, 94.58
17516, 94.5815
17517, 94.6815
17518, 94.6862
17519, 94.6862
17520, 94.7305
17521, 94.7457
17522, 94.7595
17523, 94.7772
17524, 94.7795
17525, 94.8048
17526, 94.8167
17527, 94.8443
17528, 94.9619
17529, 95.0134
17530, 95.0405
17531, 95.1314
17532, 95.1348
17533, 95.1567
17534, 95.1881
17535, 95.2043
17536, 95.2819
17537, 95.2948
17538, 95.3333
17539, 95.371
17540, 95.3805
17541, 95.4053
17542, 95.4457
17543, 95.4805
17544, 95.49
17545, 95.5224
17546, 95.5362
17547, 95.5457
17548, 95.5924
17549, 95.5957
17550, 95.601
17551, 95.6067
17552, 95.6148
17553, 95.6191
17554, 95.6224
17555, 95.6272
17556, 95.6357
17557, 95.6605
17558, 95.671
17559, 95.6786
17560, 95.6881
17561, 95.7033
17562, 95.7081
17563, 95.7124
17564, 95.7219
17565, 95.7295
17566, 95.7348
17567, 95.7367
17568, 95.7371
17569, 95.7381
17570, 95.7576
17571, 95.7591
17572, 95.7614
17573, 95.7757
17574, 95.7786
17575, 95.7867
17576, 95.7871
17577, 95.801
17578, 95.8195
17579, 95.831
17580, 95.8462
17581, 95.8529
17582, 95.8586
17583, 95.8681
17584, 95.8729
17585, 95.8743
17586, 95.8786
17587, 95.8814
17588, 95.8862
17589, 95.8895
17590, 95.8938
17591, 95.8967
17592, 95.9081
17593, 95.9124
17594, 95.9129
17595, 95.9205
17596, 95.9276
17597, 95.9319
17598, 95.9319
17599, 95.9352
17600, 95.9505
17601, 95.9538
17602, 95.9571
17603, 95.9762
17604, 95.9786
17605, 95.9857
17606, 95.9862
17607, 95.9867
17608, 95.99
17609, 95.9914
17610, 95.9933
17611, 95.9938
17612, 95.9981
17613, 96.0057
17614, 96.0071
17615, 96.02
17616, 96.0214
17617, 96.0257
17618, 96.0367
17619, 96.0381
17620, 96.0429
17621, 96.0433
17622, 96.0438
17623, 96.0552
17624, 96.0576
17625, 96.0662
17626, 96.0667
17627, 96.0671
17628, 96.07
17629, 96.0729
17630, 96.0786
17631, 96.079
17632, 96.079
17633, 96.079
17634, 96.0843
17635, 96.0857
17636, 96.0881
17637, 96.0886
17638, 96.09
17639, 96.091
17640, 96.0929
17641, 96.0938
17642, 96.0967
17643, 96.101
17644, 96.1033
17645, 96.1133
17646, 96.1162
17647, 96.1276
17648, 96.1281
17649, 96.1386
17650, 96.14
17651, 96.1433
17652, 96.149
17653, 96.1524
17654, 96.1529
17655, 96.1657
17656, 96.1719
17657, 96.1757
17658, 96.1938
17659, 96.1971
17660, 96.2038
17661, 96.2048
17662, 96.2071
17663, 96.21
17664, 96.2186
17665, 96.2186
17666, 96.22
17667, 96.2271
17668, 96.2357
17669, 96.2357
17670, 96.2357
17671, 96.2381
17672, 96.2424
17673, 96.2448
17674, 96.2562
17675, 96.259
17676, 96.27
17677, 96.27
17678, 96.2705
17679, 96.2748
17680, 96.2895
17681, 96.29
17682, 96.2948
17683, 96.2962
17684, 96.3014
17685, 96.3029
17686, 96.3029
17687, 96.3062
17688, 96.3105
17689, 96.3129
17690, 96.3162
17691, 96.3171
17692, 96.3209
17693, 96.329
17694, 96.3314
17695, 96.3324
17696, 96.3329
17697, 96.3367
17698, 96.3429
17699, 96.3433
17700, 96.3438
17701, 96.3471
17702, 96.3548
17703, 96.3576
17704, 96.359
17705, 96.36
17706, 96.3624
17707, 96.3633
17708, 96.3643
17709, 96.3705
17710, 96.3719
17711, 96.3748
17712, 96.3767
17713, 96.3781
17714, 96.3833
17715, 96.3838
17716, 96.3871
17717, 96.3895
17718, 96.4014
17719, 96.4081
17720, 96.4114
17721, 96.4133
17722, 96.4171
17723, 96.4214
17724, 96.4219
17725, 96.4224
17726, 96.4281
17727, 96.4281
17728, 96.43
17729, 96.4314
17730, 96.4371
17731, 96.4457
17732, 96.4486
17733, 96.4528
17734, 96.4576
17735, 96.4586
17736, 96.459
17737, 96.4609
17738, 96.4624
17739, 96.4643
17740, 96.4695
17741, 96.4781
17742, 96.4805
17743, 96.4819
17744, 96.4848
17745, 96.4862
17746, 96.489
17747, 96.4971
17748, 96.5024
17749, 96.5033
17750, 96.5043
17751, 96.5076
17752, 96.5133
17753, 96.5143
17754, 96.5148
17755, 96.5171
17756, 96.5238
17757, 96.5262
17758, 96.5309
17759, 96.5333
17760, 96.5367
17761, 96.5381
17762, 96.5538
17763, 96.5543
17764, 96.5671
17765, 96.5824
17766, 96.5871
17767, 96.5943
17768, 96.5957
17769, 96.5995
17770, 96.6124
17771, 96.6124
17772, 96.6152
17773, 96.6162
17774, 96.6205
17775, 96.6248
17776, 96.6281
17777, 96.6348
17778, 96.6348
17779, 96.639
17780, 96.6409
17781, 96.6414
17782, 96.6443
17783, 96.6486
17784, 96.6514
17785, 96.6524
17786, 96.6547
17787, 96.66
17788, 96.6633
17789, 96.6657
17790, 96.6667
17791, 96.6714
17792, 96.7019
17793, 96.7028
17794, 96.7033
17795, 96.7071
17796, 96.7128
17797, 96.7147
17798, 96.7171
17799, 96.7205
17800, 96.7214
17801, 96.7214
17802, 96.7219
17803, 96.7271
17804, 96.7328
17805, 96.7362
17806, 96.7462
17807, 96.7486
17808, 96.7524
17809, 96.7533
17810, 96.7586
17811, 96.7605
17812, 96.7619
17813, 96.7619
17814, 96.7628
17815, 96.77
17816, 96.7781
17817, 96.7824
17818, 96.7838
17819, 96.7852
17820, 96.7876
17821, 96.7909
17822, 96.7943
17823, 96.8
17824, 96.8043
17825, 96.8076
17826, 96.809
17827, 96.8128
17828, 96.8305
17829, 96.8524
17830, 96.859
17831, 96.8757
17832, 96.8781
17833, 96.8914
17834, 96.8943
17835, 96.8981
17836, 96.8981
17837, 96.9005
17838, 96.9038
17839, 96.9181
17840, 96.919
17841, 96.9209
17842, 96.9219
17843, 96.9228
17844, 96.9305
17845, 96.939
17846, 96.9481
17847, 96.9519
17848, 96.9614
17849, 96.9624
17850, 96.9652
17851, 96.9662
17852, 96.9671
17853, 96.969
17854, 96.9709
17855, 96.9819
17856, 96.9833
17857, 96.9852
17858, 96.9886
17859, 96.9952
17860, 96.9962
17861, 96.9971
17862, 96.9981
17863, 97.0028
17864, 97.0095
17865, 97.0176
17866, 97.0186
17867, 97.0209
17868, 97.0233
17869, 97.0305
17870, 97.039
17871, 97.04
17872, 97.0462
17873, 97.0466
17874, 97.0466
17875, 97.0495
17876, 97.06
17877, 97.0628
17878, 97.0671
17879, 97.0719
17880, 97.0762
17881, 97.0819
17882, 97.0838
17883, 97.0838
17884, 97.0928
17885, 97.0976
17886, 97.1005
17887, 97.1019
17888, 97.1071
17889, 97.1076
17890, 97.1095
17891, 97.1119
17892, 97.1147
17893, 97.1147
17894, 97.119
17895, 97.119
17896, 97.1228
17897, 97.1243
17898, 97.129
17899, 97.1319
17900, 97.1324
17901, 97.1362
17902, 97.1409
17903, 97.1414
17904, 97.1414
17905, 97.1419
17906, 97.1424
17907, 97.1457
17908, 97.1471
17909, 97.1519
17910, 97.1566
17911, 97.1595
17912, 97.1605
17913, 97.1619
17914, 97.1647
17915, 97.1828
17916, 97.1862
17917, 97.1876
17918, 97.189
17919, 97.1928
17920, 97.1943
17921, 97.1971
17922, 97.1981
17923, 97.1985
17924, 97.2052
17925, 97.2062
17926, 97.2124
17927, 97.2162
17928, 97.2219
17929, 97.2228
17930, 97.2266
17931, 97.2281
17932, 97.2438
17933, 97.2438
17934, 97.2457
17935, 97.249
17936, 97.2514
17937, 97.2547
17938, 97.2609
17939, 97.2652
17940, 97.2695
17941, 97.2709
17942, 97.2709
17943, 97.2852
17944, 97.2928
17945, 97.2981
17946, 97.299
17947, 97.3
17948, 97.3095
17949, 97.3105
17950, 97.3138
17951, 97.3162
17952, 97.3166
17953, 97.319
17954, 97.319
17955, 97.3195
17956, 97.32
17957, 97.3219
17958, 97.3309
17959, 97.3424
17960, 97.3471
17961, 97.3505
17962, 97.3528
17963, 97.3566
17964, 97.3571
17965, 97.3609
17966, 97.3752
17967, 97.3804
17968, 97.3862
17969, 97.3933
17970, 97.4014
17971, 97.4028
17972, 97.4047
17973, 97.4076
17974, 97.4114
17975, 97.4181
17976, 97.4238
17977, 97.4319
17978, 97.4352
17979, 97.4357
17980, 97.4385
17981, 97.44
17982, 97.4414
17983, 97.4457
17984, 97.4466
17985, 97.4471
17986, 97.4509
17987, 97.4543
17988, 97.4547
17989, 97.4562
17990, 97.4633
17991, 97.4676
17992, 97.4738
17993, 97.4747
17994, 97.4933
17995, 97.4947
17996, 97.5014
17997, 97.5033
17998, 97.5076
17999, 97.509
18000, 97.5124
18001, 97.5133
18002, 97.5147
18003, 97.519
18004, 97.5238
18005, 97.5247
18006, 97.5338
18007, 97.5428
18008, 97.5438
18009, 97.5443
18010, 97.5476
18011, 97.549
18012, 97.5624
18013, 97.5685
18014, 97.5776
18015, 97.5776
18016, 97.58
18017, 97.5838
18018, 97.5876
18019, 97.5876
18020, 97.5971
18021, 97.5995
18022, 97.6014
18023, 97.6033
18024, 97.6047
18025, 97.6133
18026, 97.6152
18027, 97.6209
18028, 97.6233
18029, 97.6262
18030, 97.6362
18031, 97.6362
18032, 97.6462
18033, 97.6485
18034, 97.6504
18035, 97.6581
18036, 97.6581
18037, 97.6595
18038, 97.6676
18039, 97.6714
18040, 97.6743
18041, 97.6785
18042, 97.6838
18043, 97.6895
18044, 97.6909
18045, 97.6928
18046, 97.6943
18047, 97.6976
18048, 97.7028
18049, 97.7076
18050, 97.71
18051, 97.7109
18052, 97.7238
18053, 97.7266
18054, 97.7314
18055, 97.7352
18056, 97.7433
18057, 97.7476
18058, 97.7495
18059, 97.75
18060, 97.759
18061, 97.7681
18062, 97.7728
18063, 97.78
18064, 97.7833
18065, 97.7847
18066, 97.7857
18067, 97.7919
18068, 97.7923
18069, 97.7933
18070, 97.8004
18071, 97.8019
18072, 97.8038
18073, 97.8047
18074, 97.8114
18075, 97.8119
18076, 97.8123
18077, 97.8143
18078, 97.8176
18079, 97.8304
18080, 97.8343
18081, 97.8404
18082, 97.8419
18083, 97.8457
18084, 97.8457
18085, 97.8528
18086, 97.8533
18087, 97.8533
18088, 97.8571
18089, 97.8657
18090, 97.8742
18091, 97.8752
18092, 97.8762
18093, 97.8819
18094, 97.8857
18095, 97.8857
18096, 97.8862
18097, 97.8909
18098, 97.8923
18099, 97.8933
18100, 97.8942
18101, 97.8942
18102, 97.8957
18103, 97.8962
18104, 97.8971
18105, 97.8981
18106, 97.9033
18107, 97.9033
18108, 97.9042
18109, 97.9047
18110, 97.9057
18111, 97.9066
18112, 97.9081
18113, 97.9109
18114, 97.9185
18115, 97.9238
18116, 97.9276
18117, 97.9347
18118, 97.9409
18119, 97.9433
18120, 97.9552
18121, 97.9576
18122, 97.9628
18123, 97.9633
18124, 97.9714
18125, 97.9776
18126, 97.9857
18127, 97.9871
18128, 97.989
18129, 97.9895
18130, 97.9904
18131, 97.9962
18132, 98.0019
18133, 98.0042
18134, 98.0057
18135, 98.0057
18136, 98.0071
18137, 98.0128
18138, 98.0152
18139, 98.0185
18140, 98.0204
18141, 98.0204
18142, 98.0247
18143, 98.0262
18144, 98.0266
18145, 98.0266
18146, 98.03
18147, 98.0309
18148, 98.0309
18149, 98.0342
18150, 98.0366
18151, 98.0371
18152, 98.0414
18153, 98.0452
18154, 98.0457
18155, 98.049
18156, 98.0504
18157, 98.0519
18158, 98.0657
18159, 98.0666
18160, 98.069
18161, 98.0757
18162, 98.0766
18163, 98.08
18164, 98.0804
18165, 98.0819
18166, 98.0881
18167, 98.0961
18168, 98.0966
18169, 98.0981
18170, 98.1042
18171, 98.1052
18172, 98.1138
18173, 98.1138
18174, 98.1181
18175, 98.1338
18176, 98.1414
18177, 98.149
18178, 98.1538
18179, 98.1566
18180, 98.1571
18181, 98.1576
18182, 98.1581
18183, 98.16
18184, 98.1647
18185, 98.1652
18186, 98.1685
18187, 98.1695
18188, 98.1723
18189, 98.1738
18190, 98.1766
18191, 98.1804
18192, 98.1814
18193, 98.1823
18194, 98.1857
18195, 98.1861
18196, 98.1885
18197, 98.1904
18198, 98.1966
18199, 98.2009
18200, 98.2023
18201, 98.2033
18202, 98.2042
18203, 98.2052
18204, 98.2095
18205, 98.2119
18206, 98.2152
18207, 98.2242
18208, 98.229
18209, 98.2309
18210, 98.2314
18211, 98.2323
18212, 98.2323
18213, 98.2381
18214, 98.2385
18215, 98.24
18216, 98.2428
18217, 98.2433
18218, 98.2452
18219, 98.2457
18220, 98.2461
18221, 98.2528
18222, 98.2561
18223, 98.2614
18224, 98.2638
18225, 98.2657
18226, 98.2728
18227, 98.2776
18228, 98.2781
18229, 98.2852
18230, 98.2876
18231, 98.2923
18232, 98.2961
18233, 98.2966
18234, 98.2971
18235, 98.2981
18236, 98.2985
18237, 98.299
18238, 98.2995
18239, 98.3
18240, 98.3009
18241, 98.3095
18242, 98.31
18243, 98.3104
18244, 98.3123
18245, 98.3142
18246, 98.3185
18247, 98.3185
18248, 98.3204
18249, 98.3238
18250, 98.3242
18251, 98.3271
18252, 98.33
18253, 98.3314
18254, 98.3328
18255, 98.3395
18256, 98.3452
18257, 98.3471
18258, 98.3514
18259, 98.3552
18260, 98.3561
18261, 98.3628
18262, 98.3628
18263, 98.3661
18264, 98.3719
18265, 98.3728
18266, 98.3733
18267, 98.3804
18268, 98.3847
18269, 98.3885
18270, 98.389
18271, 98.3923
18272, 98.3942
18273, 98.3971
18274, 98.4033
18275, 98.4061
18276, 98.4066
18277, 98.4071
18278, 98.4152
18279, 98.4171
18280, 98.4185
18281, 98.4252
18282, 98.43
18283, 98.4342
18284, 98.4404
18285, 98.4428
18286, 98.4466
18287, 98.4528
18288, 98.4542
18289, 98.4552
18290, 98.4585
18291, 98.4623
18292, 98.4628
18293, 98.4661
18294, 98.469
18295, 98.4704
18296, 98.4723
18297, 98.4885
18298, 98.489
18299, 98.489
18300, 98.4919
18301, 98.4928
18302, 98.4928
18303, 98.4947
18304, 98.4966
18305, 98.5004
18306, 98.5014
18307, 98.5023
18308, 98.5023
18309, 98.5085
18310, 98.509
18311, 98.51
18312, 98.5128
18313, 98.5147
18314, 98.5152
18315, 98.5185
18316, 98.5309
18317, 98.5319
18318, 98.5323
18319, 98.5323
18320, 98.5357
18321, 98.5404
18322, 98.5409
18323, 98.5414
18324, 98.5428
18325, 98.5447
18326, 98.548
18327, 98.5533
18328, 98.5542
18329, 98.5557
18330, 98.5604
18331, 98.5609
18332, 98.5647
18333, 98.5819
18334, 98.5861
18335, 98.589
18336, 98.5899
18337, 98.5914
18338, 98.5919
18339, 98.5999
18340, 98.6028
18341, 98.6042
18342, 98.6047
18343, 98.6057
18344, 98.6076
18345, 98.6099
18346, 98.6109
18347, 98.6114
18348, 98.6114
18349, 98.6119
18350, 98.6176
18351, 98.6199
18352, 98.6228
18353, 98.6228
18354, 98.6242
18355, 98.6261
18356, 98.6342
18357, 98.6347
18358, 98.6371
18359, 98.6442
18360, 98.6447
18361, 98.6447
18362, 98.6485
18363, 98.6504
18364, 98.6504
18365, 98.6504
18366, 98.6519
18367, 98.6585
18368, 98.6623
18369, 98.6657
18370, 98.6728
18371, 98.6766
18372, 98.678
18373, 98.6814
18374, 98.6852
18375, 98.6895
18376, 98.6909
18377, 98.6914
18378, 98.6947
18379, 98.7014
18380, 98.7023
18381, 98.7071
18382, 98.7204
18383, 98.7242
18384, 98.7309
18385, 98.7376
18386, 98.7385
18387, 98.7409
18388, 98.7414
18389, 98.7419
18390, 98.7419
18391, 98.7452
18392, 98.7466
18393, 98.748
18394, 98.749
18395, 98.749
18396, 98.7509
18397, 98.7509
18398, 98.7519
18399, 98.7533
18400, 98.7595
18401, 98.7623
18402, 98.7695
18403, 98.7699
18404, 98.7709
18405, 98.7766
18406, 98.778
18407, 98.7809
18408, 98.7814
18409, 98.788
18410, 98.788
18411, 98.7947
18412, 98.799
18413, 98.8028
18414, 98.8028
18415, 98.8033
18416, 98.8038
18417, 98.8095
18418, 98.8104
18419, 98.8157
18420, 98.8176
18421, 98.8176
18422, 98.8204
18423, 98.8204
18424, 98.8228
18425, 98.8261
18426, 98.8323
18427, 98.8347
18428, 98.838
18429, 98.839
18430, 98.839
18431, 98.8395
18432, 98.8414
18433, 98.8418
18434, 98.8461
18435, 98.8476
18436, 98.8523
18437, 98.8523
18438, 98.8533
18439, 98.8552
18440, 98.8604
18441, 98.8614
18442, 98.8628
18443, 98.8652
18444, 98.8661
18445, 98.8666
18446, 98.869
18447, 98.8699
18448, 98.8742
18449, 98.8747
18450, 98.8795
18451, 98.8795
18452, 98.8828
18453, 98.8914
18454, 98.8942
18455, 98.8961
18456, 98.8961
18457, 98.8999
18458, 98.8999
18459, 98.9023
18460, 98.9052
18461, 98.9066
18462, 98.908
18463, 98.909
18464, 98.9099
18465, 98.9109
18466, 98.9176
18467, 98.9223
18468, 98.9228
18469, 98.9266
18470, 98.9271
18471, 98.9295
18472, 98.9299
18473, 98.9304
18474, 98.9304
18475, 98.9314
18476, 98.9314
18477, 98.9342
18478, 98.9376
18479, 98.9409
18480, 98.9438
18481, 98.9457
18482, 98.9466
18483, 98.9499
18484, 98.9533
18485, 98.9542
18486, 98.9557
18487, 98.959
18488, 98.9628
18489, 98.9647
18490, 98.9671
18491, 98.9742
18492, 98.9761
18493, 98.9809
18494, 98.9838
18495, 98.9857
18496, 98.9866
18497, 98.988
18498, 98.9904
18499, 98.9933
18500, 98.9947
18501, 98.998
18502, 98.9995
18503, 99.0042
18504, 99.0104
18505, 99.0128
18506, 99.0133
18507, 99.019
18508, 99.028
18509, 99.0285
18510, 99.0309
18511, 99.0328
18512, 99.0342
18513, 99.0352
18514, 99.0357
18515, 99.0357
18516, 99.0361
18517, 99.0404
18518, 99.0409
18519, 99.0409
18520, 99.0433
18521, 99.0461
18522, 99.0476
18523, 99.0518
18524, 99.0537
18525, 99.0547
18526, 99.0571
18527, 99.0642
18528, 99.0657
18529, 99.0657
18530, 99.069
18531, 99.0742
18532, 99.0823
18533, 99.0871
18534, 99.0876
18535, 99.088
18536, 99.089
18537, 99.0933
18538, 99.0947
18539, 99.0966
18540, 99.0966
18541, 99.098
18542, 99.1061
18543, 99.1128
18544, 99.1128
18545, 99.1157
18546, 99.1157
18547, 99.1185
18548, 99.1185
18549, 99.1214
18550, 99.1233
18551, 99.1252
18552, 99.1314
18553, 99.1318
18554, 99.1342
18555, 99.1352
18556, 99.1433
18557, 99.1471
18558, 99.1518
18559, 99.1518
18560, 99.1552
18561, 99.1566
18562, 99.1599
18563, 99.1599
18564, 99.1614
18565, 99.1637
18566, 99.1642
18567, 99.1647
18568, 99.1695
18569, 99.1733
18570, 99.1771
18571, 99.1828
18572, 99.1842
18573, 99.1861
18574, 99.189
18575, 99.1937
18576, 99.1976
18577, 99.2009
18578, 99.2009
18579, 99.2042
18580, 99.2109
18581, 99.2114
18582, 99.2161
18583, 99.2176
18584, 99.219
18585, 99.2209
18586, 99.2266
18587, 99.2271
18588, 99.2318
18589, 99.2347
18590, 99.2414
18591, 99.2428
18592, 99.249
18593, 99.2499
18594, 99.2523
18595, 99.2523
18596, 99.2542
18597, 99.2599
18598, 99.2599
18599, 99.2628
18600, 99.2628
18601, 99.2661
18602, 99.2714
18603, 99.2809
18604, 99.2814
18605, 99.2818
18606, 99.289
18607, 99.2956
18608, 99.2985
18609, 99.299
18610, 99.2999
18611, 99.3095
18612, 99.3147
18613, 99.3156
18614, 99.3214
18615, 99.3218
18616, 99.3223
18617, 99.3237
18618, 99.3252
18619, 99.3276
18620, 99.328
18621, 99.3285
18622, 99.3295
18623, 99.3304
18624, 99.3323
18625, 99.3328
18626, 99.3399
18627, 99.3414
18628, 99.3428
18629, 99.3437
18630, 99.3452
18631, 99.3452
18632, 99.3499
18633, 99.3542
18634, 99.3552
18635, 99.3599
18636, 99.3633
18637, 99.3676
18638, 99.368
18639, 99.368
18640, 99.3733
18641, 99.3737
18642, 99.3752
18643, 99.3766
18644, 99.3776
18645, 99.3785
18646, 99.3804
18647, 99.3828
18648, 99.3871
18649, 99.3871
18650, 99.3885
18651, 99.3895
18652, 99.3923
18653, 99.3976
18654, 99.3995
18655, 99.4009
18656, 99.4023
18657, 99.4042
18658, 99.4056
18659, 99.409
18660, 99.4128
18661, 99.4195
18662, 99.4199
18663, 99.4214
18664, 99.4233
18665, 99.428
18666, 99.4285
18667, 99.4304
18668, 99.4337
18669, 99.4342
18670, 99.4352
18671, 99.4399
18672, 99.4399
18673, 99.4399
18674, 99.4409
18675, 99.4418
18676, 99.4433
18677, 99.4452
18678, 99.4452
18679, 99.4476
18680, 99.4485
18681, 99.4495
18682, 99.4499
18683, 99.4518
18684, 99.4533
18685, 99.4566
18686, 99.4571
18687, 99.458
18688, 99.4595
18689, 99.4599
18690, 99.4618
18691, 99.4661
18692, 99.4685
18693, 99.4714
18694, 99.4723
18695, 99.4737
18696, 99.4752
18697, 99.4752
18698, 99.4771
18699, 99.4837
18700, 99.488
18701, 99.488
18702, 99.4909
18703, 99.4914
18704, 99.4956
18705, 99.4971
18706, 99.4999
18707, 99.5018
18708, 99.5047
18709, 99.5047
18710, 99.5066
18711, 99.5095
18712, 99.5123
18713, 99.5152
18714, 99.5161
18715, 99.5199
18716, 99.5204
18717, 99.528
18718, 99.5309
18719, 99.5314
18720, 99.5323
18721, 99.5385
18722, 99.539
18723, 99.5409
18724, 99.5423
18725, 99.5452
18726, 99.5475
18727, 99.548
18728, 99.5552
18729, 99.5561
18730, 99.559
18731, 99.5595
18732, 99.5609
18733, 99.5614
18734, 99.5614
18735, 99.5623
18736, 99.5628
18737, 99.5633
18738, 99.5647
18739, 99.5671
18740, 99.5671
18741, 99.5675
18742, 99.5733
18743, 99.5742
18744, 99.5871
18745, 99.5928
18746, 99.5942
18747, 99.5956
18748, 99.6014
18749, 99.6061
18750, 99.6071
18751, 99.6161
18752, 99.619
18753, 99.6209
18754, 99.6242
18755, 99.6252
18756, 99.6261
18757, 99.6333
18758, 99.6337
18759, 99.6361
18760, 99.6366
18761, 99.639
18762, 99.6499
18763, 99.6504
18764, 99.6514
18765, 99.6533
18766, 99.6556
18767, 99.6561
18768, 99.6575
18769, 99.659
18770, 99.6604
18771, 99.6633
18772, 99.6647
18773, 99.6661
18774, 99.6666
18775, 99.668
18776, 99.6718
18777, 99.6718
18778, 99.6752
18779, 99.6766
18780, 99.688
18781, 99.6885
18782, 99.6885
18783, 99.6895
18784, 99.6904
18785, 99.6904
18786, 99.6909
18787, 99.6914
18788, 99.6971
18789, 99.7009
18790, 99.7018
18791, 99.7037
18792, 99.7037
18793, 99.7071
18794, 99.7085
18795, 99.7128
18796, 99.7128
18797, 99.7147
18798, 99.7171
18799, 99.718
18800, 99.718
18801, 99.7199
18802, 99.7204
18803, 99.7252
18804, 99.7271
18805, 99.7314
18806, 99.7371
18807, 99.7423
18808, 99.7437
18809, 99.7475
18810, 99.7499
18811, 99.7509
18812, 99.7533
18813, 99.7566
18814, 99.7575
18815, 99.7585
18816, 99.7623
18817, 99.7628
18818, 99.7666
18819, 99.7685
18820, 99.7685
18821, 99.7709
18822, 99.7723
18823, 99.7733
18824, 99.7742
18825, 99.7756
18826, 99.7766
18827, 99.7771
18828, 99.7799
18829, 99.7809
18830, 99.7852
18831, 99.7875
18832, 99.7894
18833, 99.7904
18834, 99.7937
18835, 99.7971
18836, 99.7975
18837, 99.8004
18838, 99.8009
18839, 99.8018
18840, 99.8052
18841, 99.8071
18842, 99.8104
18843, 99.8128
18844, 99.8185
18845, 99.8223
18846, 99.8294
18847, 99.8299
18848, 99.8323
18849, 99.8337
18850, 99.8342
18851, 99.838
18852, 99.8414
18853, 99.8423
18854, 99.8447
18855, 99.8452
18856, 99.8499
18857, 99.8599
18858, 99.8609
18859, 99.8671
18860, 99.8694
18861, 99.8699
18862, 99.8714
18863, 99.8723
18864, 99.8766
18865, 99.8828
18866, 99.8871
18867, 99.8875
18868, 99.8875
18869, 99.888
18870, 99.8928
18871, 99.8933
18872, 99.8952
18873, 99.9014
18874, 99.9023
18875, 99.9037
18876, 99.9042
18877, 99.9066
18878, 99.909
18879, 99.9104
18880, 99.9109
18881, 99.9166
18882, 99.9171
18883, 99.918
18884, 99.9199
18885, 99.9199
18886, 99.9228
18887, 99.9233
18888, 99.9318
18889, 99.9328
18890, 99.9437
18891, 99.948
18892, 99.9547
18893, 99.9552
18894, 99.9614
18895, 99.9647
18896, 99.968
18897, 99.9685
18898, 99.9761
18899, 99.9785
18900, 99.9818
18901, 99.9823
18902, 99.9823
18903, 99.9875
18904, 99.989
18905, 99.9894
18906, 99.9923
18907, 99.9928
18908, 99.9952
18909, 99.9975
18910, 100.004
18911, 100.008
18912, 100.01
18913, 100.011
18914, 100.011
18915, 100.012
18916, 100.012
18917, 100.015
18918, 100.018
18919, 100.02
18920, 100.025
18921, 100.027
18922, 100.028
18923, 100.029
18924, 100.038
18925, 100.038
18926, 100.041
18927, 100.043
18928, 100.043
18929, 100.044
18930, 100.046
18931, 100.047
18932, 100.049
18933, 100.049
18934, 100.054
18935, 100.055
18936, 100.056
18937, 100.058
18938, 100.058
18939, 100.059
18940, 100.06
18941, 100.06
18942, 100.06
18943, 100.062
18944, 100.066
18945, 100.067
18946, 100.071
18947, 100.073
18948, 100.076
18949, 100.079
18950, 100.079
18951, 100.08
18952, 100.082
18953, 100.084
18954, 100.09
18955, 100.092
18956, 100.092
18957, 100.092
18958, 100.094
18959, 100.098
18960, 100.098
18961, 100.098
18962, 100.098
18963, 100.103
18964, 100.105
18965, 100.107
18966, 100.108
18967, 100.108
18968, 100.113
18969, 100.113
18970, 100.115
18971, 100.123
18972, 100.124
18973, 100.128
18974, 100.13
18975, 100.132
18976, 100.132
18977, 100.133
18978, 100.138
18979, 100.138
18980, 100.141
18981, 100.141
18982, 100.142
18983, 100.145
18984, 100.146
18985, 100.147
18986, 100.149
18987, 100.152
18988, 100.155
18989, 100.158
18990, 100.158
18991, 100.169
18992, 100.17
18993, 100.173
18994, 100.174
18995, 100.174
18996, 100.175
18997, 100.175
18998, 100.175
18999, 100.18
19000, 100.18
19001, 100.182
19002, 100.197
19003, 100.201
19004, 100.202
19005, 100.202
19006, 100.202
19007, 100.204
19008, 100.204
19009, 100.206
19010, 100.207
19011, 100.208
19012, 100.21
19013, 100.212
19014, 100.212
19015, 100.214
19016, 100.215
19017, 100.217
19018, 100.219
19019, 100.22
19020, 100.226
19021, 100.226
19022, 100.229
19023, 100.237
19024, 100.238
19025, 100.243
19026, 100.245
19027, 100.246
19028, 100.247
19029, 100.248
19030, 100.25
19031, 100.254
19032, 100.255
19033, 100.258
19034, 100.258
19035, 100.265
19036, 100.267
19037, 100.268
19038, 100.277
19039, 100.278
19040, 100.278
19041, 100.281
19042, 100.286
19043, 100.288
19044, 100.29
19045, 100.291
19046, 100.291
19047, 100.291
19048, 100.294
19049, 100.303
19050, 100.305
19051, 100.305
19052, 100.305
19053, 100.305
19054, 100.308
19055, 100.312
19056, 100.317
19057, 100.318
19058, 100.318
19059, 100.324
19060, 100.325
19061, 100.329
19062, 100.332
19063, 100.343
19064, 100.348
19065, 100.348
19066, 100.348
19067, 100.352
19068, 100.352
19069, 100.354
19070, 100.358
19071, 100.358
19072, 100.361
19073, 100.364
19074, 100.368
19075, 100.368
19076, 100.369
19077, 100.369
19078, 100.37
19079, 100.375
19080, 100.375
19081, 100.378
19082, 100.382
19083, 100.382
19084, 100.386
19085, 100.388
19086, 100.392
19087, 100.394
19088, 100.396
19089, 100.396
19090, 100.396
19091, 100.398
19092, 100.401
19093, 100.404
19094, 100.406
19095, 100.407
19096, 100.407
19097, 100.407
19098, 100.408
19099, 100.409
19100, 100.414
19101, 100.415
19102, 100.416
19103, 100.423
19104, 100.43
19105, 100.431
19106, 100.438
19107, 100.438
19108, 100.439
19109, 100.442
19110, 100.452
19111, 100.453
19112, 100.456
19113, 100.457
19114, 100.458
19115, 100.459
19116, 100.459
19117, 100.462
19118, 100.462
19119, 100.466
19120, 100.466
19121, 100.468
19122, 100.471
19123, 100.472
19124, 100.478
19125, 100.481
19126, 100.482
19127, 100.483
19128, 100.483
19129, 100.487
19130, 100.493
19131, 100.498
19132, 100.499
19133, 100.504
19134, 100.509
19135, 100.51
19136, 100.512
19137, 100.513
19138, 100.518
19139, 100.52
19140, 100.526
19141, 100.53
19142, 100.532
19143, 100.536
19144, 100.536
19145, 100.538
19146, 100.544
19147, 100.544
19148, 100.544
19149, 100.553
19150, 100.557
19151, 100.559
19152, 100.563
19153, 100.564
19154, 100.567
19155, 100.567
19156, 100.568
19157, 100.569
19158, 100.571
19159, 100.582
19160, 100.583
19161, 100.584
19162, 100.589
19163, 100.591
19164, 100.593
19165, 100.594
19166, 100.595
19167, 100.607
19168, 100.609
19169, 100.609
19170, 100.611
19171, 100.612
19172, 100.612
19173, 100.613
19174, 100.614
19175, 100.617
19176, 100.618
19177, 100.622
19178, 100.622
19179, 100.623
19180, 100.626
19181, 100.629
19182, 100.63
19183, 100.63
19184, 100.632
19185, 100.635
19186, 100.641
19187, 100.643
19188, 100.646
19189, 100.648
19190, 100.65
19191, 100.651
19192, 100.652
19193, 100.653
19194, 100.656
19195, 100.657
19196, 100.657
19197, 100.671
19198, 100.672
19199, 100.673
19200, 100.675
19201, 100.678
19202, 100.679
19203, 100.68
19204, 100.681
19205, 100.683
19206, 100.688
19207, 100.688
19208, 100.69
19209, 100.693
19210, 100.696
19211, 100.698
19212, 100.701
19213, 100.701
19214, 100.704
19215, 100.704
19216, 100.707
19217, 100.709
19218, 100.709
19219, 100.709
19220, 100.71
19221, 100.711
19222, 100.715
19223, 100.716
19224, 100.719
19225, 100.72
19226, 100.723
19227, 100.726
19228, 100.727
19229, 100.728
19230, 100.732
19231, 100.736
19232, 100.738
19233, 100.739
19234, 100.741
19235, 100.745
19236, 100.745
19237, 100.747
19238, 100.751
19239, 100.755
19240, 100.757
19241, 100.758
19242, 100.759
19243, 100.76
19244, 100.762
19245, 100.762
19246, 100.765
19247, 100.765
19248, 100.767
19249, 100.768
19250, 100.769
19251, 100.773
19252, 100.774
19253, 100.775
19254, 100.788
19255, 100.791
19256, 100.791
19257, 100.793
19258, 100.795
19259, 100.798
19260, 100.798
19261, 100.802
19262, 100.802
19263, 100.808
19264, 100.808
19265, 100.808
19266, 100.809
19267, 100.813
19268, 100.818
19269, 100.819
19270, 100.821
19271, 100.832
19272, 100.832
19273, 100.834
19274, 100.837
19275, 100.842
19276, 100.843
19277, 100.845
19278, 100.85
19279, 100.853
19280, 100.856
19281, 100.862
19282, 100.862
19283, 100.864
19284, 100.868
19285, 100.869
19286, 100.872
19287, 100.872
19288, 100.875
19289, 100.876
19290, 100.879
19291, 100.881
19292, 100.884
19293, 100.884
19294, 100.887
19295, 100.887
19296, 100.9
19297, 100.902
19298, 100.908
19299, 100.91
19300, 100.913
19301, 100.913
19302, 100.916
19303, 100.919
19304, 100.92
19305, 100.923
19306, 100.924
19307, 100.925
19308, 100.929
19309, 100.933
19310, 100.935
19311, 100.938
19312, 100.939
19313, 100.949
19314, 100.953
19315, 100.954
19316, 100.957
19317, 100.959
19318, 100.961
19319, 100.962
19320, 100.963
19321, 100.963
19322, 100.964
19323, 100.965
19324, 100.966
19325, 100.968
19326, 100.971
19327, 100.971
19328, 100.972
19329, 100.973
19330, 100.976
19331, 100.977
19332, 100.978
19333, 100.979
19334, 100.979
19335, 100.987
19336, 100.987
19337, 100.99
19338, 100.99
19339, 100.99
19340, 100.991
19341, 100.993
19342, 100.995
19343, 100.995
19344, 100.995
19345, 100.999
19346, 101
19347, 101.005
19348, 101.007
19349, 101.008
19350, 101.01
19351, 101.013
19352, 101.018
19353, 101.02
19354, 101.022
19355, 101.026
19356, 101.026
19357, 101.026
19358, 101.027
19359, 101.03
19360, 101.031
19361, 101.032
19362, 101.034
19363, 101.038
19364, 101.041
19365, 101.041
19366, 101.043
19367, 101.046
19368, 101.048
19369, 101.053
19370, 101.054
19371, 101.054
19372, 101.054
19373, 101.055
19374, 101.058
19375, 101.058
19376, 101.069
19377, 101.071
19378, 101.073
19379, 101.073
19380, 101.074
19381, 101.077
19382, 101.078
19383, 101.083
19384, 101.083
19385, 101.087
19386, 101.087
19387, 101.089
19388, 101.092
19389, 101.095
19390, 101.098
19391, 101.099
19392, 101.101
19393, 101.103
19394, 101.104
19395, 101.104
19396, 101.105
19397, 101.107
19398, 101.108
19399, 101.109
19400, 101.111
19401, 101.114
19402, 101.114
19403, 101.115
19404, 101.115
19405, 101.115
19406, 101.116
19407, 101.118
19408, 101.125
19409, 101.127
19410, 101.128
19411, 101.128
19412, 101.13
19413, 101.131
19414, 101.135
19415, 101.137
19416, 101.137
19417, 101.138
19418, 101.139
19419, 101.139
19420, 101.145
19421, 101.145
19422, 101.154
19423, 101.156
19424, 101.156
19425, 101.157
19426, 101.158
19427, 101.158
19428, 101.161
19429, 101.162
19430, 101.168
19431, 101.169
19432, 101.17
19433, 101.17
19434, 101.171
19435, 101.176
19436, 101.176
19437, 101.178
19438, 101.178
19439, 101.18
19440, 101.182
19441, 101.185
19442, 101.188
19443, 101.19
19444, 101.194
19445, 101.199
19446, 101.2
19447, 101.2
19448, 101.205
19449, 101.211
19450, 101.211
19451, 101.212
19452, 101.212
19453, 101.214
19454, 101.218
19455, 101.222
19456, 101.224
19457, 101.225
19458, 101.227
19459, 101.228
19460, 101.234
19461, 101.238
19462, 101.241
19463, 101.241
19464, 101.242
19465, 101.246
19466, 101.248
19467, 101.253
19468, 101.254
19469, 101.256
19470, 101.257
19471, 101.258
19472, 101.261
19473, 101.262
19474, 101.263
19475, 101.265
19476, 101.267
19477, 101.268
19478, 101.274
19479, 101.275
19480, 101.276
19481, 101.276
19482, 101.278
19483, 101.279
19484, 101.281
19485, 101.284
19486, 101.286
19487, 101.292
19488, 101.292
19489, 101.293
19490, 101.293
19491, 101.296
19492, 101.296
19493, 101.297
19494, 101.299
19495, 101.301
19496, 101.302
19497, 101.303
19498, 101.304
19499, 101.305
19500, 101.305
19501, 101.307
19502, 101.307
19503, 101.309
19504, 101.313
19505, 101.315
19506, 101.318
19507, 101.322
19508, 101.323
19509, 101.324
19510, 101.327
19511, 101.327
19512, 101.328
19513, 101.328
19514, 101.333
19515, 101.334
19516, 101.343
19517, 101.347
19518, 101.348
19519, 101.35
19520, 101.354
19521, 101.356
19522, 101.357
19523, 101.358
19524, 101.358
19525, 101.359
19526, 101.361
19527, 101.366
19528, 101.38
19529, 101.382
19530, 101.383
19531, 101.386
19532, 101.388
19533, 101.388
19534, 101.388
19535, 101.39
19536, 101.395
19537, 101.395
19538, 101.396
19539, 101.396
19540, 101.396
19541, 101.399
19542, 101.4
19543, 101.407
19544, 101.408
19545, 101.41
19546, 101.415
19547, 101.417
19548, 101.422
19549, 101.424
19550, 101.429
19551, 101.433
19552, 101.435
19553, 101.435
19554, 101.437
19555, 101.44
19556, 101.443
19557, 101.447
19558, 101.447
19559, 101.448
19560, 101.454
19561, 101.456
19562, 101.458
19563, 101.459
19564, 101.459
19565, 101.465
19566, 101.465
19567, 101.465
19568, 101.466
19569, 101.467
19570, 101.468
19571, 101.472
19572, 101.474
19573, 101.474
19574, 101.476
19575, 101.478
19576, 101.48
19577, 101.482
19578, 101.483
19579, 101.484
19580, 101.488
19581, 101.488
19582, 101.489
19583, 101.492
19584, 101.493
19585, 101.497
19586, 101.505
19587, 101.506
19588, 101.509
19589, 101.511
19590, 101.512
19591, 101.515
19592, 101.517
19593, 101.518
19594, 101.529
19595, 101.53
19596, 101.53
19597, 101.533
19598, 101.534
19599, 101.539
19600, 101.54
19601, 101.541
19602, 101.542
19603, 101.544
19604, 101.547
19605, 101.548
19606, 101.549
19607, 101.55
19608, 101.551
19609, 101.551
19610, 101.556
19611, 101.556
19612, 101.556
19613, 101.563
19614, 101.564
19615, 101.567
19616, 101.567
19617, 101.568
19618, 101.572
19619, 101.572
19620, 101.578
19621, 101.578
19622, 101.579
19623, 101.58
19624, 101.585
19625, 101.586
19626, 101.586
19627, 101.587
19628, 101.591
19629, 101.592
19630, 101.594
19631, 101.594
19632, 101.604
19633, 101.606
19634, 101.61
19635, 101.613
19636, 101.615
19637, 101.616
19638, 101.618
19639, 101.62
19640, 101.623
19641, 101.627
19642, 101.631
19643, 101.638
19644, 101.639
19645, 101.641
19646, 101.647
19647, 101.648
19648, 101.648
19649, 101.651
19650, 101.652
19651, 101.653
19652, 101.654
19653, 101.654
19654, 101.657
19655, 101.661
19656, 101.665
19657, 101.666
19658, 101.667
19659, 101.667
19660, 101.669
19661, 101.67
19662, 101.677
19663, 101.68
19664, 101.686
19665, 101.687
19666, 101.69
19667, 101.691
19668, 101.691
19669, 101.694
19670, 101.696
19671, 101.696
19672, 101.698
19673, 101.699
19674, 101.701
19675, 101.704
19676, 101.711
19677, 101.715
19678, 101.715
19679, 101.718
19680, 101.718
19681, 101.721
19682, 101.723
19683, 101.726
19684, 101.727
19685, 101.731
19686, 101.734
19687, 101.738
19688, 101.738
19689, 101.74
19690, 101.741
19691, 101.741
19692, 101.742
19693, 101.743
19694, 101.747
19695, 101.747
19696, 101.749
19697, 101.749
19698, 101.753
19699, 101.754
19700, 101.762
19701, 101.763
19702, 101.764
19703, 101.765
19704, 101.768
19705, 101.769
19706, 101.77
19707, 101.771
19708, 101.774
19709, 101.777
19710, 101.783
19711, 101.784
19712, 101.787
19713, 101.788
19714, 101.79
19715, 101.791
19716, 101.794
19717, 101.797
19718, 101.802
19719, 101.804
19720, 101.804
19721, 101.808
19722, 101.81
19723, 101.81
19724, 101.813
19725, 101.816
19726, 101.825
19727, 101.828
19728, 101.828
19729, 101.833
19730, 101.834
19731, 101.835
19732, 101.836
19733, 101.836
19734, 101.837
19735, 101.838
19736, 101.84
19737, 101.846
19738, 101.847
19739, 101.85
19740, 101.852
19741, 101.853
19742, 101.854
19743, 101.855
19744, 101.856
19745, 101.856
19746, 101.858
19747, 101.864
19748, 101.866
19749, 101.868
19750, 101.869
19751, 101.878
19752, 101.878
19753, 101.881
19754, 101.884
19755, 101.886
19756, 101.886
19757, 101.891
19758, 101.893
19759, 101.896
19760, 101.899
19761, 101.906
19762, 101.908
19763, 101.912
19764, 101.912
19765, 101.913
19766, 101.914
19767, 101.915
19768, 101.916
19769, 101.926
19770, 101.927
19771, 101.927
19772, 101.93
19773, 101.932
19774, 101.935
19775, 101.936
19776, 101.937
19777, 101.938
19778, 101.94
19779, 101.951
19780, 101.951
19781, 101.954
19782, 101.956
19783, 101.96
19784, 101.964
19785, 101.964
19786, 101.965
19787, 101.966
19788, 101.968
19789, 101.97
19790, 101.971
19791, 101.973
19792, 101.975
19793, 101.976
19794, 101.976
19795, 101.977
19796, 101.981
19797, 101.991
19798, 101.992
19799, 101.992
19800, 101.993
19801, 101.993
19802, 102.001
19803, 102.002
19804, 102.003
19805, 102.003
19806, 102.004
19807, 102.004
19808, 102.006
19809, 102.006
19810, 102.007
19811, 102.009
19812, 102.011
19813, 102.011
19814, 102.015
19815, 102.018
19816, 102.018
19817, 102.019
19818, 102.021
19819, 102.021
19820, 102.022
19821, 102.023
19822, 102.028
19823, 102.033
19824, 102.037
19825, 102.039
19826, 102.041
19827, 102.041
19828, 102.045
19829, 102.048
19830, 102.051
19831, 102.052
19832, 102.055
19833, 102.057
19834, 102.059
19835, 102.06
19836, 102.062
19837, 102.071
19838, 102.071
19839, 102.074
19840, 102.075
19841, 102.08
19842, 102.081
19843, 102.083
19844, 102.084
19845, 102.087
19846, 102.087
19847, 102.09
19848, 102.096
19849, 102.097
19850, 102.097
19851, 102.097
19852, 102.097
19853, 102.097
19854, 102.099
19855, 102.104
19856, 102.104
19857, 102.105
19858, 102.106
19859, 102.111
19860, 102.112
19861, 102.112
19862, 102.114
19863, 102.114
19864, 102.116
19865, 102.117
19866, 102.117
19867, 102.118
19868, 102.122
19869, 102.122
19870, 102.124
19871, 102.125
19872, 102.126
19873, 102.129
19874, 102.129
19875, 102.133
19876, 102.137
19877, 102.139
19878, 102.142
19879, 102.143
19880, 102.144
19881, 102.148
19882, 102.15
19883, 102.151
19884, 102.153
19885, 102.155
19886, 102.157
19887, 102.158
19888, 102.158
19889, 102.166
19890, 102.167
19891, 102.167
19892, 102.168
19893, 102.169
19894, 102.17
19895, 102.171
19896, 102.173
19897, 102.175
19898, 102.177
19899, 102.179
19900, 102.186
19901, 102.187
19902, 102.192
19903, 102.194
19904, 102.197
19905, 102.204
19906, 102.205
19907, 102.206
19908, 102.207
19909, 102.208
19910, 102.211
19911, 102.212
19912, 102.213
19913, 102.213
19914, 102.216
19915, 102.219
19916, 102.219
19917, 102.224
19918, 102.224
19919, 102.226
19920, 102.227
19921, 102.234
19922, 102.234
19923, 102.234
19924, 102.234
19925, 102.236
19926, 102.238
19927, 102.239
19928, 102.251
19929, 102.251
19930, 102.252
19931, 102.253
19932, 102.254
19933, 102.256
19934, 102.256
19935, 102.259
19936, 102.261
19937, 102.264
19938, 102.272
19939, 102.274
19940, 102.275
19941, 102.276
19942, 102.279
19943, 102.28
19944, 102.283
19945, 102.288
19946, 102.291
19947, 102.297
19948, 102.297
19949, 102.3
19950, 102.302
19951, 102.308
19952, 102.309
19953, 102.31
19954, 102.312
19955, 102.313
19956, 102.315
19957, 102.316
19958, 102.317
19959, 102.317
19960, 102.322
19961, 102.322
19962, 102.324
19963, 102.327
19964, 102.327
19965, 102.328
19966, 102.328
19967, 102.333
19968, 102.339
19969, 102.344
19970, 102.352
19971, 102.353
19972, 102.353
19973, 102.353
19974, 102.354
19975, 102.356
19976, 102.361
19977, 102.361
19978, 102.361
19979, 102.365
19980, 102.365
19981, 102.367
19982, 102.369
19983, 102.37
19984, 102.37
19985, 102.373
19986, 102.375
19987, 102.375
19988, 102.376
19989, 102.378
19990, 102.382
19991, 102.387
19992, 102.389
19993, 102.391
19994, 102.392
19995, 102.393
19996, 102.397
19997, 102.398
19998, 102.403
19999, 102.403
20000, 102.404
20001, 102.405
20002, 102.408
20003, 102.415
20004, 102.416
20005, 102.417
20006, 102.417
20007, 102.422
20008, 102.424
20009, 102.427
20010, 102.433
20011, 102.434
20012, 102.437
20013, 102.442
20014, 102.443
20015, 102.446
20016, 102.448
20017, 102.451
20018, 102.453
20019, 102.455
20020, 102.455
20021, 102.455
20022, 102.457
20023, 102.457
20024, 102.457
20025, 102.459
20026, 102.459
20027, 102.463
20028, 102.465
20029, 102.468
20030, 102.469
20031, 102.47
20032, 102.47
20033, 102.475
20034, 102.475
20035, 102.476
20036, 102.476
20037, 102.476
20038, 102.477
20039, 102.48
20040, 102.48
20041, 102.481
20042, 102.482
20043, 102.483
20044, 102.487
20045, 102.487
20046, 102.488
20047, 102.49
20048, 102.495
20049, 102.498
20050, 102.502
20051, 102.502
20052, 102.507
20053, 102.51
20054, 102.513
20055, 102.514
20056, 102.517
20057, 102.517
20058, 102.519
20059, 102.52
20060, 102.52
20061, 102.524
20062, 102.526
20063, 102.526
20064, 102.527
20065, 102.532
20066, 102.534
20067, 102.535
20068, 102.538
20069, 102.544
20070, 102.545
20071, 102.55
20072, 102.551
20073, 102.556
20074, 102.557
20075, 102.557
20076, 102.559
20077, 102.56
20078, 102.561
20079, 102.565
20080, 102.571
20081, 102.572
20082, 102.574
20083, 102.578
20084, 102.58
20085, 102.581
20086, 102.587
20087, 102.587
20088, 102.591
20089, 102.593
20090, 102.598
20091, 102.602
20092, 102.604
20093, 102.604
20094, 102.605
20095, 102.607
20096, 102.611
20097, 102.611
20098, 102.616
20099, 102.617
20100, 102.624
20101, 102.624
20102, 102.634
20103, 102.638
20104, 102.639
20105, 102.64
20106, 102.641
20107, 102.644
20108, 102.647
20109, 102.648
20110, 102.649
20111, 102.649
20112, 102.652
20113, 102.652
20114, 102.652
20115, 102.653
20116, 102.656
20117, 102.656
20118, 102.656
20119, 102.661
20120, 102.661
20121, 102.662
20122, 102.665
20123, 102.665
20124, 102.671
20125, 102.671
20126, 102.674
20127, 102.676
20128, 102.676
20129, 102.68
20130, 102.683
20131, 102.684
20132, 102.684
20133, 102.684
20134, 102.684
20135, 102.691
20136, 102.693
20137, 102.693
20138, 102.694
20139, 102.695
20140, 102.695
20141, 102.697
20142, 102.699
20143, 102.699
20144, 102.7
20145, 102.703
20146, 102.707
20147, 102.708
20148, 102.708
20149, 102.709
20150, 102.711
20151, 102.713
20152, 102.713
20153, 102.717
20154, 102.72
20155, 102.721
20156, 102.726
20157, 102.726
20158, 102.726
20159, 102.729
20160, 102.729
20161, 102.731
20162, 102.731
20163, 102.732
20164, 102.734
20165, 102.737
20166, 102.737
20167, 102.738
20168, 102.749
20169, 102.749
20170, 102.75
20171, 102.756
20172, 102.765
20173, 102.767
20174, 102.769
20175, 102.773
20176, 102.774
20177, 102.774
20178, 102.775
20179, 102.784
20180, 102.785
20181, 102.785
20182, 102.785
20183, 102.787
20184, 102.789
20185, 102.789
20186, 102.792
20187, 102.795
20188, 102.796
20189, 102.798
20190, 102.804
20191, 102.809
20192, 102.809
20193, 102.81
20194, 102.812
20195, 102.814
20196, 102.814
20197, 102.817
20198, 102.817
20199, 102.817
20200, 102.819
20201, 102.824
20202, 102.83
20203, 102.832
20204, 102.832
20205, 102.836
20206, 102.838
20207, 102.839
20208, 102.842
20209, 102.843
20210, 102.845
20211, 102.851
20212, 102.854
20213, 102.859
20214, 102.861
20215, 102.866
20216, 102.871
20217, 102.882
20218, 102.887
20219, 102.888
20220, 102.89
20221, 102.892
20222, 102.903
20223, 102.905
20224, 102.908
20225, 102.915
20226, 102.917
20227, 102.918
20228, 102.921
20229, 102.928
20230, 102.928
20231, 102.928
20232, 102.931
20233, 102.932
20234, 102.937
20235, 102.937
20236, 102.939
20237, 102.947
20238, 102.95
20239, 102.95
20240, 102.952
20241, 102.954
20242, 102.956
20243, 102.957
20244, 102.958
20245, 102.958
20246, 102.966
20247, 102.97
20248, 102.971
20249, 102.971
20250, 102.979
20251, 102.979
20252, 102.98
20253, 102.981
20254, 102.982
20255, 102.984
20256, 102.985
20257, 102.986
20258, 102.99
20259, 102.99
20260, 102.991
20261, 102.992
20262, 102.993
20263, 102.994
20264, 102.996
20265, 102.996
20266, 102.998
20267, 103.004
20268, 103.007
20269, 103.007
20270, 103.011
20271, 103.012
20272, 103.012
20273, 103.015
20274, 103.016
20275, 103.017
20276, 103.033
20277, 103.035
20278, 103.038
20279, 103.042
20280, 103.047
20281, 103.053
20282, 103.055
20283, 103.056
20284, 103.059
20285, 103.059
20286, 103.063
20287, 103.065
20288, 103.066
20289, 103.066
20290, 103.072
20291, 103.073
20292, 103.075
20293, 103.078
20294, 103.08
20295, 103.083
20296, 103.083
20297, 103.084
20298, 103.09
20299, 103.092
20300, 103.094
20301, 103.096
20302, 103.098
20303, 103.099
20304, 103.104
20305, 103.107
20306, 103.11
20307, 103.11
20308, 103.11
20309, 103.113
20310, 103.113
20311, 103.114
20312, 103.115
20313, 103.117
20314, 103.117
20315, 103.117
20316, 103.122
20317, 103.128
20318, 103.129
20319, 103.131
20320, 103.135
20321, 103.139
20322, 103.142
20323, 103.145
20324, 103.146
20325, 103.15
20326, 103.152
20327, 103.156
20328, 103.162
20329, 103.162
20330, 103.163
20331, 103.165
20332, 103.165
20333, 103.167
20334, 103.167
20335, 103.167
20336, 103.173
20337, 103.173
20338, 103.176
20339, 103.177
20340, 103.177
20341, 103.183
20342, 103.187
20343, 103.191
20344, 103.192
20345, 103.192
20346, 103.195
20347, 103.195
20348, 103.196
20349, 103.198
20350, 103.204
20351, 103.206
20352, 103.219
20353, 103.223
20354, 103.224
20355, 103.227
20356, 103.227
20357, 103.228
20358, 103.232
20359, 103.237
20360, 103.24
20361, 103.24
20362, 103.246
20363, 103.25
20364, 103.26
20365, 103.262
20366, 103.263
20367, 103.263
20368, 103.264
20369, 103.265
20370, 103.267
20371, 103.271
20372, 103.272
20373, 103.273
20374, 103.273
20375, 103.278
20376, 103.279
20377, 103.283
20378, 103.287
20379, 103.294
20380, 103.297
20381, 103.301
20382, 103.301
20383, 103.304
20384, 103.307
20385, 103.311
20386, 103.315
20387, 103.316
20388, 103.321
20389, 103.324
20390, 103.324
20391, 103.325
20392, 103.326
20393, 103.331
20394, 103.338
20395, 103.339
20396, 103.341
20397, 103.342
20398, 103.342
20399, 103.346
20400, 103.347
20401, 103.349
20402, 103.349
20403, 103.351
20404, 103.353
20405, 103.36
20406, 103.36
20407, 103.361
20408, 103.361
20409, 103.363
20410, 103.363
20411, 103.366
20412, 103.367
20413, 103.369
20414, 103.371
20415, 103.377
20416, 103.385
20417, 103.385
20418, 103.387
20419, 103.387
20420, 103.388
20421, 103.39
20422, 103.393
20423, 103.397
20424, 103.401
20425, 103.402
20426, 103.403
20427, 103.406
20428, 103.409
20429, 103.409
20430, 103.41
20431, 103.415
20432, 103.415
20433, 103.418
20434, 103.418
20435, 103.418
20436, 103.419
20437, 103.42
20438, 103.422
20439, 103.423
20440, 103.43
20441, 103.432
20442, 103.438
20443, 103.44
20444, 103.441
20445, 103.442
20446, 103.445
20447, 103.449
20448, 103.451
20449, 103.452
20450, 103.453
20451, 103.453
20452, 103.46
20453, 103.461
20454, 103.461
20455, 103.464
20456, 103.464
20457, 103.465
20458, 103.466
20459, 103.469
20460, 103.475
20461, 103.477
20462, 103.48
20463, 103.486
20464, 103.487
20465, 103.488
20466, 103.49
20467, 103.499
20468, 103.501
20469, 103.501
20470, 103.507
20471, 103.508
20472, 103.512
20473, 103.517
20474, 103.521
20475, 103.522
20476, 103.522
20477, 103.522
20478, 103.527
20479, 103.528
20480, 103.532
20481, 103.538
20482, 103.541
20483, 103.541
20484, 103.543
20485, 103.545
20486, 103.547
20487, 103.553
20488, 103.553
20489, 103.556
20490, 103.557
20491, 103.558
20492, 103.559
20493, 103.562
20494, 103.565
20495, 103.565
20496, 103.567
20497, 103.567
20498, 103.568
20499, 103.571
20500, 103.577
20501, 103.579
20502, 103.58
20503, 103.582
20504, 103.587
20505, 103.588
20506, 103.59
20507, 103.591
20508, 103.591
20509, 103.595
20510, 103.599
20511, 103.599
20512, 103.6
20513, 103.602
20514, 103.602
20515, 103.603
20516, 103.606
20517, 103.607
20518, 103.612
20519, 103.614
20520, 103.62
20521, 103.624
20522, 103.627
20523, 103.627
20524, 103.629
20525, 103.629
20526, 103.638
20527, 103.64
20528, 103.642
20529, 103.647
20530, 103.649
20531, 103.652
20532, 103.653
20533, 103.657
20534, 103.659
20535, 103.661
20536, 103.662
20537, 103.667
20538, 103.667
20539, 103.668
20540, 103.672
20541, 103.673
20542, 103.678
20543, 103.68
20544, 103.681
20545, 103.686
20546, 103.698
20547, 103.7
20548, 103.712
20549, 103.713
20550, 103.713
20551, 103.713
20552, 103.717
20553, 103.718
20554, 103.725
20555, 103.729
20556, 103.732
20557, 103.733
20558, 103.735
20559, 103.735
20560, 103.735
20561, 103.736
20562, 103.736
20563, 103.74
20564, 103.741
20565, 103.742
20566, 103.742
20567, 103.744
20568, 103.746
20569, 103.747
20570, 103.754
20571, 103.755
20572, 103.757
20573, 103.758
20574, 103.759
20575, 103.763
20576, 103.764
20577, 103.764
20578, 103.765
20579, 103.768
20580, 103.768
20581, 103.774
20582, 103.774
20583, 103.776
20584, 103.777
20585, 103.778
20586, 103.782
20587, 103.783
20588, 103.784
20589, 103.789
20590, 103.794
20591, 103.795
20592, 103.796
20593, 103.796
20594, 103.799
20595, 103.8
20596, 103.804
20597, 103.805
20598, 103.805
20599, 103.807
20600, 103.81
20601, 103.813
20602, 103.815
20603, 103.818
20604, 103.819
20605, 103.819
20606, 103.823
20607, 103.824
20608, 103.832
20609, 103.832
20610, 103.841
20611, 103.843
20612, 103.848
20613, 103.848
20614, 103.851
20615, 103.851
20616, 103.853
20617, 103.853
20618, 103.856
20619, 103.857
20620, 103.859
20621, 103.859
20622, 103.864
20623, 103.866
20624, 103.867
20625, 103.868
20626, 103.881
20627, 103.884
20628, 103.888
20629, 103.889
20630, 103.891
20631, 103.894
20632, 103.894
20633, 103.897
20634, 103.901
20635, 103.911
20636, 103.911
20637, 103.913
20638, 103.915
20639, 103.922
20640, 103.926
20641, 103.926
20642, 103.927
20643, 103.929
20644, 103.931
20645, 103.931
20646, 103.937
20647, 103.937
20648, 103.938
20649, 103.938
20650, 103.941
20651, 103.941
20652, 103.942
20653, 103.942
20654, 103.944
20655, 103.946
20656, 103.947
20657, 103.949
20658, 103.95
20659, 103.954
20660, 103.957
20661, 103.957
20662, 103.957
20663, 103.958
20664, 103.958
20665, 103.972
20666, 103.974
20667, 103.977
20668, 103.977
20669, 103.978
20670, 103.978
20671, 103.991
20672, 104.001
20673, 104.003
20674, 104.007
20675, 104.011
20676, 104.011
20677, 104.011
20678, 104.011
20679, 104.012
20680, 104.016
20681, 104.018
20682, 104.018
20683, 104.019
20684, 104.02
20685, 104.02
20686, 104.023
20687, 104.024
20688, 104.027
20689, 104.027
20690, 104.027
20691, 104.03
20692, 104.036
20693, 104.039
20694, 104.04
20695, 104.041
20696, 104.042
20697, 104.048
20698, 104.048
20699, 104.049
20700, 104.049
20701, 104.05
20702, 104.051
20703, 104.051
20704, 104.056
20705, 104.057
20706, 104.058
20707, 104.074
20708, 104.076
20709, 104.076
20710, 104.078
20711, 104.08
20712, 104.082
20713, 104.085
20714, 104.086
20715, 104.086
20716, 104.086
20717, 104.088
20718, 104.089
20719, 104.091
20720, 104.092
20721, 104.093
20722, 104.097
20723, 104.098
20724, 104.098
20725, 104.102
20726, 104.103
20727, 104.104
20728, 104.105
20729, 104.106
20730, 104.107
20731, 104.108
20732, 104.109
20733, 104.111
20734, 104.114
20735, 104.124
20736, 104.125
20737, 104.126
20738, 104.133
20739, 104.141
20740, 104.142
20741, 104.144
20742, 104.147
20743, 104.147
20744, 104.147
20745, 104.148
20746, 104.155
20747, 104.159
20748, 104.165
20749, 104.167
20750, 104.167
20751, 104.168
20752, 104.171
20753, 104.173
20754, 104.174
20755, 104.175
20756, 104.184
20757, 104.191
20758, 104.192
20759, 104.201
20760, 104.204
20761, 104.205
20762, 104.207
20763, 104.212
20764, 104.212
20765, 104.214
20766, 104.215
20767, 104.221
20768, 104.225
20769, 104.225
20770, 104.226
20771, 104.227
20772, 104.227
20773, 104.231
20774, 104.232
20775, 104.241
20776, 104.243
20777, 104.245
20778, 104.248
20779, 104.252
20780, 104.252
20781, 104.254
20782, 104.255
20783, 104.261
20784, 104.261
20785, 104.262
20786, 104.266
20787, 104.267
20788, 104.268
20789, 104.268
20790, 104.27
20791, 104.282
20792, 104.284
20793, 104.284
20794, 104.287
20795, 104.288
20796, 104.289
20797, 104.291
20798, 104.291
20799, 104.293
20800, 104.298
20801, 104.298
20802, 104.299
20803, 104.305
20804, 104.309
20805, 104.315
20806, 104.315
20807, 104.319
20808, 104.323
20809, 104.334
20810, 104.334
20811, 104.335
20812, 104.335
20813, 104.343
20814, 104.345
20815, 104.346
20816, 104.349
20817, 104.354
20818, 104.354
20819, 104.357
20820, 104.358
20821, 104.36
20822, 104.36
20823, 104.364
20824, 104.366
20825, 104.378
20826, 104.387
20827, 104.391
20828, 104.393
20829, 104.395
20830, 104.396
20831, 104.396
20832, 104.397
20833, 104.399
20834, 104.401
20835, 104.401
20836, 104.405
20837, 104.405
20838, 104.406
20839, 104.407
20840, 104.408
20841, 104.409
20842, 104.417
20843, 104.417
20844, 104.418
20845, 104.426
20846, 104.427
20847, 104.427
20848, 104.427
20849, 104.429
20850, 104.43
20851, 104.432
20852, 104.434
20853, 104.442
20854, 104.446
20855, 104.454
20856, 104.456
20857, 104.458
20858, 104.466
20859, 104.466
20860, 104.468
20861, 104.471
20862, 104.472
20863, 104.473
20864, 104.477
20865, 104.48
20866, 104.483
20867, 104.485
20868, 104.486
20869, 104.489
20870, 104.494
20871, 104.496
20872, 104.5
20873, 104.501
20874, 104.503
20875, 104.504
20876, 104.504
20877, 104.507
20878, 104.508
20879, 104.516
20880, 104.519
20881, 104.523
20882, 104.523
20883, 104.525
20884, 104.53
20885, 104.535
20886, 104.539
20887, 104.539
20888, 104.542
20889, 104.542
20890, 104.543
20891, 104.544
20892, 104.545
20893, 104.546
20894, 104.555
20895, 104.558
20896, 104.56
20897, 104.561
20898, 104.565
20899, 104.565
20900, 104.565
20901, 104.566
20902, 104.571
20903, 104.573
20904, 104.574
20905, 104.579
20906, 104.579
20907, 104.581
20908, 104.586
20909, 104.586
20910, 104.587
20911, 104.589
20912, 104.603
20913, 104.604
20914, 104.609
20915, 104.609
20916, 104.615
20917, 104.616
20918, 104.617
20919, 104.618
20920, 104.624
20921, 104.626
20922, 104.627
20923, 104.627
20924, 104.631
20925, 104.633
20926, 104.633
20927, 104.633
20928, 104.636
20929, 104.637
20930, 104.638
20931, 104.638
20932, 104.645
20933, 104.649
20934, 104.65
20935, 104.65
20936, 104.653
20937, 104.656
20938, 104.66
20939, 104.663
20940, 104.666
20941, 104.666
20942, 104.667
20943, 104.667
20944, 104.675
20945, 104.677
20946, 104.68
20947, 104.682
20948, 104.686
20949, 104.687
20950, 104.687
20951, 104.691
20952, 104.692
20953, 104.693
20954, 104.693
20955, 104.695
20956, 104.697
20957, 104.697
20958, 104.698
20959, 104.703
20960, 104.706
20961, 104.706
20962, 104.712
20963, 104.715
20964, 104.715
20965, 104.722
20966, 104.723
20967, 104.726
20968, 104.733
20969, 104.734
20970, 104.735
20971, 104.736
20972, 104.739
20973, 104.75
20974, 104.75
20975, 104.751
20976, 104.752
20977, 104.756
20978, 104.756
20979, 104.764
20980, 104.767
20981, 104.776
20982, 104.777
20983, 104.785
20984, 104.785
20985, 104.785
20986, 104.786
20987, 104.788
20988, 104.792
20989, 104.797
20990, 104.807
20991, 104.808
20992, 104.81
20993, 104.811
20994, 104.814
20995, 104.816
20996, 104.816
20997, 104.821
20998, 104.823
20999, 104.824
21000, 104.826
21001, 104.827
21002, 104.828
21003, 104.829
21004, 104.839
21005, 104.841
21006, 104.842
21007, 104.842
21008, 104.845
21009, 104.845
21010, 104.849
21011, 104.853
21012, 104.853
21013, 104.857
21014, 104.86
21015, 104.86
21016, 104.86
21017, 104.862
21018, 104.863
21019, 104.863
21020, 104.868
21021, 104.874
21022, 104.874
21023, 104.881
21024, 104.886
21025, 104.886
21026, 104.886
21027, 104.888
21028, 104.89
21029, 104.89
21030, 104.891
21031, 104.891
21032, 104.894
21033, 104.894
21034, 104.896
21035, 104.896
21036, 104.899
21037, 104.9
21038, 104.902
21039, 104.904
21040, 104.906
21041, 104.907
21042, 104.909
21043, 104.918
21044, 104.918
21045, 104.92
21046, 104.921
21047, 104.923
21048, 104.925
21049, 104.927
21050, 104.931
21051, 104.933
21052, 104.936
21053, 104.937
21054, 104.938
21055, 104.94
21056, 104.949
21057, 104.951
21058, 104.956
21059, 104.96
21060, 104.962
21061, 104.966
21062, 104.968
21063, 104.969
21064, 104.969
21065, 104.971
21066, 104.972
21067, 104.973
21068, 104.974
21069, 104.976
21070, 104.978
21071, 104.981
21072, 104.982
21073, 104.986
21074, 104.986
21075, 104.986
21076, 104.989
21077, 104.992
21078, 104.993
21079, 104.994
21080, 105.001
21081, 105.01
21082, 105.011
21083, 105.016
21084, 105.018
21085, 105.018
21086, 105.023
21087, 105.023
21088, 105.025
21089, 105.028
21090, 105.029
21091, 105.029
21092, 105.031
21093, 105.031
21094, 105.032
21095, 105.033
21096, 105.034
21097, 105.045
21098, 105.045
21099, 105.046
21100, 105.046
21101, 105.05
21102, 105.05
21103, 105.053
21104, 105.057
21105, 105.06
21106, 105.061
21107, 105.063
21108, 105.069
21109, 105.07
21110, 105.071
21111, 105.075
21112, 105.076
21113, 105.076
21114, 105.078
21115, 105.08
21116, 105.082
21117, 105.083
21118, 105.086
21119, 105.09
21120, 105.091
21121, 105.093
21122, 105.095
21123, 105.098
21124, 105.1
21125, 105.104
21126, 105.107
21127, 105.108
21128, 105.111
21129, 105.111
21130, 105.112
21131, 105.112
21132, 105.114
21133, 105.114
21134, 105.124
21135, 105.129
21136, 105.129
21137, 105.132
21138, 105.134
21139, 105.135
21140, 105.135
21141, 105.136
21142, 105.137
21143, 105.141
21144, 105.144
21145, 105.146
21146, 105.158
21147, 105.16
21148, 105.162
21149, 105.166
21150, 105.168
21151, 105.17
21152, 105.175
21153, 105.179
21154, 105.181
21155, 105.183
21156, 105.187
21157, 105.195
21158, 105.195
21159, 105.196
21160, 105.198
21161, 105.199
21162, 105.204
21163, 105.204
21164, 105.209
21165, 105.21
21166, 105.21
21167, 105.214
21168, 105.218
21169, 105.22
21170, 105.22
21171, 105.222
21172, 105.223
21173, 105.228
21174, 105.23
21175, 105.234
21176, 105.236
21177, 105.236
21178, 105.239
21179, 105.24
21180, 105.242
21181, 105.244
21182, 105.244
21183, 105.246
21184, 105.247
21185, 105.248
21186, 105.251
21187, 105.256
21188, 105.258
21189, 105.258
21190, 105.26
21191, 105.261
21192, 105.265
21193, 105.266
21194, 105.266
21195, 105.27
21196, 105.271
21197, 105.271
21198, 105.273
21199, 105.275
21200, 105.275
21201, 105.278
21202, 105.279
21203, 105.283
21204, 105.284
21205, 105.286
21206, 105.292
21207, 105.293
21208, 105.296
21209, 105.298
21210, 105.302
21211, 105.305
21212, 105.307
21213, 105.307
21214, 105.308
21215, 105.31
21216, 105.313
21217, 105.315
21218, 105.317
21219, 105.318
21220, 105.326
21221, 105.328
21222, 105.328
21223, 105.333
21224, 105.338
21225, 105.338
21226, 105.339
21227, 105.339
21228, 105.344
21229, 105.347
21230, 105.347
21231, 105.352
21232, 105.357
21233, 105.365
21234, 105.366
21235, 105.37
21236, 105.371
21237, 105.372
21238, 105.373
21239, 105.379
21240, 105.381
21241, 105.382
21242, 105.382
21243, 105.385
21244, 105.386
21245, 105.387
21246, 105.387
21247, 105.387
21248, 105.387
21249, 105.39
21250, 105.393
21251, 105.394
21252, 105.394
21253, 105.396
21254, 105.396
21255, 105.398
21256, 105.406
21257, 105.412
21258, 105.414
21259, 105.417
21260, 105.418
21261, 105.422
21262, 105.424
21263, 105.424
21264, 105.425
21265, 105.425
21266, 105.426
21267, 105.435
21268, 105.436
21269, 105.439
21270, 105.441
21271, 105.446
21272, 105.45
21273, 105.452
21274, 105.457
21275, 105.464
21276, 105.466
21277, 105.471
21278, 105.472
21279, 105.472
21280, 105.472
21281, 105.473
21282, 105.474
21283, 105.474
21284, 105.478
21285, 105.48
21286, 105.484
21287, 105.486
21288, 105.486
21289, 105.49
21290, 105.494
21291, 105.495
21292, 105.496
21293, 105.503
21294, 105.508
21295, 105.509
21296, 105.514
21297, 105.518
21298, 105.519
21299, 105.52
21300, 105.526
21301, 105.526
21302, 105.529
21303, 105.529
21304, 105.53
21305, 105.532
21306, 105.532
21307, 105.532
21308, 105.535
21309, 105.537
21310, 105.537
21311, 105.538
21312, 105.539
21313, 105.544
21314, 105.544
21315, 105.544
21316, 105.544
21317, 105.552
21318, 105.553
21319, 105.557
21320, 105.569
21321, 105.57
21322, 105.571
21323, 105.573
21324, 105.578
21325, 105.582
21326, 105.583
21327, 105.591
21328, 105.597
21329, 105.597
21330, 105.606
21331, 105.606
21332, 105.608
21333, 105.609
21334, 105.614
21335, 105.616
21336, 105.622
21337, 105.626
21338, 105.626
21339, 105.629
21340, 105.629
21341, 105.632
21342, 105.634
21343, 105.635
21344, 105.639
21345, 105.644
21346, 105.654
21347, 105.658
21348, 105.659
21349, 105.66
21350, 105.663
21351, 105.663
21352, 105.665
21353, 105.669
21354, 105.67
21355, 105.671
21356, 105.672
21357, 105.681
21358, 105.686
21359, 105.686
21360, 105.688
21361, 105.688
21362, 105.692
21363, 105.702
21364, 105.704
21365, 105.705
21366, 105.705
21367, 105.706
21368, 105.716
21369, 105.728
21370, 105.734
21371, 105.737
21372, 105.739
21373, 105.741
21374, 105.744
21375, 105.744
21376, 105.746
21377, 105.747
21378, 105.747
21379, 105.752
21380, 105.755
21381, 105.756
21382, 105.759
21383, 105.76
21384, 105.768
21385, 105.773
21386, 105.774
21387, 105.774
21388, 105.776
21389, 105.776
21390, 105.777
21391, 105.782
21392, 105.788
21393, 105.789
21394, 105.792
21395, 105.793
21396, 105.793
21397, 105.802
21398, 105.806
21399, 105.806
21400, 105.808
21401, 105.811
21402, 105.816
21403, 105.82
21404, 105.821
21405, 105.824
21406, 105.825
21407, 105.826
21408, 105.826
21409, 105.834
21410, 105.835
21411, 105.837
21412, 105.843
21413, 105.845
21414, 105.845
21415, 105.845
21416, 105.85
21417, 105.852
21418, 105.856
21419, 105.862
21420, 105.864
21421, 105.871
21422, 105.872
21423, 105.876
21424, 105.88
21425, 105.88
21426, 105.882
21427, 105.883
21428, 105.888
21429, 105.889
21430, 105.889
21431, 105.891
21432, 105.903
21433, 105.908
21434, 105.911
21435, 105.917
21436, 105.921
21437, 105.922
21438, 105.922
21439, 105.922
21440, 105.923
21441, 105.925
21442, 105.934
21443, 105.939
21444, 105.941
21445, 105.946
21446, 105.949
21447, 105.957
21448, 105.958
21449, 105.962
21450, 105.965
21451, 105.966
21452, 105.966
21453, 105.967
21454, 105.967
21455, 105.968
21456, 105.969
21457, 105.975
21458, 105.977
21459, 105.984
21460, 105.989
21461, 105.992
21462, 105.993
21463, 105.996
21464, 105.998
21465, 106.004
21466, 106.006
21467, 106.008
21468, 106.012
21469, 106.012
21470, 106.014
21471, 106.016
21472, 106.019
21473, 106.032
21474, 106.037
21475, 106.047
21476, 106.047
21477, 106.052
21478, 106.054
21479, 106.056
21480, 106.058
21481, 106.062
21482, 106.063
21483, 106.068
21484, 106.069
21485, 106.069
21486, 106.072
21487, 106.073
21488, 106.075
21489, 106.077
21490, 106.079
21491, 106.084
21492, 106.086
21493, 106.088
21494, 106.093
21495, 106.093
21496, 106.094
21497, 106.099
21498, 106.105
21499, 106.106
21500, 106.106
21501, 106.111
21502, 106.111
21503, 106.113
21504, 106.113
21505, 106.116
21506, 106.119
21507, 106.122
21508, 106.124
21509, 106.128
21510, 106.133
21511, 106.135
21512, 106.136
21513, 106.136
21514, 106.148
21515, 106.151
21516, 106.157
21517, 106.158
21518, 106.158
21519, 106.165
21520, 106.165
21521, 106.166
21522, 106.166
21523, 106.169
21524, 106.178
21525, 106.181
21526, 106.182
21527, 106.189
21528, 106.192
21529, 106.195
21530, 106.203
21531, 106.204
21532, 106.206
21533, 106.206
21534, 106.207
21535, 106.211
21536, 106.211
21537, 106.225
21538, 106.226
21539, 106.226
21540, 106.226
21541, 106.227
21542, 106.23
21543, 106.23
21544, 106.234
21545, 106.236
21546, 106.247
21547, 106.249
21548, 106.251
21549, 106.259
21550, 106.259
21551, 106.261
21552, 106.266
21553, 106.268
21554, 106.268
21555, 106.269
21556, 106.272
21557, 106.273
21558, 106.274
21559, 106.277
21560, 106.281
21561, 106.282
21562, 106.283
21563, 106.29
21564, 106.296
21565, 106.296
21566, 106.298
21567, 106.299
21568, 106.301
21569, 106.302
21570, 106.303
21571, 106.303
21572, 106.307
21573, 106.307
21574, 106.311
21575, 106.313
21576, 106.313
21577, 106.314
21578, 106.314
21579, 106.319
21580, 106.323
21581, 106.324
21582, 106.325
21583, 106.327
21584, 106.331
21585, 106.334
21586, 106.34
21587, 106.34
21588, 106.344
21589, 106.346
21590, 106.349
21591, 106.351
21592, 106.352
21593, 106.352
21594, 106.355
21595, 106.356
21596, 106.357
21597, 106.357
21598, 106.357
21599, 106.358
21600, 106.365
21601, 106.365
21602, 106.365
21603, 106.366
21604, 106.366
21605, 106.367
21606, 106.369
21607, 106.371
21608, 106.375
21609, 106.38
21610, 106.382
21611, 106.383
21612, 106.383
21613, 106.384
21614, 106.386
21615, 106.386
21616, 106.386
21617, 106.389
21618, 106.39
21619, 106.403
21620, 106.404
21621, 106.404
21622, 106.405
21623, 106.407
21624, 106.407
21625, 106.412
21626, 106.412
21627, 106.412
21628, 106.414
21629, 106.416
21630, 106.417
21631, 106.417
21632, 106.417
21633, 106.422
21634, 106.423
21635, 106.428
21636, 106.43
21637, 106.43
21638, 106.43
21639, 106.431
21640, 106.431
21641, 106.439
21642, 106.442
21643, 106.442
21644, 106.444
21645, 106.444
21646, 106.445
21647, 106.449
21648, 106.45
21649, 106.451
21650, 106.455
21651, 106.456
21652, 106.456
21653, 106.459
21654, 106.46
21655, 106.46
21656, 106.461
21657, 106.466
21658, 106.472
21659, 106.473
21660, 106.474
21661, 106.486
21662, 106.49
21663, 106.491
21664, 106.494
21665, 106.505
21666, 106.507
21667, 106.515
21668, 106.517
21669, 106.518
21670, 106.518
21671, 106.519
21672, 106.52
21673, 106.521
21674, 106.522
21675, 106.53
21676, 106.532
21677, 106.532
21678, 106.534
21679, 106.535
21680, 106.544
21681, 106.546
21682, 106.547
21683, 106.548
21684, 106.56
21685, 106.56
21686, 106.561
21687, 106.563
21688, 106.566
21689, 106.572
21690, 106.572
21691, 106.573
21692, 106.586
21693, 106.586
21694, 106.588
21695, 106.588
21696, 106.596
21697, 106.597
21698, 106.607
21699, 106.611
21700, 106.617
21701, 106.617
21702, 106.621
21703, 106.623
21704, 106.625
21705, 106.626
21706, 106.63
21707, 106.631
21708, 106.633
21709, 106.633
21710, 106.643
21711, 106.644
21712, 106.648
21713, 106.649
21714, 106.653
21715, 106.656
21716, 106.66
21717, 106.661
21718, 106.664
21719, 106.664
21720, 106.665
21721, 106.666
21722, 106.666
21723, 106.67
21724, 106.676
21725, 106.683
21726, 106.686
21727, 106.689
21728, 106.69
21729, 106.693
21730, 106.693
21731, 106.694
21732, 106.695
21733, 106.702
21734, 106.707
21735, 106.71
21736, 106.713
21737, 106.718
21738, 106.718
21739, 106.718
21740, 106.719
21741, 106.722
21742, 106.729
21743, 106.732
21744, 106.732
21745, 106.741
21746, 106.743
21747, 106.744
21748, 106.744
21749, 106.744
21750, 106.746
21751, 106.747
21752, 106.747
21753, 106.748
21754, 106.749
21755, 106.752
21756, 106.753
21757, 106.758
21758, 106.759
21759, 106.759
21760, 106.763
21761, 106.763
21762, 106.768
21763, 106.771
21764, 106.776
21765, 106.786
21766, 106.786
21767, 106.787
21768, 106.792
21769, 106.792
21770, 106.793
21771, 106.797
21772, 106.798
21773, 106.8
21774, 106.805
21775, 106.808
21776, 106.814
21777, 106.821
21778, 106.822
21779, 106.83
21780, 106.83
21781, 106.833
21782, 106.834
21783, 106.834
21784, 106.839
21785, 106.853
21786, 106.855
21787, 106.863
21788, 106.864
21789, 106.865
21790, 106.865
21791, 106.871
21792, 106.872
21793, 106.875
21794, 106.875
21795, 106.879
21796, 106.881
21797, 106.883
21798, 106.892
21799, 106.893
21800, 106.894
21801, 106.896
21802, 106.897
21803, 106.905
21804, 106.907
21805, 106.909
21806, 106.91
21807, 106.911
21808, 106.915
21809, 106.916
21810, 106.925
21811, 106.926
21812, 106.926
21813, 106.93
21814, 106.939
21815, 106.94
21816, 106.947
21817, 106.947
21818, 106.949
21819, 106.959
21820, 106.964
21821, 106.964
21822, 106.965
21823, 106.968
21824, 106.976
21825, 106.977
21826, 106.985
21827, 106.986
21828, 106.994
21829, 106.994
21830, 106.996
21831, 107.002
21832, 107.003
21833, 107.003
21834, 107.004
21835, 107.004
21836, 107.007
21837, 107.011
21838, 107.012
21839, 107.026
21840, 107.029
21841, 107.039
21842, 107.045
21843, 107.05
21844, 107.05
21845, 107.055
21846, 107.056
21847, 107.058
21848, 107.059
21849, 107.062
21850, 107.065
21851, 107.065
21852, 107.071
21853, 107.072
21854, 107.074
21855, 107.075
21856, 107.084
21857, 107.084
21858, 107.085
21859, 107.086
21860, 107.09
21861, 107.101
21862, 107.106
21863, 107.107
21864, 107.107
21865, 107.108
21866, 107.113
21867, 107.113
21868, 107.113
21869, 107.117
21870, 107.12
21871, 107.132
21872, 107.133
21873, 107.136
21874, 107.138
21875, 107.139
21876, 107.145
21877, 107.148
21878, 107.151
21879, 107.153
21880, 107.156
21881, 107.158
21882, 107.16
21883, 107.162
21884, 107.164
21885, 107.174
21886, 107.177
21887, 107.183
21888, 107.185
21889, 107.188
21890, 107.193
21891, 107.195
21892, 107.205
21893, 107.205
21894, 107.207
21895, 107.208
21896, 107.208
21897, 107.209
21898, 107.214
21899, 107.215
21900, 107.218
21901, 107.218
21902, 107.222
21903, 107.222
21904, 107.222
21905, 107.225
21906, 107.229
21907, 107.23
21908, 107.234
21909, 107.244
21910, 107.252
21911, 107.259
21912, 107.268
21913, 107.269
21914, 107.273
21915, 107.273
21916, 107.275
21917, 107.276
21918, 107.28
21919, 107.285
21920, 107.298
21921, 107.304
21922, 107.305
21923, 107.309
21924, 107.315
21925, 107.316
21926, 107.316
21927, 107.317
21928, 107.318
21929, 107.319
21930, 107.323
21931, 107.325
21932, 107.327
21933, 107.328
21934, 107.331
21935, 107.334
21936, 107.342
21937, 107.345
21938, 107.353
21939, 107.354
21940, 107.366
21941, 107.366
21942, 107.366
21943, 107.369
21944, 107.372
21945, 107.374
21946, 107.375
21947, 107.376
21948, 107.385
21949, 107.388
21950, 107.388
21951, 107.393
21952, 107.394
21953, 107.408
21954, 107.41
21955, 107.412
21956, 107.414
21957, 107.416
21958, 107.417
21959, 107.418
21960, 107.425
21961, 107.43
21962, 107.431
21963, 107.432
21964, 107.432
21965, 107.442
21966, 107.448
21967, 107.449
21968, 107.449
21969, 107.456
21970, 107.463
21971, 107.464
21972, 107.466
21973, 107.468
21974, 107.471
21975, 107.471
21976, 107.473
21977, 107.478
21978, 107.479
21979, 107.495
21980, 107.499
21981, 107.506
21982, 107.507
21983, 107.516
21984, 107.525
21985, 107.529
21986, 107.535
21987, 107.547
21988, 107.551
21989, 107.552
21990, 107.567
21991, 107.567
21992, 107.568
21993, 107.571
21994, 107.572
21995, 107.578
21996, 107.58
21997, 107.582
21998, 107.587
21999, 107.588
22000, 107.591
22001, 107.595
22002, 107.603
22003, 107.608
22004, 107.609
22005, 107.614
22006, 107.614
22007, 107.615
22008, 107.617
22009, 107.62
22010, 107.623
22011, 107.631
22012, 107.634
22013, 107.636
22014, 107.636
22015, 107.638
22016, 107.645
22017, 107.648
22018, 107.654
22019, 107.665
22020, 107.675
22021, 107.677
22022, 107.678
22023, 107.679
22024, 107.681
22025, 107.685
22026, 107.687
22027, 107.688
22028, 107.692
22029, 107.699
22030, 107.706
22031, 107.711
22032, 107.713
22033, 107.719
22034, 107.72
22035, 107.723
22036, 107.725
22037, 107.725
22038, 107.73
22039, 107.731
22040, 107.732
22041, 107.742
22042, 107.743
22043, 107.749
22044, 107.751
22045, 107.755
22046, 107.757
22047, 107.758
22048, 107.759
22049, 107.759
22050, 107.774
22051, 107.776
22052, 107.78
22053, 107.783
22054, 107.785
22055, 107.789
22056, 107.791
22057, 107.798
22058, 107.802
22059, 107.805
22060, 107.809
22061, 107.81
22062, 107.812
22063, 107.813
22064, 107.824
22065, 107.829
22066, 107.832
22067, 107.835
22068, 107.849
22069, 107.85
22070, 107.853
22071, 107.853
22072, 107.861
22073, 107.864
22074, 107.865
22075, 107.871
22076, 107.875
22077, 107.875
22078, 107.876
22079, 107.882
22080, 107.888
22081, 107.891
22082, 107.898
22083, 107.9
22084, 107.902
22085, 107.902
22086, 107.904
22087, 107.911
22088, 107.918
22089, 107.919
22090, 107.931
22091, 107.933
22092, 107.938
22093, 107.955
22094, 107.959
22095, 107.962
22096, 107.964
22097, 107.967
22098, 107.972
22099, 107.98
22100, 107.983
22101, 107.985
22102, 107.986
22103, 107.989
22104, 107.991
22105, 107.991
22106, 107.994
22107, 107.995
22108, 107.998
22109, 107.999
22110, 108.002
22111, 108.006
22112, 108.007
22113, 108.008
22114, 108.013
22115, 108.02
22116, 108.022
22117, 108.023
22118, 108.027
22119, 108.029
22120, 108.03
22121, 108.032
22122, 108.034
22123, 108.034
22124, 108.035
22125, 108.04
22126, 108.04
22127, 108.041
22128, 108.041
22129, 108.044
22130, 108.047
22131, 108.051
22132, 108.053
22133, 108.055
22134, 108.056
22135, 108.058
22136, 108.06
22137, 108.064
22138, 108.065
22139, 108.065
22140, 108.069
22141, 108.077
22142, 108.078
22143, 108.09
22144, 108.092
22145, 108.095
22146, 108.098
22147, 108.101
22148, 108.101
22149, 108.105
22150, 108.112
22151, 108.116
22152, 108.122
22153, 108.131
22154, 108.132
22155, 108.143
22156, 108.149
22157, 108.154
22158, 108.161
22159, 108.17
22160, 108.174
22161, 108.175
22162, 108.175
22163, 108.178
22164, 108.184
22165, 108.184
22166, 108.195
22167, 108.197
22168, 108.2
22169, 108.201
22170, 108.202
22171, 108.204
22172, 108.206
22173, 108.224
22174, 108.229
22175, 108.233
22176, 108.235
22177, 108.236
22178, 108.24
22179, 108.242
22180, 108.258
22181, 108.261
22182, 108.261
22183, 108.271
22184, 108.282
22185, 108.289
22186, 108.291
22187, 108.291
22188, 108.292
22189, 108.294
22190, 108.302
22191, 108.304
22192, 108.305
22193, 108.315
22194, 108.317
22195, 108.317
22196, 108.319
22197, 108.322
22198, 108.33
22199, 108.335
22200, 108.35
22201, 108.353
22202, 108.355
22203, 108.356
22204, 108.358
22205, 108.358
22206, 108.361
22207, 108.371
22208, 108.373
22209, 108.381
22210, 108.382
22211, 108.383
22212, 108.384
22213, 108.389
22214, 108.39
22215, 108.392
22216, 108.4
22217, 108.4
22218, 108.403
22219, 108.408
22220, 108.414
22221, 108.414
22222, 108.417
22223, 108.427
22224, 108.43
22225, 108.438
22226, 108.439
22227, 108.444
22228, 108.446
22229, 108.46
22230, 108.465
22231, 108.47
22232, 108.47
22233, 108.47
22234, 108.471
22235, 108.476
22236, 108.479
22237, 108.482
22238, 108.497
22239, 108.497
22240, 108.501
22241, 108.501
22242, 108.506
22243, 108.507
22244, 108.509
22245, 108.512
22246, 108.513
22247, 108.515
22248, 108.516
22249, 108.517
22250, 108.521
22251, 108.524
22252, 108.527
22253, 108.532
22254, 108.537
22255, 108.549
22256, 108.555
22257, 108.584
22258, 108.586
22259, 108.594
22260, 108.595
22261, 108.596
22262, 108.599
22263, 108.606
22264, 108.608
22265, 108.612
22266, 108.613
22267, 108.618
22268, 108.625
22269, 108.627
22270, 108.627
22271, 108.628
22272, 108.629
22273, 108.63
22274, 108.636
22275, 108.64
22276, 108.663
22277, 108.664
22278, 108.671
22279, 108.675
22280, 108.676
22281, 108.677
22282, 108.683
22283, 108.685
22284, 108.687
22285, 108.69
22286, 108.692
22287, 108.695
22288, 108.695
22289, 108.695
22290, 108.698
22291, 108.7
22292, 108.703
22293, 108.708
22294, 108.709
22295, 108.709
22296, 108.715
22297, 108.715
22298, 108.72
22299, 108.735
22300, 108.735
22301, 108.736
22302, 108.739
22303, 108.739
22304, 108.749
22305, 108.749
22306, 108.754
22307, 108.755
22308, 108.756
22309, 108.759
22310, 108.763
22311, 108.765
22312, 108.765
22313, 108.77
22314, 108.773
22315, 108.774
22316, 108.775
22317, 108.78
22318, 108.78
22319, 108.782
22320, 108.783
22321, 108.785
22322, 108.786
22323, 108.799
22324, 108.799
22325, 108.816
22326, 108.818
22327, 108.825
22328, 108.828
22329, 108.831
22330, 108.833
22331, 108.836
22332, 108.839
22333, 108.845
22334, 108.847
22335, 108.85
22336, 108.86
22337, 108.86
22338, 108.862
22339, 108.865
22340, 108.875
22341, 108.878
22342, 108.883
22343, 108.885
22344, 108.888
22345, 108.892
22346, 108.893
22347, 108.894
22348, 108.901
22349, 108.902
22350, 108.903
22351, 108.904
22352, 108.91
22353, 108.911
22354, 108.911
22355, 108.913
22356, 108.915
22357, 108.92
22358, 108.925
22359, 108.935
22360, 108.938
22361, 108.942
22362, 108.945
22363, 108.953
22364, 108.955
22365, 108.957
22366, 108.966
22367, 108.975
22368, 108.976
22369, 108.976
22370, 108.98
22371, 108.984
22372, 108.985
22373, 108.989
22374, 108.99
22375, 108.992
22376, 109
22377, 109
22378, 109
22379, 109.003
22380, 109.003
22381, 109.007
22382, 109.008
22383, 109.011
22384, 109.018
22385, 109.02
22386, 109.02
22387, 109.02
22388, 109.036
22389, 109.038
22390, 109.039
22391, 109.04
22392, 109.041
22393, 109.042
22394, 109.053
22395, 109.059
22396, 109.068
22397, 109.068
22398, 109.081
22399, 109.082
22400, 109.083
22401, 109.085
22402, 109.095
22403, 109.095
22404, 109.101
22405, 109.105
22406, 109.111
22407, 109.115
22408, 109.117
22409, 109.121
22410, 109.123
22411, 109.125
22412, 109.139
22413, 109.14
22414, 109.145
22415, 109.153
22416, 109.154
22417, 109.164
22418, 109.164
22419, 109.167
22420, 109.184
22421, 109.193
22422, 109.202
22423, 109.207
22424, 109.208
22425, 109.221
22426, 109.224
22427, 109.228
22428, 109.232
22429, 109.235
22430, 109.235
22431, 109.255
22432, 109.256
22433, 109.257
22434, 109.268
22435, 109.27
22436, 109.271
22437, 109.274
22438, 109.281
22439, 109.295
22440, 109.297
22441, 109.297
22442, 109.303
22443, 109.306
22444, 109.307
22445, 109.318
22446, 109.323
22447, 109.327
22448, 109.333
22449, 109.334
22450, 109.336
22451, 109.339
22452, 109.342
22453, 109.354
22454, 109.363
22455, 109.368
22456, 109.373
22457, 109.379
22458, 109.382
22459, 109.388
22460, 109.389
22461, 109.394
22462, 109.406
22463, 109.413
22464, 109.414
22465, 109.421
22466, 109.426
22467, 109.433
22468, 109.436
22469, 109.44
22470, 109.443
22471, 109.444
22472, 109.447
22473, 109.452
22474, 109.456
22475, 109.461
22476, 109.464
22477, 109.468
22478, 109.469
22479, 109.47
22480, 109.474
22481, 109.475
22482, 109.475
22483, 109.477
22484, 109.478
22485, 109.482
22486, 109.488
22487, 109.493
22488, 109.493
22489, 109.498
22490, 109.506
22491, 109.512
22492, 109.52
22493, 109.521
22494, 109.53
22495, 109.532
22496, 109.543
22497, 109.558
22498, 109.563
22499, 109.577
22500, 109.577
22501, 109.584
22502, 109.595
22503, 109.6
22504, 109.609
22505, 109.611
22506, 109.613
22507, 109.616
22508, 109.617
22509, 109.619
22510, 109.626
22511, 109.638
22512, 109.644
22513, 109.654
22514, 109.655
22515, 109.665
22516, 109.676
22517, 109.682
22518, 109.686
22519, 109.688
22520, 109.689
22521, 109.695
22522, 109.703
22523, 109.708
22524, 109.714
22525, 109.718
22526, 109.723
22527, 109.724
22528, 109.742
22529, 109.753
22530, 109.761
22531, 109.774
22532, 109.781
22533, 109.783
22534, 109.785
22535, 109.786
22536, 109.794
22537, 109.794
22538, 109.795
22539, 109.795
22540, 109.802
22541, 109.804
22542, 109.806
22543, 109.807
22544, 109.808
22545, 109.809
22546, 109.82
22547, 109.822
22548, 109.822
22549, 109.825
22550, 109.837
22551, 109.841
22552, 109.844
22553, 109.848
22554, 109.855
22555, 109.857
22556, 109.859
22557, 109.861
22558, 109.863
22559, 109.865
22560, 109.868
22561, 109.885
22562, 109.888
22563, 109.889
22564, 109.891
22565, 109.899
22566, 109.914
22567, 109.918
22568, 109.919
22569, 109.919
22570, 109.923
22571, 109.924
22572, 109.932
22573, 109.936
22574, 109.954
22575, 109.957
22576, 109.963
22577, 109.968
22578, 109.974
22579, 109.979
22580, 109.979
22581, 110
22582, 110
22583, 110.003
22584, 110.003
22585, 110.005
22586, 110.011
22587, 110.012
22588, 110.012
22589, 110.015
22590, 110.018
22591, 110.024
22592, 110.025
22593, 110.032
22594, 110.034
22595, 110.045
22596, 110.053
22597, 110.053
22598, 110.064
22599, 110.07
22600, 110.081
22601, 110.087
22602, 110.091
22603, 110.094
22604, 110.097
22605, 110.113
22606, 110.117
22607, 110.117
22608, 110.122
22609, 110.123
22610, 110.135
22611, 110.139
22612, 110.141
22613, 110.15
22614, 110.15
22615, 110.166
22616, 110.168
22617, 110.174
22618, 110.181
22619, 110.183
22620, 110.185
22621, 110.188
22622, 110.188
22623, 110.197
22624, 110.2
22625, 110.208
22626, 110.21
22627, 110.211
22628, 110.219
22629, 110.22
22630, 110.224
22631, 110.224
22632, 110.224
22633, 110.226
22634, 110.226
22635, 110.227
22636, 110.233
22637, 110.244
22638, 110.249
22639, 110.251
22640, 110.272
22641, 110.273
22642, 110.279
22643, 110.28
22644, 110.286
22645, 110.308
22646, 110.308
22647, 110.321
22648, 110.324
22649, 110.332
22650, 110.338
22651, 110.339
22652, 110.342
22653, 110.342
22654, 110.347
22655, 110.353
22656, 110.354
22657, 110.356
22658, 110.357
22659, 110.358
22660, 110.359
22661, 110.36
22662, 110.363
22663, 110.378
22664, 110.386
22665, 110.395
22666, 110.401
22667, 110.406
22668, 110.407
22669, 110.407
22670, 110.409
22671, 110.411
22672, 110.421
22673, 110.425
22674, 110.427
22675, 110.431
22676, 110.433
22677, 110.438
22678, 110.44
22679, 110.447
22680, 110.457
22681, 110.458
22682, 110.467
22683, 110.469
22684, 110.47
22685, 110.473
22686, 110.476
22687, 110.478
22688, 110.483
22689, 110.484
22690, 110.496
22691, 110.497
22692, 110.504
22693, 110.534
22694, 110.539
22695, 110.548
22696, 110.548
22697, 110.551
22698, 110.554
22699, 110.557
22700, 110.562
22701, 110.563
22702, 110.578
22703, 110.58
22704, 110.581
22705, 110.586
22706, 110.603
22707, 110.603
22708, 110.606
22709, 110.611
22710, 110.615
22711, 110.615
22712, 110.619
22713, 110.627
22714, 110.634
22715, 110.635
22716, 110.639
22717, 110.64
22718, 110.64
22719, 110.644
22720, 110.663
22721, 110.667
22722, 110.669
22723, 110.681
22724, 110.683
22725, 110.692
22726, 110.701
22727, 110.705
22728, 110.712
22729, 110.722
22730, 110.722
22731, 110.726
22732, 110.727
22733, 110.737
22734, 110.744
22735, 110.749
22736, 110.754
22737, 110.755
22738, 110.76
22739, 110.77
22740, 110.771
22741, 110.772
22742, 110.775
22743, 110.776
22744, 110.777
22745, 110.798
22746, 110.798
22747, 110.805
22748, 110.816
22749, 110.819
22750, 110.82
22751, 110.825
22752, 110.847
22753, 110.853
22754, 110.86
22755, 110.86
22756, 110.861
22757, 110.864
22758, 110.866
22759, 110.867
22760, 110.869
22761, 110.889
22762, 110.891
22763, 110.893
22764, 110.894
22765, 110.896
22766, 110.896
22767, 110.913
22768, 110.916
22769, 110.917
22770, 110.923
22771, 110.924
22772, 110.93
22773, 110.939
22774, 110.944
22775, 110.944
22776, 110.95
22777, 110.955
22778, 110.959
22779, 110.965
22780, 110.976
22781, 110.978
22782, 110.986
22783, 110.994
22784, 110.994
22785, 110.998
22786, 111.01
22787, 111.045
22788, 111.047
22789, 111.052
22790, 111.056
22791, 111.059
22792, 111.069
22793, 111.077
22794, 111.078
22795, 111.092
22796, 111.1
22797, 111.106
22798, 111.117
22799, 111.125
22800, 111.128
22801, 111.13
22802, 111.135
22803, 111.136
22804, 111.138
22805, 111.183
22806, 111.184
22807, 111.193
22808, 111.194
22809, 111.194
22810, 111.196
22811, 111.196
22812, 111.213
22813, 111.224
22814, 111.227
22815, 111.23
22816, 111.258
22817, 111.269
22818, 111.271
22819, 111.272
22820, 111.273
22821, 111.28
22822, 111.282
22823, 111.284
22824, 111.288
22825, 111.291
22826, 111.292
22827, 111.294
22828, 111.3
22829, 111.302
22830, 111.302
22831, 111.306
22832, 111.309
22833, 111.309
22834, 111.319
22835, 111.321
22836, 111.322
22837, 111.323
22838, 111.324
22839, 111.324
22840, 111.325
22841, 111.328
22842, 111.34
22843, 111.345
22844, 111.354
22845, 111.365
22846, 111.366
22847, 111.373
22848, 111.384
22849, 111.399
22850, 111.404
22851, 111.407
22852, 111.413
22853, 111.414
22854, 111.415
22855, 111.417
22856, 111.423
22857, 111.427
22858, 111.427
22859, 111.441
22860, 111.45
22861, 111.452
22862, 111.477
22863, 111.48
22864, 111.48
22865, 111.495
22866, 111.5
22867, 111.51
22868, 111.524
22869, 111.538
22870, 111.54
22871, 111.55
22872, 111.565
22873, 111.584
22874, 111.584
22875, 111.604
22876, 111.614
22877, 111.621
22878, 111.624
22879, 111.646
22880, 111.66
22881, 111.675
22882, 111.685
22883, 111.701
22884, 111.71
22885, 111.713
22886, 111.715
22887, 111.718
22888, 111.731
22889, 111.736
22890, 111.741
22891, 111.753
22892, 111.767
22893, 111.773
22894, 111.787
22895, 111.796
22896, 111.807
22897, 111.807
22898, 111.81
22899, 111.823
22900, 111.823
22901, 111.838
22902, 111.84
22903, 111.843
22904, 111.849
22905, 111.85
22906, 111.86
22907, 111.86
22908, 111.867
22909, 111.869
22910, 111.884
22911, 111.892
22912, 111.899
22913, 111.905
22914, 111.907
22915, 111.911
22916, 111.914
22917, 111.916
22918, 111.933
22919, 111.933
22920, 111.941
22921, 111.942
22922, 111.944
22923, 111.945
22924, 111.947
22925, 111.95
22926, 111.951
22927, 111.951
22928, 111.952
22929, 111.963
22930, 111.971
22931, 111.973
22932, 111.976
22933, 111.985
22934, 111.987
22935, 112.005
22936, 112.015
22937, 112.019
22938, 112.033
22939, 112.033
22940, 112.037
22941, 112.047
22942, 112.055
22943, 112.075
22944, 112.089
22945, 112.092
22946, 112.1
22947, 112.1
22948, 112.104
22949, 112.135
22950, 112.143
22951, 112.148
22952, 112.155
22953, 112.17
22954, 112.18
22955, 112.182
22956, 112.187
22957, 112.195
22958, 112.202
22959, 112.207
22960, 112.211
22961, 112.212
22962, 112.216
22963, 112.232
22964, 112.236
22965, 112.237
22966, 112.238
22967, 112.261
22968, 112.274
22969, 112.275
22970, 112.275
22971, 112.288
22972, 112.289
22973, 112.291
22974, 112.304
22975, 112.313
22976, 112.323
22977, 112.34
22978, 112.341
22979, 112.345
22980, 112.363
22981, 112.381
22982, 112.394
22983, 112.396
22984, 112.403
22985, 112.407
22986, 112.426
22987, 112.432
22988, 112.453
22989, 112.46
22990, 112.463
22991, 112.486
22992, 112.493
22993, 112.493
22994, 112.493
22995, 112.498
22996, 112.508
22997, 112.516
22998, 112.517
22999, 112.521
23000, 112.527
23001, 112.531
23002, 112.535
23003, 112.537
23004, 112.537
23005, 112.55
23006, 112.551
23007, 112.562
23008, 112.566
23009, 112.572
23010, 112.573
23011, 112.579
23012, 112.596
23013, 112.613
23014, 112.619
23015, 112.623
23016, 112.629
23017, 112.631
23018, 112.636
23019, 112.652
23020, 112.654
23021, 112.656
23022, 112.661
23023, 112.672
23024, 112.681
23025, 112.695
23026, 112.7
23027, 112.7
23028, 112.7
23029, 112.707
23030, 112.71
23031, 112.713
23032, 112.719
23033, 112.728
23034, 112.736
23035, 112.743
23036, 112.745
23037, 112.745
23038, 112.748
23039, 112.749
23040, 112.753
23041, 112.771
23042, 112.787
23043, 112.805
23044, 112.814
23045, 112.817
23046, 112.825
23047, 112.826
23048, 112.827
23049, 112.836
23050, 112.849
23051, 112.849
23052, 112.855
23053, 112.855
23054, 112.863
23055, 112.87
23056, 112.875
23057, 112.897
23058, 112.914
23059, 112.922
23060, 112.925
23061, 112.929
23062, 112.945
23063, 112.957
23064, 112.958
23065, 112.961
23066, 112.963
23067, 112.964
23068, 112.964
23069, 112.987
23070, 112.988
23071, 113.017
23072, 113.023
23073, 113.027
23074, 113.04
23075, 113.046
23076, 113.06
23077, 113.065
23078, 113.066
23079, 113.07
23080, 113.071
23081, 113.077
23082, 113.078
23083, 113.083
23084, 113.091
23085, 113.097
23086, 113.098
23087, 113.109
23088, 113.109
23089, 113.124
23090, 113.129
23091, 113.132
23092, 113.133
23093, 113.134
23094, 113.142
23095, 113.163
23096, 113.177
23097, 113.2
23098, 113.213
23099, 113.214
23100, 113.226
23101, 113.228
23102, 113.249
23103, 113.264
23104, 113.268
23105, 113.275
23106, 113.293
23107, 113.293
23108, 113.307
23109, 113.319
23110, 113.342
23111, 113.346
23112, 113.368
23113, 113.393
23114, 113.394
23115, 113.415
23116, 113.418
23117, 113.428
23118, 113.428
23119, 113.431
23120, 113.435
23121, 113.438
23122, 113.444
23123, 113.446
23124, 113.449
23125, 113.467
23126, 113.468
23127, 113.469
23128, 113.47
23129, 113.481
23130, 113.486
23131, 113.5
23132, 113.501
23133, 113.506
23134, 113.507
23135, 113.509
23136, 113.512
23137, 113.512
23138, 113.512
23139, 113.516
23140, 113.521
23141, 113.53
23142, 113.536
23143, 113.541
23144, 113.543
23145, 113.549
23146, 113.551
23147, 113.563
23148, 113.589
23149, 113.6
23150, 113.608
23151, 113.613
23152, 113.614
23153, 113.615
23154, 113.618
23155, 113.631
23156, 113.637
23157, 113.639
23158, 113.66
23159, 113.661
23160, 113.674
23161, 113.676
23162, 113.68
23163, 113.684
23164, 113.691
23165, 113.696
23166, 113.713
23167, 113.724
23168, 113.728
23169, 113.744
23170, 113.754
23171, 113.763
23172, 113.766
23173, 113.77
23174, 113.773
23175, 113.788
23176, 113.843
23177, 113.854
23178, 113.876
23179, 113.895
23180, 113.9
23181, 113.908
23182, 113.909
23183, 113.926
23184, 113.927
23185, 113.935
23186, 113.949
23187, 113.953
23188, 113.956
23189, 113.958
23190, 113.975
23191, 113.98
23192, 113.984
23193, 113.991
23194, 114.003
23195, 114.008
23196, 114.02
23197, 114.021
23198, 114.037
23199, 114.067
23200, 114.078
23201, 114.08
23202, 114.08
23203, 114.085
23204, 114.092
23205, 114.092
23206, 114.111
23207, 114.122
23208, 114.134
23209, 114.134
23210, 114.162
23211, 114.171
23212, 114.173
23213, 114.173
23214, 114.174
23215, 114.19
23216, 114.195
23217, 114.202
23218, 114.21
23219, 114.213
23220, 114.223
23221, 114.231
23222, 114.264
23223, 114.273
23224, 114.283
23225, 114.317
23226, 114.324
23227, 114.341
23228, 114.342
23229, 114.346
23230, 114.35
23231, 114.372
23232, 114.405
23233, 114.418
23234, 114.425
23235, 114.43
23236, 114.433
23237, 114.433
23238, 114.44
23239, 114.442
23240, 114.443
23241, 114.443
23242, 114.444
23243, 114.452
23244, 114.505
23245, 114.508
23246, 114.524
23247, 114.528
23248, 114.534
23249, 114.535
23250, 114.537
23251, 114.562
23252, 114.571
23253, 114.575
23254, 114.589
23255, 114.602
23256, 114.633
23257, 114.649
23258, 114.653
23259, 114.671
23260, 114.676
23261, 114.677
23262, 114.677
23263, 114.68
23264, 114.706
23265, 114.707
23266, 114.723
23267, 114.745
23268, 114.748
23269, 114.756
23270, 114.768
23271, 114.774
23272, 114.775
23273, 114.804
23274, 114.806
23275, 114.807
23276, 114.808
23277, 114.81
23278, 114.819
23279, 114.843
23280, 114.851
23281, 114.852
23282, 114.854
23283, 114.856
23284, 114.856
23285, 114.871
23286, 114.882
23287, 114.886
23288, 114.912
23289, 114.924
23290, 114.93
23291, 114.972
23292, 114.974
23293, 114.978
23294, 114.983
23295, 114.984
23296, 114.986
23297, 114.996
23298, 114.998
23299, 115.003
23300, 115.007
23301, 115.016
23302, 115.031
23303, 115.057
23304, 115.062
23305, 115.067
23306, 115.077
23307, 115.085
23308, 115.102
23309, 115.129
23310, 115.154
23311, 115.156
23312, 115.164
23313, 115.165
23314, 115.214
23315, 115.223
23316, 115.236
23317, 115.246
23318, 115.259
23319, 115.264
23320, 115.271
23321, 115.285
23322, 115.292
23323, 115.301
23324, 115.312
23325, 115.329
23326, 115.335
23327, 115.342
23328, 115.362
23329, 115.367
23330, 115.37
23331, 115.422
23332, 115.44
23333, 115.446
23334, 115.449
23335, 115.465
23336, 115.476
23337, 115.481
23338, 115.488
23339, 115.49
23340, 115.496
23341, 115.519
23342, 115.534
23343, 115.552
23344, 115.557
23345, 115.557
23346, 115.562
23347, 115.562
23348, 115.57
23349, 115.595
23350, 115.595
23351, 115.611
23352, 115.631
23353, 115.682
23354, 115.707
23355, 115.747
23356, 115.795
23357, 115.8
23358, 115.817
23359, 115.83
23360, 115.838
23361, 115.85
23362, 115.859
23363, 115.871
23364, 115.878
23365, 115.88
23366, 115.896
23367, 115.917
23368, 115.921
23369, 115.924
23370, 115.933
23371, 115.936
23372, 115.972
23373, 115.988
23374, 116.007
23375, 116.036
23376, 116.072
23377, 116.076
23378, 116.086
23379, 116.091
23380, 116.093
23381, 116.099
23382, 116.114
23383, 116.121
23384, 116.126
23385, 116.169
23386, 116.172
23387, 116.183
23388, 116.184
23389, 116.187
23390, 116.192
23391, 116.216
23392, 116.223
23393, 116.229
23394, 116.261
23395, 116.27
23396, 116.272
23397, 116.284
23398, 116.305
23399, 116.314
23400, 116.318
23401, 116.326
23402, 116.327
23403, 116.328
23404, 116.331
23405, 116.335
23406, 116.367
23407, 116.384
23408, 116.389
23409, 116.392
23410, 116.395
23411, 116.422
23412, 116.455
23413, 116.508
23414, 116.518
23415, 116.555
23416, 116.56
23417, 116.569
23418, 116.576
23419, 116.58
23420, 116.588
23421, 116.601
23422, 116.626
23423, 116.626
23424, 116.626
23425, 116.644
23426, 116.657
23427, 116.672
23428, 116.696
23429, 116.704
23430, 116.754
23431, 116.768
23432, 116.777
23433, 116.781
23434, 116.791
23435, 116.806
23436, 116.823
23437, 116.843
23438, 116.886
23439, 116.892
23440, 116.899
23441, 116.909
23442, 116.949
23443, 116.95
23444, 116.966
23445, 116.968
23446, 116.978
23447, 117.005
23448, 117.007
23449, 117.025
23450, 117.044
23451, 117.099
23452, 117.112
23453, 117.122
23454, 117.158
23455, 117.165
23456, 117.2
23457, 117.221
23458, 117.239
23459, 117.244
23460, 117.251
23461, 117.262
23462, 117.267
23463, 117.271
23464, 117.279
23465, 117.285
23466, 117.309
23467, 117.34
23468, 117.341
23469, 117.377
23470, 117.386
23471, 117.398
23472, 117.419
23473, 117.423
23474, 117.425
23475, 117.429
23476, 117.433
23477, 117.437
23478, 117.457
23479, 117.462
23480, 117.471
23481, 117.482
23482, 117.482
23483, 117.545
23484, 117.55
23485, 117.552
23486, 117.56
23487, 117.598
23488, 117.608
23489, 117.614
23490, 117.616
23491, 117.627
23492, 117.656
23493, 117.661
23494, 117.673
23495, 117.68
23496, 117.683
23497, 117.685
23498, 117.687
23499, 117.704
23500, 117.709
23501, 117.717
23502, 117.722
23503, 117.725
23504, 117.774
23505, 117.777
23506, 117.778
23507, 117.792
23508, 117.8
23509, 117.83
23510, 117.859
23511, 117.897
23512, 117.902
23513, 117.915
23514, 117.916
23515, 117.925
23516, 117.942
23517, 117.987
23518, 117.996
23519, 118.001
23520, 118.002
23521, 118.014
23522, 118.027
23523, 118.081
23524, 118.105
23525, 118.139
23526, 118.158
23527, 118.167
23528, 118.171
23529, 118.173
23530, 118.198
23531, 118.204
23532, 118.209
23533, 118.228
23534, 118.241
23535, 118.251
23536, 118.319
23537, 118.322
23538, 118.325
23539, 118.34
23540, 118.357
23541, 118.362
23542, 118.366
23543, 118.382
23544, 118.383
23545, 118.386
23546, 118.395
23547, 118.401
23548, 118.417
23549, 118.436
23550, 118.458
23551, 118.473
23552, 118.484
23553, 118.533
23554, 118.544
23555, 118.549
23556, 118.568
23557, 118.569
23558, 118.576
23559, 118.6
23560, 118.613
23561, 118.625
23562, 118.631
23563, 118.681
23564, 118.681
23565, 118.689
23566, 118.695
23567, 118.743
23568, 118.763
23569, 118.766
23570, 118.778
23571, 118.803
23572, 118.803
23573, 118.819
23574, 118.842
23575, 118.85
23576, 118.86
23577, 118.864
23578, 118.866
23579, 118.871
23580, 118.876
23581, 118.899
23582, 118.906
23583, 118.922
23584, 118.974
23585, 118.975
23586, 119.006
23587, 119.018
23588, 119.036
23589, 119.053
23590, 119.063
23591, 119.118
23592, 119.119
23593, 119.124
23594, 119.126
23595, 119.129
23596, 119.13
23597, 119.175
23598, 119.175
23599, 119.177
23600, 119.193
23601, 119.207
23602, 119.218
23603, 119.225
23604, 119.273
23605, 119.284
23606, 119.288
23607, 119.324
23608, 119.329
23609, 119.336
23610, 119.345
23611, 119.376
23612, 119.386
23613, 119.408
23614, 119.412
23615, 119.429
23616, 119.43
23617, 119.444
23618, 119.454
23619, 119.458
23620, 119.465
23621, 119.497
23622, 119.52
23623, 119.533
23624, 119.543
23625, 119.547
23626, 119.555
23627, 119.562
23628, 119.613
23629, 119.621
23630, 119.626
23631, 119.644
23632, 119.699
23633, 119.709
23634, 119.722
23635, 119.727
23636, 119.74
23637, 119.756
23638, 119.761
23639, 119.762
23640, 119.818
23641, 119.86
23642, 119.928
23643, 119.962
23644, 119.971
23645, 119.975
23646, 119.982
23647, 120.009
23648, 120.021
23649, 120.041
23650, 120.057
23651, 120.081
23652, 120.084
23653, 120.1
23654, 120.103
23655, 120.119
23656, 120.132
23657, 120.14
23658, 120.188
23659, 120.199
23660, 120.208
23661, 120.21
23662, 120.219
23663, 120.24
23664, 120.245
23665, 120.258
23666, 120.35
23667, 120.375
23668, 120.382
23669, 120.433
23670, 120.435
23671, 120.447
23672, 120.449
23673, 120.466
23674, 120.468
23675, 120.475
23676, 120.554
23677, 120.561
23678, 120.572
23679, 120.586
23680, 120.613
23681, 120.617
23682, 120.624
23683, 120.65
23684, 120.651
23685, 120.653
23686, 120.661
23687, 120.664
23688, 120.679
23689, 120.704
23690, 120.705
23691, 120.71
23692, 120.777
23693, 120.805
23694, 120.848
23695, 120.861
23696, 120.866
23697, 121.003
23698, 121.005
23699, 121.039
23700, 121.04
23701, 121.097
23702, 121.101
23703, 121.121
23704, 121.137
23705, 121.171
23706, 121.185
23707, 121.211
23708, 121.216
23709, 121.237
23710, 121.293
23711, 121.295
23712, 121.33
23713, 121.366
23714, 121.374
23715, 121.379
23716, 121.396
23717, 121.413
23718, 121.432
23719, 121.438
23720, 121.459
23721, 121.466
23722, 121.478
23723, 121.496
23724, 121.501
23725, 121.51
23726, 121.514
23727, 121.536
23728, 121.553
23729, 121.557
23730, 121.564
23731, 121.571
23732, 121.629
23733, 121.644
23734, 121.672
23735, 121.678
23736, 121.739
23737, 121.752
23738, 121.799
23739, 121.804
23740, 121.92
23741, 121.922
23742, 121.934
23743, 121.953
23744, 121.966
23745, 121.986
23746, 121.991
23747, 122.005
23748, 122.053
23749, 122.078
23750, 122.105
23751, 122.128
23752, 122.135
23753, 122.138
23754, 122.156
23755, 122.184
23756, 122.186
23757, 122.206
23758, 122.223
23759, 122.261
23760, 122.268
23761, 122.289
23762, 122.299
23763, 122.34
23764, 122.344
23765, 122.36
23766, 122.404
23767, 122.415
23768, 122.519
23769, 122.528
23770, 122.589
23771, 122.606
23772, 122.627
23773, 122.734
23774, 122.748
23775, 122.755
23776, 122.761
23777, 122.767
23778, 122.809
23779, 122.829
23780, 122.886
23781, 122.901
23782, 122.948
23783, 123.021
23784, 123.116
23785, 123.127
23786, 123.159
23787, 123.159
23788, 123.167
23789, 123.169
23790, 123.181
23791, 123.216
23792, 123.219
23793, 123.238
23794, 123.245
23795, 123.283
23796, 123.291
23797, 123.347
23798, 123.35
23799, 123.355
23800, 123.358
23801, 123.382
23802, 123.393
23803, 123.426
23804, 123.429
23805, 123.488
23806, 123.492
23807, 123.504
23808, 123.569
23809, 123.58
23810, 123.585
23811, 123.6
23812, 123.642
23813, 123.656
23814, 123.692
23815, 123.709
23816, 123.734
23817, 123.761
23818, 123.771
23819, 123.794
23820, 123.855
23821, 123.856
23822, 123.87
23823, 123.915
23824, 123.93
23825, 123.956
23826, 123.962
23827, 123.969
23828, 123.986
23829, 123.995
23830, 124.159
23831, 124.2
23832, 124.214
23833, 124.241
23834, 124.261
23835, 124.299
23836, 124.421
23837, 124.445
23838, 124.462
23839, 124.478
23840, 124.478
23841, 124.485
23842, 124.54
23843, 124.543
23844, 124.606
23845, 124.637
23846, 124.643
23847, 124.647
23848, 124.65
23849, 124.656
23850, 124.696
23851, 124.787
23852, 124.824
23853, 124.848
23854, 124.916
23855, 124.934
23856, 124.971
23857, 125.02
23858, 125.037
23859, 125.124
23860, 125.176
23861, 125.193
23862, 125.221
23863, 125.232
23864, 125.242
23865, 125.246
23866, 125.28
23867, 125.291
23868, 125.293
23869, 125.351
23870, 125.414
23871, 125.42
23872, 125.439
23873, 125.492
23874, 125.524
23875, 125.531
23876, 125.531
23877, 125.532
23878, 125.544
23879, 125.551
23880, 125.587
23881, 125.608
23882, 125.628
23883, 125.682
23884, 125.713
23885, 125.745
23886, 125.761
23887, 125.782
23888, 125.793
23889, 125.808
23890, 125.83
23891, 125.866
23892, 125.878
23893, 125.905
23894, 125.934
23895, 125.935
23896, 125.949
23897, 125.987
23898, 126.054
23899, 126.127
23900, 126.139
23901, 126.26
23902, 126.276
23903, 126.291
23904, 126.296
23905, 126.321
23906, 126.348
23907, 126.35
23908, 126.37
23909, 126.485
23910, 126.49
23911, 126.5
23912, 126.512
23913, 126.569
23914, 126.617
23915, 126.708
23916, 126.741
23917, 126.79
23918, 126.801
23919, 126.829
23920, 126.861
23921, 126.869
23922, 126.893
23923, 126.894
23924, 126.917
23925, 126.929
23926, 126.988
23927, 127.038
23928, 127.047
23929, 127.057
23930, 127.08
23931, 127.093
23932, 127.097
23933, 127.22
23934, 127.242
23935, 127.278
23936, 127.3
23937, 127.413
23938, 127.458
23939, 127.487
23940, 127.494
23941, 127.587
23942, 127.602
23943, 127.646
23944, 127.651
23945, 127.751
23946, 127.846
23947, 127.858
23948, 127.869
23949, 127.906
23950, 127.941
23951, 127.942
23952, 128.036
23953, 128.082
23954, 128.086
23955, 128.095
23956, 128.133
23957, 128.137
23958, 128.146
23959, 128.148
23960, 128.178
23961, 128.198
23962, 128.252
23963, 128.303
23964, 128.312
23965, 128.342
23966, 128.365
23967, 128.4
23968, 128.462
23969, 128.467
23970, 128.475
23971, 128.478
23972, 128.541
23973, 128.553
23974, 128.649
23975, 128.738
23976, 128.759
23977, 128.77
23978, 128.79
23979, 128.814
23980, 128.817
23981, 128.866
23982, 128.885
23983, 128.905
23984, 128.964
23985, 129.043
23986, 129.051
23987, 129.068
23988, 129.268
23989, 129.317
23990, 129.337
23991, 129.351
23992, 129.4
23993, 129.415
23994, 129.449
23995, 129.551
23996, 129.574
23997, 129.597
23998, 129.637
23999, 129.687
24000, 129.695
24001, 129.696
24002, 129.864
24003, 129.891
24004, 129.917
24005, 129.922
24006, 129.972
24007, 129.993
24008, 130.093
24009, 130.141
24010, 130.227
24011, 130.241
24012, 130.256
24013, 130.281
24014, 130.292
24015, 130.317
24016, 130.334
24017, 130.382
24018, 130.383
24019, 130.394
24020, 130.483
24021, 130.5
24022, 130.518
24023, 130.541
24024, 130.541
24025, 130.567
24026, 130.584
24027, 130.603
24028, 130.62
24029, 130.626
24030, 130.932
24031, 131.041
24032, 131.127
24033, 131.139
24034, 131.193
24035, 131.217
24036, 131.249
24037, 131.266
24038, 131.346
24039, 131.348
24040, 131.369
24041, 131.379
24042, 131.415
24043, 131.475
24044, 131.54
24045, 131.57
24046, 131.591
24047, 131.625
24048, 131.68
24049, 131.697
24050, 131.719
24051, 131.753
24052, 131.785
24053, 131.84
24054, 131.869
24055, 131.916
24056, 131.977
24057, 132.107
24058, 132.129
24059, 132.216
24060, 132.229
24061, 132.388
24062, 132.389
24063, 132.585
24064, 132.717
24065, 132.735
24066, 132.761
24067, 132.824
24068, 132.835
24069, 132.982
24070, 133.001
24071, 133.004
24072, 133.015
24073, 133.045
24074, 133.121
24075, 133.146
24076, 133.203
24077, 133.339
24078, 133.459
24079, 133.47
24080, 133.481
24081, 133.558
24082, 133.559
24083, 133.588
24084, 133.607
24085, 133.64
24086, 133.674
24087, 133.78
24088, 133.792
24089, 133.884
24090, 133.896
24091, 133.976
24092, 134.013
24093, 134.064
24094, 134.147
24095, 134.164
24096, 134.292
24097, 134.344
24098, 134.357
24099, 134.364
24100, 134.386
24101, 134.405
24102, 134.467
24103, 134.553
24104, 134.568
24105, 134.638
24106, 134.721
24107, 134.952
24108, 134.971
24109, 134.989
24110, 135.012
24111, 135.021
24112, 135.119
24113, 135.158
24114, 135.159
24115, 135.172
24116, 135.181
24117, 135.245
24118, 135.306
24119, 135.335
24120, 135.382
24121, 135.526
24122, 135.582
24123, 135.586
24124, 135.692
24125, 135.792
24126, 135.8
24127, 135.912
24128, 135.96
24129, 135.963
24130, 136.125
24131, 136.134
24132, 136.169
24133, 136.185
24134, 136.262
24135, 136.363
24136, 136.372
24137, 136.571
24138, 136.615
24139, 136.689
24140, 136.777
24141, 136.796
24142, 136.834
24143, 136.857
24144, 136.96
24145, 137.037
24146, 137.05
24147, 137.064
24148, 137.22
24149, 137.337
24150, 137.403
24151, 137.445
24152, 137.599
24153, 137.848
24154, 137.886
24155, 138.073
24156, 138.083
24157, 138.138
24158, 138.211
24159, 138.254
24160, 138.263
24161, 138.277
24162, 138.386
24163, 138.652
24164, 138.672
24165, 138.676
24166, 138.69
24167, 138.733
24168, 138.792
24169, 138.895
24170, 138.942
24171, 138.957
24172, 139.009
24173, 139.01
24174, 139.029
24175, 139.071
24176, 139.255
24177, 139.261
24178, 139.359
24179, 139.401
24180, 139.409
24181, 139.616
24182, 139.631
24183, 139.692
24184, 139.789
24185, 140.012
24186, 140.122
24187, 140.165
24188, 140.192
24189, 140.222
24190, 140.29
24191, 140.368
24192, 140.528
24193, 140.66
24194, 140.666
24195, 140.736
24196, 140.773
24197, 140.784
24198, 140.841
24199, 141.101
24200, 141.112
24201, 141.119
24202, 141.204
24203, 141.264
24204, 141.341
24205, 141.396
24206, 141.421
24207, 141.484
24208, 141.491
24209, 141.569
24210, 141.694
24211, 141.959
24212, 141.988
24213, 142.143
24214, 142.293
24215, 142.398
24216, 142.401
24217, 142.74
24218, 142.831
24219, 142.871
24220, 142.935
24221, 142.935
24222, 143.084
24223, 143.092
24224, 143.164
24225, 143.193
24226, 143.205
24227, 143.358
24228, 143.366
24229, 143.431
24230, 143.455
24231, 143.582
24232, 143.612
24233, 143.63
24234, 144.286
24235, 144.556
24236, 144.617
24237, 144.666
24238, 144.676
24239, 144.781
24240, 144.859
24241, 145.29
24242, 145.366
24243, 145.385
24244, 145.388
24245, 145.392
24246, 145.409
24247, 145.497
24248, 145.677
24249, 145.751
24250, 145.831
24251, 146.104
24252, 146.129
24253, 146.168
24254, 146.301
24255, 146.46
24256, 146.478
24257, 146.517
24258, 146.531
24259, 146.56
24260, 146.589
24261, 146.61
24262, 146.638
24263, 146.826
24264, 146.834
24265, 147.036
24266, 147.153
24267, 147.469
24268, 147.491
24269, 147.624
24270, 147.694
24271, 147.981
24272, 148.077
24273, 148.119
24274, 148.149
24275, 148.184
24276, 148.425
24277, 148.54
24278, 148.586
24279, 148.65
24280, 148.737
24281, 148.843
24282, 148.879
24283, 148.975
24284, 148.981
24285, 149.061
24286, 149.131
24287, 149.223
24288, 149.23
24289, 149.264
24290, 149.502
24291, 149.559
24292, 149.59
24293, 149.61
24294, 149.975
24295, 149.994
24296, 150.08
24297, 150.158
24298, 150.307
24299, 150.317
24300, 150.364
24301, 150.418
24302, 150.437
24303, 150.537
24304, 150.605
24305, 150.633
24306, 150.654
24307, 150.695
24308, 150.842
24309, 150.865
24310, 150.869
24311, 151.042
24312, 151.116
24313, 151.406
24314, 151.536
24315, 151.613
24316, 151.668
24317, 151.707
24318, 151.793
24319, 151.858
24320, 151.884
24321, 151.963
24322, 152.304
24323, 152.317
24324, 152.388
24325, 152.391
24326, 152.472
24327, 152.539
24328, 152.545
24329, 152.576
24330, 152.768
24331, 152.787
24332, 152.827
24333, 152.878
24334, 152.975
24335, 153.104
24336, 153.149
24337, 153.374
24338, 153.388
24339, 153.53
24340, 153.624
24341, 153.742
24342, 153.775
24343, 153.816
24344, 153.914
24345, 154.006
24346, 154.047
24347, 154.173
24348, 154.289
24349, 154.61
24350, 154.671
24351, 154.743
24352, 154.781
24353, 155.055
24354, 155.246
24355, 155.269
24356, 155.27
24357, 155.288
24358, 155.34
24359, 155.377
24360, 155.502
24361, 155.743
24362, 155.777
24363, 155.828
24364, 155.962
24365, 156.095
24366, 156.16
24367, 156.167
24368, 156.306
24369, 156.46
24370, 156.769
24371, 156.859
24372, 156.94
24373, 157.057
24374, 157.318
24375, 157.384
24376, 157.558
24377, 157.626
24378, 157.68
24379, 157.779
24380, 157.847
24381, 158.266
24382, 158.337
24383, 158.478
24384, 158.484
24385, 158.495
24386, 158.544
24387, 158.778
24388, 158.792
24389, 158.801
24390, 158.936
24391, 159.033
24392, 159.058
24393, 159.093
24394, 159.264
24395, 159.38
24396, 159.475
24397, 159.479
24398, 159.708
24399, 160.217
24400, 160.374
24401, 160.559
24402, 160.641
24403, 160.694
24404, 160.753
24405, 160.774
24406, 160.8
24407, 160.829
24408, 161.006
24409, 161.035
24410, 161.054
24411, 161.584
24412, 161.882
24413, 162.194
24414, 162.331
24415, 162.523
24416, 162.669
24417, 162.77
24418, 162.844
24419, 162.911
24420, 163.506
24421, 163.53
24422, 163.608
24423, 163.764
24424, 163.776
24425, 163.869
24426, 164.162
24427, 164.171
24428, 164.258
24429, 164.295
24430, 164.532
24431, 164.541
24432, 164.783
24433, 164.941
24434, 165.004
24435, 165.031
24436, 165.051
24437, 165.146
24438, 165.6
24439, 165.633
24440, 165.761
24441, 165.836
24442, 166.134
24443, 166.138
24444, 166.147
24445, 166.162
24446, 166.209
24447, 166.36
24448, 166.458
24449, 166.469
24450, 166.478
24451, 166.498
24452, 166.523
24453, 166.593
24454, 166.765
24455, 166.982
24456, 167.07
24457, 167.302
24458, 167.39
24459, 167.49
24460, 167.797
24461, 167.856
24462, 168.06
24463, 168.103
24464, 168.351
24465, 168.434
24466, 168.682
24467, 168.707
24468, 168.775
24469, 168.876
24470, 169.426
24471, 169.794
24472, 169.826
24473, 169.879
24474, 170.117
24475, 170.159
24476, 170.449
24477, 170.542
24478, 170.662
24479, 170.751
24480, 170.784
24481, 171.119
24482, 171.147
24483, 171.459
24484, 171.525
24485, 171.55
24486, 171.654
24487, 171.786
24488, 172.009
24489, 172.016
24490, 172.454
24491, 172.46
24492, 172.762
24493, 172.847
24494, 172.931
24495, 172.94
24496, 173.199
24497, 173.528
24498, 173.799
24499, 173.984
24500, 174.041
24501, 174.111
24502, 174.211
24503, 174.306
24504, 174.321
24505, 174.652
24506, 174.67
24507, 174.884
24508, 175.14
24509, 175.435
24510, 175.467
24511, 175.477
24512, 175.755
24513, 175.971
24514, 176.093
24515, 176.102
24516, 176.427
24517, 176.444
24518, 176.497
24519, 176.689
24520, 176.786
24521, 176.79
24522, 177.039
24523, 177.216
24524, 177.438
24525, 177.597
24526, 177.709
24527, 177.758
24528, 178.042
24529, 178.17
24530, 178.293
24531, 178.363
24532, 178.37
24533, 178.487
24534, 178.628
24535, 178.858
24536, 178.891
24537, 179.131
24538, 179.925
24539, 179.976
24540, 180.661
24541, 180.792
24542, 180.997
24543, 181.352
24544, 181.414
24545, 181.442
24546, 181.505
24547, 181.539
24548, 181.608
24549, 181.61
24550, 181.681
24551, 181.765
24552, 181.844
24553, 181.851
24554, 181.874
24555, 182.008
24556, 182.062
24557, 182.091
24558, 182.491
24559, 182.614
24560, 182.75
24561, 183.513
24562, 184.323
24563, 184.672
24564, 184.934
24565, 185.258
24566, 186.057
24567, 186.094
24568, 186.175
24569, 186.287
24570, 186.673
24571, 186.928
24572, 187.025
24573, 187.234
24574, 187.3
24575, 187.477
24576, 187.562
24577, 187.572
24578, 187.94
24579, 188.385
24580, 188.452
24581, 188.565
24582, 188.667
24583, 188.769
24584, 188.875
24585, 189.872
24586, 189.914
24587, 189.925
24588, 190.012
24589, 190.987
24590, 191.143
24591, 191.294
24592, 191.435
24593, 191.738
24594, 192.49
24595, 192.946
24596, 193.256
24597, 193.378
24598, 193.581
24599, 193.949
24600, 194.048
24601, 194.264
24602, 194.372
24603, 194.464
24604, 194.834
24605, 195.039
24606, 195.109
24607, 195.389
24608, 195.829
24609, 196.572
24610, 196.798
24611, 197.007
24612, 197.312
24613, 197.315
24614, 197.318
24615, 197.359
24616, 197.519
24617, 197.643
24618, 197.671
24619, 197.778
24620, 198.362
24621, 198.556
24622, 198.917
24623, 199.132
24624, 199.16
24625, 199.226
24626, 199.842
24627, 200.042
24628, 200.136
24629, 200.265
24630, 200.793
24631, 200.802
24632, 201.304
24633, 201.343
24634, 201.801
24635, 202.365
24636, 202.8
24637, 203.507
24638, 203.641
24639, 204.062
24640, 204.188
24641, 204.296
24642, 204.686
24643, 205.09
24644, 205.657
24645, 206.048
24646, 206.104
24647, 206.522
24648, 206.667
24649, 206.774
24650, 207.353
24651, 207.762
24652, 208.192
24653, 208.23
24654, 208.613
24655, 208.843
24656, 208.951
24657, 209.605
24658, 209.731
24659, 209.932
24660, 210.405
24661, 211.53
24662, 212.847
24663, 213.116
24664, 213.376
24665, 213.437
24666, 213.856
24667, 213.877
24668, 214.104
24669, 214.117
24670, 214.76
24671, 215.057
24672, 215.698
24673, 216.01
24674, 216.459
24675, 216.835
24676, 217.037
24677, 217.098
24678, 217.179
24679, 217.196
24680, 217.214
24681, 217.447
24682, 217.454
24683, 217.927
24684, 218.124
24685, 218.362
24686, 218.828
24687, 220.807
24688, 221.358
24689, 221.44
24690, 222.408
24691, 222.535
24692, 222.872
24693, 223.196
24694, 224.806
24695, 224.847
24696, 224.881
24697, 225.162
24698, 225.179
24699, 225.786
24700, 225.842
24701, 225.952
24702, 226.041
24703, 226.078
24704, 226.339
24705, 226.48
24706, 226.531
24707, 226.825
24708, 226.94
24709, 227.277
24710, 227.509
24711, 228.343
24712, 229.076
24713, 229.578
24714, 229.611
24715, 229.638
24716, 229.651
24717, 230.139
24718, 230.209
24719, 230.773
24720, 231.254
24721, 231.775
24722, 232.1
24723, 232.103
24724, 232.386
24725, 232.881
24726, 233.389
24727, 233.667
24728, 233.696
24729, 235.066
24730, 235.084
24731, 235.67
24732, 236.167
24733, 236.247
24734, 236.249
24735, 236.649
24736, 236.652
24737, 236.768
24738, 237.41
24739, 237.749
24740, 238.887
24741, 239.832
24742, 239.884
24743, 240.368
24744, 240.4
24745, 240.51
24746, 240.541
24747, 240.759
24748, 240.973
24749, 241.367
24750, 242.106
24751, 242.455
24752, 243.573
24753, 243.63
24754, 243.969
24755, 244.018
24756, 244.132
24757, 244.158
24758, 244.41
24759, 244.497
24760, 244.902
24761, 246.227
24762, 246.277
24763, 247.148
24764, 247.416
24765, 247.475
24766, 248.308
24767, 248.805
24768, 249.476
24769, 249.934
24770, 250.026
24771, 250.613
24772, 250.804
24773, 253.627
24774, 253.878
24775, 254.214
24776, 254.576
24777, 254.876
24778, 255.188
24779, 255.415
24780, 257.453
24781, 258.317
24782, 258.692
24783, 258.921
24784, 259.64
24785, 260.149
24786, 260.18
24787, 260.591
24788, 262.42
24789, 263.766
24790, 263.936
24791, 264.915
24792, 265.062
24793, 265.379
24794, 267.471
24795, 268.031
24796, 268.911
24797, 268.969
24798, 270.863
24799, 271.242
24800, 273.096
24801, 273.703
24802, 273.714
24803, 275.435
24804, 276.216
24805, 276.638
24806, 276.976
24807, 277.585
24808, 277.984
24809, 278.502
24810, 278.874
24811, 279.044
24812, 280.275
24813, 280.999
24814, 283.263
24815, 284.286
24816, 285.478
24817, 285.67
24818, 285.891
24819, 286.807
24820, 287.817
24821, 289.418
24822, 289.475
24823, 289.652
24824, 289.756
24825, 290.975
24826, 291.704
24827, 294.834
24828, 295.059
24829, 296.179
24830, 297.509
24831, 297.529
24832, 297.901
24833, 298.002
24834, 299.23
24835, 300.295
24836, 302.446
24837, 302.763
24838, 302.777
24839, 303.067
24840, 304.552
24841, 305.976
24842, 306.532
24843, 307.973
24844, 311.14
24845, 311.554
24846, 313.132
24847, 313.597
24848, 314.142
24849, 314.734
24850, 315.245
24851, 315.496
24852, 316.069
24853, 318.763
24854, 320.582
24855, 320.616
24856, 321.293
24857, 321.301
24858, 321.844
24859, 321.869
24860, 323.457
24861, 324.644
24862, 324.974
24863, 327.273
24864, 327.836
24865, 327.891
24866, 328.719
24867, 330.978
24868, 330.979
24869, 331.617
24870, 333.289
24871, 335.171
24872, 335.989
24873, 336.167
24874, 336.267
24875, 338.578
24876, 340.238
24877, 340.472
24878, 340.851
24879, 342.066
24880, 342.124
24881, 342.394
24882, 342.56
24883, 343.896
24884, 345.862
24885, 346.687
24886, 347.191
24887, 348.516
24888, 355.674
24889, 359.73
24890, 361.09
24891, 368.245
24892, 368.326
24893, 368.351
24894, 369.113
24895, 370.028
24896, 371.989
24897, 377.723
24898, 378.518
24899, 380.323
24900, 380.742
24901, 382.659
24902, 385.792
24903, 388.37
24904, 390.236
24905, 392.339
24906, 393.168
24907, 394.656
24908, 395.597
24909, 395.818
24910, 396.669
24911, 398.387
24912, 399.327
24913, 404.598
24914, 404.988
24915, 408.877
24916, 409.202
24917, 414.431
24918, 417.592
24919, 422.247
24920, 423.351
24921, 423.704
24922, 424.33
24923, 424.788
24924, 427.074
24925, 429.514
24926, 438.598
24927, 444.818
24928, 445.939
24929, 446.129
24930, 450.179
24931, 453.672
24932, 457.76
24933, 458.863
24934, 463.146
24935, 464.115
24936, 466.995
24937, 468.669
24938, 471.314
24939, 475.287
24940, 478.221
24941, 478.662
24942, 481.585
24943, 487.355
24944, 492.277
24945, 495.126
24946, 500.924
24947, 509.362
24948, 516.078
24949, 520.827
24950, 542.572
24951, 542.941
24952, 544.905
24953, 553.253
24954, 553.965
24955, 557.626
24956, 558.398
24957, 564.736
24958, 569.594
24959, 580.941
24960, 587.1
24961, 597.838
24962, 607.152
24963, 615.474
24964, 618.638
24965, 622.52
24966, 625.456
24967, 634.632
24968, 644.871
24969, 660.517
24970, 660.605
24971, 663.185
24972, 664.263
24973, 676.258
24974, 731.531
24975, 732.199
24976, 859.631
24977, 861.625
24978, 876.925
24979, 896.744
24980, 910.347
24981, 911.567
24982, 975.259
24983, 1025.31
24984, 1028.67
24985, 1087.52
24986, 1089.62
24987, 1133.69
24988, 1167.06
24989, 1196.97
24990, 1213.98
24991, 1301.37
24992, 1304.15
24993, 1377.91
24994, 1411.11
24995, 1671.87
24996, 1710.35
24997, 1866.62
---------------------------------------------------------------------------------------
 #bytes #iterations    t_min[usec]    t_max[usec]  t_typical[usec]    t_avg[usec]    t_stdev[usec]   99% percentile[usec]   99.9% percentile[usec] 
 65536   25000          18.08          2174.00      40.21    	       62.31       	59.11  		241.37  		731.53 
---------------------------------------------------------------------------------------
