Conflicting CPU frequency values detected: 785.084000 != 2100.000000. CPU Frequency is not max.
Conflicting CPU frequency values detected: 788.347000 != 2100.000000. CPU Frequency is not max.
Disabling dynamic polling
---------------------------------------------------------------------------------------
                    RDMA_Write Latency Test
 Dual-port       : OFF		Device         : mlx5_10
 Number of qps   : 1		Transport type : IB
 Connection type : RC		Using SRQ      : OFF
 PCIe relax order: OFF		Lock-free      : OFF
 ibv_wr* API     : ON		Using Enhanced Reorder      : OFF
 TX depth        : 1
 Mtu             : 1024[B]
 Link type       : Ethernet
 GID index       : 3
 Max inline data : 220[B]
 rdma_cm QPs	 : OFF
 Data ex. method : Ethernet
---------------------------------------------------------------------------------------
 local address: LID 0000 QPN 0x01ea PSN 0xdc9efe RKey 0x04d100 VAddr 0x007f61871c4000
 GID: 00:00:00:00:00:00:00:00:00:00:255:255:10:01:04:01
 remote address: LID 0000 QPN 0x020e PSN 0xcff086 RKey 0x04d100 VAddr 0x007f0982513000
 GID: 00:00:00:00:00:00:00:00:00:00:255:255:10:01:04:02
---------------------------------------------------------------------------------------
 #bytes #iterations    t_min[usec]    t_max[usec]  t_typical[usec]    t_avg[usec]    t_stdev[usec]   99% percentile[usec]   99.9% percentile[usec] 
#, usec
1, 13.8002
2, 13.8288
3, 13.8707
4, 13.8716
5, 13.9126
6, 13.9545
7, 13.9669
8, 13.9721
9, 13.9759
10, 13.9874
11, 14.0012
12, 14.0269
13, 14.044
14, 14.0521
15, 14.0578
16, 14.0578
17, 14.0583
18, 14.0616
19, 14.0616
20, 14.0645
21, 14.0731
22, 14.0807
23, 14.0912
24, 14.0978
25, 14.1021
26, 14.1069
27, 14.1088
28, 14.1164
29, 14.1235
30, 14.1269
31, 14.1273
32, 14.1388
33, 14.1445
34, 14.1507
35, 14.154
36, 14.1545
37, 14.1545
38, 14.1621
39, 14.1693
40, 14.1702
41, 14.1716
42, 14.1731
43, 14.1802
44, 14.1802
45, 14.1802
46, 14.1897
47, 14.1897
48, 14.1993
49, 14.2002
50, 14.2031
51, 14.2031
52, 14.2083
53, 14.214
54, 14.2197
55, 14.2212
56, 14.2278
57, 14.2293
58, 14.2335
59, 14.2383
60, 14.2407
61, 14.2431
62, 14.2497
63, 14.2497
64, 14.2545
65, 14.2592
66, 14.2621
67, 14.2631
68, 14.2631
69, 14.2635
70, 14.2645
71, 14.2726
72, 14.2735
73, 14.2745
74, 14.2773
75, 14.2826
76, 14.2859
77, 14.2888
78, 14.2912
79, 14.2912
80, 14.2921
81, 14.2935
82, 14.295
83, 14.2954
84, 14.2997
85, 14.3097
86, 14.3135
87, 14.3178
88, 14.3212
89, 14.324
90, 14.3245
91, 14.3264
92, 14.3292
93, 14.3297
94, 14.3312
95, 14.3312
96, 14.3345
97, 14.3359
98, 14.3502
99, 14.3507
100, 14.3535
101, 14.3573
102, 14.3597
103, 14.3673
104, 14.3688
105, 14.3702
106, 14.3783
107, 14.3788
108, 14.3869
109, 14.3873
110, 14.3878
111, 14.3912
112, 14.3954
113, 14.4007
114, 14.4021
115, 14.4083
116, 14.4088
117, 14.4092
118, 14.4116
119, 14.4207
120, 14.4221
121, 14.424
122, 14.4278
123, 14.4297
124, 14.4312
125, 14.4335
126, 14.434
127, 14.4397
128, 14.444
129, 14.4459
130, 14.4459
131, 14.4469
132, 14.4492
133, 14.4507
134, 14.4512
135, 14.4521
136, 14.4521
137, 14.4531
138, 14.454
139, 14.455
140, 14.455
141, 14.4554
142, 14.4559
143, 14.4569
144, 14.4578
145, 14.4588
146, 14.4612
147, 14.4616
148, 14.4626
149, 14.465
150, 14.4669
151, 14.4716
152, 14.4735
153, 14.4759
154, 14.4769
155, 14.4778
156, 14.4816
157, 14.4821
158, 14.4859
159, 14.4864
160, 14.4869
161, 14.4916
162, 14.4926
163, 14.4978
164, 14.4997
165, 14.5031
166, 14.5035
167, 14.5054
168, 14.5069
169, 14.5116
170, 14.5116
171, 14.5121
172, 14.5145
173, 14.5145
174, 14.5183
175, 14.5197
176, 14.5202
177, 14.5207
178, 14.5207
179, 14.5211
180, 14.5231
181, 14.525
182, 14.525
183, 14.5259
184, 14.5283
185, 14.5302
186, 14.5316
187, 14.5321
188, 14.5326
189, 14.5326
190, 14.5335
191, 14.5359
192, 14.5378
193, 14.5407
194, 14.5407
195, 14.5411
196, 14.5416
197, 14.5416
198, 14.5431
199, 14.5431
200, 14.5431
201, 14.544
202, 14.544
203, 14.5478
204, 14.5488
205, 14.5507
206, 14.5521
207, 14.5535
208, 14.5535
209, 14.5545
210, 14.555
211, 14.5569
212, 14.5578
213, 14.5592
214, 14.5607
215, 14.5611
216, 14.5626
217, 14.5688
218, 14.5697
219, 14.5702
220, 14.5702
221, 14.5707
222, 14.5726
223, 14.5731
224, 14.5735
225, 14.5769
226, 14.5807
227, 14.5831
228, 14.5845
229, 14.585
230, 14.5854
231, 14.5873
232, 14.5873
233, 14.5888
234, 14.5892
235, 14.5916
236, 14.5916
237, 14.5916
238, 14.5969
239, 14.5973
240, 14.5973
241, 14.6007
242, 14.6007
243, 14.6031
244, 14.6035
245, 14.605
246, 14.6078
247, 14.6083
248, 14.6092
249, 14.6097
250, 14.6116
251, 14.6116
252, 14.6121
253, 14.6126
254, 14.6131
255, 14.6131
256, 14.614
257, 14.6164
258, 14.6169
259, 14.6202
260, 14.6216
261, 14.6235
262, 14.624
263, 14.624
264, 14.625
265, 14.6254
266, 14.6264
267, 14.6278
268, 14.6307
269, 14.6316
270, 14.6326
271, 14.6331
272, 14.634
273, 14.6397
274, 14.6421
275, 14.6426
276, 14.644
277, 14.6445
278, 14.6459
279, 14.6478
280, 14.6483
281, 14.6488
282, 14.6492
283, 14.6502
284, 14.6502
285, 14.6535
286, 14.6545
287, 14.6554
288, 14.6578
289, 14.6597
290, 14.6611
291, 14.6611
292, 14.6626
293, 14.6631
294, 14.664
295, 14.6654
296, 14.6664
297, 14.6678
298, 14.6683
299, 14.6688
300, 14.6692
301, 14.6721
302, 14.6731
303, 14.6754
304, 14.6759
305, 14.6764
306, 14.6788
307, 14.6788
308, 14.6797
309, 14.6802
310, 14.6802
311, 14.6821
312, 14.6835
313, 14.6854
314, 14.6883
315, 14.6897
316, 14.6902
317, 14.6916
318, 14.6921
319, 14.6926
320, 14.6959
321, 14.6964
322, 14.6978
323, 14.6983
324, 14.6983
325, 14.6992
326, 14.7007
327, 14.7016
328, 14.7016
329, 14.7026
330, 14.7031
331, 14.7059
332, 14.7064
333, 14.7064
334, 14.7102
335, 14.7111
336, 14.7121
337, 14.7169
338, 14.7169
339, 14.7178
340, 14.7192
341, 14.7211
342, 14.7245
343, 14.725
344, 14.7254
345, 14.7269
346, 14.7278
347, 14.7283
348, 14.7288
349, 14.7288
350, 14.7292
351, 14.7297
352, 14.7302
353, 14.7326
354, 14.7331
355, 14.734
356, 14.735
357, 14.7359
358, 14.7388
359, 14.7392
360, 14.7402
361, 14.7421
362, 14.7426
363, 14.7445
364, 14.745
365, 14.7459
366, 14.7478
367, 14.7478
368, 14.7483
369, 14.7488
370, 14.7502
371, 14.7516
372, 14.7521
373, 14.753
374, 14.7535
375, 14.754
376, 14.7554
377, 14.7564
378, 14.7578
379, 14.7588
380, 14.7588
381, 14.7635
382, 14.7645
383, 14.765
384, 14.765
385, 14.7654
386, 14.7678
387, 14.7678
388, 14.7688
389, 14.7702
390, 14.7711
391, 14.7711
392, 14.7726
393, 14.7726
394, 14.773
395, 14.773
396, 14.7745
397, 14.7754
398, 14.7764
399, 14.7769
400, 14.7769
401, 14.7769
402, 14.7797
403, 14.7802
404, 14.7802
405, 14.785
406, 14.7854
407, 14.7859
408, 14.7911
409, 14.7916
410, 14.7945
411, 14.7954
412, 14.7959
413, 14.7973
414, 14.7983
415, 14.7997
416, 14.8011
417, 14.8016
418, 14.803
419, 14.804
420, 14.804
421, 14.8045
422, 14.805
423, 14.8069
424, 14.8078
425, 14.8092
426, 14.8102
427, 14.8121
428, 14.8126
429, 14.813
430, 14.8154
431, 14.8183
432, 14.8183
433, 14.8197
434, 14.8202
435, 14.8202
436, 14.8207
437, 14.8216
438, 14.8226
439, 14.8226
440, 14.825
441, 14.8254
442, 14.8259
443, 14.8259
444, 14.8269
445, 14.8269
446, 14.8321
447, 14.8326
448, 14.8326
449, 14.833
450, 14.835
451, 14.8354
452, 14.8373
453, 14.8416
454, 14.8416
455, 14.8426
456, 14.8426
457, 14.8435
458, 14.844
459, 14.8454
460, 14.8469
461, 14.8473
462, 14.8473
463, 14.8478
464, 14.8483
465, 14.8492
466, 14.8502
467, 14.8516
468, 14.8535
469, 14.854
470, 14.8545
471, 14.855
472, 14.8554
473, 14.8559
474, 14.8573
475, 14.8578
476, 14.8583
477, 14.8588
478, 14.8597
479, 14.8597
480, 14.8602
481, 14.8616
482, 14.8616
483, 14.8616
484, 14.864
485, 14.864
486, 14.865
487, 14.865
488, 14.865
489, 14.8654
490, 14.8659
491, 14.8659
492, 14.8664
493, 14.8664
494, 14.8673
495, 14.8697
496, 14.8711
497, 14.8721
498, 14.874
499, 14.874
500, 14.8745
501, 14.8769
502, 14.8773
503, 14.8788
504, 14.8802
505, 14.8811
506, 14.8821
507, 14.883
508, 14.883
509, 14.884
510, 14.885
511, 14.8854
512, 14.8864
513, 14.8869
514, 14.8878
515, 14.8916
516, 14.8921
517, 14.8926
518, 14.8926
519, 14.894
520, 14.894
521, 14.8964
522, 14.8978
523, 14.8983
524, 14.8988
525, 14.9002
526, 14.9011
527, 14.9011
528, 14.9026
529, 14.9035
530, 14.9069
531, 14.9092
532, 14.9126
533, 14.9126
534, 14.915
535, 14.915
536, 14.9159
537, 14.9164
538, 14.9169
539, 14.9183
540, 14.9188
541, 14.9188
542, 14.9197
543, 14.9226
544, 14.9226
545, 14.9245
546, 14.9245
547, 14.9269
548, 14.9278
549, 14.9311
550, 14.9311
551, 14.9316
552, 14.9316
553, 14.9316
554, 14.9321
555, 14.933
556, 14.934
557, 14.934
558, 14.9345
559, 14.9359
560, 14.9359
561, 14.9416
562, 14.9416
563, 14.9426
564, 14.943
565, 14.9445
566, 14.945
567, 14.9459
568, 14.9469
569, 14.9483
570, 14.9511
571, 14.9526
572, 14.954
573, 14.9545
574, 14.955
575, 14.9554
576, 14.9554
577, 14.9559
578, 14.9569
579, 14.9592
580, 14.9607
581, 14.9607
582, 14.9607
583, 14.9611
584, 14.963
585, 14.9635
586, 14.964
587, 14.965
588, 14.9669
589, 14.9707
590, 14.974
591, 14.9745
592, 14.9754
593, 14.9754
594, 14.9764
595, 14.9769
596, 14.9778
597, 14.9802
598, 14.9826
599, 14.983
600, 14.984
601, 14.984
602, 14.9854
603, 14.9864
604, 14.9888
605, 14.9888
606, 14.9897
607, 14.9897
608, 14.9911
609, 14.9926
610, 14.995
611, 14.9954
612, 14.9964
613, 14.9988
614, 15.0016
615, 15.0016
616, 15.0021
617, 15.0035
618, 15.004
619, 15.004
620, 15.0049
621, 15.0054
622, 15.0054
623, 15.0054
624, 15.0059
625, 15.0059
626, 15.0064
627, 15.0073
628, 15.0073
629, 15.0078
630, 15.0088
631, 15.0092
632, 15.0126
633, 15.0173
634, 15.0183
635, 15.0183
636, 15.0197
637, 15.0202
638, 15.0202
639, 15.0211
640, 15.0211
641, 15.0226
642, 15.024
643, 15.0264
644, 15.0269
645, 15.0269
646, 15.0273
647, 15.0288
648, 15.0302
649, 15.0311
650, 15.034
651, 15.0354
652, 15.0354
653, 15.0359
654, 15.0383
655, 15.0383
656, 15.0388
657, 15.0402
658, 15.0411
659, 15.0445
660, 15.0459
661, 15.0459
662, 15.0483
663, 15.0483
664, 15.0488
665, 15.0526
666, 15.0535
667, 15.0535
668, 15.0545
669, 15.0545
670, 15.0545
671, 15.0554
672, 15.0578
673, 15.0578
674, 15.0583
675, 15.0597
676, 15.0597
677, 15.0597
678, 15.0607
679, 15.0607
680, 15.0607
681, 15.0611
682, 15.0616
683, 15.0649
684, 15.0649
685, 15.0654
686, 15.0669
687, 15.0673
688, 15.0678
689, 15.0683
690, 15.0683
691, 15.0692
692, 15.0716
693, 15.0721
694, 15.073
695, 15.0754
696, 15.0754
697, 15.0788
698, 15.0797
699, 15.0811
700, 15.0816
701, 15.0826
702, 15.0835
703, 15.0854
704, 15.0854
705, 15.0854
706, 15.0859
707, 15.0864
708, 15.0869
709, 15.0873
710, 15.0873
711, 15.0878
712, 15.0888
713, 15.0902
714, 15.0911
715, 15.0916
716, 15.0916
717, 15.0926
718, 15.0935
719, 15.0969
720, 15.0973
721, 15.0973
722, 15.0988
723, 15.0997
724, 15.1002
725, 15.1026
726, 15.1045
727, 15.1059
728, 15.1059
729, 15.1083
730, 15.1088
731, 15.1102
732, 15.113
733, 15.1135
734, 15.1135
735, 15.114
736, 15.1145
737, 15.1149
738, 15.1149
739, 15.1159
740, 15.1164
741, 15.1164
742, 15.1169
743, 15.1169
744, 15.1173
745, 15.1178
746, 15.1188
747, 15.1202
748, 15.1235
749, 15.124
750, 15.1254
751, 15.1269
752, 15.1288
753, 15.1292
754, 15.1302
755, 15.1307
756, 15.1321
757, 15.1335
758, 15.1345
759, 15.1359
760, 15.1364
761, 15.1397
762, 15.1407
763, 15.144
764, 15.144
765, 15.144
766, 15.144
767, 15.144
768, 15.1445
769, 15.1454
770, 15.1459
771, 15.1478
772, 15.1488
773, 15.1497
774, 15.1502
775, 15.1521
776, 15.1521
777, 15.1526
778, 15.1526
779, 15.1545
780, 15.1554
781, 15.1573
782, 15.1578
783, 15.1583
784, 15.1597
785, 15.1607
786, 15.1607
787, 15.1616
788, 15.1616
789, 15.1621
790, 15.1621
791, 15.1626
792, 15.163
793, 15.163
794, 15.1635
795, 15.164
796, 15.1645
797, 15.1645
798, 15.1649
799, 15.1654
800, 15.1659
801, 15.1664
802, 15.1688
803, 15.1697
804, 15.1707
805, 15.1716
806, 15.1721
807, 15.1721
808, 15.1726
809, 15.1726
810, 15.1726
811, 15.173
812, 15.174
813, 15.174
814, 15.1759
815, 15.1788
816, 15.1792
817, 15.1792
818, 15.1811
819, 15.1811
820, 15.183
821, 15.1835
822, 15.1854
823, 15.1854
824, 15.1869
825, 15.1869
826, 15.1869
827, 15.1873
828, 15.1873
829, 15.1883
830, 15.1892
831, 15.1911
832, 15.1911
833, 15.1916
834, 15.193
835, 15.1945
836, 15.1954
837, 15.1954
838, 15.1964
839, 15.1978
840, 15.1978
841, 15.1978
842, 15.1988
843, 15.1988
844, 15.2002
845, 15.2007
846, 15.2007
847, 15.2021
848, 15.2026
849, 15.2026
850, 15.204
851, 15.2059
852, 15.2069
853, 15.2069
854, 15.2083
855, 15.2088
856, 15.2092
857, 15.2097
858, 15.2107
859, 15.2111
860, 15.2126
861, 15.2149
862, 15.2164
863, 15.2178
864, 15.2216
865, 15.2221
866, 15.2226
867, 15.223
868, 15.2235
869, 15.2249
870, 15.2249
871, 15.2249
872, 15.2264
873, 15.2283
874, 15.2283
875, 15.2288
876, 15.2311
877, 15.2326
878, 15.2326
879, 15.233
880, 15.233
881, 15.2349
882, 15.2359
883, 15.2369
884, 15.2373
885, 15.2378
886, 15.2378
887, 15.2383
888, 15.2388
889, 15.2388
890, 15.2392
891, 15.2397
892, 15.2397
893, 15.2411
894, 15.2416
895, 15.2421
896, 15.2426
897, 15.243
898, 15.2459
899, 15.2464
900, 15.2468
901, 15.2478
902, 15.2483
903, 15.2483
904, 15.2488
905, 15.2492
906, 15.2507
907, 15.2521
908, 15.2526
909, 15.253
910, 15.2545
911, 15.2564
912, 15.2568
913, 15.2568
914, 15.2583
915, 15.2588
916, 15.2597
917, 15.2602
918, 15.2602
919, 15.2602
920, 15.2611
921, 15.2626
922, 15.2635
923, 15.264
924, 15.264
925, 15.2649
926, 15.2668
927, 15.2707
928, 15.2711
929, 15.2716
930, 15.2716
931, 15.2735
932, 15.2749
933, 15.2764
934, 15.2764
935, 15.2768
936, 15.2783
937, 15.2788
938, 15.2788
939, 15.2792
940, 15.2792
941, 15.2797
942, 15.2802
943, 15.2816
944, 15.2826
945, 15.2845
946, 15.2849
947, 15.2849
948, 15.2849
949, 15.2854
950, 15.2854
951, 15.2878
952, 15.2888
953, 15.2892
954, 15.2911
955, 15.2916
956, 15.2921
957, 15.2926
958, 15.2926
959, 15.2926
960, 15.293
961, 15.2945
962, 15.2945
963, 15.2959
964, 15.2968
965, 15.2968
966, 15.2988
967, 15.2988
968, 15.2997
969, 15.3011
970, 15.3016
971, 15.3026
972, 15.3035
973, 15.304
974, 15.3045
975, 15.3059
976, 15.3073
977, 15.3078
978, 15.3083
979, 15.3097
980, 15.3111
981, 15.3111
982, 15.313
983, 15.313
984, 15.3145
985, 15.3149
986, 15.3159
987, 15.3159
988, 15.3159
989, 15.3164
990, 15.3168
991, 15.3173
992, 15.3197
993, 15.3197
994, 15.3197
995, 15.3197
996, 15.3202
997, 15.3207
998, 15.324
999, 15.324
1000, 15.3249
1001, 15.3264
1002, 15.3268
1003, 15.3268
1004, 15.3273
1005, 15.3273
1006, 15.3273
1007, 15.3292
1008, 15.3297
1009, 15.3302
1010, 15.3307
1011, 15.3316
1012, 15.3321
1013, 15.3326
1014, 15.333
1015, 15.333
1016, 15.3359
1017, 15.3368
1018, 15.3373
1019, 15.3373
1020, 15.3373
1021, 15.3383
1022, 15.3388
1023, 15.3407
1024, 15.3421
1025, 15.343
1026, 15.344
1027, 15.344
1028, 15.3445
1029, 15.3445
1030, 15.3459
1031, 15.3459
1032, 15.3468
1033, 15.3478
1034, 15.3483
1035, 15.3483
1036, 15.3492
1037, 15.353
1038, 15.3535
1039, 15.3535
1040, 15.3545
1041, 15.3545
1042, 15.3559
1043, 15.3564
1044, 15.3568
1045, 15.3578
1046, 15.3588
1047, 15.3592
1048, 15.3592
1049, 15.3597
1050, 15.3602
1051, 15.3602
1052, 15.3607
1053, 15.3611
1054, 15.3611
1055, 15.3611
1056, 15.3621
1057, 15.363
1058, 15.363
1059, 15.3645
1060, 15.3654
1061, 15.3664
1062, 15.3664
1063, 15.3668
1064, 15.3668
1065, 15.3673
1066, 15.3673
1067, 15.3678
1068, 15.3688
1069, 15.3692
1070, 15.3697
1071, 15.3697
1072, 15.3721
1073, 15.3721
1074, 15.3726
1075, 15.3735
1076, 15.3745
1077, 15.3749
1078, 15.3759
1079, 15.3768
1080, 15.3768
1081, 15.3773
1082, 15.3778
1083, 15.3788
1084, 15.3802
1085, 15.3807
1086, 15.3811
1087, 15.3811
1088, 15.3821
1089, 15.3821
1090, 15.383
1091, 15.383
1092, 15.3835
1093, 15.384
1094, 15.3845
1095, 15.3845
1096, 15.3849
1097, 15.3854
1098, 15.3859
1099, 15.3864
1100, 15.3868
1101, 15.3873
1102, 15.3873
1103, 15.3892
1104, 15.3902
1105, 15.3907
1106, 15.3911
1107, 15.3911
1108, 15.3916
1109, 15.3926
1110, 15.393
1111, 15.3935
1112, 15.394
1113, 15.3949
1114, 15.3949
1115, 15.3954
1116, 15.3964
1117, 15.3968
1118, 15.3973
1119, 15.3983
1120, 15.3992
1121, 15.3997
1122, 15.4007
1123, 15.4007
1124, 15.4011
1125, 15.4016
1126, 15.403
1127, 15.404
1128, 15.4045
1129, 15.4045
1130, 15.4049
1131, 15.4049
1132, 15.4059
1133, 15.4059
1134, 15.4059
1135, 15.4064
1136, 15.4064
1137, 15.4068
1138, 15.4083
1139, 15.4092
1140, 15.4097
1141, 15.4107
1142, 15.4116
1143, 15.4121
1144, 15.414
1145, 15.4168
1146, 15.4178
1147, 15.4178
1148, 15.4188
1149, 15.4192
1150, 15.4192
1151, 15.4197
1152, 15.4207
1153, 15.4207
1154, 15.4211
1155, 15.4216
1156, 15.4216
1157, 15.4221
1158, 15.423
1159, 15.424
1160, 15.4249
1161, 15.4273
1162, 15.4278
1163, 15.4278
1164, 15.4278
1165, 15.4292
1166, 15.4292
1167, 15.4311
1168, 15.4316
1169, 15.4316
1170, 15.4321
1171, 15.4321
1172, 15.4326
1173, 15.4335
1174, 15.4335
1175, 15.4345
1176, 15.4345
1177, 15.4373
1178, 15.4378
1179, 15.4388
1180, 15.4407
1181, 15.4407
1182, 15.4416
1183, 15.4421
1184, 15.4426
1185, 15.4426
1186, 15.444
1187, 15.444
1188, 15.4445
1189, 15.4449
1190, 15.4454
1191, 15.4459
1192, 15.4464
1193, 15.4478
1194, 15.4483
1195, 15.4483
1196, 15.4488
1197, 15.4488
1198, 15.4492
1199, 15.4497
1200, 15.4502
1201, 15.4502
1202, 15.4507
1203, 15.4516
1204, 15.453
1205, 15.4535
1206, 15.4535
1207, 15.4535
1208, 15.4535
1209, 15.4549
1210, 15.4559
1211, 15.4564
1212, 15.4564
1213, 15.4564
1214, 15.4568
1215, 15.4568
1216, 15.4573
1217, 15.4597
1218, 15.4611
1219, 15.4616
1220, 15.4621
1221, 15.4626
1222, 15.4626
1223, 15.4626
1224, 15.463
1225, 15.463
1226, 15.4635
1227, 15.464
1228, 15.4654
1229, 15.4654
1230, 15.4692
1231, 15.4726
1232, 15.474
1233, 15.4749
1234, 15.4754
1235, 15.4759
1236, 15.4768
1237, 15.4768
1238, 15.4768
1239, 15.4773
1240, 15.4778
1241, 15.4778
1242, 15.4797
1243, 15.4802
1244, 15.4807
1245, 15.4807
1246, 15.4811
1247, 15.483
1248, 15.483
1249, 15.483
1250, 15.484
1251, 15.4873
1252, 15.4873
1253, 15.4878
1254, 15.4897
1255, 15.4902
1256, 15.4907
1257, 15.4921
1258, 15.4926
1259, 15.493
1260, 15.4935
1261, 15.4945
1262, 15.4949
1263, 15.4949
1264, 15.4954
1265, 15.4964
1266, 15.4968
1267, 15.4968
1268, 15.4968
1269, 15.4973
1270, 15.4987
1271, 15.4997
1272, 15.5002
1273, 15.5002
1274, 15.5002
1275, 15.5007
1276, 15.5011
1277, 15.5011
1278, 15.5011
1279, 15.5011
1280, 15.5016
1281, 15.5016
1282, 15.5021
1283, 15.5021
1284, 15.5021
1285, 15.503
1286, 15.5035
1287, 15.5049
1288, 15.5054
1289, 15.5054
1290, 15.5054
1291, 15.5059
1292, 15.5068
1293, 15.5073
1294, 15.5073
1295, 15.5078
1296, 15.5102
1297, 15.5107
1298, 15.5111
1299, 15.5121
1300, 15.5121
1301, 15.5135
1302, 15.5145
1303, 15.5149
1304, 15.5149
1305, 15.5149
1306, 15.5154
1307, 15.5159
1308, 15.5159
1309, 15.5178
1310, 15.5192
1311, 15.5197
1312, 15.5202
1313, 15.5235
1314, 15.5235
1315, 15.5245
1316, 15.5259
1317, 15.5278
1318, 15.5278
1319, 15.5287
1320, 15.5292
1321, 15.5302
1322, 15.5302
1323, 15.5307
1324, 15.5311
1325, 15.5311
1326, 15.5316
1327, 15.5316
1328, 15.533
1329, 15.5335
1330, 15.534
1331, 15.534
1332, 15.5345
1333, 15.5349
1334, 15.5359
1335, 15.5364
1336, 15.5383
1337, 15.5387
1338, 15.5387
1339, 15.5387
1340, 15.5387
1341, 15.5402
1342, 15.5416
1343, 15.5421
1344, 15.5426
1345, 15.543
1346, 15.544
1347, 15.5449
1348, 15.5459
1349, 15.5464
1350, 15.5468
1351, 15.5468
1352, 15.5473
1353, 15.5483
1354, 15.5497
1355, 15.5497
1356, 15.5516
1357, 15.553
1358, 15.553
1359, 15.554
1360, 15.5554
1361, 15.5559
1362, 15.5568
1363, 15.5578
1364, 15.5583
1365, 15.5592
1366, 15.5592
1367, 15.5592
1368, 15.5597
1369, 15.5607
1370, 15.5607
1371, 15.5607
1372, 15.5607
1373, 15.5621
1374, 15.5626
1375, 15.5635
1376, 15.5635
1377, 15.564
1378, 15.5654
1379, 15.5659
1380, 15.5678
1381, 15.5678
1382, 15.5683
1383, 15.5683
1384, 15.5687
1385, 15.5692
1386, 15.5707
1387, 15.5726
1388, 15.573
1389, 15.5735
1390, 15.5735
1391, 15.5749
1392, 15.5749
1393, 15.5754
1394, 15.5759
1395, 15.5764
1396, 15.5768
1397, 15.5768
1398, 15.5773
1399, 15.5778
1400, 15.5783
1401, 15.5792
1402, 15.5792
1403, 15.5797
1404, 15.5821
1405, 15.584
1406, 15.5845
1407, 15.5854
1408, 15.5864
1409, 15.5868
1410, 15.5878
1411, 15.5878
1412, 15.5887
1413, 15.5892
1414, 15.5911
1415, 15.5926
1416, 15.593
1417, 15.5935
1418, 15.5945
1419, 15.5949
1420, 15.5964
1421, 15.5978
1422, 15.5983
1423, 15.5992
1424, 15.6002
1425, 15.6021
1426, 15.6026
1427, 15.6035
1428, 15.6035
1429, 15.6059
1430, 15.6059
1431, 15.6059
1432, 15.6068
1433, 15.6078
1434, 15.6083
1435, 15.6092
1436, 15.6097
1437, 15.6102
1438, 15.6102
1439, 15.6111
1440, 15.6121
1441, 15.6126
1442, 15.613
1443, 15.6135
1444, 15.6145
1445, 15.6164
1446, 15.6168
1447, 15.6173
1448, 15.6173
1449, 15.6178
1450, 15.6183
1451, 15.6183
1452, 15.6187
1453, 15.6202
1454, 15.6211
1455, 15.6211
1456, 15.6216
1457, 15.623
1458, 15.624
1459, 15.6249
1460, 15.6249
1461, 15.6264
1462, 15.6273
1463, 15.6278
1464, 15.6278
1465, 15.6297
1466, 15.6302
1467, 15.6302
1468, 15.6302
1469, 15.6307
1470, 15.6311
1471, 15.6311
1472, 15.6316
1473, 15.6326
1474, 15.634
1475, 15.6345
1476, 15.6345
1477, 15.6345
1478, 15.6359
1479, 15.6359
1480, 15.6368
1481, 15.6378
1482, 15.6383
1483, 15.6383
1484, 15.6387
1485, 15.6387
1486, 15.6387
1487, 15.6392
1488, 15.6392
1489, 15.6392
1490, 15.6397
1491, 15.6402
1492, 15.6407
1493, 15.6421
1494, 15.6426
1495, 15.6426
1496, 15.6426
1497, 15.6435
1498, 15.644
1499, 15.644
1500, 15.6449
1501, 15.6454
1502, 15.6454
1503, 15.6464
1504, 15.6464
1505, 15.6468
1506, 15.6473
1507, 15.6473
1508, 15.6502
1509, 15.6507
1510, 15.6507
1511, 15.6521
1512, 15.6521
1513, 15.653
1514, 15.653
1515, 15.654
1516, 15.6549
1517, 15.6568
1518, 15.6573
1519, 15.6587
1520, 15.6592
1521, 15.6621
1522, 15.663
1523, 15.663
1524, 15.664
1525, 15.6645
1526, 15.6649
1527, 15.6649
1528, 15.6649
1529, 15.6654
1530, 15.6659
1531, 15.6659
1532, 15.6664
1533, 15.6678
1534, 15.6683
1535, 15.6697
1536, 15.6702
1537, 15.6707
1538, 15.6711
1539, 15.6721
1540, 15.6726
1541, 15.6735
1542, 15.6735
1543, 15.6735
1544, 15.674
1545, 15.6745
1546, 15.6754
1547, 15.6754
1548, 15.6754
1549, 15.6768
1550, 15.6773
1551, 15.6783
1552, 15.6807
1553, 15.6807
1554, 15.6811
1555, 15.6816
1556, 15.6821
1557, 15.6821
1558, 15.683
1559, 15.6845
1560, 15.6849
1561, 15.6854
1562, 15.6859
1563, 15.6864
1564, 15.6868
1565, 15.6892
1566, 15.6902
1567, 15.6907
1568, 15.6911
1569, 15.6916
1570, 15.6921
1571, 15.6926
1572, 15.693
1573, 15.694
1574, 15.6959
1575, 15.6968
1576, 15.6973
1577, 15.6997
1578, 15.7011
1579, 15.7026
1580, 15.7026
1581, 15.703
1582, 15.7049
1583, 15.7049
1584, 15.7049
1585, 15.7049
1586, 15.7068
1587, 15.7078
1588, 15.7083
1589, 15.7083
1590, 15.7092
1591, 15.7097
1592, 15.7121
1593, 15.7121
1594, 15.7121
1595, 15.7126
1596, 15.7126
1597, 15.7154
1598, 15.7164
1599, 15.7168
1600, 15.7168
1601, 15.7183
1602, 15.7197
1603, 15.7197
1604, 15.7216
1605, 15.7216
1606, 15.7216
1607, 15.7216
1608, 15.723
1609, 15.7249
1610, 15.7249
1611, 15.7259
1612, 15.7259
1613, 15.7268
1614, 15.7273
1615, 15.7273
1616, 15.7278
1617, 15.7283
1618, 15.7287
1619, 15.7292
1620, 15.7302
1621, 15.7311
1622, 15.7316
1623, 15.7321
1624, 15.7326
1625, 15.7335
1626, 15.734
1627, 15.7349
1628, 15.7349
1629, 15.7354
1630, 15.7359
1631, 15.7359
1632, 15.7364
1633, 15.7364
1634, 15.7368
1635, 15.7373
1636, 15.7383
1637, 15.7387
1638, 15.7392
1639, 15.7397
1640, 15.7407
1641, 15.7411
1642, 15.7416
1643, 15.7435
1644, 15.7435
1645, 15.744
1646, 15.7449
1647, 15.7483
1648, 15.7497
1649, 15.7497
1650, 15.7502
1651, 15.7502
1652, 15.7506
1653, 15.7511
1654, 15.7516
1655, 15.7526
1656, 15.7545
1657, 15.7549
1658, 15.7554
1659, 15.7592
1660, 15.7592
1661, 15.7592
1662, 15.7606
1663, 15.7611
1664, 15.7611
1665, 15.7621
1666, 15.7626
1667, 15.7626
1668, 15.7626
1669, 15.763
1670, 15.764
1671, 15.7645
1672, 15.7645
1673, 15.7645
1674, 15.7649
1675, 15.7649
1676, 15.7654
1677, 15.7654
1678, 15.7659
1679, 15.7664
1680, 15.7678
1681, 15.7687
1682, 15.7692
1683, 15.7706
1684, 15.7721
1685, 15.773
1686, 15.773
1687, 15.7735
1688, 15.7745
1689, 15.7764
1690, 15.7764
1691, 15.7764
1692, 15.7773
1693, 15.7773
1694, 15.7773
1695, 15.7783
1696, 15.7783
1697, 15.7783
1698, 15.7787
1699, 15.7797
1700, 15.7806
1701, 15.7811
1702, 15.7811
1703, 15.7811
1704, 15.7816
1705, 15.784
1706, 15.7849
1707, 15.7854
1708, 15.7883
1709, 15.7892
1710, 15.7906
1711, 15.7906
1712, 15.7911
1713, 15.7916
1714, 15.7921
1715, 15.7921
1716, 15.7921
1717, 15.7921
1718, 15.7921
1719, 15.7926
1720, 15.7935
1721, 15.7935
1722, 15.7945
1723, 15.7945
1724, 15.7949
1725, 15.7954
1726, 15.7954
1727, 15.7954
1728, 15.7959
1729, 15.7968
1730, 15.7973
1731, 15.7983
1732, 15.7987
1733, 15.7992
1734, 15.7992
1735, 15.7997
1736, 15.7997
1737, 15.8006
1738, 15.8011
1739, 15.8016
1740, 15.8026
1741, 15.8026
1742, 15.8045
1743, 15.8045
1744, 15.8049
1745, 15.8054
1746, 15.8068
1747, 15.8073
1748, 15.8097
1749, 15.8097
1750, 15.8102
1751, 15.8102
1752, 15.8102
1753, 15.8111
1754, 15.8116
1755, 15.8121
1756, 15.8121
1757, 15.8121
1758, 15.8121
1759, 15.8135
1760, 15.8145
1761, 15.8149
1762, 15.8149
1763, 15.8159
1764, 15.8159
1765, 15.8168
1766, 15.8173
1767, 15.8173
1768, 15.8173
1769, 15.8192
1770, 15.8197
1771, 15.8206
1772, 15.8211
1773, 15.8226
1774, 15.8226
1775, 15.823
1776, 15.823
1777, 15.8249
1778, 15.8249
1779, 15.8254
1780, 15.8254
1781, 15.8254
1782, 15.8264
1783, 15.8264
1784, 15.8268
1785, 15.8278
1786, 15.8283
1787, 15.8283
1788, 15.8283
1789, 15.8287
1790, 15.8292
1791, 15.8297
1792, 15.8306
1793, 15.8321
1794, 15.8326
1795, 15.8326
1796, 15.8335
1797, 15.8335
1798, 15.834
1799, 15.8349
1800, 15.8392
1801, 15.8397
1802, 15.8397
1803, 15.8397
1804, 15.8406
1805, 15.8411
1806, 15.8435
1807, 15.844
1808, 15.844
1809, 15.844
1810, 15.8445
1811, 15.8445
1812, 15.8449
1813, 15.8449
1814, 15.8459
1815, 15.8459
1816, 15.8464
1817, 15.8478
1818, 15.8478
1819, 15.8487
1820, 15.8487
1821, 15.8497
1822, 15.8511
1823, 15.8511
1824, 15.8511
1825, 15.8516
1826, 15.8516
1827, 15.8521
1828, 15.8521
1829, 15.8526
1830, 15.8535
1831, 15.854
1832, 15.8545
1833, 15.8549
1834, 15.8554
1835, 15.8554
1836, 15.8564
1837, 15.8564
1838, 15.8573
1839, 15.8578
1840, 15.8583
1841, 15.8611
1842, 15.8621
1843, 15.8626
1844, 15.8626
1845, 15.863
1846, 15.863
1847, 15.8635
1848, 15.8635
1849, 15.8635
1850, 15.8649
1851, 15.8649
1852, 15.8654
1853, 15.8659
1854, 15.8664
1855, 15.8673
1856, 15.8678
1857, 15.8697
1858, 15.8697
1859, 15.8697
1860, 15.8711
1861, 15.8711
1862, 15.8716
1863, 15.8735
1864, 15.8745
1865, 15.8749
1866, 15.8754
1867, 15.8759
1868, 15.8773
1869, 15.8783
1870, 15.8783
1871, 15.8783
1872, 15.8792
1873, 15.8797
1874, 15.8802
1875, 15.8859
1876, 15.8859
1877, 15.8868
1878, 15.8868
1879, 15.8878
1880, 15.8902
1881, 15.8911
1882, 15.8921
1883, 15.8926
1884, 15.8935
1885, 15.894
1886, 15.8945
1887, 15.8945
1888, 15.8945
1889, 15.8945
1890, 15.8959
1891, 15.8968
1892, 15.8968
1893, 15.8973
1894, 15.8983
1895, 15.8983
1896, 15.8987
1897, 15.8987
1898, 15.8987
1899, 15.9002
1900, 15.9016
1901, 15.9016
1902, 15.9026
1903, 15.9026
1904, 15.9026
1905, 15.904
1906, 15.9045
1907, 15.9059
1908, 15.9078
1909, 15.9078
1910, 15.9083
1911, 15.9083
1912, 15.9087
1913, 15.9092
1914, 15.9097
1915, 15.9097
1916, 15.9102
1917, 15.9102
1918, 15.9106
1919, 15.9106
1920, 15.9111
1921, 15.9111
1922, 15.913
1923, 15.9135
1924, 15.9135
1925, 15.9135
1926, 15.914
1927, 15.9145
1928, 15.9154
1929, 15.9159
1930, 15.9164
1931, 15.9173
1932, 15.9173
1933, 15.9173
1934, 15.9206
1935, 15.9206
1936, 15.9211
1937, 15.9211
1938, 15.9216
1939, 15.9235
1940, 15.9245
1941, 15.9283
1942, 15.9292
1943, 15.9297
1944, 15.9297
1945, 15.9297
1946, 15.9297
1947, 15.9302
1948, 15.9306
1949, 15.9311
1950, 15.9311
1951, 15.9316
1952, 15.9326
1953, 15.9326
1954, 15.9326
1955, 15.933
1956, 15.9349
1957, 15.9354
1958, 15.9359
1959, 15.9364
1960, 15.9373
1961, 15.9373
1962, 15.9378
1963, 15.9392
1964, 15.9392
1965, 15.9392
1966, 15.9397
1967, 15.9402
1968, 15.9402
1969, 15.9421
1970, 15.9421
1971, 15.9426
1972, 15.943
1973, 15.9435
1974, 15.9435
1975, 15.944
1976, 15.9454
1977, 15.9454
1978, 15.9459
1979, 15.9468
1980, 15.9468
1981, 15.9473
1982, 15.9478
1983, 15.9483
1984, 15.9502
1985, 15.9506
1986, 15.9506
1987, 15.9516
1988, 15.9526
1989, 15.9526
1990, 15.9535
1991, 15.9535
1992, 15.9549
1993, 15.9573
1994, 15.9578
1995, 15.9583
1996, 15.9587
1997, 15.9587
1998, 15.9602
1999, 15.9621
2000, 15.9621
2001, 15.9626
2002, 15.9626
2003, 15.963
2004, 15.9635
2005, 15.964
2006, 15.9654
2007, 15.9668
2008, 15.9673
2009, 15.9673
2010, 15.9678
2011, 15.9683
2012, 15.9683
2013, 15.9687
2014, 15.9692
2015, 15.9697
2016, 15.9702
2017, 15.9706
2018, 15.9711
2019, 15.9716
2020, 15.9726
2021, 15.9726
2022, 15.973
2023, 15.974
2024, 15.9749
2025, 15.9749
2026, 15.9759
2027, 15.9759
2028, 15.9764
2029, 15.9768
2030, 15.9783
2031, 15.9787
2032, 15.9802
2033, 15.9806
2034, 15.9811
2035, 15.983
2036, 15.983
2037, 15.9835
2038, 15.9835
2039, 15.9845
2040, 15.9849
2041, 15.9854
2042, 15.9854
2043, 15.9854
2044, 15.9859
2045, 15.9859
2046, 15.9868
2047, 15.9873
2048, 15.9883
2049, 15.9887
2050, 15.9887
2051, 15.9887
2052, 15.9897
2053, 15.9897
2054, 15.9902
2055, 15.9925
2056, 15.993
2057, 15.994
2058, 15.9945
2059, 15.9945
2060, 15.9954
2061, 15.9954
2062, 15.9954
2063, 15.9968
2064, 15.9973
2065, 15.9973
2066, 15.9983
2067, 15.9983
2068, 15.9983
2069, 15.9987
2070, 15.9987
2071, 15.9997
2072, 15.9997
2073, 16.0002
2074, 16.0011
2075, 16.0016
2076, 16.0016
2077, 16.003
2078, 16.0049
2079, 16.0064
2080, 16.0068
2081, 16.0097
2082, 16.0097
2083, 16.0102
2084, 16.0116
2085, 16.0116
2086, 16.0121
2087, 16.013
2088, 16.0135
2089, 16.0145
2090, 16.0145
2091, 16.0159
2092, 16.0159
2093, 16.0164
2094, 16.0168
2095, 16.0173
2096, 16.0173
2097, 16.0173
2098, 16.0173
2099, 16.0178
2100, 16.0183
2101, 16.0202
2102, 16.0202
2103, 16.0206
2104, 16.0206
2105, 16.0211
2106, 16.0216
2107, 16.0221
2108, 16.0225
2109, 16.023
2110, 16.024
2111, 16.0245
2112, 16.0264
2113, 16.0273
2114, 16.0273
2115, 16.0278
2116, 16.0278
2117, 16.0278
2118, 16.0283
2119, 16.0283
2120, 16.0287
2121, 16.0306
2122, 16.0311
2123, 16.0316
2124, 16.0321
2125, 16.0345
2126, 16.0354
2127, 16.0359
2128, 16.0359
2129, 16.0368
2130, 16.0373
2131, 16.0373
2132, 16.0387
2133, 16.0392
2134, 16.0402
2135, 16.0411
2136, 16.0416
2137, 16.043
2138, 16.0445
2139, 16.0445
2140, 16.0478
2141, 16.0483
2142, 16.0492
2143, 16.0497
2144, 16.0502
2145, 16.0502
2146, 16.0506
2147, 16.0516
2148, 16.054
2149, 16.054
2150, 16.0545
2151, 16.0549
2152, 16.0573
2153, 16.0578
2154, 16.0587
2155, 16.0592
2156, 16.0597
2157, 16.0597
2158, 16.0602
2159, 16.0606
2160, 16.0611
2161, 16.0611
2162, 16.0616
2163, 16.0616
2164, 16.0616
2165, 16.0621
2166, 16.0625
2167, 16.063
2168, 16.063
2169, 16.064
2170, 16.0659
2171, 16.0673
2172, 16.0683
2173, 16.0692
2174, 16.0692
2175, 16.0692
2176, 16.0697
2177, 16.0697
2178, 16.0702
2179, 16.0711
2180, 16.0735
2181, 16.074
2182, 16.074
2183, 16.0759
2184, 16.0764
2185, 16.0768
2186, 16.0773
2187, 16.0778
2188, 16.0806
2189, 16.0806
2190, 16.0811
2191, 16.0821
2192, 16.084
2193, 16.0849
2194, 16.0849
2195, 16.0849
2196, 16.0859
2197, 16.0868
2198, 16.0873
2199, 16.0883
2200, 16.0892
2201, 16.0897
2202, 16.0897
2203, 16.0897
2204, 16.0902
2205, 16.0906
2206, 16.0916
2207, 16.0916
2208, 16.0921
2209, 16.093
2210, 16.0935
2211, 16.094
2212, 16.0954
2213, 16.0954
2214, 16.0968
2215, 16.0968
2216, 16.0968
2217, 16.0983
2218, 16.0983
2219, 16.0987
2220, 16.0992
2221, 16.0992
2222, 16.0997
2223, 16.0997
2224, 16.1006
2225, 16.1006
2226, 16.1025
2227, 16.104
2228, 16.1064
2229, 16.1064
2230, 16.1073
2231, 16.1073
2232, 16.1087
2233, 16.1092
2234, 16.1106
2235, 16.1106
2236, 16.1125
2237, 16.1125
2238, 16.113
2239, 16.113
2240, 16.1135
2241, 16.114
2242, 16.1145
2243, 16.1154
2244, 16.1154
2245, 16.1159
2246, 16.1164
2247, 16.1183
2248, 16.1187
2249, 16.1197
2250, 16.1197
2251, 16.1197
2252, 16.1206
2253, 16.123
2254, 16.123
2255, 16.124
2256, 16.1245
2257, 16.1249
2258, 16.1249
2259, 16.1249
2260, 16.1254
2261, 16.1254
2262, 16.1259
2263, 16.1264
2264, 16.1268
2265, 16.1278
2266, 16.1283
2267, 16.1287
2268, 16.1292
2269, 16.1292
2270, 16.1292
2271, 16.1302
2272, 16.1306
2273, 16.1306
2274, 16.1306
2275, 16.1306
2276, 16.1306
2277, 16.1306
2278, 16.1321
2279, 16.1325
2280, 16.133
2281, 16.134
2282, 16.1354
2283, 16.1359
2284, 16.1359
2285, 16.1364
2286, 16.1364
2287, 16.1373
2288, 16.1383
2289, 16.1387
2290, 16.1397
2291, 16.1397
2292, 16.1416
2293, 16.1416
2294, 16.1425
2295, 16.1425
2296, 16.1435
2297, 16.1435
2298, 16.1459
2299, 16.1468
2300, 16.1473
2301, 16.1492
2302, 16.1497
2303, 16.1497
2304, 16.1502
2305, 16.1502
2306, 16.1502
2307, 16.1506
2308, 16.1525
2309, 16.153
2310, 16.1535
2311, 16.1554
2312, 16.1564
2313, 16.1568
2314, 16.1568
2315, 16.1568
2316, 16.1573
2317, 16.1578
2318, 16.1578
2319, 16.1583
2320, 16.1587
2321, 16.1592
2322, 16.1592
2323, 16.1621
2324, 16.1625
2325, 16.163
2326, 16.163
2327, 16.1645
2328, 16.1645
2329, 16.1649
2330, 16.1649
2331, 16.1659
2332, 16.1668
2333, 16.1678
2334, 16.1687
2335, 16.1702
2336, 16.1706
2337, 16.1725
2338, 16.1745
2339, 16.1749
2340, 16.1768
2341, 16.1778
2342, 16.1783
2343, 16.1797
2344, 16.1802
2345, 16.1802
2346, 16.1802
2347, 16.1806
2348, 16.1811
2349, 16.1825
2350, 16.1825
2351, 16.1835
2352, 16.1835
2353, 16.184
2354, 16.1849
2355, 16.1859
2356, 16.1873
2357, 16.1873
2358, 16.1887
2359, 16.1892
2360, 16.1916
2361, 16.1925
2362, 16.1935
2363, 16.1945
2364, 16.1964
2365, 16.1968
2366, 16.1973
2367, 16.1978
2368, 16.1987
2369, 16.1992
2370, 16.1997
2371, 16.1997
2372, 16.2016
2373, 16.2025
2374, 16.2035
2375, 16.2035
2376, 16.2054
2377, 16.2068
2378, 16.2073
2379, 16.2092
2380, 16.2092
2381, 16.2097
2382, 16.2097
2383, 16.2102
2384, 16.2111
2385, 16.2121
2386, 16.2125
2387, 16.2125
2388, 16.2135
2389, 16.2159
2390, 16.2168
2391, 16.2168
2392, 16.2168
2393, 16.2187
2394, 16.2192
2395, 16.2202
2396, 16.2206
2397, 16.2211
2398, 16.2211
2399, 16.2216
2400, 16.223
2401, 16.2249
2402, 16.2249
2403, 16.2254
2404, 16.2254
2405, 16.2259
2406, 16.2273
2407, 16.2273
2408, 16.2273
2409, 16.2278
2410, 16.2292
2411, 16.2316
2412, 16.2321
2413, 16.233
2414, 16.2335
2415, 16.2345
2416, 16.2349
2417, 16.2373
2418, 16.2383
2419, 16.2387
2420, 16.2392
2421, 16.2402
2422, 16.2402
2423, 16.2406
2424, 16.2406
2425, 16.2416
2426, 16.243
2427, 16.243
2428, 16.2435
2429, 16.2435
2430, 16.2444
2431, 16.2454
2432, 16.2459
2433, 16.2464
2434, 16.2464
2435, 16.2473
2436, 16.2473
2437, 16.2492
2438, 16.2511
2439, 16.2535
2440, 16.254
2441, 16.2544
2442, 16.2554
2443, 16.2564
2444, 16.2568
2445, 16.2573
2446, 16.2597
2447, 16.2597
2448, 16.2611
2449, 16.263
2450, 16.2635
2451, 16.264
2452, 16.2649
2453, 16.2649
2454, 16.2654
2455, 16.2654
2456, 16.2654
2457, 16.2654
2458, 16.2659
2459, 16.2664
2460, 16.2664
2461, 16.2664
2462, 16.2678
2463, 16.2678
2464, 16.2678
2465, 16.2687
2466, 16.2687
2467, 16.2692
2468, 16.2692
2469, 16.2706
2470, 16.2711
2471, 16.2711
2472, 16.2725
2473, 16.273
2474, 16.2744
2475, 16.2754
2476, 16.2754
2477, 16.2768
2478, 16.2773
2479, 16.2773
2480, 16.2778
2481, 16.2778
2482, 16.2783
2483, 16.2783
2484, 16.2787
2485, 16.2811
2486, 16.2821
2487, 16.2821
2488, 16.2825
2489, 16.283
2490, 16.284
2491, 16.2844
2492, 16.2844
2493, 16.2849
2494, 16.2854
2495, 16.2854
2496, 16.2854
2497, 16.2868
2498, 16.2878
2499, 16.2906
2500, 16.2906
2501, 16.2916
2502, 16.2916
2503, 16.2921
2504, 16.2935
2505, 16.2954
2506, 16.2959
2507, 16.2959
2508, 16.2964
2509, 16.2964
2510, 16.2973
2511, 16.2983
2512, 16.2983
2513, 16.2992
2514, 16.3002
2515, 16.3002
2516, 16.3021
2517, 16.3025
2518, 16.303
2519, 16.3049
2520, 16.3049
2521, 16.3054
2522, 16.3064
2523, 16.3064
2524, 16.3068
2525, 16.3073
2526, 16.3078
2527, 16.3078
2528, 16.3111
2529, 16.3111
2530, 16.3125
2531, 16.3125
2532, 16.313
2533, 16.313
2534, 16.3135
2535, 16.3154
2536, 16.3164
2537, 16.3183
2538, 16.3187
2539, 16.3197
2540, 16.3202
2541, 16.3206
2542, 16.3206
2543, 16.3211
2544, 16.3216
2545, 16.3221
2546, 16.3221
2547, 16.3221
2548, 16.323
2549, 16.323
2550, 16.3235
2551, 16.324
2552, 16.3249
2553, 16.3249
2554, 16.3264
2555, 16.3264
2556, 16.3268
2557, 16.3268
2558, 16.3268
2559, 16.3306
2560, 16.3311
2561, 16.3321
2562, 16.3325
2563, 16.334
2564, 16.3344
2565, 16.3349
2566, 16.3383
2567, 16.3392
2568, 16.3392
2569, 16.3392
2570, 16.3402
2571, 16.3411
2572, 16.343
2573, 16.343
2574, 16.343
2575, 16.343
2576, 16.3435
2577, 16.3444
2578, 16.3449
2579, 16.3449
2580, 16.3459
2581, 16.3473
2582, 16.3483
2583, 16.3483
2584, 16.3497
2585, 16.3502
2586, 16.3511
2587, 16.3511
2588, 16.354
2589, 16.3544
2590, 16.3549
2591, 16.3573
2592, 16.3573
2593, 16.3578
2594, 16.3597
2595, 16.3606
2596, 16.3611
2597, 16.3616
2598, 16.3616
2599, 16.3625
2600, 16.363
2601, 16.3635
2602, 16.3644
2603, 16.3654
2604, 16.3668
2605, 16.3678
2606, 16.3683
2607, 16.3687
2608, 16.3697
2609, 16.3706
2610, 16.3711
2611, 16.373
2612, 16.373
2613, 16.3735
2614, 16.3735
2615, 16.374
2616, 16.374
2617, 16.374
2618, 16.374
2619, 16.3749
2620, 16.3768
2621, 16.3773
2622, 16.3773
2623, 16.3787
2624, 16.3797
2625, 16.3797
2626, 16.3802
2627, 16.3811
2628, 16.3821
2629, 16.3825
2630, 16.3835
2631, 16.3844
2632, 16.3854
2633, 16.3854
2634, 16.3854
2635, 16.3859
2636, 16.3859
2637, 16.3873
2638, 16.3873
2639, 16.3873
2640, 16.3887
2641, 16.3887
2642, 16.3892
2643, 16.3892
2644, 16.3911
2645, 16.3935
2646, 16.3935
2647, 16.3944
2648, 16.3949
2649, 16.3949
2650, 16.3964
2651, 16.3973
2652, 16.3973
2653, 16.3978
2654, 16.3983
2655, 16.3983
2656, 16.3992
2657, 16.3992
2658, 16.4006
2659, 16.4006
2660, 16.4011
2661, 16.4016
2662, 16.4016
2663, 16.4021
2664, 16.4025
2665, 16.403
2666, 16.4044
2667, 16.4049
2668, 16.4054
2669, 16.4054
2670, 16.4068
2671, 16.4073
2672, 16.4073
2673, 16.4135
2674, 16.4144
2675, 16.4168
2676, 16.4168
2677, 16.4183
2678, 16.4187
2679, 16.4187
2680, 16.4187
2681, 16.4192
2682, 16.4197
2683, 16.4211
2684, 16.423
2685, 16.424
2686, 16.4249
2687, 16.4249
2688, 16.4259
2689, 16.4264
2690, 16.4264
2691, 16.4268
2692, 16.4273
2693, 16.4273
2694, 16.4278
2695, 16.4297
2696, 16.4311
2697, 16.4311
2698, 16.4311
2699, 16.4311
2700, 16.4316
2701, 16.4321
2702, 16.4325
2703, 16.434
2704, 16.434
2705, 16.4349
2706, 16.4354
2707, 16.4368
2708, 16.4383
2709, 16.4387
2710, 16.4392
2711, 16.4402
2712, 16.4402
2713, 16.4411
2714, 16.4416
2715, 16.4425
2716, 16.4435
2717, 16.444
2718, 16.4444
2719, 16.4487
2720, 16.4502
2721, 16.4506
2722, 16.4511
2723, 16.4511
2724, 16.4521
2725, 16.4525
2726, 16.453
2727, 16.4549
2728, 16.4554
2729, 16.4554
2730, 16.4554
2731, 16.4554
2732, 16.4568
2733, 16.4578
2734, 16.4583
2735, 16.4592
2736, 16.4606
2737, 16.4616
2738, 16.4664
2739, 16.4664
2740, 16.4664
2741, 16.4668
2742, 16.4668
2743, 16.4668
2744, 16.4692
2745, 16.4692
2746, 16.4706
2747, 16.4716
2748, 16.4721
2749, 16.4725
2750, 16.473
2751, 16.473
2752, 16.474
2753, 16.474
2754, 16.4744
2755, 16.4749
2756, 16.4773
2757, 16.4787
2758, 16.4806
2759, 16.4811
2760, 16.483
2761, 16.483
2762, 16.483
2763, 16.483
2764, 16.484
2765, 16.484
2766, 16.4854
2767, 16.4859
2768, 16.4863
2769, 16.4873
2770, 16.4873
2771, 16.4887
2772, 16.4887
2773, 16.4892
2774, 16.4892
2775, 16.4897
2776, 16.4897
2777, 16.4897
2778, 16.4902
2779, 16.4902
2780, 16.4911
2781, 16.4921
2782, 16.4935
2783, 16.4935
2784, 16.494
2785, 16.494
2786, 16.4949
2787, 16.4949
2788, 16.4954
2789, 16.4954
2790, 16.4954
2791, 16.4963
2792, 16.4968
2793, 16.4983
2794, 16.4997
2795, 16.4997
2796, 16.5006
2797, 16.5011
2798, 16.5011
2799, 16.5021
2800, 16.5025
2801, 16.503
2802, 16.5044
2803, 16.5054
2804, 16.5059
2805, 16.5063
2806, 16.5063
2807, 16.5068
2808, 16.5068
2809, 16.5073
2810, 16.5087
2811, 16.5092
2812, 16.5092
2813, 16.5092
2814, 16.5097
2815, 16.5106
2816, 16.5106
2817, 16.5121
2818, 16.5125
2819, 16.5125
2820, 16.5125
2821, 16.513
2822, 16.513
2823, 16.513
2824, 16.514
2825, 16.5149
2826, 16.5163
2827, 16.5168
2828, 16.5173
2829, 16.5173
2830, 16.5178
2831, 16.5178
2832, 16.5192
2833, 16.5192
2834, 16.5192
2835, 16.5192
2836, 16.5206
2837, 16.5211
2838, 16.5216
2839, 16.5225
2840, 16.5235
2841, 16.524
2842, 16.5244
2843, 16.5259
2844, 16.5259
2845, 16.5268
2846, 16.5273
2847, 16.5278
2848, 16.5278
2849, 16.5292
2850, 16.5302
2851, 16.5316
2852, 16.5321
2853, 16.5321
2854, 16.533
2855, 16.533
2856, 16.534
2857, 16.534
2858, 16.534
2859, 16.534
2860, 16.5349
2861, 16.5349
2862, 16.5373
2863, 16.5373
2864, 16.5378
2865, 16.5378
2866, 16.5378
2867, 16.5387
2868, 16.5402
2869, 16.5402
2870, 16.5416
2871, 16.5421
2872, 16.543
2873, 16.5435
2874, 16.544
2875, 16.544
2876, 16.5444
2877, 16.5459
2878, 16.5468
2879, 16.5468
2880, 16.5473
2881, 16.5473
2882, 16.5478
2883, 16.5487
2884, 16.5497
2885, 16.5497
2886, 16.5516
2887, 16.5521
2888, 16.5525
2889, 16.553
2890, 16.553
2891, 16.5544
2892, 16.5549
2893, 16.5554
2894, 16.5563
2895, 16.5563
2896, 16.5568
2897, 16.5578
2898, 16.5592
2899, 16.5592
2900, 16.5616
2901, 16.5625
2902, 16.5635
2903, 16.5635
2904, 16.564
2905, 16.564
2906, 16.5649
2907, 16.5649
2908, 16.5649
2909, 16.5649
2910, 16.5654
2911, 16.5668
2912, 16.5692
2913, 16.5702
2914, 16.5702
2915, 16.5706
2916, 16.5721
2917, 16.5721
2918, 16.5725
2919, 16.5725
2920, 16.573
2921, 16.573
2922, 16.5735
2923, 16.5744
2924, 16.5754
2925, 16.5754
2926, 16.5759
2927, 16.5768
2928, 16.5787
2929, 16.5792
2930, 16.5802
2931, 16.5811
2932, 16.5821
2933, 16.5825
2934, 16.5825
2935, 16.583
2936, 16.583
2937, 16.5844
2938, 16.5844
2939, 16.5854
2940, 16.5863
2941, 16.5892
2942, 16.5892
2943, 16.5897
2944, 16.5911
2945, 16.5911
2946, 16.5911
2947, 16.5916
2948, 16.5916
2949, 16.5921
2950, 16.5921
2951, 16.5925
2952, 16.593
2953, 16.594
2954, 16.5949
2955, 16.5973
2956, 16.5978
2957, 16.5983
2958, 16.5983
2959, 16.5987
2960, 16.5987
2961, 16.5992
2962, 16.5992
2963, 16.603
2964, 16.6035
2965, 16.6035
2966, 16.604
2967, 16.604
2968, 16.604
2969, 16.604
2970, 16.6059
2971, 16.6068
2972, 16.6073
2973, 16.6083
2974, 16.6087
2975, 16.6106
2976, 16.6106
2977, 16.6111
2978, 16.6111
2979, 16.6121
2980, 16.6135
2981, 16.6144
2982, 16.6144
2983, 16.6154
2984, 16.6159
2985, 16.6168
2986, 16.6168
2987, 16.6178
2988, 16.6178
2989, 16.6183
2990, 16.6183
2991, 16.6187
2992, 16.6206
2993, 16.6211
2994, 16.6211
2995, 16.6211
2996, 16.6221
2997, 16.6225
2998, 16.6235
2999, 16.6235
3000, 16.6249
3001, 16.6259
3002, 16.6263
3003, 16.6263
3004, 16.6268
3005, 16.6278
3006, 16.6278
3007, 16.6278
3008, 16.6283
3009, 16.6283
3010, 16.6292
3011, 16.6297
3012, 16.6302
3013, 16.6306
3014, 16.6325
3015, 16.6349
3016, 16.6349
3017, 16.6359
3018, 16.6363
3019, 16.6383
3020, 16.6387
3021, 16.6387
3022, 16.6387
3023, 16.6392
3024, 16.6397
3025, 16.6397
3026, 16.6406
3027, 16.6406
3028, 16.6406
3029, 16.6416
3030, 16.6416
3031, 16.6425
3032, 16.643
3033, 16.643
3034, 16.6435
3035, 16.644
3036, 16.6454
3037, 16.6473
3038, 16.6487
3039, 16.6492
3040, 16.6511
3041, 16.6511
3042, 16.6521
3043, 16.6535
3044, 16.6535
3045, 16.6535
3046, 16.654
3047, 16.6549
3048, 16.6563
3049, 16.6568
3050, 16.6587
3051, 16.6597
3052, 16.6602
3053, 16.6606
3054, 16.6611
3055, 16.6616
3056, 16.6621
3057, 16.664
3058, 16.6644
3059, 16.6654
3060, 16.6663
3061, 16.6663
3062, 16.6663
3063, 16.6673
3064, 16.6687
3065, 16.6692
3066, 16.6697
3067, 16.6702
3068, 16.6702
3069, 16.6706
3070, 16.6716
3071, 16.6725
3072, 16.6725
3073, 16.6725
3074, 16.6735
3075, 16.674
3076, 16.674
3077, 16.6744
3078, 16.6749
3079, 16.6763
3080, 16.6763
3081, 16.6768
3082, 16.6773
3083, 16.6778
3084, 16.6778
3085, 16.6778
3086, 16.6787
3087, 16.6797
3088, 16.6806
3089, 16.6806
3090, 16.6806
3091, 16.6811
3092, 16.6811
3093, 16.6816
3094, 16.6816
3095, 16.683
3096, 16.683
3097, 16.683
3098, 16.684
3099, 16.684
3100, 16.6849
3101, 16.6854
3102, 16.6859
3103, 16.6859
3104, 16.6863
3105, 16.6863
3106, 16.6868
3107, 16.6868
3108, 16.6868
3109, 16.6883
3110, 16.6887
3111, 16.6897
3112, 16.6902
3113, 16.6916
3114, 16.6916
3115, 16.6925
3116, 16.693
3117, 16.693
3118, 16.693
3119, 16.6944
3120, 16.6954
3121, 16.6963
3122, 16.6968
3123, 16.6992
3124, 16.6997
3125, 16.6997
3126, 16.6997
3127, 16.7006
3128, 16.7016
3129, 16.7016
3130, 16.7021
3131, 16.7021
3132, 16.7021
3133, 16.7025
3134, 16.7025
3135, 16.703
3136, 16.704
3137, 16.704
3138, 16.704
3139, 16.7044
3140, 16.7054
3141, 16.7059
3142, 16.7063
3143, 16.7073
3144, 16.7073
3145, 16.7078
3146, 16.7087
3147, 16.7097
3148, 16.7097
3149, 16.7111
3150, 16.713
3151, 16.7135
3152, 16.7144
3153, 16.7144
3154, 16.7149
3155, 16.7154
3156, 16.7163
3157, 16.7168
3158, 16.7187
3159, 16.7187
3160, 16.7187
3161, 16.7192
3162, 16.7192
3163, 16.7197
3164, 16.7197
3165, 16.7202
3166, 16.7206
3167, 16.7206
3168, 16.7211
3169, 16.7216
3170, 16.7216
3171, 16.7221
3172, 16.7225
3173, 16.723
3174, 16.7235
3175, 16.7249
3176, 16.7254
3177, 16.7259
3178, 16.7268
3179, 16.7268
3180, 16.7278
3181, 16.7278
3182, 16.7283
3183, 16.7287
3184, 16.7297
3185, 16.7321
3186, 16.734
3187, 16.734
3188, 16.7344
3189, 16.7378
3190, 16.7378
3191, 16.7387
3192, 16.7392
3193, 16.7397
3194, 16.7397
3195, 16.7397
3196, 16.7402
3197, 16.7411
3198, 16.7421
3199, 16.743
3200, 16.743
3201, 16.7459
3202, 16.7459
3203, 16.7459
3204, 16.7478
3205, 16.7492
3206, 16.7497
3207, 16.7497
3208, 16.7511
3209, 16.7521
3210, 16.7521
3211, 16.7525
3212, 16.7535
3213, 16.7535
3214, 16.7544
3215, 16.7549
3216, 16.7554
3217, 16.7568
3218, 16.7578
3219, 16.7582
3220, 16.7587
3221, 16.7597
3222, 16.7597
3223, 16.7602
3224, 16.7606
3225, 16.7616
3226, 16.7621
3227, 16.763
3228, 16.7635
3229, 16.7635
3230, 16.764
3231, 16.764
3232, 16.764
3233, 16.7663
3234, 16.7678
3235, 16.7692
3236, 16.7702
3237, 16.7711
3238, 16.7725
3239, 16.7725
3240, 16.773
3241, 16.773
3242, 16.7735
3243, 16.774
3244, 16.774
3245, 16.774
3246, 16.7759
3247, 16.7759
3248, 16.7768
3249, 16.7782
3250, 16.7792
3251, 16.7797
3252, 16.7806
3253, 16.7806
3254, 16.7811
3255, 16.7821
3256, 16.7825
3257, 16.783
3258, 16.783
3259, 16.784
3260, 16.7844
3261, 16.7854
3262, 16.7854
3263, 16.7863
3264, 16.7863
3265, 16.7873
3266, 16.7882
3267, 16.7882
3268, 16.7887
3269, 16.7902
3270, 16.7902
3271, 16.7902
3272, 16.7911
3273, 16.7921
3274, 16.7925
3275, 16.793
3276, 16.793
3277, 16.793
3278, 16.794
3279, 16.7949
3280, 16.7968
3281, 16.7978
3282, 16.7982
3283, 16.7982
3284, 16.7987
3285, 16.7987
3286, 16.7987
3287, 16.8006
3288, 16.8016
3289, 16.8021
3290, 16.8021
3291, 16.8021
3292, 16.8025
3293, 16.8025
3294, 16.8044
3295, 16.8054
3296, 16.8054
3297, 16.8073
3298, 16.8078
3299, 16.8078
3300, 16.8082
3301, 16.8097
3302, 16.8121
3303, 16.8135
3304, 16.814
3305, 16.8149
3306, 16.8159
3307, 16.8173
3308, 16.8178
3309, 16.8182
3310, 16.8197
3311, 16.8202
3312, 16.8216
3313, 16.8216
3314, 16.823
3315, 16.824
3316, 16.8249
3317, 16.8249
3318, 16.8259
3319, 16.8268
3320, 16.8268
3321, 16.8273
3322, 16.8278
3323, 16.8278
3324, 16.8282
3325, 16.8292
3326, 16.8297
3327, 16.8302
3328, 16.8306
3329, 16.8306
3330, 16.8306
3331, 16.8321
3332, 16.8321
3333, 16.833
3334, 16.833
3335, 16.833
3336, 16.8335
3337, 16.8354
3338, 16.8354
3339, 16.8359
3340, 16.8363
3341, 16.8368
3342, 16.8368
3343, 16.8373
3344, 16.8378
3345, 16.8378
3346, 16.8392
3347, 16.8406
3348, 16.8416
3349, 16.8425
3350, 16.8425
3351, 16.843
3352, 16.844
3353, 16.8449
3354, 16.8454
3355, 16.8459
3356, 16.8463
3357, 16.8468
3358, 16.8468
3359, 16.8473
3360, 16.8478
3361, 16.8478
3362, 16.8487
3363, 16.8506
3364, 16.8506
3365, 16.8506
3366, 16.8506
3367, 16.8521
3368, 16.8525
3369, 16.8525
3370, 16.8535
3371, 16.854
3372, 16.8554
3373, 16.8554
3374, 16.8563
3375, 16.8568
3376, 16.8573
3377, 16.8573
3378, 16.8582
3379, 16.8582
3380, 16.8587
3381, 16.8592
3382, 16.8597
3383, 16.8597
3384, 16.8606
3385, 16.8611
3386, 16.8625
3387, 16.8625
3388, 16.8625
3389, 16.8659
3390, 16.8692
3391, 16.8697
3392, 16.8697
3393, 16.8697
3394, 16.8716
3395, 16.8725
3396, 16.874
3397, 16.8749
3398, 16.8763
3399, 16.8763
3400, 16.8768
3401, 16.8787
3402, 16.8797
3403, 16.8802
3404, 16.8806
3405, 16.8825
3406, 16.884
3407, 16.884
3408, 16.884
3409, 16.8844
3410, 16.8854
3411, 16.8863
3412, 16.8868
3413, 16.8878
3414, 16.8878
3415, 16.8882
3416, 16.8892
3417, 16.8902
3418, 16.8906
3419, 16.8911
3420, 16.8916
3421, 16.8925
3422, 16.893
3423, 16.893
3424, 16.8944
3425, 16.8949
3426, 16.8968
3427, 16.8968
3428, 16.8992
3429, 16.8992
3430, 16.8992
3431, 16.8997
3432, 16.8997
3433, 16.8997
3434, 16.9006
3435, 16.9011
3436, 16.9011
3437, 16.9025
3438, 16.903
3439, 16.904
3440, 16.9054
3441, 16.9054
3442, 16.9059
3443, 16.9063
3444, 16.9078
3445, 16.9078
3446, 16.9082
3447, 16.9097
3448, 16.9106
3449, 16.9106
3450, 16.9106
3451, 16.9111
3452, 16.9116
3453, 16.9121
3454, 16.9121
3455, 16.9135
3456, 16.9144
3457, 16.9149
3458, 16.9154
3459, 16.9159
3460, 16.9178
3461, 16.9182
3462, 16.9182
3463, 16.9197
3464, 16.9197
3465, 16.9202
3466, 16.9211
3467, 16.9211
3468, 16.9221
3469, 16.924
3470, 16.9249
3471, 16.9254
3472, 16.9259
3473, 16.9259
3474, 16.9259
3475, 16.9268
3476, 16.9273
3477, 16.9273
3478, 16.9278
3479, 16.9278
3480, 16.9282
3481, 16.9282
3482, 16.9287
3483, 16.9297
3484, 16.9302
3485, 16.9306
3486, 16.9316
3487, 16.9316
3488, 16.9316
3489, 16.9321
3490, 16.933
3491, 16.9335
3492, 16.934
3493, 16.9344
3494, 16.9344
3495, 16.9344
3496, 16.9354
3497, 16.9354
3498, 16.9373
3499, 16.9387
3500, 16.9406
3501, 16.9435
3502, 16.9435
3503, 16.9449
3504, 16.9454
3505, 16.9459
3506, 16.9463
3507, 16.9463
3508, 16.9473
3509, 16.9478
3510, 16.9487
3511, 16.9487
3512, 16.9487
3513, 16.9487
3514, 16.9497
3515, 16.9506
3516, 16.9511
3517, 16.9511
3518, 16.9521
3519, 16.9525
3520, 16.9525
3521, 16.9525
3522, 16.954
3523, 16.954
3524, 16.954
3525, 16.9559
3526, 16.9559
3527, 16.9563
3528, 16.9568
3529, 16.9568
3530, 16.9578
3531, 16.9578
3532, 16.9582
3533, 16.9597
3534, 16.9616
3535, 16.963
3536, 16.9649
3537, 16.9654
3538, 16.9663
3539, 16.9668
3540, 16.9668
3541, 16.9673
3542, 16.9682
3543, 16.9687
3544, 16.9687
3545, 16.9692
3546, 16.9697
3547, 16.9711
3548, 16.9711
3549, 16.9716
3550, 16.9721
3551, 16.9735
3552, 16.9744
3553, 16.9749
3554, 16.9754
3555, 16.9768
3556, 16.9773
3557, 16.9787
3558, 16.9825
3559, 16.983
3560, 16.9844
3561, 16.9844
3562, 16.9849
3563, 16.9849
3564, 16.9854
3565, 16.9854
3566, 16.9859
3567, 16.9859
3568, 16.9863
3569, 16.9863
3570, 16.9868
3571, 16.9897
3572, 16.9897
3573, 16.9897
3574, 16.9901
3575, 16.9906
3576, 16.9911
3577, 16.9916
3578, 16.993
3579, 16.9935
3580, 16.9935
3581, 16.9944
3582, 16.9944
3583, 16.9949
3584, 16.9949
3585, 16.9959
3586, 16.9959
3587, 16.9959
3588, 16.9968
3589, 16.9968
3590, 16.9968
3591, 16.9973
3592, 16.9982
3593, 16.9982
3594, 16.9987
3595, 16.9992
3596, 17.0001
3597, 17.0006
3598, 17.0011
3599, 17.0035
3600, 17.004
3601, 17.0059
3602, 17.0063
3603, 17.0063
3604, 17.0063
3605, 17.0068
3606, 17.0073
3607, 17.0073
3608, 17.0082
3609, 17.0082
3610, 17.0082
3611, 17.0087
3612, 17.0092
3613, 17.0092
3614, 17.0101
3615, 17.0106
3616, 17.0106
3617, 17.0116
3618, 17.0135
3619, 17.014
3620, 17.0144
3621, 17.0144
3622, 17.0144
3623, 17.0159
3624, 17.0163
3625, 17.0173
3626, 17.0173
3627, 17.0178
3628, 17.0182
3629, 17.0201
3630, 17.0211
3631, 17.0216
3632, 17.023
3633, 17.0235
3634, 17.0244
3635, 17.0259
3636, 17.0259
3637, 17.0268
3638, 17.0273
3639, 17.0278
3640, 17.0278
3641, 17.0278
3642, 17.0278
3643, 17.0278
3644, 17.0282
3645, 17.0292
3646, 17.0292
3647, 17.0306
3648, 17.0311
3649, 17.0316
3650, 17.0316
3651, 17.0321
3652, 17.033
3653, 17.033
3654, 17.0335
3655, 17.0349
3656, 17.0368
3657, 17.0382
3658, 17.0397
3659, 17.0401
3660, 17.0416
3661, 17.0421
3662, 17.0425
3663, 17.0435
3664, 17.0444
3665, 17.0449
3666, 17.0449
3667, 17.0454
3668, 17.0459
3669, 17.0468
3670, 17.0492
3671, 17.0492
3672, 17.0492
3673, 17.0511
3674, 17.0516
3675, 17.0525
3676, 17.053
3677, 17.054
3678, 17.0544
3679, 17.0559
3680, 17.0563
3681, 17.0563
3682, 17.0568
3683, 17.0573
3684, 17.0578
3685, 17.0582
3686, 17.0587
3687, 17.0597
3688, 17.0601
3689, 17.0616
3690, 17.0616
3691, 17.0616
3692, 17.0621
3693, 17.0625
3694, 17.063
3695, 17.064
3696, 17.0654
3697, 17.0668
3698, 17.0673
3699, 17.0682
3700, 17.0687
3701, 17.0692
3702, 17.0706
3703, 17.0706
3704, 17.0711
3705, 17.0716
3706, 17.0716
3707, 17.0721
3708, 17.0721
3709, 17.0725
3710, 17.074
3711, 17.0744
3712, 17.0744
3713, 17.0754
3714, 17.0754
3715, 17.0759
3716, 17.0763
3717, 17.0763
3718, 17.0763
3719, 17.0773
3720, 17.0773
3721, 17.0778
3722, 17.0782
3723, 17.0787
3724, 17.0797
3725, 17.0811
3726, 17.084
3727, 17.0844
3728, 17.0844
3729, 17.0849
3730, 17.0854
3731, 17.0878
3732, 17.0878
3733, 17.0882
3734, 17.0887
3735, 17.0887
3736, 17.0892
3737, 17.0901
3738, 17.0906
3739, 17.0921
3740, 17.093
3741, 17.093
3742, 17.0935
3743, 17.094
3744, 17.0944
3745, 17.0949
3746, 17.0949
3747, 17.0968
3748, 17.0973
3749, 17.0973
3750, 17.0978
3751, 17.0978
3752, 17.0978
3753, 17.0987
3754, 17.0987
3755, 17.0987
3756, 17.0997
3757, 17.1001
3758, 17.1001
3759, 17.1006
3760, 17.1011
3761, 17.1025
3762, 17.104
3763, 17.1044
3764, 17.1044
3765, 17.1059
3766, 17.1068
3767, 17.1078
3768, 17.1078
3769, 17.1082
3770, 17.1087
3771, 17.1087
3772, 17.1101
3773, 17.1101
3774, 17.1106
3775, 17.1106
3776, 17.1106
3777, 17.1116
3778, 17.1121
3779, 17.114
3780, 17.1149
3781, 17.1149
3782, 17.1159
3783, 17.1159
3784, 17.1173
3785, 17.1187
3786, 17.1192
3787, 17.1206
3788, 17.1211
3789, 17.1216
3790, 17.1221
3791, 17.1225
3792, 17.123
3793, 17.1259
3794, 17.1268
3795, 17.1273
3796, 17.1273
3797, 17.1282
3798, 17.1287
3799, 17.1292
3800, 17.1297
3801, 17.1297
3802, 17.1297
3803, 17.1301
3804, 17.1301
3805, 17.1306
3806, 17.1306
3807, 17.1311
3808, 17.1311
3809, 17.1311
3810, 17.1316
3811, 17.1325
3812, 17.1335
3813, 17.1335
3814, 17.1335
3815, 17.134
3816, 17.1349
3817, 17.1349
3818, 17.1359
3819, 17.1359
3820, 17.1373
3821, 17.1382
3822, 17.1387
3823, 17.1392
3824, 17.1401
3825, 17.1406
3826, 17.1411
3827, 17.1416
3828, 17.1425
3829, 17.1425
3830, 17.143
3831, 17.1435
3832, 17.1444
3833, 17.1449
3834, 17.1468
3835, 17.1468
3836, 17.1482
3837, 17.1487
3838, 17.1492
3839, 17.1492
3840, 17.1497
3841, 17.1501
3842, 17.1511
3843, 17.1525
3844, 17.1549
3845, 17.1554
3846, 17.1563
3847, 17.1568
3848, 17.1578
3849, 17.1601
3850, 17.1606
3851, 17.1625
3852, 17.1625
3853, 17.163
3854, 17.1635
3855, 17.1649
3856, 17.1649
3857, 17.1654
3858, 17.1659
3859, 17.1663
3860, 17.1668
3861, 17.1687
3862, 17.1687
3863, 17.1687
3864, 17.1697
3865, 17.1697
3866, 17.1721
3867, 17.1744
3868, 17.1749
3869, 17.1754
3870, 17.1754
3871, 17.1759
3872, 17.1773
3873, 17.1773
3874, 17.1773
3875, 17.1773
3876, 17.1797
3877, 17.1797
3878, 17.1797
3879, 17.1811
3880, 17.1816
3881, 17.1821
3882, 17.1825
3883, 17.183
3884, 17.1849
3885, 17.1849
3886, 17.1859
3887, 17.1859
3888, 17.1863
3889, 17.1873
3890, 17.1873
3891, 17.1878
3892, 17.1882
3893, 17.1887
3894, 17.1892
3895, 17.1897
3896, 17.1897
3897, 17.1901
3898, 17.1906
3899, 17.1906
3900, 17.1916
3901, 17.1916
3902, 17.1916
3903, 17.1921
3904, 17.1921
3905, 17.1925
3906, 17.1935
3907, 17.194
3908, 17.1959
3909, 17.1963
3910, 17.1968
3911, 17.1978
3912, 17.1978
3913, 17.1987
3914, 17.1997
3915, 17.2001
3916, 17.2006
3917, 17.2006
3918, 17.2021
3919, 17.203
3920, 17.203
3921, 17.203
3922, 17.2049
3923, 17.2059
3924, 17.2059
3925, 17.2059
3926, 17.2063
3927, 17.2063
3928, 17.2068
3929, 17.2082
3930, 17.2082
3931, 17.2082
3932, 17.2092
3933, 17.2097
3934, 17.2121
3935, 17.2125
3936, 17.213
3937, 17.2135
3938, 17.2144
3939, 17.2149
3940, 17.2163
3941, 17.2163
3942, 17.2182
3943, 17.2187
3944, 17.2192
3945, 17.2206
3946, 17.2206
3947, 17.2221
3948, 17.223
3949, 17.2235
3950, 17.2235
3951, 17.2235
3952, 17.224
3953, 17.2254
3954, 17.2273
3955, 17.2282
3956, 17.2282
3957, 17.2287
3958, 17.2287
3959, 17.2301
3960, 17.2301
3961, 17.2301
3962, 17.2306
3963, 17.2306
3964, 17.2311
3965, 17.2311
3966, 17.2311
3967, 17.2316
3968, 17.2325
3969, 17.233
3970, 17.233
3971, 17.234
3972, 17.2349
3973, 17.2349
3974, 17.2359
3975, 17.2363
3976, 17.2373
3977, 17.2373
3978, 17.2378
3979, 17.2387
3980, 17.2387
3981, 17.2397
3982, 17.2397
3983, 17.2416
3984, 17.2416
3985, 17.242
3986, 17.242
3987, 17.2425
3988, 17.243
3989, 17.2444
3990, 17.2449
3991, 17.2449
3992, 17.2449
3993, 17.2459
3994, 17.2459
3995, 17.2463
3996, 17.2487
3997, 17.2487
3998, 17.2492
3999, 17.2497
4000, 17.2497
4001, 17.2501
4002, 17.2506
4003, 17.2511
4004, 17.252
4005, 17.2525
4006, 17.253
4007, 17.254
4008, 17.254
4009, 17.2549
4010, 17.2559
4011, 17.2563
4012, 17.2568
4013, 17.2568
4014, 17.2587
4015, 17.2587
4016, 17.2587
4017, 17.2592
4018, 17.2597
4019, 17.2611
4020, 17.2611
4021, 17.2611
4022, 17.262
4023, 17.2644
4024, 17.2644
4025, 17.2649
4026, 17.2654
4027, 17.2668
4028, 17.2673
4029, 17.2673
4030, 17.2673
4031, 17.2673
4032, 17.2678
4033, 17.2678
4034, 17.2692
4035, 17.2697
4036, 17.2697
4037, 17.2697
4038, 17.2706
4039, 17.2716
4040, 17.272
4041, 17.2735
4042, 17.2749
4043, 17.2759
4044, 17.2763
4045, 17.2763
4046, 17.2773
4047, 17.2778
4048, 17.2782
4049, 17.2787
4050, 17.2787
4051, 17.2797
4052, 17.2797
4053, 17.2801
4054, 17.2801
4055, 17.2806
4056, 17.2816
4057, 17.282
4058, 17.283
4059, 17.2849
4060, 17.2854
4061, 17.2859
4062, 17.2863
4063, 17.2863
4064, 17.2878
4065, 17.2882
4066, 17.2892
4067, 17.2906
4068, 17.2906
4069, 17.2916
4070, 17.292
4071, 17.2925
4072, 17.2925
4073, 17.293
4074, 17.2935
4075, 17.294
4076, 17.2949
4077, 17.2959
4078, 17.2959
4079, 17.2959
4080, 17.2973
4081, 17.2978
4082, 17.2987
4083, 17.2997
4084, 17.3006
4085, 17.3011
4086, 17.303
4087, 17.303
4088, 17.3035
4089, 17.3035
4090, 17.3035
4091, 17.304
4092, 17.304
4093, 17.3044
4094, 17.3044
4095, 17.3044
4096, 17.3049
4097, 17.3068
4098, 17.3092
4099, 17.3101
4100, 17.3106
4101, 17.3116
4102, 17.312
4103, 17.3125
4104, 17.313
4105, 17.314
4106, 17.3154
4107, 17.3168
4108, 17.3168
4109, 17.3173
4110, 17.3178
4111, 17.3197
4112, 17.3197
4113, 17.3197
4114, 17.3201
4115, 17.3206
4116, 17.322
4117, 17.323
4118, 17.323
4119, 17.3244
4120, 17.3249
4121, 17.3263
4122, 17.3263
4123, 17.3263
4124, 17.3263
4125, 17.3268
4126, 17.3273
4127, 17.3278
4128, 17.3292
4129, 17.3297
4130, 17.3301
4131, 17.3306
4132, 17.3316
4133, 17.332
4134, 17.3363
4135, 17.3363
4136, 17.3363
4137, 17.3363
4138, 17.3368
4139, 17.3382
4140, 17.3392
4141, 17.3397
4142, 17.3406
4143, 17.3411
4144, 17.3416
4145, 17.342
4146, 17.342
4147, 17.3435
4148, 17.3444
4149, 17.3454
4150, 17.3463
4151, 17.3468
4152, 17.3473
4153, 17.3473
4154, 17.3482
4155, 17.3497
4156, 17.3511
4157, 17.3525
4158, 17.3525
4159, 17.353
4160, 17.354
4161, 17.3544
4162, 17.3549
4163, 17.3549
4164, 17.3554
4165, 17.3554
4166, 17.3582
4167, 17.3601
4168, 17.3611
4169, 17.3611
4170, 17.3611
4171, 17.362
4172, 17.3635
4173, 17.3635
4174, 17.3644
4175, 17.3673
4176, 17.3678
4177, 17.3682
4178, 17.3682
4179, 17.3682
4180, 17.3697
4181, 17.3697
4182, 17.3711
4183, 17.3716
4184, 17.372
4185, 17.372
4186, 17.3735
4187, 17.3744
4188, 17.3749
4189, 17.3749
4190, 17.3749
4191, 17.3759
4192, 17.3773
4193, 17.3778
4194, 17.3782
4195, 17.3782
4196, 17.3782
4197, 17.3782
4198, 17.3787
4199, 17.3792
4200, 17.3792
4201, 17.3801
4202, 17.3806
4203, 17.3811
4204, 17.383
4205, 17.384
4206, 17.384
4207, 17.3844
4208, 17.3849
4209, 17.3854
4210, 17.3868
4211, 17.3868
4212, 17.3878
4213, 17.3892
4214, 17.3897
4215, 17.3906
4216, 17.3906
4217, 17.3906
4218, 17.3911
4219, 17.392
4220, 17.3925
4221, 17.3925
4222, 17.393
4223, 17.393
4224, 17.394
4225, 17.394
4226, 17.3944
4227, 17.3949
4228, 17.3954
4229, 17.3954
4230, 17.3959
4231, 17.3959
4232, 17.3959
4233, 17.3968
4234, 17.3968
4235, 17.3978
4236, 17.3992
4237, 17.3992
4238, 17.3997
4239, 17.4006
4240, 17.4011
4241, 17.4016
4242, 17.402
4243, 17.402
4244, 17.4025
4245, 17.403
4246, 17.4035
4247, 17.404
4248, 17.4049
4249, 17.4063
4250, 17.4073
4251, 17.4078
4252, 17.4078
4253, 17.4078
4254, 17.4078
4255, 17.4078
4256, 17.4087
4257, 17.4092
4258, 17.4101
4259, 17.4111
4260, 17.4111
4261, 17.4116
4262, 17.4125
4263, 17.413
4264, 17.413
4265, 17.414
4266, 17.4149
4267, 17.4173
4268, 17.4182
4269, 17.4182
4270, 17.4192
4271, 17.4197
4272, 17.4201
4273, 17.4201
4274, 17.4201
4275, 17.4206
4276, 17.4211
4277, 17.4216
4278, 17.4216
4279, 17.4216
4280, 17.4216
4281, 17.422
4282, 17.423
4283, 17.424
4284, 17.4244
4285, 17.4244
4286, 17.4249
4287, 17.4254
4288, 17.4259
4289, 17.4263
4290, 17.4282
4291, 17.4282
4292, 17.4282
4293, 17.4287
4294, 17.4287
4295, 17.4292
4296, 17.4301
4297, 17.4301
4298, 17.4306
4299, 17.4311
4300, 17.4311
4301, 17.4311
4302, 17.432
4303, 17.432
4304, 17.4335
4305, 17.4335
4306, 17.4335
4307, 17.4344
4308, 17.4349
4309, 17.4359
4310, 17.4363
4311, 17.4368
4312, 17.4382
4313, 17.4382
4314, 17.4387
4315, 17.4392
4316, 17.4411
4317, 17.4416
4318, 17.442
4319, 17.442
4320, 17.4425
4321, 17.4435
4322, 17.444
4323, 17.4444
4324, 17.4444
4325, 17.4449
4326, 17.4454
4327, 17.4459
4328, 17.4468
4329, 17.4478
4330, 17.4506
4331, 17.452
4332, 17.452
4333, 17.452
4334, 17.4525
4335, 17.4525
4336, 17.4544
4337, 17.4544
4338, 17.4549
4339, 17.4549
4340, 17.4549
4341, 17.4559
4342, 17.4573
4343, 17.4573
4344, 17.4578
4345, 17.4578
4346, 17.4578
4347, 17.4587
4348, 17.4587
4349, 17.4592
4350, 17.4592
4351, 17.4606
4352, 17.4611
4353, 17.4611
4354, 17.4616
4355, 17.4654
4356, 17.4654
4357, 17.4663
4358, 17.4663
4359, 17.4668
4360, 17.4673
4361, 17.4682
4362, 17.4682
4363, 17.4682
4364, 17.4687
4365, 17.4692
4366, 17.4701
4367, 17.4706
4368, 17.4706
4369, 17.4716
4370, 17.473
4371, 17.4735
4372, 17.4744
4373, 17.4754
4374, 17.4763
4375, 17.4768
4376, 17.4778
4377, 17.4782
4378, 17.4792
4379, 17.4797
4380, 17.4801
4381, 17.4801
4382, 17.4806
4383, 17.4811
4384, 17.4816
4385, 17.4825
4386, 17.4825
4387, 17.483
4388, 17.4835
4389, 17.4839
4390, 17.4839
4391, 17.4839
4392, 17.4844
4393, 17.4849
4394, 17.4854
4395, 17.4863
4396, 17.4863
4397, 17.4868
4398, 17.4878
4399, 17.4882
4400, 17.4887
4401, 17.4892
4402, 17.4901
4403, 17.4901
4404, 17.492
4405, 17.493
4406, 17.4944
4407, 17.4944
4408, 17.4944
4409, 17.4949
4410, 17.4949
4411, 17.4954
4412, 17.4963
4413, 17.4973
4414, 17.4978
4415, 17.4982
4416, 17.4987
4417, 17.5001
4418, 17.5006
4419, 17.5025
4420, 17.503
4421, 17.5035
4422, 17.5049
4423, 17.5049
4424, 17.5054
4425, 17.5059
4426, 17.5063
4427, 17.5073
4428, 17.5078
4429, 17.5078
4430, 17.5082
4431, 17.5082
4432, 17.5087
4433, 17.5097
4434, 17.5106
4435, 17.5135
4436, 17.5135
4437, 17.5159
4438, 17.5159
4439, 17.5168
4440, 17.5173
4441, 17.5173
4442, 17.5182
4443, 17.5182
4444, 17.5182
4445, 17.5187
4446, 17.5206
4447, 17.5211
4448, 17.5225
4449, 17.523
4450, 17.5239
4451, 17.5244
4452, 17.5249
4453, 17.5268
4454, 17.5268
4455, 17.5268
4456, 17.5282
4457, 17.5287
4458, 17.5292
4459, 17.5292
4460, 17.5301
4461, 17.5311
4462, 17.5316
4463, 17.532
4464, 17.5335
4465, 17.5354
4466, 17.5354
4467, 17.5354
4468, 17.5368
4469, 17.5368
4470, 17.5373
4471, 17.5378
4472, 17.5382
4473, 17.5387
4474, 17.5387
4475, 17.5392
4476, 17.5397
4477, 17.5397
4478, 17.5397
4479, 17.5397
4480, 17.5406
4481, 17.5411
4482, 17.543
4483, 17.543
4484, 17.5435
4485, 17.5439
4486, 17.5449
4487, 17.5454
4488, 17.5459
4489, 17.5463
4490, 17.5463
4491, 17.5473
4492, 17.5473
4493, 17.5473
4494, 17.5478
4495, 17.5482
4496, 17.5487
4497, 17.5492
4498, 17.5501
4499, 17.5511
4500, 17.5516
4501, 17.552
4502, 17.552
4503, 17.552
4504, 17.5525
4505, 17.5525
4506, 17.5535
4507, 17.5539
4508, 17.5539
4509, 17.5544
4510, 17.5544
4511, 17.5549
4512, 17.5549
4513, 17.5549
4514, 17.5563
4515, 17.5563
4516, 17.5568
4517, 17.5568
4518, 17.5573
4519, 17.5573
4520, 17.5578
4521, 17.5582
4522, 17.5582
4523, 17.5587
4524, 17.5587
4525, 17.5592
4526, 17.5592
4527, 17.5597
4528, 17.5597
4529, 17.5601
4530, 17.5616
4531, 17.5616
4532, 17.5616
4533, 17.563
4534, 17.563
4535, 17.5635
4536, 17.5635
4537, 17.5639
4538, 17.5639
4539, 17.5649
4540, 17.5649
4541, 17.5659
4542, 17.5663
4543, 17.5663
4544, 17.5663
4545, 17.5663
4546, 17.5673
4547, 17.5673
4548, 17.5682
4549, 17.5682
4550, 17.5687
4551, 17.5687
4552, 17.5692
4553, 17.5701
4554, 17.5711
4555, 17.5716
4556, 17.5716
4557, 17.572
4558, 17.5725
4559, 17.5725
4560, 17.573
4561, 17.5735
4562, 17.5749
4563, 17.5759
4564, 17.5763
4565, 17.5773
4566, 17.5778
4567, 17.5782
4568, 17.5782
4569, 17.5782
4570, 17.5787
4571, 17.5792
4572, 17.5792
4573, 17.5801
4574, 17.5806
4575, 17.5811
4576, 17.5816
4577, 17.582
4578, 17.582
4579, 17.5825
4580, 17.5835
4581, 17.5835
4582, 17.5854
4583, 17.5859
4584, 17.5863
4585, 17.5868
4586, 17.5868
4587, 17.5868
4588, 17.5873
4589, 17.5892
4590, 17.5897
4591, 17.5906
4592, 17.592
4593, 17.592
4594, 17.5925
4595, 17.5939
4596, 17.5944
4597, 17.5954
4598, 17.5954
4599, 17.5959
4600, 17.5963
4601, 17.5968
4602, 17.5968
4603, 17.5987
4604, 17.5992
4605, 17.6006
4606, 17.6006
4607, 17.6011
4608, 17.6016
4609, 17.6016
4610, 17.602
4611, 17.602
4612, 17.6025
4613, 17.603
4614, 17.603
4615, 17.6044
4616, 17.6049
4617, 17.6049
4618, 17.6054
4619, 17.6054
4620, 17.6054
4621, 17.6063
4622, 17.6073
4623, 17.6082
4624, 17.6082
4625, 17.6087
4626, 17.6097
4627, 17.6101
4628, 17.6101
4629, 17.6116
4630, 17.612
4631, 17.613
4632, 17.6135
4633, 17.6135
4634, 17.6154
4635, 17.6154
4636, 17.6159
4637, 17.6168
4638, 17.6168
4639, 17.6187
4640, 17.6192
4641, 17.6197
4642, 17.6197
4643, 17.6206
4644, 17.6206
4645, 17.6216
4646, 17.6216
4647, 17.622
4648, 17.622
4649, 17.622
4650, 17.6225
4651, 17.6235
4652, 17.6235
4653, 17.6235
4654, 17.6249
4655, 17.6263
4656, 17.6263
4657, 17.6273
4658, 17.6282
4659, 17.6282
4660, 17.6301
4661, 17.6306
4662, 17.6316
4663, 17.632
4664, 17.633
4665, 17.633
4666, 17.633
4667, 17.633
4668, 17.6335
4669, 17.6339
4670, 17.6349
4671, 17.6354
4672, 17.6363
4673, 17.6363
4674, 17.6373
4675, 17.6378
4676, 17.6392
4677, 17.6392
4678, 17.6392
4679, 17.6397
4680, 17.6406
4681, 17.6425
4682, 17.6425
4683, 17.6449
4684, 17.6449
4685, 17.6454
4686, 17.6454
4687, 17.6454
4688, 17.6454
4689, 17.6454
4690, 17.6459
4691, 17.6459
4692, 17.6463
4693, 17.6473
4694, 17.6478
4695, 17.6482
4696, 17.6487
4697, 17.6492
4698, 17.6506
4699, 17.6506
4700, 17.6506
4701, 17.6506
4702, 17.6506
4703, 17.6511
4704, 17.653
4705, 17.653
4706, 17.653
4707, 17.6549
4708, 17.6549
4709, 17.6559
4710, 17.6563
4711, 17.6568
4712, 17.6582
4713, 17.6582
4714, 17.6597
4715, 17.6606
4716, 17.6611
4717, 17.6611
4718, 17.6616
4719, 17.6644
4720, 17.6654
4721, 17.6654
4722, 17.6663
4723, 17.6663
4724, 17.6668
4725, 17.6673
4726, 17.6673
4727, 17.6673
4728, 17.6678
4729, 17.6682
4730, 17.6682
4731, 17.6682
4732, 17.6682
4733, 17.6697
4734, 17.6697
4735, 17.6701
4736, 17.6706
4737, 17.6711
4738, 17.6711
4739, 17.672
4740, 17.6725
4741, 17.673
4742, 17.6735
4743, 17.6735
4744, 17.6739
4745, 17.6739
4746, 17.6739
4747, 17.6744
4748, 17.6749
4749, 17.6782
4750, 17.6797
4751, 17.6801
4752, 17.6806
4753, 17.6811
4754, 17.6816
4755, 17.6844
4756, 17.6849
4757, 17.6873
4758, 17.6873
4759, 17.6882
4760, 17.6897
4761, 17.6901
4762, 17.6901
4763, 17.6901
4764, 17.6906
4765, 17.6911
4766, 17.6916
4767, 17.6925
4768, 17.6925
4769, 17.6925
4770, 17.6935
4771, 17.6949
4772, 17.6949
4773, 17.6959
4774, 17.6963
4775, 17.6968
4776, 17.6973
4777, 17.6978
4778, 17.6978
4779, 17.6992
4780, 17.6997
4781, 17.7001
4782, 17.7011
4783, 17.7011
4784, 17.7016
4785, 17.7016
4786, 17.7016
4787, 17.702
4788, 17.702
4789, 17.7025
4790, 17.703
4791, 17.7035
4792, 17.7039
4793, 17.7049
4794, 17.7063
4795, 17.7063
4796, 17.7068
4797, 17.7073
4798, 17.7078
4799, 17.7078
4800, 17.7092
4801, 17.7101
4802, 17.7101
4803, 17.7111
4804, 17.712
4805, 17.7135
4806, 17.7135
4807, 17.7139
4808, 17.7159
4809, 17.7173
4810, 17.7173
4811, 17.7182
4812, 17.7187
4813, 17.7187
4814, 17.7192
4815, 17.7201
4816, 17.7216
4817, 17.722
4818, 17.7225
4819, 17.723
4820, 17.7244
4821, 17.7263
4822, 17.7268
4823, 17.7273
4824, 17.7273
4825, 17.7278
4826, 17.7282
4827, 17.7287
4828, 17.7292
4829, 17.7311
4830, 17.7316
4831, 17.7325
4832, 17.7325
4833, 17.7325
4834, 17.7335
4835, 17.7339
4836, 17.7344
4837, 17.7363
4838, 17.7373
4839, 17.7378
4840, 17.7382
4841, 17.7387
4842, 17.7401
4843, 17.7401
4844, 17.7411
4845, 17.7411
4846, 17.7411
4847, 17.7411
4848, 17.7416
4849, 17.743
4850, 17.743
4851, 17.7439
4852, 17.7439
4853, 17.7439
4854, 17.7439
4855, 17.7444
4856, 17.7449
4857, 17.7449
4858, 17.7449
4859, 17.7458
4860, 17.7468
4861, 17.7468
4862, 17.7473
4863, 17.7478
4864, 17.7478
4865, 17.7478
4866, 17.7482
4867, 17.7482
4868, 17.7492
4869, 17.7501
4870, 17.7511
4871, 17.7511
4872, 17.7516
4873, 17.752
4874, 17.7544
4875, 17.7544
4876, 17.7549
4877, 17.7558
4878, 17.7573
4879, 17.7573
4880, 17.7578
4881, 17.7592
4882, 17.7597
4883, 17.7601
4884, 17.7606
4885, 17.7606
4886, 17.7611
4887, 17.7616
4888, 17.762
4889, 17.7625
4890, 17.7625
4891, 17.7625
4892, 17.7639
4893, 17.7649
4894, 17.7663
4895, 17.7663
4896, 17.7663
4897, 17.7673
4898, 17.7678
4899, 17.7682
4900, 17.7711
4901, 17.772
4902, 17.7725
4903, 17.773
4904, 17.773
4905, 17.7739
4906, 17.7754
4907, 17.7773
4908, 17.7778
4909, 17.7778
4910, 17.7782
4911, 17.7782
4912, 17.7787
4913, 17.7787
4914, 17.7787
4915, 17.7797
4916, 17.7816
4917, 17.7825
4918, 17.783
4919, 17.7835
4920, 17.7835
4921, 17.7839
4922, 17.7854
4923, 17.7854
4924, 17.7854
4925, 17.7858
4926, 17.7882
4927, 17.7882
4928, 17.7892
4929, 17.7892
4930, 17.7897
4931, 17.7897
4932, 17.7901
4933, 17.7901
4934, 17.7916
4935, 17.7944
4936, 17.7944
4937, 17.7954
4938, 17.7963
4939, 17.7992
4940, 17.7997
4941, 17.8001
4942, 17.8016
4943, 17.8016
4944, 17.802
4945, 17.8039
4946, 17.8039
4947, 17.8049
4948, 17.8049
4949, 17.8054
4950, 17.8058
4951, 17.8063
4952, 17.8063
4953, 17.8068
4954, 17.8073
4955, 17.8073
4956, 17.8078
4957, 17.8078
4958, 17.8082
4959, 17.8101
4960, 17.8101
4961, 17.8101
4962, 17.8106
4963, 17.8111
4964, 17.812
4965, 17.8125
4966, 17.8125
4967, 17.8125
4968, 17.8135
4969, 17.8139
4970, 17.8139
4971, 17.8144
4972, 17.8158
4973, 17.8158
4974, 17.8163
4975, 17.8168
4976, 17.8173
4977, 17.8178
4978, 17.8187
4979, 17.8187
4980, 17.8192
4981, 17.8201
4982, 17.8201
4983, 17.8206
4984, 17.8211
4985, 17.8235
4986, 17.8244
4987, 17.8249
4988, 17.8249
4989, 17.8254
4990, 17.8254
4991, 17.8258
4992, 17.8258
4993, 17.8263
4994, 17.8263
4995, 17.8268
4996, 17.8273
4997, 17.8273
4998, 17.8282
4999, 17.8282
5000, 17.8287
5001, 17.8287
5002, 17.8287
5003, 17.8292
5004, 17.8297
5005, 17.8297
5006, 17.8301
5007, 17.8306
5008, 17.8306
5009, 17.8316
5010, 17.8339
5011, 17.8339
5012, 17.8344
5013, 17.8344
5014, 17.8373
5015, 17.8378
5016, 17.8387
5017, 17.8387
5018, 17.8392
5019, 17.8397
5020, 17.8406
5021, 17.8435
5022, 17.8439
5023, 17.8439
5024, 17.8458
5025, 17.8463
5026, 17.8468
5027, 17.8473
5028, 17.8478
5029, 17.8482
5030, 17.8482
5031, 17.8487
5032, 17.8487
5033, 17.8487
5034, 17.8487
5035, 17.8492
5036, 17.8506
5037, 17.8506
5038, 17.8511
5039, 17.852
5040, 17.852
5041, 17.8525
5042, 17.8578
5043, 17.8578
5044, 17.8587
5045, 17.8587
5046, 17.8592
5047, 17.8592
5048, 17.8611
5049, 17.8616
5050, 17.862
5051, 17.8625
5052, 17.8625
5053, 17.863
5054, 17.8635
5055, 17.8635
5056, 17.8649
5057, 17.8649
5058, 17.8668
5059, 17.8668
5060, 17.8668
5061, 17.8678
5062, 17.8678
5063, 17.8706
5064, 17.8706
5065, 17.8711
5066, 17.8711
5067, 17.8711
5068, 17.872
5069, 17.8735
5070, 17.8739
5071, 17.8744
5072, 17.8782
5073, 17.8792
5074, 17.8797
5075, 17.8797
5076, 17.8801
5077, 17.882
5078, 17.8825
5079, 17.883
5080, 17.883
5081, 17.8835
5082, 17.8835
5083, 17.8844
5084, 17.8849
5085, 17.8854
5086, 17.8858
5087, 17.8892
5088, 17.8892
5089, 17.8892
5090, 17.8897
5091, 17.8897
5092, 17.8901
5093, 17.8906
5094, 17.8906
5095, 17.8906
5096, 17.8906
5097, 17.8916
5098, 17.8944
5099, 17.8949
5100, 17.8949
5101, 17.8954
5102, 17.8963
5103, 17.8963
5104, 17.8973
5105, 17.8978
5106, 17.8987
5107, 17.8987
5108, 17.8992
5109, 17.8997
5110, 17.9001
5111, 17.9006
5112, 17.9011
5113, 17.9011
5114, 17.9016
5115, 17.902
5116, 17.903
5117, 17.9049
5118, 17.9049
5119, 17.9058
5120, 17.9063
5121, 17.9063
5122, 17.9068
5123, 17.9073
5124, 17.9082
5125, 17.9087
5126, 17.9092
5127, 17.9101
5128, 17.9101
5129, 17.9106
5130, 17.9111
5131, 17.9111
5132, 17.9116
5133, 17.9116
5134, 17.912
5135, 17.912
5136, 17.9154
5137, 17.9154
5138, 17.9173
5139, 17.9173
5140, 17.9178
5141, 17.9197
5142, 17.9201
5143, 17.9206
5144, 17.9211
5145, 17.923
5146, 17.9249
5147, 17.9249
5148, 17.9254
5149, 17.9254
5150, 17.9258
5151, 17.9258
5152, 17.9263
5153, 17.9268
5154, 17.9287
5155, 17.9297
5156, 17.9306
5157, 17.932
5158, 17.932
5159, 17.933
5160, 17.9335
5161, 17.9335
5162, 17.9339
5163, 17.9339
5164, 17.9339
5165, 17.9344
5166, 17.9358
5167, 17.9368
5168, 17.9368
5169, 17.9368
5170, 17.9373
5171, 17.9378
5172, 17.9382
5173, 17.9397
5174, 17.9397
5175, 17.9416
5176, 17.942
5177, 17.9435
5178, 17.9439
5179, 17.9454
5180, 17.9454
5181, 17.9458
5182, 17.9458
5183, 17.9463
5184, 17.9468
5185, 17.9482
5186, 17.9487
5187, 17.9511
5188, 17.9525
5189, 17.9525
5190, 17.953
5191, 17.9539
5192, 17.9539
5193, 17.9554
5194, 17.9563
5195, 17.9563
5196, 17.9573
5197, 17.9578
5198, 17.9582
5199, 17.9582
5200, 17.9597
5201, 17.9611
5202, 17.9611
5203, 17.9616
5204, 17.962
5205, 17.962
5206, 17.9625
5207, 17.9625
5208, 17.963
5209, 17.9649
5210, 17.9663
5211, 17.9668
5212, 17.9678
5213, 17.9678
5214, 17.9697
5215, 17.9697
5216, 17.9697
5217, 17.9701
5218, 17.9716
5219, 17.973
5220, 17.973
5221, 17.9735
5222, 17.9744
5223, 17.9749
5224, 17.9758
5225, 17.9768
5226, 17.9777
5227, 17.9777
5228, 17.9777
5229, 17.9792
5230, 17.9792
5231, 17.9797
5232, 17.9801
5233, 17.9806
5234, 17.9825
5235, 17.983
5236, 17.983
5237, 17.9835
5238, 17.9839
5239, 17.9854
5240, 17.9868
5241, 17.9873
5242, 17.9877
5243, 17.9877
5244, 17.9877
5245, 17.9892
5246, 17.9892
5247, 17.9897
5248, 17.9911
5249, 17.992
5250, 17.9944
5251, 17.9958
5252, 17.9963
5253, 17.9963
5254, 17.9963
5255, 17.9968
5256, 17.9977
5257, 17.9992
5258, 17.9997
5259, 17.9997
5260, 18.0001
5261, 18.0001
5262, 18.0006
5263, 18.0025
5264, 18.003
5265, 18.003
5266, 18.003
5267, 18.003
5268, 18.0039
5269, 18.0044
5270, 18.0068
5271, 18.0068
5272, 18.0073
5273, 18.0073
5274, 18.0073
5275, 18.0087
5276, 18.0092
5277, 18.0101
5278, 18.0106
5279, 18.0111
5280, 18.0111
5281, 18.0116
5282, 18.0125
5283, 18.0125
5284, 18.0144
5285, 18.0154
5286, 18.0158
5287, 18.0163
5288, 18.0173
5289, 18.0177
5290, 18.0192
5291, 18.0197
5292, 18.0211
5293, 18.022
5294, 18.0225
5295, 18.023
5296, 18.023
5297, 18.023
5298, 18.0235
5299, 18.0244
5300, 18.0249
5301, 18.0249
5302, 18.0254
5303, 18.0258
5304, 18.0258
5305, 18.0263
5306, 18.0273
5307, 18.0277
5308, 18.0282
5309, 18.0287
5310, 18.0287
5311, 18.0297
5312, 18.0306
5313, 18.0311
5314, 18.032
5315, 18.0325
5316, 18.033
5317, 18.033
5318, 18.0349
5319, 18.0354
5320, 18.0363
5321, 18.0373
5322, 18.0382
5323, 18.0382
5324, 18.0392
5325, 18.0397
5326, 18.0397
5327, 18.0411
5328, 18.042
5329, 18.043
5330, 18.043
5331, 18.0435
5332, 18.0435
5333, 18.0435
5334, 18.0435
5335, 18.0439
5336, 18.0454
5337, 18.0458
5338, 18.0473
5339, 18.0473
5340, 18.0473
5341, 18.0477
5342, 18.0482
5343, 18.0482
5344, 18.0482
5345, 18.0482
5346, 18.0492
5347, 18.0497
5348, 18.0497
5349, 18.0501
5350, 18.0506
5351, 18.0511
5352, 18.053
5353, 18.0535
5354, 18.0535
5355, 18.0535
5356, 18.0544
5357, 18.0549
5358, 18.0549
5359, 18.0549
5360, 18.0558
5361, 18.0563
5362, 18.0568
5363, 18.0582
5364, 18.0582
5365, 18.0592
5366, 18.0601
5367, 18.0606
5368, 18.062
5369, 18.063
5370, 18.0639
5371, 18.0644
5372, 18.0644
5373, 18.0644
5374, 18.0649
5375, 18.0663
5376, 18.0682
5377, 18.0692
5378, 18.0697
5379, 18.0701
5380, 18.0701
5381, 18.0706
5382, 18.0706
5383, 18.0711
5384, 18.0716
5385, 18.072
5386, 18.073
5387, 18.073
5388, 18.0744
5389, 18.0749
5390, 18.0749
5391, 18.0754
5392, 18.0754
5393, 18.0758
5394, 18.0758
5395, 18.0768
5396, 18.0768
5397, 18.0773
5398, 18.0787
5399, 18.0787
5400, 18.0787
5401, 18.0792
5402, 18.0792
5403, 18.0797
5404, 18.0797
5405, 18.0801
5406, 18.0801
5407, 18.0811
5408, 18.0816
5409, 18.0825
5410, 18.083
5411, 18.083
5412, 18.0849
5413, 18.0849
5414, 18.0849
5415, 18.0863
5416, 18.0868
5417, 18.0868
5418, 18.0868
5419, 18.0873
5420, 18.0877
5421, 18.0882
5422, 18.0882
5423, 18.0882
5424, 18.0882
5425, 18.0887
5426, 18.0897
5427, 18.0897
5428, 18.0897
5429, 18.0901
5430, 18.0906
5431, 18.0911
5432, 18.092
5433, 18.092
5434, 18.092
5435, 18.0925
5436, 18.093
5437, 18.093
5438, 18.0935
5439, 18.0935
5440, 18.0935
5441, 18.0939
5442, 18.0944
5443, 18.0949
5444, 18.0949
5445, 18.0954
5446, 18.0958
5447, 18.0963
5448, 18.0963
5449, 18.0968
5450, 18.0973
5451, 18.0977
5452, 18.0977
5453, 18.0982
5454, 18.0982
5455, 18.0992
5456, 18.1001
5457, 18.1016
5458, 18.1025
5459, 18.1025
5460, 18.103
5461, 18.1035
5462, 18.1039
5463, 18.1039
5464, 18.1044
5465, 18.1044
5466, 18.1054
5467, 18.1058
5468, 18.1058
5469, 18.1058
5470, 18.1073
5471, 18.1087
5472, 18.1087
5473, 18.1097
5474, 18.1101
5475, 18.1111
5476, 18.112
5477, 18.112
5478, 18.112
5479, 18.1125
5480, 18.1125
5481, 18.1125
5482, 18.1154
5483, 18.1177
5484, 18.1177
5485, 18.1177
5486, 18.1182
5487, 18.1187
5488, 18.1192
5489, 18.1197
5490, 18.1201
5491, 18.1201
5492, 18.1201
5493, 18.1206
5494, 18.1211
5495, 18.122
5496, 18.122
5497, 18.1244
5498, 18.1244
5499, 18.1244
5500, 18.1249
5501, 18.1254
5502, 18.1258
5503, 18.1258
5504, 18.1263
5505, 18.1268
5506, 18.1273
5507, 18.1287
5508, 18.1301
5509, 18.1301
5510, 18.1306
5511, 18.1316
5512, 18.132
5513, 18.132
5514, 18.1335
5515, 18.1339
5516, 18.1349
5517, 18.1349
5518, 18.1349
5519, 18.1354
5520, 18.1354
5521, 18.1358
5522, 18.1358
5523, 18.1363
5524, 18.1363
5525, 18.1368
5526, 18.1368
5527, 18.1373
5528, 18.1373
5529, 18.1377
5530, 18.1377
5531, 18.1382
5532, 18.1387
5533, 18.1392
5534, 18.1397
5535, 18.1397
5536, 18.1406
5537, 18.1416
5538, 18.1416
5539, 18.1425
5540, 18.1435
5541, 18.1435
5542, 18.1444
5543, 18.1458
5544, 18.1463
5545, 18.1463
5546, 18.1463
5547, 18.1473
5548, 18.1477
5549, 18.1492
5550, 18.1501
5551, 18.1506
5552, 18.1511
5553, 18.152
5554, 18.153
5555, 18.153
5556, 18.1535
5557, 18.1539
5558, 18.1539
5559, 18.1549
5560, 18.1554
5561, 18.1558
5562, 18.1563
5563, 18.1563
5564, 18.1568
5565, 18.1573
5566, 18.1573
5567, 18.1577
5568, 18.1577
5569, 18.1587
5570, 18.1592
5571, 18.1592
5572, 18.1592
5573, 18.1592
5574, 18.1597
5575, 18.1606
5576, 18.1611
5577, 18.1616
5578, 18.162
5579, 18.1625
5580, 18.1625
5581, 18.1639
5582, 18.1644
5583, 18.1644
5584, 18.1658
5585, 18.1673
5586, 18.1673
5587, 18.1677
5588, 18.1677
5589, 18.1682
5590, 18.1682
5591, 18.1687
5592, 18.1687
5593, 18.1701
5594, 18.1701
5595, 18.1701
5596, 18.1706
5597, 18.1706
5598, 18.1725
5599, 18.1725
5600, 18.173
5601, 18.1735
5602, 18.1735
5603, 18.1735
5604, 18.1739
5605, 18.1744
5606, 18.1754
5607, 18.1754
5608, 18.1754
5609, 18.1773
5610, 18.1787
5611, 18.1787
5612, 18.1801
5613, 18.1801
5614, 18.1801
5615, 18.1801
5616, 18.1806
5617, 18.1811
5618, 18.1811
5619, 18.1825
5620, 18.1849
5621, 18.1854
5622, 18.1873
5623, 18.1873
5624, 18.1887
5625, 18.1897
5626, 18.192
5627, 18.193
5628, 18.1935
5629, 18.1939
5630, 18.1944
5631, 18.1954
5632, 18.1968
5633, 18.1977
5634, 18.1982
5635, 18.1987
5636, 18.2001
5637, 18.2006
5638, 18.2006
5639, 18.202
5640, 18.202
5641, 18.202
5642, 18.202
5643, 18.2025
5644, 18.2025
5645, 18.2035
5646, 18.2035
5647, 18.2049
5648, 18.2054
5649, 18.2054
5650, 18.2058
5651, 18.2077
5652, 18.2077
5653, 18.2097
5654, 18.2101
5655, 18.2106
5656, 18.2111
5657, 18.2111
5658, 18.2111
5659, 18.2116
5660, 18.2116
5661, 18.2116
5662, 18.2125
5663, 18.2125
5664, 18.2144
5665, 18.2144
5666, 18.2149
5667, 18.2154
5668, 18.2154
5669, 18.2158
5670, 18.2163
5671, 18.2168
5672, 18.2187
5673, 18.2192
5674, 18.2206
5675, 18.2206
5676, 18.2211
5677, 18.2216
5678, 18.222
5679, 18.2235
5680, 18.2249
5681, 18.2249
5682, 18.2268
5683, 18.2273
5684, 18.2277
5685, 18.2287
5686, 18.232
5687, 18.2335
5688, 18.2339
5689, 18.2339
5690, 18.2339
5691, 18.2354
5692, 18.2354
5693, 18.2358
5694, 18.2368
5695, 18.2382
5696, 18.2382
5697, 18.2382
5698, 18.2392
5699, 18.2392
5700, 18.2396
5701, 18.2411
5702, 18.2411
5703, 18.2411
5704, 18.2416
5705, 18.2425
5706, 18.243
5707, 18.243
5708, 18.2444
5709, 18.2463
5710, 18.2463
5711, 18.2477
5712, 18.2482
5713, 18.2482
5714, 18.2487
5715, 18.2487
5716, 18.2492
5717, 18.2492
5718, 18.2501
5719, 18.2501
5720, 18.2506
5721, 18.2506
5722, 18.2511
5723, 18.2516
5724, 18.253
5725, 18.253
5726, 18.253
5727, 18.2535
5728, 18.2539
5729, 18.2554
5730, 18.2568
5731, 18.2573
5732, 18.2582
5733, 18.2592
5734, 18.2601
5735, 18.2606
5736, 18.2606
5737, 18.2606
5738, 18.2625
5739, 18.263
5740, 18.263
5741, 18.2644
5742, 18.2654
5743, 18.2654
5744, 18.2658
5745, 18.2668
5746, 18.2673
5747, 18.2677
5748, 18.2687
5749, 18.2687
5750, 18.2692
5751, 18.2696
5752, 18.2701
5753, 18.2706
5754, 18.2706
5755, 18.2725
5756, 18.2735
5757, 18.2744
5758, 18.2749
5759, 18.2749
5760, 18.2749
5761, 18.2754
5762, 18.2754
5763, 18.2758
5764, 18.2758
5765, 18.2758
5766, 18.2787
5767, 18.2792
5768, 18.2825
5769, 18.2825
5770, 18.2825
5771, 18.2825
5772, 18.2839
5773, 18.2844
5774, 18.2858
5775, 18.2863
5776, 18.2863
5777, 18.2868
5778, 18.2868
5779, 18.2877
5780, 18.2887
5781, 18.2892
5782, 18.2901
5783, 18.2906
5784, 18.2911
5785, 18.2916
5786, 18.2916
5787, 18.292
5788, 18.293
5789, 18.293
5790, 18.2939
5791, 18.2939
5792, 18.2939
5793, 18.2954
5794, 18.2954
5795, 18.2958
5796, 18.2963
5797, 18.2968
5798, 18.2977
5799, 18.2982
5800, 18.2987
5801, 18.2987
5802, 18.2992
5803, 18.2992
5804, 18.2992
5805, 18.2996
5806, 18.2996
5807, 18.3001
5808, 18.3001
5809, 18.3001
5810, 18.3006
5811, 18.3006
5812, 18.303
5813, 18.3039
5814, 18.3044
5815, 18.3044
5816, 18.3058
5817, 18.3082
5818, 18.3082
5819, 18.3092
5820, 18.3096
5821, 18.3101
5822, 18.3106
5823, 18.3111
5824, 18.3111
5825, 18.3116
5826, 18.3125
5827, 18.3125
5828, 18.3139
5829, 18.3139
5830, 18.3139
5831, 18.3168
5832, 18.3182
5833, 18.3201
5834, 18.3206
5835, 18.3206
5836, 18.3211
5837, 18.3211
5838, 18.3216
5839, 18.3225
5840, 18.3239
5841, 18.3244
5842, 18.3254
5843, 18.3254
5844, 18.3263
5845, 18.3268
5846, 18.3268
5847, 18.3292
5848, 18.3292
5849, 18.3292
5850, 18.3292
5851, 18.3301
5852, 18.3316
5853, 18.3316
5854, 18.3325
5855, 18.3325
5856, 18.3325
5857, 18.3325
5858, 18.3335
5859, 18.3339
5860, 18.3358
5861, 18.3368
5862, 18.3368
5863, 18.3373
5864, 18.3382
5865, 18.3387
5866, 18.3387
5867, 18.3392
5868, 18.3396
5869, 18.3401
5870, 18.3406
5871, 18.3416
5872, 18.342
5873, 18.3439
5874, 18.3444
5875, 18.3449
5876, 18.3454
5877, 18.3482
5878, 18.3482
5879, 18.3487
5880, 18.3496
5881, 18.3496
5882, 18.3501
5883, 18.3501
5884, 18.3506
5885, 18.3506
5886, 18.3506
5887, 18.3511
5888, 18.3516
5889, 18.3525
5890, 18.353
5891, 18.3544
5892, 18.3549
5893, 18.3568
5894, 18.3568
5895, 18.3573
5896, 18.3582
5897, 18.3587
5898, 18.3592
5899, 18.3606
5900, 18.3611
5901, 18.3616
5902, 18.3625
5903, 18.3639
5904, 18.3644
5905, 18.3658
5906, 18.3658
5907, 18.3658
5908, 18.3658
5909, 18.3663
5910, 18.3677
5911, 18.3687
5912, 18.3692
5913, 18.3696
5914, 18.3701
5915, 18.3701
5916, 18.3706
5917, 18.3706
5918, 18.3716
5919, 18.3725
5920, 18.3735
5921, 18.3735
5922, 18.3735
5923, 18.3739
5924, 18.3744
5925, 18.3744
5926, 18.3763
5927, 18.3768
5928, 18.3773
5929, 18.3773
5930, 18.3777
5931, 18.3782
5932, 18.3782
5933, 18.3782
5934, 18.3801
5935, 18.3801
5936, 18.3806
5937, 18.3806
5938, 18.3816
5939, 18.3816
5940, 18.382
5941, 18.382
5942, 18.3825
5943, 18.3825
5944, 18.3825
5945, 18.3844
5946, 18.3849
5947, 18.3854
5948, 18.3854
5949, 18.3858
5950, 18.3868
5951, 18.3868
5952, 18.3868
5953, 18.3873
5954, 18.3892
5955, 18.3896
5956, 18.3901
5957, 18.3911
5958, 18.3925
5959, 18.393
5960, 18.3935
5961, 18.3935
5962, 18.3939
5963, 18.3944
5964, 18.3949
5965, 18.3949
5966, 18.3963
5967, 18.3973
5968, 18.3973
5969, 18.3977
5970, 18.3982
5971, 18.3982
5972, 18.3987
5973, 18.3992
5974, 18.3996
5975, 18.4006
5976, 18.4016
5977, 18.402
5978, 18.403
5979, 18.4035
5980, 18.4039
5981, 18.4044
5982, 18.4044
5983, 18.4054
5984, 18.4058
5985, 18.4082
5986, 18.4082
5987, 18.4087
5988, 18.4092
5989, 18.4096
5990, 18.4096
5991, 18.4106
5992, 18.4111
5993, 18.412
5994, 18.4125
5995, 18.4139
5996, 18.4144
5997, 18.4168
5998, 18.4177
5999, 18.4182
6000, 18.4187
6001, 18.4187
6002, 18.4196
6003, 18.4201
6004, 18.4201
6005, 18.4211
6006, 18.4211
6007, 18.422
6008, 18.4235
6009, 18.4244
6010, 18.4244
6011, 18.4249
6012, 18.4249
6013, 18.4254
6014, 18.4263
6015, 18.4263
6016, 18.4268
6017, 18.4273
6018, 18.4277
6019, 18.4282
6020, 18.4287
6021, 18.4301
6022, 18.4306
6023, 18.4306
6024, 18.4306
6025, 18.4311
6026, 18.4311
6027, 18.4316
6028, 18.4316
6029, 18.4316
6030, 18.432
6031, 18.4325
6032, 18.4325
6033, 18.433
6034, 18.433
6035, 18.433
6036, 18.4349
6037, 18.4354
6038, 18.4354
6039, 18.4358
6040, 18.4358
6041, 18.4358
6042, 18.4363
6043, 18.4363
6044, 18.4368
6045, 18.4368
6046, 18.4373
6047, 18.4373
6048, 18.4382
6049, 18.4392
6050, 18.4406
6051, 18.4406
6052, 18.4416
6053, 18.4425
6054, 18.4425
6055, 18.443
6056, 18.443
6057, 18.4444
6058, 18.4449
6059, 18.4458
6060, 18.4463
6061, 18.4463
6062, 18.4463
6063, 18.4468
6064, 18.4473
6065, 18.4477
6066, 18.4477
6067, 18.4492
6068, 18.4492
6069, 18.4492
6070, 18.4511
6071, 18.452
6072, 18.452
6073, 18.4535
6074, 18.4549
6075, 18.4554
6076, 18.4573
6077, 18.4582
6078, 18.4582
6079, 18.4582
6080, 18.4587
6081, 18.4596
6082, 18.4606
6083, 18.4611
6084, 18.4625
6085, 18.4635
6086, 18.4635
6087, 18.4639
6088, 18.4649
6089, 18.4654
6090, 18.4658
6091, 18.4668
6092, 18.4668
6093, 18.4673
6094, 18.4692
6095, 18.4692
6096, 18.4692
6097, 18.4701
6098, 18.4711
6099, 18.472
6100, 18.472
6101, 18.473
6102, 18.4739
6103, 18.4739
6104, 18.4739
6105, 18.4744
6106, 18.4749
6107, 18.4758
6108, 18.4758
6109, 18.4763
6110, 18.4763
6111, 18.4768
6112, 18.4768
6113, 18.4782
6114, 18.4782
6115, 18.4787
6116, 18.4792
6117, 18.4796
6118, 18.4801
6119, 18.4801
6120, 18.4806
6121, 18.4806
6122, 18.4811
6123, 18.4815
6124, 18.483
6125, 18.4839
6126, 18.4844
6127, 18.4849
6128, 18.4854
6129, 18.4854
6130, 18.4854
6131, 18.4863
6132, 18.4863
6133, 18.4868
6134, 18.4868
6135, 18.4873
6136, 18.4887
6137, 18.4892
6138, 18.4901
6139, 18.4901
6140, 18.4901
6141, 18.4906
6142, 18.4906
6143, 18.4915
6144, 18.4915
6145, 18.492
6146, 18.492
6147, 18.4925
6148, 18.4925
6149, 18.4925
6150, 18.493
6151, 18.4935
6152, 18.4939
6153, 18.4944
6154, 18.4954
6155, 18.4954
6156, 18.4963
6157, 18.4987
6158, 18.4987
6159, 18.4996
6160, 18.4996
6161, 18.5001
6162, 18.5006
6163, 18.5025
6164, 18.503
6165, 18.503
6166, 18.5035
6167, 18.5035
6168, 18.5049
6169, 18.5058
6170, 18.5068
6171, 18.5077
6172, 18.5082
6173, 18.5082
6174, 18.5087
6175, 18.5087
6176, 18.5092
6177, 18.5092
6178, 18.5092
6179, 18.5096
6180, 18.5096
6181, 18.5106
6182, 18.5106
6183, 18.512
6184, 18.5125
6185, 18.5125
6186, 18.5125
6187, 18.5135
6188, 18.5139
6189, 18.5139
6190, 18.5144
6191, 18.5149
6192, 18.5154
6193, 18.5163
6194, 18.5173
6195, 18.5173
6196, 18.5187
6197, 18.5192
6198, 18.5201
6199, 18.5206
6200, 18.5211
6201, 18.5211
6202, 18.522
6203, 18.5225
6204, 18.5235
6205, 18.5235
6206, 18.5258
6207, 18.5273
6208, 18.5282
6209, 18.5282
6210, 18.5292
6211, 18.5301
6212, 18.5306
6213, 18.5315
6214, 18.5335
6215, 18.5335
6216, 18.5349
6217, 18.5349
6218, 18.5358
6219, 18.5363
6220, 18.5368
6221, 18.5373
6222, 18.5373
6223, 18.5377
6224, 18.5387
6225, 18.5387
6226, 18.5387
6227, 18.5392
6228, 18.5396
6229, 18.5401
6230, 18.5401
6231, 18.5406
6232, 18.5425
6233, 18.5444
6234, 18.5449
6235, 18.5454
6236, 18.5468
6237, 18.5473
6238, 18.5477
6239, 18.5482
6240, 18.5492
6241, 18.5496
6242, 18.5501
6243, 18.5501
6244, 18.5506
6245, 18.5506
6246, 18.5511
6247, 18.5515
6248, 18.5544
6249, 18.5549
6250, 18.5554
6251, 18.5563
6252, 18.5573
6253, 18.5573
6254, 18.5577
6255, 18.5582
6256, 18.5587
6257, 18.5587
6258, 18.5587
6259, 18.5606
6260, 18.562
6261, 18.5635
6262, 18.5635
6263, 18.5639
6264, 18.5649
6265, 18.5654
6266, 18.5654
6267, 18.5663
6268, 18.5673
6269, 18.5673
6270, 18.5682
6271, 18.5687
6272, 18.5687
6273, 18.5687
6274, 18.5692
6275, 18.5701
6276, 18.5701
6277, 18.5706
6278, 18.5711
6279, 18.572
6280, 18.5739
6281, 18.5744
6282, 18.5749
6283, 18.5754
6284, 18.5754
6285, 18.5758
6286, 18.5773
6287, 18.5787
6288, 18.5787
6289, 18.5787
6290, 18.5787
6291, 18.5787
6292, 18.5806
6293, 18.5806
6294, 18.5806
6295, 18.5811
6296, 18.5811
6297, 18.582
6298, 18.5835
6299, 18.5835
6300, 18.5844
6301, 18.5854
6302, 18.5873
6303, 18.5882
6304, 18.5882
6305, 18.5892
6306, 18.5892
6307, 18.5892
6308, 18.5901
6309, 18.5901
6310, 18.5906
6311, 18.5911
6312, 18.5925
6313, 18.5925
6314, 18.593
6315, 18.5944
6316, 18.5958
6317, 18.5963
6318, 18.5968
6319, 18.5977
6320, 18.5977
6321, 18.5982
6322, 18.6006
6323, 18.6006
6324, 18.6015
6325, 18.602
6326, 18.6025
6327, 18.6035
6328, 18.6039
6329, 18.6039
6330, 18.6044
6331, 18.6054
6332, 18.6073
6333, 18.6073
6334, 18.6077
6335, 18.6077
6336, 18.6082
6337, 18.6087
6338, 18.6092
6339, 18.6101
6340, 18.6106
6341, 18.6111
6342, 18.6115
6343, 18.6125
6344, 18.613
6345, 18.6154
6346, 18.6177
6347, 18.6177
6348, 18.6187
6349, 18.6192
6350, 18.6196
6351, 18.6201
6352, 18.6211
6353, 18.6215
6354, 18.6215
6355, 18.622
6356, 18.623
6357, 18.623
6358, 18.6239
6359, 18.6244
6360, 18.6254
6361, 18.6263
6362, 18.6263
6363, 18.6277
6364, 18.6282
6365, 18.6287
6366, 18.6292
6367, 18.6296
6368, 18.6296
6369, 18.6296
6370, 18.6301
6371, 18.6306
6372, 18.6311
6373, 18.6315
6374, 18.6315
6375, 18.6315
6376, 18.632
6377, 18.633
6378, 18.633
6379, 18.6335
6380, 18.6339
6381, 18.6344
6382, 18.6349
6383, 18.6349
6384, 18.6354
6385, 18.6358
6386, 18.6377
6387, 18.6382
6388, 18.6387
6389, 18.6387
6390, 18.6387
6391, 18.6387
6392, 18.6392
6393, 18.6392
6394, 18.6392
6395, 18.6401
6396, 18.6415
6397, 18.6415
6398, 18.642
6399, 18.6435
6400, 18.6444
6401, 18.6449
6402, 18.6454
6403, 18.6463
6404, 18.6468
6405, 18.6477
6406, 18.6477
6407, 18.6477
6408, 18.6482
6409, 18.6487
6410, 18.6487
6411, 18.6487
6412, 18.6492
6413, 18.6492
6414, 18.6492
6415, 18.6501
6416, 18.6506
6417, 18.6506
6418, 18.6511
6419, 18.6511
6420, 18.6525
6421, 18.6525
6422, 18.653
6423, 18.653
6424, 18.6535
6425, 18.6535
6426, 18.6535
6427, 18.6549
6428, 18.6549
6429, 18.6549
6430, 18.6554
6431, 18.6554
6432, 18.6554
6433, 18.6568
6434, 18.6568
6435, 18.6573
6436, 18.6577
6437, 18.6587
6438, 18.6596
6439, 18.6601
6440, 18.6601
6441, 18.6601
6442, 18.6606
6443, 18.6606
6444, 18.6635
6445, 18.6639
6446, 18.6644
6447, 18.6644
6448, 18.6654
6449, 18.6654
6450, 18.6658
6451, 18.6677
6452, 18.6687
6453, 18.6706
6454, 18.6711
6455, 18.6715
6456, 18.672
6457, 18.672
6458, 18.6725
6459, 18.6725
6460, 18.673
6461, 18.6739
6462, 18.6739
6463, 18.6739
6464, 18.6744
6465, 18.6744
6466, 18.6749
6467, 18.6749
6468, 18.6754
6469, 18.6768
6470, 18.6773
6471, 18.6773
6472, 18.6777
6473, 18.6782
6474, 18.6782
6475, 18.6787
6476, 18.6796
6477, 18.6811
6478, 18.6839
6479, 18.6844
6480, 18.6863
6481, 18.6863
6482, 18.6877
6483, 18.6887
6484, 18.6887
6485, 18.6896
6486, 18.6896
6487, 18.6925
6488, 18.693
6489, 18.693
6490, 18.6935
6491, 18.6935
6492, 18.6949
6493, 18.6963
6494, 18.6968
6495, 18.6968
6496, 18.6973
6497, 18.6977
6498, 18.6987
6499, 18.6996
6500, 18.6996
6501, 18.7001
6502, 18.7025
6503, 18.7039
6504, 18.7049
6505, 18.7049
6506, 18.7049
6507, 18.7049
6508, 18.7054
6509, 18.7058
6510, 18.7063
6511, 18.7068
6512, 18.7068
6513, 18.7077
6514, 18.7082
6515, 18.7082
6516, 18.7087
6517, 18.7096
6518, 18.7111
6519, 18.712
6520, 18.7125
6521, 18.7125
6522, 18.7125
6523, 18.7125
6524, 18.713
6525, 18.7135
6526, 18.7139
6527, 18.7139
6528, 18.7144
6529, 18.7144
6530, 18.7149
6531, 18.7154
6532, 18.7154
6533, 18.7177
6534, 18.7177
6535, 18.7187
6536, 18.7192
6537, 18.7196
6538, 18.7201
6539, 18.7201
6540, 18.7201
6541, 18.7206
6542, 18.722
6543, 18.723
6544, 18.7239
6545, 18.7239
6546, 18.7239
6547, 18.7244
6548, 18.7249
6549, 18.7254
6550, 18.7268
6551, 18.7282
6552, 18.7282
6553, 18.7282
6554, 18.7287
6555, 18.7296
6556, 18.7301
6557, 18.7301
6558, 18.7306
6559, 18.7306
6560, 18.7315
6561, 18.7325
6562, 18.7325
6563, 18.7325
6564, 18.733
6565, 18.733
6566, 18.7334
6567, 18.7344
6568, 18.7354
6569, 18.7358
6570, 18.7363
6571, 18.7377
6572, 18.7392
6573, 18.7392
6574, 18.7392
6575, 18.7396
6576, 18.7415
6577, 18.7415
6578, 18.7415
6579, 18.742
6580, 18.7425
6581, 18.7425
6582, 18.7439
6583, 18.7439
6584, 18.7444
6585, 18.7444
6586, 18.7458
6587, 18.7458
6588, 18.7463
6589, 18.7463
6590, 18.7473
6591, 18.7473
6592, 18.7473
6593, 18.7473
6594, 18.7487
6595, 18.7506
6596, 18.752
6597, 18.752
6598, 18.753
6599, 18.7539
6600, 18.7544
6601, 18.7544
6602, 18.7549
6603, 18.7549
6604, 18.7563
6605, 18.7563
6606, 18.7563
6607, 18.7568
6608, 18.7568
6609, 18.7573
6610, 18.7582
6611, 18.7582
6612, 18.7611
6613, 18.762
6614, 18.7625
6615, 18.763
6616, 18.7634
6617, 18.7639
6618, 18.7639
6619, 18.7644
6620, 18.7649
6621, 18.7663
6622, 18.7673
6623, 18.7677
6624, 18.7682
6625, 18.7687
6626, 18.7692
6627, 18.7696
6628, 18.7701
6629, 18.7701
6630, 18.7701
6631, 18.7706
6632, 18.7706
6633, 18.7706
6634, 18.7711
6635, 18.7711
6636, 18.7715
6637, 18.7739
6638, 18.7739
6639, 18.7744
6640, 18.7744
6641, 18.7754
6642, 18.7754
6643, 18.7754
6644, 18.7758
6645, 18.7773
6646, 18.7773
6647, 18.7777
6648, 18.7782
6649, 18.7782
6650, 18.7792
6651, 18.7806
6652, 18.7806
6653, 18.782
6654, 18.782
6655, 18.7825
6656, 18.7839
6657, 18.7844
6658, 18.7849
6659, 18.7854
6660, 18.7854
6661, 18.7858
6662, 18.7863
6663, 18.7863
6664, 18.7868
6665, 18.7873
6666, 18.7887
6667, 18.7892
6668, 18.7906
6669, 18.7915
6670, 18.7915
6671, 18.7915
6672, 18.792
6673, 18.7925
6674, 18.7925
6675, 18.793
6676, 18.7934
6677, 18.7939
6678, 18.7949
6679, 18.7954
6680, 18.7954
6681, 18.7963
6682, 18.7973
6683, 18.7973
6684, 18.7973
6685, 18.7977
6686, 18.7977
6687, 18.7982
6688, 18.7987
6689, 18.7987
6690, 18.7987
6691, 18.7992
6692, 18.7992
6693, 18.7996
6694, 18.8001
6695, 18.8001
6696, 18.8006
6697, 18.8011
6698, 18.8015
6699, 18.8015
6700, 18.802
6701, 18.803
6702, 18.803
6703, 18.8039
6704, 18.8044
6705, 18.8049
6706, 18.8092
6707, 18.8096
6708, 18.8096
6709, 18.8096
6710, 18.8106
6711, 18.8106
6712, 18.812
6713, 18.8125
6714, 18.8134
6715, 18.8134
6716, 18.8144
6717, 18.8149
6718, 18.8154
6719, 18.8154
6720, 18.8158
6721, 18.8163
6722, 18.8163
6723, 18.8168
6724, 18.8173
6725, 18.8173
6726, 18.8177
6727, 18.8187
6728, 18.8196
6729, 18.8201
6730, 18.8206
6731, 18.8206
6732, 18.8211
6733, 18.822
6734, 18.822
6735, 18.823
6736, 18.8239
6737, 18.8258
6738, 18.8258
6739, 18.8263
6740, 18.8263
6741, 18.8268
6742, 18.8268
6743, 18.8273
6744, 18.8277
6745, 18.8277
6746, 18.8282
6747, 18.8292
6748, 18.8292
6749, 18.8296
6750, 18.8301
6751, 18.8301
6752, 18.8306
6753, 18.8311
6754, 18.8311
6755, 18.832
6756, 18.832
6757, 18.832
6758, 18.8325
6759, 18.8325
6760, 18.833
6761, 18.833
6762, 18.8339
6763, 18.8339
6764, 18.8339
6765, 18.8344
6766, 18.8349
6767, 18.8354
6768, 18.8358
6769, 18.8358
6770, 18.8358
6771, 18.8368
6772, 18.8368
6773, 18.8377
6774, 18.8382
6775, 18.8382
6776, 18.8382
6777, 18.8382
6778, 18.8387
6779, 18.8392
6780, 18.8392
6781, 18.8396
6782, 18.8401
6783, 18.8401
6784, 18.8411
6785, 18.842
6786, 18.843
6787, 18.8439
6788, 18.8444
6789, 18.8454
6790, 18.8458
6791, 18.8463
6792, 18.8463
6793, 18.8473
6794, 18.8473
6795, 18.8482
6796, 18.8496
6797, 18.8496
6798, 18.8496
6799, 18.8511
6800, 18.852
6801, 18.8525
6802, 18.8534
6803, 18.8544
6804, 18.8549
6805, 18.8549
6806, 18.8554
6807, 18.8558
6808, 18.8558
6809, 18.8563
6810, 18.8563
6811, 18.8573
6812, 18.8592
6813, 18.8596
6814, 18.8596
6815, 18.8596
6816, 18.8596
6817, 18.8601
6818, 18.8601
6819, 18.8606
6820, 18.8615
6821, 18.8615
6822, 18.862
6823, 18.863
6824, 18.8644
6825, 18.8654
6826, 18.8654
6827, 18.8668
6828, 18.8668
6829, 18.8673
6830, 18.8673
6831, 18.8677
6832, 18.8687
6833, 18.8692
6834, 18.8696
6835, 18.8696
6836, 18.8696
6837, 18.8701
6838, 18.8711
6839, 18.8725
6840, 18.873
6841, 18.873
6842, 18.8739
6843, 18.8749
6844, 18.8758
6845, 18.8763
6846, 18.8763
6847, 18.8768
6848, 18.8773
6849, 18.8777
6850, 18.8782
6851, 18.8792
6852, 18.8796
6853, 18.8796
6854, 18.8801
6855, 18.8811
6856, 18.8811
6857, 18.8815
6858, 18.883
6859, 18.883
6860, 18.883
6861, 18.8844
6862, 18.8849
6863, 18.8854
6864, 18.8854
6865, 18.8858
6866, 18.8873
6867, 18.8873
6868, 18.8887
6869, 18.8892
6870, 18.8892
6871, 18.8901
6872, 18.8901
6873, 18.892
6874, 18.892
6875, 18.8925
6876, 18.893
6877, 18.8934
6878, 18.8934
6879, 18.8939
6880, 18.8944
6881, 18.8949
6882, 18.8949
6883, 18.8954
6884, 18.8963
6885, 18.8977
6886, 18.8982
6887, 18.8987
6888, 18.9001
6889, 18.9011
6890, 18.9011
6891, 18.9011
6892, 18.9015
6893, 18.9015
6894, 18.9015
6895, 18.902
6896, 18.902
6897, 18.9025
6898, 18.9025
6899, 18.903
6900, 18.9039
6901, 18.9039
6902, 18.9039
6903, 18.9049
6904, 18.9058
6905, 18.9068
6906, 18.9068
6907, 18.9077
6908, 18.9087
6909, 18.9092
6910, 18.9092
6911, 18.9106
6912, 18.9106
6913, 18.9111
6914, 18.9115
6915, 18.9125
6916, 18.9134
6917, 18.9134
6918, 18.9144
6919, 18.9158
6920, 18.9163
6921, 18.9168
6922, 18.9168
6923, 18.9177
6924, 18.9177
6925, 18.9177
6926, 18.9182
6927, 18.9187
6928, 18.9192
6929, 18.9196
6930, 18.9196
6931, 18.9206
6932, 18.9211
6933, 18.9211
6934, 18.9211
6935, 18.9215
6936, 18.922
6937, 18.9225
6938, 18.9225
6939, 18.9225
6940, 18.9234
6941, 18.9234
6942, 18.9239
6943, 18.9244
6944, 18.9244
6945, 18.9244
6946, 18.9263
6947, 18.9263
6948, 18.9268
6949, 18.9273
6950, 18.9282
6951, 18.9306
6952, 18.9311
6953, 18.932
6954, 18.932
6955, 18.9325
6956, 18.9325
6957, 18.9334
6958, 18.9339
6959, 18.9349
6960, 18.9354
6961, 18.9368
6962, 18.9377
6963, 18.9377
6964, 18.9382
6965, 18.9387
6966, 18.9392
6967, 18.9396
6968, 18.9401
6969, 18.9406
6970, 18.9415
6971, 18.943
6972, 18.943
6973, 18.9434
6974, 18.9434
6975, 18.9434
6976, 18.9439
6977, 18.9449
6978, 18.9449
6979, 18.9458
6980, 18.9468
6981, 18.9468
6982, 18.9473
6983, 18.9473
6984, 18.9477
6985, 18.9482
6986, 18.9487
6987, 18.9487
6988, 18.9487
6989, 18.9492
6990, 18.9501
6991, 18.9506
6992, 18.9515
6993, 18.952
6994, 18.9525
6995, 18.9525
6996, 18.9544
6997, 18.9549
6998, 18.9549
6999, 18.9549
7000, 18.9554
7001, 18.9563
7002, 18.9577
7003, 18.9582
7004, 18.9592
7005, 18.9615
7006, 18.9615
7007, 18.9625
7008, 18.9625
7009, 18.9634
7010, 18.9639
7011, 18.9644
7012, 18.9649
7013, 18.9649
7014, 18.9653
7015, 18.9658
7016, 18.9663
7017, 18.9668
7018, 18.9668
7019, 18.9673
7020, 18.9677
7021, 18.9677
7022, 18.9682
7023, 18.9687
7024, 18.9701
7025, 18.9701
7026, 18.9711
7027, 18.9715
7028, 18.972
7029, 18.9725
7030, 18.973
7031, 18.9734
7032, 18.9753
7033, 18.9753
7034, 18.9758
7035, 18.9758
7036, 18.9763
7037, 18.9773
7038, 18.9773
7039, 18.9792
7040, 18.9792
7041, 18.9806
7042, 18.9811
7043, 18.982
7044, 18.983
7045, 18.9834
7046, 18.9858
7047, 18.9873
7048, 18.9873
7049, 18.9882
7050, 18.9887
7051, 18.9896
7052, 18.9915
7053, 18.992
7054, 18.9925
7055, 18.9958
7056, 18.9968
7057, 18.9973
7058, 18.9992
7059, 18.9996
7060, 18.9996
7061, 19.0001
7062, 19.0006
7063, 19.0006
7064, 19.0011
7065, 19.0011
7066, 19.002
7067, 19.0025
7068, 19.003
7069, 19.0034
7070, 19.0053
7071, 19.0058
7072, 19.0058
7073, 19.0063
7074, 19.0068
7075, 19.0073
7076, 19.0073
7077, 19.0077
7078, 19.0082
7079, 19.0087
7080, 19.0092
7081, 19.0106
7082, 19.0106
7083, 19.0111
7084, 19.0111
7085, 19.0115
7086, 19.0115
7087, 19.0115
7088, 19.012
7089, 19.012
7090, 19.012
7091, 19.012
7092, 19.0125
7093, 19.013
7094, 19.013
7095, 19.0134
7096, 19.0139
7097, 19.0144
7098, 19.0149
7099, 19.0149
7100, 19.0163
7101, 19.0168
7102, 19.0168
7103, 19.0168
7104, 19.0187
7105, 19.0196
7106, 19.0196
7107, 19.0201
7108, 19.0206
7109, 19.0206
7110, 19.0206
7111, 19.022
7112, 19.0234
7113, 19.0239
7114, 19.0239
7115, 19.0239
7116, 19.0244
7117, 19.0244
7118, 19.0249
7119, 19.0249
7120, 19.0258
7121, 19.0258
7122, 19.0273
7123, 19.0277
7124, 19.0287
7125, 19.0292
7126, 19.0292
7127, 19.0292
7128, 19.0292
7129, 19.0296
7130, 19.0311
7131, 19.0311
7132, 19.0315
7133, 19.0325
7134, 19.0325
7135, 19.0334
7136, 19.0339
7137, 19.0344
7138, 19.0368
7139, 19.0368
7140, 19.0368
7141, 19.0373
7142, 19.0373
7143, 19.0377
7144, 19.0382
7145, 19.0401
7146, 19.0406
7147, 19.0415
7148, 19.042
7149, 19.0425
7150, 19.0425
7151, 19.0439
7152, 19.0449
7153, 19.0449
7154, 19.0453
7155, 19.0463
7156, 19.0468
7157, 19.0473
7158, 19.0473
7159, 19.0473
7160, 19.0477
7161, 19.0482
7162, 19.0496
7163, 19.0496
7164, 19.0501
7165, 19.0525
7166, 19.0534
7167, 19.0534
7168, 19.0539
7169, 19.0539
7170, 19.0544
7171, 19.0544
7172, 19.0549
7173, 19.0553
7174, 19.0558
7175, 19.0558
7176, 19.0568
7177, 19.0568
7178, 19.0582
7179, 19.0587
7180, 19.0587
7181, 19.0587
7182, 19.0592
7183, 19.0592
7184, 19.0606
7185, 19.0611
7186, 19.0615
7187, 19.062
7188, 19.0625
7189, 19.0639
7190, 19.0639
7191, 19.0668
7192, 19.0677
7193, 19.0682
7194, 19.0687
7195, 19.0692
7196, 19.0692
7197, 19.0692
7198, 19.0692
7199, 19.0696
7200, 19.0696
7201, 19.0701
7202, 19.0706
7203, 19.0706
7204, 19.0715
7205, 19.0725
7206, 19.0725
7207, 19.073
7208, 19.0734
7209, 19.0734
7210, 19.0744
7211, 19.0758
7212, 19.0758
7213, 19.0758
7214, 19.0763
7215, 19.0763
7216, 19.0777
7217, 19.0777
7218, 19.0777
7219, 19.0787
7220, 19.0792
7221, 19.0796
7222, 19.0796
7223, 19.0801
7224, 19.0806
7225, 19.0806
7226, 19.0811
7227, 19.0811
7228, 19.0811
7229, 19.0815
7230, 19.0815
7231, 19.082
7232, 19.0825
7233, 19.083
7234, 19.0844
7235, 19.0844
7236, 19.0849
7237, 19.0863
7238, 19.0868
7239, 19.0882
7240, 19.0887
7241, 19.0892
7242, 19.0896
7243, 19.0915
7244, 19.0915
7245, 19.0915
7246, 19.0915
7247, 19.092
7248, 19.0925
7249, 19.0925
7250, 19.0925
7251, 19.0953
7252, 19.0963
7253, 19.0968
7254, 19.0973
7255, 19.0973
7256, 19.0977
7257, 19.0987
7258, 19.0992
7259, 19.0996
7260, 19.1015
7261, 19.1025
7262, 19.1053
7263, 19.1073
7264, 19.1077
7265, 19.1077
7266, 19.1082
7267, 19.1087
7268, 19.1092
7269, 19.1106
7270, 19.1111
7271, 19.1111
7272, 19.112
7273, 19.1134
7274, 19.1139
7275, 19.1149
7276, 19.1158
7277, 19.1158
7278, 19.1158
7279, 19.1168
7280, 19.1168
7281, 19.1173
7282, 19.1173
7283, 19.1177
7284, 19.1177
7285, 19.1177
7286, 19.1177
7287, 19.1206
7288, 19.1206
7289, 19.1211
7290, 19.1215
7291, 19.122
7292, 19.1225
7293, 19.1234
7294, 19.1234
7295, 19.1234
7296, 19.1244
7297, 19.1244
7298, 19.1244
7299, 19.1244
7300, 19.1244
7301, 19.1249
7302, 19.1258
7303, 19.1263
7304, 19.1268
7305, 19.1277
7306, 19.1277
7307, 19.1282
7308, 19.1287
7309, 19.1301
7310, 19.1306
7311, 19.1311
7312, 19.1311
7313, 19.1311
7314, 19.132
7315, 19.1325
7316, 19.133
7317, 19.1353
7318, 19.1368
7319, 19.1373
7320, 19.1382
7321, 19.1382
7322, 19.1401
7323, 19.1411
7324, 19.1411
7325, 19.1415
7326, 19.142
7327, 19.1425
7328, 19.143
7329, 19.1434
7330, 19.1439
7331, 19.1439
7332, 19.1444
7333, 19.1449
7334, 19.1449
7335, 19.1453
7336, 19.1458
7337, 19.1468
7338, 19.1473
7339, 19.1473
7340, 19.1501
7341, 19.1501
7342, 19.1506
7343, 19.1506
7344, 19.1511
7345, 19.1515
7346, 19.152
7347, 19.153
7348, 19.1534
7349, 19.1534
7350, 19.1534
7351, 19.1539
7352, 19.1549
7353, 19.1553
7354, 19.1558
7355, 19.1568
7356, 19.1573
7357, 19.1573
7358, 19.1582
7359, 19.1582
7360, 19.1582
7361, 19.1592
7362, 19.1592
7363, 19.1606
7364, 19.1611
7365, 19.1611
7366, 19.1611
7367, 19.1615
7368, 19.162
7369, 19.1625
7370, 19.1625
7371, 19.1625
7372, 19.1634
7373, 19.1634
7374, 19.1658
7375, 19.1658
7376, 19.1663
7377, 19.1663
7378, 19.1668
7379, 19.1673
7380, 19.1677
7381, 19.1692
7382, 19.1692
7383, 19.1692
7384, 19.1701
7385, 19.1701
7386, 19.1706
7387, 19.1706
7388, 19.1715
7389, 19.173
7390, 19.173
7391, 19.173
7392, 19.1734
7393, 19.1734
7394, 19.1734
7395, 19.1744
7396, 19.1744
7397, 19.1753
7398, 19.1758
7399, 19.1787
7400, 19.1792
7401, 19.1792
7402, 19.1796
7403, 19.1801
7404, 19.1811
7405, 19.1811
7406, 19.182
7407, 19.1834
7408, 19.1863
7409, 19.1863
7410, 19.1863
7411, 19.1863
7412, 19.1868
7413, 19.1877
7414, 19.1896
7415, 19.192
7416, 19.1934
7417, 19.1944
7418, 19.1944
7419, 19.1958
7420, 19.1963
7421, 19.1973
7422, 19.1973
7423, 19.1973
7424, 19.1977
7425, 19.1977
7426, 19.1977
7427, 19.1977
7428, 19.1977
7429, 19.1987
7430, 19.1987
7431, 19.1992
7432, 19.1996
7433, 19.2001
7434, 19.2015
7435, 19.2025
7436, 19.203
7437, 19.2034
7438, 19.2034
7439, 19.2039
7440, 19.2039
7441, 19.2039
7442, 19.2044
7443, 19.2049
7444, 19.2049
7445, 19.2053
7446, 19.2053
7447, 19.2058
7448, 19.2063
7449, 19.2082
7450, 19.2087
7451, 19.2092
7452, 19.2096
7453, 19.2101
7454, 19.2106
7455, 19.2111
7456, 19.2115
7457, 19.2115
7458, 19.2115
7459, 19.2115
7460, 19.212
7461, 19.2125
7462, 19.2139
7463, 19.2139
7464, 19.2144
7465, 19.2144
7466, 19.2153
7467, 19.2153
7468, 19.2158
7469, 19.2158
7470, 19.2163
7471, 19.2177
7472, 19.2177
7473, 19.2177
7474, 19.2182
7475, 19.2182
7476, 19.2201
7477, 19.2206
7478, 19.2215
7479, 19.2234
7480, 19.2234
7481, 19.2249
7482, 19.2253
7483, 19.2253
7484, 19.2253
7485, 19.2253
7486, 19.2258
7487, 19.2268
7488, 19.2272
7489, 19.2272
7490, 19.2277
7491, 19.2277
7492, 19.2277
7493, 19.2277
7494, 19.2282
7495, 19.2282
7496, 19.2287
7497, 19.2296
7498, 19.2296
7499, 19.2301
7500, 19.2301
7501, 19.2301
7502, 19.2306
7503, 19.2306
7504, 19.2306
7505, 19.2306
7506, 19.2311
7507, 19.2311
7508, 19.2311
7509, 19.232
7510, 19.2325
7511, 19.233
7512, 19.233
7513, 19.2334
7514, 19.2344
7515, 19.2344
7516, 19.2349
7517, 19.2358
7518, 19.2363
7519, 19.2363
7520, 19.2372
7521, 19.2387
7522, 19.2392
7523, 19.2396
7524, 19.2406
7525, 19.2406
7526, 19.2415
7527, 19.2415
7528, 19.2415
7529, 19.243
7530, 19.2439
7531, 19.2444
7532, 19.2444
7533, 19.2449
7534, 19.2458
7535, 19.2468
7536, 19.2468
7537, 19.2472
7538, 19.2477
7539, 19.2487
7540, 19.2492
7541, 19.2501
7542, 19.2506
7543, 19.2515
7544, 19.2515
7545, 19.252
7546, 19.2525
7547, 19.2525
7548, 19.253
7549, 19.253
7550, 19.2534
7551, 19.2534
7552, 19.2539
7553, 19.2549
7554, 19.2549
7555, 19.2553
7556, 19.2563
7557, 19.2572
7558, 19.2577
7559, 19.2577
7560, 19.2582
7561, 19.2587
7562, 19.2587
7563, 19.2592
7564, 19.2596
7565, 19.2601
7566, 19.2601
7567, 19.2606
7568, 19.2615
7569, 19.2615
7570, 19.2615
7571, 19.262
7572, 19.262
7573, 19.263
7574, 19.2634
7575, 19.2639
7576, 19.2644
7577, 19.2644
7578, 19.2644
7579, 19.2644
7580, 19.2663
7581, 19.2663
7582, 19.2672
7583, 19.2687
7584, 19.2692
7585, 19.2696
7586, 19.2711
7587, 19.2715
7588, 19.2715
7589, 19.2725
7590, 19.273
7591, 19.273
7592, 19.2734
7593, 19.2739
7594, 19.2749
7595, 19.2749
7596, 19.2763
7597, 19.2768
7598, 19.2782
7599, 19.2782
7600, 19.2792
7601, 19.2792
7602, 19.2796
7603, 19.2796
7604, 19.2796
7605, 19.2801
7606, 19.2806
7607, 19.2806
7608, 19.2806
7609, 19.2811
7610, 19.2811
7611, 19.2811
7612, 19.2811
7613, 19.2815
7614, 19.2815
7615, 19.282
7616, 19.2825
7617, 19.2825
7618, 19.283
7619, 19.283
7620, 19.2834
7621, 19.2844
7622, 19.2844
7623, 19.2863
7624, 19.2863
7625, 19.2868
7626, 19.2877
7627, 19.2877
7628, 19.2892
7629, 19.2896
7630, 19.2896
7631, 19.2901
7632, 19.2906
7633, 19.2906
7634, 19.2915
7635, 19.2915
7636, 19.292
7637, 19.2925
7638, 19.293
7639, 19.293
7640, 19.2934
7641, 19.2939
7642, 19.2958
7643, 19.2963
7644, 19.2982
7645, 19.3011
7646, 19.3025
7647, 19.303
7648, 19.303
7649, 19.3049
7650, 19.3063
7651, 19.3063
7652, 19.3068
7653, 19.3082
7654, 19.3087
7655, 19.3087
7656, 19.3101
7657, 19.3101
7658, 19.3106
7659, 19.3111
7660, 19.3111
7661, 19.313
7662, 19.313
7663, 19.3134
7664, 19.3134
7665, 19.3139
7666, 19.3144
7667, 19.3144
7668, 19.3149
7669, 19.3149
7670, 19.3149
7671, 19.3153
7672, 19.3163
7673, 19.3163
7674, 19.3177
7675, 19.3187
7676, 19.3201
7677, 19.3201
7678, 19.3211
7679, 19.3215
7680, 19.3215
7681, 19.322
7682, 19.3234
7683, 19.3239
7684, 19.3239
7685, 19.3249
7686, 19.3253
7687, 19.3258
7688, 19.3263
7689, 19.3263
7690, 19.3268
7691, 19.3272
7692, 19.3287
7693, 19.3292
7694, 19.3292
7695, 19.3296
7696, 19.332
7697, 19.332
7698, 19.332
7699, 19.3325
7700, 19.333
7701, 19.3344
7702, 19.3349
7703, 19.3363
7704, 19.3368
7705, 19.3382
7706, 19.3382
7707, 19.3387
7708, 19.3392
7709, 19.3392
7710, 19.3406
7711, 19.3406
7712, 19.3406
7713, 19.3411
7714, 19.3411
7715, 19.3411
7716, 19.3425
7717, 19.3425
7718, 19.343
7719, 19.3434
7720, 19.3439
7721, 19.3439
7722, 19.3444
7723, 19.3449
7724, 19.3458
7725, 19.3458
7726, 19.3482
7727, 19.3496
7728, 19.3506
7729, 19.3506
7730, 19.3511
7731, 19.3515
7732, 19.352
7733, 19.3534
7734, 19.3539
7735, 19.3549
7736, 19.3553
7737, 19.3553
7738, 19.3558
7739, 19.3563
7740, 19.3563
7741, 19.3592
7742, 19.3596
7743, 19.3596
7744, 19.3596
7745, 19.362
7746, 19.362
7747, 19.362
7748, 19.363
7749, 19.363
7750, 19.3634
7751, 19.3634
7752, 19.3634
7753, 19.3649
7754, 19.3653
7755, 19.3653
7756, 19.3653
7757, 19.3663
7758, 19.3663
7759, 19.3663
7760, 19.3672
7761, 19.3672
7762, 19.3672
7763, 19.3677
7764, 19.3682
7765, 19.3682
7766, 19.3696
7767, 19.3696
7768, 19.3701
7769, 19.3701
7770, 19.3706
7771, 19.3711
7772, 19.3711
7773, 19.372
7774, 19.372
7775, 19.373
7776, 19.3739
7777, 19.3753
7778, 19.3758
7779, 19.3763
7780, 19.3772
7781, 19.3772
7782, 19.3777
7783, 19.3782
7784, 19.3787
7785, 19.3796
7786, 19.3806
7787, 19.3815
7788, 19.382
7789, 19.382
7790, 19.382
7791, 19.383
7792, 19.3834
7793, 19.3834
7794, 19.3839
7795, 19.3844
7796, 19.3844
7797, 19.3853
7798, 19.3858
7799, 19.3858
7800, 19.3863
7801, 19.3863
7802, 19.3863
7803, 19.3868
7804, 19.3877
7805, 19.3877
7806, 19.3892
7807, 19.3892
7808, 19.3892
7809, 19.3896
7810, 19.3906
7811, 19.3911
7812, 19.3911
7813, 19.3915
7814, 19.393
7815, 19.3949
7816, 19.3949
7817, 19.3949
7818, 19.3958
7819, 19.3963
7820, 19.3963
7821, 19.3968
7822, 19.3982
7823, 19.3987
7824, 19.3996
7825, 19.4001
7826, 19.4001
7827, 19.4015
7828, 19.4015
7829, 19.403
7830, 19.403
7831, 19.4034
7832, 19.4044
7833, 19.4053
7834, 19.4053
7835, 19.4058
7836, 19.4058
7837, 19.4068
7838, 19.4072
7839, 19.4077
7840, 19.4082
7841, 19.4092
7842, 19.4096
7843, 19.4106
7844, 19.4106
7845, 19.4111
7846, 19.4125
7847, 19.4125
7848, 19.413
7849, 19.4139
7850, 19.4153
7851, 19.4158
7852, 19.4163
7853, 19.4163
7854, 19.4182
7855, 19.4182
7856, 19.4187
7857, 19.4187
7858, 19.4196
7859, 19.4201
7860, 19.4206
7861, 19.422
7862, 19.422
7863, 19.4225
7864, 19.4225
7865, 19.4225
7866, 19.4225
7867, 19.423
7868, 19.4234
7869, 19.4234
7870, 19.4239
7871, 19.4249
7872, 19.4249
7873, 19.4253
7874, 19.4253
7875, 19.4282
7876, 19.4282
7877, 19.4282
7878, 19.4287
7879, 19.4292
7880, 19.4306
7881, 19.4306
7882, 19.4315
7883, 19.432
7884, 19.433
7885, 19.433
7886, 19.4339
7887, 19.4349
7888, 19.4358
7889, 19.4363
7890, 19.4377
7891, 19.4377
7892, 19.4382
7893, 19.4382
7894, 19.4387
7895, 19.4392
7896, 19.4392
7897, 19.4392
7898, 19.4406
7899, 19.4406
7900, 19.4411
7901, 19.4415
7902, 19.442
7903, 19.442
7904, 19.4425
7905, 19.443
7906, 19.4439
7907, 19.4439
7908, 19.4449
7909, 19.4449
7910, 19.4453
7911, 19.4453
7912, 19.4453
7913, 19.4468
7914, 19.4477
7915, 19.4487
7916, 19.4487
7917, 19.4487
7918, 19.4496
7919, 19.4506
7920, 19.4506
7921, 19.4511
7922, 19.4515
7923, 19.4525
7924, 19.4525
7925, 19.453
7926, 19.4534
7927, 19.4539
7928, 19.4544
7929, 19.4544
7930, 19.4549
7931, 19.4553
7932, 19.4558
7933, 19.4558
7934, 19.4572
7935, 19.4577
7936, 19.4577
7937, 19.4587
7938, 19.4592
7939, 19.4592
7940, 19.4611
7941, 19.4611
7942, 19.4625
7943, 19.4625
7944, 19.463
7945, 19.4639
7946, 19.4644
7947, 19.4649
7948, 19.4653
7949, 19.4663
7950, 19.4668
7951, 19.4672
7952, 19.4672
7953, 19.4682
7954, 19.4682
7955, 19.4687
7956, 19.4687
7957, 19.4687
7958, 19.4691
7959, 19.4701
7960, 19.4706
7961, 19.4715
7962, 19.4715
7963, 19.4715
7964, 19.4725
7965, 19.473
7966, 19.4734
7967, 19.4734
7968, 19.4739
7969, 19.4753
7970, 19.4758
7971, 19.4758
7972, 19.4763
7973, 19.4768
7974, 19.4768
7975, 19.4768
7976, 19.4772
7977, 19.4772
7978, 19.4772
7979, 19.4782
7980, 19.4782
7981, 19.4787
7982, 19.4787
7983, 19.4787
7984, 19.4791
7985, 19.4791
7986, 19.4796
7987, 19.4801
7988, 19.4801
7989, 19.4806
7990, 19.4815
7991, 19.482
7992, 19.483
7993, 19.4839
7994, 19.4844
7995, 19.4844
7996, 19.4853
7997, 19.4853
7998, 19.4858
7999, 19.4863
8000, 19.4863
8001, 19.4868
8002, 19.4872
8003, 19.4877
8004, 19.4887
8005, 19.4887
8006, 19.4887
8007, 19.4891
8008, 19.4891
8009, 19.4901
8010, 19.4911
8011, 19.4915
8012, 19.4915
8013, 19.492
8014, 19.492
8015, 19.4925
8016, 19.4925
8017, 19.493
8018, 19.4934
8019, 19.4944
8020, 19.4949
8021, 19.4953
8022, 19.4958
8023, 19.4963
8024, 19.4963
8025, 19.4968
8026, 19.4968
8027, 19.4968
8028, 19.4968
8029, 19.4977
8030, 19.4977
8031, 19.4987
8032, 19.5001
8033, 19.5015
8034, 19.5015
8035, 19.5025
8036, 19.5025
8037, 19.5025
8038, 19.503
8039, 19.5034
8040, 19.5039
8041, 19.5049
8042, 19.5049
8043, 19.5058
8044, 19.5063
8045, 19.5072
8046, 19.5072
8047, 19.5072
8048, 19.5087
8049, 19.5087
8050, 19.5091
8051, 19.5091
8052, 19.5096
8053, 19.5096
8054, 19.5101
8055, 19.5106
8056, 19.5115
8057, 19.512
8058, 19.5125
8059, 19.5125
8060, 19.5134
8061, 19.5134
8062, 19.5134
8063, 19.5134
8064, 19.5144
8065, 19.5158
8066, 19.5158
8067, 19.5163
8068, 19.5168
8069, 19.5168
8070, 19.5168
8071, 19.5172
8072, 19.5172
8073, 19.5182
8074, 19.5187
8075, 19.5191
8076, 19.5196
8077, 19.5201
8078, 19.5206
8079, 19.5211
8080, 19.5211
8081, 19.5215
8082, 19.5215
8083, 19.5225
8084, 19.523
8085, 19.5258
8086, 19.5272
8087, 19.5277
8088, 19.5296
8089, 19.5301
8090, 19.5315
8091, 19.532
8092, 19.533
8093, 19.533
8094, 19.5334
8095, 19.5339
8096, 19.5344
8097, 19.5353
8098, 19.5353
8099, 19.5358
8100, 19.5358
8101, 19.5358
8102, 19.5363
8103, 19.5363
8104, 19.5368
8105, 19.5368
8106, 19.5377
8107, 19.5387
8108, 19.5387
8109, 19.5391
8110, 19.5396
8111, 19.5396
8112, 19.5406
8113, 19.5411
8114, 19.5411
8115, 19.5415
8116, 19.5415
8117, 19.542
8118, 19.542
8119, 19.543
8120, 19.5434
8121, 19.5439
8122, 19.5449
8123, 19.5453
8124, 19.5458
8125, 19.5463
8126, 19.5463
8127, 19.5472
8128, 19.5487
8129, 19.5491
8130, 19.5501
8131, 19.5501
8132, 19.5501
8133, 19.5515
8134, 19.5515
8135, 19.5515
8136, 19.552
8137, 19.552
8138, 19.552
8139, 19.5525
8140, 19.553
8141, 19.5534
8142, 19.5539
8143, 19.5539
8144, 19.5553
8145, 19.5553
8146, 19.5558
8147, 19.5558
8148, 19.5563
8149, 19.5563
8150, 19.5577
8151, 19.5577
8152, 19.5591
8153, 19.5591
8154, 19.5596
8155, 19.5596
8156, 19.5601
8157, 19.5611
8158, 19.5615
8159, 19.562
8160, 19.562
8161, 19.5625
8162, 19.5639
8163, 19.5639
8164, 19.5649
8165, 19.5653
8166, 19.5658
8167, 19.5658
8168, 19.5658
8169, 19.5668
8170, 19.5668
8171, 19.5677
8172, 19.5682
8173, 19.5682
8174, 19.5687
8175, 19.5687
8176, 19.5691
8177, 19.5691
8178, 19.5696
8179, 19.5696
8180, 19.5701
8181, 19.5701
8182, 19.5701
8183, 19.5701
8184, 19.5706
8185, 19.5706
8186, 19.5711
8187, 19.5715
8188, 19.5739
8189, 19.5758
8190, 19.5758
8191, 19.5758
8192, 19.5768
8193, 19.5777
8194, 19.5796
8195, 19.5801
8196, 19.5801
8197, 19.5806
8198, 19.5806
8199, 19.5806
8200, 19.582
8201, 19.582
8202, 19.5834
8203, 19.5839
8204, 19.5839
8205, 19.5839
8206, 19.5844
8207, 19.5863
8208, 19.5863
8209, 19.5877
8210, 19.5882
8211, 19.5887
8212, 19.5887
8213, 19.5901
8214, 19.5906
8215, 19.5906
8216, 19.5911
8217, 19.592
8218, 19.5934
8219, 19.5934
8220, 19.5949
8221, 19.5958
8222, 19.5963
8223, 19.5963
8224, 19.5963
8225, 19.5968
8226, 19.5982
8227, 19.5982
8228, 19.5987
8229, 19.5987
8230, 19.5987
8231, 19.5991
8232, 19.5991
8233, 19.6001
8234, 19.6015
8235, 19.602
8236, 19.6025
8237, 19.6025
8238, 19.603
8239, 19.603
8240, 19.6034
8241, 19.6034
8242, 19.6039
8243, 19.6044
8244, 19.6044
8245, 19.6053
8246, 19.6068
8247, 19.6072
8248, 19.6072
8249, 19.6087
8250, 19.6101
8251, 19.6101
8252, 19.6111
8253, 19.6111
8254, 19.6115
8255, 19.612
8256, 19.612
8257, 19.6125
8258, 19.6139
8259, 19.6139
8260, 19.6144
8261, 19.6149
8262, 19.6158
8263, 19.6187
8264, 19.6191
8265, 19.6196
8266, 19.6196
8267, 19.6211
8268, 19.622
8269, 19.6225
8270, 19.6225
8271, 19.6225
8272, 19.623
8273, 19.623
8274, 19.6234
8275, 19.6249
8276, 19.6249
8277, 19.6253
8278, 19.6258
8279, 19.6268
8280, 19.6272
8281, 19.6287
8282, 19.6291
8283, 19.6306
8284, 19.6306
8285, 19.6311
8286, 19.6311
8287, 19.6311
8288, 19.6315
8289, 19.632
8290, 19.6325
8291, 19.6325
8292, 19.633
8293, 19.6334
8294, 19.6349
8295, 19.6353
8296, 19.6368
8297, 19.6372
8298, 19.6377
8299, 19.6396
8300, 19.6396
8301, 19.6415
8302, 19.6425
8303, 19.643
8304, 19.643
8305, 19.6439
8306, 19.6439
8307, 19.6449
8308, 19.6449
8309, 19.6449
8310, 19.6472
8311, 19.6472
8312, 19.6477
8313, 19.6487
8314, 19.6487
8315, 19.6491
8316, 19.6496
8317, 19.6496
8318, 19.6501
8319, 19.6506
8320, 19.6506
8321, 19.6511
8322, 19.6515
8323, 19.652
8324, 19.653
8325, 19.653
8326, 19.6534
8327, 19.6534
8328, 19.6539
8329, 19.6558
8330, 19.6558
8331, 19.6558
8332, 19.6563
8333, 19.6577
8334, 19.6601
8335, 19.6601
8336, 19.6611
8337, 19.6611
8338, 19.6615
8339, 19.662
8340, 19.662
8341, 19.6639
8342, 19.6639
8343, 19.6649
8344, 19.6649
8345, 19.6663
8346, 19.6668
8347, 19.6668
8348, 19.6682
8349, 19.6687
8350, 19.6691
8351, 19.6696
8352, 19.6701
8353, 19.6706
8354, 19.6711
8355, 19.673
8356, 19.673
8357, 19.6734
8358, 19.6734
8359, 19.6739
8360, 19.6739
8361, 19.6739
8362, 19.6753
8363, 19.6753
8364, 19.6758
8365, 19.6763
8366, 19.6772
8367, 19.6796
8368, 19.6796
8369, 19.6801
8370, 19.6806
8371, 19.6806
8372, 19.6811
8373, 19.6811
8374, 19.6815
8375, 19.6825
8376, 19.683
8377, 19.6834
8378, 19.6844
8379, 19.6849
8380, 19.6853
8381, 19.6858
8382, 19.6858
8383, 19.6863
8384, 19.6863
8385, 19.6887
8386, 19.6887
8387, 19.6891
8388, 19.6896
8389, 19.6896
8390, 19.6906
8391, 19.6911
8392, 19.692
8393, 19.6944
8394, 19.6953
8395, 19.6953
8396, 19.6958
8397, 19.6963
8398, 19.6968
8399, 19.6968
8400, 19.6972
8401, 19.6977
8402, 19.6982
8403, 19.6987
8404, 19.7001
8405, 19.702
8406, 19.7025
8407, 19.7034
8408, 19.7044
8409, 19.7044
8410, 19.7049
8411, 19.7053
8412, 19.7058
8413, 19.7063
8414, 19.7072
8415, 19.7077
8416, 19.7082
8417, 19.7082
8418, 19.7096
8419, 19.7096
8420, 19.7101
8421, 19.711
8422, 19.7115
8423, 19.712
8424, 19.712
8425, 19.712
8426, 19.7134
8427, 19.7134
8428, 19.7139
8429, 19.7144
8430, 19.7144
8431, 19.7149
8432, 19.7149
8433, 19.7153
8434, 19.7158
8435, 19.7163
8436, 19.7168
8437, 19.7168
8438, 19.7177
8439, 19.7177
8440, 19.7187
8441, 19.7191
8442, 19.7196
8443, 19.721
8444, 19.7215
8445, 19.722
8446, 19.7225
8447, 19.723
8448, 19.7234
8449, 19.7239
8450, 19.7244
8451, 19.7249
8452, 19.7249
8453, 19.7253
8454, 19.7272
8455, 19.7277
8456, 19.7287
8457, 19.7296
8458, 19.7301
8459, 19.7301
8460, 19.731
8461, 19.732
8462, 19.733
8463, 19.7339
8464, 19.7344
8465, 19.7344
8466, 19.7344
8467, 19.7349
8468, 19.7349
8469, 19.7349
8470, 19.7353
8471, 19.7353
8472, 19.7358
8473, 19.7368
8474, 19.7372
8475, 19.7382
8476, 19.7387
8477, 19.7401
8478, 19.741
8479, 19.7415
8480, 19.742
8481, 19.742
8482, 19.7434
8483, 19.7444
8484, 19.7444
8485, 19.7449
8486, 19.7458
8487, 19.7463
8488, 19.7463
8489, 19.7463
8490, 19.7463
8491, 19.7468
8492, 19.7472
8493, 19.7477
8494, 19.7487
8495, 19.7487
8496, 19.7501
8497, 19.7506
8498, 19.753
8499, 19.7544
8500, 19.7553
8501, 19.7553
8502, 19.7553
8503, 19.7563
8504, 19.7568
8505, 19.7577
8506, 19.7587
8507, 19.7596
8508, 19.7601
8509, 19.7615
8510, 19.7615
8511, 19.7625
8512, 19.763
8513, 19.7639
8514, 19.7639
8515, 19.7644
8516, 19.7644
8517, 19.7649
8518, 19.7653
8519, 19.7668
8520, 19.7677
8521, 19.7691
8522, 19.7701
8523, 19.7706
8524, 19.772
8525, 19.7734
8526, 19.7753
8527, 19.7753
8528, 19.7758
8529, 19.7768
8530, 19.7772
8531, 19.7782
8532, 19.7787
8533, 19.7787
8534, 19.7791
8535, 19.7801
8536, 19.7801
8537, 19.7806
8538, 19.7806
8539, 19.7815
8540, 19.7815
8541, 19.782
8542, 19.7825
8543, 19.7825
8544, 19.7834
8545, 19.7834
8546, 19.7839
8547, 19.7839
8548, 19.7844
8549, 19.7849
8550, 19.7853
8551, 19.7863
8552, 19.7868
8553, 19.7868
8554, 19.7872
8555, 19.7877
8556, 19.7877
8557, 19.7882
8558, 19.7887
8559, 19.7887
8560, 19.7896
8561, 19.7896
8562, 19.7896
8563, 19.7901
8564, 19.7901
8565, 19.7906
8566, 19.791
8567, 19.7915
8568, 19.793
8569, 19.7934
8570, 19.7939
8571, 19.7939
8572, 19.7944
8573, 19.7944
8574, 19.7953
8575, 19.7968
8576, 19.7972
8577, 19.7972
8578, 19.7982
8579, 19.7987
8580, 19.7987
8581, 19.8001
8582, 19.8006
8583, 19.801
8584, 19.801
8585, 19.8025
8586, 19.8025
8587, 19.803
8588, 19.8034
8589, 19.8034
8590, 19.8044
8591, 19.8049
8592, 19.8053
8593, 19.8053
8594, 19.8058
8595, 19.8063
8596, 19.8077
8597, 19.8077
8598, 19.8082
8599, 19.8091
8600, 19.8101
8601, 19.8106
8602, 19.8106
8603, 19.8144
8604, 19.8144
8605, 19.8149
8606, 19.8153
8607, 19.8163
8608, 19.8163
8609, 19.8163
8610, 19.8168
8611, 19.8177
8612, 19.8177
8613, 19.8177
8614, 19.8182
8615, 19.8187
8616, 19.8187
8617, 19.8191
8618, 19.8196
8619, 19.8201
8620, 19.821
8621, 19.821
8622, 19.8215
8623, 19.822
8624, 19.8225
8625, 19.8225
8626, 19.823
8627, 19.8234
8628, 19.8234
8629, 19.8239
8630, 19.8239
8631, 19.8244
8632, 19.8253
8633, 19.8253
8634, 19.8263
8635, 19.8263
8636, 19.8268
8637, 19.8272
8638, 19.8272
8639, 19.8272
8640, 19.8277
8641, 19.8277
8642, 19.8291
8643, 19.8291
8644, 19.8306
8645, 19.8306
8646, 19.831
8647, 19.8315
8648, 19.8315
8649, 19.832
8650, 19.8325
8651, 19.8339
8652, 19.8339
8653, 19.8344
8654, 19.8358
8655, 19.8363
8656, 19.8363
8657, 19.8372
8658, 19.8377
8659, 19.8377
8660, 19.8382
8661, 19.8396
8662, 19.8396
8663, 19.8396
8664, 19.8401
8665, 19.8406
8666, 19.841
8667, 19.8415
8668, 19.842
8669, 19.842
8670, 19.8425
8671, 19.8425
8672, 19.8434
8673, 19.8449
8674, 19.8458
8675, 19.8463
8676, 19.8463
8677, 19.8472
8678, 19.8477
8679, 19.8477
8680, 19.8487
8681, 19.8487
8682, 19.8491
8683, 19.8506
8684, 19.8506
8685, 19.851
8686, 19.852
8687, 19.852
8688, 19.8525
8689, 19.8525
8690, 19.8525
8691, 19.8534
8692, 19.8544
8693, 19.8549
8694, 19.8549
8695, 19.8553
8696, 19.8577
8697, 19.8577
8698, 19.8577
8699, 19.8591
8700, 19.8591
8701, 19.8591
8702, 19.8591
8703, 19.8596
8704, 19.8601
8705, 19.8601
8706, 19.8615
8707, 19.8634
8708, 19.8639
8709, 19.8644
8710, 19.8649
8711, 19.8653
8712, 19.8658
8713, 19.8672
8714, 19.8672
8715, 19.8672
8716, 19.8682
8717, 19.8682
8718, 19.8687
8719, 19.8687
8720, 19.8696
8721, 19.8701
8722, 19.8706
8723, 19.871
8724, 19.8715
8725, 19.8734
8726, 19.8749
8727, 19.8772
8728, 19.8777
8729, 19.8782
8730, 19.8791
8731, 19.8801
8732, 19.881
8733, 19.882
8734, 19.882
8735, 19.883
8736, 19.8844
8737, 19.8853
8738, 19.8853
8739, 19.8863
8740, 19.8863
8741, 19.8868
8742, 19.8872
8743, 19.8882
8744, 19.8887
8745, 19.8887
8746, 19.8891
8747, 19.8891
8748, 19.8896
8749, 19.8906
8750, 19.8906
8751, 19.891
8752, 19.891
8753, 19.8925
8754, 19.893
8755, 19.893
8756, 19.8934
8757, 19.8939
8758, 19.8939
8759, 19.8953
8760, 19.8968
8761, 19.8968
8762, 19.8982
8763, 19.8987
8764, 19.8987
8765, 19.8991
8766, 19.8991
8767, 19.8991
8768, 19.8996
8769, 19.9001
8770, 19.9001
8771, 19.9001
8772, 19.9001
8773, 19.901
8774, 19.901
8775, 19.9015
8776, 19.902
8777, 19.903
8778, 19.9034
8779, 19.9039
8780, 19.9044
8781, 19.9053
8782, 19.9063
8783, 19.9063
8784, 19.9063
8785, 19.9063
8786, 19.9072
8787, 19.9091
8788, 19.9096
8789, 19.9101
8790, 19.9101
8791, 19.9115
8792, 19.912
8793, 19.912
8794, 19.9125
8795, 19.9134
8796, 19.9139
8797, 19.9149
8798, 19.9158
8799, 19.9168
8800, 19.9168
8801, 19.9168
8802, 19.9172
8803, 19.9182
8804, 19.9201
8805, 19.9201
8806, 19.9215
8807, 19.922
8808, 19.9225
8809, 19.9244
8810, 19.9253
8811, 19.9263
8812, 19.9263
8813, 19.9268
8814, 19.9277
8815, 19.9282
8816, 19.9282
8817, 19.9291
8818, 19.9291
8819, 19.9296
8820, 19.9301
8821, 19.931
8822, 19.9315
8823, 19.932
8824, 19.933
8825, 19.933
8826, 19.933
8827, 19.9334
8828, 19.9334
8829, 19.9344
8830, 19.9344
8831, 19.9372
8832, 19.9382
8833, 19.9382
8834, 19.9387
8835, 19.9387
8836, 19.9396
8837, 19.9401
8838, 19.9401
8839, 19.9406
8840, 19.941
8841, 19.9415
8842, 19.942
8843, 19.942
8844, 19.943
8845, 19.9449
8846, 19.9449
8847, 19.9453
8848, 19.9468
8849, 19.9468
8850, 19.9472
8851, 19.9477
8852, 19.9482
8853, 19.9487
8854, 19.9506
8855, 19.9506
8856, 19.952
8857, 19.9534
8858, 19.9544
8859, 19.9553
8860, 19.9568
8861, 19.9568
8862, 19.9572
8863, 19.9577
8864, 19.9582
8865, 19.9591
8866, 19.9591
8867, 19.9601
8868, 19.9606
8869, 19.962
8870, 19.9625
8871, 19.9625
8872, 19.9629
8873, 19.9634
8874, 19.9639
8875, 19.9639
8876, 19.9653
8877, 19.9653
8878, 19.9653
8879, 19.9653
8880, 19.9668
8881, 19.9672
8882, 19.9696
8883, 19.9696
8884, 19.9706
8885, 19.9715
8886, 19.9725
8887, 19.9725
8888, 19.9734
8889, 19.9744
8890, 19.9744
8891, 19.9749
8892, 19.9763
8893, 19.9768
8894, 19.9768
8895, 19.9782
8896, 19.9787
8897, 19.9787
8898, 19.9791
8899, 19.9791
8900, 19.9801
8901, 19.9806
8902, 19.9806
8903, 19.9825
8904, 19.9825
8905, 19.9829
8906, 19.9834
8907, 19.9834
8908, 19.9839
8909, 19.9849
8910, 19.9863
8911, 19.9863
8912, 19.9863
8913, 19.9863
8914, 19.9863
8915, 19.9868
8916, 19.9882
8917, 19.9887
8918, 19.9887
8919, 19.9906
8920, 19.9906
8921, 19.991
8922, 19.9915
8923, 19.992
8924, 19.992
8925, 19.9925
8926, 19.9925
8927, 19.9929
8928, 19.9934
8929, 19.9949
8930, 19.9949
8931, 19.9949
8932, 19.9953
8933, 19.9953
8934, 19.9953
8935, 19.9972
8936, 19.9977
8937, 19.9982
8938, 19.9982
8939, 19.9982
8940, 19.9991
8941, 19.9996
8942, 20.0001
8943, 20.0001
8944, 20.001
8945, 20.001
8946, 20.0025
8947, 20.0025
8948, 20.0029
8949, 20.0029
8950, 20.0039
8951, 20.0049
8952, 20.0049
8953, 20.0053
8954, 20.0058
8955, 20.0063
8956, 20.0068
8957, 20.0068
8958, 20.0072
8959, 20.0072
8960, 20.0082
8961, 20.0082
8962, 20.0087
8963, 20.0091
8964, 20.0091
8965, 20.0096
8966, 20.0096
8967, 20.0101
8968, 20.0101
8969, 20.0101
8970, 20.0115
8971, 20.012
8972, 20.012
8973, 20.0125
8974, 20.0125
8975, 20.0129
8976, 20.0139
8977, 20.0139
8978, 20.0149
8979, 20.0172
8980, 20.0172
8981, 20.0182
8982, 20.0182
8983, 20.0187
8984, 20.0187
8985, 20.0187
8986, 20.0187
8987, 20.0201
8988, 20.0201
8989, 20.0206
8990, 20.021
8991, 20.021
8992, 20.0215
8993, 20.022
8994, 20.022
8995, 20.022
8996, 20.0239
8997, 20.0239
8998, 20.0244
8999, 20.0244
9000, 20.0244
9001, 20.0249
9002, 20.0249
9003, 20.0253
9004, 20.0263
9005, 20.0263
9006, 20.0268
9007, 20.0268
9008, 20.0282
9009, 20.0287
9010, 20.0287
9011, 20.0291
9012, 20.0296
9013, 20.0306
9014, 20.0315
9015, 20.0325
9016, 20.0325
9017, 20.0334
9018, 20.0344
9019, 20.0349
9020, 20.0349
9021, 20.0349
9022, 20.0353
9023, 20.0358
9024, 20.0363
9025, 20.0363
9026, 20.0368
9027, 20.0372
9028, 20.0377
9029, 20.0377
9030, 20.0382
9031, 20.0401
9032, 20.0406
9033, 20.0415
9034, 20.0415
9035, 20.042
9036, 20.0425
9037, 20.0429
9038, 20.0429
9039, 20.0434
9040, 20.0434
9041, 20.0439
9042, 20.0439
9043, 20.0444
9044, 20.0444
9045, 20.0449
9046, 20.0449
9047, 20.0453
9048, 20.0453
9049, 20.0458
9050, 20.0463
9051, 20.0472
9052, 20.0477
9053, 20.0487
9054, 20.0491
9055, 20.0496
9056, 20.0501
9057, 20.051
9058, 20.052
9059, 20.0534
9060, 20.0534
9061, 20.0539
9062, 20.0539
9063, 20.0544
9064, 20.0544
9065, 20.0544
9066, 20.0549
9067, 20.0553
9068, 20.0558
9069, 20.0568
9070, 20.0568
9071, 20.0572
9072, 20.0572
9073, 20.0577
9074, 20.0582
9075, 20.0587
9076, 20.0591
9077, 20.0591
9078, 20.0596
9079, 20.0606
9080, 20.061
9081, 20.0615
9082, 20.0615
9083, 20.0615
9084, 20.062
9085, 20.0625
9086, 20.0625
9087, 20.0644
9088, 20.0644
9089, 20.0649
9090, 20.0653
9091, 20.0658
9092, 20.0658
9093, 20.0658
9094, 20.0663
9095, 20.0668
9096, 20.0672
9097, 20.0677
9098, 20.0682
9099, 20.0682
9100, 20.0687
9101, 20.0691
9102, 20.0691
9103, 20.0701
9104, 20.071
9105, 20.0715
9106, 20.0725
9107, 20.0734
9108, 20.0734
9109, 20.0749
9110, 20.0758
9111, 20.0758
9112, 20.0763
9113, 20.0768
9114, 20.0768
9115, 20.0772
9116, 20.0777
9117, 20.0777
9118, 20.0782
9119, 20.0787
9120, 20.0791
9121, 20.0801
9122, 20.0801
9123, 20.0801
9124, 20.0825
9125, 20.0839
9126, 20.0839
9127, 20.0844
9128, 20.0844
9129, 20.0844
9130, 20.0849
9131, 20.0853
9132, 20.0853
9133, 20.0853
9134, 20.0858
9135, 20.0863
9136, 20.0863
9137, 20.0877
9138, 20.0882
9139, 20.0887
9140, 20.0891
9141, 20.0891
9142, 20.0901
9143, 20.0906
9144, 20.0906
9145, 20.0915
9146, 20.092
9147, 20.092
9148, 20.092
9149, 20.0929
9150, 20.0934
9151, 20.0939
9152, 20.0944
9153, 20.0949
9154, 20.0949
9155, 20.0949
9156, 20.0949
9157, 20.0953
9158, 20.0953
9159, 20.0958
9160, 20.0958
9161, 20.0963
9162, 20.0972
9163, 20.0972
9164, 20.0982
9165, 20.0982
9166, 20.0996
9167, 20.0996
9168, 20.0996
9169, 20.1006
9170, 20.1006
9171, 20.101
9172, 20.1015
9173, 20.1039
9174, 20.1039
9175, 20.1044
9176, 20.1044
9177, 20.1053
9178, 20.1058
9179, 20.1058
9180, 20.1058
9181, 20.1063
9182, 20.1063
9183, 20.1063
9184, 20.1077
9185, 20.1096
9186, 20.1106
9187, 20.111
9188, 20.111
9189, 20.1115
9190, 20.1115
9191, 20.1125
9192, 20.1125
9193, 20.1125
9194, 20.1158
9195, 20.1177
9196, 20.1177
9197, 20.1187
9198, 20.1191
9199, 20.1191
9200, 20.1206
9201, 20.1215
9202, 20.1215
9203, 20.1225
9204, 20.1225
9205, 20.1225
9206, 20.1234
9207, 20.1239
9208, 20.1244
9209, 20.1244
9210, 20.1249
9211, 20.1249
9212, 20.1253
9213, 20.1258
9214, 20.1263
9215, 20.1263
9216, 20.1268
9217, 20.1272
9218, 20.1282
9219, 20.1287
9220, 20.1296
9221, 20.132
9222, 20.132
9223, 20.1325
9224, 20.1344
9225, 20.1349
9226, 20.1353
9227, 20.1363
9228, 20.1363
9229, 20.1363
9230, 20.1387
9231, 20.1387
9232, 20.1401
9233, 20.141
9234, 20.1415
9235, 20.1415
9236, 20.142
9237, 20.1429
9238, 20.1439
9239, 20.1458
9240, 20.1463
9241, 20.1463
9242, 20.1468
9243, 20.1472
9244, 20.1472
9245, 20.1482
9246, 20.1482
9247, 20.1482
9248, 20.1487
9249, 20.1491
9250, 20.1506
9251, 20.151
9252, 20.1515
9253, 20.1515
9254, 20.152
9255, 20.152
9256, 20.1529
9257, 20.1539
9258, 20.1539
9259, 20.1539
9260, 20.1544
9261, 20.1553
9262, 20.1553
9263, 20.1563
9264, 20.1582
9265, 20.1587
9266, 20.1601
9267, 20.161
9268, 20.1615
9269, 20.1615
9270, 20.162
9271, 20.1629
9272, 20.1634
9273, 20.1653
9274, 20.1663
9275, 20.1668
9276, 20.1672
9277, 20.1677
9278, 20.1677
9279, 20.1677
9280, 20.1682
9281, 20.1682
9282, 20.1687
9283, 20.1687
9284, 20.1691
9285, 20.1696
9286, 20.1696
9287, 20.1696
9288, 20.1701
9289, 20.1706
9290, 20.171
9291, 20.171
9292, 20.172
9293, 20.172
9294, 20.172
9295, 20.1729
9296, 20.1734
9297, 20.1734
9298, 20.1739
9299, 20.1763
9300, 20.1763
9301, 20.1763
9302, 20.1768
9303, 20.1772
9304, 20.1772
9305, 20.1777
9306, 20.1782
9307, 20.1782
9308, 20.1782
9309, 20.1787
9310, 20.1796
9311, 20.1806
9312, 20.1806
9313, 20.1815
9314, 20.182
9315, 20.1825
9316, 20.1834
9317, 20.1844
9318, 20.1849
9319, 20.1849
9320, 20.1858
9321, 20.1863
9322, 20.1877
9323, 20.1891
9324, 20.1906
9325, 20.191
9326, 20.1915
9327, 20.1934
9328, 20.1934
9329, 20.1944
9330, 20.1944
9331, 20.1949
9332, 20.1949
9333, 20.1963
9334, 20.1968
9335, 20.1977
9336, 20.1977
9337, 20.1982
9338, 20.1982
9339, 20.1987
9340, 20.1987
9341, 20.1987
9342, 20.1996
9343, 20.1996
9344, 20.1996
9345, 20.2001
9346, 20.2001
9347, 20.2006
9348, 20.2006
9349, 20.201
9350, 20.201
9351, 20.2015
9352, 20.2015
9353, 20.2025
9354, 20.2029
9355, 20.2029
9356, 20.2039
9357, 20.2044
9358, 20.2048
9359, 20.2053
9360, 20.2053
9361, 20.2053
9362, 20.2053
9363, 20.2068
9364, 20.2072
9365, 20.2072
9366, 20.2077
9367, 20.2087
9368, 20.2087
9369, 20.2096
9370, 20.2101
9371, 20.212
9372, 20.2129
9373, 20.2129
9374, 20.2163
9375, 20.2168
9376, 20.2172
9377, 20.2187
9378, 20.2191
9379, 20.2196
9380, 20.2196
9381, 20.2206
9382, 20.221
9383, 20.221
9384, 20.222
9385, 20.2229
9386, 20.2229
9387, 20.2234
9388, 20.2239
9389, 20.2239
9390, 20.2239
9391, 20.2239
9392, 20.2248
9393, 20.2268
9394, 20.2277
9395, 20.2282
9396, 20.2287
9397, 20.2291
9398, 20.2291
9399, 20.2291
9400, 20.2296
9401, 20.2301
9402, 20.231
9403, 20.232
9404, 20.2329
9405, 20.2329
9406, 20.2339
9407, 20.2348
9408, 20.2363
9409, 20.2363
9410, 20.2363
9411, 20.2372
9412, 20.2382
9413, 20.2382
9414, 20.2391
9415, 20.2391
9416, 20.241
9417, 20.2415
9418, 20.242
9419, 20.242
9420, 20.242
9421, 20.242
9422, 20.242
9423, 20.2444
9424, 20.2453
9425, 20.2458
9426, 20.2458
9427, 20.2458
9428, 20.2463
9429, 20.2463
9430, 20.2468
9431, 20.2468
9432, 20.2468
9433, 20.2472
9434, 20.2477
9435, 20.2487
9436, 20.2487
9437, 20.2496
9438, 20.2501
9439, 20.251
9440, 20.2515
9441, 20.2515
9442, 20.252
9443, 20.2525
9444, 20.2529
9445, 20.2534
9446, 20.2544
9447, 20.2548
9448, 20.2558
9449, 20.2577
9450, 20.2577
9451, 20.2582
9452, 20.2591
9453, 20.2596
9454, 20.2596
9455, 20.2596
9456, 20.2606
9457, 20.2615
9458, 20.2615
9459, 20.2615
9460, 20.262
9461, 20.2629
9462, 20.2648
9463, 20.2658
9464, 20.2658
9465, 20.2677
9466, 20.2687
9467, 20.2696
9468, 20.2696
9469, 20.2701
9470, 20.2706
9471, 20.272
9472, 20.272
9473, 20.2729
9474, 20.2729
9475, 20.2739
9476, 20.2739
9477, 20.2739
9478, 20.2744
9479, 20.2744
9480, 20.2763
9481, 20.2768
9482, 20.2768
9483, 20.2772
9484, 20.2782
9485, 20.2782
9486, 20.2782
9487, 20.2782
9488, 20.2782
9489, 20.2787
9490, 20.2791
9491, 20.2796
9492, 20.2796
9493, 20.281
9494, 20.2825
9495, 20.2825
9496, 20.2825
9497, 20.2825
9498, 20.2829
9499, 20.2829
9500, 20.2829
9501, 20.2829
9502, 20.2834
9503, 20.2834
9504, 20.2834
9505, 20.2839
9506, 20.2853
9507, 20.2858
9508, 20.2877
9509, 20.2882
9510, 20.2882
9511, 20.2882
9512, 20.2887
9513, 20.2891
9514, 20.2891
9515, 20.2896
9516, 20.2915
9517, 20.292
9518, 20.2925
9519, 20.2925
9520, 20.2944
9521, 20.2948
9522, 20.2948
9523, 20.2963
9524, 20.2963
9525, 20.2968
9526, 20.2977
9527, 20.2982
9528, 20.2987
9529, 20.3006
9530, 20.3006
9531, 20.3006
9532, 20.3015
9533, 20.302
9534, 20.302
9535, 20.3025
9536, 20.3029
9537, 20.3029
9538, 20.3029
9539, 20.3039
9540, 20.3048
9541, 20.3063
9542, 20.3063
9543, 20.3068
9544, 20.3072
9545, 20.3101
9546, 20.311
9547, 20.3115
9548, 20.3115
9549, 20.312
9550, 20.3125
9551, 20.3129
9552, 20.3129
9553, 20.3129
9554, 20.3134
9555, 20.3134
9556, 20.3134
9557, 20.3172
9558, 20.3182
9559, 20.3187
9560, 20.3187
9561, 20.3196
9562, 20.3196
9563, 20.3201
9564, 20.3206
9565, 20.321
9566, 20.321
9567, 20.3215
9568, 20.3225
9569, 20.3234
9570, 20.3234
9571, 20.3234
9572, 20.3234
9573, 20.3239
9574, 20.3258
9575, 20.3258
9576, 20.3258
9577, 20.3268
9578, 20.3272
9579, 20.3277
9580, 20.3282
9581, 20.3282
9582, 20.3296
9583, 20.3296
9584, 20.3306
9585, 20.331
9586, 20.3325
9587, 20.3325
9588, 20.3334
9589, 20.3334
9590, 20.3334
9591, 20.3339
9592, 20.3339
9593, 20.3339
9594, 20.3353
9595, 20.3353
9596, 20.3358
9597, 20.3368
9598, 20.3368
9599, 20.3372
9600, 20.3372
9601, 20.3382
9602, 20.3396
9603, 20.3396
9604, 20.3401
9605, 20.3406
9606, 20.341
9607, 20.3415
9608, 20.3415
9609, 20.3429
9610, 20.3429
9611, 20.3434
9612, 20.3439
9613, 20.3444
9614, 20.3453
9615, 20.3453
9616, 20.3463
9617, 20.3463
9618, 20.3472
9619, 20.3487
9620, 20.3487
9621, 20.3501
9622, 20.351
9623, 20.3515
9624, 20.3529
9625, 20.3539
9626, 20.3544
9627, 20.3544
9628, 20.3553
9629, 20.3572
9630, 20.3582
9631, 20.3587
9632, 20.3587
9633, 20.3596
9634, 20.3601
9635, 20.361
9636, 20.361
9637, 20.3615
9638, 20.3625
9639, 20.3629
9640, 20.3634
9641, 20.3639
9642, 20.3648
9643, 20.3648
9644, 20.3653
9645, 20.3653
9646, 20.3653
9647, 20.3663
9648, 20.3672
9649, 20.3672
9650, 20.3687
9651, 20.3696
9652, 20.3701
9653, 20.371
9654, 20.371
9655, 20.372
9656, 20.372
9657, 20.3729
9658, 20.3753
9659, 20.3753
9660, 20.3758
9661, 20.3763
9662, 20.3791
9663, 20.3791
9664, 20.3796
9665, 20.3796
9666, 20.3796
9667, 20.3806
9668, 20.381
9669, 20.3815
9670, 20.3825
9671, 20.3825
9672, 20.3825
9673, 20.3829
9674, 20.3844
9675, 20.3844
9676, 20.3848
9677, 20.3853
9678, 20.3858
9679, 20.3863
9680, 20.3868
9681, 20.3877
9682, 20.3882
9683, 20.3882
9684, 20.3887
9685, 20.3901
9686, 20.3901
9687, 20.391
9688, 20.3915
9689, 20.3915
9690, 20.392
9691, 20.3925
9692, 20.3929
9693, 20.3944
9694, 20.3944
9695, 20.3953
9696, 20.3958
9697, 20.3968
9698, 20.3982
9699, 20.3987
9700, 20.3987
9701, 20.3996
9702, 20.4001
9703, 20.4001
9704, 20.401
9705, 20.4015
9706, 20.4029
9707, 20.4029
9708, 20.4034
9709, 20.4044
9710, 20.4044
9711, 20.4044
9712, 20.4063
9713, 20.4077
9714, 20.4077
9715, 20.4082
9716, 20.4082
9717, 20.4091
9718, 20.4091
9719, 20.4096
9720, 20.4101
9721, 20.4115
9722, 20.4144
9723, 20.4144
9724, 20.4144
9725, 20.4148
9726, 20.4153
9727, 20.4158
9728, 20.4163
9729, 20.4163
9730, 20.4168
9731, 20.4172
9732, 20.4172
9733, 20.4172
9734, 20.4177
9735, 20.4182
9736, 20.4182
9737, 20.4182
9738, 20.4206
9739, 20.4206
9740, 20.4206
9741, 20.421
9742, 20.421
9743, 20.422
9744, 20.4229
9745, 20.4234
9746, 20.4239
9747, 20.4258
9748, 20.4272
9749, 20.4272
9750, 20.4277
9751, 20.4282
9752, 20.4287
9753, 20.4287
9754, 20.4287
9755, 20.4296
9756, 20.4301
9757, 20.4301
9758, 20.431
9759, 20.4315
9760, 20.4315
9761, 20.4315
9762, 20.432
9763, 20.4325
9764, 20.4329
9765, 20.4329
9766, 20.4329
9767, 20.4353
9768, 20.4353
9769, 20.4353
9770, 20.4372
9771, 20.4372
9772, 20.4372
9773, 20.4372
9774, 20.4396
9775, 20.4401
9776, 20.4406
9777, 20.4425
9778, 20.4429
9779, 20.4439
9780, 20.4439
9781, 20.4448
9782, 20.4453
9783, 20.4453
9784, 20.4453
9785, 20.4463
9786, 20.4468
9787, 20.4477
9788, 20.4491
9789, 20.4501
9790, 20.451
9791, 20.451
9792, 20.4515
9793, 20.4525
9794, 20.4525
9795, 20.4525
9796, 20.4529
9797, 20.4529
9798, 20.4534
9799, 20.4563
9800, 20.4563
9801, 20.4563
9802, 20.4582
9803, 20.4582
9804, 20.4582
9805, 20.4591
9806, 20.4591
9807, 20.4596
9808, 20.4606
9809, 20.4606
9810, 20.4615
9811, 20.462
9812, 20.462
9813, 20.4625
9814, 20.4625
9815, 20.4634
9816, 20.4639
9817, 20.4644
9818, 20.4644
9819, 20.4648
9820, 20.4653
9821, 20.4687
9822, 20.4701
9823, 20.4706
9824, 20.4715
9825, 20.472
9826, 20.4725
9827, 20.4729
9828, 20.4729
9829, 20.4734
9830, 20.4734
9831, 20.4744
9832, 20.4758
9833, 20.4758
9834, 20.4763
9835, 20.4767
9836, 20.4767
9837, 20.4782
9838, 20.4787
9839, 20.4787
9840, 20.4787
9841, 20.4791
9842, 20.4801
9843, 20.4825
9844, 20.4829
9845, 20.4844
9846, 20.4853
9847, 20.4853
9848, 20.4863
9849, 20.4867
9850, 20.4872
9851, 20.4882
9852, 20.4896
9853, 20.4896
9854, 20.4901
9855, 20.4901
9856, 20.4925
9857, 20.4929
9858, 20.4929
9859, 20.4934
9860, 20.4939
9861, 20.4944
9862, 20.4948
9863, 20.4953
9864, 20.4958
9865, 20.4967
9866, 20.4967
9867, 20.4972
9868, 20.4977
9869, 20.4977
9870, 20.4977
9871, 20.4977
9872, 20.4982
9873, 20.4982
9874, 20.4987
9875, 20.4996
9876, 20.5001
9877, 20.5006
9878, 20.502
9879, 20.5025
9880, 20.5025
9881, 20.5025
9882, 20.5039
9883, 20.5048
9884, 20.5048
9885, 20.5058
9886, 20.5063
9887, 20.5067
9888, 20.5077
9889, 20.5087
9890, 20.5091
9891, 20.5106
9892, 20.5106
9893, 20.5115
9894, 20.5144
9895, 20.5148
9896, 20.5148
9897, 20.5153
9898, 20.5153
9899, 20.5158
9900, 20.5182
9901, 20.5201
9902, 20.5201
9903, 20.5201
9904, 20.5206
9905, 20.5206
9906, 20.5206
9907, 20.5206
9908, 20.521
9909, 20.522
9910, 20.5225
9911, 20.5225
9912, 20.5225
9913, 20.5234
9914, 20.5244
9915, 20.5244
9916, 20.5244
9917, 20.5248
9918, 20.5248
9919, 20.5258
9920, 20.5263
9921, 20.5263
9922, 20.5267
9923, 20.5272
9924, 20.5282
9925, 20.5291
9926, 20.5306
9927, 20.5315
9928, 20.5325
9929, 20.5329
9930, 20.5339
9931, 20.5344
9932, 20.5353
9933, 20.5358
9934, 20.5363
9935, 20.5363
9936, 20.5372
9937, 20.5387
9938, 20.5387
9939, 20.5401
9940, 20.5415
9941, 20.542
9942, 20.5425
9943, 20.5425
9944, 20.5434
9945, 20.5453
9946, 20.5453
9947, 20.5458
9948, 20.5467
9949, 20.5467
9950, 20.5477
9951, 20.5477
9952, 20.5482
9953, 20.5487
9954, 20.5491
9955, 20.5491
9956, 20.5496
9957, 20.5496
9958, 20.5496
9959, 20.5496
9960, 20.5515
9961, 20.552
9962, 20.552
9963, 20.5525
9964, 20.5534
9965, 20.5553
9966, 20.5553
9967, 20.5567
9968, 20.5567
9969, 20.5577
9970, 20.5587
9971, 20.5591
9972, 20.5601
9973, 20.5601
9974, 20.5601
9975, 20.5601
9976, 20.5606
9977, 20.562
9978, 20.5629
9979, 20.5634
9980, 20.5644
9981, 20.5644
9982, 20.5644
9983, 20.5644
9984, 20.5644
9985, 20.5644
9986, 20.5658
9987, 20.5658
9988, 20.5658
9989, 20.5667
9990, 20.5667
9991, 20.5672
9992, 20.5672
9993, 20.5672
9994, 20.5672
9995, 20.5677
9996, 20.5691
9997, 20.5691
9998, 20.5696
9999, 20.5706
10000, 20.5725
10001, 20.5739
10002, 20.5744
10003, 20.5753
10004, 20.5753
10005, 20.5753
10006, 20.5758
10007, 20.5763
10008, 20.5767
10009, 20.5772
10010, 20.5777
10011, 20.5787
10012, 20.5791
10013, 20.5796
10014, 20.5801
10015, 20.5815
10016, 20.5825
10017, 20.5858
10018, 20.5867
10019, 20.5882
10020, 20.5896
10021, 20.5906
10022, 20.591
10023, 20.5915
10024, 20.5915
10025, 20.5934
10026, 20.5934
10027, 20.5934
10028, 20.5944
10029, 20.5948
10030, 20.5953
10031, 20.5967
10032, 20.5991
10033, 20.6001
10034, 20.6006
10035, 20.6015
10036, 20.6029
10037, 20.6029
10038, 20.6034
10039, 20.6039
10040, 20.6048
10041, 20.6067
10042, 20.6077
10043, 20.6082
10044, 20.6087
10045, 20.6087
10046, 20.6096
10047, 20.6096
10048, 20.6101
10049, 20.6101
10050, 20.6101
10051, 20.6106
10052, 20.612
10053, 20.6125
10054, 20.6134
10055, 20.6134
10056, 20.6139
10057, 20.6144
10058, 20.6144
10059, 20.6144
10060, 20.6148
10061, 20.6158
10062, 20.6167
10063, 20.6172
10064, 20.6177
10065, 20.6177
10066, 20.6177
10067, 20.6187
10068, 20.6191
10069, 20.6201
10070, 20.6201
10071, 20.6201
10072, 20.6206
10073, 20.6206
10074, 20.621
10075, 20.621
10076, 20.621
10077, 20.6215
10078, 20.6229
10079, 20.6248
10080, 20.6248
10081, 20.6248
10082, 20.6253
10083, 20.6272
10084, 20.6277
10085, 20.6282
10086, 20.6296
10087, 20.632
10088, 20.6325
10089, 20.6353
10090, 20.6353
10091, 20.6353
10092, 20.6353
10093, 20.6353
10094, 20.6372
10095, 20.6391
10096, 20.6415
10097, 20.6429
10098, 20.6429
10099, 20.6439
10100, 20.6439
10101, 20.6444
10102, 20.6444
10103, 20.6448
10104, 20.6453
10105, 20.6453
10106, 20.6458
10107, 20.6463
10108, 20.6467
10109, 20.6467
10110, 20.6467
10111, 20.6477
10112, 20.6482
10113, 20.6482
10114, 20.6482
10115, 20.6487
10116, 20.6487
10117, 20.6487
10118, 20.6496
10119, 20.651
10120, 20.651
10121, 20.6515
10122, 20.6529
10123, 20.6534
10124, 20.6544
10125, 20.6548
10126, 20.6567
10127, 20.6572
10128, 20.6577
10129, 20.6587
10130, 20.6587
10131, 20.6587
10132, 20.6606
10133, 20.6606
10134, 20.6615
10135, 20.662
10136, 20.6658
10137, 20.6663
10138, 20.6691
10139, 20.6706
10140, 20.6706
10141, 20.6715
10142, 20.6715
10143, 20.6725
10144, 20.6729
10145, 20.6734
10146, 20.6739
10147, 20.6748
10148, 20.6748
10149, 20.6753
10150, 20.6772
10151, 20.6772
10152, 20.6782
10153, 20.6787
10154, 20.6796
10155, 20.6801
10156, 20.6815
10157, 20.6825
10158, 20.6825
10159, 20.6829
10160, 20.6839
10161, 20.6839
10162, 20.6853
10163, 20.6853
10164, 20.6853
10165, 20.6858
10166, 20.6863
10167, 20.6867
10168, 20.6867
10169, 20.6872
10170, 20.6891
10171, 20.6896
10172, 20.6896
10173, 20.6906
10174, 20.691
10175, 20.6915
10176, 20.692
10177, 20.6925
10178, 20.6925
10179, 20.6929
10180, 20.6939
10181, 20.6939
10182, 20.6939
10183, 20.6944
10184, 20.6944
10185, 20.6963
10186, 20.6991
10187, 20.6996
10188, 20.7001
10189, 20.701
10190, 20.7025
10191, 20.7044
10192, 20.7053
10193, 20.7053
10194, 20.7063
10195, 20.7072
10196, 20.7072
10197, 20.7091
10198, 20.7091
10199, 20.7096
10200, 20.7101
10201, 20.7115
10202, 20.7125
10203, 20.7139
10204, 20.7148
10205, 20.7148
10206, 20.7153
10207, 20.7167
10208, 20.7182
10209, 20.7182
10210, 20.7186
10211, 20.7186
10212, 20.7215
10213, 20.7225
10214, 20.7229
10215, 20.7234
10216, 20.7244
10217, 20.7244
10218, 20.7248
10219, 20.7253
10220, 20.7263
10221, 20.7282
10222, 20.7282
10223, 20.7296
10224, 20.7296
10225, 20.7306
10226, 20.7306
10227, 20.7306
10228, 20.732
10229, 20.7325
10230, 20.7339
10231, 20.7348
10232, 20.7353
10233, 20.7363
10234, 20.7363
10235, 20.7363
10236, 20.7367
10237, 20.7372
10238, 20.7372
10239, 20.7377
10240, 20.7382
10241, 20.7382
10242, 20.7386
10243, 20.7386
10244, 20.741
10245, 20.741
10246, 20.741
10247, 20.7415
10248, 20.742
10249, 20.742
10250, 20.7425
10251, 20.7425
10252, 20.7444
10253, 20.7448
10254, 20.7448
10255, 20.7458
10256, 20.7458
10257, 20.7463
10258, 20.7477
10259, 20.7486
10260, 20.7496
10261, 20.7496
10262, 20.7501
10263, 20.7506
10264, 20.7506
10265, 20.7506
10266, 20.7506
10267, 20.7515
10268, 20.7544
10269, 20.7544
10270, 20.7544
10271, 20.7544
10272, 20.7548
10273, 20.7548
10274, 20.7548
10275, 20.7563
10276, 20.7563
10277, 20.7567
10278, 20.7572
10279, 20.7577
10280, 20.7582
10281, 20.7582
10282, 20.7582
10283, 20.7586
10284, 20.7591
10285, 20.7591
10286, 20.7591
10287, 20.7591
10288, 20.7596
10289, 20.7596
10290, 20.7606
10291, 20.761
10292, 20.7615
10293, 20.7625
10294, 20.7634
10295, 20.7639
10296, 20.7644
10297, 20.7644
10298, 20.7663
10299, 20.7672
10300, 20.7677
10301, 20.7677
10302, 20.7682
10303, 20.7686
10304, 20.7696
10305, 20.7701
10306, 20.772
10307, 20.7729
10308, 20.7729
10309, 20.7734
10310, 20.7734
10311, 20.7734
10312, 20.7739
10313, 20.7767
10314, 20.7786
10315, 20.7791
10316, 20.7801
10317, 20.7815
10318, 20.7815
10319, 20.782
10320, 20.7825
10321, 20.7829
10322, 20.7834
10323, 20.7844
10324, 20.7848
10325, 20.7848
10326, 20.7848
10327, 20.7858
10328, 20.7863
10329, 20.7867
10330, 20.7872
10331, 20.7877
10332, 20.7891
10333, 20.7891
10334, 20.7891
10335, 20.7896
10336, 20.7896
10337, 20.7906
10338, 20.792
10339, 20.792
10340, 20.7925
10341, 20.7929
10342, 20.7944
10343, 20.7953
10344, 20.7953
10345, 20.7958
10346, 20.7963
10347, 20.7963
10348, 20.7963
10349, 20.7967
10350, 20.7972
10351, 20.7977
10352, 20.7977
10353, 20.7982
10354, 20.7991
10355, 20.7991
10356, 20.7996
10357, 20.8001
10358, 20.8001
10359, 20.8015
10360, 20.8034
10361, 20.8034
10362, 20.8044
10363, 20.8048
10364, 20.8048
10365, 20.8053
10366, 20.8053
10367, 20.8077
10368, 20.8077
10369, 20.8101
10370, 20.8106
10371, 20.811
10372, 20.811
10373, 20.812
10374, 20.812
10375, 20.8125
10376, 20.8129
10377, 20.8134
10378, 20.8148
10379, 20.8153
10380, 20.8158
10381, 20.8172
10382, 20.8172
10383, 20.8177
10384, 20.8182
10385, 20.8182
10386, 20.8206
10387, 20.821
10388, 20.821
10389, 20.8215
10390, 20.8215
10391, 20.8215
10392, 20.822
10393, 20.8225
10394, 20.8234
10395, 20.8234
10396, 20.8239
10397, 20.8244
10398, 20.8253
10399, 20.8258
10400, 20.8277
10401, 20.8277
10402, 20.8291
10403, 20.8291
10404, 20.8296
10405, 20.8306
10406, 20.832
10407, 20.832
10408, 20.8325
10409, 20.8339
10410, 20.8344
10411, 20.8344
10412, 20.8348
10413, 20.8358
10414, 20.8367
10415, 20.8367
10416, 20.8372
10417, 20.8386
10418, 20.8391
10419, 20.8396
10420, 20.8406
10421, 20.8415
10422, 20.842
10423, 20.842
10424, 20.842
10425, 20.8425
10426, 20.8425
10427, 20.8444
10428, 20.8453
10429, 20.8458
10430, 20.8458
10431, 20.8467
10432, 20.8472
10433, 20.8477
10434, 20.8486
10435, 20.8486
10436, 20.8491
10437, 20.8491
10438, 20.8496
10439, 20.8501
10440, 20.851
10441, 20.8515
10442, 20.8515
10443, 20.8529
10444, 20.8529
10445, 20.8529
10446, 20.8548
10447, 20.8553
10448, 20.8553
10449, 20.8558
10450, 20.8567
10451, 20.8567
10452, 20.8572
10453, 20.8582
10454, 20.8582
10455, 20.8591
10456, 20.8591
10457, 20.8601
10458, 20.861
10459, 20.862
10460, 20.8629
10461, 20.8629
10462, 20.8634
10463, 20.8644
10464, 20.8644
10465, 20.8648
10466, 20.8663
10467, 20.8691
10468, 20.8691
10469, 20.8696
10470, 20.8696
10471, 20.8696
10472, 20.8701
10473, 20.8701
10474, 20.8715
10475, 20.8715
10476, 20.872
10477, 20.8748
10478, 20.8758
10479, 20.8763
10480, 20.8767
10481, 20.8767
10482, 20.8777
10483, 20.8777
10484, 20.8782
10485, 20.8791
10486, 20.8791
10487, 20.8796
10488, 20.8806
10489, 20.8806
10490, 20.8815
10491, 20.8815
10492, 20.8825
10493, 20.8834
10494, 20.8834
10495, 20.8844
10496, 20.8853
10497, 20.8858
10498, 20.8882
10499, 20.8886
10500, 20.8886
10501, 20.8896
10502, 20.8896
10503, 20.8906
10504, 20.8915
10505, 20.8929
10506, 20.8929
10507, 20.8944
10508, 20.8944
10509, 20.8953
10510, 20.8953
10511, 20.8958
10512, 20.8958
10513, 20.8958
10514, 20.8986
10515, 20.8991
10516, 20.8996
10517, 20.9001
10518, 20.9001
10519, 20.9006
10520, 20.9006
10521, 20.901
10522, 20.9015
10523, 20.9015
10524, 20.9029
10525, 20.9034
10526, 20.9034
10527, 20.9044
10528, 20.9044
10529, 20.9048
10530, 20.9058
10531, 20.9058
10532, 20.9106
10533, 20.911
10534, 20.9115
10535, 20.912
10536, 20.912
10537, 20.912
10538, 20.912
10539, 20.912
10540, 20.9129
10541, 20.9134
10542, 20.9134
10543, 20.9144
10544, 20.9144
10545, 20.9148
10546, 20.9158
10547, 20.9167
10548, 20.9167
10549, 20.9172
10550, 20.9172
10551, 20.9177
10552, 20.9182
10553, 20.9196
10554, 20.921
10555, 20.9215
10556, 20.9215
10557, 20.9215
10558, 20.9234
10559, 20.9239
10560, 20.9253
10561, 20.9253
10562, 20.9258
10563, 20.9258
10564, 20.9263
10565, 20.9272
10566, 20.9282
10567, 20.9291
10568, 20.9296
10569, 20.931
10570, 20.931
10571, 20.931
10572, 20.9325
10573, 20.9339
10574, 20.9344
10575, 20.9363
10576, 20.9367
10577, 20.9367
10578, 20.9377
10579, 20.9396
10580, 20.9406
10581, 20.942
10582, 20.9425
10583, 20.9429
10584, 20.9429
10585, 20.9444
10586, 20.9448
10587, 20.9453
10588, 20.9453
10589, 20.9458
10590, 20.9467
10591, 20.9467
10592, 20.9482
10593, 20.9501
10594, 20.9505
10595, 20.9505
10596, 20.951
10597, 20.9515
10598, 20.952
10599, 20.9539
10600, 20.9539
10601, 20.9539
10602, 20.9539
10603, 20.9544
10604, 20.9548
10605, 20.9563
10606, 20.9567
10607, 20.9572
10608, 20.9577
10609, 20.9582
10610, 20.9582
10611, 20.9591
10612, 20.9591
10613, 20.9601
10614, 20.961
10615, 20.9615
10616, 20.962
10617, 20.9634
10618, 20.9634
10619, 20.9634
10620, 20.9648
10621, 20.9653
10622, 20.9658
10623, 20.9667
10624, 20.9677
10625, 20.9682
10626, 20.9686
10627, 20.9691
10628, 20.9696
10629, 20.9715
10630, 20.9715
10631, 20.972
10632, 20.9725
10633, 20.9729
10634, 20.9758
10635, 20.9767
10636, 20.9782
10637, 20.9786
10638, 20.9786
10639, 20.9796
10640, 20.9801
10641, 20.9801
10642, 20.981
10643, 20.9815
10644, 20.982
10645, 20.9829
10646, 20.9829
10647, 20.9848
10648, 20.9858
10649, 20.9863
10650, 20.9872
10651, 20.9877
10652, 20.9882
10653, 20.9882
10654, 20.9882
10655, 20.9886
10656, 20.9886
10657, 20.9891
10658, 20.9901
10659, 20.9905
10660, 20.9905
10661, 20.9915
10662, 20.9925
10663, 20.9934
10664, 20.9939
10665, 20.9939
10666, 20.9939
10667, 20.9939
10668, 20.9953
10669, 20.9953
10670, 20.9963
10671, 20.9977
10672, 20.9977
10673, 20.9982
10674, 20.9982
10675, 20.9986
10676, 20.9986
10677, 21.0001
10678, 21.0001
10679, 21.001
10680, 21.0025
10681, 21.0034
10682, 21.0034
10683, 21.0034
10684, 21.0039
10685, 21.0044
10686, 21.0077
10687, 21.0082
10688, 21.0096
10689, 21.012
10690, 21.012
10691, 21.012
10692, 21.012
10693, 21.0148
10694, 21.0153
10695, 21.0158
10696, 21.0158
10697, 21.0182
10698, 21.0196
10699, 21.0205
10700, 21.021
10701, 21.021
10702, 21.021
10703, 21.022
10704, 21.0248
10705, 21.0253
10706, 21.0253
10707, 21.0263
10708, 21.0277
10709, 21.0296
10710, 21.0296
10711, 21.0301
10712, 21.031
10713, 21.0329
10714, 21.0334
10715, 21.0344
10716, 21.0358
10717, 21.0358
10718, 21.0363
10719, 21.0377
10720, 21.0382
10721, 21.0396
10722, 21.0401
10723, 21.0405
10724, 21.0415
10725, 21.0425
10726, 21.0434
10727, 21.0444
10728, 21.0453
10729, 21.0453
10730, 21.0467
10731, 21.0472
10732, 21.0482
10733, 21.0486
10734, 21.0486
10735, 21.0486
10736, 21.0491
10737, 21.051
10738, 21.051
10739, 21.0515
10740, 21.0515
10741, 21.052
10742, 21.0525
10743, 21.0525
10744, 21.0525
10745, 21.0529
10746, 21.0529
10747, 21.0539
10748, 21.0544
10749, 21.0553
10750, 21.0558
10751, 21.0572
10752, 21.0577
10753, 21.0577
10754, 21.0586
10755, 21.0591
10756, 21.0596
10757, 21.061
10758, 21.0615
10759, 21.0625
10760, 21.0629
10761, 21.0629
10762, 21.0634
10763, 21.0639
10764, 21.0644
10765, 21.0653
10766, 21.0653
10767, 21.0658
10768, 21.0658
10769, 21.0672
10770, 21.0677
10771, 21.0686
10772, 21.0686
10773, 21.0696
10774, 21.071
10775, 21.072
10776, 21.072
10777, 21.0725
10778, 21.0729
10779, 21.0739
10780, 21.0763
10781, 21.0763
10782, 21.0767
10783, 21.0791
10784, 21.0796
10785, 21.0796
10786, 21.082
10787, 21.0825
10788, 21.0825
10789, 21.0848
10790, 21.0853
10791, 21.0867
10792, 21.0872
10793, 21.0877
10794, 21.0882
10795, 21.0891
10796, 21.0891
10797, 21.0896
10798, 21.0901
10799, 21.0901
10800, 21.091
10801, 21.092
10802, 21.092
10803, 21.0925
10804, 21.0939
10805, 21.0939
10806, 21.0953
10807, 21.0953
10808, 21.0958
10809, 21.0958
10810, 21.0963
10811, 21.0963
10812, 21.0972
10813, 21.0972
10814, 21.0977
10815, 21.0986
10816, 21.0986
10817, 21.0996
10818, 21.101
10819, 21.102
10820, 21.1025
10821, 21.1039
10822, 21.1044
10823, 21.1058
10824, 21.1067
10825, 21.1082
10826, 21.1082
10827, 21.1086
10828, 21.1086
10829, 21.111
10830, 21.1115
10831, 21.1115
10832, 21.1134
10833, 21.1144
10834, 21.1144
10835, 21.1148
10836, 21.1148
10837, 21.1153
10838, 21.1158
10839, 21.1167
10840, 21.1182
10841, 21.1201
10842, 21.1201
10843, 21.1215
10844, 21.1215
10845, 21.1215
10846, 21.1229
10847, 21.1234
10848, 21.1234
10849, 21.1234
10850, 21.1239
10851, 21.1248
10852, 21.1248
10853, 21.1258
10854, 21.1263
10855, 21.1267
10856, 21.1282
10857, 21.1282
10858, 21.1282
10859, 21.131
10860, 21.131
10861, 21.1315
10862, 21.1329
10863, 21.1344
10864, 21.1344
10865, 21.1353
10866, 21.1358
10867, 21.1372
10868, 21.1372
10869, 21.1401
10870, 21.1401
10871, 21.1401
10872, 21.1405
10873, 21.1405
10874, 21.141
10875, 21.141
10876, 21.1415
10877, 21.1429
10878, 21.1429
10879, 21.1439
10880, 21.1439
10881, 21.1453
10882, 21.1458
10883, 21.1472
10884, 21.1472
10885, 21.1482
10886, 21.1486
10887, 21.1491
10888, 21.1501
10889, 21.1505
10890, 21.1505
10891, 21.1505
10892, 21.151
10893, 21.151
10894, 21.152
10895, 21.152
10896, 21.152
10897, 21.1529
10898, 21.1529
10899, 21.1534
10900, 21.1534
10901, 21.1544
10902, 21.1563
10903, 21.1567
10904, 21.1577
10905, 21.1582
10906, 21.1596
10907, 21.1596
10908, 21.1596
10909, 21.1601
10910, 21.1605
10911, 21.1605
10912, 21.162
10913, 21.162
10914, 21.1634
10915, 21.1639
10916, 21.1648
10917, 21.1663
10918, 21.1667
10919, 21.1667
10920, 21.1667
10921, 21.1672
10922, 21.1672
10923, 21.1686
10924, 21.1686
10925, 21.1686
10926, 21.1691
10927, 21.1691
10928, 21.1691
10929, 21.1691
10930, 21.1696
10931, 21.1705
10932, 21.171
10933, 21.1715
10934, 21.1715
10935, 21.1715
10936, 21.172
10937, 21.172
10938, 21.1729
10939, 21.1734
10940, 21.1744
10941, 21.1748
10942, 21.1753
10943, 21.1758
10944, 21.1758
10945, 21.1772
10946, 21.1782
10947, 21.1782
10948, 21.1782
10949, 21.1791
10950, 21.1791
10951, 21.1796
10952, 21.1796
10953, 21.1805
10954, 21.181
10955, 21.181
10956, 21.181
10957, 21.1815
10958, 21.1815
10959, 21.1825
10960, 21.1848
10961, 21.1848
10962, 21.1853
10963, 21.1863
10964, 21.1863
10965, 21.1877
10966, 21.1886
10967, 21.1886
10968, 21.1891
10969, 21.1891
10970, 21.1891
10971, 21.1891
10972, 21.1896
10973, 21.1929
10974, 21.1929
10975, 21.1944
10976, 21.1948
10977, 21.1948
10978, 21.1958
10979, 21.1963
10980, 21.1967
10981, 21.1972
10982, 21.1982
10983, 21.1982
10984, 21.1991
10985, 21.1996
10986, 21.2005
10987, 21.2005
10988, 21.201
10989, 21.201
10990, 21.2015
10991, 21.2024
10992, 21.2039
10993, 21.2048
10994, 21.2058
10995, 21.2067
10996, 21.2072
10997, 21.2101
10998, 21.2105
10999, 21.2105
11000, 21.2105
11001, 21.2105
11002, 21.212
11003, 21.2124
11004, 21.2124
11005, 21.2139
11006, 21.2139
11007, 21.2153
11008, 21.2158
11009, 21.2167
11010, 21.2167
11011, 21.2167
11012, 21.2172
11013, 21.2182
11014, 21.2182
11015, 21.2182
11016, 21.2186
11017, 21.2196
11018, 21.2196
11019, 21.2196
11020, 21.2196
11021, 21.2201
11022, 21.2201
11023, 21.2215
11024, 21.2229
11025, 21.2239
11026, 21.2253
11027, 21.2267
11028, 21.2267
11029, 21.2272
11030, 21.2272
11031, 21.2272
11032, 21.2277
11033, 21.2277
11034, 21.2286
11035, 21.2296
11036, 21.2296
11037, 21.2296
11038, 21.2305
11039, 21.231
11040, 21.231
11041, 21.2315
11042, 21.232
11043, 21.2324
11044, 21.2324
11045, 21.2329
11046, 21.2329
11047, 21.2334
11048, 21.2339
11049, 21.2348
11050, 21.2363
11051, 21.2372
11052, 21.2372
11053, 21.2382
11054, 21.2391
11055, 21.2391
11056, 21.242
11057, 21.2424
11058, 21.2424
11059, 21.2424
11060, 21.2429
11061, 21.2434
11062, 21.2439
11063, 21.2458
11064, 21.2458
11065, 21.2467
11066, 21.2467
11067, 21.2477
11068, 21.2501
11069, 21.2505
11070, 21.251
11071, 21.2515
11072, 21.252
11073, 21.252
11074, 21.252
11075, 21.2529
11076, 21.2539
11077, 21.2548
11078, 21.2563
11079, 21.2567
11080, 21.2567
11081, 21.2572
11082, 21.2577
11083, 21.2582
11084, 21.2586
11085, 21.2586
11086, 21.2591
11087, 21.2596
11088, 21.2601
11089, 21.261
11090, 21.2615
11091, 21.2629
11092, 21.2663
11093, 21.2677
11094, 21.2677
11095, 21.2691
11096, 21.2696
11097, 21.2705
11098, 21.271
11099, 21.272
11100, 21.2724
11101, 21.2724
11102, 21.2724
11103, 21.2734
11104, 21.2734
11105, 21.2739
11106, 21.2744
11107, 21.2744
11108, 21.2744
11109, 21.2744
11110, 21.2753
11111, 21.2753
11112, 21.2758
11113, 21.2763
11114, 21.2767
11115, 21.2767
11116, 21.2782
11117, 21.2782
11118, 21.2801
11119, 21.2815
11120, 21.2815
11121, 21.282
11122, 21.282
11123, 21.2824
11124, 21.2839
11125, 21.2844
11126, 21.2867
11127, 21.291
11128, 21.2915
11129, 21.2915
11130, 21.2929
11131, 21.2963
11132, 21.2967
11133, 21.2977
11134, 21.2982
11135, 21.2982
11136, 21.2986
11137, 21.2991
11138, 21.3001
11139, 21.3005
11140, 21.302
11141, 21.302
11142, 21.3024
11143, 21.3029
11144, 21.3034
11145, 21.3039
11146, 21.3048
11147, 21.3067
11148, 21.3077
11149, 21.3086
11150, 21.3096
11151, 21.3101
11152, 21.3105
11153, 21.311
11154, 21.3115
11155, 21.3115
11156, 21.3124
11157, 21.3129
11158, 21.3129
11159, 21.3139
11160, 21.3139
11161, 21.3144
11162, 21.3148
11163, 21.3153
11164, 21.3163
11165, 21.3167
11166, 21.3172
11167, 21.3172
11168, 21.3172
11169, 21.3177
11170, 21.3182
11171, 21.3186
11172, 21.3191
11173, 21.3196
11174, 21.3196
11175, 21.3196
11176, 21.321
11177, 21.321
11178, 21.321
11179, 21.3215
11180, 21.322
11181, 21.3224
11182, 21.3224
11183, 21.3229
11184, 21.3239
11185, 21.3248
11186, 21.3248
11187, 21.3267
11188, 21.3272
11189, 21.3272
11190, 21.3277
11191, 21.3286
11192, 21.3286
11193, 21.3291
11194, 21.3291
11195, 21.3301
11196, 21.331
11197, 21.3315
11198, 21.332
11199, 21.332
11200, 21.332
11201, 21.3324
11202, 21.3329
11203, 21.3344
11204, 21.3344
11205, 21.3348
11206, 21.3353
11207, 21.3363
11208, 21.3396
11209, 21.3405
11210, 21.3405
11211, 21.341
11212, 21.341
11213, 21.3415
11214, 21.3424
11215, 21.3424
11216, 21.3439
11217, 21.3444
11218, 21.3453
11219, 21.3453
11220, 21.3458
11221, 21.3463
11222, 21.3467
11223, 21.3472
11224, 21.3477
11225, 21.3482
11226, 21.3482
11227, 21.3491
11228, 21.3496
11229, 21.3505
11230, 21.3505
11231, 21.3505
11232, 21.351
11233, 21.351
11234, 21.3515
11235, 21.3524
11236, 21.3529
11237, 21.3544
11238, 21.3544
11239, 21.3567
11240, 21.3572
11241, 21.3577
11242, 21.3577
11243, 21.3582
11244, 21.3582
11245, 21.3582
11246, 21.3586
11247, 21.3591
11248, 21.3591
11249, 21.3596
11250, 21.3605
11251, 21.3615
11252, 21.362
11253, 21.3629
11254, 21.3634
11255, 21.3639
11256, 21.3644
11257, 21.3644
11258, 21.3658
11259, 21.3663
11260, 21.3677
11261, 21.3686
11262, 21.3691
11263, 21.3701
11264, 21.3701
11265, 21.371
11266, 21.371
11267, 21.3715
11268, 21.3715
11269, 21.3715
11270, 21.3724
11271, 21.3729
11272, 21.3734
11273, 21.3739
11274, 21.3748
11275, 21.3763
11276, 21.3767
11277, 21.3777
11278, 21.3777
11279, 21.3777
11280, 21.3782
11281, 21.3786
11282, 21.3786
11283, 21.3791
11284, 21.3805
11285, 21.3815
11286, 21.382
11287, 21.382
11288, 21.3829
11289, 21.3834
11290, 21.3834
11291, 21.3839
11292, 21.3844
11293, 21.3848
11294, 21.3848
11295, 21.3848
11296, 21.3853
11297, 21.3858
11298, 21.3858
11299, 21.3872
11300, 21.3872
11301, 21.3877
11302, 21.3877
11303, 21.3882
11304, 21.3886
11305, 21.3886
11306, 21.3896
11307, 21.3901
11308, 21.3901
11309, 21.3905
11310, 21.3905
11311, 21.391
11312, 21.3929
11313, 21.3939
11314, 21.3939
11315, 21.3944
11316, 21.3948
11317, 21.3963
11318, 21.3963
11319, 21.3963
11320, 21.3972
11321, 21.3982
11322, 21.3982
11323, 21.3991
11324, 21.4005
11325, 21.4005
11326, 21.402
11327, 21.4024
11328, 21.4034
11329, 21.4039
11330, 21.4039
11331, 21.4053
11332, 21.4067
11333, 21.4072
11334, 21.4072
11335, 21.4129
11336, 21.4139
11337, 21.4153
11338, 21.4153
11339, 21.4153
11340, 21.4172
11341, 21.4182
11342, 21.4186
11343, 21.4191
11344, 21.4191
11345, 21.4196
11346, 21.4201
11347, 21.421
11348, 21.4215
11349, 21.4215
11350, 21.422
11351, 21.4224
11352, 21.4244
11353, 21.4244
11354, 21.4248
11355, 21.4248
11356, 21.4248
11357, 21.4248
11358, 21.4253
11359, 21.4258
11360, 21.4272
11361, 21.4272
11362, 21.4282
11363, 21.4286
11364, 21.4291
11365, 21.4296
11366, 21.4296
11367, 21.4301
11368, 21.4301
11369, 21.4305
11370, 21.431
11371, 21.4324
11372, 21.4329
11373, 21.4334
11374, 21.4344
11375, 21.4353
11376, 21.4358
11377, 21.4367
11378, 21.4367
11379, 21.4367
11380, 21.4377
11381, 21.4386
11382, 21.4391
11383, 21.4415
11384, 21.442
11385, 21.4429
11386, 21.4434
11387, 21.4443
11388, 21.4448
11389, 21.4448
11390, 21.4453
11391, 21.4453
11392, 21.4453
11393, 21.4453
11394, 21.4458
11395, 21.4458
11396, 21.4467
11397, 21.4477
11398, 21.4477
11399, 21.4482
11400, 21.4486
11401, 21.4501
11402, 21.451
11403, 21.451
11404, 21.4515
11405, 21.452
11406, 21.4524
11407, 21.4567
11408, 21.4572
11409, 21.4582
11410, 21.4586
11411, 21.4586
11412, 21.4586
11413, 21.4596
11414, 21.4601
11415, 21.4605
11416, 21.4624
11417, 21.4624
11418, 21.4643
11419, 21.4643
11420, 21.4648
11421, 21.4658
11422, 21.4663
11423, 21.4663
11424, 21.4667
11425, 21.4667
11426, 21.4667
11427, 21.4672
11428, 21.4686
11429, 21.4691
11430, 21.4701
11431, 21.471
11432, 21.4715
11433, 21.472
11434, 21.472
11435, 21.4724
11436, 21.4724
11437, 21.4724
11438, 21.4739
11439, 21.4748
11440, 21.4748
11441, 21.4758
11442, 21.4758
11443, 21.4763
11444, 21.4772
11445, 21.4782
11446, 21.4786
11447, 21.4791
11448, 21.4796
11449, 21.481
11450, 21.4815
11451, 21.482
11452, 21.4829
11453, 21.4863
11454, 21.4863
11455, 21.4867
11456, 21.4872
11457, 21.4872
11458, 21.4872
11459, 21.4877
11460, 21.4891
11461, 21.4891
11462, 21.4896
11463, 21.4896
11464, 21.4901
11465, 21.4905
11466, 21.4915
11467, 21.492
11468, 21.492
11469, 21.492
11470, 21.4924
11471, 21.4929
11472, 21.4929
11473, 21.4943
11474, 21.4943
11475, 21.4958
11476, 21.4958
11477, 21.4963
11478, 21.4967
11479, 21.4972
11480, 21.4977
11481, 21.4977
11482, 21.4977
11483, 21.4991
11484, 21.4996
11485, 21.4996
11486, 21.4996
11487, 21.501
11488, 21.502
11489, 21.5039
11490, 21.5043
11491, 21.5048
11492, 21.5048
11493, 21.5053
11494, 21.5063
11495, 21.5067
11496, 21.5072
11497, 21.5077
11498, 21.5077
11499, 21.5082
11500, 21.5091
11501, 21.5096
11502, 21.5096
11503, 21.5101
11504, 21.5101
11505, 21.511
11506, 21.5115
11507, 21.5115
11508, 21.5134
11509, 21.5139
11510, 21.5153
11511, 21.5163
11512, 21.5167
11513, 21.5167
11514, 21.5167
11515, 21.5167
11516, 21.5186
11517, 21.5191
11518, 21.5191
11519, 21.5191
11520, 21.5196
11521, 21.5201
11522, 21.521
11523, 21.5215
11524, 21.5234
11525, 21.5239
11526, 21.5243
11527, 21.5253
11528, 21.5263
11529, 21.5286
11530, 21.5291
11531, 21.5291
11532, 21.5296
11533, 21.5305
11534, 21.532
11535, 21.532
11536, 21.5324
11537, 21.5329
11538, 21.5329
11539, 21.5343
11540, 21.5348
11541, 21.5348
11542, 21.5353
11543, 21.5358
11544, 21.5363
11545, 21.5363
11546, 21.5367
11547, 21.5372
11548, 21.5391
11549, 21.5396
11550, 21.5396
11551, 21.541
11552, 21.5415
11553, 21.5429
11554, 21.5439
11555, 21.5439
11556, 21.5439
11557, 21.5448
11558, 21.5463
11559, 21.5463
11560, 21.5472
11561, 21.5477
11562, 21.5477
11563, 21.5482
11564, 21.5515
11565, 21.5515
11566, 21.552
11567, 21.552
11568, 21.5548
11569, 21.5548
11570, 21.5567
11571, 21.5577
11572, 21.5577
11573, 21.5582
11574, 21.5586
11575, 21.5596
11576, 21.5601
11577, 21.5605
11578, 21.5605
11579, 21.561
11580, 21.562
11581, 21.5629
11582, 21.5629
11583, 21.5629
11584, 21.5639
11585, 21.5682
11586, 21.5682
11587, 21.5696
11588, 21.5701
11589, 21.571
11590, 21.5724
11591, 21.5729
11592, 21.5739
11593, 21.5772
11594, 21.5772
11595, 21.5782
11596, 21.5791
11597, 21.5791
11598, 21.5791
11599, 21.5801
11600, 21.581
11601, 21.581
11602, 21.581
11603, 21.5815
11604, 21.5824
11605, 21.5848
11606, 21.5858
11607, 21.5858
11608, 21.5858
11609, 21.5867
11610, 21.5877
11611, 21.5882
11612, 21.591
11613, 21.591
11614, 21.5915
11615, 21.5934
11616, 21.5939
11617, 21.5943
11618, 21.5943
11619, 21.5943
11620, 21.5943
11621, 21.5967
11622, 21.5972
11623, 21.5977
11624, 21.5982
11625, 21.6001
11626, 21.6015
11627, 21.602
11628, 21.6024
11629, 21.6024
11630, 21.6039
11631, 21.6039
11632, 21.6043
11633, 21.6053
11634, 21.6053
11635, 21.6058
11636, 21.6058
11637, 21.6067
11638, 21.6072
11639, 21.6077
11640, 21.6096
11641, 21.611
11642, 21.6129
11643, 21.6129
11644, 21.6129
11645, 21.6143
11646, 21.6143
11647, 21.6158
11648, 21.6158
11649, 21.6177
11650, 21.6186
11651, 21.6191
11652, 21.6191
11653, 21.6196
11654, 21.6201
11655, 21.6201
11656, 21.621
11657, 21.622
11658, 21.622
11659, 21.6224
11660, 21.6229
11661, 21.6229
11662, 21.6234
11663, 21.6234
11664, 21.6243
11665, 21.6253
11666, 21.6253
11667, 21.6253
11668, 21.6258
11669, 21.6263
11670, 21.6272
11671, 21.6272
11672, 21.6277
11673, 21.6282
11674, 21.6282
11675, 21.6286
11676, 21.6291
11677, 21.6301
11678, 21.631
11679, 21.632
11680, 21.6334
11681, 21.6339
11682, 21.6343
11683, 21.6353
11684, 21.6353
11685, 21.6358
11686, 21.6358
11687, 21.6372
11688, 21.6372
11689, 21.6377
11690, 21.6382
11691, 21.6396
11692, 21.6396
11693, 21.6405
11694, 21.641
11695, 21.641
11696, 21.6415
11697, 21.6429
11698, 21.6434
11699, 21.6443
11700, 21.6443
11701, 21.6443
11702, 21.6443
11703, 21.6448
11704, 21.6458
11705, 21.6472
11706, 21.6486
11707, 21.6501
11708, 21.6501
11709, 21.6505
11710, 21.6505
11711, 21.6515
11712, 21.6515
11713, 21.652
11714, 21.6524
11715, 21.6543
11716, 21.6548
11717, 21.6563
11718, 21.6596
11719, 21.6596
11720, 21.661
11721, 21.6615
11722, 21.662
11723, 21.6624
11724, 21.6634
11725, 21.6653
11726, 21.6658
11727, 21.6663
11728, 21.6663
11729, 21.6672
11730, 21.6672
11731, 21.6677
11732, 21.6677
11733, 21.6682
11734, 21.6682
11735, 21.6686
11736, 21.6691
11737, 21.6696
11738, 21.671
11739, 21.671
11740, 21.672
11741, 21.6734
11742, 21.6739
11743, 21.6748
11744, 21.6763
11745, 21.6777
11746, 21.6782
11747, 21.6786
11748, 21.6791
11749, 21.6796
11750, 21.6801
11751, 21.6805
11752, 21.682
11753, 21.6829
11754, 21.6848
11755, 21.6848
11756, 21.6858
11757, 21.6863
11758, 21.6863
11759, 21.6863
11760, 21.6867
11761, 21.6872
11762, 21.6872
11763, 21.6877
11764, 21.6877
11765, 21.6886
11766, 21.6886
11767, 21.6891
11768, 21.6924
11769, 21.6924
11770, 21.6924
11771, 21.6929
11772, 21.6939
11773, 21.6958
11774, 21.6962
11775, 21.6967
11776, 21.6972
11777, 21.6982
11778, 21.6982
11779, 21.7001
11780, 21.7005
11781, 21.701
11782, 21.7015
11783, 21.702
11784, 21.702
11785, 21.7034
11786, 21.7043
11787, 21.7058
11788, 21.7058
11789, 21.7077
11790, 21.7082
11791, 21.7091
11792, 21.7096
11793, 21.7096
11794, 21.7105
11795, 21.7105
11796, 21.7129
11797, 21.7129
11798, 21.7148
11799, 21.7153
11800, 21.7153
11801, 21.7182
11802, 21.7182
11803, 21.7182
11804, 21.7201
11805, 21.7205
11806, 21.7205
11807, 21.721
11808, 21.722
11809, 21.7234
11810, 21.7243
11811, 21.7243
11812, 21.7258
11813, 21.7262
11814, 21.7272
11815, 21.7277
11816, 21.7277
11817, 21.7286
11818, 21.7286
11819, 21.7296
11820, 21.7305
11821, 21.7305
11822, 21.7305
11823, 21.7315
11824, 21.732
11825, 21.732
11826, 21.7324
11827, 21.7324
11828, 21.7329
11829, 21.7339
11830, 21.7343
11831, 21.7348
11832, 21.7353
11833, 21.7367
11834, 21.7372
11835, 21.7377
11836, 21.7382
11837, 21.7386
11838, 21.7401
11839, 21.7401
11840, 21.7405
11841, 21.7429
11842, 21.7429
11843, 21.7458
11844, 21.7462
11845, 21.7467
11846, 21.7482
11847, 21.7482
11848, 21.7501
11849, 21.7505
11850, 21.751
11851, 21.752
11852, 21.7524
11853, 21.7524
11854, 21.7534
11855, 21.7553
11856, 21.7553
11857, 21.7558
11858, 21.7562
11859, 21.7577
11860, 21.7577
11861, 21.7591
11862, 21.7591
11863, 21.7601
11864, 21.7624
11865, 21.7629
11866, 21.7662
11867, 21.7667
11868, 21.7667
11869, 21.7682
11870, 21.7682
11871, 21.7701
11872, 21.7705
11873, 21.7705
11874, 21.771
11875, 21.7715
11876, 21.7715
11877, 21.7715
11878, 21.772
11879, 21.7724
11880, 21.7724
11881, 21.7729
11882, 21.7743
11883, 21.7753
11884, 21.7758
11885, 21.7758
11886, 21.7758
11887, 21.7772
11888, 21.7782
11889, 21.7782
11890, 21.7786
11891, 21.7805
11892, 21.7805
11893, 21.7839
11894, 21.7843
11895, 21.7848
11896, 21.7853
11897, 21.7853
11898, 21.7867
11899, 21.7867
11900, 21.7872
11901, 21.7872
11902, 21.7877
11903, 21.7877
11904, 21.7882
11905, 21.7901
11906, 21.7905
11907, 21.7915
11908, 21.792
11909, 21.792
11910, 21.792
11911, 21.7934
11912, 21.7982
11913, 21.7996
11914, 21.801
11915, 21.802
11916, 21.802
11917, 21.8034
11918, 21.8039
11919, 21.8082
11920, 21.8082
11921, 21.8082
11922, 21.8086
11923, 21.8096
11924, 21.8101
11925, 21.8101
11926, 21.812
11927, 21.8124
11928, 21.8124
11929, 21.8129
11930, 21.8139
11931, 21.8143
11932, 21.8143
11933, 21.8143
11934, 21.8148
11935, 21.8153
11936, 21.8153
11937, 21.8172
11938, 21.8182
11939, 21.8196
11940, 21.8201
11941, 21.822
11942, 21.8243
11943, 21.8248
11944, 21.8262
11945, 21.8267
11946, 21.8267
11947, 21.8277
11948, 21.8277
11949, 21.8305
11950, 21.831
11951, 21.8315
11952, 21.832
11953, 21.8348
11954, 21.8348
11955, 21.8348
11956, 21.8348
11957, 21.8362
11958, 21.8367
11959, 21.8391
11960, 21.8405
11961, 21.8405
11962, 21.841
11963, 21.8429
11964, 21.8434
11965, 21.8434
11966, 21.8448
11967, 21.8448
11968, 21.8453
11969, 21.8458
11970, 21.8462
11971, 21.8477
11972, 21.8477
11973, 21.8496
11974, 21.8505
11975, 21.8505
11976, 21.8505
11977, 21.8505
11978, 21.8515
11979, 21.852
11980, 21.852
11981, 21.8524
11982, 21.8524
11983, 21.8524
11984, 21.8534
11985, 21.8539
11986, 21.8539
11987, 21.8548
11988, 21.8548
11989, 21.8558
11990, 21.8558
11991, 21.8567
11992, 21.8577
11993, 21.8586
11994, 21.8596
11995, 21.8596
11996, 21.8615
11997, 21.862
11998, 21.8629
11999, 21.8629
12000, 21.8629
12001, 21.8634
12002, 21.8639
12003, 21.8648
12004, 21.8648
12005, 21.8658
12006, 21.8658
12007, 21.8662
12008, 21.8662
12009, 21.8662
12010, 21.8667
12011, 21.8686
12012, 21.8705
12013, 21.871
12014, 21.872
12015, 21.872
12016, 21.8724
12017, 21.8724
12018, 21.8729
12019, 21.8743
12020, 21.8743
12021, 21.8758
12022, 21.8758
12023, 21.8777
12024, 21.8782
12025, 21.8786
12026, 21.8791
12027, 21.8796
12028, 21.8801
12029, 21.8801
12030, 21.8805
12031, 21.881
12032, 21.882
12033, 21.882
12034, 21.882
12035, 21.8829
12036, 21.8843
12037, 21.8848
12038, 21.8848
12039, 21.8858
12040, 21.8858
12041, 21.8862
12042, 21.8862
12043, 21.8877
12044, 21.8877
12045, 21.8882
12046, 21.8891
12047, 21.8901
12048, 21.8901
12049, 21.8905
12050, 21.8905
12051, 21.8915
12052, 21.8934
12053, 21.8943
12054, 21.8953
12055, 21.8958
12056, 21.8967
12057, 21.8977
12058, 21.8982
12059, 21.8986
12060, 21.8991
12061, 21.8996
12062, 21.9005
12063, 21.901
12064, 21.902
12065, 21.9029
12066, 21.9029
12067, 21.9034
12068, 21.9039
12069, 21.9048
12070, 21.9048
12071, 21.9062
12072, 21.9067
12073, 21.9082
12074, 21.9086
12075, 21.9101
12076, 21.9115
12077, 21.9115
12078, 21.9124
12079, 21.9129
12080, 21.9158
12081, 21.9162
12082, 21.9167
12083, 21.9167
12084, 21.9172
12085, 21.9182
12086, 21.9182
12087, 21.9186
12088, 21.9191
12089, 21.9196
12090, 21.9201
12091, 21.9205
12092, 21.921
12093, 21.9215
12094, 21.9229
12095, 21.9239
12096, 21.9243
12097, 21.9267
12098, 21.9272
12099, 21.9272
12100, 21.9277
12101, 21.9282
12102, 21.9286
12103, 21.9286
12104, 21.9286
12105, 21.9296
12106, 21.9301
12107, 21.9315
12108, 21.9315
12109, 21.9324
12110, 21.9334
12111, 21.9339
12112, 21.9339
12113, 21.9339
12114, 21.9339
12115, 21.9343
12116, 21.9343
12117, 21.9372
12118, 21.9372
12119, 21.9391
12120, 21.9396
12121, 21.9401
12122, 21.941
12123, 21.941
12124, 21.941
12125, 21.9415
12126, 21.9429
12127, 21.9429
12128, 21.9429
12129, 21.9462
12130, 21.9467
12131, 21.9472
12132, 21.9477
12133, 21.9491
12134, 21.9491
12135, 21.9501
12136, 21.9501
12137, 21.951
12138, 21.951
12139, 21.951
12140, 21.951
12141, 21.9515
12142, 21.9524
12143, 21.9539
12144, 21.9543
12145, 21.9562
12146, 21.9586
12147, 21.9591
12148, 21.9596
12149, 21.9596
12150, 21.9596
12151, 21.9605
12152, 21.9605
12153, 21.9605
12154, 21.961
12155, 21.961
12156, 21.961
12157, 21.961
12158, 21.9615
12159, 21.9624
12160, 21.9629
12161, 21.9634
12162, 21.9634
12163, 21.9634
12164, 21.9634
12165, 21.9634
12166, 21.9643
12167, 21.9658
12168, 21.9667
12169, 21.9667
12170, 21.9667
12171, 21.9677
12172, 21.9677
12173, 21.9691
12174, 21.9701
12175, 21.9705
12176, 21.971
12177, 21.9715
12178, 21.9715
12179, 21.9734
12180, 21.9758
12181, 21.9762
12182, 21.9767
12183, 21.9772
12184, 21.9772
12185, 21.9777
12186, 21.9786
12187, 21.9786
12188, 21.9791
12189, 21.9791
12190, 21.9791
12191, 21.9796
12192, 21.9815
12193, 21.9815
12194, 21.9824
12195, 21.9824
12196, 21.9829
12197, 21.9839
12198, 21.9853
12199, 21.9858
12200, 21.9867
12201, 21.9872
12202, 21.9872
12203, 21.9872
12204, 21.9877
12205, 21.9891
12206, 21.9896
12207, 21.9901
12208, 21.9901
12209, 21.9915
12210, 21.9934
12211, 21.9939
12212, 21.9939
12213, 21.9939
12214, 21.9943
12215, 21.9948
12216, 21.9958
12217, 21.9972
12218, 21.9977
12219, 21.9977
12220, 21.9981
12221, 21.9991
12222, 22.0001
12223, 22.0001
12224, 22.0005
12225, 22.0005
12226, 22.0015
12227, 22.002
12228, 22.0024
12229, 22.0043
12230, 22.0053
12231, 22.0058
12232, 22.0062
12233, 22.0067
12234, 22.0067
12235, 22.0077
12236, 22.0077
12237, 22.0077
12238, 22.0077
12239, 22.0091
12240, 22.0105
12241, 22.0105
12242, 22.0105
12243, 22.012
12244, 22.0124
12245, 22.0124
12246, 22.0139
12247, 22.0143
12248, 22.0153
12249, 22.0153
12250, 22.0153
12251, 22.0162
12252, 22.0167
12253, 22.0172
12254, 22.0172
12255, 22.0181
12256, 22.0191
12257, 22.0201
12258, 22.0205
12259, 22.0205
12260, 22.0205
12261, 22.0215
12262, 22.0215
12263, 22.0224
12264, 22.0229
12265, 22.0234
12266, 22.0253
12267, 22.0253
12268, 22.0277
12269, 22.0286
12270, 22.0296
12271, 22.0296
12272, 22.0315
12273, 22.032
12274, 22.0324
12275, 22.0334
12276, 22.0353
12277, 22.0372
12278, 22.0377
12279, 22.0377
12280, 22.0381
12281, 22.0391
12282, 22.0415
12283, 22.0424
12284, 22.0429
12285, 22.0429
12286, 22.0434
12287, 22.0439
12288, 22.0448
12289, 22.0453
12290, 22.0453
12291, 22.0462
12292, 22.0472
12293, 22.0472
12294, 22.0472
12295, 22.0481
12296, 22.0486
12297, 22.0491
12298, 22.0496
12299, 22.0501
12300, 22.0501
12301, 22.0515
12302, 22.0515
12303, 22.0515
12304, 22.0529
12305, 22.0529
12306, 22.0534
12307, 22.0534
12308, 22.0553
12309, 22.0553
12310, 22.0553
12311, 22.0562
12312, 22.0567
12313, 22.0567
12314, 22.0572
12315, 22.0577
12316, 22.0581
12317, 22.0586
12318, 22.0586
12319, 22.0605
12320, 22.0605
12321, 22.061
12322, 22.0634
12323, 22.0639
12324, 22.0639
12325, 22.0653
12326, 22.0658
12327, 22.0658
12328, 22.0658
12329, 22.0662
12330, 22.0667
12331, 22.0677
12332, 22.0681
12333, 22.0686
12334, 22.0696
12335, 22.0715
12336, 22.0715
12337, 22.072
12338, 22.0724
12339, 22.0729
12340, 22.0748
12341, 22.0762
12342, 22.0762
12343, 22.0772
12344, 22.0777
12345, 22.0777
12346, 22.0791
12347, 22.0791
12348, 22.0796
12349, 22.0801
12350, 22.0801
12351, 22.0805
12352, 22.0815
12353, 22.0824
12354, 22.0839
12355, 22.0843
12356, 22.0848
12357, 22.0853
12358, 22.0858
12359, 22.0877
12360, 22.0886
12361, 22.0886
12362, 22.0886
12363, 22.0896
12364, 22.0901
12365, 22.0901
12366, 22.092
12367, 22.0934
12368, 22.0934
12369, 22.0939
12370, 22.0943
12371, 22.0953
12372, 22.0958
12373, 22.0967
12374, 22.0972
12375, 22.0972
12376, 22.0991
12377, 22.0991
12378, 22.0996
12379, 22.1005
12380, 22.101
12381, 22.101
12382, 22.101
12383, 22.1015
12384, 22.1029
12385, 22.1034
12386, 22.1039
12387, 22.1043
12388, 22.1058
12389, 22.1067
12390, 22.1091
12391, 22.1115
12392, 22.1124
12393, 22.1134
12394, 22.1153
12395, 22.1158
12396, 22.1158
12397, 22.1167
12398, 22.1181
12399, 22.1186
12400, 22.1205
12401, 22.121
12402, 22.1215
12403, 22.1224
12404, 22.1234
12405, 22.1239
12406, 22.1243
12407, 22.1248
12408, 22.1253
12409, 22.1253
12410, 22.1253
12411, 22.1262
12412, 22.1267
12413, 22.1277
12414, 22.1286
12415, 22.1291
12416, 22.1291
12417, 22.1291
12418, 22.1296
12419, 22.1296
12420, 22.1301
12421, 22.131
12422, 22.131
12423, 22.1315
12424, 22.1315
12425, 22.132
12426, 22.1324
12427, 22.1329
12428, 22.1339
12429, 22.1343
12430, 22.1353
12431, 22.1353
12432, 22.1353
12433, 22.1377
12434, 22.1377
12435, 22.1381
12436, 22.1386
12437, 22.1391
12438, 22.1401
12439, 22.1401
12440, 22.1405
12441, 22.1405
12442, 22.141
12443, 22.142
12444, 22.142
12445, 22.1424
12446, 22.1429
12447, 22.1439
12448, 22.1448
12449, 22.1458
12450, 22.1458
12451, 22.1472
12452, 22.1477
12453, 22.1481
12454, 22.1481
12455, 22.1491
12456, 22.1496
12457, 22.1496
12458, 22.1505
12459, 22.1524
12460, 22.1534
12461, 22.1543
12462, 22.1548
12463, 22.1548
12464, 22.1553
12465, 22.1562
12466, 22.1572
12467, 22.1605
12468, 22.1615
12469, 22.162
12470, 22.162
12471, 22.1624
12472, 22.1629
12473, 22.1634
12474, 22.1634
12475, 22.1639
12476, 22.1653
12477, 22.1658
12478, 22.1658
12479, 22.1662
12480, 22.1696
12481, 22.1705
12482, 22.1705
12483, 22.1705
12484, 22.1715
12485, 22.1715
12486, 22.1724
12487, 22.1739
12488, 22.1743
12489, 22.1743
12490, 22.1748
12491, 22.1753
12492, 22.1791
12493, 22.1796
12494, 22.1805
12495, 22.1839
12496, 22.1848
12497, 22.1858
12498, 22.1862
12499, 22.1877
12500, 22.1891
12501, 22.1896
12502, 22.1929
12503, 22.1929
12504, 22.1953
12505, 22.1958
12506, 22.1958
12507, 22.1967
12508, 22.1967
12509, 22.1972
12510, 22.1977
12511, 22.1977
12512, 22.1977
12513, 22.1977
12514, 22.1981
12515, 22.1986
12516, 22.1986
12517, 22.1986
12518, 22.1991
12519, 22.2
12520, 22.2
12521, 22.201
12522, 22.2029
12523, 22.2043
12524, 22.2048
12525, 22.2062
12526, 22.2077
12527, 22.2077
12528, 22.2077
12529, 22.2091
12530, 22.2091
12531, 22.2096
12532, 22.2105
12533, 22.212
12534, 22.2124
12535, 22.2129
12536, 22.2134
12537, 22.2134
12538, 22.2148
12539, 22.2153
12540, 22.2153
12541, 22.2153
12542, 22.2158
12543, 22.2158
12544, 22.2167
12545, 22.2177
12546, 22.2181
12547, 22.2186
12548, 22.2186
12549, 22.2191
12550, 22.2196
12551, 22.2205
12552, 22.221
12553, 22.2215
12554, 22.2229
12555, 22.2229
12556, 22.2234
12557, 22.2234
12558, 22.2243
12559, 22.2262
12560, 22.2267
12561, 22.2272
12562, 22.2272
12563, 22.2277
12564, 22.2281
12565, 22.2286
12566, 22.2291
12567, 22.231
12568, 22.231
12569, 22.231
12570, 22.2329
12571, 22.2334
12572, 22.2339
12573, 22.2343
12574, 22.2348
12575, 22.2358
12576, 22.2362
12577, 22.2362
12578, 22.2367
12579, 22.2377
12580, 22.2386
12581, 22.2391
12582, 22.2391
12583, 22.2391
12584, 22.2396
12585, 22.2396
12586, 22.24
12587, 22.2405
12588, 22.241
12589, 22.241
12590, 22.2415
12591, 22.2439
12592, 22.2439
12593, 22.2439
12594, 22.2453
12595, 22.2453
12596, 22.2481
12597, 22.2491
12598, 22.2496
12599, 22.2496
12600, 22.25
12601, 22.251
12602, 22.251
12603, 22.2515
12604, 22.2524
12605, 22.2534
12606, 22.2534
12607, 22.2534
12608, 22.2539
12609, 22.2572
12610, 22.2577
12611, 22.2586
12612, 22.2596
12613, 22.261
12614, 22.262
12615, 22.2639
12616, 22.2639
12617, 22.2639
12618, 22.2653
12619, 22.2658
12620, 22.2667
12621, 22.2686
12622, 22.2691
12623, 22.2696
12624, 22.271
12625, 22.271
12626, 22.272
12627, 22.272
12628, 22.272
12629, 22.2739
12630, 22.2748
12631, 22.2753
12632, 22.2753
12633, 22.2753
12634, 22.2758
12635, 22.2772
12636, 22.2786
12637, 22.2786
12638, 22.2791
12639, 22.2796
12640, 22.2796
12641, 22.2815
12642, 22.2824
12643, 22.2839
12644, 22.2843
12645, 22.2848
12646, 22.2862
12647, 22.2877
12648, 22.2896
12649, 22.29
12650, 22.2915
12651, 22.2929
12652, 22.2929
12653, 22.2929
12654, 22.2934
12655, 22.2972
12656, 22.2977
12657, 22.2977
12658, 22.2996
12659, 22.3
12660, 22.3
12661, 22.3005
12662, 22.301
12663, 22.3034
12664, 22.3043
12665, 22.3048
12666, 22.3067
12667, 22.3067
12668, 22.3077
12669, 22.3077
12670, 22.3091
12671, 22.31
12672, 22.3105
12673, 22.3115
12674, 22.3124
12675, 22.3129
12676, 22.3139
12677, 22.3191
12678, 22.32
12679, 22.3205
12680, 22.321
12681, 22.321
12682, 22.3229
12683, 22.3239
12684, 22.3239
12685, 22.3243
12686, 22.3243
12687, 22.3248
12688, 22.3258
12689, 22.3267
12690, 22.3272
12691, 22.3272
12692, 22.3277
12693, 22.3286
12694, 22.3291
12695, 22.33
12696, 22.33
12697, 22.331
12698, 22.331
12699, 22.3315
12700, 22.332
12701, 22.3334
12702, 22.3334
12703, 22.3339
12704, 22.3339
12705, 22.3348
12706, 22.3348
12707, 22.3362
12708, 22.3362
12709, 22.3362
12710, 22.3372
12711, 22.3372
12712, 22.3372
12713, 22.3377
12714, 22.3386
12715, 22.3391
12716, 22.3396
12717, 22.34
12718, 22.341
12719, 22.3439
12720, 22.3439
12721, 22.3439
12722, 22.3453
12723, 22.3458
12724, 22.3462
12725, 22.3472
12726, 22.3477
12727, 22.3481
12728, 22.3491
12729, 22.3496
12730, 22.35
12731, 22.35
12732, 22.3505
12733, 22.3505
12734, 22.351
12735, 22.352
12736, 22.3548
12737, 22.3577
12738, 22.3586
12739, 22.3591
12740, 22.3591
12741, 22.3596
12742, 22.3596
12743, 22.3596
12744, 22.3605
12745, 22.361
12746, 22.362
12747, 22.3624
12748, 22.3648
12749, 22.3658
12750, 22.3677
12751, 22.3691
12752, 22.3696
12753, 22.371
12754, 22.372
12755, 22.3729
12756, 22.3777
12757, 22.3781
12758, 22.3805
12759, 22.381
12760, 22.3815
12761, 22.3829
12762, 22.3834
12763, 22.3872
12764, 22.3872
12765, 22.3891
12766, 22.3896
12767, 22.39
12768, 22.3915
12769, 22.3915
12770, 22.392
12771, 22.392
12772, 22.392
12773, 22.3924
12774, 22.3929
12775, 22.3929
12776, 22.3934
12777, 22.3934
12778, 22.3977
12779, 22.3977
12780, 22.3977
12781, 22.3977
12782, 22.4005
12783, 22.4005
12784, 22.402
12785, 22.4034
12786, 22.4039
12787, 22.4062
12788, 22.4062
12789, 22.4067
12790, 22.4067
12791, 22.4072
12792, 22.4072
12793, 22.4077
12794, 22.4077
12795, 22.4086
12796, 22.4091
12797, 22.4096
12798, 22.41
12799, 22.41
12800, 22.4105
12801, 22.411
12802, 22.4115
12803, 22.4115
12804, 22.412
12805, 22.4124
12806, 22.4134
12807, 22.4134
12808, 22.4148
12809, 22.4153
12810, 22.4158
12811, 22.4158
12812, 22.4158
12813, 22.4158
12814, 22.4162
12815, 22.4162
12816, 22.4167
12817, 22.4172
12818, 22.4172
12819, 22.4186
12820, 22.4205
12821, 22.4205
12822, 22.421
12823, 22.421
12824, 22.4215
12825, 22.4234
12826, 22.4253
12827, 22.4258
12828, 22.4258
12829, 22.4272
12830, 22.4286
12831, 22.4286
12832, 22.4286
12833, 22.4296
12834, 22.4296
12835, 22.43
12836, 22.4315
12837, 22.4315
12838, 22.4324
12839, 22.4324
12840, 22.4324
12841, 22.4324
12842, 22.4339
12843, 22.4353
12844, 22.4362
12845, 22.4386
12846, 22.4391
12847, 22.4391
12848, 22.44
12849, 22.4405
12850, 22.441
12851, 22.441
12852, 22.441
12853, 22.4415
12854, 22.4415
12855, 22.4424
12856, 22.4424
12857, 22.4429
12858, 22.4429
12859, 22.4443
12860, 22.4448
12861, 22.4448
12862, 22.4448
12863, 22.4453
12864, 22.4458
12865, 22.4462
12866, 22.4467
12867, 22.4481
12868, 22.4486
12869, 22.4491
12870, 22.4491
12871, 22.4505
12872, 22.4515
12873, 22.4524
12874, 22.4524
12875, 22.4562
12876, 22.4577
12877, 22.4591
12878, 22.4596
12879, 22.46
12880, 22.4605
12881, 22.4615
12882, 22.4653
12883, 22.4677
12884, 22.4681
12885, 22.4691
12886, 22.4696
12887, 22.4715
12888, 22.4719
12889, 22.4719
12890, 22.4719
12891, 22.4724
12892, 22.4786
12893, 22.4791
12894, 22.4791
12895, 22.4791
12896, 22.4796
12897, 22.48
12898, 22.4815
12899, 22.4829
12900, 22.4834
12901, 22.4839
12902, 22.4843
12903, 22.4843
12904, 22.4848
12905, 22.4853
12906, 22.4862
12907, 22.4862
12908, 22.4867
12909, 22.4867
12910, 22.4872
12911, 22.4877
12912, 22.4877
12913, 22.4881
12914, 22.4905
12915, 22.4915
12916, 22.4919
12917, 22.4919
12918, 22.4924
12919, 22.4939
12920, 22.4948
12921, 22.4953
12922, 22.4977
12923, 22.4981
12924, 22.4996
12925, 22.5
12926, 22.5005
12927, 22.501
12928, 22.5019
12929, 22.5034
12930, 22.5039
12931, 22.5081
12932, 22.5081
12933, 22.5086
12934, 22.5091
12935, 22.5091
12936, 22.5105
12937, 22.5134
12938, 22.5143
12939, 22.5153
12940, 22.5167
12941, 22.5177
12942, 22.5177
12943, 22.5191
12944, 22.52
12945, 22.5205
12946, 22.5224
12947, 22.5253
12948, 22.5258
12949, 22.5262
12950, 22.5262
12951, 22.5272
12952, 22.5286
12953, 22.5296
12954, 22.53
12955, 22.53
12956, 22.5315
12957, 22.5319
12958, 22.5324
12959, 22.5329
12960, 22.5339
12961, 22.5343
12962, 22.5343
12963, 22.5353
12964, 22.5358
12965, 22.5362
12966, 22.5367
12967, 22.5367
12968, 22.5367
12969, 22.5372
12970, 22.5372
12971, 22.54
12972, 22.5405
12973, 22.5405
12974, 22.5415
12975, 22.5424
12976, 22.5429
12977, 22.5429
12978, 22.5429
12979, 22.5434
12980, 22.5448
12981, 22.5472
12982, 22.5477
12983, 22.5477
12984, 22.5481
12985, 22.5481
12986, 22.55
12987, 22.5505
12988, 22.551
12989, 22.5524
12990, 22.5524
12991, 22.5529
12992, 22.5539
12993, 22.5543
12994, 22.5553
12995, 22.5577
12996, 22.56
12997, 22.5605
12998, 22.561
12999, 22.5615
13000, 22.5619
13001, 22.5629
13002, 22.5629
13003, 22.5639
13004, 22.5653
13005, 22.5658
13006, 22.5658
13007, 22.5662
13008, 22.5672
13009, 22.5672
13010, 22.5677
13011, 22.57
13012, 22.5705
13013, 22.571
13014, 22.5719
13015, 22.5724
13016, 22.5734
13017, 22.5739
13018, 22.5743
13019, 22.5743
13020, 22.5753
13021, 22.5753
13022, 22.5753
13023, 22.5762
13024, 22.5767
13025, 22.5777
13026, 22.5786
13027, 22.5796
13028, 22.58
13029, 22.5805
13030, 22.581
13031, 22.5819
13032, 22.5829
13033, 22.5848
13034, 22.5858
13035, 22.5858
13036, 22.5886
13037, 22.5891
13038, 22.5891
13039, 22.5905
13040, 22.5934
13041, 22.5962
13042, 22.5977
13043, 22.5981
13044, 22.6
13045, 22.6019
13046, 22.6024
13047, 22.6024
13048, 22.6029
13049, 22.6034
13050, 22.6039
13051, 22.6048
13052, 22.6048
13053, 22.6058
13054, 22.6062
13055, 22.6072
13056, 22.6081
13057, 22.6086
13058, 22.6091
13059, 22.6096
13060, 22.611
13061, 22.6124
13062, 22.6129
13063, 22.6129
13064, 22.6134
13065, 22.6143
13066, 22.6148
13067, 22.6148
13068, 22.6172
13069, 22.6177
13070, 22.6186
13071, 22.6191
13072, 22.6196
13073, 22.621
13074, 22.6219
13075, 22.6239
13076, 22.6253
13077, 22.6258
13078, 22.6258
13079, 22.6267
13080, 22.6272
13081, 22.6272
13082, 22.6277
13083, 22.6281
13084, 22.6291
13085, 22.6296
13086, 22.631
13087, 22.631
13088, 22.6324
13089, 22.6339
13090, 22.6339
13091, 22.6348
13092, 22.6367
13093, 22.6367
13094, 22.6377
13095, 22.6377
13096, 22.6377
13097, 22.6381
13098, 22.6391
13099, 22.6391
13100, 22.64
13101, 22.6419
13102, 22.6424
13103, 22.6424
13104, 22.6429
13105, 22.6443
13106, 22.6448
13107, 22.6453
13108, 22.6453
13109, 22.6453
13110, 22.6467
13111, 22.6472
13112, 22.6472
13113, 22.6477
13114, 22.6481
13115, 22.6481
13116, 22.6481
13117, 22.6486
13118, 22.6486
13119, 22.6505
13120, 22.6519
13121, 22.6524
13122, 22.6524
13123, 22.6543
13124, 22.6558
13125, 22.6572
13126, 22.6577
13127, 22.6586
13128, 22.6586
13129, 22.6591
13130, 22.661
13131, 22.6615
13132, 22.6619
13133, 22.6624
13134, 22.6639
13135, 22.6643
13136, 22.6643
13137, 22.6643
13138, 22.6653
13139, 22.6653
13140, 22.6662
13141, 22.6667
13142, 22.6681
13143, 22.6691
13144, 22.6691
13145, 22.6715
13146, 22.6715
13147, 22.6724
13148, 22.6734
13149, 22.6743
13150, 22.6748
13151, 22.6758
13152, 22.6758
13153, 22.6772
13154, 22.6777
13155, 22.6791
13156, 22.68
13157, 22.6829
13158, 22.6829
13159, 22.6838
13160, 22.6872
13161, 22.6877
13162, 22.6891
13163, 22.6896
13164, 22.69
13165, 22.691
13166, 22.6915
13167, 22.6919
13168, 22.6938
13169, 22.6938
13170, 22.6943
13171, 22.6962
13172, 22.6962
13173, 22.6962
13174, 22.6962
13175, 22.6991
13176, 22.6996
13177, 22.7
13178, 22.7005
13179, 22.7015
13180, 22.7019
13181, 22.7019
13182, 22.7029
13183, 22.7034
13184, 22.7048
13185, 22.7062
13186, 22.7077
13187, 22.7091
13188, 22.7091
13189, 22.7096
13190, 22.7105
13191, 22.7119
13192, 22.7119
13193, 22.7124
13194, 22.7134
13195, 22.7134
13196, 22.7134
13197, 22.7138
13198, 22.7153
13199, 22.7153
13200, 22.7172
13201, 22.7177
13202, 22.7191
13203, 22.7191
13204, 22.7191
13205, 22.7196
13206, 22.72
13207, 22.7205
13208, 22.721
13209, 22.7215
13210, 22.7219
13211, 22.7219
13212, 22.7224
13213, 22.7224
13214, 22.7234
13215, 22.7253
13216, 22.7277
13217, 22.7277
13218, 22.7281
13219, 22.7319
13220, 22.7324
13221, 22.7329
13222, 22.7338
13223, 22.7358
13224, 22.7362
13225, 22.7372
13226, 22.7372
13227, 22.7372
13228, 22.7377
13229, 22.7377
13230, 22.7381
13231, 22.7396
13232, 22.74
13233, 22.7419
13234, 22.7419
13235, 22.7434
13236, 22.7434
13237, 22.7438
13238, 22.7448
13239, 22.7448
13240, 22.7458
13241, 22.7458
13242, 22.7472
13243, 22.7477
13244, 22.7477
13245, 22.7481
13246, 22.7486
13247, 22.75
13248, 22.75
13249, 22.7515
13250, 22.7519
13251, 22.7524
13252, 22.7538
13253, 22.7558
13254, 22.7567
13255, 22.7577
13256, 22.7577
13257, 22.7586
13258, 22.7596
13259, 22.76
13260, 22.7605
13261, 22.7615
13262, 22.7619
13263, 22.7624
13264, 22.7634
13265, 22.7643
13266, 22.7643
13267, 22.7653
13268, 22.7653
13269, 22.7653
13270, 22.7662
13271, 22.7667
13272, 22.7667
13273, 22.7691
13274, 22.7696
13275, 22.7696
13276, 22.7696
13277, 22.77
13278, 22.7719
13279, 22.7729
13280, 22.7734
13281, 22.7734
13282, 22.7748
13283, 22.7753
13284, 22.7753
13285, 22.7758
13286, 22.7762
13287, 22.7762
13288, 22.7767
13289, 22.7777
13290, 22.7796
13291, 22.7796
13292, 22.78
13293, 22.7805
13294, 22.781
13295, 22.7824
13296, 22.7834
13297, 22.7834
13298, 22.7853
13299, 22.7877
13300, 22.7881
13301, 22.7886
13302, 22.7886
13303, 22.7896
13304, 22.7905
13305, 22.791
13306, 22.791
13307, 22.791
13308, 22.7915
13309, 22.7924
13310, 22.7938
13311, 22.7938
13312, 22.7948
13313, 22.7977
13314, 22.7986
13315, 22.7996
13316, 22.8005
13317, 22.8005
13318, 22.8019
13319, 22.8058
13320, 22.8058
13321, 22.8058
13322, 22.8062
13323, 22.8072
13324, 22.8096
13325, 22.8119
13326, 22.8124
13327, 22.8129
13328, 22.8148
13329, 22.8148
13330, 22.8153
13331, 22.8158
13332, 22.8158
13333, 22.8158
13334, 22.8158
13335, 22.8162
13336, 22.8162
13337, 22.8177
13338, 22.8181
13339, 22.8181
13340, 22.8186
13341, 22.8191
13342, 22.82
13343, 22.8205
13344, 22.821
13345, 22.821
13346, 22.8219
13347, 22.8224
13348, 22.8224
13349, 22.8234
13350, 22.8238
13351, 22.8243
13352, 22.8243
13353, 22.8243
13354, 22.8253
13355, 22.8272
13356, 22.8277
13357, 22.8281
13358, 22.8286
13359, 22.8286
13360, 22.83
13361, 22.83
13362, 22.8305
13363, 22.8315
13364, 22.8315
13365, 22.8334
13366, 22.8343
13367, 22.8367
13368, 22.84
13369, 22.841
13370, 22.8415
13371, 22.8424
13372, 22.8424
13373, 22.8429
13374, 22.8434
13375, 22.8438
13376, 22.8453
13377, 22.8453
13378, 22.8462
13379, 22.8467
13380, 22.8467
13381, 22.8477
13382, 22.8481
13383, 22.8505
13384, 22.851
13385, 22.8524
13386, 22.8524
13387, 22.8529
13388, 22.8534
13389, 22.8543
13390, 22.8572
13391, 22.8581
13392, 22.8591
13393, 22.8596
13394, 22.861
13395, 22.8619
13396, 22.8643
13397, 22.8643
13398, 22.8653
13399, 22.8653
13400, 22.8653
13401, 22.8658
13402, 22.8658
13403, 22.8658
13404, 22.8662
13405, 22.8672
13406, 22.8691
13407, 22.8705
13408, 22.8705
13409, 22.8729
13410, 22.8734
13411, 22.8734
13412, 22.8753
13413, 22.8758
13414, 22.8762
13415, 22.8772
13416, 22.8772
13417, 22.8772
13418, 22.8772
13419, 22.8781
13420, 22.8796
13421, 22.8805
13422, 22.8805
13423, 22.881
13424, 22.881
13425, 22.881
13426, 22.8824
13427, 22.8829
13428, 22.8858
13429, 22.8867
13430, 22.8867
13431, 22.8867
13432, 22.8877
13433, 22.8881
13434, 22.8881
13435, 22.8891
13436, 22.8891
13437, 22.8896
13438, 22.89
13439, 22.8934
13440, 22.8938
13441, 22.8943
13442, 22.8943
13443, 22.8953
13444, 22.8958
13445, 22.8958
13446, 22.8962
13447, 22.8972
13448, 22.8991
13449, 22.9
13450, 22.9005
13451, 22.9005
13452, 22.9015
13453, 22.9015
13454, 22.9015
13455, 22.9019
13456, 22.9019
13457, 22.9024
13458, 22.9029
13459, 22.9034
13460, 22.9038
13461, 22.9058
13462, 22.9058
13463, 22.9072
13464, 22.9077
13465, 22.9119
13466, 22.9124
13467, 22.9129
13468, 22.9138
13469, 22.9143
13470, 22.9148
13471, 22.9158
13472, 22.9162
13473, 22.9167
13474, 22.9186
13475, 22.9196
13476, 22.9205
13477, 22.9215
13478, 22.9215
13479, 22.9219
13480, 22.9234
13481, 22.9234
13482, 22.9234
13483, 22.9253
13484, 22.9258
13485, 22.9262
13486, 22.9272
13487, 22.9272
13488, 22.93
13489, 22.931
13490, 22.931
13491, 22.9315
13492, 22.9319
13493, 22.9319
13494, 22.9329
13495, 22.9343
13496, 22.9367
13497, 22.9377
13498, 22.9396
13499, 22.94
13500, 22.9415
13501, 22.9415
13502, 22.9424
13503, 22.9429
13504, 22.9462
13505, 22.9467
13506, 22.9472
13507, 22.9477
13508, 22.9519
13509, 22.9529
13510, 22.9543
13511, 22.9567
13512, 22.9572
13513, 22.9581
13514, 22.9591
13515, 22.961
13516, 22.9615
13517, 22.9615
13518, 22.9638
13519, 22.9667
13520, 22.9672
13521, 22.9677
13522, 22.971
13523, 22.9715
13524, 22.9719
13525, 22.9719
13526, 22.9719
13527, 22.9724
13528, 22.9743
13529, 22.9762
13530, 22.9767
13531, 22.9786
13532, 22.9786
13533, 22.9786
13534, 22.9791
13535, 22.9796
13536, 22.98
13537, 22.98
13538, 22.9805
13539, 22.9843
13540, 22.9848
13541, 22.9848
13542, 22.9853
13543, 22.9877
13544, 22.9881
13545, 22.9896
13546, 22.99
13547, 22.9905
13548, 22.9905
13549, 22.9915
13550, 22.9924
13551, 22.9934
13552, 22.9943
13553, 22.9953
13554, 22.9953
13555, 22.9972
13556, 22.9977
13557, 22.9981
13558, 22.9981
13559, 22.9991
13560, 23.0005
13561, 23.0005
13562, 23.0005
13563, 23.0005
13564, 23.001
13565, 23.0015
13566, 23.0019
13567, 23.0048
13568, 23.0053
13569, 23.0057
13570, 23.0081
13571, 23.0096
13572, 23.01
13573, 23.0105
13574, 23.0148
13575, 23.0153
13576, 23.0162
13577, 23.0177
13578, 23.0181
13579, 23.0186
13580, 23.0196
13581, 23.0224
13582, 23.0224
13583, 23.0224
13584, 23.0229
13585, 23.0229
13586, 23.0238
13587, 23.0238
13588, 23.0243
13589, 23.0243
13590, 23.0267
13591, 23.0281
13592, 23.0286
13593, 23.0286
13594, 23.031
13595, 23.031
13596, 23.0319
13597, 23.0319
13598, 23.0324
13599, 23.0334
13600, 23.0362
13601, 23.0367
13602, 23.0386
13603, 23.04
13604, 23.0405
13605, 23.0405
13606, 23.0434
13607, 23.0443
13608, 23.0443
13609, 23.0443
13610, 23.0453
13611, 23.0462
13612, 23.0477
13613, 23.0477
13614, 23.051
13615, 23.0524
13616, 23.0529
13617, 23.0529
13618, 23.0543
13619, 23.0562
13620, 23.0577
13621, 23.0577
13622, 23.0596
13623, 23.061
13624, 23.0615
13625, 23.0619
13626, 23.0629
13627, 23.0638
13628, 23.0638
13629, 23.0657
13630, 23.0657
13631, 23.0677
13632, 23.0677
13633, 23.0691
13634, 23.07
13635, 23.0715
13636, 23.0715
13637, 23.0724
13638, 23.0748
13639, 23.0753
13640, 23.0757
13641, 23.0767
13642, 23.0772
13643, 23.0777
13644, 23.0786
13645, 23.0786
13646, 23.0786
13647, 23.0796
13648, 23.08
13649, 23.0838
13650, 23.0848
13651, 23.0853
13652, 23.0857
13653, 23.0867
13654, 23.0872
13655, 23.0896
13656, 23.0905
13657, 23.091
13658, 23.091
13659, 23.0924
13660, 23.0929
13661, 23.0934
13662, 23.0938
13663, 23.0953
13664, 23.0957
13665, 23.0957
13666, 23.0962
13667, 23.0962
13668, 23.0972
13669, 23.0972
13670, 23.0981
13671, 23.0986
13672, 23.0991
13673, 23.1015
13674, 23.1015
13675, 23.1019
13676, 23.1024
13677, 23.1034
13678, 23.1038
13679, 23.1048
13680, 23.1053
13681, 23.1053
13682, 23.1057
13683, 23.1067
13684, 23.1086
13685, 23.1091
13686, 23.1105
13687, 23.111
13688, 23.1129
13689, 23.1143
13690, 23.1167
13691, 23.1167
13692, 23.1177
13693, 23.1181
13694, 23.1186
13695, 23.12
13696, 23.1205
13697, 23.121
13698, 23.121
13699, 23.1234
13700, 23.1238
13701, 23.1257
13702, 23.1257
13703, 23.1272
13704, 23.1277
13705, 23.1291
13706, 23.1291
13707, 23.1296
13708, 23.131
13709, 23.1319
13710, 23.1329
13711, 23.1338
13712, 23.1348
13713, 23.1348
13714, 23.1348
13715, 23.1353
13716, 23.1377
13717, 23.1381
13718, 23.14
13719, 23.14
13720, 23.1405
13721, 23.1405
13722, 23.1438
13723, 23.1443
13724, 23.1453
13725, 23.1457
13726, 23.1457
13727, 23.1462
13728, 23.1467
13729, 23.1472
13730, 23.1472
13731, 23.1481
13732, 23.1491
13733, 23.151
13734, 23.1515
13735, 23.1519
13736, 23.1524
13737, 23.1529
13738, 23.1548
13739, 23.1572
13740, 23.1581
13741, 23.1591
13742, 23.1619
13743, 23.1657
13744, 23.1662
13745, 23.1672
13746, 23.1677
13747, 23.1677
13748, 23.1691
13749, 23.1734
13750, 23.1748
13751, 23.1753
13752, 23.1753
13753, 23.1753
13754, 23.1767
13755, 23.1786
13756, 23.1791
13757, 23.18
13758, 23.1805
13759, 23.1805
13760, 23.181
13761, 23.1819
13762, 23.1824
13763, 23.1824
13764, 23.1834
13765, 23.1838
13766, 23.1838
13767, 23.1848
13768, 23.1848
13769, 23.1857
13770, 23.1867
13771, 23.1867
13772, 23.1872
13773, 23.1876
13774, 23.1891
13775, 23.1896
13776, 23.19
13777, 23.1905
13778, 23.1905
13779, 23.191
13780, 23.1915
13781, 23.1919
13782, 23.1919
13783, 23.1967
13784, 23.1972
13785, 23.1976
13786, 23.1986
13787, 23.1996
13788, 23.1996
13789, 23.2
13790, 23.2005
13791, 23.2005
13792, 23.2019
13793, 23.2024
13794, 23.2024
13795, 23.2034
13796, 23.2043
13797, 23.2043
13798, 23.2043
13799, 23.2048
13800, 23.2048
13801, 23.2057
13802, 23.2067
13803, 23.2086
13804, 23.21
13805, 23.2105
13806, 23.2115
13807, 23.2119
13808, 23.2124
13809, 23.2138
13810, 23.2138
13811, 23.2148
13812, 23.2162
13813, 23.2176
13814, 23.2196
13815, 23.2205
13816, 23.221
13817, 23.2224
13818, 23.2238
13819, 23.2243
13820, 23.2243
13821, 23.2257
13822, 23.2267
13823, 23.2272
13824, 23.2286
13825, 23.2291
13826, 23.2305
13827, 23.231
13828, 23.2319
13829, 23.2348
13830, 23.2367
13831, 23.2386
13832, 23.2396
13833, 23.241
13834, 23.2415
13835, 23.2415
13836, 23.2424
13837, 23.2429
13838, 23.2438
13839, 23.2448
13840, 23.2448
13841, 23.2448
13842, 23.2448
13843, 23.2486
13844, 23.2491
13845, 23.2491
13846, 23.25
13847, 23.2534
13848, 23.2534
13849, 23.2543
13850, 23.2548
13851, 23.2557
13852, 23.2562
13853, 23.2572
13854, 23.2591
13855, 23.2596
13856, 23.26
13857, 23.2619
13858, 23.2638
13859, 23.2648
13860, 23.2667
13861, 23.2667
13862, 23.2681
13863, 23.2715
13864, 23.2729
13865, 23.2738
13866, 23.2772
13867, 23.2772
13868, 23.2786
13869, 23.2796
13870, 23.28
13871, 23.2805
13872, 23.2819
13873, 23.2829
13874, 23.2838
13875, 23.2843
13876, 23.2857
13877, 23.2862
13878, 23.2876
13879, 23.2876
13880, 23.2881
13881, 23.2886
13882, 23.2896
13883, 23.2896
13884, 23.2896
13885, 23.29
13886, 23.2905
13887, 23.291
13888, 23.2915
13889, 23.2919
13890, 23.2924
13891, 23.2929
13892, 23.2929
13893, 23.2929
13894, 23.2934
13895, 23.2934
13896, 23.2938
13897, 23.2943
13898, 23.2948
13899, 23.2953
13900, 23.2981
13901, 23.2981
13902, 23.2996
13903, 23.3
13904, 23.3
13905, 23.301
13906, 23.301
13907, 23.3024
13908, 23.3029
13909, 23.3043
13910, 23.3057
13911, 23.3076
13912, 23.3086
13913, 23.3096
13914, 23.3115
13915, 23.3115
13916, 23.3134
13917, 23.3148
13918, 23.3153
13919, 23.3162
13920, 23.3162
13921, 23.3167
13922, 23.3172
13923, 23.3186
13924, 23.3205
13925, 23.3215
13926, 23.3215
13927, 23.3219
13928, 23.3224
13929, 23.3229
13930, 23.3229
13931, 23.3234
13932, 23.3248
13933, 23.3267
13934, 23.3267
13935, 23.3276
13936, 23.3286
13937, 23.3291
13938, 23.3319
13939, 23.3329
13940, 23.3343
13941, 23.3343
13942, 23.3343
13943, 23.3348
13944, 23.3353
13945, 23.3367
13946, 23.3386
13947, 23.3391
13948, 23.34
13949, 23.3434
13950, 23.3457
13951, 23.3462
13952, 23.3467
13953, 23.3467
13954, 23.3467
13955, 23.3472
13956, 23.3472
13957, 23.3472
13958, 23.3476
13959, 23.35
13960, 23.35
13961, 23.3515
13962, 23.3529
13963, 23.3534
13964, 23.3534
13965, 23.3538
13966, 23.3543
13967, 23.3581
13968, 23.3586
13969, 23.3629
13970, 23.3634
13971, 23.3648
13972, 23.3657
13973, 23.3662
13974, 23.3667
13975, 23.3672
13976, 23.3691
13977, 23.3715
13978, 23.3715
13979, 23.3719
13980, 23.3719
13981, 23.3719
13982, 23.3748
13983, 23.3757
13984, 23.3762
13985, 23.3762
13986, 23.3772
13987, 23.3786
13988, 23.3786
13989, 23.3791
13990, 23.3796
13991, 23.38
13992, 23.3805
13993, 23.381
13994, 23.381
13995, 23.3815
13996, 23.3819
13997, 23.3834
13998, 23.3838
13999, 23.3853
14000, 23.3857
14001, 23.3857
14002, 23.3886
14003, 23.3896
14004, 23.3915
14005, 23.3929
14006, 23.3929
14007, 23.3953
14008, 23.3957
14009, 23.3976
14010, 23.3976
14011, 23.3991
14012, 23.3991
14013, 23.4005
14014, 23.401
14015, 23.401
14016, 23.4019
14017, 23.4038
14018, 23.4043
14019, 23.4053
14020, 23.4057
14021, 23.4062
14022, 23.4062
14023, 23.4081
14024, 23.4096
14025, 23.4105
14026, 23.4105
14027, 23.4124
14028, 23.4124
14029, 23.4124
14030, 23.4134
14031, 23.4153
14032, 23.4167
14033, 23.4181
14034, 23.4186
14035, 23.42
14036, 23.42
14037, 23.4205
14038, 23.421
14039, 23.4215
14040, 23.4224
14041, 23.4229
14042, 23.4243
14043, 23.4253
14044, 23.4262
14045, 23.4272
14046, 23.4295
14047, 23.43
14048, 23.4305
14049, 23.4324
14050, 23.4338
14051, 23.4362
14052, 23.4424
14053, 23.4448
14054, 23.4457
14055, 23.4457
14056, 23.4462
14057, 23.4467
14058, 23.4472
14059, 23.4476
14060, 23.4486
14061, 23.4491
14062, 23.4495
14063, 23.4534
14064, 23.4543
14065, 23.4543
14066, 23.4543
14067, 23.4548
14068, 23.4548
14069, 23.4572
14070, 23.4586
14071, 23.4619
14072, 23.4634
14073, 23.4643
14074, 23.4648
14075, 23.4653
14076, 23.4653
14077, 23.4657
14078, 23.4662
14079, 23.4667
14080, 23.4672
14081, 23.4681
14082, 23.4729
14083, 23.4734
14084, 23.4743
14085, 23.4743
14086, 23.4743
14087, 23.4753
14088, 23.4753
14089, 23.4762
14090, 23.4776
14091, 23.4786
14092, 23.4786
14093, 23.4791
14094, 23.4791
14095, 23.4795
14096, 23.48
14097, 23.48
14098, 23.4805
14099, 23.4829
14100, 23.4834
14101, 23.4838
14102, 23.4853
14103, 23.4853
14104, 23.4876
14105, 23.4876
14106, 23.4881
14107, 23.4891
14108, 23.4891
14109, 23.49
14110, 23.4924
14111, 23.4924
14112, 23.4934
14113, 23.4957
14114, 23.4972
14115, 23.4986
14116, 23.4995
14117, 23.5043
14118, 23.5053
14119, 23.5057
14120, 23.5062
14121, 23.5076
14122, 23.5081
14123, 23.5081
14124, 23.51
14125, 23.511
14126, 23.5129
14127, 23.5134
14128, 23.5134
14129, 23.5143
14130, 23.5205
14131, 23.521
14132, 23.5224
14133, 23.5224
14134, 23.5234
14135, 23.5272
14136, 23.5291
14137, 23.53
14138, 23.5305
14139, 23.5305
14140, 23.5315
14141, 23.5324
14142, 23.5338
14143, 23.5348
14144, 23.5357
14145, 23.5362
14146, 23.5381
14147, 23.5386
14148, 23.5386
14149, 23.5391
14150, 23.5395
14151, 23.5405
14152, 23.5415
14153, 23.5419
14154, 23.5419
14155, 23.5429
14156, 23.5429
14157, 23.5434
14158, 23.5438
14159, 23.5438
14160, 23.5443
14161, 23.5457
14162, 23.5457
14163, 23.5457
14164, 23.5476
14165, 23.5486
14166, 23.5491
14167, 23.551
14168, 23.551
14169, 23.551
14170, 23.5524
14171, 23.5534
14172, 23.5548
14173, 23.5567
14174, 23.5591
14175, 23.561
14176, 23.5624
14177, 23.5629
14178, 23.5653
14179, 23.5657
14180, 23.5657
14181, 23.5657
14182, 23.5662
14183, 23.5667
14184, 23.5672
14185, 23.5676
14186, 23.5695
14187, 23.5695
14188, 23.5715
14189, 23.5719
14190, 23.5724
14191, 23.5734
14192, 23.5738
14193, 23.5743
14194, 23.5748
14195, 23.5748
14196, 23.5757
14197, 23.5762
14198, 23.5795
14199, 23.5805
14200, 23.581
14201, 23.5815
14202, 23.5829
14203, 23.5829
14204, 23.5834
14205, 23.5843
14206, 23.5848
14207, 23.5853
14208, 23.5857
14209, 23.5862
14210, 23.5872
14211, 23.5872
14212, 23.5886
14213, 23.5895
14214, 23.5895
14215, 23.59
14216, 23.59
14217, 23.5905
14218, 23.591
14219, 23.5915
14220, 23.5929
14221, 23.5929
14222, 23.5948
14223, 23.5962
14224, 23.5976
14225, 23.5981
14226, 23.5981
14227, 23.6005
14228, 23.6024
14229, 23.6029
14230, 23.6038
14231, 23.6043
14232, 23.6053
14233, 23.6057
14234, 23.6062
14235, 23.6067
14236, 23.6067
14237, 23.6081
14238, 23.6091
14239, 23.6091
14240, 23.6091
14241, 23.6091
14242, 23.6105
14243, 23.6115
14244, 23.6153
14245, 23.6172
14246, 23.6172
14247, 23.6186
14248, 23.62
14249, 23.621
14250, 23.6215
14251, 23.6257
14252, 23.6286
14253, 23.631
14254, 23.6319
14255, 23.6324
14256, 23.6329
14257, 23.6329
14258, 23.6338
14259, 23.6357
14260, 23.6362
14261, 23.6372
14262, 23.6372
14263, 23.6372
14264, 23.6381
14265, 23.6381
14266, 23.6386
14267, 23.6415
14268, 23.6415
14269, 23.6419
14270, 23.6419
14271, 23.6462
14272, 23.6472
14273, 23.6472
14274, 23.6495
14275, 23.65
14276, 23.651
14277, 23.6515
14278, 23.6529
14279, 23.6562
14280, 23.6576
14281, 23.6586
14282, 23.6586
14283, 23.6595
14284, 23.6605
14285, 23.661
14286, 23.6624
14287, 23.6643
14288, 23.6643
14289, 23.6648
14290, 23.6648
14291, 23.6657
14292, 23.6662
14293, 23.6662
14294, 23.6667
14295, 23.6672
14296, 23.6672
14297, 23.6672
14298, 23.6681
14299, 23.6691
14300, 23.6695
14301, 23.67
14302, 23.67
14303, 23.671
14304, 23.6715
14305, 23.6753
14306, 23.6762
14307, 23.6762
14308, 23.6762
14309, 23.6791
14310, 23.68
14311, 23.68
14312, 23.6824
14313, 23.6824
14314, 23.6829
14315, 23.6834
14316, 23.6834
14317, 23.6838
14318, 23.6838
14319, 23.6843
14320, 23.6843
14321, 23.6848
14322, 23.6848
14323, 23.6857
14324, 23.6862
14325, 23.6867
14326, 23.6872
14327, 23.6872
14328, 23.6886
14329, 23.6886
14330, 23.6891
14331, 23.6895
14332, 23.6905
14333, 23.691
14334, 23.691
14335, 23.6924
14336, 23.6924
14337, 23.6938
14338, 23.6948
14339, 23.6948
14340, 23.6967
14341, 23.6976
14342, 23.7
14343, 23.701
14344, 23.7029
14345, 23.7034
14346, 23.7043
14347, 23.7053
14348, 23.7062
14349, 23.7067
14350, 23.7076
14351, 23.7076
14352, 23.7091
14353, 23.7124
14354, 23.7134
14355, 23.7134
14356, 23.7143
14357, 23.7148
14358, 23.7167
14359, 23.7186
14360, 23.72
14361, 23.7219
14362, 23.7224
14363, 23.7253
14364, 23.7257
14365, 23.7272
14366, 23.7286
14367, 23.7295
14368, 23.7314
14369, 23.7324
14370, 23.7353
14371, 23.7357
14372, 23.7367
14373, 23.7367
14374, 23.7367
14375, 23.7372
14376, 23.7424
14377, 23.7429
14378, 23.7438
14379, 23.7448
14380, 23.7457
14381, 23.7462
14382, 23.7467
14383, 23.7472
14384, 23.7476
14385, 23.7481
14386, 23.7505
14387, 23.7505
14388, 23.7519
14389, 23.7524
14390, 23.7529
14391, 23.7538
14392, 23.7548
14393, 23.7562
14394, 23.7562
14395, 23.7562
14396, 23.7595
14397, 23.7614
14398, 23.7624
14399, 23.7624
14400, 23.7624
14401, 23.7629
14402, 23.7629
14403, 23.7634
14404, 23.7634
14405, 23.7643
14406, 23.7643
14407, 23.7648
14408, 23.7657
14409, 23.7667
14410, 23.7676
14411, 23.7676
14412, 23.7686
14413, 23.7686
14414, 23.7705
14415, 23.7705
14416, 23.771
14417, 23.7714
14418, 23.7729
14419, 23.7748
14420, 23.7762
14421, 23.7767
14422, 23.7767
14423, 23.7791
14424, 23.7795
14425, 23.7795
14426, 23.7829
14427, 23.7829
14428, 23.7838
14429, 23.7838
14430, 23.7848
14431, 23.7848
14432, 23.7886
14433, 23.7891
14434, 23.7905
14435, 23.7924
14436, 23.7924
14437, 23.7938
14438, 23.7957
14439, 23.7967
14440, 23.7972
14441, 23.7972
14442, 23.8
14443, 23.801
14444, 23.8014
14445, 23.8014
14446, 23.8019
14447, 23.8038
14448, 23.8038
14449, 23.8053
14450, 23.8091
14451, 23.81
14452, 23.811
14453, 23.8134
14454, 23.8138
14455, 23.8143
14456, 23.8148
14457, 23.8162
14458, 23.8167
14459, 23.8176
14460, 23.8191
14461, 23.8195
14462, 23.821
14463, 23.821
14464, 23.8219
14465, 23.8238
14466, 23.8243
14467, 23.8253
14468, 23.8286
14469, 23.8295
14470, 23.8295
14471, 23.831
14472, 23.8319
14473, 23.8324
14474, 23.8338
14475, 23.8367
14476, 23.8367
14477, 23.8372
14478, 23.8372
14479, 23.8381
14480, 23.8395
14481, 23.8405
14482, 23.841
14483, 23.8419
14484, 23.8434
14485, 23.8448
14486, 23.8448
14487, 23.8453
14488, 23.8457
14489, 23.8457
14490, 23.8467
14491, 23.85
14492, 23.85
14493, 23.8519
14494, 23.8524
14495, 23.8543
14496, 23.8557
14497, 23.8557
14498, 23.8572
14499, 23.8595
14500, 23.8595
14501, 23.86
14502, 23.86
14503, 23.861
14504, 23.861
14505, 23.861
14506, 23.8624
14507, 23.8634
14508, 23.8643
14509, 23.8648
14510, 23.8681
14511, 23.8681
14512, 23.8695
14513, 23.8705
14514, 23.871
14515, 23.8719
14516, 23.8738
14517, 23.8743
14518, 23.8748
14519, 23.8757
14520, 23.8767
14521, 23.8776
14522, 23.88
14523, 23.8824
14524, 23.8829
14525, 23.8829
14526, 23.8843
14527, 23.8848
14528, 23.8848
14529, 23.8853
14530, 23.8857
14531, 23.8857
14532, 23.8862
14533, 23.8876
14534, 23.8886
14535, 23.8919
14536, 23.8953
14537, 23.8962
14538, 23.8967
14539, 23.8995
14540, 23.9005
14541, 23.9005
14542, 23.901
14543, 23.901
14544, 23.901
14545, 23.9043
14546, 23.9048
14547, 23.9057
14548, 23.9062
14549, 23.9072
14550, 23.9072
14551, 23.9072
14552, 23.9081
14553, 23.9086
14554, 23.9091
14555, 23.9105
14556, 23.911
14557, 23.9134
14558, 23.9138
14559, 23.9143
14560, 23.9157
14561, 23.9167
14562, 23.9195
14563, 23.9205
14564, 23.9214
14565, 23.9214
14566, 23.9229
14567, 23.9233
14568, 23.9248
14569, 23.9248
14570, 23.9253
14571, 23.9253
14572, 23.9253
14573, 23.9272
14574, 23.9272
14575, 23.9281
14576, 23.9281
14577, 23.9286
14578, 23.9295
14579, 23.9305
14580, 23.9319
14581, 23.9324
14582, 23.9329
14583, 23.9343
14584, 23.9353
14585, 23.9357
14586, 23.9362
14587, 23.9367
14588, 23.9372
14589, 23.94
14590, 23.941
14591, 23.941
14592, 23.941
14593, 23.9419
14594, 23.9424
14595, 23.9433
14596, 23.9438
14597, 23.9443
14598, 23.9448
14599, 23.9453
14600, 23.9453
14601, 23.9472
14602, 23.9476
14603, 23.9495
14604, 23.9505
14605, 23.951
14606, 23.951
14607, 23.9514
14608, 23.9524
14609, 23.9538
14610, 23.9553
14611, 23.9557
14612, 23.9581
14613, 23.9581
14614, 23.9581
14615, 23.9605
14616, 23.9614
14617, 23.9624
14618, 23.9633
14619, 23.9643
14620, 23.9657
14621, 23.9657
14622, 23.9672
14623, 23.9676
14624, 23.9676
14625, 23.971
14626, 23.9714
14627, 23.9738
14628, 23.9743
14629, 23.9748
14630, 23.9753
14631, 23.9762
14632, 23.9776
14633, 23.9776
14634, 23.9776
14635, 23.9781
14636, 23.9791
14637, 23.9805
14638, 23.9805
14639, 23.981
14640, 23.981
14641, 23.9829
14642, 23.9838
14643, 23.9857
14644, 23.9876
14645, 23.9881
14646, 23.9881
14647, 23.9886
14648, 23.99
14649, 23.9905
14650, 23.9919
14651, 23.9933
14652, 23.9933
14653, 23.9938
14654, 23.9943
14655, 23.9943
14656, 23.9948
14657, 23.9948
14658, 23.9962
14659, 23.9976
14660, 24.0005
14661, 24.001
14662, 24.0029
14663, 24.0038
14664, 24.0038
14665, 24.0043
14666, 24.0043
14667, 24.0072
14668, 24.0091
14669, 24.0091
14670, 24.0091
14671, 24.011
14672, 24.011
14673, 24.0138
14674, 24.0143
14675, 24.0162
14676, 24.0167
14677, 24.0172
14678, 24.0181
14679, 24.0181
14680, 24.0191
14681, 24.0195
14682, 24.021
14683, 24.021
14684, 24.0224
14685, 24.0224
14686, 24.0233
14687, 24.0238
14688, 24.0238
14689, 24.0257
14690, 24.0291
14691, 24.0291
14692, 24.0295
14693, 24.0324
14694, 24.0343
14695, 24.0348
14696, 24.0357
14697, 24.0357
14698, 24.0367
14699, 24.0395
14700, 24.0405
14701, 24.041
14702, 24.041
14703, 24.041
14704, 24.0419
14705, 24.0429
14706, 24.0462
14707, 24.0467
14708, 24.0472
14709, 24.0476
14710, 24.0481
14711, 24.0486
14712, 24.0491
14713, 24.0491
14714, 24.0514
14715, 24.0529
14716, 24.0538
14717, 24.0548
14718, 24.0572
14719, 24.0576
14720, 24.0581
14721, 24.0605
14722, 24.0653
14723, 24.0676
14724, 24.0686
14725, 24.0686
14726, 24.07
14727, 24.07
14728, 24.071
14729, 24.071
14730, 24.0714
14731, 24.0714
14732, 24.0719
14733, 24.0724
14734, 24.0743
14735, 24.0762
14736, 24.0776
14737, 24.0781
14738, 24.08
14739, 24.0814
14740, 24.0824
14741, 24.0824
14742, 24.0824
14743, 24.0872
14744, 24.0895
14745, 24.091
14746, 24.0919
14747, 24.0919
14748, 24.0919
14749, 24.0924
14750, 24.0972
14751, 24.0981
14752, 24.0991
14753, 24.1005
14754, 24.1014
14755, 24.1033
14756, 24.1048
14757, 24.1057
14758, 24.1057
14759, 24.1076
14760, 24.1076
14761, 24.11
14762, 24.11
14763, 24.1105
14764, 24.1129
14765, 24.1133
14766, 24.1138
14767, 24.1148
14768, 24.1157
14769, 24.1167
14770, 24.1172
14771, 24.1176
14772, 24.1191
14773, 24.12
14774, 24.1205
14775, 24.1214
14776, 24.1224
14777, 24.1238
14778, 24.1248
14779, 24.1253
14780, 24.1257
14781, 24.1272
14782, 24.1305
14783, 24.1305
14784, 24.1305
14785, 24.1319
14786, 24.1362
14787, 24.141
14788, 24.1419
14789, 24.1424
14790, 24.1448
14791, 24.1453
14792, 24.1472
14793, 24.1472
14794, 24.1476
14795, 24.1486
14796, 24.1505
14797, 24.151
14798, 24.1519
14799, 24.1524
14800, 24.1524
14801, 24.1538
14802, 24.1538
14803, 24.1548
14804, 24.1553
14805, 24.1553
14806, 24.1557
14807, 24.1562
14808, 24.1567
14809, 24.1572
14810, 24.1581
14811, 24.1595
14812, 24.1638
14813, 24.1638
14814, 24.1681
14815, 24.1681
14816, 24.1705
14817, 24.1733
14818, 24.1743
14819, 24.1752
14820, 24.1752
14821, 24.1762
14822, 24.1772
14823, 24.1786
14824, 24.1833
14825, 24.1843
14826, 24.1852
14827, 24.1857
14828, 24.1872
14829, 24.1881
14830, 24.19
14831, 24.1905
14832, 24.191
14833, 24.1914
14834, 24.1919
14835, 24.1929
14836, 24.1929
14837, 24.1962
14838, 24.1962
14839, 24.1967
14840, 24.1976
14841, 24.2
14842, 24.2024
14843, 24.2033
14844, 24.2038
14845, 24.2048
14846, 24.2076
14847, 24.2091
14848, 24.21
14849, 24.211
14850, 24.2114
14851, 24.2129
14852, 24.2133
14853, 24.2167
14854, 24.2167
14855, 24.2186
14856, 24.2205
14857, 24.2224
14858, 24.2238
14859, 24.2257
14860, 24.2286
14861, 24.2286
14862, 24.2291
14863, 24.2319
14864, 24.2324
14865, 24.2329
14866, 24.2329
14867, 24.2348
14868, 24.2348
14869, 24.2352
14870, 24.2357
14871, 24.2362
14872, 24.2367
14873, 24.2381
14874, 24.2419
14875, 24.2429
14876, 24.2443
14877, 24.2462
14878, 24.2472
14879, 24.2481
14880, 24.2491
14881, 24.2505
14882, 24.251
14883, 24.2519
14884, 24.2533
14885, 24.2557
14886, 24.2567
14887, 24.2591
14888, 24.2595
14889, 24.26
14890, 24.26
14891, 24.2605
14892, 24.261
14893, 24.2614
14894, 24.2648
14895, 24.2672
14896, 24.2676
14897, 24.2681
14898, 24.2695
14899, 24.2724
14900, 24.2752
14901, 24.2767
14902, 24.2772
14903, 24.2791
14904, 24.2791
14905, 24.2795
14906, 24.28
14907, 24.2819
14908, 24.2824
14909, 24.2829
14910, 24.2843
14911, 24.2843
14912, 24.2852
14913, 24.2862
14914, 24.2862
14915, 24.2867
14916, 24.2891
14917, 24.2905
14918, 24.291
14919, 24.2929
14920, 24.2933
14921, 24.2967
14922, 24.2991
14923, 24.3
14924, 24.3014
14925, 24.3024
14926, 24.3029
14927, 24.3029
14928, 24.3033
14929, 24.3038
14930, 24.3052
14931, 24.3081
14932, 24.3114
14933, 24.3133
14934, 24.3152
14935, 24.3157
14936, 24.3181
14937, 24.3191
14938, 24.321
14939, 24.3214
14940, 24.3214
14941, 24.3224
14942, 24.3238
14943, 24.3257
14944, 24.3257
14945, 24.3267
14946, 24.3272
14947, 24.3276
14948, 24.3276
14949, 24.3291
14950, 24.33
14951, 24.331
14952, 24.3314
14953, 24.3329
14954, 24.3333
14955, 24.3357
14956, 24.3372
14957, 24.3372
14958, 24.3372
14959, 24.3376
14960, 24.3381
14961, 24.3391
14962, 24.3395
14963, 24.341
14964, 24.3462
14965, 24.3467
14966, 24.3472
14967, 24.3481
14968, 24.3495
14969, 24.3495
14970, 24.3529
14971, 24.3533
14972, 24.3562
14973, 24.3581
14974, 24.3581
14975, 24.36
14976, 24.3619
14977, 24.3619
14978, 24.3652
14979, 24.3657
14980, 24.3686
14981, 24.37
14982, 24.3705
14983, 24.3724
14984, 24.3729
14985, 24.3733
14986, 24.3795
14987, 24.38
14988, 24.3805
14989, 24.3819
14990, 24.3833
14991, 24.3838
14992, 24.3852
14993, 24.3872
14994, 24.3891
14995, 24.3891
14996, 24.3895
14997, 24.39
14998, 24.39
14999, 24.391
15000, 24.3919
15001, 24.3924
15002, 24.3933
15003, 24.3943
15004, 24.3972
15005, 24.3986
15006, 24.4
15007, 24.401
15008, 24.4019
15009, 24.4029
15010, 24.4029
15011, 24.4038
15012, 24.4048
15013, 24.4052
15014, 24.4062
15015, 24.4081
15016, 24.4086
15017, 24.4091
15018, 24.41
15019, 24.4105
15020, 24.4124
15021, 24.4138
15022, 24.4143
15023, 24.4152
15024, 24.4176
15025, 24.4176
15026, 24.4186
15027, 24.4191
15028, 24.4205
15029, 24.421
15030, 24.4219
15031, 24.4224
15032, 24.4224
15033, 24.4243
15034, 24.4252
15035, 24.4271
15036, 24.4286
15037, 24.4314
15038, 24.4324
15039, 24.4329
15040, 24.4381
15041, 24.4391
15042, 24.441
15043, 24.4414
15044, 24.4433
15045, 24.4443
15046, 24.4452
15047, 24.4457
15048, 24.4471
15049, 24.4471
15050, 24.4491
15051, 24.4495
15052, 24.4505
15053, 24.4533
15054, 24.4552
15055, 24.4581
15056, 24.4591
15057, 24.4595
15058, 24.4595
15059, 24.46
15060, 24.4605
15061, 24.461
15062, 24.4619
15063, 24.4619
15064, 24.4619
15065, 24.4657
15066, 24.4662
15067, 24.4667
15068, 24.4667
15069, 24.4671
15070, 24.4724
15071, 24.4733
15072, 24.4743
15073, 24.4743
15074, 24.4743
15075, 24.4767
15076, 24.4781
15077, 24.4791
15078, 24.4791
15079, 24.4791
15080, 24.4805
15081, 24.4824
15082, 24.4824
15083, 24.4829
15084, 24.4843
15085, 24.4848
15086, 24.4852
15087, 24.4867
15088, 24.4871
15089, 24.4881
15090, 24.4895
15091, 24.4905
15092, 24.491
15093, 24.4919
15094, 24.4919
15095, 24.4919
15096, 24.4919
15097, 24.4938
15098, 24.5
15099, 24.501
15100, 24.5014
15101, 24.5019
15102, 24.5024
15103, 24.5029
15104, 24.5038
15105, 24.5043
15106, 24.5048
15107, 24.5062
15108, 24.5067
15109, 24.5071
15110, 24.5081
15111, 24.5081
15112, 24.51
15113, 24.5105
15114, 24.5124
15115, 24.5143
15116, 24.5157
15117, 24.5167
15118, 24.5167
15119, 24.5181
15120, 24.5186
15121, 24.5214
15122, 24.5224
15123, 24.5229
15124, 24.5229
15125, 24.5248
15126, 24.5252
15127, 24.5267
15128, 24.5271
15129, 24.5276
15130, 24.5281
15131, 24.5295
15132, 24.5305
15133, 24.5305
15134, 24.5305
15135, 24.531
15136, 24.531
15137, 24.5314
15138, 24.5343
15139, 24.5343
15140, 24.5376
15141, 24.541
15142, 24.5419
15143, 24.5419
15144, 24.5424
15145, 24.5443
15146, 24.5452
15147, 24.5467
15148, 24.5467
15149, 24.5514
15150, 24.5514
15151, 24.5519
15152, 24.5533
15153, 24.5538
15154, 24.5552
15155, 24.5581
15156, 24.5591
15157, 24.56
15158, 24.5605
15159, 24.5629
15160, 24.5638
15161, 24.5648
15162, 24.5662
15163, 24.5691
15164, 24.5714
15165, 24.5748
15166, 24.5748
15167, 24.5748
15168, 24.5757
15169, 24.5781
15170, 24.5786
15171, 24.5791
15172, 24.5795
15173, 24.5805
15174, 24.581
15175, 24.5833
15176, 24.5871
15177, 24.5876
15178, 24.5881
15179, 24.5905
15180, 24.5914
15181, 24.5919
15182, 24.5924
15183, 24.5929
15184, 24.5938
15185, 24.5962
15186, 24.5986
15187, 24.5986
15188, 24.5995
15189, 24.6029
15190, 24.6029
15191, 24.6033
15192, 24.6071
15193, 24.6081
15194, 24.6081
15195, 24.6095
15196, 24.61
15197, 24.611
15198, 24.6119
15199, 24.6124
15200, 24.6124
15201, 24.6124
15202, 24.6124
15203, 24.6138
15204, 24.6148
15205, 24.6162
15206, 24.6171
15207, 24.6181
15208, 24.6205
15209, 24.6205
15210, 24.6219
15211, 24.6224
15212, 24.6233
15213, 24.6248
15214, 24.6271
15215, 24.6276
15216, 24.6281
15217, 24.6281
15218, 24.6295
15219, 24.6319
15220, 24.6333
15221, 24.6352
15222, 24.6367
15223, 24.6376
15224, 24.641
15225, 24.641
15226, 24.6419
15227, 24.6433
15228, 24.6438
15229, 24.6443
15230, 24.6452
15231, 24.6471
15232, 24.6481
15233, 24.6481
15234, 24.6495
15235, 24.6495
15236, 24.6529
15237, 24.6538
15238, 24.6543
15239, 24.6557
15240, 24.6562
15241, 24.6576
15242, 24.6576
15243, 24.6591
15244, 24.66
15245, 24.66
15246, 24.661
15247, 24.6614
15248, 24.6662
15249, 24.6667
15250, 24.6681
15251, 24.6681
15252, 24.6729
15253, 24.6729
15254, 24.6733
15255, 24.6752
15256, 24.6762
15257, 24.6781
15258, 24.6805
15259, 24.681
15260, 24.6833
15261, 24.6848
15262, 24.6862
15263, 24.6871
15264, 24.69
15265, 24.6905
15266, 24.691
15267, 24.6924
15268, 24.6929
15269, 24.6933
15270, 24.6938
15271, 24.6943
15272, 24.6957
15273, 24.7029
15274, 24.7029
15275, 24.7043
15276, 24.7062
15277, 24.7062
15278, 24.7062
15279, 24.7067
15280, 24.7086
15281, 24.7095
15282, 24.7114
15283, 24.7133
15284, 24.7133
15285, 24.7143
15286, 24.7148
15287, 24.7152
15288, 24.7162
15289, 24.7171
15290, 24.7176
15291, 24.7176
15292, 24.7186
15293, 24.7186
15294, 24.7195
15295, 24.72
15296, 24.721
15297, 24.7219
15298, 24.7224
15299, 24.7224
15300, 24.7233
15301, 24.7286
15302, 24.7295
15303, 24.7305
15304, 24.7319
15305, 24.7329
15306, 24.7329
15307, 24.7362
15308, 24.7367
15309, 24.7371
15310, 24.7376
15311, 24.7414
15312, 24.7419
15313, 24.7424
15314, 24.7429
15315, 24.7433
15316, 24.7443
15317, 24.7457
15318, 24.7462
15319, 24.7467
15320, 24.7481
15321, 24.7486
15322, 24.7486
15323, 24.75
15324, 24.7524
15325, 24.7557
15326, 24.7567
15327, 24.7571
15328, 24.7581
15329, 24.76
15330, 24.7624
15331, 24.7633
15332, 24.7643
15333, 24.7643
15334, 24.7657
15335, 24.7705
15336, 24.771
15337, 24.7714
15338, 24.7724
15339, 24.7733
15340, 24.7762
15341, 24.779
15342, 24.7814
15343, 24.7829
15344, 24.7838
15345, 24.7838
15346, 24.7852
15347, 24.789
15348, 24.7895
15349, 24.79
15350, 24.7924
15351, 24.7933
15352, 24.7948
15353, 24.7957
15354, 24.7971
15355, 24.7976
15356, 24.7976
15357, 24.7986
15358, 24.8005
15359, 24.8005
15360, 24.8014
15361, 24.8052
15362, 24.8062
15363, 24.8071
15364, 24.8071
15365, 24.8076
15366, 24.8086
15367, 24.809
15368, 24.811
15369, 24.8114
15370, 24.8114
15371, 24.8119
15372, 24.8129
15373, 24.8133
15374, 24.8138
15375, 24.8138
15376, 24.8148
15377, 24.8157
15378, 24.8195
15379, 24.82
15380, 24.8224
15381, 24.8243
15382, 24.8243
15383, 24.8271
15384, 24.8271
15385, 24.8271
15386, 24.8276
15387, 24.8295
15388, 24.8319
15389, 24.8343
15390, 24.8352
15391, 24.8357
15392, 24.8357
15393, 24.8362
15394, 24.8386
15395, 24.8405
15396, 24.841
15397, 24.8414
15398, 24.8424
15399, 24.8429
15400, 24.8429
15401, 24.8433
15402, 24.8443
15403, 24.8452
15404, 24.8462
15405, 24.8462
15406, 24.849
15407, 24.8519
15408, 24.8543
15409, 24.8548
15410, 24.8552
15411, 24.8562
15412, 24.8571
15413, 24.8581
15414, 24.859
15415, 24.8595
15416, 24.86
15417, 24.8624
15418, 24.8643
15419, 24.8648
15420, 24.8705
15421, 24.8705
15422, 24.871
15423, 24.8714
15424, 24.8729
15425, 24.8733
15426, 24.8738
15427, 24.8748
15428, 24.8771
15429, 24.8771
15430, 24.8786
15431, 24.879
15432, 24.8795
15433, 24.8833
15434, 24.8833
15435, 24.8833
15436, 24.8843
15437, 24.8843
15438, 24.8871
15439, 24.8876
15440, 24.8895
15441, 24.89
15442, 24.891
15443, 24.8914
15444, 24.8914
15445, 24.8943
15446, 24.8967
15447, 24.8981
15448, 24.899
15449, 24.9
15450, 24.901
15451, 24.901
15452, 24.9038
15453, 24.9048
15454, 24.9052
15455, 24.9052
15456, 24.9057
15457, 24.9095
15458, 24.9105
15459, 24.911
15460, 24.9114
15461, 24.9133
15462, 24.9162
15463, 24.9171
15464, 24.9176
15465, 24.919
15466, 24.9195
15467, 24.9233
15468, 24.9233
15469, 24.9281
15470, 24.9305
15471, 24.9314
15472, 24.9319
15473, 24.9329
15474, 24.9343
15475, 24.9348
15476, 24.9357
15477, 24.9371
15478, 24.9376
15479, 24.94
15480, 24.9409
15481, 24.9414
15482, 24.9429
15483, 24.9429
15484, 24.9443
15485, 24.9452
15486, 24.9457
15487, 24.949
15488, 24.9495
15489, 24.9495
15490, 24.95
15491, 24.95
15492, 24.9505
15493, 24.9505
15494, 24.9505
15495, 24.9509
15496, 24.9514
15497, 24.9519
15498, 24.9519
15499, 24.9519
15500, 24.9524
15501, 24.9533
15502, 24.9538
15503, 24.9538
15504, 24.9543
15505, 24.9571
15506, 24.9576
15507, 24.9595
15508, 24.96
15509, 24.9605
15510, 24.9629
15511, 24.9667
15512, 24.9714
15513, 24.9719
15514, 24.9724
15515, 24.9733
15516, 24.9757
15517, 24.9771
15518, 24.9776
15519, 24.98
15520, 24.9805
15521, 24.9838
15522, 24.9843
15523, 24.9867
15524, 24.9895
15525, 24.9905
15526, 24.9909
15527, 24.9909
15528, 24.9929
15529, 24.9938
15530, 24.9952
15531, 24.9957
15532, 24.9962
15533, 24.9962
15534, 24.9967
15535, 24.9986
15536, 25
15537, 25.0005
15538, 25.0005
15539, 25.0038
15540, 25.0043
15541, 25.0048
15542, 25.0057
15543, 25.0057
15544, 25.0067
15545, 25.0076
15546, 25.01
15547, 25.0109
15548, 25.0114
15549, 25.0129
15550, 25.0157
15551, 25.0162
15552, 25.0171
15553, 25.019
15554, 25.0209
15555, 25.0209
15556, 25.0219
15557, 25.0229
15558, 25.0243
15559, 25.0248
15560, 25.0257
15561, 25.0276
15562, 25.029
15563, 25.0309
15564, 25.0309
15565, 25.0324
15566, 25.0333
15567, 25.0348
15568, 25.0348
15569, 25.0352
15570, 25.0352
15571, 25.0352
15572, 25.0381
15573, 25.0386
15574, 25.039
15575, 25.0395
15576, 25.0419
15577, 25.0424
15578, 25.0424
15579, 25.0429
15580, 25.0448
15581, 25.0448
15582, 25.0457
15583, 25.0495
15584, 25.0514
15585, 25.0519
15586, 25.0543
15587, 25.0571
15588, 25.0571
15589, 25.0571
15590, 25.0595
15591, 25.06
15592, 25.0605
15593, 25.0609
15594, 25.0624
15595, 25.0624
15596, 25.0629
15597, 25.0633
15598, 25.0633
15599, 25.0657
15600, 25.0662
15601, 25.0667
15602, 25.0676
15603, 25.0705
15604, 25.0705
15605, 25.0705
15606, 25.0705
15607, 25.0709
15608, 25.0714
15609, 25.0714
15610, 25.0724
15611, 25.0738
15612, 25.0762
15613, 25.0767
15614, 25.0814
15615, 25.0824
15616, 25.0833
15617, 25.0838
15618, 25.0848
15619, 25.0857
15620, 25.0881
15621, 25.0881
15622, 25.089
15623, 25.0895
15624, 25.0895
15625, 25.0914
15626, 25.0919
15627, 25.0952
15628, 25.0962
15629, 25.0967
15630, 25.0981
15631, 25.0995
15632, 25.1005
15633, 25.1014
15634, 25.1024
15635, 25.1043
15636, 25.1043
15637, 25.1048
15638, 25.1057
15639, 25.109
15640, 25.1095
15641, 25.1095
15642, 25.1095
15643, 25.1119
15644, 25.1124
15645, 25.1124
15646, 25.1124
15647, 25.1138
15648, 25.1138
15649, 25.1148
15650, 25.1152
15651, 25.1152
15652, 25.1162
15653, 25.1171
15654, 25.1176
15655, 25.12
15656, 25.1224
15657, 25.1238
15658, 25.1262
15659, 25.1267
15660, 25.1314
15661, 25.1348
15662, 25.1352
15663, 25.1357
15664, 25.1362
15665, 25.1367
15666, 25.1409
15667, 25.1429
15668, 25.1433
15669, 25.1452
15670, 25.1467
15671, 25.1467
15672, 25.1486
15673, 25.1505
15674, 25.1509
15675, 25.1509
15676, 25.1514
15677, 25.1548
15678, 25.1557
15679, 25.1562
15680, 25.1562
15681, 25.1586
15682, 25.1586
15683, 25.1609
15684, 25.1643
15685, 25.1648
15686, 25.1671
15687, 25.1676
15688, 25.1676
15689, 25.169
15690, 25.17
15691, 25.1709
15692, 25.1719
15693, 25.1738
15694, 25.1743
15695, 25.1743
15696, 25.1757
15697, 25.1776
15698, 25.179
15699, 25.1819
15700, 25.1838
15701, 25.1848
15702, 25.1876
15703, 25.1876
15704, 25.1886
15705, 25.1895
15706, 25.1919
15707, 25.1919
15708, 25.1943
15709, 25.1943
15710, 25.1957
15711, 25.1962
15712, 25.1971
15713, 25.1986
15714, 25.1986
15715, 25.199
15716, 25.1995
15717, 25.2014
15718, 25.2024
15719, 25.2024
15720, 25.2028
15721, 25.2057
15722, 25.2057
15723, 25.2067
15724, 25.209
15725, 25.2128
15726, 25.2138
15727, 25.2152
15728, 25.2171
15729, 25.2205
15730, 25.2224
15731, 25.2248
15732, 25.23
15733, 25.2324
15734, 25.2338
15735, 25.2371
15736, 25.2386
15737, 25.24
15738, 25.2409
15739, 25.2414
15740, 25.2424
15741, 25.2433
15742, 25.2433
15743, 25.2457
15744, 25.2471
15745, 25.2481
15746, 25.249
15747, 25.2495
15748, 25.2505
15749, 25.2505
15750, 25.2509
15751, 25.2533
15752, 25.2533
15753, 25.2538
15754, 25.2538
15755, 25.2538
15756, 25.2552
15757, 25.2562
15758, 25.2567
15759, 25.2624
15760, 25.2652
15761, 25.2662
15762, 25.2671
15763, 25.2719
15764, 25.2724
15765, 25.2724
15766, 25.2757
15767, 25.2757
15768, 25.2781
15769, 25.2786
15770, 25.2805
15771, 25.2809
15772, 25.2838
15773, 25.2843
15774, 25.2852
15775, 25.2867
15776, 25.2876
15777, 25.2895
15778, 25.29
15779, 25.2919
15780, 25.2957
15781, 25.2962
15782, 25.3005
15783, 25.3009
15784, 25.3014
15785, 25.3019
15786, 25.3024
15787, 25.3052
15788, 25.3076
15789, 25.3076
15790, 25.3105
15791, 25.3138
15792, 25.3138
15793, 25.3157
15794, 25.3171
15795, 25.3181
15796, 25.3181
15797, 25.319
15798, 25.319
15799, 25.3214
15800, 25.3219
15801, 25.3252
15802, 25.3267
15803, 25.3267
15804, 25.3271
15805, 25.3271
15806, 25.3276
15807, 25.3276
15808, 25.3295
15809, 25.3295
15810, 25.3295
15811, 25.3305
15812, 25.3305
15813, 25.3324
15814, 25.3343
15815, 25.3362
15816, 25.3376
15817, 25.34
15818, 25.34
15819, 25.3414
15820, 25.3424
15821, 25.3433
15822, 25.3448
15823, 25.3452
15824, 25.3467
15825, 25.3471
15826, 25.349
15827, 25.3495
15828, 25.3524
15829, 25.3533
15830, 25.3543
15831, 25.3543
15832, 25.3543
15833, 25.3552
15834, 25.3562
15835, 25.3567
15836, 25.3571
15837, 25.3576
15838, 25.3581
15839, 25.3581
15840, 25.359
15841, 25.359
15842, 25.3595
15843, 25.3614
15844, 25.3628
15845, 25.3681
15846, 25.369
15847, 25.3705
15848, 25.3728
15849, 25.3743
15850, 25.3743
15851, 25.3748
15852, 25.3748
15853, 25.3752
15854, 25.3762
15855, 25.3762
15856, 25.3771
15857, 25.3776
15858, 25.379
15859, 25.3809
15860, 25.3833
15861, 25.3867
15862, 25.3871
15863, 25.3881
15864, 25.3886
15865, 25.39
15866, 25.3914
15867, 25.3928
15868, 25.3938
15869, 25.3948
15870, 25.3957
15871, 25.4019
15872, 25.4043
15873, 25.4067
15874, 25.4076
15875, 25.4076
15876, 25.4076
15877, 25.4081
15878, 25.409
15879, 25.409
15880, 25.4124
15881, 25.4128
15882, 25.4138
15883, 25.4186
15884, 25.4238
15885, 25.4281
15886, 25.4319
15887, 25.4319
15888, 25.4343
15889, 25.4352
15890, 25.4357
15891, 25.4395
15892, 25.4409
15893, 25.4467
15894, 25.4467
15895, 25.4476
15896, 25.4481
15897, 25.449
15898, 25.4505
15899, 25.4543
15900, 25.4557
15901, 25.4562
15902, 25.4576
15903, 25.4605
15904, 25.4609
15905, 25.4609
15906, 25.4633
15907, 25.4633
15908, 25.4633
15909, 25.4643
15910, 25.4647
15911, 25.4657
15912, 25.4662
15913, 25.4667
15914, 25.4667
15915, 25.4671
15916, 25.4671
15917, 25.469
15918, 25.4695
15919, 25.4724
15920, 25.4747
15921, 25.4757
15922, 25.4762
15923, 25.4767
15924, 25.4776
15925, 25.479
15926, 25.4795
15927, 25.48
15928, 25.4809
15929, 25.4814
15930, 25.4843
15931, 25.4852
15932, 25.4857
15933, 25.4862
15934, 25.4881
15935, 25.489
15936, 25.4943
15937, 25.4947
15938, 25.4952
15939, 25.4962
15940, 25.4962
15941, 25.4967
15942, 25.4971
15943, 25.4976
15944, 25.4981
15945, 25.4986
15946, 25.5009
15947, 25.5014
15948, 25.5019
15949, 25.5024
15950, 25.5038
15951, 25.5047
15952, 25.5057
15953, 25.5067
15954, 25.5076
15955, 25.5119
15956, 25.5124
15957, 25.5138
15958, 25.5143
15959, 25.5176
15960, 25.5176
15961, 25.5186
15962, 25.52
15963, 25.52
15964, 25.5209
15965, 25.5224
15966, 25.5224
15967, 25.5243
15968, 25.5243
15969, 25.5271
15970, 25.5295
15971, 25.5324
15972, 25.5343
15973, 25.5367
15974, 25.5409
15975, 25.5419
15976, 25.5447
15977, 25.5457
15978, 25.5462
15979, 25.549
15980, 25.5538
15981, 25.5567
15982, 25.5619
15983, 25.5628
15984, 25.5638
15985, 25.5647
15986, 25.5652
15987, 25.5652
15988, 25.569
15989, 25.5709
15990, 25.5709
15991, 25.5719
15992, 25.5733
15993, 25.5743
15994, 25.5752
15995, 25.5757
15996, 25.5795
15997, 25.5805
15998, 25.5819
15999, 25.5828
16000, 25.5847
16001, 25.5847
16002, 25.5862
16003, 25.5871
16004, 25.5886
16005, 25.5895
16006, 25.5914
16007, 25.5947
16008, 25.5957
16009, 25.5962
16010, 25.5967
16011, 25.5971
16012, 25.5981
16013, 25.599
16014, 25.5995
16015, 25.6009
16016, 25.6028
16017, 25.6062
16018, 25.6081
16019, 25.6105
16020, 25.6171
16021, 25.6181
16022, 25.6181
16023, 25.6181
16024, 25.6181
16025, 25.6205
16026, 25.6219
16027, 25.6252
16028, 25.6257
16029, 25.6257
16030, 25.6267
16031, 25.6276
16032, 25.6281
16033, 25.6295
16034, 25.6309
16035, 25.6314
16036, 25.6319
16037, 25.6333
16038, 25.6347
16039, 25.6352
16040, 25.64
16041, 25.6424
16042, 25.6486
16043, 25.649
16044, 25.6514
16045, 25.6524
16046, 25.6533
16047, 25.6571
16048, 25.6581
16049, 25.6581
16050, 25.6586
16051, 25.66
16052, 25.6619
16053, 25.6633
16054, 25.6676
16055, 25.6676
16056, 25.6686
16057, 25.6705
16058, 25.6743
16059, 25.6747
16060, 25.6747
16061, 25.6762
16062, 25.6771
16063, 25.6781
16064, 25.6824
16065, 25.6881
16066, 25.6928
16067, 25.6943
16068, 25.6947
16069, 25.6947
16070, 25.7005
16071, 25.7024
16072, 25.7028
16073, 25.7028
16074, 25.7043
16075, 25.7066
16076, 25.709
16077, 25.7095
16078, 25.7133
16079, 25.7152
16080, 25.7162
16081, 25.7176
16082, 25.7181
16083, 25.7195
16084, 25.7195
16085, 25.72
16086, 25.7209
16087, 25.7214
16088, 25.7224
16089, 25.7309
16090, 25.7309
16091, 25.7319
16092, 25.7333
16093, 25.7333
16094, 25.7338
16095, 25.7357
16096, 25.7357
16097, 25.7371
16098, 25.7371
16099, 25.7381
16100, 25.7395
16101, 25.7405
16102, 25.7438
16103, 25.7443
16104, 25.7457
16105, 25.7476
16106, 25.7481
16107, 25.7519
16108, 25.7552
16109, 25.7552
16110, 25.7562
16111, 25.7581
16112, 25.759
16113, 25.76
16114, 25.7643
16115, 25.7647
16116, 25.7724
16117, 25.7724
16118, 25.7728
16119, 25.7752
16120, 25.7757
16121, 25.7781
16122, 25.7795
16123, 25.7824
16124, 25.7824
16125, 25.7828
16126, 25.7852
16127, 25.7852
16128, 25.7866
16129, 25.7881
16130, 25.7895
16131, 25.79
16132, 25.7957
16133, 25.7962
16134, 25.7986
16135, 25.8024
16136, 25.8052
16137, 25.8052
16138, 25.8081
16139, 25.809
16140, 25.81
16141, 25.8105
16142, 25.8109
16143, 25.8124
16144, 25.8128
16145, 25.8138
16146, 25.8138
16147, 25.8143
16148, 25.8152
16149, 25.8171
16150, 25.8228
16151, 25.8233
16152, 25.8233
16153, 25.8271
16154, 25.8276
16155, 25.8286
16156, 25.8309
16157, 25.8333
16158, 25.8371
16159, 25.8376
16160, 25.8386
16161, 25.8395
16162, 25.8409
16163, 25.8424
16164, 25.8424
16165, 25.8457
16166, 25.8481
16167, 25.8486
16168, 25.8533
16169, 25.8543
16170, 25.8557
16171, 25.8571
16172, 25.8571
16173, 25.8628
16174, 25.8633
16175, 25.8643
16176, 25.8643
16177, 25.8657
16178, 25.8681
16179, 25.869
16180, 25.8705
16181, 25.8724
16182, 25.8762
16183, 25.8766
16184, 25.8771
16185, 25.8776
16186, 25.8776
16187, 25.8781
16188, 25.8795
16189, 25.8805
16190, 25.8819
16191, 25.8824
16192, 25.8843
16193, 25.8862
16194, 25.8862
16195, 25.8895
16196, 25.8914
16197, 25.8928
16198, 25.899
16199, 25.9028
16200, 25.9076
16201, 25.9081
16202, 25.9119
16203, 25.9119
16204, 25.9128
16205, 25.9162
16206, 25.9166
16207, 25.9195
16208, 25.9224
16209, 25.9224
16210, 25.9247
16211, 25.9262
16212, 25.9262
16213, 25.9262
16214, 25.9276
16215, 25.9285
16216, 25.929
16217, 25.9295
16218, 25.9347
16219, 25.9362
16220, 25.9362
16221, 25.9366
16222, 25.9366
16223, 25.9366
16224, 25.9381
16225, 25.9409
16226, 25.9414
16227, 25.9414
16228, 25.9414
16229, 25.9428
16230, 25.9438
16231, 25.9457
16232, 25.9505
16233, 25.9533
16234, 25.9547
16235, 25.9552
16236, 25.9566
16237, 25.9566
16238, 25.9619
16239, 25.9633
16240, 25.9685
16241, 25.969
16242, 25.969
16243, 25.9709
16244, 25.9766
16245, 25.9785
16246, 25.9805
16247, 25.9843
16248, 25.9862
16249, 25.9933
16250, 25.9938
16251, 25.9952
16252, 25.9957
16253, 25.9962
16254, 25.9995
16255, 25.9995
16256, 26.0024
16257, 26.0033
16258, 26.0043
16259, 26.0057
16260, 26.009
16261, 26.009
16262, 26.0124
16263, 26.0128
16264, 26.0157
16265, 26.0157
16266, 26.0166
16267, 26.0205
16268, 26.0209
16269, 26.0209
16270, 26.0214
16271, 26.0224
16272, 26.0224
16273, 26.0228
16274, 26.0238
16275, 26.0266
16276, 26.0276
16277, 26.0276
16278, 26.03
16279, 26.0319
16280, 26.0381
16281, 26.0409
16282, 26.0471
16283, 26.0476
16284, 26.05
16285, 26.0528
16286, 26.0528
16287, 26.0552
16288, 26.0552
16289, 26.0562
16290, 26.0562
16291, 26.0595
16292, 26.0628
16293, 26.0647
16294, 26.0709
16295, 26.0709
16296, 26.0733
16297, 26.0733
16298, 26.0738
16299, 26.0757
16300, 26.0776
16301, 26.0785
16302, 26.08
16303, 26.0862
16304, 26.0862
16305, 26.0871
16306, 26.0881
16307, 26.089
16308, 26.0914
16309, 26.0924
16310, 26.0928
16311, 26.0933
16312, 26.0938
16313, 26.0957
16314, 26.0985
16315, 26.0985
16316, 26.0985
16317, 26.1047
16318, 26.1076
16319, 26.109
16320, 26.109
16321, 26.1095
16322, 26.1114
16323, 26.1133
16324, 26.1143
16325, 26.1147
16326, 26.1157
16327, 26.119
16328, 26.1195
16329, 26.1205
16330, 26.1214
16331, 26.1224
16332, 26.1228
16333, 26.1233
16334, 26.1252
16335, 26.1285
16336, 26.1319
16337, 26.1338
16338, 26.1347
16339, 26.1357
16340, 26.1362
16341, 26.1395
16342, 26.1395
16343, 26.1424
16344, 26.1443
16345, 26.1528
16346, 26.1533
16347, 26.1547
16348, 26.1562
16349, 26.1609
16350, 26.1657
16351, 26.1657
16352, 26.1671
16353, 26.1681
16354, 26.169
16355, 26.1728
16356, 26.1743
16357, 26.1752
16358, 26.1766
16359, 26.1781
16360, 26.1785
16361, 26.1804
16362, 26.1824
16363, 26.1838
16364, 26.1847
16365, 26.1857
16366, 26.1857
16367, 26.1866
16368, 26.1876
16369, 26.1881
16370, 26.1904
16371, 26.1919
16372, 26.1919
16373, 26.1924
16374, 26.1928
16375, 26.1928
16376, 26.1952
16377, 26.1952
16378, 26.1981
16379, 26.2019
16380, 26.2024
16381, 26.2033
16382, 26.2038
16383, 26.2052
16384, 26.2066
16385, 26.2076
16386, 26.2119
16387, 26.2171
16388, 26.2209
16389, 26.2233
16390, 26.2247
16391, 26.229
16392, 26.2304
16393, 26.2324
16394, 26.2357
16395, 26.2357
16396, 26.2362
16397, 26.2366
16398, 26.239
16399, 26.24
16400, 26.2414
16401, 26.2443
16402, 26.2447
16403, 26.2462
16404, 26.2462
16405, 26.2462
16406, 26.2533
16407, 26.2543
16408, 26.2552
16409, 26.2562
16410, 26.2566
16411, 26.26
16412, 26.26
16413, 26.2614
16414, 26.2633
16415, 26.2647
16416, 26.2671
16417, 26.2695
16418, 26.2695
16419, 26.2704
16420, 26.2738
16421, 26.2766
16422, 26.2776
16423, 26.28
16424, 26.28
16425, 26.2819
16426, 26.2857
16427, 26.2895
16428, 26.2914
16429, 26.2914
16430, 26.2919
16431, 26.2924
16432, 26.2933
16433, 26.2957
16434, 26.2957
16435, 26.2966
16436, 26.299
16437, 26.3014
16438, 26.3024
16439, 26.3038
16440, 26.3095
16441, 26.3095
16442, 26.3114
16443, 26.3114
16444, 26.3128
16445, 26.3224
16446, 26.3228
16447, 26.3247
16448, 26.3252
16449, 26.3252
16450, 26.3252
16451, 26.3338
16452, 26.3338
16453, 26.3343
16454, 26.3352
16455, 26.3352
16456, 26.3366
16457, 26.339
16458, 26.3409
16459, 26.3419
16460, 26.3424
16461, 26.3504
16462, 26.3514
16463, 26.3519
16464, 26.3528
16465, 26.3533
16466, 26.3538
16467, 26.3552
16468, 26.3571
16469, 26.3581
16470, 26.3628
16471, 26.3647
16472, 26.3657
16473, 26.3681
16474, 26.3695
16475, 26.3704
16476, 26.3757
16477, 26.3762
16478, 26.3766
16479, 26.3776
16480, 26.3781
16481, 26.379
16482, 26.3809
16483, 26.3814
16484, 26.3819
16485, 26.3843
16486, 26.3895
16487, 26.3914
16488, 26.3952
16489, 26.3957
16490, 26.4023
16491, 26.4043
16492, 26.4066
16493, 26.4104
16494, 26.4119
16495, 26.4128
16496, 26.4143
16497, 26.4147
16498, 26.4166
16499, 26.42
16500, 26.4204
16501, 26.4262
16502, 26.4271
16503, 26.4276
16504, 26.429
16505, 26.43
16506, 26.4304
16507, 26.4347
16508, 26.4357
16509, 26.4366
16510, 26.439
16511, 26.4423
16512, 26.4438
16513, 26.4438
16514, 26.4438
16515, 26.4447
16516, 26.4485
16517, 26.45
16518, 26.4509
16519, 26.4514
16520, 26.4533
16521, 26.4533
16522, 26.4552
16523, 26.4562
16524, 26.4595
16525, 26.4604
16526, 26.4628
16527, 26.4628
16528, 26.4709
16529, 26.4714
16530, 26.4728
16531, 26.4738
16532, 26.4757
16533, 26.4762
16534, 26.4795
16535, 26.4823
16536, 26.4847
16537, 26.4862
16538, 26.4933
16539, 26.5028
16540, 26.5104
16541, 26.5138
16542, 26.5162
16543, 26.5181
16544, 26.519
16545, 26.519
16546, 26.5195
16547, 26.52
16548, 26.5238
16549, 26.5257
16550, 26.5281
16551, 26.5295
16552, 26.5295
16553, 26.5352
16554, 26.5366
16555, 26.539
16556, 26.5404
16557, 26.5428
16558, 26.5466
16559, 26.5471
16560, 26.5495
16561, 26.5495
16562, 26.5509
16563, 26.5562
16564, 26.5571
16565, 26.559
16566, 26.5604
16567, 26.5614
16568, 26.5623
16569, 26.5628
16570, 26.5662
16571, 26.5671
16572, 26.5714
16573, 26.5728
16574, 26.5728
16575, 26.5733
16576, 26.5738
16577, 26.5738
16578, 26.5752
16579, 26.5771
16580, 26.5776
16581, 26.5776
16582, 26.5781
16583, 26.579
16584, 26.5795
16585, 26.5828
16586, 26.5838
16587, 26.59
16588, 26.5914
16589, 26.5914
16590, 26.5928
16591, 26.5947
16592, 26.5962
16593, 26.5985
16594, 26.599
16595, 26.5995
16596, 26.6028
16597, 26.6038
16598, 26.6038
16599, 26.6052
16600, 26.6076
16601, 26.61
16602, 26.6128
16603, 26.6143
16604, 26.6176
16605, 26.619
16606, 26.6195
16607, 26.6223
16608, 26.6223
16609, 26.6233
16610, 26.6252
16611, 26.6276
16612, 26.6285
16613, 26.6295
16614, 26.63
16615, 26.6309
16616, 26.6314
16617, 26.6323
16618, 26.6328
16619, 26.6352
16620, 26.6371
16621, 26.6395
16622, 26.6414
16623, 26.6414
16624, 26.6438
16625, 26.6457
16626, 26.6485
16627, 26.6533
16628, 26.6576
16629, 26.659
16630, 26.6619
16631, 26.6633
16632, 26.6638
16633, 26.6647
16634, 26.6662
16635, 26.6671
16636, 26.6685
16637, 26.6719
16638, 26.6742
16639, 26.6762
16640, 26.6762
16641, 26.6781
16642, 26.68
16643, 26.6819
16644, 26.6842
16645, 26.6866
16646, 26.6881
16647, 26.6881
16648, 26.6909
16649, 26.6919
16650, 26.6957
16651, 26.6957
16652, 26.6971
16653, 26.7004
16654, 26.7042
16655, 26.7047
16656, 26.7062
16657, 26.7081
16658, 26.7085
16659, 26.709
16660, 26.7133
16661, 26.7147
16662, 26.7181
16663, 26.7204
16664, 26.7214
16665, 26.7223
16666, 26.7223
16667, 26.7228
16668, 26.7252
16669, 26.7257
16670, 26.7285
16671, 26.7314
16672, 26.7347
16673, 26.7366
16674, 26.7395
16675, 26.74
16676, 26.74
16677, 26.7423
16678, 26.7442
16679, 26.7457
16680, 26.7509
16681, 26.7514
16682, 26.7514
16683, 26.7542
16684, 26.7552
16685, 26.7566
16686, 26.7576
16687, 26.7595
16688, 26.76
16689, 26.76
16690, 26.7614
16691, 26.7662
16692, 26.7666
16693, 26.7671
16694, 26.7676
16695, 26.7752
16696, 26.7771
16697, 26.7785
16698, 26.78
16699, 26.7857
16700, 26.7876
16701, 26.789
16702, 26.7919
16703, 26.7928
16704, 26.7933
16705, 26.8009
16706, 26.8019
16707, 26.8095
16708, 26.81
16709, 26.8166
16710, 26.8242
16711, 26.8252
16712, 26.8257
16713, 26.8266
16714, 26.8328
16715, 26.8338
16716, 26.8362
16717, 26.8376
16718, 26.8381
16719, 26.8381
16720, 26.8409
16721, 26.8409
16722, 26.849
16723, 26.8523
16724, 26.8528
16725, 26.8538
16726, 26.8571
16727, 26.8581
16728, 26.8652
16729, 26.8652
16730, 26.8657
16731, 26.8671
16732, 26.8671
16733, 26.8681
16734, 26.87
16735, 26.87
16736, 26.8709
16737, 26.8771
16738, 26.879
16739, 26.88
16740, 26.8804
16741, 26.8828
16742, 26.8828
16743, 26.8838
16744, 26.8876
16745, 26.8885
16746, 26.89
16747, 26.8904
16748, 26.8928
16749, 26.8938
16750, 26.8938
16751, 26.8942
16752, 26.8971
16753, 26.9
16754, 26.9042
16755, 26.909
16756, 26.9109
16757, 26.9133
16758, 26.9133
16759, 26.9147
16760, 26.9166
16761, 26.9185
16762, 26.92
16763, 26.9223
16764, 26.9228
16765, 26.9228
16766, 26.9257
16767, 26.9261
16768, 26.9304
16769, 26.9347
16770, 26.9357
16771, 26.9357
16772, 26.9385
16773, 26.9404
16774, 26.9428
16775, 26.9457
16776, 26.9476
16777, 26.9514
16778, 26.9528
16779, 26.9571
16780, 26.959
16781, 26.96
16782, 26.9633
16783, 26.9647
16784, 26.9652
16785, 26.9681
16786, 26.979
16787, 26.9809
16788, 26.9819
16789, 26.9828
16790, 26.9842
16791, 26.9842
16792, 26.9852
16793, 26.9881
16794, 26.9895
16795, 26.99
16796, 26.9909
16797, 26.9909
16798, 26.9909
16799, 26.9909
16800, 26.9938
16801, 26.9942
16802, 26.9957
16803, 27
16804, 27.0009
16805, 27.0176
16806, 27.0181
16807, 27.0185
16808, 27.0219
16809, 27.0223
16810, 27.0228
16811, 27.0238
16812, 27.0285
16813, 27.0295
16814, 27.0328
16815, 27.0357
16816, 27.0371
16817, 27.0442
16818, 27.0485
16819, 27.049
16820, 27.049
16821, 27.0514
16822, 27.0519
16823, 27.0533
16824, 27.0576
16825, 27.0604
16826, 27.0619
16827, 27.0623
16828, 27.0652
16829, 27.0657
16830, 27.069
16831, 27.0752
16832, 27.0766
16833, 27.0804
16834, 27.0828
16835, 27.0838
16836, 27.0852
16837, 27.0876
16838, 27.089
16839, 27.0938
16840, 27.0942
16841, 27.0961
16842, 27.0981
16843, 27.1004
16844, 27.1009
16845, 27.1138
16846, 27.1142
16847, 27.1161
16848, 27.1209
16849, 27.1209
16850, 27.1223
16851, 27.1242
16852, 27.1266
16853, 27.1266
16854, 27.1276
16855, 27.1295
16856, 27.1319
16857, 27.1442
16858, 27.1447
16859, 27.149
16860, 27.1495
16861, 27.1495
16862, 27.1538
16863, 27.1571
16864, 27.1595
16865, 27.16
16866, 27.1638
16867, 27.1647
16868, 27.1666
16869, 27.1671
16870, 27.1733
16871, 27.1761
16872, 27.178
16873, 27.18
16874, 27.1828
16875, 27.1885
16876, 27.189
16877, 27.1895
16878, 27.1942
16879, 27.1957
16880, 27.199
16881, 27.1995
16882, 27.2004
16883, 27.2023
16884, 27.2066
16885, 27.2104
16886, 27.2133
16887, 27.2157
16888, 27.2223
16889, 27.2252
16890, 27.2257
16891, 27.2304
16892, 27.2319
16893, 27.2361
16894, 27.2385
16895, 27.24
16896, 27.2442
16897, 27.2457
16898, 27.2461
16899, 27.2485
16900, 27.249
16901, 27.25
16902, 27.2509
16903, 27.2509
16904, 27.2528
16905, 27.2619
16906, 27.2623
16907, 27.2647
16908, 27.2671
16909, 27.2685
16910, 27.2685
16911, 27.269
16912, 27.279
16913, 27.28
16914, 27.2909
16915, 27.2914
16916, 27.2952
16917, 27.2957
16918, 27.3004
16919, 27.3019
16920, 27.3023
16921, 27.3061
16922, 27.3152
16923, 27.3161
16924, 27.318
16925, 27.32
16926, 27.3261
16927, 27.328
16928, 27.328
16929, 27.3285
16930, 27.3338
16931, 27.3347
16932, 27.3366
16933, 27.3404
16934, 27.3476
16935, 27.3495
16936, 27.3547
16937, 27.3547
16938, 27.3585
16939, 27.3595
16940, 27.3671
16941, 27.3704
16942, 27.3766
16943, 27.3795
16944, 27.3814
16945, 27.3842
16946, 27.3842
16947, 27.3852
16948, 27.3866
16949, 27.3961
16950, 27.4004
16951, 27.4033
16952, 27.4038
16953, 27.4047
16954, 27.4071
16955, 27.4085
16956, 27.4128
16957, 27.4204
16958, 27.4233
16959, 27.4252
16960, 27.4276
16961, 27.439
16962, 27.4404
16963, 27.4452
16964, 27.4509
16965, 27.4571
16966, 27.4576
16967, 27.4599
16968, 27.4699
16969, 27.4738
16970, 27.4752
16971, 27.4847
16972, 27.4852
16973, 27.4857
16974, 27.4861
16975, 27.4866
16976, 27.4928
16977, 27.4961
16978, 27.4995
16979, 27.5004
16980, 27.5009
16981, 27.5042
16982, 27.5099
16983, 27.5142
16984, 27.519
16985, 27.5209
16986, 27.5252
16987, 27.5299
16988, 27.5347
16989, 27.5376
16990, 27.5409
16991, 27.5414
16992, 27.5504
16993, 27.5538
16994, 27.5614
16995, 27.5657
16996, 27.568
16997, 27.5842
16998, 27.5866
16999, 27.5947
17000, 27.5957
17001, 27.6009
17002, 27.6033
17003, 27.6066
17004, 27.6071
17005, 27.6071
17006, 27.6095
17007, 27.6157
17008, 27.6157
17009, 27.6199
17010, 27.6228
17011, 27.6323
17012, 27.6361
17013, 27.6371
17014, 27.639
17015, 27.6409
17016, 27.6438
17017, 27.6447
17018, 27.6452
17019, 27.6485
17020, 27.6485
17021, 27.649
17022, 27.6499
17023, 27.6514
17024, 27.6528
17025, 27.6566
17026, 27.6604
17027, 27.6614
17028, 27.6628
17029, 27.6642
17030, 27.6676
17031, 27.6676
17032, 27.669
17033, 27.6704
17034, 27.6766
17035, 27.678
17036, 27.6804
17037, 27.6885
17038, 27.7018
17039, 27.7071
17040, 27.7076
17041, 27.7099
17042, 27.7133
17043, 27.7152
17044, 27.7152
17045, 27.7195
17046, 27.7218
17047, 27.7266
17048, 27.7271
17049, 27.728
17050, 27.729
17051, 27.7304
17052, 27.7347
17053, 27.7533
17054, 27.7576
17055, 27.759
17056, 27.7618
17057, 27.7661
17058, 27.7666
17059, 27.7671
17060, 27.7676
17061, 27.7685
17062, 27.7704
17063, 27.7771
17064, 27.7814
17065, 27.7818
17066, 27.7899
17067, 27.7928
17068, 27.7938
17069, 27.8047
17070, 27.8047
17071, 27.8052
17072, 27.8057
17073, 27.8085
17074, 27.8085
17075, 27.8095
17076, 27.8128
17077, 27.8142
17078, 27.8147
17079, 27.8214
17080, 27.8318
17081, 27.8323
17082, 27.8333
17083, 27.8361
17084, 27.839
17085, 27.8457
17086, 27.849
17087, 27.8504
17088, 27.8518
17089, 27.8523
17090, 27.8533
17091, 27.8542
17092, 27.8557
17093, 27.8571
17094, 27.859
17095, 27.8614
17096, 27.8661
17097, 27.8661
17098, 27.8666
17099, 27.8671
17100, 27.8733
17101, 27.878
17102, 27.8795
17103, 27.8804
17104, 27.8833
17105, 27.8871
17106, 27.8904
17107, 27.8942
17108, 27.8957
17109, 27.898
17110, 27.899
17111, 27.9014
17112, 27.9023
17113, 27.9028
17114, 27.9037
17115, 27.9047
17116, 27.9085
17117, 27.9095
17118, 27.9109
17119, 27.9123
17120, 27.9133
17121, 27.9176
17122, 27.918
17123, 27.9204
17124, 27.9204
17125, 27.9247
17126, 27.9257
17127, 27.9276
17128, 27.9337
17129, 27.9342
17130, 27.939
17131, 27.9414
17132, 27.9418
17133, 27.9495
17134, 27.9499
17135, 27.9523
17136, 27.9547
17137, 27.958
17138, 27.9614
17139, 27.9628
17140, 27.9628
17141, 27.9628
17142, 27.9633
17143, 27.9633
17144, 27.9666
17145, 27.9676
17146, 27.9704
17147, 27.9718
17148, 27.9737
17149, 27.9766
17150, 27.979
17151, 27.9795
17152, 27.9818
17153, 27.9857
17154, 27.988
17155, 27.9899
17156, 27.9995
17157, 27.9999
17158, 27.9999
17159, 28.0009
17160, 28.0037
17161, 28.0061
17162, 28.0152
17163, 28.0171
17164, 28.0176
17165, 28.0204
17166, 28.0242
17167, 28.0309
17168, 28.0361
17169, 28.0414
17170, 28.049
17171, 28.0542
17172, 28.0557
17173, 28.058
17174, 28.0585
17175, 28.0623
17176, 28.0666
17177, 28.0666
17178, 28.0666
17179, 28.0671
17180, 28.0737
17181, 28.0818
17182, 28.0852
17183, 28.0876
17184, 28.0885
17185, 28.0904
17186, 28.0914
17187, 28.0957
17188, 28.0976
17189, 28.0985
17190, 28.1014
17191, 28.1052
17192, 28.1076
17193, 28.109
17194, 28.1152
17195, 28.1157
17196, 28.118
17197, 28.1209
17198, 28.1237
17199, 28.1252
17200, 28.129
17201, 28.1295
17202, 28.1318
17203, 28.1347
17204, 28.1433
17205, 28.1442
17206, 28.1452
17207, 28.1456
17208, 28.1495
17209, 28.1547
17210, 28.1556
17211, 28.1723
17212, 28.1752
17213, 28.1828
17214, 28.1852
17215, 28.1895
17216, 28.1918
17217, 28.1952
17218, 28.1971
17219, 28.1971
17220, 28.2042
17221, 28.2056
17222, 28.2114
17223, 28.2128
17224, 28.2133
17225, 28.2142
17226, 28.2209
17227, 28.2209
17228, 28.2223
17229, 28.2233
17230, 28.2256
17231, 28.228
17232, 28.2323
17233, 28.2328
17234, 28.2404
17235, 28.2452
17236, 28.2542
17237, 28.2542
17238, 28.259
17239, 28.2671
17240, 28.2671
17241, 28.269
17242, 28.2861
17243, 28.2871
17244, 28.288
17245, 28.2904
17246, 28.2956
17247, 28.2971
17248, 28.2995
17249, 28.2999
17250, 28.3004
17251, 28.3047
17252, 28.3133
17253, 28.3152
17254, 28.3152
17255, 28.3218
17256, 28.3223
17257, 28.3256
17258, 28.3261
17259, 28.3295
17260, 28.3323
17261, 28.3328
17262, 28.3356
17263, 28.338
17264, 28.3395
17265, 28.3437
17266, 28.3442
17267, 28.3456
17268, 28.3485
17269, 28.3499
17270, 28.3537
17271, 28.3571
17272, 28.3604
17273, 28.3609
17274, 28.3647
17275, 28.3652
17276, 28.369
17277, 28.3799
17278, 28.3804
17279, 28.3828
17280, 28.3847
17281, 28.3861
17282, 28.388
17283, 28.3928
17284, 28.3947
17285, 28.3995
17286, 28.4052
17287, 28.409
17288, 28.409
17289, 28.4123
17290, 28.4185
17291, 28.4233
17292, 28.4333
17293, 28.4409
17294, 28.4418
17295, 28.4485
17296, 28.4509
17297, 28.4561
17298, 28.4575
17299, 28.4628
17300, 28.4647
17301, 28.4647
17302, 28.4656
17303, 28.4695
17304, 28.4775
17305, 28.4775
17306, 28.4847
17307, 28.4852
17308, 28.4947
17309, 28.4947
17310, 28.4956
17311, 28.5009
17312, 28.5137
17313, 28.5261
17314, 28.5271
17315, 28.528
17316, 28.5295
17317, 28.5337
17318, 28.5347
17319, 28.5385
17320, 28.539
17321, 28.5399
17322, 28.549
17323, 28.5504
17324, 28.5509
17325, 28.5518
17326, 28.5561
17327, 28.5561
17328, 28.5566
17329, 28.5585
17330, 28.578
17331, 28.588
17332, 28.6052
17333, 28.6075
17334, 28.6085
17335, 28.6109
17336, 28.6175
17337, 28.6347
17338, 28.6418
17339, 28.6452
17340, 28.6494
17341, 28.6585
17342, 28.6599
17343, 28.6633
17344, 28.6718
17345, 28.678
17346, 28.6799
17347, 28.6875
17348, 28.688
17349, 28.688
17350, 28.6961
17351, 28.7004
17352, 28.7037
17353, 28.7094
17354, 28.7099
17355, 28.7104
17356, 28.7233
17357, 28.729
17358, 28.729
17359, 28.7375
17360, 28.7385
17361, 28.7423
17362, 28.7471
17363, 28.7485
17364, 28.7537
17365, 28.7594
17366, 28.7671
17367, 28.7737
17368, 28.7775
17369, 28.7799
17370, 28.7818
17371, 28.7937
17372, 28.7937
17373, 28.8009
17374, 28.8066
17375, 28.808
17376, 28.8171
17377, 28.8223
17378, 28.8228
17379, 28.8228
17380, 28.8314
17381, 28.8333
17382, 28.8352
17383, 28.839
17384, 28.8394
17385, 28.8437
17386, 28.8471
17387, 28.8471
17388, 28.8518
17389, 28.8704
17390, 28.889
17391, 28.8904
17392, 28.899
17393, 28.8999
17394, 28.9023
17395, 28.9071
17396, 28.9071
17397, 28.9228
17398, 28.9233
17399, 28.9261
17400, 28.9271
17401, 28.9294
17402, 28.9418
17403, 28.9466
17404, 28.9571
17405, 28.9571
17406, 28.9575
17407, 28.958
17408, 28.9647
17409, 28.9733
17410, 28.9766
17411, 28.9775
17412, 28.988
17413, 28.9885
17414, 28.989
17415, 28.9894
17416, 28.9899
17417, 29.0099
17418, 29.0104
17419, 29.0104
17420, 29.0156
17421, 29.0199
17422, 29.0204
17423, 29.0247
17424, 29.0356
17425, 29.0466
17426, 29.0466
17427, 29.0533
17428, 29.0575
17429, 29.0633
17430, 29.0775
17431, 29.0828
17432, 29.0856
17433, 29.0856
17434, 29.088
17435, 29.0937
17436, 29.1052
17437, 29.1052
17438, 29.1056
17439, 29.1085
17440, 29.1113
17441, 29.1133
17442, 29.1175
17443, 29.1328
17444, 29.1332
17445, 29.1366
17446, 29.1428
17447, 29.1437
17448, 29.1556
17449, 29.158
17450, 29.159
17451, 29.1609
17452, 29.1632
17453, 29.1699
17454, 29.1823
17455, 29.1856
17456, 29.188
17457, 29.1956
17458, 29.2004
17459, 29.2023
17460, 29.2056
17461, 29.2099
17462, 29.2175
17463, 29.2271
17464, 29.2275
17465, 29.2304
17466, 29.2323
17467, 29.2337
17468, 29.238
17469, 29.2509
17470, 29.2513
17471, 29.2561
17472, 29.2632
17473, 29.2642
17474, 29.2647
17475, 29.2656
17476, 29.2675
17477, 29.268
17478, 29.2704
17479, 29.2766
17480, 29.2809
17481, 29.2837
17482, 29.2894
17483, 29.2913
17484, 29.2952
17485, 29.2975
17486, 29.3032
17487, 29.3232
17488, 29.3271
17489, 29.3309
17490, 29.3409
17491, 29.3437
17492, 29.3499
17493, 29.3509
17494, 29.3509
17495, 29.3542
17496, 29.359
17497, 29.3618
17498, 29.3656
17499, 29.3742
17500, 29.3856
17501, 29.3932
17502, 29.3985
17503, 29.4009
17504, 29.4099
17505, 29.4156
17506, 29.4261
17507, 29.4299
17508, 29.4413
17509, 29.4566
17510, 29.4571
17511, 29.4618
17512, 29.4685
17513, 29.4699
17514, 29.4785
17515, 29.4785
17516, 29.4856
17517, 29.4861
17518, 29.4875
17519, 29.4947
17520, 29.4975
17521, 29.4985
17522, 29.5018
17523, 29.5047
17524, 29.5094
17525, 29.5132
17526, 29.5171
17527, 29.5242
17528, 29.5271
17529, 29.5294
17530, 29.5532
17531, 29.5532
17532, 29.5575
17533, 29.5594
17534, 29.5599
17535, 29.5737
17536, 29.5775
17537, 29.6128
17538, 29.6132
17539, 29.6218
17540, 29.6242
17541, 29.6247
17542, 29.6247
17543, 29.6251
17544, 29.6275
17545, 29.6347
17546, 29.6366
17547, 29.6518
17548, 29.6594
17549, 29.6609
17550, 29.6647
17551, 29.6761
17552, 29.6837
17553, 29.6885
17554, 29.6899
17555, 29.6918
17556, 29.6951
17557, 29.6975
17558, 29.699
17559, 29.708
17560, 29.7142
17561, 29.7175
17562, 29.718
17563, 29.7185
17564, 29.7204
17565, 29.7328
17566, 29.7437
17567, 29.7437
17568, 29.7442
17569, 29.7513
17570, 29.7566
17571, 29.7609
17572, 29.7699
17573, 29.7756
17574, 29.7775
17575, 29.7904
17576, 29.818
17577, 29.8309
17578, 29.8342
17579, 29.8385
17580, 29.839
17581, 29.8409
17582, 29.8423
17583, 29.8485
17584, 29.8628
17585, 29.8709
17586, 29.8728
17587, 29.8799
17588, 29.8875
17589, 29.8989
17590, 29.9004
17591, 29.9013
17592, 29.9037
17593, 29.9104
17594, 29.9185
17595, 29.9189
17596, 29.9209
17597, 29.9256
17598, 29.9347
17599, 29.9366
17600, 29.9385
17601, 29.9432
17602, 29.948
17603, 29.9551
17604, 29.967
17605, 29.9704
17606, 29.9723
17607, 29.9737
17608, 29.9775
17609, 29.9799
17610, 29.9847
17611, 29.987
17612, 29.9875
17613, 29.9928
17614, 30.0113
17615, 30.0118
17616, 30.0237
17617, 30.0361
17618, 30.0389
17619, 30.0442
17620, 30.047
17621, 30.0723
17622, 30.0751
17623, 30.0794
17624, 30.0842
17625, 30.0985
17626, 30.1056
17627, 30.1128
17628, 30.1161
17629, 30.1199
17630, 30.1208
17631, 30.1266
17632, 30.127
17633, 30.1299
17634, 30.1347
17635, 30.1504
17636, 30.1518
17637, 30.1566
17638, 30.1789
17639, 30.1842
17640, 30.1947
17641, 30.2275
17642, 30.2437
17643, 30.2556
17644, 30.2656
17645, 30.2794
17646, 30.2818
17647, 30.2894
17648, 30.327
17649, 30.3361
17650, 30.3366
17651, 30.338
17652, 30.3389
17653, 30.3418
17654, 30.3547
17655, 30.3599
17656, 30.3604
17657, 30.3647
17658, 30.3761
17659, 30.3794
17660, 30.3842
17661, 30.3927
17662, 30.3956
17663, 30.4027
17664, 30.4137
17665, 30.4261
17666, 30.4475
17667, 30.4608
17668, 30.4618
17669, 30.4632
17670, 30.4761
17671, 30.4775
17672, 30.4794
17673, 30.5032
17674, 30.5242
17675, 30.5313
17676, 30.5347
17677, 30.5556
17678, 30.5647
17679, 30.5666
17680, 30.568
17681, 30.5794
17682, 30.5885
17683, 30.5918
17684, 30.5932
17685, 30.6004
17686, 30.6008
17687, 30.6013
17688, 30.6051
17689, 30.6289
17690, 30.6427
17691, 30.6442
17692, 30.6889
17693, 30.6908
17694, 30.6956
17695, 30.7061
17696, 30.707
17697, 30.7213
17698, 30.7266
17699, 30.7308
17700, 30.758
17701, 30.7618
17702, 30.7685
17703, 30.7723
17704, 30.7842
17705, 30.7861
17706, 30.8023
17707, 30.8042
17708, 30.8285
17709, 30.8361
17710, 30.8389
17711, 30.8404
17712, 30.8413
17713, 30.8627
17714, 30.8642
17715, 30.8851
17716, 30.8885
17717, 30.8937
17718, 30.8956
17719, 30.897
17720, 30.9251
17721, 30.9265
17722, 30.9365
17723, 30.9375
17724, 30.9523
17725, 30.9689
17726, 30.9746
17727, 30.9794
17728, 30.998
17729, 30.9999
17730, 31.0027
17731, 31.0056
17732, 31.0099
17733, 31.0104
17734, 31.0151
17735, 31.0218
17736, 31.0237
17737, 31.0461
17738, 31.0904
17739, 31.1008
17740, 31.1037
17741, 31.1037
17742, 31.1056
17743, 31.1132
17744, 31.1465
17745, 31.1484
17746, 31.1504
17747, 31.1589
17748, 31.1656
17749, 31.1727
17750, 31.1846
17751, 31.187
17752, 31.1961
17753, 31.2065
17754, 31.2108
17755, 31.2113
17756, 31.2508
17757, 31.2789
17758, 31.298
17759, 31.3051
17760, 31.307
17761, 31.3075
17762, 31.3118
17763, 31.3184
17764, 31.3213
17765, 31.3265
17766, 31.3294
17767, 31.3337
17768, 31.3404
17769, 31.3404
17770, 31.3442
17771, 31.3489
17772, 31.3551
17773, 31.3623
17774, 31.3746
17775, 31.4008
17776, 31.4084
17777, 31.4151
17778, 31.4237
17779, 31.4237
17780, 31.4308
17781, 31.4489
17782, 31.4556
17783, 31.4827
17784, 31.4827
17785, 31.4899
17786, 31.4932
17787, 31.5042
17788, 31.5123
17789, 31.5227
17790, 31.5346
17791, 31.548
17792, 31.5518
17793, 31.5751
17794, 31.6046
17795, 31.6232
17796, 31.6451
17797, 31.657
17798, 31.677
17799, 31.6908
17800, 31.6984
17801, 31.7146
17802, 31.7175
17803, 31.718
17804, 31.7284
17805, 31.7384
17806, 31.7427
17807, 31.748
17808, 31.7513
17809, 31.7689
17810, 31.7922
17811, 31.8022
17812, 31.8084
17813, 31.8232
17814, 31.827
17815, 31.847
17816, 31.8565
17817, 31.8822
17818, 31.9113
17819, 31.957
17820, 31.9618
17821, 31.9661
17822, 31.9689
17823, 31.9861
17824, 32.0032
17825, 32.0327
17826, 32.0399
17827, 32.0737
17828, 32.0751
17829, 32.078
17830, 32.1046
17831, 32.1189
17832, 32.1399
17833, 32.1432
17834, 32.1851
17835, 32.2051
17836, 32.2118
17837, 32.2146
17838, 32.2284
17839, 32.2341
17840, 32.2508
17841, 32.2565
17842, 32.2665
17843, 32.268
17844, 32.2727
17845, 32.276
17846, 32.2803
17847, 32.2975
17848, 32.3241
17849, 32.3241
17850, 32.3299
17851, 32.3641
17852, 32.4699
17853, 32.4822
17854, 32.497
17855, 32.506
17856, 32.507
17857, 32.5132
17858, 32.5137
17859, 32.5251
17860, 32.5394
17861, 32.5522
17862, 32.5589
17863, 32.5613
17864, 32.5908
17865, 32.6251
17866, 32.6422
17867, 32.6613
17868, 32.6765
17869, 32.6908
17870, 32.7132
17871, 32.736
17872, 32.7394
17873, 32.7456
17874, 32.7765
17875, 32.7846
17876, 32.786
17877, 32.7965
17878, 32.8584
17879, 32.8998
17880, 32.9289
17881, 32.9775
17882, 33.0417
17883, 33.0708
17884, 33.1065
17885, 33.1146
17886, 33.1184
17887, 33.1536
17888, 33.1713
17889, 33.1789
17890, 33.216
17891, 33.2389
17892, 33.2432
17893, 33.2994
17894, 33.3394
17895, 33.3698
17896, 33.407
17897, 33.4194
17898, 33.4727
17899, 33.4755
17900, 33.4775
17901, 33.5513
17902, 33.5675
17903, 33.6755
17904, 33.7227
17905, 33.7413
17906, 33.7684
17907, 33.8108
17908, 33.866
17909, 33.8746
17910, 33.9022
17911, 33.9298
17912, 33.9555
17913, 33.9722
17914, 33.9989
17915, 34.0446
17916, 34.046
17917, 34.067
17918, 34.0793
17919, 34.1646
17920, 34.2555
17921, 34.3751
17922, 34.4355
17923, 34.4546
17924, 34.5598
17925, 34.6603
17926, 34.7579
17927, 34.7808
17928, 34.805
17929, 34.8512
17930, 34.9627
17931, 34.996
17932, 34.9969
17933, 35.0174
17934, 35.0412
17935, 35.2165
17936, 35.2922
17937, 35.3707
17938, 35.3965
17939, 35.4203
17940, 35.4484
17941, 35.5474
17942, 35.5998
17943, 35.7426
17944, 35.806
17945, 35.8874
17946, 35.9088
17947, 35.9136
17948, 35.9412
17949, 35.9984
17950, 36.1288
17951, 36.1693
17952, 36.1984
17953, 36.2079
17954, 36.3283
17955, 36.7612
17956, 36.826
17957, 36.8936
17958, 36.895
17959, 36.9169
17960, 36.9188
17961, 37.0426
17962, 37.1102
17963, 37.1821
17964, 37.286
17965, 37.3259
17966, 37.3769
17967, 37.3969
17968, 37.8026
17969, 38.0974
17970, 38.2697
17971, 38.5545
17972, 38.5935
17973, 38.9726
17974, 39.0312
17975, 39.235
17976, 39.3745
17977, 39.4392
17978, 39.5031
17979, 39.585
17980, 39.5902
17981, 39.7297
17982, 39.833
17983, 39.8449
17984, 39.9897
17985, 40.0121
17986, 40.2054
17987, 40.3597
17988, 40.4773
17989, 40.543
17990, 40.5916
17991, 40.6983
17992, 40.7954
17993, 41.074
17994, 41.2544
17995, 41.6982
17996, 41.7768
17997, 41.7787
17998, 42.0001
17999, 42.0335
18000, 42.2797
18001, 42.3754
18002, 42.8954
18003, 43.0916
18004, 43.2425
18005, 43.2782
18006, 43.3063
18007, 43.3773
18008, 43.6187
18009, 43.6268
18010, 43.6854
18011, 43.703
18012, 43.8682
18013, 44.222
18014, 44.4982
18015, 44.5015
18016, 44.851
18017, 45.1415
18018, 45.4867
18019, 45.5372
18020, 45.8601
18021, 46.0291
18022, 46.0777
18023, 46.0958
18024, 46.3763
18025, 46.5939
18026, 47.202
18027, 47.44
18028, 47.9734
18029, 48.0472
18030, 48.47
18031, 49.0081
18032, 49.3419
18033, 49.6124
18034, 50.3205
18035, 50.6147
18036, 51.3319
18037, 52.2185
18038, 54.6813
18039, 55.9242
18040, 56.6913
18041, 56.8308
18042, 57.0303
18043, 57.306
18044, 57.8751
18045, 57.9627
18046, 58.1341
18047, 58.8808
18048, 59.1403
18049, 59.4827
18050, 59.5874
18051, 59.6117
18052, 59.635
18053, 59.716
18054, 59.7622
18055, 59.7746
18056, 59.7841
18057, 59.7946
18058, 59.8055
18059, 59.8517
18060, 59.8688
18061, 59.875
18062, 59.8808
18063, 59.8831
18064, 59.8917
18065, 59.8946
18066, 59.8946
18067, 59.896
18068, 59.9274
18069, 59.9312
18070, 59.9341
18071, 59.935
18072, 59.9365
18073, 59.9403
18074, 59.9474
18075, 59.9508
18076, 59.9617
18077, 59.9788
18078, 59.9822
18079, 59.9869
18080, 59.9931
18081, 60.0112
18082, 60.015
18083, 60.016
18084, 60.0165
18085, 60.0241
18086, 60.0241
18087, 60.025
18088, 60.0284
18089, 60.0365
18090, 60.0384
18091, 60.0436
18092, 60.0465
18093, 60.0503
18094, 60.0508
18095, 60.055
18096, 60.0622
18097, 60.0665
18098, 60.0679
18099, 60.0712
18100, 60.0722
18101, 60.0746
18102, 60.0793
18103, 60.0812
18104, 60.0822
18105, 60.0846
18106, 60.0879
18107, 60.0941
18108, 60.0974
18109, 60.0974
18110, 60.0988
18111, 60.1027
18112, 60.1031
18113, 60.105
18114, 60.1079
18115, 60.1155
18116, 60.1188
18117, 60.1231
18118, 60.1269
18119, 60.1322
18120, 60.1336
18121, 60.1341
18122, 60.1346
18123, 60.1379
18124, 60.1417
18125, 60.1436
18126, 60.1646
18127, 60.176
18128, 60.1788
18129, 60.1807
18130, 60.1855
18131, 60.186
18132, 60.1917
18133, 60.1941
18134, 60.1946
18135, 60.2027
18136, 60.2136
18137, 60.2265
18138, 60.2269
18139, 60.2279
18140, 60.2284
18141, 60.2303
18142, 60.235
18143, 60.2355
18144, 60.2384
18145, 60.2412
18146, 60.2417
18147, 60.2422
18148, 60.2427
18149, 60.2436
18150, 60.2455
18151, 60.2479
18152, 60.2498
18153, 60.2507
18154, 60.2527
18155, 60.2565
18156, 60.2593
18157, 60.2593
18158, 60.2593
18159, 60.2631
18160, 60.2636
18161, 60.2669
18162, 60.2669
18163, 60.2679
18164, 60.2722
18165, 60.2755
18166, 60.2755
18167, 60.2769
18168, 60.2812
18169, 60.2817
18170, 60.2827
18171, 60.2831
18172, 60.2836
18173, 60.2884
18174, 60.2898
18175, 60.2912
18176, 60.2965
18177, 60.2998
18178, 60.2998
18179, 60.3017
18180, 60.3074
18181, 60.3079
18182, 60.3127
18183, 60.3131
18184, 60.3141
18185, 60.3165
18186, 60.3188
18187, 60.3193
18188, 60.3198
18189, 60.3231
18190, 60.3269
18191, 60.3269
18192, 60.3307
18193, 60.3317
18194, 60.3322
18195, 60.3322
18196, 60.3331
18197, 60.3336
18198, 60.3355
18199, 60.3369
18200, 60.3369
18201, 60.3379
18202, 60.3384
18203, 60.3393
18204, 60.3393
18205, 60.3403
18206, 60.3412
18207, 60.3422
18208, 60.3436
18209, 60.345
18210, 60.356
18211, 60.3584
18212, 60.3665
18213, 60.3698
18214, 60.375
18215, 60.3793
18216, 60.3822
18217, 60.3841
18218, 60.3874
18219, 60.3898
18220, 60.3922
18221, 60.3993
18222, 60.4007
18223, 60.4017
18224, 60.4022
18225, 60.4022
18226, 60.405
18227, 60.4074
18228, 60.4088
18229, 60.4093
18230, 60.416
18231, 60.4165
18232, 60.4169
18233, 60.4226
18234, 60.425
18235, 60.4265
18236, 60.4288
18237, 60.4298
18238, 60.4307
18239, 60.4312
18240, 60.4326
18241, 60.4417
18242, 60.4436
18243, 60.4436
18244, 60.4436
18245, 60.4469
18246, 60.4488
18247, 60.4503
18248, 60.4503
18249, 60.4507
18250, 60.4565
18251, 60.4603
18252, 60.4603
18253, 60.4626
18254, 60.4655
18255, 60.466
18256, 60.466
18257, 60.4703
18258, 60.4746
18259, 60.4774
18260, 60.4779
18261, 60.4779
18262, 60.4779
18263, 60.4793
18264, 60.4798
18265, 60.4846
18266, 60.486
18267, 60.4893
18268, 60.4893
18269, 60.4893
18270, 60.4926
18271, 60.4946
18272, 60.4955
18273, 60.4969
18274, 60.4979
18275, 60.5003
18276, 60.5003
18277, 60.5007
18278, 60.5022
18279, 60.5046
18280, 60.5055
18281, 60.5065
18282, 60.5069
18283, 60.5088
18284, 60.5093
18285, 60.5112
18286, 60.5112
18287, 60.5122
18288, 60.5184
18289, 60.5193
18290, 60.5203
18291, 60.5203
18292, 60.5212
18293, 60.5217
18294, 60.5226
18295, 60.526
18296, 60.526
18297, 60.5269
18298, 60.5288
18299, 60.5317
18300, 60.5331
18301, 60.5341
18302, 60.536
18303, 60.5365
18304, 60.5412
18305, 60.5412
18306, 60.5441
18307, 60.545
18308, 60.5474
18309, 60.5479
18310, 60.5498
18311, 60.5503
18312, 60.5507
18313, 60.5526
18314, 60.5531
18315, 60.5531
18316, 60.5555
18317, 60.556
18318, 60.5565
18319, 60.5565
18320, 60.5565
18321, 60.5569
18322, 60.5579
18323, 60.5584
18324, 60.5593
18325, 60.5598
18326, 60.5622
18327, 60.5622
18328, 60.5646
18329, 60.5665
18330, 60.5669
18331, 60.5674
18332, 60.5684
18333, 60.5741
18334, 60.5765
18335, 60.5769
18336, 60.5769
18337, 60.5774
18338, 60.5793
18339, 60.5807
18340, 60.5812
18341, 60.585
18342, 60.586
18343, 60.5879
18344, 60.5888
18345, 60.5893
18346, 60.5926
18347, 60.5955
18348, 60.5979
18349, 60.5993
18350, 60.5993
18351, 60.6003
18352, 60.6003
18353, 60.6036
18354, 60.6036
18355, 60.605
18356, 60.6079
18357, 60.6093
18358, 60.6107
18359, 60.6117
18360, 60.6117
18361, 60.615
18362, 60.615
18363, 60.6155
18364, 60.6188
18365, 60.6226
18366, 60.6226
18367, 60.6255
18368, 60.6269
18369, 60.6303
18370, 60.6336
18371, 60.6345
18372, 60.6407
18373, 60.6436
18374, 60.6469
18375, 60.6488
18376, 60.6512
18377, 60.6517
18378, 60.6531
18379, 60.6536
18380, 60.6536
18381, 60.6541
18382, 60.6545
18383, 60.6555
18384, 60.6579
18385, 60.6626
18386, 60.6641
18387, 60.665
18388, 60.6674
18389, 60.6707
18390, 60.6731
18391, 60.6745
18392, 60.676
18393, 60.6765
18394, 60.6774
18395, 60.6779
18396, 60.6779
18397, 60.6798
18398, 60.6798
18399, 60.6807
18400, 60.6845
18401, 60.685
18402, 60.6879
18403, 60.6893
18404, 60.6898
18405, 60.6945
18406, 60.6965
18407, 60.6965
18408, 60.6974
18409, 60.6979
18410, 60.6979
18411, 60.6988
18412, 60.6993
18413, 60.6998
18414, 60.7036
18415, 60.7045
18416, 60.7045
18417, 60.705
18418, 60.706
18419, 60.7065
18420, 60.7079
18421, 60.7088
18422, 60.7098
18423, 60.7107
18424, 60.7155
18425, 60.7174
18426, 60.7174
18427, 60.7179
18428, 60.7179
18429, 60.7184
18430, 60.7212
18431, 60.7231
18432, 60.7236
18433, 60.7255
18434, 60.726
18435, 60.7265
18436, 60.7269
18437, 60.7269
18438, 60.7269
18439, 60.7274
18440, 60.7288
18441, 60.7288
18442, 60.7288
18443, 60.7288
18444, 60.7298
18445, 60.7312
18446, 60.735
18447, 60.7379
18448, 60.7393
18449, 60.7407
18450, 60.7412
18451, 60.7422
18452, 60.7426
18453, 60.7431
18454, 60.7441
18455, 60.7455
18456, 60.7493
18457, 60.7507
18458, 60.7522
18459, 60.7526
18460, 60.7541
18461, 60.7555
18462, 60.7569
18463, 60.7569
18464, 60.7588
18465, 60.7626
18466, 60.7655
18467, 60.7665
18468, 60.7674
18469, 60.7674
18470, 60.7726
18471, 60.7731
18472, 60.7731
18473, 60.7745
18474, 60.775
18475, 60.775
18476, 60.7755
18477, 60.7788
18478, 60.7798
18479, 60.7817
18480, 60.7845
18481, 60.786
18482, 60.7865
18483, 60.7874
18484, 60.7879
18485, 60.7884
18486, 60.7884
18487, 60.7893
18488, 60.7898
18489, 60.7898
18490, 60.7898
18491, 60.7903
18492, 60.7907
18493, 60.7917
18494, 60.7922
18495, 60.796
18496, 60.7988
18497, 60.7993
18498, 60.8007
18499, 60.8017
18500, 60.8022
18501, 60.8022
18502, 60.8026
18503, 60.8026
18504, 60.8036
18505, 60.8041
18506, 60.806
18507, 60.8065
18508, 60.8069
18509, 60.8084
18510, 60.8088
18511, 60.8088
18512, 60.8117
18513, 60.8145
18514, 60.8165
18515, 60.8165
18516, 60.8165
18517, 60.8169
18518, 60.8169
18519, 60.8179
18520, 60.8193
18521, 60.8203
18522, 60.8226
18523, 60.8241
18524, 60.8269
18525, 60.8269
18526, 60.8279
18527, 60.8298
18528, 60.8303
18529, 60.8303
18530, 60.8322
18531, 60.8322
18532, 60.8322
18533, 60.8355
18534, 60.836
18535, 60.8374
18536, 60.8398
18537, 60.8412
18538, 60.8426
18539, 60.8445
18540, 60.8465
18541, 60.8465
18542, 60.8469
18543, 60.8474
18544, 60.8474
18545, 60.8488
18546, 60.8493
18547, 60.8503
18548, 60.8507
18549, 60.8522
18550, 60.8531
18551, 60.8536
18552, 60.856
18553, 60.8565
18554, 60.8569
18555, 60.8574
18556, 60.8584
18557, 60.8598
18558, 60.8607
18559, 60.8626
18560, 60.8626
18561, 60.8631
18562, 60.8641
18563, 60.8645
18564, 60.8655
18565, 60.866
18566, 60.866
18567, 60.8679
18568, 60.8693
18569, 60.8693
18570, 60.8717
18571, 60.8736
18572, 60.876
18573, 60.8769
18574, 60.8788
18575, 60.8807
18576, 60.8807
18577, 60.8822
18578, 60.8822
18579, 60.8836
18580, 60.8836
18581, 60.8841
18582, 60.8841
18583, 60.885
18584, 60.8874
18585, 60.8884
18586, 60.8903
18587, 60.8907
18588, 60.8931
18589, 60.8936
18590, 60.8941
18591, 60.895
18592, 60.8955
18593, 60.896
18594, 60.8969
18595, 60.8969
18596, 60.8974
18597, 60.8979
18598, 60.8979
18599, 60.8984
18600, 60.9003
18601, 60.9012
18602, 60.9012
18603, 60.9022
18604, 60.9031
18605, 60.9036
18606, 60.9041
18607, 60.905
18608, 60.9055
18609, 60.9069
18610, 60.9079
18611, 60.9098
18612, 60.9107
18613, 60.9112
18614, 60.9145
18615, 60.915
18616, 60.9155
18617, 60.9164
18618, 60.9164
18619, 60.9169
18620, 60.9198
18621, 60.9203
18622, 60.9207
18623, 60.9212
18624, 60.9217
18625, 60.9217
18626, 60.9222
18627, 60.9245
18628, 60.925
18629, 60.9269
18630, 60.9274
18631, 60.9312
18632, 60.9341
18633, 60.936
18634, 60.936
18635, 60.9369
18636, 60.9379
18637, 60.9388
18638, 60.9393
18639, 60.9393
18640, 60.9403
18641, 60.9412
18642, 60.9422
18643, 60.9441
18644, 60.9441
18645, 60.9445
18646, 60.945
18647, 60.9455
18648, 60.946
18649, 60.9469
18650, 60.9469
18651, 60.9474
18652, 60.9484
18653, 60.9484
18654, 60.9493
18655, 60.9503
18656, 60.9507
18657, 60.9512
18658, 60.9526
18659, 60.9536
18660, 60.9541
18661, 60.9541
18662, 60.9545
18663, 60.9555
18664, 60.9579
18665, 60.9579
18666, 60.9584
18667, 60.9593
18668, 60.9593
18669, 60.9603
18670, 60.9636
18671, 60.9655
18672, 60.9669
18673, 60.9669
18674, 60.9669
18675, 60.9693
18676, 60.9712
18677, 60.9722
18678, 60.9736
18679, 60.9736
18680, 60.9741
18681, 60.975
18682, 60.976
18683, 60.976
18684, 60.9764
18685, 60.9779
18686, 60.9784
18687, 60.9803
18688, 60.9812
18689, 60.9817
18690, 60.9841
18691, 60.9841
18692, 60.9845
18693, 60.986
18694, 60.9869
18695, 60.9869
18696, 60.9884
18697, 60.9903
18698, 60.9907
18699, 60.9907
18700, 60.9912
18701, 60.9917
18702, 60.9922
18703, 60.9969
18704, 60.9979
18705, 60.9979
18706, 60.9979
18707, 60.9984
18708, 60.9988
18709, 60.9988
18710, 60.9993
18711, 60.9998
18712, 61.0012
18713, 61.0017
18714, 61.0031
18715, 61.0036
18716, 61.0036
18717, 61.0045
18718, 61.0045
18719, 61.005
18720, 61.0055
18721, 61.0064
18722, 61.0084
18723, 61.0103
18724, 61.0117
18725, 61.0145
18726, 61.0145
18727, 61.016
18728, 61.0164
18729, 61.0179
18730, 61.0198
18731, 61.0203
18732, 61.0203
18733, 61.0236
18734, 61.0236
18735, 61.0245
18736, 61.0245
18737, 61.0245
18738, 61.0269
18739, 61.0274
18740, 61.0288
18741, 61.0293
18742, 61.0303
18743, 61.0307
18744, 61.0312
18745, 61.0317
18746, 61.0341
18747, 61.0345
18748, 61.0345
18749, 61.0369
18750, 61.0384
18751, 61.0388
18752, 61.0393
18753, 61.0393
18754, 61.0398
18755, 61.0407
18756, 61.0417
18757, 61.0422
18758, 61.0426
18759, 61.0426
18760, 61.0431
18761, 61.0436
18762, 61.0441
18763, 61.0441
18764, 61.0441
18765, 61.0445
18766, 61.045
18767, 61.045
18768, 61.045
18769, 61.0474
18770, 61.0474
18771, 61.0479
18772, 61.0522
18773, 61.0541
18774, 61.0555
18775, 61.056
18776, 61.0564
18777, 61.0588
18778, 61.0588
18779, 61.0588
18780, 61.0598
18781, 61.0603
18782, 61.0607
18783, 61.0607
18784, 61.0622
18785, 61.0631
18786, 61.0636
18787, 61.0645
18788, 61.0645
18789, 61.0664
18790, 61.0674
18791, 61.0679
18792, 61.0698
18793, 61.0712
18794, 61.0712
18795, 61.0722
18796, 61.0731
18797, 61.0736
18798, 61.075
18799, 61.075
18800, 61.075
18801, 61.0755
18802, 61.0774
18803, 61.0774
18804, 61.0784
18805, 61.0788
18806, 61.0788
18807, 61.0807
18808, 61.0807
18809, 61.0812
18810, 61.0822
18811, 61.0836
18812, 61.0841
18813, 61.085
18814, 61.0855
18815, 61.0855
18816, 61.0855
18817, 61.0912
18818, 61.0926
18819, 61.0936
18820, 61.0936
18821, 61.0941
18822, 61.0945
18823, 61.0955
18824, 61.096
18825, 61.0969
18826, 61.0984
18827, 61.0988
18828, 61.0993
18829, 61.0998
18830, 61.1003
18831, 61.1022
18832, 61.1022
18833, 61.1031
18834, 61.1041
18835, 61.1041
18836, 61.1045
18837, 61.1045
18838, 61.106
18839, 61.106
18840, 61.1064
18841, 61.1064
18842, 61.1069
18843, 61.1069
18844, 61.1103
18845, 61.1112
18846, 61.1117
18847, 61.1126
18848, 61.1131
18849, 61.1131
18850, 61.1131
18851, 61.1131
18852, 61.1155
18853, 61.1164
18854, 61.1169
18855, 61.1174
18856, 61.1174
18857, 61.1179
18858, 61.1188
18859, 61.1193
18860, 61.1193
18861, 61.1203
18862, 61.1207
18863, 61.1212
18864, 61.1217
18865, 61.1231
18866, 61.1231
18867, 61.1241
18868, 61.125
18869, 61.125
18870, 61.126
18871, 61.1264
18872, 61.1264
18873, 61.1269
18874, 61.1283
18875, 61.1283
18876, 61.1293
18877, 61.1303
18878, 61.1312
18879, 61.1312
18880, 61.1322
18881, 61.1341
18882, 61.1345
18883, 61.135
18884, 61.1355
18885, 61.1364
18886, 61.1388
18887, 61.1398
18888, 61.1426
18889, 61.1441
18890, 61.1445
18891, 61.1445
18892, 61.1483
18893, 61.1483
18894, 61.1483
18895, 61.1503
18896, 61.1507
18897, 61.1517
18898, 61.1522
18899, 61.1522
18900, 61.1531
18901, 61.1545
18902, 61.1564
18903, 61.1569
18904, 61.1569
18905, 61.1579
18906, 61.1583
18907, 61.1583
18908, 61.1588
18909, 61.1588
18910, 61.1593
18911, 61.1598
18912, 61.1607
18913, 61.1622
18914, 61.1641
18915, 61.1641
18916, 61.166
18917, 61.166
18918, 61.1664
18919, 61.1669
18920, 61.1674
18921, 61.1679
18922, 61.1693
18923, 61.1693
18924, 61.1698
18925, 61.1703
18926, 61.1707
18927, 61.1707
18928, 61.1726
18929, 61.1726
18930, 61.1731
18931, 61.1741
18932, 61.1741
18933, 61.1741
18934, 61.176
18935, 61.1783
18936, 61.1798
18937, 61.1807
18938, 61.1836
18939, 61.1845
18940, 61.1845
18941, 61.185
18942, 61.1855
18943, 61.186
18944, 61.1864
18945, 61.1869
18946, 61.1874
18947, 61.1879
18948, 61.1883
18949, 61.1903
18950, 61.1907
18951, 61.1931
18952, 61.1931
18953, 61.1945
18954, 61.196
18955, 61.196
18956, 61.1964
18957, 61.1969
18958, 61.1969
18959, 61.1974
18960, 61.1974
18961, 61.1979
18962, 61.1979
18963, 61.1983
18964, 61.2012
18965, 61.2012
18966, 61.2026
18967, 61.2031
18968, 61.2045
18969, 61.2064
18970, 61.2074
18971, 61.2083
18972, 61.2088
18973, 61.2107
18974, 61.2126
18975, 61.2145
18976, 61.215
18977, 61.2174
18978, 61.2174
18979, 61.2179
18980, 61.2193
18981, 61.2207
18982, 61.2217
18983, 61.2231
18984, 61.2241
18985, 61.2245
18986, 61.225
18987, 61.2279
18988, 61.2288
18989, 61.2298
18990, 61.2322
18991, 61.2331
18992, 61.2345
18993, 61.2345
18994, 61.2355
18995, 61.236
18996, 61.2369
18997, 61.2379
18998, 61.2383
18999, 61.2388
19000, 61.2393
19001, 61.2393
19002, 61.2403
19003, 61.2407
19004, 61.2422
19005, 61.2455
19006, 61.2455
19007, 61.2455
19008, 61.2464
19009, 61.2474
19010, 61.2474
19011, 61.2479
19012, 61.2498
19013, 61.2507
19014, 61.2512
19015, 61.2522
19016, 61.2536
19017, 61.2536
19018, 61.2541
19019, 61.2555
19020, 61.2598
19021, 61.2603
19022, 61.2612
19023, 61.2612
19024, 61.2622
19025, 61.2631
19026, 61.2636
19027, 61.265
19028, 61.2664
19029, 61.2669
19030, 61.2674
19031, 61.2693
19032, 61.2703
19033, 61.2707
19034, 61.2717
19035, 61.2731
19036, 61.275
19037, 61.276
19038, 61.2764
19039, 61.2764
19040, 61.2788
19041, 61.2788
19042, 61.2793
19043, 61.2798
19044, 61.2803
19045, 61.2855
19046, 61.2874
19047, 61.2883
19048, 61.2898
19049, 61.2903
19050, 61.2903
19051, 61.2912
19052, 61.2926
19053, 61.2931
19054, 61.2936
19055, 61.2974
19056, 61.2974
19057, 61.2993
19058, 61.3003
19059, 61.3007
19060, 61.3012
19061, 61.3017
19062, 61.3022
19063, 61.3026
19064, 61.3026
19065, 61.3041
19066, 61.3045
19067, 61.306
19068, 61.3083
19069, 61.3145
19070, 61.3145
19071, 61.3183
19072, 61.3193
19073, 61.3198
19074, 61.3203
19075, 61.3207
19076, 61.3226
19077, 61.3231
19078, 61.3236
19079, 61.3241
19080, 61.3241
19081, 61.3245
19082, 61.325
19083, 61.325
19084, 61.3255
19085, 61.3264
19086, 61.3269
19087, 61.3274
19088, 61.3274
19089, 61.3274
19090, 61.3279
19091, 61.3283
19092, 61.3303
19093, 61.3307
19094, 61.3312
19095, 61.3317
19096, 61.3317
19097, 61.3326
19098, 61.3331
19099, 61.3331
19100, 61.3355
19101, 61.3355
19102, 61.336
19103, 61.3369
19104, 61.3374
19105, 61.3398
19106, 61.3407
19107, 61.3412
19108, 61.3412
19109, 61.3412
19110, 61.3426
19111, 61.3431
19112, 61.3441
19113, 61.3445
19114, 61.345
19115, 61.345
19116, 61.3464
19117, 61.3464
19118, 61.3483
19119, 61.3507
19120, 61.3526
19121, 61.3531
19122, 61.355
19123, 61.3555
19124, 61.3555
19125, 61.3555
19126, 61.3569
19127, 61.3579
19128, 61.3583
19129, 61.3588
19130, 61.3588
19131, 61.3588
19132, 61.3598
19133, 61.3602
19134, 61.3612
19135, 61.3617
19136, 61.3626
19137, 61.3636
19138, 61.365
19139, 61.365
19140, 61.3669
19141, 61.3683
19142, 61.3717
19143, 61.3722
19144, 61.3726
19145, 61.3731
19146, 61.3745
19147, 61.3769
19148, 61.3769
19149, 61.3788
19150, 61.3802
19151, 61.3817
19152, 61.3826
19153, 61.3836
19154, 61.3841
19155, 61.3841
19156, 61.386
19157, 61.3869
19158, 61.3874
19159, 61.3893
19160, 61.3907
19161, 61.3912
19162, 61.3936
19163, 61.395
19164, 61.395
19165, 61.3983
19166, 61.3988
19167, 61.3993
19168, 61.4002
19169, 61.4002
19170, 61.4036
19171, 61.4041
19172, 61.4045
19173, 61.406
19174, 61.4069
19175, 61.4069
19176, 61.4069
19177, 61.4083
19178, 61.4093
19179, 61.4131
19180, 61.4131
19181, 61.4193
19182, 61.4207
19183, 61.4207
19184, 61.4207
19185, 61.4222
19186, 61.4236
19187, 61.4236
19188, 61.4264
19189, 61.4283
19190, 61.4322
19191, 61.4326
19192, 61.4369
19193, 61.4369
19194, 61.4369
19195, 61.4379
19196, 61.4388
19197, 61.4422
19198, 61.4455
19199, 61.4483
19200, 61.4493
19201, 61.4498
19202, 61.4502
19203, 61.4507
19204, 61.4517
19205, 61.4531
19206, 61.4555
19207, 61.4555
19208, 61.456
19209, 61.456
19210, 61.456
19211, 61.4564
19212, 61.4569
19213, 61.4574
19214, 61.4579
19215, 61.4579
19216, 61.4588
19217, 61.4612
19218, 61.4617
19219, 61.4631
19220, 61.4636
19221, 61.4636
19222, 61.4641
19223, 61.4645
19224, 61.4645
19225, 61.4645
19226, 61.4655
19227, 61.4669
19228, 61.4693
19229, 61.4693
19230, 61.4698
19231, 61.4702
19232, 61.4707
19233, 61.4707
19234, 61.4707
19235, 61.4717
19236, 61.4722
19237, 61.4755
19238, 61.4755
19239, 61.4769
19240, 61.4779
19241, 61.4793
19242, 61.4802
19243, 61.4807
19244, 61.4822
19245, 61.4836
19246, 61.4836
19247, 61.4841
19248, 61.4855
19249, 61.4855
19250, 61.4864
19251, 61.4874
19252, 61.4888
19253, 61.4907
19254, 61.4907
19255, 61.4912
19256, 61.4926
19257, 61.4931
19258, 61.4936
19259, 61.4936
19260, 61.4941
19261, 61.4964
19262, 61.4979
19263, 61.4983
19264, 61.4988
19265, 61.4993
19266, 61.4998
19267, 61.5002
19268, 61.5012
19269, 61.5026
19270, 61.5055
19271, 61.506
19272, 61.5107
19273, 61.5122
19274, 61.5126
19275, 61.515
19276, 61.515
19277, 61.516
19278, 61.5164
19279, 61.5164
19280, 61.5169
19281, 61.5179
19282, 61.5188
19283, 61.5207
19284, 61.5217
19285, 61.5222
19286, 61.5226
19287, 61.5226
19288, 61.5241
19289, 61.5245
19290, 61.525
19291, 61.526
19292, 61.5269
19293, 61.5269
19294, 61.5283
19295, 61.5298
19296, 61.5307
19297, 61.5322
19298, 61.5326
19299, 61.5326
19300, 61.5341
19301, 61.5341
19302, 61.5355
19303, 61.5355
19304, 61.536
19305, 61.5364
19306, 61.5364
19307, 61.5364
19308, 61.5374
19309, 61.5402
19310, 61.5407
19311, 61.5412
19312, 61.5417
19313, 61.5417
19314, 61.5422
19315, 61.5436
19316, 61.5441
19317, 61.5455
19318, 61.5455
19319, 61.5464
19320, 61.5469
19321, 61.5474
19322, 61.5483
19323, 61.5502
19324, 61.5522
19325, 61.5522
19326, 61.5526
19327, 61.5526
19328, 61.5526
19329, 61.5536
19330, 61.5541
19331, 61.5541
19332, 61.5545
19333, 61.555
19334, 61.5564
19335, 61.5583
19336, 61.5607
19337, 61.5617
19338, 61.5631
19339, 61.565
19340, 61.565
19341, 61.5664
19342, 61.5683
19343, 61.5707
19344, 61.5722
19345, 61.5731
19346, 61.575
19347, 61.576
19348, 61.5764
19349, 61.5783
19350, 61.5807
19351, 61.5812
19352, 61.5836
19353, 61.5841
19354, 61.5864
19355, 61.5874
19356, 61.5874
19357, 61.5883
19358, 61.5893
19359, 61.5893
19360, 61.5898
19361, 61.5912
19362, 61.5912
19363, 61.5936
19364, 61.596
19365, 61.5969
19366, 61.5974
19367, 61.5983
19368, 61.5988
19369, 61.6007
19370, 61.6012
19371, 61.6041
19372, 61.6045
19373, 61.6055
19374, 61.606
19375, 61.6064
19376, 61.6074
19377, 61.6079
19378, 61.6083
19379, 61.6093
19380, 61.6107
19381, 61.6117
19382, 61.616
19383, 61.616
19384, 61.6164
19385, 61.6169
19386, 61.6169
19387, 61.6202
19388, 61.6207
19389, 61.6217
19390, 61.6221
19391, 61.6221
19392, 61.6231
19393, 61.6236
19394, 61.6236
19395, 61.626
19396, 61.6279
19397, 61.6293
19398, 61.6302
19399, 61.6312
19400, 61.6345
19401, 61.635
19402, 61.6355
19403, 61.6374
19404, 61.6383
19405, 61.6398
19406, 61.6402
19407, 61.6421
19408, 61.6441
19409, 61.6445
19410, 61.645
19411, 61.6464
19412, 61.6464
19413, 61.6488
19414, 61.6507
19415, 61.6507
19416, 61.6507
19417, 61.6536
19418, 61.6545
19419, 61.655
19420, 61.6555
19421, 61.6564
19422, 61.6593
19423, 61.6621
19424, 61.6621
19425, 61.6641
19426, 61.665
19427, 61.666
19428, 61.6688
19429, 61.6693
19430, 61.6707
19431, 61.6721
19432, 61.6726
19433, 61.6731
19434, 61.675
19435, 61.6764
19436, 61.6764
19437, 61.6769
19438, 61.6774
19439, 61.6774
19440, 61.6774
19441, 61.6802
19442, 61.6821
19443, 61.6836
19444, 61.6841
19445, 61.6874
19446, 61.6883
19447, 61.6888
19448, 61.6893
19449, 61.6898
19450, 61.6902
19451, 61.6912
19452, 61.6912
19453, 61.6921
19454, 61.6926
19455, 61.6964
19456, 61.6964
19457, 61.6974
19458, 61.6979
19459, 61.6983
19460, 61.7007
19461, 61.7007
19462, 61.7021
19463, 61.7031
19464, 61.7036
19465, 61.7041
19466, 61.705
19467, 61.706
19468, 61.706
19469, 61.7088
19470, 61.7112
19471, 61.7112
19472, 61.7117
19473, 61.7117
19474, 61.7155
19475, 61.7164
19476, 61.7179
19477, 61.7183
19478, 61.7188
19479, 61.7188
19480, 61.7207
19481, 61.7217
19482, 61.7226
19483, 61.726
19484, 61.7264
19485, 61.7269
19486, 61.7283
19487, 61.7288
19488, 61.7298
19489, 61.7298
19490, 61.7326
19491, 61.7336
19492, 61.7341
19493, 61.7341
19494, 61.7341
19495, 61.735
19496, 61.7374
19497, 61.7393
19498, 61.7407
19499, 61.7421
19500, 61.7436
19501, 61.7455
19502, 61.7469
19503, 61.7474
19504, 61.7493
19505, 61.7493
19506, 61.7521
19507, 61.7526
19508, 61.7531
19509, 61.7541
19510, 61.7541
19511, 61.7555
19512, 61.7579
19513, 61.7602
19514, 61.7607
19515, 61.7626
19516, 61.7636
19517, 61.7641
19518, 61.7641
19519, 61.7655
19520, 61.7669
19521, 61.7674
19522, 61.7683
19523, 61.7698
19524, 61.7717
19525, 61.7731
19526, 61.7741
19527, 61.7741
19528, 61.7774
19529, 61.7774
19530, 61.7774
19531, 61.7798
19532, 61.7812
19533, 61.7821
19534, 61.7855
19535, 61.7855
19536, 61.7855
19537, 61.7855
19538, 61.7864
19539, 61.7888
19540, 61.7888
19541, 61.7893
19542, 61.7902
19543, 61.7902
19544, 61.7907
19545, 61.7917
19546, 61.7921
19547, 61.7931
19548, 61.7936
19549, 61.7941
19550, 61.7941
19551, 61.7988
19552, 61.7993
19553, 61.7998
19554, 61.8012
19555, 61.8017
19556, 61.8031
19557, 61.805
19558, 61.8079
19559, 61.8093
19560, 61.8098
19561, 61.8117
19562, 61.8121
19563, 61.8131
19564, 61.8141
19565, 61.815
19566, 61.8169
19567, 61.8179
19568, 61.8179
19569, 61.8183
19570, 61.8188
19571, 61.8198
19572, 61.8202
19573, 61.8217
19574, 61.8221
19575, 61.8236
19576, 61.8236
19577, 61.825
19578, 61.825
19579, 61.8255
19580, 61.8255
19581, 61.8255
19582, 61.8255
19583, 61.8279
19584, 61.8279
19585, 61.8288
19586, 61.8288
19587, 61.8293
19588, 61.8293
19589, 61.8307
19590, 61.8312
19591, 61.8317
19592, 61.8326
19593, 61.836
19594, 61.8364
19595, 61.8369
19596, 61.8374
19597, 61.8383
19598, 61.8383
19599, 61.8388
19600, 61.8388
19601, 61.8421
19602, 61.8426
19603, 61.8431
19604, 61.8436
19605, 61.8436
19606, 61.8436
19607, 61.8445
19608, 61.8445
19609, 61.8445
19610, 61.845
19611, 61.8455
19612, 61.8455
19613, 61.8488
19614, 61.8488
19615, 61.8521
19616, 61.8531
19617, 61.8531
19618, 61.8545
19619, 61.8569
19620, 61.8583
19621, 61.8607
19622, 61.8631
19623, 61.8636
19624, 61.864
19625, 61.8655
19626, 61.8664
19627, 61.8679
19628, 61.8683
19629, 61.8693
19630, 61.8726
19631, 61.8731
19632, 61.874
19633, 61.8745
19634, 61.8755
19635, 61.876
19636, 61.8769
19637, 61.8769
19638, 61.8783
19639, 61.8788
19640, 61.8807
19641, 61.8812
19642, 61.8821
19643, 61.8826
19644, 61.8831
19645, 61.8845
19646, 61.885
19647, 61.8855
19648, 61.886
19649, 61.8883
19650, 61.8893
19651, 61.8912
19652, 61.8917
19653, 61.894
19654, 61.8945
19655, 61.895
19656, 61.8955
19657, 61.8964
19658, 61.8969
19659, 61.8974
19660, 61.8988
19661, 61.8993
19662, 61.9007
19663, 61.9007
19664, 61.9026
19665, 61.9036
19666, 61.904
19667, 61.9045
19668, 61.9074
19669, 61.9083
19670, 61.9098
19671, 61.9112
19672, 61.9117
19673, 61.9121
19674, 61.9126
19675, 61.9136
19676, 61.9136
19677, 61.914
19678, 61.9169
19679, 61.9183
19680, 61.9188
19681, 61.9217
19682, 61.9245
19683, 61.925
19684, 61.9274
19685, 61.9279
19686, 61.9288
19687, 61.9293
19688, 61.9302
19689, 61.9307
19690, 61.9321
19691, 61.9326
19692, 61.9326
19693, 61.9331
19694, 61.934
19695, 61.9379
19696, 61.9383
19697, 61.9383
19698, 61.9393
19699, 61.9417
19700, 61.9421
19701, 61.944
19702, 61.944
19703, 61.9455
19704, 61.9464
19705, 61.9469
19706, 61.9469
19707, 61.9474
19708, 61.9488
19709, 61.9488
19710, 61.9502
19711, 61.9521
19712, 61.954
19713, 61.9579
19714, 61.9588
19715, 61.9588
19716, 61.9593
19717, 61.9598
19718, 61.9602
19719, 61.9602
19720, 61.9617
19721, 61.9621
19722, 61.9626
19723, 61.9631
19724, 61.9631
19725, 61.9636
19726, 61.964
19727, 61.965
19728, 61.9683
19729, 61.9683
19730, 61.9712
19731, 61.9721
19732, 61.9721
19733, 61.9736
19734, 61.974
19735, 61.975
19736, 61.9755
19737, 61.9779
19738, 61.9783
19739, 61.9798
19740, 61.9802
19741, 61.9807
19742, 61.9826
19743, 61.985
19744, 61.986
19745, 61.9864
19746, 61.9907
19747, 61.9921
19748, 61.9926
19749, 61.994
19750, 61.994
19751, 61.9955
19752, 61.996
19753, 61.9964
19754, 62.0002
19755, 62.0007
19756, 62.0012
19757, 62.0017
19758, 62.0017
19759, 62.0021
19760, 62.0031
19761, 62.0036
19762, 62.004
19763, 62.0045
19764, 62.005
19765, 62.005
19766, 62.0055
19767, 62.0079
19768, 62.0093
19769, 62.0093
19770, 62.0098
19771, 62.0112
19772, 62.0126
19773, 62.0131
19774, 62.0131
19775, 62.015
19776, 62.016
19777, 62.016
19778, 62.0164
19779, 62.0164
19780, 62.0202
19781, 62.0202
19782, 62.0207
19783, 62.0221
19784, 62.0226
19785, 62.0226
19786, 62.0236
19787, 62.024
19788, 62.0245
19789, 62.0264
19790, 62.0264
19791, 62.0274
19792, 62.0293
19793, 62.0293
19794, 62.0298
19795, 62.0302
19796, 62.0312
19797, 62.0321
19798, 62.0321
19799, 62.0331
19800, 62.0331
19801, 62.0336
19802, 62.035
19803, 62.036
19804, 62.0379
19805, 62.0383
19806, 62.0398
19807, 62.0407
19808, 62.0426
19809, 62.046
19810, 62.0469
19811, 62.0474
19812, 62.0502
19813, 62.0512
19814, 62.054
19815, 62.054
19816, 62.0564
19817, 62.0569
19818, 62.0574
19819, 62.0579
19820, 62.0617
19821, 62.0631
19822, 62.0636
19823, 62.064
19824, 62.064
19825, 62.065
19826, 62.066
19827, 62.0664
19828, 62.0664
19829, 62.0664
19830, 62.0664
19831, 62.0674
19832, 62.0693
19833, 62.0726
19834, 62.0726
19835, 62.0736
19836, 62.0769
19837, 62.0774
19838, 62.0788
19839, 62.0807
19840, 62.0812
19841, 62.0812
19842, 62.0817
19843, 62.0821
19844, 62.0821
19845, 62.0836
19846, 62.084
19847, 62.084
19848, 62.084
19849, 62.085
19850, 62.0869
19851, 62.0869
19852, 62.0879
19853, 62.0888
19854, 62.0902
19855, 62.0912
19856, 62.0912
19857, 62.0917
19858, 62.0936
19859, 62.095
19860, 62.0955
19861, 62.0983
19862, 62.0998
19863, 62.0998
19864, 62.1012
19865, 62.1021
19866, 62.1026
19867, 62.1026
19868, 62.104
19869, 62.105
19870, 62.1083
19871, 62.1088
19872, 62.1126
19873, 62.1136
19874, 62.114
19875, 62.1159
19876, 62.1179
19877, 62.1183
19878, 62.1183
19879, 62.1188
19880, 62.1193
19881, 62.1193
19882, 62.1198
19883, 62.1198
19884, 62.1198
19885, 62.1212
19886, 62.1226
19887, 62.1231
19888, 62.1245
19889, 62.1264
19890, 62.1298
19891, 62.1298
19892, 62.1317
19893, 62.1331
19894, 62.1331
19895, 62.1336
19896, 62.1345
19897, 62.1355
19898, 62.1355
19899, 62.1355
19900, 62.1369
19901, 62.1374
19902, 62.1379
19903, 62.1383
19904, 62.1393
19905, 62.1398
19906, 62.1421
19907, 62.1459
19908, 62.1469
19909, 62.1469
19910, 62.1479
19911, 62.1483
19912, 62.1493
19913, 62.1498
19914, 62.1517
19915, 62.1517
19916, 62.1521
19917, 62.154
19918, 62.154
19919, 62.155
19920, 62.1569
19921, 62.1574
19922, 62.1579
19923, 62.1583
19924, 62.1583
19925, 62.1588
19926, 62.1636
19927, 62.1645
19928, 62.1659
19929, 62.1669
19930, 62.1683
19931, 62.1721
19932, 62.1721
19933, 62.1721
19934, 62.1726
19935, 62.1731
19936, 62.175
19937, 62.175
19938, 62.1755
19939, 62.1759
19940, 62.1759
19941, 62.1769
19942, 62.1769
19943, 62.1783
19944, 62.1783
19945, 62.1788
19946, 62.1793
19947, 62.1798
19948, 62.1807
19949, 62.1817
19950, 62.1821
19951, 62.1836
19952, 62.1836
19953, 62.184
19954, 62.1845
19955, 62.185
19956, 62.1859
19957, 62.1864
19958, 62.1869
19959, 62.1888
19960, 62.1898
19961, 62.1902
19962, 62.1912
19963, 62.1931
19964, 62.1931
19965, 62.1945
19966, 62.195
19967, 62.1964
19968, 62.1983
19969, 62.1993
19970, 62.1998
19971, 62.2012
19972, 62.2017
19973, 62.2031
19974, 62.205
19975, 62.2055
19976, 62.2079
19977, 62.2083
19978, 62.2088
19979, 62.2093
19980, 62.2098
19981, 62.2102
19982, 62.2107
19983, 62.2112
19984, 62.2121
19985, 62.2126
19986, 62.2131
19987, 62.2131
19988, 62.2136
19989, 62.214
19990, 62.214
19991, 62.215
19992, 62.2155
19993, 62.2155
19994, 62.2188
19995, 62.2193
19996, 62.2193
19997, 62.2212
19998, 62.2221
19999, 62.2236
20000, 62.2236
20001, 62.2245
20002, 62.225
20003, 62.225
20004, 62.225
20005, 62.2255
20006, 62.2269
20007, 62.2279
20008, 62.2312
20009, 62.2336
20010, 62.2355
20011, 62.2364
20012, 62.2364
20013, 62.2369
20014, 62.2374
20015, 62.2379
20016, 62.2393
20017, 62.2393
20018, 62.2402
20019, 62.2445
20020, 62.2455
20021, 62.2464
20022, 62.2474
20023, 62.2488
20024, 62.2488
20025, 62.2498
20026, 62.2502
20027, 62.2517
20028, 62.254
20029, 62.255
20030, 62.255
20031, 62.2564
20032, 62.2569
20033, 62.2574
20034, 62.2598
20035, 62.2621
20036, 62.2626
20037, 62.264
20038, 62.2674
20039, 62.2693
20040, 62.2702
20041, 62.2712
20042, 62.2712
20043, 62.2717
20044, 62.2717
20045, 62.275
20046, 62.2755
20047, 62.2798
20048, 62.2817
20049, 62.2817
20050, 62.2826
20051, 62.284
20052, 62.285
20053, 62.2888
20054, 62.2888
20055, 62.2888
20056, 62.2893
20057, 62.2893
20058, 62.2907
20059, 62.2912
20060, 62.2921
20061, 62.2921
20062, 62.294
20063, 62.295
20064, 62.2955
20065, 62.2964
20066, 62.2988
20067, 62.2993
20068, 62.3007
20069, 62.3036
20070, 62.3064
20071, 62.3088
20072, 62.3102
20073, 62.3107
20074, 62.3107
20075, 62.3117
20076, 62.3131
20077, 62.3136
20078, 62.314
20079, 62.315
20080, 62.3169
20081, 62.3174
20082, 62.3174
20083, 62.3188
20084, 62.3198
20085, 62.3198
20086, 62.3202
20087, 62.3226
20088, 62.3226
20089, 62.3274
20090, 62.3288
20091, 62.3288
20092, 62.3288
20093, 62.3288
20094, 62.3307
20095, 62.3307
20096, 62.3331
20097, 62.3336
20098, 62.334
20099, 62.335
20100, 62.3364
20101, 62.3374
20102, 62.3388
20103, 62.3393
20104, 62.3393
20105, 62.3421
20106, 62.3436
20107, 62.3445
20108, 62.3445
20109, 62.3474
20110, 62.3502
20111, 62.3507
20112, 62.355
20113, 62.3555
20114, 62.3559
20115, 62.3564
20116, 62.3569
20117, 62.3574
20118, 62.3574
20119, 62.3598
20120, 62.3607
20121, 62.3617
20122, 62.3636
20123, 62.3636
20124, 62.364
20125, 62.3659
20126, 62.3664
20127, 62.3664
20128, 62.3678
20129, 62.3702
20130, 62.3707
20131, 62.3712
20132, 62.3712
20133, 62.3736
20134, 62.374
20135, 62.3755
20136, 62.3755
20137, 62.3774
20138, 62.3793
20139, 62.3802
20140, 62.3807
20141, 62.3821
20142, 62.3826
20143, 62.384
20144, 62.3855
20145, 62.3883
20146, 62.3907
20147, 62.3921
20148, 62.3926
20149, 62.3945
20150, 62.395
20151, 62.3959
20152, 62.3978
20153, 62.3993
20154, 62.3998
20155, 62.4007
20156, 62.4012
20157, 62.4017
20158, 62.4017
20159, 62.4021
20160, 62.4021
20161, 62.4031
20162, 62.404
20163, 62.404
20164, 62.4045
20165, 62.405
20166, 62.405
20167, 62.4059
20168, 62.4069
20169, 62.4078
20170, 62.4078
20171, 62.4083
20172, 62.4098
20173, 62.4102
20174, 62.4112
20175, 62.4131
20176, 62.4131
20177, 62.4131
20178, 62.415
20179, 62.4159
20180, 62.4164
20181, 62.4169
20182, 62.4174
20183, 62.4174
20184, 62.4207
20185, 62.4236
20186, 62.4255
20187, 62.4274
20188, 62.4278
20189, 62.4278
20190, 62.4283
20191, 62.4293
20192, 62.4298
20193, 62.4317
20194, 62.4317
20195, 62.4326
20196, 62.435
20197, 62.4393
20198, 62.4407
20199, 62.4407
20200, 62.4412
20201, 62.4431
20202, 62.4431
20203, 62.4431
20204, 62.4436
20205, 62.4498
20206, 62.4507
20207, 62.4517
20208, 62.4531
20209, 62.454
20210, 62.454
20211, 62.4545
20212, 62.4559
20213, 62.4559
20214, 62.4569
20215, 62.4598
20216, 62.4598
20217, 62.4598
20218, 62.4612
20219, 62.4612
20220, 62.4612
20221, 62.4621
20222, 62.4626
20223, 62.464
20224, 62.4645
20225, 62.465
20226, 62.4669
20227, 62.4678
20228, 62.4678
20229, 62.4678
20230, 62.4678
20231, 62.4688
20232, 62.4693
20233, 62.4698
20234, 62.4717
20235, 62.4736
20236, 62.4745
20237, 62.4764
20238, 62.4769
20239, 62.4783
20240, 62.4788
20241, 62.4788
20242, 62.4812
20243, 62.4836
20244, 62.4845
20245, 62.485
20246, 62.485
20247, 62.4855
20248, 62.4859
20249, 62.4864
20250, 62.4883
20251, 62.4888
20252, 62.4888
20253, 62.4898
20254, 62.4902
20255, 62.4917
20256, 62.4936
20257, 62.494
20258, 62.4945
20259, 62.4945
20260, 62.495
20261, 62.4964
20262, 62.4969
20263, 62.4974
20264, 62.5002
20265, 62.5007
20266, 62.5036
20267, 62.5045
20268, 62.5055
20269, 62.5083
20270, 62.5121
20271, 62.5131
20272, 62.515
20273, 62.5159
20274, 62.5169
20275, 62.5174
20276, 62.5183
20277, 62.5217
20278, 62.5221
20279, 62.5231
20280, 62.5245
20281, 62.5259
20282, 62.5259
20283, 62.5264
20284, 62.5274
20285, 62.5298
20286, 62.5307
20287, 62.5321
20288, 62.534
20289, 62.5355
20290, 62.5364
20291, 62.5374
20292, 62.5378
20293, 62.5378
20294, 62.5378
20295, 62.5383
20296, 62.5388
20297, 62.5402
20298, 62.5421
20299, 62.5431
20300, 62.544
20301, 62.545
20302, 62.5455
20303, 62.5469
20304, 62.5474
20305, 62.5493
20306, 62.5502
20307, 62.5507
20308, 62.5507
20309, 62.5512
20310, 62.5517
20311, 62.554
20312, 62.5545
20313, 62.5559
20314, 62.5574
20315, 62.5578
20316, 62.5588
20317, 62.5593
20318, 62.5602
20319, 62.5607
20320, 62.5607
20321, 62.5617
20322, 62.564
20323, 62.5659
20324, 62.5669
20325, 62.5678
20326, 62.5688
20327, 62.5726
20328, 62.5736
20329, 62.5745
20330, 62.5745
20331, 62.5755
20332, 62.5807
20333, 62.5807
20334, 62.5812
20335, 62.5821
20336, 62.584
20337, 62.5845
20338, 62.585
20339, 62.5859
20340, 62.5859
20341, 62.5869
20342, 62.5869
20343, 62.5878
20344, 62.5883
20345, 62.5888
20346, 62.5893
20347, 62.5931
20348, 62.595
20349, 62.5959
20350, 62.5978
20351, 62.5988
20352, 62.5993
20353, 62.5993
20354, 62.6002
20355, 62.6007
20356, 62.6026
20357, 62.6045
20358, 62.6045
20359, 62.6059
20360, 62.6078
20361, 62.6097
20362, 62.6131
20363, 62.615
20364, 62.6155
20365, 62.6159
20366, 62.6159
20367, 62.6164
20368, 62.6164
20369, 62.6169
20370, 62.6193
20371, 62.6202
20372, 62.6212
20373, 62.6231
20374, 62.6236
20375, 62.624
20376, 62.6264
20377, 62.6264
20378, 62.6264
20379, 62.6297
20380, 62.6307
20381, 62.6307
20382, 62.6312
20383, 62.6317
20384, 62.634
20385, 62.635
20386, 62.6355
20387, 62.6359
20388, 62.6359
20389, 62.6383
20390, 62.6397
20391, 62.6397
20392, 62.6421
20393, 62.6426
20394, 62.6426
20395, 62.6426
20396, 62.6426
20397, 62.6488
20398, 62.6502
20399, 62.6502
20400, 62.6502
20401, 62.6512
20402, 62.6517
20403, 62.6517
20404, 62.6526
20405, 62.6564
20406, 62.6574
20407, 62.6578
20408, 62.6578
20409, 62.6583
20410, 62.6593
20411, 62.6597
20412, 62.6612
20413, 62.6617
20414, 62.6617
20415, 62.6655
20416, 62.6655
20417, 62.6674
20418, 62.6678
20419, 62.6702
20420, 62.6712
20421, 62.6731
20422, 62.674
20423, 62.6755
20424, 62.6755
20425, 62.6831
20426, 62.6869
20427, 62.6869
20428, 62.6874
20429, 62.6878
20430, 62.6897
20431, 62.6912
20432, 62.6921
20433, 62.6921
20434, 62.6926
20435, 62.6926
20436, 62.6945
20437, 62.6969
20438, 62.6969
20439, 62.6974
20440, 62.6993
20441, 62.7007
20442, 62.7045
20443, 62.7069
20444, 62.7083
20445, 62.7088
20446, 62.7097
20447, 62.7097
20448, 62.7097
20449, 62.7097
20450, 62.7107
20451, 62.7112
20452, 62.7131
20453, 62.715
20454, 62.7155
20455, 62.7164
20456, 62.7183
20457, 62.7197
20458, 62.7202
20459, 62.7207
20460, 62.7221
20461, 62.7231
20462, 62.724
20463, 62.7245
20464, 62.7245
20465, 62.7259
20466, 62.7264
20467, 62.7278
20468, 62.7288
20469, 62.7288
20470, 62.7288
20471, 62.7293
20472, 62.7293
20473, 62.7312
20474, 62.7321
20475, 62.7336
20476, 62.735
20477, 62.7355
20478, 62.7397
20479, 62.7402
20480, 62.7436
20481, 62.7445
20482, 62.745
20483, 62.7455
20484, 62.7455
20485, 62.7469
20486, 62.7493
20487, 62.7493
20488, 62.7497
20489, 62.7497
20490, 62.7502
20491, 62.7512
20492, 62.7517
20493, 62.7531
20494, 62.7531
20495, 62.7545
20496, 62.755
20497, 62.7559
20498, 62.7569
20499, 62.7569
20500, 62.7574
20501, 62.7578
20502, 62.7588
20503, 62.7593
20504, 62.7617
20505, 62.7631
20506, 62.7636
20507, 62.7645
20508, 62.7645
20509, 62.765
20510, 62.7659
20511, 62.7669
20512, 62.7693
20513, 62.7707
20514, 62.7717
20515, 62.7769
20516, 62.7774
20517, 62.7788
20518, 62.7797
20519, 62.7797
20520, 62.7831
20521, 62.785
20522, 62.785
20523, 62.7878
20524, 62.7878
20525, 62.7897
20526, 62.7897
20527, 62.7902
20528, 62.7921
20529, 62.7926
20530, 62.7936
20531, 62.7936
20532, 62.7983
20533, 62.7983
20534, 62.7988
20535, 62.7997
20536, 62.8007
20537, 62.8012
20538, 62.8012
20539, 62.8012
20540, 62.804
20541, 62.804
20542, 62.8064
20543, 62.8069
20544, 62.8074
20545, 62.8107
20546, 62.8112
20547, 62.8117
20548, 62.814
20549, 62.8164
20550, 62.8164
20551, 62.8183
20552, 62.8183
20553, 62.8193
20554, 62.8202
20555, 62.8207
20556, 62.8221
20557, 62.8226
20558, 62.8236
20559, 62.825
20560, 62.8259
20561, 62.8264
20562, 62.8269
20563, 62.8274
20564, 62.8293
20565, 62.8293
20566, 62.8297
20567, 62.8307
20568, 62.8321
20569, 62.8321
20570, 62.8369
20571, 62.8369
20572, 62.8378
20573, 62.8378
20574, 62.8388
20575, 62.8393
20576, 62.8397
20577, 62.8426
20578, 62.844
20579, 62.8478
20580, 62.8483
20581, 62.8483
20582, 62.8493
20583, 62.8507
20584, 62.8512
20585, 62.8521
20586, 62.8531
20587, 62.8545
20588, 62.8559
20589, 62.8569
20590, 62.8578
20591, 62.8583
20592, 62.8616
20593, 62.864
20594, 62.864
20595, 62.8655
20596, 62.8664
20597, 62.8669
20598, 62.8688
20599, 62.8693
20600, 62.8707
20601, 62.8736
20602, 62.8774
20603, 62.8783
20604, 62.8797
20605, 62.8812
20606, 62.8816
20607, 62.8831
20608, 62.8845
20609, 62.8869
20610, 62.8874
20611, 62.8883
20612, 62.8888
20613, 62.8912
20614, 62.894
20615, 62.8945
20616, 62.8945
20617, 62.895
20618, 62.8959
20619, 62.8959
20620, 62.8959
20621, 62.8964
20622, 62.8978
20623, 62.8983
20624, 62.8983
20625, 62.9031
20626, 62.904
20627, 62.9045
20628, 62.9059
20629, 62.9059
20630, 62.9074
20631, 62.9074
20632, 62.9078
20633, 62.9078
20634, 62.9102
20635, 62.9112
20636, 62.9121
20637, 62.914
20638, 62.9145
20639, 62.915
20640, 62.9169
20641, 62.9169
20642, 62.9183
20643, 62.9183
20644, 62.9245
20645, 62.925
20646, 62.925
20647, 62.925
20648, 62.9255
20649, 62.9255
20650, 62.9269
20651, 62.9274
20652, 62.9297
20653, 62.9321
20654, 62.9321
20655, 62.9345
20656, 62.9355
20657, 62.9359
20658, 62.9359
20659, 62.9369
20660, 62.9378
20661, 62.9436
20662, 62.9445
20663, 62.945
20664, 62.9459
20665, 62.9469
20666, 62.9478
20667, 62.9478
20668, 62.9483
20669, 62.9526
20670, 62.954
20671, 62.9564
20672, 62.9569
20673, 62.9588
20674, 62.9588
20675, 62.9593
20676, 62.9602
20677, 62.9607
20678, 62.9631
20679, 62.9636
20680, 62.9645
20681, 62.9645
20682, 62.965
20683, 62.965
20684, 62.9659
20685, 62.9659
20686, 62.9674
20687, 62.9674
20688, 62.9693
20689, 62.9693
20690, 62.9693
20691, 62.9693
20692, 62.9702
20693, 62.9707
20694, 62.9721
20695, 62.9745
20696, 62.9755
20697, 62.9774
20698, 62.9774
20699, 62.9793
20700, 62.9797
20701, 62.9812
20702, 62.9812
20703, 62.9821
20704, 62.9836
20705, 62.984
20706, 62.9855
20707, 62.9878
20708, 62.9883
20709, 62.9897
20710, 62.9907
20711, 62.9921
20712, 62.9936
20713, 62.994
20714, 62.994
20715, 62.9945
20716, 62.9964
20717, 62.9978
20718, 62.9978
20719, 62.9997
20720, 63.0002
20721, 63.0016
20722, 63.0021
20723, 63.0045
20724, 63.005
20725, 63.005
20726, 63.0055
20727, 63.0069
20728, 63.0088
20729, 63.0112
20730, 63.0131
20731, 63.0159
20732, 63.0159
20733, 63.0174
20734, 63.0178
20735, 63.0216
20736, 63.0216
20737, 63.0226
20738, 63.0231
20739, 63.0236
20740, 63.0255
20741, 63.0259
20742, 63.0274
20743, 63.0288
20744, 63.0307
20745, 63.0316
20746, 63.0316
20747, 63.0321
20748, 63.0331
20749, 63.0336
20750, 63.0336
20751, 63.035
20752, 63.0355
20753, 63.0359
20754, 63.0364
20755, 63.0364
20756, 63.0383
20757, 63.0397
20758, 63.0416
20759, 63.0436
20760, 63.0436
20761, 63.044
20762, 63.0445
20763, 63.0493
20764, 63.0502
20765, 63.0512
20766, 63.0521
20767, 63.0526
20768, 63.0555
20769, 63.0559
20770, 63.0559
20771, 63.0569
20772, 63.0578
20773, 63.0593
20774, 63.0593
20775, 63.0593
20776, 63.0597
20777, 63.0602
20778, 63.0616
20779, 63.0626
20780, 63.0631
20781, 63.0631
20782, 63.0636
20783, 63.0636
20784, 63.0659
20785, 63.0688
20786, 63.0702
20787, 63.0716
20788, 63.0731
20789, 63.0736
20790, 63.074
20791, 63.0759
20792, 63.0759
20793, 63.0769
20794, 63.0769
20795, 63.0778
20796, 63.0788
20797, 63.0802
20798, 63.0836
20799, 63.0855
20800, 63.0855
20801, 63.0864
20802, 63.0888
20803, 63.0907
20804, 63.0907
20805, 63.0912
20806, 63.0945
20807, 63.0978
20808, 63.0983
20809, 63.0997
20810, 63.1007
20811, 63.1016
20812, 63.1026
20813, 63.105
20814, 63.1083
20815, 63.1083
20816, 63.1088
20817, 63.1093
20818, 63.1097
20819, 63.1097
20820, 63.1107
20821, 63.1131
20822, 63.1135
20823, 63.1145
20824, 63.1145
20825, 63.115
20826, 63.115
20827, 63.1155
20828, 63.1159
20829, 63.1159
20830, 63.1164
20831, 63.1169
20832, 63.1174
20833, 63.1183
20834, 63.1183
20835, 63.1231
20836, 63.124
20837, 63.1255
20838, 63.1255
20839, 63.1269
20840, 63.1269
20841, 63.1274
20842, 63.1278
20843, 63.1283
20844, 63.1316
20845, 63.1331
20846, 63.135
20847, 63.1359
20848, 63.1383
20849, 63.1393
20850, 63.1402
20851, 63.1412
20852, 63.1426
20853, 63.1431
20854, 63.144
20855, 63.1445
20856, 63.145
20857, 63.1455
20858, 63.1459
20859, 63.1474
20860, 63.1512
20861, 63.1512
20862, 63.154
20863, 63.154
20864, 63.155
20865, 63.155
20866, 63.1569
20867, 63.1607
20868, 63.1626
20869, 63.1669
20870, 63.1669
20871, 63.1712
20872, 63.1716
20873, 63.1735
20874, 63.1745
20875, 63.1755
20876, 63.1764
20877, 63.1793
20878, 63.1797
20879, 63.1802
20880, 63.1807
20881, 63.1826
20882, 63.1845
20883, 63.1855
20884, 63.1874
20885, 63.1893
20886, 63.1902
20887, 63.1907
20888, 63.1912
20889, 63.1935
20890, 63.1945
20891, 63.195
20892, 63.195
20893, 63.1959
20894, 63.1959
20895, 63.1974
20896, 63.1993
20897, 63.2002
20898, 63.2012
20899, 63.2012
20900, 63.2031
20901, 63.2035
20902, 63.204
20903, 63.2045
20904, 63.205
20905, 63.205
20906, 63.2055
20907, 63.2064
20908, 63.2064
20909, 63.2069
20910, 63.2078
20911, 63.2093
20912, 63.2121
20913, 63.2121
20914, 63.2121
20915, 63.2121
20916, 63.2126
20917, 63.214
20918, 63.215
20919, 63.2155
20920, 63.2155
20921, 63.2169
20922, 63.2174
20923, 63.2188
20924, 63.2193
20925, 63.2202
20926, 63.2226
20927, 63.2231
20928, 63.2235
20929, 63.2283
20930, 63.2302
20931, 63.2307
20932, 63.2321
20933, 63.2335
20934, 63.234
20935, 63.235
20936, 63.2364
20937, 63.2369
20938, 63.2388
20939, 63.2412
20940, 63.2416
20941, 63.2421
20942, 63.2435
20943, 63.2455
20944, 63.2464
20945, 63.2469
20946, 63.2474
20947, 63.2483
20948, 63.2497
20949, 63.2512
20950, 63.2512
20951, 63.2521
20952, 63.2526
20953, 63.254
20954, 63.2559
20955, 63.2559
20956, 63.2574
20957, 63.2621
20958, 63.2659
20959, 63.2669
20960, 63.2688
20961, 63.2702
20962, 63.2716
20963, 63.2716
20964, 63.2721
20965, 63.2726
20966, 63.2731
20967, 63.2759
20968, 63.2764
20969, 63.2769
20970, 63.2774
20971, 63.2778
20972, 63.2783
20973, 63.2788
20974, 63.2797
20975, 63.2802
20976, 63.2802
20977, 63.2802
20978, 63.2812
20979, 63.2845
20980, 63.2855
20981, 63.2859
20982, 63.2869
20983, 63.2888
20984, 63.2893
20985, 63.2907
20986, 63.2916
20987, 63.2921
20988, 63.2926
20989, 63.2926
20990, 63.2935
20991, 63.294
20992, 63.294
20993, 63.2945
20994, 63.2969
20995, 63.2974
20996, 63.3002
20997, 63.3007
20998, 63.3012
20999, 63.3012
21000, 63.305
21001, 63.3064
21002, 63.3074
21003, 63.3112
21004, 63.3116
21005, 63.3145
21006, 63.3216
21007, 63.3216
21008, 63.3221
21009, 63.3226
21010, 63.3226
21011, 63.3231
21012, 63.324
21013, 63.3283
21014, 63.3293
21015, 63.3312
21016, 63.3316
21017, 63.3316
21018, 63.3321
21019, 63.334
21020, 63.3345
21021, 63.335
21022, 63.3359
21023, 63.3364
21024, 63.3369
21025, 63.3378
21026, 63.3378
21027, 63.3388
21028, 63.3388
21029, 63.3393
21030, 63.3402
21031, 63.3407
21032, 63.3416
21033, 63.3435
21034, 63.3474
21035, 63.3488
21036, 63.3488
21037, 63.3488
21038, 63.3488
21039, 63.3502
21040, 63.3516
21041, 63.3516
21042, 63.3526
21043, 63.3526
21044, 63.3535
21045, 63.3559
21046, 63.3564
21047, 63.3583
21048, 63.3597
21049, 63.3635
21050, 63.365
21051, 63.3678
21052, 63.3726
21053, 63.3735
21054, 63.374
21055, 63.3754
21056, 63.3778
21057, 63.3788
21058, 63.3812
21059, 63.3826
21060, 63.3835
21061, 63.3835
21062, 63.3845
21063, 63.385
21064, 63.3854
21065, 63.3874
21066, 63.3878
21067, 63.3878
21068, 63.3878
21069, 63.3902
21070, 63.3902
21071, 63.3902
21072, 63.3907
21073, 63.3921
21074, 63.3926
21075, 63.3926
21076, 63.394
21077, 63.3945
21078, 63.3945
21079, 63.3959
21080, 63.3974
21081, 63.3974
21082, 63.3983
21083, 63.4002
21084, 63.4012
21085, 63.4012
21086, 63.4016
21087, 63.4016
21088, 63.404
21089, 63.4045
21090, 63.4074
21091, 63.4083
21092, 63.4102
21093, 63.4102
21094, 63.4126
21095, 63.4154
21096, 63.4174
21097, 63.4178
21098, 63.4193
21099, 63.4216
21100, 63.4216
21101, 63.4235
21102, 63.424
21103, 63.424
21104, 63.4245
21105, 63.425
21106, 63.4259
21107, 63.4264
21108, 63.4269
21109, 63.4269
21110, 63.4297
21111, 63.4302
21112, 63.4312
21113, 63.4326
21114, 63.4331
21115, 63.435
21116, 63.4359
21117, 63.4359
21118, 63.4388
21119, 63.4388
21120, 63.4393
21121, 63.4393
21122, 63.4397
21123, 63.4426
21124, 63.444
21125, 63.444
21126, 63.4445
21127, 63.4454
21128, 63.4474
21129, 63.4478
21130, 63.4478
21131, 63.4502
21132, 63.4516
21133, 63.4526
21134, 63.4531
21135, 63.454
21136, 63.455
21137, 63.4554
21138, 63.4578
21139, 63.4588
21140, 63.4593
21141, 63.4593
21142, 63.4612
21143, 63.4612
21144, 63.4612
21145, 63.4616
21146, 63.4621
21147, 63.4626
21148, 63.4635
21149, 63.4697
21150, 63.4707
21151, 63.4707
21152, 63.4721
21153, 63.4721
21154, 63.474
21155, 63.475
21156, 63.4759
21157, 63.4759
21158, 63.4764
21159, 63.4821
21160, 63.4854
21161, 63.4864
21162, 63.4893
21163, 63.4907
21164, 63.4916
21165, 63.4945
21166, 63.4978
21167, 63.4978
21168, 63.4988
21169, 63.4993
21170, 63.4997
21171, 63.5002
21172, 63.5016
21173, 63.5026
21174, 63.5031
21175, 63.5045
21176, 63.5045
21177, 63.505
21178, 63.505
21179, 63.505
21180, 63.5064
21181, 63.5069
21182, 63.5112
21183, 63.5131
21184, 63.5135
21185, 63.5135
21186, 63.514
21187, 63.515
21188, 63.5164
21189, 63.5174
21190, 63.5178
21191, 63.5197
21192, 63.5197
21193, 63.5212
21194, 63.5226
21195, 63.525
21196, 63.525
21197, 63.5259
21198, 63.5288
21199, 63.5302
21200, 63.5312
21201, 63.5312
21202, 63.5312
21203, 63.5316
21204, 63.534
21205, 63.5359
21206, 63.5374
21207, 63.5378
21208, 63.5383
21209, 63.5407
21210, 63.5431
21211, 63.544
21212, 63.5445
21213, 63.5464
21214, 63.5469
21215, 63.5488
21216, 63.5493
21217, 63.5507
21218, 63.5531
21219, 63.5574
21220, 63.5583
21221, 63.5588
21222, 63.5593
21223, 63.5593
21224, 63.5602
21225, 63.5602
21226, 63.5602
21227, 63.5621
21228, 63.5664
21229, 63.5664
21230, 63.5678
21231, 63.5683
21232, 63.5688
21233, 63.5702
21234, 63.5702
21235, 63.5731
21236, 63.574
21237, 63.575
21238, 63.5764
21239, 63.5764
21240, 63.5769
21241, 63.5774
21242, 63.5778
21243, 63.5816
21244, 63.5835
21245, 63.5845
21246, 63.5878
21247, 63.5883
21248, 63.5897
21249, 63.5907
21250, 63.5926
21251, 63.5931
21252, 63.5935
21253, 63.5945
21254, 63.5954
21255, 63.5969
21256, 63.5988
21257, 63.5988
21258, 63.6016
21259, 63.6026
21260, 63.6031
21261, 63.605
21262, 63.6054
21263, 63.6069
21264, 63.6078
21265, 63.6093
21266, 63.6102
21267, 63.6116
21268, 63.6121
21269, 63.6135
21270, 63.6154
21271, 63.6173
21272, 63.6173
21273, 63.6178
21274, 63.6188
21275, 63.6226
21276, 63.6235
21277, 63.624
21278, 63.6245
21279, 63.625
21280, 63.6269
21281, 63.6283
21282, 63.6288
21283, 63.6297
21284, 63.6302
21285, 63.6307
21286, 63.6321
21287, 63.6326
21288, 63.634
21289, 63.6364
21290, 63.6373
21291, 63.6378
21292, 63.6378
21293, 63.6383
21294, 63.6393
21295, 63.6393
21296, 63.6407
21297, 63.6435
21298, 63.644
21299, 63.6459
21300, 63.6469
21301, 63.6473
21302, 63.6483
21303, 63.6483
21304, 63.6488
21305, 63.6516
21306, 63.6535
21307, 63.654
21308, 63.6573
21309, 63.6573
21310, 63.6593
21311, 63.6602
21312, 63.6631
21313, 63.664
21314, 63.664
21315, 63.6673
21316, 63.6678
21317, 63.6707
21318, 63.6707
21319, 63.6721
21320, 63.6735
21321, 63.6754
21322, 63.6754
21323, 63.6759
21324, 63.6773
21325, 63.6778
21326, 63.6807
21327, 63.6807
21328, 63.6812
21329, 63.6816
21330, 63.6845
21331, 63.6883
21332, 63.6893
21333, 63.6912
21334, 63.6945
21335, 63.6959
21336, 63.6964
21337, 63.6988
21338, 63.6997
21339, 63.6997
21340, 63.7012
21341, 63.7026
21342, 63.7026
21343, 63.7035
21344, 63.7045
21345, 63.7097
21346, 63.7107
21347, 63.7112
21348, 63.7145
21349, 63.7145
21350, 63.715
21351, 63.7183
21352, 63.7212
21353, 63.7226
21354, 63.7235
21355, 63.724
21356, 63.7269
21357, 63.7278
21358, 63.7288
21359, 63.7297
21360, 63.7312
21361, 63.7331
21362, 63.7345
21363, 63.735
21364, 63.7354
21365, 63.7393
21366, 63.7416
21367, 63.7431
21368, 63.744
21369, 63.7445
21370, 63.745
21371, 63.7464
21372, 63.7469
21373, 63.7478
21374, 63.7483
21375, 63.7497
21376, 63.7497
21377, 63.7507
21378, 63.7512
21379, 63.7512
21380, 63.7516
21381, 63.7516
21382, 63.7526
21383, 63.7531
21384, 63.7535
21385, 63.7578
21386, 63.7593
21387, 63.7621
21388, 63.7626
21389, 63.7631
21390, 63.7635
21391, 63.764
21392, 63.7645
21393, 63.7645
21394, 63.7664
21395, 63.7683
21396, 63.7697
21397, 63.7702
21398, 63.7721
21399, 63.7721
21400, 63.7721
21401, 63.7726
21402, 63.7726
21403, 63.7726
21404, 63.7731
21405, 63.7735
21406, 63.7769
21407, 63.7793
21408, 63.7807
21409, 63.7821
21410, 63.7831
21411, 63.7831
21412, 63.784
21413, 63.7845
21414, 63.7845
21415, 63.7854
21416, 63.7854
21417, 63.7869
21418, 63.7878
21419, 63.7878
21420, 63.7888
21421, 63.7888
21422, 63.7893
21423, 63.7902
21424, 63.7969
21425, 63.7997
21426, 63.8016
21427, 63.8031
21428, 63.8045
21429, 63.8045
21430, 63.8064
21431, 63.8069
21432, 63.8083
21433, 63.8088
21434, 63.8088
21435, 63.8107
21436, 63.8131
21437, 63.8159
21438, 63.8178
21439, 63.8188
21440, 63.8207
21441, 63.8226
21442, 63.824
21443, 63.8245
21444, 63.8259
21445, 63.8264
21446, 63.8288
21447, 63.8302
21448, 63.8312
21449, 63.8316
21450, 63.8331
21451, 63.8335
21452, 63.8345
21453, 63.835
21454, 63.8354
21455, 63.8392
21456, 63.8407
21457, 63.8407
21458, 63.8412
21459, 63.8416
21460, 63.8416
21461, 63.8421
21462, 63.8426
21463, 63.8435
21464, 63.8435
21465, 63.844
21466, 63.8473
21467, 63.8502
21468, 63.8521
21469, 63.8521
21470, 63.8535
21471, 63.8535
21472, 63.8588
21473, 63.8602
21474, 63.8664
21475, 63.8664
21476, 63.8669
21477, 63.8692
21478, 63.8745
21479, 63.8745
21480, 63.875
21481, 63.8754
21482, 63.8778
21483, 63.8778
21484, 63.8792
21485, 63.8797
21486, 63.8835
21487, 63.8835
21488, 63.884
21489, 63.8859
21490, 63.8873
21491, 63.8897
21492, 63.8902
21493, 63.8921
21494, 63.8926
21495, 63.8931
21496, 63.8931
21497, 63.894
21498, 63.8945
21499, 63.895
21500, 63.8954
21501, 63.8959
21502, 63.8959
21503, 63.8959
21504, 63.8964
21505, 63.8969
21506, 63.8973
21507, 63.8973
21508, 63.8978
21509, 63.8992
21510, 63.8997
21511, 63.9002
21512, 63.9012
21513, 63.9012
21514, 63.9021
21515, 63.9054
21516, 63.9054
21517, 63.9112
21518, 63.9135
21519, 63.9159
21520, 63.9169
21521, 63.9169
21522, 63.9173
21523, 63.9173
21524, 63.9183
21525, 63.9188
21526, 63.9197
21527, 63.9212
21528, 63.9216
21529, 63.9221
21530, 63.9259
21531, 63.9269
21532, 63.9283
21533, 63.9288
21534, 63.9302
21535, 63.9307
21536, 63.9312
21537, 63.9378
21538, 63.9397
21539, 63.9407
21540, 63.9407
21541, 63.9412
21542, 63.9412
21543, 63.9421
21544, 63.9426
21545, 63.9445
21546, 63.9445
21547, 63.945
21548, 63.9454
21549, 63.9459
21550, 63.9464
21551, 63.9469
21552, 63.9478
21553, 63.9492
21554, 63.9502
21555, 63.9516
21556, 63.9516
21557, 63.9521
21558, 63.9526
21559, 63.954
21560, 63.9554
21561, 63.9597
21562, 63.9602
21563, 63.9602
21564, 63.9607
21565, 63.9631
21566, 63.9659
21567, 63.9678
21568, 63.9692
21569, 63.9692
21570, 63.9707
21571, 63.9712
21572, 63.9712
21573, 63.9735
21574, 63.9735
21575, 63.974
21576, 63.975
21577, 63.9778
21578, 63.9788
21579, 63.9812
21580, 63.9835
21581, 63.9835
21582, 63.985
21583, 63.985
21584, 63.9864
21585, 63.9864
21586, 63.9892
21587, 63.9897
21588, 63.9907
21589, 63.9907
21590, 63.9921
21591, 63.9931
21592, 63.9931
21593, 63.9945
21594, 63.9954
21595, 63.9954
21596, 63.9969
21597, 63.9978
21598, 63.9978
21599, 63.9992
21600, 63.9997
21601, 64.0002
21602, 64.0078
21603, 64.0083
21604, 64.0088
21605, 64.0107
21606, 64.0116
21607, 64.0135
21608, 64.0135
21609, 64.0145
21610, 64.0221
21611, 64.0221
21612, 64.0231
21613, 64.025
21614, 64.025
21615, 64.025
21616, 64.025
21617, 64.0278
21618, 64.0297
21619, 64.0307
21620, 64.0316
21621, 64.0321
21622, 64.0335
21623, 64.0359
21624, 64.0359
21625, 64.0364
21626, 64.0364
21627, 64.0369
21628, 64.0392
21629, 64.0426
21630, 64.0435
21631, 64.0502
21632, 64.0507
21633, 64.0545
21634, 64.055
21635, 64.055
21636, 64.0569
21637, 64.0573
21638, 64.0573
21639, 64.0573
21640, 64.0592
21641, 64.0602
21642, 64.0612
21643, 64.0621
21644, 64.0669
21645, 64.0697
21646, 64.0716
21647, 64.0721
21648, 64.0745
21649, 64.0783
21650, 64.0792
21651, 64.0807
21652, 64.0812
21653, 64.0812
21654, 64.0812
21655, 64.0816
21656, 64.0826
21657, 64.0831
21658, 64.0831
21659, 64.0835
21660, 64.084
21661, 64.085
21662, 64.0859
21663, 64.0869
21664, 64.0873
21665, 64.0883
21666, 64.0883
21667, 64.0911
21668, 64.0921
21669, 64.0926
21670, 64.094
21671, 64.0954
21672, 64.0959
21673, 64.0969
21674, 64.0992
21675, 64.1007
21676, 64.104
21677, 64.1073
21678, 64.1073
21679, 64.1073
21680, 64.1083
21681, 64.1092
21682, 64.1121
21683, 64.1126
21684, 64.114
21685, 64.114
21686, 64.114
21687, 64.114
21688, 64.1159
21689, 64.1178
21690, 64.1183
21691, 64.1188
21692, 64.1192
21693, 64.1202
21694, 64.1207
21695, 64.1211
21696, 64.124
21697, 64.1254
21698, 64.1259
21699, 64.1264
21700, 64.1264
21701, 64.1269
21702, 64.1273
21703, 64.1302
21704, 64.1316
21705, 64.1331
21706, 64.1345
21707, 64.135
21708, 64.1378
21709, 64.1392
21710, 64.1397
21711, 64.1435
21712, 64.1435
21713, 64.144
21714, 64.1445
21715, 64.1469
21716, 64.1497
21717, 64.1516
21718, 64.1521
21719, 64.1521
21720, 64.1554
21721, 64.1564
21722, 64.1583
21723, 64.1583
21724, 64.1597
21725, 64.1602
21726, 64.164
21727, 64.1645
21728, 64.1669
21729, 64.1669
21730, 64.1678
21731, 64.1688
21732, 64.1697
21733, 64.1697
21734, 64.1697
21735, 64.1721
21736, 64.1731
21737, 64.1735
21738, 64.1745
21739, 64.175
21740, 64.175
21741, 64.1764
21742, 64.1778
21743, 64.1783
21744, 64.1797
21745, 64.1797
21746, 64.1802
21747, 64.1821
21748, 64.1826
21749, 64.1831
21750, 64.1835
21751, 64.184
21752, 64.1859
21753, 64.1878
21754, 64.1883
21755, 64.1883
21756, 64.1888
21757, 64.1902
21758, 64.1916
21759, 64.1921
21760, 64.1931
21761, 64.1935
21762, 64.194
21763, 64.194
21764, 64.1945
21765, 64.1973
21766, 64.1997
21767, 64.2002
21768, 64.2011
21769, 64.2026
21770, 64.2035
21771, 64.2035
21772, 64.2035
21773, 64.2045
21774, 64.2073
21775, 64.2073
21776, 64.2078
21777, 64.2088
21778, 64.2092
21779, 64.2092
21780, 64.2102
21781, 64.2116
21782, 64.2116
21783, 64.2121
21784, 64.2131
21785, 64.215
21786, 64.2173
21787, 64.2173
21788, 64.2178
21789, 64.2183
21790, 64.2183
21791, 64.2197
21792, 64.2226
21793, 64.2235
21794, 64.2235
21795, 64.224
21796, 64.2245
21797, 64.225
21798, 64.2264
21799, 64.2273
21800, 64.2288
21801, 64.2288
21802, 64.2316
21803, 64.2326
21804, 64.2326
21805, 64.235
21806, 64.2354
21807, 64.2364
21808, 64.2392
21809, 64.2421
21810, 64.2426
21811, 64.2426
21812, 64.2426
21813, 64.2431
21814, 64.2435
21815, 64.2464
21816, 64.2478
21817, 64.2478
21818, 64.2497
21819, 64.2502
21820, 64.2507
21821, 64.2531
21822, 64.2535
21823, 64.2535
21824, 64.255
21825, 64.255
21826, 64.2554
21827, 64.2564
21828, 64.2588
21829, 64.2592
21830, 64.2597
21831, 64.2602
21832, 64.2631
21833, 64.2631
21834, 64.265
21835, 64.2654
21836, 64.2659
21837, 64.2688
21838, 64.2702
21839, 64.2711
21840, 64.274
21841, 64.2797
21842, 64.2811
21843, 64.2816
21844, 64.2821
21845, 64.2821
21846, 64.2845
21847, 64.2854
21848, 64.2878
21849, 64.2911
21850, 64.2921
21851, 64.2926
21852, 64.2935
21853, 64.2959
21854, 64.2978
21855, 64.3031
21856, 64.3069
21857, 64.3097
21858, 64.3107
21859, 64.3121
21860, 64.3159
21861, 64.3169
21862, 64.3173
21863, 64.3188
21864, 64.3192
21865, 64.3197
21866, 64.3202
21867, 64.3211
21868, 64.3226
21869, 64.3235
21870, 64.324
21871, 64.3245
21872, 64.3297
21873, 64.3302
21874, 64.3311
21875, 64.3378
21876, 64.3388
21877, 64.3388
21878, 64.3397
21879, 64.3421
21880, 64.3421
21881, 64.3445
21882, 64.3445
21883, 64.3464
21884, 64.3464
21885, 64.3473
21886, 64.3478
21887, 64.3497
21888, 64.3521
21889, 64.3545
21890, 64.3554
21891, 64.3554
21892, 64.3573
21893, 64.3573
21894, 64.3573
21895, 64.3578
21896, 64.3588
21897, 64.3597
21898, 64.3626
21899, 64.364
21900, 64.3654
21901, 64.3654
21902, 64.3659
21903, 64.3683
21904, 64.3683
21905, 64.3697
21906, 64.3711
21907, 64.3711
21908, 64.3726
21909, 64.373
21910, 64.3735
21911, 64.3759
21912, 64.3764
21913, 64.3811
21914, 64.3811
21915, 64.3816
21916, 64.3816
21917, 64.3821
21918, 64.383
21919, 64.384
21920, 64.3845
21921, 64.385
21922, 64.3864
21923, 64.3869
21924, 64.3911
21925, 64.3926
21926, 64.393
21927, 64.3959
21928, 64.3959
21929, 64.3969
21930, 64.3973
21931, 64.3973
21932, 64.3978
21933, 64.3983
21934, 64.3988
21935, 64.3988
21936, 64.4021
21937, 64.403
21938, 64.405
21939, 64.4059
21940, 64.4064
21941, 64.4078
21942, 64.4102
21943, 64.4107
21944, 64.4121
21945, 64.4126
21946, 64.414
21947, 64.415
21948, 64.4154
21949, 64.4169
21950, 64.4188
21951, 64.4197
21952, 64.4202
21953, 64.4207
21954, 64.423
21955, 64.4235
21956, 64.4254
21957, 64.4259
21958, 64.4278
21959, 64.4283
21960, 64.4288
21961, 64.4292
21962, 64.4297
21963, 64.4302
21964, 64.4302
21965, 64.4345
21966, 64.435
21967, 64.4383
21968, 64.4388
21969, 64.4388
21970, 64.4411
21971, 64.4421
21972, 64.4426
21973, 64.443
21974, 64.4435
21975, 64.4435
21976, 64.4459
21977, 64.4469
21978, 64.4473
21979, 64.4478
21980, 64.4488
21981, 64.4502
21982, 64.4526
21983, 64.4526
21984, 64.453
21985, 64.453
21986, 64.4535
21987, 64.4545
21988, 64.4554
21989, 64.4554
21990, 64.4564
21991, 64.4592
21992, 64.4621
21993, 64.4626
21994, 64.4626
21995, 64.4626
21996, 64.4659
21997, 64.4688
21998, 64.4697
21999, 64.473
22000, 64.473
22001, 64.474
22002, 64.4745
22003, 64.4764
22004, 64.4769
22005, 64.4773
22006, 64.4816
22007, 64.4821
22008, 64.4821
22009, 64.4854
22010, 64.4921
22011, 64.4921
22012, 64.493
22013, 64.495
22014, 64.4964
22015, 64.4978
22016, 64.5002
22017, 64.5016
22018, 64.5021
22019, 64.5026
22020, 64.503
22021, 64.503
22022, 64.5035
22023, 64.5045
22024, 64.5059
22025, 64.5069
22026, 64.5073
22027, 64.5078
22028, 64.5088
22029, 64.5092
22030, 64.5092
22031, 64.5111
22032, 64.5126
22033, 64.514
22034, 64.5154
22035, 64.5188
22036, 64.5202
22037, 64.5207
22038, 64.5207
22039, 64.5226
22040, 64.525
22041, 64.5254
22042, 64.5254
22043, 64.5264
22044, 64.5278
22045, 64.5278
22046, 64.5278
22047, 64.5307
22048, 64.534
22049, 64.5354
22050, 64.5359
22051, 64.5364
22052, 64.5369
22053, 64.5373
22054, 64.5388
22055, 64.5426
22056, 64.5426
22057, 64.5435
22058, 64.5435
22059, 64.5478
22060, 64.5526
22061, 64.5545
22062, 64.555
22063, 64.5578
22064, 64.5583
22065, 64.5607
22066, 64.5607
22067, 64.5611
22068, 64.5611
22069, 64.5616
22070, 64.5635
22071, 64.564
22072, 64.5707
22073, 64.5707
22074, 64.5711
22075, 64.5726
22076, 64.573
22077, 64.5745
22078, 64.5754
22079, 64.5754
22080, 64.5773
22081, 64.5788
22082, 64.5807
22083, 64.5826
22084, 64.5845
22085, 64.5849
22086, 64.5869
22087, 64.5878
22088, 64.5897
22089, 64.5916
22090, 64.5935
22091, 64.594
22092, 64.5945
22093, 64.5949
22094, 64.5959
22095, 64.5978
22096, 64.6007
22097, 64.6016
22098, 64.603
22099, 64.603
22100, 64.6045
22101, 64.6078
22102, 64.6088
22103, 64.6107
22104, 64.6111
22105, 64.6121
22106, 64.6126
22107, 64.6145
22108, 64.6149
22109, 64.6154
22110, 64.6159
22111, 64.6188
22112, 64.6192
22113, 64.6192
22114, 64.6192
22115, 64.6221
22116, 64.633
22117, 64.6364
22118, 64.6373
22119, 64.6388
22120, 64.6402
22121, 64.6416
22122, 64.6416
22123, 64.644
22124, 64.6445
22125, 64.6464
22126, 64.6473
22127, 64.6526
22128, 64.654
22129, 64.6573
22130, 64.6573
22131, 64.6583
22132, 64.6607
22133, 64.6611
22134, 64.6616
22135, 64.6616
22136, 64.6626
22137, 64.6635
22138, 64.664
22139, 64.6664
22140, 64.6678
22141, 64.6688
22142, 64.6688
22143, 64.6692
22144, 64.6697
22145, 64.6726
22146, 64.673
22147, 64.6745
22148, 64.6745
22149, 64.6749
22150, 64.6759
22151, 64.6759
22152, 64.6773
22153, 64.6773
22154, 64.6783
22155, 64.6807
22156, 64.6816
22157, 64.6821
22158, 64.6854
22159, 64.6854
22160, 64.6859
22161, 64.6869
22162, 64.693
22163, 64.694
22164, 64.6949
22165, 64.6969
22166, 64.6983
22167, 64.6983
22168, 64.6997
22169, 64.7011
22170, 64.7016
22171, 64.704
22172, 64.7097
22173, 64.7102
22174, 64.7107
22175, 64.7121
22176, 64.713
22177, 64.714
22178, 64.7159
22179, 64.7216
22180, 64.7221
22181, 64.7254
22182, 64.7259
22183, 64.7264
22184, 64.7269
22185, 64.7278
22186, 64.7288
22187, 64.7302
22188, 64.7316
22189, 64.7335
22190, 64.7345
22191, 64.7354
22192, 64.7388
22193, 64.7392
22194, 64.7407
22195, 64.7454
22196, 64.7459
22197, 64.7497
22198, 64.7507
22199, 64.7511
22200, 64.7569
22201, 64.7583
22202, 64.7588
22203, 64.7588
22204, 64.7597
22205, 64.7616
22206, 64.764
22207, 64.7678
22208, 64.7683
22209, 64.7683
22210, 64.7688
22211, 64.7707
22212, 64.7711
22213, 64.7711
22214, 64.7721
22215, 64.7726
22216, 64.7735
22217, 64.7745
22218, 64.7749
22219, 64.7778
22220, 64.7807
22221, 64.7811
22222, 64.784
22223, 64.7854
22224, 64.7869
22225, 64.7873
22226, 64.7878
22227, 64.7883
22228, 64.7883
22229, 64.7916
22230, 64.7926
22231, 64.7945
22232, 64.7949
22233, 64.7969
22234, 64.7983
22235, 64.8002
22236, 64.8007
22237, 64.8011
22238, 64.8035
22239, 64.8073
22240, 64.8073
22241, 64.8078
22242, 64.8092
22243, 64.8111
22244, 64.813
22245, 64.814
22246, 64.8154
22247, 64.8164
22248, 64.8164
22249, 64.8178
22250, 64.8188
22251, 64.8221
22252, 64.8226
22253, 64.8259
22254, 64.8288
22255, 64.8302
22256, 64.834
22257, 64.8349
22258, 64.8349
22259, 64.8364
22260, 64.8364
22261, 64.8392
22262, 64.8416
22263, 64.8449
22264, 64.8454
22265, 64.8468
22266, 64.8507
22267, 64.8559
22268, 64.8564
22269, 64.8578
22270, 64.8578
22271, 64.8588
22272, 64.8602
22273, 64.8602
22274, 64.8602
22275, 64.8607
22276, 64.8611
22277, 64.8616
22278, 64.8621
22279, 64.863
22280, 64.8649
22281, 64.8659
22282, 64.8664
22283, 64.8668
22284, 64.8678
22285, 64.8683
22286, 64.8692
22287, 64.8697
22288, 64.8702
22289, 64.8707
22290, 64.8707
22291, 64.8726
22292, 64.873
22293, 64.8778
22294, 64.8783
22295, 64.8797
22296, 64.8816
22297, 64.8821
22298, 64.8826
22299, 64.8873
22300, 64.8883
22301, 64.8888
22302, 64.8907
22303, 64.8926
22304, 64.8945
22305, 64.8949
22306, 64.8949
22307, 64.8954
22308, 64.8968
22309, 64.8992
22310, 64.9002
22311, 64.9011
22312, 64.9045
22313, 64.9059
22314, 64.9092
22315, 64.9102
22316, 64.9149
22317, 64.9178
22318, 64.9226
22319, 64.9245
22320, 64.9278
22321, 64.9283
22322, 64.9311
22323, 64.9311
22324, 64.9345
22325, 64.9364
22326, 64.9388
22327, 64.9392
22328, 64.9392
22329, 64.9392
22330, 64.9402
22331, 64.9435
22332, 64.9445
22333, 64.9449
22334, 64.9459
22335, 64.9459
22336, 64.9468
22337, 64.9488
22338, 64.9497
22339, 64.9497
22340, 64.9521
22341, 64.954
22342, 64.954
22343, 64.9545
22344, 64.9554
22345, 64.9592
22346, 64.9607
22347, 64.9616
22348, 64.9645
22349, 64.9659
22350, 64.9668
22351, 64.9678
22352, 64.9697
22353, 64.9726
22354, 64.9726
22355, 64.973
22356, 64.973
22357, 64.9764
22358, 64.9768
22359, 64.9773
22360, 64.9778
22361, 64.9792
22362, 64.9797
22363, 64.9811
22364, 64.9816
22365, 64.9835
22366, 64.9859
22367, 64.9864
22368, 64.9873
22369, 64.9902
22370, 64.994
22371, 64.9973
22372, 65.0002
22373, 65.0026
22374, 65.004
22375, 65.004
22376, 65.0054
22377, 65.0111
22378, 65.0116
22379, 65.0116
22380, 65.0126
22381, 65.0126
22382, 65.013
22383, 65.014
22384, 65.0145
22385, 65.0164
22386, 65.0192
22387, 65.0211
22388, 65.023
22389, 65.0235
22390, 65.0245
22391, 65.0259
22392, 65.0259
22393, 65.0273
22394, 65.0283
22395, 65.0311
22396, 65.0364
22397, 65.0368
22398, 65.0373
22399, 65.0378
22400, 65.0407
22401, 65.0421
22402, 65.0454
22403, 65.0468
22404, 65.0468
22405, 65.0478
22406, 65.0521
22407, 65.0521
22408, 65.0526
22409, 65.0535
22410, 65.054
22411, 65.054
22412, 65.0545
22413, 65.0559
22414, 65.0564
22415, 65.0568
22416, 65.0578
22417, 65.0607
22418, 65.0635
22419, 65.0645
22420, 65.0678
22421, 65.0688
22422, 65.0697
22423, 65.0716
22424, 65.0726
22425, 65.073
22426, 65.0787
22427, 65.0792
22428, 65.0807
22429, 65.0826
22430, 65.0826
22431, 65.0835
22432, 65.0878
22433, 65.0883
22434, 65.0907
22435, 65.0926
22436, 65.093
22437, 65.0945
22438, 65.0949
22439, 65.0964
22440, 65.0968
22441, 65.0973
22442, 65.0973
22443, 65.0987
22444, 65.0992
22445, 65.0997
22446, 65.1026
22447, 65.1026
22448, 65.104
22449, 65.1049
22450, 65.1054
22451, 65.1068
22452, 65.1102
22453, 65.1126
22454, 65.113
22455, 65.113
22456, 65.1135
22457, 65.1135
22458, 65.1149
22459, 65.1159
22460, 65.1168
22461, 65.1173
22462, 65.1197
22463, 65.1221
22464, 65.124
22465, 65.1297
22466, 65.1302
22467, 65.1302
22468, 65.1316
22469, 65.1345
22470, 65.1345
22471, 65.1354
22472, 65.1364
22473, 65.1364
22474, 65.1373
22475, 65.1387
22476, 65.1392
22477, 65.1392
22478, 65.1397
22479, 65.1411
22480, 65.1421
22481, 65.1435
22482, 65.1445
22483, 65.1459
22484, 65.1464
22485, 65.1483
22486, 65.1487
22487, 65.1487
22488, 65.1492
22489, 65.1526
22490, 65.154
22491, 65.1554
22492, 65.1568
22493, 65.1573
22494, 65.1597
22495, 65.1607
22496, 65.1616
22497, 65.163
22498, 65.163
22499, 65.1654
22500, 65.1673
22501, 65.1692
22502, 65.1711
22503, 65.1716
22504, 65.1716
22505, 65.173
22506, 65.174
22507, 65.1754
22508, 65.1773
22509, 65.1773
22510, 65.1783
22511, 65.1802
22512, 65.1811
22513, 65.1826
22514, 65.1859
22515, 65.1868
22516, 65.1887
22517, 65.1911
22518, 65.194
22519, 65.1945
22520, 65.1954
22521, 65.1954
22522, 65.1964
22523, 65.1987
22524, 65.2011
22525, 65.2016
22526, 65.2026
22527, 65.203
22528, 65.2059
22529, 65.2059
22530, 65.2064
22531, 65.2107
22532, 65.213
22533, 65.2149
22534, 65.2154
22535, 65.2168
22536, 65.2187
22537, 65.2216
22538, 65.224
22539, 65.2259
22540, 65.2264
22541, 65.2264
22542, 65.2316
22543, 65.2316
22544, 65.2321
22545, 65.2349
22546, 65.2407
22547, 65.2411
22548, 65.2411
22549, 65.2426
22550, 65.2492
22551, 65.2559
22552, 65.2568
22553, 65.2573
22554, 65.2573
22555, 65.2583
22556, 65.2611
22557, 65.264
22558, 65.2645
22559, 65.2678
22560, 65.2678
22561, 65.2692
22562, 65.2702
22563, 65.2707
22564, 65.2726
22565, 65.273
22566, 65.2759
22567, 65.2783
22568, 65.2783
22569, 65.2787
22570, 65.2797
22571, 65.2849
22572, 65.2859
22573, 65.2864
22574, 65.2868
22575, 65.2883
22576, 65.2887
22577, 65.2902
22578, 65.2916
22579, 65.294
22580, 65.2949
22581, 65.2954
22582, 65.2964
22583, 65.2973
22584, 65.2978
22585, 65.2992
22586, 65.2997
22587, 65.2997
22588, 65.3007
22589, 65.3026
22590, 65.303
22591, 65.3049
22592, 65.3059
22593, 65.3116
22594, 65.3126
22595, 65.313
22596, 65.3149
22597, 65.3168
22598, 65.3178
22599, 65.3178
22600, 65.3178
22601, 65.3183
22602, 65.3221
22603, 65.323
22604, 65.3235
22605, 65.3245
22606, 65.3273
22607, 65.3297
22608, 65.3311
22609, 65.333
22610, 65.334
22611, 65.3349
22612, 65.3368
22613, 65.3373
22614, 65.3373
22615, 65.3373
22616, 65.3383
22617, 65.3435
22618, 65.3435
22619, 65.3454
22620, 65.3459
22621, 65.3478
22622, 65.3487
22623, 65.3487
22624, 65.3492
22625, 65.3502
22626, 65.3521
22627, 65.3573
22628, 65.3578
22629, 65.3587
22630, 65.3597
22631, 65.3621
22632, 65.3635
22633, 65.3635
22634, 65.3654
22635, 65.3654
22636, 65.3697
22637, 65.3706
22638, 65.3721
22639, 65.3726
22640, 65.373
22641, 65.3735
22642, 65.3745
22643, 65.3754
22644, 65.3759
22645, 65.3773
22646, 65.3773
22647, 65.3783
22648, 65.3787
22649, 65.3816
22650, 65.3835
22651, 65.3835
22652, 65.384
22653, 65.3854
22654, 65.3864
22655, 65.3868
22656, 65.3887
22657, 65.3926
22658, 65.393
22659, 65.3945
22660, 65.3949
22661, 65.3964
22662, 65.3983
22663, 65.3983
22664, 65.3983
22665, 65.3983
22666, 65.3997
22667, 65.4006
22668, 65.4016
22669, 65.4021
22670, 65.4021
22671, 65.4026
22672, 65.4064
22673, 65.4097
22674, 65.4111
22675, 65.4126
22676, 65.4126
22677, 65.413
22678, 65.4135
22679, 65.414
22680, 65.4149
22681, 65.4154
22682, 65.4183
22683, 65.4192
22684, 65.4192
22685, 65.4197
22686, 65.4211
22687, 65.4211
22688, 65.4211
22689, 65.4221
22690, 65.4226
22691, 65.4249
22692, 65.4268
22693, 65.4268
22694, 65.4273
22695, 65.4283
22696, 65.4297
22697, 65.4306
22698, 65.4306
22699, 65.4326
22700, 65.4335
22701, 65.434
22702, 65.4345
22703, 65.4406
22704, 65.4411
22705, 65.4421
22706, 65.4435
22707, 65.4435
22708, 65.4435
22709, 65.4454
22710, 65.4464
22711, 65.4478
22712, 65.4487
22713, 65.4492
22714, 65.4511
22715, 65.4521
22716, 65.4521
22717, 65.454
22718, 65.4554
22719, 65.4564
22720, 65.4573
22721, 65.4578
22722, 65.4583
22723, 65.4583
22724, 65.4587
22725, 65.4611
22726, 65.464
22727, 65.4668
22728, 65.4678
22729, 65.4678
22730, 65.4702
22731, 65.4726
22732, 65.474
22733, 65.474
22734, 65.474
22735, 65.4759
22736, 65.4768
22737, 65.4778
22738, 65.4792
22739, 65.4792
22740, 65.4802
22741, 65.4816
22742, 65.4816
22743, 65.4821
22744, 65.4826
22745, 65.4845
22746, 65.4854
22747, 65.4864
22748, 65.4935
22749, 65.494
22750, 65.4949
22751, 65.4997
22752, 65.504
22753, 65.5049
22754, 65.5049
22755, 65.5054
22756, 65.5054
22757, 65.5054
22758, 65.5059
22759, 65.5064
22760, 65.5135
22761, 65.514
22762, 65.5145
22763, 65.5187
22764, 65.5206
22765, 65.5216
22766, 65.5235
22767, 65.524
22768, 65.5249
22769, 65.5249
22770, 65.5254
22771, 65.5259
22772, 65.5273
22773, 65.5283
22774, 65.5311
22775, 65.5321
22776, 65.5345
22777, 65.5368
22778, 65.5368
22779, 65.5397
22780, 65.5468
22781, 65.5492
22782, 65.5492
22783, 65.5497
22784, 65.5535
22785, 65.5545
22786, 65.5583
22787, 65.5611
22788, 65.5635
22789, 65.5635
22790, 65.5664
22791, 65.5668
22792, 65.5702
22793, 65.5716
22794, 65.5725
22795, 65.5735
22796, 65.5759
22797, 65.5764
22798, 65.5778
22799, 65.5806
22800, 65.5825
22801, 65.583
22802, 65.584
22803, 65.5868
22804, 65.5887
22805, 65.5902
22806, 65.5945
22807, 65.5949
22808, 65.5959
22809, 65.5964
22810, 65.5978
22811, 65.5987
22812, 65.6006
22813, 65.6011
22814, 65.603
22815, 65.6035
22816, 65.6092
22817, 65.6111
22818, 65.6111
22819, 65.6116
22820, 65.6121
22821, 65.6164
22822, 65.6164
22823, 65.6178
22824, 65.6197
22825, 65.6206
22826, 65.6211
22827, 65.6221
22828, 65.6221
22829, 65.6273
22830, 65.6292
22831, 65.6302
22832, 65.6311
22833, 65.6325
22834, 65.6335
22835, 65.634
22836, 65.6354
22837, 65.6359
22838, 65.6359
22839, 65.6368
22840, 65.6392
22841, 65.6402
22842, 65.6445
22843, 65.6449
22844, 65.6478
22845, 65.6487
22846, 65.6492
22847, 65.6549
22848, 65.6587
22849, 65.6587
22850, 65.6602
22851, 65.6606
22852, 65.6606
22853, 65.6621
22854, 65.6625
22855, 65.6664
22856, 65.6668
22857, 65.6697
22858, 65.6721
22859, 65.6721
22860, 65.6725
22861, 65.6754
22862, 65.6754
22863, 65.6759
22864, 65.6768
22865, 65.6773
22866, 65.6787
22867, 65.6811
22868, 65.6816
22869, 65.6845
22870, 65.6849
22871, 65.6854
22872, 65.6868
22873, 65.6878
22874, 65.6935
22875, 65.6987
22876, 65.6992
22877, 65.7021
22878, 65.7054
22879, 65.7059
22880, 65.7073
22881, 65.7106
22882, 65.7135
22883, 65.7149
22884, 65.7159
22885, 65.7173
22886, 65.7183
22887, 65.7183
22888, 65.7183
22889, 65.7249
22890, 65.7287
22891, 65.7311
22892, 65.7311
22893, 65.7321
22894, 65.7321
22895, 65.7335
22896, 65.7349
22897, 65.7354
22898, 65.7368
22899, 65.7392
22900, 65.7411
22901, 65.7416
22902, 65.743
22903, 65.7487
22904, 65.7511
22905, 65.7587
22906, 65.7606
22907, 65.7621
22908, 65.7621
22909, 65.7625
22910, 65.7635
22911, 65.7664
22912, 65.7683
22913, 65.7721
22914, 65.7721
22915, 65.774
22916, 65.7749
22917, 65.7773
22918, 65.7892
22919, 65.7892
22920, 65.7902
22921, 65.7902
22922, 65.7925
22923, 65.793
22924, 65.7945
22925, 65.7945
22926, 65.7949
22927, 65.7973
22928, 65.7987
22929, 65.8006
22930, 65.8016
22931, 65.8021
22932, 65.8045
22933, 65.8059
22934, 65.8064
22935, 65.8064
22936, 65.8068
22937, 65.8083
22938, 65.8083
22939, 65.8092
22940, 65.813
22941, 65.813
22942, 65.8135
22943, 65.8187
22944, 65.8187
22945, 65.8197
22946, 65.8202
22947, 65.8211
22948, 65.8244
22949, 65.8249
22950, 65.8254
22951, 65.8264
22952, 65.8268
22953, 65.8278
22954, 65.8344
22955, 65.8354
22956, 65.8359
22957, 65.8397
22958, 65.8411
22959, 65.8416
22960, 65.8421
22961, 65.843
22962, 65.843
22963, 65.8454
22964, 65.8516
22965, 65.8535
22966, 65.8573
22967, 65.8611
22968, 65.8635
22969, 65.8635
22970, 65.8654
22971, 65.8668
22972, 65.8706
22973, 65.8706
22974, 65.8721
22975, 65.8725
22976, 65.8773
22977, 65.8797
22978, 65.8835
22979, 65.8887
22980, 65.8892
22981, 65.8897
22982, 65.8949
22983, 65.8954
22984, 65.8964
22985, 65.8978
22986, 65.9006
22987, 65.9011
22988, 65.9021
22989, 65.9059
22990, 65.9064
22991, 65.9078
22992, 65.9083
22993, 65.9097
22994, 65.9121
22995, 65.9121
22996, 65.9144
22997, 65.9159
22998, 65.9187
22999, 65.9216
23000, 65.9221
23001, 65.9287
23002, 65.9297
23003, 65.9302
23004, 65.9306
23005, 65.9344
23006, 65.9368
23007, 65.9392
23008, 65.9406
23009, 65.943
23010, 65.9468
23011, 65.9468
23012, 65.9478
23013, 65.9525
23014, 65.953
23015, 65.9535
23016, 65.9544
23017, 65.9587
23018, 65.9592
23019, 65.9602
23020, 65.9644
23021, 65.9683
23022, 65.9687
23023, 65.9706
23024, 65.9725
23025, 65.973
23026, 65.973
23027, 65.9744
23028, 65.9764
23029, 65.9787
23030, 65.983
23031, 65.983
23032, 65.9844
23033, 65.9844
23034, 65.9868
23035, 65.9897
23036, 65.9897
23037, 65.9911
23038, 65.9916
23039, 65.9916
23040, 65.9925
23041, 65.994
23042, 65.9944
23043, 65.9959
23044, 65.9964
23045, 66.0054
23046, 66.0059
23047, 66.0068
23048, 66.0073
23049, 66.0078
23050, 66.0083
23051, 66.0092
23052, 66.0106
23053, 66.0111
23054, 66.0125
23055, 66.0125
23056, 66.013
23057, 66.013
23058, 66.014
23059, 66.0144
23060, 66.0144
23061, 66.0159
23062, 66.0178
23063, 66.0183
23064, 66.0287
23065, 66.0311
23066, 66.0316
23067, 66.033
23068, 66.0378
23069, 66.0397
23070, 66.0416
23071, 66.0421
23072, 66.043
23073, 66.044
23074, 66.044
23075, 66.0459
23076, 66.0468
23077, 66.0468
23078, 66.0487
23079, 66.0506
23080, 66.054
23081, 66.0544
23082, 66.0549
23083, 66.0559
23084, 66.0573
23085, 66.0578
23086, 66.0621
23087, 66.063
23088, 66.0635
23089, 66.0644
23090, 66.0644
23091, 66.0663
23092, 66.0663
23093, 66.0683
23094, 66.0692
23095, 66.0711
23096, 66.0716
23097, 66.0725
23098, 66.0763
23099, 66.0792
23100, 66.0797
23101, 66.0811
23102, 66.0821
23103, 66.0825
23104, 66.083
23105, 66.0844
23106, 66.0863
23107, 66.0887
23108, 66.0892
23109, 66.0925
23110, 66.094
23111, 66.0963
23112, 66.1002
23113, 66.1006
23114, 66.1011
23115, 66.1016
23116, 66.1021
23117, 66.104
23118, 66.1049
23119, 66.1063
23120, 66.1121
23121, 66.1163
23122, 66.1173
23123, 66.1192
23124, 66.1225
23125, 66.123
23126, 66.1259
23127, 66.1268
23128, 66.1292
23129, 66.1316
23130, 66.1368
23131, 66.1373
23132, 66.1378
23133, 66.1392
23134, 66.1402
23135, 66.1444
23136, 66.1468
23137, 66.1506
23138, 66.1521
23139, 66.154
23140, 66.1544
23141, 66.1554
23142, 66.1559
23143, 66.1654
23144, 66.1673
23145, 66.1683
23146, 66.1702
23147, 66.1706
23148, 66.1721
23149, 66.1725
23150, 66.174
23151, 66.1749
23152, 66.1759
23153, 66.1773
23154, 66.1787
23155, 66.183
23156, 66.1844
23157, 66.1863
23158, 66.1868
23159, 66.1906
23160, 66.1906
23161, 66.193
23162, 66.1935
23163, 66.1959
23164, 66.1959
23165, 66.1959
23166, 66.1973
23167, 66.2025
23168, 66.2025
23169, 66.2054
23170, 66.2083
23171, 66.2087
23172, 66.2149
23173, 66.2173
23174, 66.2221
23175, 66.2235
23176, 66.2268
23177, 66.2287
23178, 66.2311
23179, 66.2316
23180, 66.2349
23181, 66.2359
23182, 66.2363
23183, 66.2392
23184, 66.2397
23185, 66.2421
23186, 66.2421
23187, 66.244
23188, 66.2449
23189, 66.2473
23190, 66.2478
23191, 66.2506
23192, 66.253
23193, 66.2563
23194, 66.2644
23195, 66.2683
23196, 66.2697
23197, 66.2711
23198, 66.2711
23199, 66.2711
23200, 66.2735
23201, 66.2744
23202, 66.2821
23203, 66.2821
23204, 66.2835
23205, 66.284
23206, 66.2844
23207, 66.2859
23208, 66.2883
23209, 66.2887
23210, 66.293
23211, 66.294
23212, 66.2959
23213, 66.2959
23214, 66.2973
23215, 66.2987
23216, 66.3016
23217, 66.303
23218, 66.3035
23219, 66.3035
23220, 66.3054
23221, 66.3078
23222, 66.3111
23223, 66.3116
23224, 66.3159
23225, 66.3168
23226, 66.3259
23227, 66.3278
23228, 66.334
23229, 66.3354
23230, 66.3363
23231, 66.3368
23232, 66.3378
23233, 66.3397
23234, 66.3406
23235, 66.3463
23236, 66.3468
23237, 66.3482
23238, 66.3516
23239, 66.3516
23240, 66.3521
23241, 66.3521
23242, 66.3544
23243, 66.3568
23244, 66.3568
23245, 66.3582
23246, 66.3587
23247, 66.3659
23248, 66.3673
23249, 66.3687
23250, 66.3687
23251, 66.373
23252, 66.3749
23253, 66.3778
23254, 66.3787
23255, 66.3802
23256, 66.383
23257, 66.3835
23258, 66.3844
23259, 66.3844
23260, 66.3844
23261, 66.3849
23262, 66.3854
23263, 66.3878
23264, 66.3887
23265, 66.3897
23266, 66.3911
23267, 66.3944
23268, 66.3978
23269, 66.3982
23270, 66.3982
23271, 66.404
23272, 66.404
23273, 66.4044
23274, 66.4063
23275, 66.4125
23276, 66.413
23277, 66.414
23278, 66.4144
23279, 66.4178
23280, 66.4187
23281, 66.4202
23282, 66.4292
23283, 66.4306
23284, 66.4306
23285, 66.4325
23286, 66.4335
23287, 66.4363
23288, 66.4382
23289, 66.4392
23290, 66.4392
23291, 66.4397
23292, 66.4435
23293, 66.4502
23294, 66.4535
23295, 66.454
23296, 66.4563
23297, 66.4568
23298, 66.4573
23299, 66.4578
23300, 66.4592
23301, 66.4602
23302, 66.4602
23303, 66.463
23304, 66.4663
23305, 66.4668
23306, 66.4678
23307, 66.4744
23308, 66.4778
23309, 66.4782
23310, 66.4802
23311, 66.484
23312, 66.4868
23313, 66.4878
23314, 66.4892
23315, 66.4916
23316, 66.4954
23317, 66.5011
23318, 66.5044
23319, 66.5073
23320, 66.5073
23321, 66.5097
23322, 66.5116
23323, 66.5149
23324, 66.5149
23325, 66.5154
23326, 66.5187
23327, 66.5216
23328, 66.5221
23329, 66.5249
23330, 66.5278
23331, 66.5278
23332, 66.5282
23333, 66.5287
23334, 66.5287
23335, 66.5287
23336, 66.5297
23337, 66.5311
23338, 66.5311
23339, 66.5311
23340, 66.5354
23341, 66.5363
23342, 66.5368
23343, 66.5373
23344, 66.5397
23345, 66.5406
23346, 66.5416
23347, 66.543
23348, 66.543
23349, 66.5435
23350, 66.5468
23351, 66.5502
23352, 66.5502
23353, 66.5549
23354, 66.5573
23355, 66.5621
23356, 66.5687
23357, 66.5697
23358, 66.5697
23359, 66.5768
23360, 66.5768
23361, 66.5773
23362, 66.5773
23363, 66.5787
23364, 66.5825
23365, 66.5854
23366, 66.5882
23367, 66.593
23368, 66.5944
23369, 66.5944
23370, 66.5959
23371, 66.5963
23372, 66.5978
23373, 66.5987
23374, 66.5992
23375, 66.5997
23376, 66.6016
23377, 66.6025
23378, 66.6049
23379, 66.6092
23380, 66.6092
23381, 66.6111
23382, 66.6121
23383, 66.6125
23384, 66.6154
23385, 66.6182
23386, 66.6187
23387, 66.6187
23388, 66.6216
23389, 66.6225
23390, 66.6235
23391, 66.6263
23392, 66.6268
23393, 66.6268
23394, 66.6287
23395, 66.6325
23396, 66.6344
23397, 66.6373
23398, 66.6392
23399, 66.6416
23400, 66.644
23401, 66.6468
23402, 66.6478
23403, 66.6487
23404, 66.6487
23405, 66.6516
23406, 66.6516
23407, 66.6544
23408, 66.6549
23409, 66.6568
23410, 66.663
23411, 66.664
23412, 66.6649
23413, 66.6659
23414, 66.6687
23415, 66.6749
23416, 66.6749
23417, 66.6754
23418, 66.6782
23419, 66.6787
23420, 66.6821
23421, 66.6849
23422, 66.6854
23423, 66.6882
23424, 66.6954
23425, 66.6963
23426, 66.6987
23427, 66.7011
23428, 66.7063
23429, 66.7068
23430, 66.7078
23431, 66.7082
23432, 66.7135
23433, 66.7149
23434, 66.7206
23435, 66.7216
23436, 66.7221
23437, 66.724
23438, 66.7259
23439, 66.7268
23440, 66.7273
23441, 66.7287
23442, 66.7301
23443, 66.7316
23444, 66.7321
23445, 66.734
23446, 66.7368
23447, 66.7459
23448, 66.7497
23449, 66.7506
23450, 66.7511
23451, 66.7535
23452, 66.754
23453, 66.7568
23454, 66.7587
23455, 66.7601
23456, 66.7635
23457, 66.764
23458, 66.7678
23459, 66.7687
23460, 66.7697
23461, 66.7773
23462, 66.7792
23463, 66.7801
23464, 66.7811
23465, 66.7811
23466, 66.7816
23467, 66.7821
23468, 66.783
23469, 66.7873
23470, 66.7878
23471, 66.7916
23472, 66.794
23473, 66.7949
23474, 66.7982
23475, 66.804
23476, 66.8063
23477, 66.8063
23478, 66.8073
23479, 66.8101
23480, 66.813
23481, 66.8163
23482, 66.8168
23483, 66.8187
23484, 66.8197
23485, 66.8244
23486, 66.8254
23487, 66.8254
23488, 66.8278
23489, 66.834
23490, 66.8392
23491, 66.8401
23492, 66.842
23493, 66.8459
23494, 66.8478
23495, 66.8492
23496, 66.8501
23497, 66.853
23498, 66.8544
23499, 66.8554
23500, 66.8563
23501, 66.8573
23502, 66.8592
23503, 66.862
23504, 66.862
23505, 66.863
23506, 66.8663
23507, 66.8673
23508, 66.8678
23509, 66.8706
23510, 66.8716
23511, 66.872
23512, 66.873
23513, 66.8759
23514, 66.8763
23515, 66.8782
23516, 66.8797
23517, 66.882
23518, 66.883
23519, 66.884
23520, 66.8859
23521, 66.8863
23522, 66.8878
23523, 66.8911
23524, 66.892
23525, 66.893
23526, 66.8968
23527, 66.8978
23528, 66.8982
23529, 66.8997
23530, 66.9063
23531, 66.9078
23532, 66.9087
23533, 66.9092
23534, 66.9092
23535, 66.9092
23536, 66.9106
23537, 66.9192
23538, 66.922
23539, 66.923
23540, 66.9273
23541, 66.9282
23542, 66.9287
23543, 66.9306
23544, 66.9311
23545, 66.932
23546, 66.9401
23547, 66.9411
23548, 66.9435
23549, 66.9463
23550, 66.9506
23551, 66.9511
23552, 66.9511
23553, 66.9516
23554, 66.9544
23555, 66.9544
23556, 66.9568
23557, 66.9573
23558, 66.9573
23559, 66.9592
23560, 66.9625
23561, 66.9635
23562, 66.9663
23563, 66.9668
23564, 66.9706
23565, 66.9711
23566, 66.9725
23567, 66.973
23568, 66.9744
23569, 66.9773
23570, 66.9778
23571, 66.9792
23572, 66.9801
23573, 66.9801
23574, 66.9806
23575, 66.9873
23576, 66.9906
23577, 66.9911
23578, 66.993
23579, 66.9954
23580, 66.9954
23581, 66.9973
23582, 66.9982
23583, 67.0044
23584, 67.0063
23585, 67.0097
23586, 67.0106
23587, 67.012
23588, 67.013
23589, 67.0182
23590, 67.0192
23591, 67.0201
23592, 67.0216
23593, 67.0225
23594, 67.0301
23595, 67.0306
23596, 67.0354
23597, 67.0416
23598, 67.043
23599, 67.0435
23600, 67.0473
23601, 67.0487
23602, 67.0492
23603, 67.053
23604, 67.0554
23605, 67.0582
23606, 67.0587
23607, 67.0592
23608, 67.0639
23609, 67.0654
23610, 67.0654
23611, 67.0678
23612, 67.0697
23613, 67.072
23614, 67.0739
23615, 67.0778
23616, 67.0782
23617, 67.0797
23618, 67.0801
23619, 67.0859
23620, 67.0882
23621, 67.0887
23622, 67.0897
23623, 67.0911
23624, 67.093
23625, 67.0959
23626, 67.0978
23627, 67.0982
23628, 67.0992
23629, 67.0992
23630, 67.1011
23631, 67.1044
23632, 67.1044
23633, 67.1073
23634, 67.1082
23635, 67.1092
23636, 67.1106
23637, 67.1116
23638, 67.112
23639, 67.1149
23640, 67.1149
23641, 67.1149
23642, 67.1154
23643, 67.1182
23644, 67.1187
23645, 67.1197
23646, 67.1225
23647, 67.1225
23648, 67.1235
23649, 67.1263
23650, 67.1292
23651, 67.132
23652, 67.1339
23653, 67.1349
23654, 67.1363
23655, 67.1392
23656, 67.1439
23657, 67.1439
23658, 67.1487
23659, 67.1501
23660, 67.1525
23661, 67.1573
23662, 67.1578
23663, 67.1625
23664, 67.1649
23665, 67.1649
23666, 67.1687
23667, 67.1749
23668, 67.1763
23669, 67.1868
23670, 67.1878
23671, 67.1887
23672, 67.1901
23673, 67.1906
23674, 67.192
23675, 67.1935
23676, 67.1939
23677, 67.1968
23678, 67.1973
23679, 67.1982
23680, 67.2011
23681, 67.2016
23682, 67.2039
23683, 67.2049
23684, 67.2078
23685, 67.2106
23686, 67.2116
23687, 67.2125
23688, 67.2187
23689, 67.2197
23690, 67.2239
23691, 67.2254
23692, 67.2292
23693, 67.2311
23694, 67.232
23695, 67.2339
23696, 67.2349
23697, 67.2354
23698, 67.2411
23699, 67.2468
23700, 67.2506
23701, 67.2516
23702, 67.2525
23703, 67.253
23704, 67.2544
23705, 67.2606
23706, 67.2644
23707, 67.2649
23708, 67.2682
23709, 67.2787
23710, 67.2816
23711, 67.283
23712, 67.2835
23713, 67.2839
23714, 67.2839
23715, 67.2844
23716, 67.2849
23717, 67.2849
23718, 67.2859
23719, 67.2901
23720, 67.2916
23721, 67.2935
23722, 67.2954
23723, 67.2978
23724, 67.2978
23725, 67.3049
23726, 67.3049
23727, 67.3063
23728, 67.3073
23729, 67.3082
23730, 67.3125
23731, 67.3158
23732, 67.3197
23733, 67.3197
23734, 67.3211
23735, 67.3225
23736, 67.3239
23737, 67.3249
23738, 67.3268
23739, 67.3268
23740, 67.3278
23741, 67.3344
23742, 67.3358
23743, 67.3358
23744, 67.3373
23745, 67.3439
23746, 67.3454
23747, 67.3458
23748, 67.3482
23749, 67.3539
23750, 67.3539
23751, 67.3654
23752, 67.3697
23753, 67.3735
23754, 67.3816
23755, 67.382
23756, 67.3825
23757, 67.383
23758, 67.3944
23759, 67.3949
23760, 67.3954
23761, 67.3978
23762, 67.3982
23763, 67.3987
23764, 67.4006
23765, 67.403
23766, 67.4049
23767, 67.4092
23768, 67.4097
23769, 67.4149
23770, 67.4154
23771, 67.4173
23772, 67.4187
23773, 67.4211
23774, 67.422
23775, 67.4278
23776, 67.4292
23777, 67.4306
23778, 67.4344
23779, 67.4344
23780, 67.4392
23781, 67.4435
23782, 67.4439
23783, 67.4454
23784, 67.4506
23785, 67.4506
23786, 67.4511
23787, 67.4535
23788, 67.4549
23789, 67.4554
23790, 67.4563
23791, 67.4582
23792, 67.4587
23793, 67.4644
23794, 67.4668
23795, 67.4668
23796, 67.4716
23797, 67.4739
23798, 67.4763
23799, 67.4816
23800, 67.4835
23801, 67.4839
23802, 67.4849
23803, 67.4897
23804, 67.4901
23805, 67.4939
23806, 67.4949
23807, 67.4949
23808, 67.4954
23809, 67.4963
23810, 67.4973
23811, 67.4992
23812, 67.5078
23813, 67.5087
23814, 67.5092
23815, 67.512
23816, 67.513
23817, 67.5139
23818, 67.5149
23819, 67.5168
23820, 67.5197
23821, 67.5206
23822, 67.5239
23823, 67.5278
23824, 67.5316
23825, 67.5368
23826, 67.5382
23827, 67.5425
23828, 67.5435
23829, 67.5463
23830, 67.5468
23831, 67.5482
23832, 67.5487
23833, 67.5573
23834, 67.5592
23835, 67.5611
23836, 67.5616
23837, 67.5644
23838, 67.5649
23839, 67.5658
23840, 67.5668
23841, 67.5677
23842, 67.5725
23843, 67.5768
23844, 67.5773
23845, 67.5782
23846, 67.5844
23847, 67.5911
23848, 67.6011
23849, 67.6025
23850, 67.6039
23851, 67.6054
23852, 67.6068
23853, 67.6082
23854, 67.6116
23855, 67.6116
23856, 67.6144
23857, 67.6211
23858, 67.6239
23859, 67.6258
23860, 67.6277
23861, 67.6301
23862, 67.633
23863, 67.6344
23864, 67.6344
23865, 67.6349
23866, 67.6358
23867, 67.6363
23868, 67.6377
23869, 67.652
23870, 67.6544
23871, 67.6606
23872, 67.6673
23873, 67.6725
23874, 67.6725
23875, 67.6763
23876, 67.6773
23877, 67.6773
23878, 67.6801
23879, 67.6839
23880, 67.6858
23881, 67.6911
23882, 67.6916
23883, 67.692
23884, 67.6939
23885, 67.6973
23886, 67.6992
23887, 67.7063
23888, 67.7097
23889, 67.7106
23890, 67.7125
23891, 67.7125
23892, 67.7163
23893, 67.7206
23894, 67.7206
23895, 67.723
23896, 67.7316
23897, 67.7354
23898, 67.7358
23899, 67.7387
23900, 67.7392
23901, 67.7397
23902, 67.7458
23903, 67.7463
23904, 67.7482
23905, 67.7482
23906, 67.7482
23907, 67.7482
23908, 67.7516
23909, 67.7577
23910, 67.7597
23911, 67.7606
23912, 67.7606
23913, 67.7644
23914, 67.7654
23915, 67.7687
23916, 67.773
23917, 67.7768
23918, 67.7768
23919, 67.7887
23920, 67.7958
23921, 67.802
23922, 67.8111
23923, 67.8116
23924, 67.8163
23925, 67.8201
23926, 67.8206
23927, 67.8206
23928, 67.8211
23929, 67.8216
23930, 67.8235
23931, 67.8339
23932, 67.8406
23933, 67.8539
23934, 67.8563
23935, 67.8568
23936, 67.8587
23937, 67.8658
23938, 67.8668
23939, 67.8673
23940, 67.8711
23941, 67.872
23942, 67.8749
23943, 67.8749
23944, 67.8777
23945, 67.8782
23946, 67.8787
23947, 67.8796
23948, 67.882
23949, 67.8844
23950, 67.8858
23951, 67.8873
23952, 67.8887
23953, 67.8896
23954, 67.8906
23955, 67.8949
23956, 67.8963
23957, 67.8987
23958, 67.9011
23959, 67.903
23960, 67.9077
23961, 67.9101
23962, 67.9106
23963, 67.9211
23964, 67.9235
23965, 67.9263
23966, 67.9277
23967, 67.9277
23968, 67.9349
23969, 67.9368
23970, 67.9439
23971, 67.9468
23972, 67.9516
23973, 67.952
23974, 67.9535
23975, 67.9649
23976, 67.9692
23977, 67.9763
23978, 67.9768
23979, 67.9787
23980, 67.9873
23981, 67.9887
23982, 67.9911
23983, 67.9954
23984, 67.9982
23985, 68.0001
23986, 68.0096
23987, 68.0139
23988, 68.0139
23989, 68.0149
23990, 68.0168
23991, 68.0173
23992, 68.0192
23993, 68.0192
23994, 68.0196
23995, 68.0216
23996, 68.022
23997, 68.023
23998, 68.0254
23999, 68.0401
24000, 68.0463
24001, 68.0487
24002, 68.0501
24003, 68.0515
24004, 68.0563
24005, 68.0563
24006, 68.0587
24007, 68.0596
24008, 68.0654
24009, 68.0701
24010, 68.0768
24011, 68.0773
24012, 68.0773
24013, 68.0787
24014, 68.083
24015, 68.0835
24016, 68.0863
24017, 68.0877
24018, 68.0887
24019, 68.0887
24020, 68.0901
24021, 68.0925
24022, 68.0935
24023, 68.0958
24024, 68.1049
24025, 68.1054
24026, 68.1144
24027, 68.1258
24028, 68.1311
24029, 68.132
24030, 68.133
24031, 68.133
24032, 68.1396
24033, 68.1425
24034, 68.1473
24035, 68.1473
24036, 68.1473
24037, 68.153
24038, 68.1635
24039, 68.1668
24040, 68.1668
24041, 68.1749
24042, 68.1839
24043, 68.1868
24044, 68.1873
24045, 68.1877
24046, 68.1887
24047, 68.1915
24048, 68.1925
24049, 68.1939
24050, 68.1977
24051, 68.2011
24052, 68.2039
24053, 68.2068
24054, 68.2092
24055, 68.2139
24056, 68.2154
24057, 68.2173
24058, 68.2182
24059, 68.2182
24060, 68.2192
24061, 68.2201
24062, 68.2215
24063, 68.2239
24064, 68.2273
24065, 68.2292
24066, 68.2306
24067, 68.2368
24068, 68.2373
24069, 68.242
24070, 68.2487
24071, 68.2492
24072, 68.2492
24073, 68.2511
24074, 68.2568
24075, 68.2601
24076, 68.2606
24077, 68.2606
24078, 68.2754
24079, 68.2758
24080, 68.2811
24081, 68.2839
24082, 68.2892
24083, 68.2915
24084, 68.2973
24085, 68.3011
24086, 68.3039
24087, 68.3054
24088, 68.3158
24089, 68.3158
24090, 68.3192
24091, 68.3201
24092, 68.3215
24093, 68.3263
24094, 68.3296
24095, 68.3301
24096, 68.3306
24097, 68.3311
24098, 68.332
24099, 68.333
24100, 68.3373
24101, 68.3377
24102, 68.3411
24103, 68.3415
24104, 68.3539
24105, 68.3549
24106, 68.3649
24107, 68.3682
24108, 68.3696
24109, 68.3711
24110, 68.3739
24111, 68.3749
24112, 68.3768
24113, 68.3896
24114, 68.3906
24115, 68.393
24116, 68.3934
24117, 68.3973
24118, 68.3996
24119, 68.403
24120, 68.4058
24121, 68.4063
24122, 68.4125
24123, 68.4144
24124, 68.4149
24125, 68.4258
24126, 68.432
24127, 68.432
24128, 68.433
24129, 68.4406
24130, 68.4454
24131, 68.4511
24132, 68.4549
24133, 68.4549
24134, 68.4592
24135, 68.4596
24136, 68.4668
24137, 68.4706
24138, 68.473
24139, 68.4749
24140, 68.4777
24141, 68.4796
24142, 68.4811
24143, 68.4811
24144, 68.4873
24145, 68.4887
24146, 68.4906
24147, 68.492
24148, 68.4968
24149, 68.5134
24150, 68.5168
24151, 68.5249
24152, 68.5254
24153, 68.5263
24154, 68.5368
24155, 68.5392
24156, 68.5396
24157, 68.543
24158, 68.5439
24159, 68.5444
24160, 68.5458
24161, 68.5477
24162, 68.563
24163, 68.5673
24164, 68.5744
24165, 68.5753
24166, 68.5753
24167, 68.5768
24168, 68.5849
24169, 68.5853
24170, 68.5896
24171, 68.5896
24172, 68.5901
24173, 68.5901
24174, 68.5944
24175, 68.5949
24176, 68.5982
24177, 68.6034
24178, 68.6153
24179, 68.6168
24180, 68.6168
24181, 68.6201
24182, 68.6215
24183, 68.6253
24184, 68.6277
24185, 68.6306
24186, 68.6358
24187, 68.6382
24188, 68.6387
24189, 68.642
24190, 68.642
24191, 68.6434
24192, 68.6449
24193, 68.6458
24194, 68.6525
24195, 68.6568
24196, 68.6587
24197, 68.6596
24198, 68.6625
24199, 68.663
24200, 68.6749
24201, 68.6796
24202, 68.6815
24203, 68.682
24204, 68.6844
24205, 68.702
24206, 68.7106
24207, 68.7139
24208, 68.7153
24209, 68.7173
24210, 68.7177
24211, 68.7177
24212, 68.723
24213, 68.7339
24214, 68.7353
24215, 68.7373
24216, 68.7387
24217, 68.7444
24218, 68.7477
24219, 68.7534
24220, 68.7634
24221, 68.7644
24222, 68.7668
24223, 68.7677
24224, 68.7706
24225, 68.7725
24226, 68.7734
24227, 68.7739
24228, 68.7773
24229, 68.7825
24230, 68.7868
24231, 68.7877
24232, 68.7892
24233, 68.7963
24234, 68.7982
24235, 68.8001
24236, 68.8015
24237, 68.8015
24238, 68.8082
24239, 68.8092
24240, 68.8115
24241, 68.8177
24242, 68.8292
24243, 68.8339
24244, 68.8344
24245, 68.8353
24246, 68.8372
24247, 68.8396
24248, 68.8453
24249, 68.8458
24250, 68.8472
24251, 68.8568
24252, 68.8587
24253, 68.8615
24254, 68.8649
24255, 68.8649
24256, 68.8672
24257, 68.8696
24258, 68.8787
24259, 68.882
24260, 68.8853
24261, 68.8868
24262, 68.8906
24263, 68.8934
24264, 68.8953
24265, 68.9077
24266, 68.9077
24267, 68.9125
24268, 68.913
24269, 68.9144
24270, 68.9182
24271, 68.9244
24272, 68.9249
24273, 68.9258
24274, 68.9368
24275, 68.9392
24276, 68.942
24277, 68.9463
24278, 68.9482
24279, 68.9515
24280, 68.9525
24281, 68.9539
24282, 68.9539
24283, 68.9563
24284, 68.9601
24285, 68.9634
24286, 68.9649
24287, 68.9772
24288, 68.9834
24289, 68.9877
24290, 68.9934
24291, 68.9949
24292, 69.0015
24293, 69.0039
24294, 69.0063
24295, 69.0077
24296, 69.0092
24297, 69.0134
24298, 69.0201
24299, 69.0315
24300, 69.0387
24301, 69.0387
24302, 69.0411
24303, 69.0496
24304, 69.0506
24305, 69.0553
24306, 69.0596
24307, 69.0753
24308, 69.0753
24309, 69.0772
24310, 69.0811
24311, 69.0815
24312, 69.0839
24313, 69.0844
24314, 69.0868
24315, 69.0877
24316, 69.0877
24317, 69.0911
24318, 69.0939
24319, 69.0982
24320, 69.0982
24321, 69.1025
24322, 69.1039
24323, 69.1101
24324, 69.1168
24325, 69.1187
24326, 69.1206
24327, 69.122
24328, 69.1225
24329, 69.1234
24330, 69.1239
24331, 69.1249
24332, 69.132
24333, 69.1439
24334, 69.1596
24335, 69.1611
24336, 69.1615
24337, 69.1687
24338, 69.1706
24339, 69.1711
24340, 69.1711
24341, 69.1739
24342, 69.1749
24343, 69.1777
24344, 69.1825
24345, 69.1853
24346, 69.1934
24347, 69.1982
24348, 69.202
24349, 69.2072
24350, 69.2077
24351, 69.212
24352, 69.2134
24353, 69.2153
24354, 69.2177
24355, 69.2211
24356, 69.2239
24357, 69.2272
24358, 69.2282
24359, 69.2287
24360, 69.2311
24361, 69.2311
24362, 69.2349
24363, 69.2406
24364, 69.2439
24365, 69.2444
24366, 69.2463
24367, 69.2463
24368, 69.2477
24369, 69.2482
24370, 69.2482
24371, 69.2563
24372, 69.2587
24373, 69.2596
24374, 69.2606
24375, 69.2625
24376, 69.2734
24377, 69.2939
24378, 69.2958
24379, 69.2987
24380, 69.3072
24381, 69.3072
24382, 69.3144
24383, 69.3187
24384, 69.321
24385, 69.3382
24386, 69.3401
24387, 69.3501
24388, 69.353
24389, 69.3549
24390, 69.3563
24391, 69.3568
24392, 69.3625
24393, 69.3682
24394, 69.3687
24395, 69.3687
24396, 69.3715
24397, 69.373
24398, 69.3815
24399, 69.3839
24400, 69.4039
24401, 69.4049
24402, 69.4115
24403, 69.412
24404, 69.4139
24405, 69.4168
24406, 69.4191
24407, 69.4239
24408, 69.4268
24409, 69.4315
24410, 69.4339
24411, 69.4591
24412, 69.461
24413, 69.4653
24414, 69.4701
24415, 69.4844
24416, 69.492
24417, 69.4958
24418, 69.4958
24419, 69.4991
24420, 69.4991
24421, 69.4996
24422, 69.5001
24423, 69.501
24424, 69.5177
24425, 69.5182
24426, 69.5215
24427, 69.5358
24428, 69.5363
24429, 69.5396
24430, 69.5415
24431, 69.5468
24432, 69.552
24433, 69.5606
24434, 69.5687
24435, 69.5706
24436, 69.5758
24437, 69.5796
24438, 69.5796
24439, 69.5825
24440, 69.5839
24441, 69.5858
24442, 69.5929
24443, 69.5996
24444, 69.6034
24445, 69.6096
24446, 69.6201
24447, 69.6244
24448, 69.6291
24449, 69.6301
24450, 69.6315
24451, 69.6406
24452, 69.6491
24453, 69.6491
24454, 69.6529
24455, 69.6529
24456, 69.6549
24457, 69.6568
24458, 69.661
24459, 69.6663
24460, 69.6687
24461, 69.681
24462, 69.691
24463, 69.7006
24464, 69.7015
24465, 69.7034
24466, 69.7215
24467, 69.7258
24468, 69.7372
24469, 69.7444
24470, 69.7496
24471, 69.7525
24472, 69.7582
24473, 69.7615
24474, 69.7706
24475, 69.7729
24476, 69.7739
24477, 69.7772
24478, 69.782
24479, 69.7872
24480, 69.7896
24481, 69.7906
24482, 69.792
24483, 69.7925
24484, 69.8039
24485, 69.8087
24486, 69.8187
24487, 69.8229
24488, 69.8344
24489, 69.8368
24490, 69.8472
24491, 69.8525
24492, 69.8582
24493, 69.8648
24494, 69.8777
24495, 69.8791
24496, 69.8796
24497, 69.8896
24498, 69.8901
24499, 69.8958
24500, 69.8968
24501, 69.901
24502, 69.9087
24503, 69.9215
24504, 69.9291
24505, 69.9401
24506, 69.9425
24507, 69.9539
24508, 69.9634
24509, 69.9696
24510, 69.9739
24511, 69.9868
24512, 69.9977
24513, 70.0063
24514, 70.0115
24515, 70.012
24516, 70.0125
24517, 70.0139
24518, 70.0153
24519, 70.0296
24520, 70.0301
24521, 70.0353
24522, 70.0387
24523, 70.0434
24524, 70.0444
24525, 70.0467
24526, 70.0577
24527, 70.0591
24528, 70.0639
24529, 70.0644
24530, 70.0806
24531, 70.0815
24532, 70.0825
24533, 70.0906
24534, 70.0915
24535, 70.0915
24536, 70.092
24537, 70.0958
24538, 70.0958
24539, 70.0982
24540, 70.1115
24541, 70.1425
24542, 70.1444
24543, 70.1448
24544, 70.1487
24545, 70.1591
24546, 70.1634
24547, 70.1677
24548, 70.1753
24549, 70.182
24550, 70.1934
24551, 70.1934
24552, 70.202
24553, 70.2063
24554, 70.2087
24555, 70.2144
24556, 70.2263
24557, 70.241
24558, 70.2786
24559, 70.3072
24560, 70.3144
24561, 70.3163
24562, 70.3201
24563, 70.3339
24564, 70.3367
24565, 70.3372
24566, 70.352
24567, 70.3548
24568, 70.3567
24569, 70.3667
24570, 70.3777
24571, 70.3982
24572, 70.3996
24573, 70.4025
24574, 70.4072
24575, 70.4125
24576, 70.4129
24577, 70.4129
24578, 70.4172
24579, 70.4234
24580, 70.4267
24581, 70.4272
24582, 70.4272
24583, 70.4339
24584, 70.4434
24585, 70.4439
24586, 70.4453
24587, 70.4463
24588, 70.4577
24589, 70.4625
24590, 70.481
24591, 70.4858
24592, 70.4867
24593, 70.4877
24594, 70.4906
24595, 70.4948
24596, 70.502
24597, 70.5115
24598, 70.5167
24599, 70.522
24600, 70.5239
24601, 70.5248
24602, 70.5296
24603, 70.5329
24604, 70.5348
24605, 70.5463
24606, 70.5505
24607, 70.5548
24608, 70.5601
24609, 70.562
24610, 70.5701
24611, 70.5782
24612, 70.5805
24613, 70.5848
24614, 70.6077
24615, 70.6167
24616, 70.6277
24617, 70.6353
24618, 70.6372
24619, 70.6467
24620, 70.6496
24621, 70.6496
24622, 70.6534
24623, 70.6658
24624, 70.6739
24625, 70.6805
24626, 70.6863
24627, 70.6991
24628, 70.7005
24629, 70.7167
24630, 70.7167
24631, 70.7291
24632, 70.7339
24633, 70.7353
24634, 70.7448
24635, 70.7582
24636, 70.7663
24637, 70.7701
24638, 70.7782
24639, 70.7815
24640, 70.7853
24641, 70.7972
24642, 70.8058
24643, 70.8096
24644, 70.8139
24645, 70.8205
24646, 70.8315
24647, 70.8329
24648, 70.8391
24649, 70.8396
24650, 70.8482
24651, 70.8544
24652, 70.8577
24653, 70.8667
24654, 70.8767
24655, 70.8882
24656, 70.8944
24657, 70.9044
24658, 70.9053
24659, 70.9263
24660, 70.9263
24661, 70.9286
24662, 70.9401
24663, 70.9648
24664, 70.9696
24665, 70.9734
24666, 70.9739
24667, 70.9777
24668, 70.9791
24669, 70.9815
24670, 70.9915
24671, 71.0053
24672, 71.0363
24673, 71.0386
24674, 71.0482
24675, 71.0496
24676, 71.0524
24677, 71.0643
24678, 71.0701
24679, 71.0758
24680, 71.0829
24681, 71.0858
24682, 71.0953
24683, 71.0958
24684, 71.1043
24685, 71.1382
24686, 71.1386
24687, 71.1401
24688, 71.1477
24689, 71.1558
24690, 71.1634
24691, 71.1667
24692, 71.1748
24693, 71.1805
24694, 71.1805
24695, 71.1896
24696, 71.1963
24697, 71.1982
24698, 71.201
24699, 71.2024
24700, 71.2058
24701, 71.2224
24702, 71.2401
24703, 71.2424
24704, 71.2439
24705, 71.2515
24706, 71.2558
24707, 71.2724
24708, 71.3286
24709, 71.3286
24710, 71.3291
24711, 71.3377
24712, 71.3391
24713, 71.352
24714, 71.371
24715, 71.4367
24716, 71.4448
24717, 71.4629
24718, 71.4629
24719, 71.4643
24720, 71.4672
24721, 71.4758
24722, 71.4853
24723, 71.4862
24724, 71.4953
24725, 71.5067
24726, 71.5124
24727, 71.5243
24728, 71.5339
24729, 71.5496
24730, 71.5496
24731, 71.5572
24732, 71.5634
24733, 71.5796
24734, 71.5967
24735, 71.5972
24736, 71.6001
24737, 71.6091
24738, 71.6115
24739, 71.6177
24740, 71.6205
24741, 71.622
24742, 71.6434
24743, 71.6486
24744, 71.6605
24745, 71.6696
24746, 71.692
24747, 71.7062
24748, 71.7067
24749, 71.7105
24750, 71.7134
24751, 71.7172
24752, 71.7286
24753, 71.7524
24754, 71.772
24755, 71.7962
24756, 71.8372
24757, 71.8453
24758, 71.8548
24759, 71.8577
24760, 71.8872
24761, 71.902
24762, 71.9067
24763, 71.9081
24764, 71.9139
24765, 71.9148
24766, 71.9305
24767, 71.9386
24768, 71.9443
24769, 71.9715
24770, 72.0181
24771, 72.02
24772, 72.0258
24773, 72.0572
24774, 72.0648
24775, 72.0667
24776, 72.0843
24777, 72.0953
24778, 72.1
24779, 72.1005
24780, 72.1439
24781, 72.151
24782, 72.191
24783, 72.1953
24784, 72.2105
24785, 72.2272
24786, 72.2343
24787, 72.2562
24788, 72.2591
24789, 72.2734
24790, 72.3034
24791, 72.3072
24792, 72.3353
24793, 72.3467
24794, 72.3772
24795, 72.3834
24796, 72.4019
24797, 72.4081
24798, 72.4338
24799, 72.4358
24800, 72.4448
24801, 72.4581
24802, 72.461
24803, 72.4962
24804, 72.5372
24805, 72.5577
24806, 72.5619
24807, 72.5738
24808, 72.5962
24809, 72.6077
24810, 72.6353
24811, 72.6491
24812, 72.6648
24813, 72.6767
24814, 72.6886
24815, 72.6957
24816, 72.6957
24817, 72.6962
24818, 72.7115
24819, 72.7143
24820, 72.7319
24821, 72.7348
24822, 72.74
24823, 72.7534
24824, 72.8148
24825, 72.8167
24826, 72.8348
24827, 72.8357
24828, 72.8372
24829, 72.8429
24830, 72.8443
24831, 72.8557
24832, 72.8581
24833, 72.92
24834, 72.9205
24835, 72.9262
24836, 72.9324
24837, 72.9372
24838, 72.9391
24839, 72.9743
24840, 73.0086
24841, 73.0129
24842, 73.0157
24843, 73.0415
24844, 73.0557
24845, 73.06
24846, 73.0686
24847, 73.0862
24848, 73.1124
24849, 73.1405
24850, 73.1443
24851, 73.1524
24852, 73.1538
24853, 73.1553
24854, 73.2695
24855, 73.2834
24856, 73.3148
24857, 73.32
24858, 73.3205
24859, 73.341
24860, 73.3529
24861, 73.3653
24862, 73.3867
24863, 73.4086
24864, 73.4405
24865, 73.4591
24866, 73.4905
24867, 73.4919
24868, 73.5386
24869, 73.5638
24870, 73.6019
24871, 73.63
24872, 73.6948
24873, 73.7433
24874, 73.7619
24875, 73.7757
24876, 73.781
24877, 73.791
24878, 73.8029
24879, 73.81
24880, 73.8229
24881, 73.841
24882, 73.881
24883, 73.9657
24884, 73.9924
24885, 73.9967
24886, 74.0252
24887, 74.0614
24888, 74.0624
24889, 74.0671
24890, 74.1691
24891, 74.1771
24892, 74.1829
24893, 74.2091
24894, 74.3724
24895, 74.3829
24896, 74.3986
24897, 74.4133
24898, 74.5276
24899, 74.5371
24900, 74.579
24901, 74.6586
24902, 74.6948
24903, 74.7114
24904, 74.7538
24905, 74.8243
24906, 74.8567
24907, 74.8871
24908, 74.9119
24909, 74.9643
24910, 75.0247
24911, 75.0686
24912, 75.1119
24913, 75.1424
24914, 75.16
24915, 75.1928
24916, 75.2247
24917, 75.3114
24918, 75.3171
24919, 75.3186
24920, 75.3638
24921, 75.3757
24922, 75.4419
24923, 75.539
24924, 75.5666
24925, 75.5881
24926, 75.6171
24927, 75.8257
24928, 75.9695
24929, 76.0376
24930, 76.0533
24931, 76.2076
24932, 76.2452
24933, 76.2981
24934, 76.3123
24935, 76.4157
24936, 76.59
24937, 76.6857
24938, 76.6933
24939, 76.8333
24940, 76.8571
24941, 76.9
24942, 77.1095
24943, 77.2004
24944, 77.4252
24945, 77.6257
24946, 77.8466
24947, 78.1399
24948, 78.2975
24949, 78.6894
24950, 78.8399
24951, 79.2428
24952, 79.3637
24953, 80.1327
24954, 80.1623
24955, 80.1799
24956, 80.3023
24957, 80.4218
24958, 80.9775
24959, 80.9946
24960, 81.1794
24961, 81.3689
24962, 82.2694
24963, 82.6308
24964, 83.0546
24965, 85.095
24966, 85.1379
24967, 86.7688
24968, 86.7983
24969, 86.8017
24970, 86.8707
24971, 87.184
24972, 87.244
24973, 88.1616
24974, 88.8221
24975, 89.3507
24976, 90.174
24977, 90.6102
24978, 93.152
24979, 96.3748
24980, 105.122
24981, 105.428
24982, 112.025
24983, 118.252
24984, 122.98
24985, 123.059
24986, 136.105
24987, 146.069
24988, 152.729
24989, 169.226
24990, 183.392
24991, 215.587
24992, 234.763
24993, 236.993
24994, 284.51
24995, 354.587
24996, 574.465
24997, 898.745
---------------------------------------------------------------------------------------
 #bytes #iterations    t_min[usec]    t_max[usec]  t_typical[usec]    t_avg[usec]    t_stdev[usec]   99% percentile[usec]   99.9% percentile[usec] 
 65536   25000          13.80          1567.02      22.19    	       32.99       	21.05  		71.71   		88.82  
---------------------------------------------------------------------------------------
